Dataset,training,blackscholes,bodytrack
R²,0.9869761626648632,0.9566269821840335,0.9224313620151656
MSE,0.010151781665943455,0.059418145336081224,0.1215646606406253
