Timestamp (s),Power (W),Temperature (°C),Memory (MB),Inference Time (s)
0.1960,0.0000,61.22,115.50,0.006241
0.2805,0.0000,60.95,116.00,0.005329
0.3597,0.0000,60.69,116.00,0.005506
0.4391,0.0000,61.22,116.00,0.005658
0.5174,0.0000,60.95,116.00,0.005631
0.5976,0.0000,61.22,116.00,0.005779
0.6756,5.7060,61.22,116.00,0.005542
0.7551,5.7060,60.95,116.00,0.006148
0.8310,5.7060,61.22,117.00,0.005950
0.9103,5.7060,61.49,117.00,0.005780
0.9860,5.7060,60.95,117.00,0.005582
1.0649,5.7060,60.95,117.00,0.005754
1.1377,5.7060,61.22,117.00,0.005285
1.2153,5.7060,61.49,117.00,0.005943
1.2933,5.7060,61.22,117.00,0.005415
1.3732,5.7060,61.49,117.00,0.005509
1.4473,5.7060,61.49,117.00,0.005745
1.5273,5.7060,61.49,117.00,0.005687
1.6034,5.7060,61.22,117.00,0.005763
1.6840,5.7860,61.76,117.00,0.006023
1.7580,5.7860,61.49,117.00,0.005153
1.8321,5.7860,61.76,117.00,0.005086
1.9052,5.7860,61.22,117.00,0.005175
1.9808,5.7860,62.03,117.00,0.005705
2.0561,5.7860,61.49,117.00,0.005528
2.1347,5.7860,61.22,117.00,0.006059
2.2050,5.7860,61.22,117.00,0.005159
2.2787,5.7860,61.76,117.00,0.005635
2.3488,5.7860,61.76,117.00,0.005099
2.4268,5.7860,61.49,117.00,0.005741
2.5051,5.7860,61.76,117.00,0.005659
2.5861,5.7860,61.76,117.00,0.005717
2.6577,5.8440,61.76,117.00,0.005370
2.7303,5.8440,61.76,117.00,0.005681
2.8036,5.8440,61.49,117.00,0.006158
2.8787,5.8440,61.49,117.00,0.005377
2.9506,5.8440,62.30,117.00,0.005455
3.0242,5.8440,61.49,117.00,0.005627
3.0979,5.8440,61.76,117.00,0.005645
3.1754,5.8440,62.03,117.00,0.005410
3.2470,5.8440,61.76,117.00,0.005497
3.3191,5.8440,61.76,117.00,0.005478
3.3908,5.8440,62.03,117.00,0.005344
3.4656,5.8440,62.30,117.00,0.005450
3.5389,5.8440,62.03,117.00,0.005355
3.6118,5.8440,62.30,117.00,0.005677
3.6858,5.8590,61.76,117.00,0.005493
3.7581,5.8590,62.03,117.00,0.005417
3.8312,5.8590,61.49,117.00,0.005728
3.9043,5.8590,61.76,117.00,0.005093
3.9790,5.8590,61.76,117.00,0.005789
4.0516,5.8590,62.30,117.00,0.005580
4.1218,5.8590,61.76,117.00,0.005344
4.1947,5.8590,61.49,117.00,0.005755
4.2658,5.8590,61.49,117.00,0.005418
4.3389,5.8590,62.03,117.00,0.005723
4.4095,5.8590,62.30,117.00,0.005376
4.4822,5.8590,61.76,117.00,0.005398
4.5531,5.8590,62.30,117.00,0.005459
4.6301,5.8990,62.30,117.00,0.005271
4.7038,5.9390,61.76,117.00,0.005584
4.7784,5.9390,62.30,117.00,0.005812
4.8515,5.9390,61.76,117.00,0.005496
4.9275,5.9390,62.30,117.00,0.005349
5.0033,5.9390,61.76,117.00,0.005648
5.0792,5.9390,62.30,117.00,0.005924
5.1507,5.9390,61.49,117.00,0.005695
5.2254,5.9390,62.30,117.00,0.005203
5.2970,5.9390,62.03,117.00,0.005122
5.3704,5.9390,62.03,117.00,0.005709
5.4422,5.9390,61.76,117.00,0.005426
5.5140,5.9390,62.03,117.00,0.005165
5.5844,5.9390,61.76,117.00,0.005636
5.6598,5.8360,62.03,117.00,0.005541
5.7324,5.8360,62.30,117.00,0.005698
5.8064,5.8360,62.30,117.00,0.005229
5.8770,5.8360,61.49,117.00,0.005082
5.9504,5.8360,62.30,117.00,0.005173
6.0227,5.8360,62.30,117.00,0.005588
6.0949,5.8360,61.76,117.00,0.005604
6.1656,5.8360,62.03,117.00,0.005428
6.2407,5.8360,62.03,117.00,0.005959
6.3134,5.8360,62.30,117.00,0.005378
6.3859,5.8360,62.30,117.00,0.005808
6.4593,5.8360,62.30,117.00,0.005722
6.5318,5.8360,62.30,117.00,0.005205
6.6072,5.8360,62.03,117.00,0.005615
6.6826,5.8590,62.30,117.00,0.005506
6.7550,5.8590,62.30,117.00,0.005545
6.8277,5.8590,61.76,117.00,0.005416
6.8975,5.8590,62.03,117.00,0.005050
6.9691,5.8590,62.03,117.00,0.005351
7.0433,5.8590,62.03,117.00,0.005232
7.1154,5.8590,62.03,117.00,0.005239
7.1855,5.8590,62.30,117.00,0.005564
7.2584,5.8590,62.30,117.00,0.005526
7.3294,5.8590,62.03,117.00,0.005374
7.4025,5.8590,62.03,117.50,0.005622
7.4757,5.8590,62.03,118.00,0.005325
7.5512,5.8590,62.30,118.00,0.005910
7.6208,5.8590,62.30,118.00,0.005110
7.6960,5.8590,62.30,118.00,0.005133
7.7657,5.8590,62.03,118.00,0.005055
7.8380,5.8590,62.57,118.00,0.005643
7.9096,5.8590,62.03,118.00,0.005847
7.9825,5.8590,62.30,118.00,0.005682
8.0530,5.8590,62.03,118.00,0.005151
8.1266,5.8590,62.30,118.00,0.005804
8.1970,5.8590,62.03,118.00,0.005207
8.2715,5.8590,62.30,118.00,0.005495
8.3416,5.8590,62.30,118.00,0.005529
8.4149,5.8590,62.30,118.00,0.005609
8.4855,5.8590,62.30,118.00,0.005604
8.5580,5.8590,62.03,118.00,0.005407
8.6310,5.8590,62.03,118.00,0.005829
8.7037,5.8855,62.30,118.00,0.005938
8.7792,5.9120,61.76,118.00,0.005674
8.8545,5.9120,62.30,118.00,0.005760
8.9267,5.9120,61.76,118.00,0.005523
8.9998,5.9120,61.76,118.00,0.005563
9.0736,5.9120,62.03,118.00,0.005200
9.1493,5.9120,61.76,117.00,0.005822
9.2199,5.9120,62.30,117.00,0.005332
9.2944,5.9120,62.30,117.00,0.005802
9.3691,5.9120,62.03,118.00,0.006090
9.4477,5.9120,62.30,118.00,0.005945
9.5225,5.9120,62.57,118.00,0.005967
9.6003,5.9120,62.30,118.00,0.005335
9.6799,5.8280,62.03,118.00,0.006164
9.7601,5.8280,62.30,118.00,0.005469
9.8346,5.8280,62.03,117.50,0.005627
9.9133,5.8280,62.30,117.50,0.005543
9.9880,5.8280,62.03,117.00,0.006115
10.0677,5.8280,61.76,117.50,0.005502
10.1427,5.8280,62.03,118.00,0.005780
10.2198,5.8280,62.03,117.00,0.005280
10.2959,5.8280,62.30,118.00,0.005552
10.3763,5.8280,62.30,118.00,0.005680
10.4552,5.8280,62.30,117.50,0.005890
10.5338,5.8280,62.30,117.00,0.005030
10.6062,5.8280,62.30,117.00,0.005273
10.6782,5.8280,62.30,117.00,0.005220
10.7490,5.8280,61.76,117.00,0.005503
10.8268,5.7670,62.30,117.00,0.005826
10.9043,5.7060,62.30,117.00,0.005914
10.9814,5.7060,62.30,117.50,0.005637
11.0552,5.7060,61.76,118.00,0.005998
11.1335,5.7060,62.30,117.00,0.005178
11.2110,5.7060,62.03,117.00,0.005819
11.2871,5.7060,62.30,117.00,0.006047
11.3613,5.7060,62.30,117.00,0.005359
11.4354,5.7060,62.30,117.50,0.005143
11.5062,5.7060,62.03,117.00,0.005752
11.5792,5.7060,62.30,117.50,0.005272
11.6555,5.7060,62.03,117.50,0.005429
11.7374,5.8020,62.03,117.00,0.005263
11.8142,5.8020,62.03,117.00,0.005336
11.8875,5.8020,61.76,117.00,0.005266
11.9582,5.8020,62.30,117.00,0.005515
12.0306,5.8020,62.03,117.00,0.005242
12.1040,5.8020,62.30,117.00,0.005952
12.1836,5.8020,62.30,117.00,0.005369
12.2600,5.8020,62.30,117.00,0.005601
12.3401,5.8020,62.30,117.00,0.005764
12.4181,5.8020,62.03,117.00,0.005892
12.4934,5.8020,62.30,117.00,0.005071
12.5695,5.8020,62.30,117.00,0.005269
12.6507,5.7960,62.30,117.00,0.005708
12.7292,5.7900,61.49,117.00,0.005305
12.8046,5.7900,62.03,117.00,0.005757
12.8793,5.7900,62.30,117.00,0.005561
12.9546,5.7900,62.30,117.00,0.005679
13.0266,5.7900,62.30,117.00,0.005313
13.0985,5.7900,61.49,117.00,0.005290
13.1706,5.7900,62.03,117.00,0.005361
13.2460,5.7900,62.03,117.00,0.005654
13.3192,5.7900,62.30,117.00,0.005756
13.3928,5.7900,62.30,117.00,0.005172
13.4665,5.7900,62.30,117.00,0.005824
13.5389,5.7900,62.03,117.00,0.005270
13.6099,5.7900,62.03,117.00,0.005674
13.6821,5.8930,62.30,117.00,0.005335
13.7542,5.8930,62.30,117.00,0.005236
13.8266,5.8930,62.30,117.00,0.005105
13.8998,5.8930,62.30,117.00,0.005328
13.9746,5.8930,62.30,117.00,0.005496
14.0477,5.8930,62.30,117.00,0.005583
14.1217,5.8930,62.30,117.00,0.005141
14.1948,5.8930,61.76,117.00,0.005234
14.2677,5.8930,62.03,117.00,0.005550
14.3379,5.8930,62.30,117.00,0.005065
14.4100,5.8930,62.03,117.00,0.005367
14.4834,5.8930,62.30,117.00,0.005475
14.5551,5.8930,62.30,117.00,0.005118
14.6249,5.8930,62.30,117.00,0.005112
14.6981,5.8930,61.76,117.00,0.005264
14.7707,5.8930,62.03,117.00,0.005783
14.8465,5.9200,62.30,117.00,0.005516
14.9172,5.9200,62.30,117.00,0.005488
14.9945,5.9200,62.30,117.00,0.005584
15.0655,5.9200,62.30,117.00,0.005428
15.1380,5.9200,62.30,117.00,0.005402
15.2114,5.9200,62.30,117.00,0.005586
15.2839,5.9200,62.30,117.00,0.005483
15.3603,5.9200,62.03,117.00,0.005516
15.4370,5.9200,62.30,117.00,0.005583
15.5102,5.9200,62.30,117.00,0.005585
15.5831,5.9200,62.30,117.00,0.005551
15.6548,5.9010,62.30,117.00,0.005693
15.7283,5.8820,62.30,117.00,0.005631
15.8030,5.8820,62.30,117.00,0.005752
15.8771,5.8820,61.49,117.00,0.005513
15.9477,5.8820,62.30,117.00,0.005293
16.0222,5.8820,61.76,117.00,0.005599
16.0959,5.8820,62.03,117.00,0.005769
16.1709,5.8820,62.03,117.00,0.005731
16.2416,5.8820,62.03,117.00,0.005240
16.3142,5.8820,62.30,117.00,0.005520
16.3851,5.8820,62.30,117.00,0.005389
16.4597,5.8820,62.30,117.00,0.005793
16.5325,5.8820,62.30,117.00,0.005376
16.6056,5.8820,62.03,117.00,0.005405
16.6780,5.9090,62.30,117.00,0.005423
16.7509,5.9090,62.57,117.00,0.005269
16.8216,5.9090,62.30,117.00,0.005394
16.8967,5.9090,62.03,117.00,0.005521
16.9695,5.9090,62.30,117.00,0.005349
17.0424,5.9090,62.03,117.00,0.005298
17.1150,5.9090,62.30,117.00,0.005683
17.1881,5.9090,62.30,117.00,0.005548
17.2634,5.9090,62.30,117.00,0.005091
17.3383,5.9090,62.03,117.00,0.005503
17.4094,5.9090,62.03,117.00,0.005167
17.4861,5.9090,62.03,117.00,0.005446
17.5614,5.9090,62.57,117.00,0.005483
17.6397,5.8780,62.03,117.00,0.005484
17.7101,5.8470,62.03,117.00,0.005788
17.7873,5.8470,62.30,117.00,0.005756
17.8582,5.8470,62.30,117.00,0.005742
17.9352,5.8470,62.03,117.00,0.005639
18.0069,5.8470,62.30,117.00,0.005810
18.0825,5.8470,62.30,117.00,0.005383
18.1547,5.8470,62.30,117.00,0.005628
18.2279,5.8470,62.30,117.50,0.005447
18.2992,5.8470,62.30,118.00,0.005430
18.3742,5.8470,62.30,118.00,0.005378
18.4471,5.8470,62.30,118.00,0.005435
18.5214,5.8470,62.03,118.00,0.005408
18.5919,5.8470,61.49,118.00,0.005402
18.6671,5.8590,62.03,118.00,0.005691
18.7376,5.8590,62.03,118.00,0.005449
18.8121,5.8590,61.76,118.00,0.005312
18.8829,5.8590,62.30,118.00,0.005317
18.9535,5.8590,62.30,118.00,0.005075
19.0237,5.8590,61.76,118.00,0.005600
19.0952,5.8590,62.30,118.00,0.005478
19.1705,5.8590,61.76,118.00,0.005279
19.2417,5.8590,62.30,118.00,0.005067
19.3112,5.8590,62.30,118.00,0.005396
19.3836,5.8590,62.03,118.00,0.005857
19.4536,5.8590,61.76,118.00,0.005420
19.5261,5.8590,62.30,118.00,0.005555
19.5985,5.8590,62.30,118.00,0.005455
19.6718,5.9090,62.30,118.00,0.005167
19.7425,5.9090,62.30,118.00,0.005426
19.8162,5.9090,62.30,118.00,0.005394
19.8908,5.9090,62.30,118.00,0.005712
19.9630,5.9090,62.03,118.00,0.005817
20.0340,5.9090,62.30,118.00,0.005299
20.1084,5.9090,62.03,118.00,0.005744
20.1800,5.9090,62.03,118.00,0.005382
20.2543,5.9090,62.30,118.00,0.005675
20.3226,5.9090,62.03,118.00,0.005096
20.3936,5.9090,62.30,118.00,0.005377
20.4650,5.9090,62.03,118.00,0.005377
20.5395,5.9090,62.30,118.00,0.005135
20.6098,5.9090,62.30,118.00,0.005471
20.6839,5.8860,62.03,118.00,0.005427
20.7592,5.8860,62.03,118.00,0.005500
20.8321,5.8860,62.30,118.00,0.005507
20.9057,5.8860,62.30,118.00,0.005550
20.9780,5.8860,62.30,118.00,0.005410
21.0506,5.8860,62.30,118.00,0.005574
21.1227,5.8860,61.76,118.00,0.005537
21.1935,5.8860,62.03,118.00,0.005586
21.2682,5.8860,62.30,118.00,0.005505
21.3391,5.8860,62.30,118.00,0.005732
21.4145,5.8860,62.30,118.00,0.005251
21.4845,5.8860,62.03,118.00,0.005149
21.5608,5.8860,62.30,118.00,0.005262
21.6342,5.8915,62.30,118.50,0.005885
21.7062,5.8970,62.30,119.00,0.005503
21.7772,5.8970,62.30,119.00,0.005445
21.8524,5.8970,62.30,119.00,0.005613
21.9231,5.8970,62.30,119.00,0.005588
21.9955,5.8970,62.30,119.00,0.005109
22.0645,5.8970,62.30,118.00,0.005126
22.1375,5.8970,62.03,118.00,0.005079
22.2118,5.8970,62.30,118.00,0.005377
22.2827,5.8970,62.30,118.00,0.005127
22.3547,5.8970,62.30,118.00,0.005411
22.4249,5.8970,62.03,118.00,0.005250
22.4943,5.8970,62.30,119.00,0.005162
22.5655,5.8970,62.30,119.00,0.005314
22.6358,5.8970,62.30,119.00,0.005228
22.7103,5.8970,62.03,118.50,0.005591
22.7834,5.8970,62.30,118.50,0.005527
22.8559,5.8970,62.03,118.50,0.005704
22.9268,5.8970,62.30,118.00,0.005557
23.0003,5.8970,62.30,118.50,0.005335
23.0716,5.8970,62.30,118.50,0.005530
23.1437,5.8970,62.30,118.00,0.005188
23.2188,5.8970,62.30,118.50,0.005533
23.2949,5.8970,62.30,118.00,0.005735
23.3656,5.8970,62.30,118.00,0.005443
23.4377,5.8970,62.30,118.00,0.005520
23.5111,5.8970,62.57,118.50,0.005268
23.5854,5.8970,62.03,119.00,0.005175
23.6591,5.8970,61.76,119.00,0.005535
23.7307,5.8970,62.30,119.00,0.005402
23.8014,5.8970,62.30,119.00,0.005514
23.8730,5.8970,62.30,119.00,0.005224
23.9455,5.9010,62.30,118.50,0.005639
24.0175,5.9010,62.30,118.50,0.005479
24.0922,5.9010,62.30,118.00,0.005436
24.1640,5.9010,62.30,118.50,0.005519
24.2347,5.9010,62.30,118.00,0.005791
24.3064,5.9010,62.30,118.00,0.005541
24.3774,5.9010,62.30,118.50,0.005626
24.4497,5.9010,62.30,118.00,0.005541
24.5201,5.9010,62.30,118.00,0.005470
24.5913,5.9010,62.30,118.50,0.005377
24.6654,5.9350,62.30,118.00,0.005505
24.7371,5.9350,62.30,118.00,0.005320
24.8102,5.9350,62.30,118.00,0.005675
24.8823,5.9350,62.03,118.00,0.005351
24.9535,5.9350,62.30,118.00,0.005696
25.0275,5.9350,62.30,118.00,0.005378
25.1029,5.9350,62.30,118.00,0.005510
25.1751,5.9350,62.03,118.00,0.005508
25.2461,5.9350,62.03,118.00,0.005755
25.3188,5.9350,62.30,118.00,0.005319
25.3905,5.9350,62.03,118.00,0.005325
25.4637,5.9350,62.30,118.00,0.005360
25.5333,5.9350,62.30,118.00,0.005051
25.6062,5.9350,62.03,118.00,0.005496
25.6786,5.9350,62.30,118.00,0.005851
25.7497,5.9160,62.30,118.00,0.005580
25.8212,5.8970,62.30,118.00,0.005288
25.8947,5.8970,62.30,118.50,0.005305
25.9654,5.8970,62.30,118.00,0.005309
26.0373,5.8970,62.30,118.00,0.005576
26.1110,5.8970,62.30,118.00,0.005472
26.1853,5.8970,62.30,118.00,0.005375
26.2588,5.8970,62.57,118.00,0.005672
26.3304,5.8970,62.30,118.00,0.005342
26.4043,5.8970,62.03,118.00,0.005750
26.4782,5.8970,62.30,118.00,0.005523
26.5528,5.8970,62.30,118.00,0.005507
26.6291,5.8970,62.30,118.00,0.005551
26.7024,5.8970,62.30,118.00,0.005270
26.7738,5.8970,62.03,118.00,0.005062
26.8455,5.8970,62.30,118.00,0.005358
26.9178,5.8970,62.03,118.00,0.005324
26.9887,5.8970,62.57,118.00,0.005513
27.0612,5.8970,62.30,118.00,0.005073
27.1312,5.8970,62.30,118.00,0.005825
27.2039,5.8970,62.03,118.00,0.005320
27.2743,5.8970,62.30,118.00,0.005728
27.3465,5.8970,62.30,118.00,0.005579
27.4181,5.8970,62.30,118.00,0.005382
27.4903,5.8970,62.30,118.00,0.005490
27.5636,5.8970,62.30,118.00,0.005339
27.6360,5.8950,62.30,118.00,0.006208
27.7102,5.8930,62.03,118.00,0.005347
27.7847,5.8930,62.30,118.00,0.005687
27.8558,5.8930,62.30,118.00,0.005184
27.9268,5.8930,62.30,118.00,0.005272
27.9992,5.8930,62.30,118.00,0.005563
28.0705,5.8930,62.03,118.00,0.005617
28.1417,5.8930,62.30,118.00,0.005589
28.2161,5.8930,62.30,118.00,0.005509
28.2898,5.8930,62.30,118.00,0.005577
28.3626,5.8930,62.57,118.00,0.005713
28.4337,5.8930,62.30,118.00,0.005252
28.5080,5.8930,62.30,118.00,0.005628
28.5816,5.8930,62.30,118.00,0.005324
28.6557,5.9120,62.30,118.00,0.005732
28.7293,5.9120,62.57,118.00,0.005555
28.8064,5.9120,62.30,118.00,0.005476
28.8776,5.9120,62.30,118.00,0.005212
28.9524,5.9120,62.30,118.00,0.005483
29.0238,5.9120,62.30,118.00,0.005373
29.0986,5.9120,62.30,118.00,0.005718
29.1719,5.9120,62.30,118.00,0.005419
29.2438,5.9120,62.30,118.00,0.005271
29.3166,5.9120,62.30,118.00,0.005260
29.3875,5.9120,62.03,118.00,0.005190
29.4626,5.9120,62.30,118.00,0.005435
29.5370,5.9120,62.30,118.00,0.005494
29.6101,5.9120,62.57,118.00,0.005273
29.6843,5.9120,62.30,118.00,0.005329
29.7556,5.9120,62.03,118.00,0.005868
29.8311,5.9120,62.30,118.00,0.005420
29.9017,5.9120,62.30,118.00,0.005178
29.9756,5.9120,62.03,117.00,0.005136
30.0505,5.9120,62.30,117.50,0.005682
30.1311,5.9120,62.30,118.00,0.005676
30.2065,5.9120,62.30,118.00,0.005469
30.2769,5.9120,61.49,118.00,0.005135
30.3508,5.9120,62.30,118.00,0.005481
30.4227,5.9120,62.30,118.00,0.005476
30.4997,5.9120,62.30,118.00,0.005415
30.5782,5.9120,62.30,118.00,0.005486
30.6517,5.9120,62.30,118.00,0.005622
30.7264,5.9120,62.30,118.00,0.005690
30.8038,5.8630,62.30,118.00,0.005454
30.8838,5.8630,62.57,118.00,0.005523
30.9610,5.8630,62.30,118.00,0.005759
31.0405,5.8630,62.30,117.00,0.005430
31.1193,5.8630,62.30,117.00,0.006178
31.1942,5.8630,62.03,117.00,0.005407
31.2710,5.8630,62.30,117.00,0.006003
31.3492,5.8630,62.30,117.00,0.005716
31.4276,5.8630,62.03,117.00,0.005483
31.5024,5.8630,62.30,117.50,0.005316
31.5808,5.8630,62.30,117.00,0.005501
31.6587,5.8320,61.76,117.50,0.006003
31.7353,5.8320,62.03,117.00,0.005641
31.8122,5.8320,62.30,117.00,0.005729
31.8905,5.8320,61.76,117.00,0.005725
31.9705,5.8320,62.03,117.00,0.005881
32.0470,5.8320,62.30,117.00,0.006085
32.1256,5.8320,62.30,117.00,0.005304
32.1998,5.8320,62.30,117.00,0.005667
32.2795,5.8320,62.03,117.00,0.005867
32.3544,5.8320,62.30,117.00,0.005690
32.4332,5.8320,61.76,117.00,0.005269
32.5120,5.8320,62.57,117.00,0.006373
32.5917,5.8320,62.03,117.00,0.006382
32.6677,5.8320,62.03,117.50,0.005723
32.7410,5.8320,62.03,118.00,0.005287
32.8142,5.8320,62.30,118.00,0.005657
32.8873,5.8320,62.30,118.00,0.005427
32.9604,5.8320,62.30,118.00,0.005372
33.0356,5.8320,62.03,118.00,0.005353
33.1097,5.8320,62.30,118.00,0.005712
33.1831,5.8320,62.03,118.00,0.005506
33.2574,5.8320,61.76,118.00,0.005514
33.3314,5.8320,62.30,118.00,0.005732
33.4015,5.8320,62.30,118.00,0.005453
33.4790,5.8320,62.03,118.00,0.005526
33.5527,5.8320,62.03,118.00,0.005423
33.6268,5.8320,62.30,118.00,0.005392
33.6988,5.8320,62.30,118.00,0.005169
33.7727,5.8320,62.30,118.00,0.005190
33.8431,5.8320,62.30,118.00,0.005148
33.9149,5.8320,62.03,118.00,0.005323
33.9851,5.8320,62.30,118.00,0.005098
34.0589,5.8320,62.03,118.00,0.005294
34.1350,5.8860,62.30,118.00,0.005507
34.2096,5.8860,62.30,118.00,0.005466
34.2818,5.8860,62.30,118.00,0.005409
34.3596,5.8860,62.30,118.00,0.005553
34.4352,5.8860,62.30,118.00,0.005817
34.5109,5.8860,62.30,118.00,0.005605
34.5839,5.8860,62.30,118.00,0.005382
34.6585,5.8550,62.30,118.00,0.005856
34.7296,5.8550,61.76,118.00,0.005501
34.8037,5.8550,62.03,118.00,0.005447
34.8789,5.8550,62.30,118.00,0.005567
34.9551,5.8550,62.30,118.00,0.005859
35.0311,5.8550,62.30,118.00,0.005709
35.1073,5.8550,62.30,118.00,0.005682
35.1787,5.8550,62.30,118.00,0.005538
35.2535,5.8550,62.30,118.00,0.005530
35.3267,5.8550,62.03,118.00,0.005555
35.3999,5.8550,62.30,118.00,0.005363
35.4757,5.8550,62.30,118.00,0.005516
35.5504,5.8550,62.30,118.00,0.005507
35.6225,5.8550,62.30,118.00,0.005137
35.6951,5.8550,62.30,118.00,0.005407
35.7682,5.8665,62.30,118.00,0.005908
35.8422,5.8780,62.30,118.00,0.005325
35.9173,5.8780,62.30,118.00,0.005341
35.9894,5.8780,62.30,118.00,0.005121
36.0597,5.8780,62.30,118.00,0.005203
36.1322,5.8780,62.30,118.00,0.005200
36.2067,5.8780,62.30,118.00,0.005164
36.2809,5.8780,62.30,118.00,0.005354
36.3554,5.8780,61.76,118.00,0.005194
36.4314,5.8780,62.30,118.00,0.005632
36.5052,5.8780,62.03,118.00,0.005414
36.5828,5.8780,62.30,118.00,0.005572
36.6554,5.7830,62.30,118.00,0.005836
36.7279,5.7830,62.30,118.00,0.005423
36.8014,5.7830,62.30,118.00,0.005565
36.8761,5.7830,62.03,118.00,0.005089
36.9510,5.7830,62.30,118.00,0.005651
37.0261,5.7830,62.30,118.00,0.005280
37.0996,5.7830,62.30,118.00,0.005296
37.1748,5.7830,62.30,118.00,0.005336
37.2510,5.7830,61.76,118.00,0.005608
37.3263,5.7830,62.30,118.00,0.005489
37.3979,5.7830,62.03,118.00,0.005346
37.4722,5.7830,62.30,118.00,0.005768
37.5429,5.7830,62.30,118.00,0.005260
37.6145,5.7830,62.30,118.00,0.005392
37.6864,5.7830,62.30,118.00,0.005391
37.7574,5.7830,62.30,118.00,0.005102
37.8275,5.7830,62.30,118.00,0.005269
37.8993,5.7830,62.30,118.00,0.005698
37.9706,5.7830,62.03,118.00,0.005378
38.0439,5.7830,62.03,118.00,0.005267
38.1129,5.7830,62.30,118.00,0.005122
38.1852,5.7830,62.30,118.00,0.005038
38.2554,5.7830,62.03,118.00,0.005319
38.3300,5.7830,62.03,118.00,0.005093
38.4007,5.7830,62.03,118.00,0.005275
38.4729,5.7830,62.30,118.00,0.005584
38.5454,5.7830,62.30,118.00,0.005050
38.6181,5.7830,62.30,118.00,0.005832
38.6920,5.7830,62.30,118.00,0.005683
38.7675,5.7830,62.30,118.00,0.005539
38.8389,5.7830,62.03,118.00,0.005518
38.9113,5.7830,62.03,118.50,0.005503
38.9828,5.7830,62.30,119.00,0.005546
39.0580,5.8460,62.03,119.00,0.005621
39.1320,5.9090,62.30,119.00,0.005524
39.2072,5.9090,62.30,119.00,0.005909
39.2826,5.9090,62.30,119.00,0.005505
39.3557,5.9090,62.03,119.00,0.005672
39.4268,5.9090,62.30,119.00,0.005392
39.4989,5.9090,62.03,119.00,0.005194
39.5697,5.9090,62.03,119.00,0.005350
39.6468,5.9010,62.03,119.00,0.005780
39.7199,5.8930,62.30,119.00,0.005683
39.7946,5.8930,62.03,119.00,0.005233
39.8648,5.8930,61.76,119.00,0.005334
39.9386,5.8930,62.03,119.00,0.005150
40.0116,5.8930,62.57,119.00,0.005444
40.0860,5.8930,62.30,118.50,0.005491
40.1579,5.8930,62.30,119.00,0.005574
40.2305,5.8930,62.03,119.00,0.005394
40.3016,5.8930,62.30,119.00,0.005086
40.3746,5.8930,62.30,119.00,0.005766
40.4476,5.8930,61.49,119.00,0.005363
40.5208,5.8930,62.30,119.00,0.005406
40.5946,5.8930,62.30,119.00,0.005689
40.6684,5.9240,62.30,119.00,0.005644
40.7440,5.9240,62.30,119.00,0.005250
40.8174,5.9240,62.30,119.00,0.005394
40.8913,5.9240,62.30,119.00,0.005428
40.9646,5.9240,61.49,119.00,0.005308
41.0388,5.9240,62.30,119.00,0.005830
41.1115,5.9240,62.03,119.00,0.005578
41.1840,5.9240,61.76,119.00,0.005814
41.2590,5.9240,62.30,119.00,0.005528
41.3320,5.9240,62.30,119.00,0.005442
41.4053,5.9240,62.30,118.00,0.005366
41.4785,5.9240,62.30,118.00,0.005340
41.5512,5.9240,62.30,118.50,0.005438
41.6297,5.9260,62.30,118.00,0.006382
41.7079,5.9280,62.30,118.00,0.005474
41.7798,5.9280,62.30,118.00,0.005413
41.8542,5.9280,62.30,118.00,0.005264
41.9265,5.9280,62.30,118.00,0.005411
42.0031,5.9280,62.30,118.00,0.005530
42.0804,5.9280,62.30,118.00,0.005750
42.1607,5.9280,62.03,118.00,0.005840
42.2392,5.9280,62.30,118.00,0.006194
42.3197,5.9280,62.30,118.00,0.006200
42.3966,5.9280,62.03,118.00,0.005221
42.4696,5.9280,62.30,118.00,0.005275
42.5393,5.9280,62.30,118.00,0.005180
42.6139,5.9280,62.30,118.00,0.005124
42.6871,5.9280,62.30,118.00,0.005521
42.7648,5.7560,62.30,118.00,0.005285
42.8442,5.7560,62.30,118.00,0.005785
42.9246,5.7560,62.03,118.00,0.005792
43.0034,5.7560,62.30,118.00,0.006055
43.0825,5.7560,62.30,118.00,0.005477
43.1601,5.7560,62.03,118.00,0.006043
43.2376,5.7560,62.03,118.00,0.005810
43.3146,5.7560,61.76,118.00,0.005481
43.3923,5.7560,62.03,118.00,0.005652
43.4710,5.7560,62.30,118.00,0.005791
43.5482,5.7560,62.30,118.00,0.005611
43.6242,5.7790,62.57,118.00,0.005442
43.7047,5.8020,62.30,118.00,0.005282
43.7748,5.8020,62.03,118.00,0.005304
43.8468,5.8020,62.30,118.00,0.005398
43.9215,5.8020,62.30,118.00,0.005671
43.9958,5.8020,62.30,118.00,0.005467
44.0732,5.8020,62.30,118.00,0.005379
44.1537,5.8020,62.03,118.00,0.005962
44.2312,5.8020,62.30,118.00,0.005626
44.3108,5.8020,62.30,118.00,0.005968
44.3876,5.8020,62.30,118.00,0.006037
44.4655,5.8020,62.30,118.00,0.005505
44.5404,5.8020,62.30,118.00,0.005864
44.6210,5.7825,61.76,118.00,0.005606
44.6987,5.7630,62.30,118.00,0.006018
44.7775,5.7630,62.30,118.00,0.005635
44.8573,5.7630,61.76,118.00,0.005849
44.9343,5.7630,62.30,118.00,0.005142
45.0067,5.7630,61.76,118.00,0.005525
45.0853,5.7630,62.30,118.00,0.005589
45.1637,5.7630,62.03,117.50,0.005701
45.2445,5.7630,62.30,117.00,0.005621
45.3225,5.7630,62.03,117.00,0.005820
45.4024,5.7630,62.03,117.00,0.005847
45.4789,5.7630,62.03,117.50,0.005938
45.5517,5.7630,62.30,117.00,0.005120
45.6244,5.7595,62.03,117.50,0.005749
45.7015,5.7560,61.76,117.00,0.005050
45.7760,5.7560,61.49,117.00,0.005335
45.8570,5.7560,62.30,117.00,0.005818
45.9279,5.7560,62.30,117.00,0.005408
46.0025,5.7560,62.30,117.00,0.005320
46.0750,5.7560,62.30,117.00,0.005645
46.1477,5.7560,62.30,117.50,0.005676
46.2274,5.7560,61.76,117.00,0.006083
46.3038,5.7560,62.30,117.00,0.005697
46.3828,5.7560,61.76,117.00,0.005659
46.4627,5.7560,62.03,117.00,0.005350
46.5384,5.7560,62.03,117.00,0.005489
46.6132,5.7560,62.30,117.00,0.005109
46.6907,5.7560,62.30,117.00,0.006052
46.7709,5.7710,62.03,117.00,0.005523
46.8503,5.7710,62.30,117.00,0.006102
46.9321,5.7710,62.30,117.00,0.005554
47.0045,5.7710,62.30,117.00,0.005231
47.0843,5.7710,62.03,117.00,0.005770
47.1611,5.7710,62.30,117.00,0.005462
47.2411,5.7710,61.76,117.00,0.005506
47.3154,5.7710,62.03,117.00,0.005366
47.3891,5.7710,62.30,117.00,0.005614
47.4600,5.7710,62.03,117.00,0.005608
47.5347,5.7710,62.30,117.00,0.005624
47.6053,5.7710,62.03,117.00,0.005329
47.6786,5.7900,62.03,117.00,0.005604
47.7510,5.7900,62.30,117.00,0.005598
47.8267,5.7900,61.76,117.00,0.005579
47.8993,5.7900,62.30,117.00,0.005772
47.9738,5.7900,62.03,117.00,0.005233
48.0448,5.7900,62.03,117.00,0.005357
48.1183,5.7900,62.03,117.00,0.005261
48.1897,5.7900,62.30,117.00,0.005387
48.2617,5.7900,61.76,117.00,0.005081
48.3343,5.7900,62.30,117.00,0.005249
48.4061,5.7900,62.03,117.00,0.005519
48.4797,5.7900,62.57,117.00,0.005425
48.5545,5.7900,62.03,117.00,0.005258
48.6259,5.8265,62.03,117.00,0.005927
48.7023,5.8630,62.03,117.00,0.005332
48.7748,5.8630,62.30,117.00,0.005318
48.8473,5.8630,62.30,117.00,0.005152
48.9207,5.8630,62.30,117.00,0.005477
48.9935,5.8630,62.03,117.00,0.005375
49.0646,5.8630,61.76,117.00,0.005188
49.1388,5.8630,62.30,117.00,0.005582
49.2102,5.8630,62.30,117.00,0.005514
49.2828,5.8630,62.30,117.00,0.005467
49.3529,5.8630,62.03,117.00,0.005521
49.4266,5.8630,62.03,117.00,0.005442
49.4988,5.8630,62.03,117.00,0.005548
49.5734,5.8630,62.30,117.00,0.005809
49.6466,5.8685,62.30,117.00,0.005664
49.7222,5.8740,62.03,117.00,0.005259
49.7937,5.8740,62.30,117.00,0.005524
49.8667,5.8740,62.30,117.00,0.005107
49.9384,5.8740,62.30,117.00,0.005121
50.0098,5.8740,61.76,117.00,0.005039
50.0821,5.8740,62.30,117.00,0.005162
50.1567,5.8740,62.30,117.00,0.006025
50.2297,5.8740,62.30,117.00,0.005370
50.3071,5.8740,62.03,117.00,0.005456
50.3782,5.8740,62.03,117.00,0.005360
50.4513,5.8740,62.03,117.00,0.005606
50.5215,5.8740,62.30,117.00,0.005212
50.5959,5.8740,61.76,117.00,0.005653
50.6701,5.8400,62.30,116.50,0.005461
50.7458,5.8400,62.30,116.50,0.005958
50.8178,5.8400,61.76,116.50,0.005663
50.8934,5.8400,62.30,116.00,0.005309
50.9664,5.8400,62.03,117.00,0.005543
51.0400,5.8400,62.30,117.00,0.005521
51.1136,5.8400,62.03,117.00,0.005738
51.1864,5.8400,62.03,117.00,0.005435
51.2577,5.8400,62.30,117.00,0.005293
51.3331,5.8400,62.30,117.00,0.005701
51.4072,5.8400,62.03,117.00,0.005569
51.4804,5.8400,62.30,116.50,0.005150
51.5504,5.8400,62.30,116.00,0.005446
51.6227,5.8400,62.30,117.00,0.005412
51.6940,5.8400,62.30,117.00,0.005282
51.7710,5.8610,62.30,117.00,0.006284
51.8428,5.8820,62.03,117.00,0.005466
51.9172,5.8820,62.03,117.00,0.005413
51.9918,5.8820,62.30,117.00,0.005267
52.0666,5.8820,62.03,116.00,0.005551
52.1398,5.8820,62.03,116.00,0.005493
52.2152,5.8820,61.76,116.00,0.005466
52.2860,5.8820,62.03,116.00,0.005347
52.3588,5.8820,62.30,116.00,0.005591
52.4295,5.8820,62.30,117.00,0.005339
52.5065,5.8820,62.30,117.00,0.005344
52.5786,5.8820,62.30,117.00,0.005845
52.6545,5.8855,62.03,116.50,0.005459
52.7282,5.8890,62.30,116.00,0.005777
52.8031,5.8890,62.30,116.50,0.005155
52.8733,5.8890,62.30,116.00,0.005100
52.9449,5.8890,62.30,116.00,0.005148
53.0158,5.8890,62.03,116.00,0.005369
53.0909,5.8890,62.30,116.00,0.005731
53.1646,5.8890,62.57,116.00,0.005822
53.2391,5.8890,62.30,116.00,0.005563
53.3121,5.8890,62.30,116.00,0.005162
53.3879,5.8890,62.30,116.00,0.005638
53.4614,5.8890,62.30,116.00,0.005433
53.5337,5.8890,62.03,116.00,0.005104
53.6073,5.8890,62.30,116.00,0.005857
53.6828,5.8930,61.76,116.00,0.005869
53.7539,5.8930,62.30,116.00,0.005450
53.8304,5.8930,62.30,116.00,0.005393
53.9015,5.8930,62.30,116.00,0.005436
53.9759,5.8930,62.03,116.00,0.005432
54.0495,5.8930,62.30,116.00,0.005528
54.1222,5.8930,62.30,116.00,0.005508
54.1912,5.8930,62.30,116.00,0.005198
54.2630,5.8930,62.30,116.00,0.005377
54.3330,5.8930,62.03,116.00,0.005220
54.4065,5.8930,62.30,116.00,0.005550
54.4790,5.8930,62.30,116.00,0.005353
54.5544,5.8930,62.30,116.00,0.005339
54.6253,5.8990,62.30,116.00,0.005259
54.6987,5.9050,62.03,116.00,0.005455
54.7732,5.9050,62.03,116.00,0.005380
54.8482,5.9050,62.30,116.00,0.005287
54.9229,5.9050,62.30,116.00,0.005450
54.9964,5.9050,62.30,116.00,0.005889
55.0715,5.9050,62.30,116.00,0.005324
55.1445,5.9050,62.03,116.00,0.005696
55.2191,5.9050,62.30,116.00,0.005589
55.2912,5.9050,62.30,116.00,0.005349
55.3609,5.9050,62.30,116.00,0.005154
55.4333,5.9050,61.76,116.00,0.005130
55.5037,5.9050,62.30,116.00,0.005363
55.5746,5.9050,62.30,116.00,0.005124
55.6465,5.9410,62.57,116.00,0.005910
55.7225,5.9770,62.30,116.00,0.005564
55.7950,5.9770,62.30,116.00,0.005672
55.8687,5.9770,62.30,116.00,0.005257
55.9440,5.9770,62.30,116.00,0.005321
56.0195,5.9770,62.30,116.00,0.005897
56.0934,5.9770,62.30,116.00,0.005277
56.1712,5.9770,62.03,116.00,0.005800
56.2430,5.9770,61.76,116.00,0.005697
56.3196,5.9770,62.30,116.00,0.005571
56.3911,5.9770,61.76,116.00,0.005490
56.4638,5.9770,62.03,116.00,0.005414
56.5380,5.9770,62.03,116.00,0.005487
56.6110,5.9770,62.57,116.00,0.005508
56.6854,5.8860,62.30,116.00,0.005419
56.7605,5.8860,62.30,116.00,0.005480
56.8335,5.8860,62.30,116.00,0.005190
56.9067,5.8860,61.76,116.00,0.005790
56.9773,5.8860,62.30,116.00,0.005462
57.0511,5.8860,62.03,116.00,0.005502
57.1267,5.8860,62.30,116.00,0.005379
57.1995,5.8860,62.30,116.00,0.005370
57.2748,5.8860,62.03,116.00,0.005451
57.3471,5.8860,61.76,116.00,0.005194
57.4193,5.8860,62.30,116.00,0.005536
57.4945,5.8860,62.30,116.00,0.005456
57.5660,5.8860,62.03,116.00,0.005380
57.6374,5.8860,62.03,116.00,0.005095
57.7104,5.8860,62.30,116.00,0.005237
57.7853,5.8860,62.03,116.00,0.005358
57.8579,5.8860,62.03,116.00,0.005151
57.9325,5.8860,62.30,116.00,0.005444
58.0059,5.8860,62.30,116.00,0.005469
58.0813,5.8860,62.30,116.00,0.005662
58.1533,5.8860,62.30,116.00,0.005208
58.2268,5.8860,62.03,116.00,0.005541
58.2971,5.8860,62.30,116.00,0.005383
58.3700,5.8860,62.30,116.00,0.005822
58.4440,5.8860,62.30,115.50,0.005217
58.5184,5.8860,62.30,116.00,0.005460
58.5909,5.8860,62.30,116.00,0.005625
58.6616,5.8860,62.03,116.00,0.005065
58.7343,5.8860,62.30,116.00,0.005398
58.8084,5.8895,62.30,116.00,0.006725
58.8798,5.8930,62.03,116.00,0.005309
58.9532,5.8930,62.30,116.00,0.005471
59.0273,5.8930,62.30,116.00,0.005742
59.1028,5.8930,62.30,115.50,0.005763
59.1776,5.8930,62.30,115.00,0.005158
59.2494,5.8930,62.30,115.50,0.005099
59.3224,5.8930,62.30,115.00,0.005126
59.3947,5.8930,62.30,115.00,0.005162
59.4696,5.8930,62.30,115.50,0.005151
59.5443,5.8930,62.57,115.00,0.005850
59.6197,5.8800,62.30,115.00,0.005945
59.6983,5.8670,62.03,115.50,0.005604
59.7745,5.8670,62.30,115.50,0.005874
59.8563,5.8670,62.30,115.00,0.006004
59.9308,5.8670,62.03,115.00,0.005896
60.0090,5.8670,62.30,115.00,0.005247
60.0881,5.8670,62.03,115.00,0.005234
60.1667,5.8670,62.30,115.00,0.005451
60.2383,5.8670,62.30,115.00,0.005507
60.3142,5.8670,62.30,115.00,0.005239
60.3879,5.8670,62.03,115.00,0.005400
60.4625,5.8670,62.03,115.00,0.005464
60.5349,5.8670,62.30,116.00,0.005271
60.6103,5.8670,62.30,116.00,0.005569
60.6867,5.8890,62.30,116.00,0.005521
60.7598,5.8890,61.76,116.00,0.005358
60.8315,5.8890,62.30,116.00,0.005522
60.9069,5.8890,62.30,116.00,0.005395
60.9787,5.8890,62.30,116.00,0.005485
61.0501,5.8890,62.30,116.00,0.005136
61.1194,5.8890,62.30,115.50,0.005453
61.1916,5.8890,61.76,115.00,0.005466
61.2679,5.8890,62.30,115.00,0.005566
61.3409,5.8890,62.30,115.00,0.005177
61.4146,5.8890,62.30,115.00,0.005979
61.4891,5.8890,61.76,115.00,0.005543
61.5623,5.8890,62.03,115.50,0.005440
61.6379,5.8835,62.03,115.00,0.005460
61.7098,5.8780,61.76,115.50,0.005184
61.7824,5.8780,62.03,115.00,0.005533
61.8528,5.8780,62.03,115.00,0.005158
61.9252,5.8780,62.30,115.00,0.005363
61.9985,5.8780,62.30,115.00,0.005458
62.0746,5.8780,62.30,115.00,0.005624
62.1511,5.8780,62.03,115.00,0.005890
62.2265,5.8780,62.30,115.00,0.005919
62.2999,5.8780,62.30,115.50,0.005358
62.3760,5.8780,62.30,116.00,0.005215
62.4491,5.8780,62.03,116.00,0.005535
62.5263,5.8780,62.03,116.00,0.005553
62.5993,5.8780,62.03,116.00,0.005725
62.6750,5.8670,62.03,116.00,0.005649
62.7457,5.8670,62.30,116.00,0.005415
62.8192,5.8670,61.76,116.00,0.005577
62.8927,5.8670,62.30,115.00,0.005717
62.9672,5.8670,62.03,115.00,0.005225
63.0385,5.8670,62.03,115.00,0.005336
63.1143,5.8670,62.03,115.00,0.005909
63.1885,5.8670,62.30,115.00,0.005415
63.2638,5.8670,61.76,115.00,0.005451
63.3375,5.8670,62.30,115.50,0.005663
63.4103,5.8670,62.03,115.50,0.005685
63.4840,5.8670,62.30,115.50,0.005494
63.5593,5.8670,62.30,115.00,0.005764
63.6312,5.8685,62.30,115.00,0.005873
63.7068,5.8700,62.03,115.00,0.005588
63.7784,5.8700,62.30,115.00,0.005552
63.8534,5.8700,61.49,115.00,0.005250
63.9285,5.8700,62.03,115.00,0.005423
64.0052,5.8700,62.30,116.00,0.005567
64.0838,5.8700,62.03,116.00,0.005581
64.1644,5.8700,62.03,116.00,0.005134
64.2382,5.8700,62.30,116.00,0.005493
64.3110,5.8700,62.30,116.00,0.005124
64.3837,5.8700,62.30,115.50,0.005670
64.4616,5.8700,62.30,115.50,0.005324
64.5312,5.8700,62.30,115.00,0.005123
64.6067,5.8700,61.76,115.00,0.005646
64.6781,5.8700,62.30,115.50,0.005590
64.7551,5.8050,62.30,115.00,0.006015
64.8310,5.8050,61.76,115.00,0.005881
64.9083,5.8050,62.30,115.00,0.005607
64.9871,5.8050,61.76,115.00,0.005594
65.0678,5.8050,62.30,115.00,0.005239
65.1451,5.8050,61.76,115.00,0.005820
65.2234,5.8050,62.30,115.00,0.005812
65.2996,5.8050,62.30,115.00,0.005981
65.3789,5.8050,62.03,115.00,0.005914
65.4558,5.8050,62.30,115.00,0.005634
65.5364,5.8050,62.03,115.00,0.005446
65.6151,5.7730,61.76,115.00,0.005992
65.6951,5.7410,62.30,115.00,0.005813
65.7716,5.7410,62.30,115.00,0.005846
65.8487,5.7410,62.30,115.00,0.005756
65.9280,5.7410,62.30,115.50,0.005514
66.0085,5.7410,62.30,115.00,0.005295
66.0871,5.7410,62.30,115.50,0.006260
66.1647,5.7410,62.30,116.00,0.005835
66.2356,5.7410,62.30,115.00,0.005375
66.3102,5.7410,61.76,115.00,0.005427
66.3801,5.7410,62.30,116.00,0.005280
66.4545,5.7410,62.30,115.00,0.005737
66.5280,5.7410,62.03,115.00,0.005932
66.6074,5.7410,62.30,115.00,0.006309
66.6855,5.8670,62.30,115.00,0.005983
66.7614,5.8670,61.49,115.00,0.005061
66.8344,5.8670,62.30,115.00,0.005139
66.9112,5.8670,62.03,115.00,0.005627
66.9845,5.8670,62.03,115.00,0.005966
67.0637,5.8670,62.03,115.50,0.005456
67.1400,5.8670,62.30,115.50,0.005649
67.2208,5.8670,62.30,115.50,0.005782
67.3000,5.8670,62.30,116.00,0.005695
67.3805,5.8670,62.03,116.00,0.005316
67.4564,5.8670,62.03,116.00,0.005616
67.5367,5.8670,62.03,116.00,0.005832
67.6150,5.8210,62.30,116.00,0.005923
67.6914,5.7750,62.03,115.00,0.005450
67.7704,5.7750,62.03,115.00,0.005509
67.8507,5.7750,62.57,115.00,0.005479
67.9292,5.7750,62.30,115.00,0.006114
68.0059,5.7750,62.30,115.00,0.005575
68.0844,5.7750,61.49,115.00,0.005502
68.1614,5.7750,62.30,115.00,0.005392
68.2406,5.7750,61.22,115.00,0.006020
68.3206,5.7750,62.03,115.50,0.005931
68.3963,5.7750,62.30,116.00,0.005752
68.4751,5.7750,62.03,116.00,0.005999
68.5528,5.7750,62.03,116.00,0.005684
68.6294,5.7675,62.30,116.00,0.005575
68.7024,5.7600,62.03,116.00,0.005537
68.7784,5.7600,62.03,116.00,0.005922
68.8503,5.7600,62.30,116.00,0.005790
68.9239,5.7600,61.76,116.00,0.005978
68.9947,5.7600,62.30,116.00,0.005403
69.0698,5.7600,61.76,116.00,0.005376
69.1426,5.7600,62.30,117.00,0.005545
69.2172,5.7600,62.30,117.00,0.005342
69.2911,5.7600,62.03,117.00,0.005869
69.3638,5.7600,62.03,117.00,0.005417
69.4350,5.7600,62.30,117.00,0.005707
69.5077,5.7600,62.03,117.00,0.005209
69.5814,5.7600,62.03,117.00,0.005775
69.6545,5.8700,62.03,117.00,0.005390
69.7282,5.8700,61.76,117.00,0.005586
69.8030,5.8700,62.03,117.00,0.005618
69.8744,5.8700,62.30,117.00,0.005763
69.9466,5.8700,62.57,117.00,0.005206
70.0171,5.8700,62.30,117.00,0.005170
70.0914,5.8700,62.03,117.00,0.005179
70.1614,5.8700,62.30,117.00,0.005417
70.2329,5.8700,62.30,117.00,0.005132
70.3052,5.8700,62.30,117.00,0.005248
70.3815,5.8700,62.30,117.00,0.005490
70.4556,5.8700,62.30,117.00,0.005484
70.5365,5.8700,62.30,117.00,0.005871
70.6080,5.8700,61.76,117.00,0.005371
70.6805,5.8700,62.30,117.00,0.005535
70.7509,5.8700,62.03,117.00,0.005293
70.8240,5.8700,62.03,117.00,0.005431
70.8976,5.8700,62.03,117.00,0.005836
70.9771,5.8700,62.30,117.00,0.005478
71.0552,5.8700,62.30,117.00,0.005675
71.1360,5.8700,62.30,117.00,0.006253
71.2142,5.8700,62.03,117.00,0.005861
71.2955,5.8700,62.30,117.00,0.005872
71.3713,5.8700,62.03,116.50,0.005675
71.4518,5.8700,62.30,116.50,0.005525
71.5218,5.8700,62.03,117.00,0.005321
71.5952,5.8700,62.03,117.00,0.005662
71.6685,5.8700,62.03,117.00,0.006057
71.7427,5.8700,62.30,117.00,0.005321
71.8139,5.8700,62.30,117.00,0.005433
71.8866,5.7900,62.03,117.00,0.005245
71.9617,5.7100,61.76,117.00,0.005236
72.0336,5.7100,62.30,116.50,0.005348
72.1067,5.7100,62.30,116.00,0.005713
72.1812,5.7100,62.30,116.00,0.005177
72.2549,5.7100,61.76,116.50,0.005432
72.3278,5.7100,62.03,116.50,0.005497
72.4015,5.7100,62.30,116.00,0.005359
72.4743,5.7100,62.30,116.50,0.005406
72.5511,5.7100,62.03,116.00,0.006010
72.6268,5.7865,62.03,116.00,0.005787
72.7004,5.8630,62.03,116.00,0.005560
72.7755,5.8630,61.76,116.50,0.005525
72.8477,5.8630,62.03,117.00,0.005642
72.9282,5.8630,62.30,117.00,0.005740
73.0069,5.8630,62.30,117.00,0.006027
73.0844,5.8630,62.03,117.00,0.005513
73.1589,5.8630,62.30,117.00,0.005717
73.2373,5.8630,62.03,117.00,0.005473
73.3145,5.8630,62.30,117.00,0.006078
73.3955,5.8630,62.30,116.00,0.006110
73.4721,5.8630,62.03,116.00,0.006119
73.5497,5.8630,62.03,116.50,0.005683
73.6262,5.7885,62.30,116.50,0.006006
73.7046,5.7140,62.03,116.00,0.005873
73.7833,5.7140,62.30,116.00,0.006180
73.8615,5.7140,62.30,116.00,0.005427
73.9403,5.7140,61.76,116.00,0.005979
74.0203,5.7140,62.30,116.00,0.005670
74.0968,5.7140,62.30,116.00,0.005319
74.1743,5.7140,61.76,116.00,0.006015
74.2531,5.7140,61.49,116.00,0.005728
74.3311,5.7140,62.30,116.00,0.005920
74.4074,5.7140,62.30,116.00,0.005172
74.4792,5.7140,62.30,116.00,0.005630
74.5492,5.7140,62.30,116.00,0.005056
74.6239,5.7140,62.30,116.00,0.005377
74.6947,5.7140,62.30,116.00,0.005134
74.7757,5.8280,62.30,116.00,0.005327
74.8503,5.8280,61.76,116.50,0.005678
74.9268,5.8280,62.03,117.00,0.005589
75.0039,5.8280,62.03,116.00,0.005266
75.0842,5.8280,62.03,116.50,0.005611
75.1626,5.8280,62.30,116.00,0.005690
75.2429,5.8280,62.03,116.00,0.005487
75.3133,5.8280,61.76,116.00,0.005514
75.3889,5.8280,62.30,116.00,0.005428
75.4626,5.8280,61.76,116.00,0.005419
75.5379,5.8280,62.03,116.00,0.005622
75.6126,5.8280,62.30,116.00,0.005451
75.6901,5.8020,62.03,116.00,0.005648
75.7624,5.8020,62.30,116.00,0.005713
75.8336,5.8020,62.30,116.00,0.005137
75.9068,5.8020,62.03,116.00,0.005825
75.9810,5.8020,62.03,116.00,0.005352
76.0542,5.8020,62.30,116.00,0.005663
76.1293,5.8020,62.30,116.00,0.005710
76.2026,5.8020,62.03,116.00,0.005717
76.2754,5.8020,62.30,116.00,0.005749
76.3468,5.8020,62.03,116.00,0.005321
76.4201,5.8020,62.30,116.00,0.005513
76.4956,5.8020,62.30,116.00,0.005181
76.5706,5.8020,62.03,116.00,0.005311
76.6414,5.8020,62.30,116.00,0.005521
76.7148,5.8230,62.03,116.00,0.005768
76.7892,5.8440,62.03,116.00,0.005269
76.8671,5.8440,62.30,116.00,0.005615
76.9405,5.8440,62.03,116.00,0.005423
77.0156,5.8440,61.76,116.00,0.005387
77.0899,5.8440,62.30,116.00,0.005614
77.1628,5.8440,62.03,116.00,0.005621
77.2351,5.8440,62.03,116.50,0.005478
77.3081,5.8440,62.30,116.00,0.005907
77.3796,5.8440,62.30,116.50,0.005838
77.4568,5.8440,62.03,116.00,0.005508
77.5280,5.8440,62.30,116.00,0.005374
77.6028,5.8440,61.76,116.00,0.005939
77.6741,5.9350,62.03,116.00,0.005554
77.7492,5.9350,62.03,116.00,0.005790
77.8220,5.9350,62.30,116.00,0.005569
77.8956,5.9350,62.30,116.00,0.005876
77.9683,5.9350,62.30,116.00,0.005423
78.0456,5.9350,62.30,116.00,0.005174
78.1190,5.9350,62.30,116.00,0.005635
78.1945,5.9350,61.76,116.00,0.005485
78.2671,5.9350,62.03,116.00,0.005587
78.3426,5.9350,62.30,116.00,0.005628
78.4141,5.9350,62.03,116.00,0.005481
78.4880,5.9350,62.30,116.00,0.005817
78.5639,5.9350,62.03,116.00,0.005288
78.6415,5.9105,62.30,116.50,0.005535
78.7173,5.8860,62.30,117.00,0.005755
78.7962,5.8860,62.30,117.00,0.005385
78.8753,5.8860,62.30,116.50,0.005909
78.9533,5.8860,62.03,116.00,0.005541
79.0267,5.8860,61.76,116.00,0.005804
79.0994,5.8860,62.03,116.00,0.005452
79.1704,5.8860,62.30,116.00,0.005316
79.2439,5.8860,62.30,116.00,0.005478
79.3150,5.8860,62.03,116.00,0.005499
79.3881,5.8860,62.30,116.00,0.005769
79.4573,5.8860,62.30,116.00,0.005054
79.5296,5.8860,62.30,116.00,0.005425
79.6014,5.8860,62.30,116.00,0.005544
79.6756,5.9350,62.30,116.00,0.005535
79.7462,5.9350,62.30,116.00,0.005285
79.8230,5.9350,61.76,116.00,0.005740
79.8988,5.9350,62.30,116.00,0.005554
79.9718,5.9350,61.76,116.00,0.005495
80.0424,5.9350,62.30,116.00,0.005481
80.1184,5.9350,62.30,116.00,0.005695
80.1926,5.9350,62.30,116.00,0.005488
80.2663,5.9350,62.03,116.00,0.005689
80.3362,5.9350,62.30,116.50,0.005569
80.4112,5.9350,62.30,116.50,0.005254
80.4820,5.9350,62.03,116.00,0.005683
80.5548,5.9350,62.30,116.00,0.005713
80.6252,5.9045,62.30,116.00,0.005441
80.7028,5.8740,62.30,116.00,0.005533
80.7735,5.8740,62.30,116.00,0.005207
80.8487,5.8740,62.03,116.00,0.005523
80.9202,5.8740,62.03,116.00,0.005716
80.9971,5.8740,62.30,116.00,0.005501
81.0680,5.8740,62.30,116.00,0.005525
81.1433,5.8740,62.03,116.00,0.005440
81.2157,5.8740,62.30,116.00,0.005266
81.2912,5.8740,62.30,116.00,0.005474
81.3617,5.8740,62.30,116.00,0.005344
81.4348,5.8740,61.76,116.00,0.005852
81.5059,5.8740,62.30,116.00,0.005431
81.5794,5.8740,61.76,116.00,0.005566
81.6505,5.8780,62.03,116.00,0.005613
81.7270,5.8820,62.30,116.00,0.005517
81.7977,5.8820,62.30,116.00,0.005081
81.8757,5.8820,62.30,116.00,0.005376
81.9489,5.8820,62.30,116.00,0.005136
82.0221,5.8820,62.57,116.00,0.005178
82.0954,5.8820,62.30,116.00,0.005839
82.1673,5.8820,62.30,116.00,0.005639
82.2387,5.8820,62.30,116.00,0.005268
82.3122,5.8820,62.30,116.50,0.005177
82.3817,5.8820,62.30,116.00,0.005049
82.4574,5.8820,62.30,116.00,0.005523
82.5287,5.8820,62.30,116.00,0.005544
82.6016,5.8820,61.76,116.00,0.005526
82.6718,5.8820,62.30,116.00,0.005204
82.7440,5.8820,62.03,116.00,0.005678
82.8169,5.8820,62.30,116.00,0.005511
82.8914,5.8820,62.30,116.00,0.005485
82.9626,5.8820,62.30,116.00,0.005621
83.0375,5.8820,62.30,116.00,0.005219
83.1106,5.8820,62.30,116.00,0.005549
83.1836,5.8820,62.03,116.00,0.005348
83.2536,5.8820,62.30,116.00,0.005257
83.3268,5.8820,62.03,116.00,0.005442
83.3963,5.8820,62.03,116.00,0.005233
83.4707,5.8820,62.30,116.00,0.005523
83.5409,5.8820,62.30,116.00,0.005457
83.6157,5.8820,62.30,116.00,0.005508
83.6917,5.8820,62.30,116.00,0.005419
83.7665,5.8820,62.30,116.00,0.005193
83.8392,5.8820,62.30,116.00,0.005338
83.9116,5.8820,62.03,116.00,0.005554
83.9822,5.8820,62.03,116.00,0.005315
84.0599,5.8820,62.03,116.00,0.005284
84.1310,5.9310,62.30,116.00,0.005172
84.2039,5.9310,62.03,116.00,0.005470
84.2748,5.9310,62.03,116.00,0.005371
84.3479,5.9310,62.30,116.00,0.005791
84.4237,5.9310,62.30,116.00,0.005624
84.4972,5.9310,62.03,116.00,0.005677
84.5720,5.9310,62.30,116.00,0.005418
84.6472,5.9160,62.30,116.00,0.005547
84.7188,5.9010,62.30,116.00,0.005210
84.7922,5.9010,62.30,116.00,0.005838
84.8673,5.9010,62.03,116.00,0.005844
84.9470,5.9010,62.30,116.00,0.005775
85.0175,5.9010,62.30,116.00,0.005198
85.0901,5.9010,62.30,116.00,0.005437
85.1599,5.9010,62.30,116.00,0.005133
85.2354,5.9010,62.30,116.00,0.005475
85.3124,5.9010,62.30,116.00,0.005838
85.3919,5.9010,62.03,116.00,0.006305
85.4655,5.9010,62.30,116.00,0.005237
85.5459,5.9010,62.03,116.00,0.005907
85.6221,5.9010,62.03,116.00,0.005702
85.6996,5.9010,62.03,116.50,0.005417
85.7738,5.9010,62.30,116.50,0.005335
85.8519,5.9010,62.03,116.00,0.005967
85.9278,5.9010,62.30,116.00,0.005531
86.0063,5.9010,62.03,116.00,0.005867
86.0809,5.9010,62.30,116.00,0.005298
86.1574,5.9010,62.30,116.00,0.005102
86.2277,5.9010,62.03,116.00,0.005171
86.2995,5.9010,61.76,116.00,0.005145
86.3702,5.9010,62.30,116.00,0.005241
86.4451,5.9010,62.30,116.00,0.005941
86.5216,5.9010,62.30,116.00,0.005604
86.6031,5.9010,62.03,116.00,0.006049
86.6814,5.9010,62.30,116.00,0.005643
86.7592,5.9010,62.30,116.00,0.005752
86.8367,5.9010,62.03,116.00,0.005417
86.9167,5.9010,62.30,116.00,0.005202
86.9946,5.9010,62.30,116.00,0.005539
87.0755,5.9010,62.30,116.00,0.005507
87.1545,5.8780,62.03,116.00,0.005625
87.2331,5.8780,61.76,116.00,0.005471
87.3093,5.8780,61.76,116.00,0.005388
87.3892,5.8780,61.76,116.00,0.005479
87.4678,5.8780,62.30,116.00,0.006097
87.5460,5.8780,62.30,116.00,0.005780
87.6221,5.8190,62.03,116.00,0.006041
87.7041,5.7600,62.30,116.00,0.005862
87.7783,5.7600,62.30,116.50,0.005824
87.8582,5.7600,62.30,116.00,0.005842
87.9330,5.7600,61.76,116.00,0.005725
88.0120,5.7600,62.57,116.00,0.005824
88.0876,5.7600,62.30,116.00,0.005641
88.1679,5.7600,62.30,116.50,0.005377
88.2442,5.7600,61.76,116.00,0.005763
88.3226,5.7600,62.30,116.00,0.005932
88.3960,5.7600,62.30,116.00,0.005647
88.4759,5.7600,62.30,116.00,0.005176
88.5536,5.7600,62.03,116.00,0.005590
88.6328,5.7695,62.03,116.00,0.006281
88.7107,5.7790,62.03,116.00,0.005508
88.7895,5.7790,62.30,116.00,0.006135
88.8684,5.7790,61.76,116.00,0.005949
88.9452,5.7790,62.30,116.00,0.005299
89.0237,5.7790,62.30,116.00,0.006094
89.1023,5.7790,62.30,116.00,0.005749
89.1803,5.7790,62.30,116.00,0.005624
89.2592,5.7790,62.30,116.00,0.005939
89.3296,5.7790,62.03,116.00,0.005073
89.4018,5.7790,62.03,116.00,0.005100
89.4714,5.7790,62.30,116.00,0.005180
89.5454,5.7790,62.30,116.00,0.005105
89.6175,5.7790,62.03,116.00,0.005638
89.6964,5.7790,62.30,116.00,0.005928
89.7728,5.7790,62.03,116.00,0.005906
89.8518,5.7790,62.30,116.00,0.005581
89.9231,5.7790,62.30,116.00,0.005457
89.9973,5.7790,62.30,116.00,0.005299
90.0732,5.7790,62.03,116.00,0.005289
90.1503,5.7790,62.30,116.00,0.005837
90.2253,5.7790,62.03,116.00,0.005112
90.2974,5.7790,62.03,116.00,0.005200
90.3691,5.7790,62.30,116.00,0.005440
90.4429,5.7790,62.30,116.00,0.005635
90.5203,5.7790,62.30,116.00,0.005734
90.5984,5.7790,61.76,116.00,0.005750
90.6770,5.7790,62.30,116.00,0.005844
90.7590,5.8440,62.30,116.00,0.005770
90.8349,5.8440,62.30,116.00,0.005877
90.9123,5.8440,62.03,116.00,0.005137
90.9873,5.8440,62.03,116.00,0.005688
91.0595,5.8440,62.30,116.00,0.005579
91.1297,5.8440,62.30,116.00,0.005072
91.2066,5.8440,62.03,116.00,0.006095
91.2795,5.8440,62.30,116.00,0.005581
91.3552,5.8440,62.30,116.00,0.005219
91.4260,5.8440,62.30,116.00,0.005177
91.5067,5.8440,62.30,116.00,0.005206
91.5846,5.8440,62.03,116.00,0.005686
91.6626,5.8280,62.30,116.00,0.005506
91.7410,5.8280,62.30,116.50,0.005347
91.8203,5.8280,62.30,116.00,0.005727
91.8914,5.8280,62.30,116.50,0.005189
91.9666,5.8280,61.76,116.00,0.005702
92.0370,5.8280,62.30,116.00,0.005340
92.1127,5.8280,61.76,116.00,0.005551
92.1881,5.8280,62.30,116.00,0.005863
92.2641,5.8280,61.76,116.00,0.005185
92.3406,5.8280,62.03,116.50,0.005874
92.4209,5.8280,62.03,116.50,0.005657
92.4974,5.8280,62.30,116.50,0.005790
92.5758,5.8280,61.76,116.00,0.005556
92.6546,5.8280,62.30,116.00,0.005734
92.7286,5.8280,62.30,116.00,0.005476
92.8011,5.8280,62.30,116.00,0.005248
92.8782,5.8280,62.30,116.00,0.005406
92.9500,5.8280,62.30,116.00,0.005392
93.0220,5.8280,62.30,116.00,0.005424
93.0911,5.8280,62.03,116.00,0.005129
93.1641,5.8280,62.57,116.00,0.005406
93.2352,5.8280,62.30,116.00,0.005877
93.3110,5.8280,62.30,116.00,0.005590
93.3819,5.8280,62.30,116.00,0.005502
93.4559,5.8280,61.76,116.00,0.005451
93.5269,5.8280,62.30,116.00,0.005444
93.6027,5.8280,62.03,117.00,0.005486
93.6747,5.8930,62.30,116.00,0.005630
93.7523,5.8930,62.30,116.00,0.005517
93.8273,5.8930,62.03,116.00,0.005874
93.9024,5.8930,62.30,116.00,0.005692
93.9754,5.8930,62.30,116.00,0.005606
94.0499,5.8930,62.57,116.00,0.005083
94.1195,5.8930,62.30,116.00,0.005350
94.1916,5.8930,62.03,116.00,0.005407
94.2628,5.8930,62.03,116.00,0.006216
94.3362,5.8930,62.30,116.50,0.005629
94.4067,5.8930,62.30,116.00,0.005541
94.4781,5.8930,61.76,116.00,0.005120
94.5471,5.8930,62.30,116.00,0.005163
94.6185,5.8930,62.30,116.00,0.005240
94.6900,5.9255,62.30,116.00,0.005150
94.7630,5.9580,62.30,116.00,0.005648
94.8346,5.9580,62.30,116.00,0.005733
94.9085,5.9580,62.30,116.00,0.005813
94.9832,5.9580,62.30,116.00,0.005717
95.0591,5.9580,62.03,116.00,0.005754
95.1297,5.9580,62.30,116.00,0.005642
95.2051,5.9580,62.30,116.00,0.005500
95.2760,5.9580,62.30,116.00,0.005596
95.3513,5.9580,62.30,116.00,0.005722
95.4244,5.9580,61.76,116.00,0.005514
95.4973,5.9580,62.30,116.50,0.005198
95.5682,5.9580,62.03,116.50,0.005888
95.6422,5.9180,62.03,116.00,0.005203
95.7145,5.8780,62.30,116.00,0.005714
95.7875,5.8780,62.30,116.00,0.005878
95.8583,5.8780,62.30,116.00,0.005999
95.9332,5.8780,62.30,116.00,0.005483
96.0036,5.8780,62.30,116.50,0.005443
96.0756,5.8780,62.30,117.00,0.005170
96.1471,5.8780,62.30,117.00,0.005657
96.2197,5.8780,62.30,116.00,0.005495
96.2904,5.8780,62.30,116.00,0.005523
96.3630,5.8780,61.76,116.00,0.005653
96.4328,5.8780,62.30,116.00,0.005325
96.5056,5.8780,62.30,116.00,0.005288
96.5787,5.8780,61.76,116.00,0.005755
96.6507,5.8970,62.30,116.00,0.005179
96.7225,5.9160,62.30,116.00,0.005335
96.7935,5.9160,62.03,116.00,0.005113
96.8654,5.9160,62.03,116.00,0.005233
96.9378,5.9160,62.30,116.00,0.005476
97.0105,5.9160,62.30,116.00,0.005510
97.0834,5.9160,62.30,116.00,0.005991
97.1563,5.9160,62.03,116.50,0.005512
97.2278,5.9160,62.30,116.50,0.005418
97.2992,5.9160,62.30,116.50,0.005182
97.3708,5.9160,62.30,116.00,0.005310
97.4458,5.9160,62.30,116.00,0.005381
97.5180,5.9160,62.30,116.00,0.005197
97.5874,5.9160,62.30,116.00,0.005142
97.6588,5.9160,62.03,116.00,0.005109
97.7283,5.9160,62.30,116.00,0.005342
97.8022,5.9160,62.03,116.00,0.005109
97.8737,5.9350,62.30,116.00,0.005143
97.9512,5.9350,62.30,116.00,0.005731
98.0222,5.9350,62.30,116.50,0.005461
98.0951,5.9350,61.76,116.00,0.005596
98.1681,5.9350,62.30,116.00,0.005371
98.2429,5.9350,62.30,116.00,0.005393
98.3154,5.9350,62.30,116.00,0.005447
98.3882,5.9350,62.03,116.00,0.005390
98.4634,5.9350,62.30,116.00,0.005364
98.5388,5.9350,62.30,116.00,0.005952
98.6086,5.9350,61.76,116.00,0.005491
98.6823,5.9350,62.30,116.00,0.005386
98.7516,5.9350,62.30,116.00,0.005168
98.8269,5.9350,62.30,116.00,0.005666
98.8973,5.9350,62.03,116.00,0.005403
98.9700,5.9350,62.03,116.50,0.005570
99.0431,5.9350,62.03,117.00,0.005768
99.1153,5.9350,62.03,116.00,0.005093
99.1856,5.9350,62.30,116.00,0.005101
99.2573,5.9350,62.30,116.50,0.005129
99.3274,5.9350,62.30,116.00,0.005383
99.3991,5.9350,62.30,116.00,0.005483
99.4696,5.9350,62.30,116.00,0.005643
99.5429,5.9350,62.30,116.00,0.005392
99.6142,5.9350,62.30,116.00,0.005668
99.6870,5.9350,62.30,116.50,0.005531
99.7603,5.9350,61.76,116.00,0.005587
99.8353,5.9350,62.30,116.00,0.005660
99.9063,5.9350,62.30,116.00,0.005523
99.9810,5.9350,62.03,116.00,0.005553
100.0535,5.9350,62.30,116.00,0.005492
100.1260,5.9350,62.30,116.00,0.005229
100.1990,5.9350,62.30,116.00,0.005849
100.2717,5.9350,62.30,116.00,0.005472
100.3435,5.8670,62.30,116.00,0.005668
100.4156,5.8670,62.30,116.00,0.005362
100.4888,5.8670,62.03,116.00,0.005719
100.5609,5.8670,62.30,116.00,0.005192
100.6344,5.9010,62.30,116.00,0.005938
100.7076,5.9350,62.30,116.50,0.005185
100.7772,5.9350,62.30,116.00,0.005158
100.8514,5.9350,62.30,116.50,0.005786
100.9228,5.9350,62.03,116.00,0.005454
100.9974,5.9350,62.03,116.00,0.005471
101.0695,5.9350,62.57,116.00,0.005203
101.1418,5.9350,62.30,116.00,0.005151
101.2139,5.9350,62.30,116.50,0.005223
101.2893,5.9350,62.03,116.50,0.005482
101.3607,5.9350,62.30,116.00,0.005450
101.4344,5.9350,62.30,116.00,0.005209
101.5050,5.9350,62.30,116.00,0.005578
101.5780,5.9350,62.30,116.00,0.005939
101.6511,5.9220,62.30,116.00,0.005797
101.7259,5.9090,62.03,116.00,0.005160
101.8004,5.9090,62.03,116.00,0.005430
101.8760,5.9090,62.03,116.00,0.005855
101.9464,5.9090,62.30,116.00,0.005203
102.0186,5.9090,62.03,116.00,0.005532
102.0916,5.9090,62.30,116.00,0.005965
102.1642,5.9090,62.30,116.00,0.005626
102.2339,5.9090,61.76,116.00,0.005438
102.3069,5.9090,62.30,116.00,0.005670
102.3778,5.9090,62.57,116.00,0.005352
102.4524,5.9090,62.30,116.00,0.005399
102.5249,5.9090,62.03,116.00,0.005592
102.6000,5.9090,62.30,116.00,0.005678
102.6746,5.9390,62.03,116.50,0.005268
102.7475,5.9390,62.30,117.00,0.005672
102.8176,5.9390,62.30,116.50,0.005277
102.8954,5.9390,62.03,116.50,0.005758
102.9681,5.9390,62.30,116.50,0.005387
103.0430,5.9390,62.30,116.00,0.005626
103.1137,5.9390,62.30,116.50,0.005690
103.1866,5.9390,62.30,116.00,0.005503
103.2571,5.9390,62.30,116.00,0.005600
103.3344,5.9390,61.76,116.00,0.005512
103.4081,5.9390,61.76,116.00,0.005725
103.4834,5.9390,62.30,116.00,0.005372
103.5587,5.9390,62.30,116.00,0.005617
103.6313,5.8835,62.30,116.00,0.005100
103.7019,5.8280,62.03,116.00,0.005367
103.7748,5.8280,62.30,116.00,0.005517
103.8463,5.8280,62.30,116.00,0.005272
103.9182,5.8280,62.03,116.00,0.005597
103.9872,5.8280,62.30,116.00,0.005169
104.0613,5.8280,62.30,116.00,0.005315
104.1336,5.8280,62.30,116.00,0.005336
104.2061,5.8280,62.30,116.00,0.005084
104.2768,5.8280,62.30,116.00,0.005542
104.3518,5.8280,62.30,116.00,0.005461
104.4244,5.8280,62.30,116.00,0.005429
104.4996,5.8280,62.30,116.00,0.005851
104.5693,5.8280,62.30,117.00,0.005126
104.6467,5.8720,62.30,116.00,0.005916
104.7178,5.9160,62.03,116.00,0.005291
104.7912,5.9160,62.03,116.00,0.005559
104.8626,5.9160,62.30,116.00,0.005363
104.9382,5.9160,62.30,116.00,0.005310
105.0106,5.9160,62.30,116.00,0.005470
105.0835,5.9160,61.76,116.00,0.005782
105.1542,5.9160,62.03,116.00,0.005386
105.2266,5.9160,62.30,116.00,0.005191
105.2993,5.9160,61.76,116.00,0.005278
105.3715,5.9160,62.03,116.00,0.005219
105.4420,5.9160,62.30,116.00,0.005423
105.5148,5.9160,62.30,116.00,0.005659
105.5873,5.9160,62.30,116.50,0.005518
105.6624,5.9350,62.30,116.00,0.005391
105.7349,5.9350,61.76,116.50,0.005576
105.8076,5.9350,62.30,117.00,0.005330
105.8778,5.9350,62.30,116.00,0.005244
105.9506,5.9350,62.30,116.00,0.005455
106.0212,5.9350,62.30,116.00,0.005299
106.0933,5.9350,62.03,116.00,0.005103
106.1670,5.9350,62.30,116.00,0.005418
106.2383,5.9350,62.30,116.00,0.005125
106.3084,5.9350,62.30,116.50,0.005583
106.3865,5.9350,62.30,116.00,0.006032
106.4588,5.9350,61.76,116.00,0.005279
106.5315,5.9350,62.03,116.00,0.005711
106.6016,5.9350,62.57,116.00,0.005074
106.6737,5.8860,62.30,116.00,0.005079
106.7432,5.8860,62.30,116.00,0.005401
106.8152,5.8860,62.30,116.00,0.005990
106.8865,5.8860,62.30,116.00,0.005410
106.9614,5.8860,62.03,116.00,0.005545
107.0317,5.8860,62.30,116.00,0.005260
107.1061,5.8860,62.30,116.00,0.005457
107.1765,5.8860,62.30,116.00,0.005108
107.2512,5.8860,62.30,116.00,0.005490
107.3263,5.8860,62.03,117.00,0.005444
107.3998,5.8860,62.30,116.50,0.005770
107.4708,5.8860,62.30,116.00,0.005610
107.5482,5.8860,62.30,116.00,0.005539
107.6218,5.8840,61.76,116.00,0.005853
107.6973,5.8820,62.30,116.00,0.005553
107.7707,5.8820,62.30,116.00,0.005578
107.8434,5.8820,62.30,116.00,0.005773
107.9147,5.8820,62.30,116.00,0.005490
107.9898,5.8820,62.30,116.00,0.005157
108.0633,5.8820,62.03,116.00,0.005697
108.1388,5.8820,62.30,116.00,0.005599
108.2097,5.8820,62.30,116.00,0.005336
108.2823,5.8820,62.30,116.50,0.005530
108.3542,5.8820,62.30,116.00,0.005466
108.4285,5.8820,62.03,116.00,0.005595
108.5032,5.8820,62.30,116.00,0.005260
108.5783,5.8820,61.49,116.00,0.005414
108.6492,5.8970,62.30,116.00,0.005063
108.7223,5.9120,62.30,116.00,0.005518
108.7949,5.9120,62.30,116.00,0.005362
108.8676,5.9120,62.30,116.00,0.005446
108.9424,5.9120,62.03,116.50,0.005747
109.0152,5.9120,62.30,116.00,0.005445
109.0855,5.9120,62.03,116.00,0.005553
109.1577,5.9120,62.30,116.00,0.005182
109.2312,5.9120,62.03,117.00,0.005518
109.3061,5.9120,62.30,117.00,0.005632
109.3786,5.9120,61.76,117.00,0.005642
109.4511,5.9120,61.76,117.00,0.005151
109.5205,5.9120,62.30,116.50,0.005105
109.5943,5.9120,62.30,116.00,0.005485
109.6640,5.9120,61.76,116.00,0.005381
109.7399,5.9390,62.30,116.00,0.005549
109.8107,5.9390,62.30,116.00,0.005995
109.8834,5.9390,62.30,116.00,0.005737
109.9563,5.9390,62.30,116.00,0.005202
110.0314,5.9390,62.03,116.00,0.005718
110.1019,5.9390,62.03,116.00,0.005409
110.1765,5.9390,62.03,116.00,0.005463
110.2478,5.9390,62.30,116.00,0.005106
110.3228,5.9390,62.03,116.00,0.005427
110.3959,5.9390,62.30,116.00,0.005556
110.4710,5.9390,62.03,116.00,0.005439
110.5422,5.9390,62.30,116.00,0.005517
110.6149,5.9390,62.03,116.00,0.005285
110.6863,5.8740,62.57,116.00,0.005351
110.7589,5.8740,62.30,116.00,0.005102
110.8312,5.8740,62.03,116.00,0.005438
110.9039,5.8740,62.30,116.00,0.005303
110.9742,5.8740,62.30,116.00,0.005275
111.0494,5.8740,62.30,116.50,0.005676
111.1219,5.8740,62.30,117.00,0.005644
111.1942,5.8740,62.30,117.00,0.005530
111.2675,5.8740,62.57,117.00,0.005910
111.3400,5.8740,62.30,117.00,0.005365
111.4132,5.8740,62.30,116.50,0.005216
111.4858,5.8740,62.30,116.00,0.005332
111.5550,5.8740,62.03,116.50,0.005144
111.6270,5.8740,62.30,116.50,0.005350
111.6983,5.8740,62.03,116.00,0.005261
111.7743,5.8970,62.30,116.00,0.005181
111.8439,5.8970,62.03,116.00,0.005111
111.9187,5.8970,62.30,116.00,0.005903
111.9886,5.8970,62.30,116.00,0.005078
112.0634,5.8970,62.30,116.00,0.005717
112.1342,5.8970,62.30,116.00,0.005625
112.2057,5.8970,62.03,116.00,0.005263
112.2753,5.8970,62.30,116.00,0.005358
112.3467,5.8970,62.30,116.00,0.005125
112.4201,5.8970,62.30,116.00,0.005867
112.4948,5.8970,62.30,116.00,0.005392
112.5675,5.8970,62.30,116.00,0.005317
112.6452,5.8875,62.30,116.00,0.005427
112.7160,5.8780,62.03,116.50,0.005457
112.7915,5.8780,62.30,116.00,0.005479
112.8620,5.8780,62.30,116.00,0.005119
112.9333,5.8780,62.30,116.00,0.005200
113.0028,5.8780,62.30,117.00,0.005418
113.0739,5.8780,62.30,117.00,0.005237
113.1464,5.8780,62.30,116.50,0.005607
113.2182,5.8780,62.30,116.00,0.005239
113.2908,5.8780,62.03,116.00,0.005761
113.3632,5.8780,62.30,116.00,0.005552
113.4327,5.8780,62.30,116.00,0.005425
113.5057,5.8780,62.30,116.00,0.005155
113.5756,5.8780,62.30,116.00,0.005388
113.6479,5.8990,62.30,116.00,0.005452
113.7231,5.9200,62.03,116.00,0.005624
113.7956,5.9200,62.30,116.00,0.005515
113.8657,5.9200,62.30,116.00,0.005148
113.9380,5.9200,62.30,116.00,0.005419
114.0106,5.9200,61.76,116.00,0.005423
114.0871,5.9200,62.30,116.00,0.005533
114.1579,5.9200,62.30,116.50,0.005458
114.2302,5.9200,62.30,117.00,0.005220
114.3031,5.9200,62.30,116.50,0.005574
114.3756,5.9200,62.30,116.00,0.005734
114.4463,5.9200,62.30,116.00,0.005429
114.5185,5.9200,62.03,116.00,0.005372
114.5893,5.9200,62.30,116.00,0.005276
114.6665,5.9580,62.03,116.00,0.005507
114.7391,5.9580,62.30,116.00,0.005534
114.8153,5.9580,62.03,116.00,0.006319
114.8878,5.9580,62.03,117.00,0.005544
114.9630,5.9580,62.03,116.00,0.005748
115.0333,5.9580,62.30,116.00,0.005522
115.1059,5.9580,62.03,116.00,0.005633
115.1779,5.9580,62.03,116.00,0.005260
115.2507,5.9580,62.30,116.00,0.005727
115.3210,5.9580,62.30,116.00,0.005625
115.3934,5.9580,62.30,116.00,0.005389
115.4656,5.9580,62.30,116.00,0.005136
115.5384,5.9580,61.76,116.00,0.005376
115.6105,5.9580,62.03,116.00,0.005511
115.6819,5.9580,62.30,116.00,0.005135
115.7524,5.9580,62.30,116.00,0.005764
115.8252,5.9430,62.03,116.00,0.005055
115.8940,5.9430,62.03,116.00,0.005116
115.9663,5.9430,62.30,116.00,0.005530
116.0355,5.9430,62.30,116.50,0.005123
116.1072,5.9430,62.30,116.00,0.005370
116.1764,5.9430,62.03,116.00,0.005163
116.2503,5.9430,62.30,116.00,0.005529
116.3224,5.9430,62.30,116.00,0.005414
116.3990,5.9430,62.30,116.00,0.005925
116.4693,5.9430,62.30,116.00,0.005663
116.5417,5.9430,62.03,116.00,0.005486
116.6147,5.9430,62.30,116.00,0.005681
116.6910,5.8930,62.30,116.00,0.005620
116.7624,5.8930,62.03,116.00,0.005607
116.8361,5.8930,62.30,116.00,0.005919
116.9094,5.8930,62.30,116.00,0.005485
116.9811,5.8930,62.57,116.00,0.005240
117.0538,5.8930,62.30,116.00,0.005834
117.1261,5.8930,62.30,116.00,0.005351
117.1987,5.8930,62.30,116.00,0.005503
117.2715,5.8930,62.30,117.00,0.005170
117.3432,5.8930,62.30,116.50,0.005264
117.4144,5.8930,62.03,116.00,0.005153
117.4842,5.8930,62.30,116.00,0.005596
117.5582,5.8930,62.03,116.00,0.005136
117.6310,5.8990,62.03,116.00,0.005667
117.7062,5.9050,62.30,116.00,0.005300
117.7785,5.9050,62.57,116.00,0.005625
117.8552,5.9050,62.30,116.00,0.005426
117.9262,5.9050,62.30,116.00,0.005529
117.9985,5.9050,62.30,117.00,0.005509
118.0686,5.9050,62.03,116.50,0.005349
118.1434,5.9050,62.30,116.00,0.005425
118.2144,5.9050,62.03,116.00,0.005623
118.2868,5.9050,62.30,116.00,0.005594
118.3592,5.9050,62.30,116.00,0.005608
118.4359,5.9050,62.03,116.00,0.005234
118.5068,5.9050,62.30,116.00,0.005837
118.5792,5.9050,62.30,116.50,0.005490
118.6509,5.9050,62.03,116.00,0.005373
118.7219,5.9050,62.30,116.00,0.005438
118.7916,5.9050,61.76,116.00,0.005298
118.8640,5.9050,62.03,116.50,0.005842
118.9376,5.8860,62.30,116.00,0.005477
119.0106,5.8860,62.03,116.00,0.005545
119.0809,5.8860,62.30,117.00,0.005144
119.1530,5.8860,62.30,116.50,0.005117
119.2220,5.8860,62.30,116.00,0.005314
119.2934,5.8860,62.30,116.00,0.005105
119.3652,5.8860,62.03,116.50,0.005313
119.4376,5.8860,62.30,116.00,0.005527
119.5105,5.8860,62.30,116.00,0.005823
119.5846,5.8860,61.76,116.00,0.005371
119.6559,5.8895,62.30,116.00,0.005586
119.7308,5.8930,62.30,116.00,0.005743
119.8028,5.8930,62.30,116.50,0.005459
119.8756,5.8930,62.30,116.00,0.005572
119.9481,5.8930,62.30,116.50,0.005314
120.0228,5.8930,62.03,116.50,0.005551
120.0936,5.8930,62.03,116.00,0.005337
120.1712,5.8930,62.30,116.00,0.005739
120.2412,5.8930,62.03,116.00,0.005171
120.3143,5.8930,62.30,116.00,0.005786
120.3854,5.8930,62.03,116.00,0.005522
120.4581,5.8930,62.30,116.50,0.005508
120.5305,5.8930,62.30,117.00,0.005522
120.6075,5.8930,62.30,116.00,0.005355
120.6801,5.9310,62.30,116.00,0.005559
120.7521,5.9310,62.30,116.00,0.005620
120.8273,5.9310,62.30,116.00,0.005713
120.8995,5.9310,62.30,116.50,0.005304
120.9703,5.9310,62.03,117.00,0.005488
121.0450,5.9310,62.03,117.00,0.005628
121.1156,5.9310,62.30,116.00,0.005382
121.1883,5.9310,62.30,116.00,0.005554
121.2609,5.9310,62.03,116.00,0.005494
121.3336,5.9310,62.30,116.00,0.005565
121.4054,5.9310,62.57,116.00,0.005709
121.4781,5.9310,62.30,117.00,0.005568
121.5509,5.9310,62.30,117.00,0.005602
121.6260,5.9255,62.30,117.00,0.006034
121.6999,5.9200,62.30,117.00,0.005642
121.7734,5.9200,62.03,117.00,0.005091
121.8455,5.9200,62.30,116.50,0.005300
121.9182,5.9200,62.57,116.00,0.005625
121.9912,5.9200,62.30,116.00,0.005627
122.0679,5.9200,62.30,116.00,0.005527
122.1435,5.9200,62.03,116.00,0.005890
122.2241,5.9200,62.30,116.00,0.005473
122.3016,5.9200,62.30,116.00,0.005852
122.3817,5.9200,62.30,116.00,0.005570
122.4558,5.9200,62.30,116.50,0.005408
122.5336,5.9200,61.76,117.00,0.005507
122.6100,5.9200,62.30,116.00,0.005776
122.6887,5.7180,62.03,116.00,0.005405
122.7653,5.7180,62.30,116.00,0.005619
122.8471,5.7180,62.03,116.00,0.005822
122.9252,5.7180,62.30,117.00,0.005875
123.0053,5.7180,62.30,116.50,0.005316
123.0835,5.7180,62.03,116.00,0.005813
123.1604,5.7180,62.30,116.50,0.005117
123.2295,5.7180,62.30,116.00,0.005082
123.3020,5.7180,62.03,116.50,0.005140
123.3719,5.7180,62.03,116.00,0.005363
123.4509,5.7180,62.03,116.00,0.005789
123.5263,5.7180,62.30,116.00,0.005535
123.6016,5.7180,62.30,116.00,0.005345
123.6774,5.8280,62.30,116.50,0.005394
123.7560,5.8280,62.30,116.00,0.005306
123.8332,5.8280,62.03,116.00,0.005633
123.9109,5.8280,62.30,116.00,0.005606
123.9860,5.8280,62.03,116.00,0.005550
124.0594,5.8280,62.03,116.00,0.005829
124.1298,5.8280,62.03,116.00,0.005405
124.2024,5.8280,62.30,116.00,0.005095
124.2728,5.8280,61.76,116.00,0.005283
124.3507,5.8280,62.03,116.00,0.005677
124.4232,5.8280,62.30,116.00,0.005683
124.4980,5.8280,62.30,116.00,0.005148
124.5708,5.8280,61.76,116.00,0.005818
124.6452,5.8585,61.76,116.50,0.005274
124.7162,5.8890,62.30,117.00,0.005528
124.7910,5.8890,62.30,117.00,0.005714
124.8641,5.8890,62.30,117.00,0.005451
124.9409,5.8890,61.76,117.00,0.005305
125.0146,5.8890,62.30,117.00,0.005626
125.0906,5.8890,62.30,116.50,0.005284
125.1624,5.8890,62.30,116.00,0.005580
125.2343,5.8890,62.03,116.00,0.005553
125.3044,5.8890,62.30,117.00,0.005126
125.3828,5.8890,62.30,117.00,0.006005
125.4588,5.8890,62.30,117.00,0.005875
125.5352,5.8890,62.30,116.50,0.005136
125.6049,5.8890,62.30,116.00,0.005124
125.6790,5.8890,61.76,116.00,0.005251
125.7507,5.8890,62.30,116.50,0.005659
125.8304,5.8760,62.30,116.00,0.005502
125.9069,5.8630,62.30,116.00,0.005872
125.9872,5.8630,62.03,116.00,0.006014
126.0621,5.8630,62.03,116.00,0.005755
126.1405,5.8630,62.30,116.00,0.005657
126.2185,5.8630,62.30,116.00,0.005344
126.2951,5.8630,62.30,116.00,0.006349
126.3705,5.8630,62.30,116.00,0.006151
126.4507,5.8630,61.76,116.00,0.005818
126.5277,5.8630,62.30,116.50,0.005318
126.6082,5.8630,62.30,116.00,0.005695
126.6871,5.8170,62.30,117.00,0.006084
126.7671,5.8170,62.30,117.00,0.005688
126.8430,5.8170,62.30,117.00,0.005277
126.9149,5.8170,62.30,117.00,0.005383
126.9855,5.8170,62.30,117.00,0.005205
127.0587,5.8170,62.30,117.00,0.005417
127.1353,5.8170,62.30,117.00,0.005857
127.2105,5.8170,62.30,116.50,0.005484
127.2831,5.8170,62.30,116.00,0.005504
127.3589,5.8170,62.03,117.00,0.005817
127.4355,5.8170,62.03,117.00,0.005839
127.5122,5.8170,62.30,117.00,0.005813
127.5893,5.8170,62.30,117.00,0.005810
127.6699,5.7980,61.76,117.00,0.005492
127.7428,5.7980,62.30,116.50,0.005369
127.8154,5.7980,62.03,116.00,0.005792
127.8874,5.7980,61.76,116.00,0.005436
127.9630,5.7980,62.30,116.00,0.005517
128.0356,5.7980,62.30,116.00,0.005383
128.1092,5.7980,62.30,116.00,0.005594
128.1830,5.7980,62.03,116.00,0.005576
128.2583,5.7980,61.49,116.00,0.005551
128.3309,5.7980,62.30,116.00,0.005634
128.4057,5.7980,61.76,116.00,0.005426
128.4758,5.7980,62.30,116.00,0.005298
128.5512,5.7980,62.57,116.00,0.005936
128.6237,5.8495,62.30,117.00,0.005431
128.7015,5.9010,61.76,117.00,0.005639
128.7745,5.9010,62.30,117.00,0.005629
128.8474,5.9010,61.76,117.00,0.005635
128.9176,5.9010,62.30,117.00,0.005406
128.9926,5.9010,62.03,117.00,0.005591
129.0677,5.9010,62.03,116.50,0.005435
129.1398,5.9010,62.03,116.00,0.005174
129.2097,5.9010,62.30,116.00,0.005243
129.2816,5.9010,62.03,116.00,0.005068
129.3506,5.9010,62.30,116.00,0.005126
129.4216,5.9010,62.30,116.00,0.005069
129.4946,5.9010,62.30,116.50,0.005575
129.5691,5.9010,62.30,116.00,0.005289
129.6411,5.8915,62.30,116.50,0.005092
129.7167,5.8820,62.30,116.00,0.005328
129.7893,5.8820,62.03,116.50,0.005605
129.8621,5.8820,62.30,116.00,0.005403
129.9346,5.8820,62.03,116.00,0.005457
130.0097,5.8820,62.03,116.00,0.005526
130.0843,5.8820,62.03,116.00,0.005603
130.1592,5.8820,62.30,116.00,0.005184
130.2320,5.8820,62.30,116.00,0.005455
130.3067,5.8820,62.30,116.50,0.005746
130.3786,5.8820,62.30,116.00,0.005203
130.4533,5.8820,62.03,116.00,0.005441
130.5265,5.8820,62.30,117.00,0.005554
130.6005,5.8820,62.30,117.00,0.005091
130.6695,5.8820,62.03,117.00,0.005090
130.7412,5.8820,62.03,117.00,0.005051
130.8153,5.8875,62.30,116.50,0.005790
130.8912,5.8930,62.30,116.00,0.005751
130.9641,5.8930,62.30,116.00,0.005555
131.0385,5.8930,62.30,117.00,0.005552
131.1114,5.8930,62.30,117.00,0.005500
131.1866,5.8930,62.30,117.00,0.005653
131.2565,5.8930,62.30,117.00,0.005201
131.3315,5.8930,62.03,117.00,0.005630
131.4018,5.8930,62.30,117.00,0.005410
131.4786,5.8930,62.30,117.00,0.005751
131.5513,5.8930,62.30,117.00,0.005700
131.6240,5.8990,62.57,116.00,0.005644
131.6952,5.9050,62.30,116.00,0.005813
131.7679,5.9050,62.30,116.00,0.005249
131.8384,5.9050,62.30,116.00,0.005494
131.9114,5.9050,62.30,116.00,0.005504
131.9838,5.9050,61.76,116.50,0.005214
132.0586,5.9050,62.03,116.50,0.005379
132.1316,5.9050,62.30,116.50,0.005501
132.2067,5.9050,62.30,116.00,0.005549
132.2798,5.9050,62.30,116.00,0.005567
132.3550,5.9050,62.03,116.00,0.005754
132.4273,5.9050,62.30,116.00,0.005752
132.5024,5.9050,62.30,116.00,0.005430
132.5747,5.9050,62.30,117.00,0.005409
132.6477,5.9030,62.30,116.00,0.005728
132.7228,5.9010,62.30,116.00,0.005582
132.7980,5.9010,62.57,116.50,0.005481
132.8707,5.9010,62.30,116.50,0.005286
132.9431,5.9010,62.30,117.00,0.005757
133.0135,5.9010,62.30,117.00,0.005487
133.0888,5.9010,62.30,117.00,0.005416
133.1591,5.9010,62.30,116.50,0.005111
133.2329,5.9010,62.30,116.50,0.005149
133.3067,5.9010,62.30,116.00,0.005186
133.3783,5.9010,62.03,116.50,0.005213
133.4505,5.9010,62.30,116.50,0.005426
133.5251,5.9010,62.30,117.00,0.005667
133.5972,5.9010,62.30,117.00,0.005338
133.6706,5.9120,62.57,117.00,0.005723
133.7434,5.9120,62.03,117.00,0.005906
133.8158,5.9120,62.03,117.00,0.005133
133.8917,5.9120,62.03,116.00,0.005553
133.9662,5.9120,62.57,116.50,0.005590
134.0394,5.9120,62.30,116.00,0.005752
134.1142,5.9120,62.30,116.00,0.005528
134.1879,5.9120,62.03,116.00,0.005534
134.2604,5.9120,62.30,116.00,0.005336
134.3335,5.9120,62.30,116.00,0.005536
134.4081,5.9120,62.30,116.00,0.005223
134.4812,5.9120,62.30,116.50,0.005534
134.5555,5.9120,62.30,116.00,0.005229
134.6254,5.9120,62.30,116.00,0.005209
134.6970,5.9120,62.30,117.00,0.005132
134.7682,5.9120,62.30,117.00,0.005152
134.8437,5.9120,62.30,117.00,0.005740
134.9171,5.9240,62.03,117.00,0.005102
134.9904,5.9240,62.30,116.50,0.005377
135.0606,5.9240,62.30,116.00,0.005542
135.1344,5.9240,62.03,116.50,0.005561
135.2046,5.9240,62.30,116.50,0.005574
135.2790,5.9240,62.30,116.00,0.005645
135.3515,5.9240,62.30,116.00,0.005458
135.4267,5.9240,62.30,116.00,0.005765
135.4992,5.9240,62.30,116.00,0.005646
135.5718,5.9240,62.30,116.00,0.005714
135.6431,5.9030,62.03,116.00,0.005511
135.7156,5.8820,61.49,116.00,0.005354
135.7863,5.8820,62.30,116.00,0.005172
135.8596,5.8820,62.30,116.00,0.005590
135.9296,5.8820,62.30,116.00,0.005442
136.0019,5.8820,62.30,116.00,0.005143
136.0749,5.8820,62.30,116.00,0.005532
136.1475,5.8820,62.30,116.00,0.005371
136.2182,5.8820,62.30,116.00,0.005480
136.2948,5.8820,62.30,116.00,0.005209
136.3676,5.8820,62.30,117.00,0.005299
136.4427,5.8820,62.03,117.00,0.005700
136.5118,5.8820,62.30,117.00,0.005165
136.5832,5.8820,62.30,117.00,0.005172
136.6523,5.8820,62.30,117.00,0.005281
136.7270,5.8820,61.76,117.00,0.005567
136.7981,5.8740,62.03,117.00,0.005314
136.8709,5.8740,62.30,117.00,0.005257
136.9410,5.8740,62.30,117.00,0.005319
137.0136,5.8740,62.03,117.00,0.005191
137.0866,5.8740,62.30,116.50,0.005867
137.1611,5.8740,62.30,116.00,0.005195
137.2320,5.8740,62.30,116.00,0.005519
137.3087,5.8740,62.30,116.00,0.005303
137.3815,5.8740,62.57,116.00,0.005503
137.4552,5.8740,62.30,116.00,0.005212
137.5244,5.8740,62.30,116.50,0.005154
137.5982,5.8740,62.30,116.00,0.005524
137.6694,5.8740,62.30,116.50,0.005311
137.7471,5.8050,62.57,116.50,0.005605
137.8182,5.8050,62.03,116.00,0.005665
137.8907,5.8050,62.30,116.00,0.005477
137.9632,5.8050,62.30,116.00,0.005522
138.0357,5.8050,62.30,117.00,0.005236
138.1061,5.8050,62.30,117.00,0.005634
138.1785,5.8050,62.30,117.00,0.005317
138.2484,5.8050,62.30,117.00,0.005615
138.3227,5.8050,62.30,117.00,0.005245
138.3935,5.8050,62.30,117.00,0.005423
138.4661,5.8050,62.03,117.00,0.005722
138.5391,5.8050,62.03,117.00,0.005559
138.6116,5.8050,62.03,116.00,0.005310
138.6808,5.8050,62.57,116.50,0.005173
138.7559,5.8720,62.30,116.00,0.005657
138.8293,5.9390,61.76,116.00,0.005165
138.9037,5.9390,62.30,116.50,0.005454
138.9745,5.9390,62.30,117.00,0.005640
139.0468,5.9390,62.03,117.00,0.005229
139.1188,5.9390,62.03,117.00,0.005618
139.1922,5.9390,62.03,117.00,0.005815
139.2627,5.9390,62.03,117.00,0.005480
139.3353,5.9390,62.03,117.00,0.005779
139.4061,5.9390,62.30,116.00,0.005497
139.4786,5.9390,61.76,116.00,0.005582
139.5493,5.9390,62.30,116.00,0.005361
139.6218,5.9390,62.30,116.00,0.005486
139.6932,5.9310,62.03,116.00,0.005503
139.7655,5.9310,62.30,116.00,0.005347
139.8383,5.9310,62.30,116.50,0.005363
139.9108,5.9310,62.30,116.00,0.005377
139.9813,5.9310,62.30,117.00,0.005489
140.0561,5.9310,62.57,117.00,0.005599
140.1275,5.9310,62.03,117.00,0.005595
140.2026,5.9310,62.30,117.00,0.005653
140.2753,5.9310,62.30,117.00,0.005790
140.3477,5.9310,62.30,117.00,0.005251
140.4181,5.9310,62.30,117.00,0.005373
140.4905,5.9310,62.30,117.00,0.005386
140.5613,5.9310,62.30,117.00,0.005554
140.6344,5.9215,62.30,116.50,0.005538
140.7052,5.9120,62.30,116.00,0.005434
140.7828,5.9120,62.03,116.00,0.005978
140.8600,5.9120,62.03,116.00,0.005404
140.9377,5.9120,62.03,116.00,0.005545
141.0135,5.9120,61.76,116.00,0.005852
141.0908,5.9120,62.30,116.00,0.005826
141.1671,5.9120,62.03,116.00,0.005708
141.2463,5.9120,62.03,116.00,0.005369
141.3154,5.9120,62.03,116.00,0.005252
141.3876,5.9120,62.30,116.00,0.005165
141.4572,5.9120,62.30,116.50,0.005124
141.5312,5.9120,62.03,116.00,0.005097
141.6009,5.9120,62.30,116.00,0.005150
141.6733,5.9120,62.03,116.50,0.005305
141.7430,5.9120,62.30,117.00,0.005502
141.8204,5.8720,62.30,117.00,0.005972
141.8979,5.8320,62.30,117.00,0.005515
141.9761,5.8320,62.03,117.00,0.005793
142.0519,5.8320,62.57,117.00,0.005511
142.1322,5.8320,62.03,117.00,0.005612
142.2051,5.8320,62.30,117.00,0.005251
142.2770,5.8320,62.30,117.00,0.005408
142.3502,5.8320,62.03,117.00,0.005539
142.4231,5.8320,61.49,117.00,0.005881
142.4976,5.8320,62.30,116.50,0.005293
142.5760,5.8320,62.30,116.00,0.005543
142.6515,5.8475,62.30,116.50,0.005932
142.7308,5.8630,62.30,116.00,0.005855
142.8107,5.8630,62.30,116.00,0.006106
142.8834,5.8630,62.30,116.00,0.005653
142.9535,5.8630,62.03,116.00,0.005111
143.0272,5.8630,62.30,116.00,0.005938
143.0979,5.8630,62.03,116.00,0.005698
143.1753,5.8630,62.30,116.00,0.005751
143.2476,5.8630,61.76,116.00,0.005387
143.3210,5.8630,62.30,116.00,0.005359
143.3918,5.8630,62.30,116.00,0.005528
143.4641,5.8630,62.30,117.00,0.005255
143.5367,5.8630,62.30,117.00,0.005294
143.6097,5.8630,62.03,117.00,0.005478
143.6828,5.8930,62.03,117.00,0.005497
143.7555,5.8930,62.30,117.00,0.005508
143.8281,5.8930,62.30,117.00,0.005280
143.9022,5.8930,62.30,117.00,0.005800
143.9757,5.8930,62.30,117.00,0.005414
144.0505,5.8930,62.30,116.00,0.005495
144.1211,5.8930,62.30,116.00,0.005426
144.1964,5.8930,62.57,116.00,0.005466
144.2688,5.8930,62.30,116.00,0.005587
144.3415,5.8930,61.22,116.00,0.005156
144.4144,5.8930,62.30,116.00,0.005393
144.4867,5.8930,62.30,116.00,0.005533
144.5569,5.8930,62.30,116.00,0.005425
144.6321,5.9105,62.30,116.00,0.005555
144.7068,5.9280,62.30,116.00,0.005324
144.7799,5.9280,62.30,116.00,0.005655
144.8527,5.9280,61.76,116.00,0.005544
144.9256,5.9280,62.30,116.00,0.005100
144.9953,5.9280,62.30,116.50,0.005290
145.0669,5.9280,62.30,116.00,0.005416
145.1390,5.9280,62.30,116.00,0.005580
145.2157,5.9280,62.30,116.50,0.005447
145.2895,5.9280,62.30,117.00,0.005645
145.3629,5.9280,62.57,117.00,0.005718
145.4328,5.9280,62.30,117.00,0.005270
145.5052,5.9280,62.30,117.00,0.005309
145.5756,5.9280,62.57,117.00,0.005156
145.6537,5.9280,62.57,117.00,0.005588
145.7325,5.9580,62.30,117.00,0.005711
145.8131,5.9580,62.30,117.00,0.005907
145.8863,5.9580,62.03,117.00,0.005648
145.9613,5.9580,62.30,116.50,0.005529
146.0347,5.9580,62.03,116.00,0.005866
146.1079,5.9580,62.03,116.50,0.005606
146.1786,5.9580,62.30,116.00,0.005839
146.2519,5.9580,62.03,116.00,0.005569
146.3215,5.9580,62.30,116.00,0.005126
146.3935,5.9580,62.30,116.00,0.005213
146.4664,5.9580,62.30,116.00,0.005726
146.5387,5.9580,62.30,116.00,0.005318
146.6109,5.9580,62.30,116.00,0.005646
146.6833,5.9580,62.30,116.00,0.005770
146.7547,5.9390,62.30,116.00,0.005231
146.8297,5.9390,62.03,116.00,0.005437
146.9040,5.9390,62.30,116.00,0.005543
146.9789,5.9390,62.30,116.50,0.005526
147.0494,5.9390,62.03,117.00,0.005180
147.1272,5.9390,62.30,117.00,0.005571
147.2002,5.9390,62.30,117.00,0.005573
147.2731,5.9390,62.03,117.00,0.005371
147.3465,5.9390,62.30,117.00,0.005757
147.4193,5.9390,62.03,117.00,0.005260
147.4906,5.9390,62.03,117.00,0.005595
147.5639,5.9390,62.30,117.00,0.005408
147.6374,5.9275,62.03,116.00,0.005354
147.7104,5.9160,62.30,116.00,0.005357
147.7838,5.9160,62.03,116.50,0.005467
147.8593,5.9160,62.30,116.00,0.005809
147.9298,5.9160,62.30,116.00,0.005173
148.0024,5.9160,62.03,116.00,0.005266
148.0744,5.9160,62.30,116.00,0.005510
148.1460,5.9160,62.03,116.00,0.005265
148.2184,5.9160,62.30,116.00,0.005620
148.2910,5.9160,62.03,116.00,0.005524
148.3666,5.9160,62.30,116.00,0.005682
148.4385,5.9160,62.30,116.00,0.005295
148.5114,5.9160,62.03,116.00,0.005724
148.5834,5.9160,62.30,116.00,0.005337
148.6541,5.9010,62.30,116.00,0.005583
148.7293,5.8860,62.30,116.00,0.005491
148.8025,5.8860,62.30,116.50,0.005546
148.8752,5.8860,62.30,117.00,0.005874
148.9462,5.8860,62.30,117.00,0.005564
149.0231,5.8860,62.30,117.00,0.005693
149.0980,5.8860,61.76,117.00,0.005139
149.1750,5.8860,62.30,117.00,0.005664
149.2475,5.8860,62.57,117.00,0.005530
149.3204,5.8860,62.03,117.00,0.005572
149.3952,5.8860,62.03,117.00,0.005601
149.4723,5.8860,62.30,117.00,0.005693
149.5453,5.8860,62.30,116.50,0.005607
149.6178,5.8840,62.30,116.00,0.005731
149.6887,5.8820,62.03,116.00,0.005215
149.7668,5.8820,62.03,116.00,0.005945
149.8373,5.8820,62.03,116.00,0.005461
149.9090,5.8820,62.30,116.00,0.005247
149.9831,5.8820,62.57,116.00,0.005697
150.0546,5.8820,62.30,116.00,0.005589
150.1276,5.8820,62.03,116.00,0.006334
150.2023,5.8820,62.30,116.00,0.005281
150.2716,5.8820,62.30,116.00,0.005383
150.3425,5.8820,62.30,116.00,0.005141
150.4131,5.8820,62.57,116.00,0.005575
150.4902,5.8820,61.76,116.00,0.005436
150.5630,5.8820,62.30,116.50,0.005450
150.6357,5.8745,62.30,117.00,0.005409
150.7089,5.8670,62.30,117.00,0.005686
150.7861,5.8670,62.30,117.00,0.005799
150.8652,5.8670,61.76,117.00,0.006014
150.9479,5.8670,62.30,117.00,0.006400
151.0246,5.8670,62.30,117.00,0.006057
151.1040,5.8670,62.57,117.00,0.005241
151.1795,5.8670,62.30,116.00,0.005830
151.2574,5.8670,62.30,116.50,0.005711
151.3360,5.8670,62.30,117.00,0.005468
151.4136,5.8670,62.30,116.00,0.005186
151.4911,5.8670,62.30,116.00,0.005600
151.5662,5.8670,62.30,116.00,0.005315
151.6389,5.8670,62.30,116.00,0.005573
151.7116,5.8670,62.30,116.00,0.005544
151.7867,5.8670,62.30,116.00,0.005532
151.8654,5.7370,62.30,116.50,0.005443
151.9399,5.7370,62.30,117.00,0.005511
152.0205,5.7370,62.30,117.00,0.005353
152.0959,5.7370,61.76,117.00,0.005631
152.1749,5.7370,62.30,116.50,0.005871
152.2542,5.7370,62.30,116.00,0.006073
152.3347,5.7370,62.30,116.00,0.005631
152.4106,5.7370,62.30,116.00,0.005782
152.4858,5.7370,62.30,116.50,0.005112
152.5557,5.7370,62.30,117.00,0.005169
152.6282,5.7370,62.30,117.00,0.005569
152.6982,5.7370,62.30,117.00,0.005218
152.7760,5.7485,62.30,117.00,0.005574
152.8520,5.7600,62.30,117.00,0.005688
152.9308,5.7600,61.76,116.00,0.005908
153.0088,5.7600,62.30,116.00,0.005728
153.0889,5.7600,62.30,116.00,0.005621
153.1664,5.7600,62.30,116.00,0.005685
153.2444,5.7600,62.03,116.00,0.005978
153.3217,5.7600,62.30,116.00,0.005713
153.4026,5.7600,62.30,116.00,0.005862
153.4787,5.7600,62.30,116.00,0.005570
153.5570,5.7600,61.22,116.00,0.005600
153.6332,5.7520,62.30,116.50,0.005651
153.7099,5.7440,62.30,116.50,0.005686
153.7861,5.7440,61.76,116.00,0.005718
153.8640,5.7440,62.30,116.00,0.005471
153.9399,5.7440,62.30,116.00,0.005518
154.0155,5.7440,62.03,116.50,0.005354
154.0882,5.7440,62.30,116.50,0.005357
154.1623,5.7440,62.30,116.00,0.005813
154.2381,5.7440,62.30,116.50,0.005706
154.3192,5.7440,62.03,117.00,0.005307
154.3961,5.7440,62.30,117.00,0.005525
154.4771,5.7440,62.03,117.00,0.005528
154.5537,5.7440,62.30,117.00,0.005817
154.6314,5.7650,61.49,117.00,0.006203
154.7100,5.7860,62.30,117.00,0.005705
154.7911,5.7860,62.30,117.00,0.005626
154.8705,5.7860,62.30,117.00,0.005569
154.9502,5.7860,62.30,117.00,0.005840
155.0270,5.7860,62.03,117.00,0.006017
155.1045,5.7860,62.30,117.00,0.005424
155.1801,5.7860,62.30,117.00,0.005496
155.2560,5.7860,62.03,116.50,0.005619
155.3315,5.7860,61.76,116.00,0.005356
155.4118,5.7860,62.03,116.00,0.005761
155.4884,5.7860,62.30,116.00,0.005753
155.5683,5.7860,62.30,116.50,0.005598
155.6447,5.7845,62.03,117.00,0.006139
155.7249,5.7830,62.30,117.00,0.005471
155.8031,5.7830,62.30,117.00,0.005888
155.8815,5.7830,62.30,116.00,0.005754
155.9576,5.7830,62.03,116.50,0.005338
156.0381,5.7830,62.30,116.50,0.005542
156.1164,5.7830,62.30,116.50,0.006094
156.1948,5.7830,62.03,117.00,0.005933
156.2713,5.7830,62.30,117.00,0.005951
156.3510,5.7830,62.30,117.00,0.006083
156.4289,5.7830,62.30,117.00,0.005566
156.5071,5.7830,62.03,117.00,0.005881
156.5842,5.7830,62.30,117.00,0.005383
156.6577,5.7830,62.30,117.00,0.005369
156.7299,5.7830,62.03,117.00,0.005165
156.8068,5.7830,62.30,117.00,0.005419
156.8829,5.7830,62.03,117.00,0.005499
156.9630,5.7830,61.76,117.00,0.005810
157.0405,5.7830,62.30,117.00,0.005434
157.1189,5.7830,62.30,117.00,0.006070
157.1971,5.7830,62.03,117.00,0.005703
157.2775,5.7830,62.30,117.00,0.005415
157.3513,5.7830,62.03,117.00,0.005269
157.4316,5.7830,62.03,117.00,0.006070
157.5073,5.7830,61.49,117.00,0.005762
157.5838,5.7830,61.76,117.00,0.005117
157.6537,5.7830,62.30,117.00,0.005183
157.7284,5.7830,62.30,117.00,0.005277
157.8021,5.7830,62.57,117.00,0.005267
157.8815,5.7750,61.76,117.00,0.005501
157.9564,5.7750,62.03,117.00,0.006036
158.0352,5.7750,62.03,117.00,0.005846
158.1108,5.7750,62.30,117.00,0.005674
158.1917,5.7750,61.76,117.00,0.005664
158.2703,5.7750,62.03,117.00,0.005421
158.3505,5.7750,62.30,117.00,0.006150
158.4283,5.7750,62.30,117.00,0.005597
158.5088,5.7750,62.30,117.00,0.005754
158.5838,5.7750,62.30,117.00,0.005708
158.6655,5.7600,61.76,118.00,0.005713
158.7430,5.7600,62.03,118.00,0.005942
158.8239,5.7600,61.76,118.00,0.005730
158.9016,5.7600,62.03,118.00,0.005659
158.9789,5.7600,62.57,118.00,0.005769
159.0575,5.7600,62.03,118.00,0.005775
159.1363,5.7600,62.03,118.00,0.005750
159.2140,5.7600,61.76,118.00,0.005743
159.2925,5.7600,62.30,118.00,0.005192
159.3699,5.7600,61.76,118.00,0.005628
159.4507,5.7600,62.30,118.00,0.005813
159.5297,5.7600,62.30,118.00,0.005523
159.6112,5.7600,61.76,118.00,0.005765
159.6882,5.7600,62.03,118.00,0.005884
159.7708,5.7600,62.30,118.00,0.006875
159.8490,5.7600,62.03,118.00,0.005257
159.9263,5.7600,61.76,118.00,0.005867
160.0019,5.7600,62.30,118.00,0.005806
160.0816,5.7600,62.03,118.00,0.006169
160.1540,5.7600,62.03,118.00,0.005261
160.2252,5.7600,61.76,118.00,0.005163
160.2953,5.7600,62.30,118.00,0.005244
160.3676,5.7600,62.03,118.00,0.005418
160.4433,5.7600,62.03,118.00,0.005764
160.5235,5.7600,62.30,118.00,0.005594
160.6015,5.7600,62.30,118.00,0.005896
160.6731,5.7600,62.03,118.00,0.005203
160.7454,5.7600,62.03,118.00,0.005596
160.8194,5.7600,62.30,118.00,0.005086
160.8936,5.7600,62.30,118.00,0.005924
160.9745,5.7670,62.57,118.00,0.005716
161.0502,5.7670,62.03,118.00,0.005739
161.1299,5.7670,62.30,118.00,0.005893
161.2056,5.7670,62.30,118.00,0.005844
161.2833,5.7670,62.03,118.00,0.005203
161.3603,5.7670,62.30,118.00,0.005664
161.4402,5.7670,62.03,117.00,0.005661
161.5186,5.7670,62.30,117.50,0.005727
161.5906,5.7670,62.30,117.00,0.005380
161.6601,5.7670,62.30,117.50,0.005105
161.7374,5.7670,62.30,117.00,0.005774
161.8130,5.7670,62.30,117.00,0.005197
161.8914,5.7670,62.30,117.00,0.006217
161.9629,5.7670,62.03,117.00,0.005292
162.0354,5.7670,62.30,117.50,0.005663
162.1054,5.7670,62.30,118.00,0.005100
162.1816,5.7670,62.03,118.00,0.005457
162.2573,5.7670,62.03,118.00,0.005919
162.3366,5.8090,62.30,118.00,0.005467
162.4134,5.8510,62.30,118.00,0.005448
162.4936,5.8510,62.30,118.00,0.005632
162.5716,5.8510,62.03,118.00,0.005500
162.6495,5.7765,62.30,118.00,0.005589
162.7229,5.7020,62.30,118.00,0.005654
162.8033,5.7020,62.03,117.50,0.005893
162.8825,5.7020,61.76,117.00,0.005519
162.9641,5.7020,62.03,117.00,0.006055
163.0350,5.7020,62.03,117.50,0.005391
163.1062,5.7020,62.03,117.00,0.005343
163.1789,5.7020,62.03,117.00,0.005535
163.2570,5.7020,62.03,117.00,0.005510
163.3335,5.7020,62.30,117.00,0.005453
163.4114,5.7020,62.30,117.00,0.005710
163.4883,5.7020,61.76,117.00,0.005548
163.5673,5.7020,62.30,117.00,0.005372
163.6437,5.7115,62.03,117.00,0.005691
163.7227,5.7210,61.76,117.00,0.006130
163.7975,5.7210,62.03,117.00,0.005098
163.8695,5.7210,62.03,117.00,0.005035
163.9430,5.7210,61.76,117.00,0.005679
164.0160,5.7210,62.30,117.00,0.005417
164.0915,5.7210,62.30,117.00,0.005897
164.1683,5.7210,62.30,117.00,0.005937
164.2449,5.7210,62.03,117.00,0.005611
164.3253,5.7210,62.03,117.00,0.005694
164.4045,5.7210,62.30,117.00,0.005730
164.4817,5.7210,61.76,117.00,0.005548
164.5582,5.7210,62.30,117.00,0.005393
164.6332,5.7210,61.76,117.50,0.005114
164.7065,5.7210,62.30,117.00,0.005211
164.7823,5.6910,62.03,117.00,0.005177
164.8578,5.6910,62.03,117.00,0.005049
164.9293,5.6910,62.30,117.00,0.005088
165.0006,5.6910,62.30,117.00,0.005698
165.0784,5.6910,62.03,117.00,0.005623
165.1551,5.6910,61.76,117.00,0.005719
165.2343,5.6910,62.30,117.00,0.005280
165.3067,5.6910,62.30,117.00,0.005534
165.3797,5.6910,62.30,117.00,0.005163
165.4545,5.6910,62.03,117.00,0.005527
165.5281,5.6910,61.49,117.00,0.005256
165.6050,5.6910,62.30,117.00,0.005580
165.6771,5.6910,62.30,117.00,0.005134
165.7505,5.7750,62.30,117.00,0.005432
165.8231,5.8590,62.30,117.00,0.005376
165.9015,5.8590,62.03,117.00,0.005386
165.9815,5.8590,62.03,117.00,0.005518
166.0554,5.8590,62.30,117.00,0.005601
166.1335,5.8590,62.30,117.00,0.005645
166.2114,5.8590,62.30,117.00,0.005843
166.2885,5.8590,61.76,117.00,0.005357
166.3671,5.8590,62.30,117.00,0.005852
166.4453,5.8590,62.03,117.00,0.005593
166.5210,5.8590,62.30,117.00,0.005303
166.6023,5.8590,62.30,115.00,0.006697
166.6802,5.7600,62.30,113.00,0.005537
166.7604,5.7600,62.03,113.00,0.005745
166.8388,5.7600,62.30,113.00,0.005838
166.9130,5.7600,62.30,113.00,0.005222
166.9865,5.7600,61.49,113.00,0.005504
167.0614,5.7600,62.30,113.00,0.005399
167.1344,5.7600,62.03,113.00,0.005791
167.2073,5.7600,62.03,113.00,0.005793
167.2832,5.7600,62.03,113.00,0.005613
167.3550,5.7600,62.30,113.00,0.005147
167.4263,5.7600,61.49,113.00,0.005221
167.4986,5.7600,62.30,113.00,0.005634
167.5721,5.7600,62.30,113.00,0.005617
167.6472,5.8285,62.30,113.00,0.005722
167.7225,5.8970,62.30,113.00,0.005298
167.7940,5.8970,62.03,113.00,0.005143
167.8638,5.8970,62.30,113.00,0.005347
167.9347,5.8970,62.30,114.00,0.005378
168.0071,5.8970,62.03,114.00,0.005520
168.0794,5.8970,62.30,114.00,0.005549
168.1519,5.8970,62.03,114.00,0.005378
168.2251,5.8970,62.30,114.00,0.005111
168.2949,5.8970,62.03,114.00,0.005394
168.3663,5.8970,62.03,114.00,0.005154
168.4394,5.8970,62.30,114.00,0.005316
168.5143,5.8970,62.30,114.00,0.005284
168.5880,5.8970,62.30,114.00,0.005628
168.6628,5.8970,62.30,114.00,0.005705
168.7359,5.8970,62.30,114.00,0.005255
168.8108,5.8970,62.03,114.00,0.005685
168.8839,5.8970,62.30,114.00,0.005607
168.9610,5.8970,62.30,114.00,0.005285
169.0346,5.8970,62.30,114.00,0.005705
169.1089,5.8970,62.03,114.00,0.005638
169.1821,5.8970,62.03,114.00,0.005588
169.2548,5.8970,62.30,114.00,0.006375
169.3255,5.8970,62.30,114.00,0.005284
169.3978,5.8970,62.30,114.00,0.005494
169.4693,5.8970,62.30,114.00,0.005944
169.5430,5.8970,62.30,114.00,0.005562
169.6166,5.8970,61.76,114.00,0.005870
169.6908,5.8970,62.30,114.00,0.005186
169.7619,5.8970,62.30,114.00,0.005428
169.8341,5.8970,62.30,114.00,0.005507
169.9070,5.8970,62.30,114.00,0.005440
169.9834,5.9280,62.03,114.00,0.005468
170.0547,5.9280,62.30,114.00,0.005543
170.1324,5.9280,62.30,114.00,0.006074
170.2032,5.9280,62.30,114.00,0.005669
170.2784,5.9280,62.30,114.00,0.005508
170.3525,5.9280,62.03,114.00,0.005909
170.4306,5.9280,62.30,114.50,0.005826
170.5014,5.9280,62.30,115.00,0.005442
170.5757,5.9280,62.30,115.00,0.005608
170.6514,5.9260,62.30,115.00,0.005863
170.7270,5.9240,62.30,115.00,0.005685
170.7975,5.9240,61.76,115.00,0.005471
170.8712,5.9240,62.30,115.00,0.005526
170.9434,5.9240,62.30,115.00,0.005759
171.0197,5.9240,62.30,115.00,0.005580
171.0951,5.9240,62.30,115.00,0.005746
171.1690,5.9240,62.30,115.00,0.005114
171.2413,5.9240,62.30,115.00,0.005522
171.3146,5.9240,62.30,115.00,0.005423
171.3889,5.9240,62.57,115.00,0.005363
171.4623,5.9240,62.03,115.00,0.005641
171.5333,5.9240,62.30,115.00,0.005278
171.6062,5.9240,62.30,115.00,0.005446
171.6788,5.9240,62.03,115.00,0.005331
171.7512,5.9240,62.30,115.00,0.005548
171.8284,5.8780,62.30,115.00,0.005407
171.9007,5.8780,61.76,115.00,0.005344
171.9752,5.8780,62.30,115.00,0.005601
172.0514,5.8780,62.03,115.00,0.005808
172.1269,5.8780,62.30,115.00,0.005423
172.1999,5.8780,62.03,115.00,0.005172
172.2760,5.8780,62.30,115.00,0.005390
172.3509,5.8780,62.30,115.00,0.005448
172.4227,5.8780,62.30,115.00,0.005562
172.4986,5.8780,62.30,115.00,0.005527
172.5720,5.8780,62.30,115.00,0.005597
172.6470,5.8475,62.03,115.00,0.005447
172.7195,5.8170,62.30,115.00,0.005758
172.7946,5.8170,62.03,115.00,0.005425
172.8659,5.8170,62.30,115.00,0.005569
172.9396,5.8170,62.30,115.00,0.005605
173.0130,5.8170,62.03,115.00,0.005471
173.0907,5.8170,62.30,115.00,0.005588
173.1616,5.8170,62.30,115.00,0.005080
173.2330,5.8170,62.03,115.00,0.005181
173.3037,5.8170,62.30,115.00,0.005334
173.3786,5.8170,62.30,115.00,0.005407
173.4497,5.8170,62.30,115.00,0.005444
173.5230,5.8170,62.30,115.00,0.005541
173.5953,5.8170,61.76,115.00,0.005891
173.6729,5.8630,62.30,115.00,0.005404
173.7471,5.8630,61.76,115.50,0.005655
173.8231,5.8630,62.03,116.00,0.005793
173.8937,5.8630,62.30,116.00,0.005406
173.9695,5.8630,62.30,116.00,0.005430
174.0440,5.8630,62.30,116.00,0.005362
174.1198,5.8630,62.30,116.00,0.005862
174.1911,5.8630,62.30,116.00,0.005143
174.2670,5.8630,61.76,116.00,0.005531
174.3384,5.8630,62.30,116.00,0.006054
174.4141,5.8630,62.30,116.00,0.005546
174.4859,5.8630,62.30,116.00,0.005506
174.5589,5.8630,62.57,116.00,0.005575
174.6349,5.8780,62.30,116.00,0.005433
174.7108,5.8930,62.03,116.00,0.005796
174.7816,5.8930,62.30,116.00,0.005329
174.8557,5.8930,62.30,116.00,0.005300
174.9297,5.8930,62.30,116.00,0.005769
175.0028,5.8930,62.30,116.00,0.005479
175.0773,5.8930,62.30,116.00,0.005541
175.1519,5.8930,62.30,116.00,0.005666
175.2221,5.8930,62.30,116.00,0.005155
175.2958,5.8930,62.30,116.00,0.005629
175.3720,5.8930,62.30,116.00,0.005258
175.4473,5.8930,62.30,116.00,0.005623
175.5215,5.8930,62.30,116.00,0.005659
175.5971,5.8930,62.30,116.00,0.005086
175.6679,5.8930,62.30,116.00,0.005280
175.7418,5.8930,62.30,116.00,0.005672
175.8157,5.8930,62.30,116.00,0.005560
175.8897,5.8930,62.30,116.00,0.005094
175.9626,5.8930,62.03,116.00,0.005259
176.0345,5.8930,62.30,116.00,0.005145
176.1049,5.8930,62.30,116.00,0.005243
176.1784,5.8930,62.30,116.00,0.005523
176.2518,5.8930,62.30,116.00,0.005289
176.3260,5.8930,62.30,116.00,0.005651
176.3977,5.8930,62.30,116.00,0.005426
176.4733,5.8930,62.30,116.00,0.005433
176.5467,5.8930,62.30,116.00,0.005469
176.6224,5.8930,62.30,116.00,0.005691
176.6939,5.8930,62.30,116.00,0.005445
176.7716,5.8930,62.30,116.00,0.005826
176.8453,5.8930,62.03,116.00,0.005446
176.9190,5.8930,62.30,116.50,0.005610
176.9925,5.8855,62.30,117.00,0.005516
177.0668,5.8780,62.57,117.00,0.005747
177.1407,5.8780,62.30,117.00,0.005649
177.2132,5.8780,62.30,117.00,0.005117
177.2869,5.8780,62.30,117.00,0.005279
177.3588,5.8780,62.03,117.00,0.005135
177.4291,5.8780,62.30,117.00,0.005227
177.5013,5.8780,62.30,117.00,0.005109
177.5750,5.8780,62.03,117.00,0.005445
177.6496,5.8725,61.76,117.00,0.005276
177.7219,5.8670,62.30,117.00,0.005548
177.7958,5.8670,62.03,117.00,0.005620
177.8708,5.8670,62.30,117.00,0.005160
177.9442,5.8670,62.30,117.00,0.005503
178.0181,5.8670,62.30,117.00,0.005352
178.0931,5.8670,62.30,117.00,0.005552
178.1672,5.8670,62.30,117.00,0.005628
178.2393,5.8670,62.30,117.00,0.005165
178.3091,5.8670,62.30,117.00,0.005216
178.3813,5.8670,62.30,117.00,0.005202
178.4548,5.8670,62.03,117.00,0.005610
178.5279,5.8670,62.30,117.00,0.005547
178.6019,5.8670,62.30,117.00,0.005343
178.6742,5.8670,62.30,117.00,0.005614
178.7460,5.8670,62.30,117.00,0.005137
178.8184,5.8670,62.03,117.00,0.005127
178.8891,5.8670,62.30,117.00,0.005141
178.9633,5.8670,62.30,117.00,0.005539
179.0343,5.8670,62.30,117.00,0.005273
179.1102,5.8670,62.57,117.00,0.005547
179.1814,5.8670,62.30,117.00,0.005080
179.2536,5.8670,62.30,117.00,0.005036
179.3247,5.8670,62.30,117.00,0.005447
179.3989,5.8670,61.76,117.00,0.005671
179.4699,5.8670,62.03,117.00,0.005203
179.5456,5.8670,62.30,117.00,0.005472
179.6189,5.8705,62.30,117.00,0.005681
179.6975,5.8740,62.30,117.00,0.005384
179.7697,5.8740,62.30,116.50,0.005507
179.8434,5.8740,62.03,116.00,0.005861
179.9190,5.8740,62.30,116.00,0.005383
179.9948,5.8740,62.30,116.00,0.005413
180.0698,5.8740,62.30,117.00,0.005558
180.1452,5.8740,62.30,117.00,0.005282
180.2204,5.8740,62.30,117.00,0.005610
180.2976,5.8740,62.30,117.00,0.005410
180.3713,5.8740,62.30,116.00,0.005247
180.4476,5.8740,62.30,116.50,0.005555
180.5223,5.8740,62.30,116.50,0.005121
180.5949,5.8740,62.30,116.00,0.005419
180.6653,5.8740,62.30,116.00,0.005258
180.7374,5.8740,62.30,116.50,0.005093
180.8125,5.8090,62.03,116.00,0.005392
180.8905,5.8090,62.30,116.00,0.005601
180.9640,5.8090,62.30,116.00,0.005662
181.0390,5.8090,62.03,116.50,0.005527
181.1113,5.8090,62.30,117.00,0.005451
181.1866,5.8090,62.03,117.00,0.005877
181.2621,5.8090,62.03,117.00,0.005330
181.3372,5.8090,62.03,117.00,0.005830
181.4085,5.8090,62.30,117.00,0.005419
181.4842,5.8090,62.30,117.00,0.005377
181.5602,5.8090,62.30,116.50,0.005332
181.6337,5.8245,62.30,117.00,0.005314
181.7062,5.8400,62.30,117.00,0.005625
181.7788,5.8400,62.30,117.00,0.005180
181.8492,5.8400,62.30,117.00,0.005677
181.9240,5.8400,62.57,117.00,0.005352
181.9952,5.8400,62.30,117.00,0.005450
182.0703,5.8400,62.30,117.00,0.005419
182.1419,5.8400,62.03,116.00,0.005433
182.2176,5.8400,62.03,116.00,0.005516
182.2892,5.8400,62.30,116.00,0.005569
182.3633,5.8400,62.30,116.00,0.005501
182.4353,5.8400,62.30,116.00,0.005165
182.5108,5.8400,62.30,116.00,0.005594
182.5840,5.8400,62.30,116.00,0.005382
182.6580,5.9050,62.30,116.00,0.005370
182.7309,5.9050,62.30,116.00,0.005597
182.8069,5.9050,62.30,116.00,0.005615
182.8816,5.9050,62.30,116.00,0.005697
182.9563,5.9050,61.49,116.00,0.005554
183.0304,5.9050,62.30,116.00,0.005838
183.1059,5.9050,62.30,116.00,0.005587
183.1796,5.9050,62.03,116.00,0.005421
183.2552,5.9050,62.30,116.00,0.005269
183.3273,5.9050,62.30,116.00,0.005646
183.4001,5.9050,62.30,116.50,0.005319
183.4747,5.9050,62.30,116.50,0.005673
183.5530,5.9050,61.76,116.00,0.005971
183.6316,5.9200,62.03,116.00,0.005951
183.7105,5.9350,62.30,116.00,0.005433
183.7876,5.9350,62.30,116.00,0.005116
183.8622,5.9350,62.30,116.00,0.005388
183.9324,5.9350,62.03,116.00,0.005119
184.0077,5.9350,62.30,116.00,0.005188
184.0798,5.9350,62.30,116.00,0.005532
184.1610,5.9350,62.30,116.00,0.005829
184.2404,5.9350,62.30,116.00,0.005452
184.3203,5.9350,62.30,116.00,0.005464
184.3973,5.9350,62.30,116.00,0.005624
184.4763,5.9350,62.30,116.00,0.005823
184.5547,5.9350,62.03,116.00,0.006151
184.6331,5.9350,62.30,116.00,0.005442
184.7102,5.9350,62.30,116.00,0.005894
184.7888,5.9350,62.30,116.00,0.005462
184.8660,5.9350,62.03,116.00,0.005265
184.9441,5.9350,62.03,116.00,0.006016
185.0229,5.9350,62.30,116.00,0.005951
185.1023,5.9350,62.30,116.00,0.005469
185.1793,5.9350,62.03,116.00,0.005925
185.2604,5.9350,62.03,116.00,0.005625
185.3371,5.9350,62.30,116.00,0.005159
185.4180,5.9350,62.30,116.00,0.005476
185.4949,5.9350,62.30,116.00,0.005506
185.5760,5.9350,62.03,116.00,0.005687
185.6532,5.9350,62.30,116.00,0.005549
185.7317,5.9350,62.30,116.00,0.005545
185.8095,5.9350,62.30,116.00,0.005680
185.8908,5.9350,62.30,116.50,0.005548
185.9675,5.9350,62.03,116.00,0.006135
186.0468,5.9350,62.30,116.00,0.005990
186.1183,5.9350,62.30,116.00,0.005405
186.1907,5.9350,61.76,116.00,0.005503
186.2625,5.9350,62.30,116.00,0.005136
186.3434,5.7600,62.03,116.00,0.005172
186.4219,5.7600,62.30,116.00,0.005980
186.4998,5.7600,62.30,116.00,0.005298
186.5753,5.7600,62.30,116.00,0.005398
186.6567,5.7425,62.30,116.00,0.005673
186.7361,5.7250,62.30,116.00,0.005190
186.8149,5.7250,62.30,116.00,0.005896
186.8883,5.7250,62.30,116.00,0.005272
186.9616,5.7250,62.03,116.00,0.005386
187.0354,5.7250,62.30,116.00,0.005362
187.1100,5.7250,62.30,116.00,0.005465
187.1818,5.7250,62.30,116.00,0.005473
187.2556,5.7250,62.03,116.00,0.005533
187.3311,5.7250,62.30,116.00,0.005516
187.4074,5.7250,62.30,116.00,0.005732
187.4796,5.7250,62.03,116.00,0.005841
187.5547,5.7250,62.30,116.00,0.005379
187.6274,5.7880,62.30,116.00,0.005613
187.7032,5.8510,62.03,116.00,0.005182
187.7734,5.8510,62.30,116.00,0.005232
187.8477,5.8510,61.76,116.00,0.005525
187.9216,5.8510,62.30,116.00,0.005478
187.9988,5.8510,62.30,116.00,0.005280
188.0708,5.8510,62.30,116.00,0.005255
188.1453,5.8510,62.03,116.00,0.005357
188.2186,5.8510,62.30,116.00,0.005343
188.2921,5.8510,62.30,116.00,0.005193
188.3665,5.8510,62.03,116.00,0.005419
188.4402,5.8510,62.30,116.00,0.005482
188.5123,5.8510,62.30,116.00,0.005738
188.5883,5.8510,61.76,116.00,0.005614
188.6619,5.8510,62.30,116.00,0.005777
188.7352,5.8510,62.30,116.00,0.005434
188.8097,5.8510,62.03,116.00,0.005417
188.8849,5.8510,62.03,116.00,0.005213
188.9558,5.8510,62.30,116.00,0.005404
189.0307,5.8510,62.30,116.00,0.005220
189.1009,5.8510,61.76,116.00,0.005131
189.1769,5.8510,62.30,116.00,0.005824
189.2512,5.8510,62.30,116.00,0.005632
189.3271,5.8510,61.76,116.00,0.005724
189.4014,5.8510,62.30,116.00,0.005221
189.4776,5.8510,61.76,116.00,0.005410
189.5492,5.8510,62.30,116.00,0.005553
189.6238,5.8510,62.30,116.00,0.005586
189.7000,5.8510,62.30,116.00,0.005423
189.7752,5.8510,62.03,116.00,0.005713
189.8465,5.8510,61.76,116.00,0.005494
189.9229,5.8510,61.76,116.00,0.005522
189.9937,5.8510,62.30,116.00,0.005276
190.0720,5.8510,62.30,116.00,0.005631
190.1463,5.8665,62.30,116.00,0.005380
190.2224,5.8820,62.30,116.00,0.005368
190.2987,5.8820,62.30,116.00,0.005836
190.3750,5.8820,62.30,116.00,0.005709
190.4468,5.8820,62.30,116.00,0.005481
190.5223,5.8820,62.30,116.00,0.005567
190.5947,5.8820,62.30,116.00,0.005510
190.6703,5.8400,62.30,116.00,0.005275
190.7411,5.8400,62.03,116.00,0.005198
190.8159,5.8400,62.30,116.00,0.005258
190.8890,5.8400,62.57,116.00,0.005462
190.9641,5.8400,62.30,116.00,0.005499
191.0398,5.8400,61.76,116.00,0.006099
191.1160,5.8400,62.30,116.00,0.005599
191.1911,5.8400,62.30,116.00,0.005599
191.2651,5.8400,62.30,116.00,0.005359
191.3384,5.8400,62.30,116.00,0.005464
191.4153,5.8400,62.03,116.00,0.005396
191.4871,5.8400,62.30,116.00,0.005523
191.5594,5.8400,62.30,116.00,0.005396
191.6348,5.8400,62.30,116.00,0.005486
191.7110,5.8400,61.76,116.00,0.005455
191.7864,5.8400,62.30,116.50,0.005142
191.8606,5.8400,62.03,116.00,0.005219
191.9344,5.8400,62.30,116.00,0.005514
192.0074,5.8400,62.03,116.00,0.005347
192.0780,5.8400,62.30,116.00,0.005351
192.1514,5.8400,62.03,116.00,0.005357
192.2228,5.8400,62.03,116.00,0.005936
192.2961,5.8400,62.30,116.00,0.005545
192.3670,5.8400,62.30,116.00,0.005795
192.4390,5.8400,62.30,116.00,0.005370
192.5104,5.8400,62.03,116.00,0.005403
192.5867,5.8400,62.30,116.00,0.005613
192.6581,5.8610,62.30,116.00,0.005641
192.7372,5.8820,62.30,116.00,0.005602
192.8114,5.8820,61.76,116.00,0.005168
192.8837,5.8820,62.03,116.00,0.005313
192.9601,5.8820,62.30,116.00,0.005673
193.0384,5.8820,62.30,116.00,0.005297
193.1117,5.8820,62.30,116.00,0.005196
193.1877,5.8820,62.30,116.00,0.005713
193.2588,5.8820,61.76,116.00,0.005266
193.3332,5.8820,62.30,116.00,0.005125
193.4080,5.8820,62.03,116.00,0.005559
193.4816,5.8820,62.30,116.00,0.005623
193.5531,5.8820,62.30,116.00,0.005453
193.6311,5.8820,61.76,116.00,0.005979
193.7035,5.8820,62.30,116.00,0.005340
193.7793,5.8820,62.30,116.00,0.005552
193.8564,5.8820,62.30,116.00,0.005720
193.9352,5.8820,62.30,116.00,0.005689
194.0110,5.8820,62.30,116.00,0.005514
194.0861,5.8820,61.76,116.00,0.005367
194.1576,5.8820,61.76,116.00,0.005377
194.2302,5.8820,62.30,116.00,0.005475
194.3020,5.8820,62.30,116.00,0.005545
194.3759,5.8820,62.03,116.00,0.005253
194.4501,5.8820,62.30,116.00,0.005553
194.5233,5.8820,62.30,116.00,0.005326
194.5950,5.8820,62.57,116.00,0.005569
194.6677,5.8820,62.30,116.00,0.005569
194.7415,5.8875,62.30,116.00,0.005483
194.8185,5.8930,62.30,116.00,0.005670
194.8907,5.8930,62.03,116.00,0.005630
194.9673,5.8930,62.03,116.00,0.005703
195.0399,5.8930,62.30,116.00,0.005926
195.1148,5.8930,62.03,116.00,0.005551
195.1919,5.8930,62.30,116.00,0.005449
195.2683,5.8930,62.30,116.00,0.005807
195.3420,5.8930,62.30,116.00,0.005593
195.4177,5.8930,62.30,116.00,0.005519
195.4910,5.8930,62.30,116.00,0.005826
195.5664,5.8930,61.76,116.00,0.005493
195.6418,5.8665,62.30,116.00,0.005747
195.7205,5.8400,62.30,116.00,0.005330
195.7945,5.8400,62.03,116.00,0.005573
195.8708,5.8400,62.30,116.00,0.005480
195.9433,5.8400,62.30,116.00,0.005507
196.0193,5.8400,62.03,116.00,0.005673
196.0962,5.8400,62.30,116.00,0.005424
196.1746,5.8400,62.30,116.00,0.005769
196.2481,5.8400,62.30,116.00,0.005435
196.3220,5.8400,62.03,116.00,0.005685
196.3990,5.8400,62.30,116.00,0.005836
196.4746,5.8400,62.03,116.00,0.005880
196.5473,5.8400,62.30,116.00,0.005800
196.6238,5.8550,62.30,116.00,0.006342
196.6988,5.8700,62.03,116.00,0.005700
196.7749,5.8700,62.30,116.00,0.005566
196.8494,5.8700,62.03,116.00,0.005470
196.9228,5.8700,62.30,116.00,0.005719
196.9968,5.8700,62.03,116.00,0.005411
197.0708,5.8700,62.30,116.00,0.005811
197.1443,5.8700,62.30,116.00,0.005471
197.2178,5.8700,62.30,116.00,0.005550
197.2896,5.8700,62.03,116.50,0.005245
197.3666,5.8700,62.30,116.00,0.005647
197.4404,5.8700,62.30,116.00,0.005496
197.5165,5.8700,62.03,116.00,0.005490
197.5908,5.8700,62.30,116.00,0.005414
197.6672,5.9200,62.30,116.00,0.005604
197.7413,5.9200,62.30,116.00,0.005482
197.8193,5.9200,62.30,116.00,0.005644
197.8932,5.9200,62.30,116.00,0.005429
197.9705,5.9200,62.03,116.00,0.005702
198.0422,5.9200,62.30,116.00,0.005926
198.1159,5.9200,62.03,116.00,0.005348
198.1925,5.9200,62.30,116.00,0.005462
198.2667,5.9200,62.30,116.00,0.005813
198.3412,5.9200,62.30,116.00,0.005550
198.4155,5.9200,62.03,116.00,0.005529
198.4891,5.9200,62.30,116.00,0.005405
198.5676,5.9200,62.03,116.00,0.005430
198.6422,5.9200,61.76,116.00,0.005436
198.7143,5.9200,62.30,116.00,0.005437
198.7851,5.9200,62.30,116.00,0.005108
198.8596,5.9200,62.03,116.00,0.005452
198.9317,5.9200,62.03,117.00,0.005670
199.0100,5.9200,62.30,117.00,0.005930
199.0824,5.9200,62.03,116.50,0.005446
199.1554,5.9200,62.30,116.00,0.005188
199.2265,5.9200,62.03,116.00,0.005180
199.3000,5.9200,62.30,116.00,0.005378
199.3710,5.9200,62.30,116.00,0.005524
199.4464,5.9200,62.03,116.00,0.005377
199.5199,5.9200,62.30,116.00,0.005184
199.5953,5.9200,62.30,116.00,0.005769
199.6701,5.9200,61.76,116.00,0.005524
199.7470,5.9200,62.03,116.00,0.005776
199.8208,5.9200,61.76,116.00,0.005473
199.8961,5.7980,62.03,116.00,0.005908
199.9727,5.7980,62.30,116.00,0.005524
200.0458,5.7980,62.30,116.00,0.005252
200.1185,5.7980,62.30,116.00,0.005692
200.1947,5.7980,62.03,116.00,0.005661
200.2667,5.7980,62.03,116.00,0.005834
200.3431,5.7980,62.30,116.00,0.005780
200.4181,5.7980,62.03,116.00,0.005741
200.4901,5.7980,62.30,116.00,0.005345
200.5611,5.7980,62.03,116.00,0.005095
200.6344,5.7980,62.30,116.00,0.005406
200.7079,5.8075,61.76,116.00,0.005193
200.7821,5.8170,62.30,116.00,0.005440
200.8534,5.8170,62.30,116.00,0.005430
200.9256,5.8170,61.76,116.00,0.005112
200.9972,5.8170,62.30,116.50,0.005473
201.0700,5.8170,62.30,117.00,0.005330
201.1435,5.8170,62.30,117.00,0.005465
201.2192,5.8170,61.76,116.00,0.005189
201.2917,5.8170,62.30,116.00,0.005772
201.3709,5.8170,62.30,116.00,0.005746
201.4505,5.8170,62.30,116.00,0.005958
201.5314,5.8170,62.30,116.00,0.006082
201.6078,5.8170,62.30,116.00,0.005619
201.6878,5.8280,61.76,116.00,0.005370
201.7674,5.8280,62.03,116.00,0.006051
201.8467,5.8280,61.76,116.00,0.005404
201.9271,5.8280,62.30,116.00,0.006131
202.0079,5.8280,62.30,116.00,0.005854
202.0815,5.8280,62.30,116.00,0.005040
202.1610,5.8280,62.30,116.00,0.005900
202.2383,5.8280,62.30,116.00,0.005403
202.3102,5.8280,62.03,116.00,0.005423
202.3815,5.8280,62.03,116.00,0.005316
202.4548,5.8280,62.30,116.00,0.005757
202.5317,5.8280,62.30,116.00,0.005614
202.6073,5.8280,62.30,116.00,0.005421
202.6838,5.8780,61.76,116.50,0.005667
202.7632,5.8780,62.03,117.00,0.005963
202.8409,5.8780,62.03,117.00,0.007116
202.9161,5.8780,62.30,117.00,0.005462
202.9925,5.8780,62.03,117.00,0.005893
203.0710,5.8780,62.30,117.00,0.005906
203.1477,5.8780,62.03,117.00,0.005649
203.2281,5.8780,61.76,117.00,0.005497
203.3039,5.8780,62.30,117.00,0.005996
203.3818,5.8780,62.30,117.00,0.005493
203.4585,5.8780,61.76,117.00,0.005934
203.5387,5.8780,62.03,117.00,0.005995
203.6156,5.8780,62.30,117.00,0.005376
203.6873,5.8780,62.03,117.00,0.005099
203.7569,5.8780,62.03,117.00,0.005292
203.8293,5.8780,62.30,117.00,0.005151
203.9035,5.8780,61.49,117.00,0.005624
203.9809,5.8780,62.03,117.00,0.005621
204.0535,5.8780,62.30,117.00,0.005388
204.1288,5.8780,62.30,117.00,0.005359
204.2006,5.8780,62.30,117.00,0.005925
204.2804,5.8780,61.76,117.00,0.005152
204.3540,5.8780,62.30,117.00,0.005473
204.4345,5.8780,62.30,117.00,0.005718
204.5110,5.8780,62.03,117.00,0.006053
204.5915,5.8780,62.30,117.00,0.006253
204.6692,5.8780,62.30,117.00,0.005629
204.7461,5.8780,62.30,117.00,0.005954
204.8225,5.8780,62.30,117.00,0.005673
204.8996,5.8780,62.03,117.00,0.005089
204.9754,5.8780,62.03,117.00,0.005620
205.0538,5.7750,62.30,117.00,0.005820
205.1264,5.7750,61.76,117.00,0.005710
205.1989,5.7750,62.03,117.00,0.005723
205.2693,5.7750,62.30,117.00,0.005620
205.3436,5.7750,61.76,117.00,0.005239
205.4143,5.7750,62.30,117.00,0.005357
205.4871,5.7750,62.30,117.00,0.005536
205.5602,5.7750,62.30,117.00,0.005676
205.6347,5.8305,62.30,117.00,0.005506
205.7042,5.8860,62.30,117.00,0.005170
205.7773,5.8860,62.30,116.00,0.005108
205.8491,5.8860,62.30,116.00,0.005267
205.9225,5.8860,62.03,116.50,0.005277
205.9929,5.8860,62.30,116.00,0.005237
206.0656,5.8860,62.30,116.00,0.005363
206.1383,5.8860,62.30,117.00,0.005420
206.2108,5.8860,62.03,117.00,0.005414
206.2813,5.8860,62.03,117.00,0.005307
206.3569,5.8860,62.30,117.00,0.005656
206.4275,5.8860,62.30,117.00,0.005370
206.5027,5.8860,62.30,117.00,0.005488
206.5748,5.8860,62.30,117.00,0.005335
206.6467,5.8975,62.30,117.00,0.005115
206.7223,5.9090,62.30,117.00,0.005269
206.7947,5.9090,62.30,116.50,0.005532
206.8658,5.9090,62.30,116.00,0.005513
206.9422,5.9090,62.03,116.00,0.005283
207.0146,5.9090,62.03,116.00,0.005285
207.0869,5.9090,62.30,116.00,0.005241
207.1574,5.9090,62.30,116.00,0.005367
207.2295,5.9090,62.30,116.00,0.005521
207.3023,5.9090,62.30,116.00,0.005299
207.3768,5.9090,61.76,116.00,0.005461
207.4475,5.9090,62.30,116.00,0.005580
207.5250,5.9090,62.03,116.00,0.005251
207.5970,5.9090,62.30,116.00,0.005342
207.6705,5.9280,62.30,116.50,0.005181
207.7417,5.9280,62.03,117.00,0.005534
207.8142,5.9280,62.30,117.00,0.005609
207.8864,5.9280,62.30,117.00,0.005130
207.9574,5.9280,61.76,117.00,0.005095
208.0292,5.9280,62.03,117.00,0.005106
208.1013,5.9280,61.76,117.00,0.005261
208.1745,5.9280,62.30,117.00,0.005732
208.2465,5.9280,62.03,117.00,0.005364
208.3246,5.9280,62.03,117.00,0.006171
208.4046,5.9280,61.76,117.00,0.005907
208.4805,5.9280,62.30,117.00,0.005668
208.5566,5.9280,62.03,117.00,0.006024
208.6278,5.9280,62.03,116.50,0.005381
208.7040,5.9280,62.30,116.00,0.005129
208.7809,5.9280,62.30,116.00,0.005719
208.8601,5.8550,62.30,116.00,0.005528
208.9353,5.8550,62.03,116.50,0.005497
209.0155,5.8550,62.30,116.00,0.005893
209.0935,5.8550,62.03,116.00,0.005687
209.1719,5.8550,62.30,116.00,0.006087
209.2470,5.8550,62.30,116.00,0.005636
209.3195,5.8550,62.03,117.00,0.005388
209.3893,5.8550,62.30,116.50,0.005245
209.4655,5.8550,62.30,116.00,0.005653
209.5430,5.8550,62.03,117.00,0.005858
209.6204,5.8550,62.30,116.50,0.005553
209.6989,5.8550,62.03,116.50,0.005677
209.7784,5.8550,62.30,116.00,0.005508
209.8541,5.8550,62.30,116.00,0.005889
209.9269,5.8550,62.03,116.00,0.005157
209.9967,5.8550,62.03,116.00,0.005456
210.0706,5.8550,62.03,117.00,0.005382
210.1421,5.8550,62.30,117.00,0.006069
210.2198,5.8550,61.76,116.50,0.005770
210.2904,5.8550,62.30,116.50,0.005394
210.3618,5.8550,62.03,116.00,0.005255
210.4340,5.8550,62.30,115.00,0.006148
210.5097,5.8550,62.30,113.00,0.005434
210.5879,5.8550,62.30,113.00,0.006246
210.6657,5.8550,62.30,113.00,0.005788
210.7409,5.8550,62.30,113.00,0.005414
210.8190,5.8550,62.30,113.00,0.005632
210.8897,5.8550,62.30,113.00,0.005543
210.9639,5.8930,62.03,113.00,0.005622
211.0332,5.8930,61.49,113.00,0.005205
211.1064,5.8930,62.03,113.00,0.005175
211.1761,5.8930,62.03,113.00,0.005315
211.2479,5.8930,62.30,113.00,0.005609
211.3177,5.8930,62.03,113.00,0.005195
211.3902,5.8930,62.03,113.00,0.005569
211.4631,5.8930,62.03,113.00,0.005482
211.5358,5.8930,62.30,113.00,0.005152
211.6070,5.8930,62.30,113.00,0.005639
211.6802,5.9200,61.76,113.00,0.005820
211.7497,5.9200,62.30,113.00,0.005474
211.8212,5.9200,61.76,113.00,0.005317
211.8912,5.9200,62.30,113.00,0.005219
211.9639,5.9200,62.30,113.00,0.005549
212.0342,5.9200,62.30,114.00,0.005208
212.1111,5.9200,62.30,114.00,0.005812
212.1815,5.9200,62.30,114.00,0.005362
212.2539,5.9200,62.03,114.00,0.005220
212.3250,5.9200,62.30,114.00,0.005690
212.3978,5.9200,62.03,114.00,0.005448
212.4706,5.9200,62.30,114.00,0.005350
212.5448,5.9200,62.30,114.00,0.005148
212.6202,5.9200,62.03,114.00,0.005558
212.6962,5.9390,62.30,114.00,0.005564
212.7693,5.9390,62.30,114.00,0.005326
212.8433,5.9390,62.30,114.00,0.005694
212.9214,5.9390,62.30,114.00,0.005458
212.9970,5.9390,62.30,114.00,0.005390
213.0726,5.9390,62.03,114.00,0.005515
213.1525,5.9390,62.30,114.00,0.005866
213.2300,5.9390,62.03,114.00,0.005250
213.3059,5.9390,62.30,114.00,0.005687
213.3843,5.9390,62.30,114.00,0.005473
213.4641,5.9390,62.30,114.00,0.005516
213.5419,5.9390,62.30,114.00,0.005799
213.6179,5.8800,62.30,114.00,0.006150
213.6944,5.8210,62.03,114.00,0.005808
213.7709,5.8210,62.03,114.00,0.005345
213.8464,5.8210,61.49,114.00,0.005496
213.9246,5.8210,62.30,114.50,0.005866
214.0034,5.8210,62.30,115.00,0.005789
214.0756,5.8210,62.03,115.00,0.005241
214.1462,5.8210,62.30,115.00,0.005606
214.2214,5.8210,61.76,115.00,0.005355
214.2965,5.8210,62.30,115.00,0.005632
214.3694,5.8210,61.76,115.00,0.005086
214.4414,5.8210,62.30,115.00,0.005474
214.5133,5.8210,62.03,115.00,0.005106
214.5842,5.8210,62.30,115.00,0.005448
214.6652,5.8470,62.30,115.00,0.005904
214.7386,5.8470,62.30,115.00,0.005477
214.8180,5.8470,62.30,115.00,0.005551
214.8938,5.8470,62.30,115.00,0.005792
214.9739,5.8470,62.30,115.00,0.005678
215.0500,5.8470,62.03,115.00,0.005753
215.1285,5.8470,62.30,115.00,0.005750
215.2065,5.8470,62.30,115.00,0.005502
215.2867,5.8470,62.30,115.00,0.005792
215.3624,5.8470,62.30,115.00,0.005923
215.4435,5.8470,62.03,115.00,0.006150
215.5136,5.8470,62.03,115.00,0.005261
215.5884,5.8470,62.30,115.00,0.005349
215.6644,5.8395,62.30,115.00,0.005773
215.7435,5.8320,62.03,115.00,0.005892
215.8227,5.8320,62.30,115.00,0.005710
215.9011,5.8320,62.30,115.00,0.005432
215.9772,5.8320,62.03,116.00,0.005740
216.0525,5.8320,62.30,116.00,0.005283
216.1225,5.8320,62.30,116.00,0.005479
216.2005,5.8320,62.30,116.00,0.005549
216.2762,5.8320,62.30,116.00,0.005593
216.3545,5.8320,62.30,116.00,0.005617
216.4280,5.8320,62.30,116.00,0.005715
216.5039,5.8320,62.03,116.00,0.005790
216.5748,5.8320,62.30,116.00,0.005566
216.6520,5.8360,62.30,116.00,0.005559
216.7259,5.8400,62.30,116.00,0.005547
216.7977,5.8400,62.30,116.00,0.005258
216.8678,5.8400,62.57,116.00,0.005359
216.9445,5.8400,62.30,116.00,0.005246
217.0171,5.8400,61.76,116.00,0.005555
217.0901,5.8400,62.30,116.00,0.005273
217.1609,5.8400,61.76,116.00,0.005393
217.2362,5.8400,62.30,116.00,0.005546
217.3092,5.8400,62.30,116.00,0.005455
217.3821,5.8400,62.30,116.00,0.005598
217.4547,5.8400,62.30,116.00,0.005379
217.5303,5.8400,62.03,116.00,0.005660
217.6000,5.8400,62.30,116.00,0.005149
217.6712,5.8400,62.30,116.00,0.005350
217.7425,5.8400,61.76,116.00,0.005207
217.8146,5.8400,62.30,116.00,0.005910
217.8864,5.8820,61.76,116.00,0.005383
217.9592,5.8820,62.03,116.00,0.005871
218.0295,5.8820,62.30,116.00,0.005568
218.1015,5.8820,62.03,116.00,0.005255
218.1751,5.8820,62.30,116.00,0.005555
218.2495,5.8820,62.30,116.00,0.005179
218.3224,5.8820,62.30,116.00,0.005294
218.3991,5.8820,62.30,116.00,0.005436
218.4700,5.8820,62.03,116.00,0.005652
218.5430,5.8820,62.30,116.00,0.005850
218.6134,5.8820,62.30,116.00,0.005371
218.6870,5.8090,62.03,116.00,0.005698
218.7579,5.8090,62.30,116.00,0.005567
218.8330,5.8090,62.30,116.00,0.005387
218.9076,5.8090,62.03,116.00,0.005332
218.9799,5.8090,62.30,116.50,0.005536
219.0505,5.8090,61.76,117.00,0.005392
219.1232,5.8090,62.30,116.00,0.005556
219.1954,5.8090,62.30,116.00,0.005394
219.2702,5.8090,62.03,116.00,0.005361
219.3406,5.8090,62.30,116.00,0.005466
219.4136,5.8090,62.30,116.00,0.005455
219.4863,5.8090,61.76,116.50,0.005256
219.5584,5.8090,62.30,117.00,0.005469
219.6319,5.8510,62.30,117.00,0.005521
219.7066,5.8930,62.30,116.00,0.005498
219.7773,5.8930,62.30,116.50,0.005564
219.8503,5.8930,62.30,117.00,0.005727
219.9209,5.8930,62.30,117.00,0.005464
219.9936,5.8930,62.30,117.00,0.005494
220.0645,5.8930,62.30,117.00,0.005602
220.1399,5.8930,62.30,117.00,0.006281
220.2127,5.8930,62.30,117.00,0.005604
220.2850,5.8930,62.03,117.00,0.005486
220.3576,5.8930,62.30,117.00,0.005527
220.4303,5.8930,62.30,117.00,0.005248
220.5011,5.8930,62.03,117.00,0.005583
220.5735,5.8930,62.30,116.00,0.005137
220.6468,5.9160,62.30,116.00,0.005642
220.7188,5.9390,62.30,116.00,0.005441
220.7907,5.9390,62.30,116.50,0.005439
220.8630,5.9390,62.30,117.00,0.005385
220.9335,5.9390,62.03,117.00,0.005535
221.0063,5.9390,62.30,117.00,0.005581
221.0769,5.9390,62.30,117.00,0.005373
221.1524,5.9390,62.30,117.00,0.005699
221.2229,5.9390,62.30,116.50,0.005609
221.2961,5.9390,62.30,117.00,0.005689
221.3696,5.9390,62.30,117.00,0.005218
221.4426,5.9390,62.30,117.00,0.005610
221.5139,5.9390,62.30,116.50,0.005599
221.5858,5.9390,62.03,117.00,0.005211
221.6572,5.9310,62.30,117.00,0.005312
221.7315,5.9310,62.30,117.00,0.005369
221.8030,5.9310,62.57,117.00,0.005417
221.8761,5.9310,62.30,117.00,0.005829
221.9472,5.9310,62.30,117.00,0.005409
222.0231,5.9310,62.03,117.00,0.005619
222.0968,5.9310,62.30,117.00,0.005318
222.1704,5.9310,62.30,117.00,0.005511
222.2416,5.9310,62.03,117.00,0.005231
222.3142,5.9310,62.30,116.00,0.005158
222.3882,5.9310,62.30,116.50,0.005542
222.4632,5.9310,62.03,116.00,0.005878
222.5350,5.9310,62.30,116.50,0.005809
222.6067,5.9310,62.30,117.00,0.005132
222.6787,5.9310,62.30,117.00,0.005452
222.7500,5.9310,62.30,117.00,0.005171
222.8226,5.9310,62.30,117.00,0.005357
222.8985,5.9140,62.30,117.00,0.005580
222.9700,5.8970,62.03,117.00,0.005467
223.0449,5.8970,62.30,117.00,0.005556
223.1161,5.8970,62.03,117.00,0.005465
223.1911,5.8970,62.30,117.00,0.005277
223.2624,5.8970,62.30,117.00,0.005841
223.3348,5.8970,62.30,117.00,0.005525
223.4058,5.8970,62.30,117.00,0.005347
223.4804,5.8970,62.03,117.00,0.005510
223.5514,5.8970,61.76,117.00,0.005536
223.6272,5.9030,62.03,117.00,0.005836
223.6971,5.9090,62.30,117.00,0.005114
223.7711,5.9090,62.30,117.00,0.005449
223.8410,5.9090,62.30,117.00,0.005127
223.9153,5.9090,62.30,117.00,0.005662
223.9863,5.9090,62.30,117.00,0.005542
224.0594,5.9090,62.30,117.00,0.005803
224.1299,5.9090,62.84,117.00,0.005464
224.2030,5.9090,62.30,117.00,0.005848
224.2742,5.9090,62.03,117.00,0.005660
224.3474,5.9090,62.30,117.00,0.005469
224.4203,5.9090,62.30,117.00,0.005204
224.4935,5.9090,62.30,117.00,0.005374
224.5663,5.9090,62.30,117.00,0.005399
224.6382,5.9090,62.03,117.00,0.005374
224.7109,5.9090,62.30,117.00,0.005604
224.7839,5.9430,62.03,117.00,0.005316
224.8597,5.9430,62.57,117.00,0.005439
224.9352,5.9430,62.30,117.00,0.005480
225.0063,5.9430,62.30,117.00,0.005653
225.0797,5.9430,62.30,117.00,0.005201
225.1533,5.9430,62.30,116.50,0.005287
225.2260,5.9430,62.30,116.50,0.005462
225.2992,5.9430,62.30,117.00,0.005702
225.3737,5.9430,62.30,117.00,0.005362
225.4466,5.9430,62.30,117.00,0.005332
225.5196,5.9430,62.30,117.00,0.005280
225.5925,5.9430,62.30,117.00,0.005224
225.6681,5.9120,62.30,117.00,0.005355
225.7394,5.9120,62.03,117.00,0.005781
225.8146,5.9120,61.76,117.00,0.005989
225.8856,5.9120,62.03,116.50,0.005241
225.9587,5.9120,62.30,116.00,0.005504
226.0291,5.9120,62.30,116.50,0.005207
226.1040,5.9120,62.30,116.00,0.005273
226.1773,5.9120,62.30,117.00,0.005359
226.2523,5.9120,62.30,116.50,0.005486
226.3263,5.9120,62.30,117.00,0.005657
226.4008,5.9120,62.30,117.00,0.005287
226.4712,5.9120,62.30,116.50,0.005059
226.5465,5.9120,62.03,116.50,0.005494
226.6173,5.9120,62.30,116.50,0.005360
226.6925,5.8970,62.30,116.50,0.005235
226.7656,5.8970,61.76,117.00,0.005321
226.8391,5.8970,62.30,117.00,0.005610
226.9123,5.8970,62.30,117.00,0.005513
226.9875,5.8970,62.03,117.00,0.005471
227.0585,5.8970,62.30,117.00,0.005556
227.1338,5.8970,62.30,117.00,0.005575
227.2051,5.8970,62.30,117.00,0.005300
227.2784,5.8970,62.30,117.00,0.005855
227.3510,5.8970,62.30,117.00,0.005569
227.4229,5.8970,62.57,117.00,0.005299
227.4943,5.8970,61.76,117.00,0.005273
227.5672,5.8970,62.30,117.00,0.005514
227.6379,5.8930,62.03,117.00,0.005251
227.7104,5.8890,62.30,117.00,0.005503
227.7808,5.8890,62.30,117.00,0.005170
227.8538,5.8890,62.30,116.00,0.005257
227.9261,5.8890,62.03,116.50,0.005381
228.0028,5.8890,62.30,117.00,0.005366
228.0777,5.8890,62.03,117.00,0.005466
228.1510,5.8890,61.49,117.00,0.005436
228.2217,5.8890,62.30,117.00,0.005462
228.2962,5.8890,62.30,117.00,0.005459
228.3732,5.8890,62.30,117.00,0.005634
228.4542,5.8890,62.30,117.00,0.006044
228.5315,5.8890,62.30,117.00,0.005794
228.6124,5.8890,62.30,117.00,0.005974
228.6865,5.8360,62.30,117.00,0.005395
228.7598,5.8360,62.30,117.00,0.005465
228.8323,5.8360,62.30,117.00,0.005770
228.9125,5.8360,62.30,117.00,0.005586
228.9910,5.8360,62.30,117.00,0.005603
229.0706,5.8360,62.30,117.00,0.005465
229.1472,5.8360,62.30,117.00,0.005940
229.2275,5.8360,62.03,117.00,0.005885
229.2973,5.8360,62.30,117.00,0.005196
229.3722,5.8360,62.30,117.00,0.005905
229.4456,5.8360,61.76,117.00,0.005820
229.5262,5.8360,62.30,117.00,0.005880
229.6016,5.8360,62.03,117.00,0.005760
229.6824,5.8280,62.03,117.00,0.005779
229.7603,5.8280,62.30,117.00,0.005531
229.8406,5.8280,62.30,117.00,0.005697
229.9174,5.8280,61.76,117.00,0.005891
229.9934,5.8280,62.30,117.00,0.005077
230.0706,5.8280,62.30,117.00,0.006016
230.1508,5.8280,62.03,117.00,0.005874
230.2282,5.8280,62.30,117.00,0.005525
230.3075,5.8280,62.03,117.00,0.006041
230.3815,5.8280,62.03,117.00,0.005323
230.4597,5.8280,62.30,117.00,0.005478
230.5310,5.8280,62.30,117.00,0.006005
230.6061,5.8280,62.30,117.00,0.005284
230.6782,5.8590,62.30,117.00,0.005530
230.7546,5.8590,62.03,117.00,0.005740
230.8277,5.8590,62.03,117.00,0.005417
230.9050,5.8590,61.76,117.00,0.005495
230.9771,5.8590,62.30,117.00,0.005148
231.0543,5.8590,62.30,117.00,0.005369
231.1254,5.8590,62.30,117.00,0.005568
231.1987,5.8590,62.30,117.00,0.005395
231.2714,5.8590,62.30,117.00,0.005140
231.3466,5.8590,62.30,117.00,0.005646
231.4181,5.8590,62.30,117.00,0.005579
231.4904,5.8590,62.30,117.00,0.005138
231.5601,5.8590,62.30,117.00,0.005191
231.6340,5.8590,62.30,117.00,0.005651
231.7063,5.8590,62.30,117.00,0.005528
231.7786,5.8915,62.03,117.00,0.005426
231.8497,5.9240,62.30,117.00,0.005293
231.9249,5.9240,62.30,117.00,0.005422
231.9999,5.9240,62.30,117.00,0.005173
232.0768,5.9240,62.03,117.00,0.005538
232.1472,5.9240,62.30,117.00,0.005563
232.2200,5.9240,62.30,117.00,0.005287
232.2950,5.9240,62.30,117.00,0.005640
232.3677,5.9240,62.30,117.00,0.005581
232.4410,5.9240,62.30,117.00,0.005368
232.5137,5.9240,62.30,117.00,0.005211
232.5865,5.9240,62.30,117.00,0.005485
232.6594,5.9050,62.30,117.00,0.005606
232.7298,5.9050,62.03,117.00,0.005428
232.8027,5.9050,62.03,117.00,0.005826
232.8737,5.9050,61.76,117.00,0.005455
232.9465,5.9050,62.30,117.00,0.005543
233.0178,5.9050,62.30,117.00,0.005353
233.0890,5.9050,62.03,117.00,0.005137
233.1607,5.9050,62.30,117.00,0.005280
233.2341,5.9050,62.03,117.00,0.005174
233.3040,5.9050,62.30,117.00,0.005444
233.3789,5.9050,61.76,117.00,0.005832
233.4493,5.9050,62.30,117.00,0.005177
233.5224,5.9050,62.30,117.00,0.005783
233.5933,5.9050,62.30,117.00,0.005579
233.6668,5.8780,61.76,117.00,0.005708
233.7372,5.8780,62.30,117.00,0.005190
233.8100,5.8780,62.30,117.00,0.005517
233.8826,5.8780,62.30,117.00,0.005393
233.9585,5.8780,62.30,117.00,0.005442
234.0287,5.8780,62.03,117.00,0.005388
234.1037,5.8780,62.03,117.00,0.005601
234.1750,5.8780,62.03,117.00,0.005493
234.2475,5.8780,62.30,117.00,0.005542
234.3181,5.8780,62.30,117.00,0.005514
234.3905,5.8780,62.30,117.00,0.005314
234.4615,5.8780,62.30,117.00,0.005814
234.5347,5.8780,62.30,117.00,0.005640
234.6074,5.8780,62.03,117.00,0.005497
234.6824,5.9660,62.30,117.00,0.005219
234.7551,5.9660,62.30,117.00,0.005517
234.8301,5.9660,62.30,117.00,0.005416
234.9012,5.9660,62.30,117.00,0.005500
234.9745,5.9660,62.30,117.00,0.005661
235.0470,5.9660,62.30,117.00,0.005811
235.1191,5.9660,62.30,117.00,0.005458
235.1897,5.9660,62.30,117.00,0.005173
235.2616,5.9660,62.30,117.00,0.005072
235.3330,5.9660,62.30,117.00,0.005231
235.4074,5.9660,62.30,117.00,0.005884
235.4780,5.9660,62.03,117.00,0.005237
235.5504,5.9660,62.30,117.00,0.005376
235.6214,5.9660,62.30,117.00,0.005607
235.6988,5.9660,61.76,117.00,0.005697
235.7714,5.9660,62.30,117.00,0.005696
235.8466,5.9660,62.30,117.00,0.005509
235.9183,5.9660,62.30,117.00,0.005883
235.9952,5.9660,62.03,117.00,0.005431
236.0662,5.9660,61.49,117.00,0.005401
236.1383,5.9660,62.30,117.00,0.005129
236.2093,5.9660,62.30,117.00,0.005332
236.2842,5.9660,62.30,117.00,0.005585
236.3540,5.9660,62.30,117.00,0.005441
236.4254,5.9660,62.03,117.00,0.005121
236.4950,5.9660,62.30,117.00,0.005216
236.5664,5.9660,62.30,117.00,0.005250
236.6397,5.9240,62.30,117.00,0.005575
236.7148,5.8820,61.76,117.00,0.005653
236.7872,5.8820,62.30,117.00,0.005553
236.8626,5.8820,62.03,117.00,0.005672
236.9333,5.8820,62.30,117.00,0.005186
237.0087,5.8820,62.03,117.00,0.005785
237.0838,5.8820,62.30,117.00,0.005525
237.1608,5.8820,62.03,117.00,0.005213
237.2317,5.8820,62.03,117.00,0.005413
237.3065,5.8820,61.76,117.00,0.005485
237.3798,5.8820,62.30,117.00,0.005759
237.4541,5.8820,62.30,117.00,0.005423
237.5251,5.8820,62.30,117.00,0.005083
237.5972,5.8820,62.30,117.00,0.005170
237.6665,5.8820,62.30,117.00,0.005280
237.7377,5.8820,62.30,117.00,0.005219
237.8076,5.8820,62.30,117.00,0.005459
237.8824,5.8875,62.03,117.00,0.005699
237.9554,5.8930,62.30,117.00,0.005332
238.0302,5.8930,62.30,117.00,0.005474
238.1031,5.8930,62.30,117.00,0.005722
238.1781,5.8930,62.30,117.00,0.005706
238.2513,5.8930,62.30,117.00,0.005744
238.3240,5.8930,62.30,117.00,0.005403
238.3953,5.8930,62.03,117.00,0.005668
238.4705,5.8930,62.30,117.00,0.005263
238.5442,5.8930,62.30,117.00,0.005865
238.6188,5.8930,62.30,117.00,0.005378
238.6900,5.8930,62.03,117.00,0.005158
238.7611,5.8930,62.30,117.00,0.005204
238.8307,5.8930,62.30,117.00,0.005406
238.9017,5.8930,62.30,117.00,0.005201
238.9742,5.8930,62.30,117.00,0.005404
239.0449,5.8930,62.03,117.00,0.005159
239.1184,5.8930,62.30,117.00,0.005286
239.1894,5.8930,62.30,116.00,0.005112
239.2613,5.8930,62.03,116.00,0.005113
239.3358,5.8930,62.30,117.00,0.005332
239.4051,5.8930,62.30,117.00,0.005215
239.4786,5.8930,62.30,117.00,0.005297
239.5505,5.8930,62.30,117.00,0.005422
239.6277,5.8930,62.30,117.00,0.005527
239.7003,5.8930,62.03,117.00,0.005537
239.7772,5.8930,62.30,117.00,0.005546
239.8501,5.8930,62.30,117.00,0.005611
239.9245,5.8930,62.30,117.00,0.005232
239.9973,5.8930,62.30,117.00,0.005503
240.0697,5.8930,62.30,117.00,0.005310
240.1443,5.8550,62.57,117.00,0.006444
240.2192,5.8550,62.30,117.00,0.005648
240.2893,5.8550,62.30,117.00,0.005295
240.3646,5.8550,62.30,117.00,0.005769
240.4354,5.8550,62.30,117.00,0.005609
240.5075,5.8550,62.30,117.00,0.005363
240.5793,5.8550,62.30,117.00,0.005660
240.6543,5.9240,62.03,117.00,0.005422
240.7252,5.9240,62.30,117.00,0.005365
240.8000,5.9240,62.03,117.00,0.005459
240.8709,5.9240,62.30,117.00,0.005326
240.9465,5.9240,62.30,117.00,0.005899
241.0180,5.9240,62.30,116.00,0.005652
241.0909,5.9240,62.30,117.00,0.005907
241.1625,5.9240,62.03,117.00,0.005874
241.2347,5.9240,62.30,117.00,0.005307
241.3056,5.9240,62.30,117.00,0.005421
241.3792,5.9240,62.30,117.00,0.005700
241.4524,5.9240,62.30,117.00,0.005548
241.5270,5.9240,62.30,116.50,0.005323
241.5983,5.9240,62.30,116.00,0.005270
241.6749,5.9240,62.30,116.50,0.005540
241.7450,5.9240,62.03,117.00,0.005233
241.8176,5.9085,62.30,117.00,0.005102
241.8901,5.8930,62.30,117.00,0.005450
241.9626,5.8930,62.57,117.00,0.005987
242.0334,5.8930,62.30,117.00,0.005110
242.1065,5.8930,62.30,117.00,0.005570
242.1791,5.8930,62.30,117.00,0.005545
242.2516,5.8930,62.30,117.00,0.005890
242.3221,5.8930,62.30,117.00,0.005154
242.3972,5.8930,62.30,117.00,0.005471
242.4704,5.8930,62.03,117.00,0.005599
242.5431,5.8930,62.03,117.00,0.005632
242.6137,5.8930,62.03,117.00,0.005369
242.6878,5.8820,62.30,117.00,0.005556
242.7592,5.8820,62.30,117.00,0.005694
242.8374,5.8820,62.30,117.00,0.005371
242.9109,5.8820,62.30,117.00,0.005784
242.9835,5.8820,62.57,117.00,0.005189
243.0569,5.8820,62.30,117.00,0.005211
243.1297,5.8820,62.30,117.00,0.005442
243.2020,5.8820,61.76,117.00,0.005186
243.2746,5.8820,62.30,117.00,0.005600
243.3447,5.8820,62.30,117.00,0.005435
243.4198,5.8820,62.03,117.00,0.005736
243.4897,5.8820,62.30,117.00,0.005332
243.5650,5.8820,62.30,117.00,0.005872
243.6372,5.9145,62.57,117.00,0.005295
243.7101,5.9470,62.30,117.00,0.005418
243.7809,5.9470,62.30,117.00,0.005573
243.8582,5.9470,62.03,117.00,0.005361
243.9290,5.9470,62.30,117.00,0.005333
244.0019,5.9470,62.30,117.00,0.005585
244.0748,5.9470,62.30,117.00,0.005806
244.1469,5.9470,62.30,117.00,0.005358
244.2188,5.9470,62.30,117.00,0.005446
244.2897,5.9470,62.30,117.00,0.005116
244.3594,5.9470,62.30,117.00,0.005131
244.4310,5.9470,62.30,117.00,0.005177
244.5026,5.9470,62.30,117.00,0.005434
244.5761,5.9470,62.30,117.00,0.005411
244.6454,5.9470,62.30,117.00,0.005079
244.7186,5.9125,62.30,117.00,0.005527
244.7913,5.8780,62.03,117.00,0.005827
244.8663,5.8780,62.30,117.00,0.005574
244.9373,5.8780,62.30,117.00,0.005633
245.0117,5.8780,62.30,117.00,0.005371
245.0824,5.8780,62.30,117.00,0.005661
245.1576,5.8780,62.30,117.00,0.005654
245.2300,5.8780,62.30,117.00,0.005193
245.3035,5.8780,62.30,116.00,0.005822
245.3762,5.8780,62.03,117.00,0.005582
245.4520,5.8780,62.30,116.00,0.005510
245.5228,5.8780,62.30,116.00,0.005672
245.5967,5.8780,62.57,116.00,0.005626
245.6682,5.9090,62.30,117.00,0.005491
245.7430,5.9090,62.30,117.00,0.005721
245.8177,5.9090,62.30,117.00,0.005646
245.8903,5.9090,62.30,117.00,0.005712
245.9636,5.9090,62.30,117.00,0.006009
246.0358,5.9090,62.30,117.00,0.005589
246.1063,5.9090,62.30,117.00,0.005683
246.1789,5.9090,62.30,117.00,0.005834
246.2520,5.9090,62.30,117.00,0.005197
246.3293,5.9090,62.57,117.00,0.005577
246.4014,5.9090,62.57,117.00,0.005434
246.4762,5.9090,62.30,117.00,0.005533
246.5519,5.9090,62.30,117.00,0.005631
246.6271,5.9090,62.30,117.00,0.005757
246.6971,5.9090,62.30,117.00,0.005304
246.7704,5.9090,62.30,117.00,0.005432
246.8437,5.9090,61.76,117.00,0.005593
246.9150,5.9090,62.30,117.00,0.005233
246.9846,5.9090,62.03,117.00,0.005152
247.0574,5.9090,62.30,117.00,0.005091
247.1322,5.9090,62.30,117.00,0.005852
247.2088,5.9090,62.30,117.00,0.005477
247.2824,5.9090,62.30,117.00,0.006167
247.3550,5.9090,62.30,117.00,0.005450
247.4304,5.9090,62.30,117.00,0.005553
247.5028,5.9090,62.30,117.00,0.005176
247.5737,5.9090,62.30,117.00,0.005439
247.6485,5.9090,62.30,117.00,0.005429
247.7187,5.9010,62.30,117.00,0.005466
247.7942,5.8930,62.30,117.00,0.005464
247.8653,5.8930,62.30,117.00,0.005574
247.9376,5.8930,62.30,117.00,0.005608
248.0103,5.8930,62.30,117.00,0.005487
248.0867,5.8930,62.30,117.00,0.005607
248.1588,5.8930,62.30,117.00,0.005250
248.2339,5.8930,61.76,117.00,0.005490
248.3074,5.8930,62.30,117.00,0.005487
248.3823,5.8930,62.30,117.00,0.005574
248.4547,5.8930,62.30,117.00,0.005631
248.5314,5.8930,62.30,117.00,0.005431
248.6063,5.8930,62.03,117.00,0.005254
248.6795,5.9090,62.30,117.00,0.005525
248.7502,5.9090,62.30,117.00,0.005546
248.8228,5.9090,62.30,117.00,0.005500
248.8937,5.9090,62.03,117.00,0.005160
248.9666,5.9090,62.30,117.00,0.005487
249.0392,5.9090,62.30,117.00,0.005192
249.1119,5.9090,62.30,117.00,0.005749
249.1824,5.9090,62.03,117.00,0.005511
249.2555,5.9090,62.30,117.00,0.005574
249.3295,5.9090,62.30,117.00,0.005608
249.4022,5.9090,62.30,117.00,0.005245
249.4728,5.9090,62.30,117.00,0.005438
249.5480,5.9090,62.30,117.00,0.005454
249.6212,5.9050,62.30,117.00,0.005495
249.6943,5.9010,62.30,117.00,0.005334
249.7648,5.9010,62.30,117.00,0.005530
249.8372,5.9010,62.30,117.00,0.005203
249.9100,5.9010,62.30,117.00,0.005689
249.9822,5.9010,62.30,117.00,0.005515
250.0549,5.9010,62.57,117.00,0.005569
250.1275,5.9010,62.30,117.00,0.005410
250.2032,5.9010,62.03,117.00,0.005898
250.2774,5.9010,62.30,117.00,0.005248
250.3488,5.9010,62.30,117.00,0.005081
250.4217,5.9010,62.57,117.00,0.005084
250.4917,5.9010,62.30,117.00,0.005346
250.5664,5.9010,62.30,117.00,0.005840
250.6390,5.8820,62.30,117.00,0.005561
250.7120,5.8630,62.30,117.00,0.005636
250.7814,5.8630,62.30,117.00,0.005125
250.8544,5.8630,62.30,117.00,0.005607
250.9244,5.8630,62.03,117.00,0.005233
250.9992,5.8630,62.30,117.00,0.005528
251.0700,5.8630,62.30,117.00,0.005639
251.1423,5.8630,62.30,117.00,0.005580
251.2153,5.8630,62.03,117.00,0.005384
251.2883,5.8630,62.30,117.00,0.005574
251.3609,5.8630,62.30,117.00,0.005337
251.4353,5.8630,62.03,117.00,0.005229
251.5061,5.8630,62.30,117.00,0.005410
251.5790,5.8630,62.30,117.00,0.005311
251.6503,5.8800,62.57,117.00,0.005765
251.7232,5.8970,62.30,117.00,0.005713
251.7956,5.8970,62.30,117.00,0.005682
251.8708,5.8970,62.57,117.00,0.005490
251.9420,5.8970,62.03,117.00,0.005620
252.0144,5.8970,62.03,117.00,0.005487
252.0875,5.8970,62.30,117.00,0.005414
252.1647,5.8970,62.30,117.00,0.005551
252.2353,5.8970,62.30,117.00,0.005348
252.3106,5.8970,62.30,117.00,0.005994
252.3815,5.8970,62.30,117.00,0.005610
252.4567,5.8970,62.30,117.00,0.005381
252.5315,5.8970,62.30,117.00,0.005591
252.6062,5.8970,62.30,117.00,0.005606
252.6800,5.9200,62.03,117.00,0.005388
252.7569,5.9200,62.03,117.00,0.005488
252.8273,5.9200,62.30,117.00,0.005371
252.9020,5.9200,62.30,117.00,0.005436
252.9723,5.9200,62.03,117.00,0.005188
253.0468,5.9200,62.30,117.00,0.005368
253.1180,5.9200,62.30,117.00,0.005449
253.1945,5.9200,62.30,117.00,0.005458
253.2673,5.9200,62.30,117.00,0.005674
253.3398,5.9200,62.30,117.00,0.005147
253.4108,5.9200,62.30,117.00,0.005428
253.4832,5.9200,62.30,117.00,0.005355
253.5540,5.9200,62.30,117.00,0.005527
253.6305,5.9200,62.57,117.00,0.005522
253.7007,5.9200,62.30,117.00,0.005427
253.7777,5.9200,62.30,117.00,0.005534
253.8506,5.9200,62.30,117.00,0.005612
253.9231,5.9200,62.30,117.00,0.005747
253.9935,5.9200,62.30,117.00,0.005416
254.0664,5.9200,62.30,117.00,0.005846
254.1374,5.9200,62.30,117.00,0.005443
254.2101,5.9200,62.30,117.00,0.005573
254.2854,5.9200,62.30,117.00,0.005668
254.3575,5.9200,62.30,117.00,0.005366
254.4305,5.9200,62.30,117.00,0.005659
254.5031,5.9200,62.30,117.00,0.005425
254.5747,5.9200,62.30,117.00,0.005116
254.6457,5.9200,62.30,117.00,0.005147
254.7156,5.9200,62.30,117.00,0.005152
254.7876,5.9200,62.30,117.00,0.005130
254.8596,5.8930,62.30,117.00,0.005492
254.9345,5.8930,62.30,117.00,0.005710
255.0076,5.8930,62.30,117.00,0.005578
255.0822,5.8930,62.30,117.00,0.005077
255.1554,5.8930,62.03,117.00,0.005480
255.2305,5.8930,62.30,117.00,0.005898
255.3029,5.8930,62.30,117.00,0.005403
255.3742,5.8930,62.30,117.00,0.005688
255.4463,5.8930,62.30,117.00,0.005487
255.5186,5.8930,61.76,117.00,0.005490
255.5880,5.8930,62.57,117.00,0.005138
255.6595,5.8930,62.30,117.00,0.005351
255.7290,5.8930,62.03,117.00,0.005045
255.8036,5.8970,62.30,117.00,0.005618
255.8748,5.9010,62.30,117.00,0.005277
255.9492,5.9010,62.30,117.00,0.005098
256.0198,5.9010,62.30,117.00,0.005562
256.0948,5.9010,62.30,117.00,0.005322
256.1654,5.9010,62.30,117.00,0.005150
256.2428,5.9010,62.30,117.00,0.005718
256.3152,5.9010,62.30,117.00,0.005515
256.3899,5.9010,62.03,117.00,0.005334
256.4625,5.9010,62.57,117.00,0.005478
256.5357,5.9010,62.30,117.00,0.005715
256.6067,5.9010,62.30,117.00,0.005800
256.6794,5.9200,62.30,117.00,0.005221
256.7496,5.9200,62.30,117.00,0.005093
256.8229,5.9200,62.03,117.00,0.005283
256.8983,5.9200,62.57,117.00,0.005302
256.9711,5.9200,62.03,117.00,0.005477
257.0440,5.9200,62.30,117.00,0.005387
257.1192,5.9200,62.30,117.00,0.005841
257.1895,5.9200,62.30,117.00,0.005255
257.2642,5.9200,62.30,117.00,0.005569
257.3350,5.9200,62.30,117.00,0.005329
257.4096,5.9200,62.30,117.00,0.005341
257.4827,5.9200,62.30,117.00,0.005737
257.5562,5.9200,62.30,117.00,0.005843
257.6306,5.9045,62.03,117.00,0.005481
257.7033,5.8890,62.30,117.00,0.005218
257.7737,5.8890,62.30,117.00,0.005284
257.8464,5.8890,62.30,117.00,0.005501
257.9198,5.8890,62.30,117.00,0.005606
257.9984,5.8890,62.30,117.00,0.005729
258.0765,5.8890,62.30,117.00,0.005792
258.1544,5.8890,62.30,117.00,0.005570
258.2329,5.8890,62.03,117.00,0.005358
258.3138,5.8890,62.30,117.00,0.005165
258.3935,5.8890,62.30,117.00,0.005940
258.4739,5.8890,62.30,117.00,0.005701
258.5533,5.8890,62.30,117.00,0.005597
258.6342,5.8280,62.30,117.00,0.005720
258.7114,5.7670,62.30,117.00,0.005915
258.7856,5.7670,62.30,117.00,0.005066
258.8565,5.7670,62.03,117.00,0.005133
258.9309,5.7670,62.30,117.00,0.005666
259.0010,5.7670,62.03,117.00,0.005174
259.0779,5.7670,62.30,117.00,0.005390
259.1572,5.7670,62.30,117.00,0.005811
259.2379,5.7670,62.03,117.00,0.005404
259.3169,5.7670,62.30,117.00,0.005958
259.3976,5.7670,62.30,117.50,0.007343
259.4752,5.7670,62.30,118.00,0.005772
259.5557,5.7670,62.30,118.00,0.005899
259.6317,5.7670,62.03,118.00,0.005607
259.7092,5.7670,62.30,118.00,0.005482
259.7854,5.7670,61.76,118.00,0.005891
259.8659,5.7670,62.30,118.00,0.005638
259.9442,5.7670,62.30,118.00,0.005943
260.0241,5.7670,62.30,118.00,0.005888
260.0977,5.7670,62.30,118.00,0.005224
260.1769,5.7670,62.30,117.00,0.005306
260.2479,5.7670,62.30,117.00,0.005228
260.3196,5.7670,62.30,117.00,0.005616
260.3892,5.7670,62.30,117.00,0.005127
260.4612,5.7670,62.30,117.00,0.005198
260.5360,5.7670,62.03,117.00,0.006136
260.6129,5.7670,62.30,117.00,0.005350
260.6912,5.7670,62.30,117.00,0.005535
260.7703,5.7670,62.30,117.00,0.005550
260.8466,5.7670,62.30,117.00,0.005645
260.9233,5.8415,62.03,117.00,0.005817
261.0011,5.9160,62.30,117.00,0.005718
261.0811,5.9160,62.03,117.00,0.005347
261.1581,5.9160,62.30,117.00,0.005753
261.2373,5.9160,62.30,117.00,0.005501
261.3141,5.9160,62.30,117.00,0.006213
261.3872,5.9160,62.30,117.00,0.005827
261.4571,5.9160,62.30,117.00,0.005066
261.5317,5.9160,62.30,117.00,0.005189
261.6071,5.9160,61.76,117.00,0.005506
261.6795,5.9160,62.30,117.00,0.005390
261.7540,5.8550,62.30,117.00,0.005854
261.8324,5.8550,62.30,117.00,0.005653
261.9078,5.8550,61.76,117.00,0.005170
261.9820,5.8550,62.30,117.00,0.005086
262.0549,5.8550,62.03,117.00,0.005270
262.1304,5.8550,62.30,117.00,0.005663
262.2081,5.8550,62.30,117.00,0.005281
262.2815,5.8550,62.30,117.00,0.005077
262.3543,5.8550,61.76,117.00,0.005286
262.4260,5.8550,62.30,117.00,0.005274
262.5000,5.8550,62.30,117.00,0.005217
262.5774,5.8550,62.30,117.00,0.005731
262.6556,5.8550,62.30,117.00,0.006476
262.7340,5.8550,62.30,117.00,0.005191
262.8037,5.8550,62.03,117.00,0.005084
262.8784,5.8550,62.03,117.00,0.005296
262.9499,5.8550,62.30,117.00,0.005531
263.0274,5.8550,62.03,117.00,0.005418
263.1055,5.8550,62.30,117.00,0.005682
263.1827,5.8550,62.30,117.00,0.005842
263.2604,5.8550,62.30,117.00,0.005437
263.3362,5.8550,62.03,117.00,0.005762
263.4123,5.8550,62.30,117.00,0.005845
263.4835,5.8550,62.30,117.00,0.005244
263.5535,5.8550,62.30,117.00,0.005101
263.6260,5.8550,62.30,117.00,0.005856
263.6984,5.8550,62.03,117.00,0.005764
263.7724,5.8550,62.30,117.00,0.005594
263.8455,5.8550,62.30,117.00,0.005149
263.9244,5.8550,62.30,117.00,0.005868
263.9976,5.8265,62.03,117.00,0.005809
264.0751,5.7980,62.30,117.00,0.005908
264.1528,5.7980,62.30,117.00,0.005465
264.2311,5.7980,62.03,117.00,0.005987
264.3090,5.7980,62.57,117.00,0.005557
264.3909,5.7980,61.49,117.00,0.005861
264.4714,5.7980,62.03,117.00,0.006177
264.5518,5.7980,62.30,117.00,0.006165
264.6334,5.7790,62.30,117.00,0.006423
264.7128,5.7600,62.03,117.00,0.005997
264.7895,5.7600,62.03,117.00,0.005856
264.8722,5.7600,62.30,117.00,0.005609
264.9506,5.7600,62.30,117.00,0.005816
265.0255,5.7600,62.30,117.00,0.005219
265.0993,5.7600,62.30,117.00,0.005946
265.1763,5.7600,62.30,117.00,0.005809
265.2550,5.7600,62.03,117.00,0.006116
265.3362,5.7600,62.03,117.00,0.005536
265.4155,5.7600,62.30,117.00,0.005892
265.4953,5.7600,62.30,117.00,0.005833
265.5734,5.7600,62.30,117.00,0.005869
265.6497,5.7370,62.30,117.00,0.005810
265.7247,5.7140,62.30,117.00,0.005305
265.7996,5.7140,62.30,117.00,0.005374
265.8707,5.7140,62.30,117.00,0.005706
265.9479,5.7140,62.03,117.00,0.006286
266.0216,5.7140,62.30,117.00,0.005727
266.1017,5.7140,62.30,117.00,0.005569
266.1774,5.7140,62.30,117.00,0.005393
266.2556,5.7140,62.30,117.00,0.005532
266.3347,5.7140,62.30,117.00,0.005931
266.4152,5.7140,62.30,117.00,0.005973
266.4913,5.7140,62.03,117.00,0.005674
266.5679,5.7140,62.30,117.00,0.005398
266.6402,5.7195,62.30,117.00,0.005906
266.7145,5.7250,62.30,117.00,0.005607
266.7846,5.7250,62.03,117.00,0.005098
266.8616,5.7250,62.30,117.00,0.005617
266.9389,5.7250,62.30,117.00,0.005631
267.0192,5.7250,62.30,117.00,0.005680
267.0951,5.7250,62.03,117.00,0.005572
267.1731,5.7250,62.30,117.00,0.005593
267.2508,5.7250,62.30,117.00,0.005983
267.3314,5.7250,62.03,117.00,0.005833
267.4090,5.7250,62.30,117.00,0.005507
267.4864,5.7250,62.30,117.00,0.005770
267.5554,5.7250,62.30,117.00,0.005100
267.6279,5.7250,62.30,117.00,0.005764
267.7027,5.7250,62.30,117.00,0.005735
267.7832,5.7900,62.03,117.00,0.005560
267.8602,5.7900,62.30,117.00,0.005495
267.9388,5.7900,62.30,117.00,0.005390
268.0172,5.7900,62.30,117.00,0.005676
268.0943,5.7900,62.30,117.00,0.005889
268.1668,5.7900,62.30,117.00,0.005349
268.2401,5.7900,61.76,117.00,0.005801
268.3108,5.7900,62.30,117.00,0.005650
268.3855,5.7900,62.30,117.00,0.005595
268.4586,5.7900,62.30,117.00,0.005524
268.5362,5.7900,62.30,117.00,0.005396
268.6092,5.7900,62.03,117.00,0.005383
268.6835,5.9050,62.30,117.00,0.005599
268.7547,5.9050,62.03,117.00,0.005715
268.8280,5.9050,61.76,117.00,0.005621
268.9014,5.9050,61.76,117.00,0.005394
268.9767,5.9050,62.30,117.00,0.005560
269.0495,5.9050,62.03,117.00,0.005143
269.1228,5.9050,61.76,117.00,0.005350
269.1947,5.9050,62.03,117.00,0.005548
269.2696,5.9050,62.30,117.00,0.005193
269.3415,5.9050,62.30,117.50,0.005393
269.4146,5.9050,62.30,118.00,0.005705
269.4848,5.9050,62.30,118.00,0.005136
269.5575,5.9050,62.30,118.00,0.005413
269.6280,5.9050,62.30,118.00,0.005484
269.7029,5.9050,62.30,118.00,0.005685
269.7760,5.9050,62.30,118.00,0.005507
269.8506,5.9050,62.30,118.00,0.005459
269.9225,5.9050,62.30,118.00,0.005099
269.9936,5.9050,62.30,118.00,0.005101
270.0630,5.9050,62.30,118.00,0.005201
270.1365,5.9050,62.30,118.00,0.005239
270.2061,5.9050,62.30,118.00,0.005388
270.2772,5.9050,62.03,118.00,0.005117
270.3488,5.9050,62.03,118.00,0.005161
270.4219,5.9050,62.30,118.00,0.005111
270.4912,5.9050,62.30,118.00,0.005080
270.5636,5.9050,62.03,118.00,0.005246
270.6371,5.9050,62.30,118.00,0.005841
270.7151,5.9050,62.30,118.00,0.005862
270.7856,5.9050,62.30,118.00,0.005079
270.8635,5.9050,62.30,118.00,0.005518
270.9334,5.9050,62.30,118.00,0.005387
271.0046,5.9050,62.30,118.00,0.005292
271.0764,5.9050,62.30,118.00,0.005313
271.1519,5.8470,62.30,118.00,0.005347
271.2262,5.8470,62.30,118.00,0.005263
271.2990,5.8470,62.30,118.00,0.005875
271.3709,5.8470,62.30,118.00,0.005378
271.4436,5.8470,62.30,118.00,0.005337
271.5162,5.8470,62.30,118.00,0.005633
271.5913,5.8470,62.30,118.00,0.005544
271.6627,5.8780,62.30,118.00,0.005536
271.7374,5.8780,62.30,119.00,0.005326
271.8081,5.8780,62.30,119.00,0.005470
271.8828,5.8780,62.30,119.00,0.005491
271.9576,5.8780,62.30,119.00,0.005451
272.0312,5.8780,62.30,119.00,0.005648
272.1034,5.8780,62.30,119.00,0.005702
272.1793,5.8780,62.30,119.00,0.005770
272.2505,5.8780,62.30,119.00,0.005688
272.3227,5.8780,62.30,119.00,0.005509
272.3946,5.8780,62.30,119.00,0.005239
272.4668,5.8780,62.30,119.00,0.005394
272.5375,5.8780,62.30,119.00,0.005474
272.6104,5.8780,61.76,119.00,0.005414
272.6811,5.8820,62.30,119.00,0.005265
272.7583,5.8860,62.30,119.00,0.005218
272.8311,5.8860,62.30,119.00,0.005802
272.9035,5.8860,62.57,119.00,0.005160
272.9745,5.8860,62.30,119.00,0.005644
273.0477,5.8860,62.30,119.00,0.005747
273.1187,5.8860,62.30,119.00,0.005572
273.1946,5.8860,62.03,119.00,0.005360
273.2657,5.8860,62.30,119.00,0.005090
273.3408,5.8860,62.30,119.00,0.005291
273.4133,5.8860,62.30,119.00,0.005095
273.4867,5.8860,62.03,119.00,0.005704
273.5588,5.8860,62.30,119.00,0.005520
273.6345,5.8860,62.30,119.00,0.005443
273.7056,5.8860,62.30,119.00,0.005458
273.7778,5.8860,62.30,119.00,0.005093
273.8509,5.8860,62.30,119.00,0.005382
273.9264,5.8860,62.30,119.00,0.005169
273.9971,5.8860,62.30,119.00,0.005154
274.0690,5.8860,62.03,119.00,0.005144
274.1390,5.8860,62.30,119.00,0.005411
274.2104,5.8860,62.30,119.00,0.005245
274.2835,5.8860,62.30,119.00,0.005812
274.3560,5.8860,62.30,119.00,0.005268
274.4281,5.8860,62.30,119.00,0.005414
274.5033,5.8860,62.30,119.00,0.005564
274.5746,5.8860,62.30,119.00,0.005862
274.6501,5.9220,61.76,119.00,0.005513
274.7241,5.9580,62.30,119.00,0.005557
274.8000,5.9580,62.30,119.00,0.005381
274.8737,5.9580,62.30,119.00,0.005481
274.9473,5.9580,62.30,119.00,0.005319
275.0190,5.9580,62.03,119.00,0.005559
275.0944,5.9580,62.30,119.50,0.005645
275.1667,5.9580,62.30,119.50,0.005480
275.2396,5.9580,62.30,119.00,0.006073
275.3101,5.9580,62.30,119.00,0.005116
275.3832,5.9580,62.30,119.00,0.005619
275.4543,5.9580,62.30,119.00,0.005442
275.5309,5.9580,62.30,119.00,0.005516
275.6017,5.9580,62.30,119.50,0.005418
275.6751,5.9470,62.03,120.00,0.005711
275.7465,5.9470,62.30,120.00,0.006147
275.8195,5.9470,62.30,120.00,0.005752
275.8916,5.9470,62.30,120.00,0.005422
275.9671,5.9470,62.30,119.00,0.005584
276.0379,5.9470,61.76,119.00,0.005393
276.1110,5.9470,62.30,119.50,0.005967
276.1817,5.9470,62.30,119.00,0.005280
276.2545,5.9470,62.30,119.00,0.005265
276.3276,5.9470,62.30,119.00,0.005497
276.4033,5.9470,62.30,119.00,0.005433
276.4792,5.9470,61.76,119.00,0.005622
276.5521,5.9470,62.30,119.00,0.005420
276.6269,5.9240,62.30,119.00,0.005598
276.7001,5.9010,62.30,119.00,0.005241
276.7710,5.9010,62.30,119.00,0.005695
276.8466,5.9010,62.30,119.00,0.005859
276.9173,5.9010,62.03,119.00,0.005436
276.9902,5.9010,62.30,119.00,0.005600
277.0629,5.9010,62.30,119.00,0.005578
277.1360,5.9010,62.30,119.00,0.005573
277.2110,5.9010,62.30,119.00,0.005534
277.2838,5.9010,62.30,119.00,0.005356
277.3531,5.9010,62.30,119.50,0.005074
277.4250,5.9010,62.30,119.00,0.005117
277.4967,5.9010,62.30,119.00,0.005289
277.5713,5.9010,62.30,119.00,0.005367
277.6430,5.9010,62.03,119.00,0.005201
277.7148,5.9010,62.30,119.00,0.005600
277.7868,5.9010,62.30,119.00,0.005679
277.8592,5.9010,62.30,119.00,0.005503
277.9306,5.9160,62.30,119.00,0.005450
278.0036,5.9160,62.30,119.00,0.005664
278.0728,5.9160,62.03,119.00,0.005231
278.1469,5.9160,62.30,119.00,0.005441
278.2188,5.9160,62.03,119.00,0.005278
278.2910,5.9160,62.30,119.00,0.005447
278.3640,5.9160,62.30,119.00,0.005632
278.4405,5.9160,62.03,119.00,0.005295
278.5139,5.9160,62.03,119.00,0.005604
278.5865,5.9160,62.30,119.00,0.005585
278.6639,5.8890,62.30,119.00,0.009179
278.7424,5.8890,62.30,119.00,0.005867
278.8179,5.8890,62.30,119.00,0.005386
278.8965,5.8890,62.30,119.00,0.005231
278.9728,5.8890,62.03,119.00,0.005560
279.0507,5.8890,62.30,119.00,0.005607
279.1277,5.8890,62.30,119.00,0.005963
279.2063,5.8890,62.30,119.00,0.005515
279.2850,5.8890,61.76,119.00,0.005785
279.3646,5.8890,62.30,119.00,0.005493
279.4437,5.8890,62.30,119.00,0.006064
279.5212,5.8890,62.30,119.00,0.005194
279.5948,5.8890,62.03,119.00,0.005240
279.6677,5.8890,62.03,119.00,0.005590
279.7408,5.8890,62.03,119.00,0.005523
279.8206,5.7920,62.03,119.00,0.005135
279.8945,5.6950,62.30,119.00,0.005507
279.9708,5.6950,61.76,119.00,0.005772
280.0502,5.6950,62.03,119.00,0.005773
280.1289,5.6950,62.30,119.00,0.005399
280.2063,5.6950,62.30,119.00,0.005911
280.2847,5.6950,62.03,119.50,0.006073
280.3566,5.6950,62.30,120.00,0.005905
280.4328,5.6950,62.30,120.00,0.005135
280.5061,5.6950,62.57,120.00,0.005576
280.5787,5.6950,62.30,120.00,0.005572
280.6495,5.7635,62.30,120.00,0.005138
280.7247,5.8320,62.30,120.00,0.005434
280.7999,5.8320,62.03,120.00,0.005469
280.8776,5.8320,62.30,120.00,0.005421
280.9522,5.8320,61.76,119.50,0.005820
281.0274,5.8320,62.30,119.00,0.005752
281.0984,5.8320,62.30,119.00,0.005490
281.1742,5.8320,62.30,119.00,0.006144
281.2490,5.8320,62.30,120.00,0.006434
281.3245,5.8320,62.30,120.00,0.005204
281.3952,5.8320,62.30,120.00,0.005613
281.4675,5.8320,62.30,120.00,0.005226
281.5407,5.8320,62.30,120.00,0.005516
281.6186,5.8320,62.30,120.00,0.005618
281.6948,5.8510,62.03,120.00,0.005679
281.7733,5.8510,62.30,120.00,0.005748
281.8465,5.8510,62.30,120.00,0.005949
281.9246,5.8510,62.30,120.00,0.005705
282.0024,5.8510,62.30,120.00,0.005943
282.0760,5.8510,62.30,120.00,0.005469
282.1468,5.8510,62.30,120.00,0.005522
282.2221,5.8510,62.03,120.00,0.005589
282.2967,5.8510,62.57,120.00,0.005314
282.3693,5.8510,62.03,120.00,0.005320
282.4399,5.8510,62.30,120.00,0.005531
282.5148,5.8510,62.03,120.00,0.005509
282.5858,5.8510,62.03,120.00,0.005651
282.6592,5.8970,62.30,120.00,0.005231
282.7296,5.8970,62.30,120.00,0.005142
282.8049,5.8970,62.03,120.00,0.005754
282.8759,5.8970,62.30,120.00,0.005536
282.9518,5.8970,62.03,120.00,0.005708
283.0226,5.8970,62.30,120.00,0.005406
283.0977,5.8970,62.03,120.00,0.005332
283.1706,5.8970,62.57,120.00,0.005438
283.2434,5.8970,62.30,120.00,0.005270
283.3184,5.8970,61.76,120.00,0.005228
283.3913,5.8970,62.30,120.00,0.005689
283.4637,5.8970,62.30,120.00,0.005295
283.5384,5.8970,62.30,120.00,0.005237
283.6079,5.8970,62.30,120.00,0.005381
283.6816,5.8970,62.30,120.00,0.005085
283.7511,5.8970,62.03,120.00,0.005081
283.8235,5.8930,62.30,120.00,0.005351
283.8930,5.8890,62.30,120.00,0.005082
283.9646,5.8890,62.30,120.00,0.005127
284.0344,5.8890,62.03,120.00,0.005302
284.1058,5.8890,62.30,120.00,0.005051
284.1756,5.8890,62.57,120.00,0.005526
284.2477,5.8890,62.57,120.00,0.005357
284.3190,5.8890,62.30,120.00,0.005594
284.3938,5.8890,62.30,120.00,0.005556
284.4667,5.8890,62.30,120.00,0.005597
284.5415,5.8890,62.30,120.00,0.005247
284.6142,5.8890,62.30,120.00,0.005100
284.6896,5.8930,62.30,120.00,0.005652
284.7623,5.8930,62.30,120.00,0.005529
284.8373,5.8930,62.30,120.00,0.005326
284.9104,5.8930,62.30,120.00,0.005609
284.9834,5.8930,62.30,120.00,0.005397
285.0544,5.8930,62.30,120.00,0.005412
285.1267,5.8930,62.30,120.00,0.005332
285.2019,5.8930,62.30,120.00,0.005782
285.2747,5.8930,62.57,120.00,0.005422
285.3439,5.8930,62.57,120.00,0.005091
285.4158,5.8930,62.30,120.00,0.005318
285.4861,5.8930,62.57,120.00,0.005472
285.5586,5.8930,62.30,120.00,0.005598
285.6316,5.9235,62.30,120.00,0.005653
285.7069,5.9540,62.57,120.00,0.005459
285.7777,5.9540,62.30,120.00,0.005180
285.8551,5.9540,62.57,120.00,0.005473
285.9258,5.9540,62.30,120.00,0.005572
285.9985,5.9540,62.30,120.00,0.005513
286.0691,5.9540,62.30,120.00,0.005157
286.1418,5.9540,62.30,120.00,0.005349
286.2128,5.9540,62.03,120.00,0.005150
286.2849,5.9540,62.30,120.00,0.005271
286.3572,5.9540,62.30,120.00,0.005429
286.4299,5.9540,62.30,120.00,0.005526
286.5013,5.9540,62.30,120.00,0.005402
286.5755,5.9540,62.30,120.00,0.005189
286.6459,5.9600,62.30,120.00,0.005143
286.7205,5.9660,62.30,120.00,0.005373
286.7954,5.9660,62.30,120.00,0.005728
286.8702,5.9660,62.30,120.00,0.005490
286.9437,5.9660,62.30,120.00,0.005938
287.0183,5.9660,62.03,120.00,0.005554
287.0910,5.9660,62.30,120.00,0.005393
287.1634,5.9660,62.30,120.00,0.005398
287.2359,5.9660,62.30,120.00,0.005353
287.3102,5.9660,62.30,120.00,0.005437
287.3845,5.9660,62.30,120.00,0.005614
287.4573,5.9660,62.03,120.00,0.005379
287.5308,5.9660,61.76,120.00,0.005611
287.6021,5.9660,62.30,120.00,0.005127
287.6744,5.9660,62.30,120.00,0.005400
287.7463,5.9430,61.49,120.00,0.005113
287.8173,5.9200,62.30,120.00,0.005389
287.8907,5.9200,62.30,120.00,0.005658
287.9631,5.9200,62.30,120.00,0.005577
288.0384,5.9200,62.30,120.00,0.005591
288.1097,5.9200,62.30,120.00,0.005486
288.1830,5.9200,62.57,119.50,0.005834
288.2535,5.9200,62.03,119.00,0.005407
288.3279,5.9200,62.30,119.50,0.005345
288.3991,5.9200,62.30,120.00,0.005455
288.4721,5.9200,62.57,120.00,0.005454
288.5447,5.9200,62.30,120.00,0.005320
288.6196,5.9200,62.30,120.00,0.005581
288.6937,5.9390,62.30,120.00,0.005499
288.7668,5.9390,62.30,120.00,0.005225
288.8374,5.9390,62.30,120.00,0.005047
288.9097,5.9390,62.30,120.00,0.005126
288.9799,5.9390,62.57,120.00,0.005239
289.0543,5.9390,62.30,119.50,0.005565
289.1269,5.9390,62.30,119.50,0.005584
289.2000,5.9390,62.30,119.50,0.005742
289.2739,5.9390,62.30,119.00,0.005525
289.3469,5.9390,62.30,119.50,0.005817
289.4175,5.9390,62.30,119.00,0.005126
289.4950,5.9390,62.30,119.00,0.005682
289.5660,5.9390,62.30,119.00,0.005301
289.6383,5.9180,62.30,119.00,0.005483
289.7096,5.8970,62.30,119.00,0.005299
289.7824,5.8970,62.30,119.00,0.005769
289.8539,5.8970,62.30,119.00,0.005247
289.9263,5.8970,62.30,119.00,0.005678
289.9990,5.8970,62.30,119.00,0.005350
290.0720,5.8970,62.30,119.00,0.005563
290.1425,5.8970,62.30,119.00,0.005372
290.2174,5.8970,62.30,119.00,0.005640
290.2912,5.8970,62.30,119.50,0.005828
290.3657,5.8970,62.30,119.00,0.005122
290.4385,5.8970,62.30,119.00,0.005450
290.5113,5.8970,61.76,119.00,0.005478
290.5822,5.8970,62.30,119.00,0.005800
290.6547,5.8875,62.30,119.00,0.005291
290.7261,5.8780,62.30,119.00,0.005514
290.8013,5.8780,62.30,119.00,0.005554
290.8753,5.8780,62.30,119.00,0.005674
290.9503,5.8780,62.03,119.00,0.005362
291.0230,5.8780,62.30,119.00,0.005419
291.0961,5.8780,62.30,119.00,0.005930
291.1664,5.8780,62.30,119.00,0.005612
291.2388,5.8780,62.30,119.00,0.005507
291.3119,5.8780,62.30,119.00,0.005675
291.3870,5.8780,62.30,119.00,0.005557
291.4628,5.8780,62.30,119.00,0.005803
291.5346,5.8780,62.30,119.00,0.005161
291.6067,5.8780,62.03,119.00,0.005138
291.6780,5.8780,62.30,119.00,0.005124
291.7502,5.8780,62.30,119.00,0.005266
291.8240,5.9010,62.30,119.00,0.005503
291.8978,5.9010,62.30,119.00,0.006064
291.9706,5.9010,62.30,119.00,0.005577
292.0436,5.9010,62.03,119.00,0.005562
292.1182,5.9010,62.30,119.00,0.005370
292.1908,5.9010,62.30,119.00,0.005528
292.2639,5.9010,62.30,119.00,0.005543
292.3351,5.9010,62.30,119.00,0.005148
292.4068,5.9010,62.30,119.00,0.005372
292.4785,5.9010,62.30,119.00,0.005203
292.5517,5.9010,62.30,119.00,0.005644
292.6226,5.9010,62.30,119.00,0.005308
292.6938,5.9010,62.57,119.00,0.005057
292.7656,5.9010,62.03,119.00,0.005115
292.8376,5.9010,62.30,119.00,0.005034
292.9107,5.9010,62.30,119.00,0.005686
292.9826,5.9010,62.30,119.00,0.005337
293.0561,5.9010,62.30,119.00,0.005944
293.1323,5.9010,62.03,119.00,0.005288
293.2049,5.9010,62.30,119.00,0.005298
293.2797,5.9010,62.30,119.00,0.005306
293.3502,5.9010,62.30,119.00,0.005337
293.4213,5.9010,62.30,119.00,0.005161
293.4931,5.9010,62.30,119.00,0.005133
293.5647,5.9010,62.30,119.00,0.005318
293.6375,5.9010,62.30,119.00,0.005552
293.7100,5.9010,62.30,119.00,0.005530
293.7832,5.9010,62.30,119.00,0.005853
293.8560,5.8915,62.30,119.00,0.005626
293.9293,5.8820,62.30,118.50,0.005533
294.0013,5.8820,62.57,118.00,0.005410
294.0737,5.8820,62.30,118.50,0.005184
294.1507,5.8820,61.76,119.00,0.005773
294.2206,5.8820,62.30,119.00,0.005301
294.2954,5.8820,62.30,119.00,0.005790
294.3706,5.8820,62.30,119.00,0.005756
294.4452,5.8820,62.03,119.00,0.005445
294.5180,5.8820,62.03,119.00,0.005550
294.5903,5.8820,62.30,119.00,0.005445
294.6666,5.9010,62.30,119.00,0.005440
294.7394,5.9010,62.30,119.00,0.005330
294.8150,5.9010,62.03,119.00,0.005484
294.8911,5.9010,62.03,119.00,0.005489
294.9618,5.9010,62.30,119.00,0.005217
295.0353,5.9010,62.30,119.00,0.005572
295.1065,5.9010,62.30,119.00,0.005650
295.1814,5.9010,62.30,119.00,0.005327
295.2541,5.9010,62.30,118.50,0.005462
295.3262,5.9010,62.30,118.00,0.005094
295.3994,5.9010,62.30,118.50,0.005740
295.4738,5.9010,62.30,118.50,0.005433
295.5466,5.9010,62.57,118.00,0.005586
295.6192,5.9010,62.30,118.00,0.005326
295.6910,5.9160,62.30,118.00,0.005645
295.7621,5.9160,62.30,118.00,0.005139
295.8343,5.9160,62.30,118.00,0.005568
295.9056,5.9160,62.30,118.00,0.005253
295.9779,5.9160,62.57,118.00,0.005367
296.0505,5.9160,62.30,119.00,0.005244
296.1237,5.9160,62.30,119.00,0.005212
296.1984,5.9160,62.30,119.00,0.005586
296.2692,5.9160,62.03,119.00,0.005441
296.3416,5.9160,62.30,118.00,0.005377
296.4147,5.9160,62.30,118.00,0.005482
296.4879,5.9160,62.30,118.00,0.005581
296.5589,5.9160,62.57,118.00,0.005649
296.6320,5.8970,62.30,118.00,0.005424
296.7055,5.8780,62.30,118.00,0.005419
296.7780,5.8780,62.30,118.50,0.005174
296.8489,5.8780,62.30,118.00,0.005137
296.9213,5.8780,62.30,118.00,0.005255
296.9920,5.8780,62.30,118.00,0.005437
297.0670,5.8780,62.57,118.00,0.005378
297.1425,5.8780,62.30,118.00,0.005519
297.2172,5.8780,62.30,118.00,0.005557
297.2899,5.8780,61.76,118.00,0.005524
297.3644,5.8780,62.30,118.00,0.005565
297.4375,5.8780,62.30,118.00,0.005301
297.5105,5.8780,62.57,118.00,0.005415
297.5837,5.8780,62.30,118.00,0.005325
297.6572,5.8510,62.30,118.00,0.005313
297.7280,5.8510,62.30,118.00,0.006023
297.8034,5.8510,62.30,118.00,0.005654
297.8761,5.8510,62.30,118.50,0.005524
297.9509,5.8510,62.30,119.00,0.005660
298.0242,5.8510,62.30,118.50,0.005406
298.0993,5.8510,62.30,118.00,0.005573
298.1703,5.8510,62.30,118.00,0.005251
298.2450,5.8510,62.30,118.00,0.005509
298.3154,5.8510,62.30,118.50,0.005443
298.3906,5.8510,62.03,118.00,0.005703
298.4614,5.8510,62.30,118.00,0.005505
298.5344,5.8510,62.30,118.00,0.005748
298.6072,5.8510,62.30,118.00,0.005757
298.6827,5.9200,61.76,118.00,0.005664
298.7534,5.9200,62.30,118.00,0.005643
298.8262,5.9200,62.30,118.00,0.005620
298.9026,5.9200,62.30,118.00,0.005950
298.9760,5.9200,62.30,118.00,0.005689
299.0492,5.9200,62.30,118.00,0.005479
299.1225,5.9200,62.30,118.00,0.005327
299.1932,5.9200,62.30,118.00,0.005154
299.2651,5.9200,62.30,118.00,0.005295
299.3388,5.9200,62.30,118.00,0.005163
299.4112,5.9200,62.30,118.00,0.005470
299.4825,5.9200,62.30,118.00,0.005658
299.5569,5.9200,62.30,118.00,0.005113
299.6260,5.9200,62.30,118.00,0.005135
299.7007,5.8935,62.30,118.00,0.006059
299.7743,5.8670,62.30,118.00,0.005395
299.8463,5.8670,62.30,118.00,0.005286
299.9192,5.8670,62.30,118.00,0.005773
299.9940,5.8670,62.30,118.00,0.005189
300.0670,5.8670,62.30,118.00,0.005428
300.1392,5.8670,62.03,118.00,0.005193
300.2110,5.8670,62.57,118.00,0.005430
300.2840,5.8670,62.30,118.00,0.005602
300.3543,5.8670,62.30,118.00,0.005336
300.4275,5.8670,62.30,118.00,0.005791
300.5005,5.8670,62.30,118.00,0.005484
300.5732,5.8670,62.30,118.00,0.005464
300.6468,5.8975,62.30,118.00,0.005655
300.7201,5.9280,62.57,118.00,0.005541
300.7911,5.9280,62.30,118.00,0.005607
300.8660,5.9280,62.03,118.00,0.005484
300.9368,5.9280,62.57,118.00,0.005201
301.0122,5.9280,62.30,118.00,0.005456
301.0814,5.9280,62.30,118.00,0.005083
301.1544,5.9280,62.30,118.00,0.005156
301.2237,5.9280,62.30,118.00,0.005157
301.2951,5.9280,62.30,118.00,0.005249
301.3652,5.9280,62.30,118.00,0.005070
301.4391,5.9280,62.30,118.00,0.005553
301.5117,5.9280,62.30,118.00,0.005441
301.5888,5.9280,62.30,118.00,0.005459
301.6627,5.8670,62.30,118.00,0.005617
301.7361,5.8670,62.03,118.00,0.005563
301.8065,5.8670,62.30,118.00,0.005617
301.8787,5.8670,62.57,118.00,0.005560
301.9488,5.8670,62.30,118.00,0.005361
302.0212,5.8670,62.30,118.00,0.005032
302.0917,5.8670,62.30,118.00,0.005191
302.1634,5.8670,62.03,118.00,0.005152
302.2347,5.8670,62.30,118.00,0.005601
302.3082,5.8670,62.57,118.00,0.005612
302.3791,5.8670,62.30,118.00,0.005579
302.4515,5.8670,62.30,118.00,0.005190
302.5226,5.8670,62.30,118.00,0.006005
302.5973,5.8670,62.30,118.00,0.005161
302.6711,5.9730,62.30,118.00,0.005593
302.7438,5.9730,62.30,118.00,0.005192
302.8149,5.9730,62.03,118.00,0.005612
302.8906,5.9730,62.30,118.00,0.005667
302.9662,5.9730,62.57,118.00,0.005493
303.0397,5.9730,62.03,118.00,0.005630
303.1134,5.9730,62.30,118.00,0.005331
303.1911,5.9730,62.30,118.00,0.005687
303.2662,5.9730,62.30,118.00,0.005415
303.3397,5.9730,62.30,118.00,0.005542
303.4107,5.9730,62.57,118.00,0.005542
303.4856,5.9730,62.30,118.00,0.005156
303.5558,5.9730,62.30,118.00,0.005381
303.6310,5.9465,62.30,118.00,0.005711
303.7029,5.9200,62.30,118.00,0.005778
303.7787,5.9200,62.30,118.00,0.005911
303.8519,5.9200,62.30,118.00,0.005584
303.9269,5.9200,62.57,118.00,0.005363
304.0004,5.9200,62.30,118.00,0.005547
304.0759,5.9200,62.30,118.00,0.005684
304.1474,5.9200,62.30,117.50,0.005509
304.2223,5.9200,62.57,117.00,0.005369
304.2948,5.9200,62.30,117.00,0.005099
304.3706,5.9200,62.30,117.00,0.005319
304.4408,5.9200,62.30,117.50,0.005131
304.5139,5.9200,62.03,117.00,0.005343
304.5868,5.9200,62.57,117.00,0.005550
304.6609,5.8820,62.30,117.50,0.005641
304.7333,5.8820,62.30,117.50,0.005396
304.8058,5.8820,62.30,117.00,0.005127
304.8753,5.8820,62.03,117.00,0.005159
304.9466,5.8820,62.30,117.00,0.005130
305.0169,5.8820,62.30,117.50,0.005543
305.0913,5.8820,62.30,117.00,0.005686
305.1611,5.8820,62.30,117.00,0.005167
305.2333,5.8820,62.30,117.50,0.005431
305.3047,5.8820,62.30,118.00,0.005472
305.3780,5.8820,62.30,118.00,0.005558
305.4511,5.8820,62.30,118.00,0.005420
305.5225,5.8820,62.30,117.00,0.005129
305.5920,5.8820,62.30,117.00,0.005299
305.6655,5.8820,62.30,117.00,0.005055
305.7359,5.8990,62.30,117.50,0.005679
305.8114,5.9160,62.57,117.00,0.005297
305.8820,5.9160,62.57,117.00,0.005524
305.9547,5.9160,62.30,117.00,0.005253
306.0279,5.9160,62.30,117.00,0.005466
306.1028,5.9160,62.30,117.50,0.005774
306.1735,5.9160,62.30,117.50,0.005472
306.2463,5.9160,62.30,117.00,0.005468
306.3170,5.9160,62.30,117.50,0.005386
306.3919,5.9160,62.30,117.00,0.005524
306.4669,5.9160,62.30,117.00,0.005613
306.5399,5.9160,62.30,117.00,0.005762
306.6130,5.9160,62.57,117.00,0.005711
306.6863,5.9120,62.30,117.00,0.005641
306.7595,5.9120,62.30,117.00,0.005785
306.8315,5.9120,62.03,117.00,0.005429
306.9017,5.9120,62.03,117.00,0.005090
306.9732,5.9120,62.30,117.00,0.005157
307.0469,5.9120,62.30,117.00,0.005556
307.1182,5.9120,62.30,117.00,0.005610
307.1931,5.9120,62.30,117.00,0.005401
307.2656,5.9120,62.30,117.00,0.005142
307.3384,5.9120,62.30,117.00,0.005144
307.4134,5.9120,62.30,117.00,0.005539
307.4880,5.9120,62.30,117.00,0.005255
307.5633,5.9120,62.30,117.00,0.005807
307.6361,5.9065,62.30,117.00,0.005624
307.7084,5.9010,62.30,117.00,0.005365
307.7778,5.9010,62.30,117.00,0.005065
307.8491,5.9010,62.30,117.00,0.005089
307.9210,5.9010,62.30,117.00,0.005295
307.9960,5.9010,62.30,117.00,0.005535
308.0686,5.9010,62.30,117.00,0.005528
308.1431,5.9010,62.30,117.00,0.005491
308.2183,5.9010,62.30,117.00,0.005485
308.2893,5.9010,62.30,117.00,0.005060
308.3639,5.9010,62.30,117.00,0.005562
308.4385,5.9010,62.30,117.00,0.005643
308.5115,5.9010,62.30,117.00,0.005343
308.5835,5.9010,62.30,117.00,0.005503
308.6567,5.8550,62.30,117.00,0.005693
308.7302,5.8090,62.57,117.00,0.005628
308.8011,5.8090,62.57,117.00,0.005297
308.8765,5.8090,62.30,117.00,0.005554
308.9495,5.8090,62.30,117.00,0.005374
309.0247,5.8090,62.30,117.00,0.005404
309.0987,5.8090,62.57,117.00,0.005933
309.1715,5.8090,62.30,117.00,0.005415
309.2429,5.8090,62.30,117.00,0.005321
309.3157,5.8090,62.30,117.00,0.005616
309.3859,5.8090,62.30,117.00,0.005381
309.4590,5.8090,62.03,117.00,0.005663
309.5319,5.8090,62.57,117.00,0.005628
309.6067,5.8090,62.57,117.00,0.005528
309.6801,5.9240,62.30,117.00,0.005495
309.7554,5.9240,62.30,117.00,0.005534
309.8266,5.9240,61.76,117.00,0.005379
309.8995,5.9240,62.03,117.00,0.005503
309.9753,5.9240,62.30,117.00,0.005607
310.0474,5.9240,62.03,117.00,0.005270
310.1184,5.9240,62.30,117.00,0.005916
310.1919,5.9240,62.30,117.00,0.005434
310.2681,5.9240,62.30,117.00,0.005543
310.3429,5.9240,62.30,117.00,0.005490
310.4137,5.9240,62.30,117.00,0.005463
310.4905,5.9240,62.30,117.00,0.005435
310.5641,5.9240,62.57,117.00,0.006033
310.6385,5.9240,62.30,117.00,0.005507
310.7117,5.9240,62.03,117.00,0.005660
310.7865,5.9240,62.30,117.00,0.005320
310.8603,5.9240,62.30,117.00,0.005584
310.9355,5.9240,62.30,117.00,0.005601
311.0083,5.9240,62.30,117.00,0.005682
311.0809,5.9240,62.30,117.00,0.005145
311.1535,5.9240,61.76,117.00,0.005091
311.2272,5.9240,62.30,117.00,0.005573
311.2993,5.9240,62.30,117.00,0.005264
311.3712,5.9240,62.30,117.00,0.005436
311.4416,5.9240,62.57,117.00,0.005270
311.5148,5.9240,62.30,117.00,0.005784
311.5860,5.9240,62.30,117.00,0.005436
311.6634,5.9240,62.30,117.00,0.005610
311.7346,5.9240,62.30,117.00,0.005625
311.8079,5.9240,62.30,117.00,0.005575
311.8790,5.9240,62.30,116.50,0.005494
311.9571,5.9240,62.30,116.00,0.005652
312.0302,5.9240,62.30,117.00,0.005543
312.1030,5.9030,62.30,116.50,0.005666
312.1749,5.8820,62.30,117.00,0.005497
312.2506,5.8820,62.03,117.00,0.005879
312.3230,5.8820,62.30,117.00,0.005280
312.3979,5.8820,62.03,117.00,0.005472
312.4682,5.8820,62.30,117.00,0.005103
312.5459,5.8820,62.57,116.50,0.005762
312.6186,5.8990,62.30,117.00,0.005426
312.6918,5.9160,62.30,117.00,0.005377
312.7643,5.9160,62.30,117.00,0.005169
312.8392,5.9160,62.30,117.00,0.005471
312.9098,5.9160,62.03,117.00,0.005324
312.9845,5.9160,62.30,117.00,0.005365
313.0569,5.9160,62.30,117.00,0.005257
313.1320,5.9160,62.30,117.00,0.005768
313.2049,5.9160,62.30,117.00,0.005299
313.2803,5.9160,62.03,117.00,0.005624
313.3537,5.9160,62.30,117.00,0.005626
313.4265,5.9160,62.30,117.00,0.005299
313.4994,5.9160,62.30,117.00,0.005744
313.5718,5.9160,62.03,117.00,0.005399
313.6449,5.9085,61.76,117.00,0.005811
313.7177,5.9010,62.30,117.00,0.005296
313.7904,5.9010,62.30,116.00,0.005307
313.8632,5.9010,62.30,116.00,0.005594
313.9341,5.9010,62.30,116.50,0.005486
314.0064,5.9010,62.30,117.00,0.005370
314.0811,5.9010,62.30,117.00,0.005399
314.1540,5.9010,62.57,117.00,0.005282
314.2253,5.9010,62.30,116.50,0.005419
314.2982,5.9010,62.57,116.50,0.005438
314.3734,5.9010,61.76,117.00,0.005076
314.4465,5.9010,62.30,117.00,0.005442
314.5174,5.9010,62.30,117.00,0.005596
314.5900,5.9010,62.30,117.00,0.005479
314.6596,5.9010,62.03,117.00,0.005343
314.7311,5.9010,62.30,117.00,0.005335
314.8022,5.9010,62.03,117.00,0.005240
314.8751,5.9030,62.30,117.00,0.005594
314.9463,5.9050,62.30,117.00,0.005485
315.0211,5.9050,62.03,117.00,0.005412
315.0944,5.9050,62.30,117.00,0.005734
315.1664,5.9050,62.30,117.00,0.005128
315.2385,5.9050,62.30,117.00,0.005414
315.3108,5.9050,62.30,117.00,0.005932
315.3813,5.9050,61.76,117.00,0.005384
315.4542,5.9050,62.30,116.00,0.005421
315.5271,5.9050,62.30,116.00,0.005678
315.6022,5.9050,62.30,116.50,0.005495
315.6759,5.8890,62.30,117.00,0.005364
315.7508,5.8890,62.03,117.00,0.005801
315.8217,5.8890,62.30,117.00,0.005385
315.8944,5.8890,62.30,117.00,0.005437
315.9636,5.8890,62.30,117.00,0.005138
316.0354,5.8890,62.30,116.50,0.005348
316.1052,5.8890,62.03,116.50,0.005080
316.1777,5.8890,62.30,117.00,0.005665
316.2508,5.8890,62.30,117.00,0.005438
316.3236,5.8890,62.30,117.00,0.005534
316.3989,5.8890,62.57,117.00,0.005914
316.4708,5.8890,62.30,117.00,0.005282
316.5436,5.8890,62.30,117.00,0.005754
316.6186,5.8890,62.30,117.00,0.005457
316.6899,5.9050,62.30,117.00,0.005516
316.7629,5.9050,62.30,117.00,0.005964
316.8357,5.9050,62.03,117.00,0.005392
316.9108,5.9050,62.30,117.00,0.005762
316.9817,5.9050,62.57,117.00,0.005519
317.0547,5.9050,62.30,116.00,0.005486
317.1279,5.9050,62.30,116.00,0.005529
317.2028,5.9050,62.30,116.00,0.005425
317.2733,5.9050,62.30,116.00,0.005430
317.3469,5.9050,62.03,116.00,0.005621
317.4193,5.9050,62.30,117.00,0.005301
317.4921,5.9050,62.30,117.00,0.005890
317.5630,5.9050,62.03,117.00,0.005631
317.6390,5.8955,62.30,116.00,0.006437
317.7149,5.8860,62.30,116.00,0.005814
317.7878,5.8860,62.30,116.00,0.005507
317.8584,5.8860,62.30,116.00,0.005472
317.9311,5.8860,62.30,117.00,0.005234
318.0065,5.8860,62.30,117.00,0.005870
318.0788,5.8860,62.30,117.00,0.005655
318.1491,5.8860,62.30,117.00,0.005384
318.2214,5.8860,62.30,117.00,0.005164
318.2935,5.8860,62.30,117.00,0.005097
318.3649,5.8860,62.03,117.00,0.005171
318.4371,5.8860,62.03,117.00,0.005395
318.5095,5.8860,62.30,117.00,0.005070
318.5794,5.8860,62.30,117.00,0.005636
318.6511,5.8860,62.30,117.00,0.005541
318.7220,5.9050,62.30,117.00,0.005616
318.7951,5.9050,62.30,117.00,0.005956
318.8679,5.9050,62.30,117.00,0.005430
318.9426,5.9050,62.57,117.00,0.005707
319.0134,5.9050,62.30,116.50,0.005327
319.0854,5.9050,62.57,116.00,0.005367
319.1567,5.9050,62.57,117.00,0.005617
319.2343,5.9050,62.30,117.00,0.005366
319.3066,5.9050,62.57,117.00,0.005528
319.3813,5.9050,62.30,117.00,0.005250
319.4546,5.9050,62.30,117.00,0.005628
319.5275,5.9050,62.03,117.00,0.005975
319.5983,5.9050,62.30,116.50,0.005547
319.6744,5.9120,62.30,117.00,0.005106
319.7439,5.9120,62.57,117.00,0.005150
319.8158,5.9120,62.30,117.00,0.005369
319.8859,5.9120,62.57,117.00,0.005556
319.9614,5.9120,62.30,117.00,0.005310
320.0320,5.9120,62.30,117.00,0.005429
320.1070,5.9120,62.30,117.00,0.005262
320.1784,5.9120,62.30,117.00,0.005081
320.2496,5.9120,62.57,117.00,0.005102
320.3215,5.9120,62.03,117.00,0.005108
320.3960,5.9120,62.30,117.00,0.005545
320.4684,5.9120,62.30,117.00,0.005315
320.5431,5.9120,62.30,117.00,0.005411
320.6157,5.9120,62.30,117.00,0.005219
320.6915,5.8670,62.30,117.00,0.005538
320.7623,5.8670,62.30,117.00,0.005559
320.8346,5.8670,62.57,117.00,0.005413
320.9080,5.8670,62.30,116.50,0.005667
320.9836,5.8670,62.30,116.00,0.005335
321.0542,5.8670,62.30,116.00,0.005442
321.1272,5.8670,62.30,116.00,0.005780
321.1981,5.8670,62.57,116.00,0.005828
321.2715,5.8670,62.30,116.00,0.005838
321.3413,5.8670,62.30,116.50,0.005136
321.4144,5.8670,62.84,116.00,0.005160
321.4839,5.8670,62.57,117.00,0.005184
321.5554,5.8670,62.57,117.00,0.005336
321.6247,5.8670,62.03,117.00,0.005260
321.6959,5.8670,62.30,117.00,0.005296
321.7708,5.8670,62.30,117.00,0.005295
321.8435,5.8670,62.03,117.00,0.005518
321.9192,5.8670,62.30,117.00,0.005610
321.9918,5.8670,62.30,117.00,0.005401
322.0621,5.8670,62.30,117.00,0.005519
322.1393,5.8670,62.30,117.00,0.005602
322.2152,5.8670,62.30,117.00,0.005596
322.2866,5.8670,62.30,117.00,0.005146
322.3587,5.8670,62.30,117.00,0.005174
322.4322,5.8670,62.03,117.00,0.005114
322.5031,5.8670,62.30,117.00,0.005470
322.5787,5.8670,62.30,117.00,0.005409
322.6520,5.8745,62.30,117.00,0.005326
322.7256,5.8820,62.30,117.00,0.005131
322.7999,5.8820,62.30,116.50,0.005164
322.8731,5.8820,62.57,116.50,0.005147
322.9464,5.8820,62.30,116.00,0.005640
323.0211,5.8820,62.30,116.00,0.005418
323.0961,5.8820,62.30,116.00,0.005507
323.1706,5.8820,62.30,116.00,0.005640
323.2415,5.8820,62.30,116.00,0.005473
323.3146,5.8820,62.03,117.00,0.005642
323.3853,5.8820,62.30,117.00,0.005133
323.4581,5.8820,62.30,117.00,0.005471
323.5313,5.8820,62.30,117.00,0.005670
323.6089,5.8820,62.30,117.00,0.005334
323.6829,5.8820,62.30,117.00,0.005894
323.7557,5.8820,62.30,117.00,0.005463
323.8263,5.8820,62.03,117.00,0.005467
323.8990,5.8820,62.30,117.00,0.005505
323.9701,5.8820,62.30,117.00,0.005479
324.0426,5.8820,62.30,117.00,0.005567
324.1156,5.8820,62.30,117.00,0.005833
324.1903,5.8820,62.30,117.00,0.005639
324.2636,5.8820,62.30,117.00,0.005262
324.3380,5.8820,62.30,117.00,0.005625
324.4089,5.8820,62.03,117.00,0.005224
324.4820,5.8820,62.30,117.00,0.005461
324.5559,5.8820,62.30,117.00,0.005440
324.6294,5.8820,62.30,117.00,0.005706
324.7029,5.8820,62.57,116.00,0.005738
324.7755,5.9010,62.30,116.50,0.005513
324.8513,5.9200,62.30,116.00,0.006026
324.9309,5.9200,62.30,116.00,0.005609
325.0090,5.9200,62.30,116.00,0.005436
325.0891,5.9200,62.30,116.50,0.005705
325.1630,5.9200,62.30,117.00,0.005810
325.2431,5.9200,62.30,117.00,0.005759
325.3216,5.9200,62.30,117.00,0.005581
325.4022,5.9200,62.03,117.00,0.005973
325.4758,5.9200,62.03,117.00,0.005637
325.5567,5.9200,62.30,117.00,0.005718
325.6339,5.9200,62.30,117.00,0.005255
325.7055,5.9200,62.30,117.00,0.005107
325.7797,5.9200,62.30,117.00,0.005617
325.8557,5.9200,62.30,117.00,0.005333
325.9335,5.9200,62.03,117.00,0.005875
326.0108,5.9200,62.30,117.00,0.005856
326.0872,5.9200,62.30,117.00,0.006051
326.1675,5.9200,62.30,117.00,0.005944
326.2436,5.9200,62.30,117.00,0.005854
326.3234,5.9200,62.03,117.00,0.005925
326.3992,5.9200,62.30,117.00,0.005830
326.4742,5.9200,62.30,117.00,0.005582
326.5442,5.9200,62.57,117.00,0.005678
326.6159,5.9200,62.30,117.00,0.005485
326.6859,5.9200,61.49,117.00,0.005284
326.7633,5.9200,62.30,117.00,0.005186
326.8427,5.8090,62.30,117.00,0.005512
326.9225,5.8090,62.30,116.50,0.005226
326.9967,5.8090,62.30,116.00,0.005447
327.0747,5.8090,62.30,117.00,0.006067
327.1490,5.8090,62.30,117.00,0.005380
327.2270,5.8090,62.57,117.00,0.005757
327.3042,5.8090,62.30,117.00,0.005380
327.3793,5.8090,62.30,117.00,0.005364
327.4569,5.8090,62.30,117.00,0.005558
327.5361,5.8090,61.76,117.00,0.005221
327.6120,5.8090,62.30,117.00,0.005545
327.6910,5.7900,62.30,117.00,0.005597
327.7683,5.7900,62.03,117.00,0.005715
327.8458,5.7900,62.30,117.00,0.005339
327.9217,5.7900,62.03,117.00,0.005617
328.0007,5.7900,62.03,117.00,0.005462
328.0799,5.7900,62.30,117.00,0.005727
328.1594,5.7900,62.30,117.00,0.006027
328.2361,5.7900,62.57,117.00,0.005453
328.3145,5.7900,62.03,117.00,0.005430
328.3949,5.7900,62.30,117.00,0.006051
328.4751,5.7900,62.30,117.00,0.005785
328.5519,5.7900,62.30,117.00,0.006021
328.6314,5.8035,62.30,117.00,0.006334
328.7078,5.8170,61.76,117.00,0.005255
328.7861,5.8170,62.30,117.00,0.005166
328.8571,5.8170,62.30,117.00,0.005139
328.9337,5.8170,62.30,117.00,0.005283
329.0096,5.8170,62.30,117.00,0.005392
329.0851,5.8170,62.30,117.00,0.005124
329.1585,5.8170,62.03,117.00,0.005575
329.2314,5.8170,62.30,117.00,0.005198
329.3058,5.8170,62.30,117.00,0.005443
329.3845,5.8170,62.30,117.00,0.005776
329.4633,5.8170,62.57,117.00,0.005910
329.5396,5.8170,62.30,117.00,0.005131
329.6105,5.8170,62.30,117.00,0.005551
329.6842,5.8170,62.30,117.50,0.005558
329.7576,5.8170,62.30,118.00,0.005650
329.8381,5.8630,62.30,118.00,0.005637
329.9146,5.8630,62.03,118.00,0.005351
329.9904,5.8630,62.30,118.00,0.005544
330.0627,5.8630,62.30,118.00,0.005403
330.1388,5.8630,62.30,118.00,0.005420
330.2135,5.8630,62.30,118.00,0.005110
330.2898,5.8630,62.30,118.00,0.005282
330.3618,5.8630,62.30,118.00,0.005178
330.4401,5.8630,62.30,118.00,0.005900
330.5160,5.8630,62.30,118.00,0.006088
330.5971,5.8630,62.30,118.00,0.005759
330.6695,5.8630,62.30,118.00,0.005154
330.7439,5.8630,62.30,118.00,0.005409
330.8205,5.8630,62.30,118.00,0.005419
330.8957,5.8630,62.30,118.00,0.006012
330.9736,5.8630,62.30,118.00,0.005583
331.0540,5.8630,62.03,118.00,0.005669
331.1334,5.8630,62.30,118.00,0.005779
331.2126,5.8630,62.30,118.00,0.005904
331.2914,5.8630,62.57,118.00,0.005813
331.3705,5.8630,61.76,118.00,0.005343
331.4507,5.8630,62.30,118.00,0.005683
331.5306,5.8630,62.30,118.00,0.005335
331.6013,5.8630,62.30,118.00,0.005086
331.6760,5.8630,62.03,118.00,0.005422
331.7545,5.8630,62.30,118.00,0.005457
331.8356,5.8630,62.30,118.00,0.005448
331.9136,5.7630,62.30,118.00,0.005489
331.9911,5.7630,62.30,118.00,0.005911
332.0667,5.7630,62.30,118.00,0.005930
332.1478,5.7630,62.03,118.00,0.005283
332.2271,5.7630,62.03,118.00,0.006130
332.3057,5.7630,62.30,118.00,0.005486
332.3856,5.7630,62.30,118.00,0.005789
332.4648,5.7630,62.03,118.00,0.005663
332.5411,5.7630,62.30,118.00,0.005538
332.6234,5.7805,62.30,118.00,0.006231
332.7011,5.7980,62.30,118.00,0.005142
332.7771,5.7980,62.30,118.00,0.005127
332.8488,5.7980,62.30,118.00,0.005149
332.9232,5.7980,62.03,118.00,0.005214
332.9948,5.7980,62.30,118.00,0.005234
333.0707,5.7980,62.30,118.00,0.005546
333.1471,5.7980,62.30,118.00,0.005970
333.2277,5.7980,62.30,118.00,0.006146
333.3071,5.7980,62.30,118.00,0.006077
333.3881,5.7980,62.30,118.00,0.005737
333.4629,5.7980,62.30,118.00,0.005915
333.5443,5.7980,62.30,118.00,0.006103
333.6239,5.7825,62.30,118.00,0.005328
333.7071,5.7670,62.30,118.00,0.006105
333.7864,5.7670,62.30,118.50,0.005751
333.8681,5.7670,62.03,119.00,0.005388
333.9428,5.7670,62.03,119.00,0.005441
334.0159,5.7670,62.57,119.00,0.005332
334.0935,5.7670,62.03,119.00,0.005350
334.1756,5.7670,62.30,119.00,0.005389
334.2545,5.7670,62.30,119.00,0.005725
334.3362,5.7670,62.30,119.00,0.005274
334.4135,5.7670,62.30,119.00,0.005933
334.4959,5.7670,62.30,119.00,0.005644
334.5723,5.7670,62.30,119.00,0.005897
334.6543,5.7460,62.03,119.00,0.005675
334.7301,5.7250,62.03,119.00,0.005656
334.8089,5.7250,62.30,119.00,0.005295
334.8867,5.7250,62.30,119.00,0.005938
334.9664,5.7250,62.03,119.00,0.005511
335.0432,5.7250,62.30,119.00,0.006078
335.1244,5.7250,62.30,119.00,0.005753
335.2002,5.7250,62.30,119.00,0.005457
335.2770,5.7250,62.30,119.00,0.005157
335.3494,5.7250,62.30,119.00,0.005487
335.4243,5.7250,62.30,119.00,0.005434
335.5017,5.7250,62.03,119.00,0.005606
335.5811,5.7250,62.30,119.00,0.005897
335.6590,5.7785,62.30,119.00,0.006006
335.7394,5.8320,62.30,119.00,0.006008
335.8151,5.8320,62.03,119.00,0.005489
335.8924,5.8320,62.30,119.00,0.005772
335.9676,5.8320,62.03,119.00,0.005555
336.0485,5.8320,61.76,119.00,0.005622
336.1250,5.8320,62.30,119.00,0.005737
336.2039,5.8320,62.03,119.00,0.005817
336.2838,5.8320,62.30,119.00,0.005254
336.3619,5.8320,62.30,119.00,0.005500
336.4405,5.8320,62.30,119.00,0.005575
336.5205,5.8320,61.76,119.00,0.005412
336.5993,5.8320,62.03,119.00,0.005736
336.6790,5.6720,61.76,119.00,0.006050
336.7510,5.6720,62.30,119.00,0.005556
336.8240,5.6720,62.30,119.00,0.005721
336.8982,5.6720,61.76,119.00,0.005381
336.9705,5.6720,62.03,119.00,0.005332
337.0437,5.6720,62.30,119.00,0.005348
337.1185,5.6720,62.30,119.00,0.005380
337.1897,5.6720,62.30,119.00,0.005589
337.2621,5.6720,62.30,119.00,0.005603
337.3340,5.6720,62.30,119.00,0.005388
337.4065,5.6720,62.30,119.00,0.005496
337.4778,5.6720,62.30,119.00,0.005102
337.5539,5.6720,62.30,119.00,0.005443
337.6273,5.6720,62.30,119.00,0.005715
337.7028,5.6720,62.03,119.00,0.005269
337.7746,5.6720,62.30,119.00,0.005236
337.8478,5.6720,62.30,119.00,0.005471
337.9227,5.6720,62.30,119.00,0.005244
337.9962,5.6720,62.30,119.00,0.005471
338.0703,5.6720,62.30,119.00,0.005737
338.1460,5.6720,62.30,119.00,0.005503
338.2181,5.6720,62.03,119.00,0.005548
338.2933,5.6720,62.30,119.00,0.005470
338.3677,5.6720,62.30,119.00,0.005647
338.4431,5.6720,62.57,119.00,0.005599
338.5149,5.6720,62.30,119.00,0.005461
338.5902,5.6720,62.30,119.00,0.005495
338.6642,5.6720,62.30,119.00,0.005485
338.7385,5.6720,62.30,119.00,0.005397
338.8145,5.6720,62.30,119.00,0.005674
338.8881,5.6720,62.30,119.00,0.005616
338.9649,5.8510,62.30,119.00,0.005555
339.0405,5.8510,62.30,119.00,0.005477
339.1144,5.8510,62.30,119.00,0.005758
339.1882,5.8510,62.30,119.00,0.005581
339.2616,5.8510,62.30,119.00,0.005155
339.3357,5.8510,62.30,119.00,0.005282
339.4099,5.8510,62.30,119.00,0.005537
339.4840,5.8510,62.30,119.00,0.005569
339.5560,5.8510,62.30,119.50,0.005624
339.6310,5.8835,62.30,120.00,0.005619
339.7052,5.9160,62.30,120.00,0.005473
339.7793,5.9160,62.30,120.00,0.005761
339.8518,5.9160,62.57,120.00,0.006017
339.9268,5.9160,62.30,120.00,0.005517
339.9987,5.9160,62.30,120.00,0.005760
340.0718,5.9160,62.03,120.00,0.005395
340.1453,5.9160,62.30,120.00,0.005489
340.2236,5.9160,62.30,120.00,0.005575
340.2992,5.9160,62.30,120.00,0.005727
340.3746,5.9160,62.30,120.00,0.005834
340.4463,5.9160,62.30,120.00,0.005707
340.5211,5.9160,62.30,120.00,0.005113
340.5935,5.9160,62.30,120.00,0.005098
340.6664,5.9160,62.30,120.00,0.005508
340.7436,5.8400,62.03,120.00,0.005475
340.8151,5.8400,62.30,120.00,0.005265
340.8857,5.8400,62.30,120.00,0.005146
340.9573,5.8400,62.03,120.00,0.005541
341.0279,5.8400,62.30,120.00,0.005634
341.1031,5.8400,62.30,120.00,0.005446
341.1745,5.8400,62.30,120.00,0.005557
341.2490,5.8400,62.30,120.00,0.005485
341.3226,5.8400,62.30,120.00,0.005539
341.3952,5.8400,62.30,120.00,0.005521
341.4711,5.8400,62.30,120.00,0.005628
341.5466,5.8400,62.30,120.00,0.005521
341.6176,5.8400,62.30,120.00,0.005558
341.6904,5.9090,62.30,120.00,0.005261
341.7627,5.9090,62.30,120.00,0.005582
341.8385,5.9090,62.30,120.00,0.005745
341.9098,5.9090,62.03,120.00,0.005587
341.9847,5.9090,62.30,120.00,0.005464
342.0562,5.9090,62.30,120.00,0.005626
342.1330,5.9090,62.30,120.00,0.005498
342.2075,5.9090,62.30,120.00,0.005843
342.2825,5.9090,62.30,120.00,0.005459
342.3545,5.9090,62.03,120.00,0.005848
342.4278,5.9090,62.30,120.00,0.005378
342.5026,5.9090,62.30,120.00,0.005980
342.5773,5.9090,62.57,120.00,0.005320
342.6493,5.8725,62.30,120.00,0.005614
342.7213,5.8360,62.30,120.00,0.005174
342.7938,5.8360,62.30,120.00,0.005060
342.8670,5.8360,62.03,120.00,0.005342
342.9381,5.8360,62.30,120.00,0.005911
343.0151,5.8360,62.30,120.00,0.005736
343.0868,5.8360,62.57,120.00,0.005650
343.1626,5.8360,62.30,120.00,0.005722
343.2346,5.8360,62.30,120.00,0.005755
343.3081,5.8360,62.03,120.00,0.005314
343.3820,5.8360,62.30,120.00,0.005543
343.4549,5.8360,62.30,120.00,0.005267
343.5273,5.8360,62.30,120.00,0.005807
343.6045,5.8360,62.30,120.00,0.005863
343.6780,5.9090,62.03,120.00,0.005336
343.7507,5.9090,62.03,120.00,0.005114
343.8229,5.9090,62.57,120.00,0.005207
343.8941,5.9090,62.03,120.00,0.005107
343.9663,5.9090,62.30,120.00,0.005183
344.0388,5.9090,62.30,120.00,0.005534
344.1098,5.9090,62.30,120.00,0.005289
344.1855,5.9090,62.30,120.00,0.005302
344.2584,5.9090,62.30,120.00,0.005809
344.3349,5.9090,62.30,120.00,0.005597
344.4103,5.9090,62.30,120.00,0.005598
344.4834,5.9090,62.30,119.50,0.005971
344.5546,5.9090,62.30,119.50,0.005292
344.6305,5.8780,62.30,119.00,0.005884
344.7014,5.8470,62.30,120.00,0.005494
344.7767,5.8470,62.30,119.00,0.005456
344.8489,5.8470,62.57,119.00,0.005395
344.9223,5.8470,62.30,119.00,0.005902
344.9937,5.8470,62.30,119.00,0.005550
345.0679,5.8470,62.30,119.00,0.005269
345.1426,5.8470,62.30,119.50,0.005679
345.2160,5.8470,62.30,119.50,0.005811
345.2923,5.8470,62.03,119.00,0.005521
345.3677,5.8470,62.30,119.00,0.005255
345.4387,5.8470,62.30,119.00,0.005521
345.5114,5.8470,62.30,119.00,0.005295
345.5822,5.8470,62.03,119.00,0.005128
345.6581,5.8680,62.30,119.00,0.005738
345.7323,5.8890,62.03,119.00,0.005553
345.8070,5.8890,62.30,119.00,0.005586
345.8772,5.8890,62.30,119.00,0.005132
345.9496,5.8890,62.30,119.00,0.005093
346.0232,5.8890,62.30,119.00,0.005648
346.0987,5.8890,62.30,119.00,0.005560
346.1751,5.8890,62.30,119.00,0.005452
346.2486,5.8890,62.30,119.00,0.005567
346.3226,5.8890,62.30,119.00,0.005395
346.4006,5.8890,62.30,119.00,0.005264
346.4752,5.8890,62.03,119.00,0.005937
346.5507,5.8890,62.30,119.00,0.005659
346.6228,5.8890,62.30,119.00,0.005642
346.7006,5.8250,62.57,119.00,0.005327
346.7721,5.8250,62.03,119.00,0.005577
346.8506,5.8250,62.30,119.00,0.005689
346.9223,5.8250,62.30,119.00,0.005764
346.9994,5.8250,62.30,119.00,0.005787
347.0709,5.8250,62.30,119.00,0.005696
347.1468,5.8250,62.03,119.00,0.005641
347.2229,5.8250,62.30,119.00,0.005667
347.3002,5.8250,62.30,119.00,0.005129
347.3741,5.8250,62.30,119.00,0.005531
347.4474,5.8250,62.03,119.00,0.005428
347.5232,5.8250,62.30,119.00,0.005191
347.5956,5.8250,62.30,119.00,0.005552
347.6653,5.8250,62.03,119.00,0.005074
347.7371,5.8250,62.30,119.00,0.005319
347.8076,5.8250,62.30,119.00,0.005405
347.8800,5.8250,62.03,119.00,0.005471
347.9528,5.8250,62.03,119.00,0.005095
348.0262,5.8250,62.30,118.50,0.005225
348.0959,5.8250,62.30,118.00,0.005250
348.1701,5.8250,62.30,118.00,0.005405
348.2426,5.8250,62.30,118.00,0.005435
348.3172,5.8250,62.30,118.00,0.005484
348.3906,5.8250,62.30,118.00,0.005285
348.4638,5.8250,62.30,118.00,0.005673
348.5390,5.8250,62.03,118.00,0.005476
348.6115,5.8250,62.57,118.00,0.005175
348.6827,5.8250,62.30,118.00,0.005470
348.7553,5.8250,62.30,118.00,0.005295
348.8274,5.8250,62.30,118.50,0.005452
348.9026,5.8250,62.30,118.00,0.005756
348.9786,5.8280,62.30,118.00,0.005445
349.0519,5.8280,62.30,118.00,0.005475
349.1235,5.8280,62.30,118.00,0.005883
349.1959,5.8280,62.30,118.00,0.005530
349.2670,5.8280,62.30,118.00,0.005369
349.3427,5.8280,62.30,118.00,0.006006
349.4180,5.8280,62.30,118.00,0.005594
349.4916,5.8280,62.30,118.00,0.005632
349.5631,5.8280,62.30,118.00,0.005778
349.6389,5.8280,62.03,118.00,0.005733
349.7107,5.8280,62.30,118.00,0.005437
349.7879,5.8280,62.03,118.00,0.006728
349.8614,5.8280,62.30,118.00,0.005068
349.9368,5.8280,62.57,118.00,0.005444
350.0108,5.8280,62.03,118.00,0.005496
350.0865,5.8280,62.30,118.00,0.005523
350.1588,5.8280,62.30,118.00,0.005665
350.2367,5.8280,62.30,118.00,0.005724
350.3105,5.8280,62.30,118.00,0.005749
350.3839,5.8280,62.30,118.00,0.005545
350.4590,5.8685,62.30,118.00,0.006070
350.5353,5.9090,62.30,118.00,0.005609
350.6058,5.9090,62.30,118.00,0.005146
350.6778,5.9090,62.57,118.00,0.005131
350.7511,5.9105,62.30,118.00,0.005679
350.8300,5.9120,62.30,118.00,0.005696
350.9030,5.9120,62.30,118.00,0.005429
350.9746,5.9120,62.30,118.00,0.005211
351.0455,5.9120,62.57,118.00,0.005172
351.1230,5.9120,62.57,118.00,0.005828
351.1978,5.9120,62.30,118.00,0.006018
351.2761,5.9120,62.30,118.00,0.005484
351.3490,5.9120,62.30,118.00,0.005404
351.4214,5.9120,62.30,118.00,0.005364
351.4950,5.9120,62.30,118.00,0.005950
351.5668,5.9120,62.30,118.00,0.005143
351.6386,5.9120,62.30,118.00,0.005411
351.7097,5.9120,62.03,118.00,0.005268
351.7823,5.9120,62.03,117.50,0.005466
351.8568,5.9085,62.30,117.00,0.005567
351.9305,5.9050,62.30,117.00,0.005255
352.0054,5.9050,62.57,117.00,0.005657
352.0784,5.9050,62.30,117.00,0.005332
352.1521,5.9050,62.30,117.00,0.005639
352.2253,5.9050,62.30,117.50,0.005621
352.2977,5.9050,62.30,117.00,0.005522
352.3691,5.9050,61.76,117.00,0.005506
352.4441,5.9050,62.03,117.00,0.005275
352.5166,5.9050,62.30,117.00,0.005262
352.5906,5.9050,62.30,117.00,0.005697
352.6628,5.9050,62.30,117.00,0.005702
352.7351,5.9050,62.03,117.00,0.005767
352.8073,5.9160,62.30,117.00,0.005559
352.8824,5.9160,62.30,117.00,0.005739
352.9556,5.9160,62.30,117.00,0.005283
353.0315,5.9160,62.30,117.00,0.005890
353.1047,5.9160,62.30,117.00,0.005558
353.1795,5.9160,62.30,117.00,0.005328
353.2507,5.9160,62.30,117.00,0.005516
353.3231,5.9160,62.30,117.00,0.005430
353.3949,5.9160,62.30,117.00,0.005395
353.4665,5.9160,62.30,117.00,0.005315
353.5384,5.9160,62.03,117.00,0.005274
353.6111,5.9160,62.30,117.00,0.005668
353.6824,5.9350,62.30,117.00,0.005329
353.7552,5.9350,62.03,117.00,0.005262
353.8313,5.9350,62.30,117.00,0.005920
353.9040,5.9350,62.57,117.00,0.005498
353.9749,5.9350,62.30,117.00,0.005067
354.0463,5.9350,62.03,117.00,0.005300
354.1169,5.9350,62.30,117.00,0.005244
354.1944,5.9350,62.30,116.50,0.005747
354.2676,5.9350,62.30,116.00,0.005538
354.3429,5.9350,62.30,116.00,0.005707
354.4138,5.9350,62.30,116.00,0.005305
354.4866,5.9350,62.30,116.00,0.005185
354.5575,5.9350,62.30,117.00,0.005304
354.6306,5.9525,62.30,117.00,0.005422
354.7045,5.9700,62.30,117.00,0.005758
354.7800,5.9700,62.30,117.00,0.005517
354.8514,5.9700,62.30,117.00,0.005259
354.9270,5.9700,62.30,117.00,0.005693
354.9981,5.9700,62.30,117.00,0.005231
355.0753,5.9700,62.03,117.00,0.005780
355.1466,5.9700,62.30,117.00,0.005836
355.2235,5.9700,62.57,117.00,0.005478
355.2970,5.9700,62.03,117.00,0.005495
355.3719,5.9700,62.57,116.50,0.005422
355.4436,5.9700,62.30,117.00,0.005670
355.5186,5.9700,62.30,117.00,0.005602
355.5905,5.9700,61.76,117.00,0.005535
355.6665,5.8780,62.30,117.00,0.005780
355.7396,5.8780,62.30,117.00,0.005423
355.8146,5.8780,62.03,117.00,0.005818
355.8881,5.8780,62.30,116.50,0.005599
355.9618,5.8780,62.30,116.50,0.005109
356.0317,5.8780,62.57,116.00,0.005184
356.1064,5.8780,62.30,116.00,0.005718
356.1759,5.8780,62.30,116.00,0.005111
356.2501,5.8780,62.30,116.00,0.005196
356.3202,5.8780,62.57,116.00,0.005345
356.3935,5.8780,62.30,116.00,0.005049
356.4641,5.8780,62.03,116.00,0.005399
356.5360,5.8780,62.30,116.50,0.005248
356.6092,5.8780,62.30,117.00,0.005549
356.6821,5.8780,62.30,116.00,0.005310
356.7559,5.8780,62.57,116.50,0.005539
356.8319,5.8780,62.30,116.00,0.005843
356.9029,5.8780,62.03,116.00,0.005829
356.9754,5.8780,61.76,116.00,0.005513
357.0471,5.8780,62.30,116.50,0.005347
357.1198,5.8780,62.30,117.00,0.005361
357.1915,5.8780,61.76,116.00,0.005761
357.2665,5.8780,62.30,116.00,0.005619
357.3376,5.8780,62.30,116.00,0.005342
357.4153,5.8780,62.30,116.00,0.005759
357.4866,5.8780,62.30,116.00,0.005701
357.5617,5.8780,62.30,116.00,0.005243
357.6353,5.8780,62.30,116.00,0.005736
357.7079,5.8780,62.57,116.00,0.005631
357.7809,5.8780,62.30,116.00,0.005502
357.8545,5.8780,62.30,116.00,0.005647
357.9255,5.8780,62.30,116.00,0.005451
357.9987,5.8780,62.30,116.00,0.005799
358.0721,5.9030,61.76,116.00,0.005395
358.1480,5.9280,62.30,116.00,0.005762
358.2214,5.9280,62.30,116.00,0.005491
358.2952,5.9280,62.30,116.00,0.005817
358.3684,5.9280,62.57,116.00,0.005580
358.4462,5.9280,61.76,116.00,0.005718
358.5229,5.9280,62.03,116.00,0.006115
358.5999,5.9280,62.30,116.00,0.005486
358.6746,5.9120,62.30,116.00,0.005682
358.7561,5.9120,62.30,116.00,0.005331
358.8308,5.9120,61.76,116.00,0.006017
358.9088,5.9120,62.30,116.00,0.006324
358.9876,5.9120,62.03,116.00,0.005817
359.0640,5.9120,62.57,116.00,0.005632
359.1424,5.9120,62.30,116.00,0.005516
359.2179,5.9120,62.30,116.00,0.005345
359.2910,5.9120,62.30,116.00,0.005613
359.3648,5.9120,62.03,116.00,0.005295
359.4387,5.9120,62.30,116.00,0.005635
359.5188,5.9120,62.30,116.00,0.005863
359.5947,5.9120,62.30,116.00,0.005694
359.6701,5.9120,62.30,116.00,0.005274
359.7427,5.9120,62.30,116.00,0.005444
359.8151,5.9120,62.30,116.00,0.005335
359.8890,5.9120,62.30,116.00,0.005820
359.9655,5.9120,62.30,116.00,0.005728
360.0421,5.9120,62.30,116.00,0.005204
360.1223,5.9120,62.30,116.00,0.005627
360.2004,5.9120,62.30,116.00,0.005409
360.2782,5.9120,62.30,116.00,0.005658
360.3548,5.9120,62.30,116.00,0.005910
360.4336,5.9120,62.30,116.00,0.005609
360.5126,5.9120,62.30,116.00,0.005410
360.5926,5.9120,62.30,116.00,0.005290
360.6680,5.9120,62.30,116.00,0.005678
360.7433,5.9120,62.30,116.00,0.005272
360.8135,5.9120,62.30,116.00,0.005227
360.8850,5.9120,62.30,117.00,0.005112
360.9576,5.9120,62.30,117.00,0.005463
361.0307,5.9120,62.30,117.00,0.005740
361.1041,5.8415,62.03,117.00,0.005665
361.1757,5.7710,62.30,117.00,0.005208
361.2457,5.7710,62.30,117.00,0.005439
361.3170,5.7710,62.57,117.00,0.005337
361.3893,5.7710,62.30,117.00,0.005683
361.4620,5.7710,62.30,117.00,0.005486
361.5347,5.7710,62.03,117.00,0.005268
361.6093,5.7710,62.30,117.00,0.005208
361.6821,5.8930,62.30,117.00,0.005391
361.7532,5.8930,62.03,117.00,0.005056
361.8234,5.8930,62.30,117.00,0.005382
361.8967,5.8930,62.30,117.00,0.005384
361.9668,5.8930,61.76,117.00,0.005375
362.0411,5.8930,62.30,117.00,0.005908
362.1159,5.8930,62.57,117.00,0.005430
362.1911,5.8930,62.30,117.00,0.005506
362.2625,5.8930,62.03,117.00,0.005712
362.3357,5.8930,62.03,117.00,0.005499
362.4087,5.8930,62.03,117.00,0.005265
362.4824,5.8930,62.30,117.00,0.005781
362.5534,5.8930,62.30,117.00,0.005305
362.6264,5.8930,62.30,117.00,0.005487
362.6988,5.9350,62.30,117.00,0.005521
362.7741,5.9350,62.30,117.00,0.005698
362.8460,5.9350,62.30,117.00,0.005683
362.9194,5.9350,62.03,117.00,0.005647
362.9906,5.9350,62.30,117.00,0.005411
363.0637,5.9350,62.03,117.00,0.005539
363.1397,5.9350,62.30,117.00,0.005631
363.2141,5.9350,62.30,117.00,0.005415
363.2872,5.9350,62.30,117.00,0.005598
363.3597,5.9350,62.30,117.00,0.005383
363.4345,5.9350,62.30,117.00,0.005388
363.5076,5.9350,62.30,117.00,0.005112
363.5771,5.9350,62.30,117.00,0.005229
363.6507,5.9350,62.30,117.00,0.005409
363.7233,5.8910,62.30,117.00,0.006084
363.7966,5.8470,62.30,117.00,0.005660
363.8677,5.8470,62.30,117.00,0.005415
363.9445,5.8470,62.30,117.00,0.005602
364.0183,5.8470,62.30,117.00,0.005797
364.0910,5.8470,62.30,117.00,0.005716
364.1621,5.8470,62.30,117.00,0.005533
364.2367,5.8470,62.30,117.00,0.005519
364.3076,5.8470,61.76,117.00,0.005571
364.3802,5.8470,62.30,117.00,0.005448
364.4532,5.8470,62.57,117.00,0.005390
364.5255,5.8470,62.30,117.50,0.005225
364.5988,5.8470,62.30,118.00,0.005632
364.6730,5.8470,62.30,118.00,0.005237
364.7483,5.8470,62.30,118.00,0.005552
364.8254,5.8470,62.30,118.00,0.005843
364.8956,5.8470,62.30,118.00,0.005346
364.9674,5.8470,62.03,118.00,0.005299
365.0376,5.8470,62.03,118.00,0.005096
365.1100,5.8470,62.30,118.00,0.005531
365.1810,5.8470,62.30,118.00,0.005133
365.2551,5.8470,62.03,118.00,0.005317
365.3253,5.8470,62.57,118.00,0.005116
365.3975,5.8470,62.30,118.00,0.005111
365.4681,5.8470,62.30,118.00,0.005196
365.5395,5.8470,62.03,118.00,0.005301
365.6092,5.8470,62.30,118.00,0.005074
365.6832,5.8470,61.76,118.00,0.005601
365.7536,5.8470,62.30,118.00,0.005143
365.8273,5.8470,62.03,118.00,0.005584
365.8977,5.8470,62.30,118.00,0.005396
365.9728,5.8470,62.30,118.00,0.005499
366.0438,5.8470,62.30,118.00,0.005702
366.1206,5.8970,62.03,118.00,0.005474
366.1921,5.9470,62.03,118.00,0.005560
366.2671,5.9470,62.30,118.00,0.005335
366.3381,5.9470,62.30,118.00,0.005471
366.4132,5.9470,62.30,118.00,0.005553
366.4832,5.9470,62.30,118.00,0.005242
366.5560,5.9470,62.30,118.00,0.005374
366.6256,5.9470,62.30,118.00,0.005043
366.6976,5.9470,62.30,118.00,0.005363
366.7712,5.9700,62.30,118.00,0.005564
366.8468,5.9700,62.30,118.00,0.005932
366.9183,5.9700,62.30,118.00,0.005119
366.9902,5.9700,62.30,118.00,0.005681
367.0621,5.9700,62.30,118.00,0.005342
367.1343,5.9700,62.30,118.00,0.005771
367.2075,5.9700,62.03,118.00,0.005393
367.2795,5.9700,62.30,118.00,0.005479
367.3521,5.9700,62.30,118.00,0.005339
367.4271,5.9700,62.57,118.00,0.005331
367.4982,5.9700,62.30,118.00,0.005423
367.5711,5.9700,62.30,118.00,0.005640
367.6442,5.9410,62.30,118.00,0.005520
367.7180,5.9120,62.30,118.00,0.005626
367.7906,5.9120,62.30,118.00,0.005111
367.8617,5.9120,62.30,118.00,0.005102
367.9335,5.9120,62.30,118.00,0.005065
368.0104,5.9120,61.76,118.00,0.005413
368.0830,5.9120,62.30,118.00,0.005283
368.1555,5.9120,62.30,118.50,0.005311
368.2308,5.9120,62.03,118.00,0.005573
368.3037,5.9120,62.30,118.00,0.005502
368.3764,5.9120,62.30,118.00,0.005441
368.4506,5.9120,62.30,118.00,0.005265
368.5242,5.9120,62.03,118.00,0.005696
368.5987,5.9120,62.30,118.00,0.005558
368.6697,5.8550,62.30,118.00,0.005509
368.7427,5.8550,62.30,118.00,0.005811
368.8152,5.8550,62.30,118.00,0.005436
368.8904,5.8550,62.30,118.50,0.005481
368.9633,5.8550,62.03,119.00,0.005479
369.0383,5.8550,62.30,119.00,0.005602
369.1109,5.8550,62.03,119.00,0.005307
369.1842,5.8550,62.30,119.00,0.005377
369.2568,5.8550,62.30,118.50,0.005139
369.3312,5.8550,62.57,118.00,0.005598
369.4017,5.8550,62.03,118.00,0.005031
369.4742,5.8550,62.30,118.00,0.005442
369.5464,5.8550,62.30,118.00,0.005293
369.6184,5.8550,62.30,118.00,0.005763
369.6884,5.8895,62.03,118.00,0.005684
369.7621,5.9240,62.30,118.00,0.005519
369.8327,5.9240,62.03,118.00,0.005454
369.9102,5.9240,62.30,118.00,0.005422
369.9814,5.9240,62.03,118.00,0.005524
370.0542,5.9240,62.30,118.00,0.005342
370.1276,5.9240,62.30,118.00,0.005401
370.2008,5.9240,62.30,118.00,0.005477
370.2720,5.9240,62.30,118.00,0.005792
370.3493,5.9240,62.30,118.00,0.005473
370.4226,5.9240,62.30,118.00,0.005351
370.4973,5.9240,62.30,118.00,0.005496
370.5677,5.9240,62.30,118.00,0.005312
370.6448,5.9065,62.03,118.00,0.005379
370.7187,5.8890,62.30,118.00,0.005767
370.7930,5.8890,62.30,118.00,0.005488
370.8637,5.8890,62.03,118.00,0.005165
370.9356,5.8890,62.30,118.00,0.005131
371.0056,5.8890,62.30,118.00,0.005100
371.0772,5.8890,62.03,118.00,0.005217
371.1501,5.8890,62.30,118.00,0.005518
371.2255,5.8890,62.30,118.00,0.005492
371.2991,5.8890,62.30,118.00,0.005638
371.3744,5.8890,62.57,118.00,0.005528
371.4452,5.8890,62.30,118.00,0.005383
371.5199,5.8890,62.30,118.00,0.005295
371.5933,5.8890,62.30,118.00,0.005513
371.6662,5.9200,62.30,118.00,0.005413
371.7377,5.9200,62.03,118.00,0.005033
371.8091,5.9200,61.76,118.00,0.005177
371.8789,5.9200,62.30,118.00,0.005422
371.9535,5.9200,62.30,118.00,0.005354
372.0272,5.9200,62.30,118.00,0.005668
372.1027,5.9200,62.30,117.50,0.005618
372.1762,5.9200,62.30,117.50,0.005591
372.2537,5.9200,62.30,117.00,0.005578
372.3253,5.9200,62.30,117.50,0.005405
372.4030,5.9200,62.30,117.00,0.005759
372.4734,5.9200,62.03,117.50,0.005092
372.5504,5.9200,62.03,117.00,0.005626
372.6214,5.9085,62.03,117.00,0.005651
372.6950,5.8970,62.30,117.00,0.005291
372.7703,5.8970,62.57,117.00,0.005434
372.8445,5.8970,62.30,117.00,0.005201
372.9173,5.8970,62.30,117.00,0.005434
372.9919,5.8970,62.30,117.00,0.005454
373.0674,5.8970,62.30,117.00,0.005892
373.1423,5.8970,62.30,117.00,0.005762
373.2156,5.8970,62.30,117.00,0.005352
373.2913,5.8970,62.30,117.00,0.005881
373.3624,5.8970,62.30,117.50,0.005619
373.4355,5.8970,62.30,118.00,0.005335
373.5075,5.8970,62.30,117.50,0.005939
373.5824,5.8970,62.30,117.50,0.005588
373.6551,5.8970,62.03,117.50,0.005579
373.7270,5.8970,62.30,117.00,0.005490
373.7973,5.8970,62.30,117.00,0.005150
373.8732,5.8780,62.57,117.00,0.005477
373.9469,5.8590,62.30,117.00,0.005275
374.0228,5.8590,62.57,117.00,0.005559
374.0945,5.8590,62.03,117.00,0.005989
374.1707,5.8590,62.30,117.00,0.005652
374.2438,5.8590,62.30,117.00,0.005378
374.3217,5.8590,62.30,117.00,0.005541
374.3950,5.8590,62.30,117.00,0.005560
374.4712,5.8590,62.03,117.00,0.006252
374.5430,5.8590,62.03,117.00,0.005399
374.6150,5.8590,62.30,117.00,0.005284
374.6872,5.8590,62.30,117.00,0.005331
374.7622,5.8590,62.30,117.00,0.005366
374.8366,5.8760,62.30,117.00,0.005703
374.9153,5.8930,62.03,117.00,0.005744
374.9920,5.8930,62.30,117.00,0.005235
375.0677,5.8930,62.03,117.00,0.005495
375.1412,5.8930,62.30,117.00,0.005453
375.2148,5.8930,62.03,117.00,0.005737
375.2862,5.8930,62.30,117.00,0.005445
375.3630,5.8930,62.30,117.00,0.005471
375.4360,5.8930,62.30,117.00,0.005458
375.5113,5.8930,62.30,117.00,0.005755
375.5822,5.8930,62.03,117.00,0.005155
375.6551,5.8760,62.30,117.00,0.005632
375.7269,5.8590,62.30,117.00,0.005546
375.8025,5.8590,62.30,117.00,0.005910
375.8755,5.8590,62.30,117.00,0.005525
375.9509,5.8590,62.30,117.00,0.005788
376.0217,5.8590,62.03,117.00,0.005327
376.0991,5.8590,62.30,117.00,0.005483
376.1724,5.8590,62.30,117.00,0.005747
376.2473,5.8590,62.30,117.00,0.005828
376.3181,5.8590,62.30,117.00,0.005480
376.3954,5.8590,62.30,117.00,0.005757
376.4664,5.8590,62.03,117.00,0.005790
376.5409,5.8590,62.30,117.00,0.005548
376.6124,5.8590,62.30,117.00,0.005569
376.6879,5.8930,62.03,117.00,0.005377
376.7633,5.8930,61.76,117.00,0.005743
376.8380,5.8930,62.30,117.00,0.005305
376.9091,5.8930,61.76,117.00,0.005430
376.9838,5.8930,62.30,117.00,0.005474
377.0535,5.8930,62.30,117.00,0.005235
377.1253,5.8930,61.76,117.00,0.005363
377.1955,5.8930,62.30,117.00,0.005311
377.2704,5.8930,62.30,117.00,0.005778
377.3435,5.8930,62.30,117.00,0.005436
377.4182,5.8930,62.30,117.00,0.005381
377.4894,5.8930,62.03,117.00,0.005499
377.5642,5.8930,62.30,117.00,0.005656
377.6393,5.8835,62.03,117.00,0.005625
377.7148,5.8740,62.30,117.00,0.005682
377.7859,5.8740,62.30,117.00,0.005555
377.8590,5.8740,62.30,117.00,0.005460
377.9296,5.8740,62.30,117.00,0.005476
378.0045,5.8740,62.03,117.00,0.005571
378.0801,5.8740,62.30,117.00,0.005473
378.1547,5.8740,62.03,117.00,0.005347
378.2258,5.8740,62.30,117.00,0.005192
378.2981,5.8740,62.30,117.00,0.005216
378.3707,5.8740,62.30,117.00,0.005236
378.4455,5.8740,62.30,117.00,0.005554
378.5166,5.8740,62.30,116.00,0.005411
378.5920,5.8740,62.30,116.00,0.005486
378.6653,5.9050,62.30,116.00,0.005418
378.7378,5.9050,62.30,116.00,0.005128
378.8089,5.9050,62.30,116.00,0.005388
378.8850,5.9050,62.30,116.00,0.005069
378.9585,5.9050,62.30,116.00,0.005687
379.0307,5.9050,62.30,116.00,0.005455
379.1014,5.9050,62.30,116.00,0.005375
379.1736,5.9050,62.30,116.00,0.005303
379.2438,5.9050,62.30,116.00,0.005570
379.3175,5.9050,62.30,116.00,0.005116
379.3879,5.9050,62.30,116.00,0.005632
379.4602,5.9050,62.30,116.00,0.005399
379.5331,5.9050,62.03,117.00,0.005570
379.6084,5.9050,62.30,116.00,0.005698
379.6797,5.9090,62.30,116.50,0.005574
379.7546,5.9090,62.03,116.00,0.005488
379.8255,5.9090,62.30,116.00,0.005720
379.9007,5.9090,62.84,116.00,0.005522
379.9721,5.9090,62.30,116.50,0.005449
380.0472,5.9090,62.30,117.00,0.005689
380.1180,5.9090,62.03,117.00,0.005471
380.1905,5.9090,62.30,116.00,0.005391
380.2607,5.9090,62.03,116.50,0.005276
380.3345,5.9090,62.30,116.50,0.005496
380.4041,5.9090,62.30,116.00,0.005489
380.4758,5.9090,62.30,116.00,0.005231
380.5458,5.9090,62.30,116.00,0.005387
380.6186,5.9090,62.30,116.00,0.005452
380.6925,5.9050,62.30,116.00,0.005506
380.7697,5.9050,62.30,116.00,0.005408
380.8452,5.9050,62.03,116.00,0.005493
380.9203,5.9050,62.30,116.00,0.005655
380.9909,5.9050,62.30,116.00,0.005337
381.0660,5.9050,62.30,116.00,0.005419
381.1368,5.9050,62.30,116.00,0.005212
381.2116,5.9050,62.30,116.00,0.005657
381.2819,5.9050,62.57,116.00,0.005149
381.3532,5.9050,61.76,116.00,0.005121
381.4235,5.9050,62.30,116.00,0.005628
381.4961,5.9050,62.30,116.00,0.005970
381.5705,5.9050,62.30,116.00,0.005481
381.6454,5.9085,62.03,116.00,0.005316
381.7185,5.9120,62.30,116.00,0.005270
381.7911,5.9120,62.30,116.00,0.005529
381.8619,5.9120,62.30,116.00,0.005484
381.9373,5.9120,62.30,116.00,0.005673
382.0073,5.9120,62.30,116.00,0.005144
382.0810,5.9120,62.30,116.00,0.005119
382.1521,5.9120,62.03,116.00,0.005455
382.2270,5.9120,62.30,116.00,0.005189
382.2989,5.9120,62.30,116.00,0.005303
382.3702,5.9120,62.30,116.00,0.005441
382.4415,5.9120,62.03,116.00,0.005079
382.5185,5.9120,62.30,116.00,0.005805
382.5913,5.9120,62.30,116.00,0.005723
382.6670,5.8510,62.30,116.00,0.005674
382.7374,5.8510,62.30,116.00,0.005178
382.8089,5.8510,62.30,116.00,0.005239
382.8830,5.8510,62.03,116.00,0.005362
382.9547,5.8510,61.76,116.00,0.005476
383.0296,5.8510,62.03,116.00,0.005530
383.1047,5.8510,62.30,116.00,0.005825
383.1777,5.8510,62.30,116.00,0.005488
383.2527,5.8510,62.30,116.00,0.005643
383.3262,5.8510,62.30,116.00,0.005411
383.3992,5.8510,62.30,116.00,0.005872
383.4696,5.8510,62.30,116.00,0.005283
383.5467,5.8510,62.30,115.50,0.005543
383.6178,5.8510,62.30,115.50,0.005352
383.6910,5.8930,62.30,115.50,0.005530
383.7623,5.8930,62.30,116.00,0.005402
383.8356,5.8930,62.30,116.00,0.005534
383.9089,5.8930,62.30,116.00,0.005649
383.9814,5.8930,62.30,116.00,0.005312
384.0533,5.8930,62.30,116.00,0.005532
384.1286,5.8930,62.30,115.00,0.005520
384.2014,5.8930,62.30,116.00,0.005487
384.2745,5.8930,62.30,116.00,0.005495
384.3505,5.8930,61.76,116.00,0.005544
384.4232,5.8930,62.57,116.00,0.005562
384.4987,5.8930,62.30,116.00,0.005560
384.5716,5.8930,62.30,116.00,0.005573
384.6431,5.8835,62.30,116.00,0.005716
384.7216,5.8740,62.30,116.00,0.005312
384.7956,5.8740,62.30,116.00,0.005446
384.8714,5.8740,62.30,116.00,0.005537
384.9429,5.8740,62.30,116.00,0.005617
385.0171,5.8740,62.30,116.00,0.006232
385.0891,5.8740,62.30,116.00,0.005288
385.1646,5.8740,62.30,116.00,0.005530
385.2385,5.8740,62.30,116.00,0.005645
385.3120,5.8740,62.30,116.00,0.005401
385.3874,5.8740,62.03,116.00,0.005910
385.4642,5.8740,62.30,116.00,0.005450
385.5374,5.8740,62.30,116.00,0.005059
385.6094,5.8740,62.30,116.00,0.005226
385.6794,5.8740,62.30,116.00,0.005217
385.7541,5.8740,62.30,116.00,0.005457
385.8256,5.8740,62.30,116.00,0.005144
385.9012,5.8740,62.30,116.00,0.005455
385.9745,5.8740,61.76,116.00,0.005495
386.0474,5.8740,62.30,116.00,0.005515
386.1208,5.8740,62.03,116.00,0.005198
386.1950,5.8740,62.30,116.00,0.005475
386.2667,5.8740,62.30,116.00,0.005481
386.3387,5.8740,62.30,116.00,0.005393
386.4088,5.8740,62.30,116.00,0.005194
386.4816,5.8740,62.30,116.00,0.005027
386.5545,5.8740,62.03,116.00,0.005540
386.6292,5.8740,62.30,116.00,0.005272
386.7024,5.8740,62.30,116.00,0.005659
386.7745,5.8740,62.30,116.00,0.005503
386.8504,5.8740,62.30,116.00,0.005509
386.9239,5.8740,62.57,116.00,0.005675
386.9975,5.8630,62.30,116.00,0.005473
387.0749,5.8630,62.30,116.00,0.005500
387.1454,5.8630,62.30,116.00,0.005361
387.2202,5.8630,62.03,116.00,0.005452
387.2914,5.8630,62.30,116.00,0.005545
387.3667,5.8630,62.03,116.00,0.005685
387.4377,5.8630,62.57,116.00,0.005569
387.5101,5.8630,62.30,116.00,0.005551
387.5814,5.8630,61.76,116.00,0.005392
387.6587,5.8630,62.30,116.00,0.005920
387.7310,5.8630,62.30,116.00,0.005409
387.8040,5.8630,62.30,116.00,0.005528
387.8755,5.8630,62.30,116.00,0.005316
387.9503,5.8630,62.03,116.00,0.005532
388.0230,5.8630,62.30,116.00,0.005651
388.0983,5.8630,62.03,116.00,0.005618
388.1714,5.8630,62.30,116.00,0.005498
388.2464,5.8630,61.76,116.00,0.005501
388.3171,5.8630,62.30,116.00,0.005532
388.3910,5.8630,62.30,116.00,0.006098
388.4648,5.8630,62.30,116.00,0.005492
388.5382,5.8630,62.30,116.00,0.005451
388.6083,5.8630,62.30,116.00,0.005839
388.6802,5.8630,62.30,116.00,0.005636
388.7552,5.8630,62.30,116.00,0.005406
388.8296,5.8630,62.30,116.00,0.005271
388.9028,5.8630,62.03,116.00,0.005617
388.9783,5.8860,62.30,116.00,0.005332
389.0515,5.9090,62.03,116.00,0.005331
389.1268,5.9090,62.30,116.00,0.005588
389.1982,5.9090,62.30,116.00,0.005643
389.2707,5.9090,62.30,116.00,0.005361
389.3417,5.9090,62.30,116.00,0.005462
389.4148,5.9090,62.57,116.00,0.005616
389.4843,5.9090,62.30,116.00,0.005052
389.5591,5.9090,62.30,116.00,0.005697
389.6318,5.9090,62.30,116.00,0.005260
389.7069,5.9090,62.30,116.00,0.005387
389.7806,5.9090,62.03,116.00,0.005457
389.8529,5.9090,62.30,116.00,0.005209
389.9242,5.9090,62.30,116.00,0.005657
389.9985,5.9090,62.30,116.00,0.005352
390.0707,5.9090,62.30,116.00,0.005333
390.1426,5.9090,62.30,116.00,0.005462
390.2134,5.9090,62.30,116.00,0.005125
390.2854,5.9090,62.30,116.00,0.005099
390.3580,5.9090,62.03,116.00,0.005186
390.4302,5.9090,62.30,116.00,0.005293
390.5016,5.9090,62.03,116.00,0.005510
390.5750,5.9090,62.03,116.00,0.005688
390.6508,5.9090,62.30,116.00,0.005667
390.7257,5.9090,62.03,116.00,0.005386
390.7973,5.9090,62.03,116.00,0.005398
390.8715,5.9090,62.57,116.00,0.005980
390.9433,5.9090,62.30,116.00,0.005292
391.0190,5.9090,62.30,116.00,0.005705
391.0935,5.8780,62.30,116.00,0.005402
391.1670,5.8780,62.30,116.00,0.005681
391.2381,5.8780,62.30,116.00,0.005471
391.3114,5.8780,62.30,116.00,0.005620
391.3838,5.8780,62.30,116.00,0.006200
391.4593,5.8780,62.03,116.00,0.005612
391.5313,5.8780,62.30,116.00,0.005701
391.6071,5.8780,62.57,116.00,0.005576
391.6816,5.9310,62.30,116.00,0.005370
391.7562,5.9310,62.57,116.00,0.005205
391.8256,5.9310,62.30,116.00,0.005061
391.8976,5.9310,62.03,116.00,0.005314
391.9721,5.9310,62.30,116.00,0.005257
392.0493,5.9310,62.30,116.00,0.005138
392.1224,5.9310,61.76,116.00,0.005475
392.1946,5.9310,62.30,116.00,0.005239
392.2656,5.9310,62.30,116.00,0.005624
392.3381,5.9310,62.03,116.00,0.005417
392.4132,5.9310,62.30,116.00,0.005613
392.4855,5.9310,62.30,116.00,0.005408
392.5564,5.9310,62.30,116.00,0.005149
392.6304,5.9275,62.30,116.00,0.006102
392.7049,5.9240,62.30,116.00,0.005618
392.7783,5.9240,62.30,116.00,0.005502
392.8503,5.9240,62.30,116.00,0.005159
392.9242,5.9240,62.30,116.00,0.005390
392.9934,5.9240,62.03,116.00,0.005072
393.0681,5.9240,62.30,116.00,0.005525
393.1433,5.9240,62.30,116.00,0.005336
393.2160,5.9240,62.03,116.00,0.005589
393.2869,5.9240,62.30,116.00,0.005669
393.3595,5.9240,62.30,116.00,0.005514
393.4303,5.9240,62.03,116.00,0.005588
393.5027,5.9240,62.30,116.00,0.005173
393.5744,5.9240,62.30,116.00,0.006390
393.6464,5.9240,62.30,116.00,0.005545
393.7171,5.9240,62.30,116.00,0.005528
393.7947,5.9390,62.30,116.00,0.005443
393.8654,5.9390,62.57,116.00,0.005424
393.9387,5.9390,62.30,116.00,0.005446
394.0093,5.9390,62.30,116.00,0.005361
394.0834,5.9390,62.30,116.00,0.005144
394.1559,5.9390,62.30,116.00,0.005309
394.2277,5.9390,62.30,116.00,0.005348
394.2984,5.9390,62.30,116.00,0.005136
394.3695,5.9390,62.30,116.00,0.005102
394.4396,5.9390,62.03,116.00,0.005277
394.5114,5.9390,62.30,116.00,0.005349
394.5820,5.9390,62.03,116.00,0.005285
394.6580,5.8930,62.30,116.00,0.005446
394.7307,5.8930,62.30,116.00,0.005332
394.8035,5.8930,62.30,116.00,0.005471
394.8778,5.8930,62.03,116.00,0.005593
394.9528,5.8930,62.30,116.00,0.005617
395.0234,5.8930,62.30,116.00,0.005135
395.0962,5.8930,62.30,116.00,0.005525
395.1672,5.8930,62.30,116.00,0.005178
395.2420,5.8930,62.30,116.00,0.005211
395.3128,5.8930,62.30,116.00,0.005395
395.3862,5.8930,62.57,116.00,0.005587
395.4572,5.8930,62.30,116.00,0.005627
395.5296,5.8930,62.30,116.00,0.005108
395.6030,5.8930,62.30,116.00,0.005736
395.6782,5.9050,62.57,116.00,0.005307
395.7493,5.9050,62.30,116.00,0.005470
395.8222,5.9050,62.03,116.00,0.005629
395.8948,5.9050,62.30,116.00,0.005440
395.9677,5.9050,62.30,116.00,0.005594
396.0408,5.9050,62.30,116.00,0.005628
396.1138,5.9050,62.30,116.00,0.005329
396.1881,5.9050,62.30,116.00,0.005241
396.2666,5.9050,62.30,116.00,0.005708
396.3398,5.9050,62.30,116.00,0.005391
396.4191,5.9050,62.30,116.00,0.005957
396.4971,5.9050,62.30,116.00,0.005170
396.5749,5.9050,62.30,116.00,0.005289
396.6537,5.8590,62.30,116.00,0.005842
396.7328,5.8130,62.30,116.00,0.005292
396.8060,5.8130,62.30,116.00,0.005101
396.8832,5.8130,61.76,116.00,0.005188
396.9536,5.8130,62.03,116.00,0.005256
397.0255,5.8130,62.30,116.00,0.005198
397.0999,5.8130,62.30,116.00,0.005683
397.1776,5.8130,62.30,116.00,0.005467
397.2520,5.8130,62.30,116.00,0.005340
397.3264,5.8130,62.30,116.00,0.005453
397.4028,5.8130,62.03,116.00,0.006061
397.4834,5.8130,62.30,116.00,0.005845
397.5615,5.8130,62.30,116.00,0.005447
397.6352,5.8130,62.30,116.00,0.005405
397.7061,5.8130,62.30,116.00,0.005355
397.7829,5.8670,62.03,116.00,0.005528
397.8576,5.8670,62.30,116.00,0.005784
397.9363,5.8670,61.76,116.00,0.005726
398.0153,5.8670,62.30,116.00,0.005927
398.0935,5.8670,62.03,116.00,0.005296
398.1726,5.8670,62.30,116.00,0.005879
398.2537,5.8670,62.03,116.00,0.005591
398.3248,5.8670,62.30,116.00,0.005172
398.3973,5.8670,62.30,116.00,0.005179
398.4718,5.8670,61.76,116.00,0.005641
398.5475,5.8670,62.30,116.00,0.005441
398.6263,5.8515,62.30,116.00,0.005477
398.7073,5.8360,62.30,116.00,0.005602
398.7848,5.8360,62.30,116.00,0.005544
398.8672,5.8360,62.03,116.00,0.005825
398.9452,5.8360,62.30,116.00,0.005236
399.0249,5.8360,62.30,116.00,0.005072
399.1012,5.8360,62.30,116.00,0.006012
399.1822,5.8360,62.03,116.00,0.005906
399.2587,5.8360,62.03,116.00,0.006005
399.3363,5.8360,62.30,116.00,0.005560
399.4144,5.8360,62.30,116.00,0.006014
399.4947,5.8360,62.03,116.00,0.005969
399.5730,5.8360,62.30,116.00,0.005544
399.6507,5.8360,62.03,116.00,0.005296
399.7217,5.8050,62.30,116.00,0.005363
399.7960,5.8050,62.03,116.00,0.005107
399.8690,5.8050,62.30,116.00,0.005116
399.9455,5.8050,62.30,116.00,0.005145
400.0163,5.8050,62.30,116.00,0.006014
400.0883,5.8050,62.30,116.00,0.005562
400.1586,5.8050,62.30,116.00,0.005643
400.2357,5.8050,62.30,116.00,0.005468
400.3114,5.8050,62.30,116.00,0.005764
400.3870,5.8050,62.03,116.00,0.005207
400.4600,5.8050,62.03,116.00,0.005524
400.5350,5.8050,62.03,116.00,0.005479
400.6054,5.8050,62.30,116.00,0.005284
400.6790,5.8780,62.30,116.00,0.005574
400.7522,5.8780,61.49,116.00,0.005461
400.8275,5.8780,62.30,116.00,0.005363
400.8988,5.8780,61.76,116.00,0.005677
400.9716,5.8780,62.30,116.00,0.005410
401.0422,5.8780,62.30,116.00,0.005706
401.1136,5.8780,62.30,116.00,0.005363
401.1834,5.8780,62.30,116.00,0.005059
401.2551,5.8780,62.30,116.00,0.005248
401.3272,5.8780,62.30,116.00,0.005173
401.3986,5.8780,62.30,116.00,0.005215
401.4715,5.8780,62.30,116.00,0.005420
401.5515,5.8780,62.30,116.00,0.006199
401.6301,5.8725,62.30,116.00,0.005923
401.7109,5.8670,62.30,116.00,0.005731
401.7895,5.8670,62.30,116.00,0.006039
401.8677,5.8670,62.30,116.00,0.005782
401.9428,5.8670,62.03,116.00,0.005273
402.0235,5.8670,61.76,116.00,0.005728
402.1016,5.8670,62.03,116.00,0.005418
402.1799,5.8670,62.30,116.00,0.006061
402.2552,5.8670,62.30,116.00,0.005800
402.3343,5.8670,61.76,112.00,0.005394
402.4081,5.8670,62.30,112.00,0.005598
402.4859,5.8670,62.03,112.00,0.005980
402.5639,5.8670,62.03,112.00,0.005739
402.6433,5.8190,62.30,112.00,0.005590
402.7188,5.7710,62.30,112.00,0.005317
402.8000,5.7710,62.03,112.00,0.005843
402.8788,5.7710,62.30,112.00,0.005842
402.9591,5.7710,62.30,112.00,0.005750
403.0376,5.7710,62.30,112.00,0.005844
403.1190,5.7710,62.03,112.00,0.006168
403.1972,5.7710,61.76,112.00,0.005321
403.2751,5.7710,62.03,112.00,0.005508
403.3473,5.7710,62.30,112.00,0.005640
403.4191,5.7710,61.76,112.50,0.005370
403.4893,5.7710,62.30,113.00,0.005366
403.5667,5.7710,62.30,113.00,0.005603
403.6436,5.7710,62.03,113.00,0.005337
403.7230,5.7710,61.76,113.00,0.005670
403.8006,5.7710,61.76,113.00,0.005559
403.8741,5.7710,62.30,113.00,0.005338
403.9439,5.7710,62.30,113.00,0.005065
404.0223,5.7710,62.30,113.00,0.005405
404.0948,5.7710,62.03,113.00,0.005779
404.1758,5.7710,62.30,113.00,0.005361
404.2523,5.7710,62.30,113.00,0.005635
404.3311,5.7710,62.03,113.00,0.006095
404.4086,5.7710,62.30,113.00,0.005737
404.4846,5.7710,62.03,113.00,0.005208
404.5582,5.7710,61.76,113.00,0.005845
404.6339,5.7710,61.76,113.00,0.005781
404.7084,5.7710,62.30,113.00,0.005815
404.7902,5.7710,62.03,113.00,0.006004
404.8697,5.7710,61.76,113.00,0.005346
404.9471,5.7710,61.76,113.00,0.005834
405.0253,5.7710,62.03,113.00,0.005522
405.1022,5.7710,61.76,113.00,0.005619
405.1811,5.7710,62.30,113.00,0.005494
405.2630,5.7710,62.30,113.00,0.005671
405.3407,5.7710,62.03,113.00,0.005731
405.4225,5.7710,62.30,113.50,0.005911
405.5013,5.7710,62.30,114.00,0.005964
405.5781,5.7710,62.30,114.00,0.005672
405.6546,5.7710,62.03,114.00,0.005803
405.7317,5.7710,62.30,114.00,0.006004
405.8082,5.7710,62.03,114.00,0.005707
405.8866,5.7710,62.30,114.00,0.005611
405.9632,5.7710,62.30,114.00,0.005728
406.0439,5.7710,62.30,114.00,0.005859
406.1211,5.7805,61.76,114.00,0.006740
406.1999,5.7900,62.30,114.00,0.005317
406.2780,5.7900,62.03,114.00,0.005967
406.3581,5.7900,62.30,114.00,0.005749
406.4345,5.7900,62.30,114.00,0.005598
406.5125,5.7900,62.30,114.00,0.005686
406.5891,5.7900,62.30,114.00,0.005519
406.6697,5.7210,62.03,114.00,0.005611
406.7440,5.7210,62.30,114.00,0.005926
406.8232,5.7210,62.03,114.00,0.005793
406.9014,5.7210,62.30,114.00,0.005371
406.9824,5.7210,61.49,114.00,0.005946
407.0580,5.7210,61.76,114.00,0.005646
407.1393,5.7210,62.30,114.00,0.005926
407.2178,5.7210,62.03,114.00,0.005642
407.2946,5.7210,62.30,114.00,0.005712
407.3712,5.7210,62.30,114.00,0.005842
407.4524,5.7210,62.03,114.00,0.005200
407.5282,5.7210,62.03,114.00,0.005421
407.6070,5.7210,62.30,114.50,0.006005
407.6841,5.7750,62.30,115.00,0.005663
407.7616,5.7750,62.30,115.00,0.005293
407.8353,5.7750,61.76,115.00,0.005712
407.9083,5.7750,62.30,115.00,0.005484
407.9792,5.7750,62.30,115.00,0.005341
408.0547,5.7750,61.76,115.00,0.005614
408.1307,5.7750,62.30,115.00,0.005618
408.2059,5.7750,62.30,115.00,0.005425
408.2787,5.7750,62.30,115.00,0.005513
408.3543,5.7750,62.30,115.00,0.005594
408.4249,5.7750,62.30,115.00,0.005482
408.4986,5.7750,62.30,115.00,0.005784
408.5744,5.7750,62.30,115.00,0.005544
408.6509,5.8475,62.30,115.00,0.005734
408.7247,5.9200,62.30,115.00,0.005599
408.8005,5.9200,62.30,115.00,0.005410
408.8745,5.9200,61.49,115.00,0.005673
408.9501,5.9200,62.30,115.00,0.005568
409.0231,5.9200,62.30,115.00,0.005483
409.0979,5.9200,62.30,115.00,0.006232
409.1691,5.9200,62.30,115.00,0.005321
409.2425,5.9200,62.03,115.50,0.005463
409.3147,5.9200,62.30,116.00,0.005877
409.3909,5.9200,62.03,116.00,0.005635
409.4626,5.9200,62.30,116.00,0.005825
409.5387,5.9200,62.03,116.00,0.005819
409.6100,5.9200,62.03,116.00,0.005718
409.6872,5.9280,62.03,116.00,0.005647
409.7587,5.9280,62.30,116.00,0.005593
409.8342,5.9280,62.03,116.00,0.005372
409.9063,5.9280,62.30,116.00,0.005710
409.9820,5.9280,62.30,116.00,0.005533
410.0550,5.9280,62.03,116.00,0.005509
410.1304,5.9280,62.30,116.00,0.005495
410.2015,5.9280,62.30,116.00,0.005192
410.2772,5.9280,62.03,116.00,0.005320
410.3509,5.9280,62.30,116.00,0.005635
410.4272,5.9280,62.30,116.00,0.005664
410.5011,5.9280,62.30,116.00,0.005106
410.5748,5.9280,61.76,116.00,0.005522
410.6462,5.8765,61.49,116.00,0.005274
410.7192,5.8250,62.30,116.00,0.005487
410.7889,5.8250,62.30,116.00,0.005118
410.8623,5.8250,62.30,116.00,0.005470
410.9391,5.8250,62.30,116.00,0.009959
411.0133,5.8250,62.03,117.00,0.005173
411.0850,5.8250,62.30,117.00,0.005410
411.1626,5.8250,62.30,117.00,0.005897
411.2340,5.8250,62.30,117.00,0.005673
411.3072,5.8250,62.30,117.00,0.005613
411.3805,5.8250,62.30,117.00,0.005600
411.4587,5.8250,62.30,117.00,0.005532
411.5294,5.8250,62.30,117.00,0.005041
411.6013,5.8250,62.30,117.00,0.005265
411.6714,5.8250,62.30,117.00,0.005242
411.7439,5.8250,62.30,117.00,0.005246
411.8149,5.8650,62.30,117.00,0.005371
411.8909,5.9050,62.30,117.00,0.005444
411.9615,5.9050,62.03,117.00,0.005052
412.0347,5.9050,61.76,117.00,0.005376
412.1058,5.9050,62.30,117.00,0.005375
412.1789,5.9050,62.03,117.00,0.005572
412.2501,5.9050,62.30,117.00,0.005828
412.3270,5.9050,62.30,117.00,0.005472
412.4001,5.9050,62.03,117.00,0.005365
412.4745,5.9050,62.30,117.00,0.005322
412.5456,5.9050,62.30,117.00,0.005627
412.6190,5.9050,62.30,117.00,0.005599
412.6903,5.9120,62.30,117.00,0.005420
412.7631,5.9120,62.30,117.00,0.005593
412.8348,5.9120,62.30,117.00,0.005567
412.9075,5.9120,62.30,117.00,0.005395
412.9771,5.9120,62.30,117.00,0.005162
413.0512,5.9120,62.03,117.00,0.005515
413.1208,5.9120,62.03,118.00,0.005148
413.1941,5.9120,62.30,118.00,0.005698
413.2671,5.9120,62.30,118.00,0.005488
413.3426,5.9120,62.30,118.00,0.005779
413.4154,5.9120,62.30,118.00,0.005630
413.4948,5.9120,61.76,118.00,0.005345
413.5691,5.9120,62.03,118.00,0.005156
413.6412,5.9120,62.30,118.00,0.005326
413.7154,5.8780,62.30,118.00,0.005546
413.7943,5.8780,62.30,118.00,0.005696
413.8726,5.8780,62.30,118.00,0.005769
413.9463,5.8780,62.30,118.00,0.005157
414.0187,5.8780,62.03,118.00,0.005554
414.0976,5.8780,62.30,118.00,0.005793
414.1736,5.8780,62.03,118.00,0.005790
414.2516,5.8780,62.30,118.00,0.005598
414.3271,5.8780,62.30,118.00,0.005573
414.4067,5.8780,62.30,118.00,0.005697
414.4823,5.8780,62.30,118.00,0.005862
414.5619,5.8780,62.03,118.00,0.005624
414.6386,5.8320,62.30,118.00,0.005753
414.7191,5.7860,62.30,118.00,0.006073
414.7944,5.7860,62.30,118.00,0.005594
414.8737,5.7860,62.03,118.00,0.005838
414.9512,5.7860,62.03,118.00,0.005788
415.0256,5.7860,62.30,118.00,0.005419
415.0960,5.7860,62.03,118.00,0.005254
415.1709,5.7860,62.30,118.00,0.005798
415.2434,5.7860,62.30,118.00,0.005596
415.3155,5.7860,62.30,118.00,0.005299
415.3865,5.7860,62.03,118.00,0.005536
415.4585,5.7860,62.30,118.00,0.005661
415.5318,5.7860,62.03,118.00,0.005629
415.6062,5.7860,61.76,118.00,0.005594
415.6772,5.9050,61.76,118.00,0.005177
415.7547,5.9050,62.57,118.00,0.005720
415.8247,5.9050,62.03,118.00,0.005267
415.8976,5.9050,62.30,118.00,0.005036
415.9670,5.9050,62.03,118.00,0.005412
416.0379,5.9050,62.30,118.00,0.005125
416.1080,5.9050,62.30,118.00,0.005443
416.1847,5.9050,62.30,118.00,0.005511
416.2557,5.9050,62.30,118.00,0.005732
416.3277,5.9050,61.49,118.00,0.005395
416.3985,5.9050,62.30,118.00,0.005688
416.4751,5.9050,62.30,118.00,0.005735
416.5455,5.9050,62.03,118.00,0.005282
416.6185,5.9050,62.30,118.00,0.005728
416.6927,5.9350,62.30,118.00,0.005856
416.7648,5.9350,62.30,118.00,0.005172
416.8371,5.9350,62.30,118.00,0.005267
416.9117,5.9350,62.30,118.00,0.005448
416.9867,5.9350,62.30,118.00,0.005371
417.0588,5.9350,62.03,118.00,0.005130
417.1305,5.9350,62.03,118.00,0.005463
417.2035,5.9350,62.30,118.00,0.005521
417.2744,5.9350,62.30,119.00,0.005651
417.3473,5.9350,62.03,119.00,0.005293
417.4179,5.9350,62.30,119.00,0.005606
417.4932,5.9350,62.03,119.00,0.005439
417.5666,5.9350,62.03,119.00,0.005377
417.6466,5.9295,62.03,119.00,0.005758
417.7244,5.9240,62.30,119.00,0.005538
417.8006,5.9240,62.30,119.00,0.005577
417.8715,5.9240,61.49,119.00,0.005179
417.9430,5.9240,62.30,119.00,0.005203
418.0151,5.9240,61.76,119.00,0.005650
418.0870,5.9240,62.03,119.00,0.005260
418.1648,5.9240,62.30,119.00,0.005563
418.2429,5.9240,62.03,119.00,0.005800
418.3208,5.9240,62.30,119.00,0.005555
418.3995,5.9240,62.30,119.00,0.005611
418.4776,5.9240,62.03,119.00,0.005811
418.5562,5.9240,62.30,119.00,0.005762
418.6328,5.8780,62.30,119.00,0.005955
418.7134,5.8320,62.30,119.00,0.005960
418.7913,5.8320,61.76,119.00,0.006056
418.8713,5.8320,62.30,119.00,0.005876
418.9493,5.8320,62.03,119.00,0.005698
419.0272,5.8320,62.30,119.00,0.005238
419.1054,5.8320,62.03,119.00,0.005267
419.1837,5.8320,62.30,119.00,0.005436
419.2533,5.8320,62.30,119.00,0.005092
419.3263,5.8320,62.30,119.00,0.005502
419.3986,5.8320,62.30,119.00,0.005310
419.4751,5.8320,62.03,119.00,0.005608
419.5482,5.8320,61.76,119.00,0.005517
419.6282,5.8435,62.30,119.00,0.005225
419.7070,5.8550,62.30,119.00,0.005934
419.7873,5.8550,62.03,119.00,0.006079
419.8629,5.8550,62.30,119.00,0.005821
419.9417,5.8550,62.03,119.00,0.006305
420.0197,5.8550,62.30,119.00,0.005955
420.0999,5.8550,62.30,119.00,0.005781
420.1780,5.8550,61.76,119.00,0.005570
420.2548,5.8550,62.30,119.00,0.005512
420.3253,5.8550,62.30,119.00,0.005214
420.3988,5.8550,62.30,119.00,0.005419
420.4686,5.8550,62.03,119.00,0.005188
420.5427,5.8550,62.03,119.00,0.005298
420.6133,5.8550,62.30,119.00,0.005232
420.6850,5.8550,62.30,119.00,0.005358
420.7550,5.8550,62.03,119.00,0.005745
420.8273,5.8550,61.76,119.00,0.005406
420.8994,5.8550,62.03,119.00,0.005555
420.9712,5.8550,62.57,119.00,0.005153
421.0461,5.8550,62.30,119.00,0.005466
421.1220,5.8550,62.03,119.00,0.005741
421.1963,5.8550,62.30,119.00,0.005672
421.2752,5.8550,62.30,119.00,0.006030
421.3532,5.8550,62.30,119.00,0.005584
421.4336,5.8550,62.03,119.00,0.005940
421.5111,5.8550,61.76,119.00,0.006078
421.5870,5.8550,62.30,119.00,0.005692
421.6653,5.8550,62.30,119.00,0.005365
421.7457,5.8550,62.30,119.00,0.005183
421.8175,5.8550,62.03,119.00,0.005105
421.8895,5.8550,62.30,119.00,0.005132
421.9650,5.8550,62.30,119.00,0.005486
422.0449,5.7860,62.03,119.00,0.006383
422.1232,5.7860,62.30,119.00,0.006288
422.2031,5.7860,62.30,119.00,0.005541
422.2798,5.7860,62.03,119.00,0.005355
422.3605,5.7860,62.03,119.00,0.005329
422.4387,5.7860,62.03,119.00,0.005963
422.5190,5.7860,62.30,119.00,0.006080
422.5967,5.7860,62.03,119.00,0.005744
422.6756,5.7600,62.03,119.00,0.006123
422.7533,5.7600,61.76,118.00,0.005959
422.8330,5.7600,62.30,118.00,0.005861
422.9116,5.7600,62.30,118.50,0.005743
422.9896,5.7600,62.30,118.00,0.005902
423.0675,5.7600,62.30,118.00,0.005983
423.1450,5.7600,62.30,118.00,0.005650
423.2211,5.7600,62.30,118.00,0.005368
423.2980,5.7600,62.03,118.50,0.005374
423.3697,5.7600,62.03,119.00,0.005078
423.4427,5.7600,61.76,119.00,0.005391
423.5170,5.7600,62.03,119.00,0.005303
423.5952,5.7600,62.30,119.00,0.005569
423.6796,5.8440,61.76,119.00,0.010542
423.7546,5.8440,62.03,119.00,0.005214
423.8302,5.8440,62.30,119.00,0.005712
423.9085,5.8440,62.30,119.00,0.005721
423.9851,5.8440,62.03,119.00,0.005675
424.0577,5.8440,62.30,119.00,0.005062
424.1307,5.8440,61.76,119.00,0.005548
424.2025,5.8440,62.30,119.00,0.005511
424.2730,5.8440,62.03,119.00,0.005267
424.3508,5.8440,62.03,119.00,0.005409
424.4293,5.8440,62.03,119.00,0.005282
424.5099,5.8440,62.30,119.00,0.005308
424.5886,5.8440,61.76,119.00,0.005767
424.6690,5.8740,62.03,119.00,0.005347
424.7477,5.8740,62.30,119.00,0.005677
424.8237,5.8740,62.30,119.00,0.005587
424.9024,5.8740,62.30,119.00,0.005637
424.9822,5.8740,62.03,119.00,0.005789
425.0606,5.8740,62.30,119.00,0.005845
425.1407,5.8740,62.03,119.00,0.005579
425.2183,5.8740,62.30,119.00,0.006025
425.2985,5.8740,62.03,119.50,0.005687
425.3745,5.8740,62.03,120.00,0.005295
425.4525,5.8740,61.76,120.00,0.005248
425.5221,5.8740,62.30,120.00,0.005270
425.5985,5.8740,61.76,120.00,0.005368
425.6710,5.8740,62.30,120.00,0.005398
425.7460,5.7975,62.03,120.00,0.005749
425.8249,5.7210,62.03,120.00,0.005687
425.9071,5.7210,62.03,120.00,0.006068
425.9859,5.7210,62.03,120.00,0.005497
426.0671,5.7210,62.30,120.00,0.005705
426.1455,5.7210,62.30,120.00,0.005652
426.2187,5.7210,62.03,120.00,0.005266
426.2887,5.7210,62.03,120.00,0.005139
426.3633,5.7210,61.76,120.00,0.005322
426.4343,5.7210,62.30,120.00,0.005739
426.5124,5.7210,61.76,120.00,0.005483
426.5870,5.7210,62.03,120.00,0.005571
426.6667,5.8740,62.30,120.00,0.005766
426.7448,5.8740,61.76,120.00,0.005453
426.8239,5.8740,62.30,120.00,0.005743
426.8991,5.8740,62.03,120.00,0.005431
426.9706,5.8740,62.30,120.00,0.005117
427.0431,5.8740,62.30,120.00,0.005571
427.1178,5.8740,62.30,120.00,0.005636
427.1961,5.8740,62.30,120.00,0.005660
427.2750,5.8740,62.30,120.00,0.005505
427.3531,5.8740,62.03,120.00,0.005967
427.4337,5.8740,62.30,120.00,0.005680
427.5112,5.8740,62.03,120.00,0.005890
427.5915,5.8740,62.03,120.00,0.005574
427.6720,5.7630,62.30,120.00,0.005729
427.7508,5.7630,62.30,120.00,0.006043
427.8272,5.7630,62.30,120.00,0.005918
427.9025,5.7630,62.03,120.00,0.005302
427.9725,5.7630,62.03,120.00,0.005284
428.0454,5.7630,62.03,120.00,0.005122
428.1160,5.7630,61.76,120.00,0.005189
428.1918,5.7630,62.03,120.00,0.005646
428.2633,5.7630,62.03,120.00,0.005922
428.3352,5.7630,62.03,120.00,0.005228
428.4067,5.7630,62.30,120.00,0.005247
428.4782,5.7630,62.30,120.00,0.005388
428.5505,5.7630,62.03,120.00,0.005618
428.6242,5.8530,62.30,120.00,0.005920
428.6993,5.9430,62.03,120.00,0.005756
428.7720,5.9430,61.76,120.00,0.005407
428.8450,5.9430,62.30,120.00,0.005332
428.9183,5.9430,62.30,120.00,0.005769
428.9892,5.9430,62.03,120.00,0.005322
429.0621,5.9430,62.30,120.00,0.005452
429.1352,5.9430,62.30,120.00,0.005695
429.2104,5.9430,62.30,120.00,0.005895
429.2811,5.9430,62.30,120.00,0.005415
429.3560,5.9430,61.76,120.00,0.005489
429.4297,5.9430,62.30,120.00,0.005510
429.5028,5.9430,62.30,120.00,0.005577
429.5739,5.9430,62.03,120.00,0.005118
429.6473,5.9315,62.03,120.00,0.005686
429.7231,5.9200,62.03,120.00,0.005566
429.7960,5.9200,62.03,120.00,0.005462
429.8692,5.9200,62.30,120.00,0.005629
429.9419,5.9200,62.03,120.00,0.005331
430.0145,5.9200,62.03,120.00,0.005335
430.0870,5.9200,62.30,120.00,0.005428
430.1621,5.9200,61.76,120.00,0.005458
430.2387,5.9200,62.30,120.00,0.005643
430.3118,5.9200,62.03,120.00,0.005610
430.3864,5.9200,62.03,119.00,0.005544
430.4589,5.9200,62.03,120.00,0.005503
430.5350,5.9200,62.03,120.00,0.005343
430.6079,5.9200,62.03,120.00,0.005399
430.6813,5.8915,62.30,120.00,0.005460
430.7535,5.8630,62.30,120.00,0.005322
430.8267,5.8630,62.03,120.00,0.005423
430.8970,5.8630,62.30,119.00,0.005235
430.9706,5.8630,61.76,119.00,0.005140
431.0415,5.8630,62.03,119.50,0.005552
431.1140,5.8630,62.30,120.00,0.005482
431.1844,5.8630,62.30,120.00,0.005146
431.2575,5.8630,62.57,120.00,0.005438
431.3323,5.8630,62.30,120.00,0.005097
431.4094,5.8630,62.30,120.00,0.005523
431.4822,5.8630,62.30,119.00,0.005439
431.5552,5.8630,62.30,119.00,0.005603
431.6303,5.8760,62.30,119.00,0.005415
431.7035,5.8890,62.30,119.00,0.005402
431.7769,5.8890,62.30,119.00,0.005541
431.8516,5.8890,62.30,120.00,0.005590
431.9217,5.8890,61.49,120.00,0.005061
431.9933,5.8890,62.30,119.00,0.005131
432.0630,5.8890,62.30,119.50,0.005455
432.1353,5.8890,62.03,119.00,0.005153
432.2066,5.8890,62.30,119.00,0.005104
432.2776,5.8890,62.30,119.00,0.005080
432.3478,5.8890,62.30,119.00,0.005251
432.4227,5.8890,62.30,119.00,0.005744
432.4937,5.8890,62.30,119.00,0.005803
432.5708,5.8890,62.30,119.00,0.005718
432.6413,5.8890,62.03,119.00,0.005363
432.7143,5.8890,62.03,119.00,0.005613
432.7852,5.8890,61.76,119.00,0.005438
432.8574,5.8890,62.30,119.00,0.005299
432.9277,5.8890,62.30,119.00,0.005173
432.9990,5.8890,62.30,119.00,0.005166
433.0710,5.8890,62.30,119.00,0.005103
433.1473,5.8890,62.30,119.00,0.005128
433.2173,5.8890,62.03,119.00,0.005377
433.2916,5.8890,62.03,119.00,0.005504
433.3623,5.8890,62.30,119.00,0.005396
433.4334,5.8890,62.30,119.00,0.005141
433.5051,5.8890,62.57,119.00,0.005057
433.5785,5.8890,62.03,119.50,0.005110
433.6501,5.8890,62.30,119.00,0.005085
433.7275,5.8890,62.30,119.00,0.005325
433.8010,5.8890,62.30,119.00,0.005373
433.8731,5.8890,62.03,119.00,0.005143
433.9463,5.8890,62.30,119.00,0.005561
434.0177,5.8890,62.30,119.00,0.005163
434.0887,5.8890,62.30,119.00,0.005200
434.1663,5.8890,62.30,119.00,0.006092
434.2375,5.8890,62.30,119.00,0.005167
434.3131,5.8890,62.30,119.00,0.005409
434.3870,5.8890,62.30,119.00,0.005355
434.4600,5.8890,62.03,119.00,0.005681
434.5336,5.8890,62.30,119.00,0.005543
434.6064,5.8890,62.30,119.00,0.005474
434.6789,5.8890,62.30,119.00,0.005909
434.7512,5.8890,62.30,119.00,0.005538
434.8228,5.8890,61.76,119.00,0.005916
434.9030,5.8860,62.30,119.00,0.005918
434.9832,5.8860,62.30,119.00,0.006424
435.0617,5.8860,61.76,119.00,0.005593
435.1385,5.8860,62.03,119.00,0.005841
435.2194,5.8860,62.03,119.00,0.006046
435.2960,5.8860,62.30,119.00,0.005743
435.3766,5.8860,62.03,119.00,0.005791
435.4506,5.8860,62.03,119.00,0.005724
435.5281,5.8860,62.30,119.00,0.005394
435.6036,5.8860,62.30,119.00,0.005552
435.6818,5.8050,61.76,119.00,0.005583
435.7533,5.8050,62.30,119.00,0.005584
435.8272,5.8050,62.03,119.00,0.005670
435.9013,5.8050,62.30,119.00,0.005419
435.9751,5.8050,61.76,119.00,0.005726
436.0507,5.8050,62.30,119.00,0.005632
436.1237,5.8050,62.57,119.00,0.005188
436.1995,5.8050,62.30,119.00,0.005526
436.2753,5.8050,62.30,119.00,0.005426
436.3489,5.8050,62.30,119.00,0.005636
436.4224,5.8050,62.03,118.50,0.005708
436.4946,5.8050,62.30,119.00,0.005119
436.5660,5.8050,62.30,119.00,0.005093
436.6381,5.8050,62.30,119.00,0.005139
436.7146,5.8050,62.03,119.00,0.005559
436.7925,5.8630,62.03,119.00,0.005812
436.8707,5.8630,62.30,119.00,0.005758
436.9489,5.8630,62.30,119.00,0.005624
437.0273,5.8630,62.30,119.00,0.005915
437.1032,5.8630,62.30,119.00,0.005527
437.1838,5.8630,62.30,119.00,0.005734
437.2629,5.8630,62.30,119.00,0.005869
437.3433,5.8630,61.76,119.00,0.005901
437.4192,5.8630,62.30,119.00,0.005415
437.4999,5.8630,62.03,119.00,0.005261
437.5763,5.8630,62.03,119.00,0.005475
437.6575,5.8305,62.30,119.00,0.005997
437.7361,5.7980,61.76,119.00,0.005632
437.8148,5.7980,62.03,119.00,0.006103
437.8917,5.7980,62.03,118.50,0.005118
437.9711,5.7980,61.76,118.00,0.005577
438.0506,5.7980,61.76,118.00,0.005702
438.1292,5.7980,62.30,118.00,0.005429
438.2079,5.7980,62.30,118.00,0.005873
438.2882,5.7980,62.30,118.00,0.005821
438.3627,5.7980,62.30,118.00,0.005707
438.4414,5.7980,62.03,119.00,0.005599
438.5201,5.7980,62.30,119.00,0.005883
438.6006,5.7980,62.30,119.00,0.005773
438.6790,5.7980,61.49,119.00,0.005980
438.7604,5.7980,62.30,119.00,0.005704
438.8391,5.7980,62.03,119.00,0.005823
438.9202,5.7980,61.76,119.00,0.005532
438.9964,5.7980,62.30,119.00,0.005544
439.0748,5.7980,62.30,119.00,0.005569
439.1507,5.7980,62.03,118.50,0.005733
439.2312,5.7980,62.03,118.00,0.005879
439.3070,5.7980,62.03,118.50,0.005984
439.3861,5.7980,62.03,118.00,0.005763
439.4649,5.7980,61.76,118.00,0.005638
439.5453,5.7980,61.49,118.00,0.005657
439.6223,5.7980,61.76,118.00,0.005996
439.7010,5.7980,61.49,118.00,0.005788
439.7797,5.7980,61.76,118.00,0.005738
439.8564,5.7980,61.76,118.00,0.005593
439.9307,5.7980,61.76,118.00,0.005456
440.0025,5.7980,61.76,118.00,0.005150
440.0731,5.7980,62.30,118.00,0.005153
440.1451,5.7980,62.03,118.00,0.005192
440.2208,5.7860,61.76,118.00,0.005409
440.2929,5.7860,61.76,118.50,0.005417
440.3667,5.7860,61.49,118.00,0.005239
440.4389,5.7860,61.76,118.00,0.005744
440.5119,5.7860,62.03,118.00,0.005867
440.5866,5.7860,61.76,118.00,0.005319
440.6627,5.8360,62.03,118.00,0.005721
440.7374,5.8360,62.03,118.00,0.005278
440.8103,5.8360,62.03,118.00,0.005262
440.8870,5.8360,61.76,118.50,0.005742
440.9602,5.8360,61.49,118.50,0.005445
441.0351,5.8360,62.30,118.00,0.005421
441.1063,5.8360,61.76,118.00,0.005585
441.1790,5.8360,62.03,118.00,0.005508
441.2502,5.8360,61.76,118.00,0.005410
441.3248,5.8360,62.30,118.00,0.005121
441.3951,5.8360,62.03,118.00,0.005377
441.4690,5.8360,62.03,118.00,0.005087
441.5423,5.8360,62.30,118.00,0.005644
441.6147,5.8360,61.76,118.00,0.005412
441.6863,5.8630,62.30,118.00,0.005749
441.7617,5.8630,62.57,118.00,0.005240
441.8356,5.8630,62.30,118.00,0.005432
441.9095,5.8630,62.30,118.00,0.005136
441.9800,5.8630,62.30,118.00,0.005510
442.0544,5.8630,62.03,118.00,0.005523
442.1281,5.8630,62.03,118.00,0.005790
442.2041,5.8630,61.76,118.00,0.005995
442.2789,5.8630,62.03,118.00,0.005394
442.3513,5.8630,62.30,118.00,0.005517
442.4213,5.8630,62.03,118.00,0.005170
442.4944,5.8630,61.49,118.00,0.005541
442.5655,5.8630,62.03,118.00,0.005514
442.6412,5.8285,62.03,118.00,0.005507
442.7136,5.7940,62.30,118.00,0.005583
442.7879,5.7940,62.03,118.00,0.005713
442.8626,5.7940,62.30,118.00,0.005562
442.9387,5.7940,62.30,118.00,0.005605
443.0123,5.7940,61.76,118.00,0.005553
443.0907,5.7940,62.30,118.00,0.005543
443.1668,5.7940,62.30,118.00,0.005539
443.2428,5.7940,62.30,118.00,0.005923
443.3143,5.7940,62.03,118.00,0.005514
443.3906,5.7940,62.30,118.00,0.005727
443.4625,5.7940,62.03,118.00,0.005532
443.5400,5.7940,62.03,118.00,0.005381
443.6152,5.7940,62.30,118.00,0.005602
443.6890,5.9090,61.76,118.00,0.005574
443.7599,5.9090,62.03,118.00,0.005325
443.8401,5.9090,62.30,118.00,0.005694
443.9168,5.9090,62.30,115.50,0.006192
443.9946,5.9090,62.30,113.00,0.005955
444.0728,5.9090,62.30,113.00,0.005877
444.1527,5.9090,62.03,114.00,0.005531
444.2306,5.9090,62.30,114.00,0.005571
444.3045,5.9090,62.03,114.00,0.005211
444.3790,5.9090,62.30,114.00,0.005472
444.4516,5.9090,62.30,114.00,0.005409
444.5225,5.9090,62.03,114.00,0.005295
444.5956,5.9090,62.03,114.00,0.005632
444.6672,5.8670,62.30,114.00,0.005311
444.7421,5.8670,62.30,114.00,0.005479
444.8157,5.8670,62.03,114.00,0.005422
444.8913,5.8670,62.03,114.00,0.005767
444.9626,5.8670,62.30,114.00,0.005701
445.0356,5.8670,62.30,114.00,0.005269
445.1078,5.8670,62.03,114.00,0.005457
445.1832,5.8670,61.76,114.00,0.005934
445.2537,5.8670,62.30,114.00,0.005111
445.3290,5.8670,62.30,114.00,0.005712
445.4022,5.8670,61.76,114.00,0.005254
445.4744,5.8670,62.03,114.00,0.005564
445.5438,5.8670,62.30,114.00,0.005169
445.6150,5.8670,62.30,114.00,0.005452
445.6868,5.8670,62.30,114.00,0.005637
445.7581,5.8670,62.30,114.00,0.005553
445.8294,5.9120,61.76,114.00,0.005342
445.9030,5.9120,61.76,114.00,0.005530
445.9741,5.9120,62.30,114.00,0.005918
446.0507,5.9120,62.03,114.00,0.005830
446.1235,5.9120,62.30,114.00,0.005360
446.1959,5.9120,62.30,114.00,0.005570
446.2674,5.9120,62.30,114.00,0.005543
446.3417,5.9120,62.03,114.00,0.005065
446.4155,5.9120,62.30,114.00,0.005846
446.4902,5.9120,62.30,114.00,0.005642
446.5611,5.9120,62.30,114.00,0.005452
446.6337,5.9180,62.03,114.00,0.005256
446.7048,5.9240,62.30,114.00,0.005335
446.7799,5.9240,62.57,114.00,0.005765
446.8533,5.9240,62.30,114.00,0.005123
446.9276,5.9240,62.03,114.00,0.005668
446.9987,5.9240,62.30,114.00,0.005481
447.0716,5.9240,62.03,114.00,0.005910
447.1421,5.9240,62.30,114.00,0.005369
447.2145,5.9240,62.30,114.00,0.005723
447.2870,5.9240,62.03,114.00,0.005153
447.3595,5.9240,62.03,114.00,0.005451
447.4348,5.9240,62.30,114.00,0.005629
447.5067,5.9240,62.30,114.00,0.005260
447.5778,5.9240,61.76,114.00,0.005457
447.6508,5.9335,62.30,115.00,0.005662
447.7266,5.9430,62.30,115.00,0.005597
447.7995,5.9430,61.76,115.00,0.005471
447.8725,5.9430,62.30,115.00,0.005602
447.9470,5.9430,62.30,115.00,0.005711
448.0174,5.9430,62.30,115.00,0.005390
448.0899,5.9430,62.30,115.00,0.005483
448.1627,5.9430,62.03,115.00,0.005466
448.2372,5.9430,62.03,115.00,0.005379
448.3098,5.9430,62.30,115.00,0.005414
448.3813,5.9430,62.03,115.00,0.005287
448.4547,5.9430,62.30,115.00,0.005256
448.5267,5.9430,62.30,115.00,0.005622
448.5970,5.9430,62.30,115.00,0.005302
448.6721,5.9200,62.30,115.00,0.005360
448.7471,5.9200,62.30,115.00,0.005882
448.8215,5.9200,62.30,115.00,0.005354
448.8947,5.9200,62.30,115.00,0.005521
448.9667,5.9200,62.30,115.00,0.005281
449.0375,5.9200,62.30,115.00,0.005533
449.1105,5.9200,61.76,115.00,0.005362
449.1821,5.9200,62.30,115.00,0.005743
449.2544,5.9200,62.30,115.00,0.005576
449.3254,5.9200,62.30,115.00,0.005491
449.3983,5.9200,62.30,115.00,0.005781
449.4688,5.9200,62.30,115.00,0.005548
449.5436,5.9200,62.30,115.50,0.005352
449.6190,5.9430,62.30,116.00,0.005430
449.6922,5.9660,62.30,116.00,0.005405
449.7630,5.9660,62.30,116.00,0.005488
449.8352,5.9660,62.30,116.00,0.005276
449.9065,5.9660,62.30,116.00,0.005241
449.9774,5.9660,62.03,116.00,0.005082
450.0490,5.9660,62.03,116.00,0.005127
450.1205,5.9660,62.30,116.00,0.005297
450.1922,5.9660,62.30,116.00,0.005154
450.2668,5.9660,62.30,116.00,0.005434
450.3373,5.9660,62.57,116.00,0.005214
450.4101,5.9660,62.30,116.00,0.005589
450.4812,5.9660,62.30,116.00,0.005476
450.5583,5.9660,62.03,115.00,0.005592
450.6291,5.9485,62.03,115.00,0.005293
450.7042,5.9310,62.03,116.00,0.005584
450.7794,5.9310,62.57,116.00,0.005482
450.8559,5.9310,62.30,116.00,0.005974
450.9342,5.9310,62.30,116.00,0.005735
451.0144,5.9310,62.30,115.50,0.005730
451.0924,5.9310,62.30,115.50,0.005922
451.1725,5.9310,62.30,116.00,0.005810
451.2514,5.9310,61.49,116.00,0.006024
451.3311,5.9310,62.03,116.00,0.005819
451.4079,5.9310,62.30,116.00,0.005789
451.4853,5.9310,62.03,116.00,0.005123
451.5637,5.9310,62.30,116.00,0.005416
451.6443,5.8550,62.30,116.00,0.005551
451.7210,5.7790,62.03,116.00,0.005617
451.7991,5.7790,62.03,116.00,0.005898
451.8753,5.7790,62.03,116.00,0.006189
451.9528,5.7790,62.30,116.00,0.005370
452.0308,5.7790,62.03,116.00,0.005832
452.1106,5.7790,62.30,116.00,0.005855
452.1836,5.7790,62.03,116.00,0.005498
452.2584,5.7790,62.03,116.00,0.005816
452.3308,5.7790,61.49,116.00,0.005561
452.4032,5.7790,61.76,116.00,0.005542
452.4732,5.7790,61.49,116.00,0.005216
452.5466,5.7790,62.30,116.00,0.005313
452.6183,5.7790,61.49,116.00,0.005438
452.6896,5.7790,62.30,116.00,0.005499
452.7611,5.9240,62.03,116.00,0.005301
452.8332,5.9240,62.30,116.00,0.005193
452.9055,5.9240,62.30,116.00,0.005193
452.9774,5.9240,62.30,116.00,0.005202
453.0502,5.9240,62.03,116.00,0.005515
453.1227,5.9240,62.30,116.00,0.005152
453.1952,5.9240,62.03,116.00,0.005549
453.2696,5.9240,61.76,116.00,0.005444
453.3424,5.9240,61.76,116.00,0.005777
453.4147,5.9240,62.03,116.00,0.005977
453.4855,5.9240,62.30,116.00,0.005345
453.5623,5.9240,61.76,116.00,0.005623
453.6334,5.9050,62.03,116.00,0.005384
453.7060,5.8860,62.30,116.00,0.005556
453.7796,5.8860,62.30,116.00,0.005680
453.8537,5.8860,62.30,116.00,0.005440
453.9266,5.8860,62.30,116.00,0.005758
453.9991,5.8860,62.30,116.00,0.005494
454.0751,5.8860,62.30,116.00,0.005817
454.1490,5.8860,62.30,116.00,0.005165
454.2224,5.8860,62.03,116.00,0.005554
454.2940,5.8860,62.30,116.00,0.005414
454.3652,5.8860,61.76,116.00,0.005292
454.4372,5.8860,62.30,116.00,0.005553
454.5091,5.8860,62.03,116.00,0.005342
454.5832,5.8860,62.30,116.00,0.005777
454.6547,5.9050,62.03,116.00,0.005491
454.7265,5.9240,62.30,116.00,0.005324
454.7978,5.9240,62.30,116.00,0.005608
454.8711,5.9240,62.30,116.00,0.005672
454.9459,5.9240,62.03,116.00,0.005685
455.0182,5.9240,62.30,116.00,0.005669
455.0913,5.9240,62.30,116.00,0.005441
455.1638,5.9240,62.03,116.00,0.005597
455.2398,5.9240,62.03,116.00,0.005423
455.3131,5.9240,62.30,116.00,0.005166
455.3833,5.9240,62.30,116.00,0.005384
455.4538,5.9240,62.30,116.00,0.005092
455.5273,5.9240,62.30,116.00,0.005592
455.5995,5.9240,62.30,116.00,0.005526
455.6743,5.9120,62.30,117.00,0.005523
455.7545,5.9120,61.76,117.00,0.006238
455.8315,5.9120,62.30,117.00,0.006066
455.9069,5.9120,62.03,117.00,0.005318
455.9786,5.9120,62.03,117.00,0.005843
456.0537,5.9120,62.30,117.00,0.005614
456.1249,5.9120,62.30,117.00,0.005306
456.2004,5.9120,62.30,117.00,0.005496
456.2732,5.9120,62.03,117.00,0.005126
456.3508,5.9120,62.30,117.00,0.005726
456.4211,5.9120,62.03,117.00,0.005421
456.4961,5.9120,62.30,117.00,0.005490
456.5695,5.9120,61.76,117.00,0.005421
456.6429,5.8910,62.30,117.00,0.005658
456.7145,5.8700,62.30,117.00,0.005924
456.7866,5.8700,61.76,117.00,0.005264
456.8574,5.8700,62.30,117.00,0.005282
456.9302,5.8700,62.30,117.00,0.005374
457.0064,5.8700,61.76,117.00,0.005694
457.0790,5.8700,62.03,117.00,0.005902
457.1520,5.8700,62.30,117.00,0.005538
457.2275,5.8700,62.30,117.00,0.005596
457.2995,5.8700,62.03,117.00,0.005674
457.3744,5.8700,62.30,117.00,0.005674
457.4460,5.8700,62.30,117.00,0.005612
457.5231,5.8700,62.03,117.00,0.005807
457.5939,5.8700,62.30,117.00,0.005503
457.6657,5.8700,62.03,117.00,0.005227
457.7355,5.8700,62.30,117.00,0.005084
457.8070,5.8700,62.03,117.00,0.005141
457.8803,5.8700,62.30,117.00,0.005723
457.9555,5.8700,62.03,117.00,0.005391
458.0312,5.8700,62.30,118.00,0.005723
458.1063,5.8700,62.30,118.00,0.005565
458.1772,5.8700,62.30,118.00,0.005540
458.2553,5.8700,62.30,118.00,0.005783
458.3345,5.8700,62.30,118.00,0.006032
458.4137,5.8700,62.30,118.00,0.005563
458.4870,5.8700,62.30,118.00,0.005277
458.5586,5.8700,61.76,118.00,0.005134
458.6311,5.8700,62.30,118.00,0.005344
458.7034,5.8700,61.76,118.00,0.005466
458.7810,5.8265,62.03,118.00,0.005656
458.8629,5.7830,62.03,118.00,0.005475
458.9390,5.7830,62.30,118.00,0.005308
459.0176,5.7830,62.30,118.00,0.005205
459.0935,5.7830,62.03,118.00,0.005447
459.1723,5.7830,62.03,118.00,0.005748
459.2489,5.7830,62.03,118.00,0.005294
459.3297,5.7830,61.49,118.00,0.005623
459.4063,5.7830,62.03,118.00,0.005677
459.4872,5.7830,61.76,118.00,0.005842
459.5666,5.7830,62.03,118.00,0.005724
459.6457,5.7255,61.76,118.00,0.005660
459.7239,5.6680,62.30,118.00,0.006140
459.8053,5.6680,62.03,118.00,0.005912
459.8821,5.6680,62.30,118.00,0.005714
459.9545,5.6680,62.03,118.00,0.005386
460.0257,5.6680,62.30,118.00,0.005295
460.1029,5.6680,62.03,118.00,0.005687
460.1811,5.6680,62.30,118.00,0.005850
460.2634,5.6680,62.30,118.00,0.006110
460.3394,5.6680,62.03,118.00,0.006034
460.4181,5.6680,62.03,118.00,0.005826
460.4936,5.6680,62.03,118.00,0.005491
460.5721,5.6680,61.76,118.00,0.005651
460.6484,5.7155,62.03,118.00,0.005841
460.7282,5.7630,62.30,118.00,0.005995
460.8044,5.7630,62.30,118.00,0.005126
460.8830,5.7630,62.03,118.00,0.005367
460.9535,5.7630,62.03,118.00,0.005226
461.0288,5.7630,62.03,118.00,0.005648
461.1078,5.7630,62.30,118.00,0.005753
461.1880,5.7630,61.76,118.00,0.005561
461.2663,5.7630,62.30,118.00,0.006069
461.3387,5.7630,62.03,118.00,0.005260
461.4123,5.7630,61.76,118.00,0.005494
461.4893,5.7630,61.49,118.00,0.005673
461.5635,5.7630,62.03,118.00,0.005731
461.6441,5.7630,62.30,118.00,0.006049
461.7184,5.7630,62.30,118.00,0.005955
461.7992,5.7630,62.03,118.00,0.005684
461.8752,5.7630,62.30,118.00,0.005616
461.9501,5.7630,61.76,118.00,0.005632
462.0236,5.7630,61.76,118.50,0.005553
462.0982,5.7630,61.76,119.00,0.005427
462.1708,5.7630,62.03,119.00,0.005668
462.2433,5.7630,61.76,119.00,0.005588
462.3140,5.7630,61.49,119.00,0.005252
462.3864,5.7630,62.30,119.00,0.005522
462.4576,5.7630,62.30,119.00,0.005342
462.5324,5.7630,62.03,119.00,0.005332
462.6057,5.7630,62.03,119.00,0.005372
462.6791,5.7630,62.30,119.00,0.005651
462.7530,5.9090,61.49,119.00,0.005197
462.8254,5.9090,62.30,119.00,0.005308
462.8969,5.9090,62.30,119.00,0.005343
462.9695,5.9090,62.03,119.00,0.005299
463.0395,5.9090,61.76,119.00,0.005068
463.1114,5.9090,62.03,119.00,0.005233
463.1810,5.9090,62.30,119.00,0.005122
463.2526,5.9090,62.03,119.00,0.005379
463.3225,5.9090,62.03,119.00,0.005096
463.3942,5.9090,62.03,119.00,0.005254
463.4646,5.9090,62.30,119.00,0.005116
463.5402,5.9090,62.03,119.00,0.005841
463.6112,5.9090,62.03,119.00,0.005386
463.6861,5.9090,62.30,119.00,0.005164
463.7583,5.9090,62.30,119.00,0.006004
463.8297,5.9090,61.76,119.00,0.005164
463.8995,5.9090,61.76,119.00,0.005304
463.9718,5.9090,62.30,119.00,0.005347
464.0426,5.9090,62.30,119.00,0.005301
464.1177,5.9090,61.76,119.00,0.005436
464.1891,5.9090,62.03,119.00,0.005668
464.2624,5.9090,62.03,119.00,0.005560
464.3334,5.9090,62.03,119.00,0.005363
464.4068,5.9090,62.03,119.00,0.005444
464.4776,5.9090,62.30,119.00,0.005423
464.5549,5.9090,62.30,119.00,0.005774
464.6314,5.9165,62.03,119.00,0.005970
464.7047,5.9240,62.03,119.00,0.005403
464.7788,5.9240,62.30,119.00,0.005840
464.8543,5.9240,62.03,119.00,0.005435
464.9309,5.9240,62.03,119.00,0.005610
465.0062,5.9240,62.30,119.00,0.005322
465.0787,5.9240,62.30,119.00,0.005882
465.1523,5.9240,62.03,119.00,0.005839
465.2257,5.9240,62.03,119.00,0.005592
465.2994,5.9240,62.30,119.00,0.005761
465.3737,5.9240,62.03,119.00,0.005540
465.4470,5.9240,62.30,119.00,0.005376
465.5181,5.9240,62.30,119.00,0.005401
465.5910,5.9240,61.76,119.00,0.005559
465.6673,5.8970,62.03,119.00,0.005693
465.7429,5.8970,62.30,119.00,0.005616
465.8153,5.8970,62.03,119.00,0.005981
465.8929,5.8970,61.76,119.00,0.005584
465.9639,5.8970,62.30,119.00,0.005466
466.0385,5.8970,62.30,119.00,0.005406
466.1096,5.8970,62.03,119.00,0.005208
466.1870,5.8970,62.30,119.00,0.005516
466.2576,5.8970,62.30,119.00,0.005249
466.3320,5.8970,62.30,119.00,0.005243
466.4061,5.8970,62.03,119.00,0.005619
466.4786,5.8970,62.30,119.00,0.005307
466.5542,5.8970,62.30,119.00,0.005447
466.6293,5.8970,62.30,119.00,0.005836
466.7032,5.8630,62.03,119.00,0.005723
466.7783,5.8630,62.30,119.00,0.005427
466.8519,5.8630,62.30,119.00,0.005677
466.9270,5.8630,62.30,119.00,0.005425
466.9969,5.8630,62.30,119.00,0.005137
467.0694,5.8630,61.49,119.00,0.005407
467.1415,5.8630,62.30,119.00,0.005051
467.2147,5.8630,62.30,118.00,0.005645
467.2906,5.8630,61.76,119.00,0.005823
467.3640,5.8630,62.03,118.00,0.005478
467.4399,5.8630,62.30,119.00,0.005270
467.5150,5.8630,62.30,119.00,0.005547
467.5882,5.8630,62.30,119.00,0.005363
467.6633,5.8630,61.76,119.00,0.005288
467.7350,5.8630,62.03,119.00,0.005666
467.8077,5.8630,62.03,119.00,0.005612
467.8834,5.8630,61.76,118.50,0.005816
467.9585,5.8630,62.30,118.00,0.005605
468.0315,5.8630,62.30,118.50,0.005211
468.1072,5.8630,61.49,118.00,0.006163
468.1780,5.8630,62.03,118.00,0.005072
468.2508,5.8630,61.76,118.00,0.005416
468.3218,5.8630,62.03,118.00,0.005321
468.3973,5.8630,62.03,118.00,0.005535
468.4713,5.8630,61.76,119.00,0.005854
468.5436,5.8630,61.76,118.00,0.005183
468.6189,5.8630,62.03,118.50,0.005328
468.6949,5.8630,61.76,118.00,0.005920
468.7663,5.8630,62.03,118.00,0.005395
468.8392,5.8935,62.30,118.00,0.006047
468.9117,5.9240,62.30,118.00,0.005571
468.9869,5.9240,61.76,118.00,0.005555
469.0594,5.9240,62.03,118.00,0.005826
469.1349,5.9240,62.03,118.00,0.005967
469.2084,5.9240,62.30,118.00,0.005976
469.2879,5.9240,61.76,118.00,0.005845
469.3654,5.9240,62.30,118.00,0.005533
469.4427,5.9240,62.03,118.00,0.005601
469.5169,5.9240,62.03,118.00,0.005445
469.5901,5.9240,61.76,118.00,0.005386
469.6653,5.8210,62.30,118.00,0.005396
469.7391,5.8210,62.03,118.00,0.005713
469.8127,5.8210,61.76,118.00,0.005405
469.8882,5.8210,62.30,118.00,0.005586
469.9619,5.8210,62.30,118.00,0.005766
470.0372,5.8210,62.03,118.00,0.005454
470.1105,5.8210,62.03,118.00,0.005452
470.1835,5.8210,62.30,118.00,0.005372
470.2584,5.8210,61.49,118.00,0.005665
470.3307,5.8210,62.03,118.00,0.005277
470.4021,5.8210,62.03,118.00,0.005139
470.4730,5.8210,62.03,118.00,0.005056
470.5448,5.8210,61.76,118.00,0.005065
470.6188,5.8210,62.30,118.00,0.005399
470.6922,5.8650,62.03,118.00,0.005717
470.7657,5.9090,62.03,118.00,0.005395
470.8374,5.9090,62.30,118.00,0.005298
470.9103,5.9090,62.03,118.00,0.005489
470.9811,5.9090,62.03,118.00,0.005499
471.0544,5.9090,62.30,118.00,0.005540
471.1253,5.9090,61.76,118.00,0.005318
471.1983,5.9090,61.76,118.00,0.005735
471.2694,5.9090,61.76,118.00,0.005471
471.3424,5.9090,62.03,118.00,0.005628
471.4140,5.9090,61.76,118.00,0.005516
471.4873,5.9090,62.03,118.00,0.005682
471.5575,5.9090,62.03,118.00,0.005207
471.6293,5.9090,62.30,118.00,0.005300
471.7021,5.9105,62.30,118.00,0.005376
471.7803,5.9120,62.03,118.00,0.005192
471.8544,5.9120,62.30,118.00,0.005646
471.9270,5.9120,61.76,118.00,0.005489
471.9987,5.9120,62.30,118.00,0.005572
472.0739,5.9120,62.03,118.00,0.005593
472.1469,5.9120,62.03,118.00,0.005357
472.2198,5.9120,61.76,118.00,0.005657
472.2933,5.9120,61.76,118.00,0.005603
472.3663,5.9120,62.30,118.00,0.005319
472.4372,5.9120,61.76,118.00,0.005596
472.5106,5.9120,62.30,118.00,0.005380
472.5830,5.9120,61.76,118.00,0.005157
472.6560,5.9045,62.30,118.00,0.005390
472.7281,5.8970,62.03,118.00,0.005431
472.8031,5.8970,62.03,118.00,0.005663
472.8740,5.8970,62.30,118.00,0.005436
472.9464,5.8970,62.30,118.00,0.005132
473.0200,5.8970,62.03,117.50,0.005401
473.0945,5.8970,62.30,117.00,0.005155
473.1658,5.8970,62.30,118.00,0.005587
473.2407,5.8970,61.76,118.00,0.005451
473.3142,5.8970,62.30,118.00,0.005612
473.3906,5.8970,61.76,118.00,0.005519
473.4624,5.8970,62.03,118.00,0.005102
473.5337,5.8970,62.30,118.00,0.005051
473.6038,5.8970,62.30,118.00,0.005192
473.6782,5.8970,62.30,117.50,0.005278
473.7496,5.7900,62.03,117.00,0.005467
473.8227,5.7900,62.03,117.00,0.005620
473.8942,5.7900,61.76,117.00,0.005562
473.9673,5.7900,62.30,117.50,0.005624
474.0385,5.7900,62.30,118.00,0.005731
474.1133,5.7900,62.30,118.00,0.005370
474.1868,5.7900,62.30,118.00,0.005650
474.2590,5.7900,62.30,118.00,0.005479
474.3347,5.7900,61.76,118.00,0.005553
474.4079,5.7900,62.30,118.00,0.005635
474.4831,5.7900,62.03,118.00,0.005376
474.5602,5.7900,62.30,118.00,0.005603
474.6345,5.8090,62.03,118.00,0.005652
474.7090,5.8280,61.76,118.00,0.005162
474.7824,5.8280,62.30,117.00,0.005552
474.8603,5.8280,62.30,117.00,0.005552
474.9344,5.8280,62.30,117.50,0.005583
475.0081,5.8280,62.03,118.00,0.005562
475.0839,5.8280,62.30,118.00,0.005562
475.1588,5.8280,62.03,117.50,0.005311
475.2326,5.8280,61.49,117.50,0.005553
475.3067,5.8280,62.03,117.00,0.005797
475.3800,5.8280,62.30,117.50,0.005356
475.4556,5.8280,62.30,117.00,0.005866
475.5289,5.8280,61.49,117.00,0.005133
475.6027,5.8280,62.30,117.00,0.005893
475.6756,5.9090,62.30,117.00,0.006010
475.7515,5.9090,62.03,117.00,0.005378
475.8275,5.9090,61.49,117.00,0.005661
475.9028,5.9090,62.03,117.00,0.005572
475.9739,5.9090,62.03,117.00,0.005513
476.0503,5.9090,62.03,117.00,0.005926
476.1225,5.9090,62.03,117.50,0.005530
476.1985,5.9090,62.30,117.00,0.005700
476.2707,5.9090,62.30,117.00,0.005484
476.3469,5.9090,62.30,117.00,0.005584
476.4225,5.9090,61.76,117.00,0.005480
476.4976,5.9090,62.03,117.00,0.005452
476.5692,5.9090,62.30,117.00,0.005333
476.6415,5.9090,61.22,117.00,0.005244
476.7119,5.9090,62.30,117.00,0.005152
476.7865,5.8740,62.30,117.00,0.005663
476.8576,5.8740,62.03,117.00,0.005208
476.9345,5.8740,62.30,117.00,0.005586
477.0058,5.8740,62.03,117.00,0.005393
477.0812,5.8740,61.76,117.00,0.005557
477.1518,5.8740,62.03,117.00,0.005356
477.2285,5.8740,62.30,117.00,0.005411
477.3039,5.8740,62.30,117.00,0.005279
477.3775,5.8740,61.76,117.00,0.005529
477.4492,5.8740,61.76,117.00,0.005432
477.5221,5.8740,62.03,117.00,0.005455
477.5944,5.8740,62.30,117.00,0.005488
477.6711,5.9200,62.03,117.00,0.005688
477.7420,5.9200,61.76,117.00,0.005344
477.8146,5.9200,62.03,117.00,0.005720
477.8855,5.9200,62.30,117.00,0.005254
477.9588,5.9200,62.30,117.00,0.005672
478.0321,5.9200,62.30,117.00,0.005607
478.1060,5.9200,62.30,117.00,0.005705
478.1776,5.9200,62.03,117.00,0.005550
478.2500,5.9200,61.76,117.00,0.005437
478.3215,5.9200,62.03,117.00,0.005464
478.3944,5.9200,62.30,117.00,0.005763
478.4701,5.9200,61.76,117.00,0.005844
478.5427,5.9200,62.03,117.00,0.005672
478.6137,5.9200,61.76,117.00,0.005390
478.6879,5.9390,61.76,117.00,0.005273
478.7640,5.9390,62.30,117.00,0.005658
478.8401,5.9390,62.30,117.00,0.005461
478.9141,5.9390,62.03,117.00,0.005734
478.9905,5.9390,62.30,117.00,0.005692
479.0641,5.9390,62.03,117.00,0.005535
479.1387,5.9390,61.49,117.00,0.005534
479.2096,5.9390,62.03,117.00,0.005092
479.2812,5.9390,62.03,117.00,0.005400
479.3532,5.9390,62.30,117.00,0.005144
479.4254,5.9390,62.30,117.00,0.005295
479.4986,5.9390,62.03,117.00,0.005117
479.5735,5.9390,62.30,117.00,0.005379
479.6474,5.9390,61.76,117.00,0.005298
479.7197,5.9390,62.03,117.00,0.005589
479.7930,5.9390,62.03,117.00,0.005660
479.8657,5.9390,62.30,117.00,0.005259
479.9422,5.9390,62.30,117.00,0.006299
480.0154,5.9390,62.30,117.00,0.005697
480.0908,5.9390,62.03,117.00,0.005397
480.1672,5.9390,62.03,117.00,0.005774
480.2442,5.9390,62.30,117.00,0.005608
480.3182,5.9390,62.03,117.00,0.005471
480.3922,5.9390,62.03,117.00,0.005597
480.4708,5.9390,62.03,117.00,0.005587
480.5455,5.9390,62.30,117.00,0.005223
480.6216,5.9390,62.03,117.00,0.005662
480.6953,5.9390,62.03,117.00,0.005835
480.7709,5.9390,62.03,117.00,0.005370
480.8456,5.9390,62.30,117.00,0.005538
480.9187,5.9390,62.30,117.00,0.005348
480.9909,5.9390,62.30,117.00,0.005545
481.0666,5.8895,62.03,117.00,0.005746
481.1386,5.8400,61.76,117.00,0.005234
481.2124,5.8400,62.03,117.00,0.005578
481.2861,5.8400,62.03,117.00,0.005361
481.3610,5.8400,62.03,117.00,0.005464
481.4346,5.8400,62.03,117.00,0.005520
481.5076,5.8400,61.76,117.00,0.005593
481.5795,5.8400,62.30,116.50,0.005885
481.6542,5.8400,62.03,116.00,0.005237
481.7263,5.8400,62.30,116.00,0.005464
481.7977,5.8400,62.03,116.00,0.005219
481.8712,5.8400,61.76,116.00,0.005740
481.9436,5.8400,62.03,116.50,0.005261
482.0192,5.8400,61.76,117.00,0.005895
482.0934,5.8400,62.30,117.00,0.005649
482.1653,5.8400,62.30,117.00,0.005394
482.2385,5.8400,62.03,117.00,0.005375
482.3111,5.8400,62.30,117.00,0.005304
482.3864,5.8400,61.76,117.00,0.005592
482.4600,5.8400,62.03,117.00,0.005506
482.5386,5.8400,62.03,117.00,0.005861
482.6113,5.8400,62.03,117.00,0.005694
482.6871,5.8400,62.03,117.00,0.005873
482.7575,5.8400,62.30,117.00,0.005235
482.8309,5.8400,62.03,117.00,0.005517
482.9015,5.8400,62.30,116.00,0.005475
482.9751,5.8400,61.76,116.00,0.005111
483.0465,5.8400,62.03,116.00,0.005708
483.1244,5.8590,62.03,116.00,0.005599
483.1987,5.8780,62.30,116.00,0.005562
483.2747,5.8780,62.03,116.00,0.005701
483.3464,5.8780,62.30,116.00,0.005588
483.4205,5.8780,61.76,116.00,0.005933
483.4943,5.8780,62.03,116.00,0.005511
483.5672,5.8780,61.76,116.00,0.005489
483.6392,5.8950,62.03,116.00,0.005381
483.7152,5.9120,62.03,116.00,0.005607
483.7880,5.9120,62.30,116.00,0.005177
483.8625,5.9120,61.76,116.00,0.005341
483.9332,5.9120,62.03,116.00,0.005114
484.0079,5.9120,62.03,116.00,0.005270
484.0796,5.9120,61.49,116.00,0.005444
484.1589,5.9120,62.03,116.00,0.005806
484.2376,5.9120,62.30,116.00,0.005519
484.3196,5.9120,62.30,116.00,0.005905
484.3990,5.9120,62.30,116.00,0.005795
484.4786,5.9120,61.22,116.00,0.005889
484.5577,5.9120,61.76,116.00,0.005638
484.6365,5.9120,62.03,116.00,0.005331
484.7157,5.9120,61.76,116.00,0.006223
484.7948,5.9120,61.76,116.00,0.005767
484.8719,5.9120,61.49,116.00,0.005498
484.9510,5.9120,62.03,116.00,0.005770
485.0297,5.9120,61.76,116.00,0.005439
485.1088,5.9120,62.03,116.50,0.005694
485.1882,5.9120,61.76,117.00,0.005506
485.2680,5.9120,62.30,117.00,0.005868
485.3480,5.9120,62.03,117.00,0.005893
485.4273,5.9120,62.03,117.00,0.005973
485.5066,5.9120,61.76,117.00,0.006063
485.5827,5.9120,61.76,117.00,0.005272
485.6556,5.8375,61.49,117.00,0.005446
485.7329,5.7630,62.03,117.00,0.005603
485.8080,5.7630,62.03,117.00,0.005859
485.8893,5.7630,61.76,117.00,0.005624
485.9682,5.7630,62.03,117.00,0.005669
486.0475,5.7630,62.03,117.00,0.006123
486.1222,5.7630,62.03,117.00,0.005148
486.1953,5.7630,62.03,117.00,0.005323
486.2672,5.7630,61.76,117.00,0.005712
486.3421,5.7630,62.30,117.00,0.005144
486.4160,5.7630,61.49,117.00,0.005590
486.4973,5.7630,62.30,117.00,0.005602
486.5759,5.7630,62.30,117.00,0.005859
486.6556,5.7630,61.49,117.00,0.005554
486.7348,5.7630,61.76,117.00,0.005719
486.8161,5.7630,61.76,117.00,0.005344
486.8898,5.7630,62.30,117.00,0.005226
486.9621,5.7630,62.03,117.00,0.005103
487.0334,5.7630,61.76,117.00,0.005081
487.1111,5.7630,62.03,117.00,0.005772
487.1837,5.7630,61.76,117.00,0.005343
487.2598,5.7630,61.76,117.00,0.005682
487.3345,5.7630,61.76,117.00,0.005922
487.4109,5.7630,62.30,117.00,0.005620
487.4854,5.7630,62.30,117.00,0.005347
487.5619,5.7630,62.30,117.00,0.005310
487.6341,5.8300,62.30,117.00,0.005273
487.7122,5.8970,62.03,117.00,0.005399
487.7870,5.8970,62.30,117.00,0.005385
487.8641,5.8970,62.03,117.00,0.005329
487.9358,5.8970,61.76,117.00,0.005349
488.0147,5.8970,62.30,117.00,0.005672
488.0853,5.8970,61.76,117.00,0.005479
488.1631,5.8970,62.30,117.00,0.005710
488.2341,5.8970,61.76,117.00,0.005139
488.3054,5.8970,61.76,117.00,0.005080
488.3786,5.8970,62.30,117.00,0.005221
488.4514,5.8970,61.76,117.00,0.005346
488.5228,5.8970,62.03,117.00,0.005775
488.5983,5.8970,61.76,117.00,0.005488
488.6691,5.8970,62.30,117.00,0.005426
488.7412,5.8970,61.76,117.00,0.005282
488.8134,5.8970,62.03,117.00,0.005586
488.8864,5.8970,62.03,117.00,0.005361
488.9582,5.8970,61.76,117.00,0.005718
489.0321,5.8970,61.76,117.00,0.005562
489.1066,5.8970,62.30,117.00,0.005778
489.1813,5.8970,61.76,117.00,0.005652
489.2581,5.8970,62.03,117.00,0.005561
489.3316,5.8970,62.30,117.00,0.005118
489.4050,5.8970,62.30,117.00,0.005306
489.4831,5.8970,62.03,117.50,0.005756
489.5588,5.8970,62.03,118.00,0.005341
489.6374,5.8610,62.03,118.00,0.006406
489.7144,5.8250,62.03,118.00,0.005599
489.7904,5.8250,62.03,118.00,0.005493
489.8642,5.8250,62.03,118.00,0.005478
489.9400,5.8250,62.03,118.00,0.005579
490.0139,5.8250,62.03,118.00,0.005530
490.0872,5.8250,61.49,118.00,0.005279
490.1593,5.8250,62.30,118.00,0.005820
490.2383,5.8250,62.03,118.00,0.005387
490.3096,5.8250,62.30,118.00,0.005215
490.3853,5.8250,62.30,118.00,0.005829
490.4580,5.8250,61.49,118.00,0.005293
490.5329,5.8250,61.76,118.00,0.005204
490.6049,5.8250,62.30,118.00,0.005208
490.6787,5.8930,62.03,118.00,0.005495
490.7511,5.8930,62.03,118.00,0.005498
490.8274,5.8930,62.30,118.00,0.005673
490.8988,5.8930,62.30,118.00,0.005605
490.9708,5.8930,61.76,118.00,0.005211
491.0412,5.8930,62.03,118.00,0.005122
491.1139,5.8930,62.03,118.00,0.005385
491.1861,5.8930,62.30,118.00,0.005632
491.2592,5.8930,62.03,118.00,0.005232
491.3336,5.8930,62.30,118.00,0.005394
491.4097,5.8930,61.76,118.00,0.006007
491.4816,5.8930,62.03,118.00,0.005100
491.5600,5.8930,61.76,118.00,0.005324
491.6348,5.8930,62.30,118.00,0.005385
491.7106,5.8930,61.49,118.00,0.005773
491.7848,5.8930,61.76,118.00,0.005836
491.8592,5.8930,62.03,118.00,0.005877
491.9337,5.8930,62.03,118.00,0.005234
492.0107,5.8930,62.03,118.00,0.005530
492.0822,5.8930,62.03,118.00,0.005449
492.1594,5.8930,62.30,118.00,0.005809
492.2317,5.8930,62.03,118.00,0.005335
492.3069,5.8930,62.30,118.00,0.005389
492.3815,5.8930,62.03,118.00,0.005503
492.4559,5.8930,61.49,118.00,0.005617
492.5310,5.8930,62.30,118.00,0.005475
492.6066,5.8930,62.30,118.00,0.005306
492.6794,5.9200,61.76,118.00,0.005674
492.7552,5.9200,62.03,118.00,0.005179
492.8272,5.9200,62.30,118.00,0.005516
492.8998,5.9200,62.03,118.00,0.005451
492.9708,5.9200,62.03,118.00,0.005225
493.0473,5.9200,62.03,118.00,0.005759
493.1223,5.9200,61.76,118.00,0.005465
493.1987,5.9200,62.03,118.00,0.005931
493.2720,5.9200,61.76,118.00,0.005767
493.3504,5.9200,62.03,118.00,0.005600
493.4228,5.9200,62.03,118.00,0.005564
493.5005,5.9200,62.30,118.00,0.005701
493.5748,5.9200,62.30,118.00,0.005460
493.6504,5.9200,61.76,118.00,0.005208
493.7240,5.9200,62.03,118.00,0.005781
493.8022,5.9200,62.03,118.00,0.005120
493.8734,5.9200,62.03,118.00,0.005158
493.9486,5.9200,62.30,118.00,0.005406
494.0251,5.9200,62.30,117.50,0.005543
494.1071,5.9200,62.30,117.50,0.005808
494.1827,5.9200,62.30,117.00,0.005637
494.2642,5.9200,62.30,117.00,0.005288
494.3436,5.9200,62.30,117.00,0.005900
494.4216,5.9200,62.30,117.00,0.005071
494.4948,5.9200,62.30,117.00,0.005109
494.5731,5.9200,61.49,117.00,0.005084
494.6461,5.9200,61.76,118.00,0.005450
494.7193,5.9200,61.76,117.00,0.005251
494.7936,5.9200,61.49,117.00,0.005308
494.8758,5.8380,61.76,117.00,0.005777
494.9516,5.7560,62.03,117.00,0.005111
495.0267,5.7560,61.49,117.00,0.005637
495.0988,5.7560,62.30,117.00,0.005294
495.1717,5.7560,62.03,117.00,0.005203
495.2479,5.7560,62.03,117.00,0.005914
495.3272,5.7560,62.30,117.00,0.005788
495.4062,5.7560,61.49,117.00,0.005522
495.4876,5.7560,61.76,117.00,0.006002
495.5629,5.7560,61.49,117.00,0.005991
495.6397,5.7350,61.76,117.00,0.005337
495.7199,5.7140,62.30,117.00,0.005754
495.7945,5.7140,61.76,117.00,0.005367
495.8661,5.7140,62.03,117.00,0.005236
495.9409,5.7140,62.30,117.00,0.005407
496.0173,5.7140,62.30,117.00,0.005769
496.0989,5.7140,62.03,117.00,0.006030
496.1730,5.7140,62.03,117.00,0.005229
496.2544,5.7140,62.30,113.00,0.006181
496.3330,5.7140,62.03,113.00,0.005610
496.4131,5.7140,62.30,113.00,0.005611
496.4907,5.7140,62.03,114.00,0.005877
496.5715,5.7140,61.76,114.00,0.005945
496.6487,5.7595,62.03,114.00,0.005430
496.7309,5.8050,62.03,114.00,0.005913
496.8102,5.8050,61.76,114.00,0.005892
496.8898,5.8050,62.30,114.00,0.005427
496.9692,5.8050,62.30,114.00,0.005547
497.0511,5.8050,62.03,114.00,0.005993
497.1294,5.8050,61.49,114.00,0.005473
497.2109,5.8050,61.49,114.00,0.005846
497.2875,5.8050,62.30,114.00,0.006006
497.3652,5.8050,61.49,114.00,0.005685
497.4452,5.8050,61.49,114.00,0.005727
497.5245,5.8050,62.03,114.00,0.005629
497.6030,5.8050,62.03,114.00,0.005499
497.6850,5.8470,62.03,114.00,0.005581
497.7642,5.8470,62.03,114.00,0.005574
497.8438,5.8470,61.76,114.00,0.005775
497.9195,5.8470,61.49,114.00,0.005839
497.9981,5.8470,62.03,114.00,0.005534
498.0750,5.8470,62.03,114.00,0.005532
498.1560,5.8470,61.76,114.00,0.005374
498.2359,5.8470,61.49,114.00,0.005756
498.3159,5.8470,61.76,114.00,0.005221
498.3958,5.8470,62.30,114.00,0.005636
498.4774,5.8470,61.76,114.00,0.005794
498.5522,5.8470,61.76,114.00,0.005574
498.6336,5.8110,62.03,114.00,0.005554
498.7107,5.7750,61.49,114.00,0.005984
498.7920,5.7750,62.03,114.00,0.005640
498.8709,5.7750,61.49,114.00,0.005975
498.9520,5.7750,62.03,114.00,0.005732
499.0311,5.7750,62.30,114.00,0.005687
499.1113,5.7750,62.30,114.00,0.005788
499.1881,5.7750,61.76,114.00,0.005700
499.2667,5.7750,62.03,114.00,0.005820
499.3433,5.7750,62.03,114.00,0.005953
499.4248,5.7750,62.03,114.00,0.005539
499.5019,5.7750,61.49,114.00,0.005923
499.5817,5.7750,61.76,114.00,0.005753
499.6601,5.8050,61.22,114.00,0.006207
499.7413,5.8050,61.76,114.00,0.005864
499.8191,5.8050,62.03,114.00,0.005370
499.9001,5.8050,61.49,114.00,0.005335
499.9768,5.8050,62.30,114.00,0.005587
500.0560,5.8050,62.30,114.00,0.005652
500.1334,5.8050,61.76,115.00,0.005786
500.2132,5.8050,62.03,115.00,0.005698
500.2910,5.8050,61.49,115.00,0.005673
500.3722,5.8050,62.03,115.00,0.005612
500.4529,5.8050,61.49,115.00,0.005990
500.5344,5.8050,62.30,115.00,0.005509
500.6122,5.8050,61.49,115.00,0.005675
500.6926,5.7560,62.03,115.00,0.005836
500.7693,5.7560,62.03,115.00,0.005464
500.8455,5.7560,62.30,115.00,0.005300
500.9234,5.7560,61.76,115.00,0.005419
501.0054,5.7560,62.30,115.00,0.005184
501.0822,5.7560,61.76,115.00,0.005589
501.1635,5.7560,62.30,115.00,0.005778
501.2413,5.7560,61.76,115.00,0.005369
501.3150,5.7560,61.76,115.00,0.005259
501.3856,5.7560,62.03,115.00,0.005163
501.4592,5.7560,62.03,115.00,0.005293
501.5330,5.7560,61.76,115.00,0.005328
501.6112,5.7560,61.76,115.00,0.005631
501.6853,5.8820,62.03,115.00,0.005548
501.7599,5.8820,62.30,115.00,0.005637
501.8345,5.8820,62.30,115.00,0.005561
501.9086,5.8820,62.03,115.00,0.005424
501.9849,5.8820,62.03,115.00,0.005384
502.0605,5.8820,61.22,115.00,0.005394
502.1351,5.8820,61.76,115.00,0.005691
502.2107,5.8820,62.03,115.00,0.005666
502.2813,5.8820,62.03,115.00,0.005093
502.3537,5.8820,61.76,115.00,0.005067
502.4261,5.8820,62.30,115.00,0.005098
502.4985,5.8820,62.03,115.00,0.005136
502.5710,5.8820,62.30,115.00,0.005646
502.6464,5.9010,62.30,115.00,0.005127
502.7176,5.9200,61.76,115.00,0.005125
502.7902,5.9200,62.30,115.00,0.005356
502.8624,5.9200,61.76,115.00,0.005157
502.9359,5.9200,62.30,115.00,0.005404
503.0105,5.9200,62.30,115.00,0.005594
503.0861,5.9200,62.30,115.00,0.005450
503.1601,5.9200,62.03,115.00,0.005330
503.2384,5.9200,62.03,115.00,0.005193
503.3149,5.9200,61.76,115.00,0.005726
503.3883,5.9200,62.03,115.00,0.005555
503.4648,5.9200,62.30,115.00,0.005467
503.5406,5.9200,62.30,115.50,0.006022
503.6147,5.9200,62.03,116.00,0.006353
503.6934,5.8360,62.03,116.00,0.005721
503.7720,5.8360,61.49,116.00,0.005740
503.8497,5.8360,61.76,116.00,0.005784
503.9237,5.8360,62.30,116.00,0.006181
504.0013,5.8360,61.76,116.00,0.005693
504.0775,5.8360,62.03,116.00,0.005374
504.1558,5.8360,61.76,116.00,0.006143
504.2345,5.8360,62.03,116.00,0.005692
504.3148,5.8360,62.03,116.00,0.006027
504.3932,5.8360,62.03,116.00,0.005646
504.4719,5.8360,62.30,116.00,0.005713
504.5463,5.8360,62.03,116.00,0.005641
504.6217,5.8055,62.30,116.00,0.005908
504.6960,5.7750,62.03,116.00,0.005665
504.7764,5.7750,62.30,116.00,0.005559
504.8539,5.7750,61.76,116.00,0.005556
504.9319,5.7750,62.30,116.00,0.005659
505.0096,5.7750,62.30,116.00,0.005843
505.0843,5.7750,62.03,116.00,0.005454
505.1556,5.7750,61.76,116.00,0.005376
505.2274,5.7750,61.49,116.00,0.005069
505.2975,5.7750,62.30,116.00,0.005473
505.3725,5.7750,61.76,116.00,0.005821
505.4448,5.7750,62.03,116.00,0.005329
505.5193,5.7750,62.03,116.50,0.005381
505.5931,5.7750,61.76,117.00,0.005460
505.6706,5.9240,62.03,117.00,0.005387
505.7416,5.9240,62.03,117.00,0.005664
505.8147,5.9240,62.03,117.00,0.005587
505.8881,5.9240,62.30,117.00,0.005680
505.9624,5.9240,62.30,117.00,0.005153
506.0333,5.9240,62.30,117.00,0.005450
506.1065,5.9240,61.76,117.00,0.005795
506.1789,5.9240,62.30,117.00,0.005442
506.2521,5.9240,61.49,117.00,0.005571
506.3236,5.9240,61.76,117.00,0.005699
506.3958,5.9240,62.30,117.00,0.005570
506.4691,5.9240,62.30,117.00,0.005447
506.5412,5.9240,62.03,117.00,0.005422
506.6119,5.9240,61.49,117.00,0.005376
506.6869,5.9160,62.30,117.00,0.006179
506.7634,5.9160,62.30,117.00,0.005820
506.8449,5.9160,61.49,117.00,0.005926
506.9217,5.9160,62.03,117.00,0.005819
507.0012,5.9160,62.03,117.00,0.005415
507.0781,5.9160,62.03,117.00,0.006085
507.1541,5.9160,62.30,117.00,0.005617
507.2327,5.9160,62.03,117.00,0.005698
507.3079,5.9160,62.30,117.00,0.005141
507.3826,5.9160,61.76,117.00,0.005400
507.4579,5.9160,61.76,117.00,0.005391
507.5334,5.9160,62.03,117.00,0.005126
507.6125,5.9160,62.30,117.00,0.005702
507.6919,5.8860,62.03,117.00,0.005589
507.7673,5.8860,61.76,117.00,0.005768
507.8396,5.8860,62.30,117.00,0.005576
507.9154,5.8860,61.76,117.00,0.005366
507.9904,5.8860,62.30,117.00,0.005086
508.0672,5.8860,61.76,117.00,0.005346
508.1434,5.8860,61.76,117.00,0.005775
508.2213,5.8860,62.03,117.00,0.005678
508.2985,5.8860,62.30,117.00,0.005869
508.3734,5.8860,61.76,117.00,0.005354
508.4465,5.8860,62.30,117.00,0.005656
508.5188,5.8860,61.76,117.00,0.005400
508.5901,5.8860,61.76,117.00,0.005349
508.6635,5.7940,62.30,117.00,0.005702
508.7388,5.7940,62.30,117.00,0.005432
508.8110,5.7940,62.30,117.00,0.005364
508.8868,5.7940,61.76,117.00,0.005824
508.9615,5.7940,62.30,117.00,0.005551
509.0344,5.7940,61.76,117.00,0.005153
509.1088,5.7940,62.30,117.00,0.005335
509.1795,5.7940,62.03,117.00,0.005275
509.2543,5.7940,62.03,117.00,0.005622
509.3253,5.7940,62.30,117.00,0.005554
509.3975,5.7940,61.76,117.00,0.005394
509.4705,5.7940,61.49,117.00,0.005384
509.5424,5.7940,62.03,117.00,0.005377
509.6141,5.7940,62.30,117.00,0.005121
509.6888,5.7940,61.76,117.00,0.005691
509.7633,5.9050,62.03,117.00,0.005756
509.8358,5.9050,61.76,117.00,0.005558
509.9114,5.9050,62.03,117.00,0.005572
509.9817,5.9050,62.03,117.00,0.005054
510.0517,5.9050,62.03,117.00,0.005335
510.1230,5.9050,62.30,117.00,0.005359
510.1933,5.9050,62.30,117.00,0.005397
510.2672,5.9050,61.76,117.00,0.005206
510.3370,5.9050,62.30,117.00,0.005244
510.4107,5.9050,62.30,117.00,0.005594
510.4828,5.9050,62.03,117.00,0.005414
510.5547,5.9050,62.30,117.00,0.005445
510.6282,5.8895,62.03,117.00,0.005704
510.7019,5.8740,61.76,117.00,0.005123
510.7718,5.8740,61.76,117.00,0.005272
510.8436,5.8740,62.03,117.00,0.005491
510.9132,5.8740,62.03,117.00,0.005154
510.9856,5.8740,62.03,117.00,0.005370
511.0587,5.8740,62.03,117.00,0.005301
511.1314,5.8740,62.03,117.00,0.005524
511.2025,5.8740,62.30,117.00,0.005607
511.2749,5.8740,62.30,117.00,0.005770
511.3458,5.8740,62.03,117.00,0.005134
511.4184,5.8740,62.03,117.00,0.005658
511.4890,5.8740,62.03,117.00,0.005469
511.5618,5.8740,62.03,117.00,0.005512
511.6333,5.9105,62.30,117.00,0.005430
511.7060,5.9470,62.30,117.00,0.005504
511.7794,5.9470,62.03,117.00,0.005519
511.8586,5.9470,61.76,117.00,0.005153
511.9305,5.9470,62.30,117.00,0.005357
512.0023,5.9470,62.30,117.00,0.005369
512.0729,5.9470,62.03,118.00,0.005096
512.1497,5.9470,62.03,117.50,0.005482
512.2226,5.9470,62.30,117.00,0.005548
512.3028,5.9470,62.03,117.00,0.005810
512.3754,5.9470,62.30,117.00,0.005861
512.4550,5.9470,62.03,117.00,0.006015
512.5325,5.9470,62.30,117.00,0.005552
512.6123,5.9470,62.30,117.50,0.005780
512.6889,5.7750,62.30,118.00,0.005583
512.7680,5.7750,62.30,118.00,0.005743
512.8468,5.7750,62.03,118.00,0.005929
512.9228,5.7750,62.30,118.00,0.005552
513.0008,5.7750,62.03,118.00,0.005633
513.0789,5.7750,62.03,118.00,0.006140
513.1566,5.7750,62.03,118.00,0.005625
513.2353,5.7750,61.76,118.00,0.005237
513.3145,5.7750,61.76,118.00,0.005641
513.3951,5.7750,62.30,118.00,0.005492
513.4736,5.7750,62.03,118.00,0.005583
513.5536,5.7750,62.03,118.00,0.005704
513.6336,5.7675,61.49,118.00,0.005763
513.7148,5.7600,62.30,118.00,0.005873
513.7912,5.7600,61.76,118.00,0.005921
513.8712,5.7600,62.30,118.00,0.006179
513.9495,5.7600,62.03,119.00,0.005185
514.0249,5.7600,61.76,119.00,0.005145
514.1044,5.7600,62.03,119.00,0.005701
514.1850,5.7600,61.76,119.00,0.005713
514.2618,5.7600,62.30,119.00,0.005561
514.3342,5.7600,62.03,119.00,0.005305
514.4052,5.7600,62.30,119.00,0.005076
514.4789,5.7600,62.03,119.00,0.005683
514.5558,5.7600,62.03,119.00,0.005503
514.6346,5.7715,62.30,119.00,0.005976
514.7125,5.7830,62.30,119.00,0.005555
514.7891,5.7830,61.49,119.00,0.005911
514.8675,5.7830,61.76,119.00,0.006207
514.9474,5.7830,62.30,119.00,0.005736
515.0238,5.7830,62.30,119.00,0.006005
515.1043,5.7830,62.03,119.00,0.005580
515.1826,5.7830,62.03,119.00,0.005470
515.2634,5.7830,61.76,119.00,0.005946
515.3398,5.7830,61.76,119.00,0.005291
515.4206,5.7830,61.76,119.00,0.005748
515.4944,5.7830,61.76,119.00,0.005252
515.5665,5.7830,61.76,119.00,0.005581
515.6390,5.7830,62.30,119.00,0.005432
515.7152,5.7830,62.30,119.00,0.005545
515.7937,5.7440,62.30,119.00,0.005173
515.8725,5.7440,62.03,119.00,0.005346
515.9512,5.7440,61.76,119.00,0.005628
516.0312,5.7440,62.03,119.00,0.005937
516.1050,5.7440,61.76,119.00,0.005320
516.1822,5.7440,62.03,119.00,0.005392
516.2602,5.7440,62.03,119.00,0.005444
516.3396,5.7440,61.22,119.00,0.006155
516.4161,5.7440,61.76,119.00,0.005602
516.4949,5.7440,61.76,119.00,0.005811
516.5706,5.7440,62.03,119.00,0.005382
516.6501,5.7520,62.30,119.00,0.005805
516.7284,5.7600,61.76,119.00,0.005503
516.8083,5.7600,62.03,119.00,0.005625
516.8798,5.7600,62.03,119.00,0.005336
516.9520,5.7600,62.03,119.00,0.005454
517.0252,5.7600,62.03,119.00,0.005346
517.1011,5.7600,62.03,119.00,0.005749
517.1714,5.7600,62.30,119.00,0.005244
517.2461,5.7600,62.03,119.00,0.005221
517.3170,5.7600,61.76,119.00,0.005395
517.3925,5.7600,61.49,119.00,0.005665
517.4706,5.7600,62.03,119.00,0.005941
517.5494,5.7600,62.30,119.00,0.005254
517.6230,5.7600,62.30,119.00,0.005847
517.6944,5.7600,62.03,119.00,0.005096
517.7646,5.7600,62.30,119.00,0.005107
517.8390,5.7600,61.76,119.00,0.005144
517.9168,5.7600,62.03,119.00,0.005420
517.9973,5.7600,62.30,119.00,0.005884
518.0753,5.7600,61.76,119.00,0.006013
518.1533,5.7600,62.30,119.00,0.005510
518.2298,5.7600,62.03,119.00,0.005367
518.3081,5.7600,62.30,119.00,0.005672
518.3869,5.7600,62.30,119.00,0.005678
518.4668,5.7600,62.30,119.00,0.005483
518.5429,5.7600,62.03,119.00,0.005786
518.6219,5.7600,62.03,119.00,0.006106
518.7005,5.7600,62.30,119.00,0.005889
518.7787,5.7600,62.30,119.00,0.005741
518.8504,5.7600,62.30,119.00,0.005764
518.9221,5.7600,62.03,119.00,0.005408
518.9917,5.7600,61.49,119.00,0.005153
519.0639,5.7600,62.30,119.00,0.005241
519.1394,5.7750,62.03,119.00,0.005909
519.2147,5.7900,62.30,119.00,0.005311
519.2855,5.7900,62.30,119.00,0.005369
519.3584,5.7900,62.57,119.00,0.005373
519.4298,5.7900,62.03,119.00,0.005559
519.5070,5.7900,62.30,119.00,0.005567
519.5788,5.7900,62.03,119.00,0.005591
519.6556,5.8360,61.76,119.00,0.005946
519.7315,5.8820,61.49,119.00,0.005472
519.8072,5.8820,62.30,119.00,0.005836
519.8812,5.8820,62.03,119.00,0.005677
519.9591,5.8820,62.30,119.00,0.005591
520.0295,5.8820,62.30,119.00,0.005092
520.1027,5.8820,62.03,119.00,0.005135
520.1734,5.8820,61.76,119.00,0.005360
520.2506,5.8820,62.30,119.00,0.005619
520.3215,5.8820,62.30,119.00,0.005539
520.3948,5.8820,61.76,119.00,0.005526
520.4661,5.8820,62.30,119.00,0.005402
520.5388,5.8820,62.30,119.00,0.005340
520.6096,5.8820,62.30,119.00,0.005342
520.6832,5.8820,62.30,119.00,0.005262
520.7552,5.8820,62.30,119.00,0.005753
520.8308,5.8820,61.76,119.00,0.005500
520.9026,5.8820,61.76,119.00,0.005405
520.9745,5.8820,61.76,119.50,0.005287
521.0466,5.8820,62.03,120.00,0.005295
521.1179,5.8820,62.30,120.00,0.005133
521.1922,5.8820,62.03,120.00,0.005851
521.2725,5.8820,62.03,120.00,0.006059
521.3507,5.8820,62.03,119.50,0.005936
521.4294,5.8820,62.30,119.00,0.005483
521.5070,5.8820,62.03,119.00,0.005423
521.5854,5.8820,62.57,119.00,0.005374
521.6604,5.8820,61.76,119.00,0.005774
521.7386,5.8820,61.76,119.00,0.006015
521.8129,5.8820,62.03,119.00,0.005267
521.8932,5.8820,62.30,119.00,0.005214
521.9726,5.7710,61.49,119.00,0.005745
522.0524,5.7710,61.76,119.00,0.005669
522.1266,5.7710,62.03,119.00,0.005707
522.2074,5.7710,62.30,119.00,0.005579
522.2853,5.7710,62.30,119.00,0.005349
522.3573,5.7710,61.76,119.00,0.005394
522.4309,5.7710,62.30,119.00,0.005747
522.5059,5.7710,62.03,119.00,0.005227
522.5791,5.7710,61.76,119.00,0.005452
522.6545,5.8205,62.03,119.00,0.005429
522.7305,5.8700,61.76,119.00,0.005812
522.8019,5.8700,62.30,119.00,0.005129
522.8741,5.8700,62.03,119.00,0.005247
522.9458,5.8700,61.76,119.00,0.005139
523.0185,5.8700,62.30,119.00,0.005491
523.0896,5.8700,62.30,119.00,0.005101
523.1623,5.8700,62.03,119.00,0.005250
523.2351,5.8700,61.76,119.00,0.005815
523.3059,5.8700,61.49,119.00,0.005486
523.3790,5.8700,61.76,119.00,0.005739
523.4495,5.8700,62.03,119.00,0.005111
523.5243,5.8700,62.03,119.00,0.005496
523.5978,5.8700,62.03,119.00,0.005534
523.6732,5.8820,62.30,119.00,0.005253
523.7467,5.8820,62.03,119.00,0.005561
523.8210,5.8820,61.76,119.00,0.005150
523.8929,5.8820,62.03,119.00,0.005132
523.9677,5.8820,62.30,119.00,0.005759
524.0406,5.8820,62.03,119.00,0.005286
524.1175,5.8820,61.76,119.00,0.005605
524.1905,5.8820,62.30,119.00,0.005239
524.2633,5.8820,62.03,119.00,0.005356
524.3329,5.8820,61.76,119.00,0.005116
524.4053,5.8820,62.30,119.00,0.005303
524.4792,5.8820,62.30,119.00,0.005579
524.5522,5.8820,62.03,119.00,0.005646
524.6274,5.8800,61.76,119.00,0.005858
524.7022,5.8780,62.03,119.00,0.005238
524.7734,5.8780,61.76,119.00,0.005549
524.8465,5.8780,61.76,119.00,0.005573
524.9173,5.8780,61.76,119.00,0.005563
524.9922,5.8780,62.30,119.00,0.005645
525.0670,5.8780,62.30,119.00,0.005390
525.1424,5.8780,62.30,119.00,0.005807
525.2131,5.8780,62.30,119.00,0.005342
525.2896,5.8780,62.30,118.00,0.005319
525.3630,5.8780,62.30,118.00,0.005724
525.4361,5.8780,62.03,118.00,0.005572
525.5093,5.8780,62.30,118.50,0.005555
525.5821,5.8780,62.03,118.00,0.005435
525.6531,5.8800,61.49,118.50,0.005466
525.7265,5.8820,62.03,118.00,0.005514
525.7982,5.8820,62.03,118.00,0.005729
525.8730,5.8820,61.76,118.00,0.005626
525.9455,5.8820,62.03,118.00,0.005270
526.0197,5.8820,62.30,118.00,0.005190
526.0898,5.8820,61.49,118.00,0.005163
526.1614,5.8820,61.76,118.00,0.005185
526.2318,5.8820,61.76,118.00,0.005410
526.3087,5.8820,62.03,118.00,0.005756
526.3815,5.8820,61.76,118.00,0.005270
526.4549,5.8820,62.30,118.00,0.005793
526.5267,5.8820,62.30,118.00,0.005469
526.6015,5.8820,62.03,118.00,0.005262
526.6754,5.8550,62.03,118.00,0.005700
526.7505,5.8550,62.30,118.00,0.005334
526.8214,5.8550,62.30,118.00,0.005332
526.8947,5.8550,62.03,118.00,0.005804
526.9678,5.8550,61.76,118.00,0.005671
527.0434,5.8550,62.30,118.00,0.005808
527.1147,5.8550,62.30,118.00,0.005359
527.1879,5.8550,62.30,118.00,0.005529
527.2593,5.8550,62.03,118.00,0.005777
527.3368,5.8550,62.03,118.00,0.005709
527.4154,5.8550,62.30,118.00,0.005932
527.4944,5.8550,62.30,118.00,0.005863
527.5712,5.8550,61.76,118.00,0.005622
527.6497,5.8130,62.03,118.00,0.005388
527.7289,5.7710,62.03,118.00,0.005505
527.8079,5.7710,61.76,118.00,0.006122
527.8845,5.7710,61.76,118.00,0.005568
527.9613,5.7710,62.30,118.00,0.005869
528.0357,5.7710,62.30,118.00,0.005495
528.1149,5.7710,62.30,118.00,0.006111
528.1904,5.7710,61.76,118.00,0.005915
528.2710,5.7710,62.03,118.00,0.005920
528.3476,5.7710,62.03,118.00,0.005478
528.4289,5.7710,62.03,118.00,0.005679
528.5027,5.7710,61.76,118.00,0.005549
528.5753,5.7710,61.76,118.00,0.005413
528.6468,5.7900,62.30,118.00,0.005742
528.7223,5.8090,61.76,118.00,0.005569
528.7942,5.8090,61.76,118.00,0.005765
528.8674,5.8090,62.30,118.00,0.005660
528.9384,5.8090,62.30,117.50,0.005746
529.0153,5.8090,62.03,117.00,0.005518
529.0863,5.8090,62.03,117.00,0.005557
529.1610,5.8090,61.76,117.00,0.005454
529.2316,5.8090,61.76,117.00,0.005139
529.3068,5.8090,62.03,117.50,0.005582
529.3776,5.8090,62.03,118.00,0.005312
529.4547,5.8090,61.76,118.00,0.005382
529.5280,5.8090,62.30,118.00,0.005261
529.6031,5.8090,61.76,118.00,0.005581
529.6752,5.8930,62.03,118.00,0.005873
529.7474,5.8930,61.76,118.00,0.005192
529.8211,5.8930,61.76,118.00,0.006189
529.9029,5.8930,62.03,118.00,0.005785
529.9821,5.8930,62.30,118.00,0.005593
530.0628,5.8930,62.30,118.00,0.006108
530.1413,5.8930,62.03,118.00,0.005681
530.2202,5.8930,62.03,118.00,0.005883
530.3001,5.8930,62.30,117.50,0.005850
530.3795,5.8930,62.03,117.00,0.005886
530.4545,5.8930,62.03,117.00,0.005666
530.5325,5.8930,62.30,117.00,0.005670
530.6094,5.8930,62.03,117.00,0.005699
530.6862,5.8470,61.76,117.00,0.005728
530.7623,5.8470,62.30,117.00,0.005618
530.8358,5.8470,61.76,117.00,0.005848
530.9095,5.8470,61.76,117.00,0.005611
530.9828,5.8470,62.03,117.00,0.005725
531.0534,5.8470,62.30,117.00,0.005194
531.1310,5.8470,61.76,117.00,0.005602
531.2065,5.8470,62.30,117.00,0.005258
531.2790,5.8470,61.49,117.00,0.005577
531.3494,5.8470,62.03,117.00,0.005298
531.4221,5.8470,62.30,117.00,0.005612
531.4938,5.8470,62.03,117.00,0.005311
531.5656,5.8470,62.30,117.00,0.005099
531.6378,5.8470,62.30,117.00,0.005070
531.7095,5.8470,62.03,117.00,0.005207
531.7827,5.8470,62.03,117.00,0.005657
531.8587,5.9240,62.30,117.50,0.005751
531.9345,5.9240,62.03,117.00,0.005412
532.0070,5.9240,62.30,117.00,0.005457
532.0809,5.9240,62.57,117.00,0.005522
532.1589,5.9240,62.30,117.00,0.005708
532.2326,5.9240,62.30,117.00,0.005527
532.3076,5.9240,61.22,117.00,0.005403
532.3830,5.9240,61.76,117.00,0.005167
532.4581,5.9240,62.30,117.00,0.005348
532.5296,5.9240,61.76,117.00,0.005422
532.6021,5.9240,62.03,117.00,0.005145
532.6757,5.8400,62.30,117.00,0.005400
532.7517,5.8400,62.03,117.00,0.005446
532.8229,5.8400,62.30,117.00,0.005441
532.8956,5.8400,61.76,117.00,0.005114
532.9712,5.8400,62.03,117.00,0.005076
533.0464,5.8400,62.30,117.00,0.005528
533.1175,5.8400,62.03,117.00,0.005527
533.1904,5.8400,62.30,117.00,0.005502
533.2645,5.8400,62.03,117.00,0.005495
533.3414,5.8400,62.30,117.00,0.005375
533.4147,5.8400,62.30,117.00,0.005108
533.4865,5.8400,62.03,117.00,0.005120
533.5575,5.8400,61.76,117.00,0.005591
533.6311,5.8745,62.30,117.00,0.005479
533.7050,5.9090,62.30,117.00,0.005620
533.7784,5.9090,62.03,117.00,0.005671
533.8517,5.9090,62.30,117.00,0.005713
533.9292,5.9090,62.30,117.00,0.005618
534.0028,5.9090,62.03,117.00,0.005544
534.0760,5.9090,62.30,117.00,0.005802
534.1492,5.9090,61.76,117.00,0.005571
534.2227,5.9090,61.76,117.00,0.005624
534.2989,5.9090,62.30,117.00,0.005737
534.3720,5.9090,61.76,117.00,0.005500
534.4475,5.9090,62.30,117.00,0.005481
534.5229,5.9090,62.03,117.00,0.005628
534.5950,5.9090,62.30,117.00,0.005562
534.6714,5.8820,62.03,117.00,0.005903
534.7435,5.8820,61.49,117.00,0.005952
534.8223,5.8820,62.03,117.00,0.005912
534.8937,5.8820,62.03,117.00,0.005318
534.9677,5.8820,62.03,117.00,0.005502
535.0441,5.8820,62.03,117.00,0.005107
535.1201,5.8820,62.30,117.00,0.005519
535.1936,5.8820,62.30,117.00,0.005377
535.2696,5.8820,62.30,117.00,0.005659
535.3438,5.8820,61.76,117.00,0.005516
535.4215,5.8820,62.03,117.00,0.005510
535.4956,5.8820,62.03,117.00,0.005478
535.5707,5.8820,62.30,117.00,0.005401
535.6426,5.8895,62.03,117.00,0.005747
535.7185,5.8970,62.03,117.00,0.005545
535.7902,5.8970,62.03,117.00,0.005674
535.8683,5.8970,62.30,117.00,0.005627
535.9438,5.8970,62.30,117.00,0.005299
536.0191,5.8970,62.03,117.00,0.005725
536.0929,5.8970,62.30,117.00,0.005533
536.1661,5.8970,61.49,117.00,0.005651
536.2376,5.8970,61.49,116.50,0.005284
536.3129,5.8970,62.30,116.50,0.005718
536.3844,5.8970,62.03,117.00,0.005902
536.4589,5.8970,62.03,117.00,0.005691
536.5299,5.8970,62.03,117.00,0.005367
536.6026,5.8970,62.30,117.00,0.005413
536.6795,5.9050,62.03,117.00,0.005982
536.7550,5.9050,62.30,117.00,0.005616
536.8289,5.9050,62.57,117.00,0.005166
536.9022,5.9050,61.76,117.00,0.005538
536.9746,5.9050,62.03,117.00,0.005898
537.0478,5.9050,62.30,117.00,0.005316
537.1235,5.9050,61.76,117.00,0.005471
537.1955,5.9050,62.30,117.00,0.005084
537.2695,5.9050,61.76,117.00,0.005337
537.3424,5.9050,62.57,117.00,0.005550
537.4132,5.9050,62.03,117.00,0.005409
537.4859,5.9050,62.03,117.00,0.005566
537.5572,5.9050,62.03,117.00,0.005557
537.6323,5.9180,62.03,116.00,0.005747
537.7063,5.9310,62.30,116.50,0.005556
537.7788,5.9310,62.30,116.00,0.005209
537.8493,5.9310,62.03,116.00,0.005245
537.9217,5.9310,62.30,117.00,0.005496
537.9930,5.9310,62.30,117.00,0.005411
538.0682,5.9310,62.30,117.00,0.005630
538.1439,5.9310,62.30,116.00,0.005400
538.2172,5.9310,62.30,116.00,0.005224
538.2892,5.9310,62.30,116.00,0.005472
538.3620,5.9310,61.76,116.00,0.005469
538.4352,5.9310,62.30,116.00,0.005505
538.5106,5.9310,62.03,116.50,0.005683
538.5817,5.9310,62.30,117.00,0.005358
538.6550,5.9295,62.03,117.00,0.005627
538.7265,5.9280,62.03,117.00,0.005632
538.7994,5.9280,62.30,116.00,0.005808
538.8731,5.9280,62.03,116.50,0.005394
538.9462,5.9280,62.03,116.00,0.005889
539.0172,5.9280,61.76,116.00,0.005272
539.0936,5.9280,62.30,116.00,0.005331
539.1667,5.9280,61.76,116.00,0.005542
539.2388,5.9280,62.30,116.00,0.005149
539.3092,5.9280,62.30,116.00,0.005058
539.3812,5.9280,62.03,116.00,0.005222
539.4520,5.9280,62.30,116.00,0.005431
539.5292,5.9280,62.30,116.00,0.005295
539.5995,5.9280,62.30,116.00,0.005388
539.6710,5.9280,62.03,116.00,0.005347
539.7446,5.9030,62.30,116.00,0.005984
539.8181,5.8780,62.03,116.00,0.005384
539.8896,5.8780,62.03,116.00,0.005429
539.9618,5.8780,62.30,116.00,0.005112
540.0335,5.8780,62.03,116.00,0.005445
540.1063,5.8780,61.76,116.00,0.005506
540.1802,5.8780,62.30,116.00,0.005405
540.2559,5.8780,62.03,116.00,0.005298
540.3300,5.8780,62.30,116.00,0.005449
540.4027,5.8780,62.03,116.00,0.005579
540.4760,5.8780,61.76,116.00,0.005244
540.5530,5.8780,62.03,116.00,0.005403
540.6267,5.8780,62.03,116.00,0.005777
540.7022,5.8400,62.30,116.00,0.005754
540.7756,5.8400,62.30,116.00,0.005530
540.8507,5.8400,62.30,116.00,0.005480
540.9224,5.8400,62.30,116.00,0.005663
540.9947,5.8400,62.03,116.00,0.005472
541.0680,5.8400,62.30,116.00,0.005636
541.1422,5.8400,62.30,116.00,0.005439
541.2131,5.8400,62.30,116.00,0.005429
541.2862,5.8400,62.03,116.00,0.005959
541.3598,5.8400,61.76,116.00,0.005637
541.4354,5.8400,61.76,116.00,0.005638
541.5070,5.8400,62.03,116.00,0.005522
541.5792,5.8400,62.03,116.00,0.005194
541.6503,5.8400,62.30,116.00,0.005226
541.7225,5.8400,62.03,116.00,0.005377
541.7949,5.8875,62.30,116.00,0.005990
541.8703,5.9350,61.76,116.00,0.005552
541.9431,5.9350,61.76,116.00,0.005509
542.0159,5.9350,62.30,116.00,0.005518
542.0897,5.9350,62.03,116.00,0.005410
542.1673,5.9350,62.30,116.00,0.005373
542.2390,5.9350,62.30,116.00,0.005704
542.3146,5.9350,62.30,116.00,0.005647
542.3888,5.9350,62.30,116.00,0.005480
542.4617,5.9350,62.30,116.00,0.005657
542.5320,5.9350,61.76,116.00,0.005500
542.6034,5.9350,62.03,116.00,0.005387
542.6772,5.8820,62.03,116.00,0.005190
542.7485,5.8820,62.03,116.00,0.005178
542.8242,5.8820,62.30,116.00,0.005462
542.8976,5.8820,61.76,116.00,0.005419
542.9705,5.8820,62.30,116.00,0.005364
543.0478,5.8820,62.30,116.00,0.005236
543.1187,5.8820,62.03,116.00,0.005419
543.1933,5.8820,62.30,116.00,0.005109
543.2641,5.8820,62.30,116.00,0.005436
543.3393,5.8820,62.30,116.00,0.005283
543.4120,5.8820,61.76,116.00,0.005489
543.4873,5.8820,62.03,116.00,0.005471
543.5603,5.8820,62.03,116.50,0.005551
543.6356,5.8855,62.30,117.00,0.005427
543.7091,5.8890,61.76,117.00,0.005801
543.7866,5.8890,61.76,117.00,0.005692
543.8568,5.8890,61.49,117.00,0.005403
543.9301,5.8890,62.03,117.00,0.005430
544.0027,5.8890,61.76,117.00,0.005120
544.0742,5.8890,62.03,117.00,0.005411
544.1440,5.8890,62.30,117.00,0.005477
544.2151,5.8890,62.03,117.00,0.005369
544.2881,5.8890,62.30,117.00,0.005666
544.3631,5.8890,62.30,117.00,0.005461
544.4357,5.8890,62.30,117.00,0.005404
544.5106,5.8890,62.30,117.00,0.005461
544.5805,5.8890,62.30,117.00,0.005199
544.6548,5.8890,62.30,117.00,0.005444
544.7252,5.8890,62.30,117.00,0.005148
544.7969,5.8890,61.76,117.00,0.005274
544.8692,5.8890,62.30,117.00,0.005081
544.9416,5.8890,62.03,117.00,0.005261
545.0146,5.8890,62.30,117.00,0.005778
545.0874,5.8890,62.03,117.00,0.005760
545.1626,5.8890,62.30,117.00,0.005553
545.2361,5.8890,62.30,117.00,0.005544
545.3069,5.8890,62.03,117.00,0.005365
545.3823,5.8890,61.76,117.00,0.005733
545.4551,5.8890,62.30,117.00,0.005561
545.5287,5.8890,62.30,117.00,0.005181
545.5986,5.8890,62.30,117.00,0.005264
545.6704,5.8890,62.30,117.00,0.005114
545.7428,5.8890,62.30,117.50,0.005327
545.8162,5.8890,62.03,118.00,0.005835
545.8888,5.8890,62.30,118.00,0.005501
545.9638,5.8890,62.30,118.00,0.005407
546.0348,5.8890,62.03,118.00,0.005646
546.1106,5.8890,62.30,118.00,0.005599
546.1863,5.9045,62.03,118.00,0.005485
546.2618,5.9200,62.30,118.00,0.005343
546.3343,5.9200,62.03,118.00,0.005461
546.4075,5.9200,62.30,118.00,0.005571
546.4803,5.9200,62.30,118.00,0.005336
546.5535,5.9200,62.03,118.00,0.005496
546.6267,5.8915,61.76,118.00,0.005884
546.7024,5.8630,62.30,118.00,0.006042
546.7756,5.8630,62.30,118.00,0.005570
546.8506,5.8630,62.30,118.00,0.005467
546.9230,5.8630,62.30,118.00,0.005308
546.9944,5.8630,62.30,118.00,0.005524
547.0660,5.8630,62.30,118.00,0.005099
547.1378,5.8630,62.30,118.00,0.005344
547.2104,5.8630,62.30,118.00,0.005367
547.2832,5.8630,62.03,118.00,0.005316
547.3582,5.8630,62.30,118.00,0.005309
547.4314,5.8630,62.03,118.00,0.005368
547.5022,5.8630,62.03,118.00,0.005551
547.5746,5.8630,62.30,118.00,0.005496
547.6452,5.8745,62.30,118.00,0.005382
547.7226,5.8860,62.03,118.00,0.005267
547.7934,5.8860,62.30,118.00,0.005587
547.8668,5.8860,62.03,118.00,0.005403
547.9374,5.8860,62.03,118.00,0.005439
548.0152,5.8860,62.03,118.00,0.005844
548.0868,5.8860,62.03,118.00,0.005530
548.1602,5.8860,62.30,118.00,0.005656
548.2311,5.8860,62.30,118.00,0.005329
548.3069,5.8860,62.30,118.00,0.005728
548.3785,5.8860,62.03,118.00,0.005814
548.4545,5.8860,61.76,118.00,0.006106
548.5256,5.8860,62.03,118.00,0.005045
548.5975,5.8860,62.30,118.00,0.005040
548.6704,5.8860,62.30,118.00,0.005349
548.7447,5.8860,62.03,118.00,0.005199
548.8185,5.8935,62.03,118.00,0.005782
548.8951,5.9010,62.30,118.00,0.005717
548.9666,5.9010,62.03,118.00,0.005708
549.0412,5.9010,62.30,118.00,0.005456
549.1149,5.9010,62.03,118.00,0.005690
549.1884,5.9010,62.03,119.00,0.005854
549.2600,5.9010,61.76,119.00,0.005688
549.3341,5.9010,62.30,119.00,0.005358
549.4062,5.9010,62.03,119.00,0.005400
549.4785,5.9010,62.30,119.00,0.005494
549.5514,5.9010,62.30,119.00,0.005760
549.6278,5.8590,61.76,119.00,0.005830
549.7014,5.8170,62.30,119.00,0.005077
549.7741,5.8170,62.30,119.00,0.005532
549.8452,5.8170,62.30,119.00,0.005495
549.9184,5.8170,62.30,119.00,0.005541
549.9896,5.8170,62.30,119.00,0.005539
550.0668,5.8170,62.03,119.00,0.005686
550.1398,5.8170,62.30,119.00,0.005422
550.2144,5.8170,62.30,118.50,0.005583
550.2865,5.8170,61.76,118.50,0.005639
550.3583,5.8170,62.30,118.00,0.005422
550.4308,5.8170,62.03,118.00,0.005145
550.5055,5.8170,62.30,118.00,0.005171
550.5786,5.8170,62.03,118.00,0.005822
550.6511,5.8475,61.49,118.00,0.005462
550.7219,5.8780,62.30,118.00,0.005515
550.7945,5.8780,62.30,118.00,0.005329
550.8659,5.8780,61.76,118.00,0.005501
550.9399,5.8780,62.30,118.00,0.005110
551.0093,5.8780,62.03,118.00,0.005098
551.0810,5.8780,62.30,118.00,0.005245
551.1531,5.8780,62.30,118.00,0.005083
551.2262,5.8780,62.03,118.00,0.005496
551.2998,5.8780,62.30,118.00,0.005282
551.3750,5.8780,61.76,118.00,0.005594
551.4461,5.8780,62.30,118.00,0.005547
551.5198,5.8780,62.30,118.00,0.005673
551.5934,5.8780,61.76,118.00,0.005478
551.6695,5.9310,62.30,118.00,0.005669
551.7423,5.9310,62.30,118.00,0.005378
551.8184,5.9310,62.03,118.00,0.005496
551.8913,5.9310,62.30,118.00,0.005682
551.9630,5.9310,61.76,118.00,0.005372
552.0323,5.9310,62.03,118.00,0.005177
552.1061,5.9310,62.30,118.00,0.005268
552.1758,5.9310,62.03,118.00,0.005286
552.2506,5.9310,62.30,118.00,0.005464
552.3214,5.9310,62.03,118.00,0.005641
552.3964,5.9310,61.76,118.00,0.005760
552.4691,5.9310,62.30,118.00,0.005418
552.5423,5.9310,62.03,118.00,0.006079
552.6148,5.9310,61.76,118.00,0.005336
552.6900,5.9120,62.03,118.00,0.005542
552.7619,5.9120,62.03,118.00,0.005175
552.8350,5.9120,62.30,118.00,0.005359
552.9080,5.9120,62.30,118.00,0.005497
552.9815,5.9120,62.30,118.00,0.005329
553.0549,5.9120,62.30,118.00,0.005602
553.1279,5.9120,62.30,118.00,0.005323
553.2012,5.9120,62.57,118.00,0.005620
553.2742,5.9120,62.30,118.00,0.005424
553.3469,5.9120,62.03,118.00,0.005495
553.4225,5.9120,62.30,118.00,0.005640
553.4956,5.9120,62.03,118.00,0.005622
553.5708,5.9120,62.03,118.00,0.005670
553.6461,5.9200,62.03,118.00,0.005426
553.7175,5.9280,62.03,118.00,0.005203
553.7895,5.9280,62.30,118.00,0.005078
553.8615,5.9280,61.49,118.00,0.005123
553.9321,5.9280,62.03,118.00,0.005462
554.0051,5.9280,62.30,118.00,0.005334
554.0758,5.9280,62.30,118.00,0.005383
554.1481,5.9280,62.30,118.00,0.005297
554.2190,5.9280,62.30,118.00,0.005566
554.2938,5.9280,62.03,118.00,0.005174
554.3667,5.9280,62.30,118.00,0.005401
554.4387,5.9280,62.30,118.00,0.005389
554.5113,5.9280,62.03,118.00,0.005707
554.5833,5.9280,62.03,118.00,0.005078
554.6533,5.9280,62.03,118.00,0.005272
554.7253,5.9280,61.76,118.00,0.005284
554.8004,5.9085,62.30,118.00,0.005692
554.8770,5.8890,62.03,118.00,0.005781
554.9520,5.8890,62.03,118.00,0.005341
555.0274,5.8890,62.30,118.00,0.005612
555.0986,5.8890,62.30,118.00,0.005871
555.1717,5.8890,62.30,118.00,0.005441
555.2426,5.8890,62.30,118.00,0.005441
555.3160,5.8890,62.30,118.00,0.005497
555.3868,5.8890,62.30,118.00,0.005249
555.4631,5.8890,62.03,118.00,0.005399
555.5332,5.8890,62.03,118.00,0.005266
555.6056,5.8890,62.30,118.00,0.005298
555.6803,5.9620,62.03,118.00,0.005593
555.7539,5.9620,62.30,118.00,0.005221
555.8237,5.9620,62.30,118.00,0.005171
555.8980,5.9620,62.03,117.50,0.005390
555.9684,5.9620,62.30,117.00,0.005409
556.0412,5.9620,62.30,117.00,0.005278
556.1174,5.9620,62.03,118.00,0.005358
556.1976,5.9620,62.03,118.00,0.005146
556.2741,5.9620,62.03,118.00,0.005982
556.3461,5.9620,62.03,118.00,0.005115
556.4165,5.9620,62.30,118.00,0.005188
556.4891,5.9620,62.03,118.00,0.005114
556.5639,5.9620,62.30,118.00,0.005374
556.6443,5.9620,62.03,118.00,0.005980
556.7219,5.9620,61.76,118.00,0.005532
556.7974,5.9620,62.30,118.00,0.005092
556.8672,5.9620,62.30,118.00,0.005453
556.9401,5.9620,61.76,118.00,0.005574
557.0174,5.9620,62.03,118.00,0.005360
557.0979,5.9620,62.03,118.00,0.005792
557.1760,5.9620,62.03,118.00,0.005458
557.2517,5.9620,62.03,118.00,0.005499
557.3238,5.9620,62.30,117.00,0.005593
557.4022,5.9620,61.76,117.00,0.005798
557.4786,5.9620,62.30,117.00,0.006006
557.5600,5.9620,62.30,117.00,0.005948
557.6352,5.9620,62.30,117.00,0.006049
557.7142,5.9620,62.30,117.50,0.006455
557.7901,5.9620,62.30,118.00,0.005660
557.8667,5.9620,62.30,118.00,0.005980
557.9395,5.9620,61.76,118.00,0.005408
558.0207,5.9620,62.03,118.00,0.005688
558.0996,5.9620,62.03,118.50,0.005504
558.1809,5.9620,62.03,118.00,0.005746
558.2596,5.9620,62.03,118.00,0.006128
558.3367,5.9620,61.76,118.00,0.006020
558.4110,5.9620,62.03,118.00,0.005527
558.4914,5.9620,62.30,118.00,0.005418
558.5696,5.9620,61.76,118.00,0.005533
558.6462,5.9620,62.30,118.00,0.005761
558.7201,5.9620,61.49,118.00,0.005853
558.8010,5.9620,61.76,118.00,0.005194
558.8730,5.9620,62.30,118.00,0.005570
558.9476,5.9620,61.76,118.00,0.005371
559.0182,5.9620,62.30,118.00,0.005212
559.0946,5.9620,62.03,118.00,0.005704
559.1677,5.9620,62.30,118.00,0.005163
559.2417,5.9620,62.03,118.00,0.005320
559.3153,5.9620,61.76,118.00,0.005108
559.3907,5.9620,62.03,118.00,0.005268
559.4635,5.9620,62.30,118.00,0.005417
559.5396,5.9620,62.30,118.00,0.005369
559.6103,5.9620,62.30,118.00,0.005685
559.6836,5.9200,62.03,118.00,0.006096
559.7572,5.8780,62.30,118.00,0.005373
559.8333,5.8780,62.30,117.00,0.005958
559.9062,5.8780,62.30,118.00,0.005283
559.9814,5.8780,62.03,118.00,0.005565
560.0565,5.8780,62.03,118.00,0.005581
560.1323,5.8780,62.03,118.00,0.005125
560.2058,5.8780,61.76,118.00,0.005821
560.2783,5.8780,62.03,118.00,0.005451
560.3504,5.8780,62.03,118.00,0.005222
560.4280,5.8780,61.76,118.00,0.005893
560.5069,5.8780,62.30,118.00,0.005785
560.5879,5.8780,62.30,117.00,0.005711
560.6640,5.8090,62.30,117.00,0.005757
560.7429,5.8090,61.76,117.50,0.005140
560.8129,5.8090,62.30,117.00,0.005206
560.8906,5.8090,62.30,117.00,0.005523
560.9675,5.8090,62.03,117.50,0.005579
561.0427,5.8090,62.30,117.50,0.005514
561.1183,5.8090,61.76,117.00,0.005324
561.1941,5.8090,62.03,117.00,0.005655
561.2665,5.8090,62.03,117.00,0.005299
561.3382,5.8090,62.30,117.00,0.005119
561.4080,5.8090,62.30,117.50,0.005450
561.4827,5.8090,62.03,117.00,0.005549
561.5556,5.8090,62.03,117.00,0.006164
561.6309,5.8415,62.03,117.00,0.005423
561.7023,5.8740,62.03,117.00,0.005635
561.7788,5.8740,62.03,117.50,0.005918
561.8502,5.8740,61.76,118.00,0.005431
561.9253,5.8740,62.30,118.00,0.005448
561.9981,5.8740,62.30,118.00,0.005470
562.0740,5.8740,62.30,117.00,0.005816
562.1470,5.8740,62.03,117.00,0.005737
562.2229,5.8740,62.03,117.00,0.005772
562.2946,5.8740,62.30,117.00,0.005284
562.3664,5.8740,62.03,117.00,0.005268
562.4384,5.8740,62.30,117.00,0.005391
562.5108,5.8740,61.76,117.00,0.005641
562.5817,5.8740,62.30,117.00,0.005409
562.6555,5.8780,62.30,117.00,0.005827
562.7266,5.8820,62.03,117.00,0.005481
562.8005,5.8820,62.30,117.00,0.005692
562.8737,5.8820,62.30,117.00,0.005204
562.9471,5.8820,62.30,117.00,0.005610
563.0203,5.8820,62.30,117.00,0.005564
563.0962,5.8820,62.03,117.00,0.005555
563.1696,5.8820,62.30,117.00,0.005534
563.2430,5.8820,61.76,117.00,0.005585
563.3160,5.8820,62.30,117.00,0.005407
563.3891,5.8820,62.03,117.00,0.005406
563.4625,5.8820,62.30,117.00,0.005492
563.5358,5.8820,61.76,117.00,0.005550
563.6112,5.8820,62.30,117.00,0.005628
563.6871,5.8860,62.30,117.00,0.005735
563.7575,5.8860,62.30,117.00,0.005432
563.8306,5.8860,62.30,117.00,0.005629
563.9034,5.8860,62.30,117.00,0.005561
563.9783,5.8860,62.30,117.00,0.005557
564.0504,5.8860,62.30,117.00,0.005142
564.1251,5.8860,62.30,117.00,0.005273
564.1966,5.8860,61.76,117.00,0.005659
564.2693,5.8860,62.30,117.00,0.005404
564.3421,5.8860,62.03,117.00,0.005551
564.4149,5.8860,62.30,117.00,0.005796
564.4879,5.8860,62.30,117.00,0.005414
564.5603,5.8860,62.03,117.00,0.005533
564.6336,5.8975,62.30,117.00,0.005477
564.7072,5.9090,62.03,117.00,0.005515
564.7782,5.9090,62.30,117.00,0.005386
564.8536,5.9090,61.76,117.00,0.005528
564.9273,5.9090,62.30,117.00,0.005943
565.0079,5.9090,62.30,117.00,0.005675
565.0835,5.9090,61.76,117.00,0.005403
565.1583,5.9090,61.76,117.00,0.005829
565.2310,5.9090,62.30,117.00,0.005535
565.3088,5.9090,62.30,117.00,0.005641
565.3840,5.9090,62.03,116.00,0.005543
565.4593,5.9090,62.30,116.00,0.005167
565.5308,5.9090,62.30,117.00,0.005474
565.6064,5.9090,62.30,117.00,0.005585
565.6783,5.8320,62.03,117.00,0.005431
565.7520,5.8320,61.76,117.00,0.005484
565.8256,5.8320,61.76,117.00,0.005217
565.8984,5.8320,61.49,117.00,0.005564
565.9714,5.8320,62.03,117.00,0.005153
566.0441,5.8320,62.30,117.00,0.005516
566.1150,5.8320,61.22,117.00,0.005628
566.1879,5.8320,61.76,117.00,0.005309
566.2613,5.8320,62.03,117.00,0.005651
566.3345,5.8320,61.76,117.00,0.005677
566.4073,5.8320,62.03,117.00,0.005636
566.4795,5.8320,62.03,117.00,0.005520
566.5528,5.8320,61.76,116.50,0.005567
566.6280,5.8320,62.30,117.00,0.005556
566.7010,5.8320,62.30,117.00,0.005470
566.7753,5.8320,62.30,117.00,0.005321
566.8512,5.8320,62.30,117.00,0.005840
566.9265,5.8320,62.30,117.00,0.005608
566.9981,5.8320,62.30,117.00,0.005617
567.0718,5.8320,62.30,117.00,0.005422
567.1437,5.8320,62.30,117.00,0.005646
567.2194,5.8320,62.57,117.00,0.005722
567.2909,5.8320,62.03,117.00,0.005721
567.3665,5.8320,62.30,116.50,0.005455
567.4425,5.8320,62.30,116.00,0.005677
567.5173,5.8320,62.30,116.00,0.005391
567.5933,5.8320,62.30,116.00,0.005684
567.6707,5.8320,62.30,116.00,0.005600
567.7442,5.8320,62.30,116.50,0.005556
567.8199,5.8320,61.76,117.00,0.005577
567.8945,5.8020,62.30,117.00,0.005479
567.9706,5.8020,62.30,117.00,0.005749
568.0436,5.8020,62.03,117.00,0.005495
568.1175,5.8020,62.03,117.00,0.005507
568.1910,5.8020,62.30,117.00,0.005422
568.2673,5.8020,62.30,117.00,0.006330
568.3390,5.8020,62.30,117.00,0.005392
568.4147,5.8020,62.30,117.00,0.005665
568.4876,5.8020,61.76,117.00,0.005445
568.5627,5.8020,62.03,117.00,0.005855
568.6337,5.8325,62.03,117.00,0.005113
568.7087,5.8630,62.30,117.00,0.005243
568.7826,5.8630,62.03,116.00,0.005266
568.8537,5.8630,62.03,116.50,0.005087
568.9239,5.8630,61.49,116.00,0.005444
568.9974,5.8630,62.30,116.00,0.005280
569.0703,5.8630,62.30,116.00,0.005355
569.1424,5.8630,62.30,116.00,0.005305
569.2135,5.8630,62.30,116.00,0.005493
569.2867,5.8630,61.49,116.00,0.005736
569.3604,5.8630,62.30,116.00,0.005395
569.4361,5.8630,61.49,116.00,0.005552
569.5121,5.8630,62.30,116.00,0.005282
569.5880,5.8630,62.30,116.00,0.005490
569.6617,5.8685,62.30,116.00,0.005394
569.7355,5.8740,62.30,116.00,0.005265
569.8071,5.8740,62.30,116.00,0.005717
569.8827,5.8740,62.30,116.00,0.005557
569.9531,5.8740,62.30,116.00,0.005128
570.0253,5.8740,62.30,116.00,0.005114
570.0957,5.8740,62.03,117.00,0.005153
570.1716,5.8740,62.30,116.00,0.005911
570.2479,5.8740,62.30,116.00,0.005367
570.3222,5.8740,62.30,116.00,0.005334
570.3946,5.8740,62.30,116.00,0.005376
570.4677,5.8740,62.30,116.00,0.005465
570.5433,5.8740,61.76,116.00,0.005762
570.6186,5.8740,62.03,116.00,0.005683
570.6907,5.8700,62.03,116.00,0.005590
570.7638,5.8700,62.03,116.00,0.005606
570.8360,5.8700,62.03,116.00,0.005595
570.9101,5.8700,62.30,116.00,0.005793
570.9810,5.8700,61.76,116.00,0.005187
571.0547,5.8700,61.49,116.00,0.005599
571.1257,5.8700,62.30,116.00,0.005466
571.1990,5.8700,62.30,116.00,0.005666
571.2708,5.8700,62.30,116.00,0.005367
571.3463,5.8700,61.22,116.00,0.005602
571.4178,5.8700,62.30,116.00,0.005435
571.4932,5.8700,62.30,116.00,0.005394
571.5650,5.8700,62.03,116.00,0.005388
571.6376,5.8700,62.30,116.00,0.005088
571.7078,5.8700,61.76,116.00,0.005219
571.7827,5.8700,62.30,116.00,0.005480
571.8544,5.8815,62.30,116.00,0.005866
571.9307,5.8930,62.03,116.00,0.005625
572.0068,5.8930,62.03,116.00,0.005395
572.0824,5.8930,62.30,116.00,0.005609
572.1539,5.8930,61.76,116.00,0.005497
572.2293,5.8930,62.30,116.00,0.005419
572.3032,5.8930,62.03,116.00,0.005671
572.3784,5.8930,62.03,116.00,0.005289
572.4511,5.8930,62.03,116.00,0.005506
572.5266,5.8930,62.03,116.00,0.005395
572.5975,5.8930,62.30,116.00,0.005430
572.6705,5.9010,62.03,116.00,0.005504
572.7411,5.9010,62.03,116.00,0.005270
572.8140,5.9010,62.30,116.00,0.005630
572.8869,5.9010,62.30,116.00,0.005457
572.9614,5.9010,62.03,116.00,0.005200
573.0322,5.9010,62.30,116.00,0.005477
573.1057,5.9010,61.76,116.00,0.005529
573.1788,5.9010,62.30,116.00,0.005238
573.2513,5.9010,62.30,116.00,0.005338
573.3228,5.9010,61.76,116.00,0.005717
573.3975,5.9010,61.76,116.00,0.005646
573.4712,5.9010,62.30,116.00,0.005806
573.5461,5.9010,62.30,116.00,0.005235
573.6173,5.9010,62.30,116.00,0.005396
573.6935,5.9050,62.30,116.00,0.005413
573.7643,5.9050,62.30,116.00,0.005361
573.8396,5.9050,62.03,116.00,0.005471
573.9129,5.9050,62.03,116.00,0.005277
573.9858,5.9050,62.03,116.00,0.005449
574.0583,5.9050,61.76,116.00,0.005308
574.1300,5.9050,62.30,116.00,0.005109
574.2000,5.9050,62.30,116.00,0.005396
574.2719,5.9050,62.30,116.00,0.005326
574.3424,5.9050,62.30,116.00,0.005092
574.4156,5.9050,62.30,116.00,0.005578
574.4866,5.9050,62.30,116.00,0.005433
574.5601,5.9050,62.03,116.00,0.005524
574.6332,5.9200,62.30,116.00,0.005457
574.7073,5.9350,62.03,116.00,0.005617
574.7785,5.9350,62.30,116.00,0.005416
574.8540,5.9350,62.30,116.00,0.005179
574.9250,5.9350,62.30,116.00,0.005396
574.9990,5.9350,61.76,116.00,0.005575
575.0700,5.9350,62.30,116.00,0.005435
575.1437,5.9350,61.76,116.00,0.005443
575.2153,5.9350,62.03,116.00,0.005904
575.2907,5.9350,62.30,116.00,0.005470
575.3661,5.9350,62.30,116.00,0.005330
575.4388,5.9350,62.03,116.00,0.005619
575.5123,5.9350,62.30,116.00,0.005763
575.5882,5.9350,62.30,116.00,0.005475
575.6642,5.8860,62.30,116.00,0.005718
575.7384,5.8860,62.30,116.00,0.005355
575.8108,5.8860,62.30,116.00,0.005508
575.8832,5.8860,62.03,116.00,0.005489
575.9540,5.8860,62.30,116.00,0.005770
576.0271,5.8860,62.30,116.00,0.005874
576.0998,5.8860,62.30,116.00,0.005338
576.1737,5.8860,62.30,116.00,0.005472
576.2465,5.8860,62.30,116.00,0.005404
576.3233,5.8860,62.30,116.00,0.005435
576.3992,5.8860,62.30,116.00,0.005966
576.4745,5.8860,62.03,116.00,0.005426
576.5458,5.8860,62.30,116.00,0.005359
576.6233,5.8895,61.76,116.00,0.005697
576.6943,5.8930,62.03,116.00,0.005437
576.7673,5.8930,62.30,116.00,0.005561
576.8382,5.8930,62.30,116.00,0.005401
576.9093,5.8930,62.30,116.00,0.005188
576.9820,5.8930,62.30,116.00,0.005112
577.0537,5.8930,62.30,116.50,0.005151
577.1292,5.8930,62.03,116.00,0.005342
577.2048,5.8930,62.30,116.00,0.005611
577.2762,5.8930,62.03,116.00,0.005436
577.3512,5.8930,62.03,116.00,0.005211
577.4269,5.8930,62.30,116.00,0.005419
577.5022,5.8930,62.30,116.00,0.005627
577.5754,5.8930,62.30,116.00,0.005726
577.6475,5.8930,61.76,116.00,0.005291
577.7217,5.9050,61.76,116.00,0.005630
577.7932,5.9050,62.30,116.00,0.005070
577.8638,5.9050,61.49,116.00,0.005443
577.9388,5.9050,62.30,116.00,0.005465
578.0121,5.9050,62.30,116.00,0.005581
578.0872,5.9050,62.03,116.00,0.005815
578.1603,5.9050,62.03,115.50,0.005552
578.2325,5.9050,62.30,115.00,0.005096
578.3055,5.9050,62.30,115.00,0.005295
578.3783,5.9050,61.76,116.00,0.005555
578.4492,5.9050,62.30,116.00,0.005082
578.5226,5.9050,62.03,116.00,0.005336
578.5948,5.9050,62.30,116.00,0.005566
578.6667,5.9050,62.30,116.00,0.005674
578.7369,5.9200,62.03,116.00,0.005140
578.8102,5.9350,62.30,116.00,0.006203
578.8824,5.9350,62.30,116.00,0.005498
578.9554,5.9350,62.30,116.00,0.005469
579.0283,5.9350,62.30,116.00,0.005567
579.1049,5.9350,61.76,116.00,0.005522
579.1755,5.9350,61.76,116.00,0.005586
579.2477,5.9350,62.03,116.00,0.005356
579.3226,5.9350,62.30,116.00,0.005403
579.3949,5.9350,62.30,116.00,0.005503
579.4658,5.9350,61.76,116.00,0.005448
579.5391,5.9350,62.30,116.00,0.005776
579.6100,5.9350,62.03,116.00,0.005514
579.6878,5.9660,62.03,116.00,0.005545
579.7587,5.9660,62.03,116.00,0.005414
579.8323,5.9660,62.30,116.00,0.005967
579.9077,5.9660,62.03,116.00,0.005607
579.9828,5.9660,62.03,116.00,0.005527
580.0558,5.9660,62.30,116.00,0.005420
580.1312,5.9660,62.03,116.00,0.005661
580.2020,5.9660,62.30,116.00,0.005378
580.2737,5.9660,62.03,116.00,0.005087
580.3465,5.9660,62.03,116.00,0.005556
580.4213,5.9660,62.30,116.00,0.005363
580.4952,5.9660,62.30,116.00,0.006079
580.5699,5.9660,62.30,116.00,0.005145
580.6435,5.9315,62.30,116.00,0.005864
580.7187,5.8970,62.30,116.00,0.005648
580.7897,5.8970,61.76,116.00,0.005404
580.8624,5.8970,62.30,116.00,0.005445
580.9350,5.8970,62.30,116.00,0.005318
581.0107,5.8970,62.03,116.00,0.005465
581.0864,5.8970,61.76,116.00,0.005656
581.1610,5.8970,61.76,116.00,0.005381
581.2335,5.8970,62.03,116.00,0.005343
581.3085,5.8970,61.76,116.00,0.005372
581.3812,5.8970,62.30,116.00,0.005608
581.4585,5.8970,62.03,116.00,0.005692
581.5293,5.8970,62.03,116.00,0.005458
581.6062,5.8970,62.03,116.00,0.005431
581.6774,5.8630,62.30,116.00,0.005539
581.7502,5.8630,62.30,116.00,0.005426
581.8230,5.8630,62.30,116.00,0.005523
581.8956,5.8630,61.76,116.00,0.005206
581.9680,5.8630,62.30,116.00,0.005621
582.0431,5.8630,62.03,116.00,0.005444
582.1137,5.8630,62.30,116.00,0.005295
582.1865,5.8630,62.30,116.00,0.005746
582.2569,5.8630,62.30,116.00,0.005490
582.3314,5.8630,62.30,116.00,0.005276
582.4071,5.8630,62.30,116.00,0.005680
582.4819,5.8630,62.30,116.00,0.005677
582.5545,5.8630,62.03,116.50,0.005361
582.6274,5.8800,62.30,116.00,0.005966
582.6986,5.8970,62.30,116.00,0.005492
582.7741,5.8970,62.30,116.00,0.005910
582.8466,5.8970,62.30,116.00,0.006448
582.9200,5.8970,62.30,116.00,0.005800
582.9940,5.8970,62.30,116.00,0.005584
583.0695,5.8970,62.30,116.00,0.005248
583.1428,5.8970,61.76,116.00,0.005569
583.2185,5.8970,62.03,116.00,0.005848
583.2894,5.8970,62.03,116.00,0.005109
583.3615,5.8970,62.30,116.00,0.005235
583.4342,5.8970,62.03,116.00,0.005366
583.5064,5.8970,62.30,116.00,0.005399
583.5792,5.8970,61.76,116.00,0.005440
583.6549,5.8970,62.30,116.00,0.005692
583.7262,5.8970,62.30,116.00,0.005241
583.8007,5.8970,62.30,116.00,0.005254
583.8728,5.8970,62.30,116.00,0.005120
583.9452,5.8970,61.76,116.00,0.005158
584.0179,5.8970,62.03,116.00,0.005647
584.0894,5.8970,62.30,116.00,0.005094
584.1614,5.8970,62.30,116.00,0.005040
584.2358,5.8970,62.30,116.00,0.005255
584.3064,5.8970,62.30,116.00,0.005535
584.3798,5.8970,62.03,116.00,0.005189
584.4511,5.8970,62.30,117.00,0.005727
584.5268,5.8970,62.30,117.00,0.005612
584.5988,5.8970,62.30,117.00,0.005634
584.6719,5.8970,62.03,117.00,0.005478
584.7430,5.8970,61.76,117.00,0.005232
584.8186,5.8970,62.30,117.00,0.005814
584.8904,5.8970,62.30,117.00,0.005207
584.9661,5.9335,62.30,117.00,0.005627
585.0380,5.9700,62.03,117.00,0.005740
585.1144,5.9700,62.03,117.00,0.005812
585.1888,5.9700,62.30,117.00,0.005492
585.2625,5.9700,61.49,117.00,0.005191
585.3346,5.9700,62.03,117.00,0.005627
585.4076,5.9700,62.30,117.00,0.005123
585.4799,5.9700,62.30,117.00,0.005452
585.5531,5.9700,62.03,117.00,0.005604
585.6270,5.9490,62.30,117.00,0.005677
585.7022,5.9280,62.30,117.00,0.005638
585.7752,5.9280,62.30,117.00,0.005620
585.8509,5.9280,61.76,117.00,0.005470
585.9223,5.9280,62.30,117.00,0.005208
585.9949,5.9280,62.30,117.00,0.005441
586.0690,5.9280,62.30,117.00,0.005591
586.1461,5.9280,62.30,117.00,0.005419
586.2181,5.9280,62.30,117.00,0.005591
586.2944,5.9280,62.30,117.00,0.005645
586.3669,5.9280,62.30,117.00,0.005808
586.4430,5.9280,62.30,117.00,0.005858
586.5147,5.9280,62.30,117.00,0.005478
586.5908,5.9280,62.30,117.00,0.005634
586.6652,5.8670,62.03,117.00,0.005457
586.7388,5.8670,62.30,117.00,0.005592
586.8120,5.8670,62.03,117.00,0.006456
586.8875,5.8670,62.03,117.00,0.005428
586.9619,5.8670,62.30,117.00,0.005218
587.0362,5.8670,62.30,117.00,0.005711
587.1102,5.8670,61.76,117.00,0.005487
587.1862,5.8670,62.30,117.00,0.005825
587.2625,5.8670,62.30,117.00,0.005383
587.3350,5.8670,61.76,117.00,0.005387
587.4054,5.8670,62.30,117.00,0.005069
587.4791,5.8670,62.30,117.00,0.005688
587.5509,5.8670,62.30,117.00,0.005376
587.6272,5.8610,62.30,117.00,0.005865
587.7019,5.8550,62.30,117.00,0.005825
587.7793,5.8550,62.03,117.00,0.005657
587.8513,5.8550,62.03,117.00,0.005695
587.9263,5.8550,62.30,117.00,0.005417
587.9974,5.8550,61.76,117.00,0.005131
588.0711,5.8550,61.76,117.00,0.005355
588.1423,5.8550,62.03,117.00,0.005524
588.2176,5.8550,62.30,117.00,0.005401
588.2895,5.8550,62.30,118.00,0.005465
588.3638,5.8550,62.30,118.00,0.005890
588.4382,5.8550,62.30,118.00,0.005674
588.5144,5.8550,62.03,118.00,0.005569
588.5899,5.8550,62.30,118.00,0.005442
588.6634,5.8780,62.03,118.00,0.005693
588.7371,5.8780,62.03,118.00,0.005280
588.8133,5.8780,62.03,118.00,0.005594
588.8853,5.8780,62.03,118.00,0.005299
588.9613,5.8780,62.30,118.00,0.005491
589.0322,5.8780,62.03,118.00,0.005214
589.1047,5.8780,61.76,118.00,0.005198
589.1772,5.8780,62.30,118.00,0.005355
589.2513,5.8780,62.03,118.00,0.005372
589.3240,5.8780,62.30,118.00,0.005509
589.4025,5.8780,62.03,118.00,0.005683
589.4775,5.8780,62.03,118.00,0.005125
589.5511,5.8780,62.03,118.00,0.005622
589.6245,5.8475,62.30,118.00,0.005881
589.6989,5.8170,62.30,118.00,0.005463
589.7713,5.8170,62.03,118.00,0.005769
589.8457,5.8170,62.30,118.00,0.005210
589.9216,5.8170,62.30,118.00,0.005213
589.9952,5.8170,62.30,118.00,0.005505
590.0695,5.8170,62.30,118.00,0.005103
590.1426,5.8170,62.30,118.00,0.005724
590.2145,5.8170,62.30,118.00,0.005442
590.2869,5.8170,62.30,118.00,0.005398
590.3585,5.8170,62.30,118.00,0.005489
590.4325,5.8170,62.30,118.00,0.005746
590.5064,5.8170,62.30,118.00,0.005736
590.5812,5.8170,62.03,118.00,0.005602
590.6523,5.8475,62.30,119.00,0.005587
590.7257,5.8780,61.76,119.00,0.005156
590.7973,5.8780,61.76,119.00,0.005390
590.8706,5.8780,62.30,119.00,0.005734
590.9465,5.8780,62.30,119.00,0.005403
591.0194,5.8780,62.30,119.00,0.005256
591.0932,5.8780,62.30,119.00,0.005413
591.1667,5.8780,62.30,119.00,0.005497
591.2375,5.8780,62.03,119.00,0.005201
591.3113,5.8780,62.30,119.00,0.005550
591.3822,5.8780,62.03,119.00,0.005562
591.4583,5.8780,62.30,119.00,0.005455
591.5297,5.8780,62.30,119.00,0.005129
591.6016,5.8780,62.03,119.00,0.005178
591.6723,5.8780,62.03,118.50,0.005259
591.7442,5.8780,62.03,118.00,0.005294
591.8182,5.8780,62.30,118.00,0.005499
591.8922,5.8780,62.30,118.00,0.005306
591.9641,5.8780,62.30,118.00,0.005793
592.0423,5.8780,62.03,118.00,0.005545
592.1145,5.8780,62.30,118.50,0.005469
592.1880,5.8780,62.30,119.00,0.005356
592.2621,5.8780,62.30,119.00,0.005110
592.3363,5.8780,62.03,118.50,0.005702
592.4083,5.8780,62.03,118.00,0.005807
592.4836,5.8780,62.30,118.00,0.005639
592.5583,5.8780,62.30,119.00,0.005841
592.6317,5.8780,62.30,119.00,0.005371
592.7023,5.8780,62.30,119.00,0.005576
592.7748,5.8780,62.30,119.00,0.005179
592.8453,5.8780,62.03,119.00,0.005117
592.9203,5.8820,62.30,119.00,0.005558
592.9943,5.8860,62.03,119.00,0.005330
593.0670,5.8860,62.03,119.00,0.005463
593.1391,5.8860,62.30,119.00,0.005801
593.2152,5.8860,62.03,119.00,0.005883
593.2908,5.8860,62.30,119.00,0.005637
593.3645,5.8860,62.30,119.00,0.005821
593.4385,5.8860,62.30,119.00,0.005766
593.5141,5.8860,62.30,119.00,0.005522
593.5862,5.8860,62.30,119.00,0.005439
593.6625,5.8860,61.76,118.50,0.005994
593.7356,5.8860,62.30,118.50,0.005250
593.8130,5.8860,62.30,118.00,0.005646
593.8865,5.8860,62.30,118.00,0.005395
593.9646,5.8860,62.30,118.50,0.005406
594.0387,5.8860,61.49,119.00,0.005553
594.1127,5.8860,62.30,119.00,0.005586
594.1839,5.8860,61.76,118.50,0.005471
594.2587,5.8170,62.03,118.50,0.005667
594.3331,5.8170,62.03,118.00,0.005221
594.4065,5.8170,62.30,118.00,0.005491
594.4777,5.8170,62.30,119.00,0.005184
594.5513,5.8170,62.30,119.00,0.005451
594.6275,5.8665,62.30,119.00,0.005794
594.7029,5.9160,62.03,119.00,0.005408
594.7742,5.9160,62.03,119.00,0.005661
594.8508,5.9160,62.30,118.50,0.005506
594.9214,5.9160,62.30,118.00,0.005193
594.9931,5.9160,62.30,118.50,0.005139
595.0661,5.9160,62.30,118.00,0.005132
595.1388,5.9160,62.30,118.00,0.005578
595.2098,5.9160,62.30,118.00,0.005088
595.2820,5.9160,62.30,118.00,0.005127
595.3533,5.9160,61.76,118.00,0.005126
595.4284,5.9160,62.03,118.00,0.005488
595.4999,5.9160,62.30,118.00,0.005516
595.5783,5.9160,62.30,118.00,0.005277
595.6546,5.8970,62.03,118.00,0.005627
595.7319,5.8780,62.30,118.00,0.005476
595.8074,5.8780,62.30,118.00,0.005942
595.8832,5.8780,62.03,118.00,0.005353
595.9560,5.8780,61.49,118.00,0.005792
596.0301,5.8780,62.30,118.00,0.005671
596.1026,5.8780,62.03,118.00,0.005670
596.1788,5.8780,62.30,118.00,0.005504
596.2512,5.8780,62.03,118.00,0.005545
596.3266,5.8780,62.30,118.00,0.005505
596.3985,5.8780,61.76,118.00,0.005207
596.4748,5.8780,62.30,118.00,0.005872
596.5473,5.8780,61.49,118.00,0.005789
596.6233,5.8665,62.30,118.00,0.005684
596.6958,5.8550,62.30,118.00,0.005550
596.7714,5.8550,62.30,118.00,0.005494
596.8483,5.8550,62.03,118.00,0.005399
596.9245,5.8550,61.76,118.00,0.005355
596.9990,5.8550,62.30,118.00,0.005424
597.0741,5.8550,62.30,118.00,0.005256
597.1507,5.8550,62.30,118.00,0.005554
597.2260,5.8550,61.76,118.00,0.005599
597.2990,5.8550,62.30,118.00,0.005627
597.3756,5.8550,62.30,118.00,0.005692
597.4470,5.8550,62.30,118.00,0.005624
597.5245,5.8550,62.30,118.00,0.005095
597.5993,5.8550,62.30,118.00,0.005785
597.6731,5.8550,62.30,118.00,0.005441
597.7468,5.8550,62.03,118.00,0.005599
597.8214,5.8550,62.30,118.00,0.005413
597.8961,5.8550,62.30,118.00,0.005249
597.9718,5.8550,62.30,118.00,0.005894
598.0474,5.8550,62.30,118.00,0.005132
598.1225,5.8550,62.30,118.00,0.005332
598.1941,5.8550,62.30,118.00,0.005522
598.2680,5.8550,62.30,118.00,0.005546
598.3417,5.8550,62.03,118.00,0.005330
598.4149,5.8550,62.03,118.00,0.005448
598.4875,5.8550,62.30,118.00,0.005764
598.5628,5.8550,62.03,118.00,0.005725
598.6362,5.8550,62.03,118.00,0.005569
598.7114,5.8550,62.30,118.00,0.005349
598.7860,5.9050,62.03,118.00,0.005636
598.8645,5.9050,62.30,118.00,0.005723
598.9414,5.9050,62.30,118.00,0.005243
599.0216,5.9050,62.30,118.00,0.005274
599.1010,5.9050,62.30,118.00,0.005675
599.1817,5.9050,62.30,118.00,0.005805
599.2538,5.9050,62.03,118.00,0.005127
599.3276,5.9050,62.30,118.00,0.005280
599.3986,5.9050,61.76,118.00,0.005535
599.4711,5.9050,61.76,118.00,0.005210
599.5472,5.9050,61.76,118.00,0.005896
599.6280,5.8840,62.30,118.00,0.005750
599.7033,5.8630,62.30,118.00,0.005826
599.7832,5.8630,62.30,118.00,0.005728
599.8598,5.8630,61.76,118.00,0.005669
599.9381,5.8630,62.30,118.50,0.005660
600.0144,5.8630,62.30,119.00,0.005804
600.0922,5.8630,62.30,119.00,0.005848
600.1715,5.8630,62.30,119.00,0.005459
600.2500,5.8630,62.03,119.00,0.005322
600.3277,5.8630,61.76,119.00,0.005814
600.4074,5.8630,62.03,119.00,0.005881
600.4832,5.8630,62.30,119.00,0.005141
600.5550,5.8630,62.03,119.00,0.005221
600.6253,5.8630,62.30,119.00,0.005033
600.7011,5.8630,62.30,119.00,0.005082
600.7788,5.8250,61.76,119.00,0.005998
600.8592,5.8250,61.22,119.00,0.005810
600.9373,5.8250,62.03,119.00,0.005826
601.0158,5.8250,62.03,119.00,0.005774
601.0923,5.8250,61.76,119.00,0.005380
601.1730,5.8250,61.76,119.00,0.005335
601.2496,5.8250,62.03,119.00,0.005883
601.3286,5.8250,61.49,119.00,0.005841
601.4052,5.8250,61.76,119.00,0.005537
601.4840,5.8250,62.30,119.00,0.005859
601.5612,5.8250,62.30,119.00,0.005277
601.6423,5.7830,62.03,119.00,0.005674
601.7170,5.7410,62.30,119.00,0.005096
601.7894,5.7410,62.03,119.00,0.005061
601.8602,5.7410,61.76,119.00,0.005288
601.9346,5.7410,62.03,119.00,0.005130
602.0088,5.7410,62.03,119.00,0.005632
602.0859,5.7410,62.30,119.00,0.005913
602.1625,5.7410,62.03,119.00,0.006037
602.2385,5.7410,62.30,119.00,0.005417
602.3097,5.7410,62.03,119.00,0.005062
602.3834,5.7410,61.76,119.00,0.005572
602.4592,5.7410,61.76,119.00,0.005813
602.5396,5.7410,62.03,119.00,0.005456
602.6095,5.7410,62.30,119.00,0.005451
602.6814,5.7410,62.30,119.00,0.005303
602.7550,5.8150,62.03,119.00,0.005491
602.8292,5.8890,62.03,119.00,0.005322
602.9024,5.8890,62.03,119.00,0.005214
602.9739,5.8890,62.03,119.00,0.005504
603.0465,5.8890,62.30,119.00,0.005149
603.1190,5.8890,61.49,119.00,0.005255
603.1904,5.8890,62.03,119.00,0.005466
603.2631,5.8890,62.30,119.00,0.005460
603.3336,5.8890,62.30,119.00,0.005060
603.4051,5.8890,62.03,119.00,0.005133
603.4790,5.8890,62.30,119.00,0.005784
603.5517,5.8890,62.30,119.00,0.005318
603.6279,5.9005,62.03,119.00,0.005966
603.7010,5.9120,62.30,119.00,0.005565
603.7741,5.9120,62.30,119.00,0.005136
603.8462,5.9120,62.30,119.00,0.005479
603.9165,5.9120,61.76,119.00,0.005172
603.9909,5.9120,62.30,119.00,0.005288
604.0618,5.9120,62.30,119.00,0.005070
604.1344,5.9120,62.30,119.00,0.005564
604.2057,5.9120,62.03,119.00,0.005479
604.2782,5.9120,62.30,119.00,0.005427
604.3495,5.9120,62.57,119.00,0.005371
604.4243,5.9120,61.76,119.00,0.005455
604.4958,5.9120,62.03,119.00,0.005532
604.5725,5.9120,62.03,119.00,0.005462
604.6480,5.9180,62.30,119.00,0.005472
604.7269,5.9240,62.30,119.00,0.005451
604.7981,5.9240,61.76,119.00,0.005631
604.8704,5.9240,62.03,119.00,0.005769
604.9434,5.9240,62.30,119.00,0.005383
605.0180,5.9240,62.30,119.00,0.005592
605.0911,5.9240,61.76,119.00,0.005548
605.1659,5.9240,62.30,119.00,0.005104
605.2394,5.9240,62.30,119.00,0.005488
605.3148,5.9240,62.03,119.00,0.005908
605.3860,5.9240,62.30,119.00,0.005558
605.4588,5.9240,62.30,119.00,0.005267
605.5291,5.9240,62.30,119.00,0.005097
605.6023,5.9240,62.03,119.00,0.005219
605.6749,5.9240,62.30,120.00,0.005722
605.7469,5.9240,62.03,120.00,0.005643
605.8183,5.9660,62.30,120.00,0.005259
605.8933,5.9660,62.30,120.00,0.005481
605.9646,5.9660,62.30,120.00,0.005156
606.0374,5.9660,62.03,120.00,0.005520
606.1088,5.9660,62.03,120.00,0.005373
606.1837,5.9660,62.30,120.00,0.005486
606.2544,5.9660,62.30,120.00,0.005189
606.3290,5.9660,62.30,120.00,0.005412
606.4027,5.9660,62.30,120.00,0.005467
606.4758,5.9660,62.30,120.00,0.005326
606.5499,5.9660,62.30,120.00,0.005530
606.6240,5.9390,62.30,120.00,0.006076
606.6980,5.9120,62.03,120.00,0.005487
606.7707,5.9120,62.30,120.00,0.005448
606.8465,5.9120,61.76,120.00,0.005495
606.9228,5.9120,61.76,120.00,0.005578
606.9943,5.9120,62.03,120.00,0.005412
607.0705,5.9120,62.30,120.00,0.005525
607.1423,5.9120,62.30,120.00,0.005157
607.2144,5.9120,62.30,120.00,0.005403
607.2870,5.9120,62.03,119.00,0.005507
607.3628,5.9120,62.30,119.00,0.005678
607.4405,5.9120,61.76,119.00,0.005511
607.5206,5.9120,61.76,119.00,0.005327
607.5974,5.9120,62.30,120.00,0.005434
607.6730,5.8440,62.30,120.00,0.005470
607.7470,5.8440,62.30,120.00,0.005398
607.8227,5.8440,62.30,120.00,0.005707
607.8962,5.8440,61.76,119.50,0.005457
607.9708,5.8440,62.30,119.00,0.005296
608.0420,5.8440,61.76,119.00,0.005436
608.1171,5.8440,62.03,119.00,0.005437
608.1911,5.8440,62.30,119.00,0.005617
608.2670,5.8440,62.30,119.00,0.005668
608.3385,5.8440,62.30,119.00,0.005460
608.4145,5.8440,62.30,119.50,0.005522
608.4907,5.8440,62.03,119.00,0.005572
608.5666,5.8440,62.03,119.00,0.005469
608.6412,5.8665,61.49,119.00,0.005499
608.7157,5.8890,62.30,119.00,0.005651
608.7895,5.8890,62.30,119.00,0.005238
608.8631,5.8890,62.30,119.00,0.005658
608.9376,5.8890,62.30,119.00,0.005474
609.0118,5.8890,62.30,119.00,0.005159
609.0829,5.8890,61.76,119.00,0.005190
609.1608,5.8890,62.03,119.00,0.005381
609.2352,5.8890,61.76,119.00,0.005597
609.3113,5.8890,62.03,119.00,0.005894
609.3878,5.8890,62.30,119.00,0.005245
609.4636,5.8890,62.30,119.00,0.005581
609.5355,5.8890,62.30,119.00,0.005753
609.6110,5.8890,62.03,119.00,0.005888
609.6817,5.8890,62.03,119.00,0.005155
609.7540,5.8890,62.30,119.00,0.005313
609.8251,5.8890,62.30,119.00,0.005141
609.8998,5.8550,62.30,119.00,0.005265
609.9741,5.8550,62.03,119.00,0.005608
610.0472,5.8550,62.03,119.00,0.005602
610.1210,5.8550,61.76,119.00,0.005298
610.1991,5.8550,62.30,119.00,0.005788
610.2723,5.8550,61.76,119.00,0.005792
610.3484,5.8550,62.03,119.00,0.005729
610.4226,5.8550,62.30,119.00,0.005891
610.4981,5.8550,62.03,119.00,0.005637
610.5721,5.8550,62.30,119.00,0.005251
610.6507,5.8320,62.03,119.00,0.005853
610.7232,5.8090,61.76,119.00,0.005614
610.7991,5.8090,62.30,119.00,0.005480
610.8714,5.8090,62.30,119.00,0.005717
610.9471,5.8090,62.30,119.00,0.005809
611.0231,5.8090,62.30,119.00,0.005422
611.0971,5.8090,62.03,119.00,0.005164
611.1706,5.8090,62.30,119.00,0.005679
611.2454,5.8090,62.03,119.00,0.005313
611.3176,5.8090,62.30,119.00,0.005524
611.3934,5.8090,61.76,119.00,0.005255
611.4694,5.8090,62.03,119.00,0.005342
611.5427,5.8090,62.30,119.00,0.005579
611.6136,5.8090,62.30,119.00,0.005234
611.6871,5.8970,61.76,118.50,0.005453
611.7580,5.8970,62.30,118.00,0.005169
611.8311,5.8970,62.03,118.00,0.005539
611.9028,5.8970,61.76,118.00,0.005261
611.9751,5.8970,62.30,118.00,0.005436
612.0461,5.8970,62.30,118.00,0.005456
612.1187,5.8970,62.03,118.50,0.005591
612.1923,5.8970,62.30,118.50,0.005571
612.2668,5.8970,61.76,118.00,0.005322
612.3381,5.8970,62.30,118.00,0.005374
612.4110,5.8970,62.30,118.00,0.005782
612.4821,5.8970,62.03,118.00,0.005550
612.5550,5.8970,62.03,118.00,0.005833
612.6290,5.9240,62.30,118.00,0.005541
612.7063,5.9510,62.30,118.00,0.005468
612.7774,5.9510,62.03,118.00,0.005649
612.8529,5.9510,62.30,118.00,0.005529
612.9265,5.9510,62.30,118.00,0.005546
612.9996,5.9510,62.03,118.00,0.005458
613.0709,5.9510,61.76,118.00,0.005776
613.1455,5.9510,62.30,118.00,0.005403
613.2191,5.9510,61.76,118.00,0.005711
613.2941,5.9510,62.03,118.00,0.005158
613.3658,5.9510,62.30,118.00,0.005574
613.4386,5.9510,62.30,118.00,0.005909
613.5117,5.9510,62.30,118.00,0.005252
613.5864,5.9510,62.30,118.00,0.005286
613.6584,5.9260,62.30,118.00,0.005898
613.7310,5.9010,62.30,118.00,0.005488
613.8022,5.9010,62.30,118.00,0.005317
613.8776,5.9010,62.03,118.00,0.005479
613.9497,5.9010,62.03,118.00,0.005484
614.0227,5.9010,62.03,118.00,0.005826
614.0936,5.9010,62.03,118.00,0.005193
614.1675,5.9010,62.30,118.00,0.005785
614.2376,5.9010,62.30,118.00,0.005122
614.3092,5.9010,62.03,118.00,0.005141
614.3798,5.9010,62.03,118.00,0.005380
614.4514,5.9010,62.30,118.00,0.005363
614.5224,5.9010,61.76,118.00,0.005074
614.6165,5.9010,62.03,118.00,0.005940
614.6894,5.9010,61.76,118.50,0.005279
614.7621,5.9010,62.30,118.00,0.005403
614.8344,5.8990,62.30,118.00,0.005682
614.9107,5.8970,62.30,118.00,0.005636
614.9868,5.8970,62.30,118.00,0.005738
615.0597,5.8970,62.03,118.00,0.005324
615.1333,5.8970,62.30,118.00,0.005586
615.2065,5.8970,61.76,118.00,0.005450
615.2805,5.8970,62.30,118.00,0.005611
615.3552,5.8970,62.30,118.00,0.005260
615.4263,5.8970,62.03,118.00,0.005452
615.4994,5.8970,62.30,118.00,0.005561
615.5752,5.8970,62.30,118.00,0.005523
615.6502,5.8875,62.30,118.00,0.005492
615.7241,5.8780,62.57,118.00,0.005535
615.7990,5.8780,61.76,118.00,0.005211
615.8713,5.8780,62.03,118.00,0.005785
615.9464,5.8780,62.03,118.00,0.005413
616.0177,5.8780,62.30,118.00,0.005106
616.0902,5.8780,61.76,118.00,0.005405
616.1630,5.8780,62.30,118.00,0.005560
616.2393,5.8780,62.03,118.00,0.005750
616.3103,5.8780,62.30,118.00,0.005404
616.3840,5.8780,62.03,118.00,0.005529
616.4586,5.8780,62.30,118.00,0.005393
616.5347,5.8780,62.03,118.00,0.005600
616.6064,5.8780,62.30,118.00,0.005689
616.6787,5.8780,62.30,118.00,0.005150
616.7493,5.8780,62.03,118.00,0.005277
616.8232,5.8780,62.03,118.00,0.005537
616.8932,5.8780,62.03,118.00,0.005062
616.9697,5.8780,62.03,118.00,0.005508
617.0426,5.8780,62.30,118.00,0.005398
617.1170,5.8780,62.03,118.00,0.005636
617.1914,5.8780,62.30,118.00,0.005990
617.2659,5.8780,62.30,118.00,0.005309
617.3377,5.8780,62.30,118.00,0.005309
617.4112,5.8780,62.03,118.00,0.005612
617.4825,5.8780,62.30,118.00,0.005544
617.5587,5.8780,62.03,118.00,0.005290
617.6349,5.8780,62.30,117.50,0.005846
617.7081,5.8780,62.30,117.00,0.005673
617.7795,5.8780,62.03,118.00,0.005389
617.8550,5.8780,62.30,117.00,0.005548
617.9265,5.8950,62.30,117.00,0.005314
618.0036,5.9120,62.30,117.00,0.005389
618.0780,5.9120,62.30,117.00,0.005708
618.1509,5.9120,62.30,117.00,0.005461
618.2221,5.9120,61.76,117.00,0.005357
618.2961,5.9120,62.30,117.00,0.005457
618.3706,5.9120,62.03,117.50,0.005584
618.4433,5.9120,61.76,117.00,0.005378
618.5167,5.9120,62.30,117.00,0.005316
618.5903,5.9120,62.30,117.00,0.005771
618.6651,5.8860,62.30,117.00,0.005636
618.7384,5.8860,62.30,117.00,0.005703
618.8130,5.8860,62.30,117.00,0.005770
618.8857,5.8860,61.76,117.00,0.005077
618.9588,5.8860,62.30,117.00,0.005790
619.0347,5.8860,62.30,117.00,0.005885
619.1059,5.8860,62.03,117.00,0.005276
619.1787,5.8860,62.03,117.00,0.005512
619.2495,5.8860,62.03,117.00,0.005408
619.3266,5.8860,62.30,117.00,0.005553
619.3978,5.8860,62.30,117.00,0.005119
619.4719,5.8860,61.76,117.00,0.005541
619.5436,5.8860,62.03,117.00,0.005506
619.6175,5.8860,62.30,117.00,0.005597
619.6904,5.9310,62.03,117.00,0.005484
619.7637,5.9310,62.03,117.00,0.005594
619.8336,5.9310,62.30,117.00,0.005165
619.9056,5.9310,62.30,117.00,0.005059
619.9788,5.9310,62.30,117.00,0.005621
620.0513,5.9310,62.03,117.00,0.005192
620.1228,5.9310,62.03,117.00,0.005710
620.1961,5.9310,62.30,117.00,0.005589
620.2710,5.9310,61.76,117.00,0.005339
620.3490,5.9310,62.30,117.00,0.005427
620.4228,5.9310,62.30,117.00,0.005273
620.4961,5.9310,62.03,117.00,0.005561
620.5709,5.9310,62.30,117.00,0.005816
620.6468,5.9100,62.30,117.00,0.005624
620.7215,5.8890,62.30,117.00,0.005619
620.7973,5.8890,62.30,117.00,0.005290
620.8712,5.8890,61.76,117.00,0.005306
620.9470,5.8890,62.30,117.00,0.005937
621.0215,5.8890,62.03,117.00,0.005415
621.0946,5.8890,62.30,117.00,0.005550
621.1666,5.8890,62.30,117.00,0.005284
621.2398,5.8890,62.57,117.00,0.005086
621.3102,5.8890,62.30,117.00,0.005379
621.3823,5.8890,62.30,117.00,0.005403
621.4532,5.8890,62.30,117.00,0.005211
621.5273,5.8890,62.30,117.00,0.005821
621.5985,5.8890,62.30,117.00,0.005509
621.6710,5.8890,61.76,117.00,0.005400
621.7416,5.8890,61.76,117.00,0.005529
621.8135,5.8890,62.30,117.00,0.005096
621.8869,5.8890,62.30,117.00,0.005703
621.9624,5.8890,62.30,117.00,0.005179
622.0343,5.8890,62.30,117.00,0.005204
622.1096,5.8890,62.30,117.00,0.005493
622.1833,5.8890,61.49,117.00,0.005574
622.2565,5.8890,62.30,117.00,0.005066
622.3285,5.8890,61.22,117.00,0.005296
622.4014,5.8890,62.30,117.00,0.005373
622.4748,5.8890,62.30,117.00,0.005243
622.5517,5.8890,62.57,117.00,0.005566
622.6261,5.8890,61.76,117.00,0.006039
622.7022,5.8890,62.30,117.00,0.005512
622.7745,5.8890,62.30,117.00,0.005697
622.8511,5.8890,62.30,117.00,0.005726
622.9228,5.8890,62.30,117.00,0.005520
623.0019,5.8890,62.03,117.00,0.005616
623.0748,5.8890,62.03,117.00,0.005821
623.1479,5.8890,62.30,117.00,0.005368
623.2201,5.8890,62.30,117.00,0.005683
623.2959,5.8890,62.30,117.00,0.005357
623.3721,5.8890,62.57,117.00,0.005382
623.4483,5.8890,62.30,117.00,0.005484
623.5225,5.8890,62.03,117.00,0.005402
623.5990,5.8890,61.76,117.00,0.005618
623.6709,5.8890,62.30,117.00,0.005693
623.7464,5.8890,62.03,117.00,0.005577
623.8206,5.8890,61.76,117.00,0.005550
623.8946,5.8890,62.30,117.00,0.005800
623.9666,5.8890,62.30,117.00,0.005602
624.0425,5.8890,62.30,117.00,0.005716
624.1172,5.8890,62.30,117.00,0.005414
624.1949,5.8890,62.30,117.00,0.005440
624.2668,5.8890,62.30,117.00,0.005766
624.3430,5.8890,62.30,117.00,0.005944
624.4169,5.8890,62.03,117.00,0.005108
624.4905,5.8890,62.30,117.00,0.005596
624.5627,5.8890,62.03,117.00,0.006006
624.6394,5.8890,62.03,117.00,0.005640
624.7105,5.8890,62.30,117.00,0.005180
624.7841,5.8890,62.30,117.00,0.005488
624.8594,5.8890,61.76,117.00,0.005899
624.9328,5.8890,62.30,117.00,0.005446
625.0073,5.8890,62.30,117.00,0.005776
625.0815,5.8890,62.30,117.00,0.005413
625.1547,5.8890,62.30,117.00,0.005774
625.2279,5.8890,62.30,117.00,0.005518
625.3001,5.8890,62.03,117.00,0.005631
625.3776,5.8890,62.30,117.00,0.005217
625.4499,5.8890,62.30,117.00,0.005836
625.5235,5.8890,62.03,117.00,0.005280
625.5984,5.8890,62.03,117.00,0.005850
625.6745,5.8320,61.76,117.00,0.005761
625.7457,5.8320,62.30,117.00,0.005063
625.8193,5.8320,62.03,117.00,0.005553
625.8941,5.8320,62.30,117.00,0.005501
625.9677,5.8320,62.30,117.00,0.005542
626.0384,5.8320,62.30,117.00,0.005137
626.1111,5.8320,62.03,117.00,0.005195
626.1832,5.8320,62.30,116.00,0.005469
626.2582,5.8320,62.30,116.00,0.005143
626.3299,5.8320,62.30,116.50,0.005484
626.4044,5.8320,62.30,116.00,0.005835
626.4785,5.8320,61.76,117.00,0.005389
626.5546,5.8320,61.76,117.00,0.005409
626.6274,5.8320,62.03,117.00,0.005863
626.7027,5.8320,62.30,117.00,0.006053
626.7741,5.8320,62.30,117.00,0.005321
626.8479,5.8320,62.30,117.00,0.005609
626.9222,5.8320,62.03,117.00,0.006000
626.9955,5.8320,62.30,117.00,0.005543
627.0692,5.8320,62.30,117.00,0.005178
627.1424,5.8475,62.30,117.00,0.005790
627.2190,5.8630,62.30,117.00,0.005498
627.2944,5.8630,62.03,117.00,0.005216
627.3687,5.8630,62.30,117.00,0.005583
627.4422,5.8630,62.30,117.00,0.005493
627.5187,5.8630,62.30,117.00,0.005890
627.5931,5.8630,62.03,117.00,0.005413
627.6665,5.8280,62.30,117.00,0.005620
627.7414,5.8280,62.30,117.00,0.005554
627.8154,5.8280,62.03,117.00,0.005468
627.8928,5.8280,62.03,116.00,0.005552
627.9676,5.8280,62.30,116.00,0.005653
628.0428,5.8280,62.30,116.50,0.005527
628.1153,5.8280,62.30,116.00,0.005479
628.1897,5.8280,62.03,117.00,0.005429
628.2622,5.8280,62.30,117.00,0.005478
628.3355,5.8280,62.30,117.00,0.005295
628.4091,5.8280,62.30,117.00,0.005154
628.4828,5.8280,62.30,117.00,0.005484
628.5544,5.8280,62.30,117.00,0.005404
628.6324,5.8395,62.03,117.00,0.005531
628.7082,5.8510,62.30,116.50,0.005736
628.7822,5.8510,62.03,116.00,0.005502
628.8583,5.8510,62.03,116.00,0.005194
628.9337,5.8510,62.03,116.00,0.005399
629.0071,5.8510,62.03,116.00,0.005561
629.0823,5.8510,61.76,117.00,0.005718
629.1543,5.8510,62.03,117.00,0.005388
629.2278,5.8510,62.30,117.00,0.005430
629.3024,5.8510,61.76,117.00,0.005697
629.3756,5.8510,62.30,117.00,0.005762
629.4491,5.8510,62.03,117.00,0.005402
629.5231,5.8510,62.30,117.00,0.005325
629.5996,5.8510,62.03,117.00,0.005867
629.6730,5.9010,62.30,117.00,0.005128
629.7459,5.9010,62.30,117.00,0.005104
629.8188,5.9010,62.30,116.50,0.005357
629.8902,5.9010,62.30,116.00,0.005527
629.9628,5.9010,62.03,117.00,0.005112
630.0334,5.9010,62.03,117.00,0.005170
630.1074,5.9010,61.76,117.00,0.005655
630.1830,5.9010,61.76,117.00,0.005269
630.2570,5.9010,62.03,117.00,0.005323
630.3303,5.9010,62.30,117.00,0.005539
630.4066,5.9010,62.30,117.00,0.005400
630.4830,5.9010,61.76,117.00,0.005418
630.5558,5.9010,62.03,117.00,0.005103
630.6349,5.8570,62.30,117.00,0.006037
630.7088,5.8130,62.03,117.00,0.005203
630.7815,5.8130,62.03,117.00,0.005325
630.8591,5.8130,61.76,117.00,0.005518
630.9387,5.8130,61.76,117.00,0.005692
631.0199,5.8130,62.30,117.00,0.006371
631.0974,5.8130,61.76,117.00,0.005206
631.1828,5.8130,62.30,117.00,0.006040
631.2628,5.8130,62.03,117.00,0.005730
631.3470,5.8130,61.76,117.00,0.005680
631.4256,5.8130,62.03,117.00,0.005115
631.5040,5.8130,62.03,117.00,0.006316
631.5855,5.8130,62.03,117.00,0.005362
631.6632,5.8130,62.30,117.00,0.006251
631.7426,5.5990,62.30,117.00,0.006028
631.8271,5.5990,62.30,117.00,0.005668
631.9062,5.5990,62.30,117.00,0.005576
631.9866,5.5990,62.03,117.00,0.006041
632.0668,5.5990,62.03,117.00,0.005706
632.1483,5.5990,61.76,117.00,0.005777
632.2254,5.5990,62.03,117.00,0.005116
632.3028,5.5990,62.03,117.00,0.005395
632.3833,5.5990,62.30,117.00,0.005755
632.4608,5.5990,62.30,117.00,0.005235
632.5325,5.5990,62.30,117.00,0.005226
632.6056,5.5990,61.76,117.00,0.005389
632.6828,5.5990,62.03,117.00,0.005759
632.7655,5.7860,62.30,117.00,0.006002
632.8426,5.7860,62.03,117.50,0.005689
632.9249,5.7860,62.03,118.00,0.005771
633.0026,5.7860,62.03,118.00,0.005821
633.0841,5.7860,61.76,118.00,0.005670
633.1604,5.7860,62.03,118.00,0.005502
633.2425,5.7860,62.03,118.00,0.005802
633.3170,5.7860,61.49,118.00,0.005279
633.3911,5.7860,62.30,118.00,0.005600
633.4684,5.7860,62.30,118.00,0.005621
633.5477,5.7860,62.03,118.00,0.005347
633.6238,5.7860,62.03,118.00,0.005968
633.7036,5.8130,62.03,118.00,0.005575
633.7833,5.8130,61.49,118.00,0.005930
633.8626,5.8130,61.76,118.00,0.005158
633.9425,5.8130,61.49,118.00,0.005837
634.0179,5.8130,62.03,118.00,0.005471
634.0940,5.8130,62.03,118.00,0.005555
634.1757,5.8130,61.76,118.00,0.006143
634.2512,5.8130,61.76,118.00,0.005667
634.3320,5.8130,61.49,118.00,0.005759
634.4109,5.8130,62.03,118.00,0.005814
634.4923,5.8130,62.30,118.00,0.005133
634.5704,5.8130,62.03,118.00,0.005909
634.6518,5.8130,62.03,118.00,0.005833
634.7312,5.8130,62.03,118.00,0.005980
634.8134,5.8130,61.76,118.00,0.005544
634.8892,5.8130,62.30,118.00,0.005425
634.9685,5.8130,62.03,118.00,0.005752
635.0456,5.8130,62.30,118.00,0.005192
635.1281,5.8130,61.76,118.00,0.005926
635.2069,5.8130,62.30,118.00,0.005452
635.2886,5.8130,62.03,118.00,0.005694
635.3648,5.8130,61.49,118.00,0.005926
635.4438,5.8130,62.03,118.00,0.005424
635.5241,5.8130,62.30,118.00,0.005879
635.6034,5.8130,61.22,118.00,0.005152
635.6837,5.8130,62.03,118.00,0.005589
635.7615,5.8130,62.30,118.00,0.005450
635.8378,5.8130,62.03,118.00,0.005109
635.9114,5.8130,61.49,118.00,0.005299
635.9826,5.8130,62.03,118.00,0.005158
636.0586,5.8130,61.49,118.00,0.005303
636.1388,5.8130,62.30,118.00,0.005955
636.2203,5.8130,62.30,118.00,0.005465
636.2996,5.7180,62.03,118.00,0.005895
636.3793,5.7180,61.76,118.00,0.005577
636.4571,5.7180,61.49,118.50,0.005970
636.5384,5.7180,62.03,119.00,0.005464
636.6174,5.7180,62.03,119.00,0.005580
636.7000,5.7100,61.76,119.00,0.005791
636.7754,5.7100,61.76,119.00,0.005746
636.8544,5.7100,62.03,119.00,0.005329
636.9319,5.7100,61.49,119.00,0.005656
637.0116,5.7100,62.30,119.00,0.005253
637.0899,5.7100,62.03,119.00,0.006095
637.1702,5.7100,61.49,119.00,0.005679
637.2474,5.7100,61.76,119.00,0.005546
637.3276,5.7100,61.49,119.00,0.005746
637.4056,5.7100,62.03,119.00,0.005667
637.4870,5.7100,62.30,119.00,0.005791
637.5620,5.7100,61.76,119.00,0.005107
637.6424,5.7100,62.03,119.00,0.005391
637.7131,5.7100,61.76,119.00,0.005100
637.7890,5.7100,62.30,119.00,0.005140
637.8619,5.7100,62.30,119.00,0.005333
637.9429,5.7100,62.03,119.00,0.005669
638.0217,5.7100,61.76,119.00,0.005381
638.1009,5.7100,62.03,119.00,0.005496
638.1805,5.7100,61.76,119.00,0.005769
638.2601,5.7100,61.49,119.00,0.005563
638.3395,5.7100,61.76,119.00,0.005510
638.4209,5.7100,61.76,119.00,0.005785
638.4983,5.7100,61.49,119.00,0.005874
638.5783,5.7100,61.76,119.00,0.005735
638.6557,5.7100,61.76,119.00,0.005683
638.7363,5.7100,62.03,119.00,0.005616
638.8172,5.7520,61.76,119.00,0.005505
638.8994,5.7520,62.03,119.00,0.005910
638.9797,5.7520,61.76,119.00,0.005528
639.0622,5.7520,61.76,119.00,0.005296
639.1415,5.7520,62.03,119.00,0.005202
639.2232,5.7520,61.76,119.00,0.006169
639.3028,5.7520,62.03,119.00,0.005745
639.3852,5.7520,62.30,119.00,0.005813
639.4603,5.7520,62.03,119.00,0.006078
639.5381,5.7520,62.03,119.00,0.005548
639.6151,5.7520,61.76,119.00,0.005457
639.6974,5.7750,61.76,119.00,0.005498
639.7735,5.7750,62.03,119.00,0.005356
639.8523,5.7750,61.76,119.00,0.005842
639.9324,5.7750,62.03,119.00,0.005509
640.0151,5.7750,62.03,119.00,0.005930
640.0954,5.7750,62.03,118.50,0.005703
640.1769,5.7750,62.03,118.50,0.005719
640.2505,5.7750,61.76,118.50,0.005262
640.3251,5.7750,62.03,118.50,0.005380
640.3997,5.7750,62.03,119.00,0.005729
640.4776,5.7750,62.03,119.00,0.005698
640.5567,5.7750,62.03,119.00,0.005690
640.6388,5.7825,61.76,119.00,0.005847
640.7168,5.7900,61.76,119.00,0.005737
640.7969,5.7900,62.30,119.00,0.005577
640.8747,5.7900,62.30,119.00,0.006015
640.9557,5.7900,62.03,119.00,0.005259
641.0335,5.7900,62.30,119.00,0.005439
641.1131,5.7900,61.22,119.00,0.005541
641.1936,5.7900,61.76,119.00,0.005585
641.2722,5.7900,61.49,119.00,0.005364
641.3444,5.7900,61.76,119.00,0.005392
641.4181,5.7900,61.49,119.00,0.005119
641.4895,5.7900,61.76,119.00,0.005046
641.5632,5.7900,61.76,119.00,0.005177
641.6347,5.7900,62.30,119.00,0.005432
641.7113,5.8015,62.30,119.00,0.006069
641.7868,5.8130,62.03,119.00,0.005438
641.8688,5.8130,61.76,118.50,0.005813
641.9469,5.8130,62.30,119.00,0.005847
642.0275,5.8130,62.30,119.00,0.005274
642.1044,5.8130,61.76,119.00,0.006062
642.1831,5.8130,62.03,119.00,0.005586
642.2635,5.8130,62.03,119.00,0.005935
642.3432,5.8130,62.30,119.00,0.005908
642.4190,5.8130,61.76,118.00,0.005551
642.4997,5.8130,62.03,118.00,0.006024
642.5762,5.8130,61.49,118.00,0.005759
642.6584,5.7730,62.30,118.00,0.005684
642.7363,5.7330,62.30,119.00,0.006004
642.8176,5.7330,62.30,119.00,0.005585
642.8966,5.7330,62.30,118.50,0.005761
642.9760,5.7330,62.03,118.00,0.005386
643.0495,5.7330,61.76,118.50,0.005562
643.1257,5.7330,62.03,118.00,0.005497
643.2028,5.7330,61.76,118.00,0.005868
643.2824,5.7330,62.30,118.00,0.005188
643.3563,5.7330,62.30,118.00,0.005938
643.4385,5.7330,61.49,118.00,0.006099
643.5183,5.7330,62.03,118.00,0.005764
643.6014,5.7330,61.49,118.00,0.005599
643.6823,5.7940,62.03,118.00,0.005444
643.7591,5.7940,61.49,118.00,0.005658
643.8311,5.7940,62.03,118.00,0.005788
643.9072,5.7940,62.03,118.00,0.005145
643.9787,5.7940,61.76,118.00,0.005233
644.0547,5.7940,61.22,118.00,0.005500
644.1273,5.7940,62.03,118.00,0.005860
644.2016,5.7940,62.03,118.00,0.005511
644.2787,5.7940,62.30,118.00,0.005692
644.3548,5.7940,62.30,118.00,0.005958
644.4317,5.7940,62.30,118.00,0.005403
644.5065,5.7940,61.49,118.00,0.005533
644.5803,5.7940,62.30,118.00,0.005612
644.6536,5.7940,62.03,118.00,0.005107
644.7246,5.7940,61.76,118.00,0.005341
644.7998,5.7940,62.30,118.00,0.005350
644.8739,5.8050,61.76,118.00,0.005129
644.9509,5.8050,62.03,118.00,0.005737
645.0232,5.8050,62.30,118.00,0.005252
645.1023,5.8050,62.30,118.00,0.005530
645.1754,5.8050,62.30,118.00,0.005877
645.2534,5.8050,62.30,118.00,0.006016
645.3317,5.8050,62.03,118.00,0.005207
645.4119,5.8050,62.30,118.00,0.005475
645.4863,5.8050,61.76,118.00,0.005275
645.5597,5.8050,62.30,118.00,0.005128
645.6346,5.8050,62.03,118.00,0.005423
645.7183,5.7900,62.30,118.00,0.005371
645.8013,5.7750,62.03,118.00,0.005882
645.8810,5.7750,62.03,118.00,0.005886
645.9609,5.7750,61.76,118.00,0.005513
646.0421,5.7750,62.30,118.00,0.005483
646.1226,5.7750,61.76,118.00,0.005481
646.2039,5.7750,62.30,118.00,0.006082
646.2831,5.7750,62.30,118.00,0.005827
646.3626,5.7750,62.03,118.00,0.005658
646.4432,5.7750,62.30,118.00,0.005859
646.5249,5.7750,62.30,118.00,0.005567
646.6026,5.7750,61.76,118.00,0.005822
646.6829,5.7630,61.76,118.00,0.005860
646.7629,5.7630,62.30,118.00,0.005396
646.8456,5.7630,61.76,118.00,0.005548
646.9254,5.7630,62.03,118.00,0.005638
647.0044,5.7630,61.76,118.00,0.005583
647.0815,5.7630,62.03,118.00,0.005721
647.1635,5.7630,61.76,118.00,0.005671
647.2430,5.7630,62.30,118.00,0.005851
647.3218,5.7630,62.03,118.00,0.005700
647.4028,5.7630,62.30,118.00,0.006169
647.4823,5.7630,62.03,118.00,0.005399
647.5548,5.7630,62.03,118.00,0.005177
647.6337,5.7630,62.03,118.00,0.006001
647.7149,5.7630,61.49,118.00,0.005870
647.7949,5.7630,61.76,118.00,0.005804
647.8699,5.7630,62.30,118.00,0.005752
647.9522,5.7630,61.76,118.00,0.005404
648.0312,5.7630,62.03,118.00,0.005737
648.1128,5.7630,61.49,118.00,0.005785
648.1926,5.7630,61.76,118.00,0.005622
648.2744,5.7630,62.03,118.00,0.005311
648.3518,5.7630,61.22,118.00,0.005789
648.4332,5.7630,61.76,118.00,0.005480
648.5112,5.7630,62.03,118.00,0.005943
648.5914,5.7630,62.30,118.00,0.005883
648.6711,5.7330,61.76,118.00,0.005839
648.7511,5.7330,62.03,118.00,0.006023
648.8257,5.7330,61.22,118.00,0.005266
648.8999,5.7330,62.30,118.00,0.005258
648.9730,5.7330,62.03,118.00,0.005107
649.0520,5.7330,61.76,118.00,0.005603
649.1254,5.7330,62.03,118.00,0.005122
649.2026,5.7330,61.76,118.00,0.005532
649.2750,5.7330,61.76,118.00,0.005635
649.3512,5.7330,61.76,118.00,0.005507
649.4241,5.7330,62.30,118.00,0.005509
649.5024,5.7330,62.03,118.00,0.005473
649.5758,5.7330,62.03,118.00,0.005402
649.6496,5.8055,61.76,118.00,0.005638
649.7226,5.8780,62.03,118.00,0.005615
649.7989,5.8780,62.03,118.00,0.005532
649.8738,5.8780,62.30,117.00,0.005166
649.9474,5.8780,62.03,117.00,0.005466
650.0224,5.8780,62.30,117.00,0.005827
650.0982,5.8780,62.30,117.00,0.005146
650.1722,5.8780,61.49,117.00,0.005590
650.2474,5.8780,62.03,117.00,0.005281
650.3203,5.8780,62.03,117.00,0.005120
650.3932,5.8780,61.76,117.50,0.005362
650.4648,5.8780,61.76,118.00,0.005219
650.5390,5.8780,62.30,117.00,0.005830
650.6137,5.8780,61.76,117.00,0.005395
650.6895,5.9120,62.03,117.00,0.005108
650.7612,5.9120,62.03,117.00,0.005420
650.8348,5.9120,62.30,117.00,0.005253
650.9097,5.9120,62.30,117.00,0.005534
650.9839,5.9120,62.30,117.00,0.005721
651.0561,5.9120,61.76,118.00,0.005413
651.1333,5.9120,62.30,117.00,0.005402
651.2078,5.9120,62.03,117.00,0.005406
651.2844,5.9120,62.03,117.50,0.005420
651.3595,5.9120,62.03,117.00,0.005449
651.4344,5.9120,62.30,117.00,0.005856
651.5067,5.9120,62.30,117.00,0.005516
651.5825,5.9120,62.03,117.00,0.005376
651.6535,5.9120,62.03,117.00,0.005148
651.7284,5.9120,62.03,117.00,0.005214
651.8004,5.9120,62.30,117.00,0.005571
651.8752,5.8780,62.03,117.00,0.005741
651.9489,5.8780,62.03,117.00,0.005258
652.0217,5.8780,61.76,117.00,0.005082
652.0932,5.8780,62.30,117.00,0.005378
652.1660,5.8780,61.76,117.00,0.005437
652.2395,5.8780,62.30,117.00,0.005518
652.3145,5.8780,62.30,117.00,0.005239
652.3854,5.8780,62.03,117.00,0.005306
652.4584,5.8780,62.03,117.50,0.005121
652.5305,5.8780,62.03,117.00,0.005312
652.6039,5.8780,62.30,117.00,0.005373
652.6802,5.8590,62.30,117.00,0.005516
652.7590,5.8590,61.76,117.00,0.005827
652.8304,5.8590,62.03,117.00,0.005191
652.9030,5.8590,62.03,117.00,0.005117
652.9771,5.8590,61.76,117.00,0.005527
653.0506,5.8590,61.76,117.00,0.005707
653.1227,5.8590,62.03,117.00,0.005679
653.1968,5.8590,62.30,117.00,0.005554
653.2695,5.8590,62.03,117.00,0.005465
653.3441,5.8590,61.76,117.00,0.005809
653.4202,5.8590,62.03,117.00,0.005197
653.4962,5.8590,61.49,117.00,0.005669
653.5707,5.8590,62.03,117.00,0.005447
653.6433,5.8590,62.03,117.00,0.005528
653.7146,5.8590,62.03,117.00,0.005371
653.7876,5.8590,62.30,117.00,0.005924
653.8626,5.8570,61.76,117.00,0.005829
653.9395,5.8550,62.30,117.00,0.005576
654.0150,5.8550,61.76,117.00,0.005845
654.0917,5.8550,62.03,117.00,0.005112
654.1661,5.8550,61.49,117.00,0.005865
654.2426,5.8550,62.30,117.00,0.005386
654.3167,5.8550,62.03,117.00,0.005377
654.3907,5.8550,62.03,117.00,0.005487
654.4638,5.8550,62.03,117.00,0.005800
654.5420,5.8550,61.49,117.00,0.005257
654.6124,5.8550,62.30,117.00,0.005196
654.6876,5.8550,62.30,117.00,0.005130
654.7593,5.8550,62.30,117.00,0.005306
654.8334,5.8665,62.30,117.00,0.005353
654.9060,5.8780,61.76,117.00,0.005709
654.9798,5.8780,62.03,117.00,0.005427
655.0545,5.8780,61.76,117.00,0.005507
655.1284,5.8780,61.76,117.00,0.005722
655.2007,5.8780,62.30,117.00,0.005494
655.2747,5.8780,61.49,117.00,0.005448
655.3468,5.8780,62.03,117.00,0.005632
655.4233,5.8780,62.30,117.00,0.005760
655.4955,5.8780,62.03,117.00,0.005610
655.5720,5.8780,62.03,117.00,0.005095
655.6490,5.9010,61.49,117.00,0.005213
655.7249,5.9240,62.30,117.00,0.005445
655.7973,5.9240,62.03,117.00,0.005462
655.8718,5.9240,62.30,117.00,0.005526
655.9455,5.9240,62.03,117.00,0.005537
656.0186,5.9240,62.30,117.00,0.005309
656.0898,5.9240,61.49,117.00,0.005090
656.1634,5.9240,62.03,117.00,0.005294
656.2391,5.9240,62.30,117.00,0.005481
656.3128,5.9240,61.76,117.00,0.005171
656.3857,5.9240,62.03,117.00,0.005099
656.4594,5.9240,62.30,117.00,0.005484
656.5332,5.9240,62.03,117.00,0.005328
656.6092,5.9240,62.03,117.00,0.005202
656.6842,5.8700,61.76,117.00,0.005661
656.7607,5.8700,62.03,117.00,0.005373
656.8335,5.8700,62.30,117.00,0.005843
656.9093,5.8700,62.03,117.00,0.005452
656.9817,5.8700,62.30,117.00,0.005221
657.0577,5.8700,62.03,117.00,0.005459
657.1347,5.8700,62.03,117.00,0.005619
657.2096,5.8700,62.30,116.50,0.005055
657.2821,5.8700,62.30,117.00,0.005917
657.3587,5.8700,61.76,117.00,0.005714
657.4318,5.8700,62.03,117.00,0.005330
657.5111,5.8700,61.76,117.00,0.005836
657.5840,5.8700,62.30,117.00,0.005635
657.6601,5.8890,62.03,117.00,0.005484
657.7350,5.8890,62.03,117.00,0.005528
657.8102,5.8890,62.30,117.00,0.005944
657.8858,5.8890,62.03,116.50,0.005466
657.9622,5.8890,62.30,116.50,0.005540
658.0341,5.8890,62.30,117.00,0.005294
658.1108,5.8890,61.76,117.00,0.005922
658.1830,5.8890,62.30,117.00,0.005805
658.2589,5.8890,61.76,117.00,0.005716
658.3327,5.8890,62.30,117.00,0.005442
658.4066,5.8890,62.30,117.00,0.005161
658.4785,5.8890,62.03,117.00,0.005328
658.5550,5.8890,62.30,116.50,0.005653
658.6294,5.8890,62.03,116.50,0.005422
658.7068,5.8740,62.30,116.50,0.005394
658.7840,5.8740,62.30,116.50,0.005522
658.8583,5.8740,62.03,117.00,0.005681
658.9317,5.8740,62.03,117.00,0.005626
659.0079,5.8740,62.30,117.00,0.005331
659.0826,5.8740,62.03,116.00,0.005740
659.1591,5.8740,62.30,116.00,0.005666
659.2319,5.8740,61.76,116.00,0.005410
659.3070,5.8740,62.30,116.00,0.005538
659.3784,5.8740,61.76,116.00,0.005681
659.4536,5.8740,62.30,116.00,0.005186
659.5260,5.8740,62.30,116.00,0.005574
659.6025,5.8740,62.30,116.00,0.005656
659.6758,5.8320,62.30,116.00,0.005501
659.7503,5.8320,62.30,116.00,0.005582
659.8225,5.8320,62.03,116.00,0.005684
659.8964,5.8320,62.30,116.00,0.005755
659.9694,5.8320,62.30,116.00,0.005847
660.0431,5.8320,62.30,116.00,0.005675
660.1198,5.8320,62.03,116.00,0.005083
660.1934,5.8320,61.76,116.00,0.005189
660.2710,5.8320,62.30,116.50,0.005530
660.3453,5.8320,62.30,116.50,0.005223
660.4199,5.8320,61.49,116.00,0.005509
660.4992,5.8320,62.30,116.00,0.005670
660.5733,5.8320,62.30,116.00,0.005680
660.6503,5.8150,61.76,116.00,0.005701
660.7228,5.7980,62.30,116.00,0.005455
660.7999,5.7980,62.03,116.00,0.005585
660.8738,5.7980,62.30,116.00,0.005182
660.9510,5.7980,62.30,116.00,0.005581
661.0264,5.7980,62.03,116.00,0.005657
661.0999,5.7980,61.76,116.00,0.005156
661.1747,5.7980,62.03,116.00,0.005243
661.2546,5.7980,62.03,116.00,0.005845
661.3292,5.7980,62.03,116.00,0.005499
661.4053,5.7980,62.03,116.00,0.005518
661.4817,5.7980,62.30,116.00,0.005376
661.5593,5.7980,62.03,116.00,0.005866
661.6336,5.7980,62.57,116.00,0.005042
661.7074,5.7980,62.03,116.00,0.005208
661.7787,5.7980,61.76,116.00,0.005207
661.8556,5.7980,62.03,117.00,0.005212
661.9304,5.7980,62.30,116.50,0.005490
662.0037,5.7980,62.30,116.50,0.005606
662.0788,5.7980,61.49,116.00,0.005823
662.1578,5.7980,61.76,116.00,0.005373
662.2309,5.7980,62.03,116.50,0.005614
662.3073,5.7980,61.76,116.00,0.005525
662.3831,5.7980,62.03,116.00,0.006006
662.4615,5.7980,62.03,116.00,0.005553
662.5350,5.7980,61.49,116.00,0.005136
662.6088,5.7980,62.30,116.00,0.005139
662.6826,5.7980,62.03,116.00,0.005495
662.7588,5.7980,62.03,116.00,0.005428
662.8334,5.7980,62.30,116.00,0.005560
662.9083,5.7980,62.30,116.00,0.005624
662.9820,5.8090,61.76,116.00,0.005732
663.0586,5.8090,62.30,116.00,0.005603
663.1321,5.8090,62.30,116.00,0.005697
663.2086,5.8090,62.03,116.00,0.005441
663.2838,5.8090,62.30,116.00,0.005619
663.3600,5.8090,62.03,116.00,0.005586
663.4362,5.8090,62.03,116.00,0.005754
663.5117,5.8090,62.30,116.00,0.005512
663.5838,5.8090,61.76,116.00,0.005470
663.6592,5.9010,62.30,117.00,0.005550
663.7357,5.9010,61.76,117.00,0.005328
663.8147,5.9010,61.76,117.00,0.005763
663.8887,5.9010,61.76,116.00,0.005590
663.9637,5.9010,62.30,116.50,0.005641
664.0385,5.9010,62.30,116.00,0.005786
664.1152,5.9010,62.03,116.00,0.005747
664.1881,5.9010,61.76,116.00,0.005543
664.2623,5.9010,62.30,116.00,0.005316
664.3343,5.9010,62.03,116.00,0.005223
664.4117,5.9010,62.30,116.00,0.005954
664.4837,5.9010,62.30,116.00,0.005331
664.5623,5.9010,62.30,116.00,0.005653
664.6369,5.9050,62.30,116.00,0.005110
664.7119,5.9090,62.30,116.00,0.005195
664.7881,5.9090,62.30,116.00,0.005393
664.8645,5.9090,62.30,116.00,0.005871
664.9391,5.9090,62.03,116.00,0.005778
665.0160,5.9090,62.30,116.00,0.005836
665.0900,5.9090,62.30,116.00,0.005574
665.1643,5.9090,61.49,116.00,0.005562
665.2394,5.9090,62.03,116.00,0.005407
665.3182,5.9090,62.30,116.00,0.005403
665.3902,5.9090,62.30,116.00,0.005390
665.4643,5.9090,62.30,117.00,0.005579
665.5402,5.9090,62.03,117.00,0.005164
665.6154,5.9090,62.30,116.00,0.005387
665.6866,5.9090,62.03,116.00,0.005206
665.7627,5.9090,62.03,116.00,0.005723
665.8360,5.8670,62.30,116.00,0.005605
665.9122,5.8670,62.03,116.00,0.005174
665.9846,5.8670,62.30,116.00,0.005315
666.0576,5.8670,62.30,116.00,0.005193
666.1317,5.8670,62.30,116.00,0.005388
666.2099,5.8670,61.76,116.00,0.005601
666.2881,5.8670,62.30,116.00,0.006146
666.3668,5.8670,62.03,116.00,0.005549
666.4442,5.8670,62.03,116.00,0.005804
666.5256,5.8670,61.76,116.00,0.005386
666.6055,5.8670,61.49,116.00,0.005312
666.6890,5.8670,62.03,116.00,0.005265
666.7658,5.8670,62.03,116.00,0.005610
666.8487,5.8670,62.30,116.00,0.005262
666.9251,5.8670,61.49,116.00,0.005129
666.9999,5.8670,62.03,116.00,0.005484
667.0744,5.8670,62.30,116.00,0.005479
667.1517,5.8670,61.49,116.00,0.005185
667.2326,5.8670,62.30,116.00,0.005817
667.3155,5.8670,62.03,117.00,0.006034
667.3906,5.8670,61.76,116.50,0.005623
667.4671,5.8670,62.03,116.00,0.005690
667.5396,5.8670,62.03,116.00,0.005524
667.6186,5.8670,61.76,116.00,0.005410
667.6942,5.7600,62.30,116.00,0.005584
667.7710,5.7600,61.76,116.00,0.005692
667.8438,5.7600,61.49,116.00,0.005797
667.9172,5.7600,61.49,116.00,0.005078
667.9903,5.7600,62.30,116.00,0.005255
668.0638,5.7600,61.76,116.00,0.005424
668.1347,5.7600,62.30,116.00,0.005127
668.2094,5.7600,61.76,116.00,0.005351
668.2840,5.7600,62.30,116.00,0.005254
668.3597,5.7600,61.22,116.00,0.005506
668.4347,5.7600,62.30,116.00,0.005388
668.5113,5.7600,62.03,116.00,0.005874
668.5861,5.7600,61.76,116.00,0.005338
668.6635,5.7810,62.30,116.00,0.006007
668.7406,5.8020,61.76,116.00,0.005388
668.8142,5.8020,62.03,116.00,0.005651
668.8872,5.8020,61.76,116.00,0.005537
668.9642,5.8020,62.30,116.00,0.005417
669.0417,5.8020,62.30,116.00,0.005613
669.1183,5.8020,61.76,116.50,0.005532
669.1902,5.8020,61.76,117.00,0.005106
669.2626,5.8020,61.76,117.00,0.005138
669.3356,5.8020,62.03,116.50,0.005074
669.4104,5.8020,62.30,116.00,0.005429
669.4842,5.8020,62.03,116.00,0.005729
669.5616,5.8020,62.30,116.00,0.005145
669.6347,5.8440,61.49,116.00,0.005685
669.7110,5.8860,62.03,116.00,0.005657
669.7881,5.8860,62.30,116.00,0.005778
669.8652,5.8860,62.30,116.00,0.005710
669.9370,5.8860,62.30,116.00,0.005254
670.0115,5.8860,62.30,116.00,0.005527
670.0835,5.8860,61.49,116.00,0.005764
670.1574,5.8860,62.30,116.00,0.005117
670.2297,5.8860,62.30,116.00,0.005306
670.3056,5.8860,62.03,116.50,0.006936
670.3837,5.8860,61.76,117.00,0.005523
670.4637,5.8860,62.30,117.00,0.006084
670.5376,5.8860,62.03,117.00,0.005243
670.6187,5.8860,62.03,117.00,0.006013
670.6973,5.8510,61.49,117.00,0.005882
670.7782,5.8510,61.49,117.00,0.005862
670.8564,5.8510,62.30,117.00,0.005362
670.9304,5.8510,61.76,117.00,0.005334
671.0009,5.8510,61.76,117.00,0.005247
671.0740,5.8510,62.03,117.00,0.005088
671.1472,5.8510,61.76,117.00,0.005830
671.2232,5.8510,61.76,117.00,0.005210
671.2939,5.8510,61.76,117.00,0.005510
671.3707,5.8510,62.30,117.00,0.005839
671.4417,5.8510,62.30,117.00,0.005226
671.5158,5.8510,62.30,117.00,0.005578
671.5873,5.8510,62.03,118.00,0.005742
671.6627,5.8510,61.76,118.00,0.005177
671.7330,5.8510,61.76,118.00,0.005257
671.8060,5.8510,62.03,118.00,0.005263
671.8784,5.8510,61.76,118.00,0.005415
671.9544,5.8510,61.76,118.00,0.005154
672.0263,5.8510,62.03,118.00,0.005485
672.1024,5.8510,62.03,118.00,0.005409
672.1732,5.8510,62.30,118.00,0.005368
672.2477,5.8510,62.30,118.00,0.005718
672.3188,5.8510,62.30,118.00,0.005635
672.3946,5.8510,61.76,118.00,0.005525
672.4681,5.8510,62.03,118.00,0.005415
672.5463,5.8510,62.30,118.00,0.005397
672.6175,5.8510,62.30,118.00,0.005648
672.6914,5.8510,62.30,118.00,0.005285
672.7653,5.8510,62.30,118.00,0.005330
672.8444,5.8510,62.03,118.00,0.005915
672.9201,5.8510,62.30,118.00,0.005437
672.9991,5.8510,62.03,118.00,0.005576
673.0774,5.8855,62.03,118.00,0.005505
673.1559,5.9200,62.03,118.00,0.005451
673.2256,5.9200,61.76,118.00,0.005046
673.2990,5.9200,62.30,118.00,0.005300
673.3698,5.9200,62.30,118.00,0.005381
673.4487,5.9200,62.03,118.00,0.005523
673.5272,5.9200,62.03,118.00,0.006025
673.6079,5.9200,61.49,118.00,0.005349
673.6871,5.8550,61.76,118.00,0.005889
673.7662,5.8550,62.30,118.00,0.005657
673.8428,5.8550,62.30,118.00,0.005637
673.9194,5.8550,62.30,118.00,0.005824
673.9961,5.8550,62.03,118.00,0.005572
674.0775,5.8550,62.30,118.00,0.005517
674.1561,5.8550,62.03,118.00,0.006108
674.2367,5.8550,62.03,119.00,0.005541
674.3150,5.8550,62.03,119.00,0.005716
674.3936,5.8550,61.49,119.00,0.005775
674.4742,5.8550,61.76,119.00,0.008344
674.5556,5.8550,62.30,119.00,0.005960
674.6340,5.8130,62.30,119.00,0.005845
674.7116,5.7710,62.30,119.00,0.005338
674.7821,5.7710,61.76,119.00,0.005318
674.8575,5.7710,62.03,119.00,0.005268
674.9293,5.7710,62.03,120.00,0.005456
675.0022,5.7710,61.76,120.00,0.005336
675.0736,5.7710,62.30,120.00,0.005652
675.1467,5.7710,61.49,120.00,0.005446
675.2188,5.7710,61.76,120.00,0.005736
675.2917,5.7710,62.30,120.00,0.005386
675.3656,5.7710,61.49,120.00,0.005296
675.4397,5.7710,62.03,120.00,0.005550
675.5128,5.7710,62.03,120.00,0.005123
675.5862,5.7710,62.03,120.00,0.005534
675.6568,5.8550,62.30,120.00,0.005144
675.7351,5.9390,61.76,120.00,0.005638
675.8067,5.9390,62.30,120.00,0.005314
675.8802,5.9390,62.03,120.00,0.005620
675.9541,5.9390,62.03,120.00,0.005630
676.0273,5.9390,61.22,120.00,0.005303
676.0993,5.9390,62.03,120.00,0.005681
676.1746,5.9390,62.57,120.00,0.005515
676.2461,5.9390,61.76,120.00,0.005346
676.3194,5.9390,61.22,120.00,0.005326
676.3911,5.9390,62.03,120.00,0.005710
676.4641,5.9390,62.03,120.00,0.005445
676.5374,5.9390,61.49,120.00,0.005087
676.6147,5.9390,61.76,120.00,0.005522
676.6912,5.9350,62.30,120.00,0.005586
676.7663,5.9350,61.76,120.00,0.005433
676.8376,5.9350,62.03,120.00,0.005582
676.9132,5.9350,62.30,120.00,0.005348
676.9899,5.9350,62.30,120.00,0.005707
677.0660,5.9350,62.03,120.00,0.005633
677.1365,5.9350,61.76,120.00,0.005197
677.2090,5.9350,62.03,120.00,0.005152
677.2817,5.9350,62.03,120.00,0.005301
677.3552,5.9350,62.30,120.00,0.005666
677.4340,5.9350,62.30,120.00,0.005906
677.5118,5.9350,62.03,120.00,0.005271
677.5908,5.9350,62.03,120.00,0.005657
677.6709,5.7940,61.76,120.00,0.005753
677.7496,5.7940,62.03,120.00,0.005507
677.8282,5.7940,62.03,120.00,0.005633
677.9015,5.7940,62.30,120.00,0.005519
677.9740,5.7940,62.03,120.00,0.005287
678.0479,5.7940,61.22,120.00,0.005508
678.1212,5.7940,62.30,120.00,0.005579
678.1923,5.7940,62.30,120.00,0.005276
678.2679,5.7940,62.30,120.00,0.005499
678.3419,5.7940,61.76,120.00,0.005692
678.4149,5.7940,62.03,120.00,0.005446
678.4862,5.7940,62.30,120.00,0.005304
678.5637,5.7940,62.03,120.00,0.005489
678.6346,5.7940,62.30,120.00,0.005501
678.7077,5.7940,62.30,120.00,0.005246
678.7813,5.7940,61.76,120.00,0.005631
678.8549,5.7940,62.03,120.00,0.005626
678.9282,5.7940,62.30,120.00,0.005630
679.0032,5.7940,62.03,121.00,0.005640
679.0749,5.7940,62.30,121.00,0.005424
679.1497,5.7940,62.30,121.00,0.005331
679.2217,5.7940,62.03,121.00,0.005448
679.2947,5.7940,62.30,121.00,0.005606
679.3659,5.7940,62.30,121.00,0.005573
679.4411,5.7940,62.30,121.00,0.005629
679.5125,5.7940,62.30,121.00,0.005333
679.5875,5.7940,62.03,121.00,0.005372
679.6591,5.7940,61.49,121.00,0.005352
679.7347,5.7940,61.76,121.00,0.005412
679.8061,5.7940,61.76,121.00,0.005461
679.8787,5.7940,62.03,121.00,0.005123
679.9490,5.7940,62.30,121.00,0.005253
680.0209,5.7940,62.30,121.00,0.005246
680.0932,5.7940,62.30,121.00,0.005358
680.1661,5.8495,61.76,121.00,0.005453
680.2396,5.9050,62.30,121.00,0.005212
680.3135,5.9050,61.76,121.00,0.005236
680.3840,5.9050,61.76,121.00,0.005376
680.4588,5.9050,62.30,121.00,0.005749
680.5342,5.9050,62.30,121.00,0.005543
680.6063,5.9050,61.49,121.00,0.005387
680.6785,5.8630,62.30,121.00,0.005635
680.7512,5.8630,62.03,121.00,0.005230
680.8235,5.8630,62.30,121.00,0.005517
680.8991,5.8630,62.30,121.00,0.005787
680.9707,5.8630,62.03,121.00,0.005464
681.0456,5.8630,62.03,121.00,0.005247
681.1240,5.8630,61.22,121.00,0.005440
681.2022,5.8630,61.76,121.00,0.005839
681.2765,5.8630,62.30,121.00,0.005168
681.3502,5.8630,62.03,121.00,0.005125
681.4217,5.8630,62.30,121.00,0.005550
681.4988,5.8630,62.30,121.00,0.005836
681.5750,5.8630,62.30,121.00,0.006028
681.6554,5.8150,61.76,121.00,0.005366
681.7339,5.7670,62.30,121.00,0.005923
681.8122,5.7670,61.76,121.00,0.005646
681.8919,5.7670,62.30,121.00,0.005790
681.9711,5.7670,62.03,121.00,0.005922
682.0458,5.7670,61.76,121.00,0.005682
682.1253,5.7670,62.30,121.00,0.005870
682.1999,5.7670,61.49,121.00,0.005597
682.2798,5.7670,62.30,121.00,0.005732
682.3582,5.7670,61.76,121.00,0.005519
682.4302,5.7670,62.30,121.00,0.005159
682.5027,5.7670,62.03,121.00,0.005184
682.5784,5.7670,61.76,121.00,0.005402
682.6517,5.7900,62.03,121.00,0.005699
682.7319,5.8130,62.03,121.00,0.005661
682.8051,5.8130,61.76,121.00,0.005082
682.8787,5.8130,62.30,121.00,0.005179
682.9502,5.8130,62.03,121.00,0.005888
683.0303,5.8130,61.76,121.00,0.005621
683.1065,5.8130,61.76,121.00,0.005976
683.1853,5.8130,62.03,121.00,0.005700
683.2600,5.8130,61.76,121.00,0.005697
683.3359,5.8130,62.30,121.00,0.005182
683.4067,5.8130,62.03,121.00,0.005140
683.4830,5.8130,61.49,121.00,0.005572
683.5594,5.8130,61.49,121.00,0.005903
683.6400,5.8340,62.30,121.00,0.005599
683.7195,5.8550,62.03,121.00,0.006007
683.8006,5.8550,62.03,121.00,0.005773
683.8770,5.8550,62.30,121.00,0.005799
683.9547,5.8550,62.30,121.00,0.006015
684.0328,5.8550,62.03,121.00,0.005440
684.1095,5.8550,62.03,121.00,0.005690
684.1853,5.8550,61.22,121.00,0.005626
684.2667,5.8550,62.03,121.00,0.006049
684.3452,5.8550,62.03,121.00,0.005424
684.4269,5.8550,62.30,121.00,0.005680
684.5041,5.8550,62.30,121.00,0.005683
684.5826,5.8550,62.03,121.00,0.006080
684.6576,5.7960,62.30,121.00,0.005584
684.7374,5.7370,62.03,121.00,0.005891
684.8152,5.7370,61.49,121.00,0.005752
684.8966,5.7370,61.76,121.00,0.005703
684.9746,5.7370,62.03,121.00,0.005516
685.0473,5.7370,62.30,121.00,0.005176
685.1187,5.7370,61.49,121.00,0.005674
685.1918,5.7370,62.03,121.00,0.005248
685.2654,5.7370,62.30,121.00,0.005098
685.3474,5.7370,61.76,121.00,0.005432
685.4264,5.7370,61.49,121.00,0.005628
685.5070,5.7370,62.30,121.00,0.005720
685.5843,5.7370,62.03,120.00,0.005429
685.6655,5.7940,62.30,120.00,0.005485
685.7365,5.7940,61.76,120.00,0.005124
685.8097,5.7940,61.76,120.00,0.005363
685.8803,5.7940,62.30,120.00,0.005192
685.9566,5.7940,62.30,120.00,0.005141
686.0309,5.7940,62.03,120.50,0.005957
686.1119,5.7940,62.03,120.00,0.005799
686.1886,5.7940,62.03,120.00,0.005540
686.2674,5.7940,62.03,120.00,0.005407
686.3467,5.7940,61.76,120.00,0.006035
686.4255,5.7940,62.30,120.00,0.005864
686.4997,5.7940,62.30,120.00,0.005606
686.5766,5.7940,62.03,120.00,0.005440
686.6557,5.7995,62.30,120.00,0.005497
686.7316,5.8050,62.03,120.00,0.005438
686.8021,5.8050,62.03,120.50,0.005130
686.8768,5.8050,61.76,120.00,0.005155
686.9515,5.8050,62.03,120.00,0.005951
687.0329,5.8050,62.03,120.00,0.005653
687.1074,5.8050,61.76,120.00,0.005681
687.1844,5.8050,62.30,120.00,0.005620
687.2629,5.8050,62.30,120.00,0.006095
687.3447,5.8050,61.76,120.00,0.005828
687.4212,5.8050,61.22,120.00,0.005809
687.5001,5.8050,62.30,120.00,0.005761
687.5793,5.8050,61.76,120.00,0.005872
687.6596,5.7860,61.76,120.00,0.006067
687.7358,5.7860,62.03,120.00,0.005866
687.8146,5.7860,62.30,120.00,0.005566
687.8866,5.7860,62.03,120.00,0.005746
687.9602,5.7860,62.03,120.00,0.005355
688.0343,5.7860,62.03,120.00,0.005240
688.1108,5.7860,62.30,120.00,0.005661
688.1822,5.7860,62.03,120.00,0.005605
688.2583,5.7860,62.30,120.00,0.005507
688.3350,5.7860,62.03,120.00,0.005883
688.4110,5.7860,62.03,120.00,0.005975
688.4823,5.7860,62.03,120.00,0.005548
688.5586,5.7860,62.03,120.00,0.005511
688.6327,5.7860,61.49,120.00,0.005402
688.7070,5.7860,61.22,120.00,0.005637
688.7804,5.7860,61.76,120.00,0.005546
688.8551,5.7860,62.30,120.00,0.005710
688.9290,5.7860,62.03,120.00,0.005183
689.0056,5.7860,62.30,120.00,0.005569
689.0776,5.7860,62.30,120.00,0.005543
689.1520,5.7860,62.03,120.00,0.005558
689.2261,5.7860,62.03,120.00,0.005642
689.3029,5.7860,62.30,120.00,0.005535
689.3751,5.7860,62.03,120.00,0.005633
689.4519,5.7860,62.30,120.00,0.005480
689.5279,5.7860,62.30,119.50,0.005495
689.6055,5.7860,62.30,119.00,0.005485
689.6786,5.7860,61.76,119.00,0.005695
689.7547,5.7860,62.30,120.00,0.005771
689.8265,5.8415,62.03,120.00,0.005347
689.9026,5.8970,61.49,120.00,0.005675
689.9765,5.8970,61.76,120.00,0.005485
690.0492,5.8970,62.03,119.50,0.005161
690.1211,5.8970,62.03,119.50,0.005304
690.1936,5.8970,62.03,119.00,0.005312
690.2652,5.8970,62.30,119.00,0.005113
690.3371,5.8970,62.30,119.00,0.005191
690.4076,5.8970,62.30,119.00,0.005517
690.4830,5.8970,62.03,119.00,0.005678
690.5571,5.8970,62.03,119.00,0.005550
690.6304,5.8970,62.30,119.00,0.005510
690.7012,5.8970,62.03,119.00,0.005462
690.7734,5.8970,61.76,119.00,0.005199
690.8466,5.8970,62.30,119.00,0.005142
690.9228,5.8970,62.30,119.00,0.005795
690.9961,5.8970,62.30,119.00,0.005562
691.0694,5.8970,62.30,119.00,0.005577
691.1437,5.8970,62.30,119.00,0.005377
691.2193,5.8970,62.30,119.00,0.005327
691.2908,5.8970,62.03,119.00,0.005568
691.3665,5.8970,62.03,119.00,0.005654
691.4377,5.8970,62.30,119.00,0.005306
691.5131,5.8970,61.76,119.00,0.005315
691.5832,5.8970,62.30,119.00,0.005436
691.6553,5.8970,62.30,119.00,0.005590
691.7259,5.8970,62.30,119.00,0.005591
691.7997,5.8970,61.49,119.00,0.005471
691.8739,5.8700,62.03,119.00,0.005783
691.9472,5.8700,62.30,119.00,0.005859
692.0184,5.8700,62.30,119.00,0.005420
692.0919,5.8700,62.30,119.00,0.005438
692.1656,5.8700,62.30,119.00,0.005498
692.2384,5.8700,62.30,119.00,0.005735
692.3101,5.8700,62.03,119.00,0.005533
692.3832,5.8700,62.03,119.00,0.005641
692.4540,5.8700,62.30,119.00,0.005534
692.5274,5.8700,62.30,119.00,0.005726
692.5996,5.8700,62.03,119.00,0.005300
692.6755,5.9310,62.30,119.00,0.005565
692.7470,5.9310,61.76,119.00,0.005509
692.8229,5.9310,62.30,119.00,0.005531
692.8940,5.9310,62.03,119.00,0.005587
692.9677,5.9310,62.03,119.00,0.005647
693.0416,5.9310,62.30,119.00,0.005241
693.1192,5.9310,62.03,119.00,0.005667
693.1910,5.9310,62.30,119.00,0.005782
693.2663,5.9310,61.76,119.00,0.005737
693.3381,5.9310,62.30,119.00,0.005541
693.4121,5.9310,61.76,119.00,0.005812
693.4834,5.9310,62.03,119.00,0.005658
693.5590,5.9310,62.03,119.00,0.005670
693.6326,5.9065,62.03,119.00,0.005358
693.7088,5.8820,62.03,119.00,0.005667
693.7799,5.8820,61.76,119.00,0.005207
693.8558,5.8820,62.30,119.00,0.005538
693.9269,5.8820,62.30,119.00,0.005543
694.0028,5.8820,62.30,119.00,0.005727
694.0759,5.8820,62.30,119.00,0.005340
694.1508,5.8820,62.30,119.00,0.005767
694.2214,5.8820,62.03,119.00,0.005298
694.2944,5.8820,62.03,119.00,0.005476
694.3694,5.8820,62.30,119.00,0.006713
694.4416,5.8820,62.30,119.00,0.005259
694.5128,5.8820,62.30,119.00,0.005108
694.5903,5.8820,62.03,119.00,0.005583
694.6652,5.8630,62.03,119.00,0.005309
694.7463,5.8440,62.30,119.00,0.005603
694.8222,5.8440,62.03,119.00,0.005530
694.8984,5.8440,62.03,119.00,0.005853
694.9707,5.8440,62.03,119.00,0.005234
695.0428,5.8440,61.76,119.00,0.005158
695.1173,5.8440,62.03,119.00,0.005353
695.1951,5.8440,62.03,119.00,0.006296
695.2704,5.8440,62.30,119.00,0.005826
695.3470,5.8440,62.03,119.00,0.005870
695.4238,5.8440,62.03,119.00,0.005272
695.5041,5.8440,61.76,119.00,0.005543
695.5841,5.8440,62.30,119.00,0.005219
695.6651,5.7940,62.03,119.00,0.005758
695.7369,5.7940,62.30,119.00,0.005162
695.8115,5.7940,62.03,119.00,0.005321
695.8852,5.7940,62.03,119.00,0.005365
695.9611,5.7940,62.30,119.00,0.005516
696.0386,5.7940,62.03,119.00,0.005813
696.1173,5.7940,62.30,119.00,0.005462
696.1969,5.7940,62.03,119.00,0.005314
696.2754,5.7940,61.76,119.00,0.006120
696.3462,5.7940,61.76,119.00,0.005314
696.4185,5.7940,62.03,119.00,0.005362
696.4942,5.7940,61.76,119.00,0.005581
696.5735,5.7940,62.30,119.00,0.005386
696.6506,5.7900,62.30,119.00,0.005711
696.7317,5.7860,62.03,119.00,0.005502
696.8104,5.7860,61.49,119.00,0.005637
696.8897,5.7860,62.03,119.00,0.005499
696.9660,5.7860,62.03,119.00,0.005819
697.0468,5.7860,62.03,119.00,0.005893
697.1237,5.7860,61.76,119.00,0.005189
697.2041,5.7860,62.30,119.00,0.005673
697.2814,5.7860,62.03,119.00,0.005599
697.3615,5.7860,61.76,119.00,0.005892
697.4407,5.7860,61.76,119.00,0.005551
697.5211,5.7860,62.30,119.00,0.005908
697.5957,5.7860,61.76,119.00,0.005342
697.6747,5.7060,61.76,119.00,0.005497
697.7502,5.7060,62.03,119.00,0.005130
697.8215,5.7060,62.03,119.00,0.005162
697.8924,5.7060,62.03,119.00,0.005196
697.9668,5.7060,61.76,119.00,0.005516
698.0381,5.7060,62.03,119.00,0.005347
698.1111,5.7060,62.03,119.00,0.005754
698.1848,5.7060,62.30,119.00,0.005201
698.2603,5.7060,61.76,119.00,0.005758
698.3401,5.7060,61.76,119.00,0.005679
698.4180,5.7060,62.03,119.00,0.005642
698.4948,5.7060,62.30,119.00,0.005812
698.5717,5.7060,62.30,119.00,0.005307
698.6454,5.7060,61.76,119.00,0.005261
698.7170,5.7060,62.30,119.00,0.005097
698.7906,5.7060,62.30,119.00,0.005382
698.8655,5.7060,61.49,120.00,0.005077
698.9440,5.7060,62.30,120.00,0.005365
699.0243,5.7060,62.30,120.00,0.005754
699.0996,5.7060,62.30,120.00,0.005301
699.1737,5.7060,61.76,120.00,0.005198
699.2452,5.7060,61.76,120.00,0.005121
699.3224,5.7060,62.30,120.00,0.005605
699.4013,5.7060,62.30,120.00,0.005393
699.4797,5.7060,62.30,120.00,0.005567
699.5596,5.7060,61.76,120.00,0.005614
699.6374,5.7060,62.30,120.00,0.005652
699.7144,5.7060,61.76,120.00,0.005826
699.7907,5.7060,62.30,120.00,0.006122
699.8705,5.7060,62.30,120.00,0.005646
699.9514,5.7060,62.03,120.00,0.006031
700.0276,5.7980,62.30,120.00,0.005797
700.1082,5.7980,62.03,120.00,0.005513
700.1884,5.7980,61.76,120.00,0.005720
700.2666,5.7980,62.03,120.00,0.005817
700.3432,5.7980,61.76,120.00,0.005748
700.4227,5.7980,62.30,120.00,0.005175
700.4947,5.7980,62.30,120.00,0.005437
700.5692,5.7980,62.30,120.00,0.005353
700.6434,5.7595,61.49,120.00,0.005349
700.7191,5.7210,62.30,120.00,0.005601
700.7921,5.7210,62.30,120.00,0.005663
700.8672,5.7210,62.30,120.00,0.005557
700.9397,5.7210,61.76,120.00,0.005302
701.0147,5.7210,62.30,120.00,0.005544
701.0869,5.7210,62.03,120.00,0.005608
701.1602,5.7210,62.03,120.00,0.005784
701.2365,5.7210,61.76,120.00,0.005366
701.3115,5.7210,62.30,120.00,0.005436
701.3838,5.7210,62.30,120.00,0.005629
701.4590,5.7210,62.03,120.00,0.005648
701.5353,5.7210,62.30,120.00,0.005612
701.6117,5.7210,62.03,120.00,0.005350
701.6864,5.8250,62.03,120.00,0.005302
701.7588,5.8250,62.03,120.00,0.005320
701.8355,5.8250,62.30,120.00,0.005419
701.9078,5.8250,62.30,120.00,0.005459
701.9821,5.8250,62.30,120.00,0.005427
702.0551,5.8250,62.30,120.00,0.005569
702.1288,5.8250,62.30,120.00,0.005371
702.2017,5.8250,62.03,120.00,0.005399
702.2762,5.8250,62.03,120.00,0.005516
702.3489,5.8250,61.76,120.00,0.005546
702.4233,5.8250,62.03,120.00,0.005754
702.4991,5.8250,62.03,120.00,0.005693
702.5715,5.8250,62.03,120.00,0.005545
702.6466,5.8630,62.30,120.00,0.005645
702.7234,5.9010,61.76,120.00,0.005706
702.7959,5.9010,62.30,120.00,0.005383
702.8704,5.9010,62.03,120.00,0.005352
702.9432,5.9010,62.03,120.00,0.005629
703.0151,5.9010,61.76,120.00,0.005503
703.0878,5.9010,61.76,120.00,0.005340
703.1614,5.9010,62.03,120.00,0.005114
703.2360,5.9010,62.03,120.00,0.005626
703.3097,5.9010,61.49,120.00,0.005382
703.3820,5.9010,62.30,120.00,0.005552
703.4539,5.9010,62.30,120.00,0.005398
703.5262,5.9010,62.03,120.00,0.005352
703.6004,5.9010,62.30,120.00,0.005332
703.6756,5.8820,62.30,120.00,0.005149
703.7521,5.8820,62.03,120.00,0.005441
703.8239,5.8820,62.03,120.00,0.005162
703.8943,5.8820,62.30,120.00,0.005103
703.9656,5.8820,62.30,120.00,0.005160
704.0386,5.8820,62.03,120.00,0.005126
704.1106,5.8820,62.03,120.00,0.005127
704.1841,5.8820,62.30,120.00,0.005069
704.2591,5.8820,62.03,120.00,0.005752
704.3310,5.8820,62.03,120.00,0.005407
704.4035,5.8820,61.49,120.00,0.005386
704.4741,5.8820,61.49,120.00,0.005179
704.5453,5.8820,62.03,120.00,0.005214
704.6190,5.8820,62.03,120.00,0.005881
704.6931,5.8820,62.30,120.00,0.005676
704.7675,5.8820,62.30,120.00,0.005996
704.8427,5.8820,62.30,120.00,0.005382
704.9145,5.8820,62.30,120.00,0.005621
704.9887,5.8820,62.03,120.00,0.005303
705.0609,5.8820,62.03,120.00,0.005595
705.1333,5.8820,62.03,120.00,0.005118
705.2063,5.8820,62.30,120.00,0.005823
705.2785,5.8820,62.30,120.00,0.005404
705.3521,5.8820,62.30,120.00,0.005245
705.4263,5.8820,62.30,120.00,0.005394
705.5006,5.8820,62.03,120.00,0.005519
705.5772,5.8820,62.03,120.00,0.005434
705.6495,5.8820,62.30,120.00,0.005443
705.7229,5.8820,62.03,120.00,0.005252
705.7975,5.8820,61.76,120.00,0.005374
705.8701,5.8820,62.03,120.00,0.005467
705.9466,5.8820,62.30,120.00,0.005434
706.0204,5.8915,61.76,120.00,0.005520
706.0950,5.9010,62.03,120.00,0.005133
706.1678,5.9010,61.76,120.00,0.005347
706.2441,5.9010,62.03,120.00,0.005479
706.3172,5.9010,62.03,120.00,0.005171
706.3919,5.9010,62.30,120.00,0.005800
706.4667,5.9010,62.03,120.00,0.005134
706.5410,5.9010,62.03,120.00,0.005133
706.6184,5.9010,61.76,120.00,0.005617
706.6917,5.8630,62.30,120.00,0.005285
706.7668,5.8630,61.76,120.00,0.005590
706.8394,5.8630,62.03,120.00,0.006080
706.9118,5.8630,62.03,120.00,0.005286
706.9860,5.8630,62.30,120.00,0.005574
707.0592,5.8630,62.30,120.00,0.005773
707.1319,5.8630,62.30,120.00,0.005994
707.2066,5.8630,62.30,120.00,0.005404
707.2791,5.8630,61.76,120.00,0.005499
707.3542,5.8630,61.76,120.00,0.005373
707.4258,5.8630,62.30,120.00,0.005414
707.4984,5.8630,62.03,120.00,0.005636
707.5706,5.8630,62.03,119.50,0.005898
707.6460,5.8935,62.30,119.50,0.005617
707.7185,5.9240,61.49,119.00,0.005630
707.7914,5.9240,62.03,119.00,0.005468
707.8636,5.9240,62.03,119.50,0.005680
707.9359,5.9240,61.76,120.00,0.005382
708.0079,5.9240,62.03,120.00,0.005603
708.0827,5.9240,62.30,120.00,0.005479
708.1553,5.9240,62.03,120.00,0.005994
708.2321,5.9240,62.30,120.00,0.005482
708.3062,5.9240,62.03,120.00,0.005271
708.3788,5.9240,62.30,120.00,0.005629
708.4508,5.9240,62.30,120.00,0.005529
708.5228,5.9240,62.03,120.00,0.005610
708.5980,5.9240,62.30,120.00,0.005746
708.6731,5.8860,62.30,120.00,0.005306
708.7472,5.8860,62.30,120.00,0.005674
708.8229,5.8860,62.30,120.00,0.005453
708.8956,5.8860,62.30,120.00,0.005391
708.9667,5.8860,62.30,120.00,0.005115
709.0373,5.8860,62.30,119.50,0.005072
709.1111,5.8860,62.30,119.00,0.005576
709.1815,5.8860,62.03,119.00,0.005037
709.2529,5.8860,62.30,119.00,0.005113
709.3257,5.8860,62.03,119.00,0.005303
709.4031,5.8860,62.30,119.00,0.005611
709.4750,5.8860,62.30,119.00,0.005176
709.5493,5.8860,62.30,119.00,0.006730
709.6217,5.8860,61.49,119.00,0.005737
709.6951,5.8860,62.03,119.00,0.005588
709.7708,5.8860,61.76,119.00,0.005646
709.8469,5.8860,62.30,119.00,0.005683
709.9183,5.8860,62.03,119.00,0.005207
709.9945,5.8860,62.30,119.00,0.005819
710.0661,5.8860,62.03,119.00,0.005589
710.1399,5.8860,61.76,119.00,0.005426
710.2145,5.8860,62.03,119.00,0.005451
710.2912,5.8860,62.03,119.00,0.005656
710.3625,5.8860,62.30,119.00,0.005388
710.4364,5.8860,62.30,119.00,0.005316
710.5104,5.8860,62.30,119.00,0.005534
710.5863,5.8860,62.30,119.00,0.005345
710.6574,5.8860,62.30,119.00,0.005296
710.7308,5.8860,62.30,119.00,0.005518
710.8062,5.8860,62.30,119.00,0.005529
710.8837,5.8860,61.49,119.00,0.005503
710.9606,5.8860,62.03,119.00,0.005506
711.0354,5.8860,62.30,119.00,0.005355
711.1070,5.8860,62.30,119.00,0.005079
711.1818,5.8860,61.76,119.00,0.005385
711.2589,5.8860,62.30,119.00,0.006005
711.3398,5.8860,62.03,119.00,0.005456
711.4189,5.8860,62.30,120.00,0.005716
711.4989,5.8860,62.30,120.00,0.005681
711.5745,5.8860,62.03,120.00,0.005431
711.6469,5.8860,61.76,120.00,0.005582
711.7223,5.8860,62.03,120.00,0.005512
711.7991,5.8860,62.30,120.00,0.005428
711.8789,5.8860,62.30,120.00,0.005610
711.9512,5.8860,61.76,120.00,0.005347
712.0213,5.8860,62.03,120.00,0.005100
712.0988,5.8400,62.03,120.00,0.005776
712.1742,5.7940,62.03,120.00,0.005399
712.2476,5.7940,62.03,120.00,0.005484
712.3195,5.7940,62.03,120.00,0.005469
712.3952,5.7940,62.30,120.00,0.005686
712.4661,5.7940,62.30,120.00,0.005271
712.5440,5.7940,62.30,120.00,0.005946
712.6229,5.8455,62.57,120.00,0.005733
712.7040,5.8970,62.03,120.00,0.005492
712.7828,5.8970,62.03,120.00,0.005943
712.8620,5.8970,62.30,120.00,0.005740
712.9391,5.8970,62.30,120.00,0.005897
713.0196,5.8970,62.30,120.00,0.005336
713.0963,5.8970,61.76,120.00,0.005180
713.1772,5.8970,61.76,120.00,0.005308
713.2534,5.8970,62.03,120.00,0.005065
713.3271,5.8970,62.03,120.00,0.005142
713.4009,5.8970,61.76,120.00,0.005450
713.4759,5.8970,61.76,120.00,0.005711
713.5510,5.8970,62.03,120.00,0.005605
713.6319,5.8685,62.30,120.00,0.005255
713.7068,5.8400,62.03,120.00,0.005859
713.7838,5.8400,62.30,120.00,0.005725
713.8606,5.8400,61.76,120.00,0.005868
713.9413,5.8400,61.76,120.00,0.005077
714.0201,5.8400,62.30,120.00,0.005414
714.0994,5.8400,61.76,120.00,0.005155
714.1787,5.8400,62.30,120.00,0.005807
714.2591,5.8400,62.30,120.00,0.005516
714.3384,5.8400,62.30,120.00,0.005595
714.4178,5.8400,62.03,120.00,0.005644
714.4946,5.8400,62.30,120.00,0.005923
714.5740,5.8400,61.76,120.00,0.005772
714.6514,5.7675,62.30,120.00,0.006009
714.7329,5.6950,61.76,120.00,0.005637
714.8088,5.6950,62.30,120.00,0.007162
714.8905,5.6950,62.03,120.00,0.005729
714.9710,5.6950,62.30,120.00,0.005777
715.0453,5.6950,62.30,120.00,0.005278
715.1182,5.6950,62.03,120.00,0.005210
715.1932,5.6950,62.03,120.00,0.005284
715.2672,5.6950,62.30,120.00,0.005508
715.3450,5.6950,62.03,120.00,0.005131
715.4182,5.6950,62.03,120.00,0.005341
715.4914,5.6950,62.03,120.00,0.005182
715.5648,5.6950,61.76,120.00,0.005083
715.6443,5.7330,62.30,120.00,0.005577
715.7245,5.7710,62.03,120.00,0.005743
715.8022,5.7710,61.76,120.00,0.006030
715.8794,5.7710,62.30,120.00,0.006171
715.9607,5.7710,62.30,120.00,0.005359
716.0405,5.7710,62.30,120.00,0.005757
716.1210,5.7710,61.49,120.00,0.005640
716.1992,5.7710,62.03,120.00,0.006003
716.2784,5.7710,61.76,120.00,0.005161
716.3490,5.7710,62.03,120.00,0.005095
716.4224,5.7710,62.30,120.00,0.005112
716.4941,5.7710,61.76,120.00,0.005104
716.5735,5.7710,61.76,120.00,0.005653
716.6539,5.8110,62.03,120.00,0.005945
716.7362,5.8510,61.76,120.00,0.005703
716.8116,5.8510,61.49,120.00,0.005471
716.8934,5.8510,62.03,120.00,0.005665
716.9709,5.8510,62.30,120.00,0.005771
717.0522,5.8510,62.30,120.00,0.005805
717.1290,5.8510,62.30,120.00,0.005267
717.2039,5.8510,61.76,120.00,0.005317
717.2794,5.8510,62.03,120.00,0.005522
717.3587,5.8510,62.03,120.00,0.005661
717.4377,5.8510,62.03,120.00,0.005690
717.5211,5.8510,61.49,120.50,0.007524
717.5959,5.8510,62.30,121.00,0.005403
717.6716,5.7830,61.76,121.00,0.005497
717.7468,5.7830,62.30,121.00,0.005966
717.8204,5.7830,62.30,121.00,0.006138
717.8934,5.7830,62.30,121.00,0.005238
717.9668,5.7830,61.76,121.00,0.005654
718.0397,5.7830,62.03,121.00,0.005426
718.1151,5.7830,62.03,121.00,0.005488
718.1899,5.7830,62.30,121.00,0.005591
718.2637,5.7830,61.76,121.00,0.005557
718.3394,5.7830,61.76,121.00,0.005752
718.4148,5.7830,62.30,121.00,0.005522
718.4880,5.7830,61.76,121.00,0.005679
718.5639,5.7830,61.76,121.00,0.005517
718.6411,5.8055,62.30,121.00,0.005432
718.7149,5.8280,62.03,121.00,0.005454
718.7874,5.8280,61.76,121.00,0.005716
718.8629,5.8280,62.03,121.00,0.005710
718.9360,5.8280,62.03,121.00,0.005768
719.0108,5.8280,61.76,121.00,0.005584
719.0833,5.8280,62.30,121.00,0.005812
719.1590,5.8280,62.30,121.00,0.005737
719.2315,5.8280,61.76,121.00,0.005250
719.3033,5.8280,61.76,121.00,0.005272
719.3750,5.8280,62.30,121.00,0.005379
719.4478,5.8280,62.03,121.00,0.005354
719.5245,5.8280,61.76,121.00,0.005424
719.5971,5.8280,62.30,121.00,0.005446
719.6735,5.8440,62.30,121.00,0.005024
719.7481,5.8440,62.30,121.00,0.005363
719.8228,5.8440,62.30,121.00,0.005735
719.8982,5.8440,62.03,121.00,0.005459
719.9705,5.8440,62.03,121.00,0.005250
720.0433,5.8440,62.30,121.00,0.005283
720.1176,5.8440,62.30,121.00,0.005433
720.1911,5.8440,61.76,121.00,0.005575
720.2629,5.8440,62.30,121.00,0.006094
720.3352,5.8440,62.30,121.00,0.005286
720.4065,5.8440,62.03,121.00,0.005531
720.4863,5.8440,62.30,121.00,0.005862
720.5633,5.8440,62.30,121.00,0.006000
720.6400,5.8440,62.03,121.00,0.005491
720.7165,5.8440,62.03,121.00,0.005884
720.7967,5.8440,62.30,121.00,0.005538
720.8759,5.8440,61.76,121.00,0.005709
720.9545,5.8440,61.76,121.00,0.006004
721.0303,5.8440,62.30,121.00,0.005588
721.1095,5.8440,62.30,121.00,0.005296
721.1884,5.8440,62.30,121.00,0.005583
721.2699,5.8440,61.49,121.00,0.005760
721.3456,5.8440,62.30,121.00,0.005621
721.4252,5.8440,61.76,121.00,0.005706
721.5011,5.8440,62.30,121.00,0.005199
721.5798,5.8440,62.03,121.00,0.005421
721.6596,5.8440,62.30,121.00,0.005650
721.7396,5.8020,62.03,121.00,0.005194
721.8099,5.8020,62.30,121.00,0.005133
721.8830,5.8020,62.30,121.00,0.005399
721.9534,5.8020,61.76,121.00,0.005081
722.0267,5.8020,61.76,121.00,0.005497
722.0973,5.8020,62.30,121.00,0.005285
722.1728,5.8020,61.76,121.00,0.005684
722.2491,5.8020,62.03,121.50,0.005276
722.3302,5.8020,62.03,122.00,0.005470
722.4090,5.8020,62.30,122.00,0.005668
722.4880,5.8020,62.30,122.00,0.005795
722.5668,5.8020,62.03,122.00,0.005718
722.6461,5.7960,62.30,122.00,0.005416
722.7236,5.7900,62.30,122.00,0.005520
722.7972,5.7900,62.30,122.00,0.005441
722.8722,5.7900,62.03,122.00,0.005810
722.9461,5.7900,61.76,122.00,0.005383
723.0178,5.7900,62.30,122.00,0.005334
723.0916,5.7900,62.30,122.00,0.005618
723.1654,5.7900,62.03,122.00,0.005466
723.2390,5.7900,62.03,122.00,0.005538
723.3110,5.7900,62.03,122.00,0.005408
723.3852,5.7900,61.49,122.00,0.005114
723.4578,5.7900,61.76,122.00,0.005045
723.5304,5.7900,62.30,122.00,0.005373
723.6013,5.7900,61.76,122.00,0.005534
723.6757,5.9050,61.76,122.00,0.005660
723.7474,5.9050,62.03,122.00,0.005189
723.8237,5.9050,62.30,122.00,0.005612
723.8959,5.9050,62.30,122.00,0.005722
723.9721,5.9050,62.30,122.00,0.005483
724.0461,5.9050,62.30,122.00,0.005484
724.1201,5.9050,62.30,122.00,0.005404
724.1936,5.9050,62.03,122.00,0.005193
724.2694,5.9050,62.30,122.00,0.005467
724.3430,5.9050,62.03,122.00,0.005382
724.4165,5.9050,62.30,122.00,0.005375
724.4905,5.9050,62.03,122.00,0.005759
724.5630,5.9050,62.30,122.00,0.005074
724.6341,5.9050,62.57,122.00,0.005263
724.7097,5.9050,62.30,122.00,0.005564
724.7835,5.9050,62.30,122.00,0.005946
724.8576,5.9050,61.49,122.00,0.005258
724.9308,5.9050,61.76,122.00,0.005610
725.0036,5.9050,61.76,122.00,0.005378
725.0778,5.9050,62.03,122.00,0.005257
725.1508,5.9050,62.03,122.00,0.005478
725.2221,5.9050,62.30,122.00,0.005538
725.2976,5.9050,62.03,122.00,0.005421
725.3690,5.9050,61.76,122.00,0.005352
725.4467,5.9050,62.03,122.00,0.005710
725.5174,5.9050,62.30,122.00,0.005054
725.5890,5.9050,62.30,122.00,0.005153
725.6636,5.9050,62.30,122.00,0.005222
725.7380,5.9050,62.30,122.00,0.005514
725.8103,5.9120,62.03,122.00,0.005471
725.8840,5.9120,62.03,122.00,0.005424
725.9573,5.9120,61.76,122.00,0.005436
726.0346,5.9120,62.30,122.00,0.005760
726.1060,5.9120,62.30,122.00,0.005338
726.1791,5.9120,61.76,122.00,0.005690
726.2501,5.9120,62.30,122.00,0.005482
726.3240,5.9120,62.03,122.00,0.005454
726.3956,5.9120,62.30,122.00,0.005226
726.4708,5.9120,62.03,122.00,0.005517
726.5418,5.9120,62.30,122.00,0.005343
726.6155,5.9120,62.30,122.00,0.005616
726.6875,5.9090,62.03,122.00,0.005565
726.7629,5.9090,62.03,122.00,0.005513
726.8362,5.9090,62.30,122.00,0.005336
726.9103,5.9090,62.30,122.00,0.005117
726.9827,5.9090,62.03,122.00,0.005385
727.0547,5.9090,62.30,122.00,0.005612
727.1248,5.9090,62.03,122.00,0.005352
727.1991,5.9090,62.03,122.00,0.005360
727.2699,5.9090,62.30,122.00,0.005436
727.3431,5.9090,62.30,122.00,0.005614
727.4165,5.9090,62.30,122.00,0.005557
727.4906,5.9090,62.03,122.00,0.005406
727.5629,5.9090,62.03,122.00,0.005602
727.6350,5.9090,62.30,122.00,0.005461
727.7060,5.9090,62.03,122.00,0.005365
727.7806,5.9090,62.30,122.00,0.005281
727.8543,5.9090,62.30,122.00,0.005491
727.9254,5.9090,62.30,122.00,0.005051
727.9980,5.9090,62.03,122.00,0.005278
728.0700,5.9090,62.03,122.00,0.005106
728.1432,5.9090,62.30,122.00,0.005558
728.2148,5.9090,62.03,122.50,0.005108
728.2852,5.9090,62.30,123.00,0.005138
728.3570,5.9090,62.03,123.00,0.005225
728.4288,5.9090,62.03,122.00,0.005531
728.5020,5.9090,62.30,122.00,0.005544
728.5731,5.9090,62.03,122.00,0.005378
728.6449,5.9090,61.76,122.00,0.005213
728.7176,5.9090,62.30,122.00,0.005617
728.7902,5.9090,61.76,122.00,0.005305
728.8691,5.9090,62.30,122.00,0.005767
728.9497,5.9090,62.30,122.00,0.005346
729.0263,5.9090,62.03,122.50,0.005811
729.1074,5.9090,62.03,122.00,0.005816
729.1866,5.9090,62.30,122.00,0.005850
729.2649,5.9090,62.30,122.00,0.005704
729.3417,5.9090,61.22,122.00,0.005469
729.4236,5.9090,61.76,122.00,0.006152
729.5020,5.9090,62.30,122.00,0.005417
729.5812,5.9090,62.30,122.00,0.005088
729.6574,5.9090,62.03,122.00,0.005892
729.7378,5.9090,62.03,122.00,0.005636
729.8148,5.9090,62.30,122.00,0.005571
729.8930,5.9090,62.03,122.00,0.005507
729.9725,5.9090,62.03,122.00,0.005605
730.0511,5.9090,62.30,122.00,0.006155
730.1293,5.9090,62.30,122.00,0.005875
730.2082,5.9090,62.03,122.00,0.005727
730.2893,5.9090,62.03,122.00,0.005828
730.3678,5.9090,62.03,122.00,0.005680
730.4444,5.9090,62.03,122.00,0.005668
730.5234,5.9090,62.03,122.00,0.005899
730.6020,5.9090,61.76,122.00,0.005634
730.6836,5.7830,62.30,122.00,0.005848
730.7614,5.7830,62.30,122.00,0.005480
730.8391,5.7830,62.30,122.00,0.005572
730.9155,5.7830,62.30,122.00,0.005253
730.9920,5.7830,61.76,122.00,0.005644
731.0658,5.7830,62.03,122.00,0.005336
731.1414,5.7830,62.30,122.00,0.005162
731.2133,5.7830,62.03,122.00,0.005369
731.2868,5.7830,62.30,121.00,0.005486
731.3583,5.7830,62.03,121.00,0.005754
731.4311,5.7830,61.76,121.00,0.005619
731.5023,5.7830,61.22,121.00,0.005382
731.5771,5.7830,62.03,121.50,0.005198
731.6521,5.7830,62.30,122.00,0.005184
731.7264,5.7830,62.03,122.00,0.005632
731.7967,5.7830,61.49,121.50,0.005320
731.8717,5.8535,62.30,121.50,0.005548
731.9462,5.9240,62.03,121.50,0.005551
732.0235,5.9240,62.30,121.50,0.005423
732.0936,5.9240,61.22,122.00,0.005074
732.1664,5.9240,62.03,122.00,0.005111
732.2377,5.9240,62.30,122.00,0.005550
732.3110,5.9240,62.30,122.00,0.005381
732.3826,5.9240,61.76,122.00,0.005842
732.4561,5.9240,62.03,122.00,0.005382
732.5266,5.9240,62.30,122.00,0.005231
732.6015,5.9240,62.03,122.00,0.005343
732.6735,5.9390,61.49,122.00,0.005225
732.7517,5.9390,61.76,122.00,0.005424
732.8227,5.9390,62.30,121.00,0.005317
732.8978,5.9390,61.49,121.00,0.005090
732.9702,5.9390,62.30,121.00,0.005725
733.0430,5.9390,62.03,121.00,0.005493
733.1145,5.9390,62.30,121.00,0.005624
733.1894,5.9390,62.03,121.00,0.005388
733.2630,5.9390,62.03,121.00,0.005672
733.3381,5.9390,62.30,121.00,0.005127
733.4107,5.9390,62.30,121.00,0.005144
733.4864,5.9390,62.30,121.00,0.005346
733.5600,5.9390,62.30,121.50,0.005513
733.6355,5.9390,62.03,121.00,0.005836
733.7071,5.9390,62.03,121.00,0.005413
733.7817,5.9390,62.30,121.00,0.005138
733.8557,5.9390,62.30,121.00,0.005666
733.9306,5.9390,62.03,121.00,0.005272
734.0014,5.9390,61.49,121.00,0.005250
734.0742,5.9390,62.30,121.00,0.005368
734.1476,5.9390,62.30,121.00,0.005350
734.2209,5.9390,62.03,121.00,0.005651
734.2944,5.9390,62.03,121.00,0.005526
734.3671,5.9390,62.03,121.00,0.005505
734.4386,5.9390,62.03,121.00,0.005484
734.5120,5.9390,62.30,121.00,0.005570
734.5851,5.9390,62.03,121.00,0.005023
734.6595,5.9390,62.03,121.00,0.005355
734.7293,5.9390,62.03,121.00,0.005095
734.8015,5.9390,62.03,121.00,0.005077
734.8755,5.9390,62.03,121.00,0.005857
734.9485,5.9390,62.03,121.00,0.005480
735.0223,5.9390,62.30,121.00,0.005417
735.0979,5.9390,62.03,121.00,0.005200
735.1693,5.9390,62.30,121.00,0.005419
735.2434,5.9390,62.03,121.00,0.005485
735.3173,5.9350,62.03,121.00,0.005163
735.3916,5.9310,62.30,121.00,0.005433
735.4649,5.9310,62.30,121.00,0.005548
735.5382,5.9310,62.30,121.00,0.005422
735.6120,5.9310,62.30,121.00,0.005268
735.6859,5.9510,62.30,121.00,0.005567
735.7588,5.9510,62.30,121.00,0.005434
735.8347,5.9510,62.30,121.00,0.005386
735.9065,5.9510,62.03,121.00,0.005456
735.9837,5.9510,62.30,121.00,0.005312
736.0549,5.9510,62.30,121.00,0.005492
736.1306,5.9510,62.30,121.00,0.005597
736.2016,5.9510,62.30,121.00,0.005118
736.2790,5.9510,62.03,121.00,0.005504
736.3496,5.9510,62.30,121.00,0.005172
736.4223,5.9510,62.30,120.50,0.005342
736.4941,5.9510,62.30,120.50,0.005131
736.5656,5.9510,62.30,120.00,0.005120
736.6384,5.9510,62.03,120.00,0.005508
736.7119,5.8670,62.03,120.00,0.005337
736.7832,5.8670,61.76,120.00,0.005752
736.8569,5.8670,61.76,120.00,0.005780
736.9304,5.8670,62.03,120.00,0.005516
737.0037,5.8670,62.30,120.00,0.005507
737.0770,5.8670,62.30,120.00,0.005424
737.1518,5.8670,62.03,120.00,0.005475
737.2254,5.8670,62.30,120.00,0.005579
737.3026,5.8670,62.30,120.00,0.005251
737.3741,5.8670,62.03,120.00,0.005336
737.4496,5.8670,62.03,120.00,0.005416
737.5234,5.8670,61.76,120.00,0.005866
737.5971,5.8670,62.03,120.00,0.005700
737.6694,5.8400,62.30,120.00,0.005403
737.7424,5.8400,61.49,120.00,0.005452
737.8143,5.8400,61.76,120.00,0.005332
737.8874,5.8400,62.03,120.00,0.005505
737.9589,5.8400,62.03,120.00,0.005284
738.0352,5.8400,62.30,120.00,0.006062
738.1070,5.8400,62.03,120.00,0.005485
738.1817,5.8400,62.30,120.00,0.005153
738.2549,5.8400,62.03,120.00,0.005337
738.3307,5.8400,62.30,120.00,0.005501
738.4022,5.8400,62.03,120.00,0.005579
738.4753,5.8400,62.03,120.00,0.005294
738.5470,5.8400,62.03,120.00,0.005560
738.6232,5.8610,62.03,120.00,0.005963
738.6989,5.8820,62.30,120.00,0.005251
738.7745,5.8820,62.30,120.00,0.005475
738.8484,5.8820,62.30,120.00,0.005681
738.9238,5.8820,62.03,120.00,0.005309
738.9952,5.8820,62.30,120.00,0.005479
739.0710,5.8820,62.03,120.00,0.005511
739.1420,5.8820,62.03,120.00,0.005548
739.2154,5.8820,62.03,120.00,0.005775
739.2872,5.8820,62.30,120.00,0.005781
739.3626,5.8820,62.30,120.00,0.005423
739.4339,5.8820,62.30,120.00,0.005339
739.5070,5.8820,62.30,120.00,0.005551
739.5803,5.8820,62.30,120.00,0.005400
739.6570,5.8820,62.30,120.00,0.005263
739.7305,5.8855,62.03,119.00,0.005403
739.8066,5.8890,62.30,119.00,0.005674
739.8777,5.8890,61.76,120.00,0.005599
739.9506,5.8890,62.30,120.00,0.005243
740.0223,5.8890,62.30,120.00,0.005670
740.0974,5.8890,62.30,120.00,0.005491
740.1705,5.8890,61.76,120.00,0.005418
740.2455,5.8890,62.30,120.00,0.005492
740.3245,5.8890,62.03,119.50,0.005465
740.3987,5.8890,62.30,119.00,0.005894
740.4698,5.8890,62.03,119.50,0.005551
740.5435,5.8890,62.03,119.00,0.005265
740.6174,5.8890,62.03,119.00,0.005800
740.6906,5.8890,62.30,119.00,0.005409
740.7620,5.8890,62.03,119.00,0.005613
740.8354,5.8890,62.30,119.00,0.005633
740.9108,5.8890,62.03,119.00,0.005285
740.9868,5.8890,62.30,119.00,0.005556
741.0598,5.8890,62.30,119.00,0.005549
741.1349,5.8890,62.03,119.00,0.005258
741.2055,5.8890,62.03,119.00,0.005046
741.2789,5.8890,62.30,119.00,0.005965
741.3518,5.8890,61.76,119.00,0.005601
741.4274,5.8890,62.30,119.00,0.005395
741.4987,5.8890,61.76,119.00,0.005473
741.5751,5.8890,62.03,119.00,0.006130
741.6469,5.8890,62.03,119.00,0.005737
741.7225,5.8890,62.03,119.00,0.005625
741.7955,5.8890,62.03,119.00,0.005208
741.8692,5.8990,62.03,119.00,0.005084
741.9411,5.9090,62.03,119.00,0.005058
742.0142,5.9090,62.03,119.00,0.005302
742.0878,5.9090,62.30,119.00,0.005354
742.1629,5.9090,62.03,119.00,0.005263
742.2343,5.9090,62.30,119.00,0.005660
742.3072,5.9090,62.30,119.00,0.005484
742.3770,5.9090,62.30,119.00,0.005115
742.4495,5.9090,62.30,119.00,0.005346
742.5220,5.9090,62.30,119.00,0.005306
742.5958,5.9090,62.03,119.00,0.005925
742.6732,5.9580,62.03,119.00,0.005757
742.7471,5.9580,62.30,119.00,0.005852
742.8202,5.9580,62.30,119.00,0.005754
742.8954,5.9580,62.03,119.00,0.005196
742.9665,5.9580,62.03,119.00,0.005647
743.0395,5.9580,62.03,119.00,0.005402
743.1097,5.9580,62.30,119.00,0.005130
743.1836,5.9580,62.30,119.00,0.005301
