Timestamp (s),Power (W),Temperature (°C),Memory (MB),Inference Time (s)
0.1877,0.0000,60.15,117.50,0.007145
0.2779,0.0000,60.42,118.00,0.007432
0.3552,0.0000,60.15,119.00,0.006698
0.4345,0.0000,60.42,119.00,0.007004
0.5141,2.3665,60.69,119.00,0.007015
0.5937,4.7330,60.42,119.00,0.007177
0.6711,4.7330,60.69,119.00,0.006816
0.7525,4.7330,60.95,119.00,0.006982
0.8281,4.7330,60.95,119.00,0.007022
0.9086,4.7330,60.69,119.00,0.006997
0.9859,4.7330,60.95,119.00,0.006933
1.0671,4.7330,60.69,119.00,0.007097
1.1443,4.7330,60.95,119.00,0.006803
1.2232,4.7330,61.22,119.00,0.007298
1.2982,4.7330,60.95,119.00,0.006618
1.3702,4.7330,61.22,119.00,0.006314
1.4445,4.7330,61.22,119.00,0.006535
1.5247,5.2825,60.95,119.00,0.007283
1.6044,5.8320,60.95,119.00,0.006963
1.6845,5.8320,61.22,119.00,0.007031
1.7621,5.8320,61.22,119.00,0.006844
1.8429,5.8320,60.95,119.00,0.007075
1.9200,5.8320,61.22,119.00,0.006784
1.9988,5.8320,61.22,119.00,0.007123
2.0780,5.8320,61.22,119.00,0.006706
2.1590,5.8320,61.49,119.00,0.007306
2.2380,5.8320,61.22,119.00,0.007038
2.3182,5.8320,61.22,119.00,0.007273
2.3936,5.8320,61.22,119.00,0.007210
2.4748,5.8320,61.22,119.00,0.007062
2.5544,5.8380,61.22,119.00,0.007098
2.6338,5.8440,61.49,119.00,0.007249
2.7112,5.8440,61.22,119.00,0.006986
2.7917,5.8440,61.22,119.00,0.006997
2.8705,5.8440,60.95,119.00,0.006975
2.9514,5.8440,61.22,119.00,0.007004
3.0294,5.8440,61.22,119.00,0.007412
3.1094,5.8440,61.49,119.00,0.006463
3.1892,5.8440,61.49,119.00,0.006958
3.2707,5.8440,61.22,119.00,0.007133
3.3463,5.8440,61.22,119.00,0.006689
3.4202,5.8440,61.49,119.00,0.006385
3.4957,5.8440,61.22,119.00,0.006902
3.5723,5.8470,61.49,119.00,0.006968
3.6468,5.8470,61.49,119.00,0.006761
3.7224,5.8470,61.49,119.00,0.006675
3.7966,5.8470,61.22,119.00,0.006618
3.8702,5.8470,61.22,119.00,0.006784
3.9468,5.8470,61.22,119.00,0.006722
4.0219,5.8470,61.49,119.00,0.006756
4.0980,5.8470,61.76,119.00,0.006742
4.1737,5.8470,61.49,119.00,0.006809
4.2447,5.8470,61.22,119.00,0.006527
4.3163,5.8470,61.22,119.00,0.006490
4.3902,5.8470,61.76,119.00,0.006557
4.4623,5.8470,61.49,119.00,0.006647
4.5385,5.8890,61.76,119.00,0.006783
4.6146,5.9310,61.76,119.00,0.007000
4.6912,5.9310,61.76,119.00,0.006721
4.7672,5.9310,61.76,119.00,0.006878
4.8414,5.9310,61.49,119.00,0.006958
4.9139,5.9310,61.49,119.00,0.006550
4.9886,5.9310,61.49,119.00,0.006711
5.0619,5.9310,61.49,119.00,0.006831
5.1369,5.9310,61.76,119.00,0.006846
5.2105,5.9310,61.76,119.00,0.006887
5.2831,5.9310,61.76,119.00,0.006757
5.3603,5.9310,61.22,119.00,0.006665
5.4353,5.9310,61.76,119.00,0.006637
5.5089,5.9310,61.49,119.00,0.007135
5.5815,5.9920,61.49,119.00,0.007125
5.6577,5.9920,61.22,119.00,0.006941
5.7349,5.9920,61.49,119.00,0.007151
5.8100,5.9920,61.49,119.00,0.006920
5.8829,5.9920,61.22,119.00,0.006727
5.9595,5.9920,61.76,119.00,0.006700
6.0326,5.9920,61.22,119.00,0.006870
6.1069,5.9920,61.49,119.00,0.007007
6.1823,5.9920,61.49,119.00,0.006976
6.2605,5.9920,61.76,119.00,0.006894
6.3344,5.9920,61.49,119.00,0.007213
6.4106,5.9920,61.22,119.00,0.006849
6.4855,5.9920,61.49,119.00,0.006573
6.5622,5.9350,61.76,119.00,0.007045
6.6374,5.9350,62.03,119.00,0.007148
6.7141,5.9350,62.03,119.00,0.007029
6.7869,5.9350,61.22,119.00,0.006762
6.8622,5.9350,61.49,119.00,0.006553
6.9369,5.9350,61.76,119.00,0.006924
7.0112,5.9350,61.76,119.00,0.006693
7.0861,5.9350,61.49,119.00,0.006787
7.1641,5.9350,62.03,119.00,0.006809
7.2386,5.9350,61.76,119.00,0.006917
7.3143,5.9350,61.49,119.00,0.006961
7.3897,5.9350,61.49,119.00,0.006811
7.4631,5.9350,61.76,119.00,0.006695
7.5360,5.9350,61.49,119.50,0.007394
7.6177,5.9350,62.03,120.00,0.007241
7.6972,5.9350,61.49,120.00,0.008320
7.7792,5.9350,61.76,120.00,0.006921
7.8590,5.9350,62.03,120.00,0.007015
7.9383,5.9350,61.49,120.00,0.007027
8.0156,5.9350,61.76,120.00,0.007015
8.0956,5.9350,61.49,120.00,0.006989
8.1758,5.9350,61.22,120.00,0.007010
8.2551,5.9350,61.22,120.00,0.007008
8.3355,5.9350,61.76,120.00,0.007477
8.4169,5.9350,61.49,120.00,0.006899
8.4942,5.9350,61.49,120.00,0.006840
8.5760,5.9350,61.22,120.00,0.006996
8.6542,5.9350,61.22,120.00,0.007021
8.7370,5.7940,61.49,120.00,0.006693
8.8174,5.7940,61.22,120.00,0.007094
8.8988,5.7940,62.03,120.00,0.007211
8.9737,5.7940,61.76,120.00,0.007130
9.0512,5.7940,61.22,120.00,0.006947
9.1307,5.7940,61.49,120.00,0.007202
9.2086,5.7940,61.49,120.00,0.006346
9.2811,5.7940,61.22,120.00,0.006317
9.3549,5.7940,61.49,120.00,0.006314
9.4312,5.7940,61.49,120.00,0.006885
9.5127,5.7940,61.76,120.00,0.008023
9.5872,5.7940,61.22,120.00,0.007049
9.6658,5.7940,62.03,120.00,0.006951
9.7427,5.7940,61.49,120.00,0.006930
9.8182,5.7940,61.76,120.00,0.006787
9.8901,5.7940,61.49,120.00,0.006835
9.9661,5.7940,61.76,120.00,0.006785
10.0381,5.7940,61.49,120.00,0.006703
10.1125,5.7940,61.22,120.00,0.006696
10.1858,5.7940,61.49,120.00,0.006680
10.2618,5.7940,61.49,120.00,0.006703
10.3331,5.7940,61.76,120.00,0.007075
10.4069,5.7940,61.76,120.00,0.006957
10.4813,5.7940,61.22,120.00,0.007056
10.5560,5.7940,62.03,120.00,0.007384
10.6274,5.7940,61.49,120.00,0.006827
10.7017,5.7940,61.76,120.00,0.006738
10.7739,5.7940,62.03,120.00,0.006586
10.8466,5.7940,61.76,120.00,0.006372
10.9171,5.7940,61.22,120.00,0.006407
10.9903,5.7940,61.49,120.00,0.006751
11.0622,5.7940,61.49,120.00,0.006736
11.1385,5.7940,61.49,120.00,0.006951
11.2143,5.7940,61.49,120.00,0.006904
11.2906,5.7940,61.76,120.00,0.006732
11.3628,5.7940,62.03,120.00,0.006546
11.4393,5.7940,61.49,120.00,0.006790
11.5131,5.7940,61.49,120.00,0.007087
11.5902,5.9540,62.03,120.00,0.006610
11.6617,5.9540,62.03,120.00,0.006731
11.7378,5.9540,61.49,120.00,0.006884
11.8137,5.9540,61.49,120.00,0.006752
11.8870,5.9540,61.76,120.00,0.006329
11.9615,5.9540,61.76,120.00,0.006721
12.0342,5.9540,61.22,120.00,0.006676
12.1048,5.9540,60.95,120.00,0.006303
12.1773,5.9540,61.76,120.00,0.006749
12.2497,5.9540,61.49,120.00,0.006679
12.3222,5.9540,61.22,120.00,0.006682
12.3939,5.9540,61.49,120.00,0.007228
12.4701,5.9540,62.03,120.00,0.006924
12.5462,5.9540,62.03,120.00,0.007063
12.6217,5.9540,61.22,120.00,0.006545
12.6934,5.9540,61.49,120.00,0.006784
12.7710,5.9540,61.76,120.00,0.006942
12.8431,5.9540,61.76,120.00,0.006826
12.9202,5.9540,61.76,120.00,0.007096
12.9943,5.9540,62.03,120.00,0.006922
13.0711,5.9540,61.22,120.00,0.006958
13.1428,5.9540,61.76,120.00,0.006644
13.2188,5.9540,61.22,120.00,0.007072
13.2901,5.9540,61.76,120.00,0.006649
13.3664,5.9540,61.76,120.00,0.007082
13.4373,5.9540,61.76,120.00,0.006429
13.5138,5.9540,62.03,120.00,0.006765
13.5865,5.9540,62.03,120.00,0.006909
13.6637,5.9540,61.76,120.00,0.007112
13.7384,5.9715,61.76,120.00,0.007087
13.8138,5.9890,61.49,120.00,0.007125
13.8847,5.9890,61.76,120.00,0.006286
13.9603,5.9890,61.49,120.00,0.006828
14.0321,5.9890,61.49,120.00,0.006823
14.1078,5.9890,61.76,120.00,0.006538
14.1821,5.9890,61.49,120.00,0.007462
14.2583,5.9890,61.22,120.00,0.006774
14.3345,5.9890,62.30,120.00,0.006787
14.4109,5.9890,61.22,120.00,0.006791
14.4870,5.9890,61.49,120.00,0.006647
14.5620,5.8970,61.76,120.00,0.006731
14.6382,5.8970,61.49,120.00,0.006581
14.7133,5.8970,61.76,120.00,0.006814
14.7857,5.8970,61.22,120.00,0.006515
14.8618,5.8970,62.03,120.00,0.006820
14.9340,5.8970,61.76,120.00,0.006974
15.0105,5.8970,61.49,120.00,0.006840
15.0826,5.8970,61.76,120.00,0.007241
15.1569,5.8970,61.49,120.00,0.006838
15.2316,5.8970,62.03,120.00,0.006854
15.3055,5.8970,61.76,120.00,0.006879
15.3773,5.8970,61.49,120.00,0.006570
15.4514,5.8970,62.03,120.00,0.006732
15.5238,5.9580,61.76,120.00,0.006979
15.5981,6.0190,61.76,120.00,0.006743
15.6744,6.0190,62.03,120.00,0.006868
15.7509,6.0190,61.76,120.00,0.006840
15.8251,6.0190,62.03,120.00,0.006811
15.8989,6.0190,61.76,119.50,0.006305
15.9727,6.0190,61.49,119.00,0.006756
16.0464,6.0190,62.03,119.00,0.006398
16.1175,6.0190,62.30,119.00,0.006731
16.1942,6.0190,62.03,119.50,0.006927
16.2660,6.0190,61.76,119.50,0.006884
16.3416,6.0190,62.03,119.00,0.006756
16.4125,6.0190,62.03,119.50,0.006327
16.4848,6.0190,61.76,120.00,0.006335
16.5574,6.0190,61.76,120.00,0.006620
16.6330,5.9850,62.03,120.00,0.006847
16.7047,5.9510,62.03,119.50,0.006789
16.7790,5.9510,61.76,119.00,0.006791
16.8530,5.9510,61.76,119.00,0.006807
16.9273,5.9510,62.30,119.00,0.006926
16.9993,5.9510,62.30,119.50,0.007068
17.0754,5.9510,61.76,119.00,0.007199
17.1512,5.9510,61.49,119.00,0.006682
17.2251,5.9510,61.76,119.00,0.006610
17.2971,5.9510,62.03,119.00,0.006620
17.3702,5.9510,61.49,119.00,0.006609
17.4422,5.9510,61.49,119.00,0.006455
17.5169,5.9510,61.76,119.00,0.006420
17.5893,5.9510,61.76,119.00,0.006338
17.6629,5.9810,62.03,119.00,0.006566
17.7369,5.9810,61.49,119.00,0.006603
17.8130,5.9810,62.03,119.00,0.006721
17.8849,5.9810,61.49,119.00,0.006778
17.9593,5.9810,61.76,119.00,0.007220
18.0340,5.9810,62.30,119.00,0.006908
18.1104,5.9810,62.03,119.00,0.006716
18.1849,5.9810,61.76,119.00,0.006903
18.2589,5.9810,61.76,119.00,0.006822
18.3310,5.9810,62.30,119.00,0.006788
18.4055,5.9810,62.03,119.00,0.007266
18.4792,5.9810,62.30,119.00,0.006596
18.5538,5.9505,62.03,119.00,0.006966
18.6283,5.9200,62.30,119.00,0.007048
18.7024,5.9200,61.76,119.00,0.007029
18.7791,5.9200,61.49,119.00,0.006744
18.8527,5.9200,62.03,119.00,0.006680
18.9246,5.9200,62.03,119.00,0.007035
18.9980,5.9200,62.03,119.00,0.006829
19.0695,5.9200,62.03,119.00,0.006602
19.1455,5.9200,61.76,119.00,0.006777
19.2177,5.9200,61.49,119.00,0.007138
19.2911,5.9200,61.76,119.00,0.006625
19.3647,5.9200,61.49,119.00,0.006714
19.4386,5.9200,62.30,119.00,0.007030
19.5106,5.9200,61.49,119.00,0.006988
19.5844,5.9200,62.03,119.00,0.006617
19.6544,5.9200,62.03,119.00,0.006316
19.7295,5.9200,62.03,119.00,0.006586
19.8001,5.9200,61.49,119.00,0.006349
19.8741,5.9200,61.76,119.00,0.006929
19.9502,5.9200,61.76,119.00,0.006683
20.0268,5.9200,61.49,119.00,0.007061
20.0992,5.9200,62.30,119.00,0.007796
20.1746,5.9200,61.76,119.00,0.006657
20.2489,5.9200,62.03,119.00,0.006827
20.3234,5.9200,61.76,119.00,0.007326
20.3950,5.9200,61.76,119.00,0.006757
20.4698,5.9200,61.49,119.00,0.007020
20.5415,5.9200,61.22,119.00,0.006358
20.6138,5.9200,61.76,119.00,0.006389
20.6864,5.9200,61.76,119.00,0.006633
20.7622,5.9200,61.49,119.00,0.006797
20.8380,5.9485,61.49,119.00,0.006629
20.9123,5.9770,62.30,119.00,0.006426
20.9838,5.9770,61.76,119.00,0.006652
21.0600,5.9770,61.76,119.00,0.006937
21.1335,5.9770,62.03,119.00,0.006827
21.2100,5.9770,61.49,119.00,0.006699
21.2826,5.9770,62.03,119.00,0.006966
21.3611,5.9770,61.76,119.00,0.007129
21.4327,5.9770,62.03,119.00,0.006672
21.5072,5.9770,61.49,119.00,0.006636
21.5801,5.9470,61.22,119.00,0.007050
21.6540,5.9470,61.49,119.00,0.007061
21.7286,5.9470,61.76,119.00,0.006716
21.8031,5.9470,62.03,119.00,0.007027
21.8741,5.9470,62.03,119.00,0.006465
21.9508,5.9470,62.03,118.50,0.006792
22.0239,5.9470,62.03,118.00,0.007672
22.0980,5.9470,61.76,118.00,0.006786
22.1727,5.9470,61.49,119.00,0.006914
22.2470,5.9470,61.49,119.00,0.006786
22.3206,5.9470,62.03,119.00,0.006815
22.3947,5.9470,61.76,119.00,0.006865
22.4691,5.9470,61.76,119.00,0.007127
22.5433,5.9525,62.30,119.00,0.006913
22.6177,5.9580,62.30,119.00,0.006950
22.6963,5.9580,62.03,119.00,0.006684
22.7701,5.9580,62.03,119.00,0.006818
22.8462,5.9580,61.76,119.00,0.006871
22.9220,5.9580,62.30,119.00,0.006868
22.9984,5.9580,61.76,119.00,0.006906
23.0743,5.9580,61.76,119.00,0.006730
23.1509,5.9580,61.76,119.00,0.006714
23.2234,5.9580,61.49,119.00,0.006278
23.2962,5.9580,61.76,119.00,0.006948
23.3668,5.9580,62.03,119.00,0.006417
23.4424,5.9580,61.49,119.00,0.007100
23.5170,5.9580,62.03,119.00,0.007030
23.5910,6.0000,61.76,119.00,0.006472
23.6654,6.0000,61.49,118.50,0.007267
23.7382,6.0000,62.03,118.00,0.006557
23.8107,6.0000,62.30,118.00,0.006411
23.8860,6.0000,62.03,118.00,0.006954
23.9576,6.0000,62.03,118.00,0.006693
24.0341,6.0000,62.03,118.00,0.007060
24.1052,6.0000,61.49,118.00,0.006923
24.1784,6.0000,61.76,118.00,0.006910
24.2541,6.0000,61.76,118.00,0.006658
24.3300,6.0000,62.30,118.50,0.006814
24.4015,6.0000,61.49,119.00,0.006748
24.4756,6.0000,62.30,119.00,0.006937
24.5498,5.9655,62.03,119.00,0.006840
24.6263,5.9310,61.49,119.00,0.006724
24.7020,5.9310,62.03,119.00,0.006684
24.7782,5.9310,62.30,119.00,0.006659
24.8489,5.9310,61.76,119.00,0.006605
24.9234,5.9310,62.03,119.00,0.006396
24.9988,5.9310,62.03,119.00,0.006327
25.0735,5.9310,61.49,119.00,0.007061
25.1450,5.9310,62.03,118.00,0.006804
25.2184,5.9310,62.03,118.50,0.006807
25.2952,5.9310,62.03,118.50,0.007059
25.3698,5.9310,61.76,118.00,0.007203
25.4463,5.9310,61.76,118.00,0.006940
25.5218,5.9310,61.49,118.00,0.006596
25.5928,5.9310,62.30,118.00,0.006400
25.6668,5.9310,62.03,118.00,0.006757
25.7420,5.9310,61.49,118.00,0.006644
25.8185,5.9010,61.76,118.00,0.006971
25.8902,5.9010,61.49,118.00,0.006842
25.9659,5.9010,61.76,118.00,0.006805
26.0381,5.9010,62.03,118.00,0.006792
26.1165,5.9010,62.30,118.00,0.006695
26.1880,5.9010,62.30,118.00,0.006379
26.2628,5.9010,62.03,118.00,0.006551
26.3338,5.9010,61.49,118.00,0.006679
26.4104,5.9010,62.03,118.00,0.007267
26.4864,5.9010,62.03,118.00,0.006904
26.5622,5.9275,62.30,118.00,0.007114
26.6382,5.9540,62.03,118.00,0.006766
26.7148,5.9540,62.03,118.00,0.007149
26.7906,5.9540,61.49,118.00,0.006982
26.8651,5.9540,61.76,118.00,0.007026
26.9371,5.9540,62.03,118.00,0.006957
27.0128,5.9540,61.76,118.00,0.006810
27.0867,5.9540,62.03,118.00,0.006977
27.1637,5.9540,61.76,118.00,0.006723
27.2379,5.9540,61.76,118.00,0.006939
27.3166,5.9540,62.03,118.00,0.007176
27.3897,5.9540,61.76,118.00,0.006370
27.4622,5.9540,62.03,118.00,0.006566
27.5326,5.9540,61.49,118.00,0.006423
27.6056,5.9540,62.30,118.00,0.006677
27.6817,5.9510,62.03,118.00,0.006662
27.7579,5.9510,62.03,118.00,0.006650
27.8302,5.9510,62.03,118.00,0.007002
27.9057,5.9510,62.03,118.00,0.006394
27.9761,5.9510,62.03,118.00,0.006429
28.0487,5.9510,62.30,118.00,0.006582
28.1188,5.9510,62.03,118.00,0.006293
28.1945,5.9510,61.76,118.00,0.006802
28.2688,5.9510,61.76,118.00,0.006915
28.3423,5.9510,61.76,118.00,0.006541
28.4137,5.9510,62.03,118.00,0.006667
28.4897,5.9510,61.76,118.00,0.006452
28.5647,6.0040,62.03,118.00,0.006935
28.6390,6.0040,62.30,118.00,0.006880
28.7137,6.0040,62.30,118.00,0.007078
28.7909,6.0040,62.30,118.00,0.007165
28.8654,6.0040,62.03,118.00,0.006920
28.9445,6.0040,62.03,118.00,0.007050
29.0191,6.0040,61.49,118.00,0.006837
29.0956,6.0040,61.49,118.00,0.006832
29.1673,6.0040,62.03,118.00,0.006608
29.2412,6.0040,62.03,118.00,0.006333
29.3129,6.0040,62.03,118.00,0.006730
29.3860,6.0040,61.76,118.00,0.006433
29.4569,6.0040,61.76,118.00,0.006406
29.5300,6.0040,62.03,118.00,0.006858
29.6014,5.9925,61.49,118.00,0.006951
29.6791,5.9810,61.76,117.50,0.006887
29.7529,5.9810,61.76,117.00,0.006658
29.8260,5.9810,62.03,117.00,0.006561
29.8970,5.9810,62.03,118.00,0.006369
29.9735,5.9810,62.03,118.00,0.006974
30.0477,5.9810,62.03,118.00,0.006835
30.1264,5.9810,61.49,118.00,0.007070
30.1985,5.9810,61.76,118.00,0.007072
30.2767,5.9810,61.49,118.00,0.006986
30.3505,5.9810,61.49,118.00,0.006863
30.4253,5.9810,62.03,118.00,0.006654
30.4969,5.9810,61.49,118.00,0.006848
30.5744,5.9660,62.30,118.00,0.007116
30.6490,5.9660,62.03,118.00,0.006975
30.7230,5.9660,61.76,118.00,0.006378
30.7947,5.9660,61.76,118.00,0.006373
30.8724,5.9660,61.76,118.00,0.006717
30.9456,5.9660,62.03,118.00,0.006524
31.0245,5.9660,62.03,118.00,0.006784
31.0985,5.9660,61.49,118.00,0.006918
31.1750,5.9660,61.76,118.00,0.006892
31.2475,5.9660,62.30,118.00,0.007052
31.3221,5.9660,61.76,118.00,0.006962
31.3967,5.9660,62.03,118.00,0.006597
31.4738,5.9660,62.30,118.00,0.006780
31.5463,5.9640,62.30,118.00,0.006949
31.6252,5.9620,62.30,117.00,0.007053
31.6976,5.9620,61.76,117.00,0.007138
31.7745,5.9620,62.30,117.00,0.007136
31.8490,5.9620,62.30,118.00,0.007042
31.9220,5.9620,61.76,118.00,0.006521
31.9930,5.9620,62.03,118.00,0.006425
32.0690,5.9620,61.76,118.00,0.006859
32.1411,5.9620,61.76,118.00,0.007257
32.2170,5.9620,62.03,118.00,0.006687
32.2884,5.9620,61.76,118.00,0.006659
32.3670,5.9620,62.03,117.00,0.006948
32.4428,5.9620,61.76,117.00,0.006699
32.5167,5.9620,62.03,117.50,0.006686
32.5873,5.9350,62.30,117.00,0.006258
32.6623,5.9350,62.03,117.00,0.006579
32.7332,5.9350,61.49,117.00,0.006639
32.8068,5.9350,61.76,117.00,0.006413
32.8823,5.9350,61.76,117.00,0.006756
32.9573,5.9350,62.30,117.00,0.006458
33.0284,5.9350,62.03,117.50,0.006848
33.1016,5.9350,62.03,117.00,0.006761
33.1731,5.9350,61.76,117.00,0.006947
33.2472,5.9350,62.03,117.00,0.006750
33.3192,5.9350,62.30,117.00,0.006829
33.3953,5.9350,62.30,117.00,0.006713
33.4700,5.9350,61.76,117.00,0.006623
33.5425,5.9350,62.03,117.00,0.006330
33.6189,5.9350,62.03,117.00,0.006731
33.6929,5.9730,62.03,117.00,0.006315
33.7654,5.9730,61.76,117.00,0.006598
33.8381,5.9730,61.76,117.00,0.006384
33.9088,5.9730,62.30,117.00,0.006261
33.9811,5.9730,61.76,117.00,0.006343
34.0517,5.9730,62.30,117.00,0.006423
34.1261,5.9730,61.49,117.00,0.007107
34.1976,5.9730,62.03,117.50,0.006709
34.2738,5.9730,62.03,117.00,0.006690
34.3456,5.9730,61.49,117.00,0.006990
34.4240,5.9730,62.03,117.00,0.006588
34.4977,5.9730,61.76,117.00,0.006821
34.5749,5.9730,61.76,117.00,0.006755
34.6468,5.9730,62.30,117.00,0.006548
34.7212,5.9730,62.30,117.00,0.006304
34.7918,5.9730,62.03,117.00,0.006574
34.8647,5.9730,62.30,117.00,0.006621
34.9368,5.9730,61.49,117.00,0.006360
35.0111,5.9730,61.76,117.00,0.006895
35.0874,5.9730,62.03,117.00,0.006278
35.1601,5.9730,62.03,117.00,0.006410
35.2314,5.9730,62.03,117.00,0.006558
35.3068,5.9730,62.03,117.00,0.006748
35.3791,5.9730,62.03,117.00,0.006934
35.4546,5.9730,62.03,117.00,0.006533
35.5284,5.9655,62.03,117.00,0.008099
35.6053,5.9580,62.30,117.00,0.006969
35.6798,5.9580,61.76,117.00,0.007416
35.7539,5.9580,61.76,117.00,0.006771
35.8260,5.9580,62.03,117.00,0.006839
35.9033,5.9580,62.03,117.00,0.006761
35.9751,5.9580,62.30,117.00,0.006769
36.0541,5.9580,62.30,117.00,0.007047
36.1258,5.9580,61.76,117.00,0.006648
36.2026,5.9580,61.49,117.00,0.006834
36.2772,5.9580,62.30,117.00,0.006873
36.3533,5.9580,61.76,117.00,0.006917
36.4255,5.9580,61.49,117.00,0.006680
36.5022,5.9580,61.76,117.00,0.006731
36.5770,5.9280,61.76,117.00,0.006624
36.6536,5.9280,62.03,117.00,0.006842
36.7284,5.9280,61.76,117.00,0.007251
36.8025,5.9280,62.03,117.00,0.006585
36.8762,5.9280,61.49,117.00,0.006414
36.9486,5.9280,61.49,117.00,0.006546
37.0217,5.9280,62.03,117.00,0.006684
37.0979,5.9280,61.76,117.00,0.007023
37.1701,5.9280,62.03,117.00,0.006827
37.2460,5.9280,62.30,117.00,0.006792
37.3183,5.9280,61.22,117.00,0.006823
37.3946,5.9280,62.30,117.00,0.006864
37.4708,5.9280,62.03,117.00,0.007071
37.5475,5.9145,62.03,117.00,0.006882
37.6221,5.9010,61.49,117.00,0.007188
37.7005,5.9010,61.22,117.00,0.007068
37.7742,5.9010,62.03,117.00,0.006941
37.8485,5.9010,62.03,117.00,0.006678
37.9195,5.9010,61.49,117.00,0.006583
37.9924,5.9010,61.76,117.00,0.006639
38.0656,5.9010,61.76,117.00,0.006638
38.1385,5.9010,62.03,117.00,0.006267
38.2114,5.9010,62.30,117.00,0.006369
38.2845,5.9010,62.03,117.00,0.006336
38.3580,5.9010,62.30,117.00,0.006659
38.4342,5.9010,62.30,117.00,0.006629
38.5104,5.9010,61.76,117.00,0.006828
38.5906,5.9730,62.03,117.00,0.006984
38.6710,5.9730,62.03,117.00,0.007317
38.7476,5.9730,61.76,117.00,0.006926
38.8248,5.9730,62.03,117.00,0.007240
38.9026,5.9730,62.03,117.00,0.006735
38.9778,5.9730,62.03,117.00,0.006431
39.0522,5.9730,62.30,117.00,0.006357
39.1262,5.9730,61.76,117.00,0.007082
39.2068,5.9730,61.76,117.00,0.007199
39.2803,5.9730,62.03,117.00,0.006759
39.3577,5.9730,62.03,117.00,0.006741
39.4299,5.9730,61.76,117.00,0.006990
39.5065,5.9730,61.76,117.00,0.006774
39.5831,5.8820,61.49,117.00,0.006741
39.6588,5.8820,62.30,117.00,0.006850
39.7331,5.8820,62.03,117.00,0.006865
39.8063,5.8820,61.76,117.00,0.006537
39.8776,5.8820,62.03,117.00,0.006716
39.9515,5.8820,61.22,117.00,0.006620
40.0254,5.8820,62.03,117.00,0.006802
40.0993,5.8820,62.03,117.00,0.007239
40.1745,5.8820,62.03,117.00,0.006784
40.2510,5.8820,61.76,117.00,0.006874
40.3250,5.8820,61.76,117.00,0.006986
40.4010,5.8820,61.76,117.00,0.007243
40.4728,5.8820,62.03,117.00,0.006639
40.5513,5.9010,62.03,117.00,0.006768
40.6263,5.9200,62.03,117.00,0.006828
40.7026,5.9200,61.76,117.00,0.006568
40.7767,5.9200,62.30,117.00,0.006317
40.8534,5.9200,62.03,117.00,0.006931
40.9273,5.9200,61.76,117.00,0.006896
41.0018,5.9200,62.03,117.00,0.006932
41.0738,5.9200,61.76,117.00,0.007135
41.1470,5.9200,62.03,117.00,0.006490
41.2178,5.9200,62.30,117.00,0.006438
41.2935,5.9200,62.03,117.00,0.006609
41.3676,5.9200,61.49,117.00,0.006447
41.4460,5.9200,62.30,117.00,0.007039
41.5166,5.9200,62.03,117.00,0.006630
41.5888,5.9200,61.76,117.00,0.006289
41.6621,5.9200,62.30,117.00,0.006994
41.7391,5.9770,61.49,117.00,0.006803
41.8134,5.9770,62.03,117.00,0.006811
41.8863,5.9770,62.03,117.00,0.006387
41.9611,5.9770,62.03,117.00,0.006621
42.0384,5.9770,62.03,117.00,0.007194
42.1118,5.9770,62.03,117.00,0.006680
42.1858,5.9770,62.30,117.00,0.006729
42.2574,5.9770,61.76,117.00,0.006787
42.3361,5.9770,62.03,117.00,0.007047
42.4106,5.9770,62.03,117.00,0.007178
42.4892,5.9770,61.76,117.00,0.007035
42.5609,5.9770,62.03,117.00,0.006941
42.6347,5.9770,61.76,117.00,0.006555
42.7089,5.9770,61.76,117.00,0.006891
42.7818,5.9770,61.49,117.00,0.006732
42.8547,5.9770,62.03,117.00,0.006558
42.9322,5.9770,61.76,117.00,0.006672
43.0061,5.9770,62.30,117.00,0.006885
43.0821,5.9770,62.03,117.00,0.007177
43.1537,5.9770,62.30,117.00,0.006825
43.2322,5.9770,62.30,117.00,0.006910
43.3086,5.9770,61.76,117.00,0.007151
43.3819,5.9770,61.49,117.00,0.006920
43.4539,5.9770,61.76,117.00,0.007066
43.5307,5.9770,62.30,117.00,0.007146
43.6066,5.9770,62.30,117.00,0.007070
43.6817,5.9770,62.30,117.00,0.006280
43.7521,5.9770,61.49,117.00,0.006361
43.8249,5.9770,62.03,117.00,0.006355
43.8956,5.9770,61.76,117.00,0.006372
43.9705,5.9770,61.76,117.00,0.006330
44.0457,5.8860,61.76,117.00,0.007084
44.1219,5.8860,61.76,117.00,0.006530
44.1934,5.8860,62.30,117.00,0.006866
44.2696,5.8860,61.49,117.00,0.006891
44.3416,5.8860,61.49,117.00,0.006633
44.4180,5.8860,61.76,117.00,0.006950
44.4914,5.8860,62.03,117.00,0.006439
44.5685,5.9810,62.30,117.00,0.006786
44.6418,5.9810,61.76,117.00,0.006578
44.7207,5.9810,61.76,117.00,0.007126
44.7922,5.9810,61.76,117.00,0.007015
44.8663,5.9810,62.03,117.00,0.006812
44.9426,5.9810,62.03,117.00,0.006889
45.0167,5.9810,62.03,117.00,0.006858
45.0908,5.9810,61.76,117.00,0.007024
45.1675,5.9810,62.03,117.00,0.006957
45.2419,5.9810,62.30,117.00,0.007179
45.3178,5.9810,61.76,117.00,0.006912
45.3927,5.9810,62.30,117.00,0.007049
45.4690,5.9810,61.49,117.00,0.006858
45.5414,5.9560,61.76,117.00,0.006966
45.6155,5.9310,61.76,117.00,0.006636
45.6901,5.9310,61.76,117.00,0.007027
45.7665,5.9310,62.03,117.00,0.006937
45.8423,5.9310,61.76,117.00,0.007043
45.9181,5.9310,62.03,117.00,0.006696
45.9944,5.9310,61.49,117.00,0.007073
46.0729,5.9310,62.03,117.00,0.007162
46.1448,5.9310,61.76,117.00,0.007092
46.2215,5.9310,62.03,117.00,0.006945
46.2930,5.9310,62.03,117.00,0.006663
46.3673,5.9310,62.30,117.00,0.006780
46.4416,5.9310,62.30,117.00,0.006817
46.5180,5.9310,62.03,117.00,0.006932
46.5927,6.0150,62.03,117.00,0.006684
46.6651,6.0150,62.30,117.00,0.006340
46.7383,6.0150,62.03,117.00,0.006617
46.8138,6.0150,62.03,117.00,0.006927
46.8872,6.0150,61.76,117.00,0.006636
46.9606,6.0150,62.03,117.00,0.006690
47.0344,6.0150,62.30,117.00,0.006449
47.1105,6.0150,61.49,117.00,0.006802
47.1824,6.0150,62.03,117.00,0.006762
47.2575,6.0150,62.03,117.00,0.006337
47.3289,6.0150,62.03,117.00,0.006708
47.4049,6.0150,61.76,117.00,0.006467
47.4760,6.0150,62.03,117.00,0.006842
47.5489,6.0150,61.22,117.00,0.006318
47.6219,6.0150,61.76,117.00,0.006438
47.6988,5.9715,62.03,117.00,0.007532
47.7738,5.9280,62.03,117.00,0.007200
47.8495,5.9280,62.03,117.00,0.006898
47.9217,5.9280,62.03,117.00,0.006687
47.9981,5.9280,62.03,117.00,0.006922
48.0701,5.9280,62.03,117.00,0.006896
48.1449,5.9280,61.76,117.00,0.006921
48.2169,5.9280,61.76,117.00,0.006561
48.2906,5.9280,61.76,117.00,0.006909
48.3658,5.9280,62.03,117.00,0.006420
48.4392,5.9280,62.03,117.00,0.006347
48.5135,5.9280,61.76,117.00,0.007062
48.5910,6.0040,61.76,117.00,0.006871
48.6662,6.0040,61.76,117.00,0.006955
48.7429,6.0040,62.30,117.00,0.006799
48.8166,6.0040,62.03,117.00,0.006555
48.8899,6.0040,62.30,117.00,0.006582
48.9618,6.0040,61.76,117.00,0.006633
49.0392,6.0040,61.76,117.00,0.007010
49.1135,6.0040,61.49,117.00,0.006815
49.1872,6.0040,62.03,117.00,0.006375
49.2610,6.0040,62.30,117.00,0.006854
49.3378,6.0040,62.03,117.00,0.007107
49.4100,6.0040,62.03,117.00,0.006918
49.4867,6.0040,61.76,117.00,0.006977
49.5615,5.8820,62.30,117.00,0.006932
49.6341,5.8820,62.03,117.00,0.006415
49.7045,5.8820,62.03,117.00,0.006377
49.7771,5.8820,62.30,117.00,0.006303
49.8476,5.8820,62.03,117.00,0.006328
49.9235,5.8820,62.03,117.00,0.006719
49.9982,5.8820,61.76,117.00,0.007122
50.0741,5.8820,61.76,117.00,0.006696
50.1480,5.8820,62.30,117.00,0.006747
50.2259,5.8820,62.30,117.00,0.006580
50.2982,5.8820,62.30,117.00,0.006938
50.3764,5.8820,62.03,117.00,0.006795
50.4505,5.8820,61.22,117.00,0.006807
50.5272,5.8820,61.76,117.00,0.006877
50.5990,5.8820,62.30,117.00,0.006726
50.6732,5.8820,61.76,117.00,0.006708
50.7454,5.8820,62.03,117.00,0.006844
50.8221,5.8820,61.76,117.00,0.006948
50.8939,5.8820,62.30,117.00,0.006799
50.9702,5.8820,62.30,117.00,0.006861
51.0467,5.8820,62.30,117.00,0.007253
51.1227,5.8820,61.76,117.00,0.006563
51.1969,5.8820,62.03,117.00,0.006678
51.2713,5.8820,62.03,117.00,0.006770
51.3446,5.8820,62.30,117.00,0.006788
51.4186,5.8820,62.03,117.00,0.006811
51.4907,5.8820,61.76,117.00,0.006745
51.5653,5.8820,61.22,117.00,0.007059
51.6374,5.8820,61.76,117.00,0.006931
51.7112,5.8820,62.03,117.00,0.006537
51.7834,5.8820,62.03,117.00,0.006829
51.8596,5.8820,62.03,117.00,0.006755
51.9313,5.8820,62.30,117.00,0.006528
52.0063,5.8820,62.30,117.00,0.006614
52.0826,5.9065,62.03,117.00,0.007340
52.1596,5.9310,62.03,117.00,0.006923
52.2345,5.9310,62.03,117.00,0.007187
52.3162,5.9310,61.49,117.00,0.007135
52.3908,5.9310,62.03,117.00,0.006823
52.4688,5.9310,62.03,117.00,0.007086
52.5466,5.8855,61.49,117.00,0.007192
52.6218,5.8400,62.03,117.00,0.006784
52.7001,5.8400,62.30,117.00,0.006961
52.7814,5.8400,62.03,117.00,0.007057
52.8605,5.8400,61.22,117.00,0.006543
52.9428,5.8400,61.76,117.00,0.006777
53.0200,5.8400,62.03,117.00,0.007024
53.0993,5.8400,62.03,117.00,0.007076
53.1781,5.8400,62.03,117.00,0.007044
53.2582,5.8400,62.30,117.00,0.007135
53.3380,5.8400,62.30,117.00,0.007056
53.4187,5.8400,62.30,117.00,0.007227
53.4935,5.8400,62.30,117.00,0.006914
53.5746,5.8020,62.03,117.00,0.007143
53.6533,5.8020,61.49,117.00,0.006915
53.7334,5.8020,62.03,117.00,0.007185
53.8124,5.8020,62.03,117.00,0.007170
53.8924,5.8020,61.22,117.00,0.007555
53.9696,5.8020,61.49,117.00,0.006999
54.0520,5.8020,61.76,117.00,0.007079
54.1294,5.8020,61.76,117.00,0.006860
54.2095,5.8020,62.30,117.00,0.007476
54.2891,5.8020,61.22,117.00,0.007141
54.3699,5.8020,61.76,117.00,0.006643
54.4417,5.8020,62.03,117.00,0.006625
54.5218,5.8020,61.76,117.00,0.006927
54.5982,5.8020,62.03,117.00,0.006986
54.6757,5.8020,61.76,117.00,0.006292
54.7478,5.8020,61.22,117.00,0.006618
54.8235,5.8020,61.76,117.00,0.006999
54.9039,5.8020,61.76,117.00,0.007419
54.9818,5.8020,61.76,117.00,0.007177
55.0619,5.8020,61.76,117.00,0.007164
55.1416,5.8020,62.03,117.00,0.007134
55.2219,5.8020,61.76,117.00,0.007179
55.3041,5.8020,61.76,117.00,0.006881
55.3774,5.8020,62.03,117.00,0.006616
55.4551,5.8020,62.03,117.00,0.006703
55.5319,5.8020,62.03,117.00,0.007112
55.6117,5.8020,62.03,117.00,0.006798
55.6894,5.7940,62.03,117.00,0.007520
55.7696,5.7860,61.49,117.00,0.006842
55.8423,5.7860,62.03,117.00,0.006618
55.9184,5.7860,62.30,117.50,0.007575
55.9890,5.7860,62.03,118.00,0.006430
56.0666,5.7860,62.30,118.00,0.007216
56.1432,5.7860,61.49,118.00,0.006970
56.2207,5.7860,62.03,118.00,0.006825
56.3010,5.7860,62.30,118.00,0.007258
56.3745,5.7860,62.03,118.00,0.006377
56.4459,5.7860,62.30,118.00,0.006621
56.5217,5.7860,62.03,118.00,0.006546
56.5950,5.7860,61.76,118.00,0.006848
56.6759,5.7860,61.22,118.00,0.007193
56.7551,5.7860,61.49,118.00,0.006743
56.8353,5.7860,62.03,118.00,0.006973
56.9162,5.7860,61.76,118.00,0.006965
56.9986,5.7860,62.03,118.00,0.007189
57.0787,5.7860,61.76,118.00,0.007210
57.1606,5.7860,62.03,118.00,0.006756
57.2388,5.7860,62.30,118.00,0.006738
57.3211,5.7860,61.49,118.00,0.007173
57.4019,5.7860,61.76,118.00,0.007133
57.4836,5.7860,62.03,118.00,0.006852
57.5581,5.7860,61.76,118.00,0.006509
57.6339,5.7860,62.03,118.00,0.006329
57.7088,5.7860,61.49,118.00,0.006500
57.7864,5.7860,62.03,118.00,0.007129
57.8658,5.8930,62.03,118.00,0.007048
57.9488,5.8930,62.03,118.00,0.007150
58.0269,5.8930,61.49,118.00,0.007322
58.1060,5.8930,61.76,118.00,0.007241
58.1806,5.8930,61.49,118.00,0.006300
58.2549,5.8930,62.03,118.00,0.006697
58.3302,5.8930,61.76,118.00,0.006932
58.4120,5.8930,61.76,118.00,0.006854
58.4919,5.8930,61.76,118.00,0.006928
58.5749,5.8930,62.30,118.00,0.007097
58.6537,5.8930,61.76,118.00,0.007157
58.7297,5.8930,62.30,118.00,0.006407
58.8020,5.8930,61.49,118.00,0.006541
58.8771,5.8930,61.76,118.00,0.007223
58.9570,5.8930,62.03,118.00,0.006870
59.0378,5.8930,61.76,118.00,0.007384
59.1176,5.8930,61.76,118.00,0.007016
59.1991,5.8930,61.49,118.00,0.007326
59.2800,5.9010,61.49,118.00,0.007291
59.3577,5.9010,61.49,118.00,0.006630
59.4299,5.9010,61.76,118.00,0.006579
59.5093,5.9010,62.30,118.00,0.006514
59.5822,5.9010,62.03,118.00,0.007027
59.6638,5.7630,62.03,118.50,0.007041
59.7432,5.7630,61.76,119.00,0.006845
59.8244,5.7630,62.03,119.00,0.006591
59.9036,5.7630,61.76,119.00,0.006884
59.9844,5.7630,61.49,119.00,0.007237
60.0641,5.7630,61.22,119.00,0.006366
60.1469,5.7630,61.76,119.00,0.007183
60.2258,5.7630,61.76,119.00,0.007097
60.3065,5.7630,61.76,119.00,0.007455
60.3863,5.7630,62.03,119.00,0.007190
60.4695,5.7630,61.76,119.00,0.007139
60.5504,5.7745,62.03,119.00,0.007152
60.6343,5.7860,61.22,119.00,0.006931
60.7170,5.7860,61.76,119.00,0.008188
60.7938,5.7860,61.49,119.00,0.006658
60.8663,5.7860,61.49,119.00,0.006780
60.9461,5.7860,62.03,119.00,0.007118
61.0187,5.7860,61.76,119.00,0.006569
61.0979,5.7860,62.03,119.00,0.006952
61.1732,5.7860,61.49,119.00,0.006834
61.2506,5.7860,61.22,119.00,0.007061
61.3264,5.7860,61.22,119.00,0.006968
61.4056,5.7860,62.03,119.00,0.006584
61.4773,5.7860,61.76,119.00,0.006479
61.5538,5.7860,62.30,119.00,0.006638
61.6266,5.7860,62.03,119.00,0.006507
61.7055,5.8670,61.76,119.00,0.007254
61.7817,5.8670,61.76,119.00,0.007049
61.8589,5.8670,61.49,119.00,0.007132
61.9341,5.8670,61.76,119.00,0.007055
62.0109,5.8670,61.76,119.00,0.006798
62.0851,5.8670,62.30,119.00,0.006912
62.1621,5.8670,61.76,119.00,0.006976
62.2349,5.8670,61.76,119.00,0.007138
62.3113,5.8670,62.03,119.00,0.006943
62.3867,5.8670,61.76,119.00,0.006403
62.4633,5.8670,61.76,119.00,0.006932
62.5384,5.9240,61.76,119.00,0.006826
62.6152,5.9810,61.76,119.00,0.006713
62.6903,5.9810,62.03,119.00,0.006569
62.7671,5.9810,62.03,119.00,0.006607
62.8423,5.9810,61.49,119.50,0.006962
62.9186,5.9810,62.30,120.00,0.006813
62.9906,5.9810,62.30,120.00,0.006795
63.0673,5.9810,62.03,120.00,0.007002
63.1403,5.9810,61.22,120.00,0.006915
63.2142,5.9810,62.03,120.00,0.006696
63.2867,5.9810,61.76,120.00,0.006695
63.3634,5.9810,62.03,120.00,0.006710
63.4377,5.9810,62.30,120.00,0.006570
63.5112,5.9810,61.76,120.00,0.006397
63.5846,5.9430,61.49,120.00,0.007071
63.6630,5.9430,61.76,120.00,0.006972
63.7385,5.9430,62.30,120.00,0.006957
63.8150,5.9430,62.30,120.00,0.006685
63.8909,5.9430,61.49,120.00,0.007299
63.9698,5.9430,62.03,119.50,0.007100
64.0452,5.9430,62.03,119.50,0.006893
64.1191,5.9430,61.76,119.00,0.006278
64.1926,5.9430,61.76,119.00,0.006459
64.2654,5.9430,61.49,119.00,0.006408
64.3415,5.9430,61.76,119.00,0.006682
64.4183,5.9430,62.03,119.00,0.007125
64.4932,5.9430,62.30,119.00,0.006921
64.5698,5.9430,61.76,119.00,0.006917
64.6452,5.9430,61.76,119.00,0.006865
64.7223,5.9430,62.30,119.00,0.006922
64.7977,5.9430,61.76,119.00,0.006749
64.8744,5.9430,61.76,120.00,0.007111
64.9501,5.9430,61.76,120.00,0.007066
65.0246,5.9430,62.03,120.00,0.006851
65.0975,5.9430,61.49,119.00,0.006900
65.1746,5.9430,61.76,119.00,0.007081
65.2500,5.9430,61.76,119.00,0.006424
65.3290,5.9430,62.03,120.00,0.006704
65.4060,5.9430,62.30,120.00,0.007192
65.4829,5.9430,61.49,120.00,0.007317
65.5582,5.9430,62.30,120.00,0.006593
65.6353,5.9430,62.30,120.00,0.006772
65.7103,5.9430,61.49,120.00,0.007223
65.7901,5.8440,62.03,120.00,0.006952
65.8635,5.8440,62.03,119.50,0.007051
65.9397,5.8440,62.30,119.00,0.006658
66.0145,5.8440,61.76,119.00,0.006907
66.0942,5.8440,61.49,119.00,0.006966
66.1699,5.8440,61.49,119.00,0.006892
66.2447,5.8440,62.03,119.00,0.006990
66.3198,5.8440,61.76,119.00,0.006572
66.3943,5.8440,61.49,119.00,0.006807
66.4722,5.8440,62.30,119.00,0.006788
66.5491,5.8705,61.49,119.00,0.006706
66.6225,5.8970,61.22,119.00,0.006871
66.7015,5.8970,61.76,119.00,0.007045
66.7792,5.8970,61.76,119.00,0.006855
66.8542,5.8970,61.49,119.00,0.006912
66.9265,5.8970,62.03,119.00,0.006387
67.0017,5.8970,62.03,119.00,0.006356
67.0761,5.8970,62.03,119.50,0.006706
67.1526,5.8970,62.03,119.00,0.006772
67.2326,5.8970,61.76,119.00,0.006870
67.3093,5.8970,61.76,119.00,0.007016
67.3825,5.8970,61.76,119.00,0.006570
67.4617,5.8970,61.76,119.00,0.007090
67.5365,5.8915,62.03,119.00,0.006750
67.6143,5.8860,62.03,119.00,0.006950
67.6875,5.8860,62.03,119.00,0.006765
67.7623,5.8860,61.49,119.00,0.006881
67.8375,5.8860,62.30,119.00,0.006925
67.9114,5.8860,61.76,119.00,0.006615
67.9867,5.8860,61.22,119.00,0.006336
68.0659,5.8860,62.03,119.00,0.007054
68.1388,5.8860,61.76,119.00,0.006733
68.2161,5.8860,62.03,119.00,0.006892
68.2890,5.8860,62.03,119.00,0.006895
68.3622,5.8860,61.22,119.00,0.006407
68.4345,5.8860,62.30,119.00,0.006462
68.5107,5.8860,61.76,119.00,0.006862
68.5865,5.9580,62.03,119.00,0.006898
68.6632,5.9580,61.49,119.00,0.006858
68.7390,5.9580,62.30,119.00,0.007274
68.8139,5.9580,62.03,119.00,0.006803
68.8914,5.9580,62.30,119.00,0.006590
68.9701,5.9580,62.30,119.00,0.007180
69.0427,5.9580,62.03,119.00,0.006524
69.1192,5.9580,62.30,119.00,0.006608
69.1939,5.9580,62.30,119.00,0.006590
69.2702,5.9580,62.03,119.00,0.006643
69.3460,5.9580,61.76,119.00,0.006843
69.4206,5.9580,62.03,119.00,0.006707
69.4938,5.9580,62.30,119.00,0.006940
69.5694,5.9660,61.76,119.00,0.006994
69.6427,5.9660,61.76,119.00,0.006992
69.7180,5.9660,61.76,119.00,0.007072
69.7941,5.9660,61.76,119.00,0.007146
69.8687,5.9660,61.76,119.00,0.006786
69.9419,5.9660,62.30,119.00,0.006885
70.0185,5.9660,61.76,119.00,0.006859
70.0940,5.9660,61.76,119.00,0.007230
70.1707,5.9660,61.76,119.00,0.006831
70.2480,5.9660,62.30,119.00,0.007133
70.3251,5.9660,62.30,119.00,0.007099
70.3978,5.9660,61.76,119.00,0.006937
70.4743,5.9660,61.76,119.00,0.006999
70.5456,5.9660,62.30,119.00,0.006568
70.6189,5.9660,62.03,119.00,0.006544
70.6927,5.9660,62.30,119.00,0.006468
70.7665,5.9295,62.03,119.00,0.006865
70.8416,5.8930,62.03,119.00,0.006722
70.9183,5.8930,62.03,119.00,0.006851
70.9903,5.8930,62.30,119.00,0.006740
71.0660,5.8930,62.03,119.00,0.006306
71.1386,5.8930,61.76,119.00,0.006684
71.2153,5.8930,61.76,119.00,0.006811
71.2913,5.8930,61.76,119.00,0.006663
71.3685,5.8930,62.03,119.00,0.007399
71.4435,5.8930,62.30,119.00,0.006889
71.5223,5.9160,62.03,119.00,0.006963
71.5983,5.9390,61.49,119.00,0.006932
71.6749,5.9390,61.76,119.00,0.007136
71.7504,5.9390,62.03,119.00,0.006783
71.8244,5.9390,61.76,119.00,0.006382
71.8984,5.9390,61.76,119.00,0.006789
71.9734,5.9390,62.03,119.00,0.006344
72.0452,5.9390,61.76,119.00,0.006397
72.1211,5.9390,62.30,119.00,0.006390
72.1937,5.9390,61.76,118.50,0.006547
72.2696,5.9390,62.03,118.50,0.006529
72.3422,5.9390,61.49,118.50,0.006951
72.4168,5.9390,62.03,118.00,0.007118
72.4943,5.9390,62.03,118.00,0.006834
72.5745,5.9580,61.49,118.00,0.007262
72.6494,5.9580,62.03,119.00,0.006713
72.7259,5.9580,62.03,119.00,0.006904
72.7988,5.9580,62.03,119.00,0.006482
72.8752,5.9580,61.76,119.00,0.006844
72.9502,5.9580,62.03,119.00,0.006711
73.0291,5.9580,61.76,119.00,0.007112
73.1019,5.9580,61.76,119.00,0.007200
73.1781,5.9580,62.30,118.50,0.006823
73.2496,5.9580,62.03,118.00,0.006540
73.3223,5.9580,62.30,118.00,0.006550
73.3963,5.9580,62.03,118.00,0.006341
73.4722,5.9580,62.03,118.00,0.006774
73.5449,5.9430,62.30,118.00,0.006539
73.6214,5.9280,61.76,118.00,0.006636
73.6957,5.9280,62.03,118.50,0.006530
73.7724,5.9280,62.30,118.00,0.006900
73.8458,5.9280,61.76,118.00,0.006981
73.9208,5.9280,62.03,118.00,0.007018
73.9943,5.9280,61.76,118.00,0.007070
74.0705,5.9280,62.30,118.00,0.006842
74.1470,5.9280,62.03,118.00,0.007411
74.2290,5.9280,62.03,118.00,0.007168
74.3100,5.9280,61.76,118.00,0.007391
74.3905,5.9280,62.30,118.00,0.007009
74.4672,5.9280,62.03,118.00,0.006956
74.5502,5.8745,62.03,118.00,0.007217
74.6309,5.8210,62.03,118.00,0.007182
74.7110,5.8210,61.49,118.50,0.006868
74.7865,5.8210,61.76,118.50,0.006870
74.8632,5.8210,61.76,118.50,0.006821
74.9384,5.8210,62.03,118.00,0.006945
75.0153,5.8210,61.49,118.00,0.006821
75.0908,5.8210,62.30,118.50,0.007087
75.1703,5.8210,61.76,118.00,0.007075
75.2455,5.8210,61.49,118.00,0.006853
75.3229,5.8210,62.30,118.00,0.006855
75.3983,5.8210,62.30,118.00,0.007178
75.4732,5.8210,61.22,118.00,0.006725
75.5492,5.8210,62.30,118.00,0.006897
75.6259,5.8210,61.49,118.00,0.007219
75.6994,5.8210,61.76,118.00,0.006648
75.7740,5.8210,61.76,118.00,0.006675
75.8511,5.8210,62.30,118.00,0.006677
75.9258,5.8210,62.30,118.00,0.006842
75.9992,5.8210,62.03,118.00,0.006793
76.0756,5.8210,62.03,118.00,0.006670
76.1487,5.8210,61.76,118.00,0.006656
76.2263,5.8210,62.30,118.00,0.007498
76.3012,5.8210,61.76,118.00,0.006685
76.3784,5.8210,61.76,118.00,0.006893
76.4531,5.8210,62.30,118.00,0.006806
76.5299,5.8210,62.30,118.00,0.006685
76.6031,5.8210,62.03,118.00,0.006810
76.6819,5.8210,62.03,118.00,0.007195
76.7594,5.8210,61.76,118.00,0.006849
76.8336,5.8210,62.03,118.00,0.006762
76.9103,5.9700,62.03,118.00,0.006942
76.9872,5.9700,62.03,118.00,0.006705
77.0629,5.9700,62.30,118.00,0.006579
77.1374,5.9700,61.76,118.00,0.007030
77.2139,5.9700,62.30,118.00,0.006525
77.2890,5.9700,62.03,118.00,0.007011
77.3622,5.9700,62.03,118.00,0.006942
77.4390,5.9700,62.03,118.00,0.006607
77.5142,5.9700,61.76,118.00,0.006752
77.5897,5.9700,62.03,118.00,0.006563
77.6623,5.9700,62.03,118.00,0.006937
77.7378,5.9700,62.30,118.00,0.006526
77.8109,5.9700,61.76,118.00,0.006934
77.8876,5.9700,62.03,118.00,0.006596
77.9607,5.9700,62.03,118.00,0.006803
78.0355,5.9700,61.49,118.00,0.006687
78.1117,5.9700,62.03,118.00,0.007257
78.1867,5.9700,62.30,118.00,0.007061
78.2625,5.9700,62.30,118.00,0.006924
78.3417,5.9700,61.22,118.00,0.006821
78.4149,5.9700,62.30,118.00,0.006672
78.4902,5.9700,62.30,118.00,0.006960
78.5661,5.9700,61.76,118.00,0.006688
78.6425,5.9700,62.30,118.00,0.006450
78.7156,5.9700,61.76,118.00,0.006779
78.7911,5.9700,62.03,118.00,0.006925
78.8675,5.9700,62.30,118.00,0.006750
78.9431,5.9580,62.30,118.00,0.006845
79.0192,5.9580,61.22,118.00,0.006830
79.0987,5.9580,62.30,118.00,0.006996
79.1743,5.9580,61.76,118.00,0.007045
79.2513,5.9580,62.57,118.00,0.006800
79.3258,5.9580,62.30,118.00,0.006510
79.4024,5.9580,62.30,118.00,0.006694
79.4774,5.9580,62.30,118.00,0.006657
79.5506,5.9580,61.76,118.00,0.006342
79.6244,5.9580,62.03,118.00,0.006558
79.6987,5.9580,62.30,118.00,0.006728
79.7744,5.8780,62.30,118.00,0.006557
79.8536,5.8780,61.76,118.00,0.007001
79.9268,5.8780,62.30,118.00,0.007213
80.0038,5.8780,62.03,118.00,0.007008
80.0767,5.8780,62.03,118.00,0.006957
80.1542,5.8780,61.76,118.00,0.006893
80.2268,5.8780,62.30,118.00,0.006717
80.3050,5.8780,62.03,117.00,0.006406
80.3767,5.8780,62.30,117.00,0.006356
80.4498,5.8780,62.03,117.00,0.006356
80.5216,5.8780,61.76,117.00,0.006552
80.5951,5.8780,61.76,117.00,0.006883
80.6707,5.9540,62.03,118.00,0.006685
80.7482,5.9540,62.03,117.50,0.007690
80.8211,5.9540,62.30,118.00,0.006862
80.8977,5.9540,62.03,117.00,0.006827
80.9726,5.9540,62.30,117.00,0.006744
81.0489,5.9540,61.49,117.00,0.006622
81.1216,5.9540,61.76,117.00,0.006848
81.1983,5.9540,62.57,118.00,0.006846
81.2758,5.9540,62.03,117.00,0.006880
81.3518,5.9540,62.03,117.00,0.006623
81.4247,5.9540,62.03,117.00,0.006583
81.5020,5.9540,62.03,117.00,0.006929
81.5780,5.9160,62.30,117.00,0.006719
81.6527,5.9160,62.30,117.00,0.007039
81.7273,5.9160,62.03,117.00,0.006743
81.8020,5.9160,62.03,117.50,0.006725
81.8802,5.9160,62.03,118.00,0.006931
81.9548,5.9160,61.76,117.50,0.006697
82.0298,5.9160,62.30,117.00,0.006821
82.1072,5.9160,62.30,117.50,0.007059
82.1820,5.9160,62.30,117.00,0.007086
82.2562,5.9160,62.30,117.00,0.007070
82.3310,5.9160,62.30,117.00,0.006725
82.4099,5.9160,62.30,117.00,0.007016
82.4825,5.9160,62.30,117.00,0.006772
82.5555,5.9160,62.03,117.00,0.006404
82.6267,5.9160,61.76,117.00,0.006466
82.7018,5.9160,62.30,117.00,0.006304
82.7741,5.9315,61.76,117.00,0.006502
82.8515,5.9470,61.76,117.00,0.006795
82.9263,5.9470,62.30,117.00,0.006941
83.0053,5.9470,61.76,117.00,0.007115
83.0779,5.9470,61.76,117.00,0.006918
83.1544,5.9470,62.30,117.00,0.006916
83.2319,5.9470,62.03,117.00,0.006940
83.3063,5.9470,61.76,117.00,0.007133
83.3814,5.9470,62.30,117.00,0.006917
83.4580,5.9470,61.76,117.00,0.007011
83.5333,5.9295,61.76,117.00,0.007232
83.6104,5.9120,62.03,117.00,0.006677
83.6857,5.9120,62.03,117.00,0.006648
83.7645,5.9120,62.30,117.00,0.006840
83.8396,5.9120,61.49,117.00,0.006690
83.9166,5.9120,61.76,117.00,0.006888
83.9914,5.9120,62.30,117.00,0.006576
84.0667,5.9120,61.49,117.00,0.006696
84.1420,5.9120,62.30,117.00,0.006931
84.2168,5.9120,62.03,117.00,0.007009
84.2893,5.9120,62.03,117.00,0.006839
84.3635,5.9120,62.30,117.00,0.006692
84.4392,5.9120,62.03,117.00,0.006933
84.5154,5.9120,62.30,117.00,0.006615
84.5890,5.9160,62.03,117.00,0.006556
84.6664,5.9160,62.30,117.00,0.007198
84.7391,5.9160,61.76,117.00,0.006634
84.8138,5.9160,61.49,117.00,0.006543
84.8850,5.9160,62.03,117.00,0.006576
84.9583,5.9160,61.76,117.00,0.006510
85.0303,5.9160,62.03,117.00,0.006642
85.1068,5.9160,61.76,117.00,0.007083
85.1820,5.9160,61.49,117.00,0.007220
85.2591,5.9160,62.30,117.00,0.006678
85.3341,5.9160,61.76,117.00,0.006974
85.4115,5.9160,61.76,117.00,0.007119
85.4871,5.9160,62.30,117.00,0.007029
85.5645,5.9160,61.76,117.00,0.007260
85.6374,5.9160,62.30,117.00,0.006786
85.7135,5.9160,62.03,117.00,0.006525
85.7872,5.9160,61.49,117.00,0.006519
85.8621,5.9160,62.30,117.00,0.006454
85.9335,5.9160,61.76,117.00,0.006388
86.0071,5.9160,62.30,117.00,0.006476
86.0811,5.9160,61.76,117.00,0.006550
86.1551,5.9160,62.30,117.00,0.006533
86.2307,5.9160,62.03,117.00,0.006919
86.3073,5.9160,61.76,117.00,0.006905
86.3806,5.9160,62.30,117.00,0.007092
86.4592,5.9160,62.30,117.00,0.006711
86.5356,5.9255,61.76,117.00,0.006788
86.6140,5.9350,61.76,117.00,0.007013
86.6874,5.9350,62.03,117.00,0.006960
86.7631,5.9350,62.03,117.00,0.006901
86.8390,5.9350,61.76,117.00,0.006928
86.9187,5.9350,61.49,117.00,0.006962
86.9945,5.9350,62.03,117.00,0.007099
87.0705,5.9350,62.03,117.00,0.006927
87.1460,5.9350,62.30,117.00,0.006939
87.2240,5.9350,61.76,117.00,0.006936
87.3017,5.9350,62.03,117.00,0.006869
87.3817,5.9350,61.76,117.00,0.006907
87.4543,5.9350,62.03,117.00,0.006582
87.5339,5.9180,62.30,117.00,0.007080
87.6099,5.9010,61.49,117.00,0.007037
87.6892,5.9010,61.49,117.00,0.006690
87.7632,5.9010,62.03,117.00,0.006784
87.8389,5.9010,62.30,117.00,0.006363
87.9133,5.9010,62.03,117.00,0.006552
87.9901,5.9010,62.03,117.00,0.007101
88.0634,5.9010,62.30,117.00,0.006908
88.1406,5.9010,61.76,117.00,0.006827
88.2165,5.9010,61.76,117.00,0.007194
88.2912,5.9010,62.57,117.00,0.006625
88.3652,5.9010,62.03,117.00,0.007169
88.4391,5.9010,62.03,117.00,0.006493
88.5140,5.9010,62.30,117.00,0.006850
88.5902,5.9010,62.30,117.00,0.006609
88.6655,5.9010,61.76,117.00,0.006953
88.7433,5.9010,62.30,117.00,0.006914
88.8192,5.9010,62.03,117.00,0.006977
88.8960,5.9010,62.03,117.00,0.007044
88.9694,5.9010,62.30,117.00,0.006841
89.0461,5.9010,61.76,117.00,0.007390
89.1191,5.9010,61.49,117.00,0.006860
89.1938,5.9010,62.30,117.00,0.006681
89.2661,5.9010,62.30,117.00,0.006833
89.3433,5.9010,62.30,117.00,0.006711
89.4183,5.9010,62.30,117.00,0.006656
89.4949,5.9010,62.30,117.00,0.006637
89.5667,5.9010,62.03,117.00,0.006290
89.6421,5.9010,61.22,117.00,0.006728
89.7137,5.9010,62.03,117.00,0.006500
89.7870,5.9010,62.30,117.00,0.006599
89.8619,5.9010,61.49,117.00,0.006813
89.9385,5.9010,62.03,117.00,0.006927
90.0138,5.8705,62.03,117.00,0.006564
90.0915,5.8400,62.03,117.00,0.006898
90.1668,5.8400,62.30,117.00,0.007182
90.2415,5.8400,61.76,117.00,0.006778
90.3169,5.8400,62.03,117.00,0.007103
90.3949,5.8400,61.49,117.00,0.007241
90.4702,5.8400,62.30,117.00,0.006944
90.5507,5.8745,61.49,117.00,0.007212
90.6265,5.9090,62.03,117.00,0.006984
90.7048,5.9090,61.76,117.00,0.006856
90.7790,5.9090,62.03,117.00,0.006898
90.8538,5.9090,62.03,117.00,0.006564
90.9268,5.9090,62.03,117.00,0.006582
91.0022,5.9090,62.30,117.00,0.006714
91.0740,5.9090,62.30,117.00,0.006598
91.1492,5.9090,62.03,117.00,0.006397
91.2222,5.9090,61.76,117.00,0.006885
91.3008,5.9090,62.03,117.00,0.006648
91.3735,5.9090,61.49,117.00,0.007368
91.4503,5.9090,62.30,117.00,0.006835
91.5228,5.9315,61.76,117.00,0.006853
91.5978,5.9540,62.30,117.00,0.006875
91.6709,5.9540,62.03,117.00,0.006411
91.7458,5.9540,62.03,117.00,0.006833
91.8188,5.9540,62.03,117.00,0.006826
91.8935,5.9540,62.30,117.00,0.007077
91.9665,5.9540,62.30,117.00,0.007064
92.0459,5.9540,62.30,117.00,0.007046
92.1188,5.9540,62.03,117.00,0.007235
92.1983,5.9540,62.03,117.00,0.007103
92.2706,5.9540,61.76,117.00,0.006584
92.3455,5.9540,62.03,117.00,0.006988
92.4192,5.9540,62.30,117.00,0.006770
92.4936,5.9540,62.03,117.00,0.006728
92.5674,5.8970,61.76,117.00,0.006490
92.6463,5.8970,62.30,117.00,0.006859
92.7186,5.8970,62.30,117.00,0.007213
92.7941,5.8970,61.22,117.00,0.006649
92.8666,5.8970,62.30,117.00,0.006890
92.9467,5.8970,62.03,117.00,0.007247
93.0235,5.8970,62.30,117.00,0.006664
93.0990,5.8970,62.30,117.00,0.007056
93.1742,5.8970,62.30,117.00,0.007053
93.2500,5.8970,62.03,117.00,0.006917
93.3235,5.8970,61.76,117.00,0.006737
93.3979,5.8970,61.49,117.00,0.006462
93.4697,5.8970,61.49,117.00,0.006581
93.5456,5.8970,62.30,117.00,0.006357
93.6190,5.8970,62.30,116.50,0.006609
93.6938,5.9120,62.03,116.00,0.006983
93.7691,5.9120,62.30,117.00,0.007083
93.8456,5.9120,62.03,117.00,0.006814
93.9186,5.9120,61.76,117.00,0.006581
93.9976,5.9120,62.03,117.00,0.006618
94.0703,5.9120,62.03,117.00,0.006968
94.1453,5.9120,62.30,117.00,0.007010
94.2206,5.9120,62.30,117.00,0.006985
94.2950,5.9120,62.30,117.00,0.006869
94.3721,5.9120,62.03,117.00,0.007002
94.4460,5.9120,62.03,117.00,0.006696
94.5195,5.9315,61.22,117.00,0.007126
94.5946,5.9510,61.49,117.00,0.006861
94.6675,5.9510,62.30,117.00,0.006864
94.7414,5.9510,61.49,117.00,0.006569
94.8143,5.9510,62.03,117.00,0.006769
94.8939,5.9510,61.76,117.00,0.007234
94.9669,5.9510,62.03,117.00,0.006970
95.0415,5.9510,62.30,117.00,0.006937
95.1167,5.9510,62.03,117.00,0.007014
95.1936,5.9510,62.03,117.00,0.006967
95.2710,5.9510,61.76,117.00,0.006953
95.3477,5.9510,62.03,117.00,0.007071
95.4225,5.9510,61.76,117.00,0.006833
95.4990,5.9510,62.03,116.50,0.007018
95.5750,5.8930,62.03,116.50,0.006593
95.6496,5.8930,62.03,116.50,0.006980
95.7223,5.8930,61.76,117.00,0.006750
95.7993,5.8930,62.03,117.00,0.007132
95.8748,5.8930,62.03,117.00,0.006842
95.9512,5.8930,62.30,117.00,0.006545
96.0266,5.8930,62.03,117.00,0.006663
96.1036,5.8930,62.03,117.00,0.006974
96.1766,5.8930,62.03,117.00,0.006608
96.2534,5.8930,62.30,117.00,0.007042
96.3263,5.8930,62.30,117.00,0.006913
96.4014,5.8930,62.30,117.00,0.006910
96.4742,5.8930,62.03,117.00,0.006793
96.5497,5.8855,62.30,117.00,0.006886
96.6232,5.8780,61.76,117.00,0.006914
96.7003,5.8780,62.30,117.00,0.006869
96.7758,5.8780,62.03,117.00,0.006645
96.8513,5.8780,62.30,117.00,0.006666
96.9252,5.8780,62.30,117.00,0.007123
97.0009,5.8780,62.30,117.00,0.007121
97.0737,5.8780,62.30,117.00,0.006763
97.1491,5.8780,62.30,117.00,0.006879
97.2223,5.8780,62.30,117.00,0.007045
97.3023,5.8780,62.30,117.00,0.006725
97.3782,5.8780,62.03,117.00,0.007023
97.4538,5.8780,61.76,117.00,0.007011
97.5300,5.9390,62.03,117.00,0.006803
97.6095,6.0000,62.03,117.00,0.006706
97.6825,6.0000,61.76,117.00,0.006875
97.7613,6.0000,62.03,117.00,0.007168
97.8336,6.0000,62.30,117.00,0.006458
97.9072,6.0000,62.30,117.00,0.006594
97.9789,6.0000,62.30,117.00,0.006753
98.0534,6.0000,61.76,117.00,0.006840
98.1269,6.0000,62.03,117.00,0.007063
98.2057,6.0000,62.03,117.00,0.006872
98.2805,6.0000,62.03,117.00,0.006997
98.3547,6.0000,62.03,117.00,0.007177
98.4289,6.0000,62.03,117.00,0.006405
98.5060,6.0000,61.76,117.00,0.006809
98.5791,5.9470,62.03,117.00,0.007048
98.6542,5.9470,62.03,117.00,0.006986
98.7296,5.9470,62.03,117.00,0.006761
98.8058,5.9470,62.03,117.00,0.006880
98.8780,5.9470,61.49,117.00,0.006573
98.9549,5.9470,62.03,117.00,0.006729
99.0297,5.9470,62.03,117.00,0.006830
99.1068,5.9470,62.03,117.00,0.007100
99.1796,5.9470,62.03,117.00,0.007280
99.2541,5.9470,62.03,117.00,0.006900
99.3297,5.9470,62.30,117.00,0.007110
99.4065,5.9470,62.30,117.00,0.006810
99.4835,5.9470,62.30,117.00,0.006916
99.5618,5.9200,62.03,117.00,0.007264
99.6373,5.9200,61.49,117.00,0.007023
99.7147,5.9200,62.30,117.00,0.007001
99.7899,5.9200,62.03,117.00,0.006811
99.8673,5.9200,62.30,117.00,0.006898
99.9455,5.9200,62.30,117.00,0.006773
100.0231,5.9200,62.03,117.00,0.006711
100.0983,5.9200,61.76,117.00,0.007195
100.1755,5.9200,61.49,117.00,0.007188
100.2494,5.9200,61.76,117.00,0.006558
100.3224,5.9200,62.30,117.00,0.006570
100.3945,5.9200,62.30,117.00,0.006486
100.4729,5.9200,61.49,117.00,0.007080
100.5485,5.9430,62.03,117.00,0.007078
100.6230,5.9660,62.03,117.00,0.006601
100.6982,5.9660,62.30,117.00,0.006739
100.7752,5.9660,62.03,117.00,0.006838
100.8502,5.9660,61.76,117.00,0.007196
100.9293,5.9660,62.30,117.00,0.006974
101.0031,5.9660,62.03,117.00,0.006676
101.0784,5.9660,61.49,117.00,0.006874
101.1530,5.9660,62.03,117.00,0.006898
101.2301,5.9660,62.03,116.50,0.007178
101.3031,5.9660,61.76,116.50,0.006917
101.3803,5.9660,61.76,116.00,0.006729
101.4532,5.9660,62.03,117.00,0.006809
101.5266,5.9660,62.30,117.00,0.006561
101.5984,5.9660,62.30,117.00,0.006704
101.6720,5.9660,62.03,117.00,0.006555
101.7472,5.9295,62.03,117.00,0.007108
101.8222,5.8930,62.03,117.00,0.006710
101.8977,5.8930,62.30,117.00,0.006880
101.9745,5.8930,62.30,117.00,0.006491
102.0504,5.8930,62.03,117.00,0.006935
102.1268,5.8930,61.76,117.00,0.006566
102.2024,5.8930,62.03,117.00,0.006888
102.2774,5.8930,61.76,117.00,0.006990
102.3530,5.8930,62.30,117.00,0.007244
102.4302,5.8930,62.03,117.00,0.007320
102.5058,5.8930,62.30,117.00,0.006806
102.5808,5.8890,62.30,117.00,0.006890
102.6542,5.8890,62.03,117.00,0.006786
102.7293,5.8890,62.30,117.00,0.006899
102.8064,5.8890,62.30,117.00,0.006853
102.8820,5.8890,62.30,117.00,0.006960
102.9538,5.8890,62.03,117.00,0.006619
103.0286,5.8890,62.03,117.00,0.006937
103.1029,5.8890,62.30,117.00,0.006660
103.1796,5.8890,62.03,116.00,0.006900
103.2539,5.8890,61.76,116.50,0.006546
103.3302,5.8890,62.30,116.00,0.006806
103.4054,5.8890,62.30,116.00,0.006874
103.4784,5.8890,61.76,117.00,0.006333
103.5508,5.8890,62.30,117.00,0.006583
103.6268,5.8890,61.76,117.00,0.006769
103.7026,5.9050,61.49,117.00,0.006838
103.7796,5.9050,61.76,117.00,0.007095
103.8547,5.9050,61.76,117.00,0.006503
103.9317,5.9050,62.30,117.00,0.006918
104.0044,5.9050,62.30,117.00,0.007165
104.0786,5.9050,62.03,117.00,0.006956
104.1537,5.9050,62.03,117.00,0.006993
104.2307,5.9050,62.03,117.00,0.007074
104.3061,5.9050,61.76,117.00,0.006964
104.3806,5.9050,62.03,117.00,0.006581
104.4554,5.9050,62.30,117.00,0.006335
104.5283,5.9050,61.22,117.00,0.006394
104.5997,5.9050,62.30,117.00,0.006357
104.6736,5.9125,62.03,117.00,0.006900
104.7494,5.9200,62.03,117.00,0.006613
104.8256,5.9200,62.03,117.00,0.006781
104.8991,5.9200,62.03,117.00,0.007387
104.9741,5.9200,61.76,117.00,0.006962
105.0461,5.9200,61.22,117.00,0.006846
105.1231,5.9200,61.49,117.00,0.006893
105.1989,5.9200,61.76,117.00,0.006832
105.2746,5.9200,62.30,117.00,0.007020
105.3496,5.9200,62.03,117.00,0.006525
105.4249,5.9200,62.30,117.00,0.006930
105.4978,5.9200,61.76,117.00,0.006645
105.5749,5.9090,62.30,117.00,0.006694
105.6499,5.9090,62.30,117.00,0.006854
105.7272,5.9090,61.49,117.00,0.006842
105.8023,5.9090,62.30,117.00,0.006555
105.8789,5.9090,61.76,117.00,0.006675
105.9534,5.9090,61.76,117.00,0.006928
106.0297,5.9090,62.03,117.00,0.006750
106.1025,5.9090,62.30,117.00,0.006895
106.1793,5.9090,62.30,117.00,0.007083
106.2538,5.9090,62.30,117.00,0.006834
106.3303,5.9090,61.76,117.00,0.007065
106.4024,5.9090,61.76,117.00,0.006432
106.4773,5.9090,62.03,117.00,0.006764
106.5542,5.9125,62.30,117.00,0.006953
106.6306,5.9160,61.49,117.00,0.006539
106.7024,5.9160,62.03,117.00,0.006918
106.7784,5.9160,62.30,117.00,0.006717
106.8532,5.9160,62.30,117.00,0.006752
106.9300,5.9160,61.76,117.00,0.006919
107.0017,5.9160,62.03,117.00,0.006889
107.0752,5.9160,61.76,117.00,0.006721
107.1502,5.9160,62.30,117.00,0.007153
107.2270,5.9160,61.22,117.00,0.006877
107.3024,5.9160,61.76,117.00,0.007138
107.3787,5.9160,61.49,117.00,0.006894
107.4557,5.9160,62.30,117.00,0.006765
107.5320,5.9160,62.03,117.00,0.006704
107.6100,5.9390,61.76,117.00,0.006943
107.6847,5.9390,62.03,117.00,0.006645
107.7569,5.9390,62.03,117.00,0.006515
107.8305,5.9390,61.76,117.00,0.006622
107.9028,5.9390,62.03,117.00,0.006639
107.9800,5.9390,61.76,117.00,0.006976
108.0529,5.9390,62.30,117.00,0.006734
108.1300,5.9390,61.76,117.00,0.006907
108.2062,5.9390,62.30,117.00,0.006585
108.2806,5.9390,62.03,117.00,0.006767
108.3555,5.9390,62.30,117.00,0.006516
108.4301,5.9390,61.76,117.00,0.006721
108.5033,5.9390,62.03,117.00,0.006949
108.5783,5.9350,62.30,117.00,0.006881
108.6514,5.9350,62.30,117.00,0.006858
108.7289,5.9350,62.03,117.00,0.006825
108.8029,5.9350,61.76,117.00,0.006350
108.8785,5.9350,62.30,117.00,0.006681
108.9500,5.9350,62.03,117.00,0.006433
109.0263,5.9350,62.03,117.00,0.006916
109.0982,5.9350,61.76,117.00,0.006553
109.1752,5.9350,62.03,116.50,0.006922
109.2504,5.9350,62.30,116.00,0.006949
109.3247,5.9350,62.30,116.50,0.006808
109.4024,5.9350,61.76,117.00,0.006853
109.4790,5.9350,62.03,117.00,0.006752
109.5569,5.9390,61.76,117.00,0.006962
109.6339,5.9390,62.03,117.00,0.006871
109.7110,5.9390,62.30,117.00,0.006780
109.7878,5.9390,62.30,117.00,0.006714
109.8634,5.9390,62.30,117.00,0.007073
109.9402,5.9390,62.03,117.00,0.006805
110.0149,5.9390,61.49,117.00,0.006547
110.0895,5.9390,62.03,117.00,0.006653
110.1643,5.9390,61.76,117.00,0.006998
110.2429,5.9390,62.03,117.00,0.007176
110.3187,5.9390,62.03,117.00,0.006545
110.3931,5.9390,61.76,117.00,0.006465
110.4657,5.9390,62.30,117.00,0.006827
110.5395,5.9580,62.30,117.00,0.006897
110.6179,5.9770,61.76,117.00,0.006869
110.6943,5.9770,62.03,117.00,0.006869
110.7671,5.9770,62.03,117.00,0.006758
110.8467,5.9770,61.49,117.00,0.007800
110.9247,5.9770,61.76,117.00,0.006769
111.0019,5.9770,61.76,117.00,0.006950
111.0771,5.9770,62.03,117.00,0.007106
111.1540,5.9770,62.03,117.00,0.006865
111.2291,5.9770,62.03,117.00,0.006438
111.3035,5.9770,61.22,117.00,0.006688
111.3790,5.9770,61.76,117.00,0.007208
111.4553,5.9770,62.03,117.00,0.006745
111.5307,5.9770,62.03,117.00,0.006989
111.6072,5.9770,62.03,117.00,0.007144
111.6821,5.9770,61.76,117.00,0.006809
111.7586,5.9770,62.03,117.00,0.007236
111.8331,5.9770,62.03,117.00,0.006490
111.9059,5.9770,62.30,117.00,0.006375
111.9778,5.9770,62.30,117.00,0.006509
112.0542,5.9770,62.03,117.00,0.007108
112.1316,5.9770,61.76,117.00,0.006581
112.2090,5.9770,62.03,117.00,0.006773
112.2846,5.9770,62.03,117.00,0.007084
112.3621,5.9770,61.22,117.00,0.007241
112.4352,5.9770,62.03,117.00,0.006837
112.5143,5.9770,61.49,117.00,0.006578
112.5923,5.9770,61.76,117.00,0.006928
112.6671,5.9525,61.76,117.00,0.006798
112.7433,5.9280,61.49,117.00,0.006773
112.8184,5.9280,62.03,117.00,0.006884
112.8939,5.9280,62.03,117.00,0.006901
112.9685,5.9280,61.76,117.00,0.006648
113.0442,5.9280,62.30,117.00,0.006851
113.1211,5.9280,61.22,117.00,0.006786
113.1939,5.9280,62.30,117.00,0.006794
113.2699,5.9280,62.03,117.00,0.006531
113.3414,5.9280,62.30,117.00,0.006560
113.4148,5.9280,61.76,117.00,0.006510
113.4899,5.9280,61.49,117.00,0.007017
113.5647,5.9430,61.76,117.00,0.006625
113.6376,5.9430,62.03,117.00,0.007064
113.7146,5.9430,62.03,117.00,0.007056
113.7890,5.9430,62.30,117.00,0.006440
113.8661,5.9430,61.76,117.00,0.006993
113.9410,5.9430,62.30,117.00,0.007022
114.0156,5.9430,62.03,117.00,0.006695
114.0891,5.9430,61.49,117.00,0.006501
114.1628,5.9430,62.03,117.00,0.006513
114.2350,5.9430,62.30,117.00,0.006858
114.3115,5.9430,61.76,117.00,0.006455
114.3853,5.9430,62.03,117.00,0.006894
114.4594,5.9430,62.30,117.00,0.006734
114.5351,5.9355,62.03,117.00,0.006651
114.6115,5.9280,62.03,117.00,0.006680
114.6853,5.9280,61.76,117.00,0.006700
114.7622,5.9280,61.76,117.00,0.007021
114.8398,5.9280,62.03,117.00,0.006864
114.9163,5.9280,62.30,117.00,0.006445
114.9914,5.9280,62.03,117.00,0.006933
115.0706,5.9280,61.76,117.00,0.006845
115.1460,5.9280,62.30,117.00,0.007066
115.2206,5.9280,62.30,117.00,0.006689
115.2941,5.9280,62.30,117.00,0.007020
115.3694,5.9280,61.49,117.00,0.006849
115.4421,5.9280,62.30,117.00,0.006969
115.5192,5.9280,62.03,117.00,0.006748
115.5935,5.9540,61.76,117.00,0.006462
115.6665,5.9540,62.03,117.00,0.006390
115.7392,5.9540,62.03,117.00,0.006828
115.8138,5.9540,62.30,117.00,0.007240
115.8948,5.9540,62.03,117.00,0.007234
115.9781,5.9540,61.76,117.00,0.007292
116.0588,5.9540,61.76,117.00,0.007367
116.1396,5.9540,61.76,117.00,0.006995
116.2152,5.9540,61.49,117.00,0.006626
116.2963,5.9540,62.03,117.00,0.007411
116.3753,5.9540,61.76,117.00,0.006941
116.4525,5.9540,61.49,117.00,0.006423
116.5265,5.9540,62.30,117.00,0.006731
116.6053,5.8990,61.49,117.00,0.006719
116.6863,5.8440,61.76,117.00,0.007418
116.7638,5.8440,61.49,117.00,0.006798
116.8390,5.8440,61.76,117.00,0.007150
116.9156,5.8440,62.03,117.00,0.006811
116.9913,5.8440,61.76,117.00,0.006999
117.0664,5.8440,62.30,117.00,0.006878
117.1415,5.8440,61.76,117.00,0.006693
117.2181,5.8440,62.03,116.50,0.006943
117.2910,5.8440,62.30,116.00,0.006960
117.3696,5.8440,61.76,116.50,0.006701
117.4426,5.8440,61.49,117.00,0.007051
117.5214,5.8440,62.30,117.00,0.006557
117.5948,5.8440,61.76,117.00,0.007146
117.6722,5.8440,61.76,117.00,0.007012
117.7471,5.8440,62.30,117.00,0.006896
117.8217,5.8440,62.30,117.00,0.006990
117.8944,5.8440,62.30,117.00,0.006774
117.9690,5.8440,62.03,117.00,0.006665
118.0443,5.8440,62.30,117.00,0.006797
118.1183,5.8440,61.76,117.00,0.006782
118.1930,5.8440,62.30,117.00,0.006502
118.2705,5.8440,61.76,117.00,0.007024
118.3458,5.8440,62.03,117.00,0.006930
118.4223,5.8440,61.49,117.00,0.006773
118.4955,5.8440,62.03,117.00,0.006593
118.5742,5.8440,61.76,117.00,0.007081
118.6491,5.8440,62.03,117.00,0.006953
118.7259,5.8440,61.76,117.00,0.007005
118.7979,5.8440,62.03,117.00,0.006500
118.8709,5.8440,62.30,117.00,0.006327
118.9457,5.8860,62.30,117.00,0.006984
119.0257,5.9280,61.76,117.00,0.006436
119.0986,5.9280,62.30,117.00,0.006622
119.1752,5.9280,62.03,117.00,0.006673
119.2495,5.9280,62.03,117.00,0.006605
119.3261,5.9280,62.03,117.00,0.007078
119.4012,5.9280,62.03,117.00,0.006819
119.4755,5.9280,62.03,117.00,0.006812
119.5530,5.9105,61.76,117.00,0.006984
119.6268,5.8930,61.76,117.00,0.006393
119.7009,5.8930,62.03,117.00,0.006705
119.7777,5.8930,61.76,117.00,0.006748
119.8505,5.8930,61.76,117.00,0.006764
119.9275,5.8930,62.30,117.00,0.006799
120.0009,5.8930,62.03,117.00,0.007096
120.0795,5.8930,62.03,117.00,0.006640
120.1550,5.8930,62.30,117.00,0.006788
120.2298,5.8930,62.30,117.00,0.006934
120.3030,5.8930,62.30,117.00,0.006900
120.3795,5.8930,62.57,117.00,0.006421
120.4530,5.8930,62.30,117.00,0.006866
120.5296,5.9200,61.76,117.00,0.006713
120.6073,5.9470,61.76,117.00,0.006730
120.6819,5.9470,62.03,117.00,0.006956
120.7556,5.9470,61.49,117.00,0.006895
120.8324,5.9470,62.03,117.00,0.006693
120.9053,5.9470,62.03,117.00,0.006800
120.9822,5.9470,62.03,117.00,0.007154
121.0579,5.9470,62.03,117.00,0.006896
121.1330,5.9470,62.03,117.00,0.006924
121.2099,5.9470,61.76,117.00,0.006994
121.2866,5.9470,61.76,117.00,0.006880
121.3635,5.9470,62.30,117.00,0.006605
121.4378,5.9470,62.30,117.00,0.006913
121.5105,5.9470,61.76,117.00,0.006947
121.5901,5.9430,62.30,117.00,0.007120
121.6634,5.9430,62.03,117.00,0.006988
121.7417,5.9430,62.03,117.00,0.006819
121.8130,5.9430,61.49,117.00,0.006428
121.8869,5.9430,61.76,117.00,0.006912
121.9620,5.9430,61.49,117.00,0.006761
122.0410,5.9430,61.49,117.00,0.007257
122.1165,5.9430,62.03,117.00,0.007117
122.1909,5.9430,61.76,117.00,0.006731
122.2663,5.9430,62.30,117.00,0.006693
122.3412,5.9430,62.03,117.00,0.006678
122.4135,5.9430,62.03,117.00,0.006347
122.4884,5.9430,62.30,117.00,0.006381
122.5620,5.9430,62.30,117.00,0.006615
122.6370,5.9430,62.03,117.00,0.006537
122.7145,5.9600,62.03,117.00,0.007128
122.7922,5.9770,62.30,116.50,0.007011
122.8653,5.9770,61.76,117.00,0.006720
122.9428,5.9770,61.76,116.50,0.007606
123.0181,5.9770,62.30,116.00,0.006781
123.0951,5.9770,62.03,116.00,0.006734
123.1687,5.9770,62.30,116.50,0.006949
123.2438,5.9770,61.49,117.00,0.007271
123.3194,5.9770,62.30,117.00,0.006780
123.3942,5.9770,62.03,117.00,0.006900
123.4697,5.9770,62.30,117.00,0.006975
123.5500,5.9505,61.49,117.00,0.007383
123.6248,5.9240,62.03,117.00,0.007256
123.7010,5.9240,61.76,117.00,0.007059
123.7768,5.9240,62.03,117.00,0.007046
123.8549,5.9240,62.30,117.00,0.007122
123.9331,5.9240,62.03,117.00,0.007119
124.0105,5.9240,62.30,117.00,0.006969
124.0856,5.9240,62.30,117.00,0.006839
124.1624,5.9240,62.03,117.00,0.006512
124.2367,5.9240,61.22,117.00,0.006336
124.3103,5.9240,61.76,117.00,0.006839
124.3826,5.9240,62.03,117.00,0.006528
124.4590,5.9240,61.76,117.00,0.007093
124.5340,5.9180,61.76,117.00,0.006678
124.6115,5.9120,61.76,117.00,0.006943
124.6856,5.9120,62.03,117.00,0.006658
124.7587,5.9120,62.03,117.00,0.006339
124.8306,5.9120,62.30,117.00,0.006727
124.9047,5.9120,61.76,117.00,0.006835
124.9767,5.9120,62.03,117.00,0.006575
125.0504,5.9120,62.03,117.00,0.006692
125.1234,5.9120,62.30,117.00,0.007085
125.1980,5.9120,62.03,117.00,0.006735
125.2705,5.9120,62.03,117.00,0.006352
125.3498,5.9120,61.76,117.00,0.007090
125.4226,5.9120,61.49,117.00,0.006462
125.4977,5.9120,62.03,117.00,0.006402
125.5694,5.9120,62.03,117.00,0.006584
125.6451,5.8930,61.76,117.00,0.006760
125.7193,5.8930,62.03,117.00,0.007138
125.7962,5.8930,62.03,117.00,0.007049
125.8690,5.8930,62.03,117.00,0.006645
125.9466,5.8930,62.03,117.00,0.007059
126.0218,5.8930,62.30,117.00,0.007053
126.0984,5.8930,62.03,117.00,0.006832
126.1711,5.8930,62.03,117.00,0.006470
126.2465,5.8930,62.03,117.00,0.006382
126.3182,5.8930,61.76,117.00,0.006513
126.3946,5.8930,62.03,117.00,0.006975
126.4695,5.8930,61.49,117.00,0.006866
126.5462,5.9120,62.03,117.00,0.007151
126.6214,5.9310,62.30,117.00,0.006937
126.6965,5.9310,61.22,117.00,0.006998
126.7698,5.9310,62.30,117.00,0.006711
126.8523,5.9310,62.30,117.00,0.006990
126.9322,5.9310,62.03,117.00,0.007352
127.0068,5.9310,62.03,117.00,0.007208
127.0814,5.9310,62.30,117.00,0.006700
127.1589,5.9310,62.03,117.00,0.007047
127.2328,5.9310,62.30,117.00,0.006531
127.3063,5.9310,62.30,117.00,0.006297
127.3780,5.9310,62.30,117.00,0.006402
127.4532,5.9310,61.76,117.00,0.007009
127.5294,5.9295,62.30,117.00,0.007285
127.6062,5.9280,62.03,117.00,0.006921
127.6814,5.9280,61.76,117.00,0.006763
127.7592,5.9280,61.76,117.00,0.006611
127.8337,5.9280,62.03,117.00,0.006813
127.9110,5.9280,62.30,117.00,0.006833
127.9844,5.9280,62.30,117.00,0.006881
128.0591,5.9280,62.03,117.00,0.006746
128.1322,5.9280,61.76,117.00,0.006829
128.2072,5.9280,62.30,117.00,0.006840
128.2826,5.9280,62.30,117.00,0.006692
128.3621,5.9280,62.30,117.00,0.007070
128.4370,5.9280,62.03,117.00,0.006901
128.5135,5.9280,62.03,117.00,0.006723
128.5927,5.9090,62.03,117.00,0.006894
128.6744,5.9090,62.30,117.00,0.007051
128.7528,5.9090,61.76,117.00,0.006788
128.8339,5.9090,62.03,116.50,0.007048
128.9147,5.9090,62.30,116.50,0.007183
128.9966,5.9090,62.30,117.00,0.007029
129.0746,5.9090,62.30,117.00,0.007046
129.1547,5.9090,61.76,117.00,0.007177
129.2328,5.9090,62.30,117.00,0.007152
129.3136,5.9090,62.03,117.00,0.007328
129.3939,5.9090,62.03,117.00,0.007147
129.4745,5.9090,62.03,117.00,0.007268
129.5512,5.8860,62.30,117.00,0.006879
129.6333,5.8630,61.76,117.00,0.007078
129.7138,5.8630,61.49,117.00,0.006955
129.7969,5.8630,62.03,117.00,0.007179
129.8695,5.8630,61.76,117.00,0.006639
129.9440,5.8630,61.49,117.00,0.006643
130.0216,5.8630,62.03,117.00,0.006888
130.1040,5.8630,61.76,117.00,0.007104
130.1777,5.8630,62.30,117.00,0.006743
130.2562,5.8630,62.03,117.00,0.007316
130.3371,5.8630,62.03,117.00,0.007049
130.4192,5.8630,62.03,117.00,0.006944
130.4975,5.8630,62.03,117.00,0.007065
130.5789,5.8440,61.76,117.00,0.007179
130.6587,5.8440,61.76,117.00,0.006553
130.7392,5.8440,61.49,117.00,0.006846
130.8179,5.8440,62.03,117.00,0.006948
130.9002,5.8440,62.30,117.00,0.006766
130.9785,5.8440,61.49,117.00,0.006945
131.0613,5.8440,61.49,117.00,0.007168
131.1393,5.8440,61.76,117.00,0.006902
131.2224,5.8440,62.03,117.00,0.007238
131.3005,5.8440,62.03,117.00,0.006725
131.3830,5.8440,61.49,117.00,0.006918
131.4599,5.8440,61.76,117.00,0.006462
131.5419,5.8285,61.76,117.00,0.007159
131.6222,5.8130,61.76,117.00,0.007022
131.7057,5.8130,62.03,117.00,0.007324
131.7863,5.8130,61.76,117.00,0.006784
131.8609,5.8130,61.76,117.00,0.006449
131.9337,5.8130,61.76,117.00,0.006657
132.0138,5.8130,61.76,117.00,0.006899
132.0875,5.8130,61.76,117.00,0.006744
132.1715,5.8130,61.76,117.00,0.007180
132.2499,5.8130,61.76,117.00,0.007000
132.3313,5.8130,62.03,117.00,0.007132
132.4110,5.8130,62.03,117.00,0.006500
132.4908,5.8130,62.03,117.00,0.006974
132.5716,5.8320,61.76,117.00,0.006791
132.6529,5.8320,61.49,117.00,0.007549
132.7280,5.8320,62.03,117.00,0.006558
132.8061,5.8320,62.30,117.00,0.006871
132.8858,5.8320,62.03,117.00,0.006888
132.9658,5.8320,61.76,117.00,0.006761
133.0436,5.8320,62.03,117.00,0.006709
133.1271,5.8320,61.76,117.00,0.007404
133.2073,5.8320,61.49,117.00,0.006837
133.2906,5.8320,62.03,117.00,0.007086
133.3698,5.8320,62.30,117.00,0.007214
133.4504,5.8320,62.03,117.00,0.006695
133.5300,5.8415,62.03,117.00,0.007171
133.6118,5.8510,61.49,117.00,0.007444
133.6868,5.8510,62.03,117.00,0.006341
133.7659,5.8510,61.22,117.00,0.006523
133.8413,5.8510,61.49,117.00,0.006769
133.9250,5.8510,61.49,117.00,0.007211
134.0054,5.8510,62.03,117.00,0.006949
134.0883,5.8510,61.76,117.00,0.007183
134.1662,5.8510,62.30,117.00,0.006871
134.2495,5.8510,61.22,117.00,0.006912
134.3306,5.8510,61.76,117.00,0.007184
134.4110,5.8510,62.03,117.00,0.006960
134.4922,5.8510,61.76,117.00,0.007227
134.5737,5.8440,62.03,117.00,0.007252
134.6548,5.8440,61.76,117.00,0.007069
134.7355,5.8440,61.76,117.00,0.006854
134.8146,5.8440,61.49,117.00,0.007445
134.8969,5.8440,61.22,117.00,0.007001
134.9781,5.8440,61.76,117.00,0.007322
135.0591,5.8440,61.49,117.00,0.007366
135.1395,5.8440,61.76,117.00,0.006850
135.2162,5.8440,61.49,117.00,0.006721
135.2903,5.8440,61.49,117.00,0.006775
135.3674,5.8440,61.76,117.00,0.007097
135.4464,5.8440,62.30,117.00,0.007325
135.5301,5.8285,62.03,117.00,0.007158
135.6113,5.8130,62.03,117.00,0.006957
135.6949,5.8130,61.22,117.00,0.007108
135.7738,5.8130,62.03,117.00,0.007072
135.8514,5.8130,61.76,117.00,0.006811
135.9256,5.8130,61.49,117.00,0.006529
136.0029,5.8130,61.49,117.00,0.006610
136.0780,5.8130,62.03,117.00,0.006933
136.1540,5.8130,61.76,117.00,0.006352
136.2269,5.8130,62.30,117.00,0.006596
136.3066,5.8130,62.30,117.00,0.007050
136.3816,5.8130,62.03,117.00,0.006764
136.4593,5.8130,61.76,117.00,0.006761
136.5345,5.8835,62.03,117.00,0.006399
136.6141,5.9540,62.03,117.00,0.007000
136.6894,5.9540,61.49,117.00,0.006834
136.7669,5.9540,62.03,117.00,0.006843
136.8420,5.9540,62.03,117.00,0.006818
136.9192,5.9540,62.03,117.00,0.006910
136.9945,5.9540,62.30,117.00,0.007043
137.0711,5.9540,62.03,117.00,0.006830
137.1462,5.9540,62.03,117.00,0.006847
137.2212,5.9540,62.30,117.00,0.007014
137.2945,5.9540,62.03,117.00,0.006832
137.3691,5.9540,62.30,117.00,0.006746
137.4462,5.9540,62.03,117.00,0.006543
137.5255,5.9370,61.49,117.00,0.006688
137.6017,5.9200,62.03,117.00,0.007001
137.6767,5.9200,62.03,117.00,0.006916
137.7516,5.9200,62.03,117.00,0.006574
137.8287,5.9200,61.22,117.00,0.006750
137.9002,5.9200,61.76,117.00,0.006332
137.9753,5.9200,61.49,117.00,0.006913
138.0502,5.9200,61.76,117.00,0.006810
138.1299,5.9200,61.76,117.00,0.007163
138.2025,5.9200,62.30,117.00,0.006898
138.2818,5.9200,62.03,117.00,0.006776
138.3549,5.9200,62.03,117.00,0.006717
138.4348,5.9200,61.76,117.00,0.007623
138.5100,5.9200,61.76,117.00,0.006830
138.5849,5.9470,62.30,117.00,0.006752
138.6581,5.9470,61.49,117.00,0.006853
138.7348,5.9470,61.22,117.00,0.006815
138.8096,5.9470,62.30,117.00,0.006512
138.8830,5.9470,61.76,117.00,0.006643
138.9553,5.9470,61.76,117.00,0.006722
139.0332,5.9470,62.30,117.00,0.006457
139.1062,5.9470,61.22,117.00,0.006633
139.1811,5.9470,62.03,117.00,0.006802
139.2564,5.9470,62.30,117.00,0.007334
139.3333,5.9470,62.30,117.00,0.007108
139.4067,5.9470,62.03,117.00,0.007065
139.4855,5.9470,62.03,117.00,0.006638
139.5568,5.9470,61.76,117.00,0.006319
139.6307,5.9470,62.03,117.00,0.006529
139.7057,5.9470,62.03,117.00,0.006784
139.7809,5.9200,61.76,117.00,0.006932
139.8560,5.9200,62.03,117.00,0.006711
139.9329,5.9200,62.30,117.00,0.007104
140.0104,5.9200,62.03,117.00,0.007206
140.0873,5.9200,62.30,117.00,0.006770
140.1613,5.9200,61.49,117.00,0.006781
140.2390,5.9200,62.30,117.00,0.006715
140.3167,5.9200,61.76,117.00,0.006985
140.3940,5.9200,62.30,117.00,0.007214
140.4668,5.9200,62.30,117.00,0.006640
140.5465,5.9200,61.76,117.00,0.006817
140.6193,5.9200,62.30,117.00,0.006504
140.6936,5.9200,62.30,117.00,0.006798
140.7670,5.9200,61.76,117.00,0.006984
140.8430,5.9200,62.03,117.00,0.006699
140.9189,5.9200,61.49,117.00,0.006700
140.9960,5.9200,61.49,117.00,0.007061
141.0710,5.9200,62.30,117.00,0.006880
141.1500,5.9200,61.49,117.00,0.006874
141.2255,5.9200,61.76,117.00,0.007096
141.3050,5.9200,62.03,117.00,0.006960
141.3781,5.9200,62.03,117.00,0.006796
141.4547,5.9200,62.03,117.00,0.006999
141.5316,5.9200,61.76,117.00,0.006711
141.6068,5.9200,61.76,117.00,0.007190
141.6819,5.9200,62.30,117.00,0.006955
141.7591,5.9200,62.03,117.00,0.006648
141.8344,5.9200,62.03,117.00,0.006720
141.9113,5.9200,62.03,117.00,0.006826
141.9849,5.9145,62.03,117.00,0.006932
142.0621,5.9090,62.03,117.00,0.006620
142.1375,5.9090,61.76,117.00,0.006945
142.2142,5.9090,61.76,117.00,0.006698
142.2897,5.9090,62.30,117.00,0.007215
142.3644,5.9090,61.49,117.00,0.007167
142.4383,5.9090,62.30,117.00,0.007033
142.5151,5.9375,61.76,117.00,0.006873
142.5886,5.9660,62.30,117.00,0.006526
142.6619,5.9660,62.03,117.00,0.006673
142.7345,5.9660,62.30,117.00,0.007123
142.8088,5.9660,62.30,117.00,0.006872
142.8860,5.9660,62.03,117.00,0.007022
142.9628,5.9660,62.30,117.00,0.006889
143.0382,5.9660,62.03,117.00,0.007219
143.1125,5.9660,61.76,117.00,0.006899
143.1854,5.9660,62.03,117.00,0.007041
143.2623,5.9660,62.30,117.00,0.006878
143.3391,5.9660,61.76,117.00,0.006343
143.4148,5.9660,62.30,117.00,0.006333
143.4862,5.9660,61.22,117.00,0.006625
143.5619,5.9660,61.76,117.00,0.006935
143.6375,5.9410,61.22,117.00,0.007207
143.7140,5.9160,62.03,117.00,0.006684
143.7899,5.9160,62.30,117.00,0.006423
143.8652,5.9160,62.30,117.00,0.006444
143.9424,5.9160,61.22,117.00,0.007299
144.0202,5.9160,62.30,117.00,0.007105
144.0983,5.9160,61.76,117.00,0.007069
144.1810,5.9160,61.49,117.00,0.006989
144.2618,5.9160,62.03,117.00,0.006790
144.3442,5.9160,61.49,117.00,0.007209
144.4244,5.9160,62.30,117.00,0.007182
144.5061,5.9160,61.76,117.00,0.007201
144.5872,5.7520,62.03,117.00,0.007246
144.6692,5.7520,61.76,117.00,0.006849
144.7504,5.7520,62.30,117.00,0.007354
144.8325,5.7520,62.03,117.00,0.007133
144.9111,5.7520,62.03,117.00,0.006808
144.9914,5.7520,61.76,117.00,0.007030
145.0699,5.7520,62.03,117.00,0.007031
145.1493,5.7520,62.03,117.00,0.007167
145.2303,5.7520,61.76,117.00,0.007229
145.3090,5.7520,61.49,117.00,0.007094
145.3878,5.7520,61.76,117.00,0.006861
145.4658,5.7520,62.30,117.00,0.007345
145.5457,5.7520,62.03,117.00,0.006914
145.6280,5.7520,61.76,117.00,0.006833
145.7049,5.7520,62.30,117.00,0.006443
145.7790,5.7520,62.03,117.00,0.006538
145.8541,5.7520,61.76,117.00,0.006918
145.9333,5.7520,62.03,117.00,0.007248
146.0132,5.7520,61.76,117.00,0.007116
146.0919,5.7520,61.49,117.00,0.007512
146.1724,5.7520,61.76,117.00,0.006893
146.2529,5.7520,62.03,117.00,0.006936
146.3337,5.7520,61.76,117.00,0.007118
146.4139,5.7520,61.76,117.00,0.007163
146.4940,5.7520,62.03,117.00,0.006903
146.5750,5.7520,61.49,117.00,0.007504
146.6538,5.7520,61.76,117.00,0.007022
146.7369,5.7520,62.03,117.00,0.007176
146.8144,5.7520,61.76,117.00,0.007205
146.8942,5.7520,61.49,117.00,0.007053
146.9673,5.7520,62.30,117.00,0.006721
147.0470,5.8055,61.22,117.00,0.006628
147.1225,5.8590,61.76,117.00,0.006761
147.1974,5.8590,61.76,117.00,0.007429
147.2725,5.8590,62.03,117.00,0.006908
147.3473,5.8590,62.03,117.00,0.007030
147.4230,5.8590,61.76,117.00,0.007224
147.5006,5.8590,62.03,117.00,0.006621
147.5784,5.9240,62.03,117.00,0.007259
147.6554,5.9240,62.30,117.00,0.006797
147.7267,5.9240,62.03,117.00,0.006342
147.8021,5.9240,62.30,117.00,0.006680
147.8739,5.9240,61.76,117.00,0.006404
147.9503,5.9240,61.76,117.00,0.006757
148.0257,5.9240,62.03,117.00,0.006975
148.1008,5.9240,62.03,117.00,0.006881
148.1736,5.9240,61.76,117.00,0.006909
148.2498,5.9240,62.03,117.00,0.006831
148.3254,5.9240,62.30,117.00,0.006842
148.4018,5.9240,62.30,117.00,0.006444
148.4751,5.9240,62.03,117.00,0.006698
148.5488,5.9240,62.03,117.00,0.006352
148.6223,5.9240,62.03,117.00,0.006589
148.6979,5.9240,62.30,117.00,0.006698
148.7703,5.9240,61.76,117.00,0.006590
148.8468,5.9240,61.76,117.00,0.006551
148.9200,5.9240,62.03,117.00,0.007024
148.9943,5.9240,62.03,117.00,0.006814
149.0694,5.9240,62.03,117.00,0.006833
149.1459,5.9240,61.49,117.00,0.006778
149.2230,5.9240,62.30,117.00,0.006628
149.2984,5.9240,62.30,117.00,0.006804
149.3729,5.9240,62.03,117.00,0.006892
149.4515,5.9240,61.76,117.00,0.006921
149.5274,5.9240,61.76,117.00,0.006397
149.6068,5.9105,62.30,117.00,0.007149
149.6838,5.8970,62.03,117.00,0.006651
149.7605,5.8970,61.76,117.00,0.006774
149.8330,5.8970,62.03,117.00,0.006633
149.9063,5.8970,61.49,117.00,0.006361
149.9774,5.8970,62.03,117.00,0.006834
150.0512,5.8970,61.49,117.00,0.006480
150.1265,5.8970,61.49,117.00,0.007708
150.2034,5.8970,62.30,117.50,0.007022
150.2752,5.8970,62.30,118.00,0.006972
150.3522,5.8970,62.30,118.00,0.007016
150.4264,5.8970,62.30,118.00,0.007256
150.5006,5.8970,61.76,118.00,0.006906
150.5754,5.9580,62.03,118.00,0.006562
150.6513,5.9580,62.03,118.00,0.006689
150.7234,5.9580,62.03,118.00,0.006805
150.7972,5.9580,61.49,118.00,0.006553
150.8696,5.9580,61.76,118.00,0.006422
150.9425,5.9580,61.76,118.00,0.006705
151.0168,5.9580,62.30,118.00,0.006966
151.0904,5.9580,62.03,118.00,0.006373
151.1643,5.9580,61.76,118.00,0.006591
151.2387,5.9580,62.03,118.00,0.007027
151.3146,5.9580,61.76,118.00,0.007037
151.3912,5.9580,62.30,118.00,0.006897
151.4631,5.9580,61.76,118.00,0.007042
151.5381,5.9275,62.30,118.00,0.006963
151.6146,5.8970,62.03,118.00,0.006967
151.6908,5.8970,62.30,118.00,0.006502
151.7649,5.8970,62.03,118.00,0.006770
151.8417,5.8970,62.30,118.00,0.006834
151.9157,5.8970,62.03,118.00,0.007121
151.9901,5.8970,62.30,118.00,0.006958
152.0643,5.8970,62.03,118.00,0.006917
152.1401,5.8970,62.03,118.00,0.006639
152.2110,5.8970,62.03,118.00,0.006359
152.2835,5.8970,62.03,118.00,0.006475
152.3576,5.8970,61.49,118.00,0.006707
152.4305,5.8970,62.03,118.00,0.006535
152.5056,5.8970,62.03,118.00,0.006611
152.5789,5.8970,62.03,118.00,0.006500
152.6501,5.8970,61.76,118.00,0.006777
152.7259,5.9240,62.30,118.00,0.006701
152.7982,5.9240,61.76,118.00,0.006601
152.8745,5.9240,62.30,118.00,0.006915
152.9470,5.9240,62.30,118.00,0.006949
153.0254,5.9240,62.30,118.00,0.006656
153.0969,5.9240,61.76,118.00,0.006673
153.1716,5.9240,62.03,118.00,0.006931
153.2435,5.9240,62.03,118.00,0.006799
153.3188,5.9240,62.30,118.00,0.007216
153.3946,5.9240,62.03,118.00,0.006429
153.4675,5.9240,62.30,118.00,0.006433
153.5384,5.9145,62.30,118.00,0.006728
153.6132,5.9050,62.30,118.00,0.006860
153.6875,5.9050,62.30,118.00,0.006760
153.7615,5.9050,62.30,118.00,0.007064
153.8335,5.9050,62.03,118.00,0.006890
153.9092,5.9050,61.76,119.00,0.006333
153.9796,5.9050,62.30,119.00,0.006327
154.0547,5.9050,61.49,119.00,0.006585
154.1255,5.9050,62.03,119.00,0.006630
154.1994,5.9050,62.30,119.00,0.006705
154.2713,5.9050,62.30,119.00,0.006657
154.3454,5.9050,61.76,119.00,0.006692
154.4172,5.9050,62.03,119.00,0.006482
154.4913,5.9050,62.03,119.00,0.006795
154.5662,5.9430,62.03,119.00,0.006767
154.6431,5.9430,62.30,119.00,0.006840
154.7196,5.9430,62.30,119.00,0.006884
154.7939,5.9430,62.03,119.00,0.006481
154.8663,5.9430,62.03,119.00,0.006788
154.9429,5.9430,62.03,119.00,0.006757
155.0182,5.9430,62.30,119.00,0.007251
155.0952,5.9430,62.03,119.00,0.007037
155.1712,5.9430,62.03,119.00,0.006692
155.2458,5.9430,62.03,119.00,0.007025
155.3203,5.9430,62.57,119.00,0.006856
155.3974,5.9430,62.30,119.00,0.006842
155.4695,5.9430,61.76,119.00,0.006723
155.5469,5.9470,62.30,119.00,0.007082
155.6212,5.9510,62.30,119.00,0.006804
155.6956,5.9510,62.03,119.00,0.006902
155.7677,5.9510,62.03,119.00,0.006680
155.8418,5.9510,62.03,119.00,0.006932
155.9140,5.9510,62.30,119.00,0.006808
155.9903,5.9510,62.30,119.00,0.006618
156.0621,5.9510,61.49,119.00,0.006693
156.1402,5.9510,62.30,119.00,0.006958
156.2172,5.9510,62.30,119.00,0.007087
156.2996,5.9510,62.30,119.00,0.006758
156.3795,5.9510,62.03,119.00,0.007150
156.4620,5.9510,62.30,119.00,0.007097
156.5403,5.9510,62.03,119.00,0.007607
156.6200,5.9510,62.30,119.00,0.007083
156.6976,5.9510,61.76,119.00,0.007031
156.7817,5.9510,62.30,119.00,0.006850
156.8620,5.9510,62.30,119.00,0.007044
156.9394,5.9510,61.76,119.00,0.007051
157.0137,5.9510,61.76,119.00,0.006605
157.0906,5.9510,62.03,119.00,0.006930
157.1627,5.9510,62.03,119.00,0.006665
157.2376,5.9510,62.03,119.00,0.006933
157.3101,5.9510,62.03,119.00,0.006594
157.3871,5.9510,62.03,119.00,0.006609
157.4617,5.9510,61.49,119.00,0.006920
157.5408,5.9510,61.49,119.00,0.006998
157.6131,5.9510,62.03,119.00,0.006677
157.6910,6.0000,62.30,120.00,0.007415
157.7632,6.0000,61.76,120.00,0.006728
157.8380,6.0000,61.49,120.00,0.007054
157.9147,6.0000,61.76,120.00,0.007083
157.9895,6.0000,62.30,120.00,0.007096
158.0620,6.0000,61.76,120.00,0.007231
158.1389,6.0000,62.03,119.00,0.006849
158.2135,6.0000,62.03,119.00,0.006898
158.2908,6.0000,61.76,119.00,0.007046
158.3657,6.0000,62.03,119.50,0.007093
158.4427,6.0000,62.30,119.00,0.006800
158.5180,5.9485,62.03,119.50,0.007036
158.5935,5.8970,61.76,120.00,0.006688
158.6661,5.8970,62.30,120.00,0.007228
158.7427,5.8970,61.49,120.00,0.006508
158.8188,5.8970,62.03,120.00,0.006718
158.8938,5.8970,62.30,120.00,0.007196
158.9662,5.8970,62.30,120.00,0.007118
159.0424,5.8970,62.03,120.00,0.006905
159.1160,5.8970,62.03,120.00,0.006722
159.1893,5.8970,62.03,119.00,0.006610
159.2613,5.8970,62.30,119.00,0.007515
159.3377,5.8970,62.30,119.50,0.006797
159.4100,5.8970,62.30,119.00,0.006974
159.4876,5.8970,61.76,119.00,0.006798
159.5631,5.9160,62.30,120.00,0.006478
159.6374,5.9160,61.76,120.00,0.006733
159.7092,5.9160,61.76,120.00,0.006706
159.7862,5.9160,61.49,120.00,0.006942
159.8586,5.9160,62.03,120.00,0.006922
159.9351,5.9160,62.30,119.00,0.006713
160.0094,5.9160,62.30,119.50,0.007171
160.0854,5.9160,62.30,119.00,0.006732
160.1612,5.9160,62.03,119.00,0.007147
160.2377,5.9160,62.03,119.00,0.006830
160.3141,5.9160,61.76,119.00,0.006982
160.3922,5.9160,62.03,119.00,0.006848
160.4697,5.9160,62.03,119.00,0.006882
160.5486,5.9295,62.30,119.00,0.006301
160.6221,5.9430,61.76,119.00,0.006378
160.6980,5.9430,62.03,119.00,0.006858
160.7706,5.9430,62.30,120.00,0.006573
160.8511,5.9430,62.30,119.00,0.006836
160.9308,5.9430,62.03,119.00,0.007219
161.0125,5.9430,62.30,119.00,0.007188
161.0887,5.9430,62.30,119.00,0.006309
161.1624,5.9430,61.76,119.00,0.006346
161.2342,5.9430,62.30,119.00,0.006426
161.3111,5.9430,62.30,119.00,0.006604
161.3902,5.9430,62.30,119.00,0.007034
161.4730,5.9430,61.76,119.00,0.007097
161.5514,5.9010,62.30,119.00,0.007052
161.6343,5.8590,61.49,119.00,0.007607
161.7116,5.8590,62.03,119.00,0.006572
161.7938,5.8590,61.49,119.00,0.007127
161.8716,5.8590,62.03,119.00,0.007062
161.9500,5.8590,62.03,119.00,0.007355
162.0299,5.8590,62.03,119.00,0.006945
162.1097,5.8590,62.03,119.00,0.007078
162.1871,5.8590,61.76,119.00,0.006831
162.2692,5.8590,61.76,119.00,0.007185
162.3465,5.8590,61.76,119.00,0.007424
162.4263,5.8590,61.76,119.00,0.006817
162.5036,5.8590,61.76,119.00,0.007039
162.5842,5.7600,62.03,119.00,0.007170
162.6612,5.7600,61.76,119.00,0.006722
162.7416,5.7600,62.30,119.00,0.007298
162.8192,5.7600,61.76,119.00,0.006880
162.8991,5.7600,62.03,119.00,0.007515
162.9781,5.7600,62.03,119.00,0.007008
163.0594,5.7600,62.30,119.00,0.006995
163.1386,5.7600,61.76,119.00,0.006828
163.2186,5.7600,61.76,119.00,0.007484
163.2957,5.7600,62.03,119.00,0.007020
163.3778,5.7600,61.49,119.00,0.006835
163.4555,5.7600,61.76,119.00,0.006688
163.5389,5.7600,61.49,119.00,0.007081
163.6172,5.7600,61.76,119.00,0.007438
163.6910,5.7600,62.30,119.00,0.006586
163.7642,5.7600,62.03,119.00,0.006489
163.8383,5.7600,61.76,119.00,0.006690
163.9150,5.7600,62.03,119.00,0.006705
163.9949,5.7600,62.03,119.00,0.006868
164.0753,5.7600,61.22,119.00,0.007554
164.1556,5.7600,61.76,119.00,0.006846
164.2350,5.7600,62.03,119.00,0.006652
164.3166,5.7600,62.03,119.00,0.007101
164.3924,5.7600,61.76,119.00,0.007313
164.4728,5.7600,61.76,119.00,0.007043
164.5460,5.7600,61.76,119.00,0.006330
164.6218,5.7600,61.76,119.00,0.006774
164.6933,5.7600,62.03,119.00,0.006618
164.7717,5.8325,61.76,119.00,0.007238
164.8491,5.9050,62.30,119.00,0.007179
164.9279,5.9050,62.03,119.00,0.007396
165.0058,5.9050,61.49,119.00,0.007150
165.0880,5.9050,61.49,119.00,0.007057
165.1656,5.9050,62.30,119.00,0.006705
165.2481,5.9050,61.76,119.00,0.007045
165.3264,5.9050,62.30,119.00,0.007437
165.4063,5.9050,62.30,119.00,0.007394
165.4854,5.9050,61.76,119.00,0.007126
165.5676,5.7410,61.76,119.00,0.007001
165.6446,5.7410,61.49,119.00,0.006486
165.7232,5.7410,61.76,119.00,0.007185
165.8001,5.7410,61.49,119.00,0.007004
165.8835,5.7410,61.76,119.00,0.006983
165.9560,5.7410,61.76,119.00,0.007309
166.0311,5.7410,62.03,119.00,0.007001
166.1061,5.7410,62.30,119.00,0.007036
166.1822,5.7410,61.76,119.00,0.007130
166.2573,5.7410,62.03,119.00,0.007017
166.3314,5.7410,62.30,120.00,0.006721
166.4060,5.7410,62.03,120.00,0.006826
166.4831,5.7410,61.76,120.00,0.006860
166.5583,5.7410,61.76,120.00,0.007286
166.6354,5.7410,61.76,120.00,0.006974
166.7098,5.7410,61.76,120.00,0.007021
166.7864,5.7410,61.76,120.00,0.006744
166.8676,5.7410,62.03,120.00,0.011041
166.9462,5.7410,62.30,120.00,0.006526
167.0252,5.7410,62.30,120.00,0.007247
167.1053,5.7410,61.76,120.00,0.007210
167.1838,5.7410,62.30,120.00,0.006781
167.2613,5.7410,62.30,120.00,0.007418
167.3391,5.7410,62.03,120.00,0.007050
167.4204,5.7410,61.76,120.00,0.006772
167.4929,5.7410,62.03,120.00,0.006598
167.5657,5.7410,62.30,120.00,0.006545
167.6421,5.7410,62.03,120.00,0.007258
167.7182,5.7410,62.30,120.00,0.007159
167.7937,5.8820,61.49,120.00,0.006821
167.8697,5.8820,61.76,120.00,0.006795
167.9446,5.8820,62.03,120.00,0.006835
168.0208,5.8820,61.76,120.00,0.006967
168.0931,5.8820,62.30,120.00,0.006747
168.1695,5.8820,62.30,120.00,0.006997
168.2447,5.8820,61.76,120.00,0.006841
168.3217,5.8820,62.30,120.00,0.006825
168.3991,5.8820,62.03,120.00,0.006546
168.4782,5.8820,62.03,120.00,0.007140
168.5548,5.8970,62.03,120.00,0.007070
168.6358,5.9120,62.30,120.00,0.007108
168.7147,5.9120,62.03,120.00,0.007400
168.7937,5.9120,61.49,120.00,0.006531
168.8704,5.9120,62.30,120.00,0.006710
168.9454,5.9120,61.49,120.00,0.006593
169.0240,5.9120,61.76,120.00,0.007197
169.1036,5.9120,61.49,120.00,0.006873
169.1839,5.9120,61.49,120.00,0.007000
169.2646,5.9120,61.76,120.00,0.007002
169.3451,5.9120,62.30,120.00,0.006845
169.4261,5.9120,62.30,119.50,0.007221
169.5065,5.9120,62.30,119.50,0.007088
169.5871,5.7750,62.30,119.00,0.007411
169.6672,5.7750,61.76,119.00,0.006968
169.7475,5.7750,62.30,119.00,0.007303
169.8301,5.7750,61.76,119.00,0.007005
169.9146,5.7750,62.03,119.00,0.007297
169.9975,5.7750,61.22,119.00,0.007110
170.0810,5.7750,61.76,119.00,0.007294
170.1615,5.7750,62.30,119.00,0.007208
170.2432,5.7750,61.76,119.00,0.007094
170.3211,5.7750,61.22,119.00,0.007266
170.4011,5.7750,61.76,119.00,0.006912
170.4813,5.7750,62.30,119.00,0.007408
170.5647,5.8280,61.76,119.00,0.007363
170.6451,5.8280,62.30,119.00,0.007035
170.7271,5.8280,61.76,119.00,0.006790
170.8057,5.8280,62.30,119.00,0.006977
170.8855,5.8280,61.76,119.00,0.006932
170.9637,5.8280,61.76,119.00,0.007000
171.0435,5.8280,62.30,119.00,0.006894
171.1246,5.8280,62.30,119.00,0.007113
171.2078,5.8280,62.03,119.00,0.007047
171.2887,5.8280,61.76,119.00,0.007261
171.3695,5.8280,61.49,119.00,0.007052
171.4466,5.8280,62.03,119.00,0.007331
171.5223,5.8280,62.03,119.00,0.006876
171.5976,5.8280,61.49,119.00,0.006285
171.6787,5.8130,61.76,119.00,0.007232
171.7573,5.8130,62.03,119.00,0.007203
171.8401,5.8130,62.03,119.00,0.007385
171.9193,5.8130,61.49,119.00,0.007130
171.9997,5.8130,61.76,119.00,0.007213
172.0809,5.8130,61.76,119.00,0.007312
172.1629,5.8130,61.76,119.00,0.007333
172.2446,5.8130,61.49,119.00,0.006961
172.3279,5.8130,61.49,119.00,0.007089
172.4076,5.8130,61.76,119.00,0.007099
172.4906,5.8130,62.03,119.00,0.007332
172.5697,5.8550,61.76,119.00,0.007080
172.6508,5.8550,61.49,119.00,0.007105
172.7274,5.8550,61.76,119.00,0.006826
172.8068,5.8550,61.49,119.00,0.007368
172.8871,5.8550,61.76,119.00,0.006640
172.9657,5.8550,62.30,119.00,0.006942
173.0414,5.8550,61.76,119.00,0.006821
173.1168,5.8550,62.30,119.00,0.006608
173.1909,5.8550,61.76,119.00,0.006652
173.2663,5.8550,61.49,119.00,0.006887
173.3424,5.8550,62.03,119.00,0.007017
173.4220,5.8550,62.30,119.00,0.007067
173.4976,5.8550,61.76,119.00,0.006709
173.5773,5.8550,62.03,119.00,0.006506
173.6516,5.8550,61.49,119.00,0.006429
173.7259,5.8550,62.03,119.00,0.006952
173.8024,5.8550,61.76,119.00,0.006804
173.8823,5.8550,61.76,119.00,0.006913
173.9589,5.8550,62.03,119.00,0.007245
174.0371,5.8550,61.22,119.00,0.007130
174.1107,5.8550,61.76,119.00,0.006913
174.1865,5.8550,62.03,119.00,0.006948
174.2622,5.8550,61.76,119.00,0.006834
174.3422,5.8550,61.49,119.00,0.007213
174.4180,5.8550,62.03,119.00,0.006939
174.4956,5.8550,61.76,119.00,0.006934
174.5720,5.8550,61.76,119.00,0.006914
174.6481,5.8550,61.76,119.00,0.007735
174.7238,5.8550,61.22,119.00,0.006665
174.8026,5.8855,62.30,119.00,0.007453
174.8770,5.9160,61.76,119.00,0.007066
174.9546,5.9160,62.30,119.00,0.007069
175.0288,5.9160,62.03,119.00,0.006985
175.1069,5.9160,62.30,119.00,0.006692
175.1806,5.9160,62.03,119.00,0.006630
175.2598,5.9160,62.03,119.00,0.006888
175.3338,5.9160,61.76,119.00,0.006757
175.4113,5.9160,62.03,119.00,0.006696
175.4850,5.9160,61.76,119.00,0.006890
175.5633,5.9470,62.30,119.00,0.006648
175.6374,5.9470,62.30,119.00,0.006572
175.7179,5.9470,61.76,119.00,0.006944
175.7945,5.9470,61.49,119.00,0.007124
175.8720,5.9470,62.03,119.00,0.006752
175.9489,5.9470,62.03,119.00,0.006962
176.0266,5.9470,62.03,119.00,0.006621
176.1035,5.9470,62.03,119.50,0.006661
176.1821,5.9470,62.03,120.00,0.007005
176.2565,5.9470,61.76,120.00,0.006667
176.3347,5.9470,61.49,120.00,0.006670
176.4109,5.9470,62.03,120.00,0.006703
176.4855,5.9470,62.03,120.00,0.006441
176.5605,5.9470,61.76,120.00,0.006509
176.6346,5.9470,62.30,120.00,0.006358
176.7115,5.9335,62.03,120.00,0.007360
176.7903,5.9200,62.03,120.00,0.006784
176.8632,5.9200,62.30,120.00,0.006712
176.9395,5.9200,61.49,120.00,0.006534
177.0134,5.9200,61.76,120.00,0.006755
177.0908,5.9200,62.03,120.00,0.007205
177.1665,5.9200,62.30,120.00,0.007127
177.2446,5.9200,62.30,120.00,0.006749
177.3180,5.9200,62.03,120.00,0.006797
177.3950,5.9200,62.30,120.00,0.006700
177.4691,5.9200,61.76,120.00,0.006796
177.5469,5.9065,62.30,120.00,0.006877
177.6233,5.8930,62.03,120.00,0.007047
177.7007,5.8930,62.30,120.00,0.006861
177.7746,5.8930,61.76,120.00,0.006910
177.8513,5.8930,62.30,120.00,0.006688
177.9253,5.8930,62.30,120.00,0.007162
178.0032,5.8930,61.76,120.00,0.007112
178.0761,5.8930,62.03,120.00,0.006648
178.1544,5.8930,62.30,120.00,0.006846
178.2321,5.8930,62.03,120.00,0.006827
178.3075,5.8930,61.76,120.00,0.006842
178.3807,5.8930,62.30,120.00,0.006886
178.4581,5.8930,62.30,120.00,0.006739
178.5342,5.8895,62.03,120.00,0.007262
178.6102,5.8860,62.03,120.00,0.006716
178.6850,5.8860,62.03,120.00,0.006739
178.7627,5.8860,62.03,120.00,0.007336
178.8376,5.8860,61.76,120.00,0.006495
178.9126,5.8860,62.03,120.00,0.006772
178.9892,5.8860,61.49,120.00,0.007157
179.0664,5.8860,62.03,120.00,0.007195
179.1420,5.8860,62.03,120.00,0.006833
179.2184,5.8860,62.03,120.00,0.006646
179.2916,5.8860,62.30,120.00,0.006702
179.3710,5.8860,62.03,120.00,0.006906
179.4452,5.8860,61.76,120.00,0.007026
179.5192,5.8860,62.30,120.00,0.006847
179.5952,5.9580,62.30,119.50,0.006625
179.6712,5.9580,61.76,119.00,0.007028
179.7468,5.9580,62.03,119.00,0.006684
179.8224,5.9580,62.30,119.00,0.006928
179.8981,5.9580,61.76,120.00,0.007012
179.9751,5.9580,61.76,120.00,0.006575
180.0489,5.9580,62.03,120.00,0.006925
180.1272,5.9580,61.76,120.00,0.007991
180.2019,5.9580,62.03,120.00,0.006791
180.2820,5.9580,62.30,119.00,0.007039
180.3551,5.9580,62.30,119.00,0.006980
180.4341,5.9580,61.76,119.00,0.006959
180.5116,5.9580,62.30,119.00,0.006858
180.5892,5.9470,61.76,119.00,0.006936
180.6656,5.9470,61.76,119.50,0.007096
180.7412,5.9470,62.30,119.00,0.006797
180.8135,5.9470,62.30,119.00,0.006403
180.8872,5.9470,62.30,119.00,0.006418
180.9617,5.9470,62.03,119.50,0.006585
181.0373,5.9470,61.49,119.00,0.006548
181.1133,5.9470,61.49,119.00,0.006905
181.1905,5.9470,62.03,119.00,0.006624
181.2662,5.9470,62.30,119.00,0.006689
181.3461,5.9470,61.76,119.00,0.007024
181.4184,5.9470,62.03,119.00,0.006533
181.4936,5.9470,62.30,119.00,0.006802
181.5702,5.8930,62.30,119.00,0.006899
181.6471,5.8930,62.03,119.00,0.007006
181.7208,5.8930,61.49,119.00,0.006907
181.7968,5.8930,62.30,119.00,0.006370
181.8689,5.8930,62.03,119.00,0.006319
181.9428,5.8930,62.30,119.00,0.006372
182.0151,5.8930,62.30,119.00,0.006325
182.0899,5.8930,61.76,119.00,0.006706
182.1644,5.8930,62.30,119.00,0.006606
182.2374,5.8930,62.03,119.00,0.006375
182.3094,5.8930,62.03,119.00,0.006572
182.3825,5.8930,61.76,119.00,0.006379
182.4550,5.8930,62.30,119.00,0.006427
182.5326,5.8930,62.03,119.00,0.006897
182.6066,5.8930,62.30,119.00,0.006834
182.6832,5.8930,61.76,119.00,0.006572
182.7590,5.8930,62.30,119.00,0.006678
182.8388,5.8930,62.03,119.00,0.006700
182.9127,5.8930,62.03,119.00,0.006997
182.9921,5.8930,61.76,119.00,0.006664
183.0677,5.8930,62.30,119.00,0.006859
183.1426,5.8930,62.03,119.00,0.006455
183.2184,5.8930,62.30,119.00,0.006447
183.2940,5.8930,61.76,119.00,0.006728
183.3685,5.8930,62.03,119.00,0.007055
183.4449,5.8930,61.76,119.00,0.006614
183.5198,5.8930,62.03,119.00,0.006584
183.5947,5.8930,61.76,119.00,0.006720
183.6689,5.8930,61.76,119.00,0.006791
183.7452,5.8930,62.03,119.00,0.006906
183.8217,5.8930,62.30,119.00,0.007111
183.8979,5.8930,61.76,119.00,0.006907
183.9764,5.9430,62.30,119.00,0.007013
184.0535,5.9430,61.76,119.00,0.006785
184.1300,5.9430,61.49,119.00,0.006772
184.2037,5.9430,61.76,119.00,0.006587
184.2757,5.9430,62.30,119.00,0.006558
184.3500,5.9430,62.30,119.00,0.006269
184.4239,5.9430,62.03,119.00,0.007130
184.5017,5.9430,62.03,119.00,0.006802
184.5785,5.9240,61.76,119.00,0.007423
184.6579,5.9240,62.03,119.00,0.006951
184.7330,5.9240,61.76,119.00,0.006290
184.8067,5.9240,62.03,119.00,0.006776
184.8808,5.9240,62.03,119.00,0.006344
184.9583,5.9240,61.76,119.00,0.006763
185.0337,5.9240,62.30,119.00,0.006807
185.1113,5.9240,62.30,119.00,0.006785
185.1860,5.9240,62.30,119.00,0.006435
185.2622,5.9240,62.03,119.00,0.006587
185.3366,5.9240,62.03,118.50,0.006759
185.4134,5.9240,62.30,118.00,0.007151
185.4866,5.9240,62.30,118.00,0.006949
185.5663,5.8510,62.03,118.00,0.006916
185.6421,5.8510,62.03,119.00,0.006914
185.7195,5.8510,62.03,119.00,0.006651
185.7938,5.8510,62.03,118.50,0.006974
185.8706,5.8510,62.30,118.00,0.006711
185.9460,5.8510,61.76,118.00,0.006816
186.0215,5.8510,62.30,118.00,0.006724
186.0988,5.8510,62.30,118.50,0.006735
186.1756,5.8510,62.30,118.00,0.006752
186.2492,5.8510,61.76,118.00,0.006834
186.3250,5.8510,62.03,118.00,0.007160
186.3982,5.8510,62.30,119.00,0.006991
186.4741,5.8510,62.03,118.00,0.006827
186.5497,5.8780,62.03,118.00,0.007105
186.6241,5.9050,61.76,118.00,0.006602
186.6973,5.9050,61.76,118.00,0.006720
186.7771,5.9050,61.49,118.00,0.006581
186.8527,5.9050,62.30,118.00,0.006980
186.9292,5.9050,62.03,118.00,0.006909
187.0048,5.9050,61.76,118.00,0.006985
187.0824,5.9050,62.03,118.00,0.006866
187.1587,5.9050,62.03,118.00,0.007226
187.2356,5.9050,62.30,118.00,0.006706
187.3137,5.9050,62.30,118.00,0.006798
187.3913,5.9050,61.76,118.00,0.007064
187.4671,5.9050,61.76,118.00,0.007095
187.5412,5.9050,62.30,118.00,0.006317
187.6134,5.9050,62.57,118.00,0.006469
187.6870,5.9050,61.76,118.00,0.006482
187.7630,5.9220,62.30,118.00,0.007463
187.8375,5.9390,61.76,118.00,0.006358
187.9128,5.9390,62.30,118.00,0.007198
187.9888,5.9390,62.30,118.00,0.007034
188.0648,5.9390,62.03,118.00,0.007238
188.1417,5.9390,62.03,118.00,0.006762
188.2177,5.9390,62.03,118.00,0.006943
188.2948,5.9390,61.49,118.00,0.006822
188.3727,5.9390,62.03,118.00,0.007104
188.4497,5.9390,62.30,118.00,0.006611
188.5260,5.9105,61.76,118.00,0.006593
188.6048,5.8820,62.03,118.00,0.006648
188.6796,5.8820,62.03,118.00,0.006498
188.7545,5.8820,62.30,118.00,0.006859
188.8296,5.8820,61.76,118.00,0.006760
188.9071,5.8820,62.30,118.00,0.006554
188.9822,5.8820,62.03,118.00,0.006688
189.0593,5.8820,62.30,118.00,0.006830
189.1325,5.8820,62.03,118.00,0.006968
189.2067,5.8820,61.49,118.00,0.006311
189.2801,5.8820,62.30,118.00,0.006559
189.3549,5.8820,62.03,118.00,0.006765
189.4309,5.8820,62.03,118.00,0.007146
189.5063,5.8820,62.30,118.00,0.006792
189.5807,5.9540,62.03,118.00,0.006722
189.6587,5.9540,62.03,118.00,0.006948
189.7352,5.9540,62.30,118.00,0.006944
189.8124,5.9540,61.76,118.00,0.006699
189.8884,5.9540,62.03,118.00,0.007017
189.9660,5.9540,62.30,118.00,0.007141
190.0414,5.9540,62.30,118.00,0.006851
190.1191,5.9540,62.30,118.00,0.006804
190.1943,5.9540,62.30,118.00,0.006626
190.2739,5.9540,62.30,118.00,0.006653
190.3491,5.9540,62.03,118.00,0.006470
190.4256,5.9540,62.30,118.00,0.007163
190.5029,5.9540,62.03,118.00,0.006798
190.5790,5.8440,62.30,118.00,0.006820
190.6524,5.8440,62.30,118.00,0.006807
190.7304,5.8440,62.03,118.00,0.007237
190.8060,5.8440,62.30,118.00,0.006559
190.8815,5.8440,62.30,117.50,0.006797
190.9569,5.8440,61.76,117.50,0.006749
191.0367,5.8440,62.30,117.50,0.006777
191.1113,5.8440,61.49,117.50,0.006744
191.1890,5.8440,62.03,117.00,0.006764
191.2620,5.8440,62.03,117.00,0.006555
191.3399,5.8440,61.76,117.00,0.007565
191.4160,5.8440,62.30,118.00,0.007050
191.4915,5.8440,62.03,118.00,0.006835
191.5659,5.8890,62.03,117.50,0.006771
191.6424,5.8890,62.30,118.00,0.007371
191.7165,5.8890,62.30,118.00,0.006730
191.7951,5.8890,62.03,117.50,0.006485
191.8697,5.8890,62.30,117.50,0.006645
191.9461,5.8890,62.30,118.00,0.006561
192.0215,5.8890,62.30,118.00,0.006687
192.0986,5.8890,62.03,118.00,0.006356
192.1748,5.8890,61.76,118.00,0.007251
192.2547,5.8890,62.30,118.00,0.007493
192.3305,5.8890,62.30,118.00,0.006856
192.4098,5.8890,61.76,118.00,0.006665
192.4863,5.8890,61.76,118.00,0.006985
192.5649,5.8470,62.03,118.00,0.006732
192.6415,5.8470,62.30,117.50,0.006943
192.7209,5.8470,62.30,117.00,0.006643
192.7944,5.8470,62.30,117.00,0.006950
192.8689,5.8470,62.30,117.50,0.006398
192.9427,5.8470,62.03,117.00,0.006481
193.0225,5.8470,61.49,117.00,0.006817
193.0992,5.8470,62.30,117.00,0.006684
193.1770,5.8470,62.03,117.00,0.006686
193.2526,5.8470,62.30,117.00,0.006764
193.3299,5.8470,62.03,117.00,0.006857
193.4051,5.8470,62.30,117.00,0.006900
193.4824,5.8470,62.03,117.00,0.006769
193.5593,5.8890,62.03,117.00,0.006645
193.6368,5.8890,62.03,117.00,0.006815
193.7130,5.8890,62.03,117.00,0.007056
193.7905,5.8890,62.30,117.00,0.006734
193.8648,5.8890,62.30,118.00,0.006871
193.9419,5.8890,62.30,117.00,0.006704
194.0170,5.8890,61.76,117.00,0.006398
194.0942,5.8890,62.30,117.00,0.007075
194.1680,5.8890,62.03,117.00,0.006781
194.2465,5.8890,62.03,117.00,0.007362
194.3209,5.8890,62.03,117.00,0.006878
194.3983,5.8890,62.03,117.00,0.006840
194.4724,5.8890,62.30,117.00,0.007097
194.5503,5.8585,61.76,117.00,0.007375
194.6263,5.8280,62.30,117.00,0.007025
194.7043,5.8280,62.03,117.00,0.007653
194.7777,5.8280,62.30,117.00,0.006943
194.8584,5.8280,62.03,117.00,0.007386
194.9306,5.8280,62.03,117.00,0.006447
195.0047,5.8280,62.30,117.00,0.006769
195.0784,5.8280,62.30,117.00,0.006730
195.1561,5.8280,62.03,117.00,0.007048
195.2291,5.8280,61.76,117.00,0.007098
195.3035,5.8280,62.30,117.00,0.006623
195.3814,5.8280,61.76,117.00,0.006716
195.4590,5.8280,62.30,117.00,0.006708
195.5384,5.8280,62.03,117.00,0.007237
195.6203,5.8280,62.30,117.00,0.006727
195.6992,5.8280,62.30,117.00,0.006802
195.7788,5.8280,61.76,117.00,0.007023
195.8539,5.8280,62.30,117.00,0.006395
195.9302,5.8280,62.30,117.00,0.006546
196.0028,5.8280,62.30,117.00,0.006550
196.0778,5.8280,61.76,117.00,0.006403
196.1516,5.8280,62.03,117.00,0.007314
196.2256,5.8280,62.03,117.00,0.006418
196.2971,5.8280,62.03,117.00,0.006420
196.3736,5.8280,62.30,117.00,0.006649
196.4455,5.8280,62.30,117.00,0.006366
196.5233,5.8280,61.76,117.00,0.006828
196.5995,5.9005,61.76,117.00,0.006749
196.6780,5.9730,62.30,117.00,0.007111
196.7552,5.9730,62.30,117.00,0.007250
196.8303,5.9730,62.03,117.00,0.006827
196.9065,5.9730,62.30,117.00,0.006883
196.9820,5.9730,61.76,117.00,0.006905
197.0571,5.9730,62.03,117.00,0.006745
197.1328,5.9730,62.03,117.00,0.006878
197.2084,5.9730,62.30,117.00,0.007419
197.2834,5.9730,62.30,117.00,0.006952
197.3567,5.9730,62.30,117.00,0.006752
197.4335,5.9730,62.30,117.00,0.006771
197.5103,5.9730,62.03,117.00,0.007011
197.5898,5.8970,61.76,117.00,0.006750
197.6671,5.8970,62.03,117.00,0.006613
197.7452,5.8970,62.03,117.00,0.006696
197.8208,5.8970,62.30,117.00,0.006843
197.8980,5.8970,62.30,117.00,0.007129
197.9717,5.8970,61.76,117.00,0.006495
198.0463,5.8970,61.76,117.00,0.006653
198.1227,5.8970,62.30,117.00,0.007008
198.1977,5.8970,61.76,117.00,0.006734
198.2705,5.8970,61.49,117.00,0.006583
198.3477,5.8970,62.03,117.00,0.006790
198.4213,5.8970,62.03,117.00,0.006833
198.4987,5.8970,62.03,117.00,0.006945
198.5732,5.8930,62.03,117.00,0.006880
198.6501,5.8930,62.03,117.00,0.006593
198.7257,5.8930,62.03,117.00,0.006803
198.8027,5.8930,62.03,117.00,0.006462
198.8784,5.8930,62.03,117.00,0.006749
198.9534,5.8930,62.30,117.00,0.006935
199.0285,5.8930,62.30,117.00,0.006624
199.1065,5.8930,62.03,117.00,0.006974
199.1818,5.8930,62.30,117.00,0.006722
199.2617,5.8930,62.03,117.00,0.006824
199.3380,5.8930,61.76,117.00,0.007054
199.4143,5.8930,62.30,117.00,0.006985
199.4894,5.8930,62.03,117.00,0.006441
199.5631,5.8930,61.49,117.00,0.006575
199.6378,5.8930,62.03,117.00,0.006683
199.7135,5.8930,62.03,117.00,0.006620
199.7880,5.8440,62.03,117.00,0.006485
199.8619,5.8440,62.30,117.00,0.006404
199.9342,5.8440,62.30,117.00,0.006508
200.0108,5.8440,62.30,117.00,0.006876
200.0865,5.8440,62.03,117.00,0.006897
200.1657,5.8440,62.30,117.00,0.006657
200.2378,5.8440,62.30,117.00,0.006568
200.3109,5.8440,62.03,116.50,0.006328
200.3860,5.8440,62.30,116.00,0.006798
200.4626,5.8440,61.76,116.00,0.006879
200.5383,5.8860,62.30,116.00,0.006867
200.6139,5.9280,62.03,116.50,0.007175
200.6871,5.9280,62.30,116.00,0.007085
200.7646,5.9280,61.76,116.00,0.006473
200.8361,5.9280,61.49,116.00,0.006415
200.9104,5.9280,62.30,117.00,0.006603
200.9822,5.9280,62.03,117.00,0.006594
201.0586,5.9280,62.30,117.00,0.006962
201.1343,5.9280,62.03,116.50,0.006901
201.2090,5.9280,62.30,116.50,0.006721
201.2816,5.9280,62.30,116.00,0.006645
201.3586,5.9280,62.30,116.00,0.006887
201.4349,5.9280,62.03,116.00,0.006796
201.5099,5.9280,62.03,116.00,0.006833
201.5868,5.9700,62.30,116.00,0.006642
201.6661,5.9700,61.76,116.00,0.007232
201.7417,5.9700,62.03,116.00,0.006879
201.8182,5.9700,62.30,116.00,0.006825
201.8910,5.9700,61.76,116.00,0.006547
201.9664,5.9700,62.03,116.00,0.007233
202.0420,5.9700,62.30,116.00,0.006903
202.1192,5.9700,62.30,116.00,0.006738
202.1948,5.9700,61.49,116.00,0.007167
202.2705,5.9700,62.30,116.00,0.007079
202.3448,5.9700,62.30,116.00,0.006413
202.4175,5.9700,62.30,116.00,0.006391
202.4923,5.9700,62.30,116.00,0.006533
202.5659,5.9700,62.03,116.00,0.006418
202.6422,5.8780,62.57,116.00,0.006993
202.7194,5.8780,62.03,116.00,0.006862
202.7932,5.8780,62.30,116.00,0.006963
202.8715,5.8780,62.30,116.00,0.007107
202.9471,5.8780,62.30,116.50,0.006777
203.0261,5.8780,62.30,117.00,0.007250
203.1068,5.8780,61.49,116.00,0.006869
203.1875,5.8780,62.03,116.00,0.007105
203.2678,5.8780,62.03,116.00,0.007426
203.3502,5.8780,62.30,116.00,0.006733
203.4233,5.8780,62.03,116.00,0.006594
203.4987,5.8780,62.30,117.00,0.006875
203.5733,5.8780,61.76,117.00,0.006702
203.6489,5.8780,62.30,117.00,0.007082
203.7289,5.8320,62.30,117.00,0.007251
203.8118,5.8320,62.03,116.50,0.006885
203.8928,5.8320,62.03,116.00,0.007175
203.9743,5.8320,62.30,116.00,0.007193
204.0518,5.8320,62.03,116.00,0.007473
204.1313,5.8320,62.03,116.00,0.006707
204.2057,5.8320,61.76,116.00,0.007026
204.2832,5.8320,62.03,116.00,0.006765
204.3587,5.8320,62.03,116.00,0.007056
204.4379,5.8320,61.76,116.00,0.007703
204.5139,5.8320,61.76,116.50,0.006986
204.5911,5.8320,62.03,116.00,0.006560
204.6665,5.8320,62.30,116.00,0.006813
204.7462,5.8320,61.76,116.00,0.007213
204.8221,5.8320,62.03,116.00,0.006538
204.9024,5.8320,62.03,116.00,0.006729
204.9772,5.8320,62.30,116.00,0.006744
205.0542,5.8320,62.30,116.00,0.006928
205.1296,5.8320,62.30,116.00,0.006904
205.2061,5.8320,61.49,116.00,0.006668
205.2819,5.8320,62.30,117.00,0.006781
205.3572,5.8320,61.76,117.00,0.006418
205.4299,5.8320,62.03,117.00,0.006609
205.5057,5.8320,62.03,117.00,0.006596
205.5805,5.8320,62.30,116.50,0.006801
205.6597,5.8320,62.30,116.00,0.007107
205.7324,5.8320,62.03,116.50,0.006379
205.8067,5.8320,61.22,116.00,0.006610
205.8813,5.8320,62.03,116.00,0.006853
205.9585,5.8320,62.30,116.00,0.007292
206.0307,5.8320,62.57,116.00,0.006279
206.1047,5.8320,62.30,116.00,0.006656
206.1766,5.8320,61.76,116.00,0.006306
206.2509,5.8320,62.03,116.00,0.006700
206.3259,5.8320,62.30,116.00,0.006537
206.4007,5.8320,61.49,116.00,0.006836
206.4723,5.8320,62.03,116.00,0.006299
206.5461,5.8320,62.30,116.00,0.006614
206.6183,5.8320,62.03,116.00,0.006696
206.6941,5.8320,62.30,116.00,0.006751
206.7699,5.8320,62.03,116.00,0.006589
206.8472,5.8320,62.30,116.00,0.006626
206.9230,5.8320,61.76,116.00,0.006736
206.9982,5.8320,62.57,116.00,0.006824
207.0738,5.8320,62.30,116.50,0.006712
207.1553,5.8320,62.30,116.00,0.007108
207.2343,5.8320,62.03,116.00,0.007127
207.3151,5.8320,62.03,116.00,0.007557
207.3956,5.8320,62.30,116.00,0.006735
207.4773,5.8320,62.03,116.00,0.007453
207.5588,5.8455,62.03,116.00,0.007400
207.6429,5.8590,62.03,116.00,0.007213
207.7225,5.8590,62.03,116.00,0.007591
207.8051,5.8590,62.30,116.00,0.006758
207.8876,5.8590,62.30,116.00,0.007164
207.9673,5.8590,61.76,116.00,0.006951
208.0431,5.8590,62.03,117.00,0.006956
208.1167,5.8590,62.30,117.00,0.006713
208.1889,5.8590,62.03,117.00,0.006612
208.2632,5.8590,62.03,117.00,0.006824
208.3386,5.8590,61.76,117.00,0.007261
208.4125,5.8590,62.03,117.00,0.007053
208.4859,5.8590,62.30,117.00,0.006718
208.5628,5.9430,62.30,117.00,0.006821
208.6388,5.9430,62.30,117.00,0.007107
208.7126,5.9430,61.76,117.00,0.006716
208.7849,5.9430,62.03,117.00,0.006852
208.8578,5.9430,62.30,117.00,0.006394
208.9293,5.9430,62.30,117.00,0.006470
209.0028,5.9430,62.30,117.00,0.006711
209.0751,5.9430,61.76,117.00,0.006858
209.1524,5.9430,62.03,117.00,0.007178
209.2301,5.9430,62.30,117.00,0.007121
209.3066,5.9430,62.30,117.00,0.006882
209.3817,5.9430,62.30,117.00,0.006877
209.4587,5.9430,62.30,117.00,0.006979
209.5354,5.9105,62.03,117.00,0.006626
209.6116,5.8780,62.03,117.00,0.006344
209.6850,5.8780,61.76,117.00,0.006960
209.7593,5.8780,62.03,117.00,0.006697
209.8350,5.8780,62.03,117.00,0.006727
209.9111,5.8780,62.30,117.00,0.006448
209.9864,5.8780,62.03,117.00,0.007014
210.0631,5.8780,62.03,117.00,0.007010
210.1385,5.8780,62.30,117.00,0.007034
210.2152,5.8780,62.30,117.00,0.007047
210.2904,5.8780,62.30,117.00,0.007111
210.3690,5.8780,61.76,117.00,0.007081
210.4457,5.8780,62.30,117.00,0.007162
210.5290,5.9045,62.03,117.50,0.008324
210.6093,5.9310,62.30,118.50,0.007146
210.6890,5.9310,61.76,119.00,0.006967
210.7650,5.9310,62.03,119.00,0.007042
210.8416,5.9310,62.03,119.00,0.006819
210.9165,5.9310,62.30,119.00,0.007150
210.9912,5.9310,62.30,119.00,0.006808
211.0651,5.9310,62.30,119.00,0.007044
211.1419,5.9310,62.30,119.00,0.007081
211.2192,5.9310,62.03,119.00,0.006917
211.2934,5.9310,62.30,119.00,0.006813
211.3660,5.9310,62.03,119.00,0.006824
211.4450,5.9310,62.03,119.00,0.007171
211.5174,5.9310,62.30,119.00,0.006992
211.5943,5.8860,62.30,119.00,0.006703
211.6686,5.8860,62.30,119.00,0.006495
211.7423,5.8860,62.03,119.00,0.006716
211.8179,5.8860,62.03,119.00,0.006895
211.8945,5.8860,62.30,119.00,0.006866
211.9690,5.8860,62.30,119.00,0.006833
212.0459,5.8860,61.76,119.00,0.007017
212.1205,5.8860,62.30,119.00,0.006790
212.1944,5.8860,62.30,119.00,0.006466
212.2692,5.8860,62.30,119.00,0.007056
212.3456,5.8860,62.03,119.00,0.006809
212.4183,5.8860,61.76,119.00,0.007011
212.4950,5.8860,62.03,119.00,0.006689
212.5704,5.9090,62.30,119.00,0.006797
212.6471,5.9090,61.49,119.00,0.006788
212.7217,5.9090,62.30,119.00,0.006620
212.7961,5.9090,62.30,119.00,0.006589
212.8704,5.9090,62.57,119.00,0.006759
212.9464,5.9090,62.30,119.00,0.006805
213.0198,5.9090,62.03,119.00,0.006754
213.0945,5.9090,62.30,119.00,0.007384
213.1693,5.9090,62.30,119.00,0.006795
213.2427,5.9090,62.57,119.00,0.006576
213.3152,5.9090,62.30,119.00,0.006945
213.3892,5.9090,62.03,119.00,0.006904
213.4608,5.9090,62.30,119.00,0.006309
213.5336,5.9090,61.76,119.00,0.006640
213.6048,5.9090,62.30,119.00,0.006353
213.6795,5.9090,62.30,119.00,0.007066
213.7552,6.0650,62.03,119.00,0.006682
213.8280,6.0650,62.30,119.00,0.006356
213.8991,6.0650,62.30,119.00,0.006367
213.9720,6.0650,62.03,119.00,0.006526
214.0465,6.0650,62.30,119.00,0.006533
214.1226,6.0650,62.03,119.00,0.006507
214.1975,6.0650,62.57,119.00,0.006638
214.2716,6.0650,62.03,119.00,0.006998
214.3486,6.0650,62.30,119.00,0.006581
214.4227,6.0650,61.49,119.00,0.006460
214.4948,6.0650,62.30,119.00,0.006366
214.5695,6.0650,62.30,119.00,0.006408
214.6417,6.0650,62.03,119.00,0.006815
214.7178,5.8930,62.30,119.00,0.006571
214.7936,5.8930,61.76,119.00,0.007055
214.8699,5.8930,62.30,119.00,0.006616
214.9452,5.8930,62.30,119.00,0.006844
215.0225,5.8930,61.76,119.00,0.007191
215.0983,5.8930,62.30,119.00,0.007028
215.1740,5.8930,62.30,119.00,0.006414
215.2453,5.8930,62.03,119.00,0.006427
215.3179,5.8930,62.30,119.00,0.006676
215.3946,5.8930,62.03,119.00,0.006905
215.4699,5.8930,62.30,119.00,0.006557
215.5411,5.8930,62.30,119.00,0.006318
215.6142,5.8930,62.30,119.00,0.006578
215.6905,5.8930,62.30,119.00,0.006839
215.7662,5.9120,61.76,119.00,0.007266
215.8410,5.9310,62.30,119.00,0.006844
215.9150,5.9310,62.30,119.00,0.007031
215.9910,5.9310,62.30,119.00,0.006862
216.0671,5.9310,62.30,119.00,0.006797
216.1421,5.9310,61.76,119.50,0.006905
216.2182,5.9310,62.30,120.00,0.006982
216.2931,5.9310,62.03,120.00,0.006806
216.3669,5.9310,62.03,120.00,0.006813
216.4423,5.9310,62.03,120.00,0.007140
216.5188,5.9200,61.76,120.00,0.007560
216.5944,5.9090,62.30,120.00,0.007043
216.6732,5.9090,62.30,120.00,0.006933
216.7472,5.9090,62.30,120.00,0.007649
216.8215,5.9090,62.57,120.00,0.006804
216.8982,5.9090,62.30,120.00,0.006621
216.9709,5.9090,62.30,120.00,0.006541
217.0452,5.9090,61.49,120.00,0.006765
217.1205,5.9090,62.30,120.00,0.006547
217.1941,5.9090,62.30,120.00,0.006883
217.2706,5.9090,62.30,120.00,0.006841
217.3460,5.9090,62.30,120.00,0.006571
217.4222,5.9090,61.76,120.00,0.006703
217.4979,5.9090,61.76,120.00,0.007028
217.5770,5.8250,62.03,120.00,0.006874
217.6522,5.8250,62.30,120.00,0.006728
217.7269,5.8250,62.30,120.00,0.006911
217.8011,5.8250,62.30,120.00,0.006593
217.8772,5.8250,62.30,120.00,0.006905
217.9495,5.8250,61.76,120.00,0.006852
218.0258,5.8250,62.30,120.00,0.007045
218.1025,5.8250,62.57,120.00,0.006875
218.1788,5.8250,62.30,120.00,0.007108
218.2539,5.8250,62.30,120.00,0.006890
218.3303,5.8250,62.30,120.00,0.006894
218.4055,5.8250,62.57,120.00,0.006887
218.4815,5.8250,62.03,120.00,0.007172
218.5567,5.8970,62.30,120.00,0.006732
218.6324,5.8970,62.30,120.00,0.006417
218.7068,5.8970,62.03,120.00,0.006570
218.7832,5.8970,62.30,120.00,0.007116
218.8579,5.8970,62.30,120.00,0.006897
218.9347,5.8970,62.30,120.00,0.006977
219.0071,5.8970,62.30,120.00,0.006842
219.0828,5.8970,62.03,120.00,0.006764
219.1574,5.8970,62.30,120.00,0.006572
219.2313,5.8970,62.30,120.00,0.006712
219.3064,5.8970,62.30,120.00,0.006721
219.3826,5.8970,62.03,120.00,0.006949
219.4573,5.8970,62.30,120.00,0.006774
219.5333,5.9255,62.03,120.00,0.006815
219.6063,5.9540,62.30,120.00,0.007087
219.6820,5.9540,62.30,120.00,0.006603
219.7594,5.9540,62.03,120.00,0.006544
219.8335,5.9540,62.30,120.00,0.006919
219.9085,5.9540,62.30,120.00,0.007103
219.9863,5.9540,62.03,120.00,0.006703
220.0617,5.9540,62.03,120.00,0.007191
220.1375,5.9540,62.30,120.00,0.006595
220.2154,5.9540,62.03,120.00,0.006915
220.2914,5.9540,62.30,120.00,0.006796
220.3666,5.9540,62.03,120.00,0.006836
220.4448,5.9540,62.03,120.00,0.007013
220.5179,5.8990,62.30,120.00,0.007006
220.5944,5.8440,62.03,120.00,0.006628
220.6692,5.8440,61.76,120.00,0.006997
220.7462,5.8440,62.30,120.00,0.007702
220.8206,5.8440,62.30,120.00,0.006774
220.8941,5.8440,62.30,120.00,0.006905
220.9688,5.8440,62.30,120.00,0.006873
221.0473,5.8440,62.30,120.00,0.006794
221.1208,5.8440,62.03,120.00,0.006278
221.1936,5.8440,62.03,120.00,0.006809
221.2645,5.8440,62.30,120.00,0.006364
221.3380,5.8440,62.30,120.00,0.006649
221.4108,5.8440,62.03,120.00,0.006641
221.4868,5.8440,62.30,119.50,0.006938
221.5620,5.9200,62.30,119.00,0.006635
221.6383,5.9200,62.30,119.50,0.006783
221.7134,5.9200,62.30,119.00,0.006787
221.7894,5.9200,62.03,119.00,0.006731
221.8650,5.9200,62.03,119.00,0.007219
221.9387,5.9200,62.30,119.00,0.006724
222.0136,5.9200,62.30,119.50,0.006869
222.0903,5.9200,62.30,119.00,0.007044
222.1674,5.9200,62.30,119.00,0.006768
222.2413,5.9200,62.03,119.00,0.006782
222.3151,5.9200,62.30,119.00,0.007184
222.3906,5.9200,62.30,119.00,0.006574
222.4658,5.9200,62.03,119.00,0.006786
222.5420,5.8855,62.03,119.00,0.006951
222.6171,5.8510,62.30,119.00,0.006923
222.6913,5.8510,62.03,119.00,0.006785
222.7671,5.8510,62.30,119.00,0.007309
222.8408,5.8510,62.30,119.00,0.006666
222.9178,5.8510,62.30,119.00,0.006777
222.9944,5.8510,62.03,119.00,0.007084
223.0691,5.8510,62.30,119.00,0.007045
223.1433,5.8510,62.30,119.00,0.006771
223.2187,5.8510,62.30,119.00,0.007113
223.2951,5.8510,61.76,119.00,0.006617
223.3702,5.8510,62.03,119.00,0.006941
223.4462,5.8510,62.30,119.00,0.006854
223.5210,5.8570,62.30,119.00,0.007115
223.5994,5.8630,62.30,119.00,0.006658
223.6735,5.8630,62.30,119.00,0.006465
223.7458,5.8630,62.30,119.00,0.006389
223.8178,5.8630,62.30,119.00,0.006949
223.8933,5.8630,62.30,119.00,0.007172
223.9660,5.8630,62.30,119.00,0.006985
224.0422,5.8630,62.03,119.00,0.007044
224.1171,5.8630,62.30,119.00,0.006918
224.1905,5.8630,62.30,119.00,0.006489
224.2649,5.8630,62.30,119.00,0.006380
224.3410,5.8630,62.30,119.00,0.007038
224.4137,5.8630,62.30,119.00,0.006960
224.4904,5.8630,62.57,119.00,0.007011
224.5643,5.9430,62.30,119.00,0.006771
224.6383,5.9430,62.57,119.00,0.007024
224.7140,5.9430,62.30,119.00,0.007279
224.7924,5.9430,62.30,119.00,0.006774
224.8677,5.9430,62.30,119.00,0.006863
224.9437,5.9430,62.30,119.00,0.006953
225.0168,5.9430,62.03,119.00,0.006831
225.0906,5.9430,62.30,119.00,0.007015
225.1657,5.9430,62.03,119.00,0.006974
225.2421,5.9430,62.30,119.00,0.007265
225.3167,5.9430,62.30,119.00,0.006615
225.3901,5.9430,62.30,119.00,0.006485
225.4648,5.9430,62.30,118.50,0.006756
225.5391,5.9160,61.76,118.50,0.007111
225.6141,5.8890,61.76,119.00,0.006742
225.6906,5.8890,62.30,119.00,0.006878
225.7629,5.8890,62.30,119.00,0.006689
225.8388,5.8890,62.30,119.00,0.006852
225.9130,5.8890,62.30,119.00,0.006508
225.9866,5.8890,62.30,119.00,0.006763
226.0581,5.8890,62.30,119.00,0.006783
226.1307,5.8890,62.30,119.00,0.006359
226.2043,5.8890,62.30,119.00,0.006303
226.2786,5.8890,62.30,119.00,0.006971
226.3553,5.8890,62.30,119.00,0.006545
226.4292,5.8890,62.30,119.00,0.006601
226.5032,5.8890,61.76,119.00,0.006447
226.5776,5.8890,62.30,119.00,0.006392
226.6492,5.8890,62.03,119.00,0.006560
226.7225,5.8890,62.30,119.00,0.006356
226.7982,5.9065,62.30,118.50,0.006988
226.8747,5.9240,62.30,118.00,0.007058
226.9497,5.9240,62.30,118.00,0.007089
227.0260,5.9240,62.30,118.00,0.007212
227.0990,5.9240,62.30,118.00,0.006671
227.1730,5.9240,62.30,118.00,0.006834
227.2448,5.9240,62.30,118.00,0.006363
227.3194,5.9240,62.03,118.00,0.006446
227.3934,5.9240,62.30,118.00,0.006549
227.4672,5.9240,62.03,118.50,0.006433
227.5425,5.9240,62.30,118.50,0.007007
227.6193,5.9240,62.30,118.00,0.006966
227.6914,5.9240,62.30,118.00,0.006703
227.7706,5.9240,62.30,118.50,0.007090
227.8456,5.9240,62.30,119.00,0.006968
227.9213,5.9240,62.57,119.00,0.007086
227.9938,5.9240,62.30,119.00,0.006508
228.0684,5.9240,62.30,118.00,0.006396
228.1416,5.9240,62.03,118.00,0.006584
228.2136,5.9240,62.30,118.00,0.006462
228.2903,5.9240,62.03,118.00,0.006795
228.3665,5.9240,62.30,118.00,0.006953
228.4421,5.9240,62.03,118.00,0.006892
228.5182,5.9240,62.30,118.00,0.007070
228.5928,5.9240,62.30,118.00,0.006588
228.6682,5.9240,62.30,118.00,0.006626
228.7411,5.9240,62.30,118.00,0.006702
228.8145,5.9240,62.30,118.00,0.006528
228.8855,5.9240,62.03,118.00,0.006479
228.9579,5.9240,62.30,118.00,0.006577
229.0294,5.9240,62.03,118.00,0.006644
229.1063,5.9470,62.03,118.00,0.006851
229.1830,5.9470,62.30,118.00,0.006675
229.2571,5.9470,62.30,118.00,0.006751
229.3301,5.9470,62.30,118.00,0.007179
229.4045,5.9470,62.30,118.00,0.007127
229.4790,5.9470,62.30,118.00,0.006515
229.5531,5.9070,62.03,118.00,0.006816
229.6263,5.8670,62.30,118.00,0.007106
229.7027,5.8670,62.30,118.00,0.006944
229.7781,5.8670,62.30,118.00,0.007037
229.8538,5.8670,62.03,118.00,0.006644
229.9247,5.8670,62.03,118.00,0.006441
229.9974,5.8670,62.30,118.00,0.006575
230.0684,5.8670,62.30,118.00,0.006329
230.1426,5.8670,62.30,118.00,0.007655
230.2171,5.8670,62.03,118.00,0.006630
230.2934,5.8670,61.76,118.00,0.006664
230.3680,5.8670,62.30,118.00,0.006685
230.4463,5.8670,62.30,118.00,0.006927
230.5216,5.8670,62.30,118.00,0.006604
230.5941,5.8670,62.30,118.00,0.006797
230.6651,5.8670,62.30,118.00,0.006317
230.7375,5.8670,62.30,118.00,0.006342
230.8087,5.8670,62.30,118.00,0.006342
230.8809,5.8670,62.30,118.00,0.006356
230.9537,5.8670,62.30,118.00,0.007046
231.0297,5.8670,62.30,117.50,0.006697
231.1068,5.8670,62.03,117.00,0.007116
231.1824,5.8670,62.30,117.00,0.006858
231.2571,5.8670,62.03,117.50,0.006767
231.3305,5.8670,62.03,118.00,0.006500
231.4057,5.8670,62.30,118.00,0.007259
231.4797,5.8670,62.30,118.00,0.006960
231.5545,5.8670,62.30,118.00,0.007144
231.6287,5.8670,62.03,118.00,0.006384
231.7015,5.8670,62.30,118.00,0.007160
231.7777,5.8670,62.30,118.00,0.006994
231.8540,5.8670,62.30,118.00,0.006688
231.9310,5.8630,62.30,118.00,0.007048
232.0055,5.8630,62.30,118.00,0.006724
232.0780,5.8630,62.03,118.00,0.006374
232.1495,5.8630,62.03,118.00,0.006715
232.2216,5.8630,62.30,118.00,0.006566
232.2938,5.8630,62.30,118.00,0.006690
232.3725,5.8630,61.76,118.00,0.006895
232.4446,5.8630,62.30,118.00,0.006483
232.5196,5.9105,62.30,118.00,0.007269
232.5974,5.9580,62.30,118.00,0.007255
232.6730,5.9580,62.30,118.00,0.006754
232.7484,5.9580,62.30,117.50,0.007102
232.8246,5.9580,62.03,117.50,0.006944
232.8977,5.9580,62.30,117.00,0.006964
232.9738,5.9580,62.30,117.00,0.006821
233.0494,5.9580,62.30,117.00,0.007195
233.1233,5.9580,62.30,117.00,0.006826
233.1985,5.9580,62.30,117.00,0.007088
233.2747,5.9580,62.30,117.50,0.006892
233.3472,5.9580,62.30,118.00,0.006727
233.4210,5.9580,62.03,118.00,0.006335
233.4956,5.9580,62.30,118.00,0.006483
233.5705,5.8930,62.30,118.00,0.007112
233.6451,5.8930,62.30,118.00,0.006924
233.7186,5.8930,62.30,118.00,0.006844
233.7917,5.8930,62.57,118.00,0.006840
233.8675,5.8930,62.30,118.00,0.006710
233.9425,5.8930,62.57,118.00,0.007119
234.0183,5.8930,62.30,117.00,0.006676
234.0929,5.8930,62.30,117.00,0.006761
234.1666,5.8930,62.30,117.00,0.006635
234.2395,5.8930,62.30,117.00,0.006853
234.3128,5.8930,62.30,117.00,0.006493
234.3857,5.8930,62.03,117.00,0.006814
234.4624,5.8930,62.30,117.00,0.006961
234.5383,5.8970,62.03,117.00,0.006973
234.6148,5.9010,62.03,117.00,0.006759
234.6906,5.9010,62.30,117.50,0.007245
234.7671,5.9010,62.03,117.00,0.006879
234.8425,5.9010,61.76,117.00,0.007277
234.9186,5.9010,62.30,117.00,0.006819
234.9936,5.9010,62.30,117.00,0.006783
235.0704,5.9010,62.03,117.00,0.006956
235.1458,5.9010,62.30,117.00,0.006619
235.2216,5.9010,62.30,117.00,0.006442
235.2944,5.9010,62.30,117.50,0.006924
235.3702,5.9010,62.03,118.00,0.006841
235.4428,5.9010,62.30,118.00,0.006483
235.5169,5.9010,62.30,118.00,0.006279
235.5910,5.9010,62.03,118.00,0.006275
235.6654,5.9010,62.30,118.00,0.006481
235.7404,5.9050,62.30,118.00,0.007589
235.8152,5.9090,62.57,118.00,0.006551
235.8908,5.9090,62.30,118.00,0.007192
235.9644,5.9090,62.30,117.50,0.006720
236.0369,5.9090,62.30,117.00,0.006860
236.1111,5.9090,62.30,117.00,0.006563
236.1859,5.9090,62.30,117.00,0.006647
236.2620,5.9090,62.30,117.00,0.006806
236.3347,5.9090,62.57,117.50,0.007010
236.4108,5.9090,62.30,118.00,0.006734
236.4857,5.9090,62.30,117.50,0.006956
236.5581,5.9090,62.03,117.00,0.006623
236.6293,5.9090,62.30,117.50,0.006486
236.7076,5.9430,62.30,117.00,0.007227
236.7830,5.9430,61.76,117.00,0.006644
236.8598,5.9430,62.03,117.00,0.006443
236.9355,5.9430,62.30,117.00,0.006723
237.0107,5.9430,62.30,117.00,0.007761
237.0848,5.9430,62.30,117.00,0.007121
237.1589,5.9430,62.30,117.00,0.006934
237.2341,5.9430,62.30,117.00,0.006924
237.3116,5.9430,62.30,117.00,0.006582
237.3859,5.9430,62.30,117.50,0.006544
237.4626,5.9430,62.30,117.00,0.006574
237.5355,5.9390,62.30,117.00,0.006833
237.6126,5.9350,62.30,117.00,0.006670
237.6850,5.9350,62.03,117.00,0.006774
237.7595,5.9350,62.57,117.00,0.007244
237.8338,5.9350,62.30,117.00,0.006699
237.9076,5.9350,62.30,117.00,0.006856
237.9809,5.9350,62.30,117.00,0.006876
238.0551,5.9350,62.57,117.00,0.006917
238.1300,5.9350,62.30,117.00,0.006964
238.2059,5.9350,62.30,117.00,0.006719
238.2823,5.9350,62.30,117.00,0.006685
238.3581,5.9350,62.03,117.00,0.006934
238.4345,5.9350,62.30,117.00,0.006617
238.5087,5.9350,62.30,118.00,0.006888
238.5820,5.9050,62.30,117.00,0.006713
238.6580,5.9050,62.30,117.00,0.007080
238.7306,5.9050,62.30,117.00,0.006904
238.8063,5.9050,62.30,117.00,0.006343
238.8818,5.9050,62.30,117.00,0.006423
238.9542,5.9050,62.30,117.00,0.006666
239.0305,5.9050,62.30,117.00,0.007161
239.1063,5.9050,62.03,117.00,0.007058
239.1829,5.9050,62.30,117.00,0.006442
239.2587,5.9050,61.76,118.00,0.006641
239.3336,5.9050,62.30,118.00,0.006487
239.4104,5.9050,62.30,118.00,0.007083
239.4837,5.9050,62.30,118.00,0.007144
239.5598,5.9510,62.30,118.00,0.006579
239.6350,5.9510,62.30,118.00,0.006799
239.7091,5.9510,62.03,118.00,0.006724
239.7824,5.9510,62.30,118.00,0.006690
239.8591,5.9510,62.03,117.00,0.006650
239.9321,5.9510,62.30,117.50,0.006569
240.0067,5.9510,62.30,118.00,0.006598
240.0818,5.9510,62.30,118.00,0.006797
240.1576,5.9510,62.03,118.00,0.006595
240.2341,5.9510,62.03,118.00,0.006960
240.3102,5.9510,62.30,118.00,0.006667
240.3851,5.9510,62.30,117.00,0.006571
240.4622,5.9510,62.03,117.00,0.007095
240.5379,5.9335,62.30,117.00,0.006782
240.6129,5.9160,62.03,117.00,0.006569
240.6897,5.9160,62.30,117.00,0.006697
240.7691,5.9160,62.57,117.00,0.007128
240.8417,5.9160,62.30,117.00,0.006691
240.9184,5.9160,62.30,117.00,0.007320
240.9954,5.9160,62.30,117.00,0.006752
241.0700,5.9160,62.30,117.00,0.006818
241.1471,5.9160,62.03,117.00,0.006826
241.2255,5.9160,62.30,117.00,0.006925
241.2981,5.9160,62.30,117.00,0.007079
241.3751,5.9160,61.76,117.00,0.006925
241.4497,5.9160,62.30,117.00,0.006733
241.5247,5.9160,62.30,117.00,0.006302
241.5960,5.9160,62.03,117.50,0.006356
241.6713,5.9160,62.30,117.50,0.006444
241.7508,5.8630,62.30,118.00,0.007096
241.8327,5.8630,62.30,118.00,0.006869
241.9108,5.8630,62.30,118.00,0.007394
241.9918,5.8630,62.30,118.00,0.006566
242.0707,5.8630,62.30,118.00,0.006626
242.1504,5.8630,62.03,118.00,0.007199
242.2282,5.8630,62.30,117.50,0.007081
242.3051,5.8630,62.30,117.00,0.006613
242.3793,5.8630,62.30,117.50,0.006579
242.4535,5.8630,62.30,117.00,0.006897
242.5284,5.8860,62.30,117.00,0.007017
242.6008,5.9090,62.03,117.00,0.006319
242.6728,5.9090,62.03,117.00,0.006537
242.7458,5.9090,62.30,117.00,0.006510
242.8206,5.9090,62.30,117.00,0.006948
242.8948,5.9090,62.03,117.50,0.006490
242.9695,5.9090,62.03,117.00,0.006680
243.0460,5.9090,62.30,117.00,0.006826
243.1204,5.9090,62.30,117.00,0.006507
243.1941,5.9090,62.30,117.50,0.006756
243.2712,5.9090,62.30,117.50,0.006747
243.3456,5.9090,62.03,117.50,0.007346
243.4198,5.9090,62.03,118.00,0.006546
243.4924,5.9090,62.30,118.00,0.006666
243.5644,5.9090,62.30,118.00,0.006605
243.6383,5.9010,62.30,118.00,0.006648
243.7115,5.8930,62.30,118.00,0.006891
243.7859,5.8930,62.30,118.00,0.006915
243.8630,5.8930,62.30,117.50,0.006819
243.9383,5.8930,62.30,117.00,0.006617
244.0169,5.8930,61.76,117.50,0.008200
244.1001,5.8930,62.03,118.00,0.007139
244.1736,5.8930,62.30,118.00,0.006484
244.2493,5.8930,62.30,118.00,0.006488
244.3259,5.8930,61.76,118.00,0.006781
244.4062,5.8930,62.30,118.00,0.007292
244.4853,5.8930,61.76,118.00,0.007034
244.5652,5.8780,62.30,118.00,0.006819
244.6418,5.8780,62.30,118.00,0.006818
244.7212,5.8780,62.03,118.00,0.006722
244.7947,5.8780,62.30,118.00,0.006267
244.8697,5.8780,62.30,118.00,0.006519
244.9403,5.8780,62.03,118.00,0.006583
245.0147,5.8780,62.30,118.00,0.006320
245.0915,5.8780,62.30,118.00,0.006860
245.1670,5.8780,62.30,118.00,0.006676
245.2427,5.8780,62.30,118.00,0.006970
245.3194,5.8780,62.30,118.00,0.006814
245.3977,5.8780,62.03,118.00,0.007027
245.4746,5.8780,62.03,118.00,0.006881
245.5512,5.9030,62.03,118.00,0.006711
245.6254,5.9280,62.30,118.00,0.006813
245.7012,5.9280,62.30,118.00,0.006966
245.7755,5.9280,62.30,118.00,0.006953
245.8490,5.9280,62.30,118.00,0.006703
245.9283,5.9280,62.03,118.00,0.006875
246.0033,5.9280,62.30,118.00,0.007125
246.0775,5.9280,61.49,118.00,0.006514
246.1528,5.9280,62.30,118.00,0.007008
246.2314,5.9280,62.30,118.00,0.006778
246.3081,5.9280,62.03,118.00,0.006426
246.3832,5.9280,62.03,118.00,0.006532
246.4579,5.9280,62.30,118.00,0.006630
246.5379,5.9295,62.30,118.00,0.006962
246.6153,5.9310,62.30,118.00,0.006519
246.6900,5.9310,62.30,118.00,0.006665
246.7650,5.9310,62.30,118.00,0.006990
246.8413,5.9310,62.30,118.00,0.006370
246.9177,5.9310,62.30,118.00,0.006909
246.9908,5.9310,62.30,119.00,0.006448
247.0649,5.9310,62.03,119.00,0.007130
247.1412,5.9310,62.30,119.00,0.006801
247.2191,5.9310,62.30,119.00,0.006601
247.2973,5.9310,62.03,119.00,0.006985
247.3731,5.9310,62.30,119.00,0.006803
247.4504,5.9310,62.30,119.00,0.006848
247.5260,5.8795,62.30,119.00,0.006690
247.6047,5.8280,62.30,119.00,0.007033
247.6772,5.8280,62.30,119.00,0.007102
247.7536,5.8280,62.30,119.00,0.006432
247.8266,5.8280,62.30,119.00,0.006472
247.9006,5.8280,62.30,119.00,0.006561
247.9741,5.8280,62.03,119.00,0.006856
248.0509,5.8280,62.30,119.00,0.006630
248.1263,5.8280,62.30,119.00,0.006717
248.2013,5.8280,62.03,119.00,0.007027
248.2785,5.8280,62.30,119.00,0.007309
248.3561,5.8280,62.30,119.00,0.006604
248.4310,5.8280,61.49,119.00,0.006501
248.5045,5.8280,62.30,119.00,0.006361
248.5765,5.8280,62.30,119.00,0.006375
248.6542,5.8280,62.30,119.00,0.006549
248.7313,5.8530,62.30,119.00,0.006943
248.8069,5.8780,62.30,119.00,0.006964
248.8804,5.8780,62.03,119.00,0.006896
248.9610,5.8780,62.30,119.00,0.007028
249.0332,5.8780,62.03,119.00,0.006747
249.1094,5.8780,62.30,119.00,0.007221
249.1819,5.8780,62.30,119.00,0.006846
249.2593,5.8780,62.30,119.00,0.006736
249.3328,5.8780,62.30,119.00,0.006993
249.4098,5.8780,62.30,119.00,0.006972
249.4855,5.8780,62.30,119.00,0.006906
249.5631,5.8820,62.30,119.00,0.006828
249.6391,5.8820,62.30,119.00,0.006352
249.7130,5.8820,62.30,119.00,0.006579
249.7870,5.8820,62.30,119.00,0.006692
249.8636,5.8820,62.03,119.00,0.006491
249.9366,5.8820,62.30,119.00,0.006613
250.0139,5.8820,62.30,119.00,0.007026
250.0896,5.8820,62.30,119.00,0.007045
250.1668,5.8820,62.03,119.00,0.006643
250.2423,5.8820,62.30,119.00,0.006758
250.3211,5.8820,62.30,119.00,0.007111
250.3971,5.8820,62.30,119.00,0.007072
250.4748,5.8820,62.30,119.00,0.006791
250.5501,5.8875,62.30,119.00,0.007103
250.6262,5.8930,62.30,119.00,0.007098
250.7027,5.8930,62.30,119.00,0.007212
250.7828,5.8930,62.30,119.00,0.007161
250.8585,5.8930,62.57,119.00,0.006964
250.9357,5.8930,62.30,119.00,0.007337
251.0158,5.8930,62.30,119.00,0.007076
251.0983,5.8930,62.30,120.00,0.007160
251.1783,5.8930,62.30,120.00,0.007255
251.2595,5.8930,62.30,120.00,0.006704
251.3335,5.8930,62.30,120.00,0.006773
251.4133,5.8930,62.30,120.00,0.006759
251.4887,5.8930,62.30,120.00,0.006709
251.5662,5.8550,62.30,120.00,0.007105
251.6409,5.8550,62.30,120.00,0.006353
251.7191,5.8550,62.03,120.00,0.006731
251.7953,5.8550,62.30,120.00,0.006500
251.8690,5.8550,62.30,120.00,0.006320
251.9420,5.8550,62.30,120.00,0.006498
252.0179,5.8550,62.30,120.00,0.006539
252.0925,5.8550,62.30,120.00,0.006366
252.1654,5.8550,62.30,120.00,0.006328
252.2373,5.8550,62.30,120.00,0.006562
252.3108,5.8550,62.03,120.00,0.006365
252.3853,5.8550,62.30,120.00,0.006816
252.4595,5.8550,62.30,120.00,0.006852
252.5335,5.8740,61.76,120.00,0.006924
252.6126,5.8930,62.03,120.00,0.007052
252.6932,5.8930,62.30,120.00,0.007257
252.7735,5.8930,62.03,120.00,0.006855
252.8519,5.8930,62.03,120.00,0.006850
252.9323,5.8930,62.30,120.00,0.007019
253.0104,5.8930,62.03,120.00,0.007029
253.0919,5.8930,62.30,120.00,0.007007
253.1711,5.8930,61.76,120.00,0.006853
253.2546,5.8930,62.30,120.00,0.006942
253.3339,5.8930,62.30,120.00,0.006946
253.4170,5.8930,61.76,120.00,0.006605
253.4980,5.8930,62.03,120.00,0.007054
253.5768,5.7710,62.03,120.00,0.006303
253.6491,5.7710,61.76,120.00,0.006647
253.7253,5.7710,62.30,120.00,0.006344
253.8029,5.7710,62.03,120.00,0.006881
253.8788,5.7710,61.76,120.00,0.006436
253.9542,5.7710,62.03,120.00,0.006929
254.0306,5.7710,62.30,120.00,0.006956
254.1060,5.7710,62.30,120.00,0.006920
254.1859,5.7710,62.03,120.00,0.006697
254.2579,5.7710,62.30,120.00,0.006453
254.3347,5.7710,62.30,120.00,0.006727
254.4101,5.7710,62.03,120.00,0.006470
254.4881,5.7710,62.30,120.00,0.006595
254.5590,5.7710,62.30,120.00,0.006595
254.6337,5.7710,62.03,120.00,0.006531
254.7063,5.8970,62.03,120.00,0.006320
254.7872,5.8970,62.03,120.00,0.007035
254.8627,5.8970,62.30,120.00,0.006320
254.9383,5.8970,62.03,120.00,0.006849
255.0101,5.8970,62.57,120.00,0.006363
255.0852,5.8970,62.30,120.00,0.006634
255.1630,5.8970,62.30,120.00,0.007427
255.2428,5.8970,62.30,120.00,0.006982
255.3249,5.8970,62.03,120.00,0.007593
255.4068,5.8970,62.03,120.00,0.006709
255.4883,5.8970,61.49,120.00,0.007094
255.5715,5.8170,62.30,120.00,0.006966
255.6523,5.8170,62.30,120.00,0.007211
255.7329,5.8170,62.30,120.00,0.006785
255.8134,5.8170,62.03,120.00,0.007092
255.8973,5.8170,62.03,120.00,0.007072
255.9687,5.8170,62.03,120.00,0.006316
256.0463,5.8170,62.30,119.00,0.006657
256.1210,5.8170,61.76,119.00,0.006650
256.2030,5.8170,62.03,119.00,0.006695
256.2834,5.8170,62.30,119.00,0.006558
256.3644,5.8170,61.76,119.00,0.007224
256.4451,5.8170,62.30,119.00,0.006764
256.5260,5.8170,62.30,119.50,0.007065
256.6083,5.8170,62.30,119.50,0.007118
256.6898,5.8170,61.76,119.00,0.007085
256.7704,5.8170,62.30,119.00,0.007112
256.8462,5.8170,62.30,119.50,0.006253
256.9208,5.8170,62.30,119.00,0.006486
256.9982,5.8170,62.03,119.00,0.006587
257.0765,5.8170,61.76,120.00,0.007063
257.1598,5.8170,62.30,120.00,0.007065
257.2406,5.8170,62.03,120.00,0.007171
257.3248,5.8170,62.30,120.00,0.007359
257.4039,5.8170,62.30,120.00,0.007051
257.4852,5.8170,62.30,120.00,0.006949
257.5620,5.8170,62.30,119.50,0.006932
257.6429,5.8170,62.30,119.50,0.007553
257.7213,5.8170,62.30,119.00,0.006898
257.8043,5.8170,62.30,117.00,0.007343
257.8830,5.8170,62.03,115.00,0.006668
257.9657,5.8170,62.03,115.50,0.006910
258.0475,5.8170,62.30,116.00,0.007129
258.1291,5.8170,62.30,116.00,0.007052
258.2076,5.7140,61.76,116.00,0.006914
258.2806,5.7140,62.30,116.00,0.006373
258.3524,5.7140,62.03,116.00,0.006376
258.4269,5.7140,62.30,116.00,0.006613
258.5009,5.7140,62.30,116.00,0.006705
258.5793,5.7670,62.30,116.00,0.006777
258.6532,5.7670,62.30,116.00,0.007003
258.7330,5.7670,62.30,116.00,0.006813
258.8047,5.7670,61.76,116.00,0.006613
258.8820,5.7670,62.30,116.00,0.006708
258.9571,5.7670,62.30,116.00,0.006862
259.0396,5.7670,62.03,116.00,0.007005
259.1210,5.7670,62.30,116.00,0.007286
259.1983,5.7670,62.03,116.00,0.006780
259.2696,5.7670,62.30,116.00,0.006382
259.3501,5.7670,61.76,116.00,0.007420
259.4318,5.7670,62.30,116.00,0.006901
259.5102,5.7670,62.30,116.00,0.006354
259.5849,5.7670,62.30,116.00,0.006481
259.6592,5.7670,62.30,116.00,0.006829
259.7374,5.7670,62.30,116.00,0.006909
259.8219,5.7830,62.30,116.00,0.006941
259.9006,5.7830,62.03,116.00,0.006841
259.9817,5.7830,61.76,116.00,0.006636
260.0625,5.7830,62.30,116.00,0.006877
260.1462,5.7830,62.03,116.00,0.008303
260.2249,5.7830,62.30,116.00,0.006895
260.3066,5.7830,62.30,116.00,0.007401
260.3831,5.7830,62.30,116.00,0.006722
260.4667,5.7830,62.03,116.00,0.007813
260.5472,5.7580,62.30,116.50,0.007538
260.6311,5.7330,62.03,117.00,0.006744
260.7104,5.7330,62.03,117.00,0.007416
260.7945,5.7330,62.30,117.00,0.007264
260.8771,5.7330,62.03,117.00,0.007086
260.9574,5.7330,61.76,117.00,0.007372
261.0387,5.7330,61.76,117.00,0.007010
261.1186,5.7330,61.49,117.00,0.007016
261.1949,5.7330,62.03,117.00,0.006431
261.2699,5.7330,62.03,117.00,0.006657
261.3479,5.7330,61.22,117.00,0.006639
261.4272,5.7330,62.30,117.00,0.006715
261.5061,5.7330,62.30,117.00,0.007080
261.5915,5.8050,62.30,117.00,0.007410
261.6665,5.8050,61.76,117.00,0.007138
261.7465,5.8050,62.03,117.00,0.006842
261.8267,5.8050,62.03,117.00,0.007113
261.9080,5.8050,62.30,117.50,0.007346
261.9885,5.8050,62.30,118.00,0.006950
262.0665,5.8050,62.03,118.00,0.006322
262.1441,5.8050,62.30,118.00,0.006669
262.2224,5.8050,62.30,118.00,0.007124
262.3010,5.8050,62.30,118.00,0.007246
262.3814,5.8050,61.76,118.00,0.007347
262.4595,5.8050,62.30,118.00,0.006594
262.5419,5.7955,62.03,118.00,0.006940
262.6207,5.7860,61.76,118.00,0.006744
262.7027,5.7860,61.22,118.00,0.007329
262.7796,5.7860,62.03,118.00,0.006856
262.8590,5.7860,62.30,118.00,0.006906
262.9393,5.7860,61.49,118.00,0.006976
263.0191,5.7860,61.76,118.00,0.007423
263.0973,5.7860,62.03,118.00,0.006956
263.1792,5.7860,62.03,118.00,0.006645
263.2569,5.7860,62.30,118.00,0.007249
263.3381,5.7860,61.76,118.00,0.007045
263.4140,5.7860,61.76,118.00,0.007117
263.4938,5.7860,62.03,118.00,0.006946
263.5744,5.8250,62.03,118.00,0.006984
263.6567,5.8250,62.57,118.00,0.006950
263.7368,5.8250,61.76,118.00,0.007193
263.8157,5.8250,61.76,118.00,0.006778
263.8913,5.8250,62.30,118.00,0.007250
263.9711,5.8250,62.30,118.00,0.006867
264.0516,5.8250,62.30,118.00,0.006830
264.1317,5.8250,62.03,118.00,0.007366
264.2091,5.8250,62.30,118.00,0.006536
264.2829,5.8250,62.03,118.00,0.006265
264.3541,5.8250,62.30,118.00,0.006312
264.4297,5.8250,62.30,118.00,0.006605
264.5010,5.8250,62.30,118.00,0.006563
264.5779,5.8170,62.30,118.00,0.006741
264.6529,5.8170,62.30,118.00,0.006803
264.7295,5.8170,62.30,118.00,0.006542
264.8022,5.8170,62.30,118.00,0.006905
264.8770,5.8170,62.03,118.00,0.006916
264.9515,5.8170,62.30,118.00,0.006684
265.0267,5.8170,62.30,118.00,0.006872
265.0992,5.8170,62.30,118.00,0.006909
265.1785,5.8170,62.03,118.00,0.006904
265.2503,5.8170,62.30,118.00,0.006268
265.3230,5.8170,62.03,118.00,0.006416
265.3965,5.8170,62.30,118.00,0.006643
265.4696,5.8170,62.03,118.00,0.006496
265.5417,5.8570,61.76,118.00,0.006777
265.6179,5.8970,62.03,118.00,0.006311
265.6900,5.8970,62.30,118.00,0.006629
265.7625,5.8970,61.76,118.00,0.006497
265.8381,5.8970,62.30,118.00,0.006666
265.9109,5.8970,61.76,118.00,0.006439
265.9875,5.8970,62.03,118.00,0.007024
266.0612,5.8970,62.30,118.00,0.006606
266.1338,5.8970,62.30,118.00,0.006776
266.2094,5.8970,61.49,118.00,0.006884
266.2862,5.8970,62.30,118.00,0.006604
266.3593,5.8970,62.03,118.00,0.006594
266.4310,5.8970,62.30,118.00,0.006305
266.5070,5.8970,62.30,118.00,0.006521
266.5830,5.8820,62.03,118.00,0.006612
266.6576,5.8820,62.03,118.00,0.006607
266.7330,5.8820,62.30,118.00,0.007147
266.8071,5.8820,62.30,118.00,0.006953
266.8822,5.8820,62.30,118.00,0.006980
266.9583,5.8820,62.30,118.00,0.006895
267.0310,5.8820,62.30,118.00,0.006893
267.1052,5.8820,62.30,118.00,0.006699
267.1784,5.8820,62.30,118.00,0.006944
267.2544,5.8820,62.30,118.00,0.006801
267.3320,5.8820,62.30,118.00,0.006949
267.4063,5.8820,62.03,118.00,0.006719
267.4809,5.8820,61.76,118.00,0.006821
267.5570,5.9510,62.03,118.00,0.006850
267.6338,5.9510,62.30,118.00,0.006770
267.7097,5.9510,62.03,118.00,0.006576
267.7823,5.9510,62.03,118.00,0.006634
267.8584,5.9510,61.49,118.00,0.006755
267.9349,5.9510,62.30,118.00,0.006691
268.0110,5.9510,62.03,118.00,0.006807
268.0877,5.9510,62.03,118.00,0.006651
268.1610,5.9510,62.30,118.00,0.006545
268.2331,5.9510,62.30,118.00,0.006918
268.3089,5.9510,62.30,118.00,0.006792
268.3824,5.9510,62.30,118.00,0.006750
268.4590,5.9510,62.03,118.00,0.006590
268.5334,5.9510,62.30,118.00,0.006889
268.6076,5.9510,62.30,118.00,0.006688
268.6820,5.9510,62.30,118.00,0.006804
268.7588,5.9510,62.30,118.00,0.007194
268.8331,5.9510,62.30,118.00,0.006815
268.9072,5.9510,62.03,118.00,0.006880
268.9817,5.9510,62.03,118.00,0.006809
269.0582,5.9510,61.76,118.00,0.007031
269.1310,5.9510,62.03,118.00,0.006681
269.2090,5.9510,62.30,118.00,0.006970
269.2815,5.9510,62.30,118.00,0.007159
269.3547,5.9510,62.03,118.00,0.006297
269.4286,5.9510,62.30,118.00,0.006489
269.5035,5.9510,62.30,118.00,0.006296
269.5776,5.9510,62.30,118.00,0.006502
269.6509,5.9510,62.30,118.00,0.006526
269.7252,5.9510,62.30,118.00,0.006712
269.7987,5.9510,62.30,118.00,0.006974
269.8754,5.9350,62.30,118.00,0.006698
269.9540,5.9350,62.03,118.00,0.006927
270.0289,5.9350,62.30,118.00,0.006727
270.1058,5.9350,62.57,118.00,0.006942
270.1819,5.9350,62.03,118.00,0.006438
270.2580,5.9350,62.03,118.00,0.006626
270.3330,5.9350,62.30,118.00,0.006646
270.4101,5.9350,62.03,118.00,0.006896
270.4855,5.9350,62.30,118.00,0.006739
270.5621,5.9350,62.30,118.00,0.006876
270.6353,5.9350,62.30,118.00,0.006835
270.7119,5.9350,62.03,118.00,0.006800
270.7851,5.9350,62.03,118.00,0.006583
270.8600,5.9350,62.30,118.00,0.007310
270.9331,5.9350,61.76,118.00,0.006618
271.0104,5.9350,62.30,118.00,0.007294
271.0858,5.9350,62.30,118.00,0.006990
271.1649,5.8990,62.03,118.00,0.006706
271.2432,5.8630,61.49,118.00,0.006541
271.3196,5.8630,61.76,118.00,0.006722
271.3932,5.8630,62.30,118.00,0.006296
271.4665,5.8630,61.76,118.00,0.006892
271.5420,5.8630,62.03,118.00,0.006540
271.6155,5.8400,62.30,118.00,0.006545
271.6885,5.8170,62.30,118.00,0.006630
271.7631,5.8170,62.30,118.00,0.007124
271.8376,5.8170,62.30,118.00,0.007028
271.9140,5.8170,62.03,118.00,0.007321
271.9891,5.8170,62.30,118.00,0.007114
272.0628,5.8170,62.30,118.00,0.006956
272.1381,5.8170,62.30,118.00,0.006996
272.2165,5.8170,62.30,118.00,0.006959
272.2909,5.8170,62.30,118.00,0.006416
272.3669,5.8170,62.03,118.00,0.006613
272.4417,5.8170,62.30,118.00,0.006676
272.5178,5.8400,62.30,118.00,0.006937
272.5932,5.8630,62.30,118.00,0.006780
272.6677,5.8630,62.03,118.00,0.007004
272.7429,5.8630,62.03,117.50,0.006950
272.8173,5.8630,62.30,117.50,0.006621
272.8898,5.8630,62.30,118.00,0.006863
272.9658,5.8630,62.03,118.00,0.006721
273.0411,5.8630,62.30,118.00,0.007003
273.1150,5.8630,62.30,118.00,0.006819
273.1903,5.8630,62.30,118.00,0.007209
273.2687,5.8630,62.03,117.50,0.006955
273.3431,5.8630,62.30,117.00,0.006537
273.4163,5.8630,62.30,117.00,0.006473
273.4898,5.8630,62.30,117.50,0.006407
273.5629,5.8630,62.03,117.00,0.006289
273.6366,5.8630,62.30,117.00,0.006761
273.7089,5.8630,61.76,117.00,0.006586
273.7804,5.8630,62.30,117.00,0.006625
273.8538,5.8630,62.30,117.00,0.006539
273.9286,5.8630,62.30,117.00,0.006464
274.0029,5.8630,62.03,117.00,0.007120
274.0762,5.8630,62.03,117.00,0.006366
274.1488,5.8630,62.30,117.00,0.006446
274.2205,5.8630,62.30,117.00,0.006709
274.2937,5.8630,62.30,117.00,0.006899
274.3685,5.8630,62.30,117.00,0.006522
274.4447,5.8630,62.30,117.00,0.006939
274.5177,5.8630,62.30,117.00,0.006729
274.5968,5.8630,62.30,117.00,0.007294
274.6708,5.8630,62.30,117.00,0.006554
274.7474,5.8630,62.03,117.00,0.006467
274.8229,5.8780,62.30,117.00,0.006842
274.9026,5.8930,61.76,117.00,0.007013
274.9779,5.8930,62.30,117.00,0.006693
275.0544,5.8930,62.30,117.00,0.006848
275.1289,5.8930,62.30,117.00,0.006528
275.2052,5.8930,62.30,117.00,0.006760
275.2789,5.8930,62.03,117.00,0.006868
275.3536,5.8930,62.30,117.00,0.006690
275.4285,5.8930,62.30,117.00,0.007013
275.5022,5.8930,62.30,117.00,0.006644
275.5772,5.8280,62.03,117.00,0.006639
275.6513,5.8280,62.30,117.00,0.006680
275.7263,5.8280,62.30,117.00,0.006702
275.8025,5.8280,62.03,117.00,0.006724
275.8748,5.8280,62.30,117.00,0.006325
275.9513,5.8280,62.30,117.00,0.006993
276.0243,5.8280,62.03,117.00,0.007251
276.0983,5.8280,62.30,117.00,0.006973
276.1726,5.8280,62.30,117.00,0.006726
276.2485,5.8280,62.30,117.00,0.006666
276.3217,5.8280,62.03,117.00,0.007004
276.3961,5.8280,62.30,117.00,0.007129
276.4708,5.8280,62.30,117.00,0.006778
276.5474,5.8625,62.30,117.00,0.007057
276.6251,5.8970,62.30,117.00,0.007072
276.7011,5.8970,61.76,117.00,0.006510
276.7730,5.8970,62.03,117.00,0.006720
276.8461,5.8970,62.30,117.00,0.006853
276.9170,5.8970,62.30,117.00,0.006327
276.9900,5.8970,62.30,117.00,0.006468
277.0642,5.8970,62.30,117.00,0.006790
277.1370,5.8970,62.03,117.00,0.006295
277.2087,5.8970,62.30,117.00,0.006315
277.2819,5.8970,62.30,117.00,0.006666
277.3576,5.8970,62.03,117.00,0.006947
277.4331,5.8970,62.03,117.00,0.006805
277.5059,5.8970,62.30,117.00,0.006590
277.5830,5.9310,62.30,117.00,0.006663
277.6555,5.9310,62.30,117.00,0.006544
277.7302,5.9310,62.30,117.00,0.006524
277.8051,5.9310,62.03,117.00,0.006904
277.8813,5.9310,62.30,117.00,0.006596
277.9541,5.9310,62.30,117.00,0.006719
278.0269,5.9310,62.30,117.00,0.006314
278.1004,5.9310,62.30,117.00,0.006737
278.1738,5.9310,62.30,117.00,0.006690
278.2482,5.9310,62.03,117.00,0.006358
278.3208,5.9310,62.30,117.00,0.006324
278.3922,5.9310,62.30,117.00,0.006683
278.4660,5.9310,62.30,117.00,0.006854
278.5418,5.9255,62.03,117.00,0.007169
278.6180,5.9200,62.30,117.00,0.006692
278.6956,5.9200,62.30,117.00,0.007018
278.7694,5.9200,62.03,117.00,0.006500
278.8418,5.9200,62.57,117.00,0.006741
278.9179,5.9200,62.30,117.00,0.006782
278.9929,5.9200,61.22,117.00,0.007040
279.0677,5.9200,62.03,117.00,0.007098
279.1404,5.9200,62.30,117.00,0.006675
279.2163,5.9200,62.30,117.00,0.006533
279.2910,5.9200,62.30,117.00,0.006675
279.3672,5.9200,62.30,117.00,0.007017
279.4396,5.9200,62.30,117.00,0.006960
279.5179,5.9200,62.30,117.00,0.006779
279.5933,5.9540,62.03,117.00,0.006915
279.6672,5.9540,62.30,117.00,0.006801
279.7421,5.9540,61.76,117.00,0.006586
279.8185,5.9540,62.30,117.00,0.007112
279.8927,5.9540,62.30,117.00,0.006256
279.9651,5.9540,62.30,117.00,0.006538
280.0382,5.9540,62.30,117.00,0.006517
280.1124,5.9540,62.03,117.00,0.007628
280.1864,5.9540,62.30,117.00,0.006648
280.2603,5.9540,62.30,118.00,0.006313
280.3316,5.9540,62.03,118.00,0.006849
280.4060,5.9540,62.03,118.00,0.006656
280.4776,5.9540,62.30,118.00,0.006417
280.5508,5.9540,62.30,118.00,0.006507
280.6214,5.9540,62.30,118.00,0.006512
280.6946,5.9540,62.30,118.00,0.006361
280.7728,5.9215,62.30,118.00,0.006906
280.8504,5.8890,62.30,118.00,0.006750
280.9236,5.8890,62.03,118.00,0.007567
280.9979,5.8890,62.30,118.00,0.007042
281.0699,5.8890,62.03,118.00,0.006719
281.1450,5.8890,62.03,118.00,0.006332
281.2163,5.8890,62.30,118.00,0.006518
281.2889,5.8890,62.30,118.00,0.006409
281.3626,5.8890,62.30,118.00,0.006940
281.4390,5.8890,62.30,118.00,0.006730
281.5131,5.8890,62.30,118.00,0.006727
281.5865,5.9090,62.30,118.00,0.006340
281.6595,5.9090,62.30,118.00,0.006521
281.7330,5.9090,62.30,118.00,0.006554
281.8046,5.9090,62.30,118.00,0.006628
281.8774,5.9090,62.03,118.00,0.006620
281.9485,5.9090,62.30,118.00,0.006714
282.0216,5.9090,62.57,118.00,0.006638
282.0932,5.9090,62.03,118.00,0.006746
282.1701,5.9090,62.03,118.00,0.007030
282.2468,5.9090,62.30,118.00,0.007166
282.3209,5.9090,62.30,118.00,0.006658
282.3954,5.9090,62.30,118.00,0.006831
282.4700,5.9090,61.76,118.00,0.006689
282.5446,5.8765,62.30,118.00,0.006609
282.6193,5.8440,62.30,118.00,0.006688
282.6942,5.8440,62.30,118.00,0.006902
282.7707,5.8440,62.03,118.00,0.007076
282.8445,5.8440,61.76,118.00,0.006675
282.9187,5.8440,62.30,118.00,0.006725
282.9939,5.8440,61.76,118.00,0.006888
283.0695,5.8440,62.30,118.00,0.006324
283.1399,5.8440,62.30,118.00,0.006346
283.2130,5.8440,62.30,118.00,0.006440
283.2840,5.8440,62.30,118.00,0.006465
283.3596,5.8440,62.57,119.00,0.006573
283.4329,5.8440,62.30,119.00,0.006980
283.5075,5.8440,62.30,119.00,0.006778
283.5820,5.9310,62.30,119.00,0.006415
283.6581,5.9310,62.03,119.00,0.006586
283.7294,5.9310,62.03,119.00,0.006470
283.8027,5.9310,62.03,119.00,0.006500
283.8768,5.9310,62.30,119.00,0.006754
283.9511,5.9310,62.30,119.00,0.006703
284.0249,5.9310,62.30,119.00,0.006636
284.0973,5.9310,62.30,119.00,0.006318
284.1680,5.9310,62.30,119.00,0.006403
284.2410,5.9310,62.30,119.00,0.006428
284.3127,5.9310,62.30,119.00,0.006359
284.3871,5.9310,61.76,119.00,0.006495
284.4619,5.9310,62.30,119.00,0.006897
284.5386,5.9100,62.30,119.00,0.007135
284.6139,5.8890,62.30,119.00,0.006829
284.6906,5.8890,62.30,119.00,0.006662
284.7664,5.8890,62.30,119.00,0.007138
284.8427,5.8890,62.30,119.00,0.006733
284.9175,5.8890,62.03,119.00,0.007027
284.9942,5.8890,62.03,119.00,0.007202
285.0707,5.8890,62.30,119.00,0.006946
285.1453,5.8890,62.30,119.00,0.006847
285.2216,5.8890,62.30,119.00,0.006509
285.2985,5.8890,62.03,119.00,0.006799
285.3708,5.8890,62.57,119.00,0.006794
285.4509,5.8890,62.30,119.00,0.007966
285.5237,5.8890,62.03,119.00,0.006308
285.5969,5.8890,62.30,119.00,0.006626
285.6683,5.8890,62.30,119.00,0.006627
285.7416,5.8890,61.76,119.00,0.006629
285.8165,5.9120,62.30,119.00,0.006882
285.8909,5.9120,62.03,119.00,0.006676
285.9660,5.9120,62.30,119.00,0.007174
286.0425,5.9120,62.30,119.00,0.006806
286.1188,5.9120,62.30,119.50,0.006982
286.1930,5.9120,62.30,120.00,0.006862
286.2682,5.9120,62.30,120.00,0.006852
286.3469,5.9120,62.03,120.00,0.006358
286.4238,5.9120,62.30,120.00,0.006910
286.4973,5.9120,62.30,120.00,0.006617
286.5686,5.9200,62.30,120.00,0.006520
286.6461,5.9280,62.30,120.00,0.006739
286.7187,5.9280,62.30,120.00,0.007162
286.7981,5.9280,62.30,120.00,0.007034
286.8703,5.9280,62.30,120.00,0.006848
286.9464,5.9280,62.30,120.00,0.006630
287.0183,5.9280,62.03,120.00,0.006765
287.0934,5.9280,62.03,120.00,0.006945
287.1712,5.9280,62.30,120.00,0.007179
287.2514,5.9280,61.76,120.00,0.006769
287.3303,5.9280,62.03,120.00,0.007059
287.4079,5.9280,61.76,120.00,0.007103
287.4846,5.9280,62.03,120.00,0.007091
287.5641,5.8440,62.30,120.00,0.006400
287.6378,5.8440,62.30,120.00,0.006334
287.7144,5.8440,62.30,120.00,0.006562
287.7900,5.8440,62.30,120.00,0.006366
287.8699,5.8440,62.57,120.00,0.006905
287.9507,5.8440,62.30,120.00,0.007642
288.0339,5.8440,62.30,120.00,0.006785
288.1135,5.8440,62.30,120.00,0.006957
288.1931,5.8440,62.57,120.00,0.006878
288.2654,5.8440,62.30,120.00,0.006357
288.3427,5.8440,62.30,120.00,0.006311
288.4164,5.8440,62.30,120.00,0.006502
288.4947,5.8440,62.30,120.00,0.006661
288.5732,5.7370,62.30,120.00,0.006833
288.6567,5.7370,62.30,120.00,0.007193
288.7347,5.7370,62.30,120.00,0.006847
288.8121,5.7370,62.30,120.00,0.006616
288.8835,5.7370,62.30,120.00,0.006275
288.9573,5.7370,62.30,120.00,0.006544
289.0328,5.7370,62.30,120.00,0.006750
289.1067,5.7370,62.30,120.00,0.006891
289.1828,5.7370,62.30,120.00,0.006847
289.2588,5.7370,62.03,120.00,0.006834
289.3373,5.7370,62.30,120.00,0.007154
289.4149,5.7370,62.30,120.00,0.006931
289.4909,5.7370,62.30,120.00,0.007157
289.5691,5.8470,62.03,120.00,0.007303
289.6470,5.8470,62.03,120.00,0.007296
289.7257,5.8470,62.30,120.00,0.006766
289.8006,5.8470,62.30,120.00,0.006739
289.8786,5.8470,62.03,120.00,0.006958
289.9556,5.8470,62.30,120.00,0.006965
290.0311,5.8470,62.30,120.00,0.006672
290.1053,5.8470,62.30,120.00,0.006831
290.1828,5.8470,62.30,120.00,0.006907
290.2607,5.8470,62.57,120.00,0.006966
290.3382,5.8470,62.03,120.00,0.006697
290.4155,5.8470,62.30,120.00,0.006469
290.4943,5.8470,62.57,120.00,0.007220
290.5694,5.8280,62.30,120.00,0.006885
290.6461,5.8280,62.03,120.00,0.006856
290.7221,5.8280,62.30,120.00,0.006743
290.7979,5.8280,62.03,120.00,0.006906
290.8734,5.8280,62.03,120.00,0.006860
290.9492,5.8280,62.30,120.00,0.007412
291.0265,5.8280,61.76,120.00,0.006926
291.1024,5.8280,62.03,120.00,0.006937
291.1789,5.8280,62.03,120.00,0.006678
291.2567,5.8280,62.30,120.00,0.006975
291.3290,5.8280,61.76,120.00,0.006772
291.4063,5.8280,62.30,120.00,0.007020
291.4815,5.8280,62.03,120.00,0.006535
291.5567,5.8340,62.03,120.00,0.006599
291.6325,5.8400,62.30,120.00,0.006685
291.7076,5.8400,62.03,120.00,0.006746
291.7817,5.8400,62.30,120.00,0.006727
291.8580,5.8400,61.76,120.00,0.006858
291.9319,5.8400,62.30,120.00,0.007100
292.0082,5.8400,62.30,120.00,0.006704
292.0812,5.8400,62.03,120.00,0.006414
292.1575,5.8400,62.03,120.00,0.006647
292.2293,5.8400,62.30,120.00,0.006328
292.3063,5.8400,62.30,120.00,0.006820
292.3823,5.8400,62.30,121.00,0.007005
292.4579,5.8400,62.30,121.00,0.006715
292.5305,5.8780,62.30,121.00,0.006956
292.6111,5.9160,62.30,121.00,0.006989
292.6840,5.9160,62.03,121.00,0.006709
292.7622,5.9160,62.03,121.00,0.007047
292.8382,5.9160,62.30,121.00,0.007172
292.9178,5.9160,62.30,121.00,0.006871
292.9940,5.9160,62.30,121.00,0.006950
293.0693,5.9160,62.30,121.00,0.006818
293.1458,5.9160,62.30,121.00,0.006630
293.2221,5.9160,62.30,121.00,0.006976
293.2976,5.9160,62.30,121.00,0.006410
293.3737,5.9160,62.30,121.00,0.006599
293.4495,5.9160,61.76,121.00,0.007017
293.5229,5.9160,62.30,121.00,0.006354
293.5948,5.9160,62.30,121.00,0.006328
293.6690,5.9160,62.03,121.00,0.006435
293.7458,5.8440,62.30,121.00,0.007229
293.8257,5.8440,62.30,121.00,0.006542
293.8971,5.8440,62.30,121.00,0.006620
293.9738,5.8440,62.30,121.00,0.007174
294.0537,5.8440,62.30,121.00,0.006678
294.1335,5.8440,62.30,121.00,0.006672
294.2143,5.8440,62.03,121.00,0.006858
294.2940,5.8440,62.30,121.00,0.006966
294.3740,5.8440,62.30,121.00,0.007263
294.4545,5.8440,62.30,121.00,0.007395
294.5343,5.8075,62.30,121.00,0.007257
294.6126,5.7710,62.30,121.00,0.006664
294.6935,5.7710,62.30,121.00,0.007022
294.7751,5.7710,62.30,121.00,0.007019
294.8510,5.7710,62.30,121.00,0.007164
294.9310,5.7710,61.76,121.00,0.006898
295.0120,5.7710,62.03,121.00,0.006832
295.0944,5.7710,62.30,121.00,0.007111
295.1749,5.7710,62.03,121.00,0.007293
295.2579,5.7710,62.03,121.00,0.006768
295.3388,5.7710,61.49,121.00,0.007330
295.4159,5.7710,62.30,121.00,0.007087
295.4905,5.7710,62.30,121.00,0.006801
295.5663,5.7060,61.76,121.00,0.006967
295.6420,5.7060,61.49,121.00,0.006888
295.7194,5.7060,62.03,121.00,0.006753
295.7928,5.7060,62.30,121.00,0.006863
295.8714,5.7060,62.03,121.00,0.006449
295.9462,5.7060,62.30,121.00,0.006578
296.0226,5.7060,62.30,121.00,0.006713
296.0986,5.7060,61.76,121.00,0.006786
296.1733,5.7060,62.30,121.00,0.006932
296.2467,5.7060,61.76,121.00,0.006811
296.3220,5.7060,62.03,121.00,0.007006
296.3999,5.7060,62.30,121.00,0.007123
296.4737,5.7060,62.03,121.00,0.006352
296.5472,5.7060,61.76,121.00,0.006292
296.6222,5.7060,62.03,121.00,0.006382
296.6983,5.7060,62.03,121.00,0.006710
296.7768,5.9050,62.30,121.00,0.006512
296.8497,5.9050,61.49,121.00,0.007033
296.9264,5.9050,62.30,121.00,0.006613
296.9992,5.9050,62.30,121.00,0.006754
297.0734,5.9050,62.03,121.00,0.006909
297.1462,5.9050,62.30,121.00,0.006921
297.2260,5.9050,61.76,121.00,0.007040
297.3045,5.9050,62.03,121.00,0.006624
297.3806,5.9050,62.30,121.00,0.006791
297.4543,5.9050,61.76,121.00,0.006874
297.5306,5.9070,62.03,121.00,0.006565
297.6055,5.9090,62.30,121.00,0.006390
297.6789,5.9090,62.03,121.00,0.006346
297.7529,5.9090,62.30,121.00,0.006356
297.8274,5.9090,62.03,121.00,0.006819
297.9028,5.9090,62.30,121.00,0.006525
297.9814,5.9090,61.76,121.00,0.006982
298.0534,5.9090,62.30,121.00,0.006867
298.1312,5.9090,61.76,121.00,0.006909
298.2063,5.9090,62.03,121.00,0.006992
298.2841,5.9090,62.30,121.00,0.006926
298.3579,5.9090,62.57,121.00,0.006835
298.4351,5.9090,62.30,121.00,0.006877
298.5104,5.9090,61.76,121.00,0.006768
298.5864,5.8440,62.03,121.00,0.006994
298.6634,5.8440,61.76,121.00,0.006841
298.7372,5.8440,62.03,121.00,0.006633
298.8111,5.8440,62.30,121.00,0.006583
298.8857,5.8440,62.03,121.00,0.006739
298.9620,5.8440,62.03,120.50,0.007221
299.0374,5.8440,62.03,120.00,0.006920
299.1128,5.8440,62.30,120.00,0.006850
299.1903,5.8440,62.03,120.00,0.007095
299.2689,5.8440,62.03,120.00,0.007115
299.3531,5.8440,62.30,120.00,0.006888
299.4315,5.8440,62.03,120.00,0.007076
299.5152,5.8440,62.30,120.00,0.006778
299.5876,5.8440,62.30,120.00,0.006926
299.6631,5.8440,62.30,120.50,0.006886
299.7384,5.8440,61.49,121.00,0.006983
299.8183,5.8440,62.30,120.00,0.007129
299.8940,5.8440,62.30,120.00,0.007132
299.9697,5.8440,62.03,120.00,0.006835
300.0467,5.8440,62.30,120.00,0.007225
300.1269,5.8440,62.03,120.00,0.007212
300.2073,5.8440,62.03,120.00,0.007047
300.2877,5.8440,62.30,120.00,0.006865
300.3667,5.8440,62.30,120.00,0.006932
300.4478,5.8440,62.03,120.00,0.007159
300.5247,5.8440,62.30,120.00,0.007430
300.6082,5.7670,62.30,120.00,0.007125
300.6867,5.7670,62.30,120.00,0.007227
300.7713,5.7670,62.03,120.00,0.006638
300.8495,5.7670,61.76,120.00,0.006767
300.9334,5.7670,62.30,120.00,0.007048
301.0113,5.7670,62.30,120.00,0.007380
301.0909,5.7670,61.76,120.00,0.006478
301.1678,5.7670,61.76,120.00,0.006989
301.2505,5.7670,62.30,120.00,0.007330
301.3289,5.7670,62.03,120.00,0.006844
301.4074,5.7670,61.76,120.00,0.007222
301.4891,5.7670,62.03,120.00,0.006847
301.5696,5.8360,62.30,120.00,0.006447
301.6428,5.8360,62.03,120.00,0.006560
301.7169,5.8360,62.30,120.00,0.006354
301.7900,5.8360,62.03,120.00,0.006773
301.8707,5.8360,62.30,120.00,0.007418
301.9475,5.8360,62.03,120.00,0.007198
302.0309,5.8360,62.30,120.00,0.007193
302.1124,5.8360,62.30,120.00,0.007736
302.1962,5.8360,61.49,120.00,0.007197
302.2757,5.8360,62.30,120.00,0.006883
302.3570,5.8360,62.03,120.00,0.007037
302.4367,5.8360,62.03,120.00,0.006938
302.5204,5.8360,62.30,120.00,0.007264
302.6030,5.8250,61.76,120.00,0.006877
302.6829,5.8250,62.30,120.00,0.007272
302.7566,5.8250,62.03,120.00,0.006899
302.8344,5.8250,62.30,120.00,0.006714
302.9090,5.8250,62.03,120.00,0.006475
302.9834,5.8250,62.30,120.00,0.006576
303.0571,5.8250,62.30,120.00,0.006663
303.1345,5.8250,62.30,120.00,0.007100
303.2086,5.8250,62.30,120.00,0.006919
303.2862,5.8250,62.30,119.00,0.006654
303.3589,5.8250,61.76,119.50,0.006463
303.4340,5.8250,62.30,119.00,0.006321
303.5067,5.8250,62.30,119.00,0.006480
303.5827,5.8250,62.03,119.00,0.006878
303.6568,5.8420,62.30,119.00,0.006383
303.7332,5.8590,61.49,119.00,0.007007
303.8085,5.8590,61.49,119.00,0.006995
303.8863,5.8590,62.03,119.00,0.006817
303.9624,5.8590,62.30,119.00,0.006800
304.0415,5.8590,62.30,119.50,0.006469
304.1168,5.8590,62.30,119.00,0.006691
304.1909,5.8590,62.30,119.00,0.006576
304.2642,5.8590,62.03,119.00,0.006868
304.3368,5.8590,62.30,119.00,0.006438
304.4100,5.8590,61.76,119.00,0.006924
304.4864,5.8590,62.30,119.00,0.006710
304.5631,5.8740,62.30,119.00,0.006691
304.6388,5.8740,62.03,119.00,0.006602
304.7156,5.8740,62.30,119.00,0.007635
304.7939,5.8740,62.30,119.00,0.006741
304.8699,5.8740,62.30,119.00,0.006850
304.9468,5.8740,62.03,119.00,0.006592
305.0208,5.8740,62.30,119.00,0.006509
305.0992,5.8740,62.03,119.00,0.006630
305.1739,5.8740,62.30,119.00,0.006621
305.2535,5.8740,62.30,119.00,0.006625
305.3299,5.8740,62.30,119.00,0.007124
305.4057,5.8740,62.03,119.00,0.007018
305.4793,5.8740,62.57,119.00,0.006642
305.5550,5.8970,61.76,119.00,0.007017
305.6314,5.9200,62.30,119.00,0.006905
305.7101,5.9200,62.30,119.00,0.006944
305.7859,5.9200,62.03,119.00,0.006730
305.8658,5.9200,62.03,119.00,0.006913
305.9420,5.9200,61.76,119.00,0.006903
306.0184,5.9200,62.30,119.00,0.006628
306.0926,5.9200,61.76,119.00,0.006715
306.1726,5.9200,62.30,119.00,0.006880
306.2455,5.9200,62.30,119.00,0.006638
306.3223,5.9200,62.30,119.00,0.006834
306.3974,5.9200,62.30,119.00,0.007137
306.4777,5.9200,62.30,119.00,0.007039
306.5528,5.9240,62.30,119.00,0.006881
306.6310,5.9280,62.30,119.00,0.006910
306.7089,5.9280,62.30,119.00,0.006978
306.7864,5.9280,62.03,119.00,0.006650
306.8618,5.9280,62.30,119.00,0.006756
306.9393,5.9280,62.30,118.00,0.007244
307.0141,5.9280,62.30,118.00,0.006839
307.0904,5.9280,61.76,118.00,0.007008
307.1662,5.9280,62.30,118.00,0.006766
307.2407,5.9280,62.30,118.00,0.006876
307.3180,5.9280,62.03,118.00,0.006721
307.3935,5.9280,62.03,118.00,0.006713
307.4669,5.9280,62.03,118.00,0.006806
307.5411,5.9280,62.30,118.50,0.006344
307.6128,5.9280,62.03,118.00,0.006497
307.6900,5.9280,62.30,118.00,0.006731
307.7634,5.9280,61.76,118.00,0.006377
307.8383,5.9280,62.30,118.00,0.006320
307.9136,5.9280,61.76,118.00,0.006659
307.9893,5.9280,62.30,118.00,0.006963
308.0632,5.9280,62.30,118.00,0.006572
308.1381,5.9280,61.76,118.00,0.006504
308.2093,5.9280,62.03,118.00,0.006493
308.2875,5.9280,62.30,118.00,0.006456
308.3640,5.9280,62.03,118.00,0.006761
308.4436,5.9280,62.30,118.00,0.006928
308.5227,5.9280,62.30,118.00,0.007438
308.6020,5.9280,62.30,118.00,0.007056
308.6822,5.9280,62.30,118.00,0.006845
308.7664,5.8130,62.30,118.00,0.007037
308.8447,5.8130,62.03,118.00,0.007003
308.9236,5.8130,62.30,118.00,0.007228
309.0053,5.8130,62.30,118.00,0.007604
309.0857,5.8130,62.03,118.00,0.007195
309.1647,5.8130,62.30,118.00,0.007059
309.2445,5.8130,62.30,118.00,0.006975
309.3169,5.8130,62.30,118.00,0.006441
309.3914,5.8130,62.03,118.00,0.006827
309.4695,5.8130,62.30,118.00,0.007262
309.5492,5.8075,62.30,118.00,0.007040
309.6242,5.8020,62.30,118.00,0.006807
309.6994,5.8020,62.30,118.00,0.007248
309.7746,5.8020,62.30,118.00,0.006923
309.8541,5.8020,62.30,118.00,0.006936
309.9292,5.8020,62.03,118.00,0.006977
310.0066,5.8020,62.03,118.00,0.007318
310.0814,5.8020,62.03,118.00,0.006812
310.1619,5.8020,62.30,118.00,0.008132
310.2403,5.8020,61.76,118.00,0.007016
310.3174,5.8020,62.03,118.00,0.007107
310.3971,5.8020,61.76,118.00,0.006804
310.4792,5.8020,62.03,118.00,0.007054
310.5574,5.8245,62.30,118.00,0.007063
310.6360,5.8470,62.30,118.00,0.007420
310.7145,5.8470,62.30,118.00,0.006415
310.7917,5.8470,62.30,118.00,0.006459
310.8643,5.8470,62.30,118.00,0.006323
310.9432,5.8470,62.03,118.00,0.007189
311.0205,5.8470,62.30,118.00,0.007157
311.1003,5.8470,62.30,118.00,0.006743
311.1806,5.8470,62.03,118.00,0.007490
311.2603,5.8470,62.03,118.00,0.007005
311.3362,5.8470,62.30,118.00,0.007207
311.4178,5.8470,62.30,118.00,0.006867
311.4969,5.8470,62.03,118.00,0.006437
311.5787,5.7860,62.03,118.00,0.006445
311.6543,5.7860,62.30,118.00,0.006973
311.7367,5.7860,61.76,118.00,0.007085
311.8152,5.7860,62.03,118.00,0.006346
311.8880,5.7860,62.30,118.00,0.006556
311.9621,5.7860,62.30,118.00,0.006781
312.0364,5.7860,62.30,118.00,0.006608
312.1094,5.7860,61.76,118.00,0.006548
312.1827,5.7860,61.49,118.00,0.006412
312.2567,5.7860,62.30,118.00,0.006371
312.3305,5.7860,61.76,118.00,0.006516
312.4060,5.7860,62.30,118.00,0.006340
312.4804,5.7860,62.30,118.00,0.007267
312.5586,5.8435,61.76,118.00,0.007285
312.6364,5.9010,62.30,118.00,0.006658
312.7147,5.9010,62.30,118.50,0.007613
312.7934,5.9010,61.76,119.00,0.007206
312.8712,5.9010,62.30,119.00,0.006783
312.9507,5.9010,61.76,119.00,0.007216
313.0298,5.9010,62.30,119.00,0.006906
313.1066,5.9010,62.30,119.00,0.006624
313.1773,5.9010,62.30,119.00,0.006566
313.2502,5.9010,62.03,119.00,0.006580
313.3216,5.9010,62.30,119.00,0.006596
313.3983,5.9010,61.76,119.00,0.007030
313.4727,5.9010,62.30,119.00,0.006815
313.5471,5.9335,62.30,119.00,0.006685
313.6223,5.9660,61.76,119.00,0.006270
313.6952,5.9660,61.76,119.00,0.006372
313.7692,5.9660,62.30,119.00,0.006540
313.8458,5.9660,62.30,119.00,0.006732
313.9183,5.9660,62.03,119.00,0.007167
313.9947,5.9660,62.30,119.00,0.006530
314.0722,5.9660,62.30,119.00,0.006807
314.1470,5.9660,62.30,119.00,0.006646
314.2197,5.9660,62.03,119.00,0.006748
314.2942,5.9660,62.03,119.00,0.007108
314.3690,5.9660,62.30,119.00,0.006783
314.4460,5.9660,62.30,119.00,0.007217
314.5214,5.9470,62.30,119.00,0.007347
314.5981,5.9280,61.49,119.00,0.006747
314.6728,5.9280,62.30,119.00,0.006773
314.7498,5.9280,62.30,119.00,0.006894
314.8246,5.9280,62.03,119.00,0.006709
314.8986,5.9280,62.30,119.00,0.006735
314.9708,5.9280,61.76,119.00,0.006707
315.0471,5.9280,62.57,119.00,0.006789
315.1217,5.9280,62.30,119.00,0.006627
315.1982,5.9280,62.03,119.00,0.006456
315.2729,5.9280,61.76,119.00,0.006821
315.3502,5.9280,62.30,119.00,0.007051
315.4225,5.9280,62.03,119.00,0.007078
315.5031,5.9280,62.30,119.00,0.006523
315.5784,5.8360,62.03,119.00,0.006822
315.6579,5.8360,62.30,119.00,0.007035
315.7330,5.8360,62.30,119.00,0.006532
315.8070,5.8360,61.76,119.00,0.006714
315.8813,5.8360,62.30,119.00,0.006983
315.9544,5.8360,62.30,119.00,0.006386
316.0261,5.8360,61.49,119.00,0.006783
316.1022,5.8360,62.03,119.00,0.006772
316.1741,5.8360,62.30,119.00,0.006862
316.2508,5.8360,62.30,119.00,0.006814
316.3229,5.8360,62.30,119.00,0.006341
316.3981,5.8360,61.76,119.00,0.007114
316.4733,5.8360,62.30,119.00,0.006814
316.5507,5.8915,62.03,119.00,0.007177
316.6263,5.9470,62.03,119.00,0.006747
316.7029,5.9470,62.30,119.00,0.006625
316.7781,5.9470,62.03,119.00,0.006737
316.8532,5.9470,62.30,119.00,0.006787
316.9267,5.9470,62.30,119.00,0.006931
317.0062,5.9470,62.30,119.00,0.007156
317.0814,5.9470,61.76,119.00,0.006863
317.1590,5.9470,62.03,119.00,0.006827
317.2342,5.9470,62.30,119.00,0.006940
317.3111,5.9470,62.30,119.00,0.006947
317.3871,5.9470,62.03,119.00,0.006981
317.4647,5.9470,62.30,119.00,0.006772
317.5380,5.9085,62.03,119.00,0.006557
317.6180,5.8700,62.03,119.00,0.006952
317.6898,5.8700,62.30,119.00,0.006636
317.7668,5.8700,62.30,119.00,0.006629
317.8393,5.8700,62.30,119.00,0.006572
317.9138,5.8700,62.03,118.50,0.006531
317.9904,5.8700,62.30,118.50,0.006886
318.0663,5.8700,61.76,119.00,0.006603
318.1409,5.8700,62.03,118.00,0.006733
318.2189,5.8700,62.30,118.00,0.006453
318.2936,5.8700,62.30,118.00,0.006863
318.3703,5.8700,62.30,118.50,0.006641
318.4451,5.8700,61.76,118.50,0.006974
318.5224,5.8685,62.30,118.50,0.007274
318.5979,5.8670,62.30,118.50,0.006917
318.6743,5.8670,62.30,118.00,0.006969
318.7491,5.8670,62.30,118.00,0.007119
318.8261,5.8670,62.30,118.00,0.006926
318.8990,5.8670,62.30,118.00,0.007332
318.9737,5.8670,62.03,118.00,0.006615
319.0489,5.8670,62.30,118.00,0.006904
319.1255,5.8670,62.30,118.00,0.006972
319.1983,5.8670,62.30,118.00,0.006998
319.2747,5.8670,62.30,118.00,0.006751
319.3510,5.8670,62.03,118.00,0.006618
319.4277,5.8670,62.30,118.00,0.007090
319.5043,5.8670,62.57,118.00,0.006448
319.5765,5.8670,62.30,118.00,0.006373
319.6498,5.8670,62.30,118.00,0.006517
319.7231,5.8670,62.03,118.00,0.006507
319.7977,5.8670,62.30,118.00,0.007060
319.8736,5.8670,62.30,118.00,0.006870
319.9468,5.8670,62.30,118.00,0.006882
320.0251,5.8670,62.57,118.00,0.006777
320.0976,5.8670,62.03,118.00,0.006817
320.1739,5.8670,62.30,118.00,0.006678
320.2516,5.8670,62.30,118.00,0.006854
320.3254,5.8670,62.30,118.00,0.006864
320.3971,5.8670,62.30,118.00,0.006775
320.4717,5.8670,62.30,118.00,0.006791
320.5462,5.8670,62.30,118.00,0.006736
320.6247,5.8670,62.30,118.00,0.006679
320.6969,5.8670,62.30,118.00,0.006746
320.7745,5.8670,62.03,118.00,0.006796
320.8518,5.8955,62.03,118.00,0.006863
320.9264,5.9240,62.30,118.00,0.006791
320.9984,5.9240,62.03,118.00,0.006779
321.0753,5.9240,62.30,118.00,0.006600
321.1505,5.9240,62.30,118.00,0.006397
321.2266,5.9240,61.76,118.00,0.006670
321.3011,5.9240,62.30,118.00,0.006868
321.3779,5.9240,62.30,118.00,0.006723
321.4507,5.9240,62.30,118.00,0.006972
321.5305,5.9275,62.30,118.00,0.007364
321.6029,5.9310,62.03,118.00,0.006485
321.6764,5.9310,62.30,118.00,0.006440
321.7487,5.9310,62.30,118.00,0.006468
321.8264,5.9310,62.30,118.00,0.007221
321.9056,5.9310,62.30,118.00,0.007174
321.9873,5.9310,62.03,118.00,0.007051
322.0665,5.9310,61.76,118.00,0.007027
322.1437,5.9310,62.30,118.00,0.007332
322.2195,5.9310,61.76,118.00,0.006824
322.2996,5.9310,62.30,118.00,0.006969
322.3771,5.9310,62.30,118.00,0.006697
322.4544,5.9310,62.30,118.00,0.007186
322.5342,5.8700,62.30,118.00,0.007978
322.6141,5.8090,62.30,118.00,0.007045
322.6955,5.8090,62.30,118.00,0.007235
322.7773,5.8090,62.03,118.00,0.007025
322.8508,5.8090,62.30,118.00,0.006403
322.9269,5.8090,62.30,118.00,0.006603
323.0022,5.8090,62.30,118.00,0.006661
323.0818,5.8090,62.30,118.00,0.006967
323.1634,5.8090,62.03,118.00,0.006840
323.2433,5.8090,62.30,118.00,0.006922
323.3240,5.8090,61.76,118.00,0.007290
323.4044,5.8090,62.30,118.00,0.007145
323.4822,5.8090,62.30,118.00,0.007207
323.5613,5.8360,62.03,118.00,0.006999
323.6401,5.8360,62.30,118.00,0.007312
323.7222,5.8360,62.30,118.00,0.007320
323.7974,5.8360,62.30,118.00,0.006802
323.8797,5.8360,62.30,118.00,0.006886
323.9604,5.8360,61.76,118.00,0.007021
324.0417,5.8360,62.30,118.00,0.006952
324.1235,5.8360,62.03,118.00,0.007503
324.2017,5.8360,62.30,118.00,0.006674
324.2724,5.8360,62.30,118.00,0.006293
324.3465,5.8360,62.30,118.00,0.006427
324.4261,5.8360,62.03,118.00,0.006869
324.5053,5.8360,61.76,118.00,0.006708
324.5824,5.7830,62.30,118.00,0.006454
324.6550,5.7830,62.30,118.00,0.006241
324.7291,5.7830,62.30,118.00,0.007043
324.8061,5.7830,62.03,118.00,0.006829
324.8825,5.7830,62.03,118.00,0.006733
324.9629,5.7830,62.03,117.50,0.006574
325.0407,5.7830,62.30,117.00,0.007193
325.1233,5.7830,62.30,117.00,0.006918
325.2009,5.7830,62.30,117.00,0.007073
325.2799,5.7830,62.30,117.00,0.007119
325.3601,5.7830,61.76,118.00,0.006708
325.4376,5.7830,61.49,118.00,0.006754
325.5184,5.7830,62.30,117.50,0.007214
325.5988,5.6990,62.30,117.00,0.007057
325.6745,5.6990,62.03,117.50,0.007621
325.7497,5.6990,62.30,117.00,0.006361
325.8230,5.6990,62.03,117.00,0.006298
325.8967,5.6990,62.30,117.50,0.006655
325.9682,5.6990,62.30,117.50,0.006740
326.0414,5.6990,62.30,117.00,0.006528
326.1137,5.6990,62.30,117.00,0.006778
326.1910,5.6990,62.30,117.00,0.006834
326.2686,5.6990,62.30,117.00,0.006740
326.3430,5.6990,62.03,117.00,0.006737
326.4182,5.6990,61.76,117.50,0.006822
326.4947,5.6990,62.30,117.00,0.007132
326.5694,5.8670,62.03,117.00,0.006824
326.6459,5.8670,62.03,117.00,0.006436
326.7170,5.8670,62.30,117.00,0.006537
326.7899,5.8670,62.57,117.00,0.006581
326.8610,5.8670,62.30,117.00,0.006340
326.9355,5.8670,62.30,117.00,0.007043
327.0103,5.8670,62.30,117.00,0.007178
327.0895,5.8670,62.30,117.00,0.006967
327.1625,5.8670,62.03,117.00,0.006770
327.2370,5.8670,61.76,117.00,0.006980
327.3090,5.8670,61.49,117.00,0.006774
327.3849,5.8670,62.30,117.00,0.006522
327.4580,5.8670,62.30,117.00,0.006755
327.5348,5.8895,62.03,117.00,0.006737
327.6117,5.9120,62.30,117.00,0.006776
327.6880,5.9120,62.30,117.00,0.006627
327.7605,5.9120,62.03,117.00,0.006764
327.8366,5.9120,62.03,117.00,0.007026
327.9088,5.9120,62.30,117.00,0.006600
327.9827,5.9120,61.76,117.00,0.006663
328.0572,5.9120,62.03,117.00,0.006616
328.1310,5.9120,62.03,117.00,0.006758
328.2059,5.9120,62.30,117.00,0.006800
328.2840,5.9120,62.30,117.00,0.006607
328.3575,5.9120,62.30,117.00,0.006593
328.4299,5.9120,62.03,117.00,0.006421
328.5015,5.9120,62.03,117.00,0.006568
328.5781,5.9160,62.03,117.00,0.006693
328.6491,5.9160,62.03,117.00,0.006418
328.7221,5.9160,62.30,117.00,0.006556
328.7985,5.9160,62.30,117.00,0.007048
328.8749,5.9160,62.03,117.00,0.006911
328.9477,5.9160,62.30,117.00,0.007258
329.0236,5.9160,62.30,117.00,0.006682
329.0980,5.9160,62.30,117.00,0.006833
329.1749,5.9160,62.30,117.00,0.006767
329.2506,5.9160,61.76,117.00,0.006748
329.3269,5.9160,62.30,117.00,0.006698
329.4017,5.9160,62.03,117.00,0.006930
329.4780,5.9160,62.03,117.00,0.006692
329.5530,5.9010,62.30,117.00,0.007008
329.6292,5.8860,62.03,117.00,0.006963
329.7026,5.8860,62.30,117.00,0.007063
329.7794,5.8860,62.30,117.00,0.006804
329.8548,5.8860,62.30,117.00,0.006958
329.9322,5.8860,62.30,117.00,0.007067
330.0057,5.8860,62.30,117.00,0.006903
330.0821,5.8860,62.57,117.00,0.007059
330.1541,5.8860,62.30,117.00,0.007119
330.2305,5.8860,62.30,117.00,0.006914
330.3075,5.8860,62.57,117.00,0.006942
330.3809,5.8860,62.03,117.00,0.006891
330.4546,5.8860,62.03,117.00,0.006381
330.5287,5.8800,62.03,117.00,0.006828
330.6014,5.8740,62.30,117.00,0.006940
330.6775,5.8740,62.30,117.00,0.006778
330.7505,5.8740,62.30,117.00,0.006728
330.8275,5.8740,62.30,117.00,0.007416
330.9030,5.8740,62.30,117.00,0.007271
330.9788,5.8740,62.03,116.00,0.006341
331.0523,5.8740,62.30,116.00,0.006463
331.1249,5.8740,62.30,116.00,0.006432
331.1966,5.8740,62.30,116.00,0.006809
331.2704,5.8740,62.30,116.50,0.006576
331.3412,5.8740,62.30,117.00,0.006397
331.4137,5.8740,62.30,117.00,0.006716
331.4844,5.8740,62.03,117.00,0.006533
331.5601,5.9045,62.30,117.00,0.006394
331.6330,5.9350,62.03,117.00,0.006726
331.7099,5.9350,62.30,117.00,0.006912
331.7819,5.9350,62.03,117.00,0.006723
331.8582,5.9350,62.30,117.00,0.006902
331.9333,5.9350,62.30,116.50,0.007129
332.0071,5.9350,62.30,116.00,0.006644
332.0815,5.9350,62.30,116.00,0.006549
332.1573,5.9350,62.30,116.00,0.006925
332.2299,5.9350,62.30,116.00,0.006743
332.3085,5.9350,62.30,116.00,0.006915
332.3815,5.9350,62.30,116.00,0.006481
332.4544,5.9350,61.76,116.00,0.006319
332.5254,5.9350,62.30,116.00,0.006489
332.6018,5.9350,62.30,116.00,0.006701
332.6743,5.8670,62.30,116.00,0.006630
332.7508,5.8670,62.30,116.00,0.007444
332.8256,5.8670,62.30,116.00,0.006537
332.8993,5.8670,62.30,116.00,0.006624
332.9737,5.8670,62.30,116.00,0.006912
333.0478,5.8670,62.30,116.50,0.006687
333.1231,5.8670,61.76,116.50,0.006689
333.1976,5.8670,62.57,116.00,0.006979
333.2692,5.8670,62.30,116.00,0.006584
333.3415,5.8670,62.03,116.00,0.006723
333.4131,5.8670,62.30,116.00,0.006455
333.4862,5.8670,61.76,116.00,0.006711
333.5572,5.8670,62.03,116.00,0.006663
333.6296,5.8670,62.30,116.00,0.006714
333.7016,5.8895,62.30,116.00,0.006937
333.7790,5.9120,62.30,116.00,0.007171
333.8516,5.9120,62.03,116.00,0.007123
333.9302,5.9120,62.03,116.00,0.007076
334.0038,5.9120,62.30,116.00,0.007142
334.0778,5.9120,62.30,116.00,0.006744
334.1523,5.9120,62.30,116.00,0.006570
334.2274,5.9120,62.30,116.00,0.006693
334.3020,5.9120,62.30,116.00,0.006997
334.3774,5.9120,62.30,116.00,0.006615
334.4493,5.9120,61.76,116.00,0.006794
334.5259,5.8895,62.30,116.00,0.006958
334.6001,5.8670,62.03,116.00,0.006400
334.6728,5.8670,62.30,116.00,0.006324
334.7469,5.8670,62.03,116.00,0.007231
334.8232,5.8670,62.30,116.00,0.006649
334.8953,5.8670,62.30,116.00,0.006628
334.9717,5.8670,62.30,116.00,0.006808
335.0461,5.8670,62.03,116.00,0.006945
335.1224,5.8670,62.30,116.00,0.007067
335.1944,5.8670,62.03,116.00,0.006564
335.2710,5.8670,62.03,116.00,0.006825
335.3435,5.8670,62.30,116.00,0.006694
335.4222,5.8670,62.30,116.00,0.006944
335.4982,5.8670,62.30,116.00,0.006572
335.5708,5.8670,62.30,116.00,0.006358
335.6443,5.8670,62.30,116.00,0.006968
335.7167,5.8670,62.30,116.00,0.006299
335.7946,5.8970,62.30,116.00,0.007017
335.8741,5.8970,62.30,116.00,0.007059
335.9510,5.8970,62.30,116.00,0.006672
336.0252,5.8970,62.30,116.00,0.007011
336.0981,5.8970,62.30,116.00,0.006694
336.1723,5.8970,62.03,116.00,0.006423
336.2455,5.8970,61.49,116.00,0.006687
336.3180,5.8970,62.30,116.00,0.006636
336.3887,5.8970,62.30,116.00,0.006497
336.4650,5.8970,62.30,115.50,0.006963
336.5376,5.9430,62.30,115.00,0.006731
336.6143,5.9890,62.30,115.50,0.006773
336.6882,5.9890,62.30,116.00,0.006583
336.7651,5.9890,62.30,116.00,0.006747
336.8373,5.9890,61.76,116.00,0.006889
336.9114,5.9890,62.30,116.00,0.006639
336.9864,5.9890,62.30,116.00,0.007143
337.0623,5.9890,62.30,116.00,0.007035
337.1339,5.9890,62.30,116.00,0.006617
337.2094,5.9890,62.03,116.00,0.006527
337.2813,5.9890,62.30,116.00,0.006723
337.3577,5.9890,62.03,116.00,0.006746
337.4327,5.9890,62.30,116.00,0.006762
337.5072,5.9890,62.30,116.00,0.007032
337.5820,5.8820,62.57,116.00,0.006960
337.6573,5.8820,62.30,115.00,0.007186
337.7301,5.8820,62.30,115.50,0.006859
337.8087,5.8820,62.03,116.00,0.006851
337.8850,5.8820,62.30,116.00,0.006911
337.9592,5.8820,62.30,116.00,0.007131
338.0325,5.8820,62.03,116.00,0.006641
338.1071,5.8820,62.30,116.00,0.006811
338.1825,5.8820,62.30,115.50,0.007208
338.2592,5.8820,62.30,115.00,0.006808
338.3341,5.8820,62.57,115.00,0.007121
338.4139,5.8820,62.30,115.00,0.006873
338.4919,5.8820,62.30,115.00,0.007155
338.5669,5.8890,62.03,116.00,0.006872
338.6414,5.8890,62.03,116.00,0.006480
338.7142,5.8890,62.03,116.00,0.006345
338.7857,5.8890,62.03,116.00,0.006369
338.8618,5.8890,62.30,116.00,0.006607
338.9395,5.8890,62.30,116.00,0.006312
339.0211,5.8890,62.30,116.00,0.007315
339.0992,5.8890,62.30,116.00,0.006960
339.1799,5.8890,62.03,116.00,0.007329
339.2582,5.8890,62.03,116.00,0.006930
339.3407,5.8890,62.30,116.00,0.006655
339.4208,5.8890,62.30,116.00,0.006744
339.5032,5.8890,61.76,116.00,0.007358
339.5766,5.8090,62.30,116.00,0.006371
339.6511,5.8090,62.30,116.00,0.006455
339.7261,5.8090,62.30,116.00,0.006552
339.8044,5.8090,62.30,116.00,0.006373
339.8758,5.8090,62.30,116.00,0.006354
339.9491,5.8090,62.03,116.00,0.006431
340.0272,5.8090,62.30,116.00,0.007191
340.1071,5.8090,62.03,115.00,0.006641
340.1834,5.8090,62.03,116.00,0.006769
340.2663,5.8090,62.30,116.00,0.007393
340.3416,5.8090,62.30,116.00,0.007003
340.4245,5.8090,62.30,115.50,0.007475
340.4998,5.8090,62.30,116.00,0.006715
340.5793,5.8670,62.30,116.00,0.006870
340.6543,5.8670,62.30,116.00,0.007229
340.7308,5.8670,62.30,116.00,0.006733
340.8064,5.8670,62.03,116.00,0.006904
340.8810,5.8670,62.03,116.00,0.006854
340.9559,5.8670,62.03,116.00,0.006942
341.0318,5.8670,62.30,116.00,0.006727
341.1048,5.8670,62.30,116.00,0.006278
341.1777,5.8670,62.30,116.00,0.006568
341.2490,5.8670,62.03,116.00,0.006572
341.3225,5.8670,62.30,116.00,0.006449
341.3968,5.8670,62.30,116.00,0.006737
341.4705,5.8670,62.30,116.00,0.006685
341.5457,5.8670,62.30,115.50,0.006729
341.6222,5.8780,62.03,115.00,0.007062
341.6970,5.8890,62.30,115.00,0.006571
341.7732,5.8890,62.30,115.00,0.006792
341.8472,5.8890,62.30,115.00,0.006510
341.9216,5.8890,62.30,115.00,0.006653
341.9943,5.8890,62.30,115.50,0.006757
342.0716,5.8890,62.03,115.50,0.006788
342.1462,5.8890,62.30,115.00,0.006811
342.2225,5.8890,62.57,115.00,0.006868
342.2973,5.8890,62.03,116.00,0.006975
342.3742,5.8890,62.30,116.00,0.007001
342.4492,5.8890,61.76,116.00,0.006516
342.5266,5.8875,62.30,116.00,0.007342
342.5994,5.8860,62.30,116.00,0.006805
342.6740,5.8860,62.30,116.00,0.007102
342.7492,5.8860,62.03,116.00,0.006798
342.8263,5.8860,62.57,116.00,0.007413
342.8983,5.8860,62.03,116.00,0.006345
342.9735,5.8860,62.03,116.00,0.006560
343.0474,5.8860,61.76,116.00,0.006485
343.1222,5.8860,62.30,116.00,0.006615
343.1971,5.8860,62.30,116.00,0.007231
343.2729,5.8860,62.03,116.00,0.006973
343.3478,5.8860,61.76,116.00,0.006878
343.4219,5.8860,62.30,116.00,0.007066
343.4986,5.8860,62.30,115.50,0.006840
343.5772,5.8320,62.30,115.00,0.007063
343.6482,5.8320,62.03,115.50,0.006561
343.7216,5.8320,62.30,115.00,0.006903
343.7926,5.8320,62.30,115.00,0.006376
343.8656,5.8320,62.03,116.00,0.006610
343.9363,5.8320,62.03,116.00,0.006445
344.0097,5.8320,62.03,116.00,0.007113
344.0842,5.8320,62.30,116.00,0.007061
344.1623,5.8320,62.30,115.00,0.006856
344.2334,5.8320,62.03,116.00,0.006549
344.3097,5.8320,62.30,116.00,0.007020
344.3823,5.8320,62.30,116.00,0.006246
344.4550,5.8320,62.30,116.00,0.006423
344.5300,5.8320,62.03,116.00,0.006580
344.6054,5.8320,61.76,116.00,0.006665
344.6773,5.8835,62.30,116.00,0.006573
344.7530,5.9350,62.30,116.00,0.007216
344.8246,5.9350,62.30,116.00,0.006379
344.8971,5.9350,61.76,116.00,0.006527
344.9683,5.9350,62.30,116.00,0.006357
345.0410,5.9350,62.30,116.00,0.006440
345.1179,5.9350,62.03,116.00,0.007079
345.1939,5.9350,62.03,116.00,0.007048
345.2710,5.9350,61.76,116.00,0.006730
345.3473,5.9350,62.30,115.50,0.006794
345.4229,5.9350,62.03,115.00,0.006730
345.5021,5.9350,62.30,115.00,0.006837
345.5755,5.8550,62.30,115.00,0.006793
345.6521,5.8550,62.03,116.00,0.006559
345.7269,5.8550,62.57,116.00,0.006593
345.8036,5.8550,62.30,116.00,0.006529
345.8781,5.8550,62.30,116.00,0.006840
345.9541,5.8550,62.30,115.50,0.006886
346.0306,5.8550,62.03,115.50,0.006753
346.1069,5.8550,62.30,115.00,0.007252
346.1817,5.8550,62.03,116.00,0.006720
346.2608,5.8550,62.30,116.00,0.007125
346.3356,5.8550,62.30,116.00,0.006781
346.4124,5.8550,62.30,116.00,0.006921
346.4868,5.8550,62.03,116.00,0.007102
346.5637,5.9010,62.03,116.00,0.006852
346.6391,5.9010,62.03,116.00,0.007116
346.7135,5.9010,62.03,116.00,0.006888
346.7859,5.9010,62.30,116.00,0.006772
346.8625,5.9010,62.30,116.00,0.006987
346.9397,5.9010,62.30,116.00,0.006910
347.0138,5.9010,62.30,116.00,0.006840
347.0890,5.9010,62.30,116.00,0.006835
347.1632,5.9010,62.30,116.00,0.006751
347.2383,5.9010,62.30,116.00,0.006973
347.3149,5.9010,62.30,115.50,0.007238
347.3916,5.9010,62.03,115.50,0.007031
347.4675,5.9010,62.03,115.00,0.006816
347.5387,5.9010,62.03,116.00,0.006476
347.6126,5.8935,62.30,116.00,0.006830
347.6858,5.8860,62.30,116.00,0.006662
347.7618,5.8860,62.30,116.00,0.006580
347.8376,5.8860,62.30,115.50,0.006951
347.9141,5.8860,62.30,115.00,0.007043
347.9867,5.8860,62.30,115.00,0.007216
348.0629,5.8860,62.03,115.50,0.007084
348.1376,5.8860,62.30,116.00,0.006581
348.2149,5.8860,62.30,116.00,0.007189
348.2900,5.8860,62.30,116.00,0.006931
348.3661,5.8860,62.30,116.00,0.006884
348.4408,5.8860,62.30,116.00,0.006898
348.5149,5.8860,62.30,116.00,0.006986
348.5901,5.8890,62.30,116.00,0.006779
348.6667,5.8890,62.30,116.00,0.007231
348.7392,5.8890,62.03,116.00,0.006968
348.8127,5.8890,62.30,116.00,0.006467
348.8844,5.8890,62.03,116.00,0.006514
348.9576,5.8890,62.30,115.00,0.006594
349.0309,5.8890,62.30,115.00,0.006545
349.1062,5.8890,62.30,115.50,0.006534
349.1833,5.8890,62.57,115.50,0.006952
349.2621,5.8890,61.49,115.00,0.006793
349.3367,5.8890,62.03,115.50,0.006508
349.4123,5.8890,62.30,115.00,0.006571
349.4872,5.8890,62.03,115.00,0.006690
349.5631,5.8970,62.03,115.00,0.006739
349.6374,5.8970,62.30,115.50,0.006884
349.7113,5.8970,62.30,115.00,0.006912
349.7860,5.8970,62.30,115.00,0.006888
349.8608,5.8970,62.57,115.00,0.006943
349.9354,5.8970,62.30,115.50,0.006715
350.0094,5.8970,62.03,116.00,0.006849
350.0820,5.8970,61.76,116.00,0.006757
350.1584,5.8970,62.03,116.00,0.006929
350.2340,5.8970,62.30,116.00,0.006924
350.3099,5.8970,62.30,116.00,0.006785
350.3851,5.8970,62.57,116.00,0.006988
350.4612,5.8970,62.30,116.00,0.006990
350.5358,5.8835,61.76,116.00,0.006768
350.6103,5.8700,62.03,116.00,0.007290
350.6829,5.8700,62.30,115.50,0.007147
350.7580,5.8700,62.30,115.00,0.006337
350.8291,5.8700,62.30,115.00,0.006601
350.9014,5.8700,62.30,115.50,0.006407
350.9729,5.8700,62.30,115.00,0.006341
351.0506,5.8700,62.30,116.00,0.006444
351.1251,5.8700,62.30,116.00,0.007039
351.1989,5.8700,62.30,116.00,0.006389
351.2722,5.8700,62.30,116.00,0.006380
351.3448,5.8700,62.03,116.00,0.006399
351.4168,5.8700,62.30,115.00,0.006713
351.4910,5.8700,62.30,115.00,0.006524
351.5673,5.8170,62.57,115.00,0.006697
351.6447,5.8170,62.30,115.00,0.007244
351.7170,5.8170,61.76,115.50,0.007024
351.7938,5.8170,62.30,116.00,0.006916
351.8678,5.8170,62.30,116.00,0.006369
351.9408,5.8170,62.30,116.00,0.006303
352.0139,5.8170,62.30,116.00,0.006631
352.0867,5.8170,62.03,116.00,0.006729
352.1628,5.8170,61.76,116.00,0.006439
352.2384,5.8170,62.30,116.00,0.006740
352.3113,5.8170,62.30,116.00,0.006799
352.3853,5.8170,62.03,116.00,0.006768
352.4619,5.8170,62.30,116.00,0.006802
352.5410,5.8400,62.30,116.00,0.006703
352.6159,5.8630,62.57,116.00,0.006912
352.6913,5.8630,62.30,116.00,0.006564
352.7663,5.8630,62.30,116.00,0.006517
352.8438,5.8630,62.30,115.00,0.006616
352.9181,5.8630,62.57,115.00,0.006812
352.9943,5.8630,62.30,115.00,0.006604
353.0716,5.8630,62.30,115.00,0.006767
353.1477,5.8630,62.30,115.00,0.006672
353.2204,5.8630,62.03,116.00,0.006968
353.2944,5.8630,62.30,115.50,0.006948
353.3688,5.8630,62.30,115.50,0.006925
353.4450,5.8630,62.30,115.00,0.006797
353.5172,5.9050,62.30,115.50,0.006904
353.5939,5.9470,62.30,116.00,0.006721
353.6664,5.9470,62.57,116.00,0.006599
353.7451,5.9470,62.30,116.00,0.007054
353.8219,5.9470,62.03,116.00,0.007024
353.8984,5.9470,62.03,116.00,0.006713
353.9732,5.9470,62.03,116.00,0.006822
354.0494,5.9470,62.03,116.00,0.006927
354.1210,5.9470,62.30,116.00,0.006383
354.1940,5.9470,62.03,116.00,0.006391
354.2656,5.9470,62.30,116.00,0.006594
354.3381,5.9470,62.03,116.00,0.006566
354.4091,5.9470,62.03,116.00,0.006539
354.4821,5.9470,62.30,116.00,0.006592
354.5539,5.9470,62.30,116.00,0.006406
354.6339,5.9160,62.30,116.00,0.006830
354.7071,5.9160,62.03,116.00,0.007034
354.7831,5.9160,62.57,116.00,0.006572
354.8580,5.9160,62.30,116.00,0.006967
354.9342,5.9160,62.03,116.00,0.006702
355.0094,5.9160,62.30,116.00,0.006855
355.0859,5.9160,62.57,115.00,0.006898
355.1603,5.9160,62.30,115.00,0.006438
355.2367,5.9160,62.30,115.00,0.006759
355.3095,5.9160,62.03,115.00,0.006835
355.3869,5.9160,62.03,116.00,0.006849
355.4634,5.9160,62.03,116.00,0.006802
355.5381,5.8930,62.57,116.00,0.006866
355.6113,5.8700,62.30,116.00,0.006880
355.6850,5.8700,62.30,116.00,0.006451
355.7571,5.8700,62.30,116.00,0.006742
355.8316,5.8700,62.03,116.00,0.007070
355.9055,5.8700,62.30,116.00,0.006733
355.9820,5.8700,62.03,116.00,0.007014
356.0537,5.8700,62.30,116.00,0.006492
356.1301,5.8700,62.03,116.00,0.006774
356.2025,5.8700,62.30,116.00,0.006851
356.2785,5.8700,62.03,116.00,0.006412
356.3497,5.8700,62.30,116.00,0.006297
356.4257,5.8700,62.30,116.00,0.006731
356.4975,5.8700,62.30,116.00,0.006950
356.5705,5.8700,62.03,116.00,0.006429
356.6478,5.8700,62.30,116.00,0.007098
356.7241,5.8700,62.03,116.00,0.006377
356.7981,5.8700,62.30,116.00,0.006838
356.8743,5.8700,62.30,116.00,0.006792
356.9504,5.8700,62.30,115.50,0.006719
357.0262,5.8700,62.30,115.00,0.006629
357.1006,5.8700,62.30,115.00,0.006665
357.1743,5.8700,62.30,115.50,0.006862
357.2462,5.8700,62.30,116.00,0.006757
357.3244,5.8700,62.03,116.00,0.006600
357.3968,5.8700,62.30,116.00,0.006474
357.4704,5.8700,62.03,116.00,0.006814
357.5451,5.8700,62.30,116.00,0.006707
357.6220,5.8700,62.30,116.00,0.007162
357.6973,5.9310,62.30,116.00,0.006788
357.7741,5.9310,62.30,116.00,0.006969
357.8464,5.9310,62.30,116.00,0.006709
357.9230,5.9310,62.30,116.00,0.006655
357.9981,5.9310,62.30,116.00,0.006846
358.0708,5.9310,62.30,116.00,0.006267
358.1457,5.9310,62.30,116.00,0.006971
358.2228,5.9310,62.30,116.00,0.006741
358.2977,5.9310,62.30,116.00,0.006946
358.3746,5.9310,62.30,116.00,0.006767
358.4496,5.9310,62.30,116.00,0.006891
358.5262,5.9085,62.03,115.00,0.007025
358.6010,5.8860,62.30,115.00,0.006761
358.6778,5.8860,62.30,115.50,0.006948
358.7501,5.8860,62.30,115.00,0.006829
358.8225,5.8860,62.30,115.00,0.006313
358.8954,5.8860,62.30,115.00,0.006253
358.9705,5.8860,62.30,115.00,0.006504
359.0417,5.8860,62.30,115.50,0.006907
359.1186,5.8860,62.30,116.00,0.007084
359.1954,5.8860,62.30,115.50,0.006790
359.2713,5.8860,62.30,115.00,0.006636
359.3465,5.8860,62.30,116.00,0.006781
359.4233,5.8860,62.30,116.00,0.006805
359.4977,5.8860,62.03,116.00,0.006997
359.5720,5.8630,62.30,116.00,0.006738
359.6452,5.8630,62.30,116.00,0.006829
359.7223,5.8630,62.30,115.50,0.007095
359.7974,5.8630,62.30,115.00,0.007428
359.8741,5.8630,62.30,115.50,0.006943
359.9496,5.8630,62.30,115.50,0.007124
360.0268,5.8630,62.30,115.50,0.007141
360.1014,5.8630,62.03,115.00,0.006445
360.1773,5.8630,62.30,115.00,0.006572
360.2497,5.8630,62.30,115.00,0.006875
360.3255,5.8630,62.03,115.00,0.006684
360.4023,5.8630,62.03,115.00,0.006562
360.4786,5.8630,62.03,115.00,0.007159
360.5526,5.9125,62.30,115.00,0.006698
360.6294,5.9620,62.30,115.00,0.007197
360.7022,5.9620,62.30,116.00,0.006747
360.7793,5.9620,62.30,116.00,0.006912
360.8566,5.9620,62.30,116.00,0.007079
360.9316,5.9620,62.30,116.00,0.006921
361.0064,5.9620,62.30,116.00,0.007124
361.0824,5.9620,62.30,116.00,0.006833
361.1568,5.9620,62.30,116.00,0.006991
361.2305,5.9620,62.03,116.00,0.006750
361.3059,5.9620,62.03,116.00,0.006875
361.3823,5.9620,62.30,116.00,0.006760
361.4576,5.9620,62.30,116.00,0.007035
361.5345,5.9315,62.30,116.00,0.006833
361.6100,5.9010,62.30,116.00,0.007023
361.6862,5.9010,62.03,116.00,0.006315
361.7588,5.9010,62.30,116.00,0.006437
361.8336,5.9010,62.30,116.00,0.006957
361.9106,5.9010,62.30,116.00,0.006896
361.9889,5.9010,62.30,116.00,0.007124
362.0612,5.9010,62.30,115.50,0.007182
362.1351,5.9010,62.30,115.00,0.006713
362.2074,5.9010,62.30,115.50,0.006587
362.2820,5.9010,62.30,115.50,0.007108
362.3564,5.9010,62.30,116.00,0.006899
362.4326,5.9010,62.30,116.00,0.006928
362.5046,5.9010,62.30,116.00,0.006737
362.5795,5.9510,61.76,116.00,0.006841
362.6527,5.9510,62.03,115.50,0.006794
362.7290,5.9510,62.30,115.00,0.006937
362.8011,5.9510,62.57,115.00,0.006864
362.8733,5.9510,62.30,116.00,0.006384
362.9450,5.9510,62.30,116.00,0.006701
363.0177,5.9510,62.30,116.00,0.006587
363.0905,5.9510,62.30,116.00,0.006881
363.1667,5.9510,62.30,116.00,0.006900
363.2395,5.9510,62.30,116.00,0.006800
363.3134,5.9510,62.03,116.00,0.006555
363.3847,5.9510,62.30,116.00,0.006440
363.4574,5.9510,62.30,116.00,0.006791
363.5315,5.9510,62.30,116.00,0.006676
363.6065,5.9510,62.30,116.00,0.006347
363.6815,5.9470,62.30,116.00,0.006502
363.7541,5.9470,62.30,116.00,0.006813
363.8255,5.9470,62.03,116.00,0.006316
363.8992,5.9470,62.30,115.50,0.006745
363.9730,5.9470,62.30,115.00,0.006743
364.0493,5.9470,62.30,115.50,0.007116
364.1234,5.9470,62.30,116.00,0.006899
364.1981,5.9470,62.30,116.00,0.006566
364.2688,5.9470,62.03,116.00,0.006255
364.3420,5.9470,62.30,116.00,0.006683
364.4158,5.9470,62.30,115.50,0.006874
364.4897,5.9470,62.03,115.00,0.006784
364.5650,5.9120,62.03,115.50,0.006491
364.6421,5.9120,62.30,116.00,0.007081
364.7160,5.9120,62.03,116.00,0.007846
364.7909,5.9120,62.03,116.00,0.006932
364.8656,5.9120,62.30,116.00,0.007209
364.9420,5.9120,62.30,116.00,0.006640
365.0171,5.9120,61.76,116.00,0.006775
365.0975,5.9120,62.30,116.00,0.007457
365.1771,5.9120,62.30,116.00,0.006805
365.2595,5.9120,62.30,116.00,0.006874
365.3376,5.9120,62.30,116.00,0.007295
365.4150,5.9120,62.30,116.00,0.007217
365.4932,5.9120,62.03,116.00,0.006948
365.5730,5.9120,62.30,116.00,0.007148
365.6504,5.9120,62.30,116.00,0.007060
365.7281,5.9120,62.30,116.00,0.007324
365.8084,5.9120,61.76,115.50,0.006590
365.8859,5.9120,62.30,115.50,0.006813
365.9668,5.9120,62.03,116.00,0.007556
366.0460,5.9120,62.30,116.00,0.007016
366.1219,5.9120,62.30,116.00,0.007066
366.2039,5.9120,62.30,116.00,0.007082
366.2840,5.9120,62.30,116.00,0.006917
366.3666,5.9120,62.30,116.00,0.007210
366.4395,5.9120,62.03,116.00,0.006267
366.5157,5.9120,62.30,116.00,0.006944
366.5916,5.9120,62.30,116.00,0.006484
366.6650,5.9120,62.30,116.00,0.006351
366.7386,5.9120,62.30,116.00,0.006884
366.8171,5.8665,62.03,116.00,0.007035
366.8981,5.8210,62.03,116.00,0.007086
366.9797,5.8210,62.30,116.00,0.006812
367.0583,5.8210,62.30,116.00,0.007331
367.1374,5.8210,61.76,116.00,0.006462
367.2104,5.8210,62.30,116.00,0.006816
367.2900,5.8210,62.30,116.00,0.006641
367.3701,5.8210,62.03,116.00,0.007052
367.4497,5.8210,62.30,116.00,0.006912
367.5216,5.8210,62.03,116.00,0.006684
367.5982,5.8210,62.30,116.00,0.006983
367.6742,5.8210,62.03,116.00,0.006821
367.7553,5.8210,62.30,115.00,0.006621
367.8339,5.8210,62.03,115.00,0.006814
367.9150,5.8210,62.03,115.50,0.007336
367.9940,5.8210,62.30,116.00,0.007064
368.0758,5.8210,62.30,116.00,0.006961
368.1543,5.8210,62.03,116.00,0.006644
368.2298,5.8210,62.30,116.00,0.006422
368.3030,5.8075,62.30,116.00,0.006725
368.3780,5.7940,62.03,116.00,0.007179
368.4545,5.7940,62.30,115.50,0.006904
368.5343,5.8225,62.30,115.50,0.006607
368.6074,5.8510,62.03,116.00,0.006632
368.6818,5.8510,62.03,116.00,0.006963
368.7549,5.8510,62.30,116.00,0.006570
368.8319,5.8510,62.03,116.00,0.006903
368.9069,5.8510,62.03,116.00,0.006899
368.9814,5.8510,62.30,116.00,0.006857
369.0522,5.8510,62.30,116.00,0.006328
369.1286,5.8510,62.03,116.00,0.008022
369.2038,5.8510,62.30,117.00,0.006883
369.2788,5.8510,62.03,117.00,0.007003
369.3539,5.8510,61.76,117.00,0.006844
369.4267,5.8510,62.30,117.00,0.006518
369.5003,5.8510,62.03,117.00,0.006787
369.5729,5.8510,62.03,117.00,0.006295
369.6446,5.8590,62.03,117.00,0.007089
369.7209,5.8670,62.30,117.00,0.007169
369.7981,5.8670,62.30,117.00,0.006945
369.8747,5.8670,62.30,117.00,0.006608
369.9509,5.8670,61.76,117.00,0.006620
370.0289,5.8670,62.30,117.00,0.006705
370.1016,5.8670,62.30,117.00,0.007015
370.1792,5.8670,62.30,117.00,0.006593
370.2529,5.8670,61.76,117.00,0.006809
370.3266,5.8670,62.30,117.00,0.006786
370.4055,5.8670,62.30,117.00,0.006681
370.4829,5.8670,62.30,117.00,0.006800
370.5591,5.8930,61.76,117.00,0.006794
370.6341,5.8930,62.03,117.00,0.007088
370.7072,5.8930,62.30,117.00,0.006737
370.7817,5.8930,62.30,117.00,0.006342
370.8535,5.8930,62.57,117.00,0.006392
370.9263,5.8930,62.03,117.00,0.006350
371.0008,5.8930,61.76,117.00,0.006457
371.0772,5.8930,62.30,117.00,0.006620
371.1499,5.8930,62.30,117.00,0.006662
371.2264,5.8930,62.30,117.00,0.006696
371.3016,5.8930,62.30,117.00,0.006634
371.3769,5.8930,62.03,117.00,0.007002
371.4511,5.8930,62.30,117.00,0.006408
371.5256,5.9160,62.57,117.00,0.006577
371.5994,5.9390,62.30,117.00,0.006634
371.6768,5.9390,62.30,117.00,0.007090
371.7489,5.9390,62.30,117.00,0.006266
371.8242,5.9390,62.30,117.00,0.006890
371.8977,5.9390,62.30,117.00,0.006542
371.9708,5.9390,62.30,117.00,0.006419
372.0454,5.9390,62.30,117.00,0.006278
372.1189,5.9390,62.30,117.00,0.006293
372.1920,5.9390,62.30,117.00,0.006551
372.2657,5.9390,62.30,118.00,0.006712
372.3370,5.9390,62.30,118.00,0.006328
372.4123,5.9390,62.03,118.00,0.007004
372.4865,5.9390,62.30,118.00,0.006767
372.5632,5.9010,62.30,118.00,0.006858
372.6382,5.9010,62.03,118.00,0.006660
372.7163,5.9010,62.30,118.00,0.007872
372.7904,5.9010,62.03,118.00,0.006790
372.8671,5.9010,62.03,118.00,0.006831
372.9432,5.9010,62.30,118.00,0.006762
373.0175,5.9010,62.30,118.00,0.006755
373.0944,5.9010,62.30,118.00,0.006836
373.1713,5.9010,62.30,118.00,0.006622
373.2442,5.9010,62.30,118.00,0.006965
373.3197,5.9010,62.30,118.00,0.007267
373.3926,5.9010,62.30,118.00,0.006795
373.4672,5.9010,62.30,118.00,0.006912
373.5408,5.9010,62.30,118.00,0.006337
373.6187,5.9240,62.57,118.00,0.007207
373.6962,5.9470,62.30,118.00,0.006686
373.7684,5.9470,62.03,118.00,0.006314
373.8393,5.9470,62.30,118.00,0.006295
373.9143,5.9470,62.30,118.00,0.006743
373.9888,5.9470,62.30,118.00,0.006789
374.0627,5.9470,62.03,118.00,0.006565
374.1350,5.9470,62.30,118.00,0.006552
374.2092,5.9470,62.30,118.00,0.006763
374.2860,5.9470,62.30,118.00,0.007134
374.3611,5.9470,62.57,118.00,0.006886
374.4342,5.9470,62.30,118.00,0.006912
374.5112,5.9470,62.03,118.00,0.006688
374.5844,5.9240,62.30,118.00,0.006650
374.6589,5.9240,62.30,118.00,0.006587
374.7330,5.9240,62.30,118.00,0.007284
374.8072,5.9240,62.03,118.00,0.006664
374.8826,5.9240,62.30,118.00,0.006865
374.9594,5.9240,62.30,118.00,0.006823
375.0349,5.9240,62.30,118.00,0.006871
375.1108,5.9240,62.30,118.00,0.006738
375.1865,5.9240,62.03,118.00,0.006981
375.2658,5.9240,62.30,118.00,0.006907
375.3441,5.9240,62.03,118.00,0.006902
375.4226,5.9240,62.30,118.00,0.006956
375.4985,5.9240,62.30,118.00,0.006478
375.5740,5.8590,62.03,118.00,0.006751
375.6500,5.8590,62.30,118.00,0.007240
375.7259,5.8590,62.30,118.00,0.006495
375.8018,5.8590,62.30,118.00,0.006899
375.8789,5.8590,62.30,118.00,0.006653
375.9514,5.8590,62.30,118.00,0.006771
376.0259,5.8590,62.30,119.00,0.006621
376.1012,5.8590,62.30,119.00,0.006946
376.1787,5.8590,62.03,119.00,0.006978
376.2523,5.8590,62.30,119.00,0.006402
376.3269,5.8590,62.30,119.00,0.006545
376.4017,5.8590,62.30,119.00,0.006757
376.4807,5.8590,62.30,119.00,0.007005
376.5534,5.8915,62.30,119.00,0.006612
376.6306,5.9240,62.30,119.00,0.006810
376.7028,5.9240,62.30,119.00,0.006777
376.7781,5.9240,62.30,119.00,0.006850
376.8537,5.9240,61.76,119.00,0.006567
376.9305,5.9240,62.30,119.00,0.006781
377.0074,5.9240,62.03,119.00,0.006667
377.0860,5.9240,62.30,119.00,0.006739
377.1619,5.9240,62.30,119.00,0.006624
377.2363,5.9240,62.30,119.00,0.006910
377.3094,5.9240,62.03,119.00,0.006702
377.3858,5.9240,62.03,119.00,0.006662
377.4607,5.9240,62.30,119.00,0.006884
377.5405,5.9030,62.03,119.00,0.006825
377.6127,5.8820,62.30,119.00,0.006384
377.6858,5.8820,62.30,119.00,0.006546
377.7579,5.8820,62.30,119.00,0.006513
377.8361,5.8820,62.30,119.00,0.006941
377.9089,5.8820,62.03,119.00,0.006849
377.9859,5.8820,62.30,119.00,0.006889
378.0625,5.8820,62.03,119.00,0.006967
378.1407,5.8820,62.30,119.00,0.006644
378.2130,5.8820,62.30,119.00,0.006335
378.2867,5.8820,62.30,119.00,0.006484
378.3621,5.8820,62.30,119.00,0.006554
378.4378,5.8820,62.03,119.00,0.006767
378.5137,5.8820,61.76,119.00,0.007102
378.5889,5.9050,62.03,119.00,0.006837
378.6609,5.9050,62.57,119.00,0.006263
378.7342,5.9050,62.57,119.00,0.006553
378.8086,5.9050,62.30,119.00,0.006626
378.8824,5.9050,62.30,119.00,0.006315
378.9555,5.9050,62.03,119.00,0.006882
379.0300,5.9050,62.57,119.00,0.006931
379.1025,5.9050,62.03,119.00,0.006416
379.1764,5.9050,62.30,119.00,0.006477
379.2483,5.9050,62.30,119.00,0.006548
379.3230,5.9050,62.03,119.00,0.007288
379.3968,5.9050,62.30,119.00,0.006899
379.4745,5.9050,62.30,119.00,0.006827
379.5464,5.9050,62.57,119.00,0.006385
379.6218,5.9050,62.30,119.00,0.006313
379.6937,5.9050,62.30,119.00,0.006405
379.7691,5.9050,62.30,119.00,0.006340
379.8417,5.9050,62.03,119.00,0.006804
379.9170,5.9050,62.30,119.00,0.006989
379.9900,5.9050,62.30,119.00,0.006676
380.0678,5.9050,62.30,119.00,0.006519
380.1459,5.9050,62.30,119.00,0.007122
380.2259,5.9050,62.57,119.00,0.007254
380.3009,5.9050,62.30,119.00,0.006701
380.3776,5.9050,62.30,119.00,0.006859
380.4505,5.9050,62.30,119.00,0.006619
380.5273,5.9050,62.57,119.00,0.006885
380.6009,5.9050,62.30,119.00,0.006762
380.6781,5.9050,62.30,119.00,0.007058
380.7547,5.9050,62.30,119.00,0.007269
380.8296,5.9050,62.30,119.00,0.007222
380.9058,5.8740,62.30,119.00,0.006817
380.9824,5.8740,62.30,119.00,0.006946
381.0578,5.8740,62.30,118.50,0.006997
381.1349,5.8740,62.30,118.00,0.006751
381.2101,5.8740,62.30,118.00,0.006856
381.2881,5.8740,62.30,118.00,0.006571
381.3607,5.8740,62.30,119.00,0.006647
381.4378,5.8740,62.30,119.00,0.006786
381.5135,5.8740,62.30,119.00,0.006827
381.5902,5.8700,62.03,119.00,0.006624
381.6675,5.8700,62.30,119.00,0.006750
381.7448,5.8700,62.30,119.00,0.006818
381.8198,5.8700,62.03,119.00,0.006780
381.8957,5.8700,62.30,119.00,0.007087
381.9700,5.8700,62.30,119.00,0.007118
382.0467,5.8700,62.30,119.00,0.006690
382.1232,5.8700,62.30,119.00,0.006780
382.2026,5.8700,62.30,119.00,0.007155
382.2800,5.8700,62.30,119.00,0.006856
382.3549,5.8700,62.30,119.00,0.006798
382.4305,5.8700,62.30,119.00,0.006750
382.5061,5.8700,62.30,119.00,0.006769
382.5827,5.8550,62.30,118.00,0.007570
382.6581,5.8550,62.30,118.50,0.006956
382.7356,5.8550,62.57,118.50,0.006739
382.8115,5.8550,62.30,118.00,0.007123
382.8847,5.8550,62.30,118.00,0.006497
382.9593,5.8550,62.03,118.00,0.006607
383.0340,5.8550,62.30,118.00,0.006996
383.1083,5.8550,62.30,118.00,0.006900
383.1816,5.8550,62.30,118.00,0.006903
383.2578,5.8550,62.30,118.50,0.006519
383.3338,5.8550,62.30,118.00,0.007097
383.4107,5.8550,62.30,118.00,0.006628
383.4846,5.8550,62.03,118.00,0.006859
383.5620,5.8590,62.30,118.00,0.007084
383.6393,5.8590,62.30,118.50,0.006671
383.7173,5.8590,62.30,119.00,0.006770
383.7901,5.8590,62.30,119.00,0.006829
383.8650,5.8590,62.30,118.50,0.006913
383.9423,5.8590,62.30,118.00,0.006933
384.0178,5.8590,62.30,118.00,0.007262
384.0996,5.8590,62.03,118.00,0.006890
384.1780,5.8590,62.30,118.00,0.006923
384.2586,5.8590,62.03,118.00,0.007084
384.3405,5.8590,62.03,118.00,0.007441
384.4205,5.8590,62.30,118.00,0.007071
384.5006,5.8590,62.30,118.00,0.006875
384.5790,5.8130,62.30,118.00,0.006878
384.6577,5.8130,62.03,118.00,0.007198
384.7368,5.8130,62.30,118.00,0.006894
384.8168,5.8130,62.30,118.00,0.007196
384.8940,5.8130,62.30,118.00,0.006910
384.9688,5.8130,62.03,118.00,0.007050
385.0437,5.8130,62.30,118.00,0.006974
385.1186,5.8130,62.03,118.00,0.006898
385.1963,5.8130,62.30,118.00,0.006815
385.2702,5.8130,62.30,118.00,0.006234
385.3440,5.8130,62.30,118.00,0.006530
385.4189,5.8130,61.76,118.00,0.007240
385.4935,5.8130,62.30,118.00,0.006773
385.5705,5.9240,62.30,118.00,0.006532
385.6465,5.9240,62.03,118.00,0.006848
385.7221,5.9240,62.30,118.00,0.006443
385.7934,5.9240,62.30,118.00,0.006360
385.8687,5.9240,62.30,118.00,0.006328
385.9403,5.9240,62.30,118.00,0.006326
386.0178,5.9240,62.30,118.00,0.006716
386.0893,5.9240,62.30,118.00,0.006748
386.1665,5.9240,61.76,118.00,0.006968
386.2424,5.9240,62.03,118.00,0.006926
386.3190,5.9240,62.30,118.00,0.006908
386.3944,5.9240,62.30,118.00,0.006763
386.4688,5.9240,61.76,118.00,0.006463
386.5421,5.9085,62.30,118.00,0.007049
386.6182,5.8930,62.03,118.00,0.006598
386.6927,5.8930,62.30,118.00,0.006506
386.7673,5.8930,62.57,118.00,0.006644
386.8421,5.8930,62.03,118.00,0.006711
386.9169,5.8930,62.30,118.00,0.006897
386.9909,5.8930,62.30,118.00,0.006233
387.0647,5.8930,62.30,118.00,0.006486
387.1380,5.8930,62.30,118.00,0.006670
387.2143,5.8930,62.30,118.00,0.006744
387.2882,5.8930,62.30,118.00,0.006347
387.3625,5.8930,62.30,118.00,0.006469
387.4397,5.8930,62.03,118.00,0.006981
387.5148,5.8930,62.30,118.00,0.006780
387.5877,5.9050,62.03,118.00,0.006912
387.6632,5.9050,62.03,118.00,0.006807
387.7365,5.9050,62.30,118.00,0.006554
387.8115,5.9050,62.30,118.00,0.006532
387.8835,5.9050,61.76,118.00,0.006760
387.9594,5.9050,62.30,118.00,0.006587
388.0316,5.9050,62.30,118.00,0.006651
388.1052,5.9050,62.30,118.00,0.006384
388.1831,5.9050,62.03,118.00,0.006780
388.2581,5.9050,62.03,118.00,0.006752
388.3338,5.9050,62.30,118.00,0.007079
388.4103,5.9050,62.03,118.00,0.006617
388.4872,5.9050,62.30,118.00,0.006707
388.5648,5.8360,62.30,118.00,0.006843
388.6409,5.8360,62.30,118.00,0.006804
388.7163,5.8360,62.30,118.00,0.007669
388.7909,5.8360,62.30,117.50,0.006375
388.8653,5.8360,62.30,117.00,0.006929
388.9384,5.8360,62.30,117.50,0.006619
389.0173,5.8360,62.30,118.00,0.006647
389.0899,5.8360,62.30,118.00,0.006741
389.1654,5.8360,62.57,118.00,0.006952
389.2414,5.8360,62.03,118.00,0.007186
389.3211,5.8360,62.30,118.00,0.007212
389.3960,5.8360,62.30,118.00,0.006797
389.4709,5.8360,62.30,118.00,0.006750
389.5456,5.8495,62.57,118.00,0.007298
389.6206,5.8630,62.30,118.00,0.006899
389.6950,5.8630,62.30,118.00,0.007017
389.7739,5.8630,62.03,118.00,0.006850
389.8481,5.8630,62.30,118.00,0.006403
389.9214,5.8630,61.76,118.00,0.006628
389.9935,5.8630,62.03,118.00,0.006578
390.0675,5.8630,62.30,117.50,0.006782
390.1424,5.8630,62.30,117.50,0.007013
390.2177,5.8630,62.30,117.50,0.007064
390.2902,5.8630,62.30,117.00,0.006896
390.3668,5.8630,62.30,117.00,0.006766
390.4383,5.8630,62.30,117.00,0.006267
390.5145,5.8630,62.30,117.00,0.006310
390.5897,5.8630,62.30,117.00,0.006717
390.6640,5.8630,62.30,117.00,0.006505
390.7424,5.8630,62.30,117.00,0.007535
390.8248,5.8630,62.30,117.00,0.007372
390.9061,5.8630,61.76,117.00,0.007060
390.9883,5.8630,62.30,117.00,0.006948
391.0691,5.8630,62.03,117.00,0.007113
391.1510,5.8630,62.30,117.00,0.007357
391.2311,5.8630,62.30,117.00,0.007057
391.3105,5.8630,62.30,117.00,0.007119
391.3891,5.8630,62.03,117.00,0.007097
391.4702,5.8630,62.30,117.50,0.007227
391.5507,5.8630,62.30,117.00,0.007398
391.6323,5.8630,62.30,117.00,0.007014
391.7106,5.8630,62.30,117.00,0.007143
391.7936,5.8630,62.30,117.00,0.006934
391.8753,5.8630,62.30,117.00,0.007256
391.9601,5.7060,62.30,117.00,0.007241
392.0389,5.7060,62.30,117.00,0.007265
392.1220,5.7060,62.30,117.00,0.007391
392.2017,5.7060,62.30,117.00,0.006844
392.2833,5.7060,62.03,117.00,0.007311
392.3627,5.7060,62.03,117.00,0.007034
392.4446,5.7060,62.03,117.00,0.007338
392.5251,5.7425,62.03,117.00,0.007283
392.6067,5.7790,62.30,117.00,0.007093
392.6857,5.7790,62.30,117.00,0.007213
392.7666,5.7790,62.03,117.00,0.007000
392.8447,5.7790,62.30,117.00,0.006972
392.9267,5.7790,62.57,117.00,0.007088
393.0076,5.7790,62.30,117.00,0.007169
393.0872,5.7790,62.30,117.00,0.007146
393.1666,5.7790,62.30,117.00,0.006927
393.2465,5.7790,62.03,117.00,0.007170
393.3277,5.7790,62.30,117.00,0.006346
393.4056,5.7790,62.30,117.00,0.007242
393.4791,5.7790,62.30,117.00,0.006617
393.5537,5.7790,62.30,117.00,0.006643
393.6250,5.7790,62.30,117.00,0.006401
393.7020,5.7980,62.30,117.00,0.007093
393.7806,5.8170,61.49,117.00,0.007102
393.8636,5.8170,62.30,117.00,0.007426
393.9436,5.8170,62.03,117.00,0.006474
394.0257,5.8170,62.30,117.00,0.006814
394.1016,5.8170,62.30,117.00,0.006876
394.1822,5.8170,62.30,117.00,0.007309
394.2630,5.8170,62.30,117.00,0.006636
394.3435,5.8170,62.03,117.00,0.006917
394.4218,5.8170,62.30,117.00,0.006979
394.4991,5.8170,62.03,117.00,0.007056
394.5820,5.8400,61.76,117.00,0.007228
394.6620,5.8400,62.03,117.00,0.007283
394.7433,5.8400,62.30,117.00,0.006954
394.8245,5.8400,62.03,117.00,0.007005
394.9029,5.8400,62.30,117.00,0.006711
394.9839,5.8400,61.76,117.00,0.007030
395.0642,5.8400,62.30,117.00,0.006635
395.1453,5.8400,62.30,117.00,0.006945
395.2255,5.8400,62.03,117.00,0.006416
395.3061,5.8400,62.30,117.00,0.007230
395.3797,5.8400,62.30,116.00,0.006266
395.4537,5.8400,62.30,117.00,0.006708
395.5258,5.8400,62.30,117.00,0.006586
395.6033,5.8400,62.03,117.00,0.006954
395.6821,5.8050,62.30,117.00,0.006782
395.7637,5.8050,62.30,117.00,0.006458
395.8426,5.8050,62.30,117.00,0.006932
395.9190,5.8050,62.30,117.00,0.006562
395.9954,5.8050,62.57,117.00,0.007193
396.0752,5.8050,62.03,117.00,0.006477
396.1560,5.8050,62.03,117.00,0.006991
396.2384,5.8050,62.30,116.50,0.006700
396.3163,5.8050,62.30,116.00,0.007114
396.3974,5.8050,62.03,116.50,0.006844
396.4786,5.8050,62.30,116.50,0.007202
396.5618,5.8165,61.76,116.00,0.006439
396.6421,5.8280,62.03,117.00,0.007111
396.7205,5.8280,62.30,117.00,0.006932
396.8027,5.8280,62.03,117.00,0.007089
396.8843,5.8280,62.30,117.00,0.007086
396.9647,5.8280,62.03,117.00,0.007274
397.0467,5.8280,62.30,117.00,0.007353
397.1278,5.8280,62.03,117.00,0.006840
397.2029,5.8280,62.03,117.00,0.006548
397.2779,5.8280,62.03,117.00,0.006774
397.3564,5.8280,62.30,116.50,0.007210
397.4373,5.8280,61.76,117.00,0.007097
397.5174,5.8280,61.76,117.00,0.007190
397.5943,5.8170,62.03,117.00,0.007210
397.6750,5.8170,62.30,117.00,0.007469
397.7506,5.8170,62.30,117.00,0.006451
397.8269,5.8170,62.03,117.00,0.006963
397.9029,5.8170,62.30,117.00,0.006803
397.9840,5.8170,62.03,116.50,0.007230
398.0641,5.8170,62.03,116.00,0.006651
398.1448,5.8170,62.30,116.00,0.007076
398.2227,5.8170,62.30,116.50,0.006988
398.3026,5.8170,62.30,117.00,0.007149
398.3832,5.8170,62.30,117.00,0.007435
398.4641,5.8170,62.30,117.00,0.006837
398.5426,5.7845,62.03,117.00,0.007278
398.6241,5.7520,62.30,117.00,0.006858
398.7026,5.7520,62.30,117.00,0.007300
398.7837,5.7520,62.30,117.00,0.006824
398.8622,5.7520,62.30,117.00,0.007225
398.9426,5.7520,62.03,117.00,0.007158
399.0233,5.7520,62.30,117.00,0.007256
399.1012,5.7520,62.30,117.00,0.007045
399.1825,5.7520,62.03,117.00,0.007519
399.2653,5.7520,62.30,117.00,0.006948
399.3465,5.7520,62.30,117.00,0.007584
399.4231,5.7520,62.30,117.00,0.006560
399.4980,5.7520,62.30,117.00,0.006803
399.5775,5.7520,62.30,117.00,0.006901
399.6576,5.7410,62.03,117.00,0.007167
399.7381,5.7410,62.30,117.00,0.006846
399.8183,5.7410,62.03,117.00,0.007138
399.8985,5.7410,62.03,117.00,0.006885
399.9770,5.7410,62.03,117.00,0.006769
400.0598,5.7410,62.30,117.00,0.006893
400.1398,5.7410,62.03,117.00,0.007161
400.2224,5.7410,62.03,117.00,0.007401
400.3024,5.7410,61.49,117.00,0.006870
400.3827,5.7410,62.30,117.00,0.007156
400.4583,5.7410,62.30,117.00,0.006989
400.5390,5.7425,62.30,117.00,0.007394
400.6174,5.7440,62.30,117.00,0.007204
400.6992,5.7440,62.30,117.00,0.006661
400.7779,5.7440,62.30,117.00,0.007351
400.8574,5.7440,62.30,117.00,0.006755
400.9377,5.7440,62.03,117.00,0.007171
401.0177,5.7440,62.03,117.00,0.006963
401.0975,5.7440,62.03,117.00,0.007112
401.1711,5.7440,62.03,117.00,0.006507
401.2440,5.7440,61.76,117.00,0.006460
401.3187,5.7440,62.30,117.50,0.006375
401.3950,5.7440,62.03,118.00,0.007373
401.4778,5.7440,62.30,118.00,0.007080
401.5586,5.8050,62.30,118.00,0.007207
401.6388,5.8050,62.30,118.00,0.007248
401.7186,5.8050,62.30,118.00,0.007032
401.7990,5.8050,62.03,118.00,0.007286
401.8785,5.8050,62.30,118.00,0.007087
401.9613,5.8050,62.03,118.00,0.007240
402.0402,5.8050,62.30,118.00,0.007453
402.1213,5.8050,62.30,118.00,0.007100
402.2013,5.8050,62.57,118.00,0.007169
402.2816,5.8050,62.30,118.00,0.007115
402.3577,5.8050,62.30,118.00,0.007053
402.4402,5.8050,62.30,118.00,0.006948
402.5188,5.8050,62.03,118.00,0.006907
402.5976,5.8050,62.30,118.00,0.007157
402.6787,5.8050,62.30,118.00,0.007915
402.7611,5.8050,62.03,118.00,0.006641
402.8324,5.8050,62.03,118.00,0.006294
402.9067,5.8050,62.30,118.00,0.006291
402.9835,5.8050,62.30,118.00,0.006958
403.0660,5.8050,61.76,118.00,0.006921
403.1462,5.8050,62.30,118.00,0.007049
403.2287,5.8050,61.76,118.00,0.007220
403.3058,5.8050,62.03,118.00,0.006448
403.3823,5.8050,62.03,118.00,0.006807
403.4561,5.8050,62.30,118.00,0.006768
403.5301,5.8050,62.30,118.00,0.006593
403.6068,5.8050,62.30,118.00,0.006754
403.6834,5.8050,62.03,118.00,0.006497
403.7655,5.8170,62.03,118.00,0.007221
403.8458,5.8170,62.03,118.00,0.006828
403.9231,5.8170,62.30,118.00,0.006908
404.0046,5.8170,62.30,118.00,0.006627
404.0819,5.8170,62.30,118.00,0.006439
404.1576,5.8170,62.30,118.00,0.006597
404.2297,5.8170,62.03,118.00,0.007304
404.3060,5.8170,62.30,118.00,0.006396
404.3809,5.8170,62.30,118.00,0.006613
404.4622,5.8170,62.30,118.00,0.007147
404.5378,5.8055,61.76,118.00,0.007092
404.6205,5.7940,62.30,118.00,0.006528
404.6936,5.7940,62.30,118.00,0.006824
404.7767,5.7940,62.03,118.00,0.007191
404.8536,5.7940,62.03,118.00,0.006444
404.9333,5.7940,62.03,118.00,0.007131
405.0092,5.7940,62.30,118.00,0.007421
405.0873,5.7940,62.03,118.00,0.007177
405.1650,5.7940,62.30,118.00,0.006968
405.2417,5.7940,62.03,118.50,0.006524
405.3142,5.7940,62.30,119.00,0.006640
405.3933,5.7940,62.30,119.00,0.007278
405.4704,5.7940,62.03,119.00,0.006864
405.5518,5.7940,62.30,119.00,0.006767
405.6285,5.7940,62.30,119.00,0.006509
405.7123,5.7940,62.03,119.00,0.007303
405.7888,5.7940,62.03,119.00,0.006957
405.8714,5.7940,62.30,119.00,0.007334
405.9442,5.7940,62.30,119.00,0.007392
406.0182,5.7940,62.03,119.00,0.006493
406.0934,5.7940,62.30,119.00,0.006806
406.1699,5.7940,62.30,119.00,0.006880
406.2492,5.7940,62.03,119.00,0.006908
406.3278,5.7940,62.30,119.00,0.007278
406.4063,5.7940,62.03,119.00,0.007054
406.4888,5.7940,62.30,119.00,0.007183
406.5687,5.7940,62.30,119.00,0.007099
406.6515,5.8360,61.49,119.00,0.006610
406.7272,5.8360,62.30,119.00,0.007201
406.8099,5.8360,62.30,119.00,0.007280
406.8879,5.8360,61.76,119.00,0.006957
406.9629,5.8360,61.76,119.00,0.006512
407.0350,5.8360,62.30,119.00,0.006716
407.1139,5.8360,62.30,119.00,0.006438
407.1891,5.8360,62.30,119.00,0.006343
407.2658,5.8360,62.30,120.00,0.006634
407.3406,5.8360,62.30,120.00,0.006414
407.4187,5.8360,62.30,120.00,0.007210
407.4974,5.8360,62.30,120.00,0.006867
407.5778,5.8360,62.03,120.00,0.006950
407.6574,5.8360,62.30,120.00,0.007295
407.7400,5.8360,62.03,120.00,0.007259
407.8190,5.8360,62.30,120.00,0.007277
407.8995,5.8360,62.30,120.00,0.006825
407.9781,5.8360,62.30,120.00,0.007552
408.0572,5.8360,62.30,120.00,0.007095
408.1380,5.8360,62.30,120.00,0.007086
408.2196,5.8360,62.30,120.00,0.007090
408.2955,5.8360,62.30,120.00,0.006928
408.3745,5.8360,61.76,120.00,0.007067
408.4523,5.8360,62.30,120.00,0.006832
408.5318,5.8360,62.30,120.00,0.007223
408.6106,5.8285,62.03,120.00,0.007126
408.6933,5.8210,62.03,120.00,0.007341
408.7745,5.8210,61.76,120.00,0.007094
408.8499,5.8210,62.30,120.00,0.006675
408.9227,5.8210,62.30,120.00,0.006963
408.9977,5.8210,61.49,120.00,0.006693
409.0730,5.8210,62.03,120.00,0.007501
409.1554,5.8210,62.30,120.00,0.007120
409.2317,5.8210,61.76,120.00,0.007239
409.3134,5.8210,62.03,120.00,0.007028
409.3916,5.8210,62.30,120.00,0.007187
409.4716,5.8210,62.03,120.00,0.007230
409.5500,5.7810,62.03,120.00,0.006833
409.6307,5.7410,61.49,120.00,0.007278
409.7107,5.7410,62.30,120.00,0.006923
409.7929,5.7410,62.30,120.00,0.006866
409.8740,5.7410,62.30,120.00,0.006888
409.9557,5.7410,62.03,120.00,0.006963
410.0368,5.7410,62.30,120.00,0.007081
410.1170,5.7410,62.03,120.00,0.006848
410.1982,5.7410,62.30,120.00,0.007276
410.2803,5.7410,62.30,120.00,0.007102
410.3578,5.7410,62.30,120.00,0.006898
410.4383,5.7410,62.03,119.50,0.007310
410.5169,5.7410,62.03,119.00,0.006785
410.5987,5.7980,62.30,119.00,0.007107
410.6771,5.7980,61.76,119.00,0.006970
410.7600,5.7980,61.76,119.00,0.007127
410.8379,5.7980,62.30,119.00,0.006575
410.9187,5.7980,62.30,119.00,0.007145
410.9991,5.7980,62.30,119.00,0.007111
411.0801,5.7980,62.30,119.00,0.006838
411.1538,5.7980,62.30,119.00,0.006983
411.2329,5.7980,62.03,119.00,0.006765
411.3103,5.7980,62.30,119.00,0.006910
411.3874,5.7980,62.30,119.00,0.007092
411.4602,5.7980,62.03,119.50,0.007000
411.5350,5.8000,62.03,119.50,0.006739
411.6113,5.8020,62.03,119.00,0.007037
411.6856,5.8020,62.30,119.50,0.006463
411.7586,5.8020,62.03,119.00,0.006487
411.8330,5.8020,62.30,119.00,0.006608
411.9062,5.8020,61.76,119.00,0.006747
411.9827,5.8020,62.30,119.00,0.006869
412.0597,5.8020,62.30,119.00,0.006847
412.1339,5.8020,62.03,119.00,0.006877
412.2082,5.8020,62.03,119.00,0.006622
412.2814,5.8020,62.30,119.00,0.006819
412.3551,5.8020,62.30,119.00,0.006699
412.4302,5.8020,62.30,119.00,0.006618
412.5027,5.8020,61.76,119.00,0.006487
412.5774,5.8820,62.03,119.00,0.006718
412.6522,5.8820,62.30,119.00,0.006627
412.7266,5.8820,62.30,119.00,0.007176
412.8019,5.8820,62.03,119.00,0.006998
412.8783,5.8820,62.30,119.00,0.006962
412.9507,5.8820,62.30,119.00,0.006328
413.0267,5.8820,62.30,119.00,0.006777
413.0997,5.8820,62.30,119.00,0.006811
413.1758,5.8820,62.03,119.00,0.006813
413.2489,5.8820,62.30,119.00,0.006919
413.3226,5.8820,62.30,119.00,0.006366
413.3979,5.8820,62.30,119.00,0.006669
413.4746,5.8820,62.03,119.00,0.006961
413.5497,5.9165,62.30,119.00,0.007008
413.6266,5.9510,62.30,119.00,0.006929
413.6993,5.9510,62.30,119.00,0.006792
413.7750,5.9510,62.30,119.00,0.006285
413.8469,5.9510,61.76,119.00,0.006517
413.9216,5.9510,62.30,119.00,0.006386
413.9938,5.9510,62.03,119.00,0.006501
414.0702,5.9510,62.03,119.00,0.006759
414.1459,5.9510,62.03,119.00,0.007001
414.2218,5.9510,62.30,119.00,0.006970
414.2953,5.9510,61.49,119.00,0.006724
414.3704,5.9510,61.49,119.00,0.007036
414.4430,5.9510,62.30,119.00,0.006281
414.5161,5.9510,62.30,119.00,0.006574
414.5895,5.9510,62.30,119.00,0.006478
414.6636,5.9430,62.30,119.00,0.006763
414.7375,5.9350,62.03,119.00,0.007253
414.8114,5.9350,62.30,119.00,0.007176
414.8867,5.9350,62.30,119.00,0.007086
414.9627,5.9350,62.03,119.00,0.006356
415.0377,5.9350,62.03,119.00,0.006420
415.1142,5.9350,62.03,119.00,0.006800
415.1872,5.9350,62.30,119.00,0.006721
415.2638,5.9350,62.03,119.00,0.007084
415.3383,5.9350,62.03,119.00,0.006804
415.4146,5.9350,62.30,119.00,0.006878
415.4875,5.9350,62.03,119.00,0.007120
415.5645,5.8970,61.76,119.00,0.006743
415.6421,5.8970,62.30,119.00,0.007086
415.7186,5.8970,62.30,119.00,0.006672
415.7938,5.8970,62.30,119.00,0.006537
415.8667,5.8970,61.76,119.00,0.006325
415.9393,5.8970,62.30,119.00,0.006841
416.0161,5.8970,62.30,119.00,0.006681
416.0893,5.8970,62.03,119.00,0.007210
416.1655,5.8970,62.30,118.50,0.006479
416.2410,5.8970,62.30,118.00,0.006677
416.3157,5.8970,62.30,119.00,0.007019
416.3905,5.8970,62.03,119.00,0.006743
416.4680,5.8970,62.30,119.00,0.006432
416.5419,5.8970,62.30,119.00,0.006843
416.6153,5.8800,61.76,119.00,0.007023
416.6898,5.8630,62.03,118.50,0.006679
416.7664,5.8630,62.03,118.00,0.007094
416.8387,5.8630,62.30,118.00,0.006360
416.9130,5.8630,62.30,118.00,0.006351
416.9845,5.8630,62.30,118.50,0.006657
417.0615,5.8630,62.03,118.00,0.006564
417.1344,5.8630,62.03,118.00,0.006884
417.2106,5.8630,62.30,118.00,0.007163
417.2858,5.8630,62.57,118.00,0.007118
417.3641,5.8630,62.03,118.00,0.006989
417.4447,5.8630,62.30,118.00,0.007276
417.5272,5.8360,62.30,118.00,0.007113
417.6061,5.8090,62.30,118.50,0.007034
417.6866,5.8090,62.30,118.00,0.007255
417.7607,5.8090,62.30,118.00,0.006561
417.8355,5.8090,62.57,118.00,0.006977
417.9108,5.8090,62.30,118.00,0.006852
417.9904,5.8090,62.03,118.00,0.007173
418.0665,5.8090,62.30,118.00,0.006871
418.1434,5.8090,62.30,118.00,0.006944
418.2169,5.8090,62.03,118.50,0.006942
418.2944,5.8090,62.03,118.00,0.006932
418.3702,5.8090,62.30,118.00,0.006876
418.4475,5.8090,62.30,118.00,0.006955
418.5214,5.8090,62.30,118.00,0.006988
418.5968,5.9160,62.30,118.00,0.006712
418.6710,5.9160,62.30,118.00,0.007015
418.7485,5.9160,62.03,118.00,0.007052
418.8238,5.9160,62.03,118.00,0.006541
418.9011,5.9160,62.57,118.00,0.006900
418.9785,5.9160,62.30,118.00,0.006804
419.0573,5.9160,62.30,118.00,0.006599
419.1308,5.9160,62.30,118.00,0.006670
419.2104,5.9160,62.30,118.00,0.007069
419.2882,5.9160,62.03,118.00,0.006905
419.3651,5.9160,62.03,118.00,0.006625
419.4375,5.9160,62.30,118.00,0.006433
419.5124,5.9160,62.30,118.00,0.006576
419.5859,5.9160,62.03,118.00,0.006461
419.6587,5.9160,62.30,118.00,0.006492
419.7327,5.9160,62.03,118.00,0.006449
419.8090,5.9050,62.30,118.00,0.006590
419.8846,5.9050,62.30,118.00,0.006799
419.9607,5.9050,62.30,118.00,0.006842
420.0347,5.9050,62.03,118.00,0.007004
420.1095,5.9050,62.03,118.00,0.006900
420.1849,5.9050,62.30,118.00,0.006425
420.2588,5.9050,62.03,118.00,0.006431
420.3345,5.9050,62.30,118.00,0.006826
420.4133,5.9050,62.30,118.00,0.007309
420.4861,5.9050,61.49,118.00,0.006718
420.5624,5.9470,62.30,118.00,0.006345
420.6380,5.9470,62.03,118.00,0.006295
420.7105,5.9470,62.30,118.00,0.006343
420.7829,5.9470,62.03,118.00,0.006264
420.8580,5.9470,62.03,118.00,0.006584
420.9298,5.9470,62.03,118.00,0.006703
421.0027,5.9470,62.03,118.00,0.006603
421.0777,5.9470,62.03,118.00,0.006527
421.1546,5.9470,62.03,118.00,0.007185
421.2285,5.9470,62.30,118.00,0.007652
421.3085,5.9470,62.30,118.00,0.006920
421.3854,5.9470,62.30,118.00,0.006661
421.4678,5.9470,61.76,118.00,0.007337
421.5453,5.8860,62.03,118.00,0.007236
421.6278,5.8250,61.76,118.00,0.006979
421.7077,5.8250,62.30,118.00,0.007037
421.7822,5.8250,62.30,118.00,0.006474
421.8545,5.8250,62.57,118.00,0.006373
421.9340,5.8250,62.30,118.00,0.006978
422.0114,5.8250,62.03,118.50,0.006806
422.0910,5.8250,62.30,119.00,0.006673
422.1690,5.8250,62.30,119.00,0.006995
422.2475,5.8250,62.30,119.00,0.007036
422.3263,5.8250,61.49,119.00,0.007144
422.4053,5.8250,62.30,119.00,0.006464
422.4762,5.8250,62.30,119.00,0.006349
422.5503,5.8250,61.76,119.00,0.006562
422.6254,5.8250,62.30,119.00,0.006776
422.7077,5.8280,62.30,119.00,0.006781
422.7834,5.8280,62.03,119.00,0.007000
422.8615,5.8280,62.03,119.00,0.007014
422.9397,5.8280,62.30,119.00,0.007078
423.0195,5.8280,62.03,119.00,0.006948
423.0972,5.8280,62.30,119.00,0.006986
423.1795,5.8280,62.30,119.00,0.007197
423.2595,5.8280,62.03,119.00,0.006899
423.3407,5.8280,62.03,119.00,0.006571
423.4143,5.8280,62.03,119.00,0.006769
423.4946,5.8280,62.03,119.00,0.007137
423.5757,5.8130,62.30,119.00,0.006956
423.6580,5.8130,62.30,119.00,0.007263
423.7384,5.8130,62.03,119.00,0.006977
423.8180,5.8130,62.30,119.00,0.007214
423.8987,5.8130,62.30,119.00,0.007262
423.9787,5.8130,62.03,119.00,0.006979
424.0578,5.8130,62.30,119.00,0.006767
424.1339,5.8130,62.03,119.00,0.006691
424.2065,5.8130,61.76,119.00,0.006503
424.2824,5.8130,62.30,119.00,0.006875
424.3538,5.8130,62.30,119.00,0.006779
424.4301,5.8130,62.30,119.00,0.006562
424.5043,5.8130,62.30,119.00,0.006371
424.5782,5.8130,62.30,119.00,0.006692
424.6495,5.8130,61.76,119.00,0.006550
424.7305,5.8930,62.03,119.00,0.007390
424.8080,5.8930,62.30,119.00,0.007164
424.8862,5.8930,61.76,119.00,0.007023
424.9638,5.8930,62.30,119.00,0.006714
425.0408,5.8930,62.03,119.00,0.006767
425.1208,5.8930,62.03,119.00,0.007117
425.2027,5.8930,62.03,119.00,0.006917
425.2807,5.8930,62.30,119.00,0.007127
425.3597,5.8930,62.03,119.00,0.007233
425.4351,5.8930,62.30,119.00,0.007046
425.5152,5.8930,61.76,119.00,0.007144
425.5941,5.8400,62.03,119.00,0.006982
425.6748,5.8400,62.30,119.00,0.007001
425.7505,5.8400,62.03,119.00,0.006832
425.8309,5.8400,62.03,119.00,0.007244
425.9093,5.8400,62.30,119.00,0.007168
425.9898,5.8400,61.76,119.00,0.007014
426.0700,5.8400,62.30,119.00,0.007298
426.1498,5.8400,61.49,119.00,0.006701
426.2248,5.8400,62.03,119.00,0.006580
426.3012,5.8400,62.03,119.00,0.006451
426.3741,5.8400,62.30,119.00,0.006603
426.4512,5.8400,61.76,119.00,0.006755
426.5246,5.8400,62.30,119.00,0.006796
426.5982,5.8400,62.03,119.00,0.006535
426.6701,5.8400,62.03,119.00,0.006640
426.7468,5.8400,62.30,119.00,0.006843
426.8225,5.8400,62.03,119.50,0.007223
426.8989,5.8400,62.30,120.00,0.007161
426.9740,5.8400,61.76,120.00,0.006790
427.0514,5.8400,62.30,120.00,0.006813
427.1268,5.8400,62.03,120.00,0.006640
427.2058,5.8400,61.49,120.00,0.006611
427.2810,5.8400,62.03,120.00,0.006786
427.3570,5.8400,62.03,120.00,0.007064
427.4297,5.8400,61.76,120.00,0.006846
427.5097,5.8400,62.30,120.00,0.007097
427.5825,5.8400,62.03,120.00,0.006762
427.6587,5.8400,62.30,120.00,0.006600
427.7311,5.8400,62.30,120.00,0.006747
427.8050,5.8400,62.30,120.00,0.006480
427.8776,5.8400,62.03,120.00,0.006733
427.9544,5.8400,61.49,120.00,0.006697
428.0328,5.8400,62.30,120.00,0.008142
428.1135,5.8400,62.30,120.00,0.007174
428.1931,5.8400,62.30,120.00,0.007061
428.2741,5.8400,62.30,120.00,0.006655
428.3526,5.8400,62.03,120.00,0.007057
428.4341,5.8400,62.30,120.00,0.007127
428.5122,5.8400,62.03,120.00,0.006655
428.5941,5.8400,62.03,120.00,0.007085
428.6716,5.8400,62.03,120.00,0.006900
428.7529,5.8400,62.30,120.00,0.006757
428.8255,5.8400,62.03,120.00,0.006588
428.9018,5.8400,62.30,120.00,0.006802
428.9772,5.8400,62.30,120.00,0.007008
429.0552,5.8400,61.76,120.00,0.006734
429.1280,5.8400,62.03,120.00,0.006687
429.2020,5.8400,62.30,120.00,0.006916
429.2778,5.8400,62.30,120.00,0.007113
429.3543,5.8400,62.30,120.00,0.006990
429.4273,5.8400,61.76,120.00,0.006778
429.5051,5.8400,62.30,120.00,0.006295
429.5765,5.8400,62.30,120.00,0.006243
429.6496,5.8400,62.30,120.00,0.006414
429.7221,5.8400,62.30,120.00,0.006936
429.8024,5.9620,61.76,120.00,0.006977
429.8774,5.9620,62.30,120.00,0.006840
429.9536,5.9620,62.30,120.00,0.006795
430.0262,5.9620,62.30,120.00,0.006846
430.1054,5.9620,62.30,120.00,0.006650
430.1819,5.9620,62.30,120.00,0.006763
430.2582,5.9620,62.30,120.00,0.006888
430.3356,5.9620,62.30,120.00,0.006797
430.4113,5.9620,62.30,120.00,0.006732
430.4861,5.9620,61.76,120.00,0.006715
430.5631,5.9350,62.03,120.00,0.007026
430.6387,5.9350,62.30,120.00,0.007076
430.7170,5.9350,62.03,120.00,0.006789
430.7927,5.9350,62.30,120.00,0.006876
430.8664,5.9350,62.30,120.00,0.006599
430.9413,5.9350,62.30,120.00,0.006892
431.0155,5.9350,61.76,120.00,0.006774
431.0899,5.9350,62.30,120.00,0.006640
431.1664,5.9350,62.30,120.00,0.007044
431.2417,5.9350,62.30,120.00,0.006804
431.3175,5.9350,61.76,120.00,0.006475
431.3911,5.9350,62.30,120.00,0.006865
431.4652,5.9350,62.03,120.00,0.006938
431.5369,5.9350,62.30,120.00,0.006368
431.6097,5.9350,61.76,120.00,0.006607
431.6814,5.9350,61.49,120.00,0.006628
431.7568,5.9350,62.03,119.50,0.006840
431.8286,5.9350,62.30,119.00,0.006441
431.9010,5.9350,62.30,119.00,0.006337
431.9732,5.9350,62.30,119.00,0.006757
432.0455,5.9350,62.30,119.00,0.006620
432.1169,5.9350,62.30,119.00,0.006302
432.1894,5.9350,61.76,119.00,0.006276
432.2645,5.9350,62.30,119.00,0.006746
432.3389,5.9350,62.03,119.00,0.007177
432.4118,5.9350,62.03,119.00,0.006965
432.4859,5.9350,62.03,119.00,0.006635
432.5612,5.9350,62.30,120.00,0.006553
432.6376,5.9350,61.76,120.00,0.006692
432.7147,5.9350,61.76,120.00,0.006666
432.7933,5.9350,62.30,120.00,0.006854
432.8659,5.9180,62.30,120.00,0.006548
432.9471,5.9010,62.30,119.00,0.006987
433.0277,5.9010,62.30,119.00,0.007063
433.1078,5.9010,62.03,119.00,0.007069
433.1863,5.9010,62.30,119.00,0.006724
433.2659,5.9010,62.03,119.00,0.006831
433.3464,5.9010,62.30,119.00,0.007316
433.4266,5.9010,62.30,119.00,0.007279
433.5073,5.9010,62.03,119.00,0.007025
433.5867,5.9010,61.76,119.00,0.006935
433.6676,5.9010,62.30,119.00,0.006898
433.7474,5.9010,62.03,119.00,0.006922
433.8221,5.9010,61.76,119.00,0.006429
433.8978,5.9010,62.30,119.00,0.006469
433.9741,5.9010,62.03,119.00,0.006674
434.0470,5.9010,62.30,119.00,0.006343
434.1188,5.9010,62.03,119.00,0.006363
434.1946,5.9010,62.03,119.00,0.006911
434.2704,5.9010,62.03,119.00,0.007513
434.3517,5.9010,62.03,119.00,0.006914
434.4298,5.9010,62.30,119.00,0.006940
434.5104,5.9010,62.03,119.00,0.007029
434.5872,5.9010,62.30,119.00,0.006948
434.6688,5.9010,62.03,119.00,0.007420
434.7494,5.9010,62.30,119.00,0.007192
434.8318,5.9010,62.03,119.00,0.006956
434.9139,5.8470,62.03,119.00,0.006786
434.9960,5.8470,62.30,119.00,0.006868
435.0765,5.8470,61.76,119.00,0.007124
435.1561,5.8470,62.30,119.00,0.007065
435.2341,5.8470,61.76,119.00,0.006652
435.3106,5.8470,62.57,119.00,0.006840
435.3835,5.8470,61.76,119.00,0.006649
435.4576,5.8470,61.76,119.00,0.006696
435.5357,5.8260,62.03,119.00,0.007201
435.6108,5.8050,61.76,119.00,0.006856
435.6859,5.8050,62.30,119.00,0.006734
435.7625,5.8050,62.03,119.00,0.007360
435.8385,5.8050,62.30,119.00,0.006694
435.9183,5.8050,61.76,119.00,0.007084
435.9983,5.8050,62.30,119.00,0.006700
436.0807,5.8050,62.30,119.00,0.007352
436.1603,5.8050,61.76,119.00,0.006823
436.2421,5.8050,62.30,119.00,0.006906
436.3224,5.8050,61.22,119.00,0.006936
436.4034,5.8050,62.03,119.00,0.006750
436.4804,5.8050,61.76,119.00,0.006833
436.5623,5.7405,61.49,119.00,0.007471
436.6390,5.6760,62.03,119.00,0.007194
436.7187,5.6760,62.03,119.00,0.007719
436.7927,5.6760,62.03,119.00,0.006490
436.8659,5.6760,62.03,119.00,0.006568
436.9383,5.6760,62.30,119.00,0.006697
437.0149,5.6760,62.30,119.00,0.006788
437.0889,5.6760,62.03,119.00,0.006877
437.1649,5.6760,62.30,119.00,0.006347
437.2364,5.6760,62.03,119.00,0.006531
437.3107,5.6760,62.30,119.00,0.006460
437.3873,5.6760,62.03,119.00,0.006446
437.4613,5.6760,62.03,119.00,0.006744
437.5345,5.8055,62.30,119.00,0.006990
437.6095,5.9350,62.30,119.00,0.006943
437.6822,5.9350,62.30,119.00,0.006891
437.7591,5.9350,62.03,119.00,0.006987
437.8346,5.9350,62.30,118.00,0.007200
437.9115,5.9350,62.30,119.00,0.007116
437.9848,5.9350,62.30,119.00,0.006887
438.0622,5.9350,62.30,119.00,0.007027
438.1375,5.9350,62.30,119.00,0.006827
438.2140,5.9350,62.30,119.00,0.006869
438.2898,5.9350,62.30,119.00,0.007092
438.3664,5.9350,62.30,119.00,0.007131
438.4421,5.9350,62.30,119.00,0.007006
438.5186,5.9350,62.30,119.00,0.007047
438.5912,5.8320,62.30,119.00,0.006520
438.6647,5.8320,61.76,119.00,0.006517
438.7371,5.8320,62.30,119.00,0.006621
438.8113,5.8320,62.30,118.50,0.007186
438.8873,5.8320,62.30,118.00,0.007147
438.9618,5.8320,62.30,118.00,0.006785
439.0371,5.8320,62.30,118.50,0.006785
439.1109,5.8320,62.30,118.00,0.006269
439.1831,5.8320,62.03,118.00,0.006655
439.2589,5.8320,62.30,118.00,0.006557
439.3327,5.8320,62.30,118.00,0.006790
439.4094,5.8320,62.03,118.00,0.006418
439.4831,5.8320,62.30,118.00,0.006670
439.5570,5.8320,62.30,118.00,0.006449
439.6291,5.8320,62.03,118.00,0.006503
439.7029,5.8320,62.30,118.00,0.006534
439.7757,5.8320,62.03,118.00,0.007063
439.8533,5.8320,62.57,118.00,0.007071
439.9296,5.8320,62.03,119.00,0.006967
440.0045,5.8320,61.49,119.00,0.006918
440.0780,5.8320,62.30,119.00,0.006547
440.1528,5.8320,62.30,118.50,0.006890
440.2254,5.8320,62.30,118.00,0.006584
440.3026,5.8320,62.30,118.50,0.006875
440.3785,5.8320,62.30,119.00,0.006850
440.4555,5.8320,62.30,118.00,0.006988
440.5307,5.8320,61.49,118.00,0.006961
440.6101,5.8320,61.76,118.00,0.006871
440.6858,5.8320,61.76,118.00,0.006918
440.7618,5.8320,61.22,118.00,0.007203
440.8377,5.8320,62.30,118.00,0.006723
440.9127,5.8495,62.30,118.00,0.006837
440.9866,5.8670,62.30,118.00,0.006903
441.0640,5.8670,62.30,118.00,0.006962
441.1374,5.8670,62.30,118.00,0.006854
441.2139,5.8670,62.30,118.00,0.006829
441.2891,5.8670,62.03,118.00,0.006655
441.3657,5.8670,62.30,118.00,0.006536
441.4411,5.8670,62.03,118.00,0.006968
441.5152,5.8670,62.30,118.00,0.006635
441.5913,5.8630,62.30,118.00,0.007154
441.6653,5.8630,62.03,118.00,0.006803
441.7383,5.8630,62.03,118.00,0.007037
441.8173,5.8630,62.30,118.00,0.007170
441.8902,5.8630,62.03,118.00,0.006701
441.9661,5.8630,62.03,118.00,0.006589
442.0410,5.8630,62.30,118.00,0.006485
442.1151,5.8630,62.30,118.00,0.006801
442.1886,5.8630,62.03,118.00,0.006704
442.2615,5.8630,62.30,118.00,0.006555
442.3350,5.8630,62.03,118.00,0.006310
442.4100,5.8630,62.03,118.00,0.006482
442.4826,5.8630,62.30,118.00,0.007131
442.5595,5.9310,62.03,118.00,0.006608
442.6351,5.9310,62.03,118.00,0.007246
442.7095,5.9310,62.03,118.00,0.006780
442.7822,5.9310,62.03,118.00,0.006674
442.8614,5.9310,62.03,118.00,0.007145
442.9374,5.9310,62.03,118.00,0.007414
443.0140,5.9310,62.30,118.00,0.006829
443.0874,5.9310,62.03,118.00,0.007019
443.1616,5.9310,61.76,118.00,0.006793
443.2371,5.9310,62.30,118.00,0.007104
443.3136,5.9310,62.03,118.00,0.006756
443.3896,5.9310,62.03,118.00,0.006680
443.4659,5.9310,62.30,118.00,0.006570
443.5391,5.9200,62.57,118.00,0.006792
443.6140,5.9090,62.03,118.00,0.007039
443.6893,5.9090,61.76,118.00,0.007111
443.7633,5.9090,62.30,118.00,0.006787
443.8384,5.9090,62.03,118.00,0.007038
443.9123,5.9090,62.03,118.00,0.006464
443.9850,5.9090,61.49,118.00,0.006803
444.0613,5.9090,62.30,118.00,0.006903
444.1343,5.9090,62.30,118.00,0.006737
444.2108,5.9090,62.30,118.00,0.006974
444.2861,5.9090,62.30,118.00,0.007074
444.3622,5.9090,62.03,118.00,0.006691
444.4382,5.9090,62.03,118.00,0.007015
444.5144,5.9090,62.30,118.00,0.006828
444.5896,5.8890,62.30,118.00,0.006473
444.6663,5.8890,62.30,118.00,0.007305
444.7418,5.8890,62.30,118.00,0.006905
444.8145,5.8890,62.03,118.00,0.006338
444.8887,5.8890,62.30,118.00,0.006866
444.9614,5.8890,62.30,118.00,0.006763
445.0347,5.8890,62.30,118.00,0.007022
445.1089,5.8890,62.30,118.00,0.006682
445.1847,5.8890,62.03,118.00,0.007090
445.2614,5.8890,62.03,118.00,0.006835
445.3341,5.8890,62.30,117.50,0.006741
445.4085,5.8890,61.76,118.00,0.006576
445.4836,5.8890,62.30,118.00,0.006812
445.5586,5.9350,62.30,118.00,0.007115
445.6333,5.9350,62.03,118.00,0.006647
445.7092,5.9350,62.03,118.00,0.006898
445.7810,5.9350,62.30,118.00,0.006597
445.8537,5.9350,62.30,118.00,0.006679
445.9255,5.9350,61.76,118.00,0.006487
446.0017,5.9350,62.30,118.00,0.006929
446.0767,5.9350,62.30,118.00,0.006416
446.1533,5.9350,62.30,118.00,0.006943
446.2257,5.9350,61.76,118.00,0.006705
446.3017,5.9350,62.30,118.00,0.006648
446.3730,5.9350,62.30,118.00,0.006259
446.4457,5.9350,62.30,118.00,0.006427
446.5197,5.9350,62.30,118.00,0.006393
446.5938,5.9330,62.03,118.00,0.007028
446.6709,5.9310,62.30,118.00,0.006630
446.7497,5.9310,62.30,117.00,0.006946
446.8242,5.9310,62.03,117.00,0.006752
446.8983,5.9310,62.30,117.00,0.006723
446.9715,5.9310,62.30,117.00,0.006927
447.0504,5.9310,62.30,117.00,0.006870
447.1251,5.9310,62.03,117.00,0.006937
447.2016,5.9310,62.03,117.00,0.006598
447.2785,5.9310,62.30,117.00,0.007073
447.3547,5.9310,62.03,117.00,0.006891
447.4272,5.9310,62.30,118.00,0.006647
447.5017,5.9310,62.30,118.00,0.006804
447.5770,5.8510,62.30,118.00,0.006859
447.6535,5.8510,62.30,118.00,0.006587
447.7286,5.8510,62.03,118.00,0.006650
447.8029,5.8510,62.57,118.00,0.006588
447.8784,5.8510,62.30,118.00,0.006774
447.9552,5.8510,62.03,118.00,0.006999
448.0278,5.8510,62.03,118.00,0.006627
448.1048,5.8510,62.30,118.00,0.006881
448.1774,5.8510,61.76,118.00,0.006856
448.2539,5.8510,62.30,118.00,0.006894
448.3283,5.8510,62.03,118.00,0.006553
448.4021,5.8510,62.03,118.00,0.006827
448.4786,5.8510,62.03,118.00,0.006653
448.5532,5.8720,62.30,118.00,0.006990
448.6303,5.8930,61.76,118.00,0.006793
448.7048,5.8930,62.30,118.00,0.006650
448.7782,5.8930,62.03,118.00,0.007151
448.8557,5.8930,62.30,118.00,0.006487
448.9300,5.8930,62.30,118.00,0.006463
449.0064,5.8930,62.30,118.00,0.006852
449.0827,5.8930,62.30,118.00,0.006931
449.1611,5.8930,61.76,118.00,0.007108
449.2338,5.8930,61.76,118.00,0.006879
449.3124,5.8930,61.76,118.00,0.006817
449.3852,5.8930,62.30,118.00,0.006839
449.4613,5.8930,62.30,118.00,0.007063
449.5367,5.8970,62.30,118.00,0.007517
449.6115,5.9010,61.76,118.00,0.007050
449.6861,5.9010,61.76,118.00,0.006872
449.7647,5.9010,62.30,118.00,0.006900
449.8395,5.9010,62.30,118.00,0.006878
449.9133,5.9010,62.30,118.00,0.006512
449.9902,5.9010,62.30,118.00,0.007000
450.0662,5.9010,62.30,118.00,0.006744
450.1413,5.9010,62.30,118.00,0.006983
450.2178,5.9010,62.30,118.00,0.006395
450.2887,5.9010,62.30,118.00,0.006296
450.3621,5.9010,62.30,118.00,0.006676
450.4365,5.9010,62.03,118.00,0.006662
450.5111,5.9010,62.30,118.00,0.007276
450.5832,5.8470,62.30,118.00,0.006312
450.6580,5.8470,62.03,118.00,0.006482
450.7292,5.8470,62.03,118.00,0.006437
450.8022,5.8470,62.03,118.00,0.006434
450.8781,5.8470,62.30,118.00,0.006418
450.9541,5.8470,62.30,118.00,0.006711
451.0288,5.8470,62.30,118.00,0.006877
451.1052,5.8470,62.03,118.00,0.006741
451.1770,5.8470,62.30,118.50,0.006601
451.2539,5.8470,62.57,119.00,0.007073
451.3287,5.8470,62.30,119.00,0.006974
451.4026,5.8470,62.30,119.00,0.006589
451.4750,5.8470,62.30,119.00,0.006807
451.5497,5.8760,62.03,119.00,0.006927
451.6251,5.9050,62.30,119.00,0.007016
451.6993,5.9050,61.76,119.00,0.006776
451.7741,5.9050,62.30,119.00,0.007040
451.8557,5.9050,62.30,119.00,0.006869
451.9343,5.9050,62.30,119.00,0.007475
452.0139,5.9050,62.30,119.00,0.006895
452.0924,5.9050,61.49,119.00,0.007090
452.1744,5.9050,61.76,119.00,0.007220
452.2531,5.9050,62.30,119.00,0.007110
452.3350,5.9050,62.30,119.00,0.007300
452.4141,5.9050,62.03,119.00,0.006561
452.4897,5.9050,62.03,119.00,0.006632
452.5647,5.7100,62.03,119.00,0.006438
452.6380,5.7100,62.03,119.00,0.006467
452.7122,5.7100,62.03,119.00,0.006727
452.7868,5.7100,62.30,119.00,0.006561
452.8660,5.7100,62.03,119.00,0.006732
452.9421,5.7100,61.76,119.00,0.006643
453.0170,5.7100,61.76,119.00,0.006721
453.0897,5.7100,62.30,119.00,0.006374
453.1614,5.7100,62.03,119.00,0.006467
453.2343,5.7100,62.03,119.00,0.006345
453.3088,5.7100,62.03,119.00,0.006873
453.3845,5.7100,62.30,119.00,0.006580
453.4585,5.7100,62.30,119.00,0.007055
453.5342,5.7100,62.03,119.00,0.006651
453.6094,5.7100,62.30,119.00,0.006433
453.6827,5.7100,62.30,119.00,0.006347
453.7569,5.7100,62.03,119.00,0.006442
453.8339,5.7100,62.30,119.00,0.007128
453.9077,5.7100,62.03,119.00,0.006365
453.9833,5.7100,62.30,119.00,0.006478
454.0556,5.7100,62.03,119.00,0.006732
454.1330,5.7100,61.76,119.00,0.007326
454.2086,5.7100,61.76,119.00,0.007142
454.2832,5.7100,61.76,119.00,0.006640
454.3575,5.7100,61.76,119.00,0.006596
454.4362,5.7100,62.30,119.00,0.006980
454.5088,5.7100,62.30,119.00,0.007001
454.5859,5.8150,62.03,119.00,0.006977
454.6593,5.9200,62.30,119.00,0.006791
454.7342,5.9200,62.30,119.00,0.007288
454.8099,5.9200,62.30,119.50,0.006353
454.8851,5.9200,62.30,119.50,0.006350
454.9581,5.9200,62.03,119.00,0.007055
455.0338,5.9200,62.03,119.00,0.006682
455.1089,5.9200,62.30,119.00,0.006957
455.1834,5.9200,62.03,119.00,0.006723
455.2578,5.9200,62.03,119.50,0.006768
455.3339,5.9200,62.03,119.00,0.006963
455.4103,5.9200,62.03,119.00,0.006706
455.4860,5.9200,61.49,119.00,0.006399
455.5615,5.9120,62.30,119.00,0.006998
455.6387,5.9120,62.03,119.00,0.007132
455.7138,5.9120,61.49,119.00,0.006787
455.7917,5.9120,62.30,119.00,0.006435
455.8665,5.9120,62.03,119.00,0.007005
455.9410,5.9120,61.76,119.00,0.007182
456.0141,5.9120,62.30,119.00,0.007088
456.0923,5.9120,62.03,119.00,0.007007
456.1671,5.9120,62.03,119.00,0.006839
456.2458,5.9120,62.03,119.00,0.007079
456.3178,5.9120,62.30,119.00,0.006426
456.3943,5.9120,62.30,119.00,0.006844
456.4699,5.9120,61.76,119.00,0.006426
456.5431,5.9120,62.03,119.00,0.007010
456.6171,5.9120,62.30,119.00,0.006675
456.6925,5.9120,62.30,119.00,0.006782
456.7657,5.9010,62.03,119.00,0.006715
456.8420,5.9010,61.76,119.00,0.006995
456.9149,5.9010,62.03,119.00,0.007093
456.9913,5.9010,61.76,119.00,0.006768
457.0661,5.9010,62.03,119.00,0.006903
457.1406,5.9010,62.30,119.00,0.006828
457.2124,5.9010,62.30,119.00,0.006317
457.2854,5.9010,62.03,119.00,0.006427
457.3596,5.9010,62.30,119.00,0.006969
457.4379,5.9010,62.30,119.00,0.006907
457.5134,5.9010,61.76,119.00,0.007135
457.5902,5.9050,62.30,119.00,0.007043
457.6627,5.9050,62.03,119.00,0.006544
457.7398,5.9050,62.30,119.00,0.007051
457.8135,5.9050,62.03,119.00,0.006391
457.8862,5.9050,62.03,119.00,0.006362
457.9572,5.9050,61.49,119.00,0.006325
458.0303,5.9050,62.30,119.00,0.006510
458.1047,5.9050,61.76,119.00,0.006817
458.1810,5.9050,62.30,119.00,0.006876
458.2534,5.9050,62.03,119.00,0.006502
458.3299,5.9050,62.30,119.00,0.006780
458.4035,5.9050,62.03,119.00,0.006634
458.4763,5.9050,62.03,119.00,0.006390
458.5473,5.9050,62.30,119.00,0.006359
458.6232,5.9050,62.30,119.00,0.006888
458.6968,5.8890,62.30,119.00,0.006571
458.7747,5.8890,61.76,119.00,0.006608
458.8470,5.8890,61.76,119.00,0.006741
458.9216,5.8890,61.76,119.00,0.006885
458.9982,5.8890,62.30,119.00,0.007075
459.0740,5.8890,62.30,119.00,0.006888
459.1491,5.8890,62.30,119.00,0.006866
459.2260,5.8890,61.76,119.00,0.007231
459.3027,5.8890,62.30,119.00,0.007070
459.3793,5.8890,62.03,119.00,0.006957
459.4508,5.8890,62.03,119.00,0.006469
459.5268,5.8890,62.30,119.00,0.006575
459.6009,5.9160,62.30,119.00,0.006670
459.6777,5.9160,62.30,119.00,0.006811
459.7501,5.9160,62.30,119.00,0.006587
459.8274,5.9160,62.03,119.00,0.007184
459.9028,5.9160,62.30,119.00,0.006628
459.9794,5.9160,62.30,119.00,0.006581
460.0523,5.9160,62.03,119.00,0.006419
460.1306,5.9160,62.03,119.00,0.006930
460.2102,5.9160,62.03,119.00,0.006795
460.2860,5.9160,62.30,118.50,0.006651
460.3609,5.9160,62.30,119.00,0.006707
460.4350,5.9160,62.30,118.50,0.006866
460.5099,5.9160,62.03,118.00,0.006752
460.5861,5.9160,62.30,118.00,0.006588
460.6577,5.9160,61.76,119.00,0.006816
460.7313,5.9160,61.76,119.00,0.006566
460.8048,5.9160,62.30,119.00,0.006463
460.8788,5.9160,62.30,119.00,0.006633
460.9530,5.9160,62.03,119.00,0.008358
461.0301,5.9160,62.03,119.00,0.006623
461.1060,5.9160,62.30,119.00,0.007096
461.1805,5.9160,61.76,119.00,0.006777
461.2535,5.9160,62.30,119.00,0.006448
461.3303,5.9160,62.03,119.00,0.006782
461.4058,5.9160,62.03,119.00,0.006841
461.4851,5.9160,61.76,119.00,0.006686
461.5620,5.9160,61.76,119.00,0.006964
461.6386,5.9160,62.30,119.00,0.006449
461.7110,5.9160,62.30,119.00,0.006421
461.7857,5.9160,61.49,119.00,0.006708
461.8616,5.9160,61.76,119.00,0.007074
461.9386,5.9160,62.03,119.00,0.006562
462.0132,5.9160,61.49,119.00,0.006721
462.0904,5.9160,62.03,119.00,0.007055
462.1649,5.8705,62.03,119.00,0.007118
462.2428,5.8250,61.76,119.00,0.006283
462.3183,5.8250,62.30,119.00,0.006928
462.3928,5.8250,61.76,119.00,0.007003
462.4665,5.8250,62.03,119.00,0.006758
462.5417,5.8420,61.76,119.00,0.006952
462.6169,5.8590,61.76,119.00,0.006795
462.6945,5.8590,62.03,119.00,0.006789
462.7701,5.8590,61.49,119.00,0.006732
462.8473,5.8590,62.03,119.00,0.006927
462.9222,5.8590,62.30,119.00,0.006917
462.9985,5.8590,62.30,119.00,0.006834
463.0724,5.8590,62.03,119.00,0.006624
463.1470,5.8590,62.30,119.00,0.006885
463.2224,5.8590,62.03,119.00,0.006849
463.2973,5.8590,62.30,119.00,0.006772
463.3727,5.8590,62.30,119.00,0.006564
463.4473,5.8590,62.30,119.00,0.006719
463.5242,5.8935,61.49,119.00,0.007392
463.6023,5.9280,62.03,119.00,0.006599
463.6775,5.9280,62.03,119.00,0.006595
463.7535,5.9280,62.03,119.00,0.006582
463.8262,5.9280,61.76,119.00,0.006768
463.9060,5.9280,62.03,119.00,0.007103
463.9823,5.9280,62.30,119.00,0.006576
464.0595,5.9280,62.30,119.00,0.006687
464.1355,5.9280,62.03,119.00,0.007023
464.2107,5.9280,62.30,119.00,0.006373
464.2854,5.9280,62.30,119.00,0.006490
464.3623,5.9280,62.03,119.00,0.006721
464.4375,5.9280,62.03,119.00,0.006859
464.5146,5.9280,61.49,119.00,0.006828
464.5899,5.8210,62.30,119.00,0.006998
464.6675,5.8210,62.30,119.00,0.006896
464.7445,5.8210,62.03,119.00,0.007478
464.8256,5.8210,61.76,119.00,0.007304
464.9061,5.8210,62.03,119.00,0.006860
464.9907,5.8210,62.30,119.00,0.007354
465.0702,5.8210,61.76,119.00,0.007172
465.1504,5.8210,62.30,119.00,0.007088
465.2319,5.8210,62.03,119.00,0.006951
465.3127,5.8210,61.76,119.00,0.006629
465.3910,5.8210,61.49,119.00,0.006805
465.4739,5.8210,62.03,119.00,0.007463
465.5545,5.7635,62.30,119.00,0.007276
465.6342,5.7060,62.30,119.00,0.006542
465.7097,5.7060,62.30,119.00,0.007106
465.7887,5.7060,61.49,119.00,0.006340
465.8618,5.7060,62.03,119.00,0.006430
465.9364,5.7060,62.30,119.00,0.006636
466.0089,5.7060,62.03,119.00,0.006778
466.0848,5.7060,62.30,119.00,0.006964
466.1594,5.7060,62.03,119.00,0.006606
466.2341,5.7060,62.03,119.00,0.006698
466.3101,5.7060,61.76,119.00,0.007001
466.3894,5.7060,61.49,119.50,0.006588
466.4612,5.7060,62.30,120.00,0.006551
466.5350,5.7060,62.30,120.00,0.006617
466.6116,5.7060,62.30,120.00,0.007034
466.6865,5.7060,62.03,120.00,0.006287
466.7590,5.7060,62.03,120.00,0.006321
466.8328,5.7060,62.30,120.00,0.006456
466.9049,5.7060,61.49,120.00,0.006811
466.9810,5.7060,61.76,120.00,0.006724
467.0578,5.7060,62.30,120.00,0.006766
467.1353,5.7060,62.03,120.00,0.006877
467.2093,5.7060,62.30,120.00,0.006300
467.2825,5.7060,62.03,120.00,0.006476
467.3576,5.7060,62.30,120.00,0.007063
467.4339,5.7060,61.76,120.00,0.006655
467.5051,5.7060,62.03,120.00,0.006305
467.5785,5.7060,62.03,120.00,0.006400
467.6530,5.7060,61.76,120.00,0.006896
467.7312,5.8890,62.03,120.00,0.006865
467.8060,5.8890,62.30,120.00,0.007212
467.8824,5.8890,61.49,120.00,0.006834
467.9572,5.8890,62.57,120.00,0.007017
468.0308,5.8890,62.30,120.00,0.006337
468.1042,5.8890,61.49,120.00,0.006381
468.1782,5.8890,61.49,120.00,0.006605
468.2527,5.8890,62.03,120.00,0.006917
468.3276,5.8890,62.03,120.00,0.006552
468.4028,5.8890,62.30,120.00,0.006891
468.4820,5.8890,62.30,120.00,0.006963
468.5580,5.8855,61.76,120.00,0.006915
468.6339,5.8820,62.30,120.00,0.006584
468.7090,5.8820,61.76,120.00,0.006457
468.7872,5.8820,62.03,120.00,0.006624
468.8591,5.8820,62.30,120.00,0.006684
468.9340,5.8820,62.03,120.00,0.006602
469.0089,5.8820,62.30,120.00,0.006713
469.0821,5.8820,61.76,120.00,0.006755
469.1574,5.8820,62.30,120.00,0.006876
469.2341,5.8820,62.30,120.00,0.006518
469.3096,5.8820,62.30,120.00,0.006498
469.3863,5.8820,62.30,120.00,0.006800
469.4608,5.8820,62.03,120.00,0.006754
469.5351,5.8820,62.03,120.00,0.006541
469.6099,5.8645,61.76,120.00,0.007135
469.6858,5.8470,62.30,120.00,0.007024
469.7618,5.8470,62.30,120.00,0.006847
469.8385,5.8470,62.03,120.00,0.006877
469.9134,5.8470,61.76,120.00,0.006706
469.9907,5.8470,62.30,120.00,0.007180
470.0648,5.8470,62.30,120.00,0.006537
470.1419,5.8470,61.49,120.00,0.006852
470.2177,5.8470,61.49,119.50,0.007008
470.2926,5.8470,61.76,120.00,0.006684
470.3675,5.8470,62.03,120.00,0.006449
470.4429,5.8470,61.76,120.00,0.007194
470.5183,5.8470,62.30,120.00,0.006699
470.5961,5.9010,62.03,119.50,0.007066
470.6724,5.9010,62.30,119.00,0.007290
470.7504,5.9010,62.30,119.00,0.007244
470.8256,5.9010,62.03,119.00,0.006665
470.9022,5.9010,62.03,119.00,0.006632
470.9751,5.9010,62.30,119.00,0.006400
471.0503,5.9010,62.30,119.00,0.006751
471.1264,5.9010,62.30,119.00,0.006805
471.2006,5.9010,62.30,119.00,0.006327
471.2754,5.9010,62.30,119.00,0.006661
471.3488,5.9010,62.03,119.00,0.006659
471.4206,5.9010,62.30,119.00,0.006585
471.4981,5.9010,62.03,119.00,0.006771
471.5726,5.8510,62.30,119.00,0.007163
471.6465,5.8510,62.30,119.00,0.006528
471.7206,5.8510,62.03,119.00,0.006302
471.7975,5.8510,62.30,119.00,0.006904
471.8702,5.8510,62.03,119.00,0.006433
471.9497,5.8510,61.49,119.00,0.006734
472.0259,5.8510,62.30,119.00,0.007113
472.1024,5.8510,62.30,119.00,0.006730
472.1774,5.8510,62.03,119.00,0.006343
472.2505,5.8510,62.30,119.00,0.006541
472.3226,5.8510,61.76,119.00,0.006292
472.3968,5.8510,62.30,119.00,0.006528
472.4694,5.8510,62.30,119.00,0.006871
472.5456,5.8510,61.76,119.00,0.006550
472.6215,5.8510,62.30,119.00,0.007014
472.7003,5.8510,62.30,119.00,0.006864
472.7727,5.8510,62.03,119.00,0.006638
472.8503,5.8510,61.76,119.00,0.006834
472.9261,5.8510,62.30,119.00,0.007070
473.0004,5.8510,62.03,119.00,0.006986
473.0780,5.8510,62.30,119.00,0.007082
473.1546,5.8510,62.30,119.00,0.007118
473.2305,5.8510,61.49,119.00,0.007120
473.3053,5.8510,62.30,119.00,0.006700
473.3816,5.8510,62.03,119.00,0.006860
473.4577,5.8510,62.03,119.00,0.006793
473.5293,5.8510,62.03,119.00,0.006518
473.6064,5.8510,62.30,118.00,0.006787
473.6789,5.8510,62.30,118.50,0.006509
473.7550,5.8630,62.30,118.00,0.006859
473.8276,5.8630,62.03,118.00,0.006531
473.9023,5.8630,62.03,118.00,0.006680
473.9756,5.8630,62.03,118.50,0.006873
474.0507,5.8630,62.03,119.00,0.007231
474.1271,5.8630,62.03,119.00,0.006810
474.2030,5.8630,62.30,119.00,0.007012
474.2791,5.8630,62.30,118.50,0.006887
474.3532,5.8630,62.30,118.00,0.006436
474.4287,5.8630,62.30,118.00,0.006671
474.5029,5.8630,62.03,118.00,0.006553
474.5784,5.8510,62.30,118.00,0.006742
474.6560,5.8510,61.76,118.00,0.007009
474.7292,5.8510,62.03,118.00,0.007110
474.8065,5.8510,62.03,118.00,0.007091
474.8823,5.8510,62.30,118.00,0.007124
474.9595,5.8510,62.30,118.00,0.006989
475.0311,5.8510,62.03,118.00,0.006377
475.1048,5.8510,62.30,118.00,0.006791
475.1775,5.8510,62.30,118.00,0.006370
475.2510,5.8510,62.03,118.00,0.006670
475.3259,5.8510,62.30,118.00,0.006706
475.4055,5.8510,62.30,118.00,0.007236
475.4826,5.8510,61.76,118.00,0.006503
475.5605,5.8440,62.30,118.00,0.007025
475.6337,5.8440,62.03,118.00,0.006890
475.7110,5.8440,61.76,118.00,0.006947
475.7867,5.8440,62.03,118.00,0.006742
475.8636,5.8440,62.03,118.00,0.006358
475.9353,5.8440,62.03,118.00,0.006664
476.0088,5.8440,62.30,118.00,0.006715
476.0827,5.8440,62.30,118.00,0.006577
476.1638,5.8440,61.76,118.00,0.007082
476.2423,5.8440,61.76,118.00,0.006906
476.3230,5.8440,62.03,118.00,0.007321
476.4041,5.8440,62.03,118.00,0.006818
476.4996,5.8440,62.30,118.00,0.006441
476.5737,5.8440,61.49,118.00,0.006787
476.6470,5.8440,61.76,118.00,0.006328
476.7242,5.8440,62.30,118.50,0.006989
476.8068,5.7290,62.03,119.00,0.007445
476.8869,5.7290,62.03,118.50,0.007093
476.9699,5.7290,62.03,118.00,0.007173
477.0503,5.7290,62.30,118.00,0.006647
477.1307,5.7290,62.30,118.00,0.006966
477.2099,5.7290,62.03,118.00,0.006866
477.2923,5.7290,61.76,118.00,0.006964
477.3717,5.7290,62.30,118.00,0.006909
477.4559,5.7290,62.30,118.00,0.007262
477.5368,5.7385,62.03,118.50,0.007037
477.6178,5.7480,61.76,118.50,0.006950
477.6985,5.7480,61.76,118.00,0.007156
477.7792,5.7480,61.49,118.00,0.006994
477.8564,5.7480,62.03,118.00,0.007270
477.9396,5.7480,62.03,118.00,0.006713
478.0197,5.7480,62.30,118.00,0.007160
478.1038,5.7480,62.30,118.00,0.007128
478.1826,5.7480,62.03,118.00,0.007233
478.2640,5.7480,62.03,118.00,0.007231
478.3437,5.7480,62.03,118.00,0.007077
478.4263,5.7480,62.03,118.00,0.006932
478.5064,5.7480,62.03,118.00,0.007057
478.5892,5.7900,62.30,118.00,0.006943
478.6678,5.7900,61.22,118.00,0.007045
478.7519,5.7900,61.76,118.00,0.007234
478.8322,5.7900,61.76,118.00,0.006494
478.9164,5.7900,62.30,118.00,0.007018
478.9949,5.7900,62.03,118.00,0.006730
479.0772,5.7900,61.76,118.00,0.007076
479.1591,5.7900,62.30,118.00,0.007706
479.2341,5.7900,62.03,118.00,0.006671
479.3078,5.7900,61.76,118.00,0.006778
479.3849,5.7900,62.30,118.00,0.006676
479.4597,5.7900,61.76,118.00,0.006351
479.5341,5.7900,62.30,118.00,0.006548
479.6064,5.7900,62.30,118.00,0.006515
479.6825,5.7900,62.03,118.00,0.006468
479.7592,5.7940,62.30,118.00,0.007080
479.8421,5.7980,62.30,118.00,0.007127
479.9235,5.7980,62.30,118.00,0.007058
480.0006,5.7980,61.76,118.00,0.006516
480.0746,5.7980,62.30,118.00,0.006526
480.1492,5.7980,62.03,118.00,0.006763
480.2274,5.7980,62.30,118.00,0.006876
480.3065,5.7980,62.03,118.00,0.007170
480.3831,5.7980,62.03,118.00,0.006336
480.4586,5.7980,62.30,118.00,0.006840
480.5307,5.7980,62.03,118.00,0.006273
480.6064,5.7980,62.30,118.00,0.006584
480.6839,5.8020,61.49,118.00,0.007253
480.7686,5.8020,62.30,118.00,0.007221
480.8504,5.8020,62.30,118.00,0.007160
480.9329,5.8020,62.30,118.00,0.007094
481.0136,5.8020,62.03,118.00,0.006868
481.0960,5.8020,61.76,118.00,0.006936
481.1776,5.8020,62.03,118.00,0.007076
481.2617,5.8020,62.30,118.00,0.007222
481.3419,5.8020,61.49,118.00,0.007168
481.4252,5.8020,62.30,118.00,0.007350
481.5026,5.8020,62.03,118.00,0.007403
481.5862,5.8320,61.76,118.00,0.006855
481.6651,5.8320,61.76,118.00,0.006824
481.7429,5.8320,62.03,118.00,0.006769
481.8168,5.8320,61.76,118.00,0.006814
481.8929,5.8320,62.03,118.00,0.007008
481.9688,5.8320,62.03,118.00,0.006895
482.0451,5.8320,62.30,118.00,0.006863
482.1186,5.8320,62.30,118.00,0.006774
482.1937,5.8320,61.76,118.00,0.006801
482.2701,5.8320,62.03,118.00,0.007020
482.3453,5.8320,62.30,118.00,0.006844
482.4238,5.8320,61.49,118.00,0.007217
482.4975,5.8320,62.03,118.00,0.006439
482.5688,5.8320,61.49,118.00,0.006308
482.6443,5.8320,62.03,118.00,0.006970
482.7187,5.8020,62.30,118.00,0.006792
482.7972,5.8020,62.30,117.00,0.006760
482.8694,5.8020,62.03,117.00,0.006510
482.9464,5.8020,62.03,117.00,0.006922
483.0222,5.8020,62.03,117.00,0.006880
483.0976,5.8020,62.30,117.50,0.007139
483.1746,5.8020,62.30,118.00,0.006932
483.2540,5.8020,62.30,118.00,0.006867
483.3303,5.8020,61.76,118.00,0.006950
483.4055,5.8020,61.76,118.00,0.006459
483.4804,5.8020,61.76,117.00,0.006482
483.5584,5.8020,62.30,118.00,0.006817
483.6350,5.8610,62.03,118.00,0.007167
483.7108,5.9200,61.76,118.00,0.006942
483.7873,5.9200,62.03,118.00,0.006716
483.8627,5.9200,62.03,118.00,0.006569
483.9405,5.9200,62.03,118.00,0.007012
484.0152,5.9200,62.30,118.00,0.006742
484.0903,5.9200,61.76,118.00,0.006725
484.1685,5.9200,62.03,117.50,0.006378
484.2411,5.9200,61.49,117.00,0.006618
484.3189,5.9200,62.03,117.00,0.006515
484.3944,5.9200,62.30,117.00,0.006880
484.4700,5.9200,62.30,117.00,0.006942
484.5472,5.8915,62.30,117.00,0.006928
484.6255,5.8630,61.49,117.00,0.006887
484.7024,5.8630,62.03,117.00,0.007008
484.7782,5.8630,61.22,117.00,0.006901
484.8546,5.8630,62.30,117.00,0.007013
484.9328,5.8630,62.03,117.00,0.006862
485.0056,5.8630,62.30,117.00,0.006531
485.0807,5.8630,62.57,117.00,0.006537
485.1532,5.8630,62.30,117.00,0.006657
485.2304,5.8630,61.76,117.50,0.007356
485.3055,5.8630,62.30,117.50,0.006858
485.3825,5.8630,62.03,117.00,0.006771
485.4593,5.8630,62.30,117.00,0.006571
485.5387,5.8650,61.76,117.00,0.006957
485.6131,5.8670,61.49,117.00,0.007067
485.6888,5.8670,62.03,117.00,0.006873
485.7646,5.8670,62.03,117.00,0.006879
485.8402,5.8670,62.30,117.00,0.006409
485.9126,5.8670,61.76,117.00,0.006366
485.9866,5.8670,62.03,117.00,0.006376
486.0624,5.8670,61.76,117.00,0.007164
486.1375,5.8670,62.30,117.00,0.006932
486.2142,5.8670,62.03,117.00,0.006845
486.2936,5.8670,62.30,117.00,0.006821
486.3670,5.8670,62.30,117.00,0.006665
486.4430,5.8670,62.30,117.00,0.006754
486.5192,5.8495,62.30,117.00,0.006702
486.5983,5.8320,62.03,117.00,0.006761
486.6736,5.8320,62.03,117.00,0.006592
486.7542,5.8320,61.76,117.00,0.007053
486.8298,5.8320,61.76,117.00,0.006897
486.9078,5.8320,62.03,117.00,0.006814
486.9818,5.8320,62.30,117.00,0.006678
487.0572,5.8320,62.30,117.00,0.007088
487.1333,5.8320,62.30,117.00,0.006958
487.2112,5.8320,62.03,117.00,0.006860
487.2841,5.8320,61.76,117.00,0.006419
487.3615,5.8320,62.03,117.00,0.006469
487.4335,5.8320,62.03,117.00,0.006587
487.5105,5.8320,61.49,117.00,0.006831
487.5875,5.9120,62.03,117.00,0.006743
487.6644,5.9120,62.03,117.00,0.007214
487.7384,5.9120,62.30,117.00,0.006622
487.8180,5.9120,61.76,117.00,0.006756
487.8938,5.9120,62.03,117.00,0.006928
487.9699,5.9120,61.76,117.00,0.006861
488.0431,5.9120,61.76,117.00,0.006595
488.1213,5.9120,62.03,117.00,0.006937
488.1931,5.9120,62.30,117.00,0.006331
488.2671,5.9120,62.30,117.00,0.006646
488.3419,5.9120,62.03,117.00,0.006612
488.4201,5.9120,61.76,117.00,0.006606
488.4971,5.9120,62.30,117.00,0.007016
488.5725,5.8210,62.30,117.00,0.006473
488.6456,5.8210,62.30,117.00,0.006757
488.7223,5.8210,62.30,117.00,0.007284
488.7979,5.8210,62.30,117.00,0.006811
488.8782,5.8210,62.30,117.00,0.006632
488.9540,5.8210,62.03,117.00,0.006759
489.0296,5.8210,62.30,117.00,0.006819
489.1076,5.8210,61.76,117.00,0.006848
489.1829,5.8210,61.76,117.00,0.006888
489.2572,5.8210,62.30,117.00,0.007035
489.3324,5.8210,61.49,117.00,0.007096
489.4054,5.8210,62.03,117.00,0.006696
489.4828,5.8210,61.76,117.00,0.006342
489.5574,5.8890,62.30,117.00,0.007022
489.6355,5.8890,62.30,117.00,0.006949
489.7095,5.8890,61.49,117.00,0.007229
489.7871,5.8890,62.30,117.00,0.006767
489.8609,5.8890,62.03,117.00,0.006815
489.9381,5.8890,62.30,117.00,0.006782
490.0116,5.8890,62.30,117.00,0.006613
490.0895,5.8890,62.03,117.00,0.006602
490.1654,5.8890,62.03,117.00,0.006438
490.2424,5.8890,62.30,117.00,0.006839
490.3185,5.8890,62.30,117.00,0.006834
490.3973,5.8890,62.03,116.50,0.007146
490.4705,5.8890,62.03,116.00,0.006893
490.5480,5.8490,61.49,117.00,0.006405
490.6244,5.8090,61.76,116.00,0.006599
490.7022,5.8090,62.30,116.50,0.006721
490.7783,5.8090,62.30,116.00,0.007003
490.8535,5.8090,62.30,116.50,0.006595
490.9282,5.8090,61.76,117.00,0.006401
491.0064,5.8090,62.03,117.00,0.006871
491.0861,5.8090,62.30,117.00,0.006980
491.1629,5.8090,62.03,117.00,0.007167
491.2410,5.8090,62.30,117.00,0.006752
491.3189,5.8090,61.76,117.00,0.006659
491.3957,5.8090,61.76,117.00,0.006761
491.4711,5.8090,61.76,117.00,0.006875
491.5458,5.8245,61.76,117.00,0.006636
491.6222,5.8400,61.76,117.00,0.007142
491.6996,5.8400,62.03,117.00,0.006603
491.7774,5.8400,62.30,117.00,0.006952
491.8529,5.8400,62.03,117.00,0.006635
491.9295,5.8400,62.03,117.00,0.006485
492.0012,5.8400,61.76,117.00,0.006355
492.0775,5.8400,62.03,117.00,0.006792
492.1497,5.8400,62.03,117.00,0.006473
492.2259,5.8400,61.76,117.00,0.006531
492.2992,5.8400,62.30,117.00,0.006516
492.3740,5.8400,62.30,117.00,0.006736
492.4495,5.8400,62.30,117.00,0.006663
492.5259,5.8400,62.03,117.00,0.006392
492.5989,5.8250,62.30,117.00,0.006368
492.6738,5.8250,62.03,117.00,0.006394
492.7470,5.8250,62.03,117.00,0.007252
492.8218,5.8250,62.30,117.00,0.006546
492.8955,5.8250,62.30,117.00,0.006670
492.9703,5.8250,62.30,117.00,0.006948
493.0492,5.8250,61.76,117.00,0.006927
493.1266,5.8250,62.03,117.00,0.006834
493.2021,5.8250,61.49,117.00,0.006913
493.2786,5.8250,62.03,117.00,0.007178
493.3543,5.8250,61.76,117.00,0.006642
493.4308,5.8250,62.03,117.00,0.006889
493.5065,5.8250,62.30,117.00,0.006970
493.5823,5.8550,62.30,117.00,0.006917
493.6585,5.8550,62.03,117.00,0.007010
493.7336,5.8550,62.30,117.00,0.006694
493.8102,5.8550,62.30,117.00,0.006526
493.8858,5.8550,62.03,117.00,0.006706
493.9597,5.8550,62.03,117.00,0.006545
494.0337,5.8550,61.76,117.00,0.006596
494.1089,5.8550,62.30,117.00,0.006981
494.1870,5.8550,62.30,117.00,0.006738
494.2606,5.8550,62.03,116.00,0.006677
494.3353,5.8550,62.30,116.50,0.006748
494.4115,5.8550,61.76,117.00,0.006514
494.4871,5.8550,62.30,117.00,0.006782
494.5621,5.9430,62.30,117.00,0.006745
494.6351,5.9430,62.30,117.00,0.006324
494.7096,5.9430,62.30,117.00,0.006382
494.7847,5.9430,62.30,117.00,0.006906
494.8579,5.9430,62.03,117.00,0.006932
494.9365,5.9430,62.30,117.00,0.006746
495.0100,5.9430,62.30,117.00,0.006715
495.0877,5.9430,62.30,117.00,0.007302
495.1614,5.9430,62.03,117.00,0.006965
495.2384,5.9430,61.76,117.00,0.006976
495.3153,5.9430,61.76,117.00,0.006997
495.3925,5.9430,62.30,117.00,0.006860
495.4664,5.9430,61.76,117.00,0.007104
495.5428,5.9105,62.30,117.00,0.006886
495.6187,5.8780,62.30,117.00,0.006824
495.6977,5.8780,62.30,116.50,0.006905
495.7712,5.8780,62.30,116.50,0.006720
495.8488,5.8780,62.03,116.00,0.006742
495.9249,5.8780,61.49,116.00,0.006999
496.0028,5.8780,62.30,116.00,0.006739
496.0781,5.8780,62.30,116.50,0.007069
496.1579,5.8780,62.03,116.00,0.006859
496.2337,5.8780,62.30,116.00,0.006698
496.3140,5.8780,61.22,116.50,0.007034
496.3871,5.8780,61.76,117.00,0.006482
496.4620,5.8780,61.76,117.00,0.006728
496.5338,5.8780,62.30,117.00,0.006392
496.6102,5.8780,62.03,117.00,0.007107
496.6866,5.8510,61.76,117.00,0.006498
496.7624,5.8510,62.30,117.00,0.006863
496.8373,5.8510,61.76,117.00,0.006478
496.9108,5.8510,61.76,117.00,0.006364
496.9856,5.8510,62.30,117.00,0.006812
497.0605,5.8510,62.30,117.00,0.006970
497.1334,5.8510,62.30,117.00,0.006711
497.2140,5.8510,62.30,117.00,0.006940
497.2898,5.8510,62.30,117.00,0.007056
497.3665,5.8510,62.30,117.00,0.006586
497.4424,5.8510,62.30,117.00,0.006872
497.5219,5.8510,62.03,117.00,0.007184
497.5967,5.8440,62.30,117.00,0.006836
497.6760,5.8440,61.49,117.00,0.006767
497.7496,5.8440,62.03,117.00,0.006890
497.8254,5.8440,62.30,117.00,0.007035
497.9012,5.8440,62.03,117.00,0.006935
497.9815,5.8440,62.03,117.00,0.006742
498.0544,5.8440,62.30,117.00,0.006435
498.1298,5.8440,62.03,117.00,0.006683
498.2067,5.8440,62.03,116.00,0.007027
498.2821,5.8440,62.03,116.50,0.007088
498.3566,5.8440,62.03,116.00,0.006776
498.4344,5.8440,62.03,116.00,0.006992
498.5104,5.8440,62.03,116.00,0.006880
498.5867,5.8890,62.30,116.00,0.006922
498.6627,5.8890,62.03,116.00,0.006521
498.7392,5.8890,61.76,116.50,0.006622
498.8152,5.8890,61.76,117.00,0.006730
498.8907,5.8890,62.03,117.00,0.007112
498.9647,5.8890,62.03,117.00,0.006559
499.0421,5.8890,62.30,117.00,0.007222
499.1182,5.8890,62.30,117.00,0.006667
499.1938,5.8890,61.76,117.00,0.007087
499.2691,5.8890,62.30,117.00,0.006855
499.3446,5.8890,62.03,117.00,0.006792
499.4177,5.8890,62.03,117.00,0.006624
499.4961,5.8890,61.76,117.00,0.006707
499.5680,5.8890,62.30,117.00,0.006343
499.6422,5.8890,61.76,117.00,0.006911
499.7171,5.8890,62.30,117.00,0.006691
499.7939,5.8890,61.76,117.00,0.007023
499.8696,5.8890,62.30,117.00,0.006397
499.9467,5.8890,62.03,117.00,0.006963
500.0220,5.8890,62.30,117.00,0.006454
500.0966,5.8890,62.03,117.00,0.006712
500.1686,5.8890,62.03,117.00,0.006575
500.2443,5.8890,62.30,117.00,0.006790
500.3173,5.8890,62.03,117.00,0.006927
500.3939,5.8890,62.30,117.00,0.006497
500.4698,5.8890,61.76,116.00,0.006779
500.5479,5.8890,62.03,116.00,0.007029
500.6244,5.8890,62.03,116.50,0.006719
500.6988,5.8890,62.03,117.00,0.006554
500.7753,5.8890,62.30,117.00,0.006641
500.8538,5.8890,62.30,117.00,0.006848
500.9304,5.8890,62.03,117.00,0.007227
501.0098,5.8815,62.03,117.00,0.006916
501.0865,5.8740,62.03,117.00,0.007221
501.1607,5.8740,62.30,117.00,0.006309
501.2341,5.8740,62.30,117.00,0.006727
501.3098,5.8740,61.76,117.00,0.006530
501.3858,5.8740,62.30,117.00,0.006797
501.4610,5.8740,62.03,117.00,0.006638
501.5369,5.8740,62.03,117.00,0.006772
501.6155,5.8740,62.30,117.00,0.006741
501.6914,5.8740,61.76,117.00,0.006757
501.7699,5.8740,62.30,116.50,0.006720
501.8454,5.8740,61.76,116.00,0.007158
501.9219,5.8740,62.30,116.00,0.006817
501.9988,5.8740,61.49,116.00,0.007045
502.0776,5.8740,61.49,116.00,0.006598
502.1543,5.8740,62.03,116.00,0.006887
502.2289,5.8740,62.03,116.50,0.006936
502.3070,5.8740,61.49,117.00,0.006488
502.3825,5.8740,62.03,117.00,0.006378
502.4584,5.8740,61.76,117.00,0.007159
502.5374,5.8665,62.30,117.00,0.007277
502.6134,5.8590,61.76,117.00,0.006819
502.6898,5.8590,62.30,117.00,0.006495
502.7685,5.8590,62.30,117.00,0.006979
502.8459,5.8590,62.03,117.00,0.006875
502.9204,5.8590,62.30,117.00,0.006408
502.9939,5.8590,61.49,117.00,0.006581
503.0702,5.8590,62.03,117.00,0.006647
503.1459,5.8590,61.76,117.00,0.006323
503.2215,5.8590,62.30,117.00,0.006729
503.2974,5.8590,62.30,117.00,0.006559
503.3709,5.8590,62.03,117.00,0.006943
503.4487,5.8590,61.76,117.00,0.006708
503.5223,5.8590,62.30,117.00,0.006334
503.6008,5.8590,62.03,117.00,0.007155
503.6748,5.8590,62.30,117.00,0.006653
503.7547,5.8590,62.30,117.00,0.007026
503.8271,5.8590,61.76,117.00,0.006315
503.9011,5.8590,62.03,117.00,0.006358
503.9734,5.8590,61.76,117.00,0.006594
504.0503,5.8590,62.03,117.00,0.006652
504.1271,5.8590,62.30,117.00,0.006426
504.2022,5.8590,61.76,117.00,0.007072
504.2785,5.8590,62.30,117.00,0.006882
504.3576,5.8590,62.03,117.00,0.006604
504.4332,5.8590,62.03,117.00,0.006481
504.5067,5.8590,62.30,117.00,0.006288
504.5790,5.8590,61.76,117.00,0.006483
504.6545,5.8590,62.03,117.00,0.007055
504.7294,5.8590,62.30,117.00,0.006784
504.8065,5.8590,61.76,117.00,0.007238
504.8823,5.8590,62.03,117.00,0.007097
504.9566,5.8590,62.30,117.00,0.006621
505.0307,5.8590,62.03,117.00,0.006434
505.1056,5.8590,62.30,117.00,0.006464
505.1821,5.8670,61.76,117.00,0.007275
505.2602,5.8670,62.30,117.00,0.007033
505.3340,5.8670,62.30,117.00,0.007199
505.4125,5.8670,62.03,117.00,0.007061
505.4862,5.8670,62.03,117.00,0.006859
505.5653,5.8740,62.03,117.00,0.006875
505.6403,5.8740,62.30,117.00,0.006259
505.7162,5.8740,62.30,117.00,0.006731
505.7894,5.8740,62.30,117.00,0.006791
505.8683,5.8740,62.30,116.00,0.006878
505.9472,5.8740,62.30,116.00,0.006525
506.0224,5.8740,62.03,116.00,0.007277
506.0958,5.8740,62.30,116.50,0.006993
506.1735,5.8740,61.76,117.00,0.006318
506.2460,5.8740,61.76,117.00,0.006796
506.3206,5.8740,62.30,117.00,0.006316
506.3934,5.8740,62.30,117.00,0.006916
506.4713,5.8740,62.03,117.00,0.006769
506.5457,5.9025,62.03,117.00,0.006745
506.6218,5.9310,62.03,117.00,0.006819
506.6967,5.9310,62.03,117.00,0.006716
506.7771,5.9310,62.30,117.00,0.006862
506.8534,5.9310,61.76,117.00,0.007057
506.9344,5.9310,62.03,117.00,0.006766
507.0087,5.9310,62.30,117.00,0.006790
507.0901,5.9310,61.76,117.00,0.007179
507.1662,5.9310,62.03,117.00,0.006852
507.2408,5.9310,61.76,117.00,0.006378
507.3145,5.9310,62.03,117.00,0.006516
507.3945,5.9310,62.03,117.00,0.007036
507.4701,5.9310,62.03,117.00,0.006620
507.5464,5.9310,62.03,117.00,0.006783
507.6216,5.8590,61.76,117.00,0.006896
507.7021,5.8590,62.30,117.00,0.006754
507.7770,5.8590,61.76,117.00,0.006971
507.8557,5.8590,61.76,117.00,0.006637
507.9302,5.8590,62.03,117.00,0.006867
508.0084,5.8590,62.03,117.00,0.006956
508.0851,5.8590,62.03,117.00,0.007219
508.1626,5.8590,62.30,117.00,0.006923
508.2378,5.8590,62.03,117.00,0.006640
508.3182,5.8590,61.49,117.00,0.006943
508.3944,5.8590,61.49,117.00,0.006963
508.4705,5.8590,62.03,117.00,0.007282
508.5470,5.8610,62.30,117.00,0.006675
508.6265,5.8630,61.76,117.00,0.006841
508.7026,5.8630,62.30,117.00,0.007008
508.7828,5.8630,62.03,117.00,0.007154
508.8594,5.8630,62.30,117.00,0.006706
508.9349,5.8630,61.49,117.00,0.006718
509.0128,5.8630,62.30,117.00,0.007227
509.0902,5.8630,62.03,117.00,0.006936
509.1669,5.8630,62.30,117.00,0.006640
509.2432,5.8630,61.76,117.00,0.006660
509.3189,5.8630,61.76,117.00,0.006745
509.3954,5.8630,62.30,117.00,0.006794
509.4701,5.8630,62.30,116.50,0.007097
509.5502,5.8590,61.49,116.00,0.006752
509.6273,5.8550,61.49,116.00,0.006591
509.7077,5.8550,62.03,116.00,0.006976
509.7828,5.8550,62.30,116.00,0.006527
509.8579,5.8550,62.30,117.00,0.006638
509.9337,5.8550,61.76,117.00,0.006644
510.0101,5.8550,62.03,117.00,0.007060
510.0872,5.8550,62.30,117.00,0.007053
510.1664,5.8550,62.03,117.00,0.006758
510.2440,5.8550,62.30,117.00,0.006759
510.3217,5.8550,62.30,117.00,0.006958
510.3982,5.8550,62.30,117.00,0.006468
510.4735,5.8550,62.30,117.00,0.006686
510.5503,5.8610,61.76,117.00,0.006780
510.6305,5.8670,62.30,117.00,0.007163
510.7084,5.8670,62.30,117.00,0.006809
510.7862,5.8670,61.76,117.00,0.006995
510.8617,5.8670,61.49,117.00,0.006315
510.9387,5.8670,61.49,117.00,0.007056
511.0146,5.8670,62.30,117.00,0.006791
511.0889,5.8670,62.03,117.00,0.006425
511.1651,5.8670,61.49,117.00,0.006662
511.2435,5.8670,62.30,117.00,0.007177
511.3183,5.8670,61.76,117.00,0.006948
511.3955,5.8670,62.30,117.00,0.006437
511.4713,5.8670,62.30,116.50,0.007028
511.5469,5.8725,62.30,116.50,0.006918
511.6213,5.8780,61.76,116.50,0.007205
511.6989,5.8780,62.03,116.00,0.006698
511.7726,5.8780,62.03,116.00,0.006690
511.8501,5.8780,62.30,116.00,0.006974
511.9257,5.8780,62.03,116.00,0.006505
512.0008,5.8780,61.76,116.50,0.006340
512.0763,5.8780,62.03,117.00,0.006633
512.1497,5.8780,62.30,117.00,0.006669
512.2231,5.8780,62.30,117.00,0.006763
512.3006,5.8780,62.03,117.00,0.006806
512.3737,5.8780,62.30,117.00,0.006486
512.4502,5.8780,62.30,117.00,0.007174
512.5290,5.8990,62.30,117.00,0.007306
512.6068,5.9200,61.76,117.00,0.007167
512.6824,5.9200,62.30,117.00,0.006732
512.7617,5.9200,62.03,117.00,0.006780
512.8384,5.9200,61.22,117.00,0.006816
512.9154,5.9200,62.30,117.00,0.006816
512.9908,5.9200,62.30,117.00,0.006604
513.0669,5.9200,62.03,117.00,0.006987
513.1407,5.9200,62.30,117.00,0.006767
513.2186,5.9200,62.03,117.00,0.006758
513.2905,5.9200,62.03,117.00,0.006557
513.3656,5.9200,62.30,117.00,0.006886
513.4415,5.9200,61.76,117.00,0.006365
513.5176,5.9200,61.76,117.00,0.006517
513.5932,5.9200,61.76,117.00,0.006449
513.6698,5.9200,62.03,117.00,0.006884
513.7431,5.9105,62.03,117.00,0.006794
513.8216,5.9010,61.49,117.00,0.006792
513.8950,5.9010,62.30,117.00,0.006321
513.9710,5.9010,61.49,117.00,0.006542
514.0464,5.9010,62.03,117.00,0.007031
514.1213,5.9010,62.03,117.00,0.006677
514.1997,5.9010,62.03,117.00,0.006846
514.2740,5.9010,62.03,117.00,0.006469
514.3488,5.9010,62.03,117.00,0.006879
514.4260,5.9010,61.76,117.00,0.006935
514.5012,5.9010,62.30,117.00,0.006742
514.5811,5.9240,62.30,117.00,0.006686
514.6567,5.9240,62.30,117.00,0.006957
514.7350,5.9240,62.03,117.00,0.006729
514.8107,5.9240,62.03,117.00,0.007029
514.8856,5.9240,61.76,117.00,0.007053
514.9616,5.9240,61.76,117.00,0.006823
515.0397,5.9240,62.03,117.00,0.006448
515.1145,5.9240,62.03,117.00,0.006528
515.1944,5.9240,62.03,117.00,0.007096
515.2693,5.9240,61.76,117.00,0.006498
515.3442,5.9240,62.03,117.00,0.006508
515.4169,5.9240,61.76,117.00,0.006381
515.4917,5.9240,62.30,117.00,0.006357
515.5655,5.9160,62.30,117.00,0.006642
515.6422,5.9160,61.76,117.00,0.006956
515.7189,5.9160,62.30,117.00,0.007085
515.7939,5.9160,61.49,117.00,0.006848
515.8701,5.9160,62.03,117.00,0.006834
515.9470,5.9160,62.03,117.00,0.006704
516.0209,5.9160,62.30,117.00,0.006758
516.0971,5.9160,61.76,117.00,0.007106
516.1729,5.9160,62.30,117.00,0.006867
516.2509,5.9160,62.03,117.00,0.006314
516.3246,5.9160,62.30,117.00,0.006479
516.3986,5.9160,61.76,117.00,0.006505
516.4733,5.9160,61.49,117.00,0.006589
516.5500,5.8815,61.76,117.00,0.006787
516.6251,5.8470,62.03,117.00,0.006754
516.7023,5.8470,62.30,117.00,0.006875
516.7782,5.8470,62.03,117.00,0.006819
516.8535,5.8470,62.03,117.00,0.006795
516.9269,5.8470,61.76,117.00,0.006485
517.0052,5.8470,62.30,117.00,0.006573
517.0804,5.8470,62.30,117.00,0.006695
517.1575,5.8470,62.30,117.00,0.006732
517.2310,5.8470,62.30,117.00,0.006695
517.3045,5.8470,61.76,117.00,0.006343
517.3778,5.8470,61.49,117.00,0.006562
517.4537,5.8470,61.76,117.00,0.006656
517.5267,5.8490,62.30,117.00,0.007055
517.6049,5.8510,62.03,117.00,0.006951
517.6803,5.8510,62.30,117.00,0.006572
517.7564,5.8510,62.03,117.00,0.006604
517.8308,5.8510,62.30,117.00,0.006270
517.9042,5.8510,62.03,117.00,0.006502
517.9766,5.8510,62.30,117.00,0.006266
518.0508,5.8510,62.30,117.00,0.006611
518.1251,5.8510,62.30,117.00,0.006929
518.2025,5.8510,61.76,117.00,0.007038
518.2786,5.8510,61.49,117.00,0.007084
518.3568,5.8510,62.30,117.00,0.007006
518.4321,5.8510,62.30,117.00,0.006734
518.5071,5.8510,62.30,117.00,0.006745
518.5811,5.8360,62.30,117.00,0.006806
518.6579,5.8360,62.03,117.00,0.006496
518.7345,5.8360,62.30,117.00,0.007224
518.8116,5.8360,62.03,117.00,0.006760
518.8860,5.8360,62.30,117.00,0.006558
518.9666,5.8360,61.76,117.00,0.007292
519.0421,5.8360,62.03,116.50,0.006771
519.1201,5.8360,62.03,117.00,0.006966
519.1932,5.8360,62.03,117.00,0.006530
519.2741,5.8360,62.03,117.00,0.006996
519.3475,5.8360,62.30,117.00,0.006660
519.4264,5.8360,62.03,117.00,0.006821
519.5024,5.8360,62.03,117.00,0.006746
519.5785,5.9160,62.03,117.00,0.006856
519.6534,5.9160,62.30,117.00,0.006938
519.7310,5.9160,62.30,117.00,0.006960
519.8066,5.9160,62.30,117.00,0.006783
519.8871,5.9160,62.30,117.00,0.006795
519.9610,5.9160,62.03,117.00,0.006805
520.0392,5.9160,62.30,117.00,0.006547
520.1125,5.9160,62.30,117.00,0.006372
520.1858,5.9160,61.49,117.00,0.006586
520.2603,5.9160,62.03,117.00,0.006338
520.3348,5.9160,61.76,117.00,0.006567
520.4095,5.9160,62.30,117.00,0.006588
520.4893,5.9160,62.03,117.00,0.006916
520.5635,5.8510,62.30,117.00,0.007096
520.6390,5.8510,62.03,117.00,0.006353
520.7155,5.8510,61.76,117.00,0.007215
520.7941,5.8510,62.03,117.00,0.006985
520.8698,5.8510,61.76,116.50,0.007122
520.9467,5.8510,62.30,116.00,0.006682
521.0205,5.8510,62.30,117.00,0.006462
521.0981,5.8510,62.30,117.00,0.006909
521.1736,5.8510,61.76,117.00,0.006371
521.2498,5.8510,61.76,117.00,0.006664
521.3217,5.8510,61.76,117.00,0.006326
521.3990,5.8510,61.76,117.00,0.006957
521.4738,5.8510,62.03,117.00,0.006528
521.5539,5.8605,62.03,117.00,0.007104
521.6298,5.8700,62.03,117.00,0.006811
521.7059,5.8700,62.03,117.00,0.006545
521.7809,5.8700,62.03,117.00,0.006449
521.8568,5.8700,61.76,117.00,0.006363
521.9300,5.8700,62.03,117.00,0.006814
522.0060,5.8700,62.30,117.00,0.006793
522.0789,5.8700,62.03,117.00,0.006845
522.1551,5.8700,62.30,117.00,0.006723
522.2286,5.8700,62.30,117.00,0.006847
522.3048,5.8700,61.76,117.00,0.006492
522.3780,5.8700,61.76,117.00,0.006526
522.4531,5.8700,62.03,117.00,0.006504
522.5274,5.9045,61.76,117.00,0.007020
522.6036,5.9390,62.30,117.00,0.007172
522.6777,5.9390,62.03,117.00,0.006704
522.7569,5.9390,61.76,117.00,0.007161
522.8325,5.9390,62.30,117.00,0.006728
522.9085,5.9390,62.30,117.00,0.006686
522.9845,5.9390,62.30,117.00,0.006770
523.0630,5.9390,62.30,117.00,0.006561
523.1366,5.9390,62.30,117.00,0.006714
523.2140,5.9390,62.30,117.00,0.006933
523.2925,5.9390,61.49,117.00,0.007004
523.3676,5.9390,62.03,117.00,0.006883
523.4449,5.9390,62.30,117.00,0.006827
523.5227,5.9275,62.03,117.00,0.007351
523.5972,5.9160,62.30,117.00,0.007040
523.6724,5.9160,62.30,117.00,0.006622
523.7453,5.9160,62.30,117.00,0.006516
523.8212,5.9160,62.03,117.00,0.006686
523.8941,5.9160,62.03,117.00,0.006832
523.9698,5.9160,62.30,117.00,0.007040
524.0460,5.9160,61.49,117.00,0.006946
524.1215,5.9160,62.03,117.00,0.006765
524.1978,5.9160,62.30,117.00,0.006604
524.2750,5.9160,62.30,117.00,0.006489
524.3503,5.9160,62.03,117.00,0.006724
524.4261,5.9160,62.30,117.00,0.006891
524.5019,5.9160,62.30,117.00,0.006715
524.5784,5.8550,61.76,117.00,0.006797
524.6517,5.8550,62.03,117.00,0.006757
524.7295,5.8550,62.03,117.00,0.007055
524.8074,5.8550,61.76,117.00,0.006438
524.8849,5.8550,61.76,117.00,0.006990
524.9632,5.8550,62.03,117.00,0.006811
525.0380,5.8550,62.30,117.00,0.006920
525.1112,5.8550,62.30,117.00,0.006819
525.1853,5.8550,62.30,117.00,0.006656
525.2620,5.8550,62.03,117.00,0.006339
525.3378,5.8550,62.03,117.00,0.006570
525.4134,5.8550,62.30,117.00,0.006829
525.4909,5.8550,62.30,117.00,0.007076
525.5673,5.9050,62.03,117.00,0.006503
525.6430,5.9050,62.30,117.00,0.006856
525.7191,5.9050,61.76,117.00,0.006514
525.7985,5.9050,62.03,117.00,0.006956
525.8730,5.9050,62.30,117.00,0.006563
525.9509,5.9050,62.03,117.00,0.006587
526.0246,5.9050,61.76,117.00,0.006539
526.1029,5.9050,62.03,117.00,0.006547
526.1783,5.9050,62.03,117.00,0.007071
526.2533,5.9050,62.30,117.00,0.007075
526.3274,5.9050,62.30,117.00,0.007024
526.4052,5.9050,62.30,117.00,0.006980
526.4823,5.9050,62.30,117.00,0.007193
526.5603,5.9120,62.30,117.00,0.006835
526.6357,5.9120,62.30,117.00,0.006727
526.7137,5.9120,62.03,117.00,0.006750
526.7906,5.9120,61.76,117.00,0.007103
526.8686,5.9120,61.76,117.00,0.006697
526.9451,5.9120,61.76,117.00,0.006938
527.0251,5.9120,62.30,117.00,0.006816
527.1033,5.9120,61.76,117.00,0.006804
527.1786,5.9120,61.76,117.00,0.007064
527.2531,5.9120,62.30,117.00,0.006721
527.3310,5.9120,62.57,117.00,0.006725
527.4066,5.9120,62.30,117.00,0.007230
527.4822,5.9120,62.03,117.00,0.006655
527.5584,5.8860,62.03,117.00,0.006670
527.6352,5.8860,61.76,117.00,0.006908
527.7091,5.8860,62.30,117.00,0.006596
527.7865,5.8860,62.30,117.00,0.006565
527.8628,5.8860,62.30,117.00,0.006550
527.9423,5.8860,62.03,117.00,0.006703
528.0171,5.8860,62.03,117.00,0.006850
528.0946,5.8860,62.30,117.00,0.007001
528.1702,5.8860,61.76,117.00,0.006661
528.2462,5.8860,61.76,117.00,0.007125
528.3221,5.8860,61.76,117.00,0.006943
528.4023,5.8860,62.30,117.00,0.007284
528.4781,5.8860,61.76,117.00,0.007115
528.5534,5.8685,62.03,117.00,0.006782
528.6302,5.8510,62.03,117.00,0.007162
528.7054,5.8510,61.76,117.00,0.006795
528.7808,5.8510,62.03,117.00,0.006824
528.8542,5.8510,62.30,117.00,0.006605
528.9279,5.8510,61.22,117.00,0.006303
529.0032,5.8510,62.30,117.00,0.006643
529.0770,5.8510,62.03,117.00,0.007138
529.1527,5.8510,62.30,117.00,0.006469
529.2257,5.8510,62.03,117.00,0.006964
529.3052,5.8510,62.03,117.00,0.006665
529.3812,5.8510,62.30,117.00,0.006747
529.4592,5.8510,62.03,117.00,0.006999
529.5334,5.8415,62.30,117.00,0.006475
529.6133,5.8320,62.30,117.00,0.006869
529.6868,5.8320,62.03,117.00,0.006983
529.7625,5.8320,62.30,117.00,0.006954
529.8383,5.8320,62.03,117.00,0.006818
529.9168,5.8320,62.30,117.00,0.006844
529.9903,5.8320,62.30,117.00,0.006927
530.0656,5.8320,62.03,117.00,0.006979
530.1422,5.8320,62.30,117.00,0.007039
530.2182,5.8320,61.76,117.00,0.006297
530.2937,5.8320,62.30,117.00,0.006749
530.3701,5.8320,62.03,117.00,0.006850
530.4461,5.8320,61.76,117.00,0.006851
530.5233,5.8320,62.03,117.00,0.006743
530.5963,5.8670,61.76,117.00,0.006369
530.6743,5.8670,61.76,117.00,0.006866
530.7494,5.8670,62.30,117.00,0.006345
530.8265,5.8670,62.03,117.00,0.006984
530.9029,5.8670,62.30,117.00,0.006989
530.9773,5.8670,62.03,117.00,0.006951
531.0504,5.8670,62.03,117.00,0.006639
531.1271,5.8670,62.30,117.00,0.006606
531.2025,5.8670,62.03,117.00,0.006708
531.2807,5.8670,62.30,117.00,0.006971
531.3545,5.8670,62.03,117.00,0.006967
531.4330,5.8670,62.30,117.00,0.006776
531.5086,5.8670,62.03,117.00,0.006951
531.5866,5.9280,62.03,117.00,0.007160
531.6631,5.9280,62.30,117.00,0.006646
531.7384,5.9280,62.03,117.00,0.006754
531.8134,5.9280,62.30,117.00,0.006791
531.8883,5.9280,62.03,117.00,0.006403
531.9604,5.9280,61.76,117.00,0.006527
532.0347,5.9280,62.30,117.00,0.006610
532.1070,5.9280,62.30,117.00,0.006400
532.1831,5.9280,61.76,117.00,0.006799
532.2565,5.9280,62.30,117.00,0.006801
532.3342,5.9280,62.03,117.00,0.007015
532.4106,5.9280,62.03,117.00,0.006937
532.4862,5.9280,62.30,117.00,0.006923
532.5610,5.9085,61.76,117.00,0.006778
532.6366,5.8890,62.30,117.00,0.006413
532.7124,5.8890,62.03,117.00,0.006964
532.7916,5.8890,62.30,117.00,0.007054
532.8672,5.8890,61.76,117.00,0.006405
532.9433,5.8890,62.30,117.00,0.006637
533.0185,5.8890,62.03,117.00,0.006779
533.0939,5.8890,61.76,117.00,0.006999
533.1708,5.8890,62.03,117.00,0.007073
533.2448,5.8890,62.03,117.00,0.006675
533.3177,5.8890,62.03,117.00,0.006649
533.3939,5.8890,61.76,117.00,0.006568
533.4695,5.8890,62.30,117.00,0.006875
533.5459,5.8395,62.03,117.00,0.007223
533.6221,5.7900,62.30,117.00,0.007006
533.6983,5.7900,62.03,117.00,0.006921
533.7746,5.7900,61.49,117.00,0.007046
533.8496,5.7900,62.30,117.00,0.006616
533.9260,5.7900,61.49,117.00,0.006840
534.0061,5.7900,61.49,117.00,0.006778
534.0848,5.7900,62.03,117.00,0.006635
534.1622,5.7900,62.30,117.00,0.006957
534.2381,5.7900,61.76,117.00,0.007025
534.3184,5.7900,62.30,117.00,0.007160
534.3964,5.7900,62.03,117.00,0.007148
534.4751,5.7900,62.03,117.00,0.006813
534.5506,5.7825,62.30,117.00,0.006674
534.6285,5.7750,62.30,117.00,0.006672
534.7022,5.7750,62.30,117.00,0.006673
534.7779,5.7750,62.30,117.00,0.006856
534.8528,5.7750,62.03,117.00,0.006720
534.9301,5.7750,62.30,117.00,0.006839
535.0067,5.7750,62.30,117.00,0.006714
535.0823,5.7750,62.30,117.00,0.006934
535.1583,5.7750,62.03,117.00,0.006994
535.2350,5.7750,62.03,117.00,0.006832
535.3114,5.7750,62.03,117.00,0.006911
535.3903,5.7750,62.30,117.00,0.006838
535.4665,5.7750,61.76,117.00,0.006812
535.5449,5.8015,62.30,117.00,0.006992
535.6222,5.8280,62.03,117.00,0.007288
535.6989,5.8280,62.03,117.00,0.006935
535.7734,5.8280,61.76,117.00,0.007254
535.8512,5.8280,62.03,117.00,0.006782
535.9296,5.8280,62.03,117.00,0.006831
536.0060,5.8280,62.30,117.00,0.006513
536.0822,5.8280,61.76,117.00,0.006707
536.1560,5.8280,62.03,117.00,0.006508
536.2295,5.8280,62.03,117.00,0.006947
536.3072,5.8280,61.76,117.00,0.006650
536.3819,5.8280,62.30,117.00,0.006483
536.4595,5.8280,61.76,117.00,0.006805
536.5339,5.8280,62.30,117.00,0.006377
536.6094,5.8895,62.03,117.00,0.007281
536.6840,5.9510,62.03,117.00,0.006284
536.7621,5.9510,61.76,117.00,0.006789
536.8367,5.9510,62.03,117.00,0.006309
536.9111,5.9510,62.30,117.00,0.006777
536.9859,5.9510,62.30,117.00,0.006907
537.0624,5.9510,62.30,117.00,0.007279
537.1375,5.9510,62.30,117.00,0.006823
537.2179,5.9510,62.30,117.00,0.006956
537.2956,5.9510,62.30,117.00,0.006743
537.3736,5.9510,62.03,117.00,0.006582
537.4494,5.9510,62.03,117.00,0.006670
537.5299,5.9510,62.30,117.00,0.007185
537.6063,5.8550,62.30,117.00,0.006682
537.6849,5.8550,62.03,117.00,0.006891
537.7646,5.8550,62.03,117.00,0.006990
537.8429,5.8550,62.30,117.00,0.006643
537.9185,5.8550,61.76,117.00,0.006733
537.9952,5.8550,62.30,117.00,0.006743
538.0695,5.8550,61.76,117.00,0.006904
538.1498,5.8550,61.76,117.00,0.006757
538.2264,5.8550,61.76,117.00,0.006956
538.3033,5.8550,62.30,117.00,0.006806
538.3777,5.8550,62.03,117.00,0.006967
538.4577,5.8550,62.03,117.00,0.006655
538.5344,5.8705,62.03,117.00,0.006845
538.6107,5.8860,61.76,117.00,0.006500
538.6903,5.8860,61.76,117.00,0.006944
538.7688,5.8860,61.76,117.00,0.007131
538.8430,5.8860,62.30,117.00,0.007143
538.9208,5.8860,62.30,117.00,0.006902
538.9945,5.8860,61.49,117.00,0.007086
539.0711,5.8860,62.03,117.00,0.006533
539.1444,5.8860,62.30,117.00,0.006525
539.2221,5.8860,62.03,117.00,0.006904
539.2983,5.8860,62.30,117.00,0.006923
539.3734,5.8860,62.30,117.00,0.006832
539.4523,5.8860,62.30,117.00,0.006638
539.5298,5.8555,61.76,117.00,0.007086
539.6061,5.8250,62.03,117.00,0.007149
539.6860,5.8250,62.30,117.00,0.006827
539.7625,5.8250,62.03,117.00,0.006928
539.8408,5.8250,61.76,117.00,0.006786
539.9143,5.8250,62.03,117.00,0.006814
539.9891,5.8250,62.30,117.00,0.006526
540.0653,5.8250,62.30,117.00,0.006795
540.1406,5.8250,61.76,117.00,0.006698
540.2155,5.8250,62.03,117.00,0.006722
540.2906,5.8250,62.03,117.00,0.006760
540.3663,5.8250,62.30,117.00,0.006922
540.4460,5.8250,62.30,117.00,0.006699
540.5224,5.8535,61.76,117.00,0.007221
540.5990,5.8820,62.03,117.00,0.006589
540.6734,5.8820,62.30,117.00,0.007564
540.7532,5.8820,62.03,117.00,0.007041
540.8262,5.8820,61.76,117.00,0.006243
540.9025,5.8820,62.30,117.00,0.006381
540.9784,5.8820,61.76,117.00,0.006803
541.0549,5.8820,62.30,117.00,0.006525
541.1306,5.8820,62.30,117.00,0.006863
541.2065,5.8820,62.03,117.00,0.006578
541.2830,5.8820,61.49,117.00,0.006984
541.3641,5.8820,62.30,117.00,0.007410
541.4393,5.8820,62.30,117.00,0.006433
541.5145,5.8820,61.76,117.00,0.006824
541.5890,5.8210,62.30,117.00,0.006986
541.6641,5.8210,61.49,117.00,0.006682
541.7411,5.8210,62.03,117.00,0.006711
541.8190,5.8210,62.30,117.00,0.006843
541.8977,5.8210,62.30,117.00,0.007141
541.9784,5.8210,62.03,117.00,0.006903
542.0532,5.8210,61.76,117.00,0.006787
542.1327,5.8210,62.03,117.00,0.007121
542.2090,5.8210,62.03,117.00,0.007089
542.2866,5.8210,62.30,117.00,0.007035
542.3613,5.8210,61.76,117.00,0.006805
542.4411,5.8210,62.30,117.00,0.006734
542.5187,5.8305,62.03,117.00,0.007141
542.5950,5.8400,62.30,117.00,0.007125
542.6692,5.8400,62.03,117.00,0.007019
542.7501,5.8400,61.76,117.00,0.007113
542.8261,5.8400,62.03,117.00,0.006916
542.9019,5.8400,62.30,117.00,0.006521
542.9745,5.8400,62.30,117.00,0.006477
543.0493,5.8400,61.76,117.00,0.006548
543.1260,5.8400,62.30,117.00,0.006936
543.2033,5.8400,61.76,117.00,0.006659
543.2808,5.8400,62.30,117.00,0.007052
543.3549,5.8400,62.30,117.00,0.006353
543.4276,5.8400,61.76,117.00,0.006425
543.5029,5.8400,61.76,117.00,0.006469
543.5804,5.8780,62.03,117.00,0.007709
543.6625,5.9160,61.76,117.00,0.007042
543.7370,5.9160,62.30,117.00,0.006750
543.8170,5.9160,62.30,117.00,0.006800
543.8937,5.9160,62.30,117.00,0.006795
543.9714,5.9160,62.30,117.00,0.006489
544.0489,5.9160,62.30,117.00,0.007131
544.1264,5.9160,61.76,117.00,0.006914
544.2013,5.9160,62.30,117.00,0.006494
544.2780,5.9160,62.03,117.00,0.006607
544.3502,5.9160,62.30,117.00,0.006516
544.4254,5.9160,62.03,117.00,0.006583
544.4986,5.9160,62.03,117.00,0.006628
544.5739,5.9050,62.03,117.00,0.006427
544.6499,5.9050,62.30,117.00,0.006799
544.7304,5.9050,62.03,117.00,0.006912
544.8048,5.9050,61.76,117.00,0.006333
544.8779,5.9050,62.30,117.00,0.006537
544.9542,5.9050,62.30,117.00,0.006600
545.0288,5.9050,62.03,117.00,0.006333
545.1027,5.9050,62.03,117.00,0.006876
545.1827,5.9050,61.76,117.00,0.006554
545.2580,5.9050,62.30,117.00,0.006865
545.3334,5.9050,62.30,117.00,0.007436
545.4092,5.9050,62.30,117.00,0.006538
545.4852,5.9050,62.30,117.00,0.006417
545.5584,5.9050,62.30,117.00,0.006368
545.6350,5.9050,61.49,117.00,0.006831
545.7114,5.8890,62.30,117.00,0.006618
545.7872,5.8890,62.03,117.00,0.006778
545.8614,5.8890,62.03,117.00,0.006430
545.9383,5.8890,61.76,117.00,0.006610
546.0135,5.8890,62.57,117.00,0.006615
546.0935,5.8890,62.03,117.00,0.007171
546.1692,5.8890,61.49,117.00,0.006776
546.2456,5.8890,62.30,117.00,0.006604
546.3223,5.8890,62.03,117.00,0.007010
546.4019,5.8890,61.49,117.00,0.007023
546.4772,5.8890,62.03,117.00,0.006764
546.5555,5.8625,61.76,117.00,0.007034
546.6324,5.8360,61.76,117.00,0.006938
546.7109,5.8360,62.03,117.00,0.006572
546.7862,5.8360,62.30,117.00,0.006652
546.8629,5.8360,62.03,117.00,0.006299
546.9372,5.8360,62.30,117.00,0.007030
547.0126,5.8360,62.30,117.00,0.007087
547.0911,5.8360,61.76,117.00,0.006520
547.1660,5.8360,61.76,117.00,0.006995
547.2418,5.8360,61.76,117.00,0.006972
547.3191,5.8360,62.30,117.00,0.006778
547.3915,5.8360,62.03,117.00,0.006747
547.4670,5.8360,62.03,117.00,0.006992
547.5410,5.8705,62.03,117.00,0.006700
547.6210,5.9050,62.03,117.00,0.006916
547.6948,5.9050,62.03,117.00,0.006834
547.7725,5.9050,62.03,117.00,0.007190
547.8485,5.9050,62.03,117.00,0.006758
547.9248,5.9050,62.30,117.00,0.006284
547.9967,5.9050,62.30,117.00,0.006286
548.0706,5.9050,61.76,117.00,0.006348
548.1430,5.9050,62.30,117.00,0.006362
548.2212,5.9050,62.03,117.00,0.008606
548.3011,5.9050,61.76,117.00,0.007182
548.3814,5.9050,61.76,117.00,0.006866
548.4596,5.9050,62.03,117.00,0.006899
548.5391,5.8495,61.49,117.00,0.006382
548.6135,5.7940,62.30,117.50,0.006561
548.6876,5.7940,61.76,118.00,0.006429
548.7625,5.7940,61.76,118.00,0.007027
548.8454,5.7940,62.30,118.00,0.006866
548.9237,5.7940,62.30,118.00,0.007147
549.0043,5.7940,62.30,118.00,0.006765
549.0806,5.7940,62.03,118.00,0.006402
549.1624,5.7940,62.30,118.00,0.007350
549.2409,5.7940,62.30,118.00,0.006892
549.3236,5.7940,62.03,118.00,0.007168
549.4046,5.7940,62.03,118.00,0.007094
549.4867,5.7940,61.76,118.00,0.006634
549.5659,5.7655,62.30,118.00,0.007129
549.6489,5.7370,61.76,118.00,0.007280
549.7266,5.7370,61.76,118.00,0.006871
549.8012,5.7370,61.76,118.00,0.006580
549.8739,5.7370,62.03,118.00,0.006533
549.9510,5.7370,61.49,118.00,0.007026
550.0263,5.7370,61.76,118.00,0.006816
550.1020,5.7370,62.03,118.00,0.006599
550.1773,5.7370,61.76,118.00,0.006616
550.2540,5.7370,62.03,118.00,0.006680
550.3270,5.7370,62.30,118.00,0.006696
550.4004,5.7370,61.76,118.00,0.006310
550.4727,5.7370,62.30,118.00,0.006497
550.5459,5.7370,62.30,118.00,0.006430
550.6214,5.8055,62.30,118.00,0.007256
550.6990,5.8740,62.03,118.00,0.006883
550.7742,5.8740,61.49,118.00,0.006801
550.8495,5.8740,62.30,118.00,0.006438
550.9210,5.8740,62.30,118.00,0.006469
550.9945,5.8740,62.03,118.00,0.006248
551.0691,5.8740,62.03,118.00,0.006851
551.1427,5.8740,62.03,118.00,0.006604
551.2165,5.8740,62.30,118.00,0.006482
551.2898,5.8740,62.30,118.00,0.006444
551.3654,5.8740,62.30,118.00,0.007027
551.4423,5.8740,61.76,118.00,0.006807
551.5151,5.8740,62.03,118.00,0.006795
551.5944,5.8740,62.30,118.00,0.006809
551.6667,5.8740,62.30,118.00,0.006590
551.7419,5.8740,62.03,118.00,0.006447
551.8171,5.8740,62.03,118.00,0.006800
551.8910,5.8740,62.30,118.00,0.006400
551.9630,5.8740,62.30,118.00,0.006432
552.0371,5.8740,62.30,118.00,0.006502
552.1094,5.8740,62.30,118.00,0.006769
552.1856,5.8740,61.49,118.00,0.006492
552.2627,5.8740,62.30,118.00,0.007199
552.3383,5.8740,62.30,118.00,0.006548
552.4123,5.8740,62.30,119.00,0.006657
552.4864,5.8740,62.30,119.00,0.006656
552.5609,5.8740,62.30,119.00,0.006650
552.6378,5.8740,62.30,119.00,0.006965
552.7143,5.8740,62.03,119.00,0.007647
552.7936,5.8740,61.49,119.00,0.006756
552.8678,5.8740,62.03,119.00,0.006291
552.9460,5.8740,62.03,119.00,0.007423
553.0212,5.8740,62.03,119.00,0.006741
553.0981,5.8740,62.30,119.00,0.007027
553.1742,5.8740,62.30,119.00,0.006660
553.2501,5.8740,62.30,119.00,0.006794
553.3247,5.8740,62.30,119.00,0.006590
553.4004,5.8740,62.30,119.00,0.006864
553.4726,5.8740,62.03,119.00,0.006455
553.5464,5.8740,61.49,119.00,0.006632
553.6232,5.8740,62.03,119.00,0.006443
553.6973,5.8740,62.30,119.00,0.006576
553.7739,5.8700,62.03,119.00,0.006969
553.8510,5.8700,62.03,119.00,0.006483
553.9248,5.8700,62.03,119.00,0.007115
554.0004,5.8700,62.30,119.00,0.007046
554.0725,5.8700,62.03,119.00,0.006281
554.1458,5.8700,62.30,119.00,0.006439
554.2225,5.8700,62.30,119.00,0.006904
554.2975,5.8700,62.03,119.00,0.006674
554.3730,5.8700,62.30,119.00,0.006860
554.4498,5.8700,62.30,119.00,0.006935
554.5231,5.8700,61.76,119.00,0.006677
554.5983,5.8700,62.30,119.00,0.006537
554.6740,5.8700,61.76,119.00,0.006659
554.7502,5.8700,62.30,119.00,0.006600
554.8249,5.8700,62.03,119.00,0.006400
554.9021,5.8700,62.30,119.00,0.006798
554.9769,5.8700,62.30,119.00,0.006552
555.0513,5.8700,62.03,119.00,0.006748
555.1264,5.8700,62.03,119.00,0.006716
555.2008,5.8700,62.30,119.00,0.006552
555.2768,5.8700,62.03,119.00,0.007074
555.3534,5.8700,62.03,119.00,0.007070
555.4262,5.8700,61.49,119.00,0.006630
555.5015,5.8700,62.30,119.00,0.006780
555.5767,5.8700,62.30,119.00,0.006956
555.6536,5.8700,62.30,119.00,0.006762
555.7263,5.8700,62.30,119.00,0.006873
555.8018,5.8700,61.76,119.00,0.006807
555.8797,5.8700,62.30,119.00,0.006743
555.9535,5.8700,62.30,119.00,0.006569
556.0273,5.8700,61.76,119.00,0.006378
556.1010,5.8700,62.30,119.00,0.006315
556.1730,5.8700,62.30,119.00,0.006622
556.2493,5.8700,62.30,119.00,0.006695
556.3249,5.8700,62.30,119.00,0.006999
556.4021,5.8700,62.30,119.00,0.006923
556.4790,5.8700,62.30,119.00,0.006366
556.5539,5.8700,62.03,119.00,0.006477
556.6298,5.8700,61.76,119.00,0.006734
556.7101,5.8280,61.76,119.00,0.006979
556.7862,5.8280,62.30,119.00,0.006593
556.8612,5.8280,62.03,119.00,0.006451
556.9367,5.8280,61.76,119.00,0.006941
557.0154,5.8280,61.76,119.00,0.006894
557.0884,5.8280,62.03,119.00,0.006644
557.1632,5.8280,62.03,119.00,0.006648
557.2384,5.8280,62.03,119.00,0.006732
557.3137,5.8280,62.03,119.00,0.006839
557.3895,5.8280,62.30,119.00,0.006750
557.4651,5.8280,62.57,119.00,0.007332
557.5380,5.8700,61.76,119.00,0.007165
557.6133,5.9120,62.30,119.00,0.006785
557.6912,5.9120,61.76,119.00,0.006792
557.7664,5.9120,62.03,119.00,0.006907
557.8414,5.9120,62.03,119.00,0.006968
557.9195,5.9120,62.30,119.00,0.007082
557.9922,5.9120,62.03,119.00,0.006639
558.0666,5.9120,62.30,119.00,0.006704
558.1423,5.9120,62.30,119.00,0.006925
558.2181,5.9120,62.30,119.00,0.006399
558.2938,5.9120,62.03,119.00,0.006616
558.3697,5.9120,62.03,119.00,0.006474
558.4412,5.9120,61.76,119.00,0.006331
558.5177,5.9120,61.76,119.00,0.006588
558.5914,5.8170,62.03,119.00,0.006669
558.6688,5.8170,62.30,119.00,0.006895
558.7422,5.8170,62.30,119.00,0.007121
558.8185,5.8170,62.30,119.00,0.006644
558.8964,5.8170,62.30,119.00,0.007108
558.9726,5.8170,62.30,119.00,0.006574
559.0505,5.8170,62.30,119.00,0.006775
559.1275,5.8170,61.49,119.00,0.006737
559.2009,5.8170,62.30,119.00,0.006819
559.2807,5.8170,62.03,119.00,0.007183
559.3535,5.8170,62.03,119.00,0.006836
559.4304,5.8170,61.76,119.00,0.006781
559.5061,5.8170,62.30,119.00,0.006634
559.5819,5.8170,62.30,119.00,0.006583
559.6577,5.8170,62.03,119.00,0.006441
559.7335,5.8170,62.03,119.00,0.006451
559.8052,5.8170,62.30,119.00,0.006284
559.8787,5.8170,61.76,119.00,0.006778
559.9509,5.8170,61.76,119.00,0.006268
560.0248,5.8170,62.30,119.00,0.006699
560.0994,5.8170,62.03,119.00,0.006872
560.1764,5.8170,62.30,119.00,0.006902
560.2494,5.8170,62.30,119.00,0.006755
560.3267,5.8170,62.30,119.00,0.006914
560.4002,5.8170,61.76,119.00,0.006503
560.4750,5.8170,61.76,119.00,0.006485
560.5482,5.8170,62.03,119.00,0.006354
560.6238,5.8170,61.76,119.00,0.007229
560.6970,5.8530,62.03,119.00,0.006630
560.7733,5.8890,62.30,119.00,0.006934
560.8483,5.8890,62.30,119.00,0.006370
560.9258,5.8890,62.03,119.00,0.006667
560.9989,5.8890,62.30,118.50,0.006750
561.0736,5.8890,62.30,118.00,0.006560
561.1468,5.8890,61.49,119.00,0.007176
561.2259,5.8890,62.30,119.00,0.006697
561.3019,5.8890,61.76,119.00,0.006922
561.3782,5.8890,62.30,119.00,0.006493
561.4500,5.8890,62.03,119.00,0.006472
561.5251,5.8890,62.03,118.50,0.006630
561.6031,5.8970,62.30,119.00,0.006610
561.6783,5.8970,62.03,118.00,0.007068
561.7535,5.8970,61.76,118.50,0.006808
561.8304,5.8970,62.30,118.00,0.007157
561.9031,5.8970,62.03,118.00,0.006779
561.9798,5.8970,61.76,118.00,0.006589
562.0527,5.8970,62.03,118.50,0.006497
562.1303,5.8970,62.30,118.00,0.007342
562.2062,5.8970,62.03,118.00,0.006971
562.2825,5.8970,62.30,118.00,0.006673
562.3541,5.8970,62.30,118.00,0.006580
562.4304,5.8970,62.30,118.00,0.006869
562.5058,5.8970,62.30,118.00,0.006505
562.5857,5.8970,62.03,118.00,0.006990
562.6587,5.8970,61.76,118.00,0.006505
562.7345,5.8970,61.22,118.00,0.006374
562.8066,5.8970,61.76,118.00,0.006315
562.8809,5.8970,62.30,118.00,0.006646
562.9538,5.8970,62.30,118.00,0.006876
563.0304,5.8970,62.30,118.00,0.006761
563.1061,5.8970,61.76,118.00,0.006578
563.1824,5.8970,62.30,118.00,0.006392
563.2570,5.8970,62.03,118.00,0.006622
563.3314,5.8970,62.30,118.00,0.006295
563.4049,5.8970,62.30,118.00,0.006719
563.4821,5.8970,62.30,118.00,0.007282
563.5570,5.8970,62.30,118.00,0.006408
563.6338,5.8970,61.76,118.00,0.006524
563.7095,5.9200,62.30,118.00,0.007734
563.7895,5.9430,62.03,118.00,0.006549
563.8647,5.9430,62.30,118.00,0.006697
563.9391,5.9430,62.30,118.00,0.006409
564.0147,5.9430,62.03,118.00,0.007111
564.0938,5.9430,62.30,118.00,0.006793
564.1688,5.9430,62.30,118.00,0.006963
564.2456,5.9430,61.76,118.00,0.006876
564.3202,5.9430,62.30,118.00,0.006698
564.3953,5.9430,61.76,118.00,0.006436
564.4703,5.9430,62.30,118.00,0.006821
564.5460,5.9430,62.30,118.00,0.006613
564.6184,5.9430,61.49,118.00,0.006966
564.6940,5.8860,61.76,118.00,0.006944
564.7705,5.8860,62.30,118.00,0.006981
564.8451,5.8860,62.30,118.00,0.006669
564.9228,5.8860,62.57,118.00,0.006830
564.9978,5.8860,62.03,118.00,0.006841
565.0740,5.8860,62.30,118.00,0.007144
565.1508,5.8860,62.30,118.00,0.006551
565.2264,5.8860,62.30,118.00,0.006877
565.3032,5.8860,62.30,118.00,0.006614
565.3774,5.8860,62.03,118.00,0.007023
565.4541,5.8860,62.30,118.00,0.006920
565.5299,5.9070,62.03,118.00,0.006847
565.6053,5.9280,62.03,118.00,0.007013
565.6784,5.9280,62.03,118.00,0.006876
565.7539,5.9280,62.30,118.00,0.006434
565.8297,5.9280,62.30,118.00,0.006451
565.9041,5.9280,62.30,118.00,0.006972
565.9771,5.9280,62.03,118.00,0.006593
566.0542,5.9280,62.30,118.00,0.006743
566.1290,5.9280,62.30,118.00,0.006338
566.2024,5.9280,62.03,118.00,0.006625
566.2779,5.9280,61.76,118.00,0.006299
566.3543,5.9280,61.76,118.00,0.006587
566.4297,5.9280,61.49,118.00,0.006711
566.5049,5.9280,62.30,118.00,0.006808
566.5787,5.9010,62.30,118.00,0.007066
566.6566,5.9010,62.30,118.00,0.006923
566.7324,5.9010,62.03,118.00,0.007168
566.8096,5.9010,62.03,118.00,0.007115
566.8845,5.9010,62.30,118.00,0.006861
566.9618,5.9010,62.03,118.00,0.006788
567.0366,5.9010,62.30,118.00,0.006785
567.1111,5.9010,62.30,118.00,0.006851
567.1863,5.9010,62.30,118.00,0.007060
567.2629,5.9010,62.03,118.00,0.006451
567.3357,5.9010,62.30,118.00,0.006308
567.4101,5.9010,61.76,118.00,0.006692
567.4849,5.9010,61.76,118.00,0.006609
567.5626,5.9120,62.03,118.00,0.006292
567.6380,5.9120,61.49,118.00,0.006825
567.7169,5.9120,62.30,118.00,0.006672
567.7899,5.9120,62.30,118.00,0.006819
567.8649,5.9120,61.49,118.00,0.006353
567.9422,5.9120,62.30,118.00,0.006857
568.0173,5.9120,62.03,118.00,0.007088
568.0906,5.9120,61.76,118.00,0.006755
568.1659,5.9120,61.76,118.00,0.006490
568.2406,5.9120,61.76,118.00,0.006472
568.3143,5.9120,61.76,118.00,0.006510
568.3885,5.9120,62.03,118.00,0.006336
568.4628,5.9120,62.30,117.00,0.006547
568.5360,5.8855,61.49,117.50,0.006868
568.6116,5.8590,61.76,117.00,0.006929
568.6874,5.8590,61.76,118.00,0.006782
568.7633,5.8590,62.30,118.00,0.007023
568.8377,5.8590,62.30,118.00,0.006301
568.9152,5.8590,62.03,118.00,0.006877
568.9908,5.8590,62.03,118.00,0.006648
569.0657,5.8590,61.76,117.00,0.006996
569.1434,5.8590,62.30,117.00,0.006631
569.2181,5.8590,62.03,117.50,0.006969
569.2936,5.8590,61.76,117.00,0.006819
569.3706,5.8590,62.30,117.00,0.006588
569.4449,5.8590,62.30,117.00,0.006975
569.5219,5.8590,62.03,117.00,0.007058
569.5975,5.9120,62.30,117.00,0.006771
569.6735,5.9120,62.30,117.00,0.006565
569.7453,5.9120,62.03,118.00,0.006408
569.8187,5.9120,62.30,117.00,0.006276
569.8930,5.9120,62.30,117.00,0.006668
569.9672,5.9120,61.49,117.00,0.006441
570.0406,5.9120,62.30,117.00,0.006836
570.1153,5.9120,61.49,117.00,0.006772
570.1890,5.9120,62.30,117.00,0.006950
570.2643,5.9120,62.03,117.00,0.007424
570.3361,5.9120,62.30,117.50,0.006335
570.4100,5.9120,62.03,118.00,0.006738
570.4829,5.9120,62.03,118.00,0.006434
570.5594,5.9425,62.03,118.00,0.006909
570.6354,5.9730,62.03,118.00,0.006795
570.7107,5.9730,62.30,118.00,0.006681
570.7861,5.9730,62.30,118.00,0.006639
570.8620,5.9730,61.76,118.00,0.006996
570.9397,5.9730,62.30,118.00,0.006777
571.0166,5.9730,62.03,118.00,0.007057
571.0895,5.9730,62.30,118.00,0.006645
571.1666,5.9730,61.76,118.00,0.006594
571.2422,5.9730,62.30,118.00,0.006789
571.3176,5.9730,62.30,118.00,0.006635
571.3945,5.9730,62.30,118.00,0.006802
571.4713,5.9730,62.30,118.00,0.006728
571.5448,5.9295,62.03,118.00,0.006654
571.6195,5.8860,62.30,118.00,0.006671
571.6927,5.8860,62.30,118.00,0.006998
571.7699,5.8860,62.30,118.00,0.006879
571.8443,5.8860,62.30,118.00,0.007211
571.9188,5.8860,61.76,118.00,0.006676
571.9924,5.8860,62.30,118.00,0.006804
572.0699,5.8860,62.30,118.00,0.006957
572.1428,5.8860,62.03,118.00,0.006513
572.2200,5.8860,62.30,118.00,0.006510
572.2954,5.8860,62.30,118.00,0.006793
572.3706,5.8860,62.30,118.00,0.007104
572.4463,5.8860,62.30,118.00,0.006823
572.5219,5.9145,62.03,118.00,0.007102
572.5978,5.9430,62.30,118.00,0.006920
572.6732,5.9430,62.03,118.00,0.006913
572.7464,5.9430,62.30,118.00,0.006574
572.8221,5.9430,62.30,118.00,0.006860
572.8971,5.9430,62.03,118.00,0.006690
572.9716,5.9430,61.76,118.00,0.006761
573.0448,5.9430,62.30,118.00,0.006734
573.1191,5.9430,62.30,118.00,0.006682
573.1943,5.9430,62.03,118.00,0.006768
573.2704,5.9430,62.03,118.00,0.006667
573.3454,5.9430,62.30,118.00,0.006454
573.4220,5.9430,62.03,118.00,0.006780
573.4938,5.9430,62.03,118.00,0.006340
573.5675,5.9430,62.30,118.00,0.006792
573.6419,5.9240,62.03,118.00,0.006415
573.7183,5.9240,62.03,118.00,0.006846
573.7939,5.9240,62.30,118.00,0.006834
573.8705,5.9240,61.76,118.00,0.006732
573.9457,5.9240,62.03,118.00,0.006739
574.0224,5.9240,61.76,118.50,0.006829
574.0978,5.9240,62.03,119.00,0.006960
574.1744,5.9240,62.30,119.00,0.006965
574.2500,5.9240,61.76,119.00,0.006917
574.3272,5.9240,62.03,119.00,0.007025
574.4021,5.9240,62.30,119.00,0.006786
574.4788,5.9240,62.30,119.00,0.006766
574.5527,5.9105,62.30,119.00,0.006823
574.6275,5.8970,62.30,119.00,0.006784
574.7029,5.8970,62.30,119.00,0.006881
574.7793,5.8970,62.30,119.00,0.006769
574.8546,5.8970,62.57,119.00,0.007044
574.9331,5.8970,62.30,119.00,0.006878
575.0062,5.8970,62.03,119.00,0.006642
575.0831,5.8970,61.76,119.00,0.006980
575.1565,5.8970,62.30,119.00,0.006966
575.2305,5.8970,62.30,119.00,0.006703
575.3054,5.8970,62.03,119.00,0.006624
575.3826,5.8970,62.03,119.00,0.007071
575.4582,5.8970,62.30,119.00,0.006708
575.5356,5.8875,62.30,119.00,0.006972
575.6095,5.8780,62.30,119.00,0.006863
575.6867,5.8780,62.30,119.00,0.007030
575.7628,5.8780,62.30,119.00,0.007287
575.8361,5.8780,62.30,119.00,0.006474
575.9098,5.8780,62.30,119.00,0.006488
575.9867,5.8780,62.03,119.00,0.007377
576.0593,5.8780,62.30,119.00,0.006574
576.1346,5.8780,62.03,119.00,0.006895
576.2071,5.8780,62.57,119.00,0.006310
576.2805,5.8780,62.03,119.00,0.006393
576.3553,5.8780,62.30,119.00,0.006453
576.4296,5.8780,62.03,119.00,0.006518
576.5060,5.8780,61.76,119.00,0.006503
576.5868,5.9280,62.03,119.00,0.007191
576.6595,5.9280,62.30,119.00,0.006323
576.7347,5.9280,62.30,119.00,0.006743
576.8101,5.9280,62.03,119.00,0.006483
576.8857,5.9280,62.03,119.00,0.006320
576.9605,5.9280,62.03,119.00,0.006494
577.0349,5.9280,62.57,119.00,0.006317
577.1099,5.9280,62.03,119.00,0.006899
577.1845,5.9280,62.03,119.00,0.006840
577.2619,5.9280,61.76,119.00,0.006884
577.3352,5.9280,62.30,119.00,0.006315
577.4095,5.9280,62.30,119.00,0.006560
577.4835,5.9280,62.03,119.00,0.006842
577.5577,5.8740,62.30,119.00,0.006961
577.6343,5.8740,61.76,119.00,0.006845
577.7099,5.8740,62.03,119.00,0.006738
577.7877,5.8740,62.03,119.00,0.007193
577.8616,5.8740,62.30,119.00,0.007050
577.9384,5.8740,61.49,119.00,0.006956
578.0141,5.8740,61.76,119.00,0.006919
578.0909,5.8740,62.03,119.00,0.006958
578.1674,5.8740,62.30,119.00,0.007194
578.2423,5.8740,61.76,119.00,0.006689
578.3185,5.8740,62.30,119.00,0.006917
578.3936,5.8740,62.30,119.00,0.006788
578.4691,5.8740,62.30,119.00,0.006378
578.5450,5.8990,61.76,119.00,0.007034
578.6218,5.9240,62.03,119.00,0.006980
578.7011,5.9240,62.03,119.00,0.006829
578.7763,5.9240,62.30,119.00,0.006356
578.8539,5.9240,62.30,119.00,0.007027
578.9296,5.9240,62.03,119.00,0.007048
579.0056,5.9240,61.76,119.00,0.006465
579.0811,5.9240,62.30,119.00,0.006653
579.1550,5.9240,61.76,119.00,0.006650
579.2286,5.9240,62.30,119.00,0.006724
579.3034,5.9240,62.30,119.00,0.006767
579.3820,5.9240,62.03,119.00,0.007123
579.4590,5.9240,62.03,119.00,0.006820
579.5331,5.9240,62.30,119.00,0.006844
579.6108,5.9240,61.76,119.00,0.007045
579.6869,5.9240,62.30,119.00,0.007101
579.7622,5.9240,62.30,119.00,0.007100
579.8378,5.9240,62.30,119.00,0.006759
579.9146,5.9240,62.03,119.00,0.006661
579.9924,5.9240,62.03,119.00,0.007261
580.0751,5.9240,61.76,119.00,0.006615
580.1528,5.9240,62.30,119.00,0.007005
580.2330,5.9240,62.30,119.00,0.007169
580.3129,5.9240,62.03,119.00,0.006869
580.3954,5.9240,62.30,119.00,0.007113
580.4756,5.9240,62.30,119.00,0.006760
580.5575,5.8760,61.49,119.00,0.006840
580.6373,5.8280,62.03,119.00,0.007207
580.7203,5.8280,62.03,119.00,0.006911
580.7934,5.8280,62.03,119.00,0.006503
580.8685,5.8280,62.30,119.00,0.006602
580.9455,5.8280,62.30,119.00,0.006616
581.0269,5.8280,62.30,119.00,0.006633
581.1059,5.8280,62.57,119.00,0.007435
581.1830,5.8280,61.49,119.00,0.006296
581.2575,5.8280,62.03,118.00,0.006627
581.3307,5.8280,61.76,118.00,0.006282
581.4037,5.8280,62.30,119.00,0.006428
581.4803,5.8280,62.03,119.00,0.006343
581.5528,5.8280,62.30,119.00,0.006306
581.6295,5.8280,62.03,119.00,0.006686
581.7041,5.8280,62.30,119.00,0.006730
581.7834,5.8280,62.03,119.00,0.007037
581.8586,5.8280,61.76,119.00,0.006287
581.9348,5.8280,61.76,119.00,0.006355
582.0069,5.8280,62.03,119.00,0.006387
582.0858,5.8280,61.49,119.00,0.006679
582.1608,5.8280,62.30,119.00,0.006461
582.2361,5.8280,61.76,119.00,0.006738
582.3157,5.8280,61.76,119.00,0.007092
582.3977,5.8280,62.03,119.00,0.007015
582.4735,5.8280,62.30,119.00,0.006767
582.5532,5.7955,62.03,119.00,0.006974
582.6308,5.7630,62.30,119.00,0.007374
582.7136,5.7630,61.49,119.00,0.007376
582.7925,5.7630,62.30,119.00,0.007342
582.8733,5.7630,62.03,119.00,0.006675
582.9517,5.7630,62.30,119.00,0.006396
583.0323,5.7630,62.03,118.00,0.006934
583.1126,5.7630,62.30,118.00,0.007254
583.1900,5.7630,62.30,118.00,0.006550
583.2653,5.7630,62.03,119.00,0.006585
583.3395,5.7630,62.03,119.00,0.006482
583.4131,5.7630,62.30,119.00,0.006808
583.4914,5.7630,62.30,119.00,0.007221
583.5712,5.8670,61.76,119.00,0.006855
583.6517,5.8670,62.30,119.00,0.006428
583.7249,5.8670,62.30,119.00,0.006450
583.8004,5.8670,62.30,119.00,0.006856
583.8776,5.8670,61.49,119.00,0.007389
583.9600,5.8670,62.03,119.00,0.007016
584.0403,5.8670,62.03,119.00,0.006820
584.1214,5.8670,62.30,119.00,0.007406
584.2021,5.8670,62.03,119.00,0.006772
584.2847,5.8670,62.30,119.00,0.007159
584.3608,5.8670,62.30,119.00,0.006243
584.4345,5.8670,62.30,119.00,0.006388
584.5095,5.8670,62.30,118.50,0.006774
584.5865,5.8670,62.03,118.00,0.006784
584.6640,5.7480,62.30,118.00,0.006807
584.7453,5.7480,62.30,118.00,0.007195
584.8263,5.7480,61.76,118.00,0.006978
584.9065,5.7480,62.30,118.00,0.007010
584.9843,5.7480,62.03,118.00,0.007135
585.0579,5.7480,62.30,118.00,0.006626
585.1308,5.7480,61.49,118.00,0.006677
585.2054,5.7480,62.30,118.00,0.006569
585.2849,5.7480,61.76,118.00,0.006865
585.3667,5.7480,61.76,118.00,0.006990
585.4422,5.7480,62.03,118.00,0.006476
585.5167,5.7480,62.30,118.00,0.006331
585.5907,5.8820,61.76,118.00,0.006701
585.6657,5.8820,62.30,118.50,0.006674
585.7443,5.8820,62.30,118.00,0.007082
585.8191,5.8820,62.03,118.00,0.006774
585.8944,5.8820,61.76,118.00,0.006394
585.9689,5.8820,62.30,118.00,0.006585
586.0420,5.8820,62.03,118.00,0.006807
586.1182,5.8820,62.03,118.00,0.006694
586.1942,5.8820,62.03,118.00,0.006974
586.2734,5.8820,62.03,118.00,0.007115
586.3484,5.8820,62.30,118.00,0.006803
586.4220,5.8820,62.03,118.00,0.006691
586.4983,5.8820,62.30,118.00,0.006966
586.5714,5.8820,62.30,118.00,0.006269
586.6462,5.8400,62.03,118.00,0.006888
586.7232,5.8400,62.30,118.00,0.006598
586.7981,5.8400,62.30,118.00,0.007148
586.8735,5.8400,61.22,118.00,0.006624
586.9448,5.8400,62.30,118.00,0.006342
587.0210,5.8400,62.30,118.00,0.006822
587.0991,5.8400,62.03,118.00,0.006622
587.1732,5.8400,62.30,118.00,0.006342
587.2462,5.8400,62.30,118.00,0.006641
587.3214,5.8400,62.30,118.00,0.006810
587.3967,5.8400,62.30,118.00,0.006830
587.4701,5.8400,62.03,118.00,0.006656
587.5447,5.8400,62.30,118.00,0.006707
587.6184,5.8400,62.30,118.00,0.006745
587.6948,5.8590,62.03,118.00,0.007545
587.7725,5.8780,62.30,118.00,0.007013
587.8451,5.8780,62.03,118.00,0.006769
587.9223,5.8780,61.76,118.00,0.007137
587.9975,5.8780,61.76,118.00,0.006780
588.0745,5.8780,61.49,118.00,0.006851
588.1484,5.8780,61.76,118.00,0.006902
588.2255,5.8780,62.03,118.00,0.006576
588.2977,5.8780,62.03,118.00,0.006484
588.3724,5.8780,62.30,118.00,0.006690
588.4456,5.8780,62.30,118.00,0.006641
588.5228,5.8625,62.30,118.00,0.007423
588.5980,5.8470,62.30,118.00,0.006619
588.6752,5.8470,62.30,118.00,0.007089
588.7496,5.8470,61.76,118.00,0.007488
588.8260,5.8470,62.30,118.00,0.006335
588.8976,5.8470,62.30,118.00,0.006432
588.9707,5.8470,62.30,118.00,0.006475
589.0452,5.8470,62.03,117.00,0.006405
589.1188,5.8470,62.30,117.00,0.006363
589.1935,5.8470,62.03,117.50,0.006575
589.2700,5.8470,62.03,118.00,0.006725
589.3459,5.8470,62.30,118.00,0.007090
589.4230,5.8470,62.03,118.00,0.006693
589.4981,5.8470,61.76,118.00,0.006713
589.5754,5.8400,62.03,118.00,0.006682
589.6486,5.8400,62.30,118.00,0.006626
589.7258,5.8400,62.57,118.00,0.007085
589.8009,5.8400,62.30,118.00,0.006721
589.8784,5.8400,62.30,118.00,0.006970
589.9540,5.8400,61.76,118.00,0.006971
590.0290,5.8400,62.30,118.00,0.007239
590.1067,5.8400,61.76,118.00,0.007111
590.1866,5.8400,62.03,118.00,0.007067
590.2610,5.8400,61.76,117.50,0.006927
590.3368,5.8400,62.03,117.00,0.007091
590.4094,5.8400,62.30,117.00,0.006505
590.4857,5.8400,62.30,118.00,0.006609
590.5576,5.8400,62.30,117.00,0.006557
590.6337,5.8400,62.30,117.00,0.006612
590.7102,5.8630,62.30,117.50,0.006888
590.7869,5.8630,61.76,117.50,0.006832
590.8604,5.8630,62.03,117.00,0.006697
590.9376,5.8630,61.76,117.50,0.006832
591.0128,5.8630,62.03,118.00,0.006891
591.0865,5.8630,61.76,118.00,0.006572
591.1600,5.8630,62.30,118.00,0.006465
591.2339,5.8630,61.76,118.00,0.006728
591.3067,5.8630,62.30,117.50,0.007192
591.3828,5.8630,62.30,117.00,0.006538
591.4607,5.8630,62.30,118.00,0.007161
591.5378,5.8840,62.03,118.00,0.007006
591.6114,5.9050,62.03,118.00,0.006292
591.6868,5.9050,62.30,118.00,0.006696
591.7614,5.9050,62.30,118.00,0.006480
591.8377,5.9050,62.30,118.00,0.006531
591.9099,5.9050,62.03,118.00,0.006634
591.9862,5.9050,62.30,117.50,0.006855
592.0616,5.9050,61.76,117.00,0.006834
592.1372,5.9050,62.30,117.00,0.007036
592.2136,5.9050,62.30,117.00,0.007099
592.2888,5.9050,62.30,117.00,0.006561
592.3613,5.9050,62.30,117.00,0.006797
592.4372,5.9050,62.30,117.00,0.006358
592.5103,5.9050,62.30,117.00,0.006933
592.5864,5.9050,62.03,117.00,0.006469
592.6582,5.9050,62.30,117.50,0.006430
592.7357,5.9145,61.76,117.50,0.006659
592.8144,5.9240,62.03,117.00,0.007000
592.8895,5.9240,62.30,117.00,0.006954
592.9650,5.9240,62.30,117.00,0.006940
593.0418,5.9240,62.30,117.00,0.007019
593.1170,5.9240,62.30,117.50,0.006882
593.1937,5.9240,62.03,117.00,0.006576
593.2661,5.9240,62.03,117.00,0.006767
593.3404,5.9240,62.30,117.00,0.006484
593.4143,5.9240,62.30,117.00,0.006781
593.4915,5.9240,62.03,117.00,0.006639
593.5695,5.8700,62.30,117.00,0.006791
593.6449,5.8700,62.30,117.00,0.006804
593.7183,5.8700,62.30,117.00,0.006849
593.7979,5.8700,62.30,117.00,0.006827
593.8717,5.8700,62.30,117.00,0.006815
593.9473,5.8700,62.30,117.00,0.006932
594.0225,5.8700,62.03,117.00,0.006883
594.1023,5.8700,62.03,117.00,0.006867
594.1779,5.8700,61.49,117.00,0.006832
594.2546,5.8700,62.03,117.00,0.006583
594.3299,5.8700,62.30,117.00,0.006747
594.4074,5.8700,62.30,117.00,0.007061
594.4824,5.8700,62.30,117.00,0.006672
594.5564,5.8700,62.30,117.00,0.006482
594.6285,5.8700,61.76,117.00,0.006287
594.7027,5.8700,62.30,117.00,0.006666
594.7771,5.8700,62.30,117.00,0.006293
594.8530,5.8630,62.30,117.00,0.006752
594.9246,5.8630,62.30,117.00,0.006281
594.9982,5.8630,62.30,117.00,0.006511
595.0730,5.8630,62.30,117.00,0.006335
595.1473,5.8630,62.03,117.00,0.007064
595.2221,5.8630,61.76,117.00,0.006638
595.2969,5.8630,62.30,117.00,0.007208
595.3695,5.8630,62.03,117.00,0.006755
595.4437,5.8630,62.03,117.00,0.006515
595.5173,5.8630,62.30,117.00,0.007179
595.5927,5.9310,62.03,117.00,0.006650
595.6658,5.9310,62.30,117.00,0.006892
595.7407,5.9310,62.30,117.00,0.006580
595.8169,5.9310,62.30,117.00,0.007053
595.8933,5.9310,62.03,117.00,0.006897
595.9687,5.9310,62.30,117.00,0.006720
596.0447,5.9310,62.30,117.00,0.007051
596.1180,5.9310,62.30,117.00,0.006717
596.1950,5.9310,62.03,117.00,0.006599
596.2702,5.9310,62.30,117.00,0.006865
596.3459,5.9310,61.76,117.00,0.006634
596.4195,5.9310,62.03,117.00,0.007207
596.4954,5.9310,62.30,117.00,0.006330
596.5669,5.9310,62.30,117.00,0.006285
596.6425,5.9310,62.03,117.00,0.006464
596.7177,5.9310,62.30,117.00,0.007536
596.7927,5.9295,62.30,117.00,0.006841
596.8706,5.9280,62.30,117.00,0.006552
596.9503,5.9280,62.57,117.00,0.007254
597.0262,5.9280,62.30,117.00,0.007073
597.1050,5.9280,61.49,117.00,0.006785
597.1820,5.9280,62.30,117.00,0.006709
597.2611,5.9280,62.30,117.00,0.007206
597.3364,5.9280,61.76,117.00,0.006538
597.4111,5.9280,62.03,117.00,0.006465
597.4846,5.9280,62.03,117.00,0.006474
597.5591,5.8745,62.30,117.00,0.006805
597.6330,5.8210,62.30,117.00,0.006912
597.7156,5.8210,62.30,117.00,0.007196
597.7945,5.8210,61.76,117.00,0.007284
597.8742,5.8210,62.30,117.00,0.006964
597.9552,5.8210,61.76,117.00,0.006961
598.0332,5.8210,61.76,117.00,0.007144
598.1103,5.8210,62.30,117.00,0.007287
598.1924,5.8210,61.76,116.00,0.007049
598.2722,5.8210,62.30,116.00,0.006783
598.3543,5.8210,62.30,116.00,0.006936
598.4301,5.8210,62.03,116.50,0.007211
598.5104,5.8210,62.03,116.00,0.007433
598.5908,5.7140,62.30,116.00,0.007185
598.6713,5.7140,62.30,116.50,0.006854
598.7498,5.7140,62.03,117.00,0.006894
598.8301,5.7140,62.57,117.00,0.006918
598.9061,5.7140,62.30,117.00,0.006483
598.9854,5.7140,62.03,117.00,0.007064
599.0585,5.7140,62.03,117.00,0.007081
599.1383,5.7140,62.30,117.00,0.007199
599.2111,5.7140,62.03,116.50,0.006635
599.2859,5.7140,62.30,116.00,0.007085
599.3607,5.7140,62.03,116.00,0.006792
599.4354,5.7140,62.30,116.00,0.006824
599.5111,5.7140,62.30,116.00,0.006749
599.5903,5.8360,62.30,116.00,0.006722
599.6634,5.8360,62.03,117.00,0.006648
599.7383,5.8360,62.30,117.00,0.006724
599.8114,5.8360,62.30,117.00,0.006632
599.8861,5.8360,62.30,117.00,0.006688
599.9634,5.8360,62.30,117.00,0.006847
600.0384,5.8360,62.30,117.00,0.006935
600.1107,5.8360,62.30,117.00,0.006236
600.1863,5.8360,62.30,117.00,0.006681
600.2584,5.8360,62.30,117.00,0.006261
600.3343,5.8360,62.30,116.00,0.006709
600.4114,5.8360,62.30,116.00,0.006705
600.4855,5.8360,62.30,116.00,0.006461
600.5622,5.8400,62.03,116.50,0.007220
600.6384,5.8400,62.30,117.00,0.006850
600.7108,5.8400,61.76,117.00,0.006597
600.7867,5.8400,62.30,117.00,0.006387
600.8587,5.8400,62.03,116.50,0.006387
600.9351,5.8400,61.76,116.00,0.006600
601.0102,5.8400,62.03,117.00,0.006651
601.0875,5.8400,62.30,117.00,0.006724
601.1626,5.8400,62.30,117.00,0.006347
601.2384,5.8400,62.30,117.00,0.006747
601.3136,5.8400,62.30,117.00,0.006956
601.3906,5.8400,62.30,117.00,0.007161
601.4658,5.8400,62.30,116.50,0.006763
601.5426,5.8360,62.03,117.00,0.006859
601.6164,5.8320,62.30,117.00,0.006906
601.6915,5.8320,62.30,117.00,0.007139
601.7649,5.8320,62.30,117.00,0.006847
601.8418,5.8320,62.30,117.00,0.006862
601.9170,5.8320,62.30,117.00,0.006818
601.9942,5.8320,61.76,117.00,0.007148
602.0694,5.8320,62.03,116.50,0.006917
602.1464,5.8320,62.30,116.00,0.007086
602.2212,5.8320,62.30,116.00,0.006674
602.2982,5.8320,62.03,116.00,0.007034
602.3738,5.8320,62.30,116.50,0.007118
602.4511,5.8320,62.30,117.00,0.007006
602.5249,5.8760,62.30,117.00,0.006839
602.6047,5.9200,62.30,117.00,0.006782
602.6809,5.9200,62.30,117.00,0.006883
602.7575,5.9200,62.30,117.00,0.006552
602.8300,5.9200,62.03,117.00,0.007012
602.9053,5.9200,62.03,117.00,0.007158
602.9785,5.9200,62.30,117.00,0.006824
603.0549,5.9200,62.03,117.00,0.006671
603.1306,5.9200,62.30,117.00,0.006875
603.2062,5.9200,62.30,116.00,0.006903
603.2818,5.9200,62.30,116.00,0.006651
603.3576,5.9200,62.30,117.00,0.006428
603.4297,5.9200,61.76,117.00,0.006532
603.5053,5.9200,62.30,117.00,0.006609
603.5794,5.9200,62.30,117.00,0.006781
603.6573,5.8470,62.30,117.00,0.006786
603.7301,5.8470,62.30,117.00,0.006535
603.8049,5.8470,62.30,117.00,0.006938
603.8823,5.8470,62.57,116.50,0.006702
603.9576,5.8470,62.30,116.50,0.007337
604.0332,5.8470,62.57,117.00,0.007295
604.1095,5.8470,62.03,117.00,0.006669
604.1825,5.8470,62.30,117.00,0.006302
604.2580,5.8470,62.03,117.00,0.006302
604.3302,5.8470,61.76,117.00,0.006490
604.4055,5.8470,61.76,116.50,0.006378
604.4778,5.8470,62.30,117.00,0.006486
604.5528,5.8605,62.03,117.00,0.006976
604.6287,5.8740,61.76,117.00,0.006941
604.7052,5.8740,62.30,117.00,0.006992
604.7809,5.8740,62.30,117.00,0.006471
604.8579,5.8740,62.03,117.00,0.006970
604.9336,5.8740,62.30,117.00,0.006983
605.0105,5.8740,62.30,116.50,0.007179
605.0863,5.8740,62.03,116.00,0.007141
605.1628,5.8740,62.30,116.00,0.006616
605.2388,5.8740,62.30,117.00,0.006894
605.3131,5.8740,62.03,117.00,0.006901
605.3866,5.8740,62.30,117.00,0.006921
605.4614,5.8740,62.30,117.00,0.006610
605.5377,5.8835,62.30,117.00,0.007038
605.6164,5.8930,62.30,117.00,0.006800
605.6896,5.8930,62.03,117.00,0.006779
605.7647,5.8930,62.30,117.00,0.006924
605.8379,5.8930,62.30,117.00,0.006854
605.9143,5.8930,62.30,117.00,0.006505
605.9859,5.8930,62.30,117.00,0.006367
606.0615,5.8930,62.30,117.00,0.006397
606.1339,5.8930,62.30,117.00,0.006734
606.2103,5.8930,62.03,117.00,0.006722
606.2860,5.8930,62.03,117.00,0.006981
606.3650,5.8930,62.30,117.00,0.006822
606.4407,5.8930,62.30,117.00,0.006639
606.5157,5.8930,62.03,117.00,0.007076
606.5895,5.8930,62.03,117.00,0.006819
606.6633,5.8930,62.30,117.00,0.006437
606.7376,5.8930,62.30,116.50,0.006606
606.8110,5.8930,62.03,116.50,0.006478
606.8843,5.8930,62.30,116.50,0.006633
606.9626,5.8930,62.30,116.00,0.006438
607.0381,5.8930,62.30,116.00,0.006716
607.1151,5.8930,62.30,116.00,0.006659
607.1905,5.8930,62.30,116.00,0.007071
607.2674,5.8930,62.03,117.00,0.006672
607.3422,5.8930,62.30,117.00,0.006768
607.4176,5.8930,62.03,117.00,0.006523
607.4895,5.8930,62.03,117.00,0.006509
607.5636,5.8930,62.30,117.00,0.006702
607.6384,5.8930,62.03,117.00,0.006723
607.7129,5.8930,62.30,117.00,0.006411
607.7866,5.8930,62.30,117.00,0.006962
607.8660,5.8930,62.03,117.00,0.006785
607.9411,5.8930,62.03,117.00,0.006818
608.0167,5.8930,62.30,117.00,0.006887
608.0898,5.8930,62.30,116.50,0.006582
608.1650,5.8930,62.03,117.00,0.006356
608.2396,5.8930,62.30,117.00,0.006850
608.3169,5.8930,62.30,117.00,0.007004
608.3898,5.8930,62.03,117.00,0.006814
608.4667,5.8930,62.03,117.00,0.006266
608.5389,5.8930,62.30,116.50,0.006438
608.6183,5.8930,62.30,116.00,0.007206
608.6941,5.8930,62.30,116.50,0.006994
608.7737,5.9470,62.03,116.00,0.006695
608.8488,5.9470,62.03,116.00,0.006757
608.9231,5.9470,62.30,116.00,0.006526
608.9983,5.9470,62.03,116.50,0.006831
609.0739,5.9470,62.30,117.00,0.007133
609.1488,5.9470,62.03,117.00,0.006784
609.2233,5.9470,62.30,117.00,0.006751
609.2966,5.9470,62.03,117.00,0.006892
609.3740,5.9470,62.30,117.00,0.007049
609.4499,5.9470,62.30,117.00,0.007082
609.5266,5.9375,62.03,117.00,0.006665
609.6003,5.9280,61.76,117.00,0.006640
609.6751,5.9280,62.30,117.00,0.007050
609.7507,5.9280,62.30,117.00,0.007275
609.8274,5.9280,62.03,117.00,0.006774
609.9029,5.9280,62.30,117.00,0.006406
609.9795,5.9280,62.03,116.00,0.006522
610.0550,5.9280,62.30,116.50,0.007025
610.1345,5.9280,62.30,117.00,0.007330
610.2103,5.9280,62.30,117.00,0.007204
610.2873,5.9280,62.30,117.00,0.006689
610.3626,5.9280,62.30,117.00,0.006914
610.4378,5.9280,62.30,117.00,0.006827
610.5134,5.9280,61.76,117.00,0.006869
610.5903,5.9010,62.03,116.50,0.006848
610.6662,5.9010,62.30,116.50,0.007132
610.7435,5.9010,62.30,116.50,0.006898
610.8207,5.9010,62.30,117.00,0.006959
610.8980,5.9010,62.30,117.00,0.007093
610.9740,5.9010,62.30,117.00,0.007231
611.0508,5.9010,62.30,117.00,0.007024
611.1244,5.9010,62.03,117.00,0.007008
611.2011,5.9010,62.30,117.00,0.007043
611.2741,5.9010,62.30,117.00,0.007125
611.3486,5.9010,62.30,117.00,0.006895
611.4247,5.9010,61.76,117.00,0.006728
611.5013,5.9010,62.30,117.00,0.006824
611.5771,5.9730,62.30,117.00,0.006809
611.6536,5.9730,62.03,117.00,0.006796
611.7288,5.9730,62.57,116.00,0.006858
611.8034,5.9730,62.30,116.00,0.007006
611.8778,5.9730,62.30,116.50,0.006643
611.9511,5.9730,61.76,116.00,0.006574
612.0256,5.9730,62.30,116.50,0.006482
612.1019,5.9730,62.30,117.00,0.006708
612.1742,5.9730,62.03,117.00,0.006566
612.2494,5.9730,62.30,117.00,0.006351
612.3260,5.9730,62.03,117.00,0.006572
612.4024,5.9730,61.76,117.00,0.007039
612.4776,5.9730,62.30,116.50,0.006354
612.5544,5.9235,62.03,117.00,0.006894
612.6301,5.8740,62.03,117.00,0.006790
612.7049,5.8740,62.03,117.00,0.006795
612.7805,5.8740,62.30,117.00,0.006965
612.8541,5.8740,62.30,117.00,0.006528
612.9299,5.8740,62.03,117.00,0.006403
613.0035,5.8740,62.03,117.00,0.006597
613.0777,5.8740,62.03,116.50,0.006711
613.1543,5.8740,62.30,116.00,0.006958
613.2276,5.8740,62.30,116.00,0.006801
613.3066,5.8740,62.30,116.00,0.007154
613.3852,5.8740,62.30,116.00,0.006875
613.4663,5.8740,61.76,116.00,0.006826
613.5473,5.8895,62.30,116.50,0.006852
613.6270,5.9050,62.30,116.00,0.006991
613.7052,5.9050,62.30,116.00,0.006954
613.7863,5.9050,62.03,116.50,0.007380
613.8626,5.9050,62.30,117.00,0.007182
613.9425,5.9050,62.30,117.00,0.007196
614.0189,5.9050,62.03,117.00,0.006301
614.0950,5.9050,62.30,117.00,0.006506
614.1675,5.9050,62.03,117.00,0.006500
614.2416,5.9050,62.03,117.00,0.006516
614.3181,5.9050,62.03,116.00,0.006583
614.3951,5.9050,62.30,116.50,0.006735
614.4738,5.9050,62.03,117.00,0.007140
614.5487,5.9050,62.30,117.00,0.006457
614.6212,5.9050,62.30,117.00,0.006456
614.6978,5.8550,62.30,117.00,0.006527
614.7769,5.8550,62.30,117.00,0.006996
614.8589,5.8550,61.76,117.00,0.006628
614.9346,5.8550,62.30,117.00,0.006840
615.0178,5.8550,62.30,117.00,0.007259
615.0962,5.8550,61.76,117.00,0.007138
615.1743,5.8550,62.30,117.00,0.007204
615.2532,5.8550,62.30,117.00,0.007253
615.3342,5.8550,62.30,117.00,0.007648
615.4107,5.8550,62.30,117.00,0.006250
615.4858,5.8550,62.03,117.00,0.006857
615.5610,5.8035,62.30,117.00,0.006826
615.6405,5.7520,62.30,117.00,0.006705
615.7152,5.7520,62.30,117.00,0.006879
615.7931,5.7520,62.03,117.00,0.007369
615.8681,5.7520,62.30,117.00,0.006869
615.9424,5.7520,62.03,118.00,0.006677
616.0135,5.7520,61.76,118.00,0.006595
616.0894,5.7520,62.03,118.00,0.006570
616.1609,5.7520,62.30,118.00,0.006461
616.2380,5.7520,61.76,118.00,0.006799
616.3133,5.7520,62.30,118.00,0.006964
616.3912,5.7520,62.03,118.00,0.006901
616.4655,5.7520,62.30,118.00,0.006624
616.5448,5.8110,62.30,118.00,0.006994
616.6170,5.8700,62.30,118.00,0.006222
616.6944,5.8700,62.30,118.00,0.006862
616.7697,5.8700,62.30,118.00,0.006685
616.8468,5.8700,62.30,118.00,0.006629
616.9223,5.8700,62.30,118.00,0.007011
617.0020,5.8700,62.30,118.00,0.007238
617.0786,5.8700,62.30,118.00,0.006994
617.1532,5.8700,62.03,118.00,0.006483
617.2281,5.8700,62.30,118.00,0.006803
617.3046,5.8700,62.03,118.00,0.006606
617.3815,5.8700,62.03,118.00,0.006556
617.4614,5.8700,61.76,118.00,0.006926
617.5386,5.8645,62.30,118.00,0.006932
617.6133,5.8590,61.76,118.00,0.006552
617.6851,5.8590,62.30,118.00,0.006493
617.7617,5.8590,61.76,118.00,0.006572
617.8371,5.8590,62.30,118.00,0.007065
617.9143,5.8590,62.30,118.00,0.006936
617.9911,5.8590,62.03,118.00,0.006507
618.0686,5.8590,61.76,118.00,0.006779
618.1410,5.8590,62.30,118.00,0.006629
618.2184,5.8590,62.03,118.00,0.006836
618.2914,5.8590,62.30,118.00,0.007082
618.3658,5.8590,62.03,118.00,0.006748
618.4429,5.8590,61.76,118.00,0.006668
618.5174,5.8590,62.30,118.00,0.006536
618.5884,5.8590,62.30,118.00,0.006443
618.6626,5.8590,62.30,118.00,0.006461
618.7368,5.8590,62.30,118.00,0.006610
618.8109,5.8590,62.30,118.00,0.006626
618.8858,5.8590,62.03,118.00,0.006614
618.9626,5.8590,62.30,119.00,0.006824
619.0377,5.8590,62.03,119.00,0.006645
619.1151,5.8590,62.30,119.00,0.007000
619.1877,5.8590,62.03,119.00,0.006616
619.2625,5.8590,62.30,119.00,0.006641
619.3377,5.8590,62.30,119.00,0.006558
619.4147,5.8590,62.30,119.00,0.007012
619.4869,5.8590,62.30,119.00,0.006390
619.5613,5.8590,62.30,119.00,0.006854
619.6326,5.8590,62.30,119.00,0.006316
619.7066,5.8590,62.30,119.00,0.006579
619.7788,5.8590,62.30,119.00,0.006520
619.8539,5.8590,62.30,119.00,0.006699
619.9314,5.8800,62.03,119.00,0.006847
620.0074,5.9010,62.30,119.00,0.007015
620.0806,5.9010,62.30,119.00,0.006908
620.1553,5.9010,61.76,119.00,0.006760
620.2284,5.9010,62.03,119.00,0.006790
620.3060,5.9010,62.30,119.00,0.007112
620.3826,5.9010,62.03,119.00,0.006935
620.4580,5.9010,62.30,119.00,0.007163
620.5332,5.8970,62.03,119.00,0.006725
620.6107,5.8930,62.30,119.00,0.006858
620.6835,5.8930,61.49,119.00,0.006593
620.7587,5.8930,62.30,119.00,0.006671
620.8354,5.8930,62.30,119.00,0.006808
620.9103,5.8930,62.30,119.00,0.006663
620.9854,5.8930,62.30,119.00,0.006899
621.0602,5.8930,62.30,119.00,0.006962
621.1322,5.8930,62.30,119.00,0.006313
621.2055,5.8930,62.30,119.00,0.006514
621.2768,5.8930,62.30,119.00,0.006425
621.3527,5.8930,62.30,119.00,0.006679
621.4270,5.8930,61.76,119.00,0.006929
621.5041,5.8930,62.30,119.00,0.006731
621.5792,5.9470,62.03,119.00,0.006493
621.6542,5.9470,62.30,119.00,0.007043
621.7270,5.9470,62.03,119.00,0.007267
621.8016,5.9470,62.30,119.00,0.006740
621.8767,5.9470,62.30,119.00,0.006826
621.9541,5.9470,62.30,119.00,0.007024
622.0268,5.9470,62.30,119.00,0.007064
622.1013,5.9470,61.76,119.00,0.006713
622.1737,5.9470,62.30,119.50,0.006576
622.2495,5.9470,62.03,120.00,0.007080
622.3212,5.9470,62.30,120.00,0.006516
622.3945,5.9470,62.30,120.00,0.006358
622.4699,5.9470,62.30,120.00,0.006560
622.5461,5.9470,62.30,120.00,0.006608
622.6214,5.8970,62.03,120.00,0.006622
622.6981,5.8970,62.30,120.00,0.006666
622.7723,5.8970,62.57,120.00,0.006505
622.8456,5.8970,62.30,120.00,0.006654
622.9171,5.8970,62.30,120.00,0.006483
622.9907,5.8970,62.30,120.00,0.006408
623.0637,5.8970,62.03,119.50,0.006845
623.1380,5.8970,62.30,119.00,0.006403
623.2094,5.8970,62.30,119.00,0.006607
623.2827,5.8970,62.30,119.00,0.006513
623.3562,5.8970,62.03,119.00,0.006355
623.4331,5.8970,62.30,120.00,0.006581
623.5081,5.8970,62.30,120.00,0.006994
623.5861,5.8860,62.03,120.00,0.006895
623.6610,5.8860,62.30,120.00,0.006799
623.7383,5.8860,62.30,120.00,0.006722
623.8133,5.8860,62.30,120.00,0.006886
623.8886,5.8860,62.30,120.00,0.007028
623.9610,5.8860,62.30,120.00,0.006658
624.0379,5.8860,62.03,120.00,0.006706
624.1125,5.8860,62.30,120.00,0.006743
624.1877,5.8860,62.30,120.00,0.007284
624.2627,5.8860,61.76,120.00,0.006789
624.3401,5.8860,62.30,120.00,0.006866
624.4124,5.8860,62.03,120.00,0.006648
624.4873,5.8860,62.30,120.00,0.006750
624.5626,5.8745,62.30,120.00,0.006764
624.6426,5.8630,62.30,120.00,0.007232
624.7186,5.8630,61.76,120.00,0.007706
624.7937,5.8630,62.30,119.50,0.006579
624.8693,5.8630,62.03,120.00,0.006821
624.9447,5.8630,62.30,120.00,0.006962
625.0169,5.8630,62.30,120.00,0.006858
625.0942,5.8630,62.30,120.00,0.007362
625.1692,5.8630,62.30,120.00,0.007281
625.2452,5.8630,62.03,120.00,0.006312
625.3169,5.8630,62.30,119.00,0.006532
625.3911,5.8630,62.30,119.00,0.006712
625.4632,5.8630,62.30,119.00,0.006719
625.5410,5.8800,62.30,119.00,0.007048
625.6139,5.8970,62.30,119.00,0.006671
625.6886,5.8970,62.30,119.00,0.006627
625.7602,5.8970,62.03,119.00,0.006420
625.8339,5.8970,62.03,119.00,0.006357
625.9098,5.8970,62.30,119.00,0.006281
625.9862,5.8970,62.30,119.00,0.006651
626.0589,5.8970,62.30,119.00,0.006491
626.1363,5.8970,62.03,119.00,0.006830
626.2117,5.8970,62.03,119.00,0.006722
626.2858,5.8970,62.30,119.00,0.006555
626.3609,5.8970,62.30,119.00,0.006372
626.4378,5.8970,62.30,119.00,0.006603
626.5127,5.8970,62.30,119.50,0.006451
626.5897,5.8970,62.30,119.00,0.006599
626.6619,5.8970,62.30,119.50,0.006698
626.7376,5.8970,62.30,119.00,0.006848
626.8180,5.8970,62.30,119.00,0.006824
626.8923,5.8970,62.30,119.00,0.006410
626.9648,5.8970,62.30,119.00,0.006642
627.0420,5.8970,62.30,119.00,0.007167
627.1167,5.8970,62.30,119.00,0.006830
627.1926,5.8970,62.30,119.00,0.007182
627.2647,5.8970,62.30,119.00,0.006707
627.3419,5.8970,62.30,119.00,0.006809
627.4162,5.8970,62.30,119.00,0.006480
627.4935,5.8970,62.30,119.00,0.006658
627.5691,5.8970,61.76,119.00,0.006857
627.6467,5.8970,62.03,119.00,0.006655
627.7223,5.8970,62.03,119.00,0.006768
627.8005,5.8970,62.30,119.00,0.006836
627.8752,5.8970,62.03,119.00,0.006750
627.9501,5.8970,62.30,119.00,0.006787
628.0230,5.8970,62.30,119.00,0.006703
628.1014,5.8970,62.30,119.00,0.006612
628.1724,5.8970,62.30,119.00,0.006347
628.2460,5.8970,62.03,119.00,0.006538
628.3221,5.8970,62.03,119.00,0.006784
628.4009,5.8970,62.30,119.00,0.006593
628.4781,5.8970,62.30,119.00,0.007051
628.5578,5.8645,62.03,119.00,0.006901
628.6345,5.8320,62.03,119.00,0.007010
628.7148,5.8320,62.30,119.00,0.007704
628.7900,5.8320,62.30,119.00,0.006862
628.8667,5.8320,62.30,119.00,0.006634
628.9421,5.8320,62.03,119.00,0.006959
629.0216,5.8320,62.30,119.00,0.006736
629.0970,5.8320,62.30,119.00,0.006664
629.1739,5.8320,62.30,119.00,0.006600
629.2494,5.8320,62.30,119.00,0.007163
629.3243,5.8320,62.30,119.00,0.007166
629.3971,5.8320,62.30,119.00,0.006839
629.4740,5.8320,62.30,119.00,0.006705
629.5470,5.8360,62.03,119.00,0.006605
629.6213,5.8400,62.30,119.00,0.006395
629.6982,5.8400,62.30,119.00,0.006812
629.7727,5.8400,62.03,119.00,0.006357
629.8458,5.8400,62.03,119.00,0.007133
629.9226,5.8400,62.03,119.00,0.006710
629.9955,5.8400,62.30,119.00,0.006866
630.0728,5.8400,62.30,119.00,0.007152
630.1455,5.8400,62.30,119.00,0.006736
630.2229,5.8400,62.30,119.00,0.006786
630.2960,5.8400,62.30,119.00,0.007195
630.3712,5.8400,62.03,119.00,0.006831
630.4458,5.8400,62.03,119.00,0.006553
630.5210,5.8400,62.30,119.00,0.006758
630.5969,5.9200,62.30,119.00,0.006987
630.6743,5.9200,62.30,119.00,0.006909
630.7498,5.9200,62.03,119.00,0.006915
630.8294,5.9200,62.30,119.00,0.006752
630.9064,5.9200,62.30,119.00,0.006862
630.9841,5.9200,62.30,119.00,0.007510
631.0644,5.9200,62.30,119.00,0.007168
631.1475,5.9200,61.76,119.00,0.006823
631.2266,5.9200,62.30,119.00,0.007243
631.3022,5.9200,61.76,119.00,0.006759
631.3801,5.9200,61.76,119.00,0.006786
631.4628,5.9200,62.30,119.00,0.007304
631.5411,5.8610,62.30,119.00,0.006968
631.6244,5.8020,62.30,119.00,0.006811
631.7052,5.8020,62.30,119.00,0.007061
631.7883,5.8020,61.49,119.00,0.007040
631.8685,5.8020,62.30,119.00,0.006991
631.9494,5.8020,62.03,119.00,0.006947
632.0252,5.8020,62.03,119.00,0.006576
632.1089,5.8020,62.30,119.00,0.007501
632.1895,5.8020,62.03,119.00,0.007171
632.2706,5.8020,62.03,119.00,0.007189
632.3468,5.8020,62.03,119.00,0.006642
632.4300,5.8020,62.30,119.00,0.007014
632.5074,5.8020,62.30,118.50,0.006822
632.5915,5.8470,62.30,118.00,0.007239
632.6714,5.8470,62.03,118.50,0.006824
632.7522,5.8470,61.76,118.00,0.006793
632.8317,5.8470,62.30,118.00,0.007040
632.9144,5.8470,62.30,118.00,0.006926
632.9928,5.8470,62.03,118.50,0.007290
633.0760,5.8470,62.30,118.50,0.007023
633.1542,5.8470,62.30,118.00,0.006888
633.2298,5.8470,62.30,118.00,0.006572
633.3034,5.8470,62.30,118.00,0.006667
633.3795,5.8470,62.30,118.00,0.006741
633.4568,5.8470,61.76,118.00,0.006381
633.5309,5.8470,62.03,118.00,0.006371
633.6054,5.8470,62.03,118.00,0.006718
633.6817,5.8470,62.30,118.00,0.006767
633.7614,5.8570,62.03,118.50,0.007288
633.8430,5.8670,62.30,118.00,0.006835
633.9240,5.8670,61.49,118.00,0.007381
634.0057,5.8670,62.30,118.00,0.007282
634.0861,5.8670,62.30,118.00,0.007543
634.1661,5.8670,61.76,118.00,0.006662
634.2424,5.8670,61.76,118.00,0.007245
634.3241,5.8670,62.03,118.00,0.007074
634.4031,5.8670,62.03,118.00,0.007096
634.4841,5.8670,62.30,118.00,0.006813
634.5625,5.8320,62.30,118.00,0.006894
634.6397,5.8320,61.76,118.00,0.006860
634.7144,5.8320,62.03,118.00,0.006704
634.7892,5.8320,62.30,118.00,0.006440
634.8615,5.8320,62.03,118.00,0.006655
634.9372,5.8320,61.49,118.00,0.006859
635.0142,5.8320,61.76,118.00,0.006782
635.0936,5.8320,62.03,118.00,0.006793
635.1701,5.8320,62.30,118.00,0.006711
635.2501,5.8320,61.76,118.00,0.006889
635.3273,5.8320,62.30,118.00,0.006606
635.4022,5.8320,62.30,118.00,0.006570
635.4749,5.8320,62.30,118.00,0.006474
635.5499,5.7880,62.30,118.00,0.006691
635.6256,5.7440,62.30,118.00,0.006762
635.7031,5.7440,62.30,118.00,0.006678
635.7778,5.7440,62.30,118.00,0.006869
635.8536,5.7440,62.30,118.00,0.007031
635.9262,5.7440,62.03,118.00,0.006809
636.0011,5.7440,62.03,118.00,0.006957
636.0741,5.7440,62.30,118.00,0.006987
636.1491,5.7440,62.30,118.00,0.006603
636.2244,5.7440,62.30,118.00,0.006680
636.3015,5.7440,61.49,118.00,0.006764
636.3766,5.7440,62.03,118.00,0.006778
636.4540,5.7440,61.49,118.00,0.006565
636.5287,5.7440,62.03,118.00,0.006611
636.6060,5.9010,61.76,118.00,0.006881
636.6807,5.9010,62.03,118.00,0.006378
636.7570,5.9010,62.30,118.00,0.006959
636.8315,5.9010,62.30,118.00,0.006672
636.9085,5.9010,62.30,118.00,0.006761
636.9816,5.9010,62.03,118.00,0.006883
637.0591,5.9010,61.76,118.00,0.006399
637.1324,5.9010,62.30,118.00,0.006908
637.2072,5.9010,62.57,118.00,0.006691
637.2842,5.9010,62.03,118.00,0.006805
637.3589,5.9010,62.30,118.00,0.006429
637.4361,5.9010,61.49,118.00,0.006835
637.5110,5.9010,62.03,118.00,0.006893
637.5867,5.8670,62.30,118.00,0.006591
637.6666,5.8670,62.03,118.00,0.007012
637.7418,5.8670,62.03,118.00,0.006875
637.8167,5.8670,61.76,118.00,0.006790
637.8936,5.8670,61.76,118.00,0.006645
637.9710,5.8670,62.03,118.00,0.006830
638.0463,5.8670,62.03,118.00,0.006988
638.1257,5.8670,62.30,118.00,0.006623
638.2033,5.8670,62.30,118.00,0.006811
638.2812,5.8670,62.30,118.00,0.006908
638.3553,5.8670,62.30,118.00,0.006268
638.4325,5.8670,62.30,118.00,0.006720
638.5055,5.8670,62.30,118.00,0.006879
638.5808,5.8320,62.03,118.00,0.006730
638.6579,5.8320,62.03,118.00,0.006551
638.7383,5.8320,61.76,118.00,0.007143
638.8136,5.8320,61.49,118.00,0.006761
638.8912,5.8320,62.30,118.00,0.006923
638.9646,5.8320,62.30,118.00,0.007128
639.0418,5.8320,62.30,118.00,0.006637
639.1174,5.8320,62.03,118.00,0.006729
639.1936,5.8320,61.76,118.00,0.006511
639.2646,5.8320,62.03,118.00,0.006320
639.3384,5.8320,61.76,118.00,0.006504
639.4126,5.8320,61.76,118.00,0.006528
639.4902,5.8320,62.30,118.00,0.006603
639.5664,5.8780,62.30,118.00,0.006942
639.6416,5.8780,62.57,118.00,0.007128
639.7167,5.8780,62.30,117.00,0.006804
639.7924,5.8780,61.76,117.50,0.007020
639.8669,5.8780,62.30,118.00,0.006342
639.9441,5.8780,62.30,118.00,0.006749
640.0184,5.8780,62.30,118.00,0.006613
640.0938,5.8780,62.30,118.00,0.006860
640.1687,5.8780,62.03,118.00,0.006759
640.2454,5.8780,62.30,117.00,0.006750
640.3189,5.8780,62.30,117.50,0.006294
640.3939,5.8780,61.76,117.50,0.006995
640.4715,5.8780,62.03,118.00,0.006883
640.5503,5.8875,62.30,118.00,0.006706
640.6253,5.8970,62.30,118.00,0.006605
640.7026,5.8970,62.30,118.00,0.006708
640.7794,5.8970,62.03,118.00,0.007071
640.8551,5.8970,62.30,118.00,0.006690
640.9288,5.8970,62.30,118.00,0.006729
641.0071,5.8970,62.30,117.00,0.006595
641.0796,5.8970,62.30,117.00,0.006342
641.1544,5.8970,62.30,117.50,0.006646
641.2299,5.8970,61.76,117.00,0.006963
641.3104,5.8970,62.03,117.00,0.006852
641.3866,5.8970,62.30,117.00,0.007060
641.4628,5.8970,62.30,117.00,0.007262
641.5374,5.8970,61.76,117.00,0.006495
641.6137,5.8970,62.30,117.00,0.006607
641.6909,5.8700,62.30,117.00,0.007218
641.7696,5.8700,62.30,117.50,0.006786
641.8450,5.8700,62.30,117.50,0.006802
641.9254,5.8700,61.76,117.00,0.007063
642.0011,5.8700,61.76,117.00,0.006916
642.0807,5.8700,62.03,117.00,0.006884
642.1546,5.8700,62.30,117.00,0.007049
642.2307,5.8700,62.30,117.50,0.007067
642.3054,5.8700,61.76,117.00,0.006457
642.3827,5.8700,62.03,117.00,0.007166
642.4578,5.8700,62.30,117.00,0.006783
642.5368,5.8795,61.76,117.00,0.006897
642.6100,5.8890,62.30,117.00,0.006652
642.6871,5.8890,61.76,117.00,0.006526
642.7623,5.8890,61.49,117.00,0.006831
642.8419,5.8890,62.03,117.00,0.007008
642.9167,5.8890,62.30,117.00,0.006912
642.9938,5.8890,62.03,117.00,0.006719
643.0652,5.8890,62.30,117.00,0.006537
643.1386,5.8890,61.49,117.00,0.006286
643.2107,5.8890,62.30,117.00,0.006578
643.2845,5.8890,61.76,117.00,0.006727
643.3603,5.8890,62.03,117.00,0.006753
643.4428,5.8890,62.30,117.00,0.006856
643.5235,5.8890,62.30,117.00,0.006781
643.6066,5.8890,62.03,117.00,0.006947
643.6823,5.8890,62.30,117.00,0.006287
643.7575,5.8890,61.49,117.00,0.006385
643.8307,5.8890,61.76,117.00,0.006252
643.9095,5.8890,62.30,117.00,0.007233
643.9898,5.8890,62.30,117.00,0.006999
644.0672,5.8890,61.76,117.00,0.006618
644.1424,5.8890,62.30,117.00,0.006798
644.2175,5.8890,62.30,117.00,0.007201
644.2905,5.8890,62.30,117.00,0.007054
644.3655,5.8890,62.30,117.00,0.006662
644.4422,5.8890,61.76,117.00,0.006721
644.5170,5.8890,62.30,117.00,0.006525
644.5902,5.8890,62.03,117.00,0.007134
644.6673,5.8890,62.03,117.00,0.006794
644.7430,5.8890,62.30,117.00,0.006705
644.8220,5.8890,61.76,117.00,0.006500
644.8978,5.8890,62.03,117.00,0.006577
644.9735,5.8890,61.76,117.00,0.006495
645.0481,5.8890,62.30,117.00,0.006751
645.1232,5.8815,62.03,117.00,0.006799
645.1976,5.8740,62.30,117.00,0.006877
645.2743,5.8740,61.22,117.00,0.006905
645.3497,5.8740,62.03,117.00,0.006881
645.4248,5.8740,62.30,117.00,0.006975
645.4991,5.8740,62.30,117.00,0.006338
645.5746,5.8700,62.30,117.00,0.006636
645.6496,5.8700,62.30,117.00,0.006918
645.7291,5.8700,62.30,117.00,0.006838
645.8050,5.8700,62.30,117.00,0.006955
645.8819,5.8700,62.30,117.00,0.006701
645.9571,5.8700,61.76,117.00,0.007201
646.0344,5.8700,62.30,117.00,0.007158
646.1102,5.8700,62.30,117.00,0.006906
646.1874,5.8700,62.30,117.00,0.006768
646.2623,5.8700,61.76,117.00,0.006686
646.3422,5.8700,61.76,117.00,0.006900
646.4149,5.8700,62.30,117.00,0.006458
646.4891,5.8700,62.30,117.00,0.006289
646.5611,5.8700,62.03,117.00,0.006448
646.6386,5.8740,61.76,117.00,0.006280
646.7107,5.8740,62.30,117.00,0.007013
646.7850,5.8740,62.30,117.00,0.006645
646.8562,5.8740,62.03,117.00,0.006392
646.9294,5.8740,62.30,117.00,0.006376
647.0068,5.8740,62.03,117.00,0.006542
647.0864,5.8740,62.03,117.00,0.007224
647.1617,5.8740,62.03,117.00,0.007210
647.2389,5.8740,62.30,117.00,0.006502
647.3143,5.8740,62.03,117.00,0.006829
647.3906,5.8740,62.03,117.00,0.006642
647.4617,5.8740,62.30,117.00,0.006309
647.5382,5.8740,62.03,117.00,0.006838
647.6112,5.8625,62.30,117.00,0.007051
647.6856,5.8510,62.03,117.00,0.006452
647.7595,5.8510,62.03,117.00,0.006527
647.8340,5.8510,62.30,117.00,0.006730
647.9095,5.8510,61.76,117.00,0.006551
647.9872,5.8510,62.03,117.00,0.007225
648.0591,5.8510,62.03,117.00,0.006472
648.1348,5.8510,62.30,117.00,0.007457
648.2103,5.8510,62.30,117.00,0.007206
648.2899,5.8510,62.30,117.00,0.007094
648.3646,5.8510,62.03,117.00,0.006785
648.4425,5.8510,61.49,117.00,0.007258
648.5181,5.8510,61.76,117.00,0.007012
648.5931,5.8700,62.30,117.00,0.006753
648.6645,5.8700,62.03,117.00,0.006334
648.7385,5.8700,62.30,117.00,0.006475
648.8134,5.8700,62.30,117.00,0.006634
648.8890,5.8700,62.03,117.00,0.006878
648.9643,5.8700,62.30,117.00,0.007095
649.0392,5.8700,61.76,117.00,0.006682
649.1148,5.8700,62.30,117.00,0.007275
649.1901,5.8700,62.30,117.00,0.007335
649.2672,5.8700,62.30,117.00,0.007172
649.3426,5.8700,62.30,117.00,0.006928
649.4180,5.8700,62.30,117.00,0.006965
649.4954,5.8700,62.30,117.00,0.006797
649.5689,5.8740,62.03,117.00,0.006687
649.6433,5.8740,62.30,117.00,0.006544
649.7149,5.8740,62.30,117.00,0.006769
649.7891,5.8740,61.76,117.00,0.006320
649.8607,5.8740,62.03,117.00,0.006377
649.9348,5.8740,61.76,117.00,0.006479
650.0065,5.8740,62.03,117.00,0.006553
650.0811,5.8740,62.30,117.00,0.006668
650.1541,5.8740,62.30,117.50,0.006782
650.2576,5.8740,61.49,117.50,0.006987
650.3328,5.8740,62.30,118.00,0.006869
650.4090,5.8740,62.30,118.00,0.006765
650.4809,5.8740,62.03,118.00,0.006448
650.5540,5.8740,62.30,118.00,0.006814
650.6295,5.8510,62.30,118.00,0.006826
650.7064,5.8280,61.76,118.00,0.006756
650.7812,5.8280,62.30,118.00,0.006974
650.8579,5.8280,62.03,118.00,0.007109
650.9306,5.8280,62.03,118.00,0.007142
651.0073,5.8280,62.30,118.00,0.006590
651.0822,5.8280,61.76,118.00,0.006785
651.1588,5.8280,61.76,118.00,0.007002
651.2313,5.8280,62.03,118.00,0.006765
651.3074,5.8280,62.03,118.00,0.006307
651.3812,5.8280,62.30,118.00,0.006386
651.4586,5.8280,62.30,118.00,0.006526
651.5341,5.8280,62.03,118.00,0.006490
651.6103,5.8475,62.30,118.00,0.006395
651.6857,5.8670,61.76,118.00,0.006637
651.7619,5.8670,62.30,118.00,0.006878
651.8364,5.8670,62.03,118.00,0.006777
651.9107,5.8670,62.03,118.00,0.006695
651.9856,5.8670,62.03,118.00,0.007044
652.0631,5.8670,61.76,118.00,0.006771
652.1379,5.8670,62.03,118.00,0.006985
652.2145,5.8670,62.30,118.00,0.006878
652.2897,5.8670,61.76,118.00,0.007007
652.3658,5.8670,62.30,118.00,0.006407
652.4395,5.8670,62.03,118.00,0.006220
652.5161,5.8670,62.30,118.00,0.006785
652.5890,5.8670,62.30,118.00,0.006710
652.6658,5.8670,62.30,118.50,0.006934
652.7385,5.8670,62.30,119.00,0.006908
652.8137,5.8670,62.30,119.00,0.006539
652.8870,5.8670,61.49,119.00,0.006894
652.9613,5.8670,62.30,119.00,0.006780
653.0335,5.8670,62.30,119.00,0.006700
653.1103,5.8670,62.30,119.00,0.006605
653.1854,5.8670,62.30,119.00,0.006694
653.2620,5.8670,62.30,119.00,0.006573
653.3372,5.8670,62.30,119.00,0.006857
653.4140,5.8670,62.03,119.00,0.007116
653.4887,5.8670,62.30,119.00,0.006649
653.5657,5.8670,62.30,119.00,0.006981
653.6406,5.8670,62.03,119.00,0.006984
653.7148,5.8670,62.03,119.00,0.006697
653.7886,5.9090,62.30,119.00,0.006710
653.8652,5.9090,62.30,119.00,0.006757
653.9375,5.9090,62.30,119.00,0.006424
654.0142,5.9090,62.30,119.00,0.006750
654.0889,5.9090,62.30,119.00,0.006809
654.1656,5.9090,62.30,119.00,0.006936
654.2378,5.9090,62.30,119.00,0.006737
654.3174,5.9090,62.30,119.00,0.006914
654.3931,5.9090,62.03,119.00,0.007170
654.4701,5.9090,62.30,119.00,0.007032
654.5448,5.9070,62.03,119.00,0.006717
654.6220,5.9050,62.30,119.00,0.006912
654.6941,5.9050,62.30,119.00,0.006527
654.7709,5.9050,62.30,119.00,0.006870
654.8457,5.9050,62.03,119.00,0.006402
654.9187,5.9050,61.49,119.00,0.006596
654.9907,5.9050,62.30,119.00,0.006676
655.0663,5.9050,62.30,119.00,0.006851
655.1430,5.9050,62.03,119.00,0.006705
655.2195,5.9050,62.03,119.00,0.006820
655.2926,5.9050,62.30,119.00,0.006706
655.3672,5.9050,62.03,119.00,0.006593
655.4416,5.9050,62.03,119.00,0.006689
655.5183,5.9050,62.30,119.00,0.006703
655.5944,5.9310,62.03,119.00,0.006953
655.6709,5.9310,62.03,119.00,0.006899
655.7461,5.9310,62.03,119.00,0.007177
655.8229,5.9310,62.03,119.00,0.006657
655.9002,5.9310,62.30,119.00,0.007007
655.9739,5.9310,62.03,119.00,0.006416
656.0461,5.9310,62.03,119.00,0.006636
656.1230,5.9310,62.30,119.00,0.006693
656.1974,5.9310,62.03,119.00,0.006374
656.2704,5.9310,62.30,119.00,0.006289
656.3459,5.9310,62.03,119.00,0.006302
656.4222,5.9310,62.30,120.00,0.006649
656.4931,5.9310,61.76,120.00,0.006305
656.5670,5.9215,61.76,120.00,0.006693
656.6422,5.9120,61.76,120.00,0.006834
656.7185,5.9120,62.03,120.00,0.007351
656.7919,5.9120,62.30,120.00,0.006484
656.8651,5.9120,62.30,120.00,0.006743
656.9383,5.9120,62.30,120.00,0.006718
657.0152,5.9120,62.30,120.00,0.007040
657.0877,5.9120,62.30,120.00,0.006947
657.1662,5.9120,62.30,120.00,0.007143
657.2452,5.9120,62.30,120.00,0.007017
657.3231,5.9120,62.03,120.00,0.007170
657.3994,5.9120,62.30,120.00,0.006792
657.4779,5.9120,62.30,120.00,0.007286
657.5572,5.8685,62.03,120.00,0.007154
657.6401,5.8250,62.30,120.00,0.007049
657.7197,5.8250,62.57,120.00,0.007099
657.8024,5.8250,62.30,120.00,0.007338
657.8823,5.8250,62.30,120.00,0.006737
657.9598,5.8250,62.03,120.00,0.006306
658.0346,5.8250,62.03,120.00,0.006993
658.1111,5.8250,61.22,120.00,0.006431
658.1915,5.8250,62.03,120.00,0.007156
658.2675,5.8250,62.30,120.00,0.006355
658.3404,5.8250,62.03,120.00,0.006665
658.4203,5.8250,62.30,120.00,0.007046
658.5002,5.8250,62.03,120.00,0.007048
658.5809,5.7830,61.49,120.00,0.007141
658.6603,5.7830,62.30,120.00,0.006808
658.7432,5.7830,62.03,120.00,0.007188
658.8184,5.7830,62.03,120.00,0.006953
658.8985,5.7830,61.76,120.00,0.007137
658.9780,5.7830,62.30,120.00,0.007389
659.0597,5.7830,62.03,120.00,0.006799
659.1398,5.7830,62.30,120.00,0.006942
659.2218,5.7830,61.76,120.00,0.007018
659.3014,5.7830,62.30,120.00,0.006941
659.3791,5.7830,62.30,120.00,0.006896
659.4590,5.7830,61.22,120.00,0.007504
659.5391,5.7715,62.30,120.00,0.006656
659.6197,5.7600,62.30,120.00,0.007208
659.6987,5.7600,62.03,120.00,0.006954
659.7742,5.7600,61.76,120.00,0.006562
659.8561,5.7600,62.30,120.00,0.007327
659.9342,5.7600,62.03,120.00,0.007357
660.0144,5.7600,62.30,120.00,0.007800
660.0944,5.7600,61.76,120.50,0.006956
660.1750,5.7600,62.03,120.50,0.006494
660.2488,5.7600,62.30,120.00,0.006286
660.3252,5.7600,62.03,120.00,0.006448
660.3984,5.7600,61.76,120.00,0.006906
660.4783,5.7600,62.30,120.00,0.007322
660.5562,5.7425,61.49,120.50,0.007061
660.6339,5.7250,62.30,120.00,0.006729
660.7144,5.7250,62.30,120.00,0.007143
660.7968,5.7250,62.03,120.00,0.006647
660.8700,5.7250,62.30,120.00,0.006471
660.9429,5.7250,61.76,120.00,0.006319
661.0168,5.7250,62.03,120.00,0.006641
661.0949,5.7250,61.76,120.00,0.006985
661.1703,5.7250,62.30,120.00,0.007140
661.2480,5.7250,61.49,120.00,0.006922
661.3277,5.7250,61.76,120.00,0.007019
661.4073,5.7250,62.03,120.50,0.006759
661.4825,5.7250,62.03,121.00,0.007134
661.5581,5.7765,62.03,121.00,0.006621
661.6324,5.8280,62.30,121.00,0.006836
661.7093,5.8280,62.03,121.00,0.007233
661.7853,5.8280,62.03,121.00,0.007115
661.8629,5.8280,62.30,121.00,0.006573
661.9390,5.8280,62.30,121.00,0.006609
662.0143,5.8280,61.76,121.00,0.006542
662.0866,5.8280,62.03,121.00,0.006552
662.1604,5.8280,61.76,121.00,0.006470
662.2328,5.8280,61.76,121.00,0.006913
662.3099,5.8280,62.30,121.00,0.006976
662.3863,5.8280,61.76,121.00,0.007016
662.4616,5.8280,62.03,121.00,0.006812
662.5369,5.8585,62.30,121.00,0.006730
662.6150,5.8890,61.22,121.00,0.006775
662.6887,5.8890,62.03,121.00,0.006863
662.7668,5.8890,62.03,121.00,0.007146
662.8386,5.8890,62.03,121.00,0.006351
662.9126,5.8890,62.30,121.00,0.006628
662.9847,5.8890,62.30,121.00,0.006533
663.0592,5.8890,62.30,121.00,0.006813
663.1349,5.8890,62.30,121.00,0.006665
663.2104,5.8890,62.30,121.00,0.006969
663.2859,5.8890,62.30,121.00,0.006844
663.3622,5.8890,61.76,121.00,0.006422
663.4368,5.8890,62.03,121.00,0.006613
663.5122,5.8890,62.30,121.00,0.007009
663.5858,5.9120,62.03,121.00,0.007063
663.6612,5.9350,61.49,121.00,0.006643
663.7338,5.9350,62.30,121.00,0.007295
663.8087,5.9350,62.30,121.00,0.006757
663.8821,5.9350,62.30,121.00,0.006689
663.9574,5.9350,62.30,121.00,0.007039
664.0324,5.9350,62.03,121.00,0.006701
664.1068,5.9350,62.30,121.00,0.006259
664.1806,5.9350,62.30,121.00,0.006382
664.2548,5.9350,62.30,121.00,0.006595
664.3298,5.9350,62.30,121.00,0.007064
664.4046,5.9350,62.30,121.00,0.006761
664.4806,5.9350,62.03,121.00,0.006562
664.5587,5.8855,62.30,121.00,0.007054
664.6344,5.8360,61.76,121.00,0.006856
664.7108,5.8360,61.76,121.00,0.006783
664.7861,5.8360,62.30,121.00,0.006676
664.8652,5.8360,61.76,121.00,0.006954
664.9372,5.8360,62.30,121.00,0.006654
665.0115,5.8360,62.30,121.00,0.006736
665.0862,5.8360,62.30,121.00,0.006872
665.1628,5.8360,62.03,121.00,0.006584
665.2352,5.8360,61.76,121.00,0.006677
665.3096,5.8360,62.30,121.00,0.006911
665.3843,5.8360,62.30,121.00,0.006798
665.4586,5.8360,62.30,121.00,0.006912
665.5332,5.8855,62.30,121.00,0.006804
665.6132,5.9350,62.03,121.00,0.007050
665.6854,5.9350,62.03,121.00,0.006727
665.7600,5.9350,62.30,121.00,0.006785
665.8342,5.9350,61.76,121.00,0.007217
665.9113,5.9350,62.30,121.00,0.007042
665.9857,5.9350,62.03,121.00,0.006808
666.0625,5.9350,62.03,121.00,0.006570
666.1349,5.9350,62.30,121.00,0.006296
666.2101,5.9350,62.03,121.00,0.006578
666.2808,5.9350,62.30,121.00,0.006388
666.3539,5.9350,62.03,121.00,0.006423
666.4253,5.9350,62.30,121.00,0.006542
666.4984,5.9350,62.30,121.00,0.006772
666.5695,5.9350,62.30,121.00,0.006344
666.6433,5.9350,62.03,121.00,0.006671
666.7178,5.8970,62.30,121.00,0.006796
666.7935,5.8970,62.30,121.00,0.006521
666.8646,5.8970,62.03,121.00,0.006458
666.9377,5.8970,62.03,121.00,0.006735
667.0093,5.8970,62.30,121.00,0.006794
667.0852,5.8970,62.03,122.00,0.006298
667.1563,5.8970,62.30,122.00,0.006667
667.2295,5.8970,62.03,122.00,0.006553
667.3007,5.8970,62.03,122.00,0.006564
667.3745,5.8970,62.03,122.00,0.006708
667.4462,5.8970,62.03,122.00,0.006752
667.5248,5.8970,62.30,122.00,0.006812
667.5967,5.8970,62.30,122.00,0.006616
667.6712,5.8970,62.30,122.00,0.006412
667.7451,5.8970,62.30,122.00,0.006269
667.8183,5.8970,61.76,122.00,0.006569
667.8892,5.8970,62.30,122.00,0.006405
667.9630,5.8970,62.30,122.00,0.006519
668.0368,5.8970,62.30,122.00,0.006890
668.1112,5.8970,62.30,122.00,0.006553
668.1857,5.8970,62.30,122.00,0.006555
668.2628,5.8970,62.30,122.00,0.006809
668.3379,5.8970,62.03,122.00,0.006782
668.4150,5.8970,62.30,122.00,0.006764
668.4872,5.8970,61.76,122.00,0.006408
668.5621,5.8970,62.03,122.00,0.006799
668.6381,5.8970,62.03,122.00,0.006495
668.7155,5.8970,62.30,122.00,0.006895
668.7906,5.8970,62.30,122.00,0.006504
668.8634,5.8970,61.76,122.00,0.006262
668.9353,5.8855,61.76,122.00,0.006521
669.0131,5.8740,62.03,122.00,0.006871
669.0885,5.8740,62.30,122.00,0.006439
669.1628,5.8740,62.03,122.00,0.006898
669.2381,5.8740,62.03,122.00,0.006794
669.3150,5.8740,62.30,122.00,0.006659
669.3900,5.8740,62.03,122.00,0.007180
669.4670,5.8740,62.03,121.00,0.007307
669.5383,5.8740,61.49,121.00,0.006510
669.6139,5.8740,62.30,121.00,0.006460
669.6894,5.8740,62.30,121.00,0.006450
669.7628,5.8740,62.03,121.00,0.006513
669.8381,5.8740,62.30,121.00,0.006519
669.9150,5.8740,62.30,121.50,0.007016
669.9868,5.8740,61.76,121.50,0.006598
670.0642,5.8740,62.30,121.00,0.007290
670.1374,5.8740,62.30,121.00,0.006898
670.2138,5.8740,62.30,121.00,0.006842
670.2903,5.8740,61.49,121.00,0.006922
670.3663,5.8740,62.03,121.00,0.007360
670.4414,5.8740,62.03,121.00,0.006868
670.5182,5.8740,62.03,121.00,0.006575
670.5947,5.8740,62.30,121.00,0.006992
670.6690,5.8740,61.76,121.00,0.006524
670.7417,5.8740,62.30,121.00,0.007026
670.8189,5.8740,62.30,121.00,0.006948
670.8947,5.8740,62.30,121.00,0.007313
670.9745,5.8740,62.30,121.00,0.007227
671.0488,5.8740,62.30,121.00,0.006499
671.1262,5.8740,62.03,121.00,0.006788
671.2005,5.8740,62.30,121.00,0.006704
671.2751,5.8740,62.30,121.00,0.006813
671.3498,5.8740,62.30,121.00,0.006686
671.4264,5.8740,62.30,121.00,0.006342
671.4981,5.8740,62.30,121.00,0.006614
671.5732,5.8740,62.03,121.00,0.006465
671.6483,5.8915,62.30,121.00,0.007135
671.7259,5.9090,62.03,120.00,0.006992
671.7976,5.9090,61.76,120.00,0.006377
671.8710,5.9090,62.30,120.00,0.006698
671.9441,5.9090,61.76,120.00,0.006567
672.0200,5.9090,62.30,120.50,0.006677
672.0939,5.9090,62.30,120.00,0.006838
672.1703,5.9090,62.03,120.00,0.006276
672.2434,5.9090,62.03,120.00,0.006484
672.3168,5.9090,62.30,120.00,0.006661
672.3888,5.9090,62.30,120.00,0.006242
672.4629,5.9090,62.03,120.00,0.006783
672.5375,5.8685,62.30,120.00,0.006815
672.6143,5.8280,62.30,120.00,0.006572
672.6891,5.8280,62.30,120.00,0.006672
672.7665,5.8280,62.30,120.00,0.007077
672.8409,5.8280,62.30,120.00,0.006785
672.9163,5.8280,61.76,120.00,0.007276
672.9912,5.8280,62.30,120.00,0.007055
673.0657,5.8280,62.03,120.00,0.006680
673.1408,5.8280,62.30,120.00,0.006685
673.2157,5.8280,62.03,120.00,0.006779
673.2881,5.8280,62.30,120.00,0.006490
673.3631,5.8280,62.03,120.00,0.006676
673.4381,5.8280,62.30,120.00,0.006850
673.5153,5.8280,62.03,120.00,0.006912
673.5883,5.8820,62.30,120.00,0.006804
673.6626,5.8820,62.03,120.00,0.006850
673.7353,5.8820,62.30,120.00,0.006554
673.8100,5.8820,62.30,120.00,0.006906
673.8849,5.8820,62.30,120.00,0.007109
673.9617,5.8820,62.30,120.00,0.006623
674.0364,5.8820,62.30,120.00,0.006856
674.1134,5.8820,62.30,120.00,0.006722
674.1908,5.8820,61.76,120.00,0.007178
674.2679,5.8820,62.30,119.00,0.006346
674.3408,5.8820,61.76,119.00,0.006449
674.4175,5.8820,62.03,119.50,0.006496
674.4942,5.8820,62.30,119.00,0.006551
674.5741,5.8320,62.03,120.00,0.006807
674.6489,5.8320,61.76,120.00,0.006721
674.7259,5.8320,62.30,119.50,0.006489
674.8002,5.8320,62.03,119.00,0.006600
674.8772,5.8320,62.30,119.50,0.008474
674.9571,5.8320,62.30,119.00,0.006844
675.0379,5.8320,62.30,120.00,0.007128
675.1164,5.8320,62.30,120.00,0.007118
675.1995,5.8320,62.03,120.00,0.007085
675.2780,5.8320,61.76,120.00,0.006986
675.3608,5.8320,62.30,120.00,0.007084
675.4414,5.8320,62.30,120.00,0.006493
675.5230,5.7940,62.03,120.00,0.007494
675.5965,5.7560,62.30,120.00,0.006304
675.6700,5.7560,62.30,120.00,0.006425
675.7426,5.7560,62.30,120.00,0.006495
675.8186,5.7560,61.49,120.00,0.007350
675.8984,5.7560,62.57,120.00,0.007444
675.9773,5.7560,62.30,120.00,0.007341
676.0564,5.7560,62.30,120.00,0.006541
676.1398,5.7560,62.03,120.00,0.007015
676.2213,5.7560,62.03,120.00,0.007113
676.3041,5.7560,61.76,120.00,0.006879
676.3829,5.7560,61.76,120.00,0.007529
676.4661,5.7560,62.30,120.00,0.006695
676.5460,5.7615,62.30,120.00,0.007654
676.6280,5.7670,62.03,120.00,0.006718
676.7075,5.7670,62.03,120.00,0.007066
676.7925,5.7670,62.30,120.00,0.007348
676.8734,5.7670,62.03,120.00,0.006735
676.9566,5.7670,61.76,120.00,0.007200
677.0339,5.7670,62.30,120.00,0.007082
677.1149,5.7670,61.76,120.00,0.007261
677.1962,5.7670,62.30,120.00,0.006888
677.2803,5.7670,61.76,120.00,0.007063
677.3573,5.7670,62.03,120.00,0.006553
677.4328,5.7670,62.03,120.00,0.006600
677.5058,5.7670,62.03,120.00,0.006791
677.5832,5.7670,62.30,120.00,0.006328
677.6633,5.8250,62.30,120.00,0.007429
677.7417,5.8250,61.49,120.00,0.006459
677.8147,5.8250,61.76,120.00,0.006363
677.8927,5.8250,62.03,120.00,0.006469
677.9691,5.8250,62.03,120.00,0.006970
678.0453,5.8250,61.76,120.00,0.006419
678.1205,5.8250,62.03,120.00,0.006775
678.1985,5.8250,62.30,120.00,0.006544
678.2746,5.8250,62.30,120.00,0.007020
678.3567,5.8250,62.30,120.00,0.007577
678.4382,5.8250,61.76,120.00,0.006961
678.5202,5.8250,62.03,120.00,0.007291
678.6015,5.8250,62.03,120.00,0.006999
678.6826,5.8250,62.03,120.00,0.007478
678.7582,5.8250,62.03,120.00,0.006565
678.8378,5.8250,62.03,120.00,0.006820
678.9108,5.8250,62.30,120.00,0.006391
678.9893,5.8250,61.76,120.00,0.006608
679.0700,5.8250,61.76,120.00,0.006998
679.1522,5.8250,61.49,120.00,0.006461
679.2250,5.8250,62.03,120.00,0.006529
679.3021,5.8250,61.76,120.00,0.006602
679.3752,5.8250,62.03,120.00,0.006321
679.4536,5.8250,62.30,120.00,0.006299
679.5285,5.8250,62.30,120.00,0.006524
679.6061,5.8250,62.30,120.00,0.006953
679.6833,5.8250,61.49,120.00,0.007315
679.7660,5.8780,62.03,120.00,0.007416
679.8449,5.8780,62.30,120.00,0.006672
679.9288,5.8780,62.03,120.00,0.007231
680.0014,5.8780,62.30,120.00,0.006403
680.0780,5.8780,61.76,120.00,0.006771
680.1509,5.8780,61.76,120.00,0.006896
680.2254,5.8780,62.03,120.00,0.006399
680.3067,5.8780,62.30,120.00,0.007275
680.3876,5.8780,62.30,120.00,0.007304
680.4674,5.8780,62.03,120.00,0.007258
680.5454,5.8495,61.49,120.00,0.006928
680.6219,5.8210,61.49,120.00,0.006923
680.7000,5.8210,62.03,120.00,0.006966
680.7743,5.8210,62.30,120.00,0.006705
680.8528,5.8210,62.30,120.00,0.006878
680.9252,5.8210,62.03,120.00,0.006488
681.0009,5.8210,62.30,120.00,0.006675
681.0778,5.8210,62.30,120.00,0.006993
681.1578,5.8210,62.30,120.00,0.006388
681.2309,5.8210,62.30,120.00,0.006474
681.3072,5.8210,61.76,120.00,0.006850
681.3813,5.8210,61.76,120.00,0.006714
681.4571,5.8210,61.76,120.00,0.006954
681.5330,5.8895,62.03,120.00,0.006571
681.6094,5.9580,62.30,120.00,0.006395
681.6820,5.9580,62.30,120.00,0.006346
681.7571,5.9580,62.30,120.00,0.006617
681.8324,5.9580,62.03,120.00,0.006651
681.9094,5.9580,62.30,120.00,0.006380
681.9818,5.9580,61.76,120.00,0.006293
682.0589,5.9580,62.03,120.00,0.006404
682.1352,5.9580,62.30,120.00,0.006897
682.2108,5.9580,62.03,120.00,0.006689
682.2851,5.9580,62.30,120.00,0.007063
682.3608,5.9580,62.30,120.00,0.006280
682.4337,5.9580,62.30,121.00,0.006393
682.5092,5.9580,62.03,121.00,0.007194
682.5831,5.9510,62.30,121.00,0.006665
682.6588,5.9510,62.30,121.00,0.006737
682.7354,5.9510,62.03,120.50,0.006873
682.8109,5.9510,62.03,120.00,0.006519
682.8865,5.9510,61.76,120.00,0.006522
682.9646,5.9510,62.30,121.00,0.007017
683.0386,5.9510,62.30,121.00,0.007371
683.1163,5.9510,62.30,120.50,0.006715
683.1899,5.9510,62.03,120.00,0.007026
683.2650,5.9510,61.76,120.00,0.006661
683.3391,5.9510,62.30,120.50,0.006837
683.4194,5.9510,62.30,120.00,0.006974
683.4952,5.9510,62.03,120.00,0.006894
683.5738,5.9160,62.30,120.00,0.006726
683.6502,5.9160,62.30,120.00,0.006925
683.7300,5.9160,62.30,120.00,0.006537
683.8062,5.9160,62.30,120.00,0.007074
683.8844,5.9160,62.03,120.50,0.006956
683.9622,5.9160,62.30,120.00,0.006975
684.0369,5.9160,61.76,120.00,0.006371
684.1089,5.9160,62.30,120.00,0.006444
684.1845,5.9160,62.30,120.00,0.006717
684.2588,5.9160,62.03,120.00,0.006668
684.3373,5.9160,62.30,120.00,0.006894
684.4104,5.9160,62.03,120.00,0.006600
684.4867,5.9160,62.03,120.00,0.007011
684.5632,5.8440,62.30,120.00,0.006700
684.6394,5.8440,62.30,120.00,0.006768
684.7131,5.8440,62.03,120.00,0.007271
684.7914,5.8440,62.30,120.00,0.006817
684.8698,5.8440,62.30,120.00,0.006809
684.9455,5.8440,62.03,120.00,0.007011
685.0216,5.8440,62.03,120.00,0.006737
685.1005,5.8440,62.30,120.00,0.007001
685.1745,5.8440,62.03,120.00,0.007166
685.2507,5.8440,62.30,120.00,0.006963
685.3251,5.8440,62.30,120.00,0.006982
685.4010,5.8440,62.03,120.00,0.006826
685.4781,5.8440,62.57,120.00,0.007281
685.5551,5.8440,62.30,120.00,0.006515
685.6304,5.8440,62.30,120.00,0.006344
685.7078,5.8440,62.30,120.00,0.006700
685.7809,5.9390,62.30,120.00,0.006373
685.8556,5.9390,62.03,120.00,0.006633
685.9284,5.9390,62.30,119.00,0.006350
686.0029,5.9390,62.03,119.00,0.006478
686.0784,5.9390,62.30,119.00,0.007193
686.1573,5.9390,62.30,119.00,0.006817
686.2309,5.9390,62.30,119.00,0.006613
686.3086,5.9390,62.03,119.50,0.006780
686.3828,5.9390,62.30,120.00,0.007044
686.4629,5.9390,62.03,120.00,0.006811
686.5361,5.9390,62.03,120.00,0.006356
686.6108,5.9390,61.76,120.00,0.006531
686.6851,5.9390,62.30,120.00,0.006295
686.7601,5.9390,62.30,119.00,0.006358
686.8387,5.9390,62.30,119.00,0.006672
686.9167,5.9390,62.03,119.00,0.007026
686.9901,5.9390,62.30,119.50,0.006816
687.0705,5.9390,62.03,119.00,0.007063
687.1489,5.9390,62.03,119.00,0.007077
687.2309,5.9390,62.03,119.00,0.007045
687.3117,5.9390,62.30,119.00,0.006809
687.3899,5.9390,62.03,119.00,0.006886
687.4631,5.9390,62.30,119.00,0.006424
687.5395,5.9390,62.03,119.00,0.006557
687.6142,5.9390,61.76,119.00,0.006711
687.6937,5.9390,62.30,119.00,0.006654
687.7677,5.9390,62.03,119.00,0.006790
687.8458,5.9390,62.03,119.00,0.006636
687.9196,5.9390,62.30,119.00,0.006872
687.9979,5.9390,61.76,119.00,0.006854
688.0764,5.9390,62.30,119.00,0.007235
688.1546,5.9390,61.76,119.00,0.006851
688.2308,5.9390,62.30,119.00,0.006871
688.3070,5.9390,62.30,119.00,0.007045
688.3829,5.9390,62.30,119.00,0.006860
688.4578,5.9390,61.49,119.00,0.006401
688.5307,5.9390,62.30,119.00,0.006554
688.6048,5.9390,62.03,119.00,0.006526
688.6777,5.9390,62.30,119.00,0.006913
688.7550,5.9465,62.30,119.00,0.006425
688.8289,5.9540,62.03,119.00,0.006488
688.9027,5.9540,62.03,119.00,0.006484
688.9783,5.9540,62.03,119.00,0.007150
689.0538,5.9540,62.30,119.00,0.006900
689.1297,5.9540,62.03,119.00,0.006824
689.2100,5.9540,62.30,119.00,0.007187
689.2854,5.9540,62.30,119.00,0.006580
689.3629,5.9540,62.03,119.00,0.006528
689.4383,5.9540,62.30,119.00,0.006824
689.5144,5.9540,62.30,119.00,0.007157
689.5912,5.8550,62.03,119.00,0.006930
689.6671,5.8550,62.57,119.00,0.007242
689.7412,5.8550,62.30,119.00,0.006938
689.8171,5.8550,61.76,119.00,0.006924
689.8913,5.8550,61.76,119.00,0.006843
689.9669,5.8550,62.30,119.00,0.007147
690.0430,5.8550,62.03,119.00,0.006730
690.1181,5.8550,62.03,119.00,0.006932
690.1944,5.8550,62.03,119.00,0.007067
690.2696,5.8550,62.03,119.00,0.006466
690.3422,5.8550,62.30,119.00,0.006624
690.4164,5.8550,62.30,119.00,0.006361
690.4895,5.8550,61.49,119.00,0.006631
690.5701,5.9200,62.03,119.00,0.007313
690.6434,5.9200,62.30,119.00,0.006902
690.7230,5.9200,62.30,119.00,0.006895
690.7965,5.9200,62.03,119.00,0.006596
690.8767,5.9200,62.30,119.00,0.007077
690.9507,5.9200,62.30,119.00,0.007153
691.0265,5.9200,62.30,119.00,0.007046
691.1024,5.9200,62.30,119.00,0.006875
691.1824,5.9200,62.03,119.00,0.007126
691.2604,5.9200,62.30,119.00,0.006810
691.3377,5.9200,62.03,119.00,0.006921
691.4100,5.9200,62.30,119.00,0.006377
691.4844,5.9200,62.30,119.00,0.006460
691.5571,5.9200,62.03,119.00,0.006598
691.6350,5.8740,62.30,119.00,0.006784
691.7094,5.8280,62.30,119.00,0.007112
691.7874,5.8280,62.30,119.00,0.006943
691.8614,5.8280,62.30,119.00,0.007089
691.9391,5.8280,62.30,119.00,0.006704
692.0130,5.8280,62.30,119.00,0.006921
692.0888,5.8280,62.30,119.00,0.006823
692.1627,5.8280,62.03,119.00,0.006373
692.2407,5.8280,62.03,119.00,0.006914
692.3186,5.8280,62.30,119.00,0.007167
692.3987,5.8280,61.76,119.00,0.006500
692.4742,5.8280,62.30,119.00,0.006969
692.5545,5.8685,61.76,119.00,0.006839
692.6304,5.9090,62.30,119.00,0.006772
692.7063,5.9090,62.30,119.00,0.006586
692.7831,5.9090,62.03,119.00,0.006911
692.8609,5.9090,61.76,119.00,0.006895
692.9370,5.9090,62.03,119.00,0.006950
693.0132,5.9090,62.30,119.00,0.006712
693.0896,5.9090,62.03,119.00,0.006930
693.1656,5.9090,62.30,119.00,0.006874
693.2420,5.9090,62.30,119.00,0.007042
693.3173,5.9090,62.30,119.00,0.006755
693.3927,5.9090,62.03,119.00,0.006662
693.4665,5.9090,62.03,119.00,0.006745
693.5414,5.9090,62.03,119.00,0.006508
693.6154,5.9090,62.03,119.00,0.006320
693.6894,5.8860,62.30,119.00,0.006584
693.7658,5.8860,62.30,119.00,0.006578
693.8391,5.8860,62.30,119.00,0.006723
693.9175,5.8860,62.30,119.00,0.006957
693.9911,5.8860,61.76,119.00,0.006770
694.0690,5.8860,62.03,119.00,0.006855
694.1453,5.8860,62.30,118.00,0.006989
694.2206,5.8860,62.30,118.50,0.006763
694.2941,5.8860,62.30,119.00,0.006377
694.3738,5.8860,62.30,119.00,0.006725
694.4498,5.8860,61.76,119.00,0.006515
694.5292,5.8610,62.03,119.00,0.006345
694.6061,5.8360,62.03,119.00,0.006915
694.6866,5.8360,62.03,119.00,0.007079
694.7622,5.8360,62.03,119.00,0.006812
694.8407,5.8360,62.30,118.50,0.006964
694.9185,5.8360,62.30,118.00,0.006932
694.9957,5.8360,62.03,118.00,0.006458
695.0691,5.8360,62.30,118.00,0.006541
695.1466,5.8360,62.30,118.00,0.006707
695.2223,5.8360,62.30,118.00,0.006693
695.3020,5.8360,62.30,118.00,0.006702
695.3781,5.8360,62.03,118.00,0.006533
695.4537,5.8360,61.76,118.00,0.006855
695.5278,5.8725,62.30,118.00,0.007123
695.6063,5.9090,62.30,118.00,0.007071
695.6821,5.9090,62.03,118.00,0.007012
695.7567,5.9090,62.03,118.00,0.006498
695.8296,5.9090,62.30,118.00,0.006497
695.9059,5.9090,62.30,118.00,0.006625
695.9816,5.9090,62.03,118.00,0.006325
696.0555,5.9090,62.03,118.00,0.006360
696.1278,5.9090,62.30,118.00,0.006416
696.2020,5.9090,62.03,118.00,0.006486
696.2779,5.9090,61.76,118.00,0.006955
696.3542,5.9090,62.30,118.00,0.007236
696.4300,5.9090,62.03,118.50,0.006945
696.5055,5.9090,62.30,118.00,0.006593
696.5825,5.8320,62.30,118.00,0.007037
696.6620,5.8320,62.30,118.50,0.006884
696.7379,5.8320,62.03,118.00,0.006657
696.8162,5.8320,62.30,118.00,0.007034
696.8942,5.8320,62.30,118.00,0.006878
696.9741,5.8320,62.30,118.50,0.006893
697.0500,5.8320,62.03,118.50,0.006601
697.1305,5.8320,62.03,118.00,0.007201
697.2088,5.8320,62.30,118.00,0.006960
697.2846,5.8320,62.03,118.00,0.006856
697.3579,5.8320,62.30,118.00,0.006598
697.4324,5.8320,62.03,118.00,0.006541
697.5054,5.8320,62.30,118.00,0.006864
697.5815,5.8320,62.30,118.00,0.006338
697.6554,5.8510,61.76,118.00,0.007044
697.7335,5.8700,62.30,118.00,0.006776
697.8068,5.8700,62.03,118.00,0.006484
697.8844,5.8700,61.76,118.00,0.006654
697.9568,5.8700,62.30,118.00,0.006288
698.0312,5.8700,62.30,118.00,0.006394
698.1055,5.8700,62.03,118.00,0.006395
698.1793,5.8700,62.30,118.00,0.006316
698.2549,5.8700,62.30,118.00,0.007271
698.3327,5.8700,62.03,118.00,0.006995
698.4079,5.8700,62.03,118.00,0.006419
698.4878,5.8700,62.30,118.00,0.007010
698.5629,5.8970,62.30,118.00,0.007195
698.6406,5.8970,62.30,118.00,0.006739
698.7140,5.8970,62.30,118.00,0.006792
698.7908,5.8970,62.30,118.00,0.006871
698.8691,5.8970,62.30,118.00,0.007130
698.9467,5.8970,62.30,118.00,0.007045
699.0208,5.8970,62.03,118.00,0.006648
699.0980,5.8970,62.30,118.00,0.006625
699.1738,5.8970,62.03,118.00,0.006866
699.2538,5.8970,62.03,118.00,0.006702
699.3304,5.8970,61.76,118.00,0.007050
699.4083,5.8970,62.03,118.00,0.006918
699.4827,5.8970,62.30,118.00,0.006835
699.5611,5.8090,62.03,118.00,0.006763
699.6351,5.8090,62.03,118.00,0.006694
699.7106,5.8090,62.30,118.00,0.006577
699.7869,5.8090,62.30,118.00,0.006739
699.8622,5.8090,62.30,118.00,0.006795
699.9381,5.8090,62.30,118.00,0.006737
700.0162,5.8090,62.30,118.00,0.006788
700.0918,5.8090,62.30,118.00,0.006851
700.1667,5.8090,62.30,118.00,0.006693
700.2411,5.8090,62.03,118.00,0.006697
700.3187,5.8090,62.03,118.00,0.006689
700.3931,5.8090,62.30,118.00,0.007065
700.4710,5.8090,62.30,118.00,0.006721
700.5451,5.8380,62.57,118.00,0.006607
700.6212,5.8670,62.30,118.00,0.006873
700.6974,5.8670,61.76,118.00,0.006999
700.7780,5.8670,62.30,118.00,0.007045
700.8540,5.8670,62.30,118.00,0.006636
700.9341,5.8670,62.30,118.00,0.006957
701.0106,5.8670,62.03,118.00,0.006940
701.0871,5.8670,62.30,118.00,0.006305
701.1617,5.8670,62.03,118.00,0.006345
701.2377,5.8670,62.30,118.00,0.006317
701.3133,5.8670,62.03,118.00,0.006875
701.3884,5.8670,62.03,118.00,0.006436
701.4649,5.8670,62.03,118.00,0.006770
701.5431,5.8630,61.76,118.00,0.007278
701.6196,5.8590,62.30,118.00,0.006799
701.6974,5.8590,62.30,118.00,0.006609
701.7745,5.8590,62.30,118.00,0.006873
701.8500,5.8590,62.30,118.00,0.007046
701.9257,5.8590,62.30,118.00,0.006627
702.0059,5.8590,62.03,118.00,0.006957
702.0820,5.8590,62.30,118.00,0.006785
702.1575,5.8590,62.30,118.00,0.006876
702.2300,5.8590,62.30,118.00,0.006413
702.3060,5.8590,62.30,118.00,0.006306
702.3818,5.8590,62.30,118.00,0.006958
702.4594,5.8590,62.30,118.00,0.006878
702.5341,5.8820,62.30,117.50,0.007043
702.6109,5.9050,62.30,117.00,0.007082
702.6858,5.9050,62.30,117.00,0.006500
702.7626,5.9050,62.30,117.00,0.006352
702.8356,5.9050,62.30,117.00,0.006333
702.9134,5.9050,62.03,117.00,0.007213
702.9871,5.9050,62.03,118.00,0.006411
703.0648,5.9050,62.03,118.00,0.006864
703.1385,5.9050,62.57,118.00,0.006997
703.2179,5.9050,62.30,118.00,0.006701
703.2934,5.9050,62.30,118.00,0.006727
703.3690,5.9050,62.30,118.00,0.006851
703.4424,5.9050,62.03,118.00,0.006306
703.5167,5.9050,62.30,118.00,0.006600
703.5893,5.9050,62.30,117.50,0.006659
703.6659,5.9050,62.03,117.00,0.006712
703.7384,5.9050,62.03,117.00,0.006306
703.8140,5.9050,62.30,117.00,0.007047
703.8877,5.9050,62.30,117.00,0.006794
703.9655,5.9050,62.30,117.00,0.006453
704.0391,5.9050,62.30,117.00,0.006792
704.1139,5.9050,62.30,117.00,0.006665
704.1866,5.9050,62.30,117.50,0.006841
704.2614,5.9050,62.30,117.00,0.006524
704.3373,5.9050,62.30,117.00,0.006849
704.4170,5.9050,62.30,117.00,0.006818
704.4959,5.9050,62.30,117.00,0.007270
704.5797,5.9050,62.30,117.00,0.007211
704.6593,5.9050,62.03,117.00,0.007105
704.7432,5.8780,62.03,117.00,0.006684
704.8229,5.8780,62.30,117.00,0.007128
704.9023,5.8780,62.30,117.00,0.007035
704.9841,5.8780,62.30,117.00,0.007085
705.0653,5.8780,62.30,117.50,0.006714
705.1431,5.8780,62.30,117.00,0.006516
705.2272,5.8780,62.03,118.00,0.007141
705.3082,5.8780,62.30,118.00,0.007000
705.3893,5.8780,62.30,118.00,0.007258
705.4708,5.8780,62.30,118.00,0.007125
705.5503,5.8455,62.30,117.50,0.007204
705.6315,5.8130,62.30,117.00,0.006988
705.7151,5.8130,62.30,117.00,0.006813
705.7941,5.8130,62.03,117.00,0.006938
705.8776,5.8130,62.30,117.00,0.007090
705.9567,5.8130,62.30,117.00,0.006477
706.0402,5.8130,61.76,117.00,0.006917
706.1199,5.8130,62.03,117.50,0.007130
706.2025,5.8130,62.03,118.00,0.006570
706.2816,5.8130,62.03,118.00,0.006885
706.3629,5.8130,61.76,118.00,0.006778
706.4434,5.8130,62.30,117.00,0.006485
706.5187,5.8130,62.03,117.00,0.006766
706.5945,5.7060,62.30,117.00,0.007236
706.6738,5.7060,62.30,117.50,0.006526
706.7508,5.7060,62.03,118.00,0.006824
706.8286,5.7060,62.30,118.00,0.006681
706.9023,5.7060,62.30,118.00,0.006666
706.9825,5.7060,62.30,117.00,0.006723
707.0588,5.7060,62.03,117.00,0.007220
707.1382,5.7060,62.30,117.00,0.006794
707.2109,5.7060,62.03,117.00,0.006284
707.2893,5.7060,62.03,117.00,0.006553
707.3618,5.7060,62.30,118.00,0.006684
707.4372,5.7060,62.30,117.50,0.006793
707.5112,5.7060,62.03,117.00,0.006671
707.5902,5.8470,62.30,117.00,0.007000
707.6663,5.8470,62.30,117.00,0.006888
707.7423,5.8470,62.30,117.00,0.006905
707.8187,5.8470,62.30,117.00,0.006771
707.8941,5.8470,62.30,117.00,0.007180
707.9697,5.8470,62.03,117.00,0.006740
708.0504,5.8470,62.03,118.00,0.007146
708.1261,5.8470,62.03,117.50,0.006750
708.2062,5.8470,62.30,117.00,0.006759
708.2815,5.8470,62.30,117.50,0.006521
708.3580,5.8470,62.03,118.00,0.007083
708.4343,5.8470,62.30,118.00,0.006604
708.5137,5.8470,62.03,118.00,0.006577
708.5905,5.8670,62.03,118.00,0.007020
708.6707,5.8670,62.03,118.00,0.006869
708.7453,5.8670,62.03,117.00,0.006752
708.8216,5.8670,62.03,117.00,0.006404
708.8940,5.8670,62.30,117.00,0.006357
708.9685,5.8670,62.30,117.00,0.006567
709.0421,5.8670,62.30,117.50,0.006541
709.1229,5.8670,62.30,118.00,0.006907
709.1976,5.8670,62.30,117.50,0.006871
709.2731,5.8670,62.30,117.00,0.006554
709.3491,5.8670,62.30,117.00,0.006659
709.4253,5.8670,62.30,117.00,0.006986
709.5021,5.8670,62.30,117.00,0.006957
709.5812,5.9350,62.30,117.00,0.007393
709.6577,5.9350,62.30,117.00,0.006933
709.7388,5.9350,61.49,117.00,0.007299
709.8131,5.9350,62.30,117.00,0.006936
709.8882,5.9350,62.30,117.50,0.006527
709.9623,5.9350,62.03,118.00,0.006628
710.0386,5.9350,62.03,118.00,0.006483
710.1132,5.9350,62.03,118.00,0.006272
710.1896,5.9350,62.57,118.00,0.006627
710.2652,5.9350,62.30,118.00,0.006544
710.3403,5.9350,62.30,118.00,0.006345
710.4127,5.9350,62.03,118.00,0.006307
710.4870,5.9350,62.30,118.00,0.006423
710.5621,5.9350,62.30,117.00,0.006345
710.6420,5.8740,62.57,117.00,0.006879
710.7184,5.8130,62.30,117.00,0.006632
710.7965,5.8130,62.30,117.00,0.006635
710.8699,5.8130,62.03,117.00,0.006610
710.9501,5.8130,62.30,117.00,0.007126
711.0267,5.8130,62.30,117.00,0.006969
711.1020,5.8130,62.30,117.00,0.006622
711.1781,5.8130,61.76,118.00,0.006852
711.2523,5.8130,62.30,118.00,0.006360
711.3247,5.8130,62.30,118.00,0.006320
711.4012,5.8130,62.30,118.00,0.006483
711.4767,5.8130,62.03,118.00,0.007149
711.5529,5.8415,62.30,118.00,0.006893
711.6300,5.8700,62.30,117.00,0.006784
711.7097,5.8700,62.30,118.00,0.006509
711.7858,5.8700,62.30,118.00,0.006643
711.8663,5.8700,62.30,118.00,0.006921
711.9428,5.8700,62.03,118.00,0.007015
712.0183,5.8700,62.30,118.00,0.006640
712.0944,5.8700,62.03,118.00,0.006947
712.1731,5.8700,62.30,117.50,0.007116
712.2471,5.8700,62.30,117.00,0.006770
712.3275,5.8700,62.30,117.00,0.006901
712.4023,5.8700,62.30,117.00,0.006604
712.4768,5.8700,62.30,117.00,0.006381
712.5511,5.8780,62.30,117.00,0.006774
712.6298,5.8860,62.03,117.00,0.006830
712.7025,5.8860,62.03,117.00,0.006724
712.7780,5.8860,62.03,117.00,0.006437
712.8534,5.8860,62.30,117.00,0.006366
712.9288,5.8860,62.30,117.00,0.006723
713.0050,5.8860,62.30,117.00,0.006802
713.0847,5.8860,62.30,117.00,0.006627
713.1585,5.8860,62.30,117.50,0.006904
713.2383,5.8860,62.30,117.00,0.006841
713.3143,5.8860,62.30,117.50,0.006910
713.3901,5.8860,62.03,117.00,0.006800
713.4664,5.8860,62.30,117.00,0.006738
713.5459,5.8860,62.30,117.00,0.006624
713.6193,5.8860,62.03,117.00,0.006728
713.6951,5.8860,62.30,117.00,0.006582
713.7699,5.8860,62.30,117.00,0.006877
713.8458,5.8860,62.30,117.00,0.006989
713.9216,5.8860,62.03,117.00,0.006957
713.9982,5.8860,62.30,117.00,0.007016
714.0716,5.8860,62.30,117.00,0.006550
714.1500,5.8860,62.30,117.00,0.006856
714.2257,5.8860,62.30,118.00,0.006695
714.3019,5.8860,62.30,118.00,0.007138
714.3781,5.8860,62.03,117.50,0.006803
714.4541,5.8860,62.30,117.50,0.006897
714.5304,5.8860,62.30,117.00,0.007200
714.6087,5.8860,61.76,117.50,0.006973
714.6851,5.8860,62.30,117.50,0.007177
714.7625,5.8860,62.03,117.50,0.006587
714.8367,5.8860,62.03,117.50,0.006630
714.9132,5.8740,62.03,117.50,0.006893
714.9874,5.8740,62.03,117.00,0.006700
715.0633,5.8740,62.30,117.00,0.006828
715.1395,5.8740,62.03,117.00,0.006901
715.2145,5.8740,62.30,117.00,0.006486
715.2889,5.8740,62.03,117.00,0.006790
715.3691,5.8740,62.03,117.00,0.007083
715.4451,5.8740,62.03,117.00,0.006850
715.5221,5.8740,62.30,117.50,0.006499
715.5989,5.8970,62.03,117.50,0.006859
715.6773,5.8970,62.30,117.00,0.006764
715.7531,5.8970,62.30,117.00,0.007134
715.8290,5.8970,62.30,117.00,0.006913
715.9029,5.8970,62.30,117.00,0.006798
715.9810,5.8970,62.03,117.00,0.006939
716.0549,5.8970,62.03,117.00,0.006633
716.1311,5.8970,62.03,117.00,0.007120
716.2069,5.8970,61.76,117.00,0.006893
716.2851,5.8970,62.03,117.50,0.007216
716.3589,5.8970,61.76,117.00,0.006713
716.4364,5.8970,62.03,117.00,0.006973
716.5096,5.8970,62.30,117.00,0.006901
716.5888,5.8970,62.03,117.00,0.007179
716.6664,5.8970,61.76,118.00,0.007036
716.7414,5.8970,62.30,117.50,0.006798
716.8185,5.8970,62.30,117.00,0.006669
716.8947,5.8970,62.30,117.00,0.006676
716.9694,5.8970,62.30,117.00,0.006445
717.0461,5.8970,62.30,117.00,0.006758
717.1246,5.8970,61.49,117.00,0.006972
717.2026,5.8970,62.30,117.00,0.007018
717.2782,5.8970,62.03,117.50,0.006529
717.3539,5.8970,62.30,118.00,0.006963
717.4299,5.8970,62.30,118.00,0.006891
717.5106,5.8970,62.30,118.00,0.007291
717.5858,5.8970,62.30,118.00,0.006740
717.6618,5.8970,62.03,118.00,0.006581
717.7345,5.8970,62.30,118.00,0.006631
717.8109,5.8970,62.30,118.00,0.006556
717.8853,5.8970,62.30,117.50,0.006321
717.9616,5.8970,62.03,117.00,0.006711
718.0380,5.8700,62.03,117.00,0.006755
718.1188,5.8700,62.30,117.00,0.007306
718.1993,5.8700,62.30,117.00,0.006465
718.2802,5.8700,62.03,117.00,0.006597
718.3575,5.8700,62.30,117.00,0.007429
718.4413,5.8700,62.30,117.00,0.007208
718.5219,5.8700,62.30,117.00,0.007099
718.6033,5.7600,62.30,117.00,0.006966
718.6848,5.7600,62.30,117.50,0.006954
718.7662,5.7600,62.30,117.50,0.007072
718.8462,5.7600,61.76,117.00,0.007407
718.9269,5.7600,62.03,117.00,0.006868
719.0062,5.7600,62.03,117.50,0.007059
719.0840,5.7600,61.76,117.00,0.006437
719.1567,5.7600,62.03,117.00,0.006660
719.2342,5.7600,62.03,117.00,0.006568
719.3105,5.7600,61.76,117.00,0.006580
719.3911,5.7600,62.30,117.00,0.007117
719.4720,5.7600,62.30,118.00,0.006569
719.5553,5.7940,62.30,118.00,0.006784
719.6317,5.8280,62.03,118.00,0.006745
719.7116,5.8280,62.03,118.00,0.006571
719.7895,5.8280,62.30,118.00,0.006325
719.8649,5.8280,61.76,118.00,0.006507
719.9422,5.8280,62.30,117.50,0.006608
720.0236,5.8280,62.30,117.00,0.007196
720.1036,5.8280,62.30,117.00,0.006874
720.1835,5.8280,62.03,117.00,0.006789
720.2654,5.8280,62.30,117.00,0.007003
720.3460,5.8280,62.03,118.00,0.007027
720.4279,5.8280,62.03,118.00,0.007229
720.5119,5.8280,62.03,118.00,0.007219
720.5891,5.8280,62.30,118.00,0.007050
720.6717,5.8280,62.03,117.00,0.006773
720.7494,5.8280,61.76,117.00,0.007092
720.8332,5.8280,62.30,117.00,0.006909
720.9103,5.8280,61.76,117.00,0.006582
720.9860,5.8280,62.30,117.00,0.006778
721.0592,5.8280,62.03,117.00,0.006770
721.1393,5.8280,62.03,117.50,0.010517
721.2134,5.8280,62.30,118.00,0.006413
721.2875,5.8280,62.03,118.00,0.006730
721.3595,5.8280,62.30,118.00,0.006523
721.4357,5.8280,62.30,118.50,0.006542
721.5075,5.8280,62.30,119.00,0.006907
721.5841,5.8280,62.30,119.00,0.006860
721.6566,5.8280,62.30,119.00,0.006835
721.7317,5.8280,61.76,119.00,0.006948
721.8045,5.8280,62.30,119.00,0.007149
721.8817,5.8280,61.76,119.00,0.006868
721.9546,5.8970,62.03,119.00,0.006954
722.0338,5.8970,62.03,119.00,0.006772
722.1089,5.8970,62.30,119.00,0.007190
722.1855,5.8970,62.30,119.00,0.006877
722.2579,5.8970,62.03,119.00,0.006706
722.3347,5.8970,62.03,119.00,0.006876
722.4060,5.8970,62.30,119.00,0.006674
722.4792,5.8970,62.30,119.00,0.006465
722.5510,5.8970,62.03,119.00,0.006934
722.6276,5.8875,62.03,119.00,0.007203
722.7006,5.8780,62.03,119.00,0.006916
722.7812,5.8780,62.30,119.00,0.006864
722.8584,5.8780,62.30,119.00,0.007055
722.9391,5.8780,62.30,119.00,0.007141
723.0160,5.8780,62.30,119.00,0.007067
723.0904,5.8780,62.30,119.00,0.006375
723.1624,5.8780,62.30,119.00,0.006409
723.2383,5.8780,62.03,119.00,0.006730
723.3118,5.8780,62.03,120.00,0.006852
723.3941,5.8780,62.30,120.00,0.007041
723.4742,5.8780,62.30,120.00,0.007033
723.5510,5.8855,62.03,120.00,0.007052
723.6264,5.8930,62.03,120.00,0.006817
723.7008,5.8930,62.30,120.00,0.006642
723.7735,5.8930,61.76,120.00,0.006330
723.8498,5.8930,62.30,120.00,0.006748
723.9257,5.8930,62.03,120.00,0.006980
724.0023,5.8930,62.30,120.00,0.006647
724.0775,5.8930,62.30,120.00,0.006701
724.1508,5.8930,62.30,120.00,0.006260
724.2244,5.8930,62.03,120.00,0.006377
724.2989,5.8930,62.57,120.00,0.007120
724.3741,5.8930,62.03,120.00,0.007133
724.4482,5.8930,62.03,120.00,0.006760
724.5233,5.8930,62.03,120.00,0.006820
724.5988,5.8470,62.30,120.00,0.007169
724.6738,5.8470,62.30,120.00,0.006955
724.7490,5.8470,62.30,120.00,0.006912
724.8221,5.8470,62.03,120.00,0.006634
724.9011,5.8470,62.30,120.00,0.006287
724.9739,5.8470,62.30,120.00,0.006706
725.0503,5.8470,62.30,120.00,0.006695
725.1257,5.8470,62.30,120.00,0.006736
725.2025,5.8470,62.30,120.00,0.006812
725.2775,5.8470,62.30,120.00,0.006930
725.3544,5.8470,62.30,120.00,0.006818
725.4267,5.8470,62.30,120.00,0.006516
725.5019,5.8470,62.30,120.00,0.006635
725.5734,5.8470,62.03,120.00,0.006339
725.6485,5.8625,62.30,120.00,0.006578
725.7214,5.8780,62.30,120.00,0.006555
725.7983,5.8780,62.30,120.00,0.007112
725.8736,5.8780,62.30,120.00,0.006869
725.9503,5.8780,61.76,120.00,0.006913
726.0272,5.8780,62.30,120.00,0.006531
726.1046,5.8780,61.49,120.00,0.007075
726.1812,5.8780,62.30,120.00,0.006930
726.2579,5.8780,62.30,120.00,0.006689
726.3344,5.8780,62.03,120.00,0.006507
726.4115,5.8780,62.30,120.00,0.006840
726.4860,5.8780,62.03,120.00,0.006752
726.5661,5.8890,62.30,120.00,0.007061
726.6406,5.8890,62.03,120.00,0.006494
726.7182,5.8890,62.30,120.00,0.006894
726.7953,5.8890,62.30,120.00,0.006572
726.8699,5.8890,62.30,120.00,0.007084
726.9475,5.8890,62.30,120.00,0.006710
727.0219,5.8890,62.30,120.00,0.006874
727.0970,5.8890,62.30,120.00,0.006914
727.1712,5.8890,62.30,120.00,0.006547
727.2464,5.8890,62.03,120.00,0.006867
727.3258,5.8890,62.30,120.00,0.007104
727.3977,5.8890,62.30,120.00,0.006331
727.4715,5.8890,62.30,120.00,0.006809
727.5437,5.8890,62.30,120.00,0.006466
727.6193,5.8890,62.30,120.00,0.007086
727.6939,5.8890,62.30,120.00,0.006835
727.7682,5.8890,62.30,120.00,0.006288
727.8407,5.8890,62.30,120.00,0.006529
727.9135,5.8890,62.30,120.00,0.006546
727.9854,5.8890,62.30,120.00,0.006415
728.0586,5.8890,62.30,120.00,0.006375
728.1335,5.8890,62.30,120.00,0.006966
728.2098,5.8890,62.30,120.00,0.006855
728.2855,5.8890,62.03,120.00,0.007103
728.3619,5.8890,62.30,120.00,0.006636
728.4373,5.8890,62.03,120.00,0.006854
728.5143,5.8890,62.30,120.00,0.006536
728.5886,5.8890,62.30,120.00,0.006387
728.6657,5.8890,62.30,120.00,0.006954
728.7409,5.8890,62.03,120.00,0.006688
728.8148,5.8890,62.30,120.50,0.006687
728.8899,5.8890,62.03,121.00,0.006851
728.9655,5.8890,62.03,121.00,0.006384
729.0368,5.8890,62.30,121.00,0.006266
729.1097,5.8890,62.30,121.00,0.006645
729.1809,5.8890,62.30,121.00,0.006398
729.2552,5.8890,62.30,121.00,0.006675
729.3303,5.8890,62.03,121.00,0.006781
729.4067,5.8890,62.30,121.00,0.006504
729.4818,5.8890,62.03,121.00,0.006886
729.5545,5.8890,62.30,121.00,0.006349
729.6286,5.8890,62.57,121.00,0.006476
729.7076,5.9470,61.76,121.00,0.006617
729.7824,5.9470,62.03,121.00,0.006772
729.8567,5.9470,62.30,121.00,0.006539
729.9298,5.9470,62.30,121.00,0.006574
730.0065,5.9470,62.30,121.00,0.006888
730.0798,5.9470,62.30,121.00,0.006908
730.1541,5.9470,62.03,121.00,0.006896
730.2290,5.9470,62.30,121.00,0.006488
730.3059,5.9470,62.30,121.00,0.007231
730.3786,5.9470,62.30,121.00,0.006641
730.4551,5.9470,62.30,121.00,0.006902
730.5290,5.9125,62.30,121.00,0.007241
730.6021,5.8780,62.03,121.00,0.006341
730.6759,5.8780,62.30,121.00,0.006667
730.7492,5.8780,62.30,121.00,0.006549
730.8219,5.8780,62.30,121.00,0.007130
730.8991,5.8780,62.03,121.00,0.006758
730.9738,5.8780,62.03,121.00,0.006824
731.0487,5.8780,61.76,121.00,0.007008
731.1214,5.8780,62.03,121.00,0.006812
731.1985,5.8780,62.57,121.00,0.006555
731.2738,5.8780,62.30,121.00,0.006992
731.3499,5.8780,62.03,121.00,0.006481
731.4278,5.8780,61.76,121.00,0.007154
731.5026,5.8780,62.30,121.00,0.006899
731.5763,5.8550,61.76,121.00,0.006596
731.6536,5.8550,62.30,121.00,0.007114
731.7288,5.8550,62.30,121.00,0.006650
731.8026,5.8550,62.03,121.00,0.006539
731.8740,5.8550,62.57,121.00,0.006352
731.9493,5.8550,62.30,121.00,0.006291
732.0215,5.8550,61.76,121.00,0.006847
732.0998,5.8550,62.30,121.00,0.006765
732.1723,5.8550,62.30,121.00,0.006368
732.2468,5.8550,62.30,120.50,0.007119
732.3242,5.8550,62.30,120.00,0.006982
732.3993,5.8550,62.30,120.00,0.006880
732.4762,5.8550,62.30,120.50,0.006480
732.5506,5.8760,62.03,121.00,0.006729
732.6266,5.8970,62.30,121.00,0.007036
732.7024,5.8970,62.30,121.00,0.006869
732.7783,5.8970,62.30,121.00,0.006919
732.8548,5.8970,62.30,120.00,0.006972
732.9298,5.8970,61.76,120.00,0.006731
733.0061,5.8970,61.76,120.00,0.006885
733.0789,5.8970,62.30,120.00,0.006643
733.1571,5.8970,62.03,120.00,0.006893
733.2297,5.8970,62.30,120.00,0.006685
733.3061,5.8970,62.30,120.00,0.006980
733.3815,5.8970,62.30,120.00,0.006837
733.4574,5.8970,62.30,120.00,0.006617
733.5310,5.8970,62.30,120.00,0.006327
733.6062,5.8970,62.03,120.00,0.006586
733.6790,5.8855,62.03,120.00,0.007002
733.7546,5.8740,62.30,120.00,0.006846
733.8303,5.8740,61.76,120.00,0.006836
733.9095,5.8740,62.30,120.00,0.006832
733.9825,5.8740,62.30,120.00,0.006541
734.0593,5.8740,61.76,120.00,0.006999
734.1345,5.8740,62.30,120.00,0.006866
734.2109,5.8740,62.30,120.00,0.006577
734.2867,5.8740,62.30,120.50,0.007157
734.3633,5.8740,62.03,120.00,0.006523
734.4372,5.8740,62.30,120.00,0.006765
734.5108,5.8740,62.03,120.00,0.006352
734.5859,5.8740,62.03,120.50,0.006837
734.6626,5.9105,62.03,120.00,0.007063
734.7384,5.9470,61.76,120.00,0.007020
734.8134,5.9470,61.76,121.00,0.006636
734.8915,5.9470,62.30,120.50,0.006905
734.9663,5.9470,62.03,120.00,0.006723
735.0424,5.9470,62.30,120.00,0.006943
735.1191,5.9470,62.30,120.00,0.006473
735.1944,5.9470,62.30,120.00,0.006693
735.2689,5.9470,62.30,120.00,0.006832
735.3416,5.9470,61.76,120.00,0.006603
735.4182,5.9470,62.03,120.00,0.006515
735.4938,5.9470,62.30,120.00,0.006859
735.5707,5.8930,62.30,120.00,0.006514
735.6474,5.8930,62.30,120.00,0.007141
735.7254,5.8930,62.30,120.00,0.006585
735.8011,5.8930,62.30,120.00,0.006823
735.8756,5.8930,62.03,120.00,0.006716
735.9510,5.8930,62.30,120.00,0.006854
736.0257,5.8930,62.30,120.00,0.006917
736.1003,5.8930,62.30,120.00,0.006453
736.1741,5.8930,62.30,120.00,0.006708
736.2470,5.8930,62.30,120.00,0.006626
736.3218,5.8930,62.03,120.00,0.007010
736.3964,5.8930,62.30,120.00,0.006477
736.4693,5.8930,62.03,120.00,0.006597
736.5436,5.8930,62.30,120.00,0.006319
736.6177,5.8930,62.30,120.00,0.006736
736.6929,5.8930,62.03,120.00,0.006918
736.7706,5.8930,62.03,120.00,0.006803
736.8459,5.8930,62.03,120.00,0.006907
736.9223,5.8930,62.30,120.00,0.006560
736.9976,5.8930,62.30,120.00,0.006358
737.0743,5.8930,62.03,120.00,0.006811
737.1491,5.8930,62.30,120.00,0.006740
737.2256,5.8930,62.30,120.00,0.006885
737.2983,5.8930,62.30,120.00,0.006879
737.3755,5.8930,62.30,119.50,0.006762
737.4482,5.8930,62.30,119.50,0.006449
737.5226,5.8930,62.30,120.00,0.006944
737.5974,5.8930,62.03,120.00,0.006412
737.6701,5.8930,62.30,120.00,0.006586
737.7417,5.8930,62.03,120.00,0.006570
737.8153,5.8930,62.30,120.00,0.006524
737.8902,5.8930,62.03,120.00,0.007038
737.9663,5.8930,62.30,120.00,0.006829
738.0421,5.8930,62.30,120.00,0.007250
738.1190,5.8930,62.30,120.00,0.006717
738.1926,5.8930,62.30,120.00,0.007042
738.2666,5.8930,62.30,120.00,0.006692
738.3401,5.8930,62.30,120.00,0.007102
738.4165,5.8930,62.30,120.00,0.006487
738.4890,5.8930,62.30,120.00,0.006806
738.5656,5.9045,62.30,120.00,0.006607
738.6419,5.9160,62.30,120.00,0.006593
738.7214,5.9160,62.30,120.00,0.006389
738.7926,5.9160,62.30,120.00,0.006295
738.8662,5.9160,62.03,120.00,0.006706
738.9384,5.9160,62.30,120.00,0.006580
739.0144,5.9160,61.76,120.00,0.006681
739.0898,5.9160,62.30,120.00,0.006946
739.1660,5.9160,62.30,119.50,0.007037
739.2412,5.9160,62.30,120.00,0.007058
739.3151,5.9160,61.76,120.00,0.006826
739.3904,5.9160,62.30,120.00,0.006964
739.4662,5.9160,62.30,120.00,0.006289
739.5378,5.9160,62.57,120.00,0.006527
739.6110,5.9160,62.03,120.00,0.006530
739.6854,5.9160,62.30,120.00,0.006598
739.7620,5.9350,62.30,119.50,0.006998
739.8380,5.9540,62.30,119.00,0.007505
739.9140,5.9540,62.03,119.50,0.006582
739.9895,5.9540,62.03,119.50,0.006963
740.0656,5.9540,62.03,120.00,0.006766
740.1382,5.9540,62.30,120.00,0.006669
740.2110,5.9540,62.03,120.00,0.006371
740.2853,5.9540,62.30,120.00,0.006338
740.3582,5.9540,62.30,120.00,0.006534
740.4328,5.9540,62.03,119.50,0.006717
740.5068,5.9540,62.30,119.00,0.006447
740.5807,5.9310,62.03,119.50,0.006531
740.6555,5.9310,62.30,119.00,0.006847
740.7306,5.9310,61.49,119.00,0.006558
740.8071,5.9310,62.30,119.50,0.006941
740.8826,5.9310,62.30,119.00,0.006940
740.9590,5.9310,62.30,119.00,0.006947
741.0338,5.9310,62.03,119.00,0.006794
741.1121,5.9310,62.57,119.00,0.006764
741.1850,5.9310,62.30,119.00,0.006448
741.2613,5.9310,62.03,119.00,0.006818
741.3360,5.9310,62.30,119.00,0.006814
741.4108,5.9310,61.76,119.00,0.007088
741.4858,5.9310,62.30,119.00,0.006961
741.5606,5.8820,62.30,119.00,0.006736
741.6338,5.8820,62.30,119.00,0.006577
741.7106,5.8820,62.03,119.00,0.007015
741.7856,5.8820,62.30,119.00,0.006752
741.8642,5.8820,62.03,119.00,0.006818
741.9369,5.8820,62.03,120.00,0.006579
742.0112,5.8820,62.03,119.00,0.006731
742.0846,5.8820,62.30,119.00,0.006859
742.1592,5.8820,62.30,119.00,0.006842
742.2330,5.8820,62.30,119.00,0.006280
742.3061,5.8820,62.30,119.00,0.006535
742.3780,5.8820,62.30,119.00,0.006505
742.4539,5.8820,62.30,119.00,0.006615
742.5293,5.8665,62.30,119.00,0.006960
742.6061,5.8510,62.30,119.00,0.006736
742.6807,5.8510,62.30,119.00,0.006493
742.7532,5.8510,62.30,119.00,0.006396
742.8249,5.8510,62.30,119.00,0.006472
742.9000,5.8510,62.30,119.00,0.006876
742.9750,5.8510,62.30,119.00,0.006450
743.0508,5.8510,62.30,119.00,0.006686
743.1259,5.8510,62.30,119.00,0.006546
743.2024,5.8510,62.30,119.00,0.007075
743.2779,5.8510,62.03,119.00,0.006896
743.3516,5.8510,62.30,119.00,0.006698
743.4270,5.8510,62.30,119.00,0.006619
743.5015,5.8510,62.03,119.00,0.007252
743.5752,5.8550,62.03,119.00,0.006735
743.6495,5.8550,62.03,119.00,0.006748
743.7254,5.8550,62.03,119.00,0.007199
743.8020,5.8550,62.30,119.00,0.007135
743.8773,5.8550,62.03,119.00,0.007068
743.9513,5.8550,62.30,119.00,0.006661
744.0235,5.8550,62.03,119.00,0.006518
744.0969,5.8550,62.03,119.00,0.006472
744.1695,5.8550,62.03,119.00,0.006840
744.2426,5.8550,62.30,119.00,0.006583
744.3145,5.8550,62.30,119.00,0.006248
744.3895,5.8550,62.30,119.00,0.006372
744.4612,5.8550,62.30,119.00,0.006588
744.5344,5.8550,62.30,119.00,0.006627
744.6095,5.8855,62.03,119.00,0.006914
744.6867,5.9160,62.03,119.00,0.006985
744.7621,5.9160,62.30,119.00,0.006598
744.8386,5.9160,62.30,119.00,0.007130
744.9144,5.9160,62.30,119.00,0.007277
744.9906,5.9160,62.30,119.00,0.006655
745.0659,5.9160,62.30,119.00,0.006828
745.1414,5.9160,62.30,119.00,0.006474
745.2131,5.9160,61.76,119.00,0.006310
745.2866,5.9160,62.30,119.00,0.006825
745.3616,5.9160,62.03,119.00,0.006747
745.4383,5.9160,62.30,119.00,0.007104
745.5131,5.9160,62.30,119.00,0.006889
745.5862,5.8510,62.30,119.00,0.006313
745.6580,5.8510,62.30,119.00,0.006445
745.7312,5.8510,62.30,119.00,0.006538
745.8060,5.8510,62.30,119.00,0.006793
745.8826,5.8510,62.30,119.00,0.006716
745.9578,5.8510,62.30,119.00,0.007026
746.0334,5.8510,62.30,119.00,0.006485
746.1048,5.8510,62.30,119.00,0.006333
746.1777,5.8510,62.30,119.00,0.006616
746.2496,5.8510,62.30,119.00,0.006345
746.3260,5.8510,62.30,119.00,0.006790
746.4013,5.8510,62.30,119.00,0.006717
746.4779,5.8510,62.30,119.00,0.006914
746.5526,5.8895,62.30,119.00,0.006844
746.6292,5.9280,62.30,119.00,0.006660
746.7021,5.9280,62.03,119.00,0.006780
746.7793,5.9280,62.30,119.00,0.006891
746.8539,5.9280,62.30,119.00,0.006522
746.9301,5.9280,62.30,119.00,0.006754
747.0032,5.9280,62.30,119.00,0.006600
747.0782,5.9280,62.30,119.00,0.006956
747.1509,5.9280,62.30,119.00,0.006522
747.2254,5.9280,62.30,119.00,0.006696
747.2982,5.9280,62.03,119.00,0.006785
747.3753,5.9280,62.30,119.00,0.006810
747.4491,5.9280,62.03,119.00,0.006824
747.5263,5.9375,62.30,119.00,0.007194
747.5987,5.9470,62.30,119.00,0.006327
747.6756,5.9470,62.03,119.00,0.006678
747.7510,5.9470,62.30,119.00,0.006864
747.8258,5.9470,62.30,119.00,0.006880
747.9026,5.9470,62.30,119.00,0.006817
747.9768,5.9470,62.30,119.00,0.006964
748.0504,5.9470,62.30,118.00,0.007088
748.1270,5.9470,62.30,118.00,0.006838
748.2023,5.9470,62.30,118.50,0.007010
748.2807,5.9470,62.30,118.00,0.006804
748.3586,5.9470,62.30,118.50,0.007044
748.4352,5.9470,62.30,118.50,0.007075
748.5101,5.9470,62.30,119.00,0.006683
748.5844,5.8170,62.30,119.00,0.006651
748.6569,5.8170,62.03,119.00,0.006390
748.7335,5.8170,62.30,119.00,0.006828
748.8080,5.8170,62.30,118.50,0.006749
748.8807,5.8170,62.30,118.00,0.006402
748.9525,5.8170,62.30,118.00,0.006289
749.0257,5.8170,62.30,119.00,0.006794
749.1031,5.8170,62.30,119.00,0.006804
749.1785,5.8170,62.57,119.00,0.006367
749.2525,5.8170,62.30,119.00,0.006325
749.3262,5.8170,61.76,119.00,0.006576
749.4022,5.8170,62.30,119.00,0.007612
749.4817,5.8170,62.30,119.00,0.007077
749.5610,5.8435,62.30,119.00,0.006817
749.6428,5.8700,62.30,119.00,0.007190
749.7232,5.8700,62.30,119.00,0.008098
749.8088,5.8700,62.03,119.00,0.007269
749.8900,5.8700,62.30,119.00,0.007242
749.9729,5.8700,62.30,119.00,0.007056
750.0501,5.8700,62.30,119.00,0.006614
750.1324,5.8700,62.03,119.00,0.006792
750.2048,5.8700,62.30,119.00,0.006694
750.2816,5.8700,62.30,119.00,0.007071
750.3540,5.8700,62.03,120.00,0.007018
750.4287,5.8700,62.30,120.00,0.006559
750.5005,5.8700,62.30,120.00,0.006438
750.5778,5.8700,62.03,120.00,0.007078
750.6526,5.8700,62.30,120.00,0.007121
750.7300,5.8700,62.30,120.00,0.007108
750.8049,5.8700,62.03,120.00,0.006685
750.8793,5.8700,62.03,120.00,0.006481
750.9541,5.8700,62.30,120.00,0.007110
751.0304,5.8700,62.30,120.00,0.006632
751.1031,5.8700,62.30,120.00,0.006906
751.1802,5.8700,62.30,120.00,0.006939
751.2525,5.8700,62.03,120.00,0.006880
751.3275,5.8700,62.30,120.00,0.006966
751.4017,5.8700,62.30,120.00,0.006850
751.4786,5.8700,62.30,120.00,0.007140
751.5516,5.8700,62.30,120.00,0.006541
751.6263,5.8700,62.30,120.00,0.006557
751.7014,5.8930,62.30,120.00,0.007126
751.7822,5.9160,62.30,120.00,0.006928
751.8566,5.9160,62.30,120.00,0.006360
751.9338,5.9160,62.30,120.00,0.006712
752.0087,5.9160,62.03,120.00,0.006880
752.0839,5.9160,62.30,120.00,0.007305
752.1624,5.9160,62.30,120.00,0.007343
752.2435,5.9160,62.03,120.00,0.006565
752.3197,5.9160,62.03,120.00,0.006287
752.3983,5.9160,62.30,120.00,0.006983
752.4733,5.9160,62.30,120.00,0.006931
752.5522,5.8895,62.30,120.00,0.006828
752.6253,5.8630,62.30,120.00,0.006991
752.7020,5.8630,62.30,120.00,0.006901
752.7771,5.8630,62.03,120.00,0.006929
752.8535,5.8630,61.76,120.00,0.006638
752.9275,5.8630,62.03,120.00,0.006521
753.0015,5.8630,62.30,120.00,0.006661
753.0741,5.8630,62.30,120.00,0.006670
753.1507,5.8630,62.30,120.00,0.006761
753.2236,5.8630,62.30,120.00,0.006711
753.2983,5.8630,62.30,120.00,0.007007
753.3710,5.8630,62.30,120.00,0.006277
753.4464,5.8630,62.30,120.00,0.006752
753.5176,5.8630,62.30,120.00,0.006464
753.5935,5.8630,62.57,120.00,0.006638
753.6661,5.9010,62.30,120.00,0.006998
753.7413,5.9390,62.30,120.00,0.006840
753.8158,5.9390,62.30,120.00,0.006598
753.8904,5.9390,62.30,120.00,0.006750
753.9675,5.9390,62.30,120.00,0.006725
754.0420,5.9390,62.30,120.00,0.006771
754.1169,5.9390,62.30,120.00,0.006866
754.1918,5.9390,62.30,120.00,0.006653
754.2649,5.9390,62.30,120.00,0.007055
754.3418,5.9390,62.30,120.00,0.007053
754.4141,5.9390,62.03,120.00,0.006793
754.4910,5.9390,62.30,120.00,0.006669
754.5658,5.9620,62.30,120.00,0.006949
754.6396,5.9620,62.30,120.00,0.006439
754.7134,5.9620,62.30,120.00,0.006469
754.7866,5.9620,62.30,120.00,0.006624
754.8581,5.9620,62.30,120.00,0.006627
754.9347,5.9620,62.30,120.00,0.006983
755.0097,5.9620,62.30,120.00,0.006556
755.0861,5.9620,62.30,120.00,0.006893
755.1586,5.9620,62.30,120.00,0.006683
755.2349,5.9620,62.30,120.00,0.006713
755.3100,5.9620,62.30,120.00,0.006886
755.3862,5.9620,62.30,120.00,0.006657
755.4611,5.9620,62.30,120.00,0.006943
755.5381,5.9620,62.30,120.00,0.006811
755.6108,5.9620,62.30,120.00,0.006587
755.6891,5.9620,62.03,120.00,0.006689
755.7667,5.9620,62.30,120.00,0.006850
755.8415,5.9620,62.03,120.00,0.006785
755.9131,5.9620,62.30,120.00,0.006532
755.9860,5.9620,62.30,120.00,0.006467
756.0574,5.9620,62.30,120.00,0.006453
756.1311,5.9620,61.76,120.00,0.006707
756.2062,5.9620,62.30,120.00,0.006801
756.2827,5.9620,62.30,120.00,0.006804
756.3573,5.9620,62.30,120.00,0.006553
756.4345,5.9620,62.30,120.00,0.006819
756.5066,5.9620,62.30,120.00,0.006688
756.5816,5.9620,62.30,120.00,0.006384
756.6550,5.9620,62.30,119.50,0.006426
756.7294,5.9620,62.30,119.00,0.006890
756.8022,5.9620,62.30,119.00,0.007088
756.8822,5.8970,62.30,119.00,0.007096
756.9571,5.8970,62.30,119.00,0.006879
757.0313,5.8970,62.57,119.00,0.006553
757.1043,5.8970,62.30,119.00,0.006827
757.1813,5.8970,62.30,119.00,0.007101
757.2525,5.8970,62.30,119.00,0.006631
757.3261,5.8970,62.30,119.00,0.006633
757.4022,5.8970,62.57,120.00,0.006685
757.4760,5.8970,62.30,119.00,0.006315
757.5476,5.8970,62.57,119.50,0.006668
757.6214,5.8970,62.03,119.50,0.006461
757.6953,5.8780,62.30,120.00,0.007098
757.7698,5.8780,62.03,120.00,0.006688
757.8447,5.8780,62.30,119.00,0.006804
757.9195,5.8780,62.30,119.00,0.007063
757.9943,5.8780,62.30,119.00,0.006704
758.0711,5.8780,62.57,119.00,0.006348
758.1458,5.8780,62.30,119.00,0.006929
758.2207,5.8780,62.30,119.50,0.006552
758.2957,5.8780,62.30,119.50,0.006659
758.3708,5.8780,62.03,120.00,0.007138
758.4456,5.8780,62.03,119.50,0.007003
758.5207,5.8820,62.30,119.00,0.007246
758.5966,5.8860,62.03,119.00,0.007327
758.6741,5.8860,62.30,119.00,0.006942
758.7497,5.8860,62.84,119.00,0.006880
758.8295,5.8860,62.30,119.00,0.007002
758.9026,5.8860,62.30,119.00,0.006830
758.9789,5.8860,62.03,119.00,0.007300
759.0545,5.8860,62.30,119.00,0.006982
759.1307,5.8860,62.03,119.00,0.007111
759.2060,5.8860,62.30,119.00,0.006871
759.2816,5.8860,62.30,119.00,0.006958
