Timestamp (s),Power (W),Temperature (°C),Memory (MB),Inference Time (s)
0.2186,0.0000,60.15,124.50,0.030739
0.3275,2.4430,60.15,125.00,0.029696
0.4274,4.8860,59.88,125.00,0.029851
0.5254,4.8860,60.15,125.00,0.029355
0.6231,4.8860,60.69,125.00,0.030041
0.7191,4.8860,60.69,126.00,0.029368
0.8188,4.8860,60.95,126.00,0.029899
0.9142,4.8860,60.42,126.00,0.029391
1.0155,4.8860,60.42,126.00,0.029302
1.1189,4.8860,60.69,126.00,0.028737
1.2206,4.8860,60.95,126.00,0.028705
1.3214,5.3610,60.69,126.00,0.029809
1.4273,5.8360,60.95,126.00,0.029363
1.5301,5.8360,60.69,126.00,0.029918
1.6350,5.8360,61.22,126.00,0.031613
1.7334,5.8360,60.95,126.00,0.028304
1.8292,5.8360,60.95,126.00,0.028434
1.9244,5.8360,61.22,126.00,0.028360
2.0251,5.8360,61.22,126.00,0.029507
2.1213,5.8360,60.69,126.00,0.028072
2.2170,5.8360,61.22,126.00,0.028279
2.3142,5.8360,60.95,126.00,0.028191
2.4092,5.8360,60.95,126.00,0.027938
2.5110,5.8780,61.22,126.00,0.031117
2.6143,5.9200,60.69,126.00,0.030674
2.7189,5.9200,60.42,126.00,0.030368
2.8228,5.9200,61.22,126.00,0.030907
2.9186,5.9200,61.22,126.00,0.029588
3.0161,5.9200,61.22,126.00,0.030361
3.1160,5.9200,61.22,126.00,0.030112
3.2132,5.9200,61.22,126.00,0.029523
3.3095,5.9295,60.42,126.00,0.030107
3.4076,5.9390,61.22,126.00,0.029738
3.5033,5.9390,61.49,126.00,0.029751
3.5969,5.9390,60.95,126.00,0.028726
3.6927,5.9390,61.22,126.00,0.029063
3.7891,5.9390,61.22,126.00,0.029147
3.8848,5.9390,61.22,126.00,0.029091
3.9794,5.9390,61.49,126.00,0.028734
4.0748,5.9390,60.95,126.00,0.028616
4.1701,5.9390,61.22,126.00,0.029085
4.2662,5.9390,61.22,126.00,0.030082
4.3640,5.9715,61.49,126.00,0.030045
4.4620,6.0040,60.95,126.00,0.029332
4.5592,6.0040,61.49,126.00,0.029791
4.6531,6.0040,61.22,126.00,0.028080
4.7459,6.0040,61.22,126.00,0.028783
4.8414,6.0040,60.95,126.00,0.029854
4.9381,6.0040,61.49,126.00,0.029496
5.0341,6.0040,61.22,126.00,0.028854
5.1287,6.0040,61.22,126.00,0.029452
5.2243,6.0040,61.22,126.00,0.027686
5.3162,6.0040,61.22,126.00,0.027702
5.4119,6.0040,61.22,126.00,0.027946
5.5087,6.0040,61.22,126.00,0.028674
5.6046,6.0040,61.22,126.00,0.029371
5.7019,6.0040,61.22,126.00,0.029189
5.8014,6.0040,61.49,126.00,0.028946
5.8982,6.0040,61.49,126.00,0.029184
5.9940,6.0040,61.49,126.00,0.029661
6.0903,6.0040,61.22,126.00,0.029006
6.1858,6.0040,61.22,126.00,0.029490
6.2827,6.0040,61.22,126.00,0.029666
6.3808,6.0040,61.49,126.00,0.029510
6.4743,6.0040,61.22,126.00,0.027847
6.5677,6.0040,61.49,126.00,0.028010
6.6618,6.0040,61.22,126.00,0.029576
6.7582,5.9755,61.22,126.00,0.029767
6.8530,5.9470,61.49,126.00,0.028900
6.9482,5.9470,61.22,126.00,0.028532
7.0428,5.9470,61.49,126.00,0.028741
7.1385,5.9470,61.22,126.00,0.029410
7.2333,5.9470,61.49,126.00,0.029527
7.3316,5.9830,61.76,126.00,0.030019
7.4296,6.0190,61.22,126.00,0.029629
7.5257,6.0190,61.49,126.00,0.029830
7.6227,6.0190,61.49,126.00,0.029956
7.7213,6.0190,61.49,126.00,0.029924
7.8185,6.0190,61.49,126.00,0.029769
7.9145,6.0190,60.69,126.00,0.029675
8.0098,6.0190,61.49,126.00,0.030010
8.1057,6.0190,61.22,126.00,0.029632
8.2022,6.0190,61.76,126.00,0.029466
8.2986,6.0190,61.22,126.00,0.029914
8.3940,5.9510,61.49,126.00,0.029083
8.4899,5.9510,61.49,126.00,0.029427
8.5860,5.9510,61.22,126.00,0.028640
8.6820,5.9510,61.22,126.00,0.029039
8.7763,5.9510,61.49,126.00,0.027874
8.8718,5.9510,61.49,126.00,0.028090
8.9663,5.9510,61.22,126.00,0.029699
9.0595,5.9510,61.49,126.00,0.028117
9.1524,5.9510,61.22,126.00,0.028298
9.2499,5.9510,62.03,126.00,0.028892
9.3453,5.9640,61.49,126.00,0.029709
9.4425,5.9770,61.22,126.00,0.029887
9.5385,5.9770,61.49,126.00,0.029736
9.6359,5.9770,61.49,126.00,0.030733
9.7334,5.9770,61.49,126.00,0.029862
9.8296,5.9770,61.22,126.00,0.029159
9.9249,5.9770,61.22,126.00,0.029083
10.0217,5.9770,61.22,126.00,0.029497
10.1192,5.9770,61.22,126.00,0.029412
10.2197,5.9770,61.49,126.00,0.029034
10.3177,5.9770,61.49,126.00,0.029703
10.4167,5.9770,61.22,126.00,0.029534
10.5146,5.9770,61.49,126.00,0.029401
10.6110,5.9770,61.76,126.00,0.029620
10.7090,5.9770,61.22,126.00,0.029884
10.8060,5.9770,61.22,126.00,0.029817
10.9021,5.9770,62.03,126.00,0.030366
10.9998,5.9770,61.22,126.00,0.029457
11.0950,5.9770,61.49,126.00,0.029772
11.1909,5.9770,61.22,126.00,0.029925
11.2863,5.9770,61.76,126.00,0.030028
11.3850,5.9850,61.22,126.00,0.029546
11.4825,5.9850,61.49,126.00,0.029472
11.5789,5.9850,61.22,126.00,0.029978
11.6733,5.9850,61.76,126.00,0.029323
11.7685,5.9850,61.22,126.00,0.029006
11.8629,5.9850,61.22,126.00,0.028680
11.9574,5.9850,61.49,126.00,0.028339
12.0544,5.9850,61.49,126.00,0.029139
12.1502,5.9850,61.22,126.00,0.029335
12.2453,5.9850,61.49,126.00,0.029723
12.3411,5.9810,61.49,126.00,0.029241
12.4385,5.9770,61.76,126.00,0.029875
12.5341,5.9770,61.22,126.00,0.028895
12.6296,5.9770,61.49,126.00,0.030054
12.7259,5.9770,61.22,126.00,0.029994
12.8225,5.9770,61.76,126.00,0.029451
12.9166,5.9770,61.22,126.00,0.027726
13.0100,5.9770,61.49,126.00,0.029146
13.1042,5.9770,61.49,126.00,0.028540
13.2011,5.9770,61.22,126.00,0.029130
13.2985,5.9770,61.22,126.00,0.028844
13.3934,6.0120,61.49,126.00,0.028602
13.4885,6.0120,61.49,126.00,0.028154
13.5807,6.0120,61.22,126.00,0.027780
13.6770,6.0120,61.49,126.00,0.029447
13.7750,6.0120,61.76,126.00,0.030022
13.8742,6.0120,61.22,126.00,0.029879
13.9712,6.0120,61.22,126.00,0.029762
14.0694,6.0120,61.76,126.00,0.029490
14.1647,6.0120,61.76,126.00,0.029609
14.2632,6.0120,61.76,126.00,0.029403
14.3578,5.9815,61.76,126.00,0.029770
14.4553,5.9510,61.22,126.00,0.030128
14.5520,5.9510,61.49,126.00,0.029592
14.6509,5.9510,61.22,126.00,0.029212
14.7499,5.9510,61.76,126.00,0.029071
14.8460,5.9510,61.22,126.00,0.029097
14.9426,5.9510,61.22,126.50,0.029137
15.0388,5.9510,61.49,126.00,0.029433
15.1338,5.9510,61.49,126.50,0.028520
15.2300,5.9510,61.22,126.00,0.028637
15.3275,5.9565,61.22,126.00,0.029619
15.4280,5.9620,61.22,126.00,0.029248
15.5255,5.9620,61.22,126.00,0.029711
15.6220,5.9620,61.76,126.00,0.029672
15.7195,5.9620,61.22,126.00,0.029636
15.8181,5.9620,61.22,126.00,0.029543
15.9122,5.9620,61.49,126.00,0.029221
16.0093,5.9620,61.49,126.00,0.028117
16.1025,5.9620,61.49,126.00,0.028965
16.2001,5.9620,61.49,126.00,0.029254
16.2950,5.9620,61.49,126.00,0.029622
16.3949,5.9580,61.49,126.00,0.029693
16.4887,5.9580,61.76,126.00,0.028623
16.5858,5.9580,61.22,126.00,0.029591
16.6806,5.9580,61.76,126.00,0.029043
16.7771,5.9580,61.22,126.00,0.029018
16.8736,5.9580,61.22,126.00,0.028928
16.9702,5.9580,61.22,126.00,0.029106
17.0675,5.9580,61.49,126.00,0.029805
17.1638,5.9580,61.49,126.00,0.029474
17.2627,5.9580,61.22,126.00,0.029573
17.3599,5.9655,61.49,126.00,0.030043
17.4600,5.9730,61.22,126.50,0.030042
17.5610,5.9730,61.49,126.00,0.029558
17.6547,5.9730,61.22,126.00,0.028668
17.7492,5.9730,61.49,126.00,0.028192
17.8429,5.9730,61.22,126.00,0.029033
17.9410,5.9730,61.49,126.00,0.029508
18.0387,5.9730,61.49,126.00,0.030060
18.1345,5.9730,61.22,126.00,0.028658
18.2297,5.9730,61.49,126.00,0.028766
18.3267,5.9580,61.49,126.00,0.029758
18.4269,5.9430,61.76,126.00,0.029840
18.5231,5.9430,61.22,126.00,0.028955
18.6222,5.9430,61.49,126.00,0.028999
18.7188,5.9430,61.76,126.00,0.028857
18.8180,5.9430,61.22,126.00,0.029268
18.9145,5.9430,61.76,126.00,0.029437
19.0145,5.9430,61.22,126.00,0.030049
19.1112,5.9430,61.76,126.00,0.029561
19.2075,5.9430,61.22,126.00,0.030194
19.3063,5.9430,61.22,126.00,0.029522
19.4021,5.9430,62.30,126.00,0.030241
19.4991,5.9430,61.76,126.00,0.029700
19.5948,5.9430,61.76,126.00,0.029919
19.6914,5.9430,61.49,126.00,0.029619
19.7918,5.9430,61.22,126.00,0.030406
19.8918,5.9430,61.49,126.00,0.030193
19.9901,5.9430,61.49,126.00,0.029558
20.0875,5.9430,61.22,126.50,0.030152
20.1845,5.9430,61.49,126.50,0.029298
20.2793,5.9430,61.49,126.00,0.027920
20.3724,5.9430,61.76,126.00,0.028641
20.4710,5.9430,61.49,126.00,0.028997
20.5649,5.9470,61.49,126.00,0.028186
20.6604,5.9510,61.76,126.00,0.028380
20.7579,5.9510,61.49,126.00,0.028738
20.8544,5.9510,61.22,126.00,0.029526
20.9524,5.9510,61.22,126.00,0.028061
21.0498,5.9510,61.49,126.00,0.028447
21.1451,5.9510,61.22,126.00,0.028169
21.2404,5.9510,61.76,126.00,0.028564
21.3379,5.9510,61.22,126.00,0.028799
21.4363,5.9310,61.76,126.00,0.029015
21.5301,5.9310,61.49,126.00,0.028487
21.6252,5.9310,60.95,126.00,0.029090
21.7174,5.9310,61.49,126.00,0.027758
21.8132,5.9310,61.49,126.00,0.029226
21.9098,5.9310,61.22,126.00,0.029067
22.0058,5.9310,61.49,126.00,0.028619
22.1026,5.9310,61.22,126.00,0.029356
22.1992,5.9310,61.76,126.50,0.029063
22.2950,5.9310,61.22,126.50,0.029271
22.3939,5.9310,61.76,126.00,0.029477
22.4886,5.9310,61.22,126.50,0.029323
22.5877,5.9310,61.49,126.00,0.029443
22.6868,5.9310,61.22,126.00,0.030353
22.7863,5.9310,61.22,126.00,0.029796
22.8827,5.9310,61.22,126.00,0.030653
22.9818,5.9310,61.49,126.00,0.029644
23.0789,5.9310,61.49,126.00,0.029827
23.1769,5.9310,61.49,126.00,0.029056
23.2741,5.9310,62.03,126.00,0.029716
23.3729,5.9310,61.76,126.00,0.029331
23.4684,5.9620,62.03,126.00,0.029560
23.5658,5.9620,61.22,126.00,0.029911
23.6610,5.9620,61.22,126.00,0.029507
23.7575,5.9620,61.49,126.00,0.029522
23.8542,5.9620,61.22,126.00,0.029059
23.9545,5.9620,61.49,126.00,0.028697
24.0484,5.9620,61.49,126.00,0.028267
24.1447,5.9620,61.22,126.00,0.028102
24.2378,5.9620,61.76,126.00,0.028467
24.3344,5.9545,61.49,126.00,0.030353
24.4307,5.9470,62.30,126.00,0.029816
24.5294,5.9470,61.22,126.00,0.029550
24.6248,5.9470,61.76,126.50,0.028004
24.7214,5.9470,61.49,126.00,0.028273
24.8161,5.9470,61.49,126.50,0.029285
24.9149,5.9470,61.22,126.00,0.029492
25.0117,5.9470,61.22,126.00,0.029417
25.1109,5.9470,61.76,126.00,0.029911
25.2060,5.9470,61.76,126.00,0.029800
25.3025,5.9470,61.49,126.00,0.029433
25.4031,5.9470,61.49,126.00,0.029941
25.5004,5.9470,61.22,126.00,0.030128
25.5985,5.9470,61.49,126.00,0.029471
25.6985,5.9470,61.49,126.00,0.029516
25.7949,5.9470,61.76,126.00,0.028886
25.8934,5.9470,62.03,126.00,0.029147
25.9903,5.9470,61.76,126.00,0.028435
26.0895,5.9470,61.76,126.00,0.029514
26.1856,5.9470,61.49,126.00,0.028594
26.2802,5.9470,61.22,126.00,0.027681
26.3766,5.9470,61.76,126.00,0.027837
26.4730,5.9470,61.76,126.00,0.028174
26.5670,5.9390,61.76,126.00,0.028559
26.6661,5.9310,61.76,126.00,0.029781
26.7619,5.9310,61.49,126.00,0.028696
26.8571,5.9310,61.76,126.00,0.028902
26.9513,5.9310,61.22,126.00,0.029067
27.0502,5.9310,61.76,126.00,0.029775
27.1465,5.9310,60.95,126.50,0.029320
27.2454,5.9310,61.76,126.50,0.029540
27.3397,5.9310,61.22,126.50,0.028932
27.4379,5.9310,62.03,126.00,0.028964
27.5324,5.9310,61.76,126.50,0.028899
27.6309,5.9310,61.49,126.50,0.028957
27.7290,5.9310,61.22,126.00,0.028460
27.8294,5.9310,61.49,126.00,0.028916
27.9254,5.9310,61.49,126.00,0.028442
28.0228,5.9310,61.49,126.00,0.030148
28.1183,5.9310,61.49,126.00,0.029845
28.2145,5.9310,61.22,126.00,0.029253
28.3093,5.9310,61.49,126.00,0.028383
28.4034,5.9310,61.49,126.00,0.028043
28.5003,5.9310,61.76,126.00,0.029849
28.5987,5.9310,61.22,126.00,0.029733
28.6961,5.9310,61.22,126.00,0.030049
28.7942,5.9310,61.49,126.00,0.029337
28.8900,5.9310,61.49,126.00,0.030179
28.9859,5.9310,61.22,126.00,0.029307
29.0826,5.9850,61.49,126.00,0.029924
29.1789,5.9850,61.49,126.00,0.028814
29.2726,5.9850,61.22,126.00,0.028496
29.3692,5.9810,61.76,126.00,0.029220
29.4644,5.9770,61.49,126.00,0.028806
29.5632,5.9770,61.49,127.00,0.029260
29.6582,5.9770,61.22,127.00,0.029446
29.7545,5.9770,61.49,127.00,0.029132
29.8521,5.9770,61.49,126.50,0.030104
29.9528,5.9770,61.22,126.00,0.029755
30.0493,5.9770,61.49,126.00,0.029289
30.1459,5.9770,61.76,126.50,0.029593
30.2410,5.9770,61.49,126.00,0.029476
30.3423,5.9865,61.76,126.00,0.029580
30.4399,5.9960,61.76,126.00,0.029541
30.5379,5.9960,61.76,126.00,0.029201
30.6330,5.9960,61.22,126.00,0.029950
30.7302,5.9960,61.49,126.00,0.029690
30.8254,5.9960,61.49,126.00,0.029595
30.9216,5.9960,61.49,126.00,0.029107
31.0161,5.9960,61.76,126.00,0.028596
31.1144,5.9960,61.76,126.00,0.029044
31.2093,5.9960,61.49,126.00,0.029283
31.3054,5.9750,61.22,126.00,0.029013
31.4013,5.9540,61.76,126.00,0.028290
31.4955,5.9540,61.76,126.00,0.028007
31.5882,5.9540,61.49,126.00,0.028085
31.6869,5.9540,61.76,126.00,0.029652
31.7824,5.9540,61.76,126.00,0.030085
31.8793,5.9540,61.22,126.00,0.029814
31.9749,5.9540,62.03,126.50,0.029958
32.0737,5.9540,61.49,126.00,0.029812
32.1684,5.9540,61.76,126.00,0.029515
32.2630,5.9540,61.49,126.00,0.027742
32.3558,5.9540,61.22,126.00,0.027960
32.4500,5.9540,62.03,126.50,0.028206
32.5447,5.9540,61.49,126.00,0.029124
32.6433,5.9540,61.76,126.50,0.028698
32.7430,5.9540,61.76,126.00,0.029171
32.8393,5.9540,61.22,126.00,0.029320
32.9330,5.9540,61.22,126.50,0.028420
33.0272,5.9540,61.22,126.00,0.028167
33.1212,5.9540,61.49,126.00,0.029161
33.2170,5.9540,61.76,126.00,0.029225
33.3146,5.9600,61.49,126.00,0.029648
33.4111,5.9660,62.03,126.00,0.028946
33.5083,5.9660,61.22,126.00,0.029871
33.6068,5.9660,61.49,126.00,0.029574
33.7012,5.9660,61.22,126.00,0.028774
33.7952,5.9660,62.03,126.00,0.027687
33.8886,5.9660,61.22,126.00,0.028596
33.9850,5.9660,62.03,126.00,0.029106
34.0822,5.9660,61.76,126.00,0.029228
34.1821,5.9660,61.22,126.00,0.029066
34.2788,5.9660,61.22,126.00,0.029146
34.3774,5.9510,61.49,126.00,0.028827
34.4696,5.9510,61.22,126.00,0.027894
34.5638,5.9510,61.49,126.00,0.028184
34.6565,5.9510,61.49,126.00,0.028076
34.7528,5.9510,61.49,126.50,0.029248
34.8476,5.9510,61.22,126.50,0.029385
34.9461,5.9510,61.49,126.00,0.029685
35.0424,5.9510,61.49,126.50,0.029387
35.1374,5.9510,61.22,126.00,0.028355
35.2302,5.9510,61.49,126.00,0.028278
35.3288,5.9605,61.49,126.00,0.029387
35.4232,5.9700,62.03,126.00,0.028306
35.5177,5.9700,62.03,126.00,0.028543
35.6100,5.9700,61.49,126.00,0.027724
35.7061,5.9700,61.49,126.00,0.028455
35.8013,5.9700,61.76,126.50,0.029782
35.8996,5.9700,61.49,126.00,0.029286
35.9973,5.9700,61.22,126.00,0.029750
36.0939,5.9700,61.49,126.00,0.029783
36.1885,5.9700,61.76,126.00,0.027936
36.2838,5.9700,61.22,126.00,0.028777
36.3790,5.9700,61.22,126.00,0.029782
36.4801,5.9700,61.76,126.00,0.029704
36.5781,5.9700,61.49,126.00,0.030339
36.6776,5.9700,61.49,126.00,0.030289
36.7735,5.9700,61.49,126.00,0.030053
36.8707,5.9700,61.22,126.00,0.028245
36.9642,5.9700,61.22,127.00,0.028464
37.0624,5.9700,61.76,127.00,0.029161
37.1583,5.9700,61.22,127.00,0.029506
37.2569,5.9700,61.49,126.50,0.028779
37.3546,5.9795,61.22,126.50,0.029267
37.4539,5.9890,61.49,126.00,0.029211
37.5496,5.9890,62.03,126.00,0.029632
37.6475,5.9890,61.22,126.00,0.030130
37.7458,5.9890,61.49,126.00,0.030218
37.8433,5.9890,61.49,126.00,0.029817
37.9437,5.9890,62.03,126.00,0.029877
38.0457,5.9890,61.22,126.00,0.029868
38.1429,5.9890,61.76,126.00,0.030941
38.2420,5.9890,61.49,126.00,0.029538
38.3381,5.9660,61.49,126.00,0.030285
38.4348,5.9430,61.49,126.00,0.029026
38.5321,5.9430,62.30,126.00,0.029525
38.6320,5.9430,61.49,126.00,0.030086
38.7303,5.9430,62.03,126.00,0.030366
38.8294,5.9430,61.22,126.00,0.029847
38.9257,5.9430,61.76,126.00,0.030545
39.0259,5.9430,61.76,126.00,0.030156
39.1216,5.9430,61.49,126.00,0.029780
39.2224,5.9430,61.49,127.00,0.029383
39.3170,5.9620,62.03,127.00,0.028954
39.4133,5.9810,61.22,127.00,0.028956
39.5108,5.9810,61.76,127.00,0.029065
39.6087,5.9810,61.22,126.50,0.028512
39.7051,5.9810,61.49,126.00,0.028616
39.8012,5.9810,61.49,126.50,0.028809
39.8959,5.9810,61.22,126.00,0.029248
39.9969,5.9810,61.49,126.00,0.029624
40.0936,5.9810,61.49,126.00,0.029121
40.1877,5.9810,61.49,126.00,0.028349
40.2849,5.9810,61.76,126.00,0.028271
40.3835,5.9865,61.22,126.00,0.029142
40.4793,5.9920,61.22,126.00,0.029941
40.5782,5.9920,62.03,126.00,0.029749
40.6730,5.9920,61.76,126.50,0.029459
40.7699,5.9920,61.76,126.00,0.029791
40.8665,5.9920,61.49,126.00,0.029117
40.9613,5.9920,61.76,126.00,0.027880
41.0561,5.9920,62.03,126.00,0.028342
41.1527,5.9920,61.49,126.00,0.028361
41.2500,5.9920,62.03,126.00,0.029238
41.3465,5.9920,61.76,126.00,0.029204
41.4419,5.9920,61.76,126.00,0.029589
41.5415,5.9920,61.49,126.50,0.028643
41.6369,5.9920,61.49,127.00,0.030588
41.7360,5.9920,61.49,127.00,0.029729
41.8360,5.9920,62.03,127.00,0.029709
41.9342,5.9920,61.49,126.50,0.029565
42.0312,5.9920,61.22,126.50,0.029468
42.1302,5.9920,61.22,126.00,0.029643
42.2251,5.9920,61.49,126.50,0.027952
42.3198,5.9920,61.49,126.00,0.028338
42.4127,5.9920,62.03,126.00,0.028533
42.5106,5.9810,61.76,126.00,0.029713
42.6036,5.9810,61.76,126.00,0.027779
42.6981,5.9810,61.49,126.00,0.028432
42.7924,5.9810,61.49,126.00,0.027978
42.8885,5.9810,61.76,126.00,0.028952
42.9853,5.9810,62.03,126.50,0.028826
43.0820,5.9810,61.76,126.00,0.029178
43.1792,5.9810,61.49,126.00,0.029971
43.2758,5.9810,61.76,126.50,0.029528
43.3741,5.9510,61.22,126.00,0.029665
43.4694,5.9510,61.22,126.00,0.028228
43.5616,5.9510,61.49,126.00,0.028040
43.6558,5.9510,61.76,126.00,0.028289
43.7509,5.9510,61.76,126.00,0.029870
43.8482,5.9510,61.49,126.00,0.030187
43.9428,5.9510,61.76,126.00,0.029137
44.0422,5.9510,61.76,127.00,0.029714
44.1347,5.9510,61.49,127.00,0.027798
44.2289,5.9510,61.49,126.50,0.028197
44.3237,5.9565,61.76,126.00,0.029370
44.4208,5.9620,61.22,126.50,0.029021
44.5191,5.9620,61.76,126.00,0.028846
44.6176,5.9620,61.49,126.00,0.029114
44.7128,5.9620,61.22,126.00,0.029642
44.8092,5.9620,61.22,126.00,0.029356
44.9066,5.9620,61.76,126.00,0.029900
45.0029,5.9620,61.49,126.00,0.029109
45.0960,5.9620,61.76,126.00,0.028445
45.1902,5.9620,61.76,126.00,0.028305
45.2835,5.9620,61.49,126.00,0.028813
45.3812,5.9960,61.22,126.50,0.028144
45.4783,5.9960,61.76,126.00,0.029742
45.5751,5.9960,62.03,126.00,0.029400
45.6718,5.9960,61.76,126.00,0.030637
45.7685,5.9960,61.76,126.00,0.029449
45.8651,5.9960,61.76,126.00,0.029123
45.9609,5.9960,61.76,126.00,0.028652
46.0556,5.9960,61.76,126.00,0.028805
46.1540,5.9960,61.76,126.00,0.029007
46.2507,5.9960,61.22,126.00,0.028906
46.3473,5.9845,61.49,126.00,0.029366
46.4450,5.9730,61.22,126.00,0.029490
46.5421,5.9730,61.76,126.50,0.029513
46.6426,5.9730,62.03,126.50,0.029863
46.7388,5.9730,61.76,126.00,0.029252
46.8362,5.9730,62.03,126.00,0.030067
46.9341,5.9730,61.76,126.00,0.029385
47.0290,5.9730,62.03,126.50,0.029528
47.1277,5.9730,62.03,127.00,0.033461
47.2235,5.9730,61.49,127.00,0.030140
47.3221,5.9350,61.22,127.00,0.029826
47.4187,5.8970,61.76,127.00,0.029404
47.5184,5.8970,61.49,127.00,0.029210
47.6144,5.8970,61.76,127.00,0.028706
47.7084,5.8970,61.76,127.00,0.028255
47.8005,5.8970,62.03,127.00,0.027828
47.8947,5.8970,61.49,127.00,0.028546
47.9892,5.8970,61.76,127.00,0.029287
48.0858,5.8970,61.76,127.00,0.030287
48.1828,5.8970,61.76,127.00,0.029868
48.2838,5.8970,61.49,127.00,0.029820
48.3811,5.9280,61.22,127.00,0.029721
48.4789,5.9280,61.49,127.00,0.029563
48.5740,5.9280,61.49,127.00,0.029846
48.6719,5.9280,61.49,127.00,0.029172
48.7666,5.9280,61.76,127.00,0.029791
48.8623,5.9280,61.76,127.00,0.029313
48.9568,5.9280,61.76,127.00,0.029237
49.0529,5.9280,62.03,127.00,0.029658
49.1476,5.9280,61.22,127.00,0.029514
49.2475,5.9280,61.49,127.00,0.028636
49.3467,5.9565,61.76,127.00,0.029776
49.4422,5.9850,61.49,127.00,0.028552
49.5400,5.9850,61.22,127.00,0.029775
49.6380,5.9850,61.76,127.00,0.029058
49.7307,5.9850,61.22,127.00,0.028405
49.8248,5.9850,61.49,127.00,0.028264
49.9199,5.9850,62.03,127.00,0.028102
50.0162,5.9850,61.76,127.00,0.027999
50.1098,5.9850,61.49,127.00,0.029393
50.2054,5.9850,61.22,127.00,0.029489
50.3030,5.9850,61.76,127.00,0.029848
50.4007,5.9920,61.49,127.00,0.027726
50.4978,5.9920,61.76,127.00,0.028519
50.5991,5.9920,61.22,127.00,0.030464
50.6989,5.9920,61.49,127.00,0.030545
50.7963,5.9920,61.76,127.00,0.027725
50.8929,5.9920,61.49,127.00,0.028101
50.9883,5.9920,61.49,127.00,0.029456
51.0906,5.9920,62.03,127.00,0.029972
51.1949,5.9920,62.03,127.00,0.029633
51.2932,5.9920,61.49,127.00,0.029554
51.3983,5.9430,61.22,127.00,0.029165
51.5004,5.9430,61.49,127.00,0.029467
51.6033,5.9430,61.49,127.00,0.029861
51.7060,5.9430,61.49,127.00,0.030139
51.8098,5.9430,61.49,127.00,0.029385
51.9141,5.9430,61.76,127.00,0.029813
52.0188,5.9430,61.76,127.00,0.030046
52.1213,5.9430,62.03,127.00,0.029810
52.2245,5.9430,61.76,127.00,0.030016
52.3252,5.9430,61.76,127.00,0.028381
52.4194,5.9430,61.22,127.50,0.029040
52.5181,5.9430,61.22,128.00,0.027952
52.6133,5.9430,61.49,128.00,0.028351
52.7081,5.9430,62.30,128.00,0.027852
52.8096,5.9430,61.76,128.00,0.030237
52.9101,5.9430,61.49,128.00,0.030285
53.0118,5.9430,62.03,128.00,0.029681
53.1156,5.9430,61.22,128.00,0.030215
53.2187,5.9430,61.49,128.00,0.030305
53.3229,5.9430,61.22,128.00,0.030128
53.4268,5.9430,61.49,128.00,0.028891
53.5306,5.9430,61.22,128.00,0.029711
53.6333,5.9430,61.22,128.00,0.030008
53.7298,5.8380,61.49,128.00,0.028741
53.8288,5.7330,61.49,128.00,0.029432
53.9256,5.7330,61.49,128.00,0.029730
54.0261,5.7330,61.49,128.00,0.029563
54.1213,5.7330,61.22,128.00,0.029652
54.2201,5.7330,61.76,128.00,0.030048
54.3167,5.7330,61.49,128.00,0.029567
54.4156,5.9620,61.22,128.00,0.029226
54.5146,5.9620,61.49,128.00,0.029849
54.6131,5.9620,61.49,128.00,0.029474
54.7075,5.9620,61.49,128.00,0.029613
54.8045,5.9620,61.49,128.00,0.028061
54.8994,5.9620,61.76,128.00,0.028282
54.9983,5.9620,61.49,128.00,0.029550
55.0944,5.9620,61.49,128.00,0.029621
55.1904,5.9620,61.22,128.00,0.028864
55.2840,5.9620,61.49,128.00,0.028561
55.3825,5.9660,61.76,128.00,0.028549
55.4764,5.9660,61.49,128.00,0.028336
55.5767,5.9660,61.76,128.00,0.029373
55.6751,5.9660,61.76,128.00,0.029892
55.7788,5.9660,61.49,128.00,0.030178
55.8808,5.9660,62.03,128.00,0.029769
55.9830,5.9660,61.49,128.00,0.029745
56.0755,5.9660,61.22,128.00,0.028432
56.1699,5.9660,61.49,128.00,0.027646
56.2651,5.9660,61.76,128.00,0.030149
56.3663,5.9680,61.49,128.00,0.029346
56.4672,5.9700,61.76,128.00,0.030924
56.5693,5.9700,61.22,128.00,0.030937
56.6696,5.9700,61.49,128.00,0.031189
56.7719,5.9700,61.76,128.00,0.030355
56.8726,5.9700,61.22,128.00,0.031360
56.9716,5.9700,61.76,128.00,0.029963
57.0709,5.9700,61.22,127.00,0.030243
57.1661,5.9700,61.22,127.00,0.028893
57.2654,5.9700,61.76,127.50,0.030706
57.3707,5.9390,61.49,127.00,0.031039
57.4692,5.9390,61.49,128.00,0.030921
57.5657,5.9390,61.22,127.50,0.027807
57.6602,5.9390,61.49,127.50,0.028481
57.7572,5.9390,61.49,127.50,0.028154
57.8528,5.9390,61.22,127.00,0.028014
57.9491,5.9390,62.03,127.50,0.028394
58.0446,5.9390,61.22,127.50,0.028701
58.1427,5.9390,61.49,127.50,0.029743
58.2446,5.9390,61.22,127.00,0.029155
58.3477,5.9545,61.22,127.00,0.028791
58.4456,5.9700,61.22,127.00,0.029656
58.5478,5.9700,61.49,127.00,0.029870
58.6505,5.9700,61.49,127.00,0.029824
58.7550,5.9700,61.49,127.00,0.029671
58.8584,5.9700,61.49,127.00,0.030032
58.9628,5.9700,61.22,127.00,0.028853
59.0668,5.9700,61.22,127.00,0.029164
59.1713,5.9700,61.22,127.00,0.029868
59.2742,5.9700,61.49,127.00,0.029766
59.3744,5.8820,61.76,127.00,0.029339
59.4757,5.7940,61.22,127.00,0.028407
59.5747,5.7940,61.22,127.00,0.028469
59.6708,5.7940,61.22,127.00,0.028590
59.7685,5.7940,61.76,127.00,0.029477
59.8671,5.7940,61.49,127.00,0.029412
59.9643,5.7940,61.76,127.50,0.030073
60.0631,5.7940,61.76,127.00,0.029386
60.1595,5.7940,60.95,127.50,0.028821
60.2582,5.7940,61.49,127.00,0.029305
60.3511,5.7940,61.76,127.00,0.028711
60.4462,5.7940,61.49,127.00,0.028085
60.5411,5.7940,61.22,127.00,0.028621
60.6395,5.9540,61.22,127.00,0.030127
60.7357,5.9540,62.03,127.00,0.029395
60.8347,5.9540,61.49,127.00,0.029520
60.9314,5.9540,61.49,127.00,0.029302
61.0300,5.9540,61.22,127.00,0.029496
61.1243,5.9540,61.49,127.00,0.028957
61.2202,5.9540,62.03,127.00,0.028495
61.3191,5.9770,61.76,127.00,0.029356
61.4181,6.0000,61.49,127.00,0.029089
61.5127,6.0000,61.22,127.00,0.029184
61.6116,6.0000,61.76,127.00,0.029454
61.7097,6.0000,61.22,127.00,0.030130
61.8065,6.0000,61.76,127.00,0.029570
61.9013,6.0000,61.22,127.00,0.029951
61.9984,6.0000,61.49,127.00,0.029618
62.0962,6.0000,61.49,127.00,0.030063
62.1952,6.0000,62.03,127.00,0.030030
62.2899,6.0000,61.49,127.00,0.030031
62.3884,5.9390,61.22,127.00,0.029395
62.4837,5.9390,61.22,127.00,0.030447
62.5788,5.9390,61.76,127.00,0.029056
62.6722,5.9390,61.22,127.00,0.028958
62.7706,5.9390,61.76,127.00,0.029687
62.8653,5.9390,61.49,127.00,0.028865
62.9607,5.9390,61.76,127.00,0.028827
63.0548,5.9390,61.76,127.00,0.028664
63.1509,5.9390,61.22,127.00,0.029214
63.2477,5.9390,61.22,127.00,0.029288
63.3461,5.9715,61.49,127.00,0.028887
63.4430,6.0040,61.76,127.00,0.029706
63.5393,6.0040,61.49,127.00,0.029469
63.6846,6.0040,61.76,127.00,0.080459
63.7868,6.0040,61.22,127.00,0.029391
63.8864,6.0040,61.49,127.00,0.029003
63.9958,6.0040,61.49,127.00,0.029560
64.0971,6.0040,61.49,127.00,0.029641
64.1982,6.0040,61.76,127.00,0.029738
64.3081,6.0040,61.76,128.00,0.033465
64.4074,6.0040,61.22,128.00,0.029349
64.5047,6.0040,61.22,128.00,0.028840
64.6011,6.0040,61.49,128.00,0.028572
64.6982,6.0040,61.49,128.00,0.027869
64.7932,6.0040,61.22,128.00,0.027993
64.8889,6.0040,61.49,128.00,0.027969
64.9859,6.0040,61.49,128.00,0.029887
65.0842,6.0040,61.49,128.00,0.029427
65.1832,6.0040,61.49,128.00,0.029809
65.2769,6.0040,61.49,128.00,0.028144
65.3723,6.0040,61.76,128.00,0.028403
65.4713,6.0040,61.49,128.00,0.030289
65.5700,6.0040,61.76,128.00,0.029328
65.6662,6.0040,61.22,128.00,0.029603
65.7640,6.0040,61.49,128.00,0.029925
65.8638,5.9580,61.76,128.00,0.029103
65.9632,5.9580,62.03,128.00,0.029992
66.0618,5.9580,61.76,128.00,0.030248
66.1594,5.9580,61.22,128.00,0.029343
66.2587,5.9580,61.49,128.00,0.029532
66.3587,5.9600,61.49,128.00,0.029796
66.4551,5.9620,61.22,128.00,0.029118
66.5564,5.9620,61.49,128.00,0.029300
66.6515,5.9620,61.76,128.00,0.029008
66.7464,5.9620,61.76,128.00,0.027810
66.8401,5.9620,60.95,128.00,0.028547
66.9392,5.9620,61.49,128.00,0.029536
67.0326,5.9620,61.22,128.00,0.027807
67.1280,5.9620,61.49,128.00,0.028466
67.2244,5.9620,61.22,128.00,0.028094
67.3243,5.9430,61.49,128.00,0.029930
67.4230,5.9240,61.22,128.00,0.030302
67.5241,5.9240,61.49,128.00,0.031036
67.6209,5.9240,61.49,128.00,0.028221
67.7180,5.9240,61.49,128.00,0.028337
67.8157,5.9240,62.03,128.00,0.029560
67.9191,5.9240,61.49,128.00,0.031212
68.0188,5.9240,61.49,128.50,0.029880
68.1231,5.9240,61.22,128.00,0.030622
68.2221,5.9240,61.76,128.00,0.029732
68.3267,5.9275,61.76,128.00,0.030930
68.4285,5.9310,61.49,128.00,0.028118
68.5260,5.9310,61.76,128.00,0.029065
68.6261,5.9310,61.49,128.00,0.029332
68.7303,5.9310,61.76,128.00,0.030640
68.8374,5.9310,61.22,128.00,0.031078
68.9413,5.9310,61.49,128.00,0.031012
69.0462,5.9310,62.30,128.00,0.030668
69.1514,5.9310,61.76,128.00,0.031063
69.2558,5.9310,61.49,128.00,0.030576
69.3602,5.9310,61.22,128.00,0.031195
69.4640,5.9310,61.22,128.00,0.031004
69.5684,5.9310,61.22,128.00,0.031194
69.6684,5.9310,61.49,128.00,0.029783
69.7640,5.9310,61.22,128.50,0.029813
69.8670,5.9310,61.49,128.00,0.029952
69.9658,5.9310,61.49,128.00,0.029925
70.0626,5.9310,61.49,128.00,0.029860
70.1633,5.9310,61.22,128.00,0.030363
70.2620,5.9310,61.76,128.00,0.029083
70.3590,5.9310,61.22,128.00,0.029308
70.4578,5.9310,61.76,128.00,0.028790
70.5526,5.9310,61.76,128.00,0.027786
70.6487,5.9310,61.22,128.00,0.028863
70.7447,5.9310,62.03,128.00,0.029039
70.8441,5.9485,61.76,128.00,0.029032
70.9421,5.9660,61.49,128.00,0.029160
71.0389,5.9660,61.49,128.00,0.028845
71.1372,5.9660,61.49,128.00,0.028997
71.2368,5.9660,61.49,128.00,0.029344
71.3346,5.9810,61.22,128.00,0.030289
71.4333,5.9960,61.22,128.00,0.029668
71.5286,5.9960,61.49,128.00,0.029009
71.6289,5.9960,61.49,128.00,0.029892
71.7247,5.9960,61.49,128.00,0.029408
71.8249,5.9960,61.49,128.50,0.029370
71.9214,5.9960,61.49,128.00,0.028935
72.0163,5.9960,61.76,128.00,0.028007
72.1108,5.9960,61.22,128.00,0.027976
72.2076,5.9960,61.76,128.00,0.029578
72.3052,5.9960,61.49,128.00,0.029702
72.4060,5.9390,61.22,128.00,0.029898
72.5012,5.9390,61.49,128.00,0.029521
72.5988,5.9390,61.49,128.00,0.029149
72.6940,5.9390,61.49,128.00,0.029143
72.7937,5.9390,61.49,128.00,0.029326
72.8930,5.9390,61.22,128.00,0.028595
72.9889,5.9390,61.22,128.00,0.028418
73.0848,5.9390,61.49,128.00,0.028754
73.1834,5.9390,61.49,128.00,0.028861
73.2820,5.9390,61.22,128.00,0.029930
73.3827,5.9540,61.76,128.00,0.029669
73.4794,5.9540,61.49,128.00,0.029629
73.5785,5.9540,61.49,128.00,0.029138
73.6748,5.9540,61.76,128.00,0.029884
73.7749,5.9540,61.76,128.00,0.029764
73.8711,5.9540,61.22,128.00,0.030080
73.9682,5.9540,61.49,128.00,0.029317
74.0665,5.9540,61.22,128.00,0.029819
74.1661,5.9540,61.49,128.00,0.029436
74.2623,5.9540,60.95,128.50,0.030144
74.3598,5.9295,61.22,128.50,0.029876
74.4568,5.9050,61.22,128.00,0.029164
74.5567,5.9050,61.76,128.00,0.029795
74.6527,5.9050,61.22,128.00,0.029519
74.7498,5.9050,61.76,128.00,0.029491
74.8454,5.9050,61.49,128.50,0.029106
74.9456,5.9050,61.22,128.00,0.029196
75.0420,5.9050,61.22,128.00,0.028172
75.1368,5.9050,61.22,128.00,0.027917
75.2319,5.9050,61.49,128.00,0.028555
75.3309,5.9430,61.22,128.50,0.029733
75.4289,5.9810,61.49,128.00,0.029466
75.5259,5.9810,61.22,128.00,0.029396
75.6242,5.9810,61.22,128.00,0.030050
75.7257,5.9810,61.76,128.00,0.029434
75.8219,5.9810,61.49,128.00,0.029898
75.9195,5.9810,61.49,128.00,0.029725
76.0183,5.9810,61.22,128.00,0.029806
76.1147,5.9810,61.49,128.00,0.028758
76.2087,5.9810,61.22,128.00,0.028616
76.3083,5.9810,61.22,128.00,0.029559
76.4069,5.9810,61.76,128.00,0.029331
76.5058,5.9810,61.22,128.00,0.029257
76.6017,5.9810,62.03,128.00,0.029560
76.7014,5.9810,61.49,128.00,0.029994
76.7972,5.9810,61.49,128.00,0.029443
76.8943,5.9810,61.49,128.00,0.028913
76.9893,5.9810,61.22,128.00,0.029186
77.0905,5.9810,62.03,128.00,0.028863
77.2264,5.9810,61.22,131.50,0.066394
77.4141,5.9965,61.76,139.50,0.083611
77.5719,6.0120,62.03,128.00,0.042408
77.6760,6.0120,61.49,129.00,0.029816
77.7987,6.0120,61.22,129.00,0.054842
77.9263,6.0120,61.49,129.00,0.030605
78.0691,6.0120,62.03,129.00,0.067770
78.1780,6.0120,61.76,129.00,0.030650
78.2817,6.0120,61.76,129.00,0.032493
78.3837,5.7250,61.49,129.00,0.030432
78.4878,5.7250,61.49,129.00,0.029791
78.6072,5.7250,61.76,129.00,0.034182
78.7071,5.7250,61.49,129.00,0.029768
78.8019,5.7250,61.76,129.00,0.029763
78.8996,5.7250,61.49,129.00,0.029480
78.9983,5.7250,61.49,129.00,0.029061
79.0928,5.7250,61.76,129.00,0.027707
79.1864,5.7250,61.49,129.00,0.028659
79.2831,5.7250,61.49,129.00,0.029839
79.3807,5.9700,61.76,129.00,0.029423
79.4783,5.9700,61.76,129.00,0.029934
79.5737,5.9700,61.76,129.00,0.029075
79.6690,5.9700,61.49,129.00,0.028282
79.7651,5.9700,62.30,129.00,0.028015
79.8598,5.9700,61.76,129.00,0.028010
79.9569,5.9700,61.76,130.00,0.027870
80.0531,5.9700,61.49,130.00,0.028744
80.1478,5.9700,61.49,130.00,0.028682
80.2470,5.9700,61.49,130.00,0.029860
80.3421,5.9660,61.22,130.00,0.029481
80.4370,5.9620,61.49,130.00,0.028059
80.5302,5.9620,62.03,130.00,0.028054
80.6252,5.9620,61.49,130.00,0.027877
80.7184,5.9620,61.49,130.00,0.028028
80.8128,5.9620,61.76,130.00,0.027980
80.9088,5.9620,61.76,130.00,0.027718
81.0034,5.9620,61.76,130.00,0.028102
81.0969,5.9620,61.49,130.00,0.028079
81.1917,5.9620,61.49,130.00,0.028519
81.2880,5.9620,61.76,130.00,0.029133
81.3841,5.9510,61.49,130.00,0.028389
81.4806,5.9510,61.76,130.00,0.028470
81.5777,5.9510,61.76,130.00,0.029843
81.6794,5.9510,61.22,130.00,0.030685
81.7797,5.9510,61.22,130.00,0.030352
81.8795,5.9510,61.76,130.00,0.030546
81.9834,5.9510,61.49,130.00,0.030676
82.0875,5.9510,61.22,130.00,0.030710
82.1875,5.9510,61.49,129.50,0.027958
82.2818,5.9510,61.76,129.00,0.028641
82.3817,5.9525,62.03,129.00,0.031486
82.4755,5.9540,61.49,129.00,0.028124
82.5708,5.9540,61.49,129.50,0.028303
82.6681,5.9540,61.49,129.00,0.029690
82.7656,5.9540,61.76,129.00,0.028888
82.8613,5.9540,61.76,129.00,0.029277
82.9660,5.9540,61.49,129.00,0.031605
83.0656,5.9540,61.49,129.00,0.028358
83.1613,5.9540,61.49,129.00,0.028298
83.2564,5.9540,61.49,129.00,0.028925
83.3589,5.9235,62.03,129.00,0.030422
83.4601,5.8930,61.22,129.00,0.030573
83.5643,5.8930,61.22,129.00,0.031036
83.6666,5.8930,61.49,129.00,0.030638
83.7732,5.8930,61.22,129.00,0.030496
83.8797,5.8930,61.22,129.00,0.030977
83.9831,5.8930,61.49,129.00,0.030759
84.0843,5.8930,62.03,129.00,0.030552
84.1911,5.8930,61.22,129.00,0.031564
84.2953,5.8930,61.22,129.00,0.031343
84.4031,5.8210,61.49,129.00,0.031917
84.5083,5.8210,61.49,129.00,0.030656
84.6059,5.8210,61.49,129.00,0.028311
84.7007,5.8210,61.49,129.00,0.028903
84.7988,5.8210,61.22,129.00,0.029480
84.8954,5.8210,61.49,129.00,0.029905
84.9978,5.8210,61.22,129.00,0.030757
85.1035,5.8210,61.76,129.00,0.030499
85.2075,5.8210,61.22,129.00,0.031147
85.3108,5.8210,61.49,129.00,0.030393
85.4141,5.9160,61.22,129.00,0.029647
85.5138,5.9160,61.49,129.00,0.029968
85.6111,5.9160,61.49,129.00,0.029460
85.7104,5.9160,61.22,129.00,0.029951
85.8141,5.9160,61.22,129.00,0.030604
85.9154,5.9160,61.76,129.00,0.030616
86.0200,5.9160,61.22,129.00,0.030885
86.1229,5.9160,61.76,129.00,0.030264
86.2266,5.9160,61.49,129.00,0.030863
86.3289,5.8570,61.22,129.00,0.030722
86.4320,5.7980,61.22,129.00,0.030339
86.5343,5.7980,61.49,129.00,0.029641
86.6367,5.7980,61.49,129.00,0.030406
86.7391,5.7980,61.49,129.00,0.030586
86.8410,5.7980,61.22,129.00,0.029521
86.9439,5.7980,61.22,129.00,0.030062
87.0465,5.7980,61.22,129.00,0.030344
87.1515,5.7980,61.22,129.00,0.030760
87.2553,5.7980,60.95,129.00,0.030716
87.3586,5.8895,61.49,129.00,0.030550
87.4642,5.9810,61.49,129.00,0.030654
87.5679,5.9810,61.22,128.00,0.031248
87.6684,5.9810,61.49,128.00,0.030287
87.7717,5.9810,61.76,128.00,0.031284
87.8761,5.9810,61.22,128.00,0.031466
87.9789,5.9810,61.22,128.00,0.030726
88.0841,5.9810,61.49,128.00,0.030851
88.1887,5.9810,61.49,128.00,0.030454
88.2952,5.9810,61.22,128.00,0.030740
88.3904,5.9810,61.22,128.00,0.028414
88.4836,5.9810,61.49,128.00,0.028272
88.5881,5.8665,61.49,128.00,0.030929
88.6928,5.7520,61.49,128.00,0.030261
88.7963,5.7520,61.49,128.00,0.030757
88.8979,5.7520,61.49,128.50,0.030440
89.0009,5.7520,61.76,129.00,0.031123
89.1037,5.7520,61.22,128.50,0.030988
89.2005,5.7520,61.49,128.50,0.027408
89.2963,5.7520,61.22,128.00,0.028551
89.3937,5.7520,61.49,128.00,0.028920
89.4956,5.7520,61.22,128.50,0.029937
89.5989,5.7520,61.49,128.00,0.029921
89.7021,5.7520,61.49,128.00,0.029400
89.8075,5.7520,61.22,128.00,0.030276
89.9078,5.7520,61.22,128.00,0.030133
90.0101,5.7520,61.49,128.00,0.029698
90.1083,5.7520,61.49,128.00,0.030137
90.2112,5.7520,61.22,128.00,0.029935
90.3132,5.7520,61.49,128.00,0.028882
90.4162,5.7600,61.49,128.00,0.029428
90.5220,5.7600,61.22,128.00,0.030716
90.6234,5.7600,61.22,128.00,0.030416
90.7278,5.7600,61.49,128.00,0.031477
90.8366,5.7600,61.49,128.00,0.032061
90.9471,5.7600,61.22,128.00,0.032729
91.0564,5.7600,61.22,128.00,0.032933
91.1566,5.7600,61.22,128.00,0.028067
91.2526,5.7600,61.49,128.00,0.028681
91.3538,5.7600,61.22,128.00,0.029638
91.4631,5.8170,61.49,128.00,0.032307
91.5721,5.8170,61.22,128.00,0.032062
91.6799,5.8170,61.22,128.00,0.030853
91.7747,5.8170,61.22,128.00,0.028254
91.8680,5.8170,61.49,128.00,0.028351
91.9666,5.8170,61.22,128.00,0.030987
92.0717,5.8170,61.49,128.00,0.030598
92.1770,5.8170,61.76,128.00,0.030757
92.2823,5.8170,61.49,128.00,0.030691
92.3889,5.7670,61.22,128.00,0.030984
92.4918,5.7670,60.69,128.00,0.030798
92.5886,5.7670,61.49,128.00,0.028081
92.6864,5.7670,61.49,128.00,0.028926
92.7910,5.7670,61.49,128.00,0.031282
92.8901,5.7670,61.76,128.00,0.029652
92.9845,5.7670,61.22,128.00,0.027856
93.0806,5.7670,61.22,128.00,0.028886
93.1781,5.7670,62.03,128.00,0.028922
93.2806,5.7670,61.22,128.00,0.029431
93.3800,5.9050,61.22,128.00,0.029672
93.4857,5.9050,61.76,128.00,0.029603
93.5871,5.9050,61.22,128.00,0.030099
93.6886,5.9050,61.49,128.00,0.029122
93.7835,5.9050,61.22,128.00,0.028662
93.8794,5.9050,61.22,128.00,0.028641
93.9750,5.9050,61.22,128.00,0.028816
94.0741,5.9050,61.76,128.00,0.029345
94.1691,5.9050,61.22,128.00,0.029832
94.2668,5.9050,61.22,128.00,0.029401
94.3636,5.9375,61.49,128.00,0.029431
94.4617,5.9700,61.22,128.00,0.028905
94.5543,5.9700,61.22,129.00,0.028099
94.6496,5.9700,61.22,129.00,0.028320
94.7459,5.9700,61.76,129.00,0.029414
94.8428,5.9700,61.76,129.00,0.029346
94.9377,5.9700,61.22,129.00,0.029389
95.0366,5.9700,61.22,129.00,0.029376
95.1337,5.9700,61.49,129.00,0.029222
95.2303,5.9700,61.76,129.00,0.029174
95.3258,5.9545,61.22,129.00,0.029570
95.4223,5.9390,61.49,129.00,0.028714
95.5195,5.9390,61.22,129.00,0.028708
95.6185,5.9390,61.22,129.00,0.029102
95.7135,5.9390,61.22,129.00,0.029518
95.8101,5.9390,61.22,129.00,0.029868
95.9048,5.9390,61.22,129.00,0.027977
96.0008,5.9390,61.49,129.00,0.027981
96.0950,5.9390,61.22,129.00,0.029139
96.1898,5.9390,61.22,129.00,0.027988
96.2823,5.9390,61.76,129.00,0.027874
96.3786,5.9390,61.49,129.00,0.029255
96.4741,6.0000,61.76,129.00,0.029429
96.5743,6.0000,61.49,129.00,0.029680
96.6742,6.0000,62.03,129.00,0.029658
96.7683,6.0000,61.49,129.00,0.028001
96.8611,6.0000,61.76,129.00,0.028213
96.9587,6.0000,61.22,129.00,0.029604
97.0566,6.0000,61.49,129.00,0.028549
97.1538,6.0000,61.76,129.00,0.028111
97.2503,6.0000,61.49,129.00,0.029392
97.3521,5.9695,61.49,129.00,0.029178
97.4513,5.9390,61.76,129.00,0.028916
97.5461,5.9390,61.76,129.00,0.027839
97.6408,5.9390,62.03,129.00,0.029155
97.7364,5.9390,62.03,129.00,0.029456
97.8316,5.9390,61.76,129.00,0.029917
97.9288,5.9390,61.49,129.00,0.029676
98.0266,5.9390,61.49,129.00,0.030020
98.1217,5.9390,61.49,129.00,0.027855
98.2143,5.9390,61.49,129.00,0.028383
98.3110,5.9655,61.49,129.00,0.029630
98.4061,5.9920,61.49,129.00,0.029178
98.5032,5.9920,61.22,129.00,0.029507
98.6018,5.9920,61.49,129.00,0.028998
98.6981,5.9920,61.49,129.00,0.028788
98.7918,5.9920,61.76,129.00,0.028440
98.8920,5.9920,60.95,129.00,0.028626
98.9894,5.9920,61.49,129.00,0.029567
99.0861,5.9920,61.76,129.50,0.029988
99.1811,5.9920,61.22,130.00,0.028128
99.2760,5.9920,61.76,130.00,0.027869
99.3703,5.9920,61.49,129.50,0.029327
99.4675,5.9700,61.76,129.00,0.029410
99.5647,5.9700,61.49,129.00,0.029328
99.6661,5.9700,62.03,129.00,0.029415
99.7616,5.9700,61.49,129.50,0.029516
99.8605,5.9700,61.76,129.50,0.028162
99.9544,5.9700,61.22,129.50,0.028734
100.0517,5.9700,61.76,129.00,0.029120
100.1499,5.9700,61.49,129.00,0.029921
100.2478,5.9700,62.03,129.50,0.029780
100.3472,5.9830,61.49,129.00,0.028630
100.4455,5.9960,61.49,129.50,0.028935
100.5452,5.9960,61.22,129.00,0.028221
100.6442,5.9960,61.49,129.50,0.028871
100.7422,5.9960,61.76,130.00,0.029552
100.8400,5.9960,61.49,130.00,0.028071
100.9364,5.9960,61.76,130.00,0.028714
101.0338,5.9960,61.49,129.50,0.028605
101.1293,5.9960,61.49,129.50,0.029733
101.2278,5.9960,61.49,129.00,0.029775
101.3263,5.9540,61.76,129.50,0.030590
101.4258,5.9120,61.49,129.00,0.029995
101.5239,5.9120,61.49,129.00,0.029639
101.6235,5.9120,62.03,129.00,0.029876
101.7219,5.9120,61.22,129.00,0.029970
101.8194,5.9120,61.49,129.00,0.029438
101.9182,5.9120,61.49,129.00,0.030664
102.0160,5.9120,61.76,129.50,0.029690
102.1111,5.9120,61.76,129.00,0.029488
102.2085,5.9120,62.03,129.00,0.027492
102.3017,5.9120,61.49,129.00,0.028502
102.3963,5.9120,61.49,129.00,0.028440
102.4942,5.9700,61.49,129.00,0.028986
102.5929,5.9700,60.95,129.00,0.028724
102.6900,5.9700,61.76,129.00,0.028938
102.7860,5.9700,61.22,129.00,0.028966
102.8800,5.9700,61.49,129.00,0.028870
102.9791,5.9700,61.49,129.00,0.030012
103.0747,5.9700,61.49,129.00,0.029866
103.1753,5.9700,61.76,129.00,0.030808
103.2791,5.9700,61.76,129.00,0.030647
103.3843,5.9350,62.03,129.00,0.030992
103.4809,5.9350,61.49,129.00,0.028725
103.5793,5.9350,61.49,129.00,0.029073
103.6725,5.9350,61.22,129.00,0.028215
103.7690,5.9350,61.76,129.00,0.029456
103.8656,5.9350,61.22,129.00,0.028802
103.9623,5.9350,62.03,129.00,0.029390
104.0574,5.9350,61.49,129.00,0.030010
104.1597,5.9350,61.76,129.00,0.029770
104.2574,5.9350,61.76,129.00,0.030156
104.3552,5.9330,61.22,129.00,0.029915
104.4494,5.9310,61.76,129.00,0.028378
104.5448,5.9310,61.76,129.00,0.028254
104.6426,5.9310,61.76,129.00,0.029558
104.7419,5.9310,61.49,129.00,0.028690
104.8363,5.9310,61.49,129.00,0.028658
104.9362,5.9310,61.49,129.00,0.028605
105.0322,5.9310,61.76,129.50,0.028754
105.1280,5.9310,61.49,130.00,0.027791
105.2205,5.9310,61.76,130.00,0.028127
105.3194,5.9310,61.76,130.00,0.030033
105.4152,5.9430,61.49,130.00,0.029806
105.5114,5.9430,61.22,130.00,0.029485
105.6110,5.9430,61.49,130.00,0.029785
105.7129,5.9430,61.49,130.00,0.030713
105.8142,5.9430,61.49,130.00,0.030159
105.9186,5.9430,61.49,130.00,0.030720
106.0195,5.9430,61.76,130.00,0.030609
106.1227,5.9430,61.76,130.00,0.030679
106.2240,5.9430,61.22,130.00,0.030929
106.3261,5.9240,61.76,130.00,0.030061
106.4302,5.9050,61.22,130.00,0.030656
106.5305,5.9050,61.76,130.00,0.030755
106.6327,5.9050,61.22,130.00,0.030541
106.7383,5.9050,61.49,130.00,0.030360
106.8437,5.9050,61.76,130.00,0.030714
106.9462,5.9050,61.49,130.00,0.029958
107.0518,5.9050,61.49,130.00,0.030807
107.1549,5.9050,61.49,130.00,0.030892
107.2560,5.9050,61.22,130.00,0.029552
107.3563,5.9050,61.49,130.00,0.028797
107.4503,5.9050,61.49,130.00,0.028718
107.5503,5.8840,62.03,130.00,0.029516
107.6477,5.8630,62.03,130.00,0.029712
107.7458,5.8630,61.49,130.00,0.029717
107.8452,5.8630,61.49,130.00,0.029418
107.9432,5.8630,61.22,130.00,0.030244
108.0390,5.8630,61.22,130.00,0.030240
108.1381,5.8630,61.76,130.00,0.029436
108.2323,5.8630,61.76,130.00,0.029137
108.3291,5.9220,61.76,130.00,0.029407
108.4245,5.9810,61.49,130.00,0.028817
108.5228,5.9810,62.03,130.00,0.028906
108.6221,5.9810,61.49,130.00,0.028954
108.7209,5.9810,61.76,130.00,0.028877
108.8187,5.9810,61.22,130.00,0.029305
108.9149,5.9810,61.49,130.00,0.029970
109.0120,5.9810,61.76,130.00,0.029801
109.1117,5.9810,61.76,130.00,0.029758
109.2042,5.9810,61.49,130.00,0.028290
109.3008,5.9810,61.49,130.00,0.028208
109.3947,5.9810,61.22,130.00,0.028854
109.4916,5.9810,61.22,131.00,0.029788
109.5867,5.9810,61.49,131.00,0.029915
109.6835,5.9810,61.76,131.00,0.029542
109.7810,5.9810,62.03,131.00,0.029406
109.8777,5.9810,61.49,131.00,0.027523
109.9704,5.9810,61.49,131.00,0.028092
110.0650,5.9810,61.76,131.00,0.028410
110.1614,5.9810,61.49,131.00,0.028706
110.2594,5.9810,61.49,131.00,0.028783
110.3529,5.9810,61.49,131.00,0.027885
110.4484,5.9810,61.49,131.00,0.027762
110.5433,5.9810,61.76,131.00,0.028188
110.6427,5.9885,61.76,131.00,0.029609
110.7380,5.9960,61.49,131.00,0.029530
110.8347,5.9960,61.76,131.00,0.028897
110.9299,5.9960,61.49,131.00,0.029766
111.0273,5.9960,61.22,131.00,0.030047
111.1251,5.9960,61.76,131.00,0.030108
111.2222,5.9960,61.22,131.00,0.029667
111.3180,5.9735,61.22,131.00,0.030147
111.4158,5.9510,62.03,131.00,0.029860
111.5131,5.9510,61.76,131.00,0.029286
111.6106,5.9510,61.76,131.00,0.029339
111.7043,5.9510,61.76,131.00,0.027933
111.8023,5.9510,61.22,131.00,0.028963
111.8966,5.9510,61.22,131.00,0.029033
111.9934,5.9510,61.76,131.00,0.029182
112.0894,5.9510,61.22,131.00,0.029966
112.1864,5.9510,61.76,131.00,0.029520
112.2823,5.9510,61.76,131.00,0.029954
112.3796,5.9850,62.03,131.00,0.029372
112.4758,5.9850,62.03,131.00,0.030685
112.5727,5.9850,62.03,131.00,0.028061
112.6693,5.9850,61.49,131.00,0.029359
112.7671,5.9850,61.76,131.00,0.030582
112.8672,5.9850,62.03,131.00,0.029774
112.9665,5.9850,61.49,131.00,0.029858
113.0638,5.9850,61.76,131.00,0.029705
113.1626,5.9850,61.49,131.00,0.029586
113.2583,5.9850,61.22,131.00,0.030149
113.3551,5.9735,61.22,131.00,0.029182
113.4484,5.9620,61.22,131.00,0.028325
113.5460,5.9620,61.22,131.00,0.028935
113.6458,5.9620,61.76,131.00,0.029768
113.7447,5.9620,61.76,131.00,0.028993
113.8427,5.9620,61.49,131.00,0.029575
113.9417,5.9620,62.30,131.00,0.028948
114.0388,5.9620,61.49,131.00,0.029833
114.1357,5.9620,61.49,131.00,0.029624
114.2359,5.9620,61.76,131.00,0.029881
114.3352,5.9695,61.49,131.00,0.029865
114.4340,5.9770,61.49,131.00,0.029926
114.5310,5.9770,62.03,131.00,0.030057
114.6261,5.9770,61.49,131.00,0.029880
114.7248,5.9770,61.49,131.00,0.029675
114.8203,5.9770,61.49,131.00,0.028571
114.9174,5.9770,61.76,131.00,0.028180
115.0145,5.9770,61.49,131.00,0.029875
115.1141,5.9770,61.22,131.00,0.029899
115.2099,5.9770,61.22,131.00,0.029772
115.3062,5.9770,61.49,131.00,0.029500
115.4014,5.8860,62.03,131.00,0.029172
115.4976,5.8860,61.76,131.00,0.028981
115.5944,5.8860,61.76,130.50,0.029026
115.6909,5.8860,62.30,130.00,0.028928
115.7853,5.8860,61.76,130.00,0.028884
115.8863,5.8860,61.49,130.00,0.029279
115.9807,5.8860,61.76,130.50,0.029015
116.0774,5.8860,61.76,130.50,0.027990
116.1700,5.8860,61.49,130.50,0.028287
116.2649,5.8860,62.03,131.00,0.028838
116.3617,5.9430,61.76,131.00,0.029482
116.4591,6.0000,61.22,131.00,0.029568
116.5541,6.0000,61.76,131.00,0.029649
116.6531,6.0000,61.49,131.00,0.029770
116.7504,6.0000,62.03,131.00,0.029513
116.8473,6.0000,62.03,131.00,0.029649
116.9419,6.0000,62.03,131.00,0.029700
117.0384,6.0000,61.76,131.00,0.029318
117.1325,6.0000,61.49,130.50,0.028943
117.2283,6.0000,61.49,130.50,0.028508
117.3251,6.0000,62.30,130.50,0.028722
117.4211,6.0000,61.22,130.00,0.028715
117.5177,6.0000,61.22,130.50,0.029100
117.6118,6.0000,61.22,130.00,0.028168
117.7050,6.0000,62.03,130.00,0.028454
117.8031,6.0000,61.22,130.00,0.030088
117.9033,6.0000,61.49,130.00,0.030627
118.0085,6.0000,61.49,130.00,0.030031
118.1100,6.0000,61.76,130.00,0.030744
118.2126,6.0000,61.49,130.00,0.029896
118.3139,6.0000,62.03,130.00,0.031161
118.4172,6.0000,61.49,130.00,0.030711
118.5172,6.0000,61.49,130.00,0.031923
118.6190,5.9885,61.49,130.00,0.031115
118.7207,5.9770,61.22,130.00,0.031369
118.8248,5.9770,61.49,130.00,0.030280
118.9272,5.9770,61.76,130.00,0.030545
119.0296,5.9770,61.49,130.00,0.030387
119.1355,5.9770,61.49,130.00,0.030652
119.2382,5.9770,61.49,130.00,0.030662
119.3383,5.9715,61.49,130.00,0.030368
119.4439,5.9660,61.76,130.00,0.030796
119.5451,5.9660,61.76,130.00,0.030826
119.6481,5.9660,62.03,130.00,0.030510
119.7508,5.9660,61.76,130.00,0.030938
119.8540,5.9660,61.49,130.00,0.030581
119.9564,5.9660,61.22,130.00,0.030067
120.0523,5.9660,61.49,130.00,0.027924
120.1478,5.9660,61.22,130.00,0.029917
120.2452,5.9660,61.49,130.00,0.028659
120.3506,5.9660,61.76,130.00,0.031362
120.4523,5.9660,61.22,130.00,0.030988
120.5549,5.9660,61.22,130.00,0.030628
120.6597,5.9660,61.49,130.00,0.030426
120.7614,5.9660,61.49,130.00,0.029080
120.8610,5.9660,61.76,130.00,0.028332
120.9568,5.9660,61.76,130.00,0.029203
121.0609,5.9660,61.49,130.00,0.030815
121.1656,5.9660,61.49,130.00,0.030751
121.2687,5.9660,61.76,130.00,0.030844
121.3748,5.9660,61.49,130.00,0.031254
121.4799,5.9660,61.76,130.00,0.030581
121.5830,5.9660,61.49,130.00,0.030490
121.6876,5.9660,62.03,130.50,0.031092
121.7885,5.9660,61.22,131.00,0.030273
121.8916,5.9660,61.76,131.00,0.030652
121.9923,5.9660,61.76,131.00,0.030499
122.0951,5.9660,61.49,131.00,0.030544
122.1963,5.9660,61.49,131.00,0.030342
122.3018,5.9660,61.49,131.00,0.030621
122.4041,5.8740,62.03,131.00,0.030522
122.5081,5.8740,61.76,131.00,0.031169
122.6122,5.8740,61.76,131.00,0.030991
122.7153,5.8740,61.76,131.00,0.030981
122.8191,5.8740,61.49,131.00,0.031230
122.9242,5.8740,61.49,131.00,0.030772
123.0264,5.8740,61.22,131.00,0.030504
123.1259,5.8740,61.76,131.00,0.030250
123.2235,5.8740,61.49,131.00,0.030421
123.3256,5.9200,61.49,131.00,0.029988
123.4264,5.9660,62.03,131.00,0.029696
123.5242,5.9660,61.49,131.00,0.030304
123.6227,5.9660,61.76,131.00,0.030164
123.7185,5.9660,61.22,131.00,0.030883
123.8154,5.9660,61.49,131.00,0.029811
123.9129,5.9660,61.49,131.00,0.029999
124.0097,5.9660,61.49,131.00,0.030101
124.1062,5.9660,61.49,131.00,0.029346
124.2067,5.9660,61.22,131.00,0.029469
124.3013,5.9660,62.03,131.00,0.029440
124.3967,5.9580,61.76,131.00,0.028483
124.4917,5.9580,61.49,131.00,0.027817
124.5850,5.9580,61.49,131.00,0.027945
124.6809,5.9580,61.49,131.00,0.029567
124.7897,5.9580,61.49,131.00,0.040366
124.8942,5.9580,61.76,131.00,0.030823
124.9913,5.9580,61.22,131.00,0.029409
125.0872,5.9580,61.49,131.00,0.030020
125.1875,5.9580,62.03,131.00,0.030678
125.2859,5.9580,61.49,131.00,0.028732
125.3813,5.9580,61.22,131.00,0.028489
125.4792,5.9600,61.22,131.00,0.030046
125.5789,5.9620,61.49,131.00,0.029589
125.6819,5.9620,61.76,131.00,0.031262
125.7843,5.9620,61.76,131.00,0.029629
125.8843,5.9620,61.76,131.00,0.029184
125.9836,5.9620,61.49,131.00,0.030322
126.0850,5.9620,62.30,131.00,0.030781
126.1875,5.9620,61.49,131.00,0.030895
126.2880,5.9620,61.76,131.00,0.028596
126.3858,5.9620,61.49,130.50,0.028503
126.4846,5.9620,61.22,130.00,0.029676
126.5845,5.9295,61.22,130.00,0.028882
126.6800,5.8970,61.49,130.00,0.028538
126.7826,5.8970,61.76,130.00,0.029517
126.8845,5.8970,61.49,130.00,0.030787
126.9887,5.8970,61.76,130.00,0.030847
127.0940,5.8970,61.76,130.00,0.030844
127.1992,5.8970,61.49,130.00,0.031329
127.3048,5.8970,61.49,130.00,0.031490
127.4115,5.8320,61.49,130.00,0.030829
127.5152,5.8320,61.76,130.00,0.031158
127.6147,5.8320,61.49,130.00,0.028515
127.7087,5.8320,61.49,130.00,0.028646
127.8057,5.8320,61.76,130.00,0.028391
127.9021,5.8320,61.76,130.00,0.029328
128.0022,5.8320,61.49,130.00,0.030239
128.1032,5.8320,61.22,130.00,0.029124
128.2017,5.8320,61.49,130.00,0.029190
128.2971,5.8320,61.22,130.00,0.028492
128.3971,5.8320,61.49,130.00,0.029282
128.5022,5.8320,61.22,130.00,0.028729
128.5958,5.8320,61.49,130.00,0.028451
128.6935,5.8320,61.49,130.00,0.028576
128.7896,5.8320,61.49,130.00,0.029688
128.8943,5.8320,62.03,130.00,0.029875
128.9974,5.8320,62.03,130.00,0.030213
129.0991,5.8320,61.22,130.00,0.029904
129.2025,5.8320,62.03,130.00,0.030384
129.3053,5.8320,61.49,130.00,0.029433
129.4076,5.8320,61.49,130.00,0.029234
129.5117,5.8320,61.76,130.00,0.029680
129.6141,5.8320,61.49,129.50,0.029944
129.7093,5.8320,61.49,129.00,0.028181
129.8042,5.8320,62.03,129.50,0.029288
129.9066,5.8320,61.22,129.00,0.030794
130.0126,5.7900,61.22,130.00,0.030536
130.1144,5.7900,61.22,130.00,0.030442
130.2206,5.7900,61.49,130.00,0.030344
130.3246,5.8665,61.22,130.00,0.031329
130.4300,5.9430,61.22,129.50,0.029968
130.5258,5.9430,61.22,129.50,0.028353
130.6201,5.9430,61.76,129.50,0.028361
130.7154,5.9430,62.03,129.00,0.028553
130.8095,5.9430,61.22,129.00,0.028614
130.9116,5.9430,61.76,129.00,0.030357
131.0107,5.9430,62.03,129.00,0.030890
131.1091,5.9430,61.76,129.00,0.028305
131.2106,5.9430,61.22,129.00,0.030627
131.3151,5.9430,61.22,129.00,0.030345
131.4141,5.9430,61.22,129.00,0.030216
131.5192,5.9430,61.49,129.00,0.030612
131.6221,5.9430,61.76,129.00,0.030629
131.7278,5.9430,61.76,129.00,0.030829
131.8319,5.9430,61.49,129.00,0.031038
131.9354,5.9430,61.76,129.00,0.031107
132.0382,5.9430,61.49,129.00,0.030798
132.1402,5.9430,61.49,129.00,0.029807
132.2433,5.9430,61.49,129.00,0.031003
132.3473,5.9430,61.49,129.00,0.030916
132.4499,5.9430,61.49,129.00,0.030795
132.5522,5.9430,61.49,129.00,0.030298
132.6540,5.9430,61.49,129.00,0.030751
132.7519,5.9790,62.03,129.00,0.030053
132.8476,6.0150,61.49,129.00,0.029533
132.9439,6.0150,61.49,129.00,0.028178
133.0406,6.0150,62.03,129.00,0.028825
133.1360,6.0150,61.49,129.00,0.028936
133.2337,6.0150,61.76,129.00,0.030323
133.3340,5.9830,62.03,129.00,0.030258
133.4303,5.9510,61.76,128.50,0.030159
133.5263,5.9510,61.49,128.00,0.028968
133.6223,5.9510,61.49,129.00,0.029121
133.7173,5.9510,61.22,128.50,0.028392
133.8107,5.9510,61.49,128.00,0.028759
133.9100,5.9510,61.76,128.00,0.029645
134.0081,5.9510,62.03,128.50,0.030182
134.1067,5.9510,61.49,128.00,0.029506
134.2008,5.9510,61.76,128.00,0.027805
134.2969,5.9510,61.49,128.00,0.028160
134.3911,5.9510,61.22,128.50,0.029227
134.4877,5.9240,61.22,128.00,0.028763
134.5857,5.9240,61.49,128.00,0.029928
134.6821,5.9240,62.03,129.00,0.029193
134.7779,5.9240,61.76,128.50,0.030077
134.8748,5.9240,61.76,128.50,0.029780
134.9698,5.9240,61.49,128.00,0.029167
135.0660,5.9240,61.49,128.00,0.028443
135.1605,5.9240,62.30,128.00,0.027808
135.2557,5.9240,61.76,128.50,0.028355
135.3553,5.9410,61.76,128.00,0.028832
135.4583,5.9580,62.03,128.00,0.028930
135.5513,5.9580,61.76,128.00,0.027995
135.6480,5.9580,62.03,128.00,0.029320
135.7508,5.9580,61.49,128.00,0.030726
135.8560,5.9580,61.76,128.00,0.030329
135.9592,5.9580,62.03,128.00,0.030042
136.0617,5.9580,62.03,128.00,0.030120
136.1628,5.9580,61.76,128.00,0.030235
136.2667,5.9580,61.76,128.00,0.028991
136.3645,5.9640,61.76,128.00,0.027838
136.4608,5.9700,61.76,128.00,0.028494
136.5559,5.9700,61.76,128.00,0.028220
136.6563,5.9700,62.03,128.00,0.030076
136.7582,5.9700,61.76,128.00,0.029702
136.8539,5.9700,61.76,128.00,0.029527
136.9504,5.9700,61.76,128.00,0.029589
137.0440,5.9700,61.49,128.00,0.027889
137.1411,5.9700,62.03,128.00,0.027907
137.2341,5.9700,61.49,128.00,0.028140
137.3339,5.9545,61.49,128.00,0.030369
137.4294,5.9390,61.49,128.00,0.029119
137.5263,5.9390,61.76,128.00,0.029676
137.6231,5.9390,61.22,128.00,0.030598
137.7246,5.9390,61.49,128.00,0.029677
137.8257,5.9390,61.49,128.00,0.029459
137.9310,5.9390,61.49,128.00,0.029871
138.0317,5.9390,62.30,128.00,0.029052
138.1347,5.9390,61.49,128.00,0.030101
138.2355,5.9390,61.22,128.00,0.029434
138.3375,5.8760,61.49,128.00,0.028321
138.4338,5.8130,61.49,128.00,0.028424
138.5292,5.8130,61.49,128.00,0.029037
138.6392,5.8130,61.22,128.00,0.036860
138.7411,5.8130,61.49,128.00,0.029002
138.8438,5.8130,61.76,128.00,0.029771
138.9472,5.8130,62.03,128.00,0.028770
139.0516,5.8130,62.03,128.00,0.029493
139.1557,5.8130,61.76,128.00,0.030146
139.2580,5.8130,62.03,128.00,0.029515
139.3563,5.8320,62.03,127.00,0.029408
139.4610,5.8510,61.22,127.50,0.029996
139.5656,5.8510,61.49,127.00,0.029641
139.6657,5.8510,61.49,127.00,0.029951
139.7683,5.8510,61.76,127.50,0.029671
139.8709,5.8510,61.49,128.00,0.029550
139.9709,5.8510,61.22,128.00,0.029238
140.0660,5.8510,62.03,127.50,0.028822
140.1664,5.8510,61.49,127.00,0.028455
140.2651,5.8510,61.49,127.50,0.028906
140.3622,5.8970,61.49,127.00,0.028916
140.4614,5.9430,62.03,127.00,0.028959
140.5561,5.9430,61.22,127.00,0.029152
140.6502,5.9430,61.22,127.00,0.028348
140.7452,5.9430,61.76,127.00,0.028043
140.8432,5.9430,61.76,127.00,0.029978
140.9445,5.9430,61.22,127.00,0.029864
141.0405,5.9430,61.22,127.00,0.027837
141.1341,5.9430,62.30,127.00,0.028486
141.2288,5.9430,61.22,127.00,0.028480
141.3274,5.9600,61.49,127.00,0.029823
141.4252,5.9770,62.03,127.00,0.029211
141.5219,5.9770,62.03,127.00,0.029064
141.6193,5.9770,62.03,127.00,0.029775
141.7139,5.9770,61.49,127.00,0.029143
141.8097,5.9770,61.49,127.00,0.029299
141.9041,5.9770,62.03,127.00,0.028633
142.0026,5.9770,62.03,127.00,0.028960
142.0998,5.9770,61.76,127.00,0.029489
142.1968,5.9770,61.49,127.00,0.029315
142.2936,5.9770,61.49,127.00,0.029596
142.3921,5.9620,61.49,127.00,0.029944
142.4888,5.9620,61.49,127.00,0.028042
142.5870,5.9620,61.49,127.00,0.027907
142.6805,5.9620,62.03,127.00,0.028718
142.7787,5.9620,61.22,127.00,0.029592
142.8739,5.9620,61.49,127.00,0.029812
142.9717,5.9620,61.22,127.00,0.029638
143.0710,5.9620,62.03,127.00,0.029738
143.1708,5.9620,61.49,127.00,0.030179
143.2679,5.9620,62.03,127.00,0.029381
143.3693,5.9580,61.49,127.00,0.029578
143.4655,5.9540,61.76,127.00,0.029719
143.5612,5.9540,61.76,127.00,0.029118
143.6571,5.9540,61.49,127.00,0.029028
143.7562,5.9540,61.76,127.00,0.029011
143.8522,5.9540,61.22,127.00,0.028611
143.9507,5.9540,61.76,126.50,0.029424
144.0452,5.9540,61.49,126.00,0.028780
144.1420,5.9540,61.76,126.50,0.027971
144.2364,5.9540,61.76,126.50,0.027935
144.3344,5.9540,61.49,126.50,0.029145
144.4313,5.9850,62.03,126.00,0.028193
144.5287,5.9850,61.22,126.00,0.028132
144.6266,5.9850,61.49,126.00,0.029775
144.7220,5.9850,61.49,126.50,0.028101
144.8140,5.9850,61.76,127.00,0.028019
144.9096,5.9850,61.76,127.00,0.029024
145.0048,5.9850,61.49,126.50,0.029215
145.1018,5.9850,61.76,126.00,0.029349
145.1986,5.9850,61.49,126.00,0.029005
145.2943,5.9850,62.03,126.00,0.028908
145.3893,5.9810,61.49,126.00,0.028461
145.4841,5.9810,62.03,126.00,0.028526
145.5787,5.9810,61.49,126.00,0.029378
145.6785,5.9810,61.49,126.00,0.030001
145.7731,5.9810,61.49,126.00,0.029199
145.8694,5.9810,61.49,126.00,0.029088
145.9673,5.9810,61.49,126.00,0.030393
146.0680,5.9810,61.76,126.00,0.029313
146.1658,5.9810,61.76,126.00,0.029780
146.2629,5.9810,62.03,126.00,0.029815
146.3587,5.9885,61.76,126.00,0.030315
146.4578,5.9960,61.76,126.00,0.029614
146.5557,5.9960,61.76,126.00,0.029895
146.6534,5.9960,61.76,126.00,0.029863
146.7500,5.9960,62.03,126.00,0.029421
146.8471,5.9960,62.03,126.00,0.029225
146.9423,5.9960,61.49,126.00,0.029426
147.0394,5.9960,62.03,126.00,0.029104
147.1369,5.9960,62.03,126.00,0.028772
147.2343,5.9960,61.76,126.00,0.029364
147.3291,5.9770,61.76,126.50,0.029363
147.4259,5.9580,62.30,126.00,0.028958
147.5201,5.9580,61.49,126.00,0.029051
147.6166,5.9580,61.49,126.00,0.029281
147.7160,5.9580,61.22,126.00,0.029966
147.8125,5.9580,61.49,126.00,0.029368
147.9059,5.9580,61.76,126.00,0.028133
148.0000,5.9580,61.49,126.00,0.028044
148.0970,5.9580,61.76,126.00,0.028204
148.1956,5.9580,61.49,126.00,0.030302
148.2888,5.9580,61.22,126.00,0.027657
148.3865,5.9580,61.76,126.00,0.029285
148.4870,5.9580,61.76,126.00,0.030570
148.5860,5.9580,61.49,126.00,0.029324
148.6813,5.9580,61.22,126.00,0.029296
148.7770,5.9580,61.76,126.00,0.028077
148.8742,5.9580,61.76,126.00,0.029061
148.9725,5.9580,62.30,126.00,0.028719
149.0673,5.9580,61.76,126.00,0.028783
149.1661,5.9580,62.03,126.00,0.029779
149.2609,5.9580,61.76,126.00,0.029465
149.3592,5.9525,61.22,126.00,0.029228
149.4569,5.9470,61.49,126.00,0.029339
149.5551,5.9470,61.49,125.50,0.029401
149.6542,5.9470,61.49,125.00,0.029356
149.7915,5.9470,61.22,126.00,0.040802
149.8868,5.9470,61.76,127.00,0.028667
150.0264,5.9470,61.49,127.00,0.069262
150.1260,5.9470,61.22,127.00,0.029389
150.2378,5.9470,62.03,127.00,0.042754
150.3380,5.9470,61.76,127.00,0.029906
150.4334,5.9470,61.49,127.00,0.027776
150.5286,5.9470,62.30,127.00,0.028031
150.6223,5.9470,62.03,127.00,0.027974
150.7222,5.9470,61.76,127.00,0.029027
150.8218,5.9470,62.03,127.00,0.029146
150.9197,5.9470,62.03,127.00,0.028506
151.0201,5.9470,61.49,127.00,0.028234
151.1169,5.9470,61.76,127.00,0.028601
151.2149,5.9470,61.22,127.00,0.029661
151.3123,5.9470,61.49,127.00,0.030098
151.4115,5.9105,61.22,127.00,0.029148
151.5102,5.8740,61.76,127.00,0.029608
151.6088,5.8740,62.03,127.00,0.029100
151.7077,5.8740,62.03,127.00,0.030523
151.8077,5.8740,62.03,127.00,0.029913
151.9072,5.8740,61.49,127.00,0.029211
152.0076,5.8740,61.49,127.00,0.029710
152.1064,5.8740,61.49,127.00,0.030134
152.2042,5.8740,62.30,127.00,0.029503
152.3002,5.8740,62.03,127.00,0.028260
152.3981,5.8740,61.49,127.00,0.028567
152.4932,5.8740,61.22,127.00,0.028090
152.5943,5.9350,61.49,127.00,0.029543
152.6898,5.9350,62.03,127.00,0.029662
152.7903,5.9350,62.03,127.00,0.028865
152.8869,5.9350,62.30,127.00,0.028810
152.9863,5.9350,61.76,127.00,0.029634
153.0821,5.9350,61.49,127.00,0.029757
153.1785,5.9350,62.03,127.00,0.028817
153.2779,5.9350,62.03,127.00,0.029442
153.3783,5.9960,61.49,127.00,0.028924
153.4739,5.9960,61.76,127.00,0.028352
153.5736,5.9960,61.22,128.00,0.028761
153.6717,5.9960,61.76,128.00,0.029750
153.7733,5.9960,62.03,127.50,0.028686
153.8711,5.9960,61.76,127.00,0.029510
153.9714,5.9960,62.03,127.00,0.029488
154.0666,5.9960,61.76,127.00,0.029248
154.1649,5.9960,62.03,128.00,0.029669
154.2631,5.9960,62.03,128.00,0.028847
154.3639,5.9635,61.49,128.00,0.029911
154.4607,5.9310,61.76,128.00,0.028099
154.5566,5.9310,62.30,128.00,0.028116
154.6517,5.9310,61.49,128.00,0.028042
154.7513,5.9310,61.22,128.00,0.029848
154.8505,5.9310,61.76,128.00,0.029712
154.9505,5.9310,61.76,128.00,0.029901
155.0463,5.9310,61.76,128.00,0.029657
155.1438,5.9310,61.22,128.00,0.029130
155.2396,5.9310,61.49,128.00,0.028964
155.3377,5.9505,61.49,128.00,0.029690
155.4343,5.9700,61.49,128.00,0.028556
155.5309,5.9700,61.76,128.00,0.029195
155.6261,5.9700,61.22,128.00,0.028816
155.7258,5.9700,62.03,128.00,0.029299
155.9130,5.9700,62.03,129.50,0.074635
156.0783,5.9700,61.49,131.00,0.061950
156.1895,5.9700,61.76,129.50,0.039744
156.2920,5.9700,61.49,130.00,0.030277
156.3906,5.9090,61.76,130.00,0.030750
156.4988,5.9090,61.76,130.00,0.034476
156.5989,5.9090,62.03,130.00,0.030255
156.6971,5.9090,61.49,130.00,0.028206
156.7929,5.9090,61.49,130.00,0.028336
156.8866,5.9090,61.49,130.00,0.028155
156.9861,5.9090,61.76,130.00,0.029519
157.0823,5.9090,62.30,130.00,0.029593
157.1786,5.9090,61.49,130.00,0.028883
157.2771,5.9090,61.22,130.00,0.028530
157.3772,5.9390,61.76,130.00,0.029288
157.4741,5.9390,62.03,130.00,0.029560
157.5700,5.9390,61.76,130.00,0.029042
157.6689,5.9390,62.03,130.00,0.029801
157.7652,5.9390,61.76,130.00,0.029448
157.8616,5.9390,61.49,130.00,0.029569
157.9611,5.9390,61.22,130.00,0.029766
158.0563,5.9390,61.49,130.00,0.029185
158.1544,5.9390,61.49,130.00,0.029924
158.2502,5.9390,61.76,130.00,0.030227
158.3471,5.9675,61.22,130.00,0.029106
158.4430,5.9960,61.76,130.00,0.029870
158.5419,5.9960,61.22,130.00,0.029324
158.6375,5.9960,62.03,130.00,0.029905
158.7343,5.9960,62.30,130.00,0.029738
158.8313,5.9960,61.22,130.00,0.029171
158.9345,5.9960,61.22,130.00,0.030236
159.0299,5.9960,61.49,130.00,0.029474
159.1258,5.9960,62.03,130.00,0.029335
159.2195,5.9960,61.49,130.00,0.028540
159.3180,5.9620,61.76,130.00,0.028903
159.4142,5.9280,61.22,130.00,0.028941
159.5107,5.9280,62.03,130.00,0.028864
159.6051,5.9280,61.22,130.00,0.029275
159.7018,5.9280,61.22,130.00,0.028947
159.7953,5.9280,61.49,130.00,0.027532
159.8946,5.9280,62.30,130.00,0.029769
159.9897,5.9280,61.76,130.00,0.029979
160.0858,5.9280,62.30,130.00,0.029329
160.1798,5.9280,62.03,130.00,0.028794
160.2777,5.9280,62.03,130.00,0.029656
160.3833,5.9850,62.30,130.00,0.038034
160.5025,5.9850,61.76,130.00,0.055914
160.5976,5.9850,61.49,131.00,0.029992
160.6977,5.9850,61.49,131.00,0.031820
160.7971,5.9850,61.76,131.00,0.030964
160.8971,5.9850,61.22,131.00,0.027916
160.9928,5.9850,61.76,131.00,0.028162
161.0882,5.9850,61.22,131.00,0.028604
161.1828,5.9850,61.22,131.00,0.027689
161.2785,5.9850,61.76,131.00,0.028509
161.3731,5.9640,61.49,131.00,0.029049
161.4710,5.9430,62.03,131.00,0.027978
161.5667,5.9430,62.03,131.00,0.029322
161.6660,5.9430,62.03,131.00,0.029297
161.7598,5.9430,61.76,131.00,0.028262
161.8594,5.9430,61.76,131.00,0.029859
161.9547,5.9430,61.76,131.00,0.030095
162.0541,5.9430,61.49,131.00,0.029623
162.1482,5.9430,61.22,131.00,0.027951
162.2439,5.9430,61.76,131.00,0.028486
162.3424,5.9470,62.03,131.00,0.030057
162.4411,5.9510,62.30,131.00,0.030117
162.5377,5.9510,62.03,131.00,0.029789
162.6388,5.9510,61.76,131.00,0.029925
162.7350,5.9510,61.22,131.00,0.027905
162.8303,5.9510,61.76,131.00,0.028299
162.9245,5.9510,61.49,131.00,0.028634
163.0226,5.9510,61.49,131.00,0.029030
163.1179,5.9510,61.76,131.00,0.029167
163.2149,5.9510,61.76,131.00,0.028960
163.3115,5.9510,61.22,131.00,0.028184
163.4110,5.9240,62.03,131.00,0.029402
163.5094,5.9240,61.76,131.00,0.029632
163.6061,5.9240,61.49,131.00,0.028958
163.7017,5.9240,61.49,131.00,0.028518
163.7978,5.9240,61.76,131.00,0.028616
163.8943,5.9240,61.49,131.00,0.029649
163.9909,5.9240,61.76,131.00,0.029192
164.0862,5.9240,61.76,131.00,0.029169
164.1830,5.9240,61.76,131.00,0.029473
164.2819,5.9240,61.49,131.00,0.029288
164.3815,5.9510,62.03,131.00,0.029716
164.4782,5.9510,61.76,131.00,0.030143
164.5767,5.9510,61.49,131.00,0.029585
164.6734,5.9510,61.76,131.00,0.029986
164.7714,5.9510,61.49,131.00,0.029624
164.8691,5.9510,61.49,131.00,0.029283
164.9672,5.9510,62.03,131.00,0.029657
165.0609,5.9510,61.76,131.00,0.028417
165.1558,5.9510,61.22,131.00,0.028391
165.2525,5.9510,61.76,131.00,0.028818
165.3512,5.9660,61.76,131.00,0.028947
165.4469,5.9810,61.22,131.00,0.028767
165.5429,5.9810,61.76,131.00,0.028707
165.6389,5.9810,61.76,131.00,0.030094
165.7350,5.9810,61.49,131.00,0.029299
165.8304,5.9810,62.30,131.00,0.028947
165.9279,5.9810,62.03,131.00,0.029916
166.0252,5.9810,61.22,131.00,0.029630
166.1196,5.9810,61.76,131.00,0.027858
166.2141,5.9810,61.49,131.00,0.029028
166.3115,5.9810,61.22,131.00,0.029886
166.4074,5.9730,61.22,131.00,0.029244
166.5071,5.9730,61.22,131.00,0.029667
166.6057,5.9730,61.49,131.00,0.029975
166.7028,5.9730,61.76,131.00,0.029186
166.7971,5.9730,61.76,131.00,0.028046
166.9217,5.9730,61.76,133.50,0.057456
167.0648,5.9730,62.03,136.50,0.068173
167.2349,5.9730,61.76,136.00,0.073598
167.3382,6.0440,61.76,133.00,0.032563
167.4408,6.1150,61.76,132.50,0.030698
167.5866,6.1150,62.03,132.50,0.039075
167.7424,6.1150,61.22,133.00,0.072616
167.8632,6.1150,61.49,134.00,0.038769
167.9872,6.1150,61.76,134.50,0.050659
168.1297,6.1150,61.49,134.00,0.051301
168.3152,6.0405,61.49,134.50,0.076707
168.4792,5.9660,61.49,135.00,0.072433
168.6176,5.9660,61.49,135.00,0.046145
168.7755,5.9660,61.76,135.00,0.066257
168.9453,5.9660,61.22,135.50,0.082867
169.1213,5.9660,61.76,136.00,0.079142
169.2770,5.9660,61.49,137.00,0.061640
169.4303,5.9660,62.03,137.00,0.058882
169.5548,5.8890,61.76,137.50,0.050047
169.7152,5.8890,62.03,138.00,0.077289
169.8131,5.8890,61.49,138.00,0.028147
169.9095,5.8890,61.22,138.00,0.030137
170.0206,5.8890,61.49,137.50,0.039382
170.1219,5.8890,61.76,137.00,0.030053
170.2255,5.8890,61.49,137.00,0.030965
170.3308,5.8815,61.22,137.00,0.032611
170.4281,5.8740,61.22,137.00,0.028652
170.5239,5.8740,61.49,137.00,0.028605
170.6263,5.8740,61.49,137.00,0.031280
170.7287,5.8740,62.03,137.00,0.029657
170.8349,5.8740,61.76,137.00,0.031674
170.9408,5.8740,61.49,137.00,0.030596
171.0473,5.8740,61.76,137.00,0.030870
171.1516,5.8740,61.76,137.00,0.030999
171.2562,5.8740,62.03,137.00,0.031409
171.3602,5.8395,61.49,137.00,0.029965
171.4621,5.8050,61.49,137.00,0.030137
171.5657,5.8050,61.76,137.00,0.030858
171.6691,5.8050,61.22,137.00,0.030689
171.7708,5.8050,61.49,137.00,0.031373
171.8719,5.8050,61.49,137.00,0.028827
171.9693,5.8050,61.76,137.00,0.028043
172.0837,5.8050,61.76,137.00,0.046045
172.3031,5.8050,61.49,138.00,0.121067
172.4440,5.9580,61.49,138.00,0.057091
172.5412,5.9580,61.22,138.00,0.027871
172.6341,5.9580,61.22,138.00,0.028168
172.7279,5.9580,62.03,138.00,0.028112
172.8267,5.9580,61.76,138.00,0.029696
172.9254,5.9580,61.49,138.00,0.028692
173.0224,5.9580,62.03,138.00,0.029379
173.1559,5.9580,61.76,138.00,0.063408
173.3033,5.9580,61.22,138.00,0.056704
173.4531,5.9890,61.49,138.00,0.052830
173.5809,5.9890,61.76,137.50,0.030126
173.6793,5.9890,61.22,137.00,0.030344
173.7821,5.9890,61.76,137.00,0.030498
173.8880,5.9890,61.22,137.00,0.031013
173.9930,5.9890,62.03,137.00,0.030219
174.0892,5.9890,61.49,137.00,0.028317
174.1829,5.9890,61.76,137.00,0.028254
174.2837,5.9890,61.49,137.00,0.030113
174.3877,5.9890,61.22,137.00,0.030302
174.4913,5.9890,62.03,137.00,0.030130
174.5915,5.9890,61.49,137.00,0.029525
174.6936,5.9890,61.76,137.00,0.029682
174.7994,5.9890,61.76,137.00,0.030161
174.9034,5.9890,61.22,137.00,0.030869
175.0066,5.9890,61.22,137.00,0.030569
175.1119,5.9890,61.22,137.00,0.030542
175.2176,5.9890,61.76,137.00,0.030832
175.3220,5.9890,62.30,137.00,0.032153
175.4273,5.9890,61.22,137.00,0.030518
175.5333,5.9890,61.49,137.00,0.030778
175.6333,5.9890,61.76,137.00,0.028329
175.7276,5.9890,61.49,137.00,0.028324
175.8301,5.9890,61.22,137.00,0.029177
175.9337,5.7830,61.22,137.00,0.030135
176.0385,5.7830,61.76,137.00,0.029205
176.1365,5.7830,61.76,137.00,0.027915
176.2317,5.7830,61.49,137.00,0.028394
176.3343,5.8345,61.22,137.00,0.030163
176.4331,5.8860,61.49,137.00,0.027856
176.5300,5.8860,61.49,137.00,0.028798
176.6321,5.8860,61.76,137.00,0.029447
176.7335,5.8860,61.22,137.00,0.029437
176.8318,5.8860,61.49,137.00,0.029498
176.9324,5.8860,61.49,137.00,0.028612
177.0313,5.8860,61.49,137.00,0.029855
177.1341,5.8860,61.76,137.00,0.029439
177.2348,5.8860,61.76,137.00,0.029122
177.3362,5.8860,62.03,137.00,0.027578
177.4342,5.8860,62.03,137.00,0.028074
177.5289,5.8860,61.22,137.00,0.028572
177.6350,5.8360,61.22,137.00,0.031481
177.7395,5.8360,62.03,137.00,0.030100
177.8428,5.8360,61.22,137.00,0.030097
177.9501,5.8360,62.30,137.00,0.029909
178.0563,5.8360,61.49,137.00,0.029405
178.1579,5.8360,61.76,137.00,0.028543
178.2526,5.8360,61.49,137.00,0.028602
178.3513,5.8360,61.76,137.00,0.029847
178.4534,6.0080,62.03,137.00,0.027937
178.5473,6.0080,61.22,137.00,0.027933
178.6475,6.0080,61.49,137.00,0.029630
178.7509,6.0080,61.49,137.00,0.030862
178.8488,6.0080,61.49,137.00,0.029332
178.9459,6.0080,62.03,137.00,0.028726
179.0429,6.0080,61.22,137.00,0.029151
179.1384,6.0080,61.76,137.00,0.029663
179.2354,6.0080,61.49,137.00,0.029132
179.3314,5.9830,61.22,137.00,0.029220
179.4337,5.9580,61.76,137.00,0.029735
179.5314,5.9580,61.49,137.00,0.029637
179.6359,5.9580,62.03,137.00,0.031236
179.7382,5.9580,62.03,137.00,0.029420
179.8407,5.9580,61.49,137.00,0.029785
179.9421,5.9580,61.49,137.00,0.030069
180.0474,5.9580,61.49,137.00,0.030374
180.1569,5.9580,62.03,137.00,0.033619
180.2615,5.9580,61.76,137.00,0.030901
180.3720,5.9695,61.49,137.00,0.032081
180.4789,5.9810,61.49,137.00,0.030598
180.5853,5.9810,61.76,137.00,0.030914
180.6913,5.9810,62.03,137.00,0.031107
180.7949,5.9810,62.03,137.00,0.030477
180.8988,5.9810,62.03,137.00,0.030596
181.0028,5.9810,61.22,137.00,0.030996
181.1086,5.9810,61.76,137.00,0.030302
181.2036,5.9810,61.49,137.00,0.028143
181.2999,5.9810,61.76,137.00,0.028594
181.4029,5.9810,61.49,137.00,0.030955
181.5083,5.9810,61.49,137.00,0.030589
181.6159,5.9810,61.76,137.00,0.032106
181.7205,5.9810,61.22,137.00,0.030612
181.8245,5.9810,61.49,137.00,0.030484
181.9275,5.9810,62.03,137.00,0.029809
182.0341,5.9810,61.49,137.00,0.030633
182.1398,5.9810,61.76,137.00,0.030414
182.2447,5.9810,61.76,137.00,0.029905
182.3461,5.9810,61.49,137.00,0.030211
182.4522,5.9810,61.22,137.00,0.029977
182.5563,5.9810,62.03,137.00,0.029791
182.6617,5.9810,61.22,137.00,0.029493
182.7646,5.8835,61.22,137.00,0.030037
182.8682,5.7860,61.76,137.00,0.029304
182.9718,5.7860,61.49,137.00,0.029352
183.0760,5.7860,61.49,137.00,0.029613
183.1734,5.7860,61.49,137.00,0.028401
183.2677,5.7860,61.49,137.00,0.028454
183.3646,5.7860,62.03,137.00,0.028654
183.4681,5.8360,61.76,137.00,0.030346
183.5725,5.8360,61.76,137.00,0.030504
183.6764,5.8360,61.76,137.00,0.030093
183.7821,5.8360,61.22,137.00,0.029923
183.8852,5.8360,61.49,137.00,0.029266
183.9886,5.8360,62.03,137.00,0.030015
184.0942,5.8360,62.03,137.00,0.029591
184.1999,5.8360,61.22,137.00,0.029816
184.3033,5.8360,61.22,137.00,0.029103
184.4077,5.7980,61.49,137.00,0.029456
184.5111,5.7980,61.49,137.00,0.029487
184.6130,5.7980,61.22,136.50,0.029367
184.7142,5.7980,61.22,136.50,0.029318
184.8180,5.7980,61.49,136.00,0.029600
184.9202,5.7980,61.49,136.00,0.029016
185.0271,5.7980,61.76,136.00,0.030257
185.1289,5.7980,61.22,136.00,0.028107
185.2230,5.7980,62.03,136.00,0.028067
185.3219,5.7980,61.76,136.00,0.028821
185.4247,5.8570,61.22,136.00,0.030118
185.5303,5.9160,61.49,136.00,0.029489
185.6371,5.9160,61.76,136.00,0.030428
185.7396,5.9160,61.76,136.00,0.029693
185.8450,5.9160,61.49,136.00,0.029365
185.9492,5.9160,61.22,136.00,0.029838
186.0537,5.9160,61.49,136.00,0.030127
186.1584,5.9160,61.49,136.00,0.030309
186.2633,5.9160,61.49,136.00,0.030065
186.3658,5.8800,61.22,136.00,0.030176
186.4671,5.8440,61.49,136.00,0.028468
186.5744,5.8440,61.76,136.00,0.030728
186.6753,5.8440,61.49,136.00,0.029092
186.8331,5.8440,61.49,136.00,0.084062
186.9852,5.8440,62.03,137.00,0.062238
187.1138,5.8440,61.49,136.50,0.046759
187.2414,5.8440,61.49,135.50,0.030936
187.3463,5.8935,61.22,136.00,0.030325
187.4468,5.9430,61.49,136.00,0.030372
187.5479,5.9430,62.03,136.00,0.029568
187.6465,5.9430,61.22,136.00,0.028852
187.7404,5.9430,61.22,136.00,0.028533
187.8403,5.9430,62.03,136.00,0.028707
187.9398,5.9430,61.49,136.00,0.029185
188.0381,5.9430,61.49,136.00,0.028400
188.1338,5.9430,61.22,135.50,0.028679
188.2641,5.9430,61.22,135.50,0.059556
188.4252,5.9430,61.49,136.00,0.074589
188.5669,5.9430,62.03,135.50,0.060500
188.6972,5.9430,61.49,135.50,0.029273
188.7949,5.9430,61.76,136.00,0.029478
188.8903,5.9430,61.49,136.00,0.029704
188.9901,5.9430,61.76,136.00,0.029781
189.0921,5.9430,61.76,136.00,0.029605
189.1952,5.9430,61.76,136.00,0.030229
189.2998,5.9430,61.49,136.00,0.030864
189.4011,5.9390,61.22,136.00,0.028174
189.4981,5.9390,61.76,136.00,0.029058
189.5998,5.9390,61.49,136.00,0.030565
189.6985,5.9390,61.49,136.00,0.028245
189.7939,5.9390,61.76,135.50,0.029052
189.8954,5.9390,61.49,135.00,0.031172
189.9991,5.9390,61.49,135.00,0.031086
190.1045,5.9390,61.76,135.00,0.030618
190.2106,5.9390,61.49,135.00,0.031175
190.3160,5.9030,61.76,135.00,0.030890
190.4205,5.8670,62.30,135.00,0.030651
190.5218,5.8670,61.49,135.00,0.030282
190.6240,5.8670,61.76,135.00,0.030953
190.7246,5.8670,61.22,135.00,0.028210
190.8234,5.8670,61.76,135.00,0.028360
190.9224,5.8670,61.49,135.00,0.028654
191.0263,5.8670,62.30,135.00,0.031170
191.1321,5.8670,61.76,135.00,0.030765
191.2359,5.8670,61.49,135.00,0.030937
191.3423,5.8765,61.76,135.00,0.030557
191.4443,5.8860,61.76,135.00,0.030493
191.5423,5.8860,62.30,135.00,0.028040
191.6369,5.8860,62.03,135.00,0.029203
191.7349,5.8860,61.22,135.00,0.029956
191.8342,5.8860,61.49,135.00,0.031093
191.9387,5.8860,61.49,135.00,0.030554
192.0448,5.8860,61.49,135.00,0.030704
192.1491,5.8860,61.22,135.00,0.030794
192.2523,5.8860,62.30,135.00,0.030010
192.3539,5.8305,61.49,135.00,0.029409
192.4525,5.7750,61.76,135.00,0.029832
192.5533,5.7750,61.22,135.00,0.028917
192.6496,5.7750,61.76,135.00,0.030295
192.7450,5.7750,61.49,135.00,0.027908
192.8382,5.7750,61.49,135.00,0.028085
192.9331,5.7750,61.76,135.00,0.027929
193.0299,5.7750,62.03,134.50,0.029340
193.1271,5.7750,62.03,134.50,0.029415
193.2225,5.7750,61.76,134.00,0.029212
193.3198,5.8800,61.49,134.00,0.029399
193.4177,5.9850,61.22,134.00,0.029216
193.5183,5.9850,61.76,134.00,0.029062
193.6156,5.9850,62.03,134.50,0.028527
193.7109,5.9850,61.22,134.00,0.028099
193.8063,5.9850,61.76,134.00,0.029082
193.9057,5.9850,62.03,134.00,0.029104
194.0034,5.9850,61.76,134.00,0.029362
194.1011,5.9850,62.03,134.00,0.029507
194.1990,5.9850,61.76,134.00,0.029427
194.2986,5.9850,61.76,134.00,0.029783
194.3938,5.9240,62.30,134.00,0.029177
194.4901,5.9240,61.49,134.00,0.029314
194.5877,5.9240,61.76,134.00,0.029202
194.6896,5.9240,62.30,134.00,0.030994
194.7922,5.9240,61.22,132.00,0.031513
194.8951,5.9240,61.49,130.00,0.030529
194.9989,5.9240,61.49,130.00,0.030818
195.0990,5.9240,61.76,130.00,0.028795
195.1979,5.9240,61.22,130.00,0.029013
195.2993,5.9240,61.76,130.00,0.030582
195.4044,6.0040,61.49,130.00,0.031052
195.5064,6.0040,61.49,130.00,0.030886
195.6093,6.0040,61.76,130.00,0.030164
195.7094,6.0040,61.76,130.00,0.030121
195.8164,6.0040,61.49,130.00,0.031885
195.9227,6.0040,61.49,130.00,0.030880
196.0240,6.0040,61.49,130.00,0.030444
196.1275,6.0040,61.76,130.00,0.030976
196.2315,6.0040,61.76,130.00,0.029850
196.3313,6.0040,61.22,130.00,0.029184
196.4288,5.9485,62.03,130.00,0.030553
196.5287,5.8930,61.22,130.00,0.028228
196.6257,5.8930,61.49,130.00,0.028568
196.7278,5.8930,61.76,130.00,0.031078
196.8353,5.8930,61.76,130.00,0.030298
196.9426,5.8930,61.76,130.00,0.030856
197.0829,5.8930,62.03,131.00,0.064121
197.2343,5.8930,61.76,131.50,0.065310
197.4085,5.9105,61.49,132.00,0.087027
197.5209,5.9280,61.49,132.00,0.028085
197.6169,5.9280,61.76,132.00,0.028469
197.7129,5.9280,62.03,132.00,0.028845
197.8157,5.9280,61.49,132.00,0.030169
197.9231,5.9280,61.76,132.00,0.029887
198.0313,5.9280,61.76,132.00,0.029703
198.1361,5.9280,61.76,132.00,0.029441
198.2389,5.9280,62.03,132.00,0.029826
198.3451,5.8440,61.22,132.00,0.029775
198.4489,5.7600,61.49,132.00,0.029485
198.5499,5.7600,61.49,132.00,0.029704
198.6529,5.7600,61.22,132.00,0.029556
198.7550,5.7600,61.49,132.00,0.029044
198.8582,5.7600,61.76,132.00,0.029757
198.9611,5.7600,61.76,132.00,0.030186
199.0670,5.7600,61.76,132.00,0.030452
199.1708,5.7600,61.76,132.00,0.031143
199.2755,5.7600,61.49,131.50,0.031900
199.3789,5.7940,61.49,131.00,0.028782
199.4799,5.8280,61.49,131.00,0.030648
199.5736,5.8280,61.49,131.00,0.027926
199.6705,5.8280,61.76,131.00,0.028570
199.7675,5.8280,61.76,131.00,0.030578
199.8752,5.8280,62.03,131.00,0.029935
199.9788,5.8280,61.76,131.00,0.030417
200.0890,5.8280,61.76,131.00,0.031354
200.1990,5.8280,61.49,131.00,0.030586
200.3083,5.8280,62.03,131.00,0.031899
200.4194,5.8050,61.22,131.00,0.032119
200.5179,5.8050,61.22,131.00,0.027833
200.6126,5.8050,61.49,131.00,0.028452
200.7141,5.8050,61.76,131.00,0.029154
200.8193,5.8050,61.49,131.00,0.030310
200.9242,5.8050,62.03,131.00,0.030511
201.0239,5.8050,61.76,131.00,0.028319
201.1206,5.8050,61.22,131.00,0.028495
201.2199,5.8050,61.49,131.00,0.030028
201.3213,5.8050,61.22,131.00,0.028095
201.4173,5.8050,61.49,131.00,0.028819
201.5159,5.8050,61.49,131.00,0.028245
201.6180,5.7710,61.49,131.00,0.030748
201.7231,5.7370,61.76,131.00,0.030098
201.8289,5.7370,61.76,131.00,0.030634
201.9332,5.7370,61.49,130.00,0.030259
202.0365,5.7370,61.49,130.00,0.028671
202.1333,5.7370,61.22,130.00,0.028783
202.2371,5.7370,61.76,130.50,0.029454
202.3452,5.8190,61.49,131.00,0.030436
202.4506,5.9010,61.76,131.00,0.030208
202.5548,5.9010,61.76,131.00,0.030563
202.6620,5.9010,61.22,131.00,0.031283
202.7666,5.9010,61.49,131.00,0.030016
202.8804,5.9010,61.49,131.00,0.041467
203.0160,5.9010,62.03,132.00,0.049736
203.1599,5.9010,61.49,133.00,0.055827
203.2982,5.9010,62.03,133.00,0.057428
203.4224,5.9120,61.22,134.00,0.029922
203.5201,5.9120,61.49,134.00,0.030035
203.6159,5.9120,61.22,134.00,0.029422
203.7134,5.9120,61.76,134.00,0.029679
203.8088,5.9120,62.03,134.00,0.029404
203.9039,5.9120,62.30,134.00,0.028227
203.9991,5.9120,62.03,134.00,0.028028
204.0944,5.9120,61.76,134.00,0.028634
204.1886,5.9120,61.22,134.00,0.028241
204.2840,5.9120,61.22,134.00,0.028070
204.3805,5.9370,61.76,134.00,0.029248
204.4788,5.9620,61.49,134.00,0.029185
204.5770,5.9620,61.76,134.00,0.029115
204.7336,5.9620,61.76,134.00,0.069259
204.8631,5.9620,62.30,134.00,0.050560
205.0113,5.9620,61.22,134.50,0.060963
205.1121,5.9620,61.76,135.00,0.029780
205.2096,5.9620,62.03,135.00,0.029211
205.3104,5.9430,61.76,135.00,0.029723
205.4091,5.9240,61.76,135.00,0.028628
205.5073,5.9240,62.03,135.00,0.029232
205.6042,5.9240,61.22,135.00,0.028844
205.7021,5.9240,61.76,135.00,0.028944
205.8014,5.9240,61.49,135.00,0.028903
205.9059,5.9240,61.49,135.00,0.029562
206.0097,5.9240,61.49,135.00,0.029204
206.1141,5.9240,61.76,135.00,0.029754
206.2184,5.9240,61.22,135.00,0.028544
206.3227,5.9240,61.76,135.00,0.029888
206.4259,5.9240,61.76,135.00,0.030007
206.5331,5.9240,61.22,135.00,0.029882
206.6358,5.9240,61.76,135.00,0.030637
206.7384,5.9240,61.76,135.00,0.030008
206.8406,5.9240,61.49,135.00,0.029323
206.9441,5.9240,61.76,135.00,0.030166
207.0398,5.9240,61.76,135.00,0.028043
207.1358,5.9240,61.22,135.00,0.028220
207.2337,5.9240,62.03,135.00,0.027848
207.3274,5.9240,61.22,135.00,0.028241
207.4313,5.9240,62.03,135.00,0.030482
207.5345,5.8705,61.49,135.00,0.030866
207.6391,5.8170,61.22,135.00,0.029238
207.7439,5.8170,61.76,135.00,0.029801
207.8455,5.8170,61.76,135.00,0.030315
207.9488,5.8170,61.76,135.00,0.029485
208.0514,5.8170,61.76,135.00,0.029664
208.1519,5.8170,62.03,135.00,0.027618
208.2496,5.8170,61.76,135.00,0.028145
208.3489,5.8190,61.49,135.00,0.029602
208.4545,5.8210,61.76,135.00,0.030299
208.5583,5.8210,61.76,135.00,0.030473
208.6581,5.8210,62.03,135.00,0.029161
208.7550,5.8210,61.49,135.00,0.029847
208.8597,5.8210,62.03,135.00,0.030539
208.9634,5.8210,61.76,135.00,0.030723
209.0680,5.8210,61.76,135.00,0.030059
209.1725,5.8210,61.49,135.00,0.029717
209.2780,5.8210,61.49,135.00,0.030415
209.3820,5.8400,61.22,135.00,0.029697
209.4844,5.8400,61.76,135.00,0.029705
209.5868,5.8400,61.76,135.00,0.029717
209.6910,5.8400,61.22,135.00,0.029993
209.7904,5.8400,61.49,135.00,0.028472
209.8903,5.8400,60.95,135.00,0.029922
209.9946,5.8400,61.76,135.00,0.030082
210.0992,5.8400,62.03,135.00,0.029590
210.2032,5.8400,61.76,134.00,0.029763
210.3084,5.8420,62.03,134.00,0.029357
210.4115,5.8440,61.22,134.00,0.029788
210.5162,5.8440,61.49,134.00,0.029239
210.6214,5.8440,61.49,134.00,0.029892
210.7264,5.8440,60.95,134.00,0.030190
210.8315,5.8440,61.22,134.00,0.029547
210.9348,5.8440,61.76,134.00,0.029515
211.0386,5.8440,61.49,134.00,0.029800
211.1414,5.8440,61.22,134.00,0.029758
211.2459,5.8440,61.22,134.00,0.029516
211.3505,5.8875,62.30,134.00,0.029831
211.4540,5.9310,61.22,134.00,0.030029
211.5581,5.9310,61.76,134.00,0.029674
211.6617,5.9310,62.03,134.00,0.030404
211.7647,5.9310,61.49,134.00,0.029806
211.8649,5.9310,61.76,134.00,0.029186
211.9666,5.9310,61.49,134.00,0.030367
212.0679,5.9310,62.03,134.00,0.029689
212.1738,5.9310,61.22,134.00,0.030117
212.2771,5.9310,62.03,134.00,0.030269
212.3788,5.8440,61.22,134.00,0.029995
212.4833,5.8440,61.49,134.00,0.030428
212.5866,5.8440,61.22,134.00,0.030158
212.6918,5.8440,61.22,134.00,0.030773
212.7940,5.8440,61.49,133.50,0.030157
212.8992,5.8440,61.76,133.00,0.030780
213.0054,5.8440,61.49,133.00,0.031274
213.1119,5.8440,61.76,133.00,0.030932
213.2155,5.8440,61.22,133.00,0.030807
213.3192,5.8440,61.76,133.50,0.030667
213.4254,5.9660,62.03,133.00,0.030295
213.5301,5.9660,62.03,133.00,0.030874
213.6339,5.9660,61.49,133.00,0.031338
213.7302,5.9660,61.76,133.00,0.028489
213.8243,5.9660,61.76,133.00,0.028544
213.9245,5.9660,62.03,133.00,0.029728
214.0265,5.9660,61.22,133.00,0.029996
214.1313,5.9660,61.22,133.00,0.030797
214.2363,5.9660,61.49,133.00,0.030461
214.3385,5.9660,62.30,133.00,0.029845
214.4405,5.9660,61.76,133.00,0.027902
214.5330,5.9660,61.49,133.00,0.027814
214.6309,5.9660,61.76,133.00,0.028476
214.7328,5.9660,61.76,133.00,0.030125
214.8328,5.9660,62.03,133.00,0.029357
214.9353,5.9660,61.76,133.00,0.029117
215.0372,5.9660,61.49,133.00,0.028870
215.1423,5.9660,61.76,133.00,0.029754
215.2456,5.9660,61.49,133.00,0.029557
215.3391,5.9660,61.49,133.00,0.028450
215.4360,5.9660,61.22,133.00,0.028109
215.5341,5.9660,61.76,133.00,0.030271
215.6397,5.9660,61.49,133.00,0.030225
215.7419,5.7290,61.49,133.00,0.028406
215.8389,5.7290,61.22,133.00,0.029486
215.9431,5.7290,62.03,133.00,0.029209
216.0467,5.7290,61.22,133.00,0.030167
216.1501,5.7290,61.22,133.00,0.029975
216.2533,5.7290,61.49,133.00,0.029504
216.3573,5.7655,62.30,132.50,0.029919
216.4616,5.8020,61.49,132.50,0.030236
216.5669,5.8020,61.76,132.00,0.030229
216.6707,5.8020,61.22,132.00,0.030314
216.7742,5.8020,61.76,132.00,0.030321
216.8781,5.8020,61.49,132.00,0.029855
216.9783,5.8020,61.49,132.00,0.029670
217.0826,5.8020,61.22,132.00,0.028318
217.1847,5.8020,61.22,132.00,0.028970
217.2832,5.8020,61.76,132.00,0.029431
217.3854,5.8470,61.76,132.00,0.029144
217.4828,5.8470,61.22,132.00,0.029282
217.5796,5.8470,62.03,132.00,0.028619
217.6808,5.8470,61.22,132.00,0.027800
217.7738,5.8470,61.49,132.50,0.027881
217.8685,5.8470,61.49,132.00,0.028173
217.9648,5.8470,62.03,132.00,0.030605
218.0674,5.8470,62.03,132.00,0.030649
218.1711,5.8470,61.22,132.00,0.030509
218.2784,5.8470,61.22,132.00,0.031348
218.3815,5.9240,62.03,132.00,0.030369
218.4828,5.9240,61.22,132.00,0.030662
218.5874,5.9240,61.49,132.00,0.030644
218.6883,5.9240,61.49,132.00,0.030232
218.7885,5.9240,62.03,132.00,0.030624
218.8943,5.9240,61.49,132.00,0.030617
218.9977,5.9240,61.49,132.00,0.031027
219.0992,5.9240,61.76,132.00,0.031146
219.2018,5.9240,61.49,132.00,0.030041
219.3039,5.9240,61.22,132.00,0.030606
219.4052,5.9240,61.49,132.00,0.030332
219.5090,5.9240,61.49,132.00,0.030263
219.6115,5.9240,61.49,132.00,0.030563
219.7142,5.9240,61.76,132.00,0.030125
219.8084,5.9240,61.49,132.00,0.027591
219.9048,5.9240,61.49,132.00,0.028516
220.0046,5.9240,61.76,132.50,0.030391
220.1086,5.9240,61.49,133.00,0.031370
220.2152,5.9240,61.49,133.00,0.031369
220.3197,5.9240,61.76,133.00,0.030959
220.4238,5.9240,61.49,133.00,0.031113
220.5291,5.9240,62.03,133.00,0.030378
220.6332,5.9240,61.49,133.00,0.031147
220.7396,5.9470,61.49,133.00,0.030775
220.8429,5.9700,61.76,133.00,0.029875
220.9484,5.9700,61.49,133.00,0.030150
221.0501,5.9700,61.49,133.00,0.030751
221.1555,5.9700,61.76,133.00,0.029970
221.2605,5.9700,61.49,133.00,0.029140
221.3556,5.9700,61.76,133.00,0.028223
221.4511,5.9700,61.76,133.00,0.028381
221.5496,5.9355,62.03,133.00,0.030532
221.6548,5.9010,61.22,133.00,0.030309
221.7547,5.9010,61.76,133.00,0.030458
221.8496,5.9010,61.76,133.00,0.029320
221.9467,5.9010,61.76,133.00,0.029625
222.0422,5.9010,62.03,133.00,0.029007
222.1369,5.9010,61.76,133.00,0.027711
222.2303,5.9010,61.76,133.00,0.027919
222.3273,5.9485,61.76,133.00,0.030211
222.4250,5.9960,61.76,133.00,0.029321
222.5261,5.9960,61.76,133.00,0.029657
222.6230,5.9960,61.76,133.00,0.029218
222.7183,5.9960,61.76,133.00,0.027682
222.8115,5.9960,61.49,133.00,0.027884
222.9094,5.9960,61.76,133.00,0.028914
223.0071,5.9960,61.76,133.00,0.028975
223.1047,5.9960,61.49,133.00,0.028439
223.1992,5.9960,62.03,133.00,0.027880
223.2941,5.9960,61.76,133.00,0.028021
223.3919,5.9695,62.03,133.00,0.029805
223.4879,5.9430,61.76,133.00,0.027750
223.5811,5.9430,61.76,133.00,0.028388
223.6759,5.9430,61.76,133.00,0.027838
223.7716,5.9430,61.76,133.00,0.029520
223.8706,5.9430,61.49,133.00,0.029572
223.9659,5.9430,62.30,133.00,0.029787
224.0652,5.9430,61.22,133.00,0.029350
224.1580,5.9430,62.03,133.00,0.027697
224.2580,5.9430,61.22,133.00,0.029208
224.3530,5.9735,61.49,133.00,0.028647
224.4529,6.0040,61.49,133.00,0.029433
224.5486,6.0040,61.76,133.00,0.027857
224.6465,6.0040,61.76,133.00,0.028542
224.7417,6.0040,61.49,133.00,0.029122
224.8383,6.0040,62.03,133.00,0.028849
224.9338,6.0040,61.76,133.00,0.029537
225.0314,6.0040,62.03,133.00,0.027882
225.1250,6.0040,61.76,133.00,0.028454
225.2199,6.0040,62.30,133.00,0.028114
225.3149,5.9980,61.49,133.00,0.029895
225.4116,5.9920,61.76,133.00,0.028802
225.5115,5.9920,61.49,133.00,0.030244
225.6103,5.9920,61.49,133.00,0.029525
225.7102,5.9920,61.22,133.00,0.030869
225.8128,5.9920,62.03,133.00,0.027972
225.9063,5.9920,61.49,133.00,0.028371
226.0013,5.9920,62.30,133.00,0.028224
226.1004,5.9920,61.49,133.00,0.030203
226.2025,5.9920,62.30,133.00,0.029868
226.3018,5.9920,61.49,133.00,0.028651
226.4033,5.9580,62.03,133.00,0.029908
226.5054,5.9240,62.03,133.00,0.029918
226.6092,5.9240,61.76,133.00,0.029633
226.7108,5.9240,61.76,133.00,0.029693
226.8139,5.9240,61.49,133.00,0.029822
226.9186,5.9240,62.03,133.00,0.029456
227.0179,5.9240,61.76,133.00,0.028833
227.1157,5.9240,61.22,133.00,0.029843
227.2180,5.9240,61.76,133.00,0.029619
227.3233,5.9390,62.03,133.00,0.030094
227.4264,5.9540,61.76,133.00,0.029786
227.5302,5.9540,61.22,133.00,0.029546
227.6362,5.9540,61.22,133.00,0.029685
227.7380,5.9540,61.76,133.00,0.030496
227.8425,5.9540,61.49,133.00,0.030467
227.9458,5.9540,61.76,133.00,0.030198
228.0474,5.9540,62.03,133.00,0.029532
228.1481,5.9540,61.76,133.00,0.029960
228.2490,5.9540,61.49,133.00,0.029463
228.3486,5.9540,61.49,133.00,0.027808
228.4439,5.9540,61.49,133.00,0.028335
228.5417,5.9540,61.49,133.00,0.028218
228.6386,5.9540,61.76,133.00,0.029423
228.7425,5.9540,61.49,133.00,0.029247
228.8450,5.9540,61.76,133.00,0.029150
228.9484,5.9540,61.22,133.00,0.029348
229.0543,5.9540,62.03,133.00,0.030266
229.1578,5.9540,62.03,133.00,0.029723
229.2624,5.9540,61.49,133.00,0.029218
229.3629,5.9540,62.03,133.00,0.029845
229.4641,5.9540,62.03,133.00,0.028613
229.5574,5.9540,61.49,133.00,0.028317
229.6559,5.9540,61.22,133.00,0.029940
229.7552,5.8475,61.49,133.00,0.030342
229.8541,5.7410,61.49,133.00,0.028322
229.9484,5.7410,61.22,133.00,0.028532
230.0529,5.7410,62.03,133.00,0.030782
230.1571,5.7410,61.22,133.00,0.031475
230.2608,5.7410,61.49,133.00,0.030878
230.3630,5.8210,61.76,133.00,0.030645
230.4648,5.9010,61.49,133.00,0.030306
230.5686,5.9010,62.03,133.00,0.030684
230.6714,5.9010,61.76,133.00,0.030664
230.7729,5.9010,61.76,133.00,0.030784
230.8771,5.9010,61.76,133.00,0.031139
230.9826,5.9010,61.76,133.00,0.030931
231.0865,5.9010,61.49,133.00,0.030660
231.1869,5.9010,61.22,133.00,0.029237
231.2869,5.9010,61.76,133.00,0.029170
231.3897,5.8590,62.03,133.00,0.031027
231.4882,5.8170,61.49,133.00,0.029486
231.5885,5.8170,61.76,133.00,0.030920
231.6947,5.8170,61.49,132.50,0.030852
231.7986,5.8170,62.30,132.00,0.030496
231.9000,5.8170,62.03,133.00,0.030856
232.0031,5.8170,61.76,133.00,0.030644
232.1103,5.8170,61.49,133.00,0.031168
232.2157,5.8170,61.49,133.00,0.029898
232.3208,5.8000,61.22,133.00,0.030033
232.4241,5.7830,61.49,133.00,0.029634
232.5239,5.7830,61.49,133.00,0.028292
232.6167,5.7830,61.76,133.00,0.027849
232.7126,5.7830,61.22,133.00,0.028502
232.8081,5.7830,62.30,132.50,0.029682
232.9099,5.7830,61.49,133.00,0.029614
233.0046,5.7830,61.76,133.00,0.029149
233.1025,5.7830,62.03,133.00,0.029691
233.1976,5.7830,61.49,133.00,0.029907
233.2945,5.7830,62.30,133.00,0.029454
233.3901,5.9810,61.49,133.00,0.029267
233.4874,5.9810,61.76,133.00,0.029339
233.5814,5.9810,61.76,132.50,0.028901
233.6821,5.9810,62.03,132.00,0.029489
233.7763,5.9810,61.49,132.50,0.028664
233.8765,5.9810,61.49,132.00,0.028491
233.9714,5.9810,62.03,132.50,0.028408
234.0708,5.9810,61.22,132.00,0.029108
234.1696,5.9810,61.49,132.00,0.028905
234.2686,5.9810,62.30,132.00,0.028279
234.3649,5.9485,61.76,132.00,0.029591
234.4618,5.9160,61.76,132.50,0.029508
234.5579,5.9160,61.76,132.50,0.029873
234.6580,5.9160,61.49,132.00,0.029271
234.7581,5.9160,61.49,132.00,0.029212
234.8555,5.9160,61.49,132.00,0.029584
234.9562,5.9160,61.76,132.00,0.029586
235.0556,5.9160,61.49,132.00,0.029716
235.1499,5.9160,61.49,132.00,0.028318
235.2483,5.9160,61.76,132.00,0.028996
235.3442,5.9410,62.30,132.00,0.029957
235.4424,5.9660,62.03,132.00,0.029816
235.5378,5.9660,62.30,132.00,0.029127
235.6384,5.9660,62.03,132.00,0.030405
235.7337,5.9660,61.49,132.50,0.029315
235.8318,5.9660,61.22,132.00,0.029998
235.9269,5.9660,61.76,132.00,0.029150
236.0229,5.9660,62.03,132.00,0.028541
236.1157,5.9660,61.49,132.00,0.027997
236.2101,5.9660,62.03,132.00,0.028201
236.3038,5.9660,62.03,132.00,0.028615
236.4027,5.9700,61.22,132.00,0.030145
236.5011,5.9700,62.03,132.00,0.029293
236.5987,5.9700,62.03,132.00,0.029749
236.6941,5.9700,62.03,132.00,0.029418
236.7914,5.9700,61.76,132.00,0.029339
236.8894,5.9700,61.49,132.00,0.029938
236.9871,5.9700,62.03,132.00,0.029548
237.0832,5.9700,62.03,132.00,0.030121
237.1831,5.9700,61.76,132.00,0.029871
237.2783,5.9700,61.76,132.00,0.029737
237.3782,5.9735,62.03,132.00,0.029315
237.4741,5.9770,62.03,132.00,0.027653
237.5690,5.9770,61.76,132.00,0.028012
237.6636,5.9770,61.49,132.00,0.029306
237.7653,5.9770,62.03,132.00,0.029534
237.8605,5.9770,61.49,132.00,0.028828
237.9590,5.9770,61.49,132.00,0.028730
238.0572,5.9770,61.49,132.00,0.028224
238.1545,5.9770,61.49,132.00,0.029523
238.2498,5.9770,61.49,132.00,0.029786
238.3463,5.9715,61.49,132.00,0.029225
238.4426,5.9660,61.49,132.00,0.029845
238.5398,5.9660,61.76,132.00,0.029660
238.6376,5.9660,61.22,132.00,0.029949
238.7348,5.9660,61.49,132.00,0.029743
238.8325,5.9660,61.49,132.00,0.029779
238.9315,5.9660,61.49,132.00,0.029925
239.0265,5.9660,62.03,132.00,0.029435
239.1239,5.9660,61.76,132.00,0.029948
239.2199,5.9660,61.22,132.00,0.029829
239.3167,5.9850,61.76,132.00,0.029234
239.4127,6.0040,61.76,132.00,0.027752
239.5091,6.0040,62.30,132.00,0.027821
239.6044,6.0040,61.76,132.00,0.029388
239.7037,6.0040,61.76,132.00,0.028633
239.7986,6.0040,61.49,132.00,0.028848
239.8967,6.0040,61.76,132.00,0.029091
239.9947,6.0040,61.49,132.00,0.029436
240.0914,6.0040,61.49,132.00,0.029335
240.1878,6.0040,62.03,132.00,0.030417
240.2875,6.0040,62.30,132.00,0.030065
240.3862,5.9660,61.76,132.00,0.029742
240.4840,5.9660,61.49,132.00,0.030295
240.5827,5.9660,61.76,132.00,0.030572
240.6792,5.9660,61.49,132.00,0.029409
240.7756,5.9660,62.03,132.00,0.028698
240.8730,5.9660,61.49,132.00,0.028228
240.9665,5.9660,61.49,132.00,0.028561
241.0662,5.9660,62.03,131.50,0.029639
241.1613,5.9660,61.76,131.50,0.029248
241.2579,5.9660,61.22,131.00,0.029567
241.3530,5.9620,61.49,131.50,0.028701
241.4500,5.9580,62.03,131.00,0.028990
241.5455,5.9580,62.03,131.50,0.029511
241.6426,5.9580,61.76,131.00,0.029444
241.7410,5.9580,61.76,131.00,0.028670
241.8388,5.9580,61.76,131.00,0.029710
241.9393,5.9580,62.03,131.00,0.029691
242.0392,5.9580,62.03,132.00,0.029785
242.1378,5.9580,62.03,132.00,0.029899
242.2343,5.9580,62.30,131.50,0.029361
242.3304,5.9465,61.49,131.00,0.030128
242.4286,5.9350,61.49,131.00,0.029513
242.5240,5.9350,61.49,131.00,0.029911
242.6235,5.9350,62.03,131.50,0.029908
242.7193,5.9350,62.03,132.00,0.029784
242.8163,5.9350,61.76,132.00,0.028056
242.9117,5.9350,61.76,131.50,0.028021
243.0099,5.9350,61.76,131.50,0.029366
243.1094,5.9350,61.76,131.00,0.028990
243.2100,5.9350,61.49,131.00,0.029643
243.3063,5.9350,62.30,131.00,0.030040
243.4053,5.9280,62.03,131.00,0.029995
243.5013,5.9280,62.03,131.00,0.029325
243.6010,5.9280,61.76,131.00,0.029357
243.6968,5.9280,62.03,131.00,0.028721
243.7948,5.9280,62.03,131.00,0.028561
243.8927,5.9280,61.76,131.00,0.028730
243.9933,5.9280,61.49,131.00,0.028629
244.0884,5.9280,61.49,131.00,0.029160
244.1848,5.9280,62.30,131.00,0.028969
244.2813,5.9280,61.76,131.00,0.028173
244.3753,5.9280,61.76,131.00,0.027893
244.4685,5.9280,61.49,131.00,0.028378
244.5674,5.9600,62.03,131.00,0.028907
244.6632,5.9920,62.03,131.00,0.029581
244.7651,5.9920,61.76,131.00,0.030028
244.8603,5.9920,61.49,131.00,0.029453
244.9582,5.9920,61.76,131.00,0.030306
245.0555,5.9920,62.03,131.00,0.029619
245.1540,5.9920,61.49,131.00,0.027902
245.2478,5.9920,61.76,131.00,0.028402
245.3454,5.9920,62.03,131.00,0.027942
245.4402,5.9655,61.49,131.00,0.028668
245.5374,5.9390,61.76,131.00,0.029031
245.6345,5.9390,61.76,131.00,0.030195
245.7315,5.9390,61.22,131.00,0.029396
245.8297,5.9390,61.49,131.00,0.029372
245.9264,5.9390,62.03,131.00,0.029361
246.0267,5.9390,61.76,131.00,0.030657
246.1329,5.9390,61.76,131.00,0.030779
246.2356,5.9390,62.03,131.00,0.030907
246.3371,5.9390,62.03,131.00,0.029366
246.4369,5.9335,61.76,131.00,0.030894
246.5435,5.9280,61.49,131.00,0.031731
246.6449,5.9280,62.30,131.00,0.030646
246.7436,5.9280,61.49,131.00,0.027963
246.8384,5.9280,61.22,131.00,0.028504
246.9383,5.9280,61.76,131.00,0.028958
247.0400,5.9280,61.49,131.00,0.030947
247.1432,5.9280,61.49,131.00,0.030859
247.2501,5.9280,61.22,131.00,0.031521
247.3536,5.8990,61.49,131.00,0.030232
247.4582,5.8700,61.76,131.00,0.030779
247.5594,5.8700,61.22,131.00,0.030879
247.6614,5.8700,62.03,131.00,0.030107
247.7557,5.8700,61.49,131.00,0.028327
247.8535,5.8700,61.76,131.00,0.029532
247.9525,5.8700,61.49,131.00,0.030434
248.0556,5.8700,61.76,131.00,0.030913
248.1588,5.8700,61.49,131.00,0.029949
248.2617,5.8700,61.76,131.00,0.030724
248.3639,5.8930,61.49,131.00,0.030941
248.4690,5.9160,61.49,131.00,0.030900
248.5723,5.9160,61.22,131.00,0.030918
248.6765,5.9160,61.49,131.00,0.030921
248.7827,5.9160,61.76,131.00,0.030874
248.8862,5.9160,61.22,131.00,0.031370
248.9925,5.9160,62.03,131.00,0.030606
249.0963,5.9160,61.22,131.00,0.030326
249.2027,5.9160,61.22,131.00,0.030919
249.3067,5.9160,61.49,131.00,0.030859
249.4096,5.9470,61.22,131.00,0.031018
249.5110,5.9470,61.76,131.00,0.030843
249.6140,5.9470,61.49,131.00,0.030419
249.7181,5.9470,61.49,131.00,0.031315
249.8183,5.9470,61.76,131.00,0.030338
249.9207,5.9470,61.76,131.00,0.030519
250.0239,5.9470,61.22,131.00,0.029862
250.1270,5.9470,61.76,131.00,0.030743
250.2276,5.9470,61.49,131.00,0.030675
250.3302,5.9470,61.49,131.00,0.029735
250.4296,5.9470,61.76,131.00,0.028299
250.5253,5.9470,61.76,131.00,0.028761
250.6276,5.9470,61.76,131.00,0.030872
250.7317,5.9470,61.49,131.00,0.030962
250.8352,5.9470,61.76,131.00,0.030762
250.9385,5.9470,61.76,131.00,0.031091
251.0436,5.9470,61.22,131.00,0.030445
251.1472,5.9470,62.03,131.00,0.030744
251.2499,5.9470,61.76,131.00,0.030550
251.3544,5.9470,61.49,131.00,0.031258
251.4599,5.9470,62.30,131.00,0.030773
251.5610,5.8340,61.76,131.00,0.030855
251.6632,5.7210,62.03,131.00,0.030916
251.7650,5.7210,61.22,131.00,0.031522
251.8661,5.7210,61.22,131.00,0.030736
251.9710,5.7210,61.49,131.00,0.030512
252.0728,5.7210,61.76,131.00,0.030900
252.2376,5.7210,61.22,132.00,0.075006
252.3712,5.7210,61.76,132.50,0.046034
252.5183,5.7210,61.76,133.00,0.050090
252.6210,5.9120,61.49,133.00,0.029506
252.7229,5.9120,61.49,133.00,0.029043
252.8248,5.9120,61.22,133.00,0.028037
252.9183,5.9120,61.76,133.00,0.028407
253.0154,5.9120,61.49,133.00,0.029665
253.1166,5.9120,62.30,133.00,0.029329
253.2190,5.9120,62.03,133.00,0.029292
253.3217,5.9120,61.22,133.00,0.029233
253.4248,5.9120,61.49,133.00,0.029772
253.5292,5.9120,61.76,133.00,0.029498
253.6710,5.9120,61.76,134.50,0.059039
253.8113,5.9120,61.49,135.00,0.041421
253.9373,5.9120,61.76,135.00,0.050362
254.0539,5.9120,61.22,135.00,0.029528
254.1606,5.9120,62.03,135.00,0.030315
254.2593,5.9120,61.22,135.00,0.029138
254.3580,5.9120,62.03,135.00,0.029626
254.4607,5.9120,61.49,135.00,0.029662
254.5629,5.9120,61.76,135.00,0.028928
254.6646,5.9120,61.49,135.00,0.029139
254.7589,5.9120,61.49,135.00,0.028415
254.8530,5.9120,61.22,135.00,0.027874
254.9461,5.9120,62.03,135.00,0.027731
255.0420,5.9120,61.49,135.00,0.028976
255.1382,5.9120,61.49,135.00,0.028208
255.2356,5.9120,62.03,135.00,0.029456
255.3320,5.9120,61.76,135.00,0.030794
255.4286,5.9120,61.76,135.00,0.029180
255.5217,5.9120,61.76,135.00,0.028155
255.6166,5.9120,62.03,135.00,0.028058
255.7113,5.9120,61.76,135.00,0.028488
255.8105,5.9425,61.49,135.00,0.029503
255.9088,5.9730,61.76,135.00,0.029360
256.0062,5.9730,61.76,135.00,0.029722
256.1036,5.9730,61.76,135.00,0.029724
256.1995,5.9730,62.03,135.00,0.028852
256.2967,5.9730,61.49,135.00,0.028684
256.3933,5.9660,61.49,135.00,0.027763
256.4875,5.9660,61.22,135.00,0.028066
256.5851,5.9660,62.03,135.00,0.028154
256.6809,5.9660,61.76,135.00,0.028217
256.7793,5.9660,61.49,135.00,0.029380
256.8767,5.9660,61.76,135.00,0.029595
256.9752,5.9660,62.03,135.00,0.028410
257.0689,5.9660,61.76,135.00,0.028697
257.1661,5.9660,61.49,135.00,0.029371
257.2608,5.9660,62.03,135.00,0.028999
257.3589,5.9890,61.49,135.00,0.029945
257.4553,6.0120,62.03,135.00,0.029602
257.5552,6.0120,61.76,135.00,0.030271
257.6528,6.0120,61.22,135.00,0.029799
257.7547,6.0120,61.49,135.00,0.029981
257.8503,6.0120,62.03,135.00,0.029605
257.9499,6.0120,61.76,135.00,0.029830
258.0425,6.0120,61.49,135.00,0.027591
258.1379,6.0120,62.03,135.00,0.028082
258.2312,6.0120,61.76,135.00,0.028118
258.3336,6.0020,61.76,135.00,0.029174
258.4317,5.9920,61.49,135.00,0.028796
258.5316,5.9920,62.30,135.00,0.029441
258.6278,5.9920,62.03,135.00,0.029731
258.7273,5.9920,61.22,135.00,0.029356
258.8220,5.9920,61.49,135.00,0.028736
258.9181,5.9920,61.76,135.00,0.029043
259.0169,5.9920,62.03,135.00,0.030350
259.1145,5.9920,61.76,135.00,0.029761
259.2107,5.9920,62.30,134.50,0.029574
259.3104,5.9920,61.76,134.50,0.029445
259.4071,5.9920,61.76,134.00,0.029737
259.5055,5.9920,61.22,134.00,0.028226
259.6010,5.9920,61.49,134.50,0.028213
259.6964,5.9920,62.03,134.00,0.028368
259.7951,5.9920,61.49,134.00,0.029723
259.8951,5.9920,61.76,134.00,0.029352
259.9910,5.9920,61.76,134.00,0.029764
260.0900,5.9920,62.03,134.00,0.029146
260.1872,5.9920,61.76,134.00,0.029372
260.2869,5.9920,61.76,134.00,0.028931
260.3876,5.9920,61.49,134.00,0.029671
260.4862,5.9920,62.03,134.00,0.028501
260.5823,5.9920,62.03,134.00,0.028334
260.6787,5.9920,61.49,134.00,0.029509
260.7768,5.9655,62.03,134.00,0.030282
260.8754,5.9390,61.22,134.00,0.029843
260.9729,5.9390,61.22,134.00,0.029398
261.0680,5.9390,61.76,134.00,0.028053
261.1659,5.9390,62.30,134.00,0.028871
261.2648,5.9390,61.49,134.00,0.029287
261.3611,5.9465,62.03,134.00,0.029754
261.4575,5.9540,62.03,134.00,0.028682
261.5504,5.9540,61.76,134.00,0.027799
261.6468,5.9540,61.22,134.00,0.028457
261.7415,5.9540,61.49,134.00,0.029612
261.8389,5.9540,62.03,134.00,0.029201
261.9343,5.9540,61.76,134.00,0.028988
262.0326,5.9540,61.22,134.00,0.027742
262.1278,5.9540,62.03,134.00,0.027918
262.2247,5.9540,62.03,134.00,0.027899
262.3227,5.9600,62.30,134.00,0.029771
262.4227,5.9660,61.76,134.00,0.029555
262.5209,5.9660,62.03,134.00,0.029386
262.6174,5.9660,61.49,134.00,0.029170
262.7139,5.9660,61.76,134.00,0.030603
262.8110,5.9660,61.49,134.00,0.029158
262.9066,5.9660,62.03,134.00,0.029918
263.0034,5.9660,61.49,134.00,0.029711
263.0995,5.9660,61.76,134.00,0.027841
263.1964,5.9660,61.76,134.00,0.028301
263.2945,5.9660,62.03,134.00,0.028190
263.3942,5.9545,61.76,134.00,0.029763
263.4910,5.9430,62.03,134.00,0.029615
263.5902,5.9430,62.03,134.00,0.029438
263.6870,5.9430,61.76,134.00,0.029188
263.7834,5.9430,62.03,134.00,0.028908
263.8794,5.9430,61.76,134.00,0.029051
263.9779,5.9430,61.49,134.00,0.028854
264.0745,5.9430,61.49,133.50,0.028804
264.1697,5.9430,61.76,133.50,0.028371
264.2662,5.9430,61.76,133.00,0.028463
264.3642,5.9430,61.76,133.00,0.029006
264.4619,5.9430,61.49,133.00,0.029220
264.5590,5.9430,61.76,133.00,0.029311
264.6551,5.9430,62.03,133.00,0.030027
264.7519,5.9430,62.03,133.00,0.030133
264.8477,5.9430,61.76,133.00,0.029817
264.9492,5.9430,61.76,133.00,0.029539
265.0448,5.9430,61.22,133.00,0.029462
265.1424,5.9430,62.03,133.00,0.029328
265.2378,5.9430,61.76,133.00,0.029505
265.3359,5.9430,61.49,133.00,0.028766
265.4353,5.9430,61.49,133.00,0.029145
265.5321,5.9430,62.03,133.00,0.028435
265.6288,5.9430,62.03,133.00,0.029409
265.7271,5.9485,61.76,133.00,0.029996
265.8257,5.9540,62.30,133.00,0.029052
265.9258,5.9540,61.76,133.00,0.029485
266.0211,5.9540,62.03,133.00,0.028737
266.1159,5.9540,61.76,133.00,0.027785
266.2122,5.9540,61.49,133.00,0.028894
266.3112,5.9580,61.76,133.00,0.030011
266.4076,5.9620,61.49,133.00,0.029525
266.5071,5.9620,61.76,133.00,0.030190
266.6022,5.9620,62.30,133.00,0.029802
266.6998,5.9620,61.49,133.00,0.029567
266.7983,5.9620,61.76,133.00,0.029992
266.8980,5.9620,62.03,133.00,0.030133
266.9930,5.9620,62.03,133.00,0.029218
267.0906,5.9620,62.03,133.00,0.029512
267.1863,5.9620,61.76,133.00,0.029842
267.2837,5.9620,62.03,133.00,0.029500
267.3835,5.9470,61.76,133.00,0.030247
267.4831,5.9470,61.76,133.00,0.029186
267.5811,5.9470,61.49,133.00,0.029018
267.6771,5.9470,62.03,133.00,0.028467
267.7731,5.9470,62.03,133.00,0.028423
267.8732,5.9470,61.76,133.00,0.030209
267.9687,5.9470,61.76,133.00,0.029274
268.0682,5.9470,61.49,133.00,0.029090
268.1678,5.9470,62.30,133.00,0.028769
268.2661,5.9470,62.03,133.00,0.028592
268.3602,5.9470,61.49,133.00,0.028551
268.4618,5.9600,61.49,133.00,0.029429
268.5647,5.9730,61.76,133.00,0.029795
268.6658,5.9730,61.76,133.00,0.029151
268.7635,5.9730,61.49,133.00,0.030269
268.8631,5.9730,62.30,133.00,0.030052
268.9611,5.9730,62.30,132.50,0.029345
269.0586,5.9730,62.03,132.00,0.029510
269.1591,5.9730,61.76,132.00,0.030226
269.2556,5.9730,62.30,132.50,0.029454
269.3503,5.9730,61.76,133.00,0.029178
269.4468,5.9730,61.22,133.00,0.029247
269.5422,5.9730,62.03,133.00,0.029394
269.6403,5.9730,61.76,133.00,0.030205
269.7378,5.9730,61.76,133.00,0.029601
269.8387,5.9730,62.30,133.00,0.029815
269.9343,5.9730,61.76,133.00,0.029280
270.0339,5.9730,61.76,133.00,0.029936
270.1274,5.9730,61.76,133.00,0.027760
270.2253,5.9730,61.49,133.00,0.028326
270.3212,5.9730,61.76,133.00,0.030005
270.4620,5.9730,62.03,134.00,0.060143
270.6166,5.9730,61.76,135.50,0.048786
270.7753,5.9635,61.49,136.00,0.065330
270.8792,5.9540,61.49,136.00,0.029366
270.9746,5.9540,61.49,136.00,0.029768
271.0692,5.9540,61.22,136.00,0.028092
271.1628,5.9540,61.49,136.00,0.028309
271.2591,5.9540,61.49,136.00,0.029494
271.3549,5.9635,61.76,136.00,0.029511
271.4555,5.9730,62.30,136.00,0.029735
271.5511,5.9730,62.03,136.00,0.029417
271.6499,5.9730,62.03,136.00,0.028847
271.7442,5.9730,61.76,136.00,0.028644
271.8416,5.9730,62.03,136.00,0.028041
271.9374,5.9730,61.22,136.00,0.028747
272.0398,5.9730,61.22,136.00,0.029507
272.1380,5.9730,61.76,136.00,0.029927
272.2328,5.9730,61.76,136.00,0.028134
272.3265,5.9730,62.03,136.00,0.028333
272.4277,5.9715,62.03,136.00,0.030831
272.5265,5.9700,61.76,136.00,0.030776
272.6261,5.9700,61.76,136.00,0.029601
272.7222,5.9700,61.22,136.00,0.030201
272.8194,5.9700,61.22,136.00,0.029747
272.9149,5.9700,62.03,136.00,0.029755
273.0140,5.9700,61.49,136.00,0.029454
273.1093,5.9700,62.03,135.50,0.029353
273.2062,5.9700,61.76,135.00,0.029280
273.3013,5.9700,61.76,135.00,0.029029
273.3984,5.9700,61.76,135.00,0.029129
273.4953,5.9700,61.22,135.00,0.028670
273.5966,5.9700,61.76,135.00,0.028695
273.6969,5.9700,62.30,135.00,0.028391
273.7941,5.9700,62.30,135.00,0.028898
273.8919,5.9700,62.03,135.00,0.029086
273.9898,5.9700,61.76,135.00,0.029649
274.0859,5.9700,61.76,135.00,0.029732
274.1854,5.9700,61.49,135.00,0.029074
274.2818,5.9700,61.22,135.00,0.029478
274.3807,5.9700,61.76,135.00,0.029324
274.4752,5.9700,61.76,135.00,0.029031
274.5705,5.9700,61.76,135.00,0.028769
274.6663,5.9700,62.03,135.00,0.028372
274.7642,5.9775,62.03,135.00,0.030535
274.8635,5.9850,62.03,135.00,0.029734
274.9657,5.9850,61.76,135.00,0.029158
275.0637,5.9850,61.49,135.00,0.029891
275.1652,5.9850,61.49,135.00,0.028799
275.2630,5.9850,62.03,135.00,0.028716
275.3579,5.9850,61.76,135.00,0.027604
275.4524,5.9850,62.03,135.00,0.028475
275.5512,5.9145,62.30,135.00,0.031029
275.6509,5.8440,61.76,135.00,0.029763
275.7483,5.8440,61.76,135.00,0.029590
275.8435,5.8440,61.76,135.00,0.028207
275.9690,5.8440,61.76,135.00,0.053289
276.1313,5.8440,62.03,135.00,0.062644
276.3451,5.8440,62.03,136.00,0.086355
276.4426,5.9350,61.22,136.00,0.028685
276.5369,5.9350,62.30,136.00,0.028348
276.6339,5.9350,62.30,136.00,0.029245
276.7294,5.9350,62.03,136.00,0.029272
276.8269,5.9350,61.76,136.00,0.029568
276.9251,5.9350,62.03,136.00,0.029598
277.0235,5.9350,62.30,136.00,0.029386
277.1450,5.9350,61.76,136.00,0.043307
277.3003,5.9350,61.49,136.00,0.059773
277.4533,5.9430,61.76,136.00,0.061151
277.5829,5.9430,61.49,136.00,0.034026
277.6823,5.9430,61.76,136.00,0.028740
277.7758,5.9430,62.03,136.00,0.028219
277.8725,5.9430,62.03,136.00,0.028111
277.9672,5.9430,62.03,136.00,0.029665
278.0643,5.9430,61.76,136.00,0.029921
278.1590,5.9430,61.49,136.00,0.029360
278.2539,5.9430,62.03,136.00,0.027834
278.3488,5.9430,61.76,136.00,0.027986
278.4452,5.9430,61.76,136.00,0.028237
278.5382,5.9430,61.49,136.00,0.028221
278.6344,5.9430,61.49,136.00,0.029267
278.7336,5.9430,62.03,136.00,0.030607
278.8356,5.9430,61.49,136.00,0.029647
278.9826,5.9430,61.76,136.00,0.058100
279.1165,5.9430,62.30,136.00,0.051901
279.2590,5.9430,61.22,136.00,0.050957
279.3821,5.9180,61.76,136.00,0.031364
279.4855,5.8930,61.76,136.00,0.030711
279.5887,5.8930,61.49,136.00,0.031051
279.6923,5.8930,61.49,136.00,0.031129
279.7948,5.8930,61.49,136.00,0.030287
279.8956,5.8930,61.76,136.00,0.030302
279.9985,5.8930,62.03,136.00,0.030075
280.1012,5.8930,61.49,136.00,0.030221
280.2045,5.8930,61.76,136.00,0.030375
280.3078,5.8930,61.49,136.00,0.030838
280.4082,6.0000,61.76,136.00,0.030091
280.5109,6.0000,61.76,136.00,0.030746
280.6145,6.0000,61.76,136.00,0.030813
280.7201,6.0000,61.49,136.00,0.030088
280.8227,6.0000,61.49,136.00,0.030823
280.9209,6.0000,61.49,136.00,0.028815
281.0179,6.0000,62.03,136.00,0.029052
281.1194,6.0000,61.22,136.00,0.030472
281.2221,6.0000,61.22,136.00,0.030649
281.3245,5.9445,62.03,136.00,0.031187
281.4271,5.8890,61.49,136.00,0.030373
281.5307,5.8890,61.49,136.00,0.030949
281.6318,5.8890,62.03,136.00,0.030683
281.7336,5.8890,62.03,136.00,0.030205
281.8299,5.8890,61.49,136.00,0.028625
281.9301,5.8890,61.49,136.00,0.029732
282.0303,5.8890,61.49,136.00,0.030893
282.1325,5.8890,61.49,136.00,0.028006
282.2291,5.8890,61.49,136.00,0.028591
282.3310,5.8890,61.49,136.00,0.028759
282.4369,5.9050,61.49,136.00,0.030544
282.5437,5.9050,61.22,136.00,0.030696
282.6478,5.9050,61.76,136.00,0.031146
282.7543,5.9050,61.76,136.00,0.031317
282.8590,5.9050,62.03,136.00,0.030734
282.9628,5.9050,61.22,136.00,0.030529
283.0670,5.9050,61.49,136.00,0.031223
283.1745,5.9050,61.49,136.00,0.031008
283.2792,5.9050,61.49,136.00,0.031026
283.3833,5.8930,61.49,136.00,0.030532
283.4868,5.8930,61.49,136.00,0.030514
283.5921,5.8930,61.76,136.00,0.030998
283.6960,5.8930,61.22,136.00,0.031097
283.8014,5.8930,62.03,136.00,0.031229
283.9047,5.8930,61.49,136.00,0.030255
284.0067,5.8930,61.49,136.00,0.029944
284.1022,5.8930,61.76,136.00,0.028504
284.1979,5.8930,62.03,136.00,0.029175
284.3007,5.8930,61.76,136.00,0.030523
284.4027,5.9850,61.22,136.00,0.030489
284.5091,5.9850,61.49,136.00,0.028455
284.6141,5.9850,61.49,136.00,0.028731
284.7152,5.9850,62.03,136.00,0.030392
284.8235,5.9850,61.49,136.00,0.030819
284.9321,5.9850,61.49,136.00,0.031876
285.0410,5.9850,61.76,136.00,0.032022
285.1461,5.9850,61.49,136.00,0.032533
285.2551,5.9850,61.76,136.00,0.031098
285.3630,5.8665,62.03,136.00,0.030580
285.4688,5.7480,61.49,136.00,0.029455
285.5733,5.7480,61.49,136.00,0.029213
285.6805,5.7480,61.22,136.00,0.029482
285.7778,5.7480,61.76,136.00,0.029630
285.8736,5.7480,61.22,136.00,0.028607
285.9784,5.7480,61.76,136.00,0.029582
286.0812,5.7480,61.49,136.00,0.029045
286.1821,5.7480,61.49,136.00,0.029886
286.2832,5.7480,61.49,136.00,0.030449
286.3877,5.8470,62.03,136.00,0.029502
286.4903,5.8470,62.03,135.50,0.029453
286.5938,5.8470,61.22,135.00,0.029919
286.7083,5.8470,61.22,135.00,0.041986
286.8726,5.8470,61.49,136.00,0.067461
287.0385,5.8470,61.76,136.00,0.074515
287.1688,5.8470,61.49,136.00,0.031523
287.2698,5.8470,62.03,136.00,0.029736
287.3803,5.8400,62.03,136.00,0.032403
287.4870,5.8400,61.49,136.00,0.031583
287.5961,5.8400,61.49,136.00,0.031349
287.6977,5.8400,62.30,136.00,0.028756
287.8004,5.8400,61.49,136.00,0.030539
287.9030,5.8400,61.49,136.00,0.030693
288.0081,5.8400,61.76,136.00,0.030733
288.1088,5.8400,61.49,136.00,0.030655
288.2130,5.8400,61.22,136.00,0.030825
288.3182,5.8475,61.49,136.00,0.030918
288.4236,5.8550,61.76,136.00,0.031326
288.5272,5.8550,62.03,136.00,0.030677
288.6318,5.8550,61.76,136.00,0.030729
288.7342,5.8550,61.76,136.00,0.030612
288.8355,5.8550,61.49,136.00,0.027781
288.9298,5.8550,61.22,136.00,0.028542
289.0269,5.8550,61.49,136.00,0.028531
289.1299,5.8550,61.76,136.00,0.031074
289.2373,5.8550,61.22,136.00,0.030623
289.3410,5.8550,61.76,136.00,0.029347
289.4478,5.8780,61.22,136.00,0.029100
289.5477,5.8780,62.03,136.00,0.030029
289.6473,5.8780,61.76,136.00,0.030265
289.7494,5.8780,61.49,136.00,0.029964
289.8448,5.8780,61.49,136.00,0.027939
289.9418,5.8780,61.76,136.00,0.028827
290.0374,5.8780,61.49,135.50,0.029284
290.1343,5.8780,61.49,135.50,0.029483
290.2304,5.8780,61.76,135.50,0.030184
290.3308,5.9390,62.30,135.50,0.030294
290.4307,6.0000,62.03,135.50,0.029972
290.5300,6.0000,61.22,135.50,0.029806
290.6266,6.0000,61.49,135.00,0.029428
290.7265,6.0000,61.22,135.00,0.029472
290.8232,6.0000,61.76,135.00,0.029472
290.9222,6.0000,62.03,135.50,0.030237
291.0182,6.0000,61.49,135.00,0.028910
291.1146,6.0000,61.76,135.00,0.028869
291.2189,6.0000,62.30,135.00,0.037397
291.3740,5.9945,61.49,135.50,0.067368
291.5302,5.9890,61.49,136.50,0.059480
291.6425,5.9890,61.76,137.00,0.031677
291.7446,5.9890,61.76,137.00,0.029667
291.8474,5.9890,61.76,137.00,0.030741
291.9503,5.9890,61.49,137.00,0.030532
292.0553,5.9890,61.76,137.00,0.029517
292.1590,5.9890,62.03,137.00,0.030698
292.2625,5.9890,61.76,137.00,0.029915
292.3680,5.9640,61.49,137.00,0.030870
292.4697,5.9390,61.49,137.00,0.029088
292.5623,5.9390,61.76,137.00,0.027553
292.6606,5.9390,61.76,137.00,0.028313
292.7537,5.9390,62.30,137.00,0.027816
292.8539,5.9390,61.76,137.00,0.029201
292.9564,5.9390,61.49,137.00,0.029449
293.0593,5.9390,61.49,137.00,0.029202
293.1620,5.9390,61.76,137.00,0.029638
293.2648,5.9390,61.76,137.00,0.029183
293.3688,5.9560,61.22,137.00,0.029762
293.4699,5.9730,61.76,137.00,0.028101
293.5690,5.9730,61.76,137.00,0.029198
293.6733,5.9730,61.49,137.00,0.029093
293.7706,5.9730,62.30,137.00,0.028739
293.8689,5.9730,61.76,137.00,0.028453
293.9640,5.9730,62.03,137.00,0.028628
294.0639,5.9730,61.76,137.00,0.029536
294.1613,5.9730,61.49,137.00,0.029671
294.2584,5.9730,61.22,137.00,0.029475
294.3574,5.9750,61.76,137.00,0.029977
294.4594,5.9770,61.49,137.00,0.030160
294.5552,5.9770,61.76,137.00,0.029567
294.6522,5.9770,61.49,137.00,0.029497
294.7477,5.9770,61.49,137.00,0.029587
294.8476,5.9770,62.03,137.00,0.029381
294.9439,5.9770,62.03,137.00,0.029504
295.0403,5.9770,62.30,137.00,0.029370
295.1380,5.9770,61.76,137.00,0.030014
295.2356,5.9770,62.03,137.00,0.029779
295.3315,5.9845,61.49,137.00,0.029499
295.4287,5.9920,61.76,137.00,0.029171
295.5246,5.9920,62.03,137.00,0.029150
295.6221,5.9920,61.76,137.00,0.029038
295.7170,5.9920,61.49,137.00,0.028485
295.8140,5.9920,62.03,137.00,0.029159
295.9083,5.9920,62.30,137.00,0.028486
296.0068,5.9920,62.30,137.00,0.029185
296.0998,5.9920,61.76,137.00,0.027843
296.1973,5.9920,61.49,137.00,0.028012
296.2938,5.9920,62.03,137.00,0.029289
296.3912,5.9580,62.03,137.00,0.029128
296.4867,5.9580,61.76,137.00,0.029747
296.5860,5.9580,61.76,137.00,0.029295
296.6810,5.9580,62.30,137.00,0.028647
296.7777,5.9580,61.76,137.00,0.028878
296.8732,5.9580,62.03,137.00,0.029475
296.9705,5.9580,61.49,137.00,0.029369
297.0683,5.9580,61.76,137.00,0.028993
297.1645,5.9580,62.03,137.00,0.029029
297.2618,5.9580,61.49,137.00,0.029257
297.3585,5.9465,61.49,137.00,0.028699
297.4560,5.9350,62.03,137.00,0.028324
297.5507,5.9350,62.30,137.00,0.027784
297.6454,5.9350,61.49,137.00,0.028788
297.7417,5.9350,62.03,137.00,0.029424
297.8399,5.9350,61.76,137.00,0.029758
297.9378,5.9350,62.03,137.00,0.029879
298.0334,5.9350,62.03,137.00,0.029645
298.1299,5.9350,61.22,137.00,0.029227
298.2276,5.9350,62.03,137.00,0.029592
298.3271,5.9505,61.76,137.00,0.029991
298.4253,5.9660,62.03,137.00,0.029160
298.5234,5.9660,62.03,137.00,0.030164
298.6195,5.9660,62.03,137.00,0.029585
298.7191,5.9660,62.03,137.00,0.029418
298.8198,5.9660,62.30,137.00,0.029541
298.9190,5.9660,61.76,137.00,0.029322
299.0143,5.9660,62.03,137.00,0.029315
299.1132,5.9660,61.76,137.00,0.028848
299.2079,5.9660,61.49,137.00,0.028229
299.3062,5.9660,62.03,137.00,0.028881
299.4014,5.9580,62.03,137.00,0.027884
299.4979,5.9580,61.49,137.00,0.028557
299.5932,5.9580,61.49,137.00,0.029100
299.6918,5.9580,61.76,137.00,0.029007
299.7905,5.9580,62.03,137.00,0.029701
299.8886,5.9580,61.49,136.50,0.029836
299.9866,5.9580,61.49,136.00,0.029790
300.0838,5.9580,61.22,136.50,0.029896
300.1814,5.9580,61.76,136.00,0.029396
300.2777,5.9580,62.03,136.00,0.029143
300.3788,5.9620,62.03,136.00,0.029851
300.4797,5.9620,61.22,136.00,0.030106
300.5798,5.9620,61.49,136.50,0.029373
300.6792,5.9620,61.49,136.00,0.029442
300.7780,5.9620,62.03,136.00,0.029883
300.8792,5.9620,61.49,136.00,0.028216
300.9774,5.9620,61.76,136.50,0.028450
301.0752,5.9620,61.76,136.00,0.030109
301.1706,5.9620,61.76,136.00,0.029494
301.2700,5.9620,62.30,136.00,0.029365
301.3672,5.9200,61.76,136.00,0.030000
301.4703,5.8780,61.76,136.00,0.029750
301.5674,5.8780,61.76,136.00,0.029927
301.6658,5.8780,61.76,136.00,0.029906
301.7619,5.8780,61.76,136.00,0.029182
301.8614,5.8780,61.49,136.00,0.028875
301.9591,5.8780,62.03,136.00,0.028787
302.0591,5.8780,62.30,136.00,0.029126
302.1572,5.8780,62.03,136.00,0.029282
302.2552,5.8780,61.76,136.00,0.029521
302.3533,5.9220,61.76,136.00,0.029454
302.4488,5.9660,61.49,136.00,0.028252
302.5466,5.9660,61.49,136.00,0.029557
302.6471,5.9660,61.76,136.00,0.030087
302.7457,5.9660,62.03,136.00,0.030218
302.8462,5.9660,61.76,136.00,0.029650
302.9445,5.9660,61.76,136.00,0.029739
303.0424,5.9660,61.76,136.00,0.029719
303.1381,5.9660,61.22,136.00,0.029928
303.2382,5.9660,62.03,136.00,0.029454
303.3353,5.9755,62.03,136.00,0.031019
303.4335,5.9850,61.49,136.00,0.029796
303.5307,5.9850,62.03,136.00,0.030149
303.6311,5.9850,61.49,136.00,0.030022
303.7292,5.9850,62.03,136.00,0.029494
303.8270,5.9850,61.49,136.00,0.029740
303.9240,5.9850,61.76,136.00,0.028691
304.0209,5.9850,61.76,136.00,0.028841
304.1179,5.9850,61.76,136.00,0.028609
304.2145,5.9850,62.03,136.00,0.029212
304.3106,5.9830,61.49,136.00,0.029152
304.4099,5.9810,62.03,136.00,0.029045
304.5097,5.9810,62.03,136.00,0.029378
304.6091,5.9810,61.49,136.00,0.028807
304.7101,5.9810,61.76,136.00,0.029426
304.8069,5.9810,61.49,135.50,0.029362
304.9027,5.9810,61.49,135.00,0.029337
305.0029,5.9810,61.76,135.00,0.029867
305.1014,5.9810,61.49,135.00,0.029498
305.1959,5.9810,62.03,135.00,0.027765
305.2920,5.9810,61.22,135.00,0.028063
305.3894,5.9810,61.76,135.50,0.028228
305.4843,5.8970,61.76,135.00,0.028040
305.5791,5.8970,61.49,135.50,0.027828
305.6743,5.8970,62.03,135.00,0.029049
305.7720,5.8970,61.22,135.00,0.029946
305.8692,5.8970,61.76,135.00,0.028660
305.9661,5.8970,61.76,135.00,0.029229
306.0612,5.8970,62.30,135.00,0.029116
306.1578,5.8970,61.76,135.00,0.028712
306.2532,5.8970,62.03,135.00,0.029057
306.3499,5.9220,61.76,135.00,0.029397
306.4482,5.9470,61.76,135.00,0.029771
306.5461,5.9470,61.49,135.00,0.029782
306.6419,5.9470,61.76,135.00,0.029800
306.7379,5.9470,62.03,135.00,0.028269
306.8340,5.9470,61.76,135.00,0.028808
306.9313,5.9470,61.49,135.00,0.029617
307.0273,5.9470,62.03,135.00,0.029266
307.1265,5.9470,61.76,135.00,0.029608
307.2265,5.9470,62.03,135.00,0.029855
307.3269,5.9545,61.49,135.00,0.030666
307.4252,5.9620,61.76,135.00,0.029594
307.5239,5.9620,61.76,135.00,0.029777
307.6219,5.9620,61.76,135.00,0.029676
307.7211,5.9620,62.03,135.00,0.028232
307.8154,5.9620,62.30,135.00,0.028824
307.9138,5.9620,62.03,135.00,0.028996
308.0087,5.9620,61.49,135.00,0.028810
308.1050,5.9620,62.03,135.00,0.028670
308.2018,5.9620,62.03,135.00,0.029006
308.2984,5.9620,61.49,135.00,0.029279
308.3971,5.9620,62.30,135.00,0.029652
308.4950,5.9620,62.03,135.00,0.029788
308.5930,5.9620,62.03,135.00,0.029518
308.6912,5.9620,62.30,135.00,0.029857
308.7894,5.9620,61.49,135.00,0.029864
308.8881,5.9620,61.76,135.00,0.030014
308.9863,5.9620,61.76,135.00,0.029511
309.0839,5.9620,62.30,135.00,0.030100
309.1820,5.9620,61.76,135.00,0.029670
309.2810,5.9620,61.76,135.00,0.029393
309.3776,5.9620,62.03,135.00,0.030331
309.4786,5.9620,62.03,135.00,0.029609
309.5756,5.9620,61.76,135.00,0.030188
309.6790,5.9335,61.76,135.00,0.030655
309.7800,5.9050,61.49,135.00,0.029721
309.8782,5.9050,61.22,135.00,0.030145
309.9779,5.9050,61.76,135.00,0.030052
310.0782,5.9050,61.76,135.00,0.029928
310.1783,5.9050,62.03,135.00,0.030331
310.2755,5.9050,62.03,135.00,0.029404
310.3701,5.9050,61.76,135.00,0.028033
310.4653,5.9050,62.03,135.00,0.028042
310.5594,5.9050,61.76,135.00,0.028621
310.6562,5.9050,61.49,135.00,0.028903
310.7541,5.9050,61.76,135.00,0.029387
310.8535,5.9050,61.76,135.00,0.029392
310.9501,5.9050,61.76,135.00,0.029725
311.0498,5.9050,61.76,135.00,0.029563
311.1482,5.9050,62.03,135.00,0.029905
311.2460,5.9050,62.03,134.50,0.029945
311.3431,5.9050,61.76,134.50,0.030818
311.4432,5.9050,62.30,134.00,0.029413
311.5385,5.9050,61.76,135.00,0.029538
311.6382,5.9050,61.76,135.00,0.029969
311.7344,5.9315,61.22,134.50,0.030596
311.8353,5.9580,61.49,134.00,0.029903
311.9305,5.9580,61.49,134.00,0.029333
312.0303,5.9580,61.76,134.00,0.029953
312.1256,5.9580,61.49,134.00,0.029442
312.2238,5.9580,61.49,134.00,0.029540
312.3219,5.9600,61.76,134.00,0.029829
312.4186,5.9620,62.30,134.00,0.028566
312.5132,5.9620,61.76,134.50,0.028458
312.6125,5.9620,61.76,134.00,0.029203
312.7125,5.9620,61.76,134.00,0.028733
312.8125,5.9620,62.03,134.00,0.029274
312.9069,5.9620,61.76,134.00,0.028634
313.0046,5.9620,62.03,134.50,0.028264
313.1050,5.9620,62.30,134.00,0.029882
313.2031,5.9620,62.03,134.50,0.029857
313.3018,5.9620,61.76,134.00,0.030088
313.4025,5.9580,61.22,134.50,0.029896
313.4994,5.9580,62.03,134.00,0.030310
313.5989,5.9580,61.76,134.00,0.029636
313.6959,5.9580,61.49,134.00,0.030017
313.7945,5.9580,62.03,134.00,0.029895
313.8926,5.9580,62.03,134.00,0.029258
313.9883,5.9580,61.76,134.00,0.028206
314.0843,5.9580,61.76,134.50,0.028637
314.1821,5.9580,61.76,134.00,0.030135
314.2780,5.9580,61.49,134.50,0.029657
314.3784,5.9580,61.76,134.50,0.029299
314.4777,5.9580,61.22,134.00,0.029971
314.5784,5.9580,61.49,134.00,0.029980
314.6753,5.9580,61.76,134.00,0.029715
314.7782,5.9580,61.76,134.00,0.029858
314.8768,5.9580,62.03,134.00,0.028900
314.9776,5.9580,62.03,134.00,0.028319
315.0720,5.9580,61.49,134.00,0.028506
315.1701,5.9580,62.03,134.00,0.028729
315.2656,5.9580,61.49,134.00,0.029250
315.3637,5.9445,62.03,134.00,0.029895
315.4677,5.9310,61.76,134.00,0.029888
315.5711,5.9310,61.22,134.00,0.029708
315.6740,5.9310,61.76,134.00,0.030075
315.7773,5.9310,61.49,134.00,0.029768
315.8786,5.9310,62.03,134.00,0.029553
315.9846,5.9310,61.49,134.00,0.029859
316.0896,5.9310,61.49,134.00,0.029162
316.1905,5.9310,61.22,134.00,0.029020
316.2945,5.9310,61.49,134.00,0.029406
316.3956,5.8780,61.49,134.00,0.028898
316.4983,5.8780,61.76,134.00,0.029676
316.6036,5.8780,61.49,134.00,0.029660
316.7075,5.8780,61.22,134.00,0.027933
316.8059,5.8780,61.22,134.00,0.028404
316.9022,5.8780,61.49,134.00,0.028176
317.0035,5.8780,61.22,134.00,0.029691
317.1084,5.8780,61.76,134.00,0.029181
317.2049,5.8780,61.22,134.00,0.028791
317.3011,5.8780,61.49,134.00,0.029434
317.4037,5.7750,61.76,134.00,0.029504
317.5058,5.7750,61.49,134.00,0.030710
317.6077,5.7750,61.22,134.00,0.030529
317.7139,5.7750,62.03,134.00,0.030338
317.8191,5.7750,62.03,134.00,0.030694
317.9236,5.7750,62.03,134.00,0.030756
318.0241,5.7750,62.30,134.00,0.028570
318.1237,5.7750,62.03,134.00,0.030508
318.2283,5.7750,61.76,134.00,0.029963
318.3312,5.7750,61.49,134.00,0.029886
318.4366,5.7750,61.49,134.00,0.030055
318.5412,5.7750,61.49,134.00,0.029756
318.6458,5.7750,61.76,134.00,0.029661
318.7520,5.7750,61.49,134.00,0.029128
318.8590,5.7750,61.49,134.00,0.029491
318.9626,5.7750,61.76,134.00,0.029474
319.0678,5.7750,62.03,134.00,0.029668
319.1733,5.7750,61.49,134.00,0.029729
319.2780,5.7750,61.49,134.00,0.030127
319.3822,5.7370,61.76,134.00,0.029266
319.4870,5.7370,61.49,134.00,0.030074
319.5880,5.7370,61.22,134.00,0.029626
319.6861,5.7370,61.76,134.00,0.028170
319.7819,5.7370,62.03,134.00,0.029048
319.8833,5.7370,61.76,134.00,0.028627
319.9865,5.7370,62.30,134.00,0.029312
320.0899,5.7370,61.49,134.00,0.029502
320.1946,5.7370,61.76,134.00,0.029549
320.2961,5.7370,61.76,134.00,0.029781
320.3998,5.8320,61.22,134.00,0.029889
320.5007,5.8320,61.76,134.00,0.028130
320.6011,5.8320,61.76,134.00,0.028822
320.6986,5.8320,61.22,134.00,0.029611
320.8050,5.8320,61.76,134.00,0.029764
320.9097,5.8320,62.03,134.00,0.029932
321.0113,5.8320,61.76,134.00,0.028451
321.1137,5.8320,61.49,134.00,0.028727
321.2149,5.8320,61.49,134.00,0.029753
321.3200,5.8380,61.49,134.00,0.030246
321.4275,5.8440,61.76,134.00,0.029911
321.5336,5.8440,61.76,134.00,0.030089
321.6411,5.8440,61.76,134.00,0.031451
321.7449,5.8440,61.49,134.00,0.029533
321.8401,5.8440,61.49,134.00,0.028398
321.9429,5.8440,61.22,134.00,0.029957
322.0475,5.8440,61.49,134.00,0.030597
322.1493,5.8440,61.76,134.00,0.029807
322.2513,5.8440,61.76,134.00,0.030160
322.3564,5.8380,61.76,134.00,0.029944
322.4589,5.8320,61.76,134.00,0.030048
322.5625,5.8320,61.76,134.00,0.030400
322.6668,5.8320,61.49,134.00,0.030447
322.7645,5.8320,61.49,134.00,0.028320
322.8603,5.8320,61.49,134.00,0.029335
322.9625,5.8320,61.76,134.00,0.030095
323.0664,5.8320,61.49,134.00,0.030153
323.1714,5.8320,61.22,134.00,0.029320
323.2716,5.8320,61.22,134.00,0.028833
323.3702,5.9010,61.49,134.00,0.029042
323.4694,5.9010,61.76,134.00,0.029063
323.5667,5.9010,61.76,134.00,0.028827
323.6654,5.9010,61.76,134.00,0.028796
323.7611,5.9010,61.22,134.00,0.028466
323.8631,5.9010,61.22,134.00,0.029377
323.9584,5.9010,61.76,134.00,0.029652
324.0551,5.9010,61.76,134.00,0.029160
324.1535,5.9010,62.03,134.00,0.029696
324.2534,5.9010,61.49,134.00,0.029600
324.3502,5.9275,61.76,133.50,0.029741
324.4511,5.9540,61.76,133.00,0.030019
324.5473,5.9540,61.49,133.50,0.029225
324.6426,5.9540,61.49,133.00,0.028255
324.7368,5.9540,61.49,133.00,0.028519
324.8342,5.9540,61.49,133.00,0.029492
324.9290,5.9540,61.76,133.00,0.028913
325.0289,5.9540,61.49,133.00,0.029210
325.1242,5.9540,61.49,133.50,0.028779
325.2219,5.9540,62.03,133.00,0.029246
325.3182,5.9465,61.49,133.50,0.029913
325.4176,5.9390,61.76,133.00,0.029087
325.5137,5.9390,61.49,133.00,0.028913
325.6120,5.9390,61.49,133.00,0.028186
325.7089,5.9390,62.03,133.00,0.029082
325.8083,5.9390,62.03,133.00,0.029197
325.9060,5.9390,61.22,133.00,0.029532
326.0035,5.9390,61.76,133.00,0.029552
326.0993,5.9390,61.49,133.00,0.029822
326.1976,5.9390,62.30,133.00,0.029749
326.2940,5.9390,61.76,133.00,0.030283
326.3943,5.9810,61.76,133.00,0.029649
326.4894,5.9810,61.76,133.00,0.028540
326.5893,5.9810,62.03,133.00,0.029641
326.6871,5.9810,61.22,133.00,0.030350
326.7899,5.9810,61.76,133.00,0.029517
326.8913,5.9810,61.76,133.00,0.029930
326.9928,5.9810,62.03,133.00,0.029539
327.0890,5.9810,61.76,133.00,0.029522
327.1873,5.9810,61.76,133.00,0.029873
327.2852,5.9810,62.03,133.00,0.029751
327.3820,5.9045,61.49,133.00,0.028884
327.4787,5.8280,61.76,133.00,0.029653
327.5793,5.8280,62.30,133.00,0.029701
327.6784,5.8280,62.03,133.00,0.029653
327.7761,5.8280,62.30,133.00,0.029018
327.8723,5.8280,62.03,133.00,0.028966
327.9706,5.8280,62.03,133.00,0.029298
328.0694,5.8280,61.76,133.50,0.028917
328.1673,5.8280,61.76,134.00,0.029058
328.2637,5.8280,62.03,133.50,0.028462
328.3614,5.8280,61.49,133.00,0.028232
328.4589,5.8835,61.49,133.50,0.031228
328.5576,5.9390,62.30,133.00,0.028234
328.6533,5.9390,61.76,133.50,0.028306
328.7485,5.9390,61.49,133.00,0.028090
328.8469,5.9390,61.76,133.00,0.030160
328.9461,5.9390,61.49,133.00,0.029441
329.0431,5.9390,62.30,133.00,0.029959
329.1428,5.9390,61.22,133.00,0.029720
329.2396,5.9390,61.76,133.00,0.029745
329.3401,5.9465,61.49,133.00,0.029905
329.4372,5.9540,61.22,133.00,0.029809
329.5381,5.9540,61.49,133.00,0.029639
329.6387,5.9540,61.22,133.00,0.030880
329.7371,5.9540,61.76,133.00,0.028710
329.8348,5.9540,61.76,133.00,0.029823
329.9336,5.9540,61.76,133.00,0.029435
330.0297,5.9540,61.76,133.00,0.028889
330.1297,5.9540,62.03,133.00,0.029766
330.2270,5.9540,61.76,133.00,0.029162
330.3275,5.9715,61.76,133.00,0.029874
330.4259,5.9890,62.03,134.00,0.029094
330.5260,5.9890,61.49,134.00,0.028964
330.6244,5.9890,61.49,133.50,0.029468
330.7239,5.9890,62.03,133.00,0.028935
330.8216,5.9890,62.30,133.00,0.029407
330.9181,5.9890,61.49,133.00,0.028988
331.0148,5.9890,61.76,133.50,0.029575
331.1144,5.9890,61.22,133.00,0.029565
331.2092,5.9890,61.76,133.50,0.029069
331.3076,5.9890,61.49,133.00,0.029764
331.4032,5.9890,62.03,133.00,0.029442
331.5005,5.9890,61.76,133.00,0.028170
331.5961,5.9890,61.49,133.00,0.028028
331.6944,5.9890,61.76,133.00,0.028524
331.7903,5.9890,61.76,133.00,0.029336
331.8886,5.9890,61.49,133.00,0.027851
331.9827,5.9890,61.76,133.00,0.028488
332.0811,5.9890,61.76,133.00,0.028537
332.1774,5.9890,62.03,133.00,0.028127
332.2730,5.9890,61.76,133.00,0.028104
332.3681,5.9890,62.03,133.00,0.029118
332.4637,5.9890,62.30,133.00,0.027938
332.5581,5.9890,61.22,133.00,0.028007
332.6583,5.9985,61.49,133.00,0.029728
332.7570,6.0080,62.03,133.00,0.029756
332.8549,6.0080,61.22,133.00,0.029749
332.9534,6.0080,61.76,133.50,0.029779
333.0524,6.0080,61.49,134.00,0.029344
333.1457,6.0080,62.03,134.00,0.027981
333.2401,6.0080,61.49,133.50,0.028201
333.3395,5.9925,61.76,133.50,0.030508
333.4383,5.9770,61.49,133.50,0.030262
333.5360,5.9770,62.30,133.00,0.029517
333.6343,5.9770,62.30,133.00,0.030960
333.7311,5.9770,62.03,133.00,0.028419
333.8279,5.9770,61.76,133.00,0.029326
333.9259,5.9770,61.49,133.00,0.029209
334.0264,5.9770,61.49,133.00,0.029441
334.1223,5.9770,61.76,133.00,0.028614
334.2226,5.9770,62.30,133.00,0.029193
334.3186,5.9735,61.22,133.00,0.029047
334.4157,5.9700,61.76,133.00,0.028189
334.5099,5.9700,61.76,133.00,0.028148
334.6059,5.9700,61.49,133.00,0.028241
334.7006,5.9700,61.76,133.00,0.028510
334.8021,5.9700,61.76,133.00,0.029343
334.8967,5.9700,61.49,133.00,0.028575
334.9915,5.9700,61.76,133.00,0.027879
335.0891,5.9700,62.30,133.50,0.029637
335.1902,5.9700,61.49,133.00,0.029351
335.2860,5.9700,61.76,133.00,0.029622
335.3867,5.8780,61.49,134.00,0.029977
335.4830,5.8780,61.49,133.50,0.030173
335.5803,5.8780,62.03,133.00,0.028955
335.6787,5.8780,61.76,133.50,0.029373
335.7761,5.8780,61.76,133.00,0.029160
335.8715,5.8780,61.76,133.00,0.028993
335.9690,5.8780,61.49,133.50,0.029066
336.0651,5.8780,61.49,133.00,0.029146
336.1704,5.8780,61.76,133.00,0.029937
336.2736,5.8780,62.03,133.00,0.029636
336.3773,5.9890,61.76,133.00,0.029902
336.4788,5.9890,62.03,133.00,0.029944
336.5824,5.9890,62.03,133.00,0.029848
336.6849,5.9890,62.03,133.00,0.029817
336.7881,5.9890,62.03,133.00,0.029713
336.8944,5.9890,62.03,133.00,0.029851
336.9996,5.9890,61.76,133.00,0.029474
337.1033,5.9890,61.76,133.00,0.030298
337.2047,5.9890,61.49,133.00,0.030429
337.3071,5.9890,62.03,133.00,0.029286
337.4093,5.8170,62.03,133.00,0.029833
337.5145,5.8170,61.49,133.00,0.029623
337.6151,5.8170,61.76,133.00,0.030167
337.7163,5.8170,61.76,133.00,0.029459
337.8179,5.8170,61.49,133.00,0.028579
337.9168,5.8170,62.03,134.00,0.028168
338.0141,5.8170,62.30,131.50,0.029824
338.1174,5.8170,61.49,129.00,0.029753
338.2205,5.8170,61.76,130.00,0.029929
338.3223,5.9065,61.76,130.00,0.030436
338.4260,5.9960,62.03,130.00,0.029427
338.5285,5.9960,61.22,130.00,0.030111
338.6315,5.9960,61.49,130.00,0.029715
338.7334,5.9960,61.49,130.00,0.029019
338.8310,5.9960,62.30,130.00,0.029039
338.9319,5.9960,62.03,130.00,0.028489
339.0297,5.9960,61.49,130.00,0.028905
339.1288,5.9960,61.76,130.00,0.028905
339.2264,5.9960,61.49,130.00,0.029090
339.3232,5.9960,62.30,130.00,0.029173
339.4211,5.9960,61.49,130.00,0.029276
339.5196,5.9960,62.03,130.00,0.029804
339.6181,5.9960,61.49,130.00,0.029528
339.7181,5.9960,61.76,130.00,0.029652
339.8149,5.9960,61.49,130.00,0.030003
339.9156,5.9960,61.22,130.00,0.030579
340.0121,5.9960,61.49,130.00,0.028566
340.1084,5.9960,61.49,130.00,0.028910
340.2058,5.9960,62.03,130.00,0.028950
340.3035,5.9960,62.30,130.00,0.029517
340.4024,5.9960,62.03,130.00,0.029855
340.5008,5.9960,62.03,130.00,0.028166
340.5953,5.9960,62.03,130.00,0.028557
340.6950,5.9465,61.76,130.00,0.029655
340.7977,5.8970,61.49,130.00,0.029372
340.8952,5.8970,61.76,130.00,0.029059
340.9934,5.8970,62.30,130.00,0.029330
341.0913,5.8970,61.76,130.00,0.029317
341.1892,5.8970,61.76,130.00,0.029277
341.2859,5.8970,62.30,130.00,0.028232
341.3806,5.8970,61.76,130.00,0.028406
341.4771,5.8970,61.76,130.00,0.028849
341.5746,5.9310,61.76,130.00,0.029822
341.6745,5.9310,62.03,130.00,0.029394
341.7709,5.9310,62.30,130.00,0.030007
341.8682,5.9310,61.76,130.00,0.029193
341.9663,5.9310,61.76,130.00,0.029474
342.0668,5.9310,62.03,130.00,0.030095
342.1610,5.9310,61.49,130.00,0.028101
342.2565,5.9310,61.22,130.00,0.028194
342.3547,5.9310,61.49,130.00,0.029963
342.4547,5.9730,61.22,130.50,0.029790
342.5545,5.9730,61.49,131.00,0.029388
342.6541,5.9730,61.76,131.00,0.029634
342.7496,5.9730,61.76,131.00,0.029654
342.8516,5.9730,61.49,131.00,0.030525
342.9560,5.9730,61.76,131.00,0.031029
343.0602,5.9730,61.22,131.00,0.030847
343.1645,5.9730,61.49,131.00,0.030303
343.2682,5.9730,61.76,131.00,0.030640
343.3727,5.9350,61.76,131.00,0.030351
343.4772,5.8970,61.76,131.00,0.030396
343.5837,5.8970,61.76,131.00,0.030648
343.6898,5.8970,61.76,131.00,0.030456
343.7874,5.8970,61.22,131.00,0.028574
343.8828,5.8970,61.49,131.00,0.029714
343.9830,5.8970,62.03,131.00,0.028286
344.0764,5.8970,61.49,131.00,0.028121
344.1725,5.8970,61.76,131.00,0.028383
344.2703,5.8970,61.22,131.00,0.030097
344.3725,5.9350,61.76,131.00,0.029373
344.4708,5.9730,62.03,131.00,0.028825
344.5685,5.9730,61.49,131.00,0.029214
344.6646,5.9730,62.30,131.00,0.029140
344.7614,5.9730,62.03,131.00,0.028206
344.8573,5.9730,61.49,131.50,0.028861
344.9570,5.9730,62.03,132.00,0.029183
345.0502,5.9730,61.49,132.00,0.027803
345.1457,5.9730,61.22,132.00,0.027985
345.2404,5.9730,62.03,132.00,0.029184
345.3394,5.9580,61.76,132.00,0.030513
345.4355,5.9430,61.22,132.00,0.029587
345.5350,5.9430,61.22,132.00,0.029039
345.6360,5.9430,62.03,132.00,0.030686
345.7357,5.9430,61.49,132.00,0.029396
345.8342,5.9430,61.49,132.00,0.029570
345.9318,5.9430,61.22,132.00,0.029598
346.0300,5.9430,61.76,132.00,0.029940
346.1302,5.9430,61.49,132.00,0.029665
346.2261,5.9430,61.76,132.00,0.029561
346.3263,5.9580,61.76,132.00,0.029317
346.4213,5.9730,62.03,132.00,0.028442
346.5190,5.9730,61.22,132.00,0.028913
346.6164,5.9730,61.76,132.00,0.028832
346.7140,5.9730,61.76,132.00,0.029057
346.8086,5.9730,61.76,132.00,0.028423
346.9064,5.9730,61.49,132.00,0.029005
347.0019,5.9730,62.03,132.00,0.029085
347.1021,5.9730,61.49,132.00,0.029826
347.1982,5.9730,61.49,132.00,0.029799
347.2977,5.9730,61.76,132.00,0.029413
347.3967,6.0000,61.49,132.00,0.029452
347.4927,6.0000,61.76,132.00,0.027946
347.5869,6.0000,61.49,132.00,0.028993
347.6828,6.0000,61.76,132.00,0.028844
347.7788,6.0000,61.76,132.00,0.029712
347.8781,6.0000,61.49,132.50,0.029644
347.9739,6.0000,61.76,133.00,0.029775
348.0730,6.0000,61.76,133.00,0.029289
348.1702,6.0000,61.76,133.00,0.029119
348.2678,6.0000,62.03,133.00,0.029760
348.3652,5.9810,61.76,133.00,0.028883
348.4628,5.9620,61.76,133.00,0.029128
348.5582,5.9620,61.76,133.00,0.029260
348.6570,5.9620,62.30,133.00,0.028401
348.7529,5.9620,62.03,133.00,0.027706
348.8483,5.9620,61.49,133.00,0.028206
348.9466,5.9620,61.49,133.00,0.029564
349.0445,5.9620,61.76,133.00,0.030366
349.1428,5.9620,62.03,133.00,0.030525
349.2469,5.9620,62.03,133.00,0.030822
349.3506,5.9640,62.03,133.00,0.030703
349.4544,5.9660,61.76,133.00,0.030693
349.5570,5.9660,61.76,133.00,0.030176
349.6638,5.9660,62.03,133.00,0.030857
349.7678,5.9660,62.03,133.00,0.029395
349.8648,5.9660,61.76,133.00,0.029544
349.9610,5.9660,62.03,133.00,0.028517
350.0623,5.9660,61.76,133.00,0.031168
350.1584,5.9660,61.76,133.50,0.028157
350.2556,5.9660,61.76,134.00,0.031196
350.3592,5.9390,62.03,134.00,0.030931
350.4605,5.9120,61.76,134.00,0.030391
350.5640,5.9120,62.03,134.00,0.031349
350.6646,5.9120,61.49,134.00,0.030614
350.7669,5.9120,61.76,134.00,0.029287
350.8692,5.9120,61.76,134.00,0.029680
350.9693,5.9120,61.76,134.00,0.030387
351.0706,5.9120,61.49,134.00,0.031338
351.1742,5.9120,61.76,134.00,0.030814
351.2774,5.9120,61.22,134.00,0.030721
351.3806,5.9120,61.49,134.00,0.030628
351.4833,5.9120,61.49,134.00,0.030080
351.5871,5.9120,62.03,134.00,0.030739
351.6867,5.9120,61.49,134.00,0.029733
351.7828,5.9120,61.49,134.00,0.030002
351.8786,5.9120,61.76,134.00,0.028479
351.9717,5.9120,61.76,134.00,0.028329
352.0715,5.9120,61.76,134.00,0.029737
352.1692,5.9120,61.49,134.00,0.029843
352.2702,5.9120,61.49,134.00,0.029135
352.3653,5.9120,61.49,134.00,0.028045
352.4620,5.9120,61.76,134.00,0.029016
352.5571,5.9120,62.03,134.00,0.029100
352.6530,5.9120,61.49,134.00,0.027882
352.7460,5.9120,61.49,134.00,0.027761
352.8421,5.9120,62.03,134.00,0.028241
352.9364,5.9120,61.76,134.00,0.028842
353.0354,5.9120,61.49,134.00,0.029969
353.1334,5.9120,62.03,134.00,0.029279
353.2311,5.9120,61.76,134.50,0.029596
353.3298,5.9120,61.76,135.00,0.030387
353.4266,5.9120,62.03,135.00,0.029507
353.5261,5.9120,61.76,135.00,0.029933
353.6260,5.9120,61.49,135.00,0.029623
353.7224,5.9120,62.30,135.00,0.029287
353.8194,5.9120,61.76,135.00,0.029586
353.9151,5.9120,61.76,135.00,0.030149
354.0131,5.9120,62.30,135.00,0.029560
354.1088,5.9120,62.03,135.00,0.029619
354.2079,5.9120,61.49,135.00,0.029526
354.3049,5.9120,61.22,135.00,0.029068
354.4058,5.9700,62.03,135.00,0.029508
354.5013,5.9700,61.76,135.00,0.029164
354.5986,5.9700,62.03,135.00,0.028911
354.6941,5.9700,62.03,135.00,0.028895
354.7919,5.9700,62.30,135.00,0.029090
354.8877,5.9700,61.76,135.00,0.029584
354.9841,5.9700,61.76,135.00,0.029054
355.0826,5.9700,61.49,135.00,0.029917
355.1823,5.9700,62.30,135.00,0.029408
355.2788,5.9700,61.76,135.00,0.030040
355.3793,5.9700,61.76,135.00,0.030108
355.4759,5.9700,62.03,135.00,0.030291
355.5742,5.9700,62.30,135.00,0.029466
355.6700,5.9700,61.76,135.00,0.030092
355.7690,5.9700,62.03,135.00,0.029301
355.8648,5.9700,62.03,135.00,0.028518
355.9630,5.9700,61.76,135.00,0.030242
356.0587,5.9700,61.49,135.00,0.028006
356.1540,5.9700,61.49,135.00,0.028266
356.2500,5.9700,61.76,135.00,0.028636
356.3500,5.9700,62.30,135.00,0.029508
356.4445,5.9700,61.76,135.00,0.028731
356.5413,5.9700,61.49,135.00,0.028574
356.6366,5.9700,61.22,135.00,0.029362
356.7356,5.9700,62.30,135.00,0.029112
356.8316,5.9430,61.22,135.00,0.029216
356.9280,5.9430,61.49,135.00,0.029056
357.0257,5.9430,61.49,135.00,0.029676
357.1276,5.9430,61.76,135.00,0.029346
357.2227,5.9430,61.76,135.00,0.029117
357.3207,5.9545,61.49,135.00,0.030417
357.4172,5.9660,62.03,135.00,0.029165
357.5171,5.9660,61.49,135.00,0.028236
357.6134,5.9660,61.76,135.00,0.028628
357.7108,5.9660,61.22,135.00,0.029026
357.8117,5.9660,61.76,135.00,0.029525
357.9116,5.9660,61.22,135.00,0.029484
358.0068,5.9660,62.30,135.00,0.029303
358.1076,5.9660,61.22,135.00,0.029555
358.2060,5.9660,61.76,135.00,0.029833
358.3061,5.9660,61.76,135.00,0.029273
358.4061,5.9430,61.76,135.00,0.029284
358.5025,5.9430,62.03,135.00,0.028719
358.5976,5.9430,61.49,135.00,0.029045
358.6946,5.9430,62.03,135.00,0.028822
358.7924,5.9430,62.03,135.00,0.029033
358.8939,5.9430,61.49,135.00,0.029206
358.9900,5.9430,61.76,135.00,0.028992
359.0891,5.9430,61.22,135.00,0.028618
359.1846,5.9430,61.49,135.00,0.028087
359.2822,5.9430,61.22,135.00,0.028248
359.3773,5.9430,62.03,135.00,0.029032
359.4752,5.9620,61.22,135.00,0.029410
359.5740,5.9620,62.03,135.00,0.030118
359.6745,5.9620,61.76,135.00,0.029808
359.7729,5.9620,62.03,135.00,0.029751
359.8705,5.9620,61.76,135.00,0.029525
359.9673,5.9620,61.49,135.00,0.030421
360.0654,5.9620,61.76,135.00,0.029951
360.1622,5.9620,61.22,135.00,0.030174
360.2592,5.9620,61.76,135.00,0.029403
360.3553,5.9735,61.76,135.00,0.029215
360.4554,5.9850,62.03,135.00,0.030006
360.5527,5.9850,62.03,135.50,0.028913
360.6522,5.9850,62.30,135.00,0.029715
360.7472,5.9850,61.76,135.00,0.029023
360.8460,5.9850,62.30,135.00,0.028814
360.9409,5.9850,62.30,135.00,0.028541
361.0395,5.9850,61.49,135.00,0.028625
361.1390,5.9850,62.03,135.00,0.028572
361.2384,5.9850,61.76,135.00,0.029451
361.3320,5.9850,61.49,135.00,0.028320
361.4281,5.9850,62.03,135.00,0.028284
361.5213,5.9850,61.76,135.00,0.028352
361.6205,5.9120,61.76,135.00,0.031240
361.7160,5.9120,61.76,135.00,0.029821
361.8143,5.9120,61.49,135.00,0.029012
361.9101,5.9120,62.03,135.00,0.029324
362.0088,5.9120,62.03,135.00,0.029479
362.1047,5.9120,62.30,135.00,0.029706
362.2036,5.9120,62.03,135.00,0.029172
362.3012,5.9120,61.76,135.00,0.029067
362.3993,5.9120,62.30,135.00,0.029864
362.4970,5.9120,61.49,135.00,0.029260
362.5927,5.9120,61.49,135.00,0.027933
362.6864,5.9120,61.49,135.00,0.028579
362.7845,5.9120,61.49,135.00,0.028848
362.8814,5.9120,61.76,135.00,0.028579
362.9799,5.9120,61.76,135.00,0.029537
363.0781,5.9120,62.30,135.00,0.029841
363.1753,5.9120,62.03,135.00,0.029517
363.2749,5.9120,61.76,135.00,0.029701
363.3743,5.9120,61.76,135.00,0.029578
363.4701,5.9120,61.49,135.00,0.029799
363.5672,5.9120,61.76,135.00,0.029816
363.6635,5.9120,61.22,135.00,0.030685
363.7636,5.9120,61.76,135.00,0.029804
363.8596,5.9430,61.76,135.00,0.029280
363.9563,5.9430,62.03,135.00,0.029276
364.0552,5.9430,61.76,135.00,0.030053
364.1545,5.9430,61.22,135.00,0.029461
364.2506,5.9430,62.03,135.00,0.029974
364.3500,5.9295,62.03,135.00,0.029360
364.4451,5.9160,62.03,135.00,0.028825
364.5425,5.9160,61.49,135.00,0.029076
364.6396,5.9160,62.30,135.00,0.029487
364.7368,5.9160,62.03,135.00,0.028086
364.8308,5.9160,61.76,135.00,0.028909
364.9268,5.9160,62.03,135.00,0.029118
365.0237,5.9160,61.49,135.00,0.029663
365.1226,5.9160,61.76,135.00,0.029084
365.2165,5.9160,62.03,135.00,0.028503
365.3140,5.9160,61.49,135.00,0.028235
365.4092,5.9160,61.76,135.00,0.029891
365.5050,5.9890,61.76,135.00,0.028014
365.6009,5.9890,61.49,135.00,0.028531
365.6989,5.9890,61.49,135.00,0.029944
365.7931,5.9890,62.03,135.00,0.028408
365.8877,5.9890,61.49,135.00,0.028352
365.9832,5.9890,61.76,135.00,0.027954
366.0832,5.9890,62.03,135.00,0.029842
366.1780,5.9890,62.30,135.00,0.028658
366.2747,5.9890,61.49,135.00,0.028785
366.3709,5.9200,62.03,134.50,0.028785
366.4699,5.9200,61.76,134.00,0.029240
366.5670,5.9200,62.03,134.00,0.029102
366.6661,5.9200,61.76,134.00,0.029033
366.7613,5.9200,62.30,134.00,0.029454
366.8610,5.9200,61.76,135.00,0.029536
366.9583,5.9200,62.03,135.00,0.029374
367.0582,5.9200,61.49,134.50,0.029880
367.1545,5.9200,61.76,134.50,0.030493
367.2541,5.9200,61.76,134.00,0.029741
367.3518,5.9410,61.49,134.50,0.029576
367.4509,5.9620,61.22,134.00,0.029669
367.5479,5.9620,61.49,134.00,0.030213
367.6461,5.9620,61.49,134.00,0.030144
367.7430,5.9620,62.30,134.00,0.029414
367.8393,5.9620,62.30,134.00,0.029297
367.9350,5.9620,61.76,134.00,0.029559
368.0353,5.9620,61.49,134.00,0.028482
368.1314,5.9620,61.76,134.00,0.029645
368.2311,5.9620,61.76,134.00,0.029482
368.3841,5.9465,62.03,134.50,0.029757
368.5208,5.9310,61.76,135.00,0.061004
368.6242,5.9310,61.49,135.00,0.030033
368.7281,5.9310,61.76,135.00,0.029901
368.8319,5.9310,62.03,135.00,0.029569
368.9334,5.9310,62.03,135.00,0.029349
369.0374,5.9310,62.03,135.00,0.028898
369.1419,5.9310,62.30,135.00,0.029537
369.2464,5.9310,61.76,135.00,0.029366
369.3476,5.8700,61.76,135.00,0.029729
369.4511,5.8090,61.76,135.00,0.029380
369.5545,5.8090,62.03,135.00,0.029451
369.6579,5.8090,61.76,135.00,0.029755
369.7632,5.8090,61.49,135.00,0.028907
369.8586,5.8090,62.30,135.00,0.028109
369.9531,5.8090,61.49,135.00,0.028425
370.0538,5.8090,62.03,135.00,0.030441
370.1477,5.8090,61.76,135.00,0.028079
370.2452,5.8090,61.22,135.00,0.028951
370.3467,5.8760,61.76,135.00,0.030995
370.4509,5.9430,62.30,135.00,0.030762
370.5536,5.9430,61.49,135.00,0.029787
370.6590,5.9430,61.49,135.00,0.030460
370.7563,5.9430,61.76,136.00,0.027647
370.8533,5.9430,61.49,136.00,0.028122
370.9533,5.9430,61.22,136.00,0.030224
371.0545,5.9430,61.76,136.00,0.029588
371.1582,5.9430,61.76,136.00,0.030899
371.2622,5.9430,61.76,136.00,0.030322
371.3660,5.9580,61.76,136.00,0.030555
371.4722,5.9730,61.22,136.00,0.030795
371.5791,5.9730,62.03,136.00,0.030209
371.6855,5.9730,61.22,136.00,0.029997
371.7912,5.9730,61.22,136.00,0.029657
371.8954,5.9730,61.76,136.00,0.029027
372.0024,5.9730,61.49,136.00,0.029903
372.1075,5.9730,61.76,136.00,0.029744
372.2117,5.9730,62.03,136.00,0.028099
372.3142,5.8875,62.03,136.00,0.029990
372.4206,5.8020,61.49,136.00,0.029572
372.5233,5.8020,61.76,136.00,0.029406
372.6271,5.8020,61.49,136.00,0.028806
372.7303,5.8020,61.76,136.00,0.030167
372.8350,5.8020,61.49,136.00,0.027737
372.9336,5.8020,61.76,136.00,0.028303
373.0296,5.8020,61.49,136.00,0.028440
373.1310,5.8020,61.76,136.00,0.029308
373.2373,5.8020,61.76,136.00,0.029236
373.3436,5.8685,61.49,136.00,0.029516
373.4460,5.9350,61.22,136.00,0.029540
373.5510,5.9350,61.22,136.00,0.030246
373.6560,5.9350,61.49,136.00,0.031229
373.7599,5.9350,61.22,136.00,0.029689
373.8647,5.9350,61.49,136.00,0.030116
373.9647,5.9350,61.76,136.00,0.028407
374.0591,5.9350,61.49,136.00,0.028024
374.1558,5.9350,61.49,136.00,0.028101
374.2548,5.9350,62.30,136.00,0.029834
374.3604,5.9540,61.22,136.00,0.029557
374.4650,5.9730,61.49,136.00,0.028302
374.5624,5.9730,61.22,136.00,0.028785
374.6581,5.9730,62.03,136.00,0.029589
374.7576,5.9730,61.49,136.00,0.029349
374.8581,5.9730,61.49,136.00,0.029513
374.9567,5.9730,61.76,136.00,0.029303
375.0513,5.9730,61.49,136.00,0.027999
375.1493,5.9730,62.03,136.00,0.028042
375.2479,5.9730,61.49,136.00,0.029825
375.3472,5.9635,62.03,136.00,0.030541
375.4470,5.9540,61.76,136.00,0.030367
375.5450,5.9540,61.22,136.00,0.029240
375.6442,5.9540,61.49,136.00,0.031413
375.7493,5.9540,61.76,136.00,0.031056
375.8516,5.9540,61.76,136.00,0.030718
375.9557,5.9540,60.95,136.00,0.030836
376.0615,5.9540,61.49,137.00,0.031041
376.1660,5.9540,61.49,137.00,0.031307
376.2728,5.9540,62.30,137.00,0.030598
376.3795,5.8605,61.49,137.00,0.030932
376.4802,5.7670,61.76,137.00,0.027794
376.5752,5.7670,61.49,137.00,0.028067
376.6751,5.7670,61.49,137.00,0.029175
376.7693,5.7670,61.76,137.00,0.028072
376.8706,5.7670,61.76,137.00,0.029466
376.9737,5.7670,61.76,137.00,0.030814
377.0767,5.7670,62.03,137.00,0.030565
377.1847,5.7670,61.22,137.00,0.030774
377.2828,5.7670,61.49,137.00,0.028966
377.3825,5.8185,61.76,137.00,0.030120
377.4907,5.8700,62.30,137.00,0.030999
377.5956,5.8700,61.76,137.00,0.031039
377.7002,5.8700,61.49,137.00,0.031176
377.8066,5.8700,61.76,137.00,0.030615
377.9130,5.8700,61.22,137.00,0.030414
378.0189,5.8700,61.76,137.00,0.031199
378.1260,5.8700,61.49,137.00,0.031387
378.2284,5.8700,61.49,137.00,0.030128
378.3319,5.8585,61.76,137.00,0.031329
378.4344,5.8470,61.76,137.00,0.030344
378.5411,5.8470,61.49,137.00,0.030218
378.6460,5.8470,61.76,137.00,0.031308
378.7428,5.8470,61.49,137.00,0.028234
378.8379,5.8470,62.03,137.00,0.028138
378.9401,5.8470,62.03,137.00,0.031008
379.0419,5.8470,61.49,137.00,0.028086
379.1416,5.8470,62.03,137.00,0.028349
379.2391,5.8470,61.76,137.00,0.029518
379.3403,5.7840,61.49,137.00,0.029881
379.4423,5.7210,62.03,137.00,0.030361
379.5425,5.7210,62.03,137.00,0.029514
379.6409,5.7210,61.76,137.00,0.029293
379.7353,5.7210,61.49,137.00,0.028031
379.8409,5.7210,61.22,138.50,0.034881
379.9756,5.7210,61.76,145.50,0.057579
380.1494,5.7210,61.76,134.00,0.079756
380.2742,5.7210,62.03,133.00,0.028506
380.3721,5.7210,61.76,132.50,0.029643
380.5094,5.9350,62.03,132.00,0.047517
380.6195,5.9350,61.49,132.50,0.041131
380.7611,5.9350,61.49,133.00,0.070874
380.8619,5.9350,61.22,133.50,0.028086
380.9608,5.9350,61.76,134.00,0.029170
381.0596,5.9350,61.49,134.00,0.029759
381.1577,5.9350,61.49,134.00,0.030003
381.2621,5.9350,61.76,134.00,0.030704
381.3636,5.8455,61.22,134.00,0.029455
381.4649,5.7560,61.49,134.00,0.029537
381.5672,5.7560,61.49,134.00,0.030072
381.6720,5.7560,61.22,134.00,0.030288
381.7743,5.7560,61.76,134.00,0.030360
381.8759,5.7560,61.76,134.00,0.029778
381.9752,5.7560,62.03,134.00,0.029385
382.1105,5.7560,61.76,134.00,0.057874
382.2146,5.7560,61.76,135.00,0.029214
382.3162,5.7560,62.03,135.00,0.028080
382.4185,5.9065,61.49,135.00,0.030685
382.5191,6.0570,61.76,135.00,0.029987
382.6406,6.0570,62.03,129.50,0.051553
382.7369,6.0570,61.49,124.00,0.027797
382.8322,6.0570,61.49,124.00,0.027885
382.9315,6.0570,61.22,124.00,0.029363
383.0244,6.0570,62.03,124.00,0.028085
383.1217,6.0570,61.49,124.00,0.029628
383.2178,6.0570,61.49,124.00,0.030023
383.3149,6.0570,61.49,124.00,0.029492
383.4123,6.0570,61.76,124.00,0.029096
383.5116,6.0570,61.49,124.00,0.029755
383.6100,6.0570,62.03,124.00,0.029468
383.7071,6.0570,61.49,124.00,0.029340
383.8052,6.0570,61.49,124.00,0.028600
383.9025,6.0570,61.49,124.50,0.029793
383.9973,6.0570,61.76,125.00,0.028792
384.0924,6.0570,62.30,125.00,0.028060
384.1884,6.0570,61.22,125.00,0.028291
384.2841,6.0570,61.49,125.00,0.028753
384.3820,6.0570,61.49,125.00,0.028985
384.4786,6.0570,61.49,125.00,0.029755
384.5731,6.0570,61.22,125.00,0.028217
384.6690,6.0570,61.49,125.00,0.028694
384.7653,6.0570,61.76,125.00,0.028037
384.8621,6.0570,61.76,125.00,0.029821
384.9574,6.0570,62.30,125.00,0.028832
385.0561,6.0570,61.76,125.00,0.029106
385.1539,6.0570,62.03,125.00,0.029712
385.2512,6.0570,61.76,125.00,0.029315
385.3511,6.0570,61.76,125.00,0.029714
385.4480,6.0020,62.30,125.00,0.028645
385.5486,5.9470,61.49,125.00,0.029972
385.6462,5.9470,61.76,125.00,0.029481
385.7409,5.9470,61.22,125.00,0.028532
385.8376,5.9470,61.49,125.00,0.028862
385.9332,5.9470,62.03,125.00,0.028916
386.0337,5.9470,61.49,125.00,0.028850
386.1297,5.9470,61.76,125.00,0.028516
386.2246,5.9470,61.76,125.00,0.027930
386.3214,5.9470,61.76,125.00,0.028420
386.4188,5.9545,61.76,125.00,0.029684
386.5176,5.9620,61.22,125.00,0.029756
386.6164,5.9620,62.03,125.00,0.030513
386.7163,5.9620,61.49,125.00,0.029737
386.8152,5.9620,62.03,125.00,0.030158
386.9133,5.9620,61.76,125.00,0.029533
387.0116,5.9620,62.03,125.00,0.030292
387.1092,5.9620,61.76,125.00,0.028067
387.2043,5.9620,61.76,125.00,0.028408
387.3008,5.9620,61.49,125.00,0.028360
387.3984,5.9620,61.76,125.00,0.030030
387.4942,5.9620,61.49,125.00,0.029479
387.5938,5.9620,61.49,125.50,0.029424
387.6889,5.9620,62.03,126.00,0.029079
387.7848,5.9620,61.76,126.00,0.028626
387.8812,5.9620,61.76,126.00,0.028291
387.9774,5.9620,62.03,126.00,0.028646
388.0713,5.9620,61.22,126.00,0.028400
388.1691,5.9620,62.03,126.00,0.028514
388.2643,5.9620,61.76,126.00,0.028042
388.3612,5.9620,61.76,126.00,0.028253
388.4575,5.9620,61.76,126.00,0.029231
388.5524,5.9620,62.30,126.00,0.028133
388.6501,5.9965,61.76,126.00,0.029565
388.7474,6.0310,61.49,126.00,0.029279
388.8447,6.0310,62.03,126.00,0.029356
388.9417,6.0310,62.03,126.00,0.029899
389.0364,6.0310,61.76,126.00,0.029360
389.1355,6.0310,61.49,126.00,0.029724
389.2300,6.0310,61.22,126.00,0.029182
389.3273,5.9985,61.76,126.00,0.029706
389.4220,5.9660,61.22,126.00,0.028623
389.5181,5.9660,62.03,126.00,0.028600
389.6130,5.9660,62.03,126.00,0.028919
389.7100,5.9660,62.30,126.00,0.029277
389.8052,5.9660,61.76,126.00,0.029587
389.9018,5.9660,62.03,126.00,0.029442
389.9988,5.9660,61.22,126.00,0.029669
390.0960,5.9660,61.76,126.00,0.029867
390.1910,5.9660,61.76,126.00,0.030022
390.2875,5.9660,61.76,126.00,0.029777
390.3852,5.9510,61.76,126.00,0.029719
390.4843,5.9510,62.03,126.00,0.029764
390.5813,5.9510,61.76,126.00,0.029567
390.6787,5.9510,62.03,126.00,0.030430
390.7742,5.9510,61.76,126.00,0.029912
390.8737,5.9510,62.03,126.00,0.030228
390.9695,5.9510,61.76,126.00,0.030054
391.0712,5.9510,62.30,126.00,0.030232
391.1660,5.9510,62.03,126.00,0.029569
391.2619,5.9510,61.76,126.00,0.028783
391.3588,5.9510,61.76,126.00,0.028999
391.4570,5.9510,62.03,126.00,0.028942
391.5539,5.9510,62.03,126.00,0.028432
391.6523,5.9510,62.30,126.00,0.028924
391.7491,5.9510,61.22,126.00,0.029685
391.8458,5.9510,61.76,126.00,0.029585
391.9433,5.9510,61.76,126.00,0.029851
392.0427,5.9510,61.76,127.00,0.029848
392.1381,5.9510,61.49,127.00,0.030119
392.2348,5.9510,62.30,127.00,0.029611
392.3301,5.9510,62.30,127.00,0.029734
392.4269,5.9510,61.49,127.00,0.029877
392.5244,5.9510,61.22,127.00,0.029942
392.6225,5.9545,62.03,127.00,0.030349
392.7162,5.9580,61.22,127.00,0.028259
392.8130,5.9580,62.03,127.00,0.028209
392.9093,5.9580,61.76,127.00,0.028663
393.0052,5.9580,62.03,127.00,0.028989
393.1020,5.9580,62.30,127.00,0.028924
393.2005,5.9580,61.49,127.00,0.028761
393.2979,5.9580,61.49,127.00,0.028989
393.3946,6.0150,62.03,127.00,0.029059
393.4895,6.0150,62.03,127.00,0.029309
393.5860,6.0150,61.22,127.00,0.029540
393.6814,6.0150,62.03,127.00,0.029401
393.7832,6.0150,61.76,126.50,0.030231
393.8808,6.0150,61.76,126.00,0.029951
393.9798,6.0150,61.76,126.50,0.029471
394.0753,6.0150,61.76,126.00,0.030090
394.1736,6.0150,61.76,126.50,0.029091
394.2671,6.0150,61.22,126.00,0.028253
394.3626,6.0150,62.03,127.00,0.028889
394.4568,6.0150,61.76,127.00,0.028991
394.5517,5.9730,61.76,127.00,0.027882
394.6451,5.9730,61.76,127.00,0.028453
394.7402,5.9730,61.76,127.00,0.028857
394.8352,5.9730,61.49,127.00,0.028071
394.9314,5.9730,61.49,127.00,0.029640
395.0270,5.9730,62.30,127.00,0.029943
395.1238,5.9730,61.49,127.00,0.029799
395.2219,5.9730,61.49,127.00,0.030096
395.3188,5.9770,62.03,127.00,0.030092
395.4144,5.9810,61.76,127.00,0.030248
395.5116,5.9810,62.03,127.00,0.030061
395.6062,5.9810,62.30,127.00,0.029293
395.7030,5.9810,62.03,127.00,0.029320
395.7983,5.9810,62.30,127.00,0.029765
395.8971,5.9810,61.49,127.00,0.029650
395.9922,5.9810,61.76,127.00,0.029455
396.0903,5.9810,61.76,127.00,0.028933
396.1848,5.9810,61.49,127.00,0.027884
396.2809,5.9810,61.76,126.50,0.029207
396.3764,5.9350,62.30,126.00,0.029096
396.4727,5.9350,61.76,126.00,0.028657
396.5693,5.9350,61.76,126.00,0.028770
396.6672,5.9350,62.30,126.00,0.028430
396.7600,5.9350,61.22,126.00,0.027987
396.8541,5.9350,61.76,126.00,0.027864
396.9507,5.9350,61.49,127.00,0.029960
397.0505,5.9350,61.76,127.00,0.030227
397.1437,5.9350,61.22,126.50,0.028040
397.2383,5.9350,61.49,126.00,0.028074
397.3330,5.9350,61.76,126.00,0.027905
397.4293,5.9695,61.49,126.00,0.029274
397.5280,6.0040,61.76,126.00,0.029860
397.6318,6.0040,62.03,127.00,0.031598
397.7301,6.0040,61.76,127.00,0.028179
397.8321,6.0040,62.03,127.00,0.029994
397.9329,6.0040,62.03,127.00,0.029662
398.0350,6.0040,61.22,127.00,0.031415
398.1363,6.0040,61.49,127.00,0.030588
398.2395,6.0040,61.49,127.00,0.030295
398.3388,6.0040,61.76,127.00,0.029989
398.4429,6.0040,61.76,127.00,0.030900
398.5478,6.0040,61.76,127.00,0.030512
398.6520,6.0040,61.22,127.00,0.031123
398.7583,6.0040,61.76,126.50,0.030965
398.8625,6.0040,61.76,126.00,0.028678
398.9625,6.0040,61.76,126.00,0.030142
399.0669,6.0040,62.03,126.00,0.031108
399.1680,6.0040,62.30,126.00,0.028504
399.2644,6.0040,62.03,126.00,0.028858
399.3606,6.0040,62.30,127.00,0.028611
399.4557,6.0040,61.76,127.00,0.028472
399.5533,6.0040,61.49,127.00,0.028436
399.6539,5.9810,61.76,127.00,0.030183
399.7592,5.9580,61.76,127.00,0.029378
399.8586,5.9580,61.49,127.00,0.029881
399.9635,5.9580,62.03,127.00,0.029007
400.0670,5.9580,61.22,127.00,0.029639
400.1718,5.9580,62.03,127.00,0.029543
400.2759,5.9580,61.76,127.00,0.030284
400.3819,5.8210,61.49,127.00,0.029609
400.4858,5.8210,61.76,127.00,0.029941
400.5869,5.8210,61.49,127.00,0.030007
400.6914,5.8210,61.49,127.00,0.030406
400.7956,5.8210,61.49,126.50,0.030687
400.8993,5.8210,61.49,126.00,0.030405
400.9976,5.8210,61.22,126.00,0.028341
401.0936,5.8210,62.03,126.50,0.029352
401.1956,5.8210,61.22,126.50,0.029322
401.2990,5.8210,61.22,126.00,0.030032
401.4037,6.0040,61.76,127.00,0.030294
401.5043,6.0040,62.03,127.00,0.028612
401.6004,6.0040,62.03,127.00,0.028461
401.7038,6.0040,61.49,126.50,0.029251
401.8053,6.0040,61.49,127.00,0.029686
401.9084,6.0040,61.22,127.00,0.028992
402.0115,6.0040,61.49,127.00,0.029208
402.1138,6.0040,61.49,127.00,0.028702
402.2090,6.0040,61.76,127.00,0.028218
402.3060,6.0040,62.30,127.50,0.029106
402.4053,5.9525,61.76,128.00,0.029700
402.5098,5.9010,61.22,128.00,0.029927
402.6131,5.9010,61.76,128.00,0.029452
402.7149,5.9010,61.49,128.00,0.029451
402.8121,5.9010,61.49,128.00,0.027661
402.9068,5.9010,62.03,128.00,0.028467
403.0040,5.9010,61.49,128.00,0.028566
403.0999,5.9010,61.76,128.00,0.028151
403.1974,5.9010,62.03,128.00,0.028805
403.2943,5.9010,61.22,128.00,0.028000
403.3905,5.9010,61.49,128.00,0.028104
403.4854,5.9010,61.76,128.00,0.028673
403.5903,5.9545,61.76,128.00,0.031507
403.6931,6.0080,62.30,128.00,0.030803
403.7951,6.0080,62.03,128.00,0.030224
403.8960,6.0080,62.03,128.00,0.029841
403.9948,6.0080,62.03,128.00,0.029891
404.0919,6.0080,62.03,128.00,0.030139
404.1912,6.0080,62.03,128.00,0.030074
404.2881,6.0080,61.49,128.00,0.028174
404.3849,6.0080,62.03,128.00,0.028485
404.4820,6.0080,61.49,128.00,0.028909
404.5830,5.9850,61.49,128.00,0.029110
404.6812,5.9850,62.03,128.00,0.028768
404.7792,5.9850,61.22,128.00,0.028319
404.8774,5.9850,61.49,128.00,0.028880
404.9749,5.9850,62.30,128.00,0.028341
405.0696,5.9850,61.49,128.00,0.028523
405.1661,5.9850,61.76,128.00,0.028296
405.2646,5.9850,61.49,128.00,0.029583
405.3638,5.9695,61.49,128.00,0.029719
405.4612,5.9540,61.22,128.00,0.029643
405.5597,5.9540,61.49,128.00,0.029877
405.6602,5.9540,62.03,128.00,0.030872
405.7592,5.9540,61.76,128.00,0.030314
405.8591,5.9540,62.03,128.00,0.030052
405.9600,5.9540,61.76,128.00,0.029613
406.0591,5.9540,62.03,128.00,0.029888
406.1559,5.9540,61.76,128.00,0.028755
406.2534,5.9540,61.49,128.00,0.030118
406.3542,5.9140,61.49,128.00,0.029680
406.4560,5.8740,61.49,128.00,0.029855
406.5557,5.8740,61.49,128.00,0.030418
406.6552,5.8740,62.03,128.00,0.030385
406.7533,5.8740,61.49,128.00,0.029838
406.8504,5.8740,61.49,128.50,0.029641
406.9477,5.8740,61.49,129.00,0.028361
407.0464,5.8740,61.49,129.00,0.027873
407.1433,5.8740,61.49,129.00,0.028982
407.2423,5.8740,62.03,129.00,0.029022
407.3410,5.9045,62.03,129.00,0.029393
407.4378,5.9350,61.49,129.00,0.029102
407.5341,5.9350,61.49,129.00,0.028286
407.6296,5.9350,62.03,129.00,0.029069
407.7297,5.9350,61.76,129.00,0.029444
407.8270,5.9350,61.49,129.00,0.029928
407.9282,5.9350,61.49,129.00,0.030272
408.0314,5.9350,62.03,129.00,0.031285
408.1378,5.9350,61.22,129.00,0.030287
408.2391,5.9350,61.76,129.00,0.030270
408.3447,5.9695,61.76,129.00,0.030018
408.4518,6.0040,62.03,129.00,0.029599
408.5556,6.0040,61.49,129.00,0.029713
408.6609,6.0040,61.49,129.00,0.029275
408.7661,6.0040,61.49,129.00,0.028928
408.8727,6.0040,62.03,129.00,0.029842
408.9804,6.0040,61.76,129.00,0.030199
409.0868,6.0040,61.49,129.00,0.029833
409.1909,6.0040,61.76,129.00,0.030093
409.2946,6.0040,61.76,129.00,0.029258
409.3970,6.0040,61.49,129.00,0.029354
409.4945,6.0040,61.76,129.00,0.028826
409.5905,6.0040,61.22,129.00,0.029221
409.6878,6.0040,61.76,129.00,0.028382
409.7870,6.0040,61.49,129.00,0.027944
409.8824,6.0040,61.22,129.00,0.028048
409.9771,6.0040,62.03,129.00,0.028049
410.0766,6.0040,61.49,129.50,0.028691
410.1728,6.0040,62.03,130.00,0.029319
410.2696,6.0040,62.30,130.00,0.029667
410.3652,6.0040,61.76,130.00,0.029531
410.4621,6.0040,61.76,130.00,0.028218
410.5589,6.0040,61.76,130.00,0.028497
410.6586,6.0040,61.76,130.00,0.030004
410.7554,6.0060,61.49,130.00,0.030817
410.8583,6.0080,61.49,130.00,0.029987
410.9547,6.0080,61.76,130.00,0.030506
411.0502,6.0080,62.03,130.00,0.028302
411.1434,6.0080,61.76,130.00,0.027848
411.2385,6.0080,62.03,130.00,0.028333
411.3364,5.9775,61.22,130.00,0.029896
411.4339,5.9470,61.76,130.00,0.028969
411.5321,5.9470,61.76,130.00,0.029162
411.6305,5.9470,61.76,130.00,0.028517
411.7290,5.9470,62.03,130.00,0.027786
411.8249,5.9470,61.49,131.00,0.028119
411.9277,5.9470,62.03,131.00,0.029968
412.0289,5.9470,61.76,131.00,0.030266
412.1304,5.9470,62.03,131.00,0.029885
412.2323,5.9470,61.49,131.00,0.030076
412.3349,5.8535,61.49,131.00,0.030591
412.4408,5.7600,62.30,131.00,0.029774
412.5369,5.7600,61.76,131.00,0.028115
412.6316,5.7600,61.22,131.00,0.027866
412.7296,5.7600,61.49,131.00,0.028370
412.8234,5.7600,61.49,131.00,0.028009
412.9287,5.7600,62.03,131.00,0.030103
413.0336,5.7600,62.03,131.00,0.032049
413.1314,5.7600,61.49,131.00,0.027833
413.2265,5.7600,61.76,131.00,0.028700
413.3297,5.8345,61.76,131.00,0.030658
413.4313,5.9090,61.22,131.00,0.030600
413.5342,5.9090,61.76,131.00,0.029910
413.6344,5.9090,61.76,131.00,0.030179
413.7367,5.9090,61.76,131.00,0.030738
413.8386,5.9090,62.03,131.00,0.030318
413.9454,5.9090,61.49,131.00,0.031072
414.0491,5.9090,61.76,131.00,0.030499
414.1539,5.9090,61.76,131.00,0.030843
414.2577,5.9090,61.76,131.00,0.030600
414.3628,5.8670,62.03,131.00,0.030994
414.4667,5.8250,61.49,131.00,0.030438
414.5711,5.8250,61.49,131.00,0.030657
414.6727,5.8250,61.49,131.00,0.029413
414.7687,5.8250,61.49,131.00,0.029465
414.8651,5.8250,62.03,131.00,0.028344
414.9584,5.8250,62.03,131.00,0.028198
415.0540,5.8250,61.76,131.00,0.028538
415.1499,5.8250,61.76,131.00,0.029500
415.2456,5.8250,61.22,131.00,0.028067
415.3436,5.8250,61.76,131.00,0.029237
415.4436,5.9700,61.76,131.00,0.029268
415.5385,5.9700,61.76,131.00,0.028633
415.6383,5.9700,61.76,131.00,0.029342
415.7367,5.9700,62.03,131.00,0.028718
415.8348,5.9700,61.76,131.00,0.028743
415.9332,5.9700,61.76,131.00,0.028824
416.0304,5.9700,61.49,131.00,0.028713
416.1239,5.9700,61.76,131.00,0.028152
416.2211,5.9700,62.30,131.00,0.028056
416.3186,5.9470,62.03,131.00,0.029505
416.4173,5.9240,62.03,131.00,0.029588
416.5142,5.9240,61.76,131.00,0.030217
416.6118,5.9240,61.76,131.00,0.029754
416.7078,5.9240,61.49,131.00,0.029604
416.8069,5.9240,61.49,131.00,0.029062
416.9027,5.9240,61.76,131.00,0.029736
416.9999,5.9240,61.76,131.00,0.029740
417.0974,5.9240,61.76,131.00,0.029268
417.1951,5.9240,61.76,131.00,0.029757
417.2936,5.9240,61.76,131.00,0.029519
417.3939,6.0000,61.76,131.00,0.029540
417.4912,6.0000,62.03,131.00,0.027930
417.5866,6.0000,62.03,131.00,0.027906
417.6816,6.0000,61.76,131.00,0.028327
417.7779,6.0000,61.49,131.00,0.028923
417.8756,6.0000,62.03,131.00,0.029087
417.9777,6.0000,61.49,131.00,0.029073
418.0760,6.0000,61.76,131.00,0.029122
418.1776,6.0000,62.03,131.00,0.028885
418.2739,6.0000,61.76,131.00,0.029376
418.3712,6.0000,61.49,131.00,0.029567
418.4671,6.0000,61.49,131.00,0.029397
418.5647,6.0000,62.03,131.00,0.028921
418.6622,6.0000,62.03,131.00,0.029655
418.7624,6.0000,62.03,131.00,0.029733
418.8586,6.0000,61.49,131.00,0.029870
418.9585,6.0000,61.49,131.00,0.029648
419.0569,6.0000,61.76,131.00,0.029408
419.1561,6.0000,61.22,131.00,0.029571
419.2523,6.0000,61.22,131.00,0.029534
419.3503,6.0000,62.03,131.00,0.029815
419.4468,5.9620,62.03,131.00,0.029769
419.5450,5.9240,62.03,131.00,0.028579
419.6407,5.9240,61.76,131.00,0.028212
419.7383,5.9240,61.76,131.00,0.029502
419.8337,5.9240,61.49,131.00,0.028748
419.9307,5.9240,62.03,131.00,0.029030
420.0290,5.9240,61.49,131.00,0.028755
420.1284,5.9240,62.03,131.00,0.028703
420.2246,5.9240,62.03,131.00,0.028917
420.3243,5.9620,62.03,131.00,0.029341
420.4206,6.0000,62.30,131.00,0.027942
420.5166,6.0000,61.76,131.00,0.028356
420.6144,6.0000,61.76,131.00,0.029861
420.7143,6.0000,62.03,131.00,0.029583
420.8102,6.0000,62.03,131.00,0.029677
420.9102,6.0000,61.49,131.00,0.029688
421.0065,6.0000,62.03,131.00,0.030444
421.1036,6.0000,61.76,131.00,0.029404
421.2019,6.0000,62.30,131.00,0.030100
421.3021,6.0000,61.76,131.00,0.029480
421.3987,6.0190,62.03,131.00,0.029487
421.4985,6.0190,61.49,131.00,0.029800
421.5940,6.0190,62.30,131.00,0.029426
421.6916,6.0190,61.76,131.00,0.029530
421.7903,6.0190,61.76,131.00,0.029701
421.8851,6.0190,62.03,131.00,0.027647
421.9816,6.0190,62.03,131.00,0.028386
422.0779,6.0190,61.76,131.00,0.028736
422.1728,6.0190,62.30,131.00,0.028374
422.2703,6.0190,62.03,132.00,0.029935
422.3694,6.0075,61.76,132.00,0.029866
422.4701,5.9960,61.49,132.00,0.029725
422.5665,5.9960,62.30,132.00,0.029754
422.6658,5.9960,61.76,132.00,0.030128
422.7623,5.9960,62.03,132.00,0.029901
422.8627,5.9960,61.76,131.50,0.029707
422.9586,5.9960,62.03,131.50,0.029516
423.0595,5.9960,61.76,131.00,0.029539
423.1552,5.9960,62.03,131.00,0.029353
423.2567,5.9960,62.03,131.00,0.029167
423.3538,5.9600,62.03,131.00,0.029988
423.4523,5.9240,62.03,131.00,0.027666
423.5478,5.9240,61.49,131.00,0.028338
423.6458,5.9240,62.03,131.00,0.028822
423.7421,5.9240,62.03,131.00,0.029052
423.8419,5.9240,61.76,131.00,0.029534
423.9379,5.9240,61.49,131.00,0.029639
424.0376,5.9240,61.49,131.00,0.028842
424.1335,5.9240,61.76,131.00,0.029101
424.2301,5.9240,62.03,131.00,0.028730
424.3253,5.9240,61.49,131.00,0.028194
424.4204,5.9240,61.76,131.00,0.028218
424.5153,5.9240,62.30,131.00,0.029081
424.6142,5.9240,61.76,131.00,0.029432
424.7108,5.9240,62.03,131.00,0.029725
424.8105,5.9240,61.76,131.00,0.029766
424.9070,5.9240,61.76,131.00,0.030063
425.0065,5.9240,61.49,131.00,0.029671
425.1023,5.9240,61.76,131.00,0.029923
425.1971,5.9240,61.76,131.00,0.027781
425.2919,5.9240,62.30,131.00,0.028381
425.3918,5.9240,61.49,131.00,0.030098
425.4892,6.0190,62.03,131.00,0.029694
425.5880,6.0190,62.03,131.00,0.030067
425.6852,6.0190,62.30,131.00,0.028495
425.7858,6.0190,62.30,131.00,0.029773
425.8820,6.0190,62.30,131.00,0.029149
425.9809,6.0190,61.76,131.00,0.028681
426.0793,6.0190,61.76,131.00,0.029293
426.1807,6.0190,62.03,131.00,0.029002
426.2766,6.0190,61.76,131.00,0.027785
426.3758,6.0040,62.03,131.00,0.029032
426.4719,5.9890,62.03,131.00,0.028485
426.5730,5.9890,61.22,131.00,0.028756
426.6700,5.9890,62.03,131.00,0.029201
426.7703,5.9890,61.22,130.50,0.030337
426.8660,5.9890,61.76,131.00,0.029140
426.9607,5.9890,61.76,131.00,0.028066
427.0570,5.9890,62.03,131.00,0.028296
427.1555,5.9890,61.22,131.00,0.029243
427.2517,5.9890,61.49,131.00,0.029556
427.3511,5.9755,62.03,131.00,0.029296
427.4534,5.9620,61.76,131.00,0.029819
427.5512,5.9620,62.03,130.50,0.029739
427.6508,5.9620,62.03,130.00,0.030344
427.7511,5.9620,61.76,130.00,0.030065
427.8461,5.9620,61.76,130.50,0.028412
427.9428,5.9620,61.49,130.00,0.028729
428.0379,5.9620,62.03,130.00,0.028870
428.1380,5.9620,62.03,130.00,0.029382
428.2351,5.9620,62.03,130.00,0.029253
428.3332,5.9295,62.03,130.00,0.029484
428.4328,5.8970,61.49,130.00,0.028085
428.5291,5.8970,61.76,130.00,0.028272
428.6242,5.8970,61.76,130.00,0.028816
428.7208,5.8970,61.49,130.00,0.028625
428.8156,5.8970,61.49,130.00,0.028501
428.9170,5.8970,61.49,130.00,0.029239
429.0132,5.8970,61.76,130.00,0.029410
429.1126,5.8970,62.03,130.00,0.029633
429.2094,5.8970,61.76,130.00,0.029540
429.3073,5.8970,62.30,130.00,0.029552
429.4067,6.0080,61.76,130.00,0.030141
429.5062,6.0080,62.03,130.00,0.029475
429.6017,6.0080,61.76,130.00,0.029008
429.6967,6.0080,61.49,130.00,0.028076
429.7929,6.0080,62.03,130.00,0.028291
429.8917,6.0080,62.30,130.00,0.029902
429.9901,6.0080,61.76,130.00,0.029384
430.0879,6.0080,61.49,130.00,0.029777
430.1861,6.0080,61.76,130.00,0.029427
430.2858,6.0080,61.76,130.00,0.028929
430.3821,5.9470,61.49,130.00,0.029150
430.4781,5.9470,61.76,130.00,0.028529
430.5761,5.9470,62.03,130.00,0.028718
430.6782,5.9470,62.03,130.00,0.029229
430.7736,5.9470,61.76,130.00,0.028927
430.8725,5.9470,61.76,130.00,0.028153
430.9697,5.9470,62.03,130.00,0.029053
431.0674,5.9470,62.03,130.00,0.029484
431.1618,5.9470,61.22,130.00,0.028087
431.2582,5.9470,61.49,130.00,0.028409
431.3552,5.9390,61.49,130.00,0.030613
431.4543,5.9310,62.30,130.00,0.029096
431.5499,5.9310,61.76,130.00,0.028257
431.6464,5.9310,61.76,130.00,0.029014
431.7437,5.9310,62.03,129.50,0.030026
431.8461,5.9310,62.03,129.00,0.029699
431.9458,5.9310,61.76,129.00,0.030236
432.0459,5.9310,62.30,129.00,0.029555
432.1424,5.9310,62.03,130.00,0.029809
432.2429,5.9310,62.30,130.00,0.029634
432.3397,5.9310,61.76,130.00,0.029488
432.4380,5.9310,62.03,129.50,0.028883
432.5332,5.9310,62.30,129.50,0.028622
432.6325,5.9310,61.76,129.00,0.028846
432.7285,5.9310,61.76,129.00,0.028991
432.8268,5.9310,62.03,129.00,0.028594
432.9218,5.9310,61.76,129.00,0.028650
433.0178,5.9310,61.49,129.00,0.027793
433.1138,5.9310,62.03,129.00,0.029650
433.2108,5.9310,62.30,129.00,0.029389
433.3074,5.9310,62.03,129.00,0.030001
433.4101,5.9620,62.03,129.00,0.029459
433.5067,5.9620,61.22,129.00,0.029980
433.6059,5.9620,62.03,129.00,0.029384
433.7023,5.9620,61.76,129.00,0.029491
433.8022,5.9620,61.76,129.00,0.029801
433.8988,5.9620,61.76,129.00,0.029993
433.9964,5.9620,61.76,129.00,0.029599
434.0940,5.9620,62.03,129.00,0.029334
434.1920,5.9620,61.76,129.00,0.029805
434.2906,5.9620,62.03,129.00,0.029735
434.3912,5.9620,61.22,129.00,0.030079
434.4876,5.9620,61.76,129.00,0.028187
434.5844,5.9620,61.49,129.00,0.027885
434.6812,5.9620,61.76,129.00,0.028513
434.7784,5.9620,61.76,129.00,0.028864
434.8773,5.9620,62.03,129.00,0.029249
434.9777,5.9620,62.03,129.00,0.029372
435.0730,5.9620,62.30,129.00,0.028985
435.1701,5.9620,61.76,129.00,0.028955
435.2668,5.9620,62.30,129.00,0.029855
435.3704,5.9335,61.49,129.00,0.030009
435.4704,5.9050,61.76,129.00,0.029796
435.5725,5.9050,62.03,129.00,0.029043
435.6702,5.9050,61.49,129.00,0.029914
435.7713,5.9050,61.49,129.00,0.030140
435.8712,5.9050,61.76,129.00,0.030222
435.9700,5.9050,62.03,129.00,0.030458
436.0649,5.9050,61.49,129.00,0.028659
436.1610,5.9050,61.76,129.00,0.028603
436.2573,5.9050,61.76,129.00,0.029160
436.3589,5.9410,62.30,129.00,0.029765
436.4587,5.9770,62.30,129.00,0.029928
436.5600,5.9770,62.03,129.00,0.030170
436.6603,5.9770,61.49,129.00,0.030905
436.7592,5.9770,62.03,129.00,0.030006
436.8585,5.9770,61.76,129.00,0.029768
436.9594,5.9770,62.03,129.00,0.029672
437.0584,5.9770,62.30,129.00,0.029986
437.1580,5.9770,61.49,129.00,0.029822
437.2556,5.9770,62.03,129.00,0.029901
437.3568,5.9370,62.30,129.00,0.030751
437.4584,5.8970,62.03,129.00,0.029853
437.5683,5.8970,62.03,129.00,0.029951
437.7228,5.8970,61.76,126.50,0.079042
437.8377,5.8970,61.76,125.00,0.048528
437.9633,5.8970,61.76,125.00,0.058872
438.0581,5.8970,61.76,125.00,0.028271
438.1538,5.8970,61.49,125.00,0.029001
438.2508,5.8970,61.76,125.00,0.028974
438.3475,5.7655,62.03,125.00,0.029269
438.4477,5.6340,61.22,125.00,0.029901
438.5459,5.6340,62.03,125.00,0.029624
438.6434,5.6340,62.03,125.00,0.029975
438.7383,5.6340,62.30,125.00,0.029634
438.8390,5.6340,61.49,125.00,0.030366
438.9359,5.6340,61.76,125.00,0.029874
439.0340,5.6340,62.03,125.00,0.029889
439.1298,5.6340,61.22,125.00,0.029803
439.2263,5.6340,62.03,125.00,0.029283
439.3244,5.8000,61.49,125.00,0.030359
439.4223,5.9660,62.03,125.00,0.029216
439.5175,5.9660,62.30,125.00,0.029368
439.6188,5.9660,62.30,125.50,0.030225
439.7228,5.9660,61.49,126.00,0.030833
439.8203,5.9660,61.49,126.00,0.028397
439.9169,5.9660,62.30,126.00,0.029515
440.0177,5.9660,61.76,126.00,0.030055
440.1155,5.9660,61.76,126.00,0.029500
440.2167,5.9660,62.03,126.00,0.030122
440.3193,5.9660,62.03,126.00,0.029314
440.4211,5.9810,62.30,126.00,0.029249
440.5249,5.9810,62.03,126.00,0.028062
440.6222,5.9810,61.49,126.00,0.028565
440.7195,5.9810,62.03,126.00,0.029286
440.8243,5.9810,61.49,126.00,0.028929
440.9278,5.9810,61.49,126.00,0.029038
441.0281,5.9810,61.49,126.00,0.028922
441.1231,5.9810,62.03,126.00,0.027860
441.2216,5.9810,61.76,126.00,0.028847
441.3205,5.9140,62.30,126.00,0.030662
441.4236,5.8470,62.03,126.00,0.029605
441.5245,5.8470,61.22,126.00,0.029637
441.6276,5.8470,61.49,126.00,0.030376
441.7300,5.8470,61.76,126.00,0.029493
441.8305,5.8470,61.22,126.00,0.029373
441.9343,5.8470,62.03,126.00,0.028867
442.0344,5.8470,61.76,126.00,0.028950
442.1306,5.8470,62.03,126.00,0.030171
442.2295,5.8470,61.76,126.00,0.028939
442.3265,5.8760,61.76,126.00,0.029596
442.4238,5.9050,61.76,126.00,0.029637
442.5194,5.9050,62.03,126.00,0.029767
442.6182,5.9050,62.03,126.00,0.029634
442.7115,5.9050,61.22,126.00,0.027948
442.8082,5.9050,61.76,126.00,0.028355
442.9049,5.9050,62.30,126.00,0.028114
443.0053,5.9050,61.76,126.00,0.029989
443.1033,5.9050,61.76,126.00,0.029675
443.2022,5.9050,62.03,126.00,0.030178
443.2973,5.9050,62.30,126.00,0.029395
443.3941,5.9850,61.76,126.00,0.028137
443.4897,5.9850,62.03,126.00,0.029492
443.5866,5.9850,62.03,126.00,0.028883
443.6829,5.9850,62.03,126.00,0.028866
443.7826,5.9850,61.49,126.00,0.029109
443.8779,5.9850,62.30,126.00,0.028995
443.9769,5.9850,61.76,126.00,0.029148
444.0737,5.9850,61.76,126.00,0.030041
444.1703,5.9850,62.03,126.00,0.029285
444.2662,5.9850,61.76,126.00,0.030205
444.3612,5.9680,62.03,126.00,0.027621
444.4577,5.9510,61.49,126.00,0.028787
444.5520,5.9510,62.30,126.00,0.028238
444.6459,5.9510,61.76,126.00,0.028622
444.7409,5.9510,61.76,126.00,0.027709
444.8357,5.9510,61.76,126.00,0.028124
444.9325,5.9510,62.30,126.00,0.029288
445.0289,5.9510,62.03,127.00,0.028485
445.1250,5.9510,62.03,127.00,0.028470
445.2183,5.9510,61.76,127.00,0.027862
445.3137,5.9510,62.30,127.00,0.028257
445.4144,5.9470,61.76,127.00,0.029920
445.5183,5.9470,62.03,127.00,0.029350
445.6210,5.9470,61.76,127.00,0.028317
445.7182,5.9470,62.03,127.00,0.027980
445.8160,5.9470,62.03,127.00,0.030234
445.9214,5.9470,62.03,127.00,0.029941
446.0242,5.9470,62.03,127.00,0.030988
446.1206,5.9470,61.76,127.00,0.027756
446.2164,5.9470,61.76,127.00,0.027997
446.3136,5.9470,62.03,127.00,0.028910
446.4139,5.9200,61.76,127.00,0.029269
446.5150,5.8930,62.03,127.00,0.030697
446.6169,5.8930,61.76,127.00,0.030830
446.7227,5.8930,61.49,127.00,0.030931
446.8251,5.8930,61.76,127.00,0.030783
446.9288,5.8930,61.49,127.00,0.030735
447.0340,5.8930,61.49,127.00,0.030843
447.1346,5.8930,62.03,127.00,0.030372
447.2388,5.8930,62.30,127.00,0.029988
447.3434,5.8930,62.03,127.00,0.030371
447.4464,5.8930,61.76,127.00,0.030404
447.5493,5.8930,61.76,127.00,0.030605
447.6546,5.8930,61.49,127.00,0.029777
447.7597,5.8930,62.03,127.00,0.030628
447.8636,5.8930,62.03,127.00,0.030828
447.9694,5.8930,62.30,127.00,0.030320
448.0699,5.8930,61.76,127.00,0.030575
448.1743,5.8930,62.03,127.00,0.030658
448.2726,5.8930,61.76,127.00,0.027726
448.3684,5.8930,61.76,127.00,0.029172
448.4703,5.8930,61.76,127.00,0.030844
448.5736,5.8110,61.76,127.00,0.030670
448.6754,5.7290,62.03,127.00,0.030652
448.7800,5.7290,62.30,127.00,0.030767
448.8855,5.7290,61.76,127.00,0.030401
448.9909,5.7290,61.76,127.00,0.030340
449.0961,5.7290,62.03,127.00,0.030445
449.2000,5.7290,61.76,127.00,0.030189
449.3055,5.7290,62.03,127.00,0.029900
449.4109,5.8360,61.49,127.00,0.029760
449.5098,5.8360,61.76,127.00,0.028020
449.6062,5.8360,61.49,127.00,0.029272
449.7065,5.8360,61.49,127.00,0.030523
449.8111,5.8360,61.76,127.00,0.030333
449.9155,5.8360,62.03,127.00,0.029720
450.0187,5.8360,62.30,127.00,0.029993
450.1210,5.8360,61.76,127.00,0.030128
450.2261,5.8360,62.03,127.00,0.029908
450.3302,5.8550,61.49,127.00,0.029616
450.4289,5.8740,62.03,127.00,0.028500
450.5262,5.8740,62.03,127.00,0.029361
450.6265,5.8740,61.76,127.00,0.030929
450.7342,5.8740,61.49,127.00,0.030583
450.8397,5.8740,61.76,127.00,0.030586
450.9454,5.8740,61.49,127.00,0.030024
451.0490,5.8740,62.03,127.00,0.029536
451.1521,5.8740,61.76,127.00,0.029394
451.2554,5.8740,61.49,127.00,0.029453
451.3604,5.8550,61.22,127.00,0.029288
451.4638,5.8360,61.49,127.00,0.029471
451.5709,5.8360,61.49,127.00,0.030253
451.6749,5.8360,62.03,127.00,0.029922
451.7788,5.8360,61.49,127.00,0.029810
451.8835,5.8360,61.76,127.00,0.029299
451.9877,5.8360,61.76,127.00,0.030366
452.0920,5.8360,62.30,127.00,0.029845
452.1971,5.8360,62.03,127.00,0.028828
452.2991,5.8360,61.49,127.00,0.029880
452.4029,5.8210,61.76,127.00,0.030144
452.5069,5.8210,61.76,127.00,0.030297
452.6117,5.8210,61.76,127.00,0.030884
452.7129,5.8210,61.76,127.00,0.028968
452.8144,5.8210,61.76,127.00,0.030300
452.9186,5.8210,62.30,127.00,0.030260
453.0218,5.8210,61.76,127.00,0.029976
453.1287,5.8210,61.76,127.00,0.031046
453.2356,5.8210,62.03,127.00,0.031625
453.3447,5.8820,61.76,127.00,0.031933
453.4539,5.9430,61.49,127.00,0.031426
453.5623,5.9430,61.76,127.00,0.031233
453.6704,5.9430,61.49,127.00,0.031517
453.7748,5.9430,62.30,127.00,0.031971
453.8824,5.9430,62.30,127.00,0.031615
453.9890,5.9430,61.76,127.00,0.032068
454.0949,5.9430,61.49,127.00,0.030936
454.2003,5.9430,61.76,127.00,0.030955
454.3048,5.9430,61.49,127.00,0.030161
454.4043,5.8130,61.22,127.00,0.027621
454.5008,5.8130,61.49,127.00,0.028150
454.6001,5.8130,61.49,127.00,0.028556
454.7016,5.8130,61.76,127.00,0.031266
454.8017,5.8130,62.03,127.00,0.029927
454.8993,5.8130,61.76,127.00,0.029341
454.9991,5.8130,61.49,127.00,0.029006
455.0949,5.8130,61.49,127.00,0.029573
455.1948,5.8130,62.03,127.00,0.029521
455.2890,5.8130,61.76,127.00,0.028662
455.3900,5.8685,62.03,127.00,0.029462
455.4881,5.9240,62.03,127.00,0.029562
455.5856,5.9240,61.49,127.00,0.029533
455.6837,5.9240,61.76,127.00,0.029446
455.7825,5.9240,61.49,127.00,0.028991
455.8790,5.9240,61.49,127.00,0.029077
455.9771,5.9240,62.03,127.00,0.029203
456.0720,5.9240,61.76,127.00,0.028767
456.1737,5.9240,61.76,127.00,0.028425
456.2678,5.9240,62.03,127.00,0.027889
456.3650,5.9240,61.76,127.00,0.028469
456.4630,5.9485,61.76,127.00,0.029998
456.5602,5.9730,62.30,127.00,0.028904
456.6583,5.9730,61.49,127.00,0.029301
456.7586,5.9730,61.76,127.00,0.029984
456.8544,5.9730,62.03,127.00,0.029752
456.9540,5.9730,61.76,127.00,0.029513
457.0492,5.9730,62.03,126.50,0.029174
457.1463,5.9730,61.76,126.00,0.029452
457.2437,5.9730,61.76,127.00,0.028200
457.3436,5.9730,61.49,127.00,0.028219
457.4410,5.9730,62.03,127.00,0.029679
457.5394,5.9730,61.76,127.00,0.029703
457.6385,5.9730,61.76,127.00,0.030941
457.7391,5.9730,62.03,127.00,0.029838
457.8421,5.9730,61.49,127.00,0.029652
457.9428,5.9730,61.49,127.00,0.029784
458.0456,5.9730,61.76,127.00,0.029240
458.1514,5.9730,62.03,127.00,0.030409
458.2560,5.9730,61.49,127.00,0.029822
458.3592,5.9730,62.03,127.00,0.029597
458.4624,5.9730,61.76,127.00,0.030273
458.5666,5.9730,61.49,127.00,0.030760
458.6690,5.9730,61.22,127.00,0.030766
458.7707,5.9045,61.49,127.00,0.030584
458.8726,5.8360,62.03,127.00,0.028346
458.9700,5.8360,62.30,127.00,0.031006
459.0748,5.8360,62.03,125.00,0.033551
459.1700,5.8360,62.30,123.00,0.027795
459.2660,5.8360,61.49,123.00,0.030082
459.3698,5.9545,61.49,123.00,0.029248
459.4720,6.0730,62.30,123.00,0.028619
459.5719,6.0730,61.76,123.00,0.029819
459.6743,6.0730,62.30,123.00,0.029896
459.7768,6.0730,61.76,123.00,0.028208
459.8734,6.0730,62.03,123.00,0.028894
459.9699,6.0730,61.76,123.00,0.029044
460.0678,6.0730,61.76,124.00,0.029567
460.1655,6.0730,62.03,124.00,0.029116
460.2634,6.0730,61.49,124.00,0.028669
460.3618,5.9965,61.76,124.00,0.029268
460.4622,5.9200,61.76,124.00,0.029480
460.5584,5.9200,62.03,124.00,0.029788
460.6585,5.9200,62.03,124.00,0.029700
460.7552,5.9200,62.03,124.00,0.029898
460.8550,5.9200,61.76,124.00,0.029242
460.9554,5.9200,62.03,125.00,0.029413
461.0566,5.9200,61.76,125.00,0.029354
461.1548,5.9200,62.30,125.00,0.029908
461.2544,5.9200,61.49,125.00,0.029532
461.3504,5.9200,62.30,125.00,0.029907
461.4478,5.9200,61.76,125.00,0.029879
461.5436,5.9200,61.76,125.00,0.029802
461.6451,5.9200,61.76,125.00,0.031426
461.7445,5.9200,62.03,125.00,0.030617
461.8505,5.9200,61.76,125.00,0.031027
461.9529,5.9200,61.76,125.00,0.030306
462.0510,5.9200,62.30,125.00,0.028051
462.1443,5.9200,62.30,125.00,0.027893
462.2405,5.9200,61.76,125.00,0.028499
462.3433,5.9200,61.22,125.00,0.030349
462.4464,5.9200,61.22,125.00,0.030266
462.5481,5.9200,61.49,125.00,0.030392
462.6499,5.9200,61.76,125.00,0.030855
462.7514,5.8915,61.49,125.00,0.030655
462.8563,5.8630,62.03,125.00,0.030786
462.9600,5.8630,62.03,125.00,0.030416
463.0628,5.8630,62.30,125.00,0.031082
463.1690,5.8630,62.03,125.00,0.030733
463.2745,5.8630,61.76,125.00,0.030232
463.3781,5.9350,61.49,125.00,0.029984
463.4805,5.9350,61.76,125.00,0.029513
463.5789,5.9350,62.30,125.00,0.029953
463.6788,5.9350,61.22,125.00,0.029571
463.7743,5.9350,61.76,125.00,0.028952
463.8744,5.9350,61.76,125.00,0.029384
463.9692,5.9350,62.30,125.00,0.028694
464.0660,5.9350,62.03,125.00,0.028583
464.1644,5.9350,62.03,125.00,0.028805
464.2620,5.9350,61.76,125.00,0.029133
464.3592,5.9445,61.22,125.00,0.028951
464.4618,5.9540,61.76,125.00,0.029191
464.5619,5.9540,62.03,125.00,0.028926
464.6594,5.9540,61.76,125.00,0.029202
464.7578,5.9540,61.76,125.00,0.029804
464.8577,5.9540,62.03,125.00,0.029318
464.9528,5.9540,61.49,125.00,0.029327
465.0492,5.9540,61.49,125.00,0.028738
465.1453,5.9540,61.76,125.00,0.029873
465.2425,5.9540,62.03,125.00,0.029096
465.3410,5.9410,62.03,125.00,0.029923
465.4391,5.9280,61.49,125.00,0.029510
465.5354,5.9280,62.03,125.00,0.029957
465.6365,5.9280,62.03,125.00,0.031097
465.7347,5.9280,61.76,125.00,0.029752
465.8343,5.9280,62.30,125.00,0.029146
465.9293,5.9280,61.76,125.00,0.028826
466.0299,5.9280,62.03,125.00,0.029440
466.1259,5.9280,61.76,125.00,0.029415
466.2258,5.9280,61.49,125.00,0.028893
466.3218,5.9640,61.76,125.00,0.029366
466.4219,6.0000,62.30,125.00,0.028936
466.5172,6.0000,61.76,125.00,0.028478
466.6167,6.0000,62.30,125.00,0.028511
466.7125,6.0000,62.30,125.00,0.028891
466.8098,6.0000,62.30,125.00,0.028560
466.9039,6.0000,62.03,125.00,0.027981
467.0024,6.0000,61.76,125.00,0.028699
467.0982,6.0000,61.76,125.00,0.029866
467.1987,6.0000,61.76,125.00,0.029386
467.2926,6.0000,62.30,125.00,0.028258
467.3888,5.9280,62.03,125.00,0.027668
467.4849,5.9280,62.30,125.00,0.028316
467.5812,5.9280,61.76,125.00,0.028678
467.6776,5.9280,62.30,125.00,0.028427
467.7753,5.9280,62.30,125.00,0.029238
467.8724,5.9280,62.03,125.00,0.028633
467.9704,5.9280,61.76,125.00,0.028687
468.0665,5.9280,61.49,125.00,0.028681
468.1688,5.9280,62.30,125.00,0.031262
468.2675,5.9280,61.76,125.00,0.029604
468.3651,5.9505,61.49,125.00,0.028555
468.4631,5.9730,61.76,125.00,0.028409
468.5624,5.9730,62.03,125.00,0.028483
468.6606,5.9730,62.03,125.00,0.029018
468.7585,5.9730,62.03,125.00,0.029472
468.8580,5.9730,61.49,125.50,0.029153
468.9586,5.9730,62.03,126.00,0.029463
469.0577,5.9730,61.76,126.00,0.029732
469.1602,5.9730,62.03,126.00,0.029370
469.2584,5.9730,61.22,126.00,0.029252
469.3593,5.9065,61.76,126.00,0.030147
469.4578,5.8400,62.30,126.00,0.029648
469.5558,5.8400,61.76,126.00,0.029725
469.6558,5.8400,61.49,126.00,0.031043
469.7554,5.8400,61.76,126.00,0.029578
469.8491,5.8400,62.03,126.00,0.027992
469.9443,5.8400,61.76,126.00,0.028041
470.0406,5.8400,61.49,126.00,0.028726
470.1374,5.8400,62.30,126.00,0.029073
470.2369,5.8400,62.03,126.00,0.030000
470.3344,5.9010,62.03,126.00,0.029477
470.4326,5.9620,62.03,126.00,0.028930
470.5301,5.9620,62.03,126.00,0.029433
470.6264,5.9620,61.76,126.00,0.029445
470.7259,5.9620,62.30,126.00,0.029351
470.8209,5.9620,61.76,126.00,0.028697
470.9177,5.9620,62.03,126.00,0.029027
471.0238,5.9620,62.03,126.00,0.040831
471.1228,5.9620,62.03,126.00,0.029153
471.2184,5.9620,61.49,126.00,0.029233
471.3182,5.9145,61.76,126.00,0.029417
471.4159,5.8670,62.30,126.00,0.029558
471.5152,5.8670,61.49,126.00,0.029594
471.6117,5.8670,61.76,126.00,0.030380
471.7112,5.8670,62.03,126.00,0.029362
471.8112,5.8670,62.30,126.00,0.029936
471.9106,5.8670,61.49,126.00,0.029662
472.0052,5.8670,61.49,126.00,0.029120
472.1028,5.8670,62.03,126.00,0.029641
472.1983,5.8670,62.30,126.00,0.029224
472.2979,5.8670,62.03,126.00,0.029628
472.3959,5.9620,62.30,126.00,0.029792
472.4936,5.9620,62.03,126.00,0.029444
472.5921,5.9620,61.76,126.00,0.028324
472.6885,5.9620,61.76,126.00,0.027867
472.7823,5.9620,61.76,126.00,0.028033
472.8803,5.9620,61.76,126.00,0.028863
472.9767,5.9620,61.76,126.00,0.028574
473.0734,5.9620,62.30,126.00,0.028905
473.1722,5.9620,61.76,126.00,0.028364
473.2711,5.9620,62.03,126.00,0.028772
473.3699,5.9885,61.76,126.00,0.029694
473.4702,6.0150,62.30,126.00,0.029657
473.5658,6.0150,62.03,126.00,0.029269
473.6642,6.0150,61.49,126.00,0.030361
473.7601,6.0150,61.76,126.00,0.029348
473.8569,6.0150,62.03,126.00,0.029584
473.9542,6.0150,62.03,126.00,0.029588
474.0534,6.0150,62.03,126.00,0.029981
474.1487,6.0150,62.03,126.00,0.029302
474.2466,6.0150,61.76,126.50,0.029695
474.3424,6.0150,62.03,126.00,0.029703
474.4423,6.0150,62.30,126.00,0.029622
474.5373,6.0150,62.03,126.50,0.029161
474.6351,6.0150,61.76,126.00,0.029433
474.7284,6.0150,61.76,126.50,0.027944
474.8243,6.0150,62.03,127.00,0.028450
474.9194,6.0150,62.30,127.00,0.028704
475.0174,6.0150,62.03,127.00,0.028261
475.1119,6.0150,61.76,126.50,0.028304
475.2136,6.0150,61.76,126.00,0.029334
475.3085,6.0150,62.30,126.00,0.029098
475.4104,6.0150,61.49,126.00,0.029429
475.5062,6.0150,62.03,126.50,0.029271
475.6054,6.0150,62.30,126.50,0.029498
475.7016,6.0150,62.03,126.00,0.030028
475.7990,6.0150,61.76,126.00,0.030218
475.8981,5.9700,62.30,126.00,0.030658
475.9955,5.9700,62.30,126.00,0.029614
476.0908,5.9700,61.49,126.00,0.029336
476.1856,5.9700,61.49,126.00,0.028280
476.2785,5.9700,61.76,126.00,0.028227
476.3784,5.9810,61.76,126.00,0.029705
476.4768,5.9920,61.49,126.00,0.027751
476.5764,5.9920,61.76,126.00,0.027958
476.6712,5.9920,62.30,126.00,0.029267
476.7702,5.9920,61.76,126.00,0.028575
476.8658,5.9920,61.49,126.00,0.029530
476.9650,5.9920,61.76,126.00,0.029209
477.0664,5.9920,62.30,126.00,0.029468
477.1625,5.9920,62.03,126.00,0.028624
477.2581,5.9920,61.49,126.00,0.029552
477.3577,5.9255,62.03,126.00,0.029708
477.4550,5.8590,62.03,126.00,0.029579
477.5506,5.8590,62.03,126.00,0.028380
477.6450,5.8590,61.49,126.00,0.029150
477.7437,5.8590,62.03,126.00,0.029903
477.8389,5.8590,62.03,126.00,0.028277
477.9346,5.8590,62.03,126.00,0.028583
478.0305,5.8590,62.03,126.00,0.028388
478.1306,5.8590,61.76,126.00,0.029831
478.2293,5.8590,62.03,126.00,0.029431
478.3278,5.9085,62.30,126.00,0.029747
478.4266,5.9580,62.03,126.00,0.029936
478.5273,5.9580,61.76,126.00,0.029507
478.6245,5.9580,61.76,126.00,0.028746
478.7245,5.9580,61.76,126.00,0.029119
478.8210,5.9580,61.49,126.00,0.029475
478.9174,5.9580,61.76,126.00,0.028625
479.0125,5.9580,61.49,126.00,0.028934
479.1091,5.9580,61.76,126.00,0.028971
479.2072,5.9580,62.03,126.00,0.029289
479.3043,5.9580,62.03,126.00,0.028813
479.4011,5.9730,62.03,126.00,0.029628
479.4998,5.9730,62.03,126.00,0.028845
479.5977,5.9730,61.76,126.00,0.030434
479.6959,5.9730,61.76,126.00,0.030617
479.7939,5.9730,62.03,126.00,0.030114
479.8914,5.9730,61.49,126.00,0.029430
479.9895,5.9730,62.03,126.00,0.030062
480.0870,5.9730,61.76,126.00,0.028079
480.1806,5.9730,61.76,126.00,0.028351
480.2771,5.9730,61.49,126.00,0.027958
480.3736,5.9750,62.30,126.00,0.030129
480.4713,5.9770,61.76,126.00,0.029760
480.5712,5.9770,61.22,126.00,0.030399
480.6749,5.9770,62.03,126.00,0.030345
480.7763,5.9770,62.30,126.00,0.030300
480.8795,5.9770,61.49,126.00,0.030175
480.9830,5.9770,61.76,126.00,0.029972
481.0869,5.9770,62.03,126.00,0.030219
481.1886,5.9770,61.76,126.00,0.029574
481.2928,5.9770,61.49,126.00,0.030910
481.3958,5.9430,62.30,126.00,0.030409
481.4981,5.9430,61.76,126.00,0.029646
481.5937,5.9430,61.49,126.00,0.029646
481.6914,5.9430,61.76,126.00,0.029248
481.7978,5.9430,61.49,126.00,0.035604
481.8994,5.9430,62.03,126.00,0.030540
481.9992,5.9430,61.49,126.00,0.029609
482.1006,5.9430,61.76,126.00,0.029444
482.2040,5.9430,61.49,126.00,0.030360
482.3052,5.9430,61.49,126.00,0.029611
482.4099,5.8700,61.49,126.00,0.030038
482.5144,5.8700,62.03,126.00,0.030896
482.6185,5.8700,61.76,126.00,0.031143
482.7191,5.8700,61.76,126.00,0.030096
482.8190,5.8700,61.49,126.00,0.028556
482.9133,5.8700,61.76,126.00,0.028386
483.0095,5.8700,62.03,126.00,0.028646
483.1076,5.8700,61.76,126.00,0.029360
483.2111,5.8700,62.30,126.00,0.029317
483.3150,5.9105,62.03,126.00,0.030080
483.4195,5.9510,61.76,126.00,0.029243
483.5220,5.9510,61.76,126.00,0.029642
483.6266,5.9510,62.03,126.00,0.029273
483.7325,5.9510,61.76,126.00,0.029762
483.8339,5.9510,61.49,125.50,0.029352
483.9384,5.9510,62.03,125.00,0.029517
484.0429,5.9510,61.49,125.50,0.029111
484.1450,5.9510,61.49,125.00,0.029200
484.2498,5.9510,61.49,125.50,0.030376
484.3546,5.8460,61.76,125.50,0.030085
484.4543,5.7410,61.76,126.00,0.028079
484.5490,5.7410,61.76,126.00,0.028662
484.6494,5.7410,61.76,126.00,0.029946
484.7552,5.7410,62.03,126.00,0.029932
484.8577,5.7410,61.49,126.00,0.029276
484.9611,5.7410,61.76,126.00,0.029820
485.0662,5.7410,61.76,126.00,0.029529
485.1677,5.7410,61.49,126.00,0.028034
485.2618,5.7410,61.49,126.00,0.028618
485.3591,5.7410,62.03,126.00,0.028834
485.4638,5.7410,61.76,126.00,0.029585
485.5680,5.7410,62.30,126.00,0.030540
485.6707,5.7410,62.30,126.00,0.029290
485.7732,5.7410,61.49,126.00,0.029482
485.8712,5.7410,61.49,126.00,0.029310
485.9739,5.7410,61.76,126.00,0.029087
486.0722,5.7410,61.76,126.00,0.028938
486.1726,5.7410,61.76,126.00,0.029139
486.2710,5.7410,61.49,126.00,0.029096
486.3680,5.7410,61.76,126.00,0.029397
486.4666,5.9730,61.22,126.00,0.029577
486.5678,5.9730,61.76,126.00,0.029563
486.6678,5.9730,61.76,126.00,0.030636
486.7686,5.9730,61.76,126.00,0.030545
486.8705,5.9730,62.30,126.00,0.031006
486.9763,5.9730,62.03,126.00,0.031108
487.0783,5.9730,61.49,126.00,0.028719
487.1756,5.9730,61.76,126.00,0.028271
487.2753,5.9730,61.49,126.00,0.028853
487.3805,5.8530,61.76,126.00,0.031843
487.4849,5.7330,61.49,126.00,0.030724
487.5877,5.7330,61.76,126.00,0.030952
487.6916,5.7330,61.49,126.00,0.030951
487.7889,5.7330,62.03,126.00,0.029094
487.8853,5.7330,62.03,126.00,0.029272
487.9880,5.7330,61.76,126.00,0.029201
488.0886,5.7330,61.76,126.00,0.029848
488.1842,5.7330,61.49,126.00,0.027825
488.2809,5.7330,61.49,126.00,0.027876
488.3766,5.8265,61.76,126.00,0.029695
488.4752,5.9200,61.76,126.00,0.029490
488.5731,5.9200,61.49,126.00,0.029629
488.6692,5.9200,61.76,126.00,0.028587
488.7663,5.9200,61.76,126.00,0.028992
488.8640,5.9200,61.49,126.00,0.029803
488.9622,5.9200,62.03,126.00,0.029285
489.0620,5.9200,61.49,126.00,0.029306
489.1574,5.9200,62.03,126.00,0.029457
489.2574,5.9200,61.76,126.00,0.028778
489.3552,5.9560,62.30,126.00,0.028619
489.4550,5.9920,61.76,126.00,0.028872
489.5499,5.9920,61.76,126.00,0.029066
489.6469,5.9920,61.22,126.00,0.029217
489.7443,5.9920,62.03,126.00,0.028262
489.8401,5.9920,62.30,126.00,0.027767
489.9372,5.9920,61.76,126.00,0.028009
490.0358,5.9920,61.49,126.00,0.028219
490.1352,5.9920,62.30,126.00,0.030426
490.2339,5.9920,61.76,126.00,0.029679
490.3289,5.9390,61.76,126.00,0.029705
490.4334,5.8860,62.03,126.00,0.029813
490.5320,5.8860,61.49,126.00,0.030385
490.6309,5.8860,62.03,126.00,0.030035
490.7267,5.8860,61.49,126.00,0.029682
490.8264,5.8860,61.49,126.00,0.029392
490.9245,5.8860,61.76,126.00,0.029724
491.0219,5.8860,61.76,126.00,0.029437
491.1216,5.8860,62.03,126.00,0.029355
491.2220,5.8860,61.49,126.00,0.029745
491.3175,5.9315,62.30,126.00,0.029609
491.4140,5.9770,61.76,126.00,0.027995
491.5077,5.9770,62.03,126.00,0.028272
491.6053,5.9770,62.30,126.00,0.028706
491.7014,5.9770,61.76,126.00,0.028076
491.7989,5.9770,62.03,126.00,0.029254
491.8950,5.9770,61.49,126.00,0.029240
491.9928,5.9770,61.76,126.00,0.029687
492.0882,5.9770,62.03,126.00,0.029542
492.1858,5.9770,62.30,126.00,0.029730
492.2829,5.9770,61.49,126.00,0.028911
492.3821,5.9770,62.03,126.00,0.029405
492.4791,5.9770,61.49,126.00,0.028642
492.5815,5.9770,62.03,126.00,0.029669
492.6782,5.9770,62.03,126.00,0.030143
492.7756,5.9770,61.76,126.00,0.030215
492.8730,5.9770,61.49,126.00,0.028137
492.9694,5.9770,61.76,126.00,0.028305
493.0648,5.9770,61.76,126.00,0.028262
493.1622,5.9770,62.30,126.00,0.029266
493.2575,5.9770,62.30,126.00,0.029052
493.3537,5.9770,61.76,126.00,0.028277
493.4493,5.9770,61.76,126.00,0.028157
493.5453,5.9770,61.76,126.00,0.027954
493.6430,5.9560,61.49,126.00,0.030035
493.7432,5.9350,62.03,126.00,0.029366
493.8392,5.9350,61.76,126.00,0.029905
493.9413,5.9350,62.30,126.00,0.029896
494.0379,5.9350,61.76,126.00,0.029752
494.1354,5.9350,61.49,126.00,0.029546
494.2332,5.9350,61.22,126.00,0.028008
494.3287,5.9350,61.76,126.00,0.028111
494.4265,5.9350,62.03,126.00,0.030126
494.5270,5.9010,61.49,126.00,0.029879
494.6265,5.9010,62.30,126.00,0.029830
494.7233,5.9010,61.49,126.00,0.029468
494.8206,5.9010,62.30,126.00,0.030677
494.9195,5.9010,62.30,126.00,0.029875
495.0149,5.9010,61.76,126.00,0.028051
495.1120,5.9010,62.03,126.00,0.028474
495.2101,5.9010,61.49,126.00,0.029161
495.3087,5.9010,62.03,126.00,0.029254
495.4062,5.9120,61.76,126.00,0.029163
495.5020,5.9120,61.22,126.00,0.028772
495.5995,5.9120,62.03,126.00,0.029377
495.6987,5.9120,62.30,126.00,0.029014
495.7939,5.9120,62.03,126.00,0.029089
495.8901,5.9120,62.03,126.00,0.028937
495.9853,5.9120,61.76,126.00,0.029420
496.0827,5.9120,62.30,126.00,0.029846
496.1788,5.9120,61.76,126.00,0.030485
496.2771,5.9120,61.49,126.00,0.028923
496.3753,5.9600,61.22,126.00,0.030727
496.4749,6.0080,61.76,126.00,0.029595
496.5740,6.0080,61.22,126.00,0.029680
496.6733,6.0080,61.22,126.00,0.029544
496.7668,6.0080,62.03,126.00,0.028349
496.8620,6.0080,61.76,126.00,0.028323
496.9560,6.0080,62.03,126.00,0.029019
497.0534,6.0080,62.03,126.00,0.028997
497.1502,6.0080,62.03,126.00,0.029315
497.2470,6.0080,62.03,126.00,0.029271
497.3445,5.9870,62.30,126.00,0.029172
497.4451,5.9660,62.30,126.00,0.028556
497.5429,5.9660,61.76,126.00,0.028963
497.6416,5.9660,61.49,126.00,0.029030
497.7360,5.9660,61.76,126.00,0.028192
497.8323,5.9660,61.76,126.00,0.027910
497.9286,5.9660,62.30,126.00,0.028983
498.0301,5.9660,61.76,126.00,0.029671
498.1258,5.9660,61.49,126.00,0.029878
498.2234,5.9660,62.03,126.00,0.030220
498.3183,5.9830,61.49,126.00,0.029953
498.4158,6.0000,61.49,126.00,0.029980
498.5137,6.0000,61.76,126.00,0.030305
498.6130,6.0000,62.03,126.00,0.030206
498.7111,6.0000,61.76,126.00,0.030084
498.8101,6.0000,62.03,126.00,0.029529
498.9067,6.0000,62.03,126.00,0.029286
499.0056,6.0000,61.76,126.00,0.028925
499.1005,6.0000,61.76,126.00,0.029335
499.1979,6.0000,62.03,126.00,0.029647
499.2978,6.0000,61.49,126.00,0.029344
499.3953,5.9310,61.49,126.00,0.029012
499.4931,5.9310,61.76,126.00,0.029142
499.5896,5.9310,61.76,126.00,0.029191
499.6849,5.9310,61.76,126.00,0.029062
499.7795,5.9310,62.03,126.00,0.028077
499.8725,5.9310,62.03,126.00,0.028574
499.9709,5.9310,61.76,126.00,0.029528
500.0664,5.9310,62.03,126.00,0.030392
500.1630,5.9310,62.30,126.00,0.029400
500.2583,5.9310,62.03,126.00,0.029461
500.3553,5.9675,62.03,126.00,0.029498
500.4512,6.0040,61.76,126.00,0.030030
500.5466,6.0040,61.76,126.00,0.028288
500.6397,6.0040,61.76,126.00,0.028781
500.7368,6.0040,62.30,126.00,0.028291
500.8320,6.0040,61.76,126.00,0.029048
500.9304,6.0040,61.76,126.00,0.028711
501.0238,6.0040,61.76,126.00,0.027818
501.1206,6.0040,61.49,126.00,0.028301
501.2168,6.0040,62.30,126.00,0.029107
501.3137,6.0040,61.76,126.00,0.029753
501.4112,6.0040,61.76,126.00,0.029902
501.5076,6.0040,62.03,126.00,0.029432
501.6026,6.0040,62.30,126.00,0.029286
501.7024,6.0040,62.03,126.00,0.030085
501.7993,6.0040,62.03,126.00,0.029490
501.8962,6.0040,62.03,126.00,0.030120
501.9955,6.0040,61.76,126.00,0.029703
502.0948,6.0040,62.03,126.00,0.030030
502.1899,6.0040,61.49,126.00,0.029741
502.2865,6.0040,61.76,126.00,0.029341
502.3824,6.0040,62.30,126.00,0.029991
502.4784,6.0040,62.03,126.00,0.028988
502.5726,6.0040,62.30,126.00,0.028533
502.6701,5.9120,62.03,126.00,0.029311
502.7670,5.9120,62.03,126.00,0.028618
502.8656,5.9120,61.76,126.00,0.028849
502.9607,5.9120,62.03,126.00,0.029242
503.0569,5.9120,62.30,126.00,0.028852
503.1546,5.9120,61.76,126.00,0.029931
503.2513,5.9120,61.76,126.00,0.029676
503.3466,5.9485,61.49,126.00,0.029911
503.4439,5.9850,61.76,126.00,0.029872
503.5366,5.9850,62.03,126.00,0.028194
503.6329,5.9850,62.03,126.00,0.028154
503.7312,5.9850,62.03,126.00,0.030548
503.8298,5.9850,61.76,126.00,0.029381
503.9248,5.9850,62.03,126.00,0.029898
504.0219,5.9850,62.03,126.00,0.029590
504.1170,5.9850,62.03,126.00,0.029537
504.2159,5.9850,62.03,126.00,0.029636
504.3123,5.9850,61.76,126.00,0.028738
504.4094,5.9850,61.76,126.00,0.029383
504.5069,5.9850,61.76,126.00,0.029495
504.6085,5.9850,62.03,126.00,0.029026
504.7045,5.9850,61.49,126.00,0.028761
504.8002,5.9850,62.03,126.00,0.028584
504.8976,5.9850,61.49,126.00,0.029924
504.9950,5.9850,61.49,126.00,0.030177
505.0911,5.9850,61.49,126.00,0.030033
505.1880,5.9850,61.49,126.00,0.029988
505.2861,5.9850,61.49,126.00,0.030515
505.3836,5.9810,62.30,126.00,0.029594
505.4816,5.9810,61.76,126.00,0.030056
505.5807,5.9810,62.03,126.00,0.029807
505.6770,5.9810,62.03,126.00,0.029666
505.7712,5.9810,61.49,126.00,0.028175
505.8635,5.9810,61.49,126.00,0.028058
505.9587,5.9810,62.03,126.00,0.029408
506.0522,5.9810,62.03,126.00,0.028712
506.1488,5.9810,61.76,126.00,0.029078
506.2443,5.9810,61.76,126.00,0.027683
506.3410,5.9810,61.76,126.00,0.027800
506.4364,5.9810,61.76,126.00,0.028228
506.5320,5.9905,62.03,126.00,0.028401
506.6269,6.0000,61.49,126.00,0.029678
506.7258,6.0000,62.03,126.00,0.029553
506.8214,6.0000,62.03,126.00,0.029790
506.9173,6.0000,62.30,126.00,0.028914
507.0099,6.0000,61.49,126.00,0.027761
507.1042,6.0000,61.49,126.00,0.028183
507.1987,6.0000,61.76,126.00,0.029720
507.2974,6.0000,62.03,126.00,0.029126
507.3932,5.9390,61.49,126.00,0.029612
507.4899,5.9390,62.03,126.00,0.029605
507.5868,5.9390,62.03,126.00,0.028808
507.6851,5.9390,61.76,126.00,0.028925
507.7801,5.9390,62.03,126.00,0.028808
507.8774,5.9390,61.49,126.00,0.028262
507.9723,5.9390,62.03,126.00,0.029104
508.0715,5.9390,62.03,126.00,0.029935
508.1659,5.9390,62.03,126.00,0.029734
508.2601,5.9390,62.03,126.00,0.028028
508.3574,5.9390,61.76,126.00,0.028769
508.4525,5.9390,62.30,126.00,0.028902
508.5503,5.9920,62.03,126.00,0.029683
508.6449,5.9920,62.03,126.00,0.028194
508.7379,5.9920,62.03,126.00,0.028274
508.8383,5.9920,62.03,126.00,0.029467
508.9331,5.9920,61.76,126.00,0.029347
509.0292,5.9920,61.76,126.00,0.029196
509.1240,5.9920,62.03,126.00,0.029273
509.2225,5.9920,62.30,126.00,0.028781
509.3193,5.9730,61.49,126.00,0.029124
509.4179,5.9540,62.03,126.00,0.028772
509.5130,5.9540,62.03,126.00,0.029468
509.6116,5.9540,62.30,126.00,0.029270
509.7155,5.9540,62.03,126.00,0.030278
509.8197,5.9540,61.22,126.00,0.030448
509.9222,5.9540,62.03,126.00,0.030581
510.0247,5.9540,61.76,126.00,0.030700
510.1276,5.9540,62.03,126.00,0.030831
510.2320,5.9540,61.49,126.00,0.029932
510.3357,5.8760,62.30,126.00,0.030937
510.4374,5.7980,61.76,126.00,0.030170
510.5409,5.7980,61.76,126.00,0.029900
510.6442,5.7980,61.76,126.00,0.029877
510.7485,5.7980,62.30,126.00,0.029130
510.8505,5.7980,62.03,126.00,0.028402
510.9499,5.7980,61.76,126.00,0.029079
511.0480,5.7980,61.76,126.00,0.031050
511.1520,5.7980,61.49,126.00,0.030348
511.2546,5.7980,61.76,126.00,0.030550
511.3595,5.8360,62.03,126.00,0.029565
511.4632,5.8740,62.03,126.00,0.029851
511.5687,5.8740,61.49,126.00,0.029505
511.6689,5.8740,62.03,126.00,0.029264
511.7700,5.8740,62.30,126.00,0.030343
511.8743,5.8740,61.76,126.00,0.029489
511.9766,5.8740,62.03,126.00,0.029582
512.0792,5.8740,62.03,126.00,0.029795
512.1824,5.8740,61.49,126.00,0.029742
512.2852,5.8740,62.30,126.00,0.029410
512.3899,5.9240,61.22,126.00,0.030063
512.4919,5.9240,61.49,126.00,0.029072
512.5970,5.9240,61.49,126.00,0.029740
512.6971,5.9240,61.76,126.00,0.028244
512.7928,5.9240,62.03,126.00,0.028355
512.8909,5.9240,62.03,126.00,0.028665
512.9955,5.9240,62.03,126.00,0.030786
513.1000,5.9240,61.76,126.00,0.030733
513.2045,5.9240,61.49,126.00,0.030388
513.3091,5.9240,61.76,126.00,0.029763
513.4104,5.8860,61.49,126.00,0.029836
513.5133,5.8860,61.76,126.00,0.029354
513.6133,5.8860,61.76,126.00,0.028859
513.7102,5.8860,61.49,126.00,0.028586
513.8065,5.8860,61.49,126.00,0.028728
513.9063,5.8860,61.76,126.00,0.030813
514.0089,5.8860,62.03,126.00,0.030991
514.1100,5.8860,62.03,126.00,0.030933
514.2141,5.8860,62.03,126.00,0.030683
514.3195,5.9085,61.76,126.00,0.030847
514.4249,5.9310,62.03,126.00,0.030213
514.5217,5.9310,61.49,126.00,0.028017
514.6162,5.9310,62.30,126.00,0.028910
514.7165,5.9310,61.49,126.00,0.029996
514.8201,5.9310,61.76,126.00,0.031282
514.9233,5.9310,61.76,126.00,0.031629
515.0292,5.9310,62.03,126.00,0.031335
515.1312,5.9310,62.03,126.00,0.027803
515.2244,5.9310,62.03,126.00,0.028203
515.3235,5.9310,62.03,126.00,0.028953
515.4237,5.9770,62.03,126.00,0.029391
515.5264,5.9770,61.76,126.00,0.030735
515.6291,5.9770,61.49,126.00,0.031285
515.7328,5.9770,62.03,126.00,0.030368
515.8351,5.9770,62.03,126.00,0.030549
515.9409,5.9770,61.76,126.00,0.031184
516.0430,5.9770,61.76,126.00,0.030653
516.1466,5.9770,62.03,126.00,0.030743
516.2512,5.9770,61.49,126.00,0.030865
516.3568,5.8910,61.76,126.00,0.030589
516.4585,5.8050,61.76,126.00,0.030063
516.5609,5.8050,61.49,126.00,0.030815
516.6637,5.8050,61.49,126.00,0.030523
516.7645,5.8050,61.76,126.00,0.030637
516.8684,5.8050,61.22,126.00,0.030705
516.9713,5.8050,61.76,126.00,0.031133
517.0758,5.8050,61.76,126.00,0.030926
517.1814,5.8050,61.76,126.00,0.030931
517.2844,5.8050,61.49,126.00,0.030744
517.3879,5.9200,61.22,126.00,0.030174
517.4934,5.9200,61.22,126.00,0.030425
517.5965,5.9200,61.49,126.00,0.030661
517.7020,5.9200,62.03,126.00,0.030326
517.8043,5.9200,62.03,126.00,0.030541
517.9064,5.9200,61.49,126.00,0.030558
518.0143,5.9200,62.30,126.00,0.036150
518.1183,5.9200,61.49,126.00,0.029850
518.2219,5.9200,61.22,126.00,0.029587
518.3245,5.8935,61.49,126.00,0.029924
518.4277,5.8670,62.03,126.00,0.028731
518.5266,5.8670,61.49,126.00,0.029309
518.6220,5.8670,62.03,126.00,0.029546
518.7190,5.8670,62.30,126.00,0.029615
518.8150,5.8670,61.76,126.00,0.029856
518.9137,5.8670,61.76,126.00,0.029381
519.0113,5.8670,61.49,126.00,0.030126
519.1105,5.8670,61.76,126.00,0.029773
519.2061,5.8670,61.49,126.00,0.029544
519.3031,5.8670,61.76,126.00,0.029672
519.4022,5.9580,61.49,126.00,0.030441
519.4996,5.9580,61.49,126.00,0.029823
519.5993,5.9580,61.76,126.00,0.029191
519.6987,5.9580,61.49,126.00,0.029709
519.7967,5.9580,62.03,126.00,0.030027
519.8941,5.9580,62.03,126.00,0.029460
519.9896,5.9580,62.03,126.00,0.029295
520.0861,5.9580,61.49,126.00,0.029275
520.1811,5.9580,61.22,126.00,0.028763
520.2821,5.9580,62.03,126.00,0.029505
520.3773,5.9580,61.49,126.00,0.028064
520.4724,5.9580,62.30,126.00,0.028279
520.5700,6.0000,61.76,126.00,0.029219
520.6673,6.0000,62.30,126.00,0.029727
520.7625,6.0000,62.03,126.00,0.029646
520.8622,6.0000,61.76,126.00,0.029806
520.9599,6.0000,62.03,126.00,0.029910
521.0591,6.0000,62.30,126.00,0.029812
521.1569,6.0000,61.76,126.00,0.029841
521.2548,6.0000,61.49,126.00,0.030024
521.3553,5.9695,61.49,126.00,0.030123
521.4554,5.9390,62.03,126.00,0.029675
521.5555,5.9390,61.76,126.00,0.030177
521.6551,5.9390,61.22,126.00,0.029357
521.7523,5.9390,61.76,126.00,0.029330
521.8523,5.9390,61.76,126.00,0.029722
521.9501,5.9390,61.49,126.00,0.030115
522.0501,5.9390,61.76,126.00,0.029828
522.1440,5.9390,61.76,126.00,0.028232
522.2423,5.9390,61.49,126.00,0.028678
522.3417,5.9505,62.03,126.00,0.028760
522.4415,5.9620,61.76,126.00,0.029106
522.5407,5.9620,61.76,126.00,0.028314
522.6384,5.9620,62.03,126.00,0.029766
522.7334,5.9620,61.76,126.00,0.028960
522.8338,5.9620,61.76,126.00,0.028883
522.9280,5.9620,61.49,126.00,0.028162
523.0267,5.9620,62.03,126.00,0.028969
523.1229,5.9620,62.03,126.00,0.030505
523.2203,5.9620,61.49,126.00,0.029664
523.3184,5.9620,61.76,126.00,0.029952
523.4160,5.9730,61.49,126.00,0.029993
523.5118,5.9730,61.76,126.00,0.030130
523.6112,5.9730,62.03,126.00,0.029989
523.7119,5.9730,61.76,126.00,0.030612
523.8114,5.9730,61.76,126.00,0.029703
523.9069,5.9730,61.49,126.00,0.029912
524.0065,5.9730,61.49,126.00,0.030176
524.1041,5.9730,61.49,126.00,0.029749
524.2033,5.9730,62.03,126.00,0.029600
524.3011,5.9730,61.49,126.00,0.029436
524.3986,5.9050,62.30,126.00,0.029522
524.4985,5.9050,62.03,126.00,0.029772
524.5956,5.9050,61.76,126.00,0.029431
524.6938,5.9050,62.03,126.00,0.029976
524.7911,5.9050,61.49,126.00,0.029825
524.8864,5.9050,62.03,126.00,0.029477
524.9822,5.9050,61.76,126.00,0.028324
525.0761,5.9050,61.76,126.00,0.028413
525.1732,5.9050,62.30,126.00,0.028070
525.2710,5.9050,62.03,126.00,0.029399
525.3702,5.9315,61.49,126.00,0.029742
525.4639,5.9580,61.76,126.00,0.027935
525.5625,5.9580,62.03,126.00,0.029588
525.6602,5.9580,61.76,126.00,0.029744
525.7597,5.9580,62.03,126.00,0.029768
525.8525,5.9580,62.03,126.00,0.027893
525.9492,5.9580,62.03,126.00,0.028172
526.0426,5.9580,61.76,126.00,0.028774
526.1393,5.9580,62.03,126.00,0.029656
526.2345,5.9580,62.03,126.00,0.029400
526.3308,5.9715,62.03,126.00,0.029573
526.4279,5.9850,62.03,126.00,0.028499
526.5258,5.9850,62.30,126.00,0.028579
526.6210,5.9850,62.03,126.00,0.028962
526.7188,5.9850,61.76,126.00,0.028525
526.8116,5.9850,61.76,126.00,0.028175
526.9066,5.9850,61.76,126.00,0.028951
527.0002,5.9850,61.76,126.00,0.028140
527.0966,5.9850,62.30,126.00,0.028320
527.1934,5.9850,61.76,126.00,0.028149
527.2898,5.9850,61.49,126.00,0.029423
527.3854,5.9810,62.03,126.00,0.029740
527.4845,5.9810,62.03,126.00,0.029646
527.5820,5.9810,61.76,126.00,0.029542
527.6788,5.9810,62.03,126.00,0.029525
527.7736,5.9810,61.76,126.00,0.029051
527.8718,5.9810,62.03,126.00,0.028830
527.9684,5.9810,62.30,126.00,0.029113
528.0645,5.9810,62.03,126.00,0.028780
528.1613,5.9810,62.30,126.00,0.028591
528.2619,5.9810,61.49,126.00,0.028855
528.3587,5.9640,62.03,126.00,0.029074
528.4577,5.9470,62.03,126.00,0.029035
528.5530,5.9470,61.76,126.00,0.029859
528.6497,5.9470,61.76,126.00,0.029920
528.7475,5.9470,62.03,126.00,0.029880
528.8464,5.9470,62.03,126.00,0.029485
528.9413,5.9470,62.03,126.00,0.030036
529.0377,5.9470,61.76,126.00,0.029356
529.1324,5.9470,61.49,126.00,0.029413
529.2320,5.9470,61.76,126.00,0.030114
529.3293,5.9755,61.76,126.00,0.030080
529.4315,6.0040,61.76,126.00,0.029744
529.5279,6.0040,61.49,126.00,0.028491
529.6229,6.0040,62.30,126.00,0.028809
529.7158,6.0040,61.76,126.00,0.027982
529.8112,6.0040,61.76,126.00,0.028200
529.9036,6.0040,62.03,126.00,0.027886
529.9983,6.0040,61.76,126.00,0.028475
530.0948,6.0040,62.30,126.00,0.029717
530.1913,6.0040,62.30,126.00,0.029579
530.2865,6.0040,62.03,126.00,0.028148
530.3805,6.0040,62.03,126.00,0.027996
530.4739,6.0040,61.76,126.00,0.028700
530.5709,5.9620,62.30,126.00,0.029165
530.6651,5.9620,61.49,126.00,0.029120
530.7601,5.9620,61.49,126.00,0.028687
530.8545,5.9620,61.49,126.00,0.029072
530.9510,5.9620,62.03,126.00,0.029679
531.0444,5.9620,61.76,126.00,0.028283
531.1430,5.9620,62.03,126.00,0.028814
531.2381,5.9620,61.76,126.00,0.029103
531.3344,5.9695,62.03,126.00,0.029129
531.4337,5.9770,61.76,126.00,0.028787
531.5278,5.9770,61.49,126.00,0.027754
531.6230,5.9770,62.30,126.00,0.027996
531.7174,5.9770,61.49,126.00,0.028058
531.8127,5.9770,62.03,126.00,0.028167
531.9089,5.9770,62.30,126.00,0.028174
532.0038,5.9770,61.76,126.00,0.028398
532.1023,5.9770,62.03,126.00,0.029767
532.1989,5.9770,62.03,126.00,0.029559
532.2980,5.9770,62.30,126.00,0.029798
532.3901,5.9770,61.49,126.00,0.027578
532.4849,5.9770,62.30,126.00,0.028546
532.5783,5.9770,62.30,126.00,0.028375
532.6725,5.9770,62.03,126.00,0.027930
532.7664,5.9770,62.30,126.00,0.028404
532.8631,5.9770,62.03,126.00,0.029430
532.9579,5.9770,61.49,126.00,0.029536
533.0545,5.9770,61.76,126.00,0.029700
533.1499,5.9770,62.03,126.00,0.029823
533.2479,5.9770,62.03,126.00,0.029380
533.3476,5.9770,62.30,126.00,0.029726
533.4465,5.9770,62.30,126.00,0.029850
533.5416,5.9770,61.49,126.00,0.029726
533.6379,5.9770,61.76,126.00,0.029893
533.7395,5.9770,61.76,126.00,0.030344
533.8403,5.9770,61.76,126.00,0.030487
533.9427,5.9960,62.03,126.00,0.031205
534.0483,5.9960,62.30,126.00,0.031044
534.1519,5.9960,61.49,126.00,0.031106
534.2563,5.9960,62.03,126.00,0.030146
534.3578,5.9085,62.03,126.00,0.028873
534.4541,5.8210,61.76,126.00,0.028741
534.5509,5.8210,62.03,126.00,0.029049
534.6542,5.8210,62.03,126.00,0.031387
534.7552,5.8210,62.30,126.00,0.030852
534.8608,5.8210,61.76,126.00,0.030469
534.9635,5.8210,62.03,126.00,0.030390
535.0682,5.8210,62.30,126.00,0.030730
535.1688,5.8210,62.03,126.00,0.030681
535.2663,5.8210,62.30,126.00,0.028079
535.3593,5.8210,62.03,126.00,0.027874
535.4546,5.8210,62.03,126.00,0.028284
535.5555,5.7940,61.76,126.00,0.030245
535.6585,5.7670,62.30,126.00,0.030975
535.7604,5.7670,62.03,126.00,0.030242
535.8638,5.7670,62.03,126.00,0.030100
535.9660,5.7670,62.03,126.00,0.030337
536.0687,5.7670,61.76,126.00,0.028035
536.1649,5.7670,61.76,126.00,0.028448
536.2643,5.7670,61.49,126.00,0.028991
536.3668,5.8395,61.49,126.00,0.030203
536.4712,5.9120,61.76,126.00,0.027979
536.5697,5.9120,61.76,126.00,0.028809
536.6661,5.9120,62.03,126.00,0.029539
536.7688,5.9120,61.76,126.00,0.029412
536.8714,5.9120,61.76,126.00,0.029455
536.9733,5.9120,62.03,126.00,0.029256
537.0781,5.9120,62.03,126.00,0.029353
537.1799,5.9120,61.76,126.00,0.028517
537.2737,5.9120,61.76,126.00,0.028733
537.3754,5.7980,61.76,126.00,0.030204
537.4769,5.7980,61.76,126.00,0.029026
537.5734,5.7980,62.30,126.00,0.027975
537.6679,5.7980,61.76,126.00,0.028319
537.7662,5.7980,62.03,126.00,0.028438
537.8596,5.7980,62.03,126.00,0.027789
537.9603,5.7980,61.76,126.00,0.029461
538.0637,5.7980,61.49,126.00,0.030710
538.1642,5.7980,62.03,126.00,0.028559
538.2635,5.7980,62.03,126.00,0.030948
538.3690,5.8435,61.76,126.00,0.030388
538.4727,5.8890,62.03,126.00,0.031549
538.5774,5.8890,61.49,126.00,0.030096
538.6826,5.8890,62.03,126.00,0.031064
538.7851,5.8890,62.03,126.00,0.030518
538.8926,5.8890,61.76,126.00,0.034341
538.9943,5.8890,62.03,126.00,0.029383
539.0901,5.8890,62.30,126.00,0.027893
539.1845,5.8890,61.76,126.00,0.028099
539.2789,5.8890,62.03,126.00,0.029630
539.3758,5.8890,62.03,126.00,0.030246
539.4705,5.8890,61.22,126.00,0.030007
539.5686,5.8890,62.30,126.00,0.028739
539.6667,5.8890,62.03,126.00,0.028737
539.7630,5.8890,62.30,126.00,0.029367
539.8573,5.8890,61.76,126.00,0.029197
539.9582,5.8890,61.76,126.00,0.029609
540.0537,5.8890,62.03,126.00,0.029730
540.1538,5.8890,62.03,126.00,0.029385
540.2587,5.8890,61.49,126.00,0.029812
540.3637,5.8890,61.76,126.00,0.029674
540.4635,5.8890,61.22,126.00,0.030101
540.5662,5.8890,61.49,126.00,0.029783
540.6712,5.8890,61.49,126.00,0.029641
540.7743,5.8890,62.30,126.00,0.029999
540.8728,5.8890,61.76,126.00,0.028185
540.9708,5.9140,62.03,126.00,0.030183
541.0694,5.9390,62.30,126.00,0.028627
541.1721,5.9390,62.30,126.00,0.029263
541.2745,5.9390,61.76,126.00,0.029429
541.3773,5.8630,62.03,126.00,0.029305
541.4766,5.8630,62.30,126.00,0.029196
541.5788,5.8630,61.76,126.00,0.029404
541.6835,5.8630,61.76,126.00,0.029339
541.7842,5.8630,62.30,126.00,0.029009
541.8824,5.8630,61.49,126.00,0.028705
541.9821,5.8630,61.49,126.00,0.029342
542.0785,5.8630,61.49,126.00,0.028850
542.1754,5.8630,62.03,126.00,0.029594
542.2746,5.8630,62.03,126.00,0.029993
542.3714,5.9070,62.03,126.00,0.029145
542.4705,5.9510,61.22,126.00,0.029880
542.5662,5.9510,62.03,126.00,0.030194
542.6624,5.9510,61.22,126.00,0.029585
542.7570,5.9510,61.76,126.00,0.029432
542.8554,5.9510,62.03,126.00,0.029320
542.9550,5.9510,62.03,126.00,0.029861
543.0540,5.9510,62.30,126.00,0.029229
543.1488,5.9510,61.76,126.00,0.029755
543.2458,5.9510,61.76,126.00,0.029550
543.3428,5.9335,62.30,126.00,0.029357
543.4413,5.9160,62.30,126.00,0.028546
543.5353,5.9160,62.03,126.00,0.028740
543.6340,5.9160,62.03,126.00,0.029232
543.7311,5.9160,62.30,126.00,0.028864
543.8266,5.9160,62.03,126.00,0.028189
543.9219,5.9160,62.03,126.00,0.029345
544.0187,5.9160,62.03,126.00,0.029469
544.1140,5.9160,61.76,126.00,0.029629
544.2108,5.9160,62.03,126.00,0.029770
544.3064,5.9160,61.76,126.00,0.030009
544.4036,5.9810,61.76,126.00,0.029691
544.5006,5.9810,62.03,126.00,0.029540
544.5974,5.9810,61.76,126.00,0.029571
544.6954,5.9810,62.30,126.00,0.030277
544.7942,5.9810,61.76,126.00,0.029804
544.8893,5.9810,61.49,126.00,0.029486
544.9901,5.9810,62.30,126.00,0.029460
545.0851,5.9810,62.30,126.00,0.029496
545.1828,5.9810,61.76,126.00,0.028104
545.2755,5.9810,61.76,126.00,0.027973
545.3712,5.9810,61.76,126.00,0.028863
545.4720,5.9865,62.30,126.00,0.029822
545.5763,5.9920,62.03,126.00,0.029348
545.6786,5.9920,61.76,126.00,0.029723
545.7829,5.9920,62.03,126.00,0.029721
545.8867,5.9920,61.76,126.00,0.029804
545.9873,5.9920,62.03,126.00,0.029019
546.0922,5.9920,61.49,126.00,0.029320
546.1949,5.9920,62.30,126.00,0.029788
546.2986,5.9920,62.30,126.00,0.030023
546.4011,5.9350,61.76,126.00,0.030217
546.5068,5.9350,62.30,126.00,0.030259
546.6105,5.9350,61.76,127.00,0.029751
546.7131,5.9350,61.49,127.00,0.029254
546.8147,5.9350,62.03,127.00,0.028664
546.9130,5.9350,62.03,127.00,0.027979
547.0082,5.9350,62.03,127.00,0.028878
547.1100,5.9350,61.49,127.00,0.030155
547.2142,5.9350,61.22,127.00,0.029464
547.3181,5.9445,62.03,127.00,0.030671
547.4241,5.9540,61.76,127.00,0.029682
547.5281,5.9540,61.49,127.00,0.030378
547.6302,5.9540,61.76,127.00,0.029622
547.7312,5.9540,61.49,127.00,0.029042
547.8319,5.9540,62.30,127.00,0.028302
547.9278,5.9540,62.03,127.00,0.028300
548.0274,5.9540,61.76,127.00,0.029034
548.1297,5.9540,62.03,127.00,0.028806
548.2310,5.9540,61.49,127.00,0.029674
548.3274,5.9540,61.22,127.00,0.028394
548.4247,5.9540,62.03,127.00,0.028236
548.5210,5.9540,62.03,127.00,0.028468
548.6187,5.9090,62.03,127.00,0.029553
548.7193,5.9090,62.30,127.00,0.030078
548.8198,5.9090,61.76,127.00,0.029688
548.9191,5.9090,61.76,127.00,0.029527
549.0169,5.9090,62.03,127.00,0.029132
549.1137,5.9090,61.49,127.00,0.029408
549.2117,5.9090,62.30,127.00,0.030394
549.3115,5.9470,62.03,127.00,0.029672
549.4107,5.9850,61.49,127.00,0.029555
549.5103,5.9850,61.49,127.00,0.030010
549.6065,5.9850,61.49,127.00,0.029710
549.7059,5.9850,62.30,127.00,0.029464
549.8021,5.9850,62.03,127.00,0.029867
549.8998,5.9850,62.03,127.00,0.029640
549.9954,5.9850,62.03,127.00,0.029322
550.0937,5.9850,62.03,127.00,0.029236
550.1887,5.9850,62.03,127.00,0.028868
550.2871,5.9850,62.03,127.00,0.028604
550.3823,5.9885,62.03,127.00,0.028940
550.4790,5.9920,62.03,127.00,0.028856
550.5771,5.9920,61.76,127.00,0.029423
550.6765,5.9920,62.30,127.00,0.029567
550.7737,5.9920,62.30,127.00,0.029143
550.8711,5.9920,61.76,127.00,0.029907
550.9702,5.9920,61.76,127.00,0.030175
551.0707,5.9920,62.30,127.00,0.030299
551.1670,5.9920,62.03,127.00,0.029841
551.2678,5.9920,62.03,127.00,0.030049
551.3648,5.9770,61.76,127.00,0.030043
551.4614,5.9620,61.76,127.00,0.029078
551.5580,5.9620,61.76,127.00,0.029897
551.6573,5.9620,62.30,127.00,0.029953
551.7522,5.9620,62.30,127.00,0.028895
551.8493,5.9620,62.03,128.00,0.029171
551.9441,5.9620,61.49,128.00,0.029164
552.0418,5.9620,61.76,128.00,0.029598
552.1404,5.9620,62.30,128.00,0.028978
552.2384,5.9620,62.03,128.00,0.028454
552.3338,5.9620,61.76,128.00,0.028556
552.4284,5.9620,61.76,128.00,0.027979
552.5245,5.9620,61.76,128.00,0.027970
552.6260,5.9620,61.76,128.00,0.029250
552.7229,5.9620,62.30,128.00,0.029926
552.8221,5.9620,61.76,128.00,0.029471
552.9157,5.9620,61.76,128.00,0.028085
553.0135,5.9620,62.30,128.00,0.028565
553.1103,5.9620,62.30,128.00,0.030515
553.2098,5.9620,61.76,128.00,0.030010
553.3057,5.9620,62.03,128.00,0.029694
553.4034,5.9620,61.76,128.00,0.029045
553.5040,5.9505,62.30,128.00,0.030657
553.6032,5.9390,61.22,128.00,0.029360
553.7035,5.9390,62.03,128.00,0.029930
553.8037,5.9390,62.03,128.00,0.030792
553.8989,5.9390,62.30,128.00,0.029325
553.9960,5.9390,61.76,128.00,0.029536
554.0917,5.9390,62.30,128.00,0.029513
554.1908,5.9390,62.30,128.00,0.029690
554.2853,5.9390,62.03,128.00,0.028734
554.3810,5.9560,61.76,128.00,0.027805
554.4764,5.9730,61.22,128.00,0.027635
554.5746,5.9730,62.30,128.00,0.029034
554.6726,5.9730,62.30,128.00,0.029111
554.7715,5.9730,62.03,128.00,0.029073
554.8681,5.9730,61.76,128.00,0.029832
554.9652,5.9730,61.76,128.00,0.028690
555.0632,5.9730,61.76,128.00,0.030120
555.1621,5.9730,61.76,128.00,0.029505
555.2585,5.9730,61.76,128.00,0.030303
555.3544,5.9675,62.03,128.00,0.028829
555.4501,5.9620,62.30,128.00,0.029634
555.5475,5.9620,62.30,128.00,0.029657
555.6458,5.9620,62.03,128.00,0.030040
555.7423,5.9620,61.76,128.00,0.029401
555.8420,5.9620,61.22,128.00,0.029422
555.9408,5.9620,62.30,128.00,0.029502
556.0384,5.9620,62.30,128.00,0.029593
556.1377,5.9620,61.49,128.00,0.029227
556.2373,5.9620,62.03,128.00,0.029470
556.3334,5.9465,62.30,128.00,0.028777
556.4290,5.9310,62.03,128.00,0.029178
556.5257,5.9310,62.03,128.00,0.028932
556.6196,5.9310,61.76,128.00,0.028565
556.7191,5.9310,62.03,128.00,0.029485
556.8144,5.9310,61.49,128.00,0.029698
556.9134,5.9310,62.30,128.00,0.029278
557.0094,5.9310,61.76,128.00,0.029967
557.1076,5.9310,62.30,128.00,0.030282
557.2034,5.9310,61.76,128.00,0.029444
557.3028,5.9310,61.76,128.00,0.029969
557.3970,5.9700,61.76,128.00,0.028212
557.4927,5.9700,62.30,128.00,0.028502
557.5871,5.9700,61.76,128.00,0.028933
557.6872,5.9700,61.76,128.00,0.029917
557.7853,5.9700,61.76,128.00,0.029694
557.8832,5.9700,62.30,128.00,0.029695
557.9801,5.9700,61.76,128.00,0.029905
558.0782,5.9700,61.76,128.00,0.029693
558.1782,5.9700,61.76,128.00,0.029418
558.2756,5.9700,62.03,128.00,0.029262
558.3745,5.9430,61.76,128.00,0.029262
558.4738,5.9430,62.30,128.00,0.029433
558.5697,5.9430,61.76,128.00,0.029525
558.6674,5.9430,62.03,128.00,0.029879
558.7657,5.9430,62.03,127.50,0.029442
558.8632,5.9430,62.30,127.00,0.030055
558.9617,5.9430,62.03,127.50,0.029820
559.0592,5.9430,62.30,127.50,0.029490
559.1579,5.9430,62.03,128.00,0.030212
559.2594,5.9430,61.76,128.00,0.029642
559.3552,5.9545,61.49,128.00,0.029878
559.4544,5.9660,62.30,128.00,0.028220
559.5481,5.9660,61.76,128.00,0.028810
559.6442,5.9660,61.76,128.00,0.029456
559.7393,5.9660,62.03,128.00,0.029360
559.8364,5.9660,62.30,128.00,0.027839
559.9316,5.9660,62.03,128.00,0.028214
560.0292,5.9660,62.03,128.00,0.028615
560.1241,5.9660,61.76,128.00,0.028861
560.2215,5.9660,61.49,128.00,0.029205
560.3176,5.9905,61.76,128.00,0.029278
560.4176,6.0150,61.76,128.00,0.028963
560.5122,6.0150,61.76,128.00,0.028169
560.6099,6.0150,62.03,128.00,0.028521
560.7044,6.0150,62.30,128.00,0.028515
560.8022,6.0150,61.49,128.00,0.029619
560.8983,6.0150,62.03,128.00,0.029426
560.9972,6.0150,61.76,127.50,0.028607
561.0928,6.0150,61.76,127.00,0.027904
561.1891,6.0150,62.03,127.50,0.028784
561.2849,6.0150,62.03,127.50,0.029738
561.3851,5.9120,62.03,127.00,0.029688
561.4825,5.9120,61.76,127.00,0.029536
561.5826,5.9120,62.03,128.00,0.030199
561.6785,5.9120,62.30,128.00,0.029736
561.7780,5.9120,61.49,128.00,0.029639
561.8753,5.9120,62.30,127.50,0.029614
561.9746,5.9120,62.30,127.00,0.029419
562.0744,5.9120,62.03,127.00,0.029435
562.1717,5.9120,61.76,127.50,0.029538
562.2668,5.9120,61.76,127.50,0.029008
562.3661,5.9275,62.30,127.00,0.029137
562.4653,5.9430,62.30,127.50,0.028506
562.5640,5.9430,62.30,128.00,0.028682
562.6633,5.9430,61.22,128.00,0.028875
562.7619,5.9430,61.76,127.50,0.029063
562.8566,5.9430,61.22,127.00,0.027853
562.9532,5.9430,62.03,127.00,0.027956
563.0500,5.9430,62.30,127.50,0.029499
563.1453,5.9430,61.76,127.00,0.028077
563.2386,5.9430,62.03,127.00,0.028593
563.3340,5.9430,62.03,127.50,0.028772
563.4289,6.0040,62.03,127.00,0.028822
563.5263,6.0040,62.03,127.00,0.029912
563.6214,6.0040,61.76,127.00,0.029460
563.7189,6.0040,62.30,127.00,0.029382
563.8133,6.0040,61.76,127.00,0.028591
563.9125,6.0040,62.03,127.00,0.029373
564.0074,6.0040,62.30,127.00,0.028532
564.1054,6.0040,62.03,127.00,0.028564
564.2008,6.0040,61.76,127.00,0.028571
564.3015,6.0040,61.76,127.00,0.028843
564.3982,5.9580,62.30,127.00,0.030535
564.4950,5.9580,61.76,127.00,0.029483
564.5901,5.9580,61.49,127.00,0.029617
564.6848,5.9580,61.76,127.00,0.028318
564.7841,5.9580,61.22,127.00,0.029708
564.8835,5.9580,62.30,127.00,0.029759
564.9829,5.9580,61.76,127.00,0.029839
565.0820,5.9580,61.76,127.00,0.029502
565.1771,5.9580,62.03,127.00,0.029778
565.2742,5.9580,61.76,127.00,0.029408
565.3708,5.9580,62.03,127.00,0.029724
565.4698,5.9580,61.76,127.00,0.029249
565.5658,5.9580,62.03,127.00,0.029402
565.6665,5.9580,61.76,127.00,0.029746
565.7648,5.9580,61.76,127.00,0.030059
565.8613,5.9580,61.49,127.00,0.028563
565.9576,5.9580,62.03,127.00,0.028482
566.0547,5.9580,61.76,127.00,0.029574
566.1543,5.9580,61.76,127.00,0.029295
566.2588,5.9580,62.03,127.00,0.028902
566.3628,5.9580,61.76,127.00,0.029584
566.4659,5.9580,61.76,127.00,0.029389
566.5691,5.9580,61.76,127.00,0.029062
566.6759,5.9580,61.76,127.00,0.029714
566.7798,5.9580,61.76,127.00,0.029976
566.8807,5.9580,61.76,127.00,0.027822
566.9756,5.9580,61.76,127.00,0.028069
567.0741,5.9580,62.03,127.00,0.029640
567.1786,5.9580,61.76,127.00,0.029521
567.2835,5.9580,61.76,127.00,0.028960
567.3898,5.9580,62.03,127.00,0.028883
567.4957,5.9580,62.30,127.00,0.029642
567.5995,5.9220,61.76,127.00,0.029269
567.7052,5.8860,61.49,127.00,0.029209
567.8112,5.8860,61.76,127.00,0.030293
567.9137,5.8860,62.03,127.00,0.030361
568.0175,5.8860,61.49,127.00,0.030174
568.1211,5.8860,61.76,127.00,0.029395
568.2213,5.8860,61.76,127.00,0.027977
568.3162,5.8860,62.03,127.00,0.028335
568.4139,5.8860,61.76,127.00,0.028738
568.5147,5.8955,62.03,127.00,0.030164
568.6188,5.9050,61.49,127.00,0.029597
568.7195,5.9050,62.03,127.00,0.027711
568.8170,5.9050,62.03,128.00,0.028285
568.9159,5.9050,61.76,128.00,0.028047
569.0167,5.9050,61.76,128.50,0.029269
569.1195,5.9050,61.76,129.00,0.029439
569.2203,5.9050,62.03,129.00,0.028862
569.3263,5.9260,61.49,129.00,0.030111
569.4323,5.9470,61.76,129.00,0.029336
569.5355,5.9470,62.30,129.00,0.029658
569.6413,5.9470,62.03,129.00,0.030199
569.7471,5.9470,61.76,129.00,0.029360
569.8505,5.9470,61.49,129.00,0.029654
569.9532,5.9470,61.49,129.00,0.029940
570.0562,5.9470,62.30,129.00,0.029594
570.1594,5.9470,61.49,129.00,0.029882
570.2657,5.9470,62.30,129.00,0.029140
570.3692,5.9390,61.76,129.00,0.030006
570.4761,5.9310,61.76,129.00,0.030846
570.5779,5.9310,61.76,129.00,0.030200
570.6829,5.9310,62.30,129.00,0.031104
570.7870,5.9310,61.76,129.00,0.030546
570.8916,5.9310,61.76,129.00,0.029657
570.9979,5.9310,61.49,129.00,0.030938
571.1046,5.9310,61.22,129.00,0.030388
571.2107,5.9310,61.22,129.00,0.030336
571.3153,5.9310,61.49,129.00,0.030152
571.4221,5.8170,62.03,129.00,0.030834
571.5232,5.8170,61.76,129.00,0.031171
571.6250,5.8170,61.76,129.00,0.028976
571.7183,5.8170,62.03,129.00,0.028265
571.8199,5.8170,61.22,129.00,0.030735
571.9219,5.8170,62.30,129.00,0.029420
572.0167,5.8170,62.03,129.00,0.028579
572.1142,5.8170,62.30,129.00,0.029108
572.2148,5.8170,61.76,129.00,0.030313
572.3164,5.8170,61.49,129.00,0.028632
572.4194,5.8700,61.76,129.00,0.027760
572.5176,5.8700,62.03,129.00,0.027952
572.6151,5.8700,61.22,129.00,0.030515
572.7180,5.8700,61.49,129.00,0.029613
572.8207,5.8700,61.76,129.00,0.029067
572.9230,5.8700,62.03,129.00,0.030306
573.0259,5.8700,61.22,129.00,0.029396
573.1306,5.8700,62.03,129.00,0.029522
573.2407,5.8700,61.76,129.00,0.034420
573.3431,5.9255,61.76,129.00,0.029355
573.4447,5.9810,61.22,129.00,0.030559
573.5482,5.9810,61.76,129.00,0.030227
573.6555,5.9810,61.76,129.00,0.030639
573.7590,5.9810,61.76,129.00,0.030370
573.8639,5.9810,61.76,129.00,0.030509
573.9692,5.9810,61.76,129.00,0.030550
574.0744,5.9810,61.49,129.00,0.030449
574.1801,5.9810,62.03,129.00,0.030178
574.2853,5.9810,61.76,129.00,0.029825
574.3816,5.9810,62.30,129.00,0.028197
574.4797,5.9810,61.49,129.00,0.029741
574.5841,5.8645,61.22,129.00,0.030342
574.6813,5.7480,61.76,129.00,0.028174
574.7756,5.7480,61.49,129.00,0.028225
574.8737,5.7480,62.03,129.00,0.029741
574.9746,5.7480,61.49,129.00,0.028873
575.0770,5.7480,61.49,129.00,0.028757
575.1810,5.7480,61.49,129.00,0.030034
575.2843,5.7480,61.76,129.00,0.029775
575.3914,5.7440,61.76,129.00,0.030634
575.4926,5.7440,61.22,129.00,0.028852
575.5889,5.7440,62.03,129.00,0.029526
575.6912,5.7440,61.49,129.00,0.029112
575.7946,5.7440,62.03,129.00,0.029655
575.8985,5.7440,61.22,129.00,0.029601
576.0021,5.7440,61.76,129.00,0.030261
576.1073,5.7440,61.22,129.00,0.030746
576.2124,5.7440,61.76,129.00,0.030729
576.3156,5.7440,61.76,129.00,0.031676
576.4154,5.7440,62.03,129.00,0.029570
576.5186,5.7440,61.22,129.00,0.029873
576.6169,5.7440,61.49,129.00,0.029261
576.7159,5.7440,61.76,129.00,0.029003
576.8141,5.7440,61.49,129.00,0.029022
576.9115,5.7440,61.49,129.00,0.029865
577.0114,5.7440,61.49,129.00,0.029123
577.1087,5.7440,61.22,129.00,0.028954
577.2062,5.7440,61.49,129.00,0.028855
577.3035,5.7440,61.76,129.00,0.028946
577.4036,5.9050,62.30,129.00,0.029327
577.4995,5.9050,61.76,129.00,0.029723
577.5968,5.9050,61.76,129.00,0.029366
577.6977,5.9050,62.30,129.00,0.029836
577.7979,5.9050,61.76,129.00,0.029576
577.8933,5.9050,61.76,129.00,0.028116
577.9884,5.9050,61.76,129.00,0.028301
578.0825,5.9050,61.76,129.00,0.028811
578.1825,5.9050,62.30,129.00,0.029765
578.2784,5.9050,61.76,129.00,0.029250
578.3786,5.9310,61.76,129.00,0.029775
578.4750,5.9310,61.49,129.00,0.028399
578.5697,5.9310,61.22,129.00,0.027757
578.6651,5.9310,62.03,129.00,0.028265
578.7628,5.9310,61.76,129.00,0.028791
578.8577,5.9310,62.30,129.00,0.028952
578.9565,5.9310,61.76,129.00,0.028740
579.0542,5.9310,61.22,129.00,0.028970
579.1520,5.9310,61.76,129.00,0.027930
579.2454,5.9310,61.76,129.00,0.028298
579.3401,5.9310,61.76,129.00,0.027888
579.4371,5.9520,61.76,129.00,0.029037
579.5352,5.9730,61.49,129.00,0.029500
579.6307,5.9730,61.76,128.50,0.029932
579.7305,5.9730,61.49,128.00,0.029468
579.8278,5.9730,61.76,128.50,0.029500
579.9274,5.9730,61.76,128.00,0.029297
580.0233,5.9730,61.49,128.00,0.029975
580.1227,5.9730,61.76,128.00,0.030039
580.2199,5.9730,62.03,128.00,0.030310
580.3172,5.9445,62.30,128.00,0.029664
580.4130,5.9160,61.76,128.00,0.028977
580.5103,5.9160,62.03,128.00,0.029282
580.6097,5.9160,62.03,128.00,0.029071
580.7066,5.9160,61.76,128.00,0.028717
580.8022,5.9160,61.76,128.00,0.029388
580.9018,5.9160,61.22,128.00,0.029165
580.9988,5.9160,61.76,128.00,0.028849
581.0997,5.9160,61.76,128.00,0.028897
581.1974,5.9160,62.03,128.00,0.029114
581.2964,5.9160,62.03,128.00,0.029035
581.3946,5.8780,61.76,128.00,0.029501
581.4942,5.8780,62.03,128.00,0.029428
581.5927,5.8780,62.03,128.00,0.029428
581.6928,5.8780,61.76,128.00,0.029621
581.7893,5.8780,62.30,128.00,0.029679
581.8871,5.8780,61.49,128.00,0.029359
581.9849,5.8780,62.03,128.00,0.029968
582.0849,5.8780,62.03,128.00,0.029713
582.1809,5.8780,61.76,128.00,0.028220
582.2765,5.8780,62.30,128.00,0.027924
582.3738,5.8780,61.76,128.00,0.028872
582.4746,5.8930,61.76,128.00,0.029912
582.5698,5.8930,61.76,128.00,0.029130
582.6715,5.8930,62.03,128.00,0.029549
582.7693,5.8930,61.49,128.00,0.029460
582.8677,5.8930,62.03,128.00,0.029533
582.9662,5.8930,61.49,128.00,0.029446
583.0674,5.8930,61.76,128.00,0.029500
583.1670,5.8930,62.03,128.00,0.029610
583.2636,5.8930,62.03,128.00,0.028302
583.3584,5.8930,62.03,128.00,0.028299
583.4568,5.9485,61.76,128.00,0.029228
583.5534,6.0040,62.03,127.50,0.029039
583.6537,6.0040,61.76,127.50,0.029444
583.7485,6.0040,62.03,127.00,0.028308
583.8472,6.0040,61.76,127.00,0.028582
583.9445,6.0040,62.03,127.50,0.028784
584.0402,6.0040,62.03,127.00,0.028129
584.1371,6.0040,62.03,127.50,0.028549
584.2343,6.0040,62.30,127.00,0.029257
584.3306,5.9755,61.76,127.00,0.030061
584.4296,5.9470,61.76,127.00,0.029869
584.5252,5.9470,62.03,127.00,0.028740
584.6214,5.9470,61.76,127.00,0.028901
584.7162,5.9470,61.49,127.00,0.028765
584.8122,5.9470,62.03,127.00,0.027947
584.9089,5.9470,61.76,127.00,0.028410
585.0063,5.9470,61.76,127.00,0.029460
585.1054,5.9470,61.76,127.00,0.028321
585.2003,5.9470,61.49,127.50,0.028027
585.2968,5.9470,61.76,127.50,0.028164
585.3972,5.9430,61.76,127.50,0.028400
585.4928,5.9430,61.49,127.50,0.029190
585.5902,5.9430,61.49,127.00,0.029657
585.6917,5.9430,62.03,127.00,0.030018
585.7914,5.9430,61.49,127.00,0.029547
585.8872,5.9430,61.49,127.00,0.029463
585.9862,5.9430,61.76,127.00,0.030452
586.0834,5.9430,62.03,127.00,0.030021
586.1846,5.9430,61.76,127.00,0.030249
586.2811,5.9430,62.03,127.00,0.029660
586.3814,5.9890,62.03,127.00,0.029206
586.4830,5.9890,61.49,127.00,0.030657
586.5813,5.9890,61.76,127.00,0.029142
586.6781,5.9890,62.03,127.00,0.030382
586.7760,5.9890,61.49,127.00,0.030247
586.8751,5.9890,61.49,127.00,0.029865
586.9742,5.9890,61.49,127.00,0.029435
587.0705,5.9890,62.03,127.00,0.029739
587.1687,5.9890,62.03,127.00,0.028329
587.2650,5.9890,62.03,127.00,0.028359
587.3622,5.9600,61.76,127.00,0.029746
587.4558,5.9310,61.76,127.00,0.027967
587.5509,5.9310,62.03,127.00,0.028362
587.6486,5.9310,62.03,127.00,0.029181
587.7486,5.9310,61.76,127.00,0.029121
587.8458,5.9310,62.30,127.00,0.029550
587.9464,5.9310,62.03,127.00,0.029402
588.0442,5.9310,61.76,127.00,0.029821
588.1464,5.9310,61.76,127.00,0.029756
588.2464,5.9310,61.76,127.00,0.029552
588.3467,5.9445,61.22,127.00,0.029446
588.4457,5.9580,61.76,127.00,0.030019
588.5464,5.9580,61.76,127.00,0.029728
588.6441,5.9580,61.76,127.00,0.030809
588.7432,5.9580,62.30,127.00,0.029990
588.8425,5.9580,62.03,127.00,0.029724
588.9427,5.9580,62.30,127.00,0.029507
589.0412,5.9580,61.76,127.00,0.029920
589.1388,5.9580,62.03,127.00,0.030024
589.2341,5.9580,62.03,127.00,0.029074
589.3355,5.9640,62.03,127.00,0.030612
589.4341,5.9700,62.03,127.00,0.029360
589.5343,5.9700,62.03,127.00,0.029787
589.6307,5.9700,61.76,127.00,0.029461
589.7310,5.9700,61.76,127.00,0.029457
589.8280,5.9700,62.03,127.00,0.028281
589.9260,5.9700,62.30,127.00,0.028009
590.0206,5.9700,62.03,127.50,0.028774
590.1189,5.9700,61.76,128.00,0.029537
590.2141,5.9700,62.30,128.00,0.028551
590.3129,5.9605,61.76,128.00,0.029409
590.4109,5.9510,62.03,128.00,0.028599
590.5125,5.9510,62.03,128.00,0.029220
590.6089,5.9510,62.30,128.00,0.029274
590.7063,5.9510,62.03,128.00,0.029486
590.8056,5.9510,61.76,128.00,0.029977
590.9058,5.9510,61.76,128.00,0.030159
591.0064,5.9510,61.76,128.00,0.029710
591.1066,5.9510,62.03,128.00,0.029658
591.2025,5.9510,61.22,128.00,0.029689
591.3026,5.9510,61.76,128.00,0.029346
591.3980,5.9510,62.30,128.00,0.028874
591.4978,5.9510,62.03,128.00,0.029511
591.5947,5.9510,61.49,128.00,0.029809
591.6954,5.9510,62.30,128.00,0.030103
591.7920,5.9510,61.76,128.00,0.029647
591.8896,5.9510,61.49,128.00,0.029543
591.9877,5.9510,62.03,128.00,0.028754
592.0878,5.9510,61.49,128.00,0.029329
592.1859,5.9510,62.03,128.00,0.029035
592.2863,5.9510,61.76,128.00,0.029799
592.3836,5.9510,61.49,128.00,0.028665
592.4819,5.9240,61.76,128.00,0.029328
592.5758,5.9240,62.03,128.00,0.027795
592.6737,5.9240,62.03,128.00,0.028140
592.7684,5.9240,61.76,128.00,0.028538
592.8674,5.9240,62.03,128.00,0.029031
592.9651,5.9240,62.03,128.00,0.028892
593.0648,5.9240,61.76,128.00,0.029292
593.1609,5.9240,61.76,128.00,0.029407
593.2591,5.9240,62.03,128.00,0.027983
593.3527,5.9240,62.03,128.00,0.028252
593.4479,5.9240,62.03,128.00,0.028014
593.5462,5.9240,61.76,128.00,0.029903
593.6453,5.9240,61.76,128.00,0.028810
593.7423,5.9240,62.30,128.00,0.029162
593.8418,5.9240,62.03,128.00,0.029662
593.9372,5.9240,62.30,128.00,0.029141
594.0343,5.9240,61.76,128.00,0.028894
594.1294,5.9240,61.76,128.00,0.028975
594.2262,5.9240,62.30,128.00,0.028568
594.3222,5.9485,61.76,128.00,0.028967
594.4195,5.9730,62.03,128.00,0.028591
594.5196,5.9730,61.76,128.00,0.028825
594.6171,5.9730,61.76,128.00,0.028757
594.7166,5.9730,61.76,128.00,0.028734
594.8146,5.9730,61.76,128.00,0.029913
594.9106,5.9730,61.22,128.00,0.029439
595.0093,5.9730,62.03,128.00,0.029726
595.1077,5.9730,61.49,128.00,0.029648
595.2082,5.9730,61.76,128.00,0.029767
595.3066,5.9730,61.76,128.00,0.029964
595.4064,5.9730,62.03,128.00,0.029553
595.5031,5.9730,61.76,128.00,0.029978
595.6000,5.9730,62.30,128.00,0.027614
595.6941,5.9730,61.76,128.00,0.027940
595.7906,5.9730,61.76,128.00,0.029033
595.8894,5.9730,61.49,128.00,0.029540
595.9877,5.9730,62.03,128.00,0.029792
596.0861,5.9730,61.76,128.00,0.029926
596.1868,5.9730,62.03,128.00,0.029867
596.2851,5.9730,61.76,128.00,0.029416
596.3862,5.9730,62.30,128.00,0.029729
596.4830,5.9730,62.30,128.00,0.029673
596.5832,5.9730,62.30,128.00,0.029235
596.6820,5.9730,61.49,128.00,0.029303
596.7814,5.9730,62.03,128.00,0.028978
596.8766,5.9730,61.76,128.00,0.028648
596.9742,5.9235,61.49,128.00,0.028816
597.0725,5.8740,61.76,128.00,0.028520
597.1701,5.8740,61.49,128.00,0.029148
597.2714,5.8740,62.03,128.00,0.029602
597.3690,5.9200,62.03,128.00,0.029142
597.4654,5.9660,61.49,128.00,0.028933
597.5607,5.9660,61.49,128.00,0.028100
597.6553,5.9660,61.49,128.00,0.028585
597.7561,5.9660,61.76,128.00,0.029299
597.8519,5.9660,62.03,128.00,0.029418
597.9486,5.9660,62.03,128.00,0.029105
598.0488,5.9660,61.49,128.00,0.029408
598.1460,5.9660,61.76,128.00,0.029256
598.2413,5.9660,61.76,128.00,0.028980
598.3383,5.9775,61.22,128.00,0.029423
598.4363,5.9890,62.30,128.00,0.029057
598.5336,5.9890,62.03,128.00,0.029403
598.6289,5.9890,62.03,128.00,0.028031
598.7261,5.9890,62.03,128.00,0.028461
598.8211,5.9890,62.03,128.00,0.028618
598.9186,5.9890,62.03,128.00,0.028872
599.0131,5.9890,62.03,129.00,0.028579
599.1119,5.9890,61.49,129.00,0.029698
599.2062,5.9890,61.76,129.00,0.029102
599.3024,5.9890,61.76,129.00,0.029347
599.3958,5.9920,61.49,129.00,0.027759
599.4904,5.9920,61.76,129.00,0.028151
599.5840,5.9920,61.22,129.00,0.029143
599.6826,5.9920,62.03,129.00,0.029523
599.7775,5.9920,61.76,129.00,0.029524
599.8743,5.9920,61.76,129.00,0.029788
599.9695,5.9920,62.30,129.00,0.029453
600.0651,5.9920,61.22,129.00,0.028527
600.1598,5.9920,62.03,129.00,0.028609
600.2628,5.9920,62.03,129.00,0.029162
600.3602,5.9960,61.76,129.00,0.029677
600.4628,6.0000,61.22,129.00,0.029658
600.5657,6.0000,62.03,129.00,0.029365
600.6703,6.0000,61.76,129.00,0.029657
600.7645,6.0000,61.76,129.00,0.028162
600.8636,6.0000,62.03,129.00,0.029052
600.9661,6.0000,61.49,129.00,0.029447
601.0684,6.0000,62.03,129.00,0.029034
601.1715,6.0000,61.76,129.00,0.029929
601.2679,6.0000,62.03,129.00,0.027840
601.3640,6.0000,61.22,129.00,0.028461
601.4666,5.9810,61.76,129.00,0.030536
601.5622,5.9620,62.03,129.00,0.029625
601.6635,5.9620,62.03,129.00,0.030771
601.7651,5.9620,61.76,129.00,0.030458
601.8666,5.9620,61.49,129.00,0.030724
601.9705,5.9620,61.22,129.00,0.030651
602.0740,5.9620,61.76,129.00,0.031002
602.1671,5.9620,61.76,129.00,0.027813
602.2659,5.9620,61.76,129.00,0.030663
602.3680,5.9485,61.76,129.00,0.031225
602.4693,5.9350,62.03,129.00,0.030819
602.5751,5.9350,62.03,129.00,0.030632
602.6795,5.9350,62.30,129.00,0.030464
602.7812,5.9350,62.30,129.00,0.029444
602.8811,5.9350,61.76,129.00,0.030241
602.9839,5.9350,61.76,129.00,0.030997
603.0863,5.9350,61.76,129.00,0.030643
603.1915,5.9350,61.49,129.00,0.030451
603.2946,5.9350,61.76,129.00,0.030344
603.4003,5.8820,61.76,129.00,0.030743
603.5048,5.8820,62.30,129.00,0.030298
603.6072,5.8820,61.22,129.00,0.030440
603.7108,5.8820,61.76,129.00,0.030856
603.8117,5.8820,61.76,129.00,0.028613
603.9082,5.8820,61.76,129.00,0.027801
604.0042,5.8820,61.49,129.00,0.028904
604.1045,5.8820,61.49,129.00,0.031726
604.2071,5.8820,62.30,129.00,0.030665
604.3065,5.8820,61.76,129.00,0.028653
604.4079,5.9390,61.49,129.00,0.031295
604.5101,5.9960,61.22,129.00,0.031085
604.6109,5.9960,61.22,129.00,0.030778
604.7166,5.9960,62.03,129.00,0.030434
604.8205,5.9960,62.30,129.00,0.030458
604.9242,5.9960,62.03,129.00,0.030493
605.0261,5.9960,61.49,129.00,0.029663
605.1282,5.9960,61.49,129.00,0.030083
605.2243,5.9960,62.03,129.00,0.028346
605.3180,5.9960,61.49,129.00,0.028720
605.4185,5.9960,62.03,129.00,0.029733
605.5187,6.0040,61.76,129.00,0.030799
605.6234,6.0040,61.76,129.00,0.030608
605.7299,6.0040,62.03,129.00,0.031167
605.8327,6.0040,61.76,129.00,0.030387
605.9351,6.0040,62.03,129.00,0.030076
606.0396,6.0040,61.49,129.00,0.031384
606.1392,6.0040,62.30,129.50,0.029954
606.2441,6.0040,61.22,130.00,0.029747
606.3465,5.9275,62.03,130.00,0.030602
606.4487,5.8510,61.49,130.00,0.029687
606.5489,5.8510,62.03,130.00,0.030132
606.6519,5.8510,61.76,130.00,0.030832
606.7539,5.8510,61.22,130.00,0.029894
606.8588,5.8510,62.03,130.00,0.030777
606.9568,5.8510,62.03,130.00,0.027696
607.0502,5.8510,62.03,130.00,0.028127
607.1460,5.8510,61.76,130.00,0.028705
607.2456,5.8510,62.03,130.00,0.029832
607.3515,5.8665,61.22,130.00,0.030860
607.4564,5.8820,62.03,130.00,0.030125
607.5588,5.8820,61.22,130.00,0.030383
607.6630,5.8820,62.30,130.00,0.030677
607.7665,5.8820,61.49,130.00,0.030692
607.8714,5.8820,62.03,130.00,0.030838
607.9693,5.8820,62.30,130.00,0.028719
608.0662,5.8820,61.76,130.00,0.029530
608.1676,5.8820,61.22,130.00,0.030652
608.2707,5.8820,61.49,130.00,0.030477
608.3770,5.8590,61.76,130.00,0.030567
608.4824,5.8360,61.76,130.00,0.030820
608.5864,5.8360,61.49,130.00,0.030396
608.6921,5.8360,61.49,130.00,0.031281
608.7967,5.8360,61.22,130.00,0.030191
608.8994,5.8360,61.49,130.00,0.030824
609.0023,5.8360,62.03,130.00,0.030038
609.1035,5.8360,61.76,130.00,0.030461
609.2051,5.8360,61.22,130.00,0.030994
609.3087,5.8360,61.76,130.00,0.030931
609.4089,5.9010,61.76,130.00,0.028015
609.5069,5.9010,61.76,130.00,0.028468
609.6015,5.9010,61.49,130.00,0.029152
609.7043,5.9010,61.49,130.00,0.030123
609.8090,5.9010,61.49,130.00,0.030020
609.9118,5.9010,61.76,130.00,0.030420
610.0168,5.9010,61.76,130.00,0.030604
610.1194,5.9010,62.30,130.00,0.030780
610.2223,5.9010,61.76,130.00,0.031426
610.3257,5.8645,61.49,130.00,0.031593
610.4303,5.8280,61.76,130.00,0.030453
610.5349,5.8280,61.76,130.00,0.030648
610.6394,5.8280,61.49,130.00,0.030540
610.7400,5.8280,62.03,130.00,0.030494
610.8429,5.8280,61.49,130.00,0.030869
610.9467,5.8280,61.76,130.00,0.030775
611.0516,5.8280,61.49,130.00,0.030879
611.1523,5.8280,62.30,130.00,0.030474
611.2555,5.8280,61.49,130.00,0.031482
611.3579,5.8110,62.30,130.00,0.030487
611.4610,5.7940,61.76,130.00,0.030670
611.5619,5.7940,61.49,130.00,0.030583
611.6649,5.7940,61.76,130.00,0.030874
611.7678,5.7940,62.03,130.00,0.030811
611.8690,5.7940,61.76,130.00,0.031189
611.9721,5.7940,61.76,130.00,0.030866
612.0756,5.7940,61.22,130.00,0.030904
612.1783,5.7940,61.22,130.00,0.030639
612.2821,5.7940,62.03,130.00,0.029974
612.3871,5.7600,61.76,130.00,0.030783
612.4912,5.7600,61.76,130.00,0.030967
612.5931,5.7600,62.03,130.00,0.030952
612.6972,5.7600,61.76,130.00,0.030848
612.8020,5.7600,61.76,130.00,0.030811
612.9006,5.7600,62.03,130.00,0.027929
612.9949,5.7600,61.49,130.00,0.028623
613.0933,5.7600,62.03,130.00,0.028971
613.1947,5.7600,62.30,130.00,0.031318
613.2999,5.7600,62.03,130.00,0.030770
613.4063,5.8930,61.76,130.00,0.031097
613.5073,5.8930,61.76,130.00,0.031128
613.6109,5.8930,62.30,130.00,0.030926
613.7117,5.8930,62.03,130.00,0.030796
613.8103,5.8930,61.22,130.00,0.028174
613.9044,5.8930,62.03,130.00,0.028483
614.0051,5.8930,61.49,130.00,0.028760
614.1073,5.8930,61.76,130.00,0.029788
614.1995,5.8930,61.76,130.00,0.027860
614.2970,5.8930,61.76,130.00,0.028332
614.3947,5.9160,61.49,130.00,0.030065
614.4946,5.9390,61.76,130.00,0.028924
614.5951,5.9390,61.76,129.50,0.030004
614.6954,5.9390,62.03,129.00,0.027667
614.7937,5.9390,61.49,129.00,0.028578
614.8929,5.9390,61.76,129.50,0.029437
614.9889,5.9390,61.76,129.00,0.028083
615.0850,5.9390,61.49,129.00,0.028754
615.1822,5.9390,61.49,129.00,0.029176
615.2884,5.9390,61.76,129.00,0.031029
615.3908,5.9120,61.49,129.00,0.030932
615.4953,5.9120,61.22,129.00,0.030818
615.5995,5.9120,61.76,129.00,0.031399
615.7047,5.9120,61.76,129.00,0.029720
615.8075,5.9120,62.03,129.00,0.029736
615.9107,5.9120,61.76,129.50,0.029949
616.0160,5.9120,61.76,129.00,0.029953
616.1181,5.9120,61.49,129.50,0.029678
616.2236,5.9120,61.49,129.00,0.029606
616.3282,5.8510,61.76,129.00,0.029823
616.4326,5.7900,61.22,129.00,0.028961
616.5352,5.7900,61.76,129.00,0.029166
616.6360,5.7900,61.76,129.00,0.029141
616.7385,5.7900,61.76,129.00,0.029439
616.8411,5.7900,62.03,129.00,0.029743
616.9447,5.7900,62.03,129.00,0.028975
617.0481,5.7900,61.76,129.00,0.028959
617.1526,5.7900,61.22,129.00,0.030055
617.2549,5.7900,62.03,129.00,0.029450
617.3576,5.7995,61.22,129.00,0.029730
617.4519,5.8090,62.03,129.00,0.028262
617.5502,5.8090,61.49,129.00,0.028951
617.6510,5.8090,62.03,129.00,0.028864
617.7503,5.8090,61.49,129.00,0.029814
617.8475,5.8090,61.76,129.00,0.029304
617.9464,5.8090,61.49,129.00,0.029590
618.0437,5.8090,61.49,129.00,0.029373
618.1430,5.8090,62.03,129.00,0.030013
618.2393,5.8090,61.76,129.00,0.029620
618.3397,5.9045,61.49,129.00,0.030666
618.4415,6.0000,62.30,129.00,0.031174
618.5444,6.0000,62.30,129.00,0.030781
618.6470,6.0000,62.03,129.00,0.031706
618.7499,6.0000,62.30,129.00,0.031226
618.8516,6.0000,61.76,129.00,0.029389
618.9475,6.0000,61.76,129.00,0.027911
619.0411,6.0000,62.30,129.00,0.028471
619.1358,6.0000,61.49,129.00,0.028132
619.2328,6.0000,61.49,129.00,0.029544
619.3320,5.9980,61.76,129.00,0.029858
619.4278,5.9960,62.30,129.00,0.029036
619.5268,5.9960,61.49,129.00,0.029455
619.6218,5.9960,61.76,129.00,0.029142
619.7173,5.9960,61.49,129.00,0.028610
619.8138,5.9960,62.03,128.50,0.028889
619.9106,5.9960,62.03,128.50,0.029124
620.0091,5.9960,62.03,128.00,0.028682
620.1061,5.9960,61.49,128.50,0.029775
620.2012,5.9960,61.76,128.00,0.029468
620.2991,5.9960,61.76,128.00,0.029482
620.3915,5.9960,61.76,128.00,0.027933
620.4860,5.9960,61.76,128.50,0.028266
620.5819,5.9960,62.30,129.00,0.029419
620.6781,5.9960,61.76,128.50,0.029231
620.7729,5.9960,62.03,128.50,0.029375
620.8698,5.9960,61.49,128.00,0.029764
620.9634,5.9960,61.22,128.50,0.027980
621.0573,5.9960,62.03,128.00,0.028006
621.1498,5.9960,61.76,128.00,0.028089
621.2440,5.9960,61.76,128.00,0.028161
621.3413,5.9960,61.76,128.00,0.029486
621.4380,5.9960,61.76,128.00,0.029236
621.5334,5.9960,61.49,128.00,0.030020
621.6308,5.9960,62.30,128.00,0.030399
621.7268,5.9790,61.49,128.00,0.029954
621.8234,5.9620,62.30,128.00,0.029399
621.9184,5.9620,62.03,128.00,0.030142
622.0151,5.9620,62.30,128.00,0.029901
622.1129,5.9620,61.76,128.00,0.030831
622.2183,5.9620,61.49,128.00,0.029629
622.3201,5.9030,62.03,128.00,0.030010
622.4194,5.8440,62.03,128.00,0.030077
622.5181,5.8440,61.76,128.00,0.030323
622.6162,5.8440,61.76,128.00,0.029531
622.7141,5.8440,62.30,128.00,0.029552
622.8145,5.8440,62.30,128.00,0.029389
622.9101,5.8440,62.03,128.00,0.029245
623.0075,5.8440,62.30,128.00,0.029317
623.1047,5.8440,61.76,128.00,0.028634
623.2020,5.8440,61.76,128.00,0.028960
623.2978,5.8440,61.76,128.00,0.029266
623.3972,5.9770,62.03,128.00,0.028625
623.4930,5.9770,62.03,128.00,0.028795
623.5930,5.9770,61.49,128.00,0.028862
623.6918,5.9770,61.49,128.00,0.029775
623.7908,5.9770,62.30,128.00,0.029525
623.8868,5.9770,62.03,128.00,0.029382
623.9859,5.9770,62.03,128.00,0.029273
624.0840,5.9770,62.03,128.00,0.029564
624.1836,5.9770,62.03,128.00,0.029181
624.2821,5.9770,62.30,128.00,0.029981
624.3827,5.9540,62.30,128.00,0.029848
624.4810,5.9540,61.76,128.00,0.029807
624.5777,5.9540,61.76,128.00,0.028054
624.6713,5.9540,61.76,128.00,0.028062
624.7715,5.9540,61.49,128.00,0.028978
624.8722,5.9540,61.76,128.00,0.029906
624.9716,5.9540,61.76,128.00,0.029320
625.0700,5.9540,61.76,128.00,0.030010
625.1676,5.9540,61.76,128.00,0.029653
625.2653,5.9540,61.76,128.00,0.028927
625.3634,5.9715,62.03,128.00,0.029706
625.4625,5.9890,62.03,128.00,0.029767
625.5626,5.9890,62.03,128.00,0.029315
625.6612,5.9890,62.30,128.00,0.030135
625.7572,5.9890,62.03,128.00,0.027908
625.8537,5.9890,61.76,128.00,0.028561
625.9494,5.9890,62.30,128.00,0.028485
626.0448,5.9890,61.49,128.00,0.029177
626.1424,5.9890,61.76,128.00,0.029430
626.2385,5.9890,62.30,128.00,0.029498
626.3387,5.9905,61.76,128.00,0.029821
626.4352,5.9920,62.03,128.00,0.029294
626.5381,5.9920,61.49,128.00,0.030383
626.6344,5.9920,61.49,128.00,0.030161
626.7346,5.9920,61.49,128.00,0.029902
626.8315,5.9920,61.22,128.00,0.030524
626.9316,5.9920,61.49,128.00,0.029655
627.0296,5.9920,62.03,128.00,0.029501
627.1289,5.9920,62.03,128.00,0.029138
627.2254,5.9920,61.22,128.00,0.029504
627.3237,5.9715,62.30,128.00,0.029892
627.4218,5.9510,61.49,128.00,0.029408
627.5235,5.9510,61.76,128.50,0.029249
627.6218,5.9510,62.03,129.00,0.029543
627.7220,5.9510,62.03,129.00,0.029398
627.8184,5.9510,62.03,129.00,0.029307
627.9183,5.9510,61.76,129.00,0.029476
628.0140,5.9510,62.03,129.00,0.028885
628.1113,5.9510,62.03,129.00,0.029135
628.2089,5.9510,62.03,129.00,0.028484
628.3044,5.9510,61.76,129.00,0.028155
628.3979,5.9510,61.76,129.00,0.027770
628.4952,5.9680,61.49,129.00,0.029884
628.5943,5.9850,62.30,129.00,0.029980
628.6948,5.9850,62.30,129.00,0.030097
628.7885,5.9850,61.76,129.00,0.028260
628.8844,5.9850,61.76,129.00,0.028193
628.9791,5.9850,62.03,129.00,0.029041
629.0787,5.9850,61.49,129.00,0.029467
629.1749,5.9850,61.49,129.00,0.029089
629.2724,5.9850,62.03,129.00,0.027939
629.3682,5.9850,62.30,129.00,0.027764
629.4666,5.9580,62.03,129.00,0.030091
629.5611,5.9310,61.76,129.00,0.027810
629.6577,5.9310,61.76,129.00,0.028831
629.7534,5.9310,61.76,129.00,0.029294
629.8503,5.9310,62.03,129.00,0.028958
629.9457,5.9310,62.03,129.00,0.028730
630.0436,5.9310,61.76,129.00,0.029367
630.1420,5.9310,61.22,129.00,0.029380
630.2419,5.9310,62.03,129.00,0.029692
630.3394,5.9310,62.03,129.00,0.029687
630.4396,5.9485,61.49,129.00,0.029627
630.5390,5.9660,62.30,129.00,0.029994
630.6369,5.9660,62.03,129.00,0.027888
630.7332,5.9660,62.03,129.00,0.028401
630.8283,5.9660,62.03,129.00,0.028072
630.9269,5.9660,61.76,129.00,0.030231
631.0265,5.9660,61.76,129.00,0.029619
631.1227,5.9660,62.30,129.00,0.029823
631.2227,5.9660,61.49,129.00,0.029683
631.3160,5.9660,61.76,129.00,0.028018
631.4182,5.9470,61.76,129.00,0.030265
631.5167,5.9470,61.76,129.00,0.028884
631.6140,5.9470,62.30,129.00,0.029359
631.7130,5.9470,61.76,129.00,0.027898
631.8086,5.9470,62.30,129.00,0.028406
631.9032,5.9470,61.76,129.00,0.028663
632.0031,5.9470,62.03,129.00,0.029247
632.1008,5.9470,61.76,129.00,0.028565
632.1964,5.9470,62.03,129.00,0.028362
632.2936,5.9470,61.49,129.00,0.028852
632.3915,5.9310,62.03,129.00,0.029184
632.4901,5.9310,62.03,128.50,0.029418
632.5872,5.9310,61.76,128.00,0.029054
632.6852,5.9310,62.03,128.50,0.029356
632.7847,5.9310,61.76,128.50,0.029372
632.8825,5.9310,61.76,129.00,0.028668
632.9804,5.9310,62.30,129.00,0.029502
633.0793,5.9310,61.49,129.00,0.030275
633.1794,5.9310,61.76,129.00,0.029825
633.2756,5.9310,61.49,129.00,0.029761
633.3753,5.9310,61.76,129.00,0.030103
633.4739,5.9310,61.49,129.00,0.029871
633.5717,5.9310,61.76,129.00,0.029514
633.6686,5.9310,62.03,129.00,0.030291
633.7662,5.9310,62.03,129.00,0.029553
633.8666,5.9310,61.76,128.50,0.028947
633.9645,5.9310,61.76,128.00,0.029152
634.0600,5.9310,62.03,128.50,0.028812
634.1572,5.9310,62.03,129.00,0.029182
634.2536,5.9310,62.03,129.00,0.029373
634.3532,5.9310,62.30,129.00,0.028698
634.4501,5.9310,61.76,129.00,0.027883
634.5457,5.9310,62.03,128.50,0.028527
634.6395,5.9310,62.30,128.00,0.027877
634.7358,5.9310,61.76,128.00,0.028064
634.8328,5.9310,61.76,128.00,0.028740
634.9299,5.9310,61.76,128.00,0.029344
635.0286,5.9310,61.76,128.00,0.030076
635.1260,5.9310,61.22,128.00,0.029533
635.2223,5.9310,62.03,128.00,0.029460
635.3182,5.9310,62.03,128.00,0.028178
635.4131,5.9310,61.76,128.00,0.028844
635.5134,5.9485,62.30,128.00,0.029767
635.6112,5.9660,62.30,128.00,0.030036
635.7111,5.9660,61.76,128.00,0.029440
635.8062,5.9660,62.30,128.00,0.028969
635.9022,5.9660,61.76,128.00,0.027915
635.9962,5.9660,62.03,128.50,0.028109
636.0924,5.9660,61.49,128.50,0.028400
636.1896,5.9660,61.49,128.50,0.028434
636.2885,5.9660,61.76,128.00,0.028589
636.3852,5.9660,62.30,128.00,0.029300
636.4828,5.9660,62.03,128.00,0.029463
636.5810,5.9660,61.76,128.00,0.029174
636.6787,5.9660,61.76,128.00,0.029465
636.7746,5.9660,62.03,128.00,0.029610
636.8745,5.9660,61.76,128.00,0.029418
636.9712,5.9660,61.76,128.00,0.029948
637.0691,5.9660,62.30,128.00,0.029371
637.1659,5.9660,62.03,128.00,0.029910
637.2640,5.9660,62.03,128.00,0.029891
637.3624,5.9715,62.30,128.00,0.029337
637.4632,5.9770,61.76,128.00,0.029778
637.5616,5.9770,61.76,128.00,0.029613
637.6623,5.9770,61.49,128.00,0.031003
637.7666,5.9770,62.30,128.00,0.031001
637.8733,5.9770,62.03,128.00,0.030434
637.9737,5.9770,61.76,128.00,0.029336
638.0693,5.9770,61.76,128.00,0.028427
638.1640,5.9770,61.76,128.00,0.028486
638.2625,5.9770,62.03,128.00,0.029748
638.3639,5.9525,61.76,128.00,0.029122
638.4671,5.9280,62.30,128.00,0.030350
638.5716,5.9280,62.03,128.00,0.030337
638.6748,5.9280,61.49,128.00,0.030498
638.7783,5.9280,61.76,128.00,0.030704
638.8829,5.9280,61.76,128.00,0.030338
638.9880,5.9280,61.76,128.00,0.030292
639.0931,5.9280,61.49,128.00,0.030969
639.2001,5.9280,62.03,128.00,0.031110
639.3072,5.9280,62.03,128.00,0.030780
639.4122,5.9010,62.03,128.00,0.031168
639.5153,5.9010,62.03,128.00,0.031258
639.6204,5.9010,62.03,128.00,0.031340
639.7231,5.9010,62.03,128.00,0.031007
639.8284,5.9010,61.49,128.00,0.031307
639.9350,5.9010,62.03,128.00,0.030705
640.0368,5.9010,62.03,128.00,0.030321
640.1415,5.9010,61.22,128.00,0.031404
640.2490,5.9010,61.76,128.00,0.031754
640.3515,5.8915,61.49,128.00,0.030928
640.4559,5.8820,62.30,128.00,0.030534
640.5594,5.8820,61.49,128.00,0.030803
640.6638,5.8820,61.49,128.00,0.030555
640.7639,5.8820,61.49,128.00,0.030112
640.8600,5.8820,61.76,128.00,0.029567
640.9582,5.8820,61.76,128.00,0.029678
641.0561,5.8820,62.30,128.00,0.029780
641.1519,5.8820,61.76,128.00,0.028177
641.2483,5.8820,62.30,128.00,0.028716
641.3443,5.8820,61.76,128.00,0.028248
641.4423,5.9165,62.30,128.00,0.029660
641.5384,5.9510,62.30,128.00,0.028252
641.6345,5.9510,61.76,128.00,0.029586
641.7340,5.9510,62.30,128.00,0.029089
641.8313,5.9510,61.49,128.00,0.028594
641.9314,5.9510,62.03,128.00,0.029208
642.0280,5.9510,62.03,128.00,0.028166
642.1259,5.9510,62.03,128.00,0.028541
642.2210,5.9510,61.76,128.00,0.029067
642.3185,5.9280,62.03,128.00,0.030125
642.4150,5.9050,62.03,128.00,0.029625
642.5170,5.9050,62.03,128.00,0.030192
642.6217,5.9050,61.76,128.00,0.030745
642.7242,5.9050,61.49,128.00,0.030733
642.8277,5.9050,61.76,128.00,0.030105
642.9293,5.9050,62.03,128.00,0.030510
643.0321,5.9050,62.03,128.00,0.031148
643.1346,5.9050,61.49,128.00,0.030463
643.2389,5.9050,61.76,128.00,0.030428
643.3408,5.8990,62.03,128.00,0.030800
643.4476,5.8930,61.49,128.00,0.030831
643.5501,5.8930,62.03,128.00,0.030529
643.6521,5.8930,61.76,128.00,0.030439
643.7559,5.8930,62.03,128.00,0.030438
643.8582,5.8930,62.03,128.00,0.030083
643.9600,5.8930,62.03,128.00,0.029971
644.0648,5.8930,62.30,128.00,0.031089
644.1688,5.8930,62.30,128.00,0.030504
644.2751,5.8930,62.03,128.00,0.030166
644.3778,5.9010,61.76,127.50,0.029773
644.4825,5.9010,62.03,127.50,0.030304
644.5863,5.9010,61.49,127.00,0.029758
644.6904,5.9010,61.49,127.00,0.029732
644.7963,5.9010,62.03,127.00,0.029177
644.9008,5.9010,62.03,127.00,0.028292
644.9998,5.9010,62.03,127.00,0.028337
645.0976,5.9010,61.22,127.50,0.028558
645.1997,5.9010,61.76,127.00,0.029455
645.3036,5.9010,62.03,127.00,0.029119
645.4099,5.9090,61.49,127.00,0.029932
645.5156,5.9090,62.03,127.00,0.029322
645.6229,5.9090,61.22,127.00,0.030846
645.7288,5.9090,62.03,127.50,0.029865
645.8304,5.9090,61.49,127.50,0.029377
645.9358,5.9090,62.03,127.00,0.029472
646.0417,5.9090,62.03,127.00,0.029905
646.1420,5.9090,61.76,127.50,0.028754
646.2436,5.9090,62.03,127.00,0.029777
646.3501,5.9280,62.03,127.00,0.029833
646.4528,5.9470,61.76,127.00,0.028715
646.5491,5.9470,62.03,127.00,0.028771
646.6528,5.9470,61.76,127.00,0.030869
646.7550,5.9470,61.76,127.00,0.029019
646.8600,5.9470,62.30,127.00,0.028931
646.9639,5.9470,62.03,127.00,0.029994
647.0644,5.9470,61.76,127.00,0.028206
647.1694,5.9470,62.03,127.00,0.029779
647.2695,5.9470,61.49,127.00,0.028358
647.3700,5.9600,61.76,127.00,0.029793
647.4732,5.9730,62.03,127.00,0.028828
647.5725,5.9730,62.03,127.50,0.028355
647.6656,5.9730,62.03,128.00,0.028326
647.7610,5.9730,62.03,128.00,0.028341
647.8603,5.9730,61.76,128.00,0.029093
647.9623,5.9730,62.03,128.00,0.029658
648.0585,5.9730,61.49,128.00,0.028294
648.1541,5.9730,61.49,128.00,0.028093
648.2503,5.9730,62.03,128.00,0.028695
648.3450,5.9730,61.76,128.00,0.028212
648.4403,5.9090,61.76,128.00,0.028596
648.5393,5.9090,62.30,128.00,0.028069
648.6352,5.9090,62.03,128.00,0.029021
648.7384,5.9090,62.03,128.00,0.030806
648.8409,5.9090,62.30,128.00,0.030690
648.9452,5.9090,62.30,128.00,0.030560
649.0447,5.9090,61.76,128.00,0.029498
649.1465,5.9090,62.03,128.00,0.030224
649.2471,5.9090,61.76,128.00,0.031108
649.3477,5.9565,61.49,128.00,0.030948
649.4488,6.0040,62.30,128.00,0.030985
649.5533,6.0040,62.03,128.00,0.030900
649.6540,6.0040,61.76,128.00,0.029601
649.7556,6.0040,62.30,128.00,0.029644
649.8529,6.0040,61.49,128.00,0.027844
649.9461,6.0040,62.30,128.00,0.028313
650.0414,6.0040,62.03,128.00,0.028926
650.1391,6.0040,61.22,128.00,0.029884
650.2367,6.0040,62.03,128.00,0.030397
650.3315,5.9945,62.30,128.00,0.029275
650.4274,5.9850,61.76,128.00,0.027981
650.5203,5.9850,62.03,128.00,0.028212
650.6148,5.9850,61.76,128.00,0.028140
650.7112,5.9850,61.49,128.00,0.030210
650.8167,5.9850,62.03,128.00,0.030972
650.9177,5.9850,62.03,128.00,0.031070
651.0199,5.9850,62.03,128.00,0.030082
651.1239,5.9850,61.76,128.00,0.030801
651.2287,5.9850,62.03,128.00,0.029423
651.3280,5.9775,62.03,128.00,0.030756
651.4278,5.9700,61.76,128.00,0.029633
651.5271,5.9700,61.49,128.00,0.029453
651.6225,5.9700,62.03,128.00,0.029433
651.7202,5.9700,62.03,128.00,0.029961
651.8183,5.9700,62.03,128.00,0.030090
651.9155,5.9700,61.76,128.00,0.029593
652.0115,5.9700,62.03,128.00,0.030311
652.1109,5.9700,62.03,128.00,0.029819
652.2090,5.9700,61.76,128.00,0.030709
652.3116,5.9700,61.76,129.00,0.029227
652.4101,5.9700,61.49,129.00,0.028911
652.5113,5.9700,62.30,129.00,0.030525
652.6156,6.0120,62.30,129.00,0.031563
652.7204,6.0120,61.76,129.00,0.029403
652.8186,6.0120,61.49,129.00,0.028824
652.9131,6.0120,62.03,129.00,0.028726
653.0151,6.0120,62.30,129.00,0.030604
653.1165,6.0120,62.30,129.00,0.030621
653.2205,6.0120,61.76,129.00,0.030423
653.3241,5.9850,62.30,129.00,0.031354
653.4298,5.9580,62.03,129.00,0.030748
653.5350,5.9580,62.03,129.00,0.030539
653.6396,5.9580,61.76,129.00,0.030576
653.7384,5.9580,61.49,129.00,0.029385
653.8336,5.9580,62.30,129.00,0.029482
653.9325,5.9580,62.30,129.00,0.029208
654.0273,5.9580,61.76,129.00,0.029087
654.1267,5.9580,61.76,129.00,0.029439
654.2215,5.9580,61.76,129.00,0.029261
654.3180,5.9525,61.49,129.00,0.029050
654.4149,5.9470,62.57,129.00,0.028752
654.5112,5.9470,61.49,129.00,0.028974
654.6090,5.9470,62.03,129.00,0.029563
654.7063,5.9470,62.30,129.00,0.029447
654.8009,5.9470,62.03,129.00,0.028975
654.8972,5.9470,61.76,129.00,0.029100
654.9943,5.9470,61.76,129.00,0.029699
655.0929,5.9470,62.30,129.00,0.029454
655.1906,5.9470,62.03,129.00,0.030312
655.2875,5.9470,61.49,129.00,0.029759
655.3861,5.9810,62.30,129.00,0.030122
655.4827,5.9810,61.76,129.00,0.028975
655.5771,5.9810,62.30,129.00,0.029159
655.6753,5.9810,62.03,129.00,0.030122
655.7722,5.9810,62.03,129.00,0.029065
655.8740,5.9810,61.49,129.00,0.029379
655.9698,5.9810,62.30,129.00,0.029877
656.0651,5.9810,62.03,128.50,0.028069
656.1614,5.9810,62.30,128.00,0.028591
656.2578,5.9810,62.03,128.00,0.029251
656.3526,5.9640,61.76,128.50,0.029847
656.4503,5.9470,62.30,129.00,0.028458
656.5461,5.9470,61.76,129.00,0.028230
656.6403,5.9470,61.49,129.00,0.028349
656.7355,5.9470,62.03,129.00,0.029905
656.8351,5.9470,61.49,129.00,0.029859
656.9306,5.9470,62.30,128.50,0.029701
657.0300,5.9470,62.30,128.00,0.029835
657.1262,5.9470,62.03,128.50,0.030592
657.2236,5.9470,62.03,128.00,0.029600
657.3212,5.9470,61.76,128.50,0.029576
657.4190,5.9470,61.76,129.00,0.029635
657.5153,5.9470,62.03,129.00,0.028280
657.6103,5.9470,61.76,129.00,0.028204
657.7053,5.9470,61.49,129.00,0.028774
657.8014,5.9470,61.49,128.50,0.028773
657.8996,5.9470,62.03,128.50,0.029484
657.9987,5.9470,62.03,128.00,0.029349
658.0944,5.9470,62.30,128.00,0.030012
658.1919,5.9470,62.30,128.00,0.029927
658.2866,5.9470,62.03,128.50,0.028630
658.3824,5.9470,62.30,128.00,0.028703
658.4768,5.9470,61.76,128.00,0.029138
658.5751,5.9565,62.30,128.00,0.029605
658.6740,5.9660,61.76,128.00,0.030257
658.7694,5.9660,61.76,128.00,0.028462
658.8646,5.9660,62.30,128.00,0.027963
658.9611,5.9660,62.03,128.00,0.029002
659.0565,5.9660,62.03,128.00,0.029220
659.1530,5.9660,61.49,128.00,0.028686
659.2496,5.9660,62.30,128.00,0.029120
659.3458,5.9775,62.30,128.00,0.029229
659.4417,5.9890,62.30,128.00,0.028788
659.5390,5.9890,61.76,128.00,0.029094
659.6346,5.9890,62.30,128.00,0.029657
659.7338,5.9890,62.30,128.00,0.029324
659.8316,5.9890,62.03,128.50,0.029202
659.9289,5.9890,62.30,128.00,0.028311
660.0257,5.9890,62.03,128.00,0.029366
660.1258,5.9890,61.22,128.00,0.030295
660.2216,5.9890,62.03,128.00,0.030149
660.3228,5.9545,61.76,128.00,0.030451
660.4213,5.9200,61.76,128.00,0.029808
660.5185,5.9200,62.03,128.00,0.029638
660.6138,5.9200,62.03,128.00,0.029654
660.7114,5.9200,61.76,128.00,0.029779
660.8092,5.9200,62.30,128.00,0.029454
660.9067,5.9200,62.03,128.00,0.029999
661.0021,5.9200,61.76,128.00,0.029547
661.0996,5.9200,61.76,128.00,0.029698
661.1948,5.9200,61.76,128.00,0.029380
661.2938,5.9200,62.30,128.00,0.028984
661.3894,5.9200,62.03,128.00,0.029233
661.4860,5.9200,62.03,128.00,0.028704
661.5806,5.9200,62.03,128.00,0.028360
661.6786,5.9200,62.03,128.00,0.028925
661.7724,5.9200,62.30,128.00,0.028503
661.8703,5.9200,62.03,128.00,0.030029
661.9707,5.9200,62.03,128.00,0.030184
662.0703,5.9200,61.76,128.00,0.029861
662.1650,5.9200,61.76,128.00,0.029155
662.2608,5.9200,62.03,128.00,0.028462
662.3588,5.9200,62.30,128.00,0.030057
662.4576,5.9200,61.49,128.00,0.029289
662.5527,5.9200,61.76,128.00,0.028135
662.6493,5.9200,61.76,128.00,0.029482
662.7472,5.9545,62.03,128.00,0.030060
662.8468,5.9890,61.76,128.00,0.029118
662.9421,5.9890,61.76,128.00,0.029800
663.0389,5.9890,62.30,128.00,0.029503
663.1334,5.9890,62.03,128.00,0.028763
663.2338,5.9890,62.30,128.00,0.028741
663.3290,5.9890,62.30,128.00,0.029028
663.4264,5.9890,62.03,128.00,0.029374
663.5233,5.9890,62.03,128.00,0.029306
663.6215,5.9890,61.76,128.00,0.028963
663.7180,5.9890,62.03,128.00,0.027894
663.8125,5.9890,62.03,127.50,0.027949
663.9158,5.9890,62.30,127.00,0.031081
664.0172,5.9890,61.49,128.00,0.029885
664.1128,5.9890,61.49,128.00,0.029192
664.2176,5.9890,61.76,128.00,0.031395
664.3189,5.9890,62.03,128.00,0.030885
664.4237,5.9310,62.03,128.00,0.030591
664.5256,5.9310,62.30,128.00,0.031274
664.6281,5.9310,61.49,128.00,0.030960
664.7309,5.9310,61.76,128.00,0.030506
664.8358,5.9310,61.76,128.00,0.030797
664.9412,5.9310,62.03,128.00,0.030850
665.0456,5.9310,61.49,128.00,0.030489
665.1411,5.9310,61.76,128.00,0.028268
665.2343,5.9310,61.76,128.00,0.028479
665.3368,5.9505,61.76,128.00,0.030981
665.4349,5.9700,61.76,128.00,0.028721
665.5356,5.9700,62.30,128.00,0.030890
665.6351,5.9700,62.03,128.00,0.029843
665.7363,5.9700,62.03,128.00,0.031174
665.8379,5.9700,61.76,128.00,0.030012
665.9438,5.9700,62.30,128.00,0.031448
666.0475,5.9700,61.49,128.00,0.030846
666.1498,5.9700,61.76,128.00,0.030116
666.2516,5.9700,62.03,128.00,0.030874
666.3502,5.9335,61.49,128.00,0.028540
666.4449,5.8970,62.03,127.50,0.028783
666.5412,5.8970,62.03,127.50,0.028981
666.6407,5.8970,62.03,127.00,0.030989
666.7440,5.8970,62.03,127.00,0.030388
666.8378,5.8970,62.03,127.50,0.028083
666.9329,5.8970,62.03,127.50,0.028223
667.0266,5.8970,62.03,127.50,0.028390
667.1251,5.8970,61.49,127.00,0.029255
667.2281,5.8970,61.76,127.00,0.029249
667.3313,5.8915,62.03,127.50,0.029655
667.4340,5.8860,61.49,128.00,0.029518
667.5292,5.8860,62.03,128.00,0.028109
667.6234,5.8860,61.76,128.00,0.028812
667.7251,5.8860,62.30,128.00,0.030395
667.8274,5.8860,61.49,128.00,0.030267
667.9302,5.8860,62.03,128.00,0.029718
668.0311,5.8860,61.49,127.50,0.030214
668.1374,5.8860,61.49,127.50,0.031146
668.2440,5.8860,61.22,128.00,0.030344
668.3510,5.8820,61.76,128.00,0.030480
668.4565,5.8780,61.76,128.00,0.029686
668.5603,5.8780,61.76,128.00,0.030197
668.6633,5.8780,61.76,128.00,0.029319
668.7694,5.8780,61.76,128.00,0.030020
668.8745,5.8780,61.76,128.00,0.029852
668.9780,5.8780,61.49,128.00,0.029515
669.0831,5.8780,62.03,128.00,0.029194
669.1873,5.8780,62.03,128.00,0.030214
669.2883,5.8780,61.22,128.00,0.029435
669.3934,5.8050,62.03,128.00,0.030340
669.4950,5.8050,61.22,128.00,0.030490
669.5986,5.8050,61.49,128.00,0.030067
669.6951,5.8050,61.49,128.00,0.028133
669.7885,5.8050,61.49,128.00,0.028162
669.8892,5.8050,61.76,128.00,0.031056
669.9920,5.8050,61.49,128.00,0.029608
670.0951,5.8050,62.03,128.00,0.030035
670.1983,5.8050,62.30,128.00,0.029869
670.3022,5.8050,61.49,128.00,0.029578
670.4075,5.8780,61.49,128.00,0.029527
670.5106,5.8780,61.22,128.00,0.029816
670.6148,5.8780,62.03,128.00,0.029758
670.7158,5.8780,61.49,128.00,0.029783
670.8125,5.8780,61.49,128.00,0.028747
670.9098,5.8780,61.76,128.00,0.029238
671.0072,5.8780,62.03,128.00,0.029249
671.1061,5.8780,61.76,128.00,0.029023
671.2014,5.8780,62.03,128.00,0.029564
671.2998,5.8780,62.03,128.00,0.030867
671.4032,5.8780,62.30,128.00,0.030724
671.5062,5.8780,62.30,128.00,0.030116
671.6109,5.8780,61.49,128.00,0.031251
671.7162,5.8780,62.03,128.00,0.030927
671.8199,5.8780,62.03,128.00,0.030489
671.9231,5.8780,61.76,128.00,0.030349
672.0276,5.8780,62.30,128.00,0.029534
672.1323,5.8780,61.76,128.00,0.029039
672.2349,5.8780,61.22,128.00,0.029656
672.3398,5.8780,61.76,128.00,0.029560
672.4420,5.8780,62.03,129.00,0.028363
672.5408,5.8780,62.30,129.00,0.028307
672.6382,5.8740,61.76,129.00,0.030482
672.7414,5.8700,62.03,129.00,0.029391
672.8425,5.8700,61.49,129.00,0.029918
672.9380,5.8700,61.76,129.00,0.028676
673.0321,5.8700,61.76,129.00,0.028205
673.1367,5.8700,61.76,129.00,0.030483
673.2379,5.8700,61.76,129.00,0.030051
673.3358,5.9005,62.03,129.00,0.029751
673.4389,5.9310,62.30,129.00,0.029850
673.5347,5.9310,61.76,129.00,0.028415
673.6290,5.9310,62.30,129.00,0.028723
673.7274,5.9310,61.49,129.00,0.030383
673.8254,5.9310,61.49,129.00,0.029938
673.9232,5.9310,61.76,129.00,0.030077
674.0188,5.9310,61.49,129.00,0.029952
674.1181,5.9310,62.03,129.00,0.029409
674.2154,5.9310,62.03,129.00,0.029461
674.3147,5.9160,61.49,129.00,0.029419
674.4106,5.9010,61.76,129.00,0.029863
674.5057,5.9010,61.49,129.00,0.027622
674.6011,5.9010,62.03,129.00,0.028239
674.7005,5.9010,62.03,129.00,0.030535
674.8033,5.9010,61.76,129.00,0.029153
674.9043,5.9010,61.76,129.00,0.027728
675.0000,5.9010,61.49,129.00,0.028177
675.0960,5.9010,62.03,129.00,0.028414
675.1968,5.9010,62.03,129.00,0.030218
675.2997,5.9010,62.03,129.00,0.029815
675.4039,5.9160,62.30,129.00,0.029663
675.5070,5.9160,61.76,129.00,0.029708
675.6104,5.9160,61.76,129.00,0.029831
675.7163,5.9160,62.30,129.00,0.029814
675.8200,5.9160,61.76,129.00,0.029526
675.9203,5.9160,61.76,129.00,0.028747
676.0220,5.9160,61.76,129.00,0.029018
676.1152,5.9160,61.22,129.00,0.028042
676.2106,5.9160,61.49,129.00,0.028248
676.3046,5.9160,61.76,129.00,0.029256
676.4056,5.9160,62.30,129.00,0.029316
676.5031,5.9160,62.03,129.00,0.029865
676.6008,5.9160,61.76,129.00,0.029683
676.6986,5.9160,61.49,129.00,0.029929
676.7976,5.9160,62.03,129.00,0.029252
676.8931,5.9160,62.03,129.00,0.029737
676.9920,5.9160,61.76,129.00,0.029417
677.0913,5.9160,62.03,129.00,0.029948
677.1904,5.9160,62.03,129.00,0.029468
677.2857,5.9160,61.76,129.00,0.029454
677.3829,5.9160,62.03,129.00,0.029504
677.4773,5.9160,62.30,129.00,0.028747
677.5733,5.9160,62.30,129.00,0.028481
677.6714,5.9465,61.49,129.00,0.029753
677.7712,5.9770,62.03,129.00,0.028981
677.8661,5.9770,61.49,129.00,0.028679
677.9625,5.9770,61.76,129.00,0.028874
678.0577,5.9770,61.76,129.00,0.029462
678.1544,5.9770,62.30,129.00,0.029160
678.2501,5.9770,62.30,129.00,0.029734
678.3474,5.9865,62.03,129.00,0.030095
678.4475,5.9960,62.03,129.00,0.029269
678.5468,5.9960,61.49,129.00,0.029558
678.6428,5.9960,62.03,129.00,0.029978
678.7417,5.9960,62.30,129.00,0.028923
678.8386,5.9960,62.30,129.00,0.029269
678.9382,5.9960,62.03,129.00,0.029685
679.0343,5.9960,62.03,129.00,0.030244
679.1312,5.9960,62.30,129.00,0.029498
679.2266,5.9960,62.30,129.00,0.029542
679.3237,5.9905,62.30,129.00,0.029581
679.4214,5.9850,61.76,129.00,0.028939
679.5179,5.9850,61.49,129.00,0.028980
679.6131,5.9850,62.30,129.00,0.028944
679.7119,5.9850,62.30,129.00,0.028548
679.8074,5.9850,62.30,129.00,0.029290
679.9070,5.9850,62.03,129.00,0.029635
680.0044,5.9850,61.76,129.00,0.029126
680.1036,5.9850,62.03,129.00,0.029607
680.2019,5.9850,62.30,129.00,0.030041
680.2983,5.9850,62.03,129.00,0.029454
680.3973,5.9770,61.76,129.00,0.028287
680.4920,5.9770,62.03,129.00,0.027926
680.5874,5.9770,62.03,129.00,0.028567
680.6817,5.9770,61.49,129.00,0.027854
680.7789,5.9770,62.03,129.00,0.029978
680.8734,5.9770,62.03,129.00,0.027842
680.9667,5.9770,62.30,129.00,0.028265
681.0632,5.9770,61.76,129.00,0.029235
681.1609,5.9770,61.76,129.00,0.029367
681.2568,5.9770,62.03,129.00,0.028448
681.3537,5.9640,62.30,128.50,0.028396
681.4528,5.9510,62.03,128.50,0.028517
681.5513,5.9510,62.03,128.50,0.029160
681.6504,5.9510,61.49,128.50,0.029494
681.7461,5.9510,62.03,128.50,0.029919
681.8428,5.9510,61.76,128.00,0.028906
681.9406,5.9510,62.30,128.00,0.029764
682.0384,5.9510,61.76,128.00,0.030035
682.1338,5.9510,61.49,128.00,0.029182
682.2309,5.9510,61.49,128.50,0.029614
682.3272,5.9640,62.30,128.00,0.030676
682.4284,5.9770,62.03,128.00,0.029123
682.5232,5.9770,62.03,128.50,0.029527
682.6194,5.9770,61.76,128.00,0.028355
682.7179,5.9770,62.03,128.00,0.028707
682.8148,5.9770,62.03,128.00,0.029172
682.9108,5.9770,62.03,128.00,0.029947
683.0066,5.9770,61.76,128.00,0.028041
683.1011,5.9770,62.03,128.00,0.028544
683.1997,5.9770,62.30,128.00,0.028400
683.2936,5.9770,61.49,128.00,0.028501
683.3891,5.9770,62.30,128.00,0.028358
683.4866,5.9640,61.76,128.00,0.030076
683.5870,5.9510,61.76,128.00,0.029840
683.6823,5.9510,62.30,128.00,0.029423
683.7814,5.9510,62.03,128.00,0.029523
683.8796,5.9510,62.03,128.00,0.029830
683.9818,5.9510,61.76,128.00,0.030044
684.0794,5.9510,61.76,128.00,0.029555
684.1796,5.9510,61.76,128.00,0.029879
684.2750,5.9510,61.49,128.00,0.029384
684.3748,5.9145,62.03,128.00,0.030076
684.4739,5.8780,62.03,128.00,0.028223
684.5691,5.8780,62.03,128.00,0.028598
684.6650,5.8780,62.30,128.00,0.028488
684.7640,5.8780,61.76,128.00,0.029765
684.8601,5.8780,62.30,128.00,0.028565
684.9596,5.8780,61.49,128.00,0.029214
685.0523,5.8780,62.03,128.00,0.027865
685.1498,5.8780,61.76,128.00,0.028762
685.2445,5.8780,61.49,128.00,0.029080
685.3408,5.9370,61.49,128.00,0.028606
685.4388,5.9960,62.30,128.00,0.029075
685.5353,5.9960,61.49,128.00,0.029238
685.6314,5.9960,62.03,128.00,0.030349
685.7302,5.9960,62.30,128.00,0.029181
685.8234,5.9960,61.49,128.00,0.027582
685.9204,5.9960,61.76,128.00,0.027831
686.0173,5.9960,62.03,128.00,0.029140
686.1147,5.9960,61.76,128.00,0.029781
686.2103,5.9960,61.49,128.00,0.029310
686.3102,5.9960,62.03,128.00,0.029819
686.4064,5.9960,61.49,128.00,0.029759
686.5065,5.9960,61.22,128.00,0.030019
686.6021,5.9960,62.03,128.00,0.029753
686.7020,5.9960,61.49,128.00,0.029622
686.7983,5.9960,62.03,127.50,0.029934
686.8981,5.9960,61.76,127.00,0.029389
686.9946,5.9960,62.30,127.50,0.029668
687.0940,5.9960,61.49,127.00,0.029273
687.1887,5.9960,61.76,127.00,0.028690
687.2854,5.9960,62.30,127.00,0.028800
687.3812,5.9960,61.76,127.50,0.029764
687.4797,5.9960,61.49,127.50,0.029138
687.5774,5.9960,62.03,127.00,0.029167
687.6718,5.9960,62.30,127.00,0.027841
687.7696,5.9960,62.03,127.50,0.028258
687.8658,5.9960,62.03,127.00,0.029476
687.9637,5.9120,61.76,127.00,0.029640
688.0629,5.9120,62.30,127.00,0.029854
688.1584,5.9120,61.76,127.00,0.030056
688.2538,5.9120,62.30,127.00,0.028560
688.3471,5.9120,61.76,127.00,0.028431
688.4425,5.9635,62.03,127.00,0.028286
688.5397,6.0150,61.76,127.00,0.028946
688.6364,6.0150,62.03,127.00,0.029037
688.7345,6.0150,61.76,127.00,0.029200
688.8303,6.0150,61.76,127.00,0.028363
688.9276,6.0150,61.76,127.00,0.028894
689.0248,6.0150,61.76,127.00,0.028435
689.1189,6.0150,62.03,127.00,0.028725
689.2154,6.0150,61.49,127.00,0.029597
689.3161,5.9730,61.49,127.00,0.029896
689.4155,5.9310,61.76,127.00,0.029408
689.5117,5.9310,61.76,127.00,0.030436
689.6092,5.9310,62.30,127.00,0.028509
689.7037,5.9310,62.30,127.00,0.028594
689.8010,5.9310,62.30,127.00,0.029866
689.8957,5.9310,61.76,127.00,0.027965
689.9930,5.9310,62.30,127.00,0.028460
690.0877,5.9310,62.03,127.00,0.029739
690.1852,5.9310,62.03,127.00,0.029748
690.2808,5.9310,62.03,126.50,0.029515
690.3776,5.9430,61.76,126.00,0.028944
690.4729,5.9430,61.22,126.00,0.028998
690.5679,5.9430,61.49,126.00,0.027883
690.6643,5.9430,61.76,126.00,0.028524
690.7625,5.9430,62.03,126.00,0.029210
690.8579,5.9430,61.76,126.00,0.029731
690.9565,5.9430,61.76,126.00,0.029288
691.0537,5.9430,61.76,126.00,0.029137
691.1502,5.9430,62.03,126.00,0.029215
691.2457,5.9430,62.03,126.00,0.029761
691.3432,5.9430,62.03,126.00,0.028559
691.4392,5.9620,62.03,126.00,0.029531
691.5387,5.9810,61.76,126.00,0.029612
691.6342,5.9810,61.49,126.00,0.029387
691.7292,5.9810,62.03,126.00,0.027942
691.8225,5.9810,62.03,126.00,0.028354
691.9176,5.9810,61.76,126.00,0.028573
692.0133,5.9810,62.03,126.00,0.029142
692.1126,5.9810,61.76,126.00,0.029053
692.2121,5.9810,62.03,126.00,0.028907
692.3125,5.9810,62.30,126.00,0.028801
692.4135,5.9200,62.30,126.00,0.029628
692.5152,5.9200,62.30,126.00,0.028792
692.6169,5.9200,62.03,126.00,0.029524
692.7191,5.9200,62.03,126.00,0.028698
692.8204,5.9200,61.76,126.00,0.027987
692.9163,5.9200,62.30,126.00,0.028260
693.0168,5.9200,61.76,126.00,0.029338
693.1148,5.9200,62.03,126.00,0.028597
693.2138,5.9200,62.03,126.00,0.030253
693.3171,5.9200,61.76,126.00,0.030614
693.4114,5.9200,61.76,126.00,0.028594
693.5131,5.8630,61.76,126.00,0.028338
693.6124,5.8630,62.03,126.00,0.030487
693.7106,5.8630,62.30,126.00,0.027996
693.8073,5.8630,62.03,126.00,0.028747
693.9107,5.8630,62.03,126.00,0.031178
694.0113,5.8630,61.76,126.00,0.030399
694.1120,5.8630,62.30,126.00,0.030436
694.2113,5.8630,62.03,126.00,0.030739
694.3140,5.8630,62.30,126.00,0.029904
694.4197,5.8320,61.49,126.00,0.030365
694.5148,5.8320,61.49,126.00,0.027963
694.6107,5.8320,61.76,126.00,0.028522
694.7087,5.8320,62.03,126.00,0.029067
694.8021,5.8320,62.03,126.00,0.028796
694.8971,5.8320,62.03,126.00,0.027881
694.9941,5.8320,61.49,126.00,0.030545
695.0968,5.8320,61.49,126.00,0.027874
695.1910,5.8320,61.49,126.00,0.028490
695.2900,5.8320,62.30,126.00,0.029508
695.3934,5.8670,61.49,126.00,0.028933
695.4961,5.8670,61.49,126.00,0.029847
695.6003,5.8670,61.76,126.00,0.030039
695.7040,5.8670,61.76,126.00,0.029896
695.8101,5.8670,62.30,126.00,0.030007
695.9138,5.8670,61.76,126.00,0.029655
696.0176,5.8670,61.76,126.00,0.030054
696.1209,5.8670,61.76,126.00,0.030216
696.2251,5.8670,61.76,126.00,0.030794
696.3269,5.8555,61.76,126.00,0.030511
696.4313,5.8440,61.49,126.00,0.030499
696.5343,5.8440,61.76,126.00,0.030229
696.6373,5.8440,61.76,126.00,0.029953
696.7328,5.8440,61.49,126.00,0.029527
696.8337,5.8440,61.49,126.00,0.030454
696.9354,5.8440,61.76,126.00,0.029752
697.0386,5.8440,62.03,126.00,0.030278
697.1423,5.8440,61.49,126.00,0.030077
697.2457,5.8440,62.03,126.00,0.030195
697.3464,5.8800,62.03,126.00,0.029502
697.4484,5.9160,61.76,126.00,0.027925
697.5434,5.9160,61.76,126.00,0.029853
697.6417,5.9160,61.49,126.00,0.029462
697.7357,5.9160,62.03,126.00,0.027868
697.8312,5.9160,61.49,126.00,0.028322
697.9326,5.9160,62.03,126.00,0.029893
698.0283,5.9160,61.49,126.00,0.028569
698.1244,5.9160,61.76,126.00,0.028432
698.2241,5.9160,62.03,126.00,0.029659
698.3261,5.9160,61.76,126.00,0.029543
698.4296,5.9160,62.03,125.50,0.030993
698.5229,5.9160,61.76,126.00,0.027855
698.6260,5.9160,62.03,126.00,0.030396
698.7230,5.9160,62.03,126.00,0.030424
698.8265,5.9160,61.76,126.00,0.030937
698.9282,5.9160,61.22,126.00,0.030778
699.0313,5.9160,62.30,126.00,0.030705
699.1349,5.9160,62.03,126.00,0.031151
699.2398,5.9160,61.49,126.00,0.030601
699.3424,5.9160,61.49,125.50,0.031008
699.4431,5.9160,61.49,125.00,0.030149
699.5420,5.9810,61.49,125.50,0.030313
699.6376,5.9810,62.30,126.00,0.029658
699.7371,5.9810,61.76,126.00,0.030011
699.8352,5.9810,61.76,126.00,0.029982
699.9327,5.9810,61.76,126.00,0.029385
700.0304,5.9810,62.30,126.00,0.029709
700.1302,5.9810,62.03,125.50,0.029548
700.2279,5.9810,62.03,125.00,0.030052
700.3269,5.9485,62.03,125.50,0.030484
700.4248,5.9160,61.76,125.00,0.029796
700.5215,5.9160,61.49,125.00,0.029273
700.6169,5.9160,61.49,125.00,0.029504
700.7133,5.9160,62.03,125.00,0.028797
700.8081,5.9160,62.30,125.00,0.028324
700.9064,5.9160,61.76,125.50,0.028671
701.0014,5.9160,61.76,125.50,0.029392
701.0999,5.9160,61.49,125.50,0.029032
701.1974,5.9160,61.76,125.00,0.029241
701.2948,5.9160,61.76,125.00,0.029988
701.3908,5.9200,62.03,125.00,0.029628
701.4877,5.9200,62.30,125.00,0.029711
701.5874,5.9200,62.03,125.00,0.029328
701.6871,5.9200,61.76,125.00,0.029830
701.7845,5.9200,61.76,125.00,0.029723
701.8849,5.9200,61.76,125.00,0.029262
701.9832,5.9200,62.03,125.00,0.030124
702.0803,5.9200,61.49,125.00,0.029841
702.1768,5.9200,61.49,125.00,0.028683
702.2714,5.9200,62.03,125.00,0.028290
702.3648,5.9200,61.76,125.00,0.028429
702.4620,5.9200,62.03,125.00,0.030040
702.5575,5.9200,61.49,125.00,0.029144
702.6579,5.9200,61.49,125.00,0.028729
702.7549,5.9200,61.76,125.00,0.029097
702.8539,5.9200,61.76,125.00,0.028896
702.9487,5.9200,62.03,125.00,0.028701
703.0478,5.9200,62.30,125.00,0.029727
703.1437,5.9200,61.76,125.00,0.029824
703.2391,5.9200,61.49,125.00,0.028960
703.3351,5.9200,62.30,125.00,0.030615
703.4343,5.9200,62.30,125.00,0.029761
703.5302,5.9430,61.76,125.00,0.030055
703.6272,5.9660,61.76,125.00,0.029368
703.7232,5.9660,61.49,125.00,0.030075
703.8229,5.9660,62.03,125.00,0.029786
703.9184,5.9660,62.03,125.00,0.029943
704.0176,5.9660,61.76,125.00,0.029502
704.1128,5.9660,62.03,125.00,0.029281
704.2084,5.9660,62.03,125.00,0.028503
704.3039,5.9660,62.03,125.00,0.029368
704.4027,6.0040,62.30,125.00,0.028794
704.4997,6.0040,62.03,125.00,0.029159
704.5966,6.0040,62.03,125.00,0.028781
704.6919,6.0040,61.49,125.00,0.028934
704.7890,6.0040,62.30,125.00,0.028010
704.8829,6.0040,61.49,125.00,0.028648
704.9796,6.0040,62.03,125.00,0.029706
705.0753,6.0040,62.30,125.00,0.030410
705.1734,6.0040,61.49,125.00,0.028595
705.2687,6.0040,61.76,125.00,0.029017
705.3660,6.0040,61.76,125.00,0.029478
705.4594,6.0040,61.49,125.00,0.028432
705.5571,6.0040,62.03,125.00,0.028685
705.6513,6.0040,61.76,125.00,0.029038
705.7509,6.0040,62.03,125.00,0.029744
705.8470,6.0040,62.30,125.00,0.029769
705.9447,6.0040,62.30,125.00,0.029265
706.0428,6.0040,62.03,125.00,0.029023
706.1420,6.0040,61.76,125.00,0.028988
706.2384,6.0040,62.03,125.00,0.029645
706.3381,6.0040,61.76,125.00,0.029556
706.4376,6.0040,62.03,125.00,0.029124
706.5341,6.0040,61.49,125.00,0.028017
706.6283,6.0040,62.30,125.00,0.028733
706.7263,6.0040,61.76,125.00,0.028423
706.8241,6.0040,61.76,125.00,0.030108
706.9256,6.0040,62.03,125.00,0.029764
707.0266,6.0040,62.03,125.00,0.030204
707.1236,6.0040,61.76,125.00,0.029351
707.2217,6.0040,61.49,125.00,0.029684
707.3198,6.0040,62.30,125.00,0.029858
707.4179,6.0040,62.03,125.00,0.030149
707.5153,6.0040,61.49,125.00,0.029586
707.6142,6.0040,61.76,125.00,0.030157
707.7143,6.0040,61.76,125.00,0.029895
707.8106,6.0040,61.76,125.00,0.029777
707.9106,6.0040,61.22,125.00,0.030135
708.0048,6.0040,62.03,125.00,0.028169
708.1005,6.0040,61.49,125.00,0.028336
708.1971,6.0040,61.76,125.00,0.028668
708.2941,6.0040,61.49,125.00,0.029180
708.3904,5.9905,62.30,125.00,0.029136
708.4894,5.9770,62.30,125.00,0.028611
708.5846,5.9770,62.30,125.00,0.029023
708.6823,5.9770,61.76,125.00,0.030008
708.7779,5.9770,61.76,125.00,0.029136
708.8751,5.9770,61.76,125.00,0.029395
708.9737,5.9770,61.76,125.00,0.029444
709.0736,5.9770,62.03,125.00,0.030111
709.1699,5.9770,62.03,125.00,0.030154
709.2700,5.9770,62.03,125.00,0.030178
709.3682,5.9580,61.49,125.00,0.029776
709.4683,5.9390,62.03,125.00,0.029620
709.5666,5.9390,61.76,125.00,0.030124
709.6672,5.9390,62.03,125.00,0.030325
709.7653,5.9390,62.30,125.00,0.029781
709.8610,5.9390,61.76,125.00,0.028415
709.9557,5.9390,62.03,125.00,0.028856
710.0560,5.9390,62.03,125.00,0.028936
710.1537,5.9390,62.03,125.00,0.029507
710.2503,5.9390,62.03,125.00,0.028544
710.3444,5.9390,62.30,125.00,0.028672
710.4424,5.9390,62.03,125.00,0.028534
710.5376,5.9390,61.49,125.00,0.028651
710.6343,5.9390,61.49,125.00,0.029084
710.7300,5.9390,62.03,125.00,0.029592
710.8267,5.9390,62.30,125.00,0.029586
710.9227,5.9390,61.76,125.00,0.029526
711.0221,5.9390,62.30,125.00,0.029663
711.1185,5.9390,62.30,125.00,0.028501
711.2124,5.9390,62.03,125.00,0.027704
711.3101,5.9390,62.03,125.00,0.030215
711.4070,5.9390,62.30,125.00,0.029572
711.5035,5.9390,62.03,125.00,0.028479
711.5987,5.9390,61.76,125.00,0.028513
711.6928,5.9390,61.76,125.00,0.029005
711.7930,5.9310,61.49,125.00,0.029095
711.8892,5.9310,61.49,125.00,0.028450
711.9845,5.9310,61.76,125.00,0.028561
712.0777,5.9310,61.49,125.00,0.028012
712.1743,5.9310,62.03,125.00,0.029137
712.2715,5.9310,61.76,125.00,0.028433
712.3708,5.9310,62.03,125.00,0.028857
712.4691,5.9310,61.22,125.00,0.029580
712.5645,5.9310,62.30,125.00,0.027740
712.6603,5.9310,62.30,125.00,0.028464
712.7574,5.9310,62.30,125.00,0.028527
712.8552,5.9310,61.76,125.00,0.029855
712.9536,5.9310,62.03,125.00,0.028845
713.0459,5.9310,61.76,125.00,0.027785
713.1412,5.9310,61.76,125.00,0.028063
713.2390,5.9310,61.49,125.00,0.030219
713.3391,5.9310,62.03,125.00,0.030508
713.4369,5.9310,61.76,125.00,0.029624
713.5369,5.9485,61.49,125.00,0.030133
713.6344,5.9660,62.03,125.00,0.029956
713.7349,5.9660,61.76,125.00,0.030025
713.8299,5.9660,62.03,125.00,0.028974
713.9299,5.9660,62.03,125.00,0.029529
714.0299,5.9660,61.76,125.00,0.029286
714.1271,5.9660,62.03,125.00,0.029189
714.2253,5.9660,61.76,125.00,0.028951
714.3225,5.9830,61.76,125.00,0.029478
714.4204,6.0000,62.03,125.00,0.028821
714.5196,6.0000,61.76,125.00,0.029130
714.6204,6.0000,62.30,125.00,0.029958
714.7180,6.0000,62.03,125.00,0.029544
714.8182,6.0000,62.30,125.00,0.029744
714.9160,6.0000,62.03,125.00,0.030016
715.0145,6.0000,62.03,125.00,0.030182
715.1142,6.0000,61.76,125.00,0.029656
715.2109,6.0000,61.76,125.00,0.030197
715.3092,6.0000,61.76,125.00,0.028611
715.4058,5.9010,62.03,125.00,0.029799
715.5031,5.9010,61.49,125.00,0.029527
715.5991,5.9010,62.03,125.00,0.029326
715.6992,5.9010,61.76,125.00,0.029976
715.7956,5.9010,62.03,125.00,0.029921
715.8977,5.9010,62.03,125.00,0.030133
715.9934,5.9010,62.03,125.00,0.029639
716.0894,5.9010,62.03,125.00,0.028242
716.1852,5.9010,62.03,125.00,0.028165
716.2816,5.9010,61.49,125.00,0.029243
716.3779,5.9540,62.30,125.00,0.029385
716.4750,5.9540,62.30,125.00,0.028866
716.5731,5.9540,61.22,125.00,0.029337
716.6705,5.9540,62.03,125.00,0.029613
716.7665,5.9540,62.30,125.00,0.029765
716.8636,5.9540,62.03,125.00,0.029307
716.9580,5.9540,62.03,125.00,0.028978
717.0531,5.9540,62.03,125.00,0.028247
717.1493,5.9540,61.49,125.00,0.029922
717.2508,5.9540,62.30,125.00,0.029515
717.3498,5.9655,62.30,125.00,0.030715
717.4496,5.9770,61.76,125.00,0.029447
717.5447,5.9770,62.03,125.00,0.029128
717.6411,5.9770,61.76,125.00,0.029182
717.7374,5.9770,62.03,125.00,0.028446
717.8353,5.9770,61.76,125.00,0.030028
717.9313,5.9770,62.03,125.00,0.029846
718.0312,5.9770,62.03,125.00,0.029615
718.1270,5.9770,62.03,125.00,0.029516
718.2269,5.9770,62.30,125.00,0.029476
718.3235,5.9580,61.76,125.00,0.030161
718.4233,5.9390,61.76,125.00,0.029176
718.5212,5.9390,61.49,125.00,0.029407
718.6191,5.9390,61.49,125.00,0.029320
718.7145,5.9390,61.49,125.00,0.029585
718.8116,5.9390,62.30,125.00,0.029961
718.9054,5.9390,62.03,125.00,0.028172
718.9998,5.9390,61.49,125.00,0.027984
719.0935,5.9390,61.76,125.00,0.028726
719.1903,5.9390,62.03,125.00,0.029826
719.2841,5.9390,62.03,125.00,0.028127
719.3806,5.9390,62.30,125.00,0.027995
719.4741,5.9390,61.76,125.00,0.028429
719.5711,5.9655,61.22,125.00,0.028996
719.6688,5.9920,61.49,125.00,0.029237
719.7653,5.9920,61.76,125.00,0.028636
719.8616,5.9920,62.03,125.00,0.028015
719.9606,5.9920,62.03,125.00,0.029023
720.0576,5.9920,62.03,125.00,0.028953
720.1538,5.9920,61.76,125.00,0.028645
720.2519,5.9920,61.76,125.00,0.029831
720.3489,5.9790,62.30,125.00,0.029325
720.4470,5.9660,62.30,125.00,0.029844
720.5463,5.9660,62.03,125.00,0.029750
720.6441,5.9660,61.76,125.00,0.029971
720.7413,5.9660,61.76,125.00,0.029827
720.8352,5.9660,62.03,125.00,0.029061
720.9300,5.9660,62.30,125.00,0.028282
721.0247,5.9660,61.76,125.00,0.029335
721.1222,5.9660,61.76,125.00,0.029857
721.2195,5.9660,61.76,125.00,0.029342
721.3170,5.9660,62.03,125.00,0.027728
721.4105,5.9660,62.03,125.00,0.028131
721.5081,5.9660,62.03,125.00,0.028101
721.6051,5.9660,61.49,125.00,0.028769
721.7046,5.9660,62.03,125.00,0.029032
721.8026,5.9660,62.30,125.00,0.029917
721.9014,5.9660,61.49,125.00,0.028942
721.9967,5.9660,61.49,125.00,0.028905
722.0936,5.9660,62.30,125.00,0.029466
722.1891,5.9660,62.03,125.00,0.029407
722.2871,5.9660,62.03,125.00,0.030521
722.3838,5.9660,62.03,125.00,0.030491
722.4874,5.9660,61.76,125.00,0.030611
722.5912,5.9660,62.03,125.00,0.031202
722.6983,5.9735,61.76,123.00,0.031160
722.8013,5.9810,62.30,121.00,0.030166
722.8976,5.9810,61.76,121.00,0.029070
722.9938,5.9810,61.49,121.00,0.028673
723.0939,5.9810,62.03,121.00,0.030296
723.1955,5.9810,62.03,121.50,0.030578
723.2990,5.9810,62.30,122.00,0.030486
723.4029,5.9810,61.76,122.00,0.031371
723.5060,5.9810,61.76,122.00,0.030612
723.6120,5.9810,61.49,122.00,0.030992
723.7164,5.9810,61.49,122.00,0.031191
723.8231,5.9810,61.49,122.00,0.031718
723.9282,5.9810,61.76,122.00,0.030563
724.0317,5.9810,62.03,122.00,0.029820
724.1345,5.9810,61.22,122.00,0.030889
724.2398,5.9810,61.49,122.00,0.030553
724.3434,5.9810,61.76,122.00,0.030710
724.4478,5.9810,61.76,122.00,0.029762
724.5492,5.9810,61.76,122.00,0.030568
724.6513,5.9810,61.76,122.00,0.030590
724.7546,5.7480,62.03,122.00,0.030450
724.8586,5.7480,61.76,122.00,0.030565
724.9639,5.7480,62.30,122.00,0.030008
725.0681,5.7480,62.03,122.00,0.030195
725.1712,5.7480,61.76,122.00,0.029207
725.2671,5.7480,61.76,122.00,0.028377
725.3652,5.7480,61.49,122.00,0.029456
725.4710,5.8360,62.03,122.00,0.030441
725.5778,5.8360,62.03,122.00,0.031060
725.6808,5.8360,61.76,122.00,0.029952
725.7789,5.8360,61.49,122.00,0.029506
725.8749,5.8360,61.76,122.00,0.029607
725.9733,5.8360,61.49,122.00,0.029824
726.0713,5.8360,61.76,123.00,0.029558
726.1720,5.8360,62.03,123.00,0.029890
726.2742,5.8360,61.76,123.00,0.029514
726.3704,5.8915,61.76,123.00,0.029924
726.4708,5.9470,62.03,123.00,0.030030
726.5696,5.9470,61.76,123.00,0.029843
726.6679,5.9470,62.03,123.00,0.029902
726.7649,5.9470,61.76,123.00,0.028968
726.8610,5.9470,62.03,123.00,0.028696
726.9614,5.9470,61.76,123.00,0.030137
727.0615,5.9470,61.76,123.00,0.030103
727.1561,5.9470,61.22,123.00,0.028793
727.2521,5.9470,61.76,123.00,0.028875
727.3491,5.9600,62.03,123.00,0.029042
727.4465,5.9730,62.03,123.00,0.029423
727.5419,5.9730,62.03,123.00,0.029172
727.6380,5.9730,62.03,123.00,0.028800
727.7369,5.9730,61.76,123.00,0.028590
727.8337,5.9730,61.49,123.00,0.028991
727.9333,5.9730,61.76,123.00,0.029514
728.0299,5.9730,61.49,123.00,0.029357
728.1236,5.9730,61.49,123.00,0.028104
728.2179,5.9730,62.30,123.00,0.028023
728.3153,5.9730,62.30,123.00,0.030236
728.4131,5.9850,61.76,123.00,0.030047
728.5065,5.9850,62.03,123.00,0.028146
728.6053,5.9850,62.03,123.00,0.029867
728.6999,5.9850,62.03,123.00,0.028992
728.7961,5.9850,62.30,123.00,0.027939
728.8889,5.9850,61.76,123.00,0.027961
728.9878,5.9850,62.30,123.00,0.029542
729.0838,5.9850,62.30,123.00,0.028382
729.1804,5.9850,61.76,124.00,0.028094
729.2765,5.9850,62.03,124.00,0.028708
729.3767,5.9695,62.03,124.00,0.028600
729.4726,5.9540,62.30,124.00,0.029354
729.5738,5.9540,61.76,124.00,0.029383
729.6696,5.9540,61.76,124.00,0.029459
729.7659,5.9540,61.76,124.00,0.029243
729.8588,5.9540,62.30,124.00,0.028127
729.9535,5.9540,62.30,124.00,0.028016
730.0469,5.9540,61.76,124.00,0.028716
730.1413,5.9540,62.03,124.00,0.028110
730.2397,5.9540,62.30,124.00,0.030555
730.3390,5.9580,61.76,124.00,0.029713
730.4350,5.9620,62.30,124.00,0.029796
730.5341,5.9620,62.03,124.00,0.029248
730.6290,5.9620,61.76,124.00,0.029033
730.7253,5.9620,61.76,124.00,0.028993
730.8225,5.9620,62.30,124.00,0.029363
730.9186,5.9620,61.76,124.00,0.028719
731.0137,5.9620,62.30,124.00,0.028577
731.1103,5.9620,61.76,124.00,0.029232
731.2037,5.9620,61.76,124.00,0.028720
731.3006,5.9620,62.03,124.00,0.028156
731.4010,5.9770,62.03,124.00,0.029867
731.4962,5.9920,62.03,124.00,0.027937
731.5895,5.9920,61.76,124.00,0.028349
731.6841,5.9920,61.76,124.00,0.028099
731.7797,5.9920,61.76,124.00,0.029652
731.8781,5.9920,61.76,124.00,0.029276
731.9741,5.9920,62.30,124.00,0.029826
732.0733,5.9920,62.30,124.00,0.029722
732.1689,5.9920,61.76,124.00,0.029730
732.2656,5.9920,62.03,124.00,0.029492
732.3605,5.9675,61.76,124.00,0.028938
732.4572,5.9430,62.03,124.00,0.028758
732.5536,5.9430,62.03,124.00,0.027996
732.6481,5.9430,61.76,124.00,0.028154
732.7436,5.9430,62.30,124.00,0.028288
732.8422,5.9430,62.03,124.00,0.029432
732.9353,5.9430,62.30,125.00,0.027781
733.0307,5.9430,61.76,125.00,0.028584
733.1252,5.9430,62.03,125.00,0.028960
733.2199,5.9430,62.30,125.00,0.027976
733.3172,5.9430,61.76,125.00,0.028064
733.4126,5.9430,62.03,125.00,0.028826
733.5087,5.9580,62.30,125.00,0.027687
733.6051,5.9580,61.76,125.00,0.028215
733.7010,5.9580,61.76,125.00,0.028415
733.7994,5.9580,61.49,125.00,0.028908
733.8972,5.9580,61.49,125.00,0.029265
733.9933,5.9580,61.76,125.00,0.028962
734.0900,5.9580,61.22,125.00,0.028705
734.1886,5.9580,62.03,125.00,0.028629
734.2866,5.9580,61.49,125.00,0.029326
734.3874,5.9280,61.76,125.00,0.028533
734.4861,5.9280,61.49,125.00,0.030057
734.5850,5.9280,61.76,125.00,0.029006
734.6828,5.9280,62.03,125.00,0.029386
734.7826,5.9280,61.76,125.00,0.030010
734.8798,5.9280,61.49,125.00,0.029403
734.9793,5.9280,61.76,125.00,0.027832
735.0732,5.9280,62.03,125.00,0.028090
735.1698,5.9280,62.03,125.00,0.029454
735.2656,5.9280,61.76,125.00,0.029670
735.3637,5.9410,61.49,125.00,0.029954
735.4595,5.9540,62.30,125.00,0.029553
735.5592,5.9540,62.03,125.00,0.029361
735.6556,5.9540,62.03,125.00,0.027746
735.7527,5.9540,61.76,125.00,0.028086
735.8500,5.9540,62.30,125.00,0.029301
735.9470,5.9540,62.30,125.00,0.029089
736.0423,5.9540,62.30,125.50,0.029159
736.1381,5.9540,62.03,125.50,0.028161
736.2314,5.9540,62.30,125.50,0.028177
736.3266,5.9540,61.76,125.00,0.028132
736.4220,5.9750,62.03,125.50,0.029482
736.5219,5.9960,61.76,125.00,0.029871
736.6173,5.9960,62.30,125.00,0.029627
736.7149,5.9960,61.76,125.00,0.029824
736.8105,5.9960,61.76,125.00,0.029709
736.9051,5.9960,62.03,125.00,0.028172
736.9990,5.9960,61.76,125.00,0.028929
737.0957,5.9960,62.30,125.00,0.029572
737.1937,5.9960,61.76,125.00,0.029947
737.2890,5.9960,62.30,125.00,0.027845
737.3819,5.9960,62.03,125.00,0.028171
737.4764,5.9960,61.76,125.00,0.028184
737.5722,5.9810,62.03,125.00,0.027804
737.6680,5.9660,62.30,125.00,0.028182
737.7650,5.9660,61.76,125.00,0.027895
737.8612,5.9660,61.76,125.00,0.029550
737.9586,5.9660,62.30,125.00,0.029336
738.0559,5.9660,62.30,125.00,0.029833
738.1546,5.9660,61.76,125.00,0.028268
738.2494,5.9660,62.03,125.00,0.028306
738.3466,5.9585,62.03,125.00,0.030204
738.4466,5.9510,61.76,125.00,0.029681
738.5421,5.9510,61.76,125.00,0.029928
738.6387,5.9510,62.03,125.00,0.029511
738.7341,5.9510,62.30,125.00,0.029419
738.8310,5.9510,62.03,125.50,0.029459
738.9269,5.9510,62.03,125.00,0.028098
739.0214,5.9510,62.03,125.00,0.028077
739.1168,5.9510,62.03,125.50,0.028299
739.2132,5.9510,61.49,125.00,0.028967
739.3129,5.9510,62.30,125.00,0.028359
739.4121,5.9510,62.03,125.00,0.028661
739.5087,5.9510,61.76,125.00,0.029375
739.6073,5.9510,61.76,125.00,0.030591
739.7033,5.9510,62.03,125.00,0.029651
739.8036,5.9510,62.03,125.00,0.029770
739.9016,5.9510,62.30,125.00,0.029466
739.9997,5.9510,61.49,125.00,0.029997
740.1000,5.9510,61.76,125.00,0.029304
740.2016,5.9510,61.76,125.00,0.029780
740.2962,5.9510,62.30,125.00,0.028531
740.3938,5.9510,62.03,125.00,0.028497
740.4896,5.9510,62.03,125.00,0.029911
740.5878,5.9510,62.03,125.00,0.030111
740.6862,5.9510,61.76,125.00,0.028909
740.7819,5.9510,62.03,125.00,0.028584
740.8822,5.9960,62.03,125.00,0.029418
740.9798,5.9960,62.03,125.00,0.029572
741.0756,5.9960,62.30,125.00,0.028355
741.1738,5.9960,62.03,125.50,0.028907
741.2722,5.9960,62.03,125.50,0.030172
741.3699,5.9735,62.03,125.00,0.029460
741.4662,5.9510,62.03,125.50,0.029390
741.5633,5.9510,62.03,125.00,0.028855
741.6628,5.9510,62.03,125.00,0.029964
741.7652,5.9510,62.03,125.00,0.028392
741.8613,5.9510,62.30,125.00,0.029491
741.9620,5.9510,62.03,125.50,0.029606
742.0554,5.9510,62.30,125.00,0.027894
742.1513,5.9510,61.49,125.00,0.028319
742.2470,5.9510,62.30,125.00,0.030176
742.3480,5.9585,61.49,125.00,0.030686
742.4472,5.9660,62.03,125.00,0.030339
742.5480,5.9660,61.49,125.00,0.030121
742.6460,5.9660,62.03,125.00,0.029891
742.7439,5.9660,61.76,125.00,0.029697
742.8428,5.9660,62.30,125.00,0.030180
742.9430,5.9660,62.30,125.00,0.030251
743.0411,5.9660,62.30,125.00,0.030275
743.1393,5.9660,62.03,125.00,0.029736
743.2379,5.9660,62.30,125.00,0.030358
743.3380,5.9755,62.30,125.00,0.029602
743.4317,5.9850,62.03,125.00,0.027728
743.5288,5.9850,61.76,125.00,0.028177
743.6236,5.9850,62.30,125.00,0.027919
743.7233,5.9850,62.30,125.00,0.029210
743.8203,5.9850,61.76,125.00,0.028657
743.9213,5.9850,61.76,126.00,0.028822
744.0171,5.9850,61.49,126.00,0.029362
744.1124,5.9850,61.49,126.00,0.027846
744.2056,5.9850,62.30,125.50,0.028196
744.3022,5.9850,62.03,125.00,0.029158
744.3980,5.9850,62.30,125.00,0.030344
744.4954,5.9850,62.30,125.00,0.029392
744.5910,5.9850,61.76,125.00,0.029954
744.6883,5.9850,61.76,125.00,0.027730
744.7837,5.9850,62.30,125.00,0.028120
744.8815,5.9850,61.76,125.00,0.028397
744.9750,5.9850,61.76,125.00,0.027972
745.0713,5.9850,61.76,125.00,0.028744
745.1664,5.9850,62.03,125.00,0.029362
745.2638,5.9850,62.03,125.00,0.028849
745.3618,5.9850,62.03,125.00,0.029089
745.4614,5.9850,62.03,125.00,0.029111
745.5618,5.9850,61.49,125.00,0.029285
745.6619,5.9850,62.03,125.00,0.029114
745.7584,5.9850,61.76,125.00,0.029639
745.8612,5.9810,61.22,125.00,0.028837
745.9592,5.9810,61.76,125.00,0.028677
746.0595,5.9810,62.30,125.50,0.029278
746.1599,5.9810,62.30,125.50,0.029655
746.2621,5.9810,61.49,125.00,0.029293
746.3594,5.9560,61.49,126.00,0.029963
746.4589,5.9310,61.49,126.00,0.029822
746.5574,5.9310,61.49,126.00,0.030111
746.6577,5.9310,62.30,126.00,0.030279
746.7561,5.9310,61.49,125.50,0.030002
746.8540,5.9310,61.76,125.00,0.030342
746.9496,5.9310,61.76,125.50,0.029566
747.0470,5.9310,61.49,125.00,0.029660
747.1433,5.9310,61.76,125.00,0.030125
747.2423,5.9310,62.03,125.00,0.029496
747.3386,5.9540,62.03,125.00,0.030136
747.4385,5.9770,61.76,125.00,0.029696
747.5341,5.9770,61.49,125.00,0.029564
747.6316,5.9770,62.03,125.00,0.029659
747.7284,5.9770,61.76,125.00,0.028665
747.8258,5.9770,61.76,125.00,0.029092
747.9211,5.9770,62.03,125.00,0.028531
748.0178,5.9770,62.30,125.00,0.028590
748.1133,5.9770,61.22,125.00,0.028982
748.2131,5.9770,62.03,125.00,0.029660
748.3085,5.9770,61.76,125.00,0.027971
748.4060,5.9770,61.49,125.00,0.028591
748.5010,5.9770,61.49,125.00,0.029371
748.6022,5.9700,61.49,125.00,0.030532
748.6988,5.9700,62.03,125.50,0.030446
748.7962,5.9700,62.30,126.00,0.029858
748.8919,5.9700,61.76,126.00,0.029992
748.9892,5.9700,62.30,126.00,0.029633
749.0872,5.9700,62.30,126.00,0.030795
749.1911,5.9700,62.03,126.00,0.030507
749.2918,5.9700,61.76,126.00,0.031222
749.3944,5.9620,62.03,125.00,0.031549
749.4952,5.9620,62.30,125.00,0.030844
749.5993,5.9620,62.03,125.00,0.031637
749.6986,5.9620,61.49,125.50,0.030202
749.7939,5.9620,62.03,125.00,0.028227
749.8879,5.9620,61.76,125.00,0.028211
749.9862,5.9620,62.03,125.00,0.028567
750.0830,5.9620,61.22,125.00,0.029127
750.1814,5.9620,62.30,125.00,0.028778
750.2790,5.9620,62.30,125.00,0.029451
750.3755,5.9830,62.03,125.00,0.029243
750.4751,6.0040,62.30,125.50,0.028501
750.5718,6.0040,61.76,125.00,0.028979
750.6738,6.0040,61.76,125.00,0.029981
750.7756,6.0040,61.76,125.00,0.028893
750.8697,6.0040,61.76,125.50,0.028427
750.9652,6.0040,62.03,126.00,0.028381
751.0648,6.0040,62.03,125.50,0.030699
751.1660,6.0040,62.30,125.00,0.030700
751.2666,6.0040,61.76,125.00,0.031142
751.3701,5.9850,62.03,125.00,0.030847
751.4734,5.9660,62.03,125.00,0.030652
751.5793,5.9660,62.03,125.50,0.030929
751.6839,5.9660,62.03,125.00,0.030684
751.7874,5.9660,62.03,125.00,0.030901
751.8923,5.9660,62.30,125.00,0.031074
751.9977,5.9660,62.03,125.00,0.030143
752.1025,5.9660,62.03,125.00,0.030421
752.2051,5.9660,62.03,125.00,0.028185
752.3012,5.9660,61.76,125.00,0.028121
752.3979,5.9660,61.49,125.00,0.028666
752.4998,5.9220,62.03,125.00,0.030881
752.6035,5.8780,62.03,125.00,0.031068
752.7092,5.8780,62.03,125.00,0.031149
752.8124,5.8780,62.03,125.00,0.030144
752.9182,5.8780,62.03,125.00,0.031034
753.0233,5.8780,61.49,125.00,0.029966
753.1284,5.8780,62.03,125.50,0.030250
753.2294,5.8780,62.03,125.50,0.029826
753.3352,5.8800,61.76,125.50,0.030830
753.4363,5.8820,61.49,126.00,0.030260
753.5374,5.8820,61.76,126.00,0.028001
753.6339,5.8820,61.76,126.00,0.028965
753.7300,5.8820,62.03,126.00,0.028412
753.8311,5.8820,61.76,126.00,0.030761
753.9349,5.8820,62.30,125.50,0.030956
754.0409,5.8820,61.76,125.50,0.030985
754.1454,5.8820,62.03,125.00,0.029621
754.2469,5.8820,61.22,125.00,0.030841
754.3501,5.8855,62.03,125.00,0.030486
754.4501,5.8890,61.76,125.00,0.028300
754.5448,5.8890,61.49,125.00,0.028628
754.6421,5.8890,61.76,125.00,0.029823
754.7431,5.8890,61.76,125.00,0.031102
754.8472,5.8890,61.76,125.00,0.031059
754.9526,5.8890,61.76,125.00,0.030256
755.0570,5.8890,61.76,125.00,0.030506
755.1605,5.8890,61.49,125.00,0.030745
755.2626,5.8890,61.49,125.00,0.029817
755.3598,5.8780,62.03,125.00,0.029657
755.4559,5.8670,62.03,125.00,0.029908
755.5556,5.8670,62.03,125.00,0.029886
755.6516,5.8670,62.03,125.00,0.030331
755.7526,5.8670,62.30,125.00,0.029446
755.8503,5.8670,61.49,125.00,0.029526
755.9481,5.8670,61.76,125.00,0.030214
756.0439,5.8670,61.49,125.50,0.029555
756.1413,5.8670,61.76,125.50,0.030348
756.2367,5.8670,61.49,125.00,0.029487
756.3343,5.9355,62.03,125.00,0.029688
756.4281,6.0040,62.30,125.00,0.027858
756.5251,6.0040,62.03,125.00,0.028498
756.6197,6.0040,62.03,125.00,0.028815
756.7186,6.0040,62.03,125.00,0.029015
756.8156,6.0040,61.76,125.00,0.028889
756.9164,6.0040,62.03,125.00,0.028998
757.0135,6.0040,62.30,125.00,0.029097
757.1110,6.0040,61.49,125.00,0.029558
757.2083,6.0040,62.30,125.00,0.029579
757.3059,6.0040,61.76,125.00,0.029936
757.4058,5.9580,62.03,125.00,0.029224
757.5035,5.9580,61.76,125.00,0.029950
757.5992,5.9580,62.03,125.00,0.029612
757.6971,5.9580,61.76,125.00,0.027597
757.7931,5.9580,61.76,125.00,0.028143
757.8881,5.9580,62.03,125.00,0.028444
757.9865,5.9580,61.49,125.00,0.029604
758.0866,5.9580,62.03,125.00,0.030203
758.1823,5.9580,62.30,125.00,0.029552
758.2821,5.9580,61.76,125.00,0.029221
758.3789,5.9445,61.49,125.00,0.029375
758.4788,5.9310,61.76,125.00,0.029498
758.5773,5.9310,62.03,125.50,0.029189
758.6750,5.9310,62.03,125.00,0.029008
758.7751,5.9310,61.76,125.00,0.028760
758.8754,5.9310,62.30,125.00,0.029473
758.9731,5.9310,61.76,125.00,0.028957
759.0701,5.9310,61.76,125.00,0.028734
759.1682,5.9310,61.49,125.00,0.029131
759.2675,5.9310,61.76,125.00,0.029261
759.3629,5.9655,62.03,125.00,0.029942
759.4611,6.0000,62.30,125.00,0.029420
759.5601,6.0000,62.03,125.00,0.030303
759.6599,6.0000,61.49,125.00,0.029821
759.7557,6.0000,61.76,125.00,0.029605
759.8554,6.0000,61.76,125.00,0.029620
759.9512,6.0000,61.22,125.00,0.029925
760.0509,6.0000,62.03,125.00,0.028920
760.1475,6.0000,61.76,125.00,0.030232
760.2486,6.0000,61.76,125.00,0.031149
760.3465,6.0000,62.03,125.00,0.030110
760.4463,6.0000,61.76,125.00,0.029746
760.5425,6.0000,61.76,125.50,0.029926
760.6388,6.0000,62.03,125.00,0.028097
760.7325,6.0000,62.03,125.00,0.028306
760.8337,6.0000,62.03,125.00,0.029564
760.9320,6.0000,61.76,125.00,0.029200
761.0340,6.0000,62.30,125.00,0.029553
761.1299,6.0000,62.30,125.50,0.029069
761.2268,6.0000,61.76,125.50,0.028490
761.3226,6.0000,62.03,125.00,0.029169
761.4196,6.0000,62.03,125.50,0.028396
761.5188,5.9730,62.30,125.00,0.029810
761.6318,5.9730,62.30,125.00,0.030838
761.7328,5.9730,61.49,125.00,0.029047
761.8302,5.9730,62.03,125.00,0.029586
761.9261,5.9730,62.03,125.00,0.029640
762.0262,5.9730,62.30,125.00,0.030158
762.1228,5.9730,62.30,125.00,0.030354
762.2183,5.9730,61.76,125.50,0.028350
762.3121,5.9730,62.30,125.00,0.028207
762.4077,5.9730,62.30,125.00,0.028257
762.5010,5.9730,62.03,125.00,0.028453
762.5976,5.9730,62.30,125.00,0.029650
762.6929,5.9730,62.03,125.00,0.029464
762.7915,5.9730,62.03,125.00,0.030727
762.8875,5.9730,62.03,125.00,0.027947
762.9854,5.9730,62.03,125.50,0.028897
763.0831,5.9730,62.03,125.00,0.030091
763.1813,5.9730,61.49,125.00,0.028455
763.2760,5.9730,61.76,125.00,0.028983
763.3747,5.9730,61.76,125.00,0.029067
763.4757,5.9730,62.30,125.00,0.029501
763.5822,5.9445,61.76,125.50,0.030831
763.6823,5.9160,62.30,126.00,0.029618
763.7869,5.9160,62.03,126.00,0.029116
763.8891,5.9160,62.03,126.00,0.029341
763.9939,5.9160,61.76,126.00,0.029369
764.0963,5.9160,61.49,126.00,0.028965
764.2012,5.9160,61.49,126.00,0.029613
764.3052,5.9160,61.76,126.00,0.029344
764.4107,5.8020,61.76,126.00,0.029850
764.5147,5.8020,61.76,126.00,0.029674
764.6165,5.8020,61.49,126.00,0.029261
764.7172,5.8020,62.03,126.00,0.029191
764.8212,5.8020,61.76,126.00,0.029316
764.9206,5.8020,62.03,126.00,0.029670
765.0232,5.8020,61.49,126.00,0.029785
765.1238,5.8020,61.76,126.00,0.028551
765.2176,5.8020,62.03,126.00,0.028700
765.3147,5.8020,61.76,126.00,0.029543
765.4194,6.0120,61.49,126.00,0.028974
765.5139,6.0120,62.30,126.50,0.028221
765.6092,6.0120,62.03,127.00,0.028119
765.7085,6.0120,62.03,127.00,0.030781
765.8101,6.0120,61.76,127.00,0.030634
765.9148,6.0120,61.76,127.00,0.030747
766.0162,6.0120,62.03,127.00,0.031232
766.1191,6.0120,62.03,127.00,0.030590
766.2147,6.0120,61.76,127.00,0.028790
766.3117,6.0120,61.49,127.00,0.029140
766.4144,5.9815,62.03,127.00,0.030602
766.5158,5.9510,61.49,127.00,0.031370
766.6161,5.9510,62.30,127.00,0.029903
766.7190,5.9510,62.03,127.00,0.030826
766.8226,5.9510,61.76,127.00,0.031054
766.9277,5.9510,62.30,127.00,0.030898
767.0305,5.9510,61.49,127.00,0.030753
767.1366,5.9510,61.49,127.00,0.030883
767.2370,5.9510,61.76,127.00,0.028294
767.3326,5.9510,61.76,127.00,0.028768
767.4394,5.7710,61.76,127.00,0.031352
767.5453,5.7710,61.76,127.00,0.031071
767.6487,5.7710,61.76,127.00,0.031084
767.7450,5.7710,61.76,127.00,0.028081
767.8423,5.7710,61.76,127.00,0.030748
767.9462,5.7710,62.03,127.00,0.031310
768.0471,5.7710,61.76,127.00,0.030790
768.1509,5.7710,62.30,127.00,0.030861
768.2543,5.7710,62.03,127.00,0.030854
768.3554,5.7920,61.76,127.00,0.028661
768.4521,5.8130,61.49,127.00,0.028922
768.5463,5.8130,61.76,127.00,0.028226
768.6493,5.8130,61.76,127.00,0.031204
768.7540,5.8130,61.49,127.00,0.030379
768.8575,5.8130,61.76,127.00,0.031473
768.9604,5.8130,62.30,127.00,0.031053
769.0627,5.8130,62.03,127.00,0.030197
769.1679,5.8130,61.76,127.00,0.030813
769.2714,5.8130,61.49,127.00,0.030696
769.3760,5.8820,61.49,127.00,0.031474
769.4767,5.9510,62.03,127.00,0.030445
769.5795,5.9510,61.76,127.00,0.030967
769.6855,5.9510,62.30,127.00,0.030405
769.7873,5.9510,62.03,127.00,0.031801
769.8853,5.9510,61.49,127.00,0.028139
769.9788,5.9510,62.03,127.00,0.028087
770.0771,5.9510,62.03,127.00,0.028685
770.1806,5.9510,61.76,127.00,0.031010
770.2842,5.9510,62.03,127.00,0.030432
770.3842,5.9580,62.03,127.00,0.029988
770.4863,5.9580,61.76,127.00,0.030428
770.5918,5.9580,62.03,127.00,0.031195
770.6929,5.9580,61.76,128.00,0.030762
770.7963,5.9580,62.03,128.00,0.031313
770.8972,5.9580,62.03,128.00,0.031017
771.0009,5.9580,62.30,128.00,0.031599
771.1032,5.9580,61.76,128.00,0.030900
771.2065,5.9580,62.03,128.00,0.030867
771.3110,5.9580,61.76,128.00,0.030648
771.4166,5.7480,61.49,128.00,0.030323
771.5192,5.7480,61.49,128.00,0.030606
771.6222,5.7480,62.30,128.00,0.030947
771.7248,5.7480,61.49,128.00,0.030701
771.8275,5.7480,62.30,128.00,0.031106
771.9309,5.7480,62.03,128.00,0.030832
772.0361,5.7480,61.22,128.00,0.031039
772.1386,5.7480,62.03,128.00,0.030909
772.2380,5.7480,62.03,128.00,0.028370
772.3318,5.7480,62.03,128.00,0.028392
772.4308,5.7480,62.03,128.00,0.029667
772.5258,5.8550,61.49,128.00,0.029017
772.6200,5.8550,61.76,128.00,0.028101
772.7131,5.8550,62.03,128.00,0.028090
772.8075,5.8550,62.03,128.00,0.027972
772.9026,5.8550,61.76,128.00,0.028898
772.9987,5.8550,62.30,128.00,0.028718
773.0925,5.8550,61.49,128.00,0.028509
773.1876,5.8550,61.76,128.00,0.028335
773.2843,5.8550,61.22,128.00,0.029196
773.3860,6.0190,61.76,128.00,0.029751
773.4813,6.0190,61.76,128.00,0.029877
773.5778,6.0190,61.76,128.00,0.029411
773.6736,6.0190,62.30,128.00,0.029810
773.7726,6.0190,62.03,128.00,0.029464
773.8679,6.0190,62.03,128.00,0.029795
773.9668,6.0190,62.30,128.00,0.029746
774.0624,6.0190,62.03,128.00,0.029717
774.1572,6.0190,62.30,128.00,0.027796
774.2532,6.0190,62.03,128.00,0.028798
774.3492,5.9790,62.03,128.00,0.028826
774.4453,5.9390,62.30,128.00,0.027970
774.5408,5.9390,61.76,128.00,0.027904
774.6381,5.9390,61.76,128.00,0.029084
774.7364,5.9390,62.03,128.00,0.028803
774.8359,5.9390,61.49,128.00,0.029532
774.9365,5.9390,62.03,128.00,0.029381
775.0349,5.9390,61.49,128.00,0.028790
775.1339,5.9390,62.03,128.00,0.029215
775.2292,5.9390,62.03,128.00,0.029660
775.3292,5.9465,62.03,128.00,0.030287
775.4258,5.9540,61.76,128.00,0.029999
775.5225,5.9540,61.22,128.00,0.027720
775.6155,5.9540,62.03,128.00,0.028172
775.7104,5.9540,62.03,128.00,0.028138
775.8076,5.9540,62.03,128.00,0.029476
775.9066,5.9540,61.49,128.00,0.029497
776.0019,5.9540,62.03,128.00,0.029486
776.0985,5.9540,61.49,128.00,0.029518
776.1930,5.9540,61.76,128.00,0.029045
776.2906,5.9540,62.30,128.00,0.029006
776.3871,5.9200,62.03,128.00,0.029040
776.4887,5.9200,62.30,128.00,0.028950
776.5857,5.9200,62.03,128.00,0.029181
776.6831,5.9200,62.03,128.00,0.029010
776.7796,5.9200,62.30,128.00,0.029837
776.8768,5.9200,61.76,128.00,0.029447
776.9751,5.9200,62.03,128.00,0.029894
777.0748,5.9200,62.03,128.00,0.029887
777.1706,5.9200,62.03,128.00,0.029509
777.2700,5.9200,62.03,128.00,0.029517
777.3660,5.9660,62.03,128.00,0.029783
777.4659,6.0120,62.30,128.00,0.029528
777.5597,6.0120,62.03,128.00,0.028162
777.6547,6.0120,62.03,128.00,0.028311
777.7476,6.0120,62.03,128.00,0.028037
777.8473,6.0120,61.76,128.00,0.029959
777.9411,6.0120,62.30,128.00,0.028339
778.0363,6.0120,62.03,128.00,0.028437
778.1330,6.0120,61.49,127.50,0.028752
778.2294,6.0120,62.03,127.00,0.028943
778.3247,5.9910,62.30,128.00,0.029144
778.4202,5.9700,62.03,128.00,0.027666
778.5170,5.9700,62.03,128.00,0.027913
778.6117,5.9700,62.03,128.00,0.028214
778.7072,5.9700,62.03,128.00,0.030137
778.8064,5.9700,62.03,128.00,0.029849
778.9023,5.9700,61.76,128.00,0.029900
778.9991,5.9700,62.30,128.00,0.029454
779.0946,5.9700,61.76,128.00,0.029807
779.1941,5.9700,62.30,128.00,0.030091
779.2893,5.9700,62.03,128.00,0.029588
779.3874,5.9390,62.30,128.00,0.029757
779.4844,5.9390,62.03,128.00,0.029452
779.5817,5.9390,62.30,128.00,0.029863
779.6769,5.9390,61.22,128.00,0.029260
779.7742,5.9390,62.03,128.00,0.029161
779.8689,5.9390,61.76,128.00,0.029017
779.9674,5.9390,61.49,128.00,0.028652
780.0661,5.9390,62.30,128.00,0.028843
780.1647,5.9390,62.30,128.00,0.028828
780.2654,5.9390,62.03,128.00,0.030426
780.3664,5.9140,62.03,128.00,0.029322
780.4611,5.8890,62.03,127.50,0.028813
780.5555,5.8890,62.30,127.00,0.027902
780.6482,5.8890,62.30,127.00,0.027880
780.7463,5.8890,62.03,127.00,0.029280
780.8419,5.8890,62.03,127.00,0.029685
780.9379,5.8890,62.30,127.00,0.029180
781.0350,5.8890,62.30,127.00,0.029340
781.1316,5.8890,61.49,128.00,0.029561
781.2286,5.8890,62.03,128.00,0.029068
781.3263,5.9120,61.76,128.00,0.029824
781.4209,5.9350,61.76,128.00,0.028933
781.5172,5.9350,61.76,128.00,0.028980
781.6134,5.9350,62.03,128.00,0.028187
781.7106,5.9350,62.03,128.00,0.028741
781.8048,5.9350,62.03,128.00,0.028304
781.9014,5.9350,62.03,127.50,0.029203
781.9981,5.9350,62.03,127.50,0.028975
782.0970,5.9350,62.30,127.00,0.029649
782.1945,5.9350,61.49,127.00,0.029956
782.2890,5.9350,62.30,127.00,0.027972
782.3818,5.9350,62.30,127.00,0.027988
782.4766,5.9350,61.76,127.00,0.028100
782.5740,5.9920,62.30,127.00,0.029759
782.6697,5.9920,62.03,127.00,0.028992
782.7649,5.9920,61.49,127.00,0.028128
782.8616,5.9920,62.03,127.00,0.029494
782.9568,5.9920,61.76,127.00,0.029175
783.0524,5.9920,62.30,127.00,0.028328
783.1469,5.9920,61.49,127.00,0.028896
783.2457,5.9920,62.30,127.00,0.029243
783.3406,5.9980,61.76,127.00,0.029156
783.4379,6.0040,61.76,127.00,0.029539
783.5332,6.0040,62.30,127.00,0.029640
783.6301,6.0040,62.03,127.00,0.029594
783.7262,6.0040,62.03,127.50,0.029962
783.8230,6.0040,62.30,127.50,0.029673
783.9180,6.0040,62.03,127.00,0.029431
784.0144,6.0040,62.03,127.50,0.029214
784.1099,6.0040,61.49,127.00,0.029858
784.2065,6.0040,61.76,127.00,0.029656
784.3016,6.0040,62.03,127.00,0.029579
784.3991,5.9920,62.30,127.00,0.029390
784.4967,5.9920,61.76,127.00,0.029200
784.5930,5.9920,62.30,127.00,0.028793
784.6880,5.9920,62.30,127.00,0.028702
784.7845,5.9920,62.03,127.00,0.028828
784.8811,5.9920,62.03,127.00,0.028447
784.9793,5.9920,61.49,127.00,0.028391
785.0760,5.9920,61.76,127.00,0.028700
785.1760,5.9920,62.03,127.00,0.028489
785.2730,5.9920,62.03,127.00,0.028210
785.3679,5.9920,62.30,127.00,0.028297
785.4670,5.9845,61.49,127.00,0.030134
785.5661,5.9770,61.49,127.00,0.029320
785.6621,5.9770,61.76,127.00,0.029695
785.7592,5.9770,62.30,127.00,0.029943
785.8541,5.9770,61.49,127.00,0.029523
785.9505,5.9770,62.03,127.00,0.029261
786.0461,5.9770,62.03,127.00,0.030094
786.1457,5.9770,62.30,127.00,0.029905
786.2438,5.9770,62.30,127.00,0.030052
786.3413,5.9790,62.30,127.00,0.029773
786.4374,5.9810,62.30,127.00,0.029624
786.5357,5.9810,61.76,127.00,0.029759
786.6330,5.9810,62.03,127.00,0.029279
786.7340,5.9810,62.30,127.00,0.029082
786.8294,5.9810,61.49,127.00,0.029161
786.9280,5.9810,62.03,127.00,0.028708
787.0253,5.9810,61.76,127.00,0.028812
787.1242,5.9810,61.76,127.00,0.029077
787.2194,5.9810,62.30,127.00,0.029446
787.3172,5.9810,61.49,127.00,0.028147
787.4154,5.9470,61.76,126.50,0.029670
787.5140,5.9470,62.03,126.00,0.028950
787.6090,5.9470,62.30,126.50,0.029397
787.7057,5.9470,62.03,126.00,0.029319
787.7983,5.9470,61.49,127.00,0.028025
787.8928,5.9470,62.30,126.50,0.028000
787.9886,5.9470,61.49,126.00,0.028872
788.0874,5.9470,62.03,126.50,0.029460
788.1871,5.9470,61.76,126.00,0.029920
788.2861,5.9470,61.22,126.50,0.029905
788.3869,5.9660,62.30,127.00,0.030138
788.4869,5.9660,61.76,127.00,0.030210
788.5844,5.9660,62.30,127.00,0.029001
788.6818,5.9660,61.76,127.00,0.029451
788.7793,5.9660,62.30,127.00,0.029425
788.8795,5.9660,61.76,127.00,0.029523
788.9795,5.9660,62.30,127.00,0.029315
789.0812,5.9660,61.49,127.00,0.029341
789.1787,5.9660,62.30,127.00,0.029102
789.2788,5.9660,62.30,126.50,0.029849
789.3751,5.9545,62.03,126.50,0.029387
789.4749,5.9430,62.30,126.50,0.029728
789.5708,5.9430,62.30,126.50,0.029956
789.6693,5.9430,62.03,126.00,0.030009
789.7649,5.9430,61.76,126.50,0.028062
789.8608,5.9430,62.30,126.00,0.028805
789.9589,5.9430,62.03,126.00,0.029922
790.0588,5.9430,62.03,126.50,0.030111
790.1571,5.9430,62.03,126.00,0.030008
790.2584,5.9430,62.03,126.00,0.031339
790.3561,5.9145,62.30,126.00,0.029908
790.4545,5.8860,61.22,126.00,0.030128
790.5543,5.8860,62.30,126.00,0.029988
790.6563,5.8860,61.76,126.00,0.030102
790.7560,5.8860,61.76,126.00,0.029417
790.8545,5.8860,61.49,126.00,0.029437
790.9549,5.8860,61.49,126.00,0.029799
791.0542,5.8860,62.03,126.50,0.029646
791.1491,5.8860,61.22,126.50,0.027956
791.2462,5.8860,61.76,126.00,0.028915
791.3430,5.9335,61.76,126.00,0.028978
791.4392,5.9810,62.03,126.00,0.028545
791.5341,5.9810,62.03,126.00,0.028689
791.6318,5.9810,62.03,126.00,0.028413
791.7289,5.9810,62.03,126.00,0.029217
791.8260,5.9810,62.30,126.00,0.029797
791.9210,5.9810,62.30,126.00,0.029479
792.0187,5.9810,62.30,126.00,0.030272
792.1131,5.9810,61.49,126.50,0.028744
792.2117,5.9810,62.30,126.00,0.029637
792.3086,5.9810,62.30,126.00,0.027960
792.4048,5.9810,61.76,126.00,0.028013
792.4980,5.9810,62.03,126.00,0.028450
792.5957,5.9850,61.76,126.00,0.029815
792.6924,5.9850,61.76,126.00,0.029168
792.7915,5.9850,62.03,126.00,0.029851
792.8838,5.9850,62.03,126.00,0.027783
792.9783,5.9850,61.76,126.00,0.028121
793.0727,5.9850,62.03,126.00,0.029621
793.1675,5.9850,62.03,126.00,0.027832
793.2602,5.9850,61.76,126.00,0.028079
793.3547,5.9850,62.30,126.00,0.028378
793.4500,5.9985,62.30,126.00,0.030055
793.5501,6.0120,62.30,126.00,0.030082
793.6479,6.0120,61.76,126.00,0.029793
793.7455,6.0120,62.30,126.00,0.029702
793.8430,6.0120,61.76,126.00,0.029898
793.9400,6.0120,62.03,126.00,0.030134
794.0357,6.0120,62.30,126.00,0.029997
794.1371,6.0120,62.30,126.00,0.029927
794.2345,6.0120,62.03,126.00,0.029335
794.3352,5.9795,62.30,126.00,0.030195
794.4340,5.9470,61.76,126.00,0.029462
794.5338,5.9470,62.03,126.00,0.029991
794.6299,5.9470,62.03,126.00,0.029599
794.7279,5.9470,61.76,126.00,0.029770
794.8261,5.9470,62.03,126.00,0.029626
794.9222,5.9470,62.03,126.00,0.028284
795.0160,5.9470,62.03,126.00,0.028365
795.1139,5.9470,62.03,126.00,0.028714
795.2114,5.9470,61.76,126.00,0.029060
795.3110,5.9470,62.03,126.00,0.029661
795.4075,5.9730,62.03,126.00,0.029520
795.5073,5.9730,62.03,126.00,0.029586
795.6057,5.9730,62.03,126.00,0.030270
795.7037,5.9730,62.03,126.00,0.029571
795.8021,5.9730,62.03,126.00,0.030127
795.8997,5.9730,61.49,126.00,0.029824
795.9986,5.9730,62.03,126.00,0.030544
796.0983,5.9730,61.76,126.00,0.030018
796.1943,5.9730,62.03,126.00,0.029503
796.2943,5.9730,62.30,126.00,0.029988
796.3915,5.9730,61.49,126.00,0.030651
796.4912,5.9730,62.30,126.00,0.029839
796.5892,5.9730,61.76,126.00,0.029886
796.6879,5.9730,62.03,126.00,0.030593
796.7860,5.9730,62.03,126.00,0.029592
796.8841,5.9730,61.76,126.00,0.029884
796.9814,5.9730,61.76,126.00,0.028766
797.0793,5.9730,62.03,126.00,0.029294
797.1769,5.9730,62.03,125.50,0.029096
797.2743,5.9730,62.03,125.50,0.029350
797.3744,5.9730,62.03,125.50,0.029294
797.4739,5.9730,62.03,125.50,0.029207
797.5714,5.9730,62.03,125.00,0.029196
797.6709,5.9730,62.30,125.00,0.028810
797.7645,5.9730,62.03,126.00,0.028566
797.8621,5.9730,62.30,125.50,0.028827
797.9581,5.9730,62.03,125.50,0.030388
798.0588,5.9730,62.30,125.50,0.030420
798.1549,5.9730,62.30,125.50,0.029796
798.2549,5.9730,62.03,125.50,0.030097
798.3511,5.9730,61.49,126.00,0.030275
798.4581,5.9580,61.76,126.00,0.032375
798.5606,5.9430,62.03,126.00,0.030906
798.6651,5.9430,62.03,125.50,0.031212
798.7649,5.9430,61.76,125.50,0.031377
798.8660,5.9430,61.49,125.00,0.030719
798.9712,5.9430,62.03,125.00,0.030919
799.0744,5.9430,61.49,125.00,0.030937
799.1772,5.9430,61.76,125.00,0.030806
799.2810,5.9430,62.30,125.50,0.030755
799.3805,5.9010,61.76,125.50,0.028069
799.4741,5.9010,62.03,125.00,0.028198
799.5704,5.9010,61.76,125.50,0.028980
799.6709,5.9010,62.30,125.00,0.030911
799.7732,5.9010,61.76,125.00,0.030477
799.8682,5.9010,61.76,125.00,0.028050
799.9636,5.9010,62.03,125.00,0.028313
800.0640,5.9010,61.76,125.00,0.030458
800.1612,5.9010,61.76,125.00,0.027868
800.2589,5.9010,61.49,125.00,0.029853
800.3535,5.9010,61.22,125.00,0.029376
800.4582,5.9010,61.49,125.00,0.029551
800.5568,5.9010,61.22,125.00,0.027387
800.6524,5.9010,62.03,125.00,0.028420
800.7511,5.9010,61.49,125.00,0.028388
800.8514,5.9010,62.30,125.50,0.029218
800.9545,5.9010,62.03,125.00,0.029590
801.0510,5.9010,61.76,125.00,0.027997
801.1466,5.9010,61.76,125.00,0.028544
801.2459,5.9010,61.76,125.50,0.029251
801.3470,5.8820,62.03,125.00,0.030598
801.4520,5.8630,62.03,125.00,0.030831
801.5510,5.8630,61.76,125.00,0.030665
801.6548,5.8630,61.76,125.00,0.030259
801.7600,5.8630,62.03,125.00,0.030161
801.8636,5.8630,61.76,125.00,0.030611
801.9662,5.8630,61.76,125.00,0.030244
802.0641,5.8630,62.30,125.00,0.027795
802.1576,5.8630,61.76,125.00,0.028589
802.2525,5.8630,62.03,125.00,0.028153
802.3534,5.9125,62.03,125.00,0.030976
802.4568,5.9620,62.30,125.00,0.030998
802.5582,5.9620,61.22,125.00,0.031160
802.6620,5.9620,62.30,125.00,0.031585
802.7654,5.9620,61.49,125.50,0.031490
802.8707,5.9620,61.76,125.00,0.031006
802.9742,5.9620,62.30,125.00,0.030879
803.0742,5.9620,62.03,125.00,0.028374
803.1672,5.9620,61.76,125.00,0.027763
803.2626,5.9620,61.49,125.00,0.028517
803.3562,5.9620,62.03,125.00,0.028579
803.4561,5.9580,62.30,125.00,0.030813
803.5595,5.9540,61.76,125.00,0.030728
803.6606,5.9540,62.03,125.00,0.031204
803.7560,5.9540,61.76,125.00,0.027663
803.8514,5.9540,61.76,125.00,0.028276
803.9484,5.9540,62.30,125.00,0.029209
804.0503,5.9540,61.76,125.00,0.029874
804.1528,5.9540,62.30,125.00,0.029658
804.2560,5.9540,62.30,125.00,0.030079
804.3566,5.9200,62.30,125.50,0.029093
804.4630,5.8860,61.76,125.00,0.030233
804.5667,5.8860,61.22,125.00,0.030942
804.6695,5.8860,61.76,125.50,0.028380
804.7666,5.8860,62.30,125.00,0.028419
804.8602,5.8860,61.76,125.00,0.028053
804.9595,5.8860,61.76,125.00,0.029664
805.0598,5.8860,61.76,125.00,0.029719
805.1620,5.8860,61.76,125.00,0.029458
805.2654,5.8860,61.49,125.00,0.030071
805.3604,5.8860,61.22,125.00,0.027710
805.4542,5.8860,62.03,125.50,0.028511
805.5499,5.8860,61.49,125.50,0.028841
805.6510,5.8360,62.03,125.00,0.029471
805.7476,5.8360,62.03,125.00,0.029276
805.8449,5.8360,61.76,125.00,0.029284
805.9426,5.8360,62.30,125.00,0.029966
806.0372,5.8360,61.76,125.00,0.029393
806.1339,5.8360,61.76,125.00,0.029392
806.2291,5.8360,61.76,125.50,0.029710
806.3286,5.8360,62.03,125.50,0.029592
806.4238,5.9430,61.76,125.00,0.027989
806.5188,5.9430,61.49,125.50,0.028926
806.6130,5.9430,62.30,125.00,0.028558
806.7078,5.9430,61.76,125.00,0.028109
806.8028,5.9430,62.03,125.00,0.028039
806.9006,5.9430,62.03,125.50,0.028922
806.9979,5.9430,62.30,125.00,0.028986
807.0943,5.9430,61.76,125.00,0.028982
807.1908,5.9430,61.76,125.00,0.029002
807.2901,5.9430,62.30,125.00,0.029424
807.3864,5.9240,61.76,125.00,0.029956
807.4829,5.9240,61.22,125.00,0.027514
807.5760,5.9240,62.30,125.00,0.028096
807.6730,5.9240,61.76,125.00,0.028359
807.7685,5.9240,62.30,125.00,0.029735
807.8665,5.9240,62.03,125.00,0.028756
807.9595,5.9240,61.49,125.50,0.027963
808.0566,5.9240,62.30,125.00,0.028283
808.1539,5.9240,62.03,125.00,0.029584
808.2526,5.9240,61.49,125.00,0.028287
808.3463,5.9240,62.30,125.50,0.028549
808.4420,5.9240,61.76,126.00,0.028816
808.5378,5.9240,61.49,126.00,0.029923
808.6414,5.9240,61.76,126.00,0.030226
808.7454,5.9240,62.30,126.00,0.029735
808.8504,5.9240,61.22,126.00,0.029523
808.9541,5.9240,61.49,126.00,0.029602
809.0597,5.9240,61.49,125.50,0.030021
809.1637,5.9240,62.03,125.00,0.030204
809.2668,5.9240,62.03,125.50,0.030397
809.3610,5.9240,61.76,125.50,0.028493
809.4606,5.9240,62.03,125.00,0.029198
809.5601,5.8800,62.30,125.00,0.030676
809.6672,5.8360,61.76,123.00,0.029536
809.7719,5.8360,62.03,121.00,0.029634
809.8752,5.8360,62.03,121.00,0.030097
809.9800,5.8360,61.49,121.00,0.029177
810.0834,5.8360,61.76,121.00,0.029481
810.1862,5.8360,62.03,121.00,0.029946
810.2943,5.8360,61.49,122.00,0.030124
810.3973,5.9430,62.30,122.00,0.029765
810.5002,5.9430,62.30,122.00,0.030169
810.6018,5.9430,61.49,122.00,0.030071
810.7038,5.9430,62.03,122.00,0.029304
810.8037,5.9430,61.76,122.00,0.028437
810.9008,5.9430,61.49,122.00,0.029394
811.0060,5.9430,61.76,122.00,0.030012
811.1070,5.9430,62.03,122.00,0.028642
811.2006,5.9430,61.76,122.00,0.028146
811.2961,5.9430,62.03,122.00,0.028587
811.3958,5.9390,61.76,122.00,0.029788
811.5009,5.9350,61.76,122.00,0.029728
811.6030,5.9350,61.49,122.00,0.029006
811.6982,5.9350,62.03,122.00,0.028414
811.7979,5.9350,61.49,122.00,0.029738
811.8954,5.9350,61.76,122.00,0.029038
811.9921,5.9350,61.76,122.00,0.030695
812.0957,5.9350,61.49,122.00,0.031143
812.1969,5.9350,62.03,122.00,0.030578
812.3019,5.9350,61.76,122.00,0.030495
812.4054,5.9390,62.03,122.00,0.030632
812.5108,5.9390,61.76,122.00,0.030785
812.6160,5.9390,61.76,122.00,0.030455
812.7184,5.9390,62.03,123.00,0.029932
812.8201,5.9390,61.76,123.00,0.031163
812.9247,5.9390,61.49,123.00,0.030401
813.0253,5.9390,62.30,123.00,0.030096
813.1296,5.9390,61.49,123.00,0.030023
813.2341,5.9390,61.76,123.00,0.030647
813.3377,5.8665,61.22,123.00,0.029251
813.4346,5.7940,62.03,123.00,0.028776
813.5273,5.7940,61.49,123.00,0.027831
813.6230,5.7940,61.49,123.00,0.028823
813.7182,5.7940,62.03,123.00,0.029769
813.8173,5.7940,61.22,123.00,0.029068
813.9188,5.7940,61.76,123.00,0.031011
814.0236,5.7940,61.22,123.00,0.031087
814.1258,5.7940,61.76,123.00,0.031677
814.2290,5.7940,62.03,123.00,0.031098
814.3324,5.8705,61.76,123.00,0.031328
814.4350,5.9470,61.76,123.00,0.030185
814.5304,5.9470,61.76,123.00,0.028597
814.6248,5.9470,62.30,123.00,0.028609
814.7274,5.9470,61.76,123.00,0.031506
814.8252,5.9470,62.03,123.00,0.029315
814.9251,5.9470,61.76,123.00,0.028601
815.0254,5.9470,61.76,124.00,0.029411
815.1283,5.9470,61.49,124.00,0.031231
815.2310,5.9470,62.03,124.00,0.030440
815.3346,5.9470,62.03,124.00,0.031241
815.4412,5.9470,62.30,124.00,0.030964
815.5424,5.9470,61.76,124.00,0.030849
815.6452,5.9470,62.03,124.00,0.031031
815.7486,5.9470,61.76,124.00,0.031053
815.8538,5.9470,61.49,124.00,0.031373
815.9574,5.9470,62.03,124.00,0.031482
816.0611,5.9470,62.03,124.00,0.030854
816.1666,5.9470,61.76,124.00,0.030823
816.2708,5.9470,62.03,124.00,0.030948
816.3761,5.8455,62.03,124.00,0.030336
816.4817,5.7440,61.49,124.00,0.030599
816.5854,5.7440,61.49,124.00,0.031050
816.6862,5.7440,62.03,124.00,0.029912
816.7842,5.7440,62.30,124.00,0.029784
816.8820,5.7440,61.22,124.00,0.030027
816.9783,5.7440,61.76,124.00,0.030508
817.0761,5.7440,61.76,124.00,0.030375
817.1723,5.7440,61.49,124.00,0.030401
817.2743,5.7440,62.03,124.00,0.029855
817.3694,5.7440,62.30,124.00,0.029528
817.4663,5.7440,61.76,124.00,0.029149
817.5661,5.7440,61.49,125.00,0.029501
817.6628,5.7440,62.03,125.00,0.029293
817.7577,5.7440,61.22,125.00,0.029150
817.8538,5.7440,61.49,125.00,0.029004
817.9506,5.7440,62.03,125.00,0.028786
818.0491,5.7440,62.03,125.00,0.028769
818.1419,5.7440,62.03,125.00,0.028103
818.2384,5.7440,62.30,125.00,0.029990
818.3345,5.7440,62.03,125.00,0.030648
818.4320,5.7440,62.30,125.00,0.030204
818.5246,5.7440,62.30,125.00,0.027454
818.6199,5.7440,61.76,125.00,0.028314
818.7159,5.8280,62.03,125.00,0.030791
818.8125,5.9120,61.76,125.00,0.028405
818.9093,5.9120,62.30,125.00,0.028751
819.0061,5.9120,62.03,125.00,0.029081
819.1015,5.9120,62.03,125.00,0.029225
819.1990,5.9120,61.76,125.00,0.029659
819.2996,5.9120,62.03,125.00,0.029366
819.3997,5.9620,62.03,125.00,0.029886
819.4971,5.9620,62.30,125.00,0.029028
819.5965,5.9620,61.76,125.00,0.029536
819.6943,5.9620,62.30,125.00,0.029135
819.7917,5.9620,62.30,125.00,0.029536
819.8902,5.9620,61.76,125.00,0.030015
819.9894,5.9620,61.76,125.00,0.029773
820.0851,5.9620,62.30,125.00,0.029663
820.1822,5.9620,61.76,125.00,0.029596
820.2808,5.9620,61.49,125.00,0.029800
820.3818,5.9390,61.76,125.00,0.030325
820.4773,5.9390,61.76,125.50,0.029323
820.5749,5.9390,62.03,126.00,0.030109
820.6726,5.9390,62.03,125.50,0.029421
820.7694,5.9390,62.03,126.00,0.028014
820.8653,5.9390,62.03,125.50,0.028473
820.9644,5.9390,61.76,125.50,0.030192
821.0611,5.9390,62.57,125.50,0.028392
821.1564,5.9390,62.03,125.50,0.028279
821.2507,5.9390,61.76,125.50,0.028394
821.3500,5.9125,61.76,125.50,0.029598
821.4448,5.8860,62.03,125.50,0.028982
821.5424,5.8860,61.76,125.50,0.029237
821.6422,5.8860,61.49,125.00,0.029449
821.7393,5.8860,62.30,125.50,0.029146
821.8368,5.8860,62.03,125.50,0.029005
821.9316,5.8860,61.22,125.00,0.028166
822.0250,5.8860,62.03,125.50,0.028319
822.1233,5.8860,62.03,125.00,0.029197
822.2172,5.8860,61.76,125.00,0.028411
822.3131,5.8860,62.03,125.00,0.028634
822.4101,5.8860,62.03,125.00,0.029315
822.5063,5.9010,61.76,125.00,0.028626
822.6004,5.9010,62.30,126.00,0.028909
822.6997,5.9010,61.76,126.00,0.030114
822.7974,5.9010,62.03,126.00,0.029485
822.8982,5.9010,62.03,126.00,0.029271
822.9979,5.9010,62.03,126.00,0.029471
823.0946,5.9010,62.30,126.00,0.029061
823.1905,5.9010,62.30,126.00,0.029444
823.2900,5.9010,61.76,126.00,0.029887
823.3856,5.8970,62.30,126.00,0.029423
823.4832,5.8930,62.03,126.00,0.029303
823.5780,5.8930,62.30,126.00,0.029327
823.6736,5.8930,62.03,126.00,0.028515
823.7680,5.8930,62.30,126.00,0.028844
823.8671,5.8930,61.22,126.00,0.030180
823.9626,5.8930,61.76,125.50,0.029346
824.0628,5.8930,62.30,125.50,0.030098
824.1611,5.8930,61.76,125.00,0.030079
824.2595,5.8930,62.30,125.00,0.029006
824.3588,5.9065,62.03,125.00,0.028853
824.4589,5.9200,62.30,125.00,0.030050
824.5549,5.9200,61.76,125.00,0.030197
824.6543,5.9200,62.03,125.00,0.030094
824.7507,5.9200,62.03,125.00,0.029997
824.8503,5.9200,62.30,126.00,0.029670
824.9459,5.9200,61.76,126.00,0.029536
825.0453,5.9200,62.03,126.00,0.029434
825.1412,5.9200,61.76,126.00,0.029135
825.2378,5.9200,62.30,126.00,0.029294
825.3326,5.9335,61.76,126.00,0.028769
825.4332,5.9470,61.76,126.00,0.028541
825.5281,5.9470,62.03,126.00,0.027635
825.6264,5.9470,62.30,126.00,0.029639
825.7228,5.9470,62.30,126.00,0.029495
825.8222,5.9470,61.76,126.00,0.029830
825.9178,5.9470,62.03,126.00,0.030192
826.0163,5.9470,61.49,126.00,0.029506
826.1161,5.9470,62.03,125.50,0.029383
826.2136,5.9470,61.22,125.00,0.030296
826.3119,5.9470,61.76,125.50,0.029991
826.4115,5.8970,61.76,125.00,0.029638
826.5091,5.8970,61.49,125.00,0.029726
826.6056,5.8970,61.76,125.00,0.029535
826.7033,5.8970,61.76,125.50,0.030124
826.8028,5.8970,61.76,125.00,0.030289
826.8980,5.8970,62.30,125.00,0.029563
826.9964,5.8970,61.76,125.00,0.029019
827.0928,5.8970,61.49,125.00,0.028968
827.1892,5.8970,61.76,125.00,0.029370
827.2864,5.8970,61.49,126.00,0.029162
827.3837,5.9770,61.76,126.00,0.029230
827.4860,5.9770,61.76,126.00,0.030087
827.5849,5.9770,62.03,126.00,0.027877
827.6813,5.9770,62.03,126.00,0.028563
827.7772,5.9770,62.03,126.00,0.028652
827.8778,5.9770,61.76,126.00,0.030809
827.9749,5.9770,62.30,126.00,0.028058
828.0692,5.9770,61.76,126.00,0.028476
828.1640,5.9770,62.03,126.00,0.028061
828.2593,5.9770,62.03,126.00,0.027938
828.3518,5.9770,61.76,126.00,0.028535
828.4486,5.9770,61.49,126.00,0.028401
828.5504,5.9310,61.49,126.00,0.029873
828.6489,5.9310,62.03,126.00,0.029450
828.7480,5.9310,62.03,126.00,0.029757
828.8476,5.9310,62.03,126.00,0.029642
828.9440,5.9310,62.03,126.00,0.027872
829.0409,5.9310,62.03,126.00,0.028216
829.1376,5.9310,62.30,126.00,0.027624
829.2344,5.9310,61.76,126.00,0.029034
829.3334,5.9370,62.03,126.00,0.029077
829.4309,5.9430,62.03,126.00,0.028790
829.5340,5.9430,62.03,126.00,0.029226
829.6343,5.9430,62.30,126.00,0.029770
829.7358,5.9430,61.76,126.00,0.029074
829.8343,5.9430,62.03,126.00,0.028588
829.9323,5.9430,62.30,126.00,0.027922
830.0270,5.9430,62.03,126.00,0.028322
830.1259,5.9430,61.49,126.00,0.029812
830.2227,5.9430,61.76,126.00,0.029426
830.3242,5.9260,61.76,126.00,0.030428
830.4220,5.9090,61.76,126.00,0.029730
830.5229,5.9090,61.76,126.00,0.029977
830.6219,5.9090,61.49,126.00,0.030190
830.7222,5.9090,61.76,126.00,0.029940
830.8169,5.9090,61.76,126.00,0.028531
830.9148,5.9090,62.03,126.00,0.029446
831.0104,5.9090,61.76,126.00,0.029357
831.1091,5.9090,61.76,126.00,0.029840
831.2053,5.9090,61.76,126.00,0.029739
831.3033,5.9090,61.76,126.00,0.029846
831.4036,5.9620,61.49,126.00,0.029242
831.5015,5.9620,62.30,126.00,0.029767
831.5970,5.9620,61.49,126.00,0.028904
831.6949,5.9620,61.76,126.00,0.029260
831.7926,5.9620,62.03,126.00,0.029042
831.8923,5.9620,62.03,126.00,0.028792
831.9897,5.9620,62.03,126.00,0.028578
832.0867,5.9620,61.76,126.00,0.028845
832.1849,5.9620,62.03,126.00,0.028341
832.2851,5.9620,62.03,126.00,0.028780
832.3829,5.9620,61.76,127.00,0.029612
832.4828,5.9620,61.76,127.00,0.028877
832.5770,5.9620,62.30,127.00,0.027840
832.6730,5.9620,62.30,127.00,0.027861
832.7680,5.9620,61.76,127.00,0.028025
832.8704,5.9620,62.03,127.00,0.029804
832.9666,5.9620,61.76,127.00,0.029811
833.0668,5.9620,61.76,127.00,0.028930
833.1611,5.9620,62.03,127.00,0.028010
833.2584,5.9620,61.49,127.00,0.028809
833.3555,5.9255,61.49,127.00,0.029654
833.4545,5.8890,62.30,127.00,0.029723
833.5491,5.8890,61.76,127.00,0.028405
833.6456,5.8890,62.30,127.00,0.028760
833.7443,5.8890,61.76,127.00,0.029132
833.8429,5.8890,61.49,127.00,0.029190
833.9402,5.8890,62.30,127.00,0.028878
834.0389,5.8890,62.03,127.00,0.028924
834.1400,5.8890,62.03,127.00,0.029318
834.2391,5.8890,62.03,127.00,0.029056
834.3355,5.8890,61.49,127.00,0.027624
834.4314,5.8890,62.30,127.00,0.028007
834.5286,5.8890,61.49,127.00,0.028584
834.6304,5.9010,61.76,127.00,0.029627
834.7275,5.9010,61.76,127.00,0.029329
834.8292,5.9010,61.76,127.00,0.029788
834.9261,5.9010,61.49,127.00,0.030110
835.0231,5.9010,62.03,127.00,0.028274
835.1196,5.9010,61.76,127.00,0.028320
835.2165,5.9010,62.03,127.00,0.027990
835.3124,5.9010,62.03,127.00,0.029094
835.4141,5.9120,61.76,127.00,0.029936
835.5111,5.9120,62.03,127.00,0.030004
835.6120,5.9120,62.03,127.00,0.029792
835.7162,5.9120,61.76,127.00,0.031379
835.8228,5.9120,61.22,127.00,0.030905
835.9283,5.9120,62.03,127.00,0.031012
836.0306,5.9120,61.76,127.00,0.030798
836.1289,5.9120,62.03,127.00,0.027680
836.2239,5.9120,62.03,127.00,0.027845
836.3219,5.9120,62.30,127.00,0.028094
836.4266,5.8970,62.03,127.00,0.031317
836.5321,5.8820,62.03,127.00,0.030983
836.6373,5.8820,62.03,127.00,0.031075
836.7437,5.8820,62.03,127.00,0.031446
836.8474,5.8820,61.76,127.00,0.031553
836.9506,5.8820,62.03,127.00,0.030151
837.0551,5.8820,61.76,127.00,0.030986
837.1536,5.8820,62.03,127.00,0.028009
837.2502,5.8820,61.76,127.00,0.029568
837.3571,5.9275,62.03,127.00,0.030784
837.4617,5.9730,61.49,127.00,0.030751
837.5644,5.9730,62.30,127.00,0.028019
837.6608,5.9730,62.03,128.00,0.028727
837.7618,5.9730,61.49,128.00,0.029637
837.8645,5.9730,61.76,128.00,0.031375
837.9712,5.9730,61.49,128.00,0.030887
838.0747,5.9730,61.76,128.00,0.031160
838.1811,5.9730,61.76,128.00,0.030701
838.2877,5.9730,61.49,128.00,0.029971
838.3858,5.9730,61.76,128.00,0.028949
838.4857,5.9730,61.22,128.00,0.029019
838.5934,5.9280,61.49,128.00,0.030831
838.6964,5.9280,61.76,128.00,0.030586
838.7994,5.9280,62.03,128.00,0.030771
838.9043,5.9280,61.76,128.00,0.030894
839.0120,5.9280,61.76,128.00,0.031140
839.1178,5.9280,61.49,128.00,0.031199
839.2228,5.9280,62.03,128.00,0.030486
839.3251,5.8685,62.30,128.00,0.030788
839.4316,5.8090,62.03,128.00,0.029625
839.5321,5.8090,61.49,128.00,0.029810
839.6397,5.8090,62.03,128.00,0.031318
839.7470,5.8090,61.49,128.00,0.031082
839.8439,5.8090,61.76,128.00,0.028211
839.9417,5.8090,61.49,128.00,0.028489
840.0440,5.8090,61.76,128.00,0.030932
840.1515,5.8090,62.30,128.00,0.032145
840.2631,5.8090,62.03,128.00,0.032485
840.3710,5.7650,61.49,128.00,0.030402
840.4757,5.7210,61.76,128.00,0.029679
840.5739,5.7210,61.49,128.00,0.028251
840.6703,5.7210,61.76,128.00,0.028911
840.7762,5.7210,62.03,128.00,0.030321
840.8785,5.7210,61.76,128.00,0.030126
840.9822,5.7210,62.30,128.00,0.029336
841.0886,5.7210,61.76,128.00,0.030434
841.1939,5.7210,61.49,128.00,0.029525
841.2975,5.7210,62.03,128.00,0.029502
841.4025,5.8510,61.49,128.00,0.029997
841.5065,5.8510,61.49,128.00,0.029631
841.6113,5.8510,61.76,128.00,0.029954
841.7183,5.8510,61.49,128.00,0.029671
841.8241,5.8510,62.03,128.00,0.029112
841.9299,5.8510,61.22,128.00,0.029398
842.0341,5.8510,61.49,128.00,0.029881
842.1377,5.8510,62.30,128.00,0.029076
842.2424,5.8510,61.76,128.00,0.029245
842.3463,5.8510,61.49,128.00,0.029386
842.4516,5.8510,61.49,128.00,0.030520
842.5561,5.8510,61.76,128.00,0.030130
842.6585,5.8510,61.49,128.00,0.030163
842.7607,5.8510,61.76,128.00,0.030332
842.8635,5.8510,61.76,128.00,0.030426
842.9703,5.8510,61.49,128.00,0.030280
843.0779,5.8510,61.76,128.00,0.031047
843.1831,5.8510,61.76,128.00,0.031002
843.2902,5.8510,61.76,128.00,0.030938
843.3959,5.8630,61.76,128.00,0.031211
843.4971,5.8630,61.49,128.00,0.030550
843.6047,5.8630,61.49,128.00,0.031420
843.7079,5.8630,62.03,128.00,0.031239
843.8126,5.8630,62.03,128.00,0.030541
843.9195,5.8630,61.76,128.00,0.031057
844.0259,5.8630,61.22,128.00,0.030453
844.1330,5.8630,61.76,128.00,0.031236
844.2363,5.8630,61.76,128.00,0.030889
844.3405,5.8570,61.76,128.00,0.030976
844.4461,5.8510,62.03,128.00,0.031286
844.5515,5.8510,61.22,128.00,0.031195
844.6526,5.8510,61.22,128.00,0.028172
844.7499,5.8510,61.76,128.00,0.028872
844.8463,5.8510,62.03,128.00,0.028109
844.9505,5.8510,61.49,128.00,0.030593
845.0572,5.8510,62.03,128.00,0.030942
845.1598,5.8510,61.76,128.00,0.030809
845.2597,5.8510,61.76,128.00,0.028436
845.3580,5.8510,62.03,128.00,0.028859
845.4590,5.8510,61.22,128.00,0.028966
845.5602,5.8510,62.30,128.00,0.030059
845.6636,5.8510,61.76,128.00,0.029795
845.7651,5.8510,62.03,128.00,0.030258
845.8633,5.8510,62.30,128.00,0.028692
845.9665,5.8510,61.49,128.00,0.030098
846.0700,5.8510,62.03,128.00,0.030135
846.1717,5.8510,62.03,128.00,0.030467
846.2733,5.8510,62.03,128.00,0.030550
846.3738,5.8510,62.03,128.00,0.030749
846.4746,5.8510,62.03,128.00,0.029237
846.5759,5.8510,61.76,128.00,0.029516
846.6762,5.8510,62.03,128.00,0.030295
846.7800,5.8720,62.03,128.00,0.031452
846.8882,5.8930,62.30,128.00,0.031123
846.9917,5.8930,62.03,128.00,0.031369
847.0970,5.8930,61.76,128.00,0.030912
847.2052,5.8930,61.49,128.00,0.031341
847.3102,5.8930,61.76,128.00,0.030299
847.4182,5.8890,61.76,128.00,0.031048
847.5251,5.8890,61.49,128.00,0.030800
847.6305,5.8890,61.76,128.00,0.030998
847.7334,5.8890,61.49,128.00,0.030657
847.8396,5.8890,62.03,128.00,0.030604
847.9469,5.8890,62.03,128.00,0.030396
848.0540,5.8890,62.30,128.00,0.030221
848.1539,5.8890,61.49,128.00,0.028762
848.2515,5.8890,61.76,128.00,0.029811
848.3540,5.8375,61.76,128.00,0.029993
848.4619,5.7860,61.49,128.00,0.030534
848.5680,5.7860,61.76,128.00,0.029929
848.6700,5.7860,61.76,128.00,0.029949
848.7738,5.7860,62.03,128.00,0.029514
848.8782,5.7860,61.76,128.00,0.029636
848.9845,5.7860,61.76,128.00,0.029346
849.0912,5.7860,61.76,128.00,0.029462
849.1955,5.7860,61.22,128.00,0.029670
849.2997,5.7860,61.49,128.00,0.029373
849.4063,5.8670,61.49,127.50,0.029908
849.5108,5.8670,62.30,127.00,0.029502
849.6146,5.8670,61.49,127.00,0.029922
849.7247,5.8670,61.49,127.50,0.031443
849.8325,5.8670,61.49,127.00,0.031379
849.9314,5.8670,61.22,127.00,0.028154
850.0290,5.8670,61.49,128.00,0.028294
850.1304,5.8670,61.49,128.00,0.029779
850.2393,5.8670,61.76,127.50,0.031568
850.3487,5.8650,61.76,127.00,0.032238
850.4605,5.8630,61.76,127.00,0.032511
850.5627,5.8630,61.76,127.00,0.029184
850.6716,5.8630,61.49,127.00,0.032475
850.7810,5.8630,62.03,127.00,0.031725
850.8901,5.8630,62.03,127.00,0.031339
850.9988,5.8630,61.76,127.00,0.032420
851.1078,5.8630,61.22,127.00,0.032486
851.2150,5.8630,61.49,127.00,0.031604
851.3240,5.8360,61.76,127.00,0.030960
851.4314,5.8090,61.22,127.00,0.028689
851.5377,5.8090,61.49,127.00,0.029670
851.6415,5.8090,61.76,127.00,0.029058
851.7437,5.8090,61.49,127.00,0.029525
851.8502,5.8090,62.03,127.00,0.029720
851.9560,5.8090,61.76,127.00,0.028867
852.0624,5.8090,62.03,127.00,0.029380
852.1678,5.8090,61.76,127.00,0.030246
852.2694,5.8090,61.49,127.00,0.029335
852.3768,5.7710,61.76,127.00,0.029965
852.4836,5.7330,62.03,127.00,0.029882
852.5877,5.7330,61.76,127.00,0.029500
852.6910,5.7330,61.76,127.00,0.029233
852.7852,5.7330,62.03,127.00,0.028047
852.8838,5.7330,61.22,127.00,0.028893
852.9786,5.7330,61.49,127.00,0.028268
853.0774,5.7330,61.76,127.00,0.028497
853.1769,5.7330,61.76,127.00,0.029649
853.2832,5.7330,61.76,127.00,0.029958
853.3900,5.8550,61.49,127.00,0.029896
853.4960,5.9770,62.03,127.00,0.029057
853.5999,5.9770,62.03,127.00,0.029494
853.7069,5.9770,61.49,127.00,0.029899
853.8123,5.9770,61.76,127.00,0.029776
853.9123,5.9770,61.76,127.00,0.027766
854.0092,5.9770,61.49,127.00,0.028624
854.1120,5.9770,61.49,127.00,0.029820
854.2116,5.9770,61.49,127.00,0.027860
854.3061,5.9770,61.76,127.00,0.028588
854.4108,5.9695,61.76,127.00,0.030282
854.5178,5.9620,61.76,127.00,0.030074
854.6236,5.9620,61.76,127.00,0.029500
854.7257,5.9620,62.03,127.00,0.029649
854.8289,5.9620,61.22,126.50,0.029437
854.9344,5.9620,62.03,127.00,0.029599
855.0388,5.9620,62.03,127.00,0.029754
855.1420,5.9620,62.03,127.00,0.029785
855.2479,5.9620,61.76,127.00,0.029324
855.3503,5.9410,61.49,127.00,0.029742
855.4537,5.9200,61.76,127.00,0.029019
855.5498,5.9200,61.76,127.00,0.028261
855.6453,5.9200,61.76,127.00,0.028556
855.7511,5.9200,62.03,127.00,0.029931
855.8512,5.9200,61.49,127.00,0.027787
855.9497,5.9200,61.76,126.50,0.028676
856.0471,5.9200,61.76,126.00,0.028589
856.1495,5.9200,61.49,126.00,0.029244
856.2492,5.9200,62.03,126.00,0.028476
856.3513,5.9200,61.49,126.00,0.029189
856.4562,5.9200,62.03,126.00,0.028621
856.5526,5.9200,61.49,126.00,0.028056
856.6489,5.9200,61.22,126.50,0.028973
856.7509,5.9200,61.49,127.00,0.030259
856.8550,5.9200,61.49,127.00,0.029774
856.9627,5.9200,62.03,126.50,0.030469
857.0660,5.9200,61.76,126.50,0.029833
857.1700,5.9200,61.76,126.00,0.030134
857.2758,5.9200,61.76,126.00,0.029194
857.3795,5.9200,61.49,126.00,0.028999
857.4842,5.8550,61.49,126.50,0.030177
857.5899,5.7900,61.76,126.00,0.029979
857.6945,5.7900,61.76,126.00,0.029859
857.7996,5.7900,61.49,126.00,0.029808
857.9061,5.7900,61.76,126.00,0.030170
858.0082,5.7900,61.49,126.00,0.029996
858.1149,5.7900,61.49,126.00,0.029775
858.2193,5.7900,61.76,126.00,0.030465
858.3242,5.8205,61.22,126.00,0.030360
858.4299,5.8510,62.30,126.00,0.030548
858.5336,5.8510,61.76,126.00,0.030039
858.6383,5.8510,61.49,126.00,0.031023
858.7425,5.8510,61.22,126.00,0.030681
858.8475,5.8510,61.49,126.00,0.030775
858.9521,5.8510,61.76,126.00,0.031080
859.0554,5.8510,61.76,126.00,0.030297
859.1608,5.8510,62.03,126.00,0.030844
859.2616,5.8510,61.49,126.00,0.030104
859.3660,5.8130,61.76,126.00,0.030789
859.4706,5.7750,61.76,126.00,0.030735
859.5750,5.7750,61.76,126.00,0.030979
859.6821,5.7750,61.49,126.00,0.030726
859.7843,5.7750,61.76,126.00,0.030484
859.8823,5.7750,61.49,126.00,0.030042
859.9780,5.7750,61.49,126.00,0.029759
860.0763,5.7750,61.49,126.00,0.029599
860.1745,5.7750,61.49,126.50,0.029692
860.2732,5.7750,61.49,126.00,0.028682
860.3689,5.8590,62.03,126.00,0.029111
860.4672,5.9430,61.49,126.00,0.029088
860.5635,5.9430,61.76,126.00,0.028051
860.6614,5.9430,61.49,126.00,0.028032
860.7582,5.9430,61.76,126.00,0.028871
860.8561,5.9430,62.30,126.00,0.028667
860.9541,5.9430,61.49,126.00,0.029414
861.0518,5.9430,61.49,126.00,0.028025
861.1481,5.9430,62.03,126.00,0.028555
861.2458,5.9430,62.03,126.00,0.029459
861.3462,5.9335,61.76,126.00,0.029940
861.4467,5.9240,62.03,126.00,0.029564
861.5427,5.9240,62.03,126.00,0.029945
861.6426,5.9240,61.49,126.00,0.029919
861.7410,5.9240,61.76,126.00,0.028127
861.8380,5.9240,61.22,126.00,0.028686
861.9329,5.9240,62.30,126.00,0.029124
862.0321,5.9240,61.76,126.00,0.030070
862.1314,5.9240,61.76,126.00,0.030102
862.2311,5.9240,61.49,126.00,0.030191
862.3282,5.9470,62.03,126.00,0.029842
862.4302,5.9700,61.76,126.00,0.029620
862.5300,5.9700,62.03,126.00,0.030174
862.6287,5.9700,61.49,126.00,0.029299
862.7303,5.9700,62.30,126.00,0.029854
862.8306,5.9700,61.22,126.00,0.029614
862.9309,5.9700,61.76,126.00,0.028757
863.0300,5.9700,61.22,126.00,0.028408
863.1251,5.9700,61.49,126.00,0.028199
863.2234,5.9700,62.03,126.00,0.029243
863.3221,5.9715,61.76,126.00,0.029738
863.4227,5.9730,62.03,126.00,0.028978
863.5188,5.9730,61.76,126.00,0.028991
863.6225,5.9730,61.49,126.00,0.029625
863.7243,5.9730,61.76,126.00,0.030015
863.8210,5.9730,61.76,126.00,0.028182
863.9168,5.9730,62.30,126.00,0.028235
864.0148,5.9730,61.76,126.00,0.028822
864.1157,5.9730,61.49,126.00,0.030032
864.2191,5.9730,61.76,126.00,0.030734
864.3202,5.9140,62.03,126.00,0.030463
864.4193,5.8550,61.49,126.00,0.028113
864.5149,5.8550,62.03,126.00,0.028875
864.6192,5.8550,61.76,126.00,0.030515
864.7161,5.8550,62.30,126.00,0.028269
864.8131,5.8550,62.03,126.50,0.028339
864.9068,5.8550,61.76,127.00,0.028540
865.0063,5.8550,61.22,127.00,0.029892
865.1022,5.8550,61.76,127.00,0.029990
865.1995,5.8550,62.03,127.00,0.029934
865.3000,5.8550,61.49,127.00,0.029781
865.3975,5.9730,61.76,127.00,0.029295
865.4926,5.9730,62.30,127.00,0.029176
865.5898,5.9730,61.49,127.00,0.029361
865.6879,5.9730,62.03,127.00,0.029524
865.7915,5.9730,62.03,127.00,0.030245
865.8931,5.9730,62.03,127.00,0.029981
865.9888,5.9730,61.22,127.00,0.028176
866.0852,5.9730,62.03,127.00,0.028374
866.1827,5.9730,61.49,127.00,0.030221
866.2862,5.9730,62.03,127.00,0.029766
866.3910,5.8700,61.76,127.00,0.030159
866.4951,5.8700,62.03,127.00,0.029598
866.5988,5.8700,61.76,127.00,0.030101
866.7041,5.8700,61.76,127.00,0.029524
866.8068,5.8700,61.22,127.00,0.029406
866.9096,5.8700,62.30,127.00,0.029545
867.0130,5.8700,61.76,127.00,0.029636
867.1146,5.8700,62.03,127.00,0.028698
867.2074,5.8700,62.03,127.00,0.027557
867.3057,5.8700,62.03,127.00,0.028248
867.4053,5.8280,62.30,127.00,0.030960
867.5090,5.7860,61.76,127.00,0.030251
867.6131,5.7860,62.03,127.00,0.029435
867.7182,5.7860,62.03,127.00,0.029492
867.8205,5.7860,61.49,127.00,0.029826
867.9247,5.7860,62.03,127.00,0.029184
868.0302,5.7860,62.03,127.00,0.029923
868.1349,5.7860,61.76,127.00,0.028854
868.2395,5.7860,61.76,127.00,0.028707
868.3364,5.7860,62.03,127.00,0.027901
868.4314,5.7860,61.49,127.00,0.029039
868.5331,5.8150,62.03,127.00,0.030446
868.6349,5.8440,61.49,127.00,0.030418
868.7402,5.8440,62.03,127.00,0.029890
868.8456,5.8440,61.76,127.00,0.029986
868.9472,5.8440,62.30,127.00,0.029906
869.0528,5.8440,61.76,128.00,0.029712
869.1490,5.8440,62.30,128.00,0.028364
869.2451,5.8440,61.76,128.00,0.028297
869.3433,5.8440,61.76,128.00,0.030033
869.4446,5.8780,62.30,128.00,0.028299
869.5454,5.8780,62.03,128.00,0.030460
869.6446,5.8780,61.76,128.00,0.028697
869.7383,5.8780,62.30,128.00,0.027955
869.8360,5.8780,61.76,128.00,0.028242
869.9355,5.8780,62.03,128.00,0.030997
870.0384,5.8780,62.03,128.00,0.030437
870.1422,5.8780,61.76,128.00,0.030630
870.2483,5.8780,61.76,128.00,0.031222
870.3566,5.8895,61.76,128.00,0.031226
870.4598,5.9010,61.22,128.00,0.030359
870.5659,5.9010,62.30,128.00,0.031310
870.6664,5.9010,61.49,128.00,0.030301
870.7644,5.9010,61.76,128.00,0.030238
870.8631,5.9010,62.03,128.00,0.029505
870.9609,5.9010,61.76,128.00,0.029961
871.0581,5.9010,61.76,128.00,0.030049
871.1539,5.9010,62.30,128.00,0.029886
871.2517,5.9010,62.03,128.00,0.030098
871.3501,5.9430,61.76,128.00,0.030234
871.4473,5.9850,61.76,128.00,0.029275
871.5448,5.9850,62.03,128.00,0.029496
871.6437,5.9850,61.49,128.00,0.029415
871.7397,5.9850,62.03,128.00,0.029710
871.8390,5.9850,61.76,128.00,0.029229
871.9342,5.9850,61.76,128.00,0.029233
872.0311,5.9850,61.49,128.00,0.029144
872.1257,5.9850,62.03,128.00,0.028740
872.2230,5.9850,61.76,128.00,0.029033
872.3189,5.9680,61.76,128.00,0.029721
872.4183,5.9510,61.49,128.00,0.028994
872.5121,5.9510,61.76,129.00,0.028195
872.6134,5.9510,62.03,129.00,0.029691
872.7089,5.9510,62.30,129.00,0.029593
872.8086,5.9510,62.03,129.00,0.030102
872.9071,5.9510,61.49,129.00,0.029922
873.0065,5.9510,61.49,129.00,0.030006
873.1040,5.9510,61.76,129.00,0.029539
873.2013,5.9510,61.49,129.00,0.029721
873.2965,5.9510,62.30,129.00,0.029509
873.3967,5.9920,61.76,129.00,0.029989
873.4949,5.9920,62.30,129.00,0.029973
873.5943,5.9920,61.49,129.00,0.029407
873.6906,5.9920,61.76,129.00,0.029617
873.7887,5.9920,61.49,129.00,0.029896
873.8856,5.9920,62.30,129.00,0.029102
873.9869,5.9920,62.30,129.00,0.029728
874.0866,5.9920,61.76,129.00,0.029664
874.1897,5.9920,61.49,129.00,0.030109
874.2894,5.9920,61.76,129.00,0.029602
874.3937,5.8930,62.03,129.00,0.030371
874.4932,5.8930,62.30,129.00,0.028103
874.5893,5.8930,62.03,129.00,0.028662
874.6846,5.8930,61.76,129.00,0.028940
874.7904,5.8930,62.30,129.00,0.029678
874.8933,5.8930,61.49,129.00,0.029263
874.9962,5.8930,61.76,129.00,0.029368
875.0991,5.8930,62.03,129.00,0.029041
875.2030,5.8930,62.03,129.00,0.029882
875.3061,5.8930,62.03,129.00,0.028178
875.4008,5.8250,62.03,129.00,0.028311
875.4958,5.8250,62.03,129.00,0.028251
875.5980,5.8250,61.76,129.00,0.030417
875.7011,5.8250,62.30,129.00,0.030082
875.8048,5.8250,62.30,129.00,0.028907
875.9092,5.8250,61.76,129.00,0.029734
876.0116,5.8250,61.49,129.00,0.029310
876.1162,5.8250,62.03,129.00,0.029276
876.2211,5.8250,61.76,129.00,0.029419
876.3241,5.8285,62.30,129.00,0.029938
876.4288,5.8320,62.30,129.00,0.028993
876.5253,5.8320,61.22,129.00,0.028720
876.6214,5.8320,61.76,129.00,0.028212
876.7205,5.8320,61.76,129.00,0.029946
876.8217,5.8320,62.30,129.00,0.030170
876.9253,5.8320,61.76,129.00,0.030869
877.0305,5.8320,61.76,129.00,0.030343
877.1352,5.8320,61.76,129.00,0.030021
877.2382,5.8320,61.76,129.00,0.029811
877.3432,5.8740,61.49,129.00,0.030046
877.4481,5.9160,61.49,129.00,0.029117
877.5492,5.9160,62.03,129.00,0.029597
877.6519,5.9160,62.03,129.00,0.028872
877.7512,5.9160,61.22,129.00,0.029227
877.8464,5.9160,62.03,129.00,0.029274
877.9461,5.9160,61.49,129.00,0.029819
878.0436,5.9160,62.03,129.00,0.029317
878.1431,5.9160,61.76,129.00,0.028091
878.2365,5.9160,61.76,129.00,0.028411
878.3363,5.9180,62.03,129.00,0.030267
878.4340,5.9200,61.76,129.00,0.029354
878.5312,5.9200,61.76,128.50,0.029476
878.6291,5.9200,62.03,128.00,0.029916
878.7263,5.9200,62.03,128.50,0.029732
878.8220,5.9200,61.76,128.00,0.030146
878.9195,5.9200,62.30,128.00,0.030116
879.0163,5.9200,62.03,128.00,0.028933
879.1136,5.9200,61.76,128.00,0.029297
879.2099,5.9200,62.03,128.00,0.029766
879.3094,5.9200,62.03,128.00,0.028970
879.4060,5.9430,62.03,128.00,0.029407
879.5066,5.9430,62.03,128.00,0.030029
879.6067,5.9430,61.49,128.00,0.029397
879.7049,5.9430,62.30,128.00,0.029019
879.8002,5.9430,62.03,128.50,0.028734
879.8998,5.9430,62.30,128.50,0.029078
879.9977,5.9430,61.76,128.00,0.029233
880.0980,5.9430,62.03,128.00,0.029671
880.1957,5.9430,61.76,128.50,0.029480
880.2979,5.9430,62.30,128.00,0.029143
880.3942,5.9850,62.03,128.00,0.029634
880.4917,5.9850,62.03,128.00,0.029946
880.5893,5.9850,61.76,128.50,0.029422
880.6863,5.9850,61.76,128.00,0.029123
880.7807,5.9850,62.30,128.50,0.027527
880.8762,5.9850,61.76,128.50,0.028529
880.9739,5.9850,61.76,128.00,0.030424
881.0710,5.9850,61.76,128.00,0.029642
881.1659,5.9850,62.03,128.00,0.029231
881.2630,5.9850,62.03,128.00,0.029370
881.3585,5.9660,62.03,128.00,0.029485
881.4579,5.9470,62.03,128.00,0.029214
881.5535,5.9470,62.03,128.00,0.029232
881.6508,5.9470,62.30,128.00,0.029013
881.7460,5.9470,62.30,128.00,0.029123
881.8431,5.9470,61.76,128.00,0.029675
881.9381,5.9470,61.76,128.00,0.029407
882.0354,5.9470,61.76,128.00,0.029489
882.1330,5.9470,62.30,128.00,0.030021
882.2275,5.9470,61.49,128.00,0.027644
882.3209,5.9470,61.76,128.00,0.028523
882.4176,5.9470,62.03,128.00,0.029001
882.5165,5.9470,62.03,128.00,0.027833
882.6121,5.9470,61.76,129.00,0.028393
882.7113,5.9470,62.03,129.00,0.031050
882.8133,5.9470,62.03,129.00,0.029673
882.9099,5.9470,62.03,129.00,0.028692
883.0102,5.9470,61.49,129.00,0.029738
883.1111,5.9470,61.76,129.00,0.030267
883.2170,5.9470,61.76,129.00,0.030555
883.3179,5.9470,62.03,129.00,0.029828
883.4131,5.9470,62.30,129.00,0.028255
883.5105,5.9470,61.76,129.00,0.028592
883.6106,5.9470,62.03,129.00,0.030005
883.7104,5.9470,61.49,129.00,0.027892
883.8059,5.9470,62.03,129.00,0.027707
883.9004,5.9470,61.76,129.00,0.028515
884.0017,5.9470,62.30,129.00,0.029614
884.1051,5.9470,62.03,129.00,0.029563
884.2092,5.9470,61.76,129.00,0.029449
884.3122,5.9470,62.30,129.00,0.029181
884.4179,5.9470,61.76,129.00,0.029336
884.5228,5.9470,62.30,129.00,0.029539
884.6246,5.9470,61.76,129.00,0.029770
884.7274,5.9470,61.49,129.00,0.029226
884.8312,5.9470,61.22,129.00,0.030056
884.9280,5.9470,61.49,129.00,0.027983
885.0228,5.9470,62.30,129.00,0.028289
885.1233,5.9470,62.03,129.00,0.029991
885.2259,5.9470,61.49,129.00,0.030543
885.3278,5.9470,62.03,129.00,0.030250
885.4311,5.9470,61.49,129.00,0.030024
885.5338,5.9470,62.03,129.00,0.029398
885.6381,5.9470,62.03,129.00,0.031082
885.7432,5.9470,62.30,129.00,0.029564
885.8476,5.9470,61.76,129.00,0.029071
885.9533,5.9470,62.03,129.00,0.029832
886.0583,5.9470,62.03,129.00,0.029522
886.1636,5.9470,62.30,129.00,0.029623
886.2669,5.9470,61.76,129.00,0.029565
886.3699,5.9545,61.76,129.00,0.029919
886.4763,5.9620,62.30,129.00,0.030021
886.5804,5.9620,62.30,129.00,0.030092
886.6803,5.9620,62.30,129.00,0.028127
886.7783,5.9620,61.76,129.00,0.029299
886.8825,5.9620,61.22,129.00,0.029872
886.9859,5.9620,62.03,129.00,0.027645
887.0804,5.9620,62.30,129.00,0.028830
887.1756,5.9620,62.30,129.00,0.028105
887.2735,5.9620,62.03,129.00,0.028477
887.3720,5.9620,62.03,129.00,0.030187
887.4758,5.9620,61.76,129.00,0.030457
887.5787,5.9620,61.76,129.00,0.030570
887.6836,5.9620,62.30,129.00,0.029700
887.7889,5.9180,61.76,129.00,0.031810
887.8942,5.8740,61.49,129.00,0.029090
887.9965,5.8740,61.76,129.00,0.029013
888.0982,5.8740,61.76,129.50,0.029737
888.2044,5.8740,61.76,130.00,0.029906
888.3083,5.8740,62.03,130.00,0.029442
888.4132,5.9280,62.30,130.00,0.029239
888.5122,5.9280,61.49,130.00,0.027885
888.6085,5.9280,62.03,130.00,0.027922
888.7058,5.9280,62.03,130.00,0.029069
888.8120,5.9280,61.49,130.00,0.029661
888.9161,5.9280,62.30,130.00,0.029912
889.0204,5.9280,61.76,130.00,0.029673
889.1241,5.9280,61.76,130.00,0.029464
889.2299,5.9280,62.30,130.00,0.029538
889.3363,5.8535,61.49,130.00,0.030049
889.4418,5.7790,62.30,130.00,0.029413
889.5454,5.7790,61.76,130.00,0.029327
889.6513,5.7790,61.49,130.00,0.030062
889.7526,5.7790,62.03,130.00,0.029104
889.8497,5.7790,61.76,130.00,0.029637
889.9534,5.7790,61.76,130.00,0.029742
890.0583,5.7790,61.76,130.00,0.029924
890.1619,5.7790,62.03,130.00,0.029958
890.2663,5.7790,61.76,130.00,0.030451
890.3693,5.8665,62.30,130.00,0.029585
890.4751,5.9540,61.49,130.00,0.029884
890.5790,5.9540,62.03,130.00,0.029994
890.6807,5.9540,62.03,130.00,0.029448
890.7758,5.9540,62.30,130.00,0.028673
890.8748,5.9540,61.22,130.00,0.029641
890.9751,5.9540,62.03,130.00,0.029263
891.0706,5.9540,61.76,130.00,0.029027
891.1704,5.9540,61.76,130.00,0.029571
891.2692,5.9540,62.03,130.00,0.029178
891.3675,5.9160,62.30,130.00,0.029403
891.4669,5.8780,61.76,130.00,0.029460
891.5654,5.8780,61.76,130.00,0.029843
891.6621,5.8780,62.30,130.00,0.029744
891.7624,5.8780,62.30,130.00,0.029791
891.8616,5.8780,62.03,130.00,0.030080
891.9620,5.8780,61.76,130.00,0.029679
892.0591,5.8780,62.03,130.00,0.030116
892.1599,5.8780,62.30,130.00,0.028380
892.2567,5.8780,62.03,130.00,0.028626
892.3546,5.8780,62.30,130.00,0.029454
892.4542,5.8250,62.03,130.00,0.029530
892.5527,5.8250,61.22,130.00,0.028063
892.6490,5.8250,62.03,130.00,0.028286
892.7463,5.8250,62.03,130.00,0.029725
892.8425,5.8250,61.76,130.00,0.029387
892.9383,5.8250,62.30,130.00,0.027724
893.0322,5.8250,61.22,130.00,0.028337
893.1306,5.8250,62.03,130.00,0.028556
893.2249,5.8250,62.30,130.00,0.028063
893.3250,5.9010,62.03,130.00,0.029028
893.4216,5.9770,62.03,130.00,0.029327
893.5187,5.9770,62.03,130.00,0.028891
893.6137,5.9770,62.03,130.00,0.029036
893.7140,5.9770,61.22,130.00,0.029421
893.8178,5.9770,61.76,130.00,0.030525
893.9217,5.9770,61.76,130.00,0.030682
894.0247,5.9770,61.76,130.00,0.030069
894.1310,5.9770,61.76,130.00,0.029160
894.2301,5.9770,62.30,130.00,0.029085
894.3309,5.9065,62.30,130.00,0.029421
894.4348,5.8360,62.03,130.00,0.030457
894.5377,5.8360,62.30,130.00,0.030166
894.6429,5.8360,62.03,130.00,0.030258
894.7465,5.8360,62.30,130.00,0.030129
894.8519,5.8360,62.30,130.00,0.029888
894.9553,5.8360,61.76,130.00,0.029750
895.0585,5.8360,61.76,130.00,0.029467
895.1638,5.8360,61.49,130.00,0.028932
895.2688,5.8360,62.30,130.00,0.029332
895.3749,5.7900,61.76,130.00,0.028918
895.4729,5.7440,62.03,130.00,0.027942
895.5691,5.7440,61.49,130.00,0.027941
895.6701,5.7440,61.49,130.00,0.029766
895.7756,5.7440,62.03,130.00,0.029733
895.8818,5.7440,61.76,130.00,0.030016
895.9847,5.7440,61.76,130.00,0.029616
896.0818,5.7440,61.49,130.00,0.027939
896.1780,5.7440,61.49,130.00,0.027527
896.2771,5.7440,62.30,130.00,0.028666
896.3842,5.8170,61.76,130.00,0.030465
896.4895,5.8170,61.76,130.00,0.029947
896.5902,5.8170,61.49,130.00,0.029506
896.6854,5.8170,61.76,130.00,0.029457
896.7831,5.8170,62.03,130.00,0.029450
896.8830,5.8170,61.49,130.00,0.029829
896.9826,5.8170,61.76,130.00,0.029674
897.0782,5.8170,62.03,130.00,0.029805
897.1785,5.8170,62.30,130.00,0.030048
897.2745,5.8170,62.03,130.00,0.029778
897.3744,5.8645,62.03,130.00,0.029632
897.4708,5.9120,61.76,130.00,0.029589
897.5691,5.9120,62.30,130.00,0.028118
897.6643,5.9120,62.30,130.00,0.028570
897.7627,5.9120,62.03,130.00,0.028969
897.8587,5.9120,61.49,130.00,0.029696
897.9570,5.9120,61.49,130.00,0.028060
898.0533,5.9120,62.30,130.00,0.028364
898.1497,5.9120,62.30,130.00,0.028496
898.2448,5.9120,61.76,130.00,0.028599
898.3405,5.9120,61.49,130.00,0.028121
898.4384,5.9310,62.30,130.00,0.029805
898.5387,5.9310,62.30,130.00,0.029493
898.6389,5.9310,62.30,130.00,0.029230
898.7353,5.9310,62.03,130.00,0.029176
898.8314,5.9310,61.76,130.00,0.029829
898.9293,5.9310,62.03,130.00,0.027648
899.0250,5.9310,62.30,130.00,0.028248
899.1197,5.9310,62.03,130.00,0.027688
899.2145,5.9310,61.49,130.00,0.029403
899.3140,5.9310,62.30,130.00,0.029962
899.4101,5.9280,62.30,130.00,0.029936
899.5081,5.9280,62.03,130.00,0.030230
899.6056,5.9280,62.03,130.00,0.029431
899.7032,5.9280,62.30,130.00,0.029475
899.7986,5.9280,62.03,130.00,0.029415
899.8954,5.9280,61.49,130.00,0.028721
899.9905,5.9280,62.30,130.00,0.029157
900.0873,5.9280,61.76,130.00,0.028968
900.1800,5.9280,62.03,130.00,0.027811
900.2791,5.9280,62.30,130.00,0.029988
900.3792,5.9410,62.03,130.00,0.030200
900.4823,5.9540,62.03,130.00,0.029822
900.5858,5.9540,62.03,130.00,0.030369
900.6906,5.9540,62.03,130.00,0.029716
900.7923,5.9540,61.76,130.00,0.030096
900.8945,5.9540,62.30,130.00,0.029757
900.9936,5.9540,62.30,130.00,0.028224
901.0879,5.9540,62.03,130.00,0.028858
901.1863,5.9540,62.30,130.00,0.028536
901.2885,5.9540,62.30,130.00,0.030576
901.3931,5.9850,62.30,130.00,0.030570
901.4946,5.9850,62.03,130.00,0.030603
901.6005,5.9850,62.03,130.00,0.030828
901.7067,5.9850,62.30,130.00,0.030477
901.8126,5.9850,61.76,130.00,0.030469
901.9155,5.9850,62.30,130.00,0.030308
902.0210,5.9850,62.03,130.00,0.029987
902.1263,5.9850,61.76,130.00,0.029894
902.2314,5.9850,61.49,130.00,0.029296
902.3348,5.9335,62.03,130.00,0.029996
902.4398,5.8820,62.03,130.00,0.028935
902.5443,5.8820,62.30,130.00,0.029139
902.6459,5.8820,62.03,130.00,0.029327
902.7500,5.8820,61.76,130.00,0.029555
902.8566,5.8820,61.76,130.00,0.030497
902.9632,5.8820,62.03,130.50,0.030466
903.0657,5.8820,61.76,131.00,0.029402
903.1691,5.8820,61.22,131.00,0.029748
903.2701,5.8820,62.30,131.00,0.029868
903.3729,5.8855,61.22,131.00,0.029397
903.4786,5.8890,61.76,131.00,0.029871
903.5792,5.8890,62.03,131.00,0.029524
903.6854,5.8890,61.76,131.00,0.030145
903.7909,5.8890,61.76,131.00,0.030333
903.8951,5.8890,61.76,131.00,0.030803
903.9985,5.8890,61.49,131.00,0.030242
904.1017,5.8890,62.03,131.00,0.030314
904.2070,5.8890,62.30,131.00,0.030563
904.3104,5.8890,62.30,131.00,0.030394
904.4165,5.9430,61.76,131.00,0.030115
904.5181,5.9430,62.03,131.00,0.030715
904.6239,5.9430,62.03,131.00,0.030605
904.7273,5.9430,62.30,131.00,0.030810
904.8328,5.9430,61.76,131.00,0.030680
904.9363,5.9430,61.76,131.00,0.031222
905.0407,5.9430,61.76,131.00,0.030162
905.1444,5.9430,62.03,131.00,0.031241
905.2417,5.9430,62.03,131.00,0.027706
905.3356,5.9430,62.30,131.00,0.028269
905.4365,5.9430,61.49,130.50,0.029187
905.5351,5.8950,61.76,131.00,0.030504
905.6398,5.8470,62.30,131.00,0.031318
905.7372,5.8470,62.03,131.00,0.028362
905.8305,5.8470,62.30,131.00,0.028355
905.9259,5.8470,62.30,131.00,0.028140
906.0237,5.8470,62.03,131.00,0.029926
906.1253,5.8470,62.03,131.00,0.029808
906.2282,5.8470,62.03,130.50,0.029270
906.3348,5.8795,62.03,130.00,0.031164
906.4387,5.9120,61.49,130.00,0.030111
906.5475,5.9120,62.03,130.00,0.030117
906.6548,5.9120,62.03,130.00,0.030149
906.7584,5.9120,61.22,130.00,0.029818
906.8621,5.9120,62.03,130.00,0.030066
906.9665,5.9120,61.76,130.00,0.031163
907.0673,5.9120,62.30,131.00,0.028779
907.1668,5.9120,61.49,131.00,0.030264
907.2700,5.9120,61.76,131.00,0.030227
907.3720,5.9120,62.03,131.00,0.027453
907.4664,5.9120,61.49,131.00,0.028512
907.5624,5.9120,62.30,131.00,0.028245
907.6652,5.8895,61.76,131.00,0.029348
907.7687,5.8670,61.49,131.00,0.029691
907.8702,5.8670,62.03,131.00,0.029778
907.9753,5.8670,61.76,131.00,0.029526
908.0766,5.8670,62.03,131.00,0.029722
908.1761,5.8670,61.76,131.00,0.028825
908.2780,5.8670,61.76,131.00,0.028956
908.3769,5.9220,61.49,131.00,0.028731
908.4730,5.9770,61.76,131.00,0.029181
908.5733,5.9770,62.03,131.00,0.029207
908.6747,5.9770,62.30,131.00,0.030560
908.7721,5.9770,62.30,131.00,0.028044
908.8667,5.9770,61.76,131.00,0.028695
908.9656,5.9770,61.76,131.00,0.030228
909.0640,5.9770,61.76,131.00,0.030108
909.1685,5.9770,61.76,131.00,0.031228
909.2724,5.9770,62.30,128.50,0.031503
909.3762,5.9770,62.30,126.00,0.031089
909.4800,5.9770,62.03,127.00,0.027544
909.5762,5.9770,61.76,127.00,0.028474
909.6725,5.9770,62.03,127.00,0.029144
909.7741,5.9770,61.49,127.00,0.030674
909.8703,5.9770,62.30,127.00,0.030303
909.9702,5.9770,61.22,127.00,0.030077
910.0664,5.9770,62.03,127.00,0.030075
910.1654,5.9770,62.30,127.00,0.028494
910.2614,5.9770,61.76,127.00,0.028631
910.3598,5.9330,61.76,127.00,0.028813
910.4580,5.8890,61.76,127.00,0.029932
910.5568,5.8890,62.03,127.00,0.029580
910.6554,5.8890,62.03,127.00,0.029443
910.7589,5.8890,62.30,127.00,0.030215
910.8549,5.8890,61.76,127.00,0.030022
910.9521,5.8890,62.03,127.00,0.028939
911.0500,5.8890,62.30,127.00,0.029493
911.1477,5.8890,62.30,127.00,0.027870
911.2411,5.8890,62.30,127.00,0.027933
911.3408,5.8890,62.03,127.00,0.028347
911.4373,5.9295,62.03,127.00,0.029628
911.5383,5.9700,62.03,127.00,0.029822
911.6366,5.9700,62.03,127.00,0.029651
911.7354,5.9700,62.03,127.00,0.029710
911.8397,5.9700,62.30,127.00,0.030484
911.9414,5.9700,61.76,127.00,0.028832
912.0361,5.9700,62.03,127.00,0.028820
912.1341,5.9700,62.03,127.00,0.029814
912.2337,5.9700,62.03,127.00,0.030159
912.3358,5.9470,62.03,127.00,0.030980
912.4345,5.9240,62.30,127.00,0.029714
912.5342,5.9240,62.30,127.00,0.030291
912.6309,5.9240,61.49,127.00,0.029997
912.7314,5.9240,62.30,127.00,0.029370
912.8302,5.9240,62.30,127.00,0.029850
912.9292,5.9240,62.03,127.00,0.028021
913.0253,5.9240,62.30,127.00,0.028105
913.1234,5.9240,61.76,127.00,0.028793
913.2200,5.9240,62.03,127.00,0.030090
913.3187,5.9125,62.30,127.00,0.029823
913.4173,5.9010,61.76,127.00,0.029237
913.5187,5.9010,61.49,127.00,0.029746
913.6165,5.9010,61.76,127.00,0.029248
913.7181,5.9010,62.03,127.00,0.029662
913.8142,5.9010,62.03,127.00,0.029494
913.9156,5.9010,61.49,127.00,0.030131
914.0150,5.9010,62.03,127.00,0.029850
914.1174,5.9010,61.49,127.00,0.029525
914.2186,5.9010,62.03,127.00,0.029639
914.3240,5.8895,62.03,127.00,0.030576
914.4297,5.8780,62.03,127.00,0.028491
914.5254,5.8780,62.30,127.00,0.027821
914.6200,5.8780,61.76,127.00,0.028208
914.7205,5.8780,62.30,127.00,0.027931
914.8140,5.8780,62.30,127.00,0.028370
914.9132,5.8780,62.30,127.00,0.028749
915.0114,5.8780,61.49,127.50,0.030823
915.1160,5.8780,61.76,128.00,0.030917
915.2160,5.8780,62.03,128.00,0.030885
915.3197,5.9145,62.03,128.00,0.031450
915.4205,5.9510,61.76,128.00,0.031047
915.5173,5.9510,61.76,128.00,0.028291
915.6116,5.9510,62.03,128.00,0.028296
915.7087,5.9510,61.76,128.00,0.028571
915.8041,5.9510,61.49,128.00,0.028368
915.9025,5.9510,61.76,128.00,0.028627
915.9987,5.9510,61.76,128.00,0.029697
916.0999,5.9510,62.30,128.00,0.029806
916.1957,5.9510,61.76,128.00,0.029529
916.2957,5.9510,62.30,128.00,0.029657
916.3922,5.9470,62.30,128.00,0.029178
916.4947,5.9470,62.30,128.00,0.029906
916.5933,5.9470,62.03,128.00,0.029288
916.6923,5.9470,61.76,128.00,0.028826
916.7904,5.9470,62.30,128.00,0.029247
916.8881,5.9470,62.30,128.00,0.028702
916.9859,5.9470,62.30,128.00,0.029075
917.0852,5.9470,62.30,128.00,0.028516
917.1781,5.9470,62.03,128.00,0.028008
917.2751,5.9470,62.30,128.00,0.029427
917.3705,5.9410,61.76,128.00,0.029326
917.4693,5.9350,62.30,128.00,0.029578
917.5670,5.9350,62.03,128.00,0.029675
917.6698,5.9350,62.03,128.00,0.029312
917.7678,5.9350,62.30,128.00,0.029578
917.8672,5.9350,61.49,128.00,0.029094
917.9659,5.9350,62.30,128.00,0.029991
918.0642,5.9350,62.30,128.00,0.029495
918.1620,5.9350,61.49,128.00,0.029340
918.2623,5.9350,62.03,128.00,0.029501
918.3583,5.9580,62.30,128.00,0.029675
918.4588,5.9810,61.76,128.00,0.029712
918.5585,5.9810,62.03,128.00,0.029793
918.6566,5.9810,62.30,128.00,0.029576
918.7547,5.9810,61.76,128.00,0.029483
918.8514,5.9810,61.76,128.00,0.028002
918.9490,5.9810,62.03,128.00,0.027936
919.0448,5.9810,62.30,128.00,0.028012
919.1419,5.9810,61.76,128.00,0.028857
919.2430,5.9810,62.30,128.00,0.029700
919.3404,5.9560,61.76,128.00,0.029121
919.4414,5.9310,61.76,128.00,0.029085
919.5344,5.9310,62.03,128.00,0.027994
919.6303,5.9310,61.76,128.00,0.028624
919.7243,5.9310,62.03,128.00,0.029008
919.8227,5.9310,61.76,128.00,0.029751
919.9198,5.9310,62.30,128.00,0.028960
920.0180,5.9310,62.30,128.00,0.029548
920.1136,5.9310,61.76,128.00,0.029549
920.2123,5.9310,62.30,128.00,0.028569
920.3055,5.9310,62.30,128.00,0.028264
920.4030,5.9560,62.03,128.00,0.029229
920.4989,5.9810,61.76,128.00,0.030257
920.5950,5.9810,62.03,128.00,0.028064
920.6883,5.9810,61.76,128.00,0.028158
920.7851,5.9810,61.49,128.00,0.028496
920.8812,5.9810,62.30,128.00,0.029441
920.9791,5.9810,62.30,128.00,0.028944
921.0767,5.9810,62.30,128.00,0.029191
921.1726,5.9810,62.03,128.00,0.027747
921.2688,5.9810,62.30,128.00,0.028215
921.3652,5.9810,62.03,128.00,0.028286
921.4597,5.9540,62.30,128.00,0.028275
921.5610,5.9540,62.03,128.00,0.028646
921.6585,5.9540,62.03,128.00,0.029782
921.7570,5.9540,62.03,128.00,0.029773
921.8523,5.9540,62.30,128.00,0.029257
921.9507,5.9540,62.03,128.00,0.029654
922.0475,5.9540,62.03,128.00,0.027660
922.1452,5.9540,62.30,128.00,0.027682
922.2411,5.9540,62.30,128.00,0.028375
922.3384,5.9330,61.76,128.00,0.029699
922.4384,5.9120,62.30,127.50,0.029182
922.5361,5.9120,61.76,127.00,0.029198
922.6347,5.9120,61.76,127.50,0.029831
922.7352,5.9120,61.76,127.00,0.029278
922.8335,5.9120,61.76,127.50,0.028986
922.9313,5.9120,62.30,127.50,0.029056
923.0315,5.9120,62.30,128.00,0.029213
923.1327,5.9120,62.03,128.00,0.027715
923.2259,5.9120,62.03,128.00,0.028232
923.3210,5.9120,61.49,127.00,0.027732
923.4189,5.8930,62.03,127.00,0.029348
923.5161,5.8930,61.76,127.50,0.028747
923.6123,5.8930,62.03,127.00,0.029374
923.7109,5.8930,62.30,127.00,0.029521
923.8068,5.8930,62.03,127.50,0.030066
923.9049,5.8930,61.76,127.00,0.029419
924.0030,5.8930,61.49,127.00,0.029823
924.1020,5.8930,62.30,127.00,0.028524
924.1957,5.8930,62.30,127.00,0.028377
924.2944,5.8930,62.30,127.00,0.029288
924.3942,5.9430,62.30,127.00,0.030303
924.4920,5.9430,62.03,127.00,0.029219
924.5862,5.9430,62.03,127.00,0.027736
924.6849,5.9430,61.76,127.00,0.028339
924.7799,5.9430,62.03,127.00,0.029058
924.8779,5.9430,62.30,127.00,0.028790
924.9725,5.9430,62.03,127.00,0.028519
925.0701,5.9430,62.30,127.00,0.028527
925.1653,5.9430,62.30,127.00,0.028630
925.2655,5.9430,62.30,127.00,0.029022
925.3633,5.9410,61.76,127.00,0.029082
925.4662,5.9390,62.30,127.00,0.029268
925.5618,5.9390,62.03,127.00,0.029580
925.6606,5.9390,62.30,127.00,0.029395
925.7586,5.9390,62.03,127.00,0.029324
925.8566,5.9390,62.30,127.00,0.028091
925.9550,5.9390,62.03,127.00,0.029618
926.0559,5.9390,62.03,127.00,0.029723
926.1514,5.9390,61.76,127.00,0.029519
926.2545,5.9390,62.03,127.00,0.029627
926.3552,5.9525,62.03,127.00,0.029342
926.4570,5.9660,61.76,127.00,0.029714
926.5558,5.9660,62.03,127.00,0.030169
926.6545,5.9660,61.49,127.00,0.030054
926.7510,5.9660,61.49,127.00,0.030227
926.8521,5.9660,62.30,127.00,0.030249
926.9510,5.9660,62.03,127.00,0.029979
927.0551,5.9660,62.30,127.00,0.030332
927.1559,5.9660,62.03,127.00,0.030011
927.2576,5.9660,62.30,127.00,0.029986
927.3588,5.9220,62.03,127.00,0.029996
927.4608,5.8780,61.22,127.00,0.029903
927.5594,5.8780,62.03,127.00,0.029259
927.6588,5.8780,61.76,127.00,0.030147
927.7527,5.8780,62.03,127.00,0.028063
927.8487,5.8780,61.49,127.00,0.028067
927.9425,5.8780,61.76,127.00,0.028336
928.0453,5.8780,61.76,127.00,0.029346
928.1468,5.8780,61.76,127.50,0.029692
928.2498,5.8780,62.30,127.00,0.028834
928.3434,5.8780,61.49,127.00,0.028074
928.4423,5.8780,62.03,127.00,0.028067
928.5422,5.8320,62.03,127.00,0.029915
928.6475,5.7860,62.30,127.00,0.029798
928.7489,5.7860,62.30,127.00,0.029940
928.8552,5.7860,61.76,127.00,0.029389
928.9598,5.7860,62.03,127.00,0.029567
929.0632,5.7860,62.03,127.00,0.029379
929.1693,5.7860,62.03,127.00,0.029375
929.2738,5.7860,61.76,127.00,0.029426
929.3810,5.8970,62.03,127.00,0.029852
929.4853,5.8970,62.03,127.00,0.029908
929.5897,5.8970,62.03,127.00,0.029841
929.6953,5.8970,61.76,127.00,0.030382
929.7991,5.8970,61.49,127.00,0.029761
929.9048,5.8970,62.03,127.00,0.030405
930.0071,5.8970,62.03,127.00,0.030061
930.1102,5.8970,62.03,127.00,0.030769
930.2150,5.8970,62.30,127.00,0.030122
930.3200,5.8665,62.03,127.00,0.031169
930.4268,5.8360,62.30,127.00,0.030243
930.5348,5.8360,62.03,127.00,0.030858
930.6396,5.8360,62.03,127.00,0.030588
930.7439,5.8360,62.03,127.00,0.030574
930.8471,5.8360,61.76,127.00,0.031108
930.9531,5.8360,61.76,127.00,0.031623
931.0558,5.8360,62.03,127.00,0.031132
931.1589,5.8360,61.76,127.00,0.031242
931.2564,5.8360,61.76,127.00,0.028157
931.3531,5.8360,62.03,127.00,0.028394
931.4564,5.9065,61.49,127.00,0.032123
931.5645,5.9770,61.49,127.00,0.031528
931.6701,5.9770,62.30,127.00,0.031281
931.7768,5.9770,61.76,127.00,0.031696
931.8826,5.9770,62.03,127.00,0.030944
931.9878,5.9770,61.76,127.00,0.031085
932.0935,5.9770,62.03,127.00,0.031461
932.1978,5.9770,62.03,127.00,0.030814
932.3029,5.9770,62.30,127.00,0.029905
932.4004,5.7480,62.03,127.00,0.027975
932.4940,5.7480,61.76,127.00,0.028274
932.5922,5.7480,62.30,127.00,0.029904
932.6905,5.7480,62.03,127.00,0.029884
932.7892,5.7480,62.03,127.00,0.028016
932.8849,5.7480,62.03,127.00,0.028209
932.9812,5.7480,62.03,127.00,0.027886
933.0739,5.7480,61.76,127.00,0.027792
933.1694,5.7480,62.30,127.00,0.028015
933.2658,5.7480,61.76,127.00,0.028966
933.3686,5.8645,62.30,127.00,0.029415
933.4718,5.9810,61.49,127.00,0.029301
933.5760,5.9810,62.03,127.00,0.029350
933.6774,5.9810,62.03,127.00,0.029729
933.7826,5.9810,62.03,127.00,0.030296
933.8872,5.9810,62.03,127.00,0.029898
933.9914,5.9810,62.30,127.00,0.030027
934.0954,5.9810,62.30,127.00,0.030119
934.1973,5.9810,62.03,127.00,0.029945
934.3040,5.9810,62.30,127.00,0.029585
934.4063,5.8890,61.76,127.00,0.030013
934.5049,5.8890,62.03,127.00,0.027959
934.6012,5.8890,62.03,127.00,0.028618
934.7008,5.8890,62.03,127.00,0.030558
934.8058,5.8890,62.03,127.00,0.030610
934.9101,5.8890,61.76,127.00,0.030314
935.0149,5.8890,62.30,127.00,0.029962
935.1201,5.8890,62.03,127.00,0.030052
935.2249,5.8890,61.76,127.00,0.029960
935.3311,5.9160,61.49,127.00,0.030863
935.4348,5.9430,62.03,127.00,0.030532
935.5388,5.9430,62.03,127.00,0.030804
935.6448,5.9430,61.76,127.00,0.031588
935.7476,5.9430,62.03,127.00,0.030946
935.8514,5.9430,61.76,127.00,0.030774
935.9573,5.9430,61.76,127.00,0.031052
936.0611,5.9430,62.03,127.00,0.030570
936.1676,5.9430,62.03,127.00,0.030976
936.2647,5.9430,62.30,127.00,0.028016
936.3602,5.9430,61.22,127.00,0.028580
936.4612,5.8455,61.76,127.00,0.028863
936.5582,5.7480,61.76,127.00,0.028175
936.6553,5.7480,62.03,127.00,0.029418
936.7586,5.7480,62.03,127.00,0.029989
936.8636,5.7480,62.03,127.00,0.029983
936.9675,5.7480,61.76,127.00,0.030251
937.0748,5.7480,61.49,127.00,0.030296
937.1818,5.7480,62.03,127.00,0.030926
937.2889,5.7480,62.30,127.00,0.030414
937.3968,5.8740,62.03,127.00,0.030945
937.5007,5.8740,62.03,127.00,0.029411
937.6017,5.8740,61.49,127.00,0.030187
937.6998,5.8740,61.76,127.00,0.027791
937.7980,5.8740,62.03,127.00,0.028118
937.8922,5.8740,62.30,127.00,0.028174
937.9902,5.8740,61.76,127.00,0.029473
938.0865,5.8740,61.76,127.00,0.029273
938.1861,5.8740,61.76,127.00,0.028175
938.2804,5.8740,61.49,127.00,0.028033
938.3761,5.8740,62.03,127.00,0.028043
938.4727,5.8740,61.49,127.00,0.027796
938.5705,5.9180,62.03,127.50,0.029590
938.6715,5.9620,61.76,128.00,0.028866
938.7700,5.9620,61.76,128.00,0.029880
938.8676,5.9620,62.03,128.00,0.030415
938.9669,5.9620,61.49,128.00,0.030138
939.0633,5.9620,61.76,128.00,0.029477
939.1662,5.9620,61.49,128.00,0.029709
939.2651,5.9620,61.76,128.00,0.029705
939.3643,5.9580,62.03,128.00,0.030224
939.4619,5.9540,62.30,128.00,0.029846
939.5623,5.9540,61.49,128.00,0.029363
939.6625,5.9540,61.76,128.00,0.030085
939.7633,5.9540,61.76,128.00,0.029682
939.8637,5.9540,62.03,128.00,0.029178
939.9612,5.9540,61.76,128.00,0.028462
940.0552,5.9540,61.76,128.00,0.027733
940.1518,5.9540,61.49,128.00,0.028225
940.2500,5.9540,61.76,128.00,0.029504
940.3492,5.9540,62.30,128.00,0.028550
940.4439,5.9540,61.22,128.00,0.028104
940.5457,5.9390,62.03,128.00,0.030124
940.6473,5.9240,61.76,128.00,0.029593
940.7541,5.9240,62.03,128.00,0.030136
940.8588,5.9240,61.76,128.00,0.030210
940.9640,5.9240,61.76,128.00,0.030684
941.0670,5.9240,61.76,128.00,0.030308
941.1709,5.9240,62.03,128.00,0.030783
941.2756,5.9240,62.03,128.00,0.030568
941.3837,5.9090,62.03,128.00,0.031069
941.4914,5.9090,61.76,128.00,0.031523
941.5969,5.9090,61.22,128.00,0.030815
941.7013,5.9090,61.76,128.00,0.031019
941.8072,5.9090,62.03,128.00,0.031224
941.9120,5.9090,61.49,128.00,0.031805
942.0191,5.9090,62.03,128.00,0.031081
942.1236,5.9090,62.30,128.00,0.030693
942.2249,5.9090,61.76,128.00,0.028424
942.3249,5.9090,61.22,128.00,0.028647
942.4260,5.9200,62.03,128.00,0.031193
942.5317,5.9310,62.03,128.00,0.030870
942.6366,5.9310,61.76,128.00,0.030569
942.7443,5.9310,61.76,128.00,0.030194
942.8501,5.9310,62.03,128.00,0.031235
942.9566,5.9310,62.03,128.00,0.030778
943.0622,5.9310,61.76,128.00,0.031319
943.1692,5.9310,61.76,128.00,0.030611
943.2741,5.9310,62.03,128.00,0.030793
943.3802,5.8570,61.49,128.00,0.030220
943.4831,5.7830,62.03,128.00,0.030368
943.5877,5.7830,61.76,128.00,0.029920
943.6951,5.7830,61.76,128.00,0.030457
943.7985,5.7830,61.76,128.00,0.030043
943.9046,5.7830,61.76,128.00,0.029290
944.0099,5.7830,61.49,129.00,0.030045
944.1177,5.7830,61.76,129.00,0.029706
944.2235,5.7830,61.76,129.00,0.030324
944.3307,5.8075,61.76,129.00,0.030090
944.4389,5.8320,62.03,129.00,0.030405
944.5442,5.8320,62.03,129.00,0.030071
944.6513,5.8320,61.49,129.00,0.030224
944.7570,5.8320,61.76,129.00,0.030824
944.8568,5.8320,61.76,129.00,0.028502
944.9529,5.8320,62.03,129.00,0.028696
945.0534,5.8320,62.03,129.00,0.028882
945.1596,5.8320,61.22,129.00,0.029798
945.2633,5.8320,61.76,129.00,0.030149
945.3648,5.8320,61.76,129.00,0.028379
945.4669,5.8320,62.03,129.00,0.029938
945.5711,5.9090,62.03,129.00,0.030500
945.6765,5.9090,61.76,129.00,0.030499
945.7802,5.9090,61.76,129.00,0.030894
945.8874,5.9090,62.30,129.00,0.030823
945.9933,5.9090,61.76,129.00,0.030805
946.1022,5.9090,62.03,129.00,0.031346
946.2058,5.9090,61.49,129.00,0.030168
946.3064,5.9090,62.30,129.00,0.029760
946.4102,5.8130,62.03,129.00,0.029790
946.5101,5.8130,62.30,129.00,0.030445
946.6079,5.8130,62.03,129.00,0.030108
946.7056,5.8130,61.76,129.00,0.028022
946.8008,5.8130,62.30,129.00,0.028566
946.8983,5.8130,62.30,129.00,0.028638
946.9953,5.8130,62.03,129.00,0.029323
947.0942,5.8130,61.76,129.00,0.029104
947.1931,5.8130,62.03,129.00,0.029151
947.2932,5.8130,61.76,129.00,0.029073
947.3951,5.9200,62.03,129.00,0.029410
947.4920,5.9200,62.03,129.00,0.027894
947.5868,5.9200,62.03,129.00,0.028596
947.6837,5.9200,61.76,129.00,0.028644
947.7838,5.9200,62.03,129.00,0.029874
947.8824,5.9200,62.03,129.00,0.029639
947.9811,5.9200,62.03,129.00,0.029284
948.0802,5.9200,61.76,129.00,0.029825
948.1772,5.9200,61.49,129.00,0.029506
948.2775,5.9200,62.03,129.00,0.029343
948.3746,5.9200,61.76,129.00,0.029925
948.4760,5.9200,61.49,129.00,0.029613
948.5745,5.9200,61.76,129.00,0.029423
948.6704,5.9200,62.03,129.00,0.027621
948.7647,5.9200,62.03,129.00,0.027989
948.8620,5.9200,62.03,129.00,0.028736
948.9579,5.9200,62.03,129.00,0.027840
949.0537,5.9200,62.03,129.00,0.027836
949.1479,5.9200,61.76,129.50,0.027817
949.2458,5.9200,62.03,129.00,0.028711
949.3464,5.9505,62.30,129.50,0.029193
949.4494,5.9810,62.03,129.00,0.028826
949.5462,5.9810,61.76,129.00,0.029090
949.6437,5.9810,62.03,129.00,0.028236
949.7402,5.9810,61.49,129.00,0.028003
949.8379,5.9810,62.03,129.00,0.028975
949.9319,5.9810,62.03,129.00,0.027742
950.0283,5.9810,61.76,129.00,0.028189
950.1252,5.9810,62.30,129.00,0.029856
950.2228,5.9810,62.03,129.00,0.028933
950.3174,5.9810,62.03,129.00,0.028076
950.4153,5.9810,62.03,129.00,0.029286
950.5141,5.9810,61.76,129.00,0.029757
950.6149,5.9810,62.30,129.00,0.029749
950.7142,5.9810,62.30,129.00,0.029511
950.8131,5.9810,61.49,129.00,0.029817
950.9099,5.9810,61.76,129.00,0.029624
951.0111,5.9810,61.76,129.00,0.029902
951.1106,5.9810,62.03,129.00,0.029922
951.2115,5.9810,61.76,129.00,0.029220
951.3109,5.9810,62.03,129.00,0.029640
951.4143,5.9810,62.03,129.00,0.029918
951.5118,5.9810,62.03,129.00,0.029886
951.6131,5.9810,62.03,129.00,0.029483
951.7100,5.9810,62.30,129.00,0.029099
951.8088,5.9255,62.30,129.00,0.028993
951.9059,5.8700,62.03,129.00,0.029281
952.0065,5.8700,62.03,129.00,0.029121
952.1060,5.8700,62.03,129.00,0.029399
952.2064,5.8700,61.76,129.00,0.029059
952.3050,5.8700,61.76,129.00,0.029112
952.4013,5.8700,62.03,129.00,0.028279
952.4967,5.8700,62.30,129.00,0.028508
952.5974,5.9085,62.03,129.00,0.029083
952.6949,5.9470,61.76,129.00,0.029593
952.7935,5.9470,61.76,129.00,0.029418
952.8904,5.9470,61.76,129.00,0.029367
952.9909,5.9470,62.30,129.00,0.029514
953.0926,5.9470,61.76,128.50,0.029919
953.1911,5.9470,61.76,129.00,0.029641
953.2908,5.9470,62.03,129.00,0.030069
953.3885,5.9470,61.76,129.00,0.029017
953.4856,5.9470,61.49,129.00,0.029710
953.5866,5.9470,61.76,129.00,0.030013
953.6865,5.9470,62.30,128.00,0.029952
953.7869,5.9470,62.03,129.00,0.029743
953.8864,5.9470,62.03,129.00,0.030062
953.9874,5.9470,62.30,129.00,0.029246
954.0863,5.9470,61.76,129.00,0.029577
954.1877,5.9470,61.76,129.00,0.030073
954.2853,5.9470,61.49,129.00,0.029778
954.3837,5.9470,62.03,129.00,0.029211
954.4811,5.9470,62.03,129.00,0.028030
954.5773,5.9470,62.30,129.00,0.028021
954.6728,5.9470,62.03,129.00,0.028455
954.7699,5.9470,61.76,129.00,0.028113
954.8643,5.9470,61.76,129.00,0.028058
954.9607,5.9470,62.03,129.00,0.028233
955.0571,5.9470,61.76,129.00,0.029840
955.1584,5.9470,62.30,129.00,0.029427
955.2553,5.9470,62.30,129.00,0.029225
955.3584,5.9545,62.30,128.50,0.029649
955.4584,5.9620,62.03,128.50,0.029737
955.5618,5.9620,62.30,128.00,0.029566
955.6594,5.9620,62.30,128.50,0.030158
955.7608,5.9620,61.76,128.00,0.029986
955.8575,5.9620,61.76,128.00,0.029010
955.9588,5.9620,62.03,128.00,0.030043
956.0554,5.9620,61.76,128.00,0.029317
956.1512,5.9620,61.49,128.00,0.027798
956.2465,5.9620,62.30,128.50,0.028193
956.3460,5.9580,62.03,128.00,0.030669
956.4468,5.9540,62.30,128.00,0.030617
956.5506,5.9540,62.30,128.00,0.030147
956.6482,5.9540,62.30,128.00,0.030041
956.7476,5.9540,62.30,128.00,0.029942
956.8477,5.9540,61.76,128.00,0.030231
956.9510,5.9540,62.03,129.00,0.030191
957.0506,5.9540,62.03,128.50,0.030106
957.1498,5.9540,62.30,128.00,0.029799
957.2472,5.9540,61.76,128.50,0.029881
957.3459,5.9330,62.03,128.50,0.029578
957.4432,5.9120,62.03,128.00,0.029749
957.5422,5.9120,62.30,128.00,0.027672
957.6364,5.9120,61.76,128.00,0.027894
957.7339,5.9120,62.30,128.00,0.028938
957.8303,5.9120,61.76,128.00,0.029177
957.9304,5.9120,61.76,128.00,0.028838
958.0256,5.9120,61.76,128.00,0.028719
958.1237,5.9120,62.03,128.00,0.029662
958.2228,5.9120,62.30,128.00,0.029934
958.3219,5.9275,62.03,128.00,0.030006
958.4197,5.9430,62.03,128.00,0.029506
958.5186,5.9430,62.03,128.00,0.029515
958.6219,5.9430,61.76,128.00,0.031642
958.7264,5.9430,62.03,129.00,0.030894
958.8294,5.9430,62.03,129.00,0.030816
958.9353,5.9430,62.03,129.00,0.029452
959.0362,5.9430,62.03,129.00,0.029886
959.1347,5.9430,62.03,129.00,0.029863
959.2345,5.9430,62.30,129.00,0.030141
959.3416,5.9335,62.03,129.00,0.031532
959.4410,5.9240,62.30,129.00,0.028074
959.5357,5.9240,62.03,129.00,0.028241
959.6358,5.9240,61.76,129.00,0.031150
959.7421,5.9240,62.03,129.00,0.030900
959.8442,5.9240,61.76,129.00,0.029203
959.9423,5.9240,62.30,129.00,0.029314
960.0488,5.9240,61.49,129.00,0.030756
960.1508,5.9240,62.03,129.00,0.030080
960.2512,5.9240,62.30,129.00,0.030246
960.3534,5.8340,61.76,129.00,0.029598
960.4543,5.7440,61.76,129.00,0.029511
960.5504,5.7440,62.03,129.00,0.029691
960.6507,5.7440,62.30,129.00,0.030101
960.7472,5.7440,61.49,129.00,0.029969
960.8454,5.7440,62.30,129.00,0.029625
960.9422,5.7440,61.76,129.00,0.029780
961.0391,5.7440,62.03,129.00,0.028758
961.1342,5.7440,62.30,129.00,0.029236
961.2302,5.7440,62.30,129.00,0.028076
961.3241,5.7440,62.30,129.00,0.028328
961.4206,5.7440,61.76,129.00,0.028560
961.5214,5.9920,62.03,129.00,0.028726
961.6226,5.9920,62.30,129.00,0.029934
961.7186,5.9920,62.30,129.00,0.029046
961.8158,5.9920,62.03,129.00,0.028814
961.9138,5.9920,62.30,129.00,0.029405
962.0111,5.9920,62.03,129.00,0.028994
962.1098,5.9920,61.76,129.00,0.029572
962.2078,5.9920,61.76,129.00,0.029586
962.3084,5.9920,62.03,129.00,0.029769
962.4076,6.0040,61.76,129.00,0.030073
962.5060,6.0040,62.03,129.00,0.029182
962.6060,6.0040,62.03,129.00,0.029483
962.7003,6.0040,61.76,129.00,0.028092
962.7966,6.0040,62.03,129.00,0.028526
962.8940,6.0040,61.76,129.00,0.029130
962.9946,6.0040,61.76,129.00,0.029900
963.0932,6.0040,62.03,129.00,0.029552
963.1893,6.0040,62.03,129.00,0.028159
963.2847,6.0040,61.76,129.00,0.029067
963.3862,5.8930,61.76,129.00,0.029489
963.4873,5.8930,61.76,129.00,0.029722
963.5873,5.8930,61.49,129.00,0.029202
963.6862,5.8930,62.30,129.00,0.029498
963.7890,5.8930,62.03,129.00,0.029543
963.8858,5.8930,62.03,129.00,0.029160
963.9863,5.8930,62.03,129.00,0.029364
964.0874,5.8930,62.03,129.00,0.029741
964.1886,5.8930,61.76,129.00,0.029565
964.2857,5.8930,61.49,129.00,0.029859
964.3864,5.8360,62.30,129.00,0.029311
964.4827,5.8360,62.30,129.00,0.029380
964.5834,5.8360,61.76,129.00,0.029465
964.6823,5.8360,62.03,129.00,0.029584
964.7832,5.8360,62.30,129.00,0.029217
964.8804,5.8360,62.03,129.00,0.028352
964.9771,5.8360,61.76,129.00,0.028438
965.0723,5.8360,62.03,129.00,0.028975
965.1722,5.8360,61.49,129.00,0.028842
965.2661,5.8360,61.76,129.00,0.027916
965.3618,5.8360,61.76,129.00,0.028105
965.4565,5.8895,62.03,129.00,0.028944
965.5581,5.9430,62.30,129.00,0.030304
965.6585,5.9430,62.03,129.00,0.030796
965.7628,5.9430,62.03,129.00,0.030617
965.8683,5.9430,62.03,129.00,0.031192
965.9757,5.9430,62.30,129.00,0.030845
966.0803,5.9430,62.03,129.00,0.031085
966.1872,5.9430,62.30,129.00,0.030594
966.2894,5.9430,62.03,129.00,0.030842
966.3962,5.7630,61.76,129.00,0.030897
966.4970,5.7630,61.49,129.00,0.027946
966.5941,5.7630,61.22,129.00,0.028684
966.6936,5.7630,61.49,129.00,0.030468
966.7955,5.7630,62.03,129.00,0.031448
966.8993,5.7630,61.49,129.00,0.030549
967.0027,5.7630,61.49,129.00,0.028003
967.0978,5.7630,62.30,129.00,0.029034
967.1937,5.7630,61.49,129.00,0.028134
967.2933,5.7630,62.03,129.00,0.031336
967.4009,5.9920,61.49,129.00,0.030774
967.5084,5.9920,62.03,129.00,0.031624
967.6108,5.9920,61.49,129.00,0.031677
967.7132,5.9920,61.22,129.00,0.031019
967.8196,5.9920,62.03,129.00,0.030754
967.9265,5.9920,62.03,129.00,0.031331
968.0286,5.9920,62.03,129.00,0.031068
968.1322,5.9920,61.22,129.00,0.030460
968.2366,5.9920,61.76,129.00,0.030956
968.3437,5.9215,61.76,129.00,0.031842
968.4490,5.8510,61.76,129.00,0.031005
968.5528,5.8510,61.76,129.00,0.030429
968.6577,5.8510,61.49,129.00,0.031601
968.7612,5.8510,61.49,129.00,0.031518
968.8649,5.8510,61.49,129.00,0.030990
968.9720,5.8510,62.30,129.00,0.030777
969.0765,5.8510,61.76,129.50,0.031236
969.1810,5.8510,62.03,130.00,0.030643
969.2799,5.8510,62.30,130.00,0.029166
969.3788,5.8700,61.76,130.00,0.029694
969.4797,5.8890,62.03,130.00,0.029973
969.5785,5.8890,62.30,130.00,0.029916
969.6795,5.8890,61.76,130.00,0.029445
969.7798,5.8890,61.76,130.00,0.029694
969.8782,5.8890,61.49,130.00,0.029682
969.9786,5.8890,62.03,130.00,0.029671
970.0791,5.8890,62.03,130.00,0.029949
970.1774,5.8890,61.76,130.00,0.027847
970.2740,5.8890,61.76,130.00,0.028707
970.3713,5.8890,61.76,130.00,0.028744
970.4694,5.9160,62.30,130.00,0.028859
970.5660,5.9160,61.49,130.00,0.028210
970.6600,5.9160,62.03,130.00,0.028327
970.7564,5.9160,62.03,130.00,0.028293
970.8546,5.9160,62.03,130.00,0.028806
970.9551,5.9160,61.49,130.00,0.029123
971.0529,5.9160,62.03,130.00,0.028885
971.1511,5.9160,62.03,130.00,0.029009
971.2482,5.9160,62.03,130.00,0.028265
971.3439,5.9160,62.03,130.00,0.028188
971.4379,5.9160,62.03,130.00,0.027973
971.5381,5.8970,61.76,130.00,0.030290
971.6372,5.8780,61.22,130.00,0.030318
971.7374,5.8780,62.03,130.00,0.029357
971.8340,5.8780,62.03,130.00,0.029500
971.9344,5.8780,61.76,130.00,0.029778
972.0311,5.8780,61.76,129.50,0.029518
972.1344,5.8780,62.30,129.00,0.029816
972.2310,5.8780,62.03,129.50,0.030141
972.3348,5.8760,61.76,129.00,0.030440
972.4343,5.8740,61.49,129.00,0.030011
972.5331,5.8740,62.03,129.00,0.029728
972.6295,5.8740,62.03,129.00,0.029611
972.7302,5.8740,61.76,129.50,0.029563
972.8266,5.8740,62.30,129.00,0.029798
972.9252,5.8740,61.76,129.00,0.027992
973.0211,5.8740,62.03,129.00,0.028207
973.1177,5.8740,62.03,129.00,0.028627
973.2134,5.8740,61.76,129.00,0.028919
973.3114,5.8740,61.76,129.00,0.028927
973.4081,5.9200,61.49,129.00,0.028899
973.5104,5.9200,61.49,129.00,0.029171
973.6089,5.9200,61.76,129.00,0.029023
973.7101,5.9200,61.49,129.00,0.029725
973.8060,5.9200,62.30,129.00,0.028724
973.9045,5.9200,61.49,129.00,0.028229
974.0016,5.9200,61.76,129.50,0.028702
974.1006,5.9200,62.03,129.00,0.028517
974.1975,5.9200,62.30,129.50,0.029730
974.2992,5.9200,61.76,129.00,0.030117
974.4001,5.8930,62.30,129.00,0.030404
974.5010,5.8930,61.76,129.00,0.029734
974.6002,5.8930,62.03,129.00,0.030004
974.7012,5.8930,62.03,129.00,0.029499
974.7991,5.8930,62.03,129.00,0.030193
974.8959,5.8930,62.03,129.00,0.028343
974.9928,5.8930,62.03,129.00,0.028343
975.0902,5.8930,62.03,129.00,0.028972
975.1901,5.8930,61.49,129.00,0.030438
975.2914,5.8930,62.30,129.00,0.030209
975.3916,5.8970,61.76,129.00,0.030236
975.4935,5.8970,62.30,129.00,0.030397
975.5907,5.8970,62.03,129.00,0.030061
975.6903,5.8970,61.49,129.00,0.030038
975.7941,5.8970,62.03,129.00,0.031211
975.8984,5.8970,62.03,129.00,0.030523
976.0061,5.8970,61.76,129.00,0.031756
976.1124,5.8970,62.03,129.00,0.031277
976.2150,5.8970,61.76,129.00,0.031359
976.3172,5.8930,61.76,129.00,0.030790
976.4225,5.8890,62.03,129.00,0.031269
976.5301,5.8890,61.49,129.00,0.031678
976.6371,5.8890,62.03,129.00,0.031281
976.7419,5.8890,61.76,129.00,0.031100
976.8449,5.8890,62.03,129.00,0.030923
976.9494,5.8890,62.03,129.00,0.030828
977.0571,5.8890,61.49,129.00,0.031031
977.1638,5.8890,61.76,129.00,0.031423
977.2662,5.8890,62.30,130.00,0.029727
977.3633,5.8815,61.49,130.00,0.029155
977.4630,5.8740,61.49,130.00,0.029389
977.5585,5.8740,61.49,130.00,0.029446
977.6584,5.8740,62.03,130.00,0.029685
977.7533,5.8740,61.49,130.00,0.029305
977.8532,5.8740,61.76,130.00,0.029741
977.9485,5.8740,62.03,130.00,0.028183
978.0437,5.8740,61.49,130.00,0.028006
978.1424,5.8740,61.76,130.00,0.029248
978.2419,5.8740,61.49,130.00,0.029427
978.3367,5.8740,62.03,130.00,0.028666
978.4365,5.9105,62.30,130.00,0.029521
978.5346,5.9470,61.76,130.00,0.029495
978.6346,5.9470,62.03,130.00,0.029826
978.7287,5.9470,62.30,130.00,0.027946
978.8243,5.9470,61.76,130.00,0.028516
978.9212,5.9470,61.49,130.00,0.029110
979.0182,5.9470,62.03,130.00,0.029445
979.1142,5.9470,61.76,130.00,0.029601
979.2125,5.9470,61.76,130.00,0.030363
979.3115,5.9470,61.76,130.00,0.029890
979.4120,5.9920,61.49,130.00,0.029304
979.5089,5.9920,62.03,130.00,0.029791
979.6112,5.9920,61.22,130.00,0.030581
979.7106,5.9920,62.03,130.00,0.029744
979.8114,5.9920,62.30,130.00,0.029556
979.9092,5.9920,61.76,130.00,0.028392
980.0079,5.9920,61.76,131.00,0.029937
980.1047,5.9920,61.76,131.00,0.027741
980.2010,5.9920,62.03,131.00,0.028454
980.3021,5.9920,61.76,131.00,0.029798
980.4020,5.9240,61.49,131.00,0.029713
980.4972,5.9240,62.30,131.00,0.028145
980.5948,5.9240,62.03,131.00,0.029581
980.6918,5.9240,61.76,131.00,0.027916
980.7877,5.9240,62.30,131.00,0.027916
980.8836,5.9240,61.49,131.00,0.028068
980.9854,5.9240,61.76,131.00,0.028928
981.0855,5.9240,61.76,131.00,0.029026
981.1841,5.9240,62.30,131.00,0.028715
981.2827,5.9240,62.03,131.00,0.029024
981.3802,5.8840,62.30,131.00,0.028666
981.4758,5.8440,62.03,131.00,0.027976
981.5741,5.8440,62.03,131.00,0.028310
981.6692,5.8440,62.03,131.00,0.028872
981.7671,5.8440,62.30,131.00,0.029154
981.8622,5.8440,61.76,131.00,0.028525
981.9582,5.8440,62.03,131.00,0.028334
982.0525,5.8440,61.76,131.00,0.028327
982.1510,5.8440,62.03,131.00,0.029781
982.2501,5.8440,62.30,131.00,0.029971
982.3504,5.8440,62.30,131.00,0.029646
982.4471,5.8440,61.76,131.00,0.030011
982.5482,5.8440,62.30,131.00,0.030006
982.6468,5.8440,62.03,131.00,0.029681
982.7470,5.8440,62.30,131.00,0.029247
982.8457,5.8440,61.76,131.00,0.029367
982.9437,5.8440,61.76,131.00,0.029114
983.0402,5.8440,62.30,131.00,0.028872
983.1379,5.8440,62.30,131.00,0.028450
983.2354,5.8440,61.76,131.00,0.028739
983.3344,5.8440,62.30,131.00,0.029329
983.4309,5.8440,61.76,131.00,0.029145
983.5291,5.8440,62.03,131.00,0.029059
983.6259,5.8440,61.49,131.00,0.029441
983.7252,5.9810,62.03,131.00,0.029654
983.8222,5.9810,61.76,131.00,0.029571
983.9247,5.9810,61.76,131.00,0.029865
984.0229,5.9810,62.03,131.00,0.029796
984.1230,5.9810,61.76,131.00,0.029281
984.2217,5.9810,62.03,131.00,0.029880
984.3181,5.9810,61.76,131.00,0.027599
984.4125,5.9810,61.76,131.00,0.027963
984.5089,5.9810,61.76,131.00,0.028446
984.6057,5.9810,62.03,131.00,0.029981
984.7052,5.9810,61.76,131.00,0.029347
984.8034,5.9810,62.03,131.00,0.029197
984.9037,5.9810,62.03,131.00,0.029473
985.0003,5.9810,62.30,131.00,0.029418
985.0988,5.9810,62.03,131.00,0.029234
985.1978,5.9810,62.30,131.00,0.029613
985.2951,5.9810,62.03,131.00,0.028671
985.3933,5.9810,62.03,131.00,0.028904
985.4899,5.9810,62.03,131.00,0.027939
985.5842,5.9810,62.03,131.00,0.028143
985.6812,5.9810,62.03,131.00,0.029070
985.7783,6.0040,61.49,131.00,0.029007
985.8770,6.0040,61.76,131.00,0.029341
985.9753,6.0040,61.49,131.00,0.028992
986.0762,6.0040,61.76,131.00,0.029351
986.1728,6.0040,62.03,131.00,0.029746
986.2712,6.0040,62.57,131.00,0.029551
986.3679,5.9430,62.03,131.00,0.029523
986.4669,5.8820,61.76,131.00,0.029864
986.5660,5.8820,61.76,131.00,0.029852
986.6665,5.8820,62.03,131.00,0.029785
986.7633,5.8820,62.03,131.00,0.030229
986.8620,5.8820,62.03,131.00,0.030221
986.9628,5.8820,61.76,131.00,0.029846
987.0616,5.8820,62.03,131.00,0.028631
987.1562,5.8820,62.30,130.50,0.028511
987.2546,5.8820,62.03,130.00,0.029943
987.3529,5.9030,61.49,130.50,0.029165
987.4511,5.9240,61.49,130.00,0.029168
987.5471,5.9240,61.76,130.00,0.029088
987.6461,5.9240,61.49,131.00,0.029388
987.7442,5.9240,62.03,131.00,0.029284
987.8417,5.9240,61.76,131.00,0.028527
987.9405,5.9240,62.03,130.50,0.029133
988.0389,5.9240,62.30,130.00,0.029358
988.1378,5.9240,62.03,130.00,0.029649
988.2394,5.9240,62.30,130.00,0.028785
988.3400,5.8990,61.76,130.00,0.029272
988.4358,5.8740,61.76,130.00,0.027838
988.5324,5.8740,61.76,130.50,0.028437
988.6304,5.8740,62.30,130.00,0.029747
988.7272,5.8740,62.30,130.00,0.029686
988.8278,5.8740,61.76,130.00,0.029910
988.9217,5.8740,62.30,130.00,0.027731
989.0179,5.8740,61.76,130.00,0.027984
989.1124,5.8740,61.76,130.00,0.028410
989.2136,5.8740,61.76,130.00,0.030140
989.3099,5.8740,62.03,130.50,0.029495
989.4093,6.0120,61.76,130.00,0.029725
989.5101,6.0120,61.76,130.00,0.029471
989.6090,6.0120,62.03,130.00,0.030005
989.7063,6.0120,62.03,130.00,0.029416
989.8045,6.0120,61.76,130.00,0.028955
989.9004,6.0120,62.03,130.00,0.028807
990.0008,6.0120,62.03,130.00,0.027964
990.0972,6.0120,62.30,130.00,0.028796
990.1988,6.0120,61.76,130.00,0.029267
990.3046,6.0120,61.76,130.00,0.030495
990.4101,5.8890,62.03,130.00,0.029928
990.5124,5.8890,62.30,130.00,0.029859
990.6183,5.8890,62.03,130.00,0.029728
990.7224,5.8890,61.76,130.00,0.030461
990.8282,5.8890,62.30,130.00,0.029481
990.9344,5.8890,61.76,130.00,0.029980
991.0398,5.8890,62.03,130.00,0.030802
991.1466,5.8890,62.03,130.00,0.030273
991.2519,5.8890,62.03,130.00,0.030797
991.3563,5.8280,61.76,130.00,0.030422
991.4601,5.7670,62.03,130.00,0.029872
991.5599,5.7670,62.30,130.00,0.030361
991.6584,5.7670,62.03,130.00,0.029588
991.7586,5.7670,62.30,130.00,0.029396
991.8567,5.7670,61.76,130.00,0.029105
991.9576,5.7670,61.76,130.00,0.029804
992.0530,5.7670,61.76,130.00,0.028353
992.1513,5.7670,62.30,130.00,0.029025
992.2511,5.7670,61.76,130.00,0.028673
992.3508,5.8490,61.49,130.00,0.028949
992.4522,5.9310,62.03,130.00,0.029363
992.5527,5.9310,61.49,129.50,0.029594
992.6496,5.9310,62.30,129.50,0.029311
992.7519,5.9310,61.76,129.00,0.028972
992.8506,5.9310,62.30,129.50,0.029163
992.9497,5.9310,62.30,129.00,0.029709
993.0476,5.9310,61.76,129.00,0.028955
993.1449,5.9310,62.30,129.00,0.028074
993.2401,5.9310,62.03,129.00,0.028760
993.3374,5.9310,61.76,130.00,0.028593
993.4341,5.9350,62.03,129.50,0.029973
993.5329,5.9390,62.30,129.50,0.030067
993.6294,5.9390,61.76,129.00,0.029740
993.7280,5.9390,61.49,129.50,0.029575
993.8254,5.9390,62.03,130.00,0.030451
993.9271,5.9390,62.30,130.00,0.030310
994.0261,5.9390,62.03,130.00,0.029999
994.1260,5.9390,61.76,129.50,0.030113
994.2234,5.9390,62.03,129.00,0.029872
994.3230,5.9200,62.30,129.50,0.030271
994.4222,5.9010,62.30,129.00,0.029363
994.5209,5.9010,61.76,129.50,0.028447
994.6182,5.9010,62.03,129.00,0.028592
994.7193,5.9010,61.76,129.00,0.030052
994.8184,5.9010,61.22,129.00,0.029393
994.9186,5.9010,62.30,129.00,0.029061
995.0170,5.9010,62.03,129.00,0.028431
995.1173,5.9010,61.76,129.50,0.028759
