Timestamp (s),Power (W),Temperature (°C),Memory (MB),Inference Time (s)
0.1881,4.4500,60.42,117.50,0.007929
0.2794,4.4500,60.15,118.50,0.007410
0.3599,4.4500,60.15,119.00,0.008039
0.4373,4.4500,61.22,119.00,0.007356
0.5105,4.4500,60.42,119.00,0.007124
0.5862,4.4500,60.69,119.00,0.007165
0.6626,4.4500,61.22,119.00,0.007609
0.7424,4.4500,60.69,119.00,0.007822
0.8190,4.4500,60.95,119.00,0.007687
0.8982,4.4500,60.95,119.00,0.007629
0.9777,4.4500,60.69,119.00,0.007841
1.0565,5.1410,61.22,119.00,0.007635
1.1378,5.8320,61.22,119.00,0.007686
1.2172,5.8320,60.69,119.00,0.007155
1.2893,5.8320,61.22,119.00,0.007151
1.3639,5.8320,60.95,119.00,0.007213
1.4396,5.8320,60.95,119.00,0.007252
1.5147,5.8320,61.22,119.00,0.007154
1.5907,5.8320,61.22,119.00,0.007493
1.6734,5.8320,61.22,119.00,0.007910
1.7509,5.8320,61.22,119.00,0.007848
1.8321,5.8320,61.22,119.00,0.007493
1.9121,5.8320,60.42,119.00,0.007230
1.9957,5.8320,61.22,119.00,0.008021
2.0766,5.8050,61.76,119.00,0.007785
2.1560,5.8050,61.22,119.00,0.007131
2.2316,5.8050,60.95,119.00,0.007190
2.3072,5.8050,60.95,119.00,0.007423
2.3826,5.8050,60.95,119.00,0.007509
2.4587,5.8050,61.22,119.00,0.007910
2.5341,5.8050,61.22,119.00,0.007964
2.6098,5.8050,61.22,119.00,0.007981
2.6821,5.8050,61.22,119.00,0.007552
2.7567,5.8050,61.22,119.00,0.007349
2.8299,5.8050,61.22,119.00,0.007602
2.9077,5.8050,61.49,119.00,0.008015
2.9813,5.8050,61.22,119.00,0.007610
3.0589,5.8050,61.49,119.00,0.007718
3.1320,5.8050,61.49,119.00,0.007214
3.2083,5.8050,61.49,119.00,0.007833
3.2822,5.8050,61.49,119.00,0.007776
3.3619,5.8050,61.76,119.00,0.007304
3.4343,5.8050,61.22,119.00,0.007417
3.5099,5.8050,61.49,119.00,0.007052
3.5821,5.8050,61.76,119.00,0.007394
3.6591,5.8050,61.22,119.00,0.007219
3.7323,5.8050,61.22,119.00,0.007524
3.8102,5.8050,61.49,119.00,0.007899
3.8829,5.8050,61.22,119.00,0.007524
3.9585,5.8050,61.22,119.00,0.007743
4.0350,5.8050,61.49,119.00,0.007709
4.1113,5.8050,61.49,119.00,0.007495
4.1848,5.8050,61.22,119.00,0.007088
4.2589,5.8050,61.22,119.00,0.007398
4.3351,5.8050,61.76,119.00,0.007659
4.4101,5.8050,61.22,119.00,0.007792
4.4861,5.8050,61.49,119.00,0.007487
4.5665,5.8700,61.22,119.00,0.007348
4.6395,5.8700,61.22,119.00,0.007944
4.7189,5.8700,61.22,119.00,0.007408
4.7919,5.8700,61.22,119.00,0.007421
4.8674,5.8700,61.76,119.00,0.007533
4.9422,5.8700,61.76,119.00,0.007250
5.0226,5.8930,61.22,119.00,0.007622
5.0959,5.9160,61.22,119.00,0.007529
5.1759,5.9160,61.49,119.00,0.007476
5.2518,5.9160,61.22,119.00,0.007161
5.3306,5.9160,61.22,119.00,0.007530
5.4051,5.9160,61.76,119.00,0.007501
5.4804,5.9160,61.49,119.00,0.007606
5.5534,5.9160,61.49,119.00,0.007941
5.6308,5.9160,61.22,119.00,0.007584
5.7033,5.9160,61.22,119.00,0.007571
5.7794,5.9160,61.22,119.00,0.007720
5.8540,5.9160,61.76,119.00,0.007619
5.9309,5.9160,61.49,119.00,0.007321
6.0071,5.9160,61.49,119.00,0.007486
6.0823,5.9770,61.49,119.00,0.007556
6.1590,5.9770,61.49,119.00,0.007603
6.2371,5.9770,61.22,119.00,0.007605
6.3083,5.9770,61.22,119.00,0.007285
6.3811,5.9770,61.22,119.00,0.007128
6.4547,5.9770,61.49,119.00,0.007268
6.5300,5.9770,61.76,119.00,0.007118
6.6025,5.9770,61.22,119.00,0.007460
6.6781,5.9770,61.49,119.00,0.007173
6.7514,5.9770,61.49,119.00,0.007337
6.8256,5.9770,61.76,119.00,0.007289
6.8989,5.9770,61.22,119.00,0.007714
6.9755,5.9770,61.49,119.00,0.007160
7.0479,5.9750,61.76,119.00,0.007141
7.1237,5.9730,61.76,119.00,0.007697
7.1971,5.9730,61.49,119.00,0.007458
7.2748,5.9730,61.22,120.00,0.007551
7.3478,5.9730,61.76,120.00,0.007864
7.4232,5.9730,61.76,120.00,0.007573
7.4997,5.9730,61.76,120.00,0.007853
7.5779,5.9730,61.76,120.00,0.007773
7.6500,5.9730,61.76,120.00,0.007354
7.7242,5.9730,61.22,120.00,0.007651
7.7990,5.9730,62.30,120.00,0.007720
7.8782,5.9730,62.03,120.00,0.007442
7.9553,5.9730,61.76,120.00,0.007808
8.0345,5.9825,61.49,120.00,0.008019
8.1072,5.9920,61.49,120.00,0.007448
8.1828,5.9920,61.49,120.00,0.007269
8.2551,5.9920,61.49,120.00,0.007379
8.3308,5.9920,61.22,120.00,0.007223
8.4074,5.9920,61.49,120.00,0.007753
8.4836,5.9920,61.49,120.00,0.007836
8.5566,5.9920,61.76,120.00,0.007676
8.6313,5.9920,61.76,120.00,0.007593
8.7073,5.9920,62.03,120.00,0.008107
8.7821,5.9920,61.76,120.00,0.007565
8.8582,5.9920,61.76,120.00,0.007634
8.9343,5.9920,61.49,120.00,0.007181
9.0057,5.9920,62.30,120.00,0.007230
9.0794,5.9920,61.76,120.00,0.007474
9.1526,5.9920,61.76,120.00,0.007269
9.2275,5.9580,61.49,120.00,0.007035
9.3029,5.9580,62.03,120.00,0.007052
9.3790,5.9580,61.76,120.00,0.007776
9.4540,5.9580,62.03,120.00,0.007545
9.5295,5.9580,61.49,120.00,0.007365
9.6020,5.9580,61.49,120.00,0.007315
9.6784,5.9580,61.76,120.00,0.007342
9.7538,5.9580,61.22,120.00,0.007598
9.8313,5.9580,61.49,120.00,0.007632
9.9062,5.9580,62.03,120.00,0.007472
9.9832,5.9580,61.22,120.00,0.007701
10.0582,5.9525,61.76,120.00,0.007890
10.1346,5.9470,61.22,120.00,0.007627
10.2074,5.9470,62.03,120.00,0.007495
10.2830,5.9470,61.49,120.00,0.007862
10.3598,5.9470,62.30,120.00,0.008107
10.4389,5.9470,61.49,120.00,0.007853
10.5120,5.9470,61.22,120.00,0.007588
10.5891,5.9470,61.22,120.00,0.007984
10.6615,5.9470,61.49,120.00,0.007354
10.7388,5.9470,61.49,120.00,0.007437
10.8115,5.9470,62.03,120.00,0.007622
10.8854,5.9470,61.76,120.00,0.007200
10.9586,5.9470,61.76,120.00,0.008005
11.0349,5.9450,61.76,120.00,0.007417
11.1104,5.9430,61.76,120.00,0.007334
11.1870,5.9430,62.03,120.00,0.007308
11.2606,5.9430,61.76,120.00,0.007633
11.3364,5.9430,62.03,120.00,0.007194
11.4081,5.9430,62.03,120.00,0.007128
11.4832,5.9430,61.76,120.00,0.007455
11.5567,5.9430,61.76,120.00,0.007809
11.6318,5.9430,62.03,120.00,0.007860
11.7067,5.9430,62.30,120.00,0.007190
11.7816,5.9430,62.03,120.00,0.007681
11.8542,5.9430,61.49,120.00,0.007663
11.9338,5.9430,62.03,120.00,0.007712
12.0118,5.9430,61.76,120.00,0.007427
12.0873,5.9430,61.76,120.00,0.007499
12.1625,5.9430,62.03,120.00,0.007402
12.2396,5.9430,62.30,120.00,0.007582
12.3160,5.9430,61.76,120.00,0.007355
12.3905,5.9430,61.49,120.00,0.007792
12.4659,5.9430,62.03,120.00,0.007448
12.5446,5.9430,62.03,120.00,0.007337
12.6213,5.9430,61.22,120.00,0.007911
12.6982,5.9430,62.03,120.00,0.007540
12.7739,5.9430,61.76,120.00,0.007682
12.8511,5.9430,61.49,120.00,0.007724
12.9264,5.9430,62.30,120.00,0.007845
13.0036,5.9430,62.30,120.00,0.007840
13.0766,5.9430,62.03,120.00,0.007297
13.1513,5.9505,62.03,120.00,0.007721
13.2272,5.9580,61.76,120.00,0.007768
13.3046,5.9580,62.03,120.00,0.007814
13.3811,5.9580,62.03,120.00,0.007534
13.4561,5.9580,61.76,120.00,0.007920
13.5305,5.9580,61.22,120.00,0.007065
13.6068,5.9580,61.22,120.00,0.007758
13.6806,5.9580,61.49,120.00,0.008098
13.7550,5.9580,62.03,119.50,0.007874
13.8312,5.9580,61.76,119.50,0.007139
13.9077,5.9580,61.49,119.50,0.007365
13.9821,5.9580,61.49,120.00,0.007736
14.0581,5.9580,61.76,120.00,0.007285
14.1301,5.9580,61.76,120.00,0.007496
14.2090,5.9430,62.03,120.00,0.008173
14.2847,5.9280,61.49,120.00,0.007490
14.3593,5.9280,61.76,120.00,0.007697
14.4348,5.9280,61.49,120.00,0.007224
14.5114,5.9280,61.49,120.00,0.007415
14.5843,5.9280,61.22,120.00,0.007670
14.6614,5.9280,61.76,120.00,0.007865
14.7345,5.9280,61.76,120.00,0.007538
14.8119,5.9280,62.03,120.00,0.007475
14.8856,5.9280,61.49,120.00,0.007685
14.9603,5.9280,61.76,119.50,0.007704
15.0344,5.9505,61.76,120.00,0.007376
15.1094,5.9730,62.03,120.00,0.007413
15.1856,5.9730,62.30,119.00,0.007655
15.2593,5.9730,61.76,119.00,0.007493
15.3314,5.9730,62.03,119.50,0.007682
15.4058,5.9730,62.30,119.00,0.007506
15.4781,5.9730,61.49,119.00,0.007463
15.5552,5.9730,61.76,119.00,0.007608
15.6285,5.9730,62.03,119.00,0.007770
15.7022,5.9730,61.22,119.00,0.007352
15.7738,5.9730,62.03,119.00,0.007197
15.8477,5.9730,62.03,119.00,0.007076
15.9226,5.9730,61.76,119.00,0.007200
16.0018,5.9730,62.30,120.00,0.007176
16.0743,5.9730,61.49,120.00,0.007793
16.1519,5.9700,61.22,120.00,0.007533
16.2257,5.9700,61.76,120.00,0.007687
16.3002,5.9700,61.49,119.00,0.007887
16.3751,5.9700,61.76,119.00,0.007431
16.4502,5.9700,61.76,119.00,0.007537
16.5284,5.9700,62.30,119.00,0.007834
16.6018,5.9700,61.49,119.00,0.007227
16.6751,5.9700,61.49,119.00,0.007649
16.7500,5.9700,62.03,119.00,0.007598
16.8229,5.9700,61.22,119.00,0.007722
16.8990,5.9700,62.03,119.50,0.007801
16.9725,5.9700,62.03,119.00,0.007753
17.0462,5.9870,62.03,119.00,0.007330
17.1222,6.0040,62.03,119.00,0.007821
17.1982,6.0040,62.03,119.00,0.007940
17.2750,6.0040,61.76,119.00,0.007158
17.3503,6.0040,62.03,119.00,0.007968
17.4275,6.0040,62.30,119.00,0.007839
17.5019,6.0040,61.76,119.00,0.007551
17.5776,6.0040,61.49,119.00,0.007655
17.6558,6.0040,61.76,119.00,0.007937
17.7314,6.0040,61.76,119.00,0.007558
17.8058,6.0040,61.22,119.00,0.007717
17.8815,6.0040,61.76,119.00,0.008060
17.9592,6.0040,62.30,119.00,0.007976
18.0319,5.9790,61.76,119.00,0.007402
18.1096,5.9540,61.76,119.00,0.007407
18.1872,5.9540,62.30,119.00,0.007745
18.2657,5.9540,62.03,119.00,0.007796
18.3423,5.9540,61.22,119.00,0.007626
18.4198,5.9540,62.30,119.00,0.007329
18.4958,5.9540,61.76,119.00,0.007682
18.5721,5.9540,62.03,119.00,0.007537
18.6471,5.9540,61.76,119.00,0.007386
18.7232,5.9540,61.76,119.00,0.008059
18.7989,5.9540,61.22,119.00,0.007534
18.8787,5.9540,61.22,119.00,0.007622
18.9546,5.9540,62.30,119.00,0.007404
19.0313,5.9540,61.49,119.00,0.007872
19.1034,5.9540,61.49,119.00,0.007229
19.1756,5.9540,61.49,119.00,0.007027
19.2508,5.9540,61.49,119.00,0.007588
19.3291,5.9540,61.49,119.00,0.007800
19.4042,5.9540,62.03,119.00,0.007295
19.4829,5.9540,62.03,119.00,0.007643
19.5582,5.9540,62.03,119.00,0.007824
19.6344,5.9540,62.03,119.00,0.007592
19.7101,5.9540,62.03,119.00,0.007297
19.7874,5.9540,61.76,119.00,0.007654
19.8623,5.9540,61.76,119.00,0.007914
19.9378,5.9540,62.03,119.00,0.007283
20.0157,5.9540,61.49,119.00,0.007513
20.0897,5.9540,61.76,118.50,0.007488
20.1658,5.9540,62.03,119.00,0.007689
20.2424,5.9540,61.76,119.00,0.007462
20.3182,5.9540,62.03,119.00,0.007702
20.3953,5.9540,62.30,118.50,0.007578
20.4682,5.9540,61.76,118.50,0.007131
20.5434,5.9540,61.49,118.00,0.007943
20.6178,5.9540,61.22,118.00,0.007604
20.6946,5.9540,61.76,118.00,0.007314
20.7670,5.9540,62.03,118.00,0.007313
20.8425,5.9540,62.03,118.00,0.007587
20.9153,5.9540,62.03,118.00,0.007601
20.9935,5.9540,61.76,118.00,0.008059
21.0672,5.9540,61.49,118.00,0.007523
21.1452,5.9540,62.03,118.00,0.007771
21.2171,5.9540,61.76,118.00,0.006987
21.2950,5.9540,62.03,118.00,0.007292
21.3696,5.9540,61.76,118.00,0.007378
21.4469,5.9540,61.76,118.00,0.007780
21.5215,5.9540,61.76,119.00,0.007621
21.5991,5.9540,61.76,119.00,0.007422
21.6748,5.9540,62.03,118.50,0.007550
21.7501,5.9540,61.76,118.00,0.007757
21.8258,5.9540,61.76,118.00,0.007151
21.9031,5.9540,62.03,118.00,0.007571
21.9789,5.9540,61.76,118.00,0.008044
22.0595,5.9540,61.76,118.00,0.007916
22.1322,5.9540,61.76,118.00,0.007666
22.2096,5.9540,61.76,118.00,0.007300
22.2821,5.9540,61.49,118.00,0.007236
22.3570,5.9540,61.22,118.00,0.007379
22.4340,5.9540,61.76,118.00,0.007791
22.5107,5.9540,61.49,118.00,0.007547
22.5830,5.9540,61.49,118.00,0.007380
22.6597,5.9540,61.49,118.00,0.007318
22.7319,5.9540,61.76,118.00,0.007466
22.8063,5.9540,62.03,118.00,0.007020
22.8776,5.9540,61.49,118.00,0.007204
22.9510,5.9540,62.03,118.00,0.007043
23.0262,5.9655,62.03,118.00,0.007888
23.1017,5.9770,61.76,118.00,0.007526
23.1731,5.9770,62.03,118.00,0.007092
23.2475,5.9770,61.22,118.00,0.007155
23.3208,5.9770,61.49,118.00,0.007929
23.3979,5.9770,61.49,118.00,0.007826
23.4722,5.9770,62.03,118.00,0.007701
23.5475,5.9770,61.76,118.00,0.007994
23.6222,5.9770,62.03,118.00,0.007280
23.7000,5.9770,61.49,118.00,0.007922
23.7750,5.9770,61.49,118.00,0.008120
23.8522,5.9770,62.03,118.00,0.007497
23.9263,5.9770,61.49,118.00,0.007301
24.0036,5.9770,61.49,118.00,0.007822
24.0786,5.9770,61.76,118.00,0.007724
24.1577,5.9770,62.03,118.00,0.007633
24.2317,5.9390,61.76,118.00,0.007581
24.3067,5.9390,61.22,118.00,0.007488
24.3798,5.9390,62.03,118.00,0.007283
24.4574,5.9390,61.76,118.00,0.007455
24.5303,5.9390,62.30,118.00,0.007632
24.6088,5.9390,61.76,118.00,0.008019
24.6816,5.9390,61.76,118.00,0.007567
24.7563,5.9390,62.30,118.00,0.007591
24.8300,5.9390,61.76,118.00,0.007911
24.9075,5.9390,61.49,118.00,0.007580
24.9822,5.9390,62.03,118.00,0.007591
25.0583,5.9770,62.03,118.00,0.007327
25.1338,5.9770,61.76,118.00,0.007704
25.2091,5.9770,62.03,118.00,0.007875
25.2818,5.9770,61.76,118.00,0.007703
25.3563,5.9770,62.30,118.00,0.007571
25.4299,5.9770,61.76,118.00,0.007712
25.5069,5.9770,62.30,118.00,0.007481
25.5797,5.9770,61.76,118.00,0.007157
25.6553,5.9770,61.76,118.00,0.007995
25.7300,5.9770,62.03,118.00,0.007472
25.8052,5.9770,61.76,118.00,0.007569
25.8790,5.9770,61.76,118.00,0.007121
25.9551,5.9770,61.49,118.00,0.007380
26.0303,5.9830,61.49,118.00,0.007928
26.1054,5.9890,62.30,118.00,0.007633
26.1770,5.9890,62.03,118.00,0.007287
26.2518,5.9890,61.76,118.00,0.007059
26.3267,5.9890,61.49,118.00,0.007551
26.4023,5.9890,61.76,118.00,0.007594
26.4781,5.9890,61.76,118.00,0.007913
26.5557,5.9890,62.03,118.00,0.007582
26.6303,5.9890,61.49,118.00,0.007430
26.7071,5.9890,62.03,118.00,0.007655
26.7798,5.9890,61.49,118.00,0.007332
26.8551,5.9890,61.49,118.00,0.007839
26.9287,5.9890,62.03,118.00,0.007985
27.0066,5.9890,62.03,118.00,0.007785
27.0822,5.9960,61.76,118.00,0.007615
27.1615,5.9960,61.76,117.00,0.007585
27.2347,5.9960,61.76,117.50,0.007743
27.3097,5.9960,62.03,117.00,0.007226
27.3831,5.9960,62.30,117.00,0.007673
27.4588,5.9960,62.30,118.00,0.007576
27.5321,5.9960,61.76,118.00,0.007449
27.6077,5.9960,62.30,118.00,0.007437
27.6829,5.9960,62.03,118.00,0.007507
27.7629,5.9960,62.03,117.50,0.007481
27.8379,5.9960,61.76,117.00,0.007728
27.9148,5.9960,61.76,117.00,0.007747
27.9913,5.9960,61.49,117.00,0.007499
28.0669,5.8890,61.49,117.00,0.007242
28.1414,5.8890,61.22,117.00,0.007488
28.2188,5.8890,62.03,117.00,0.007617
28.2962,5.8890,62.03,117.50,0.007791
28.3708,5.8890,61.22,117.00,0.007583
28.4442,5.8890,61.76,117.00,0.007630
28.5183,5.8890,61.76,117.00,0.007625
28.5903,5.8890,62.03,117.00,0.007496
28.6655,5.8890,61.76,117.50,0.007458
28.7381,5.8890,62.03,118.00,0.007626
28.8154,5.8890,61.49,118.00,0.007814
28.8910,5.8890,61.76,118.00,0.007476
28.9655,5.8890,61.22,118.00,0.007238
29.0411,5.8795,62.03,118.00,0.008057
29.1189,5.8700,62.03,118.00,0.007433
29.1936,5.8700,61.49,118.00,0.007571
29.2679,5.8700,62.30,118.00,0.007161
29.3444,5.8700,61.76,118.00,0.007664
29.4212,5.8700,61.76,118.00,0.007620
29.4952,5.8700,62.03,118.00,0.007773
29.5724,5.8700,61.22,118.00,0.007833
29.6485,5.8700,61.49,118.00,0.007783
29.7267,5.8700,61.76,118.00,0.007337
29.8025,5.8700,61.76,118.00,0.007473
29.8783,5.8700,61.76,118.00,0.007448
29.9544,5.8700,61.49,118.00,0.007352
30.0316,5.9275,61.76,118.00,0.007648
30.1091,5.9850,61.49,118.00,0.008502
30.1833,5.9850,62.03,118.00,0.007667
30.2594,5.9850,61.49,118.00,0.007993
30.3340,5.9850,62.03,118.00,0.007699
30.4070,5.9850,62.30,118.00,0.007097
30.4817,5.9850,61.76,118.00,0.007585
30.5530,5.9850,62.03,118.00,0.007217
30.6301,5.9850,62.03,117.50,0.007046
30.7022,5.9850,61.49,117.50,0.007371
30.7785,5.9850,61.76,117.00,0.007561
30.8548,5.9850,61.49,118.00,0.007294
30.9298,5.9850,62.03,117.00,0.007100
31.0019,5.9850,61.76,117.00,0.007311
31.0753,5.9850,61.76,117.50,0.007153
31.1486,5.9335,61.49,118.00,0.007819
31.2234,5.8820,61.22,118.00,0.007149
31.2987,5.8820,61.49,118.00,0.007201
31.3753,5.8820,61.76,118.00,0.007581
31.4510,5.8820,61.76,118.00,0.007457
31.5285,5.8820,61.76,118.00,0.007508
31.6052,5.8820,61.49,118.00,0.007653
31.6792,5.8820,62.03,118.00,0.007626
31.7551,5.8820,61.76,117.50,0.007737
31.8301,5.8820,61.49,117.00,0.007671
31.9023,5.8820,61.76,117.00,0.007176
31.9759,5.8820,61.76,117.00,0.007323
32.0497,5.9410,61.76,117.00,0.007592
32.1273,6.0000,62.03,117.50,0.007739
32.2034,6.0000,61.49,117.50,0.007716
32.2794,6.0000,61.76,117.50,0.007713
32.3549,6.0000,62.03,117.50,0.007463
32.4307,6.0000,61.22,117.00,0.007543
32.5092,6.0000,61.76,117.00,0.007379
32.5842,6.0000,61.76,117.00,0.007631
32.6592,6.0000,62.03,117.50,0.007776
32.7371,6.0000,62.03,117.00,0.007516
32.8104,6.0000,62.03,117.00,0.007770
32.8848,6.0000,62.03,117.50,0.007437
32.9589,6.0000,61.49,117.00,0.007299
33.0359,5.9945,62.03,117.50,0.008201
33.1113,5.9890,61.76,118.00,0.007455
33.1853,5.9890,61.76,118.00,0.007086
33.2580,5.9890,61.76,118.00,0.007151
33.3350,5.9890,61.76,118.00,0.007556
33.4068,5.9890,61.49,118.00,0.007606
33.4820,5.9890,62.30,118.00,0.007413
33.5580,5.9890,62.30,118.00,0.007300
33.6346,5.9890,62.03,118.00,0.007496
33.7115,5.9890,62.30,118.00,0.008064
33.7878,5.9890,61.49,118.00,0.007571
33.8631,5.9890,62.30,118.00,0.007415
33.9381,5.9890,62.03,118.00,0.008011
34.0138,5.9890,61.49,118.00,0.007581
34.0910,5.9090,62.30,118.00,0.007581
34.1659,5.9090,61.76,118.00,0.007285
34.2428,5.9090,62.03,117.00,0.007384
34.3191,5.9090,61.76,117.00,0.007418
34.3943,5.9090,62.30,117.00,0.007546
34.4694,5.9090,61.76,117.00,0.007445
34.5464,5.9090,62.03,118.00,0.007633
34.6230,5.9090,61.76,118.00,0.007543
34.6982,5.9090,62.03,118.00,0.007565
34.7747,5.9090,61.76,118.00,0.007940
34.8552,5.9090,62.03,118.00,0.007971
34.9347,5.9090,62.03,118.00,0.008041
35.0167,5.9090,62.03,118.00,0.007791
35.0989,5.8930,61.76,118.00,0.007896
35.1831,5.8930,62.03,118.00,0.007899
35.2616,5.8930,61.76,118.00,0.008284
35.3410,5.8930,61.49,118.00,0.007798
35.4197,5.8930,61.49,118.00,0.007305
35.5002,5.8930,61.49,118.00,0.007415
35.5816,5.8930,61.76,118.00,0.007577
35.6621,5.8930,62.03,118.00,0.007838
35.7407,5.8930,62.03,118.00,0.007903
35.8210,5.8930,61.49,118.00,0.007910
35.8998,5.8930,61.22,118.00,0.007942
35.9787,5.8930,61.76,118.00,0.008349
36.0542,5.8685,61.22,118.00,0.007464
36.1302,5.8440,62.03,118.00,0.007221
36.2018,5.8440,61.76,118.00,0.007324
36.2792,5.8440,61.49,118.00,0.007341
36.3565,5.8440,62.03,118.00,0.008007
36.4381,5.8440,62.03,118.00,0.008025
36.5187,5.8440,62.03,118.00,0.008303
36.5993,5.8440,61.76,118.00,0.008182
36.6784,5.8440,61.76,118.00,0.008112
36.7606,5.8440,61.49,118.00,0.008209
36.8386,5.8440,61.76,118.00,0.007982
36.9188,5.8440,61.76,118.00,0.007564
36.9925,5.8440,61.22,118.00,0.007772
37.0675,5.8440,61.76,118.00,0.007977
37.1460,5.8440,61.49,118.00,0.007225
37.2278,5.8170,61.76,118.00,0.008396
37.3087,5.8170,61.76,118.00,0.007748
37.3892,5.8170,61.49,118.00,0.007368
37.4688,5.8170,61.76,118.00,0.007571
37.5483,5.8170,61.22,118.00,0.007281
37.6289,5.8170,61.49,118.00,0.007899
37.7094,5.8170,61.76,118.00,0.007951
37.7887,5.8170,61.76,118.00,0.008010
37.8684,5.8170,61.49,118.00,0.007525
37.9478,5.8170,61.22,118.00,0.007915
38.0266,5.8320,61.49,118.00,0.007622
38.1031,5.8470,61.76,118.00,0.007713
38.1869,5.8470,61.49,118.00,0.007888
38.2692,5.8470,61.49,118.00,0.007685
38.3430,5.8470,61.22,118.00,0.007422
38.4154,5.8470,61.76,118.50,0.007153
38.4930,5.8470,61.49,119.00,0.007921
38.5697,5.8470,61.49,119.00,0.008007
38.6493,5.8470,61.76,119.00,0.007175
38.7277,5.8470,61.22,119.00,0.007865
38.8078,5.8470,61.22,119.00,0.007849
38.8869,5.8470,61.76,119.00,0.008014
38.9711,5.8470,61.49,119.00,0.008213
39.0509,5.8570,61.49,119.00,0.008145
39.1304,5.8670,62.03,119.00,0.007716
39.2100,5.8670,61.49,119.00,0.007417
39.2951,5.8670,61.76,119.00,0.007568
39.3706,5.8670,61.49,119.00,0.007792
39.4528,5.8670,61.49,119.00,0.007672
39.5332,5.8670,61.76,119.00,0.007551
39.6144,5.8670,61.22,119.00,0.008137
39.6910,5.8670,61.76,119.00,0.007354
39.7669,5.8670,62.03,119.00,0.007420
39.8397,5.8670,62.03,119.00,0.007066
39.9202,5.8670,62.03,119.00,0.007802
40.0007,5.8670,61.49,119.00,0.007607
40.0823,5.8130,61.22,119.00,0.008060
40.1618,5.8130,61.76,119.00,0.008078
40.2412,5.8130,62.03,119.00,0.008298
40.3197,5.8130,61.22,119.00,0.007529
40.3993,5.8130,61.49,119.00,0.007419
40.4792,5.8130,61.49,119.00,0.007809
40.5596,5.8130,61.76,119.00,0.007727
40.6374,5.8130,61.76,119.00,0.008183
40.7195,5.8130,61.76,119.00,0.007983
40.8004,5.8130,62.03,119.00,0.008255
40.8762,5.8130,61.76,119.00,0.007918
40.9513,5.8130,61.76,119.00,0.007498
41.0339,5.8400,62.03,119.00,0.007623
41.1139,5.8670,61.22,119.00,0.007319
41.1925,5.8670,61.49,119.00,0.007636
41.2712,5.8670,61.49,119.00,0.007862
41.3543,5.8670,61.22,119.00,0.008276
41.4303,5.8670,61.49,119.00,0.007203
41.5058,5.8670,61.49,119.00,0.007114
41.5818,5.8670,61.76,119.00,0.007203
41.6577,5.8670,61.49,119.00,0.007415
41.7392,5.8670,61.49,119.00,0.008022
41.8228,5.8670,61.49,119.00,0.008502
41.9008,5.8670,61.22,119.00,0.008222
41.9819,5.8670,61.49,119.00,0.007920
42.0604,5.7980,61.22,119.00,0.007894
42.1414,5.7980,61.22,119.00,0.008107
42.2186,5.7980,61.22,119.00,0.008014
42.3016,5.7980,61.49,119.00,0.007644
42.3786,5.7980,61.49,119.00,0.007957
42.4629,5.7980,61.76,119.00,0.007605
42.5445,5.7980,61.49,120.00,0.008098
42.6250,5.7980,61.22,120.00,0.008073
42.7051,5.7980,61.22,120.00,0.008208
42.7891,5.7980,61.22,120.00,0.007804
42.8702,5.7980,61.49,120.00,0.008118
42.9525,5.7980,61.49,120.00,0.007685
43.0317,5.8190,61.76,120.00,0.008270
43.1156,5.8400,61.76,120.00,0.007833
43.1952,5.8400,61.49,120.00,0.007548
43.2751,5.8400,61.49,119.00,0.007566
43.3506,5.8400,61.22,119.00,0.007573
43.4259,5.8400,61.76,120.00,0.007314
43.5031,5.8400,61.22,120.00,0.007638
43.5797,5.8400,61.22,120.00,0.007500
43.6536,5.8400,61.22,120.00,0.007659
43.7313,5.8400,61.76,120.00,0.007864
43.8051,5.8400,61.49,120.00,0.007570
43.8834,5.8400,61.22,119.00,0.007781
43.9574,5.8400,61.49,120.00,0.007470
44.0357,5.9125,61.76,120.00,0.007676
44.1099,5.9850,61.49,120.00,0.007617
44.1865,5.9850,61.76,119.50,0.007351
44.2591,5.9850,61.22,120.00,0.007540
44.3364,5.9850,62.03,120.00,0.007952
44.4112,5.9850,61.49,120.00,0.007322
44.4875,5.9850,61.22,120.00,0.007605
44.5597,5.9850,61.76,120.00,0.007233
44.6335,5.9850,61.22,120.00,0.007152
44.7056,5.9850,61.49,120.00,0.007020
44.7800,5.9850,62.03,120.00,0.007448
44.8560,5.9850,61.49,120.00,0.007550
44.9307,5.9850,61.49,120.00,0.007610
45.0067,5.9850,62.03,119.50,0.007789
45.0838,5.9850,61.49,119.50,0.007707
45.1596,5.9850,61.22,119.00,0.007967
45.2334,5.9850,61.76,119.00,0.007453
45.3059,5.9850,62.03,119.00,0.007319
45.3807,5.9850,61.76,119.00,0.007879
45.4561,5.9850,61.76,119.00,0.007317
45.5317,5.9850,61.49,119.00,0.008062
45.6071,5.9850,61.76,119.50,0.007838
45.6832,5.9850,61.76,119.00,0.007398
45.7567,5.9850,61.76,119.00,0.007908
45.8334,5.9850,62.03,119.00,0.007806
45.9064,5.9850,62.03,119.00,0.007508
45.9822,5.9850,61.76,119.00,0.007180
46.0537,5.9850,61.76,119.00,0.007061
46.1273,5.9850,61.49,120.00,0.007243
46.2029,5.9850,61.76,119.50,0.007826
46.2830,5.9850,61.76,119.50,0.008178
46.3631,5.9850,62.03,119.00,0.008314
46.4465,5.9790,61.76,119.00,0.008006
46.5261,5.9730,61.22,119.00,0.007805
46.6074,5.9730,61.22,119.00,0.007796
46.6853,5.9730,62.03,119.00,0.007714
46.7684,5.9730,61.22,119.00,0.007693
46.8474,5.9730,61.76,119.00,0.007669
46.9280,5.9730,61.22,119.00,0.007488
47.0072,5.9730,61.76,119.00,0.007699
47.0888,5.8670,61.76,119.00,0.007920
47.1689,5.8670,62.03,119.00,0.007980
47.2495,5.8670,61.76,119.00,0.007780
47.3231,5.8670,61.49,119.00,0.007588
47.4025,5.8670,61.49,119.00,0.007381
47.4804,5.8670,61.76,119.00,0.007511
47.5576,5.8670,61.76,119.50,0.007555
47.6329,5.8670,61.76,120.00,0.007557
47.7083,5.8670,61.76,120.00,0.007564
47.7843,5.8670,62.03,120.00,0.007380
47.8626,5.8670,61.49,120.00,0.007760
47.9386,5.8670,61.49,120.00,0.007599
48.0179,5.8670,61.76,120.00,0.007405
48.0924,5.9160,62.03,120.00,0.007272
48.1663,5.9160,61.49,120.00,0.007354
48.2427,5.9160,62.03,120.00,0.007674
48.3203,5.9160,61.76,120.00,0.007611
48.3947,5.9160,62.03,120.00,0.007580
48.4710,5.9160,61.49,120.00,0.007297
48.5459,5.9160,61.76,120.00,0.007193
48.6226,5.9160,62.30,120.00,0.007361
48.6953,5.9160,61.76,120.00,0.007622
48.7705,5.9160,62.03,120.00,0.007520
48.8480,5.9160,61.49,120.00,0.007563
48.9239,5.9160,62.03,120.00,0.007824
49.0018,5.9160,61.76,120.00,0.007581
49.0804,5.9730,61.76,120.00,0.008130
49.1536,5.9730,62.03,120.00,0.007719
49.2312,5.9730,61.22,120.00,0.007988
49.3071,5.9730,61.22,120.00,0.007412
49.3853,5.9730,61.49,120.00,0.007917
49.4596,5.9730,61.76,120.00,0.007722
49.5358,5.9730,62.03,120.00,0.007883
49.6116,5.9730,62.03,120.00,0.007668
49.6915,5.9730,61.76,120.00,0.007463
49.7680,5.9730,61.22,120.00,0.007626
49.8433,5.9730,61.22,120.00,0.007625
49.9172,5.9730,61.49,120.00,0.007630
49.9956,5.9730,61.76,120.00,0.007913
50.0701,5.8780,61.22,120.00,0.007603
50.1463,5.8780,62.03,120.00,0.007295
50.2247,5.8780,62.03,120.00,0.008720
50.3024,5.8780,61.76,120.00,0.007793
50.3807,5.8780,61.49,120.00,0.007796
50.4555,5.8780,61.76,120.00,0.007576
50.5297,5.8780,61.49,120.00,0.007711
50.6071,5.8780,62.03,120.00,0.007430
50.6804,5.8780,62.30,120.00,0.007691
50.7536,5.8780,61.76,120.00,0.007385
50.8268,5.8780,61.76,120.00,0.007318
50.9004,5.8780,61.49,120.00,0.007528
50.9747,5.8780,61.49,120.00,0.007575
51.0503,5.9200,61.76,120.00,0.007603
51.1239,5.9620,62.03,120.00,0.007650
51.1987,5.9620,61.49,120.00,0.008104
51.2705,5.9620,61.49,121.00,0.006998
51.3477,5.9620,61.49,121.00,0.007893
51.4197,5.9620,61.49,121.00,0.007444
51.4938,5.9620,61.76,121.00,0.007149
51.5652,5.9620,61.76,121.00,0.007331
51.6386,5.9620,61.76,121.00,0.007208
51.7150,5.9620,61.76,121.00,0.007845
51.7898,5.9620,61.49,121.00,0.007458
51.8627,5.9620,61.76,121.00,0.007867
51.9395,5.9620,62.03,121.00,0.007910
52.0117,5.9620,62.03,121.00,0.007271
52.0889,5.9280,61.76,121.00,0.007369
52.1636,5.9280,61.49,121.00,0.007929
52.2404,5.9280,62.03,120.50,0.008008
52.3149,5.9280,61.49,121.00,0.007601
52.3900,5.9280,61.49,121.00,0.007622
52.4623,5.9280,61.49,120.50,0.007827
52.5416,5.9280,61.76,120.00,0.007919
52.6141,5.9280,61.76,120.00,0.007777
52.6910,5.9280,61.76,120.00,0.007778
52.7676,5.9280,61.49,120.00,0.007710
52.8441,5.9280,62.30,120.50,0.007405
52.9167,5.9280,61.76,120.00,0.007562
52.9915,5.9280,61.49,120.00,0.007386
53.0672,5.8970,62.03,120.00,0.007524
53.1444,5.8970,62.03,120.00,0.007711
53.2186,5.8970,62.03,121.00,0.007504
53.2959,5.8970,61.49,120.00,0.007421
53.3683,5.8970,61.76,120.00,0.007657
53.4436,5.8970,61.76,120.00,0.007299
53.5142,5.8970,62.03,120.00,0.007008
53.5899,5.8970,62.03,120.50,0.007146
53.6617,5.8970,61.49,120.00,0.007552
53.7372,5.8970,61.22,120.00,0.007137
53.8084,5.8970,62.03,120.00,0.007277
53.8816,5.8970,61.76,120.00,0.007342
53.9534,5.8970,61.76,120.00,0.007498
54.0298,5.9315,62.03,120.00,0.007682
54.1074,5.9660,62.03,120.00,0.008029
54.1818,5.9660,61.49,120.00,0.007251
54.2594,5.9660,62.30,120.00,0.007799
54.3341,5.9660,61.49,120.00,0.007832
54.4106,5.9660,61.49,120.00,0.007628
54.4872,5.9660,61.76,120.00,0.007409
54.5621,5.9660,62.03,120.00,0.007390
54.6389,5.9660,62.03,120.00,0.007587
54.7126,5.9660,62.03,120.00,0.007762
54.7907,5.9660,62.03,120.00,0.007550
54.8683,5.9660,61.76,120.00,0.007579
54.9439,5.9660,61.76,120.00,0.007624
55.0188,5.9660,61.76,120.00,0.007376
55.0968,5.9660,61.49,120.00,0.007164
55.1703,5.9430,61.76,120.00,0.008029
55.2471,5.9200,61.76,120.00,0.007645
55.3229,5.9200,62.03,120.00,0.007465
55.3990,5.9200,61.49,120.00,0.007779
55.4730,5.9200,61.49,120.00,0.007672
55.5476,5.9200,62.03,120.00,0.007292
55.6212,5.9200,61.22,120.00,0.007249
55.6991,5.9200,62.03,120.00,0.007742
55.7748,5.9200,61.76,120.00,0.007298
55.8508,5.9200,61.76,120.00,0.007506
55.9286,5.9200,61.22,120.00,0.007748
56.0035,5.9200,62.03,120.00,0.007504
56.0801,5.9580,61.49,120.00,0.007592
56.1595,5.9580,61.49,120.00,0.007855
56.2349,5.9580,62.30,120.00,0.007831
56.3096,5.9580,62.03,120.00,0.007253
56.3858,5.9580,61.49,120.00,0.007533
56.4637,5.9580,62.03,120.00,0.007787
56.5385,5.9580,62.03,120.00,0.007246
56.6144,5.9580,61.22,120.00,0.007746
56.6904,5.9580,62.03,120.00,0.007906
56.7671,5.9580,62.03,120.00,0.007495
56.8433,5.9580,61.49,120.00,0.007605
56.9192,5.9580,61.49,120.00,0.007569
56.9952,5.9580,61.49,120.00,0.007322
57.0733,5.9390,61.49,120.00,0.007966
57.1468,5.9390,62.03,120.00,0.007433
57.2225,5.9390,61.49,120.00,0.007609
57.2979,5.9390,61.76,120.00,0.007510
57.3752,5.9390,61.22,120.00,0.007571
57.4511,5.9390,62.30,120.00,0.007611
57.5268,5.9390,61.49,120.00,0.007669
57.6011,5.9390,61.76,120.00,0.007481
57.6764,5.9390,62.03,120.00,0.007858
57.7507,5.9390,61.49,120.00,0.007257
57.8248,5.9390,62.30,120.00,0.007242
57.8987,5.9390,62.30,120.00,0.007033
57.9760,5.9390,61.76,120.00,0.007664
58.0496,5.9295,62.30,120.00,0.007586
58.1258,5.9200,61.49,120.00,0.007731
58.1986,5.9200,62.03,120.00,0.007426
58.2748,5.9200,61.76,120.00,0.007219
58.3493,5.9200,61.49,121.00,0.007133
58.4271,5.9200,62.30,121.00,0.007995
58.4999,5.9200,61.49,121.00,0.007361
58.5750,5.9200,62.03,121.00,0.007757
58.6507,5.9200,61.76,121.00,0.007701
58.7270,5.9200,61.76,121.00,0.007610
58.8020,5.9200,62.03,121.00,0.008221
58.8795,5.9200,61.22,121.00,0.007692
58.9550,5.9200,61.22,121.00,0.007453
59.0351,5.9355,61.76,121.00,0.007805
59.1144,5.9510,61.49,121.00,0.008119
59.1950,5.9510,62.03,120.50,0.007736
59.2750,5.9510,61.76,120.00,0.007925
59.3559,5.9510,62.30,120.00,0.007954
59.4348,5.9510,61.76,120.00,0.007682
59.5182,5.9510,62.03,120.00,0.008452
59.5965,5.9510,61.76,120.00,0.007938
59.6805,5.9510,61.22,120.00,0.007853
59.7627,5.9510,61.49,120.00,0.007775
59.8445,5.9510,61.76,120.00,0.008128
59.9243,5.9510,62.03,120.00,0.007959
60.0080,5.9510,61.49,120.00,0.008100
60.0899,5.7750,61.76,120.00,0.007917
60.1716,5.7750,62.03,120.00,0.007975
60.2509,5.7750,62.03,120.00,0.007823
60.3270,5.7750,61.76,120.00,0.007369
60.4044,5.7750,61.49,120.00,0.007470
60.4803,5.7750,61.49,120.00,0.007919
60.5553,5.7750,61.49,120.00,0.008266
60.6299,5.7750,62.30,120.00,0.007189
60.7029,5.7750,61.76,120.00,0.007032
60.7785,5.7750,62.03,120.00,0.007301
60.8550,5.7750,61.49,120.00,0.007714
60.9336,5.7750,61.76,120.00,0.007791
61.0076,5.7750,61.76,120.00,0.007635
61.0830,5.7750,62.03,120.00,0.007262
61.1596,5.8725,61.49,120.00,0.007910
61.2396,5.9700,61.49,120.00,0.007719
61.3142,5.9700,61.49,120.00,0.007575
61.3902,5.9700,61.76,120.00,0.007431
61.4656,5.9700,61.49,120.00,0.007239
61.5394,5.9700,62.03,120.00,0.007255
61.6169,5.9700,61.76,120.00,0.007314
61.6920,5.9700,61.49,120.00,0.007459
61.7663,5.9700,62.03,120.00,0.007956
61.8438,5.9700,62.30,120.00,0.007672
61.9198,5.9700,61.76,120.00,0.007232
61.9959,5.9700,62.30,120.00,0.007783
62.0699,5.9160,61.22,119.50,0.007461
62.1471,5.9160,62.03,119.00,0.007160
62.2198,5.9160,62.03,119.00,0.007237
62.2951,5.9160,61.22,119.00,0.007700
62.3679,5.9160,61.22,119.50,0.007316
62.4431,5.9160,62.30,120.00,0.007532
62.5190,5.9160,62.03,120.00,0.007645
62.5989,5.9160,61.49,120.00,0.007751
62.6744,5.9160,61.76,120.00,0.007535
62.7514,5.9160,61.76,120.00,0.007169
62.8278,5.9160,61.49,120.00,0.008301
62.9049,5.9160,61.22,120.00,0.007358
62.9794,5.9160,61.49,120.00,0.007921
63.0574,5.9370,62.03,120.00,0.007773
63.1310,5.9580,61.76,120.00,0.007460
63.2071,5.9580,61.76,120.00,0.007502
63.2816,5.9580,62.03,120.00,0.007881
63.3590,5.9580,61.76,119.00,0.007622
63.4341,5.9580,61.76,119.50,0.007520
63.5122,5.9580,61.49,119.00,0.007514
63.5857,5.9580,61.76,119.00,0.007534
63.6662,5.9580,61.76,119.00,0.007743
63.7444,5.9580,61.76,119.00,0.007588
63.8228,5.9580,61.22,119.00,0.007872
63.8994,5.9580,62.03,119.00,0.007754
63.9753,5.9580,61.22,119.00,0.007643
64.0510,5.9580,61.49,119.00,0.007597
64.1305,5.8550,61.76,119.00,0.007751
64.2072,5.8550,62.30,119.00,0.008052
64.2855,5.8550,61.49,119.00,0.007307
64.3627,5.8550,62.03,119.00,0.007689
64.4426,5.8550,61.76,119.00,0.007480
64.5165,5.8550,62.03,119.00,0.007696
64.5937,5.8550,61.49,119.00,0.007431
64.6699,5.8550,61.76,119.00,0.007432
64.7470,5.8550,61.76,119.00,0.007263
64.8221,5.8550,61.76,119.00,0.007549
64.8999,5.8550,61.49,119.00,0.007960
64.9733,5.8550,61.49,119.00,0.007492
65.0514,5.8875,62.03,119.00,0.007865
65.1260,5.9200,62.03,119.00,0.007457
65.2039,5.9200,61.76,119.00,0.007805
65.2824,5.9200,62.03,119.00,0.007550
65.3583,5.9200,62.03,119.00,0.007776
65.4309,5.9200,62.03,119.00,0.007003
65.5074,5.9200,61.49,119.00,0.007116
65.5825,5.9200,61.49,119.00,0.007463
65.6581,5.9200,62.30,119.00,0.007975
65.7340,5.9200,62.03,119.00,0.007572
65.8099,5.9200,61.76,119.00,0.007425
65.8885,5.9200,62.03,119.00,0.007589
65.9684,5.9200,61.76,119.00,0.007718
66.0444,5.8935,61.76,119.00,0.007785
66.1227,5.8670,61.76,119.00,0.007691
66.1986,5.8670,61.49,118.50,0.007523
66.2745,5.8670,62.03,118.50,0.007746
66.3510,5.8670,62.30,119.00,0.007885
66.4305,5.8670,61.76,119.00,0.007557
66.5066,5.8670,61.49,119.00,0.007740
66.5837,5.8670,62.03,119.00,0.007720
66.6579,5.8670,61.76,119.00,0.007480
66.7350,5.8670,61.76,118.50,0.007357
66.8105,5.8670,62.30,118.50,0.007724
66.8911,5.8670,61.76,118.00,0.007921
66.9669,5.8670,61.76,118.50,0.007950
67.0440,5.8570,61.76,118.00,0.007496
67.1229,5.8470,61.76,118.00,0.007773
67.2000,5.8470,61.49,118.00,0.007676
67.2782,5.8470,61.76,118.00,0.008070
67.3536,5.8470,61.76,118.00,0.007580
67.4261,5.8470,61.76,118.00,0.007432
67.5030,5.8470,61.49,118.00,0.007245
67.5788,5.8470,61.76,118.00,0.007522
67.6535,5.8470,61.22,118.00,0.007280
67.7298,5.8470,62.03,118.00,0.007815
67.8070,5.8470,61.76,118.00,0.007462
67.8827,5.8470,61.76,118.00,0.007377
67.9587,5.8470,61.76,118.00,0.007646
68.0356,5.8760,61.49,118.00,0.007786
68.1112,5.9050,61.49,118.00,0.007624
68.1863,5.9050,62.03,118.00,0.007791
68.2637,5.9050,62.30,118.00,0.007038
68.3362,5.9050,62.30,118.00,0.007271
68.4099,5.9050,61.49,118.00,0.007361
68.4836,5.9050,61.76,118.00,0.007381
68.5624,5.9050,62.03,118.00,0.007860
68.6379,5.9050,62.03,118.00,0.007304
68.7153,5.9050,62.03,118.00,0.007530
68.7909,5.9050,61.76,118.00,0.007417
68.8683,5.9050,61.76,118.00,0.007852
68.9443,5.9050,61.49,118.00,0.007444
69.0196,5.9050,62.30,118.00,0.007215
69.0945,5.9050,61.76,118.00,0.007113
69.1705,5.9050,61.49,118.00,0.007276
69.2458,5.9050,61.22,117.00,0.007732
69.3197,5.9730,61.76,117.00,0.007038
69.3946,5.9730,62.03,117.00,0.007381
69.4703,5.9730,61.49,117.00,0.007015
69.5470,5.9730,61.22,117.00,0.007864
69.6223,5.9730,61.76,118.00,0.007353
69.6989,5.9730,61.76,118.00,0.007715
69.7751,5.9730,61.49,118.00,0.007178
69.8507,5.9730,62.03,118.00,0.007218
69.9268,5.9730,62.03,118.00,0.007432
70.0034,5.9730,61.76,118.00,0.008086
70.0793,5.9280,61.76,118.00,0.007599
70.1533,5.9280,61.76,118.00,0.007439
70.2312,5.9280,61.49,117.50,0.007637
70.3070,5.9280,62.03,117.00,0.007672
70.3845,5.9280,61.49,117.00,0.007457
70.4608,5.9280,61.76,117.50,0.007977
70.5380,5.9280,61.22,117.00,0.007554
70.6138,5.9280,61.76,117.00,0.007450
70.6917,5.9280,62.03,117.00,0.007712
70.7686,5.9280,61.76,117.00,0.007620
70.8475,5.9280,61.76,117.00,0.007829
70.9237,5.9280,62.30,117.00,0.007881
70.9999,5.9280,61.76,117.00,0.007311
71.0750,5.8740,61.49,117.00,0.007665
71.1505,5.8740,61.49,117.00,0.007349
71.2277,5.8740,62.03,117.00,0.007917
71.3035,5.8740,62.03,117.00,0.007668
71.3811,5.8740,61.49,117.00,0.007476
71.4592,5.8740,61.76,117.00,0.007954
71.5355,5.8740,61.76,117.00,0.007840
71.6129,5.8740,62.03,117.50,0.007586
71.6871,5.8740,62.03,118.00,0.007419
71.7645,5.8740,61.76,117.00,0.007804
71.8376,5.8740,62.03,117.50,0.007556
71.9134,5.8740,61.76,117.00,0.007474
71.9916,5.8740,61.49,117.00,0.007754
72.0719,5.8930,62.30,117.00,0.007681
72.1479,5.8930,61.76,117.00,0.007535
72.2229,5.8930,61.76,117.00,0.007074
72.2956,5.8930,61.76,117.00,0.007079
72.3705,5.8930,61.22,117.00,0.007632
72.4435,5.8930,61.76,117.00,0.007295
72.5176,5.8930,61.76,117.00,0.007316
72.5898,5.8930,62.30,117.00,0.007155
72.6666,5.8930,62.03,117.00,0.007396
72.7446,5.8930,61.76,117.00,0.007624
72.8234,5.8930,62.03,117.00,0.008035
72.8992,5.8930,61.49,117.00,0.007617
72.9750,5.8930,61.49,117.00,0.007816
73.0504,5.8815,61.76,117.00,0.007274
73.1270,5.8700,62.30,117.00,0.007386
73.2019,5.8700,61.49,117.00,0.007522
73.2791,5.8700,61.49,117.00,0.007819
73.3548,5.8700,61.49,117.00,0.007719
73.4327,5.8700,61.49,117.00,0.007746
73.5085,5.8700,61.76,117.00,0.007424
73.5863,5.8700,62.03,117.00,0.007709
73.6618,5.8700,61.76,117.00,0.007405
73.7393,5.8700,61.49,117.00,0.007535
73.8158,5.8700,62.03,117.00,0.007571
73.8915,5.8700,62.30,117.00,0.007537
73.9675,5.8700,61.76,117.00,0.007425
74.0452,5.9065,61.49,117.00,0.007573
74.1192,5.9430,61.76,117.00,0.007543
74.1937,5.9430,62.03,117.00,0.007350
74.2663,5.9430,61.49,117.00,0.007305
74.3428,5.9430,62.30,117.00,0.007457
74.4191,5.9430,62.03,117.00,0.008002
74.4968,5.9430,62.03,117.00,0.007446
74.5708,5.9430,62.30,117.00,0.008083
74.6448,5.9430,61.76,117.00,0.007125
74.7172,5.9430,62.03,117.00,0.007341
74.7940,5.9430,61.76,117.00,0.007097
74.8703,5.9430,61.49,117.00,0.007750
74.9466,5.9430,61.76,117.00,0.007490
75.0226,5.9275,62.30,117.00,0.007961
75.0997,5.9120,61.22,117.00,0.007924
75.1731,5.9120,62.30,117.00,0.007078
75.2480,5.9120,61.49,117.00,0.007227
75.3208,5.9120,62.30,117.00,0.007330
75.3951,5.9120,61.76,117.00,0.007303
75.4676,5.9120,61.76,117.00,0.007240
75.5435,5.9120,61.22,117.00,0.007753
75.6191,5.9120,62.30,117.00,0.007579
75.6949,5.9120,62.30,117.00,0.007811
75.7705,5.9120,61.49,117.00,0.007345
75.8458,5.9120,61.76,117.00,0.007158
75.9222,5.9120,61.49,117.00,0.007748
76.0017,5.9120,62.03,117.00,0.007686
76.0778,5.9120,62.03,117.00,0.007518
76.1551,5.9120,61.49,117.00,0.007221
76.2339,5.9120,61.76,117.00,0.007796
76.3140,5.9120,61.49,117.00,0.007952
76.3874,5.9120,61.49,117.00,0.007455
76.4630,5.9120,61.49,117.00,0.007102
76.5395,5.9120,62.03,117.00,0.007972
76.6154,5.9120,61.76,117.00,0.007922
76.6908,5.9120,61.76,117.00,0.007491
76.7667,5.9120,62.03,117.00,0.007669
76.8429,5.9120,61.49,117.00,0.008059
76.9216,5.9120,61.49,117.00,0.008754
76.9962,5.9120,62.30,117.00,0.008010
77.0751,5.9470,61.76,117.00,0.007459
77.1514,5.9470,61.49,117.00,0.007805
77.2317,5.9470,61.76,117.00,0.008061
77.3084,5.9470,61.49,117.00,0.007792
77.3865,5.9470,62.03,117.00,0.007552
77.4659,5.9470,61.49,117.00,0.007693
77.5536,5.9470,62.03,117.00,0.007988
77.6364,5.9470,61.22,117.00,0.008339
77.7230,5.9470,61.49,117.00,0.008402
77.8045,5.9470,61.49,117.00,0.007595
77.8889,5.9470,62.03,117.00,0.007744
77.9681,5.9470,61.76,117.00,0.007905
78.0523,5.8440,61.49,116.00,0.007901
78.1320,5.7410,61.76,116.00,0.008032
78.2160,5.7410,62.30,116.00,0.007801
78.2967,5.7410,61.76,116.00,0.007388
78.3800,5.7410,61.76,116.00,0.007401
78.4588,5.7410,61.49,116.00,0.008021
78.5379,5.7410,61.76,116.50,0.007815
78.6189,5.7410,62.03,117.00,0.007593
78.7023,5.7410,62.03,116.00,0.007775
78.7830,5.7410,61.76,116.50,0.007967
78.8650,5.7410,61.76,116.00,0.007909
78.9462,5.7410,61.49,116.00,0.007834
79.0285,5.7905,61.49,117.00,0.007928
79.1084,5.8400,61.22,117.00,0.008124
79.1922,5.8400,61.76,117.00,0.007687
79.2702,5.8400,61.49,116.50,0.007859
79.3522,5.8400,62.03,116.00,0.007586
79.4333,5.8400,62.03,116.00,0.007552
79.5177,5.8400,61.22,116.00,0.008020
79.5995,5.8400,61.22,116.00,0.007602
79.6793,5.8400,62.03,116.00,0.008327
79.7604,5.8400,62.30,116.00,0.007970
79.8446,5.8400,61.76,116.00,0.008140
79.9237,5.8400,61.22,116.00,0.008251
80.0070,5.8400,61.22,116.00,0.008033
80.0885,5.7670,61.76,116.00,0.007404
80.1697,5.7670,61.49,116.00,0.007607
80.2506,5.7670,61.22,116.00,0.007158
80.3263,5.7670,61.49,116.00,0.007541
80.4034,5.7670,61.49,116.00,0.008054
80.4787,5.7670,61.49,116.00,0.007319
80.5553,5.7670,61.49,116.00,0.007701
80.6311,5.7670,61.49,116.00,0.008075
80.7071,5.7670,61.49,116.00,0.007735
80.7829,5.7670,61.49,116.00,0.007326
80.8591,5.7670,61.22,116.00,0.007847
80.9369,5.7670,62.03,116.00,0.007796
81.0105,5.7670,61.76,116.00,0.007353
81.0865,5.9310,61.76,116.00,0.007809
81.1626,5.9310,61.49,116.00,0.007549
81.2384,5.9310,61.49,116.00,0.007726
81.3165,5.9310,61.49,116.00,0.007564
81.3943,5.9310,61.22,116.00,0.007584
81.4676,5.9310,62.30,116.00,0.007403
81.5457,5.9310,61.49,116.00,0.007907
81.6193,5.9310,62.03,116.00,0.007427
81.6991,5.9310,62.03,116.00,0.007413
81.7745,5.9310,62.03,116.00,0.007328
81.8492,5.9310,61.76,116.00,0.007149
81.9237,5.9310,62.03,116.00,0.007493
82.0015,5.9310,61.76,116.00,0.007429
82.0759,5.9120,62.03,116.00,0.007312
82.1521,5.9120,61.49,116.00,0.007719
82.2283,5.9120,61.76,116.00,0.007347
82.3066,5.9120,61.76,116.00,0.007905
82.3855,5.9120,61.49,116.00,0.008058
82.4665,5.9120,61.76,116.00,0.007199
82.5400,5.9120,61.76,116.00,0.007519
82.6150,5.9120,62.03,116.00,0.007095
82.6956,5.9120,61.76,116.00,0.007825
82.7812,5.9120,62.30,116.00,0.008158
82.8578,5.9120,61.76,116.00,0.007140
82.9354,5.9120,62.03,116.00,0.007603
83.0110,5.9120,61.49,116.00,0.007890
83.0879,5.9120,61.49,116.00,0.007766
83.1634,5.8130,61.49,116.00,0.007224
83.2407,5.8130,61.49,116.00,0.007494
83.3227,5.8130,62.03,116.00,0.007727
83.4036,5.8130,61.76,116.00,0.007909
83.4854,5.8130,61.76,116.00,0.007970
83.5665,5.8130,61.22,116.00,0.007673
83.6462,5.8130,62.03,116.00,0.008151
83.7279,5.8130,61.22,116.00,0.007956
83.8091,5.8130,61.76,116.00,0.008038
83.8922,5.8130,61.76,116.00,0.008313
83.9713,5.8130,61.22,116.00,0.008047
84.0526,5.7995,61.49,116.00,0.007853
84.1350,5.7860,61.49,116.00,0.008133
84.2168,5.7860,61.49,116.00,0.008343
84.2973,5.7860,61.22,116.00,0.007996
84.3805,5.7860,61.49,116.00,0.007853
84.4597,5.7860,61.49,116.00,0.007650
84.5433,5.7860,61.49,116.00,0.007980
84.6249,5.7860,61.76,116.00,0.008206
84.7084,5.7860,61.22,116.00,0.008147
84.7901,5.7860,61.49,116.00,0.007817
84.8739,5.7860,61.49,116.00,0.008143
84.9555,5.7860,61.49,116.00,0.008290
85.0387,5.7365,61.49,116.00,0.007795
85.1183,5.6870,61.49,116.00,0.007933
85.1997,5.6870,62.03,116.00,0.008345
85.2769,5.6870,61.76,116.00,0.008058
85.3590,5.6870,61.76,116.00,0.007842
85.4349,5.6870,61.76,116.00,0.007390
85.5143,5.6870,62.03,116.00,0.007537
85.5922,5.6870,61.49,116.00,0.007845
85.6756,5.6870,61.22,116.00,0.007847
85.7506,5.6870,61.76,116.00,0.007317
85.8254,5.6870,62.03,116.00,0.007228
85.8999,5.6870,62.03,116.00,0.007446
85.9791,5.6870,61.49,116.00,0.007407
86.0589,5.7575,61.76,116.00,0.008082
86.1424,5.8280,61.49,116.00,0.008164
86.2247,5.8280,62.30,116.00,0.009391
86.3062,5.8280,61.76,116.00,0.007890
86.3874,5.8280,61.49,116.00,0.008039
86.4684,5.8280,61.76,116.00,0.007811
86.5446,5.8280,61.76,116.00,0.007579
86.6198,5.8280,61.49,116.00,0.007337
86.6960,5.8280,61.76,116.00,0.007373
86.7710,5.8280,61.49,116.00,0.007658
86.8445,5.8280,61.49,116.00,0.007686
86.9206,5.8280,62.03,116.00,0.007772
86.9966,5.8280,61.49,116.00,0.007781
87.0750,5.9310,61.49,116.00,0.007698
87.1506,5.9310,61.76,116.00,0.007469
87.2287,5.9310,62.30,116.00,0.007229
87.3030,5.9310,61.22,116.00,0.007318
87.3775,5.9310,61.76,116.00,0.007022
87.4497,5.9310,61.49,116.00,0.007019
87.5275,5.9310,61.76,116.00,0.007648
87.6014,5.9310,61.76,116.00,0.007353
87.6794,5.9310,61.49,116.00,0.007562
87.7555,5.9310,61.22,116.00,0.007831
87.8341,5.9310,61.76,116.00,0.008030
87.9101,5.9310,62.30,116.00,0.007915
87.9903,5.9310,62.03,116.00,0.007367
88.0696,5.9390,61.76,116.00,0.008754
88.1446,5.9390,61.76,116.00,0.007612
88.2183,5.9390,62.30,117.00,0.007767
88.2982,5.9390,62.03,117.00,0.007518
88.3740,5.9390,61.49,117.00,0.007694
88.4530,5.9390,61.76,117.00,0.007509
88.5262,5.9390,61.76,117.00,0.007835
88.6059,5.9390,61.22,117.00,0.007442
88.6835,5.9390,61.49,117.00,0.007801
88.7587,5.9390,62.03,117.00,0.007483
88.8344,5.9390,61.76,117.00,0.007460
88.9101,5.9390,62.03,117.00,0.007677
88.9852,5.9390,62.30,117.00,0.008114
89.0637,5.9390,62.30,117.00,0.007816
89.1378,5.9390,61.49,117.00,0.007491
89.2155,5.9390,61.22,117.00,0.007818
89.2912,5.9390,62.03,117.00,0.007674
89.3664,5.9390,62.30,117.00,0.007115
89.4443,5.9390,61.76,117.00,0.007735
89.5196,5.9390,61.76,117.00,0.007795
89.5952,5.9390,61.76,117.00,0.007846
89.6723,5.9390,62.30,117.00,0.007154
89.7486,5.9390,61.76,117.00,0.007798
89.8232,5.9390,61.49,117.00,0.007696
89.8986,5.9390,61.49,117.00,0.007281
89.9752,5.9390,62.30,117.00,0.007686
90.0484,5.9240,62.03,117.00,0.007771
90.1245,5.9090,61.49,117.00,0.007401
90.1999,5.9090,62.03,117.00,0.007452
90.2780,5.9090,61.76,117.00,0.007469
90.3513,5.9090,61.49,117.00,0.007839
90.4275,5.9090,62.03,117.00,0.007610
90.5029,5.9090,61.76,117.00,0.007742
90.5825,5.9090,61.76,117.00,0.007560
90.6585,5.9090,62.03,117.00,0.007003
90.7318,5.9090,61.49,117.00,0.007095
90.8067,5.9090,62.03,117.00,0.007465
90.8834,5.9090,62.03,117.00,0.007569
90.9568,5.9090,61.49,117.00,0.007763
91.0318,5.8880,62.03,117.00,0.007863
91.1060,5.8670,61.76,117.00,0.007298
91.1816,5.8670,62.30,117.50,0.007709
91.2556,5.8670,61.76,118.00,0.007789
91.3304,5.8670,62.03,118.00,0.007404
91.4062,5.8670,61.76,118.00,0.007768
91.4830,5.8670,61.76,118.00,0.007559
91.5591,5.8670,62.03,118.00,0.007715
91.6359,5.8670,61.76,118.00,0.007337
91.7096,5.8670,62.03,118.00,0.007806
91.7867,5.8670,61.49,118.00,0.007532
91.8642,5.8670,61.76,118.00,0.007444
91.9396,5.8670,61.76,118.00,0.007848
92.0150,5.8670,61.49,118.00,0.007378
92.0906,5.9200,61.49,118.00,0.007408
92.1637,5.9200,61.49,118.00,0.007644
92.2417,5.9200,62.03,118.00,0.007611
92.3156,5.9200,62.03,118.00,0.007661
92.3906,5.9200,61.76,118.00,0.007624
92.4637,5.9200,61.76,118.00,0.007545
92.5435,5.9200,62.30,118.00,0.007813
92.6164,5.9200,61.76,118.00,0.007594
92.6952,5.9200,62.03,118.00,0.007533
92.7708,5.9200,61.76,118.00,0.007668
92.8475,5.9200,61.76,118.00,0.007282
92.9230,5.9200,61.76,118.00,0.007704
92.9975,5.9200,62.30,118.00,0.007522
93.0714,5.9350,61.76,118.00,0.007635
93.1455,5.9350,61.76,118.00,0.007054
93.2167,5.9350,61.49,118.00,0.007222
93.2901,5.9350,61.76,118.00,0.007332
93.3620,5.9350,61.76,118.00,0.007468
93.4381,5.9350,62.03,118.00,0.007951
93.5107,5.9350,62.30,118.00,0.007535
93.5871,5.9350,62.03,118.00,0.007606
93.6608,5.9350,61.76,118.00,0.007961
93.7373,5.9350,62.03,118.00,0.007903
93.8101,5.9350,62.03,118.00,0.007382
93.8860,5.9350,61.22,118.00,0.007282
93.9572,5.9350,61.76,118.00,0.007497
94.0304,5.9350,62.03,118.00,0.007115
94.1066,5.9350,61.22,118.00,0.007657
94.1842,5.8930,61.76,118.00,0.007465
94.2584,5.8930,62.03,118.00,0.008150
94.3348,5.8930,61.76,118.00,0.007778
94.4104,5.8930,61.49,118.00,0.007860
94.4863,5.8930,62.03,118.00,0.007128
94.5596,5.8930,61.76,118.00,0.007692
94.6364,5.8930,61.49,118.00,0.007688
94.7113,5.8930,61.76,118.00,0.007551
94.7862,5.8930,61.76,118.00,0.007484
94.8629,5.8930,62.03,118.00,0.007663
94.9376,5.8930,62.30,119.00,0.007279
95.0112,5.8930,62.03,119.00,0.007424
95.0880,5.8820,61.76,119.00,0.007592
95.1645,5.8820,61.49,119.00,0.007654
95.2386,5.8820,61.76,119.00,0.007285
95.3116,5.8820,62.03,119.00,0.007980
95.3915,5.8820,61.22,119.00,0.008036
95.4658,5.8820,61.49,119.00,0.007501
95.5406,5.8820,61.76,119.00,0.007889
95.6125,5.8820,62.30,119.00,0.007197
95.6916,5.8820,61.76,119.00,0.007734
95.7674,5.8820,61.76,119.00,0.007776
95.8435,5.8820,62.30,119.00,0.007805
95.9185,5.8820,62.03,119.00,0.007420
95.9972,5.8820,61.76,119.00,0.007738
96.0703,5.8700,61.22,119.00,0.007647
96.1473,5.8700,61.22,119.00,0.007622
96.2194,5.8700,61.76,119.00,0.007264
96.2946,5.8700,61.49,119.00,0.007547
96.3708,5.8700,62.03,119.00,0.007413
96.4439,5.8700,61.76,119.00,0.007129
96.5184,5.8700,61.76,119.00,0.007430
96.5947,5.8700,61.49,119.00,0.007695
96.6701,5.8700,61.49,119.00,0.007887
96.7447,5.8700,61.76,119.00,0.007773
96.8176,5.8700,61.76,119.00,0.007636
96.8944,5.8700,61.49,119.00,0.007236
96.9653,5.8700,61.49,119.00,0.007271
97.0408,5.8700,61.49,119.00,0.007183
97.1120,5.8700,62.03,119.00,0.007169
97.1860,5.9160,61.76,119.00,0.007315
97.2628,5.9620,62.03,119.00,0.008103
97.3396,5.9620,61.49,119.00,0.007729
97.4153,5.9620,61.49,119.00,0.007607
97.4916,5.9620,62.03,119.00,0.007307
97.5667,5.9620,61.76,119.00,0.007742
97.6423,5.9620,62.30,119.00,0.007671
97.7180,5.9620,61.22,119.00,0.007823
97.7975,5.9620,61.76,119.00,0.007357
97.8750,5.9620,61.22,119.00,0.007824
97.9502,5.9620,61.49,119.00,0.007395
98.0278,5.9160,62.03,119.00,0.007975
98.1027,5.8700,62.30,119.00,0.007905
98.1770,5.8700,61.49,119.00,0.008524
98.2519,5.8700,61.76,119.00,0.007406
98.3238,5.8700,61.49,119.00,0.006997
98.3973,5.8700,61.49,119.00,0.007079
98.4712,5.8700,61.76,119.00,0.007379
98.5474,5.8700,61.49,119.00,0.007572
98.6223,5.8700,61.76,119.00,0.007636
98.6992,5.8700,61.76,119.00,0.007873
98.7727,5.8700,62.03,119.00,0.007995
98.8466,5.8700,61.76,119.00,0.007178
98.9228,5.8700,62.30,119.00,0.008252
98.9971,5.8700,61.76,119.00,0.007523
99.0710,5.9200,61.76,119.00,0.007813
99.1491,5.9200,62.03,119.00,0.007758
99.2224,5.9200,62.30,119.00,0.007855
99.3002,5.9200,62.03,119.00,0.007572
99.3753,5.9200,62.03,119.00,0.007884
99.4528,5.9200,61.76,119.00,0.007938
99.5260,5.9200,62.30,119.00,0.007243
99.6025,5.9200,62.30,119.00,0.007409
99.6794,5.9200,61.76,119.00,0.007107
99.7549,5.9200,62.03,118.50,0.007072
99.8275,5.9200,61.76,119.00,0.007422
99.9042,5.9200,61.76,119.00,0.007317
99.9789,5.9200,61.22,119.00,0.007555
100.0531,5.8835,61.76,119.00,0.007089
100.1255,5.8470,61.76,119.00,0.006984
100.1991,5.8470,61.22,119.00,0.007129
100.2720,5.8470,61.49,119.00,0.007223
100.3489,5.8470,61.76,119.00,0.007836
100.4220,5.8470,62.03,119.00,0.007581
100.4996,5.8470,61.49,119.00,0.007883
100.5751,5.8470,62.03,119.00,0.007586
100.6524,5.8470,61.76,119.00,0.007428
100.7255,5.8470,61.76,119.00,0.007585
100.8027,5.8470,62.03,118.50,0.007553
100.8772,5.8470,62.03,119.00,0.007072
100.9501,5.8470,61.49,119.00,0.007133
101.0223,5.8470,62.30,119.00,0.007370
101.0963,5.8470,62.30,119.00,0.007434
101.1699,5.9065,62.03,119.00,0.007882
101.2477,5.9660,62.03,119.00,0.007516
101.3229,5.9660,61.76,119.00,0.007237
101.3985,5.9660,61.49,119.00,0.007141
101.4708,5.9660,62.30,118.50,0.007543
101.5482,5.9660,62.30,118.50,0.007337
101.6208,5.9660,62.30,119.00,0.007402
101.6951,5.9660,61.76,119.00,0.007452
101.7709,5.9660,61.76,119.00,0.007713
101.8504,5.9660,62.03,118.50,0.008084
101.9220,5.9660,61.49,118.00,0.007099
101.9952,5.9660,61.76,118.50,0.007079
102.0673,5.9660,61.49,118.50,0.007249
102.1422,5.9065,61.76,118.00,0.007787
102.2181,5.8470,61.76,118.00,0.007816
102.2958,5.8470,61.49,118.00,0.007644
102.3689,5.8470,62.30,118.00,0.007254
102.4428,5.8470,62.03,118.00,0.007418
102.5177,5.8470,62.03,118.00,0.007607
102.5947,5.8470,62.30,118.00,0.007554
102.6695,5.8470,61.76,118.00,0.007193
102.7428,5.8470,62.03,118.00,0.007166
102.8188,5.8470,62.03,118.00,0.007127
102.8943,5.8470,61.76,118.00,0.007410
102.9675,5.8470,61.76,118.00,0.007941
103.0448,5.8795,62.30,118.00,0.007610
103.1192,5.9120,61.76,118.00,0.007780
103.1952,5.9120,61.76,118.00,0.007176
103.2674,5.9120,61.49,118.50,0.007078
103.3412,5.9120,62.30,118.50,0.007251
103.4131,5.9120,61.76,118.00,0.007072
103.4879,5.9120,62.03,118.00,0.007506
103.5635,5.9120,62.03,118.00,0.007047
103.6383,5.9120,61.22,118.00,0.007510
103.7141,5.9120,62.03,118.00,0.007842
103.7909,5.9120,62.03,118.00,0.007712
103.8644,5.9120,61.49,118.00,0.007599
103.9395,5.9120,61.22,118.00,0.007596
104.0156,5.9120,61.49,118.00,0.008101
104.0905,5.9200,62.03,118.00,0.007364
104.1669,5.9200,62.03,118.00,0.007408
104.2422,5.9200,62.30,118.00,0.007293
104.3142,5.9200,61.76,118.00,0.007283
104.3911,5.9200,61.76,118.00,0.008028
104.4651,5.9200,61.76,118.00,0.007183
104.5388,5.9200,62.03,118.00,0.007134
104.6108,5.9200,62.03,118.00,0.007067
104.6879,5.9200,61.76,118.00,0.007577
104.7614,5.9200,61.76,118.00,0.007141
104.8367,5.9200,62.03,118.00,0.007968
104.9102,5.9200,62.03,118.00,0.007430
104.9867,5.9200,61.49,118.00,0.007406
105.0617,5.9200,62.30,118.00,0.008017
105.1389,5.9410,61.49,118.00,0.007886
105.2117,5.9620,61.49,118.00,0.007113
105.2855,5.9620,62.03,118.00,0.007031
105.3581,5.9620,61.49,118.00,0.007163
105.4322,5.9620,61.49,118.00,0.007427
105.5085,5.9620,61.76,118.00,0.007400
105.5862,5.9620,61.49,118.00,0.008140
105.6619,5.9620,62.03,118.00,0.007565
105.7392,5.9620,61.49,118.00,0.007579
105.8157,5.9620,61.76,118.00,0.007900
105.8923,5.9620,62.03,118.00,0.007416
105.9674,5.9620,61.49,118.00,0.007074
106.0415,5.9620,61.49,118.00,0.007208
106.1140,5.9620,62.03,118.00,0.007318
106.1900,5.9620,61.76,118.00,0.007160
106.2625,5.9620,61.49,118.00,0.008043
106.3394,5.9620,61.76,118.00,0.007956
106.4131,5.9620,62.30,118.00,0.007842
106.4905,5.9620,62.03,118.00,0.007525
106.5660,5.9620,62.03,118.00,0.007396
106.6427,5.9620,61.76,118.00,0.007719
106.7183,5.9620,61.49,118.00,0.007631
106.7947,5.9620,62.03,118.00,0.007340
106.8678,5.9620,61.76,118.00,0.007850
106.9467,5.9620,61.49,118.00,0.007350
107.0220,5.9620,61.49,118.00,0.007782
107.0953,5.9620,61.49,118.00,0.007094
107.1675,5.9620,62.30,118.00,0.007297
107.2429,5.9620,62.03,118.00,0.007294
107.3177,5.9620,61.76,118.00,0.007865
107.3944,5.9620,61.76,118.00,0.007532
107.4675,5.9620,61.49,118.00,0.007365
107.5425,5.9620,62.30,118.00,0.007176
107.6142,5.9620,62.03,118.00,0.007284
107.6875,5.9620,61.22,118.00,0.007036
107.7631,5.9255,62.03,118.00,0.007623
107.8384,5.8890,61.76,117.50,0.007352
107.9117,5.8890,61.76,118.00,0.007466
107.9871,5.8890,62.03,118.00,0.007762
108.0629,5.8890,61.49,117.50,0.007466
108.1380,5.8890,62.03,118.00,0.007980
108.2110,5.8890,62.03,117.50,0.007619
108.2894,5.8890,62.03,117.00,0.007524
108.3625,5.8890,61.76,117.00,0.007672
108.4375,5.8890,61.22,117.00,0.007783
108.5106,5.8890,61.76,117.00,0.007530
108.5877,5.8890,61.76,117.00,0.007635
108.6633,5.8890,62.30,117.00,0.007922
108.7380,5.8890,61.22,118.00,0.007716
108.8152,5.8890,61.49,118.00,0.007623
108.8897,5.8890,62.03,118.00,0.007700
108.9650,5.8890,62.03,117.50,0.007088
109.0397,5.8890,61.76,117.00,0.007544
109.1137,5.9050,61.76,117.00,0.007735
109.1909,5.9050,61.76,117.00,0.007659
109.2665,5.9050,61.49,117.50,0.007965
109.3423,5.9050,61.49,117.50,0.007333
109.4159,5.9050,61.76,118.00,0.007270
109.4924,5.9050,61.76,118.00,0.007490
109.5655,5.9050,61.76,117.00,0.007574
109.6398,5.9050,62.03,117.50,0.007039
109.7138,5.9050,61.22,117.00,0.007764
109.7911,5.9050,61.76,117.50,0.007941
109.8645,5.9050,62.30,117.00,0.007614
109.9389,5.9050,62.30,117.00,0.007705
110.0128,5.9050,61.49,117.50,0.007857
110.0901,5.9660,62.03,117.00,0.007744
110.1639,5.9660,61.49,117.00,0.007342
110.2396,5.9660,62.30,117.00,0.007850
110.3143,5.9660,62.03,117.00,0.007279
110.3911,5.9660,61.76,117.00,0.007730
110.4647,5.9660,61.49,117.00,0.007740
110.5387,5.9660,62.03,117.00,0.007502
110.6122,5.9660,62.30,117.50,0.007816
110.6862,5.9660,62.30,117.00,0.007395
110.7598,5.9660,61.76,117.00,0.007801
110.8390,5.9660,61.49,117.00,0.007877
110.9125,5.9660,61.76,117.00,0.007834
110.9868,5.9660,61.49,117.00,0.007710
111.0594,5.9355,62.30,117.50,0.007049
111.1334,5.9050,61.76,117.00,0.007193
111.2082,5.9050,61.49,117.00,0.007456
111.2830,5.9050,61.76,117.00,0.007853
111.3568,5.9050,61.76,117.50,0.008015
111.4318,5.9050,61.22,117.00,0.007946
111.5069,5.9050,61.76,117.00,0.007573
111.5817,5.9050,62.03,117.00,0.007519
111.6564,5.9050,62.03,117.50,0.007526
111.7320,5.9050,62.03,118.00,0.007776
111.8073,5.9050,61.76,118.00,0.007686
111.8845,5.9050,62.30,118.00,0.007740
111.9572,5.9050,61.76,118.00,0.007705
112.0328,5.9165,61.49,118.00,0.007443
112.1056,5.9280,62.30,118.00,0.007442
112.1831,5.9280,62.03,118.00,0.007908
112.2555,5.9280,61.76,118.00,0.007594
112.3347,5.9280,61.76,118.00,0.007700
112.4076,5.9280,61.76,118.00,0.007427
112.4848,5.9280,61.76,118.00,0.007670
112.5578,5.9280,61.76,118.00,0.008209
112.6350,5.9280,61.76,118.00,0.007684
112.7091,5.9280,61.76,118.00,0.007361
112.7840,5.9280,62.03,118.00,0.007549
112.8589,5.9280,62.30,118.00,0.007472
112.9337,5.9280,61.49,118.00,0.007398
113.0064,5.9280,62.03,118.00,0.007881
113.0843,5.9540,62.03,118.00,0.007615
113.1557,5.9540,62.03,118.00,0.007045
113.2310,5.9540,61.76,118.00,0.007286
113.3072,5.9540,62.30,118.00,0.007535
113.3838,5.9540,62.03,118.00,0.007420
113.4588,5.9540,61.22,118.00,0.007687
113.5354,5.9540,61.49,118.00,0.007059
113.6078,5.9540,62.03,118.00,0.007281
113.6816,5.9540,62.03,118.00,0.007092
113.7532,5.9540,62.03,118.00,0.007345
113.8266,5.9540,62.30,118.00,0.007015
113.8987,5.9540,61.76,118.00,0.007506
113.9775,5.9540,62.03,118.00,0.007597
114.0506,5.9005,62.03,118.00,0.007769
114.1281,5.8470,62.30,118.00,0.007592
114.2032,5.8470,61.49,118.00,0.007867
114.2832,5.8470,62.30,118.00,0.008225
114.3561,5.8470,61.76,118.00,0.007452
114.4310,5.8470,61.76,118.00,0.007458
114.5060,5.8470,62.03,118.00,0.007601
114.5829,5.8470,62.30,118.00,0.007682
114.6548,5.8470,61.49,118.00,0.007304
114.7306,5.8470,61.49,118.00,0.007302
114.8069,5.8470,62.30,118.00,0.007560
114.8824,5.8470,61.76,118.00,0.007116
114.9538,5.8470,62.03,118.00,0.007121
115.0272,5.8470,62.03,118.00,0.007302
115.1028,5.8470,62.30,118.00,0.007450
115.1780,5.9010,61.76,118.00,0.007630
115.2549,5.9010,61.76,118.00,0.007524
115.3300,5.9010,62.30,118.00,0.007626
115.4076,5.9010,62.03,118.00,0.007961
115.4821,5.9010,61.76,118.00,0.007521
115.5592,5.9010,61.76,118.00,0.007493
115.6337,5.9010,62.30,118.00,0.007729
115.7061,5.9010,61.49,118.00,0.007635
115.7831,5.9010,61.76,118.00,0.007554
115.8587,5.9010,62.03,118.00,0.007540
115.9351,5.9010,61.76,118.00,0.007351
116.0090,5.9010,61.76,118.00,0.007452
116.0823,5.9010,62.30,118.00,0.007014
116.1578,5.9280,62.03,118.00,0.007947
116.2348,5.9280,62.03,118.00,0.007718
116.3076,5.9280,62.03,118.00,0.007724
116.3822,5.9280,61.49,118.00,0.007469
116.4605,5.9280,62.03,118.00,0.007563
116.5386,5.9280,62.30,118.00,0.007033
116.6097,5.9280,62.03,118.00,0.007065
116.6869,5.9280,61.22,118.00,0.007588
116.7614,5.9280,62.30,118.00,0.007373
116.8434,5.9280,61.76,118.00,0.007685
116.9195,5.9280,61.49,118.00,0.007689
117.0025,5.9280,61.76,118.00,0.007643
117.0779,5.8700,61.76,118.00,0.007970
117.1552,5.8700,62.03,118.00,0.007506
117.2304,5.8700,62.03,118.00,0.007930
117.3076,5.8700,61.76,118.00,0.007236
117.3827,5.8700,62.03,118.00,0.007500
117.4594,5.8700,61.76,118.00,0.007257
117.5318,5.8700,61.76,118.00,0.007399
117.6066,5.8700,61.76,118.00,0.007487
117.6833,5.8700,61.49,118.00,0.007571
117.7584,5.8700,61.76,118.00,0.007671
117.8355,5.8700,61.49,118.00,0.007644
117.9145,5.8700,61.76,118.00,0.007132
117.9892,5.8700,62.03,118.00,0.007084
118.0629,5.8700,61.76,118.00,0.007111
118.1382,5.8700,61.49,118.00,0.007141
118.2136,5.8700,61.22,118.00,0.006993
118.2860,5.8700,61.76,118.50,0.007805
118.3628,5.8895,61.49,119.00,0.007597
118.4361,5.9090,61.76,119.00,0.007683
118.5135,5.9090,62.03,119.00,0.007829
118.5886,5.9090,61.76,119.00,0.007815
118.6631,5.9090,62.03,119.00,0.007381
118.7358,5.9090,62.03,119.00,0.007411
118.8136,5.9090,62.30,119.00,0.007816
118.8885,5.9090,62.03,119.00,0.008003
118.9635,5.9090,62.30,119.00,0.007706
119.0384,5.9070,61.76,119.00,0.007714
119.1159,5.9050,61.49,119.00,0.007586
119.1912,5.9050,61.76,119.00,0.007988
119.2665,5.9050,61.76,119.00,0.007269
119.3415,5.9050,61.49,119.00,0.007707
119.4189,5.9050,61.76,119.00,0.007781
119.4954,5.9050,61.76,119.00,0.007509
119.5700,5.9050,62.30,119.00,0.007143
119.6416,5.9050,61.76,119.00,0.007205
119.7185,5.9050,61.76,119.00,0.007757
119.7913,5.9050,62.03,119.00,0.007533
119.8665,5.9050,62.03,119.00,0.007556
119.9436,5.9050,61.49,119.00,0.007778
120.0230,5.9050,61.49,119.00,0.007824
120.0998,5.9050,62.03,118.50,0.007875
120.1744,5.9050,61.76,118.50,0.007576
120.2514,5.9050,61.49,118.50,0.007615
120.3266,5.9050,62.03,119.00,0.007749
120.3994,5.9050,61.76,119.00,0.007768
120.4742,5.9050,62.03,119.00,0.007444
120.5492,5.9050,62.03,119.00,0.007768
120.6240,5.9050,61.76,119.00,0.007696
120.6984,5.9050,62.03,119.00,0.007117
120.7764,5.9050,61.76,118.00,0.007567
120.8491,5.9050,62.30,118.00,0.007590
120.9240,5.9050,61.76,118.00,0.007276
120.9985,5.9050,61.76,118.00,0.007495
121.0738,5.9050,61.49,118.50,0.007723
121.1462,5.9050,61.49,118.00,0.007430
121.2233,5.9050,62.03,118.00,0.007341
121.2948,5.9050,62.03,118.00,0.007109
121.3704,5.9050,61.49,118.00,0.007308
121.4444,5.9050,61.76,118.00,0.007332
121.5207,5.9050,61.76,118.00,0.007463
121.5935,5.9050,62.03,118.00,0.007837
121.6674,5.9050,62.03,118.00,0.007450
121.7390,5.9050,61.76,118.00,0.007360
121.8144,5.9050,61.22,118.00,0.007225
121.8854,5.9050,61.76,118.00,0.007117
121.9601,5.9030,62.30,118.00,0.007660
122.0340,5.8935,61.76,118.00,0.007641
122.1117,5.8860,62.03,118.00,0.007835
122.1836,5.8860,61.76,118.50,0.007157
122.2579,5.8860,61.76,118.00,0.007447
122.3349,5.8860,61.76,118.50,0.007505
122.4102,5.8860,61.76,118.00,0.007348
122.4834,5.8860,62.03,118.50,0.006989
122.5592,5.8860,61.49,118.00,0.007288
122.6350,5.8860,61.49,118.00,0.007647
122.7099,5.8860,61.49,118.00,0.007773
122.7828,5.8860,61.76,118.00,0.007611
122.8622,5.8860,61.76,118.00,0.007459
122.9377,5.8860,61.49,118.00,0.007696
123.0148,5.8860,61.22,118.00,0.007422
123.0907,5.8510,61.76,118.00,0.007745
123.1656,5.8510,61.49,118.00,0.007313
123.2387,5.8510,61.76,118.00,0.007259
123.3160,5.8510,61.49,118.00,0.007365
123.3888,5.8510,62.03,118.00,0.007548
123.4636,5.8510,61.76,118.00,0.007096
123.5390,5.8510,61.49,118.00,0.007554
123.6146,5.8510,61.76,118.00,0.007899
123.6879,5.8510,61.49,118.00,0.007618
123.7625,5.8510,61.76,118.00,0.007415
123.8376,5.8510,62.30,118.00,0.007721
123.9127,5.8510,62.30,118.00,0.007789
123.9856,5.8510,61.76,118.00,0.007327
124.0633,5.9660,62.03,118.00,0.007528
124.1381,5.9660,61.76,118.00,0.007879
124.2171,5.9660,61.49,118.00,0.007633
124.2901,5.9660,62.03,118.00,0.007799
124.3670,5.9660,62.30,118.00,0.007259
124.4392,5.9660,62.03,118.00,0.007343
124.5147,5.9660,61.49,118.00,0.007524
124.5886,5.9660,62.03,118.00,0.007490
124.6623,5.9660,61.76,118.00,0.007509
124.7348,5.9660,62.03,118.00,0.007460
124.8117,5.9660,62.30,118.00,0.007886
124.8848,5.9660,61.49,118.00,0.007705
124.9593,5.9660,62.03,118.00,0.007387
125.0346,5.9505,61.76,118.00,0.007626
125.1124,5.9350,61.76,118.00,0.007609
125.1871,5.9350,62.30,118.00,0.007674
125.2644,5.9350,62.03,118.00,0.007706
125.3378,5.9350,61.49,118.00,0.007840
125.4144,5.9350,61.76,118.00,0.007306
125.4884,5.9350,62.03,118.00,0.007141
125.5618,5.9350,61.76,118.00,0.007359
125.6337,5.9350,62.03,118.00,0.007378
125.7110,5.9350,62.03,118.00,0.007715
125.7837,5.9350,61.76,118.00,0.007013
125.8570,5.9350,62.03,118.00,0.007118
125.9304,5.9350,62.03,118.00,0.007185
126.0059,5.9350,61.76,118.00,0.007314
126.0785,5.9445,61.49,118.00,0.007511
126.1535,5.9540,62.03,118.00,0.007484
126.2272,5.9540,62.30,117.50,0.008400
126.3028,5.9540,62.03,117.00,0.008033
126.3752,5.9540,62.03,117.00,0.007834
126.4504,5.9540,62.30,117.00,0.008057
126.5271,5.9540,61.76,117.50,0.007718
126.6028,5.9540,61.76,118.00,0.007200
126.6771,5.9540,62.03,118.00,0.007851
126.7525,5.9540,62.30,118.00,0.007922
126.8273,5.9540,62.03,117.50,0.007584
126.9020,5.9540,62.03,117.00,0.007599
126.9747,5.9540,61.76,117.00,0.007974
127.0492,5.9390,61.49,117.00,0.007309
127.1246,5.9240,62.03,117.00,0.007886
127.2037,5.9240,62.03,118.00,0.008079
127.2792,5.9240,61.49,118.00,0.007803
127.3586,5.9240,62.03,118.00,0.007430
127.4306,5.9240,61.22,118.00,0.007507
127.5077,5.9240,61.76,117.00,0.007545
127.5827,5.9240,61.49,117.00,0.007423
127.6577,5.9240,62.03,117.50,0.007612
127.7306,5.9240,62.30,118.00,0.007947
127.8056,5.9240,62.03,118.00,0.007411
127.8827,5.9240,61.76,118.00,0.007581
127.9602,5.9240,61.76,117.50,0.007548
128.0360,5.9485,62.03,117.00,0.008071
128.1151,5.9730,62.30,117.00,0.007480
128.1876,5.9730,61.49,117.00,0.007406
128.2618,5.9730,62.03,117.00,0.007078
128.3333,5.9730,62.03,117.00,0.007106
128.4071,5.9730,62.03,117.50,0.007217
128.4812,5.9730,62.03,117.00,0.007245
128.5561,5.9730,61.76,117.00,0.007586
128.6310,5.9730,61.22,117.00,0.007681
128.7078,5.9730,62.03,117.00,0.007179
128.7830,5.9730,62.03,117.00,0.007899
128.8606,5.9730,62.03,117.00,0.007698
128.9338,5.9730,62.03,117.00,0.007702
129.0101,5.9730,62.03,117.00,0.007104
129.0819,5.9730,62.03,117.00,0.007360
129.1594,5.8860,62.03,117.00,0.007433
129.2341,5.8860,62.30,117.00,0.007871
129.3139,5.8860,61.49,117.00,0.007841
129.3875,5.8860,61.49,117.00,0.007923
129.4626,5.8860,62.30,117.00,0.007710
129.5380,5.8860,61.76,117.00,0.007997
129.6152,5.8860,61.76,117.00,0.007887
129.6876,5.8860,62.30,117.00,0.007368
129.7628,5.8860,61.49,117.00,0.007674
129.8379,5.8860,61.76,117.00,0.007673
129.9151,5.8860,61.76,117.00,0.007491
129.9918,5.8860,62.03,117.00,0.007968
130.0744,5.9700,62.03,117.00,0.007833
130.1544,5.9700,62.03,117.00,0.007672
130.2357,5.9700,61.76,117.00,0.007721
130.3139,5.9700,62.30,117.00,0.007767
130.3944,5.9700,62.03,117.00,0.007954
130.4711,5.9700,62.30,117.00,0.007910
130.5506,5.9700,62.03,117.00,0.007712
130.6277,5.9700,61.49,117.00,0.007819
130.7104,5.9700,61.76,117.00,0.007904
130.7866,5.9700,61.76,117.00,0.007951
130.8684,5.9700,61.76,117.00,0.008143
130.9472,5.9700,61.49,117.00,0.008232
131.0301,5.9010,62.03,117.00,0.007850
131.1029,5.8320,62.30,117.00,0.007076
131.1779,5.8320,62.03,117.00,0.007324
131.2564,5.8320,61.49,117.00,0.007512
131.3378,5.8320,62.03,117.00,0.008068
131.4165,5.8320,61.49,117.00,0.007917
131.4952,5.8320,61.49,117.00,0.007792
131.5763,5.8320,61.22,117.00,0.007634
131.6517,5.8320,61.49,117.00,0.007305
131.7267,5.8320,61.76,117.00,0.007423
131.8050,5.8320,61.49,117.00,0.007778
131.8803,5.8320,62.03,117.00,0.007328
131.9612,5.8320,61.22,117.00,0.007758
132.0415,5.8530,61.76,117.00,0.008132
132.1231,5.8740,61.49,117.00,0.008036
132.2012,5.8740,61.22,117.00,0.008090
132.2811,5.8740,62.03,117.00,0.007077
132.3552,5.8740,62.03,117.00,0.007263
132.4297,5.8740,61.76,117.00,0.007023
132.5013,5.8740,61.76,116.00,0.007196
132.5836,5.8740,61.76,116.00,0.007862
132.6583,5.8740,62.03,116.50,0.007688
132.7369,5.8740,62.03,116.00,0.007219
132.8156,5.8740,62.30,116.50,0.007921
132.8959,5.8740,61.49,116.00,0.007757
132.9766,5.8740,62.03,116.00,0.007986
133.0573,5.8395,61.49,116.50,0.007824
133.1359,5.8050,62.30,116.50,0.008060
133.2147,5.8050,61.49,116.00,0.007531
133.2928,5.8050,61.76,116.00,0.007533
133.3758,5.8050,61.76,116.00,0.007855
133.4553,5.8050,61.49,116.00,0.007907
133.5359,5.8050,61.49,116.00,0.007837
133.6159,5.8050,62.03,116.00,0.007595
133.6940,5.8050,61.76,116.00,0.007424
133.7699,5.8050,61.49,116.00,0.007816
133.8514,5.8050,62.03,116.00,0.007959
133.9318,5.8050,62.03,116.50,0.007471
134.0132,5.8050,61.76,116.00,0.007735
134.0938,5.8630,61.76,116.00,0.007884
134.1745,5.8630,61.49,116.00,0.007374
134.2493,5.8630,61.49,116.00,0.007806
134.3269,5.8630,62.03,116.00,0.007390
134.4014,5.8630,61.22,116.00,0.007469
134.4788,5.8630,62.30,116.00,0.007363
134.5544,5.8630,62.03,116.00,0.007696
134.6315,5.8630,62.03,117.00,0.007665
134.7046,5.8630,62.30,116.00,0.007747
134.7835,5.8630,62.03,116.00,0.007686
134.8589,5.8630,61.76,116.00,0.007666
134.9345,5.8630,61.76,116.00,0.007447
135.0100,5.8630,61.49,116.00,0.008057
135.0875,5.9540,61.22,116.00,0.007735
135.1630,5.9540,62.03,116.00,0.007650
135.2372,5.9540,62.03,116.00,0.007128
135.3106,5.9540,61.49,116.00,0.007354
135.3865,5.9540,61.76,116.00,0.007182
135.4586,5.9540,62.30,116.00,0.007392
135.5356,5.9540,61.76,116.00,0.007967
135.6103,5.9540,62.03,116.00,0.007786
135.6846,5.9540,62.30,116.00,0.007619
135.7576,5.9540,62.03,116.00,0.007821
135.8342,5.9540,61.49,116.00,0.007521
135.9110,5.9540,62.03,116.00,0.007296
135.9858,5.9540,61.49,116.00,0.007666
136.0612,5.9050,61.49,116.00,0.007277
136.1359,5.9050,62.03,116.00,0.007536
136.2113,5.9050,62.03,116.00,0.007788
136.2864,5.9050,62.03,116.00,0.007358
136.3632,5.9050,61.76,116.00,0.007453
136.4384,5.9050,61.76,116.00,0.007728
136.5157,5.9050,61.76,116.00,0.007776
136.5911,5.9050,61.76,116.00,0.007749
136.6680,5.9050,61.49,116.00,0.007390
136.7432,5.9050,61.76,116.00,0.007517
136.8181,5.9050,62.03,116.00,0.007743
136.8950,5.9050,61.76,116.00,0.007514
136.9701,5.9050,61.49,116.00,0.007575
137.0472,5.8915,62.03,116.00,0.007512
137.1192,5.8780,61.76,116.00,0.007150
137.1935,5.8780,62.03,116.00,0.007333
137.2654,5.8780,61.76,116.00,0.007435
137.3428,5.8780,62.03,116.00,0.007956
137.4161,5.8780,61.76,116.00,0.007305
137.4905,5.8780,61.76,116.00,0.007284
137.5659,5.8780,62.30,116.00,0.008013
137.6424,5.8780,62.30,116.00,0.007399
137.7193,5.8780,61.49,116.00,0.007219
137.7946,5.8780,62.30,116.00,0.007728
137.8697,5.8780,62.03,116.00,0.007608
137.9445,5.8780,61.49,116.00,0.007549
138.0195,5.8780,61.76,116.00,0.007675
138.0949,5.9390,62.03,116.00,0.007300
138.1700,5.9390,62.03,116.00,0.007763
138.2475,5.9390,62.03,116.00,0.007335
138.3213,5.9390,62.03,116.00,0.007782
138.3986,5.9390,62.30,116.00,0.007651
138.4764,5.9390,61.49,116.00,0.007903
138.5519,5.9390,61.76,116.00,0.007473
138.6276,5.9390,62.03,116.00,0.007807
138.7028,5.9390,61.76,116.00,0.007561
138.7759,5.9390,61.76,116.00,0.007564
138.8542,5.9390,62.30,116.00,0.007823
138.9274,5.9390,62.03,116.00,0.007206
139.0029,5.9390,62.03,116.00,0.007719
139.0786,5.9540,61.76,116.00,0.007613
139.1544,5.9540,62.30,116.00,0.007418
139.2323,5.9540,62.30,116.00,0.007441
139.3084,5.9540,61.49,116.00,0.007904
139.3812,5.9540,62.03,116.00,0.007637
139.4585,5.9540,61.76,116.00,0.007527
139.5338,5.9540,62.03,116.00,0.007730
139.6110,5.9540,62.03,116.00,0.007732
139.6866,5.9540,62.03,116.00,0.007595
139.7638,5.9540,62.03,116.00,0.007550
139.8396,5.9540,62.30,116.00,0.007877
139.9154,5.9540,61.76,116.00,0.007439
139.9878,5.9540,61.22,116.00,0.007318
140.0660,5.9280,61.76,116.00,0.007655
140.1434,5.9280,62.30,116.00,0.007607
140.2181,5.9280,62.30,116.00,0.007267
140.2948,5.9280,61.76,116.00,0.007469
140.3741,5.9280,62.30,116.00,0.007682
140.4497,5.9280,62.03,116.00,0.007793
140.5275,5.9280,61.76,116.00,0.007602
140.6010,5.9280,62.03,116.00,0.007834
140.6785,5.9280,62.30,116.00,0.007386
140.7535,5.9280,61.76,116.00,0.007507
140.8307,5.9280,61.49,116.00,0.007463
140.9081,5.9280,61.49,116.00,0.007667
140.9825,5.9280,62.03,116.00,0.007588
141.0557,5.9545,62.30,116.00,0.007605
141.1333,5.9810,61.76,116.00,0.007744
141.2063,5.9810,61.49,116.00,0.008039
141.2832,5.9810,62.03,116.00,0.007632
141.3560,5.9810,62.03,116.00,0.007611
141.4348,5.9810,62.03,116.00,0.007519
141.5077,5.9810,61.49,116.00,0.007519
141.5829,5.9810,61.76,116.00,0.007670
141.6554,5.9810,61.49,116.00,0.007695
141.7298,5.9810,62.03,116.00,0.007433
141.8026,5.9810,61.49,116.00,0.007337
141.8802,5.9810,62.30,116.00,0.007794
141.9555,5.9810,62.30,116.00,0.007713
142.0311,5.9945,61.76,116.00,0.007786
142.1078,6.0080,62.30,116.00,0.008044
142.1830,6.0080,61.76,116.00,0.007457
142.2594,6.0080,62.03,116.00,0.008007
142.3390,6.0080,62.30,116.00,0.007908
142.4145,6.0080,61.76,116.00,0.007803
142.4901,6.0080,62.03,116.00,0.007668
142.5631,6.0080,61.76,116.00,0.007773
142.6383,6.0080,61.76,116.00,0.007640
142.7126,6.0080,62.03,116.00,0.007410
142.7858,6.0080,61.49,116.00,0.007066
142.8574,6.0080,62.30,116.00,0.007335
142.9313,6.0080,61.76,116.00,0.007474
143.0038,6.0080,61.49,116.00,0.007260
143.0789,5.9660,62.30,116.00,0.007535
143.1504,5.9660,61.76,116.00,0.007285
143.2273,5.9660,61.49,116.00,0.007104
143.3005,5.9660,61.49,116.00,0.007570
143.3753,5.9660,61.76,116.00,0.007396
143.4510,5.9660,62.03,116.00,0.007872
143.5309,5.9660,62.03,116.00,0.007894
143.6041,5.9660,61.49,116.00,0.007789
143.6810,5.9660,61.49,116.00,0.007840
143.7558,5.9660,62.03,116.00,0.007657
143.8328,5.9660,62.03,116.00,0.007710
143.9072,5.9660,62.03,116.00,0.007536
143.9822,5.9660,61.76,116.00,0.007343
144.0593,5.9660,62.30,116.00,0.007560
144.1346,5.9660,62.30,116.00,0.007542
144.2079,5.9660,62.30,116.00,0.007912
144.2852,5.9660,62.03,116.00,0.007866
144.3586,5.9660,61.76,116.00,0.007732
144.4353,5.9660,62.03,116.00,0.007553
144.5083,5.9660,62.30,116.00,0.007672
144.5856,5.9660,61.49,116.00,0.007997
144.6580,5.9660,62.30,116.00,0.007538
144.7347,5.9660,61.76,116.00,0.007583
144.8123,5.9660,62.03,116.00,0.007636
144.8873,5.9660,62.03,116.00,0.007270
144.9582,5.9660,62.03,116.00,0.007133
145.0339,5.9660,61.76,116.00,0.007262
145.1054,5.9660,62.30,116.00,0.007197
145.1798,5.9660,62.03,116.00,0.007351
145.2552,5.9660,62.03,116.00,0.007610
145.3320,5.9660,62.03,116.00,0.007514
145.4055,5.9510,62.03,116.00,0.007539
145.4825,5.9510,62.03,116.00,0.007564
145.5592,5.9510,61.76,116.00,0.007662
145.6366,5.9510,61.76,116.00,0.007840
145.7096,5.9510,62.03,116.00,0.007536
145.7867,5.9510,62.03,116.00,0.007518
145.8633,5.9510,62.03,116.00,0.007478
145.9382,5.9510,61.49,116.00,0.007550
146.0114,5.9510,62.03,116.00,0.007647
146.0864,5.9620,61.49,116.00,0.007562
146.1632,5.9620,61.76,116.00,0.007439
146.2385,5.9620,61.49,116.00,0.007409
146.3134,5.9620,62.03,116.00,0.007490
146.3910,5.9620,62.03,116.00,0.007554
146.4640,5.9620,61.49,116.00,0.007530
146.5388,5.9620,62.03,116.00,0.007470
146.6119,5.9620,62.03,116.00,0.007735
146.6863,5.9620,62.30,116.00,0.007536
146.7636,5.9620,62.30,116.00,0.008023
146.8407,5.9620,62.30,116.00,0.007879
146.9157,5.9620,61.76,116.00,0.007404
146.9927,5.9620,62.30,116.00,0.007756
147.0689,5.9430,61.22,116.00,0.008119
147.1467,5.9430,62.30,116.00,0.007613
147.2233,5.9430,61.76,116.00,0.007629
147.2986,5.9430,62.03,116.00,0.007568
147.3758,5.9430,61.49,116.00,0.007550
147.4524,5.9430,62.30,116.00,0.007589
147.5271,5.9430,62.30,116.00,0.007379
147.6066,5.9430,62.03,116.00,0.007627
147.6837,5.9430,61.22,116.00,0.007543
147.7586,5.9430,61.76,116.00,0.007651
147.8330,5.9430,61.49,116.00,0.007453
147.9071,5.9430,62.30,116.00,0.007389
147.9796,5.9430,62.30,116.00,0.007208
148.0578,5.8970,62.30,116.00,0.007829
148.1305,5.8970,61.76,116.00,0.007554
148.2078,5.8970,62.03,116.00,0.007767
148.2828,5.8970,62.30,116.00,0.007686
148.3620,5.8970,61.49,116.00,0.007494
148.4394,5.8970,61.76,116.00,0.007985
148.5145,5.8970,61.49,116.00,0.007648
148.5915,5.8970,61.76,116.00,0.007237
148.6688,5.8970,61.76,116.00,0.007806
148.7402,5.8970,61.76,116.00,0.007209
148.8139,5.8970,62.03,116.00,0.007247
148.8861,5.8970,62.03,116.00,0.007639
148.9625,5.8970,61.76,116.00,0.007373
149.0397,5.9200,62.30,116.00,0.007866
149.1190,5.9430,62.30,116.00,0.007612
149.1941,5.9430,62.03,116.00,0.007840
149.2716,5.9430,61.76,116.00,0.007402
149.3470,5.9430,62.30,116.00,0.007571
149.4247,5.9430,61.76,116.00,0.007907
149.5007,5.9430,61.76,116.00,0.008281
149.5780,5.9430,62.03,116.00,0.007442
149.6535,5.9430,61.49,116.00,0.007567
149.7306,5.9430,62.30,116.00,0.007379
149.8074,5.9430,62.03,116.00,0.007826
149.8836,5.9430,61.22,116.00,0.007016
149.9592,5.9430,62.03,116.00,0.008036
150.0348,5.9260,62.03,116.00,0.007927
150.1078,5.9090,61.49,116.00,0.007265
150.1833,5.9090,61.76,116.00,0.007715
150.2591,5.9090,62.03,116.00,0.007937
150.3339,5.9090,61.76,116.00,0.007500
150.4067,5.9090,61.76,116.00,0.007341
150.4822,5.9090,62.30,116.00,0.007382
150.5595,5.9090,62.03,116.00,0.007578
150.6335,5.9090,62.03,116.00,0.007204
150.7053,5.9090,62.30,116.00,0.007228
150.7794,5.9090,61.76,116.00,0.007608
150.8544,5.9090,61.76,116.00,0.007549
150.9314,5.9090,62.03,117.00,0.007664
151.0071,5.9090,62.03,116.00,0.007742
151.0845,5.9920,62.30,116.00,0.007809
151.1619,5.9920,61.49,116.00,0.007969
151.2385,5.9920,62.03,116.00,0.007426
151.3151,5.9920,61.22,116.00,0.007449
151.3902,5.9920,62.30,116.00,0.007790
151.4669,5.9920,61.76,116.00,0.007542
151.5416,5.9920,62.03,116.00,0.007571
151.6171,5.9920,61.49,116.00,0.007900
151.6919,5.9920,62.30,116.00,0.007610
151.7676,5.9920,62.30,116.00,0.007754
151.8449,5.9920,62.30,116.00,0.007745
151.9178,5.9920,61.76,116.00,0.007578
151.9925,5.9920,61.49,116.00,0.007514
152.0678,5.9770,62.03,116.00,0.007506
152.1427,5.9770,61.76,116.00,0.007597
152.2151,5.9770,61.76,116.00,0.007465
152.2904,5.9770,61.76,116.00,0.007763
152.3668,5.9770,61.76,116.00,0.007923
152.4413,5.9770,62.30,116.00,0.007348
152.5192,5.9770,62.03,116.00,0.007751
152.5943,5.9770,62.03,116.00,0.007429
152.6666,5.9770,62.30,116.00,0.007525
152.7438,5.9770,61.76,116.00,0.007478
152.8189,5.9770,61.76,116.00,0.007621
152.8958,5.9770,61.22,116.00,0.007368
152.9705,5.9770,62.30,116.50,0.007244
153.0468,5.9770,61.76,116.50,0.007347
153.1212,5.9770,61.76,116.50,0.007328
153.1960,5.9770,61.76,116.00,0.007786
153.2673,5.9770,62.03,116.50,0.007022
153.3427,5.9770,62.03,116.00,0.007136
153.4149,5.9770,62.30,116.00,0.007532
153.4910,5.9770,61.76,116.00,0.007380
153.5677,5.9770,61.76,116.00,0.007289
153.6427,5.9770,62.03,116.00,0.007658
153.7153,5.9770,62.30,116.00,0.007443
153.7906,5.9770,61.76,116.00,0.007752
153.8674,5.9770,62.03,116.00,0.007674
153.9420,5.9770,62.03,116.00,0.007575
154.0176,5.9770,61.76,116.00,0.007423
154.0948,5.9770,61.76,116.00,0.007575
154.1698,5.9770,61.76,116.00,0.007647
154.2473,5.9770,62.03,116.00,0.007446
154.3226,5.9770,61.76,116.00,0.007539
154.3994,5.9770,62.03,116.00,0.007304
154.4754,5.9770,61.76,116.00,0.007663
154.5527,5.9770,62.03,116.00,0.007890
154.6251,5.9770,62.30,116.00,0.007624
154.7018,5.9770,62.30,116.00,0.007478
154.7735,5.9770,61.76,116.00,0.007553
154.8482,5.9770,61.76,116.00,0.007587
154.9256,5.9770,62.03,116.00,0.007590
155.0045,5.9770,61.76,116.00,0.007263
155.0806,5.8670,61.76,116.00,0.007852
155.1556,5.8670,62.30,116.00,0.007645
155.2297,5.8670,62.30,116.00,0.007221
155.3069,5.8670,62.03,116.00,0.007627
155.3823,5.8670,62.03,116.00,0.007944
155.4597,5.8670,62.03,116.00,0.008218
155.5351,5.8670,62.03,116.00,0.008259
155.6102,5.8670,61.49,116.00,0.007641
155.6862,5.8670,61.76,116.00,0.007901
155.7609,5.8670,62.03,117.00,0.007552
155.8364,5.8670,61.49,116.00,0.007755
155.9098,5.8670,61.76,116.00,0.007354
155.9811,5.8670,62.30,116.00,0.007072
156.0546,5.8670,62.03,116.00,0.007266
156.1271,5.9220,61.49,116.00,0.007788
156.2034,5.9770,62.03,116.00,0.008106
156.2766,5.9770,62.03,116.00,0.007622
156.3527,5.9770,62.30,116.00,0.007721
156.4271,5.9770,62.03,116.00,0.007562
156.5023,5.9770,61.76,116.00,0.008052
156.5795,5.9770,62.30,116.00,0.007705
156.6545,5.9770,61.49,116.00,0.007588
156.7271,5.9770,61.76,116.00,0.007660
156.8023,5.9770,61.22,116.00,0.007636
156.8788,5.9770,62.03,116.00,0.007177
156.9522,5.9770,61.76,116.00,0.007026
157.0234,5.9770,62.30,116.00,0.007014
157.0971,5.9770,62.03,116.00,0.007148
157.1732,5.9465,61.76,117.00,0.008054
157.2496,5.9160,62.03,116.00,0.007824
157.3246,5.9160,61.76,116.00,0.007430
157.3994,5.9160,61.76,116.00,0.007389
157.4752,5.9160,61.49,116.00,0.007393
157.5528,5.9160,62.30,116.00,0.007517
157.6257,5.9160,61.76,116.00,0.007559
157.7030,5.9160,61.76,116.00,0.007856
157.7753,5.9160,62.03,116.00,0.007210
157.8495,5.9160,62.30,116.00,0.007364
157.9214,5.9160,61.76,116.00,0.007891
157.9964,5.9160,62.30,116.00,0.007419
158.0738,5.9470,62.03,116.00,0.007353
158.1532,5.9470,62.03,116.00,0.007751
158.2273,5.9470,62.30,116.00,0.007684
158.3011,5.9470,62.03,116.00,0.007375
158.3749,5.9470,61.49,116.00,0.007129
158.4512,5.9470,62.03,116.00,0.007381
158.5236,5.9470,61.76,116.00,0.007158
158.5982,5.9470,62.03,116.00,0.007174
158.6709,5.9470,61.49,116.00,0.007734
158.7460,5.9470,62.30,116.00,0.007786
158.8187,5.9470,62.03,116.50,0.007716
158.8944,5.9470,62.03,116.00,0.007600
158.9714,5.9470,62.03,116.00,0.007671
159.0462,5.9735,62.30,116.00,0.007371
159.1242,6.0000,61.76,116.00,0.007695
159.2008,6.0000,61.76,116.00,0.007262
159.2755,6.0000,61.49,116.50,0.007694
159.3505,6.0000,61.76,116.50,0.007300
159.4247,6.0000,62.03,116.00,0.007854
159.5003,6.0000,62.30,116.50,0.007796
159.5732,6.0000,62.03,116.00,0.007725
159.6506,6.0000,61.76,116.00,0.007396
159.7256,6.0000,61.49,116.00,0.007207
159.8050,6.0000,62.03,116.00,0.007694
159.8775,6.0000,61.49,116.00,0.007223
159.9523,6.0000,62.03,116.00,0.007491
160.0249,6.0000,61.49,116.00,0.007818
160.0999,6.0000,61.76,116.00,0.007452
160.1735,6.0000,62.03,116.00,0.007351
160.2507,6.0000,62.30,116.00,0.007555
160.3232,6.0000,62.30,116.00,0.007397
160.3984,6.0000,61.76,116.00,0.007825
160.4755,6.0000,61.76,116.00,0.007662
160.5528,6.0000,62.30,116.00,0.007699
160.6293,6.0000,62.30,116.00,0.007546
160.7069,6.0000,62.30,116.00,0.007596
160.7795,6.0000,62.03,116.00,0.007336
160.8539,6.0000,62.30,116.00,0.007559
160.9309,6.0000,61.76,116.50,0.007664
161.0056,6.0000,62.30,117.00,0.007439
161.0825,6.0000,61.76,116.00,0.007345
161.1579,6.0000,62.03,116.00,0.007243
161.2331,6.0000,62.30,116.00,0.007661
161.3103,6.0000,61.76,116.00,0.008241
161.3869,6.0000,62.03,116.00,0.007777
161.4664,5.9580,62.03,116.50,0.007900
161.5418,5.9160,61.49,116.00,0.007625
161.6192,5.9160,62.30,116.00,0.007699
161.6925,5.9160,61.49,116.00,0.007793
161.7676,5.9160,62.30,116.00,0.007720
161.8428,5.9160,62.03,116.00,0.007312
161.9176,5.9160,61.49,116.00,0.007624
161.9925,5.9160,61.49,116.00,0.007888
162.0673,5.9200,61.49,116.00,0.007219
162.1409,5.9200,61.49,116.00,0.008106
162.2152,5.9200,62.03,116.00,0.007143
162.2907,5.9200,62.30,116.00,0.007616
162.3665,5.9200,61.76,116.00,0.007720
162.4423,5.9200,61.76,116.00,0.007679
162.5196,5.9200,62.03,116.00,0.007298
162.5950,5.9200,61.76,116.00,0.007663
162.6709,5.9200,61.76,116.00,0.007928
162.7435,5.9200,62.03,116.00,0.007793
162.8191,5.9200,61.76,116.00,0.007777
162.8966,5.9200,61.76,116.50,0.007570
162.9738,5.9200,62.30,116.00,0.007576
163.0509,5.9275,61.22,116.00,0.007662
163.1272,5.9350,61.76,116.00,0.007903
163.2027,5.9350,62.03,116.00,0.007703
163.2804,5.9350,62.30,116.00,0.007447
163.3551,5.9350,62.03,116.00,0.007393
163.4312,5.9350,61.49,116.00,0.007154
163.5073,5.9350,62.03,116.00,0.008047
163.5825,5.9350,61.76,116.00,0.007748
163.6581,5.9350,61.76,116.00,0.008235
163.7357,5.9350,61.76,116.00,0.007599
163.8111,5.9350,61.49,116.00,0.007506
163.8888,5.9350,61.76,116.00,0.008072
163.9609,5.9350,62.30,116.00,0.007091
164.0361,5.9390,61.76,116.00,0.007470
164.1100,5.9430,61.49,116.00,0.007707
164.1875,5.9430,62.03,116.00,0.007693
164.2636,5.9430,62.03,116.00,0.007701
164.3374,5.9430,62.03,116.00,0.007057
164.4094,5.9430,61.76,116.00,0.007245
164.4834,5.9430,61.76,116.00,0.007380
164.5563,5.9430,62.03,116.50,0.007441
164.6315,5.9430,62.03,116.00,0.007582
164.7034,5.9430,62.03,116.00,0.007047
164.7773,5.9430,62.30,116.00,0.007064
164.8493,5.9430,62.03,117.00,0.007437
164.9235,5.9430,61.49,116.00,0.007376
164.9957,5.9430,62.03,116.00,0.007494
165.0718,6.0150,62.03,116.00,0.007640
165.1450,6.0150,62.03,116.50,0.007624
165.2189,6.0150,61.76,116.00,0.007128
165.2950,6.0150,62.30,116.00,0.007449
165.3719,6.0150,62.03,116.00,0.007412
165.4438,6.0150,61.76,116.00,0.007439
165.5214,6.0150,62.03,116.00,0.007977
165.5939,6.0150,61.76,116.00,0.007492
165.6731,6.0150,61.49,116.00,0.007499
165.7464,6.0150,61.76,116.00,0.007237
165.8224,6.0150,62.30,116.00,0.007395
165.8942,6.0150,61.76,116.00,0.007489
165.9688,6.0150,61.76,116.00,0.007108
166.0425,6.0150,61.76,116.00,0.007363
166.1186,6.0150,61.49,116.00,0.007373
166.1902,6.0150,61.49,116.00,0.007293
166.2699,5.9520,61.76,116.00,0.007535
166.3475,5.8890,62.30,116.00,0.007688
166.4226,5.8890,62.03,116.00,0.007678
166.4954,5.8890,62.30,116.50,0.007452
166.5706,5.8890,61.76,116.00,0.007661
166.6475,5.8890,61.76,116.00,0.007348
166.7273,5.8890,62.30,116.00,0.008085
166.8020,5.8890,61.76,116.00,0.007422
166.8793,5.8890,62.30,116.00,0.007565
166.9523,5.8890,62.03,116.50,0.007732
167.0279,5.8875,61.76,116.00,0.007454
167.1008,5.8860,61.76,116.50,0.007677
167.1761,5.8860,62.03,116.00,0.007632
167.2488,5.8860,62.30,116.00,0.007548
167.3239,5.8860,62.30,116.00,0.007654
167.3964,5.8860,62.03,116.00,0.007584
167.4698,5.8860,62.30,116.00,0.007283
167.5412,5.8860,61.76,116.00,0.007099
167.6145,5.8860,62.03,116.00,0.007038
167.6921,5.8860,61.49,116.00,0.008263
167.7676,5.8860,62.03,116.00,0.007735
167.8432,5.8860,62.03,116.00,0.007557
167.9179,5.8860,62.30,116.00,0.007362
167.9932,5.8860,61.76,116.00,0.007914
168.0705,5.8975,61.76,116.00,0.007826
168.1474,5.9090,62.30,116.00,0.007468
168.2224,5.9090,61.76,116.00,0.007620
168.2995,5.9090,62.30,116.00,0.007545
168.3775,5.9090,62.03,116.00,0.008133
168.4544,5.9090,61.76,116.00,0.007435
168.5338,5.9090,61.76,116.00,0.007792
168.6059,5.9090,62.30,117.00,0.007445
168.6831,5.9090,62.03,116.00,0.007559
168.7563,5.9090,61.76,116.00,0.007698
168.8337,5.9090,62.30,116.00,0.007858
168.9068,5.9090,61.76,116.50,0.007377
168.9838,5.9090,62.03,116.00,0.007499
169.0599,5.9010,62.03,116.00,0.007529
169.1346,5.9010,62.30,116.00,0.007451
169.2078,5.9010,61.49,116.00,0.007946
169.2828,5.9010,61.76,116.00,0.007540
169.3571,5.9010,61.76,116.00,0.007151
169.4317,5.9010,61.76,116.00,0.007252
169.5066,5.9010,62.03,116.00,0.007439
169.5813,5.9010,61.76,116.00,0.007606
169.6542,5.9010,61.49,116.00,0.007646
169.7334,5.9010,62.03,116.00,0.007351
169.8056,5.9010,62.30,116.00,0.007524
169.8800,5.9010,62.03,116.00,0.007344
169.9534,5.9010,62.30,116.00,0.007543
170.0305,5.9450,61.49,116.00,0.007827
170.1077,5.9890,61.76,116.00,0.007724
170.1826,5.9890,62.03,116.00,0.007718
170.2578,5.9890,62.03,116.00,0.007420
170.3336,5.9890,61.76,116.50,0.007600
170.4117,5.9890,62.30,116.00,0.007896
170.4868,5.9890,62.03,116.00,0.007296
170.5595,5.9890,62.30,116.00,0.007623
170.6349,5.9890,61.76,116.00,0.007365
170.7108,5.9890,62.03,116.00,0.007567
170.7863,5.9890,61.49,116.00,0.007648
170.8617,5.9890,62.03,116.50,0.007675
170.9397,5.9890,61.76,116.00,0.008044
171.0166,5.9545,62.03,116.00,0.007431
171.0919,5.9200,62.03,116.00,0.007389
171.1673,5.9200,61.49,116.00,0.007550
171.2423,5.9200,62.30,116.00,0.007333
171.3192,5.9200,62.03,116.00,0.007622
171.3941,5.9200,61.49,116.00,0.007722
171.4696,5.9200,62.03,116.00,0.007560
171.5471,5.9200,62.03,116.00,0.008240
171.6196,5.9200,61.76,116.00,0.007615
171.6945,5.9200,62.30,116.00,0.007148
171.7697,5.9200,61.76,116.00,0.007652
171.8467,5.9200,62.30,116.00,0.007877
171.9233,5.9200,62.03,116.00,0.007480
172.0001,5.9200,61.49,117.00,0.007265
172.0735,5.9660,62.30,116.00,0.007702
172.1484,5.9660,61.76,116.00,0.007726
172.2231,5.9660,62.30,116.00,0.007544
172.3030,5.9660,61.49,116.00,0.007676
172.3762,5.9660,62.03,116.00,0.008057
172.4505,5.9660,62.03,116.00,0.007283
172.5260,5.9660,61.49,116.50,0.007652
172.6031,5.9660,61.76,116.00,0.007607
172.6803,5.9660,61.76,116.50,0.007580
172.7550,5.9660,62.03,116.50,0.007723
172.8300,5.9660,62.03,116.00,0.007608
172.9074,5.9660,62.03,116.00,0.007111
172.9830,5.9660,61.49,116.00,0.007833
173.0581,5.9430,61.76,116.00,0.007316
173.1294,5.9430,62.30,116.00,0.007353
173.2032,5.9430,61.49,116.00,0.007295
173.2757,5.9430,62.30,116.00,0.007581
173.3548,5.9430,61.49,116.00,0.007889
173.4350,5.9430,62.03,116.00,0.007437
173.5149,5.9430,62.03,116.00,0.007497
173.5880,5.9430,62.30,116.00,0.007775
173.6635,5.9430,62.30,116.00,0.007398
173.7389,5.9430,61.49,116.50,0.007591
173.8155,5.9430,62.03,116.00,0.007270
173.8882,5.9430,61.76,116.50,0.007306
173.9638,5.9430,62.30,116.00,0.007476
174.0416,5.9470,61.76,116.00,0.007631
174.1218,5.9510,61.76,116.00,0.007757
174.1990,5.9510,61.76,116.00,0.007550
174.2747,5.9510,62.30,116.00,0.007529
174.3479,5.9510,62.30,116.50,0.007668
174.4235,5.9510,62.03,116.50,0.007550
174.4972,5.9510,62.30,116.00,0.007743
174.5747,5.9510,62.30,116.00,0.007580
174.6478,5.9510,62.03,116.50,0.007357
174.7274,5.9510,61.76,116.00,0.007736
174.8003,5.9510,62.03,116.00,0.007320
174.8747,5.9510,62.03,116.00,0.007445
174.9505,5.9510,61.76,116.00,0.007203
175.0271,5.9510,61.76,116.00,0.007506
175.1021,5.9640,61.76,116.00,0.007679
175.1830,5.9770,62.03,116.00,0.008068
175.2590,5.9770,62.03,116.00,0.008041
175.3364,5.9770,61.76,116.00,0.007726
175.4115,5.9770,62.03,116.00,0.007748
175.4872,5.9770,61.76,116.00,0.007736
175.5605,5.9770,61.76,116.00,0.007595
175.6356,5.9770,62.30,116.00,0.007644
175.7105,5.9770,61.76,116.00,0.007288
175.7860,5.9770,61.76,116.00,0.007418
175.8619,5.9770,62.03,116.00,0.007955
175.9393,5.9770,62.03,116.00,0.007713
176.0123,5.9770,62.03,116.00,0.007382
176.0905,5.9350,61.76,116.00,0.007970
176.1652,5.9350,61.76,116.00,0.007741
176.2431,5.9350,62.30,116.00,0.007730
176.3159,5.9350,62.03,116.00,0.007457
176.3944,5.9350,62.03,116.00,0.007711
176.4702,5.9350,62.30,116.00,0.007919
176.5477,5.9350,62.03,116.50,0.007303
176.6232,5.9350,62.03,116.00,0.007619
176.6989,5.9350,61.76,116.00,0.007857
176.7749,5.9350,62.03,116.00,0.007879
176.8528,5.9350,62.30,116.00,0.007938
176.9260,5.9350,61.76,116.00,0.007588
177.0037,5.9350,61.76,116.00,0.007723
177.0797,5.9310,62.03,116.00,0.007395
177.1554,5.9310,61.76,116.00,0.008031
177.2308,5.9310,61.76,116.00,0.007871
177.3064,5.9310,61.49,116.50,0.007632
177.3841,5.9310,62.30,116.00,0.007764
177.4595,5.9310,61.49,116.50,0.007919
177.5326,5.9310,62.30,117.00,0.007247
177.6083,5.9310,62.30,116.00,0.007763
177.6821,5.9310,62.03,116.00,0.007888
177.7588,5.9310,62.03,116.00,0.007257
177.8343,5.9310,61.76,116.00,0.007680
177.9142,5.9310,62.30,116.00,0.007838
177.9906,5.9310,62.03,116.00,0.007105
178.0664,5.9310,62.03,116.00,0.007223
178.1423,5.9310,61.76,116.00,0.007184
178.2235,5.9465,61.76,116.00,0.008323
178.2989,5.9620,61.76,116.00,0.007634
178.3740,5.9620,61.76,116.00,0.007615
178.4471,5.9620,62.03,116.00,0.007605
178.5247,5.9620,61.49,116.00,0.007818
178.5977,5.9620,61.76,116.00,0.007508
178.6752,5.9620,62.30,116.00,0.007801
178.7476,5.9620,62.30,116.00,0.007227
178.8227,5.9620,61.76,116.00,0.007436
178.8987,5.9620,61.76,116.00,0.007828
178.9764,5.9620,62.30,116.00,0.007488
179.0499,5.9620,61.76,116.00,0.007761
179.1272,5.9620,62.03,116.50,0.007603
179.2028,5.9620,62.30,116.00,0.007301
179.2783,5.9620,62.30,116.00,0.007630
179.3537,5.9620,61.76,116.00,0.007550
179.4313,5.9620,62.30,116.00,0.007878
179.5037,5.9620,62.03,116.00,0.007474
179.5833,5.9620,62.30,116.00,0.007843
179.6586,5.9620,61.76,116.00,0.007669
179.7354,5.9620,62.03,116.00,0.007577
179.8079,5.9620,62.03,116.00,0.007413
179.8850,5.9620,62.30,116.00,0.007393
179.9578,5.9620,61.76,116.00,0.007964
180.0349,5.9620,61.49,116.00,0.007658
180.1074,5.9620,62.03,116.00,0.007213
180.1847,5.9620,61.76,116.00,0.007955
180.2594,5.9620,62.03,116.00,0.007750
180.3366,5.9620,62.30,116.00,0.007473
180.4110,5.9620,62.30,116.00,0.007342
180.4883,5.9620,62.03,116.00,0.007543
180.5632,5.9620,62.30,116.00,0.007427
180.6424,5.9620,62.03,116.00,0.007360
180.7193,5.9620,62.03,116.00,0.007571
180.7966,5.9620,61.76,116.50,0.007647
180.8693,5.9620,62.30,116.00,0.007600
180.9466,5.9620,62.03,116.00,0.007504
181.0188,5.9620,62.03,116.50,0.007775
181.0946,5.9620,61.76,116.00,0.007440
181.1665,5.9620,61.76,116.00,0.007505
181.2449,5.9660,62.30,116.00,0.007957
181.3222,5.9660,61.22,116.00,0.007256
181.3979,5.9660,61.76,116.00,0.007221
181.4691,5.9660,61.76,116.00,0.007028
181.5431,5.9660,62.30,116.00,0.007275
181.6155,5.9660,61.76,116.00,0.008070
181.6928,5.9660,61.76,116.00,0.007727
181.7663,5.9660,62.03,116.00,0.007724
181.8432,5.9660,62.30,116.00,0.007474
181.9163,5.9660,61.76,116.00,0.007592
181.9932,5.9660,62.30,116.00,0.007554
182.0712,5.8890,61.76,116.00,0.008032
182.1463,5.8890,61.49,116.00,0.007568
182.2223,5.8890,62.30,116.00,0.008009
182.3015,5.8890,62.03,116.00,0.007511
182.3740,5.8890,62.30,116.00,0.007727
182.4517,5.8890,62.03,116.00,0.007724
182.5269,5.8890,62.30,116.00,0.007836
182.6017,5.8890,61.76,116.00,0.007874
182.6793,5.8890,61.76,116.50,0.007556
182.7543,5.8890,62.30,116.00,0.007265
182.8317,5.8890,61.76,116.00,0.007563
182.9076,5.8890,62.30,116.00,0.007822
182.9823,5.8890,62.30,116.50,0.007416
183.0586,5.8630,61.76,116.00,0.007624
183.1359,5.8630,62.03,116.00,0.008040
183.2108,5.8630,61.76,116.00,0.007543
183.2832,5.8630,62.30,116.00,0.007404
183.3588,5.8630,62.30,116.50,0.007466
183.4307,5.8630,62.30,116.00,0.007311
183.5074,5.8630,62.03,116.00,0.007706
183.5799,5.8630,61.22,116.00,0.007684
183.6578,5.8630,62.30,116.00,0.007787
183.7308,5.8630,62.30,116.00,0.007843
183.8063,5.8630,62.30,116.00,0.007670
183.8791,5.8630,62.03,116.00,0.007333
183.9548,5.8630,61.76,116.00,0.007742
184.0302,5.9105,62.30,116.00,0.007859
184.1072,5.9580,62.30,116.00,0.007250
184.1801,5.9580,61.76,116.00,0.007854
184.2550,5.9580,62.03,116.00,0.007722
184.3297,5.9580,61.49,116.00,0.007422
184.4038,5.9580,62.03,116.00,0.007272
184.4794,5.9580,61.76,116.00,0.007609
184.5571,5.9580,62.30,116.00,0.008036
184.6305,5.9580,62.03,116.00,0.007985
184.7046,5.9580,62.30,117.00,0.007272
184.7756,5.9580,62.03,116.00,0.007017
184.8492,5.9580,62.30,116.00,0.007139
184.9215,5.9580,61.76,116.00,0.007134
184.9968,5.9580,61.76,116.00,0.007851
185.0703,5.9540,61.76,116.00,0.007425
185.1467,5.9540,62.03,116.00,0.007990
185.2199,5.9540,62.30,116.50,0.007442
185.2955,5.9540,62.30,116.00,0.007251
185.3690,5.9540,62.03,116.00,0.008228
185.4469,5.9540,62.30,116.00,0.007783
185.5196,5.9540,61.76,116.00,0.007246
185.5971,5.9540,61.76,116.00,0.007866
185.6701,5.9540,62.03,116.00,0.007713
185.7499,5.9540,62.03,116.00,0.007882
185.8272,5.9540,62.30,116.00,0.007424
185.9027,5.9540,62.30,116.00,0.007447
185.9745,5.9540,62.03,116.00,0.007176
186.0507,5.9540,61.76,116.00,0.007443
186.1261,5.9105,61.76,116.00,0.007683
186.2077,5.8670,62.03,116.00,0.007869
186.2816,5.8670,62.30,116.00,0.007630
186.3611,5.8670,61.76,116.00,0.007575
186.4363,5.8670,62.03,116.00,0.007750
186.5131,5.8670,62.30,116.50,0.007730
186.5861,5.8670,61.76,116.00,0.007564
186.6628,5.8670,62.30,116.00,0.007598
186.7350,5.8670,62.03,116.50,0.007351
186.8091,5.8670,61.76,116.00,0.007112
186.8816,5.8670,61.76,116.50,0.007572
186.9591,5.8670,62.03,116.00,0.007860
187.0320,5.9165,61.76,116.00,0.007544
187.1083,5.9660,62.03,116.00,0.007639
187.1826,5.9660,62.03,116.00,0.007458
187.2577,5.9660,62.30,116.00,0.007258
187.3326,5.9660,62.03,117.00,0.007897
187.4134,5.9660,61.49,117.00,0.008140
187.4904,5.9660,62.30,117.00,0.008029
187.5690,5.9660,61.76,117.00,0.007752
187.6492,5.9660,61.76,117.00,0.007769
187.7274,5.9660,61.49,117.00,0.007656
187.8074,5.9660,61.76,117.00,0.007898
187.8912,5.9660,62.03,117.00,0.007993
187.9716,5.9660,61.76,117.00,0.007686
188.0518,5.8990,61.49,117.00,0.007866
188.1286,5.8320,62.30,117.00,0.007839
188.2116,5.8320,62.30,117.00,0.008087
188.2907,5.8320,61.76,117.00,0.007896
188.3698,5.8320,61.22,117.00,0.007708
188.4512,5.8320,62.03,117.00,0.007969
188.5335,5.8320,61.76,117.00,0.007628
188.6129,5.8320,62.30,118.00,0.008060
188.6947,5.8320,61.76,118.00,0.007859
188.7751,5.8320,62.03,118.00,0.008017
188.8555,5.8320,61.22,118.00,0.007985
188.9351,5.8320,61.76,118.00,0.007777
189.0151,5.8320,61.49,118.00,0.007687
189.0865,5.8320,62.30,118.00,0.007218
189.1621,5.8320,62.03,118.00,0.007236
189.2404,5.8320,61.76,118.00,0.007484
189.3219,5.8320,62.30,118.00,0.008069
189.4029,5.8320,61.76,118.00,0.008628
189.4872,5.8320,62.03,118.00,0.008243
189.5665,5.8320,62.30,119.00,0.007878
189.6510,5.8320,62.30,119.00,0.008016
189.7307,5.8320,62.03,119.00,0.007775
189.8125,5.8320,62.03,119.00,0.007712
189.8896,5.8320,62.03,119.00,0.007987
189.9738,5.8320,62.03,119.00,0.008008
190.0530,5.8320,61.49,119.00,0.008209
190.1352,5.8320,61.22,119.00,0.008246
190.2150,5.8320,61.49,119.00,0.007934
190.2950,5.8320,61.49,119.00,0.007777
190.3761,5.8320,61.49,119.00,0.007877
190.4556,5.8320,62.03,119.00,0.007492
190.5376,5.8320,62.03,119.00,0.007406
190.6178,5.8320,61.76,119.00,0.007527
190.6939,5.8320,62.03,119.00,0.007398
190.7772,5.8320,62.03,119.00,0.007836
190.8595,5.8320,62.03,119.00,0.008171
190.9406,5.8320,61.49,119.00,0.007961
191.0222,5.8320,61.76,119.00,0.008224
191.1036,5.8320,62.30,119.00,0.007067
191.1833,5.8320,61.76,119.00,0.008068
191.2611,5.8320,62.30,119.00,0.007760
191.3373,5.8320,61.76,119.00,0.007725
191.4156,5.8320,61.49,119.00,0.007738
191.4925,5.8320,61.76,119.00,0.007817
191.5678,5.8320,62.30,119.00,0.007449
191.6424,5.8320,61.22,119.00,0.007474
191.7206,5.8320,61.49,119.00,0.007643
191.7941,5.8320,61.76,119.00,0.007450
191.8752,5.8320,62.03,119.00,0.007929
191.9494,5.8320,62.03,119.00,0.007391
192.0263,5.8320,62.03,119.00,0.007726
192.1059,5.8890,62.30,119.00,0.008218
192.1891,5.8890,62.03,119.00,0.007829
192.2703,5.8890,61.49,119.00,0.007894
192.3533,5.8890,61.49,119.00,0.007862
192.4324,5.8890,62.30,119.00,0.008189
192.5129,5.8890,61.49,119.00,0.007474
192.5922,5.8890,61.76,119.00,0.007433
192.6720,5.8890,61.76,119.00,0.008070
192.7510,5.8890,62.03,119.00,0.007947
192.8350,5.8890,61.76,119.00,0.007923
192.9141,5.8890,61.49,119.00,0.007410
192.9955,5.8890,61.76,119.00,0.007620
193.0784,5.8320,61.76,119.00,0.007984
193.1613,5.8320,62.30,119.00,0.007877
193.2429,5.8320,62.03,119.00,0.007937
193.3237,5.8320,61.76,119.00,0.007487
193.4054,5.8320,61.76,119.00,0.007470
193.4890,5.8320,61.49,119.00,0.007407
193.5709,5.8320,61.76,119.00,0.008075
193.6548,5.8320,61.49,119.00,0.008053
193.7360,5.8320,61.49,119.00,0.007525
193.8136,5.8320,61.49,119.00,0.007035
193.8873,5.8320,61.49,119.00,0.007372
193.9637,5.8320,61.76,119.00,0.007010
194.0382,5.8320,61.49,119.00,0.007691
194.1178,5.8320,61.76,119.00,0.007821
194.1956,5.9240,61.22,119.00,0.007776
194.2723,5.9240,62.30,119.00,0.007519
194.3489,5.9240,62.03,119.00,0.007456
194.4275,5.9240,61.49,119.00,0.007157
194.5018,5.9240,61.76,119.00,0.007588
194.5813,5.9240,61.76,119.00,0.007836
194.6580,5.9240,61.49,119.00,0.007751
194.7363,5.9240,62.03,119.00,0.007283
194.8108,5.9240,61.76,119.00,0.007850
194.8871,5.9240,61.76,119.00,0.007646
194.9629,5.9240,61.49,119.00,0.007438
195.0388,5.8970,62.03,119.00,0.007301
195.1157,5.8700,62.03,119.00,0.007757
195.1914,5.8700,62.03,119.00,0.007091
195.2673,5.8700,61.76,119.00,0.007474
195.3415,5.8700,61.49,119.00,0.007102
195.4141,5.8700,61.76,119.00,0.007180
195.4907,5.8700,62.03,119.00,0.007285
195.5662,5.8700,61.76,119.00,0.007599
195.6450,5.8700,62.03,119.00,0.007786
195.7208,5.8700,61.76,119.00,0.007349
195.7991,5.8700,62.03,119.00,0.007739
195.8743,5.8700,61.76,120.00,0.007786
195.9505,5.8700,61.76,120.00,0.007726
196.0280,5.9295,61.76,120.00,0.008136
196.1061,5.9890,61.76,120.00,0.007426
196.1836,5.9890,62.03,120.00,0.007743
196.2594,5.9890,62.03,120.00,0.007222
196.3342,5.9890,61.76,120.00,0.007236
196.4084,5.9890,61.22,120.00,0.007287
196.4819,5.9890,62.03,120.00,0.007087
196.5585,5.9890,61.76,120.00,0.007103
196.6371,5.9890,61.49,120.00,0.007490
196.7132,5.9890,61.49,120.00,0.007953
196.7879,5.9890,61.22,120.00,0.007816
196.8622,5.9890,62.03,120.00,0.007294
196.9377,5.9890,61.49,120.00,0.007243
197.0141,5.9890,62.03,120.00,0.007206
197.0911,5.9390,61.76,120.00,0.007413
197.1672,5.8890,61.76,120.00,0.007860
197.2443,5.8890,62.03,120.00,0.007775
197.3204,5.8890,61.49,120.00,0.007761
197.3966,5.8890,61.76,120.00,0.007377
197.4755,5.8890,61.76,120.00,0.007829
197.5494,5.8890,61.49,120.00,0.007868
197.6278,5.8890,62.03,120.00,0.007834
197.7018,5.8890,61.49,120.00,0.007620
197.7798,5.8890,62.03,120.00,0.007663
197.8557,5.8890,62.30,120.00,0.007492
197.9318,5.8890,61.76,120.00,0.007467
198.0057,5.8890,62.30,120.00,0.007650
198.0843,5.9350,61.22,120.00,0.007824
198.1581,5.9350,62.30,120.00,0.007648
198.2359,5.9350,61.76,120.00,0.007051
198.3108,5.9350,61.76,120.00,0.007385
198.3856,5.9350,62.03,120.00,0.007094
198.4628,5.9350,62.30,120.00,0.007450
198.5385,5.9350,62.30,120.00,0.007506
198.6136,5.9350,62.03,120.00,0.007565
198.6930,5.9350,61.49,120.00,0.007765
198.7700,5.9350,61.76,120.00,0.007403
198.8471,5.9350,61.76,119.00,0.007530
198.9214,5.9350,62.03,119.00,0.007441
198.9994,5.9350,61.76,119.00,0.008010
199.0736,5.8930,62.03,119.00,0.007384
199.1539,5.8930,62.30,119.00,0.007578
199.2310,5.8930,62.03,119.00,0.007677
199.3078,5.8930,62.03,120.00,0.007882
199.3836,5.8930,62.03,120.00,0.007398
199.4593,5.8930,62.30,120.00,0.007625
199.5360,5.8930,61.76,120.00,0.007707
199.6150,5.8930,62.30,119.50,0.008066
199.6911,5.8930,61.76,119.00,0.007518
199.7673,5.8930,62.30,119.00,0.007830
199.8432,5.8930,61.49,119.00,0.007408
199.9196,5.8930,61.76,119.00,0.007479
199.9977,5.8930,61.49,120.00,0.007498
200.0760,5.8860,61.76,119.50,0.006944
200.1510,5.8860,61.76,119.00,0.007263
200.2281,5.8860,61.76,119.00,0.007194
200.3031,5.8860,62.30,119.00,0.007556
200.3816,5.8860,61.76,119.00,0.007665
200.4578,5.8860,62.03,119.00,0.007805
200.5362,5.8860,61.76,119.00,0.007894
200.6146,5.8860,62.03,119.00,0.007654
200.6901,5.8860,62.03,119.00,0.007244
200.7662,5.8860,61.22,119.00,0.007674
200.8421,5.8860,61.76,119.00,0.007591
200.9185,5.8860,62.03,119.00,0.007531
200.9946,5.8860,61.49,119.00,0.007533
201.0693,5.8860,62.30,119.00,0.007796
201.1473,5.8860,61.22,119.00,0.007745
201.2227,5.8860,62.03,119.00,0.007534
201.3016,5.8860,61.76,119.00,0.007771
201.3764,5.8860,62.03,119.00,0.008095
201.4525,5.8860,62.03,119.00,0.008071
201.5270,5.8860,62.30,119.00,0.008106
201.6026,5.8860,62.03,119.00,0.007545
201.6792,5.8860,62.03,119.00,0.007574
201.7548,5.8860,62.03,119.00,0.007943
201.8317,5.8860,61.49,119.00,0.007844
201.9077,5.8860,61.76,119.00,0.007691
201.9820,5.8860,62.30,119.00,0.007646
202.0604,5.9430,62.30,119.00,0.007618
202.1360,5.9430,61.76,119.00,0.007680
202.2116,5.9430,62.03,119.00,0.007385
202.2863,5.9430,62.03,119.00,0.007924
202.3647,5.9430,62.03,119.00,0.007581
202.4393,5.9430,62.30,119.00,0.008016
202.5152,5.9430,61.76,119.00,0.007379
202.5921,5.9430,62.03,119.00,0.008221
202.6670,5.9430,62.03,119.00,0.007541
202.7400,5.9430,62.03,119.00,0.007635
202.8154,5.9430,62.03,119.00,0.007428
202.8902,5.9430,61.76,119.00,0.007195
202.9668,5.9430,61.76,119.00,0.007257
203.0391,5.9430,62.03,119.00,0.007282
203.1141,5.9430,61.49,119.00,0.007417
203.1910,5.9700,61.22,119.00,0.007735
203.2712,5.9700,61.76,119.00,0.007477
203.3456,5.9700,61.49,119.00,0.007311
203.4242,5.9700,61.76,119.00,0.007579
203.4982,5.9700,62.30,119.00,0.007835
203.5738,5.9700,62.03,119.00,0.007630
203.6486,5.9700,62.30,119.00,0.007865
203.7270,5.9700,62.03,119.00,0.007648
203.8025,5.9700,62.03,119.00,0.007688
203.8785,5.9700,61.76,119.00,0.007699
203.9550,5.9700,61.76,119.00,0.007629
204.0329,5.9700,61.76,119.00,0.007565
204.1078,5.9700,61.49,119.00,0.007906
204.1837,5.9700,61.76,119.00,0.007612
204.2608,5.9700,61.76,119.00,0.007563
204.3365,5.9700,61.76,119.00,0.007897
204.4118,5.9700,61.76,119.00,0.007757
204.4891,5.9700,61.76,119.00,0.007489
204.5665,5.9700,62.03,119.00,0.007523
204.6468,5.9700,61.49,119.00,0.007848
204.7238,5.9700,62.30,119.00,0.007574
204.8023,5.9700,61.76,119.00,0.007825
204.8792,5.9700,62.03,119.00,0.007905
204.9547,5.9700,62.30,119.00,0.007328
205.0323,5.9700,62.03,119.00,0.007664
205.1101,5.9700,62.03,119.00,0.007821
205.1865,5.9700,61.76,119.00,0.007367
205.2673,5.9700,62.03,119.00,0.007669
205.3429,5.9510,62.30,119.00,0.007667
205.4228,5.9510,62.03,119.00,0.007615
205.4988,5.9510,62.03,119.00,0.007490
205.5778,5.9510,62.30,119.00,0.007687
205.6566,5.9510,62.30,119.00,0.007802
205.7351,5.9510,61.49,119.00,0.007992
205.8112,5.9510,62.03,119.00,0.007589
205.8877,5.9510,62.03,119.00,0.007828
205.9634,5.9510,62.03,119.00,0.007643
206.0400,5.9410,61.22,119.00,0.007411
206.1187,5.9310,62.30,119.00,0.007422
206.1990,5.9310,62.03,118.50,0.007766
206.2754,5.9310,61.76,118.00,0.007615
206.3537,5.9310,61.76,118.00,0.007541
206.4277,5.9310,61.49,119.00,0.007656
206.5086,5.9310,61.49,118.00,0.007761
206.5836,5.9310,61.22,118.00,0.007721
206.6603,5.9310,61.76,118.00,0.007621
206.7353,5.9310,61.76,119.00,0.007572
206.8116,5.9310,62.03,119.00,0.007699
206.8908,5.9310,61.76,118.50,0.007810
206.9685,5.9310,61.76,118.00,0.007598
207.0424,5.9200,62.03,119.00,0.007455
207.1210,5.9090,61.49,119.00,0.007753
207.1990,5.9090,62.30,119.00,0.007674
207.2747,5.9090,62.03,119.00,0.007463
207.3496,5.9090,61.76,119.00,0.007562
207.4302,5.9090,61.49,119.00,0.007148
207.5070,5.9090,61.49,118.00,0.007704
207.5849,5.9090,62.03,118.00,0.007689
207.6589,5.9090,61.76,118.00,0.007430
207.7345,5.9090,61.49,118.00,0.007648
207.8086,5.9090,61.49,118.00,0.007462
207.8855,5.9090,62.30,118.00,0.007388
207.9616,5.9090,61.49,118.00,0.007656
208.0429,5.8880,62.03,118.00,0.007582
208.1184,5.8670,61.76,118.00,0.007931
208.1970,5.8670,61.76,118.00,0.007585
208.2713,5.8670,62.03,118.00,0.007456
208.3476,5.8670,62.03,118.00,0.007767
208.4219,5.8670,62.03,118.00,0.007822
208.5006,5.8670,61.76,118.00,0.007556
208.5762,5.8670,61.76,118.00,0.007659
208.6525,5.8670,62.03,118.00,0.007769
208.7271,5.8670,62.30,118.00,0.007875
208.8033,5.8670,62.03,118.50,0.007454
208.8794,5.8670,62.03,118.00,0.007613
208.9557,5.8670,61.22,118.00,0.007588
209.0295,5.8990,62.03,118.00,0.007508
209.1107,5.9310,62.03,118.00,0.007248
209.1873,5.9310,61.49,118.00,0.007506
209.2633,5.9310,61.76,118.00,0.007666
209.3393,5.9310,62.03,118.00,0.007581
209.4150,5.9310,61.49,118.00,0.007344
209.4920,5.9310,61.76,118.00,0.007746
209.5686,5.9310,62.30,118.00,0.007885
209.6427,5.9310,62.03,118.00,0.007315
209.7189,5.9310,61.76,118.00,0.007295
209.7966,5.9310,62.03,118.00,0.007542
209.8716,5.9310,61.49,118.00,0.007345
209.9507,5.9310,61.49,118.00,0.007735
210.0283,5.9025,62.03,118.00,0.007542
210.1079,5.8740,61.76,118.00,0.007459
210.1856,5.8740,61.76,118.00,0.007347
210.2631,5.8740,61.49,118.00,0.008202
210.3380,5.8740,61.76,118.00,0.007345
210.4153,5.8740,62.03,118.00,0.007720
210.4934,5.8740,62.03,118.00,0.007761
210.5677,5.8740,61.49,118.00,0.007401
210.6428,5.8740,61.76,118.00,0.007218
210.7155,5.8740,61.76,118.00,0.007272
210.7902,5.8740,61.49,118.00,0.007272
210.8660,5.8740,61.76,118.00,0.007829
210.9445,5.8740,61.49,118.00,0.007909
211.0175,5.8740,61.76,118.00,0.007202
211.0958,5.8740,62.03,118.00,0.007354
211.1704,5.8740,61.49,118.00,0.007702
211.2505,5.8740,62.03,118.00,0.007493
211.3265,5.8740,61.49,118.00,0.007477
211.4032,5.8740,61.76,118.00,0.008008
211.4776,5.8740,62.03,118.00,0.007578
211.5548,5.8740,62.03,118.00,0.007333
211.6311,5.8740,62.03,118.00,0.007415
211.7060,5.8740,61.49,118.00,0.007291
211.7828,5.8740,62.03,118.00,0.007144
211.8599,5.8740,61.76,118.00,0.007039
211.9346,5.8740,62.03,118.00,0.007104
212.0127,5.8740,62.03,118.00,0.007735
212.0866,5.8740,62.03,118.00,0.007408
212.1632,5.8740,61.76,118.00,0.007475
212.2385,5.8740,62.30,118.00,0.007844
212.3154,5.8740,62.30,118.00,0.007101
212.3910,5.8170,62.03,118.00,0.007815
212.4664,5.8170,61.49,118.00,0.007529
212.5435,5.8170,61.49,117.50,0.007520
212.6192,5.8170,61.49,118.00,0.007703
212.6960,5.8170,61.76,118.00,0.007555
212.7722,5.8170,62.03,118.00,0.008001
212.8488,5.8170,62.03,118.00,0.007704
212.9260,5.8170,61.76,118.00,0.007680
213.0026,5.8170,62.03,118.00,0.007704
213.0812,5.9390,62.30,118.00,0.007781
213.1599,5.9390,62.03,118.00,0.007483
213.2384,5.9390,61.76,117.50,0.007163
213.3113,5.9390,62.30,118.00,0.007228
213.3858,5.9390,62.03,118.00,0.007332
213.4616,5.9390,62.03,118.00,0.007208
213.5397,5.9390,61.76,117.00,0.007485
213.6139,5.9390,61.76,117.00,0.007461
213.6924,5.9390,61.76,117.00,0.007756
213.7666,5.9390,61.76,117.00,0.007975
213.8451,5.9390,61.76,118.00,0.007553
213.9212,5.9390,61.76,118.00,0.007562
213.9994,5.9390,62.03,118.00,0.007524
214.0740,5.8890,61.22,118.00,0.007951
214.1501,5.8890,61.76,118.00,0.007409
214.2249,5.8890,62.30,117.50,0.008181
214.3055,5.8890,61.76,117.00,0.007818
214.3834,5.8890,62.30,117.50,0.007628
214.4605,5.8890,61.76,118.00,0.007660
214.5362,5.8890,61.76,118.00,0.007470
214.6123,5.8890,62.30,118.00,0.007587
214.6865,5.8890,61.76,118.00,0.007597
214.7627,5.8890,61.76,118.00,0.007414
214.8391,5.8890,62.03,118.00,0.007460
214.9157,5.8890,62.30,118.00,0.007912
214.9905,5.8890,62.03,118.00,0.007624
215.0713,5.9510,62.03,118.00,0.007995
215.1459,5.9510,61.76,118.00,0.007682
215.2234,5.9510,61.49,118.00,0.007512
215.2977,5.9510,62.03,118.00,0.007452
215.3753,5.9510,61.49,118.00,0.007553
215.4524,5.9510,62.03,118.00,0.007684
215.5311,5.9510,62.03,117.50,0.007780
215.6098,5.9510,61.49,117.50,0.007947
215.6876,5.9510,62.03,117.00,0.007446
215.7645,5.9510,62.30,117.00,0.007631
215.8430,5.9510,62.30,117.50,0.007892
215.9171,5.9510,61.76,118.00,0.007239
215.9948,5.9510,61.76,118.00,0.007615
216.0711,5.9510,61.76,118.00,0.007476
216.1500,5.9510,61.76,118.00,0.007805
216.2263,5.9510,62.03,118.00,0.007649
216.3051,5.9510,61.76,118.00,0.007556
216.3788,5.9510,61.76,118.00,0.007443
216.4576,5.9510,62.30,118.00,0.007438
216.5335,5.9510,61.76,118.00,0.007653
216.6130,5.9510,61.49,118.00,0.007949
216.6891,5.9510,61.76,118.00,0.007559
216.7676,5.9510,61.76,118.00,0.007724
216.8424,5.9510,62.03,118.00,0.008071
216.9181,5.9510,61.76,118.00,0.007256
216.9959,5.9510,62.03,118.00,0.007094
217.0729,5.9510,61.76,118.00,0.007885
217.1472,5.9510,62.30,118.00,0.007691
217.2270,5.9510,61.76,118.00,0.007632
217.3012,5.9510,61.49,118.00,0.007972
217.3778,5.9510,61.76,117.50,0.007614
217.4538,5.9510,62.03,117.00,0.007890
217.5304,5.9355,62.03,117.50,0.007700
217.6076,5.9200,61.76,117.00,0.007353
217.6836,5.9200,61.49,117.00,0.007525
217.7583,5.9200,61.76,117.00,0.007920
217.8362,5.9200,62.03,117.00,0.007381
217.9111,5.9200,61.49,118.00,0.007776
217.9915,5.9200,61.76,117.00,0.007742
218.0665,5.9200,62.03,118.00,0.007773
218.1428,5.9200,61.76,118.00,0.007744
218.2174,5.9200,61.76,118.00,0.007303
218.2952,5.9200,62.03,118.00,0.007488
218.3695,5.9200,62.03,118.00,0.007424
218.4474,5.9200,62.03,118.00,0.007502
218.5228,5.9200,62.03,118.00,0.007679
218.6015,5.9200,61.76,118.00,0.007462
218.6785,5.9200,61.76,118.00,0.007807
218.7591,5.9200,61.76,118.00,0.007634
218.8358,5.9200,61.49,118.00,0.007450
218.9156,5.9200,62.03,118.00,0.007883
218.9901,5.9200,61.49,118.00,0.007817
219.0714,5.9200,61.76,117.00,0.007534
219.1464,5.8820,61.22,117.00,0.007671
219.2239,5.8820,61.76,117.00,0.007951
219.3035,5.8820,62.30,117.00,0.008125
219.3826,5.8820,61.76,117.50,0.007453
219.4573,5.8820,62.03,117.00,0.007469
219.5343,5.8820,62.30,117.00,0.007761
219.6099,5.8820,61.49,117.00,0.007728
219.6911,5.8820,61.76,117.00,0.007618
219.7692,5.8820,62.03,117.50,0.007793
219.8504,5.8820,61.49,118.00,0.007340
219.9256,5.8820,62.03,118.00,0.007013
220.0062,5.8820,62.30,118.00,0.007275
220.0821,5.8820,61.76,118.00,0.007908
220.1631,5.8665,61.76,118.00,0.007739
220.2388,5.8510,61.22,118.00,0.007998
220.3152,5.8510,62.03,118.00,0.007552
220.3902,5.8510,62.30,118.00,0.007493
220.4658,5.8510,61.76,118.00,0.007491
220.5431,5.8510,61.49,118.00,0.007699
220.6191,5.8510,61.76,118.00,0.007803
220.6950,5.8510,61.76,118.00,0.008074
220.7716,5.8510,62.03,118.00,0.007974
220.8454,5.8510,61.76,118.00,0.007241
220.9223,5.8510,61.76,118.00,0.007850
220.9992,5.8510,62.03,118.00,0.007536
221.0755,5.8815,62.03,118.00,0.007638
221.1500,5.9120,61.76,118.00,0.007485
221.2283,5.9120,61.76,117.50,0.007866
221.3028,5.9120,61.49,117.50,0.007474
221.3830,5.9120,61.22,117.00,0.007835
221.4588,5.9120,62.03,117.00,0.007162
221.5388,5.9120,62.03,117.50,0.007498
221.6148,5.9120,62.03,118.00,0.007651
221.6911,5.9120,61.76,118.00,0.007796
221.7652,5.9120,62.03,118.00,0.007575
221.8429,5.9120,61.76,118.00,0.007587
221.9196,5.9120,62.03,118.00,0.007764
221.9956,5.9120,62.03,118.00,0.007220
222.0709,5.9240,61.76,118.00,0.007918
222.1488,5.9240,62.30,118.00,0.008036
222.2228,5.9240,62.03,118.00,0.007600
222.3035,5.9240,61.76,118.00,0.007597
222.3779,5.9240,62.03,118.00,0.007604
222.4562,5.9240,62.03,118.00,0.007907
222.5298,5.9240,61.49,118.00,0.007545
222.6091,5.9240,61.76,118.00,0.007174
222.6856,5.9240,61.49,118.00,0.007286
222.7612,5.9240,62.03,118.00,0.007319
222.8344,5.9240,62.03,118.00,0.007297
222.9116,5.9240,61.76,117.50,0.007233
222.9843,5.9240,62.03,118.00,0.007036
223.0583,5.9240,62.03,117.00,0.007034
223.1312,5.9240,61.76,117.00,0.007172
223.2061,5.9240,61.76,117.00,0.007239
223.2828,5.9010,61.49,117.00,0.007631
223.3588,5.9010,62.30,117.00,0.007195
223.4315,5.9010,61.76,118.00,0.007229
223.5062,5.9010,62.03,118.00,0.007243
223.5794,5.9010,62.03,118.00,0.007478
223.6548,5.9010,61.76,118.00,0.007703
223.7313,5.9010,61.76,118.00,0.007993
223.8065,5.9010,61.49,118.00,0.007494
223.8826,5.9010,61.76,118.00,0.007017
223.9588,5.9010,62.03,118.00,0.007181
224.0317,5.9010,61.76,118.00,0.007227
224.1061,5.9010,61.49,118.00,0.007242
224.1844,5.8855,61.22,118.00,0.007275
224.2627,5.8700,61.22,118.00,0.007735
224.3390,5.8700,61.76,118.00,0.007654
224.4145,5.8700,62.03,118.00,0.007644
224.4909,5.8700,62.03,118.00,0.007612
224.5670,5.8700,61.76,118.00,0.007670
224.6432,5.8700,61.76,118.00,0.007552
224.7185,5.8700,61.76,118.00,0.007285
224.7959,5.8700,62.03,118.00,0.008600
224.8710,5.8700,61.76,118.00,0.007738
224.9482,5.8700,62.30,118.00,0.007844
225.0249,5.9065,61.76,117.50,0.008010
225.1021,5.9430,61.49,117.00,0.007776
225.1797,5.9430,61.22,117.50,0.007508
225.2559,5.9430,61.76,118.00,0.007599
225.3342,5.9430,62.03,118.00,0.007801
225.4156,5.9430,61.49,118.00,0.007779
225.4942,5.9430,61.76,118.00,0.007261
225.5695,5.9430,61.22,118.00,0.007250
225.6444,5.9430,61.49,118.00,0.007219
225.7188,5.9430,61.76,118.00,0.006985
225.8016,5.9430,61.76,117.50,0.007815
225.8780,5.9430,61.49,118.00,0.007442
225.9536,5.9430,62.03,118.00,0.007101
226.0294,5.9430,62.30,118.00,0.007107
226.1068,5.9430,62.03,118.00,0.007138
226.1832,5.9260,61.76,118.00,0.007908
226.2673,5.9090,61.22,118.00,0.007714
226.3441,5.9090,61.49,118.00,0.007461
226.4262,5.9090,61.22,118.00,0.007725
226.5058,5.9090,61.49,118.00,0.007821
226.5877,5.9090,61.49,118.00,0.007914
226.6672,5.9090,61.22,118.00,0.008016
226.7512,5.9090,62.03,118.00,0.008291
226.8302,5.9090,61.49,118.00,0.007578
226.9107,5.9090,62.03,118.00,0.007619
226.9910,5.9090,62.03,118.00,0.007651
227.0705,5.8630,61.49,118.00,0.007077
227.1425,5.8630,61.49,118.00,0.007252
227.2172,5.8630,61.76,118.00,0.007167
227.2906,5.8630,61.76,118.00,0.007288
227.3668,5.8630,61.49,118.00,0.007320
227.4394,5.8630,61.49,118.00,0.007094
227.5193,5.8630,61.76,118.00,0.008112
227.5984,5.8630,62.03,118.00,0.008008
227.6812,5.8630,62.30,118.00,0.008224
227.7597,5.8630,61.49,118.00,0.008308
227.8388,5.8630,61.76,118.00,0.007851
227.9147,5.8630,61.49,118.00,0.007363
227.9942,5.8630,61.76,118.00,0.007377
228.0686,5.8630,61.49,118.00,0.007378
228.1438,5.8630,61.76,118.00,0.007496
228.2190,5.8075,61.49,118.00,0.008114
228.3003,5.7520,61.76,118.00,0.007690
228.3803,5.7520,62.03,118.00,0.007969
228.4631,5.7520,61.22,118.00,0.007549
228.5386,5.7520,61.76,118.00,0.007477
228.6150,5.7520,62.03,118.00,0.007601
228.6888,5.7520,61.76,118.00,0.007108
228.7630,5.7520,61.76,118.00,0.007258
228.8388,5.7520,62.03,118.00,0.007756
228.9150,5.7520,61.49,118.00,0.007480
228.9879,5.7520,61.76,118.00,0.007235
229.0660,5.8415,61.76,118.00,0.007892
229.1449,5.9310,61.49,118.00,0.007611
229.2275,5.9310,61.49,118.00,0.007802
229.3078,5.9310,61.49,118.00,0.007896
229.3902,5.9310,61.76,118.00,0.008000
229.4685,5.9310,61.76,118.00,0.007510
229.5491,5.9310,62.03,118.00,0.007458
229.6222,5.9310,62.03,118.00,0.007103
229.6984,5.9310,62.03,119.00,0.007301
229.7709,5.9310,61.49,119.00,0.007287
229.8512,5.9310,61.76,119.00,0.007654
229.9308,5.9310,61.22,119.00,0.008402
230.0132,5.9310,61.76,119.00,0.007812
230.0954,5.8130,61.49,119.00,0.008085
230.1723,5.8130,61.49,119.00,0.008066
230.2461,5.8130,61.49,119.00,0.007431
230.3246,5.8130,62.03,119.00,0.008007
230.3993,5.8130,61.49,119.00,0.007445
230.4736,5.8130,61.76,119.00,0.007346
230.5460,5.8130,61.76,119.00,0.007205
230.6224,5.8130,61.49,119.00,0.007311
230.6969,5.8130,61.22,119.00,0.008336
230.7749,5.8130,62.03,119.00,0.007830
230.8509,5.8130,61.49,119.00,0.007672
230.9262,5.8130,61.76,119.00,0.007478
231.0039,5.8130,61.49,119.00,0.007461
231.0805,5.8130,62.30,119.00,0.007256
231.1553,5.8130,61.76,119.00,0.007619
231.2308,5.8800,61.76,119.00,0.007705
231.3069,5.9470,62.03,119.00,0.007729
231.3860,5.9470,61.76,119.00,0.007845
231.4673,5.9470,61.76,119.00,0.007817
231.5512,5.9470,62.03,119.00,0.008322
231.6325,5.9470,61.76,120.00,0.008249
231.7157,5.9470,61.76,120.00,0.007796
231.7966,5.9470,61.76,120.00,0.007892
231.8796,5.9470,61.76,120.00,0.008063
231.9594,5.9470,61.76,120.00,0.007913
232.0439,5.8440,61.76,120.00,0.008324
232.1238,5.7410,61.76,120.00,0.008112
232.2077,5.7410,61.49,120.00,0.007901
232.2871,5.7410,61.22,120.00,0.007990
232.3688,5.7410,61.76,120.00,0.008158
232.4500,5.7410,61.22,120.00,0.008086
232.5335,5.7410,62.03,120.00,0.008001
232.6128,5.7410,62.03,120.00,0.007847
232.6969,5.7410,62.30,120.00,0.008180
232.7769,5.7410,61.49,120.00,0.008077
232.8600,5.7410,61.76,120.00,0.008247
232.9383,5.7410,62.30,120.00,0.007762
233.0217,5.7520,61.22,120.00,0.008357
233.0951,5.7630,61.49,120.00,0.007261
233.1693,5.7630,61.49,120.00,0.007258
233.2450,5.7630,61.76,120.00,0.007533
233.3261,5.7630,61.76,120.00,0.007838
233.4030,5.7630,61.76,120.00,0.007966
233.4831,5.7630,61.49,120.00,0.007883
233.5614,5.7630,62.03,120.00,0.008007
233.6415,5.7630,62.03,120.00,0.007318
233.7144,5.7630,61.76,120.00,0.007227
233.7908,5.7630,60.95,120.00,0.007055
233.8643,5.7630,61.76,120.00,0.007193
233.9426,5.7630,61.76,120.00,0.007633
234.0219,5.8550,61.49,120.00,0.008130
234.1014,5.9470,61.49,120.00,0.008035
234.1802,5.9470,61.76,120.00,0.007775
234.2631,5.9470,61.22,120.00,0.007813
234.3431,5.9470,62.03,120.00,0.007622
234.4201,5.9470,61.76,120.00,0.007116
234.4971,5.9470,62.03,120.00,0.007366
234.5754,5.9470,61.76,120.00,0.007967
234.6562,5.9470,61.49,120.00,0.008067
234.7394,5.9470,62.03,120.00,0.008112
234.8181,5.9470,61.76,120.00,0.008748
234.9011,5.9470,61.76,120.00,0.008024
234.9802,5.9470,61.49,120.00,0.007552
235.0623,5.8630,61.49,120.00,0.007879
235.1425,5.8630,61.49,120.00,0.007935
235.2251,5.8630,61.76,120.00,0.007447
235.3043,5.8630,61.76,120.00,0.007477
235.3873,5.8630,61.49,120.00,0.007692
235.4686,5.8630,61.76,120.00,0.007631
235.5511,5.8630,61.76,120.00,0.007860
235.6315,5.8630,61.49,120.00,0.007790
235.7127,5.8630,61.76,120.00,0.007721
235.7932,5.8630,61.22,120.00,0.008128
235.8758,5.8630,61.49,120.00,0.007941
235.9568,5.8630,61.49,120.00,0.008053
236.0358,5.8630,61.22,120.00,0.008411
236.1149,5.8610,61.22,120.00,0.007926
236.1984,5.8590,61.49,120.00,0.007737
236.2797,5.8590,61.22,120.50,0.007880
236.3594,5.8590,61.22,120.00,0.007792
236.4352,5.8590,61.49,120.00,0.007468
236.5141,5.8590,61.49,120.00,0.007638
236.5948,5.8590,62.03,120.00,0.007407
236.6703,5.8590,61.22,120.00,0.007662
236.7438,5.8590,61.76,120.00,0.007332
236.8192,5.8590,61.49,120.00,0.007357
236.8952,5.8590,61.49,120.00,0.007612
236.9756,5.8590,61.76,120.00,0.008077
237.0522,5.8685,61.49,120.00,0.007602
237.1285,5.8780,61.22,120.00,0.007223
237.2025,5.8780,62.03,120.00,0.008025
237.2819,5.8780,61.49,120.00,0.008121
237.3574,5.8780,61.49,120.00,0.007673
237.4345,5.8780,62.30,120.00,0.007262
237.5079,5.8780,62.03,120.00,0.007832
237.5870,5.8780,62.03,120.00,0.007762
237.6602,5.8780,61.49,120.00,0.007582
237.7355,5.8780,62.03,120.00,0.007682
237.8111,5.8780,62.03,120.00,0.007754
237.8865,5.8780,61.49,120.00,0.007702
237.9639,5.8780,61.76,120.00,0.007405
238.0396,5.8990,62.03,120.00,0.007914
238.1131,5.9200,62.03,120.00,0.007302
238.1886,5.9200,62.03,120.00,0.007728
238.2624,5.9200,61.76,120.00,0.007335
238.3403,5.9200,61.76,120.00,0.007615
238.4160,5.9200,62.03,120.00,0.007602
238.4953,5.9200,61.76,120.00,0.007922
238.5698,5.9200,61.49,120.00,0.007033
238.6461,5.9200,62.03,120.00,0.007578
238.7193,5.9200,61.49,120.00,0.008003
238.7940,5.9200,61.49,120.00,0.007646
238.8722,5.9200,61.49,120.00,0.007409
238.9475,5.9200,61.76,120.00,0.007888
239.0238,5.9200,62.03,120.00,0.007964
239.0995,5.9350,62.03,120.00,0.007731
239.1752,5.9350,61.49,120.00,0.007518
239.2508,5.9350,62.03,120.00,0.008033
239.3243,5.9350,61.76,120.00,0.007660
239.3993,5.9350,62.03,120.00,0.007758
239.4750,5.9350,61.76,120.00,0.007753
239.5499,5.9350,62.03,120.00,0.007606
239.6252,5.9350,61.49,120.00,0.007580
239.6999,5.9350,62.03,120.00,0.007097
239.7716,5.9350,61.49,120.00,0.006997
239.8456,5.9350,61.76,120.00,0.007367
239.9216,5.9350,62.30,120.00,0.007757
239.9990,5.9350,61.76,120.00,0.007642
240.0749,5.9730,61.76,120.00,0.007568
240.1522,5.9730,61.49,120.00,0.009164
240.2272,5.9730,62.30,120.00,0.007515
240.3064,5.9730,61.76,120.00,0.007331
240.3836,5.9730,61.22,120.00,0.007325
240.4585,5.9730,61.76,120.00,0.007618
240.5343,5.9730,61.49,120.00,0.007575
240.6093,5.9730,61.76,120.00,0.007332
240.6872,5.9730,61.76,119.00,0.007697
240.7623,5.9730,61.22,119.00,0.007772
240.8403,5.9730,61.49,119.00,0.007734
240.9151,5.9730,61.76,119.00,0.007417
240.9888,5.9730,61.76,119.00,0.007735
241.0646,5.9350,62.30,119.50,0.007967
241.1380,5.9350,61.76,120.00,0.007854
241.2140,5.9350,62.03,120.00,0.007286
241.2918,5.9350,61.76,120.00,0.007969
241.3667,5.9350,62.03,120.00,0.007603
241.4407,5.9350,62.30,120.00,0.007427
241.5150,5.9350,61.22,120.00,0.007192
241.5875,5.9350,61.49,120.00,0.006993
241.6615,5.9350,61.22,120.00,0.007051
241.7383,5.9350,61.49,120.00,0.007167
241.8139,5.9350,62.03,119.50,0.007118
241.8889,5.9350,61.76,119.50,0.007720
241.9639,5.9350,61.76,119.00,0.007410
242.0382,5.8930,61.49,119.50,0.007585
242.1144,5.8510,61.22,120.00,0.007829
242.1885,5.8510,61.76,119.50,0.007764
242.2659,5.8510,61.76,119.00,0.008080
242.3436,5.8510,62.03,119.00,0.007875
242.4192,5.8510,62.30,119.50,0.008055
242.4926,5.8510,61.49,119.50,0.007724
242.5693,5.8510,61.76,119.00,0.007447
242.6427,5.8510,61.22,119.00,0.007443
242.7202,5.8510,61.76,120.00,0.007520
242.7963,5.8510,61.49,120.00,0.007844
242.8733,5.8510,62.30,120.00,0.007346
242.9484,5.8510,61.76,119.50,0.007602
243.0239,5.8835,61.76,119.00,0.007698
243.0984,5.9160,62.03,119.00,0.007809
243.1738,5.9160,61.49,119.00,0.007052
243.2509,5.9160,61.76,119.00,0.007423
243.3276,5.9160,61.76,119.00,0.007298
243.4028,5.9160,61.49,120.00,0.007398
243.4779,5.9160,61.49,120.00,0.007614
243.5552,5.9160,62.30,119.50,0.007691
243.6301,5.9160,62.03,119.00,0.007320
243.7060,5.9160,62.30,119.00,0.007674
243.7831,5.9160,61.76,119.00,0.007571
243.8589,5.9160,61.76,119.00,0.007957
243.9353,5.9160,61.76,119.00,0.007712
244.0085,5.9160,61.76,119.00,0.007900
244.0846,5.9160,61.49,119.00,0.007473
244.1587,5.9295,61.76,119.00,0.008060
244.2387,5.9430,61.49,119.00,0.007753
244.3118,5.9430,61.49,119.00,0.007306
244.3857,5.9430,62.03,119.00,0.007150
244.4581,5.9430,62.03,119.00,0.007465
244.5355,5.9430,61.76,119.00,0.007835
244.6082,5.9430,61.76,119.00,0.007437
244.6857,5.9430,62.03,119.00,0.007517
244.7594,5.9430,61.76,119.00,0.007863
244.8346,5.9430,61.76,119.00,0.007650
244.9106,5.9430,61.22,119.00,0.007384
244.9872,5.9430,62.03,119.00,0.008654
245.0626,5.9200,62.03,119.00,0.007124
245.1360,5.9200,62.03,119.00,0.007047
245.2106,5.9200,61.76,119.00,0.007430
245.2900,5.9200,61.76,119.00,0.007435
245.3690,5.9200,61.76,119.00,0.007790
245.4493,5.9200,61.76,119.00,0.007931
245.5284,5.9200,62.30,119.00,0.007728
245.6096,5.9200,61.76,119.00,0.007635
245.6866,5.9200,61.49,119.00,0.007265
245.7598,5.9200,62.30,119.00,0.007008
245.8328,5.9200,62.30,119.00,0.007597
245.9097,5.9200,61.49,119.00,0.007611
245.9867,5.9200,61.22,119.00,0.007275
246.0624,5.9200,62.03,119.00,0.007262
246.1357,5.9200,61.49,119.00,0.007561
246.2108,5.8800,61.76,119.00,0.007460
246.2875,5.8400,61.49,119.00,0.007736
246.3645,5.8400,62.30,119.00,0.007507
246.4406,5.8400,61.76,119.00,0.007877
246.5153,5.8400,61.76,119.00,0.007473
246.5909,5.8400,61.76,119.00,0.007147
246.6663,5.8400,62.03,119.00,0.007655
246.7398,5.8400,61.76,119.00,0.007674
246.8175,5.8400,61.76,119.00,0.007958
246.8927,5.8400,61.49,119.00,0.007870
246.9686,5.8400,61.49,119.00,0.007556
247.0438,5.8685,61.76,119.00,0.007311
247.1214,5.8970,61.49,119.00,0.007705
247.1975,5.8970,61.76,119.00,0.007466
247.2754,5.8970,61.76,119.00,0.007991
247.3497,5.8970,61.49,119.00,0.007697
247.4298,5.8970,61.49,119.00,0.007885
247.5073,5.8970,61.49,119.00,0.007566
247.5825,5.8970,61.22,119.00,0.007644
247.6577,5.8970,62.30,119.00,0.007435
247.7357,5.8970,61.76,119.00,0.007836
247.8115,5.8970,62.03,119.00,0.007620
247.8871,5.8970,61.49,119.00,0.007519
247.9620,5.8970,62.30,119.00,0.007956
248.0416,5.8950,61.49,119.00,0.008010
248.1151,5.8930,61.49,119.00,0.007904
248.1927,5.8930,61.76,119.00,0.007241
248.2666,5.8930,61.49,119.00,0.007857
248.3423,5.8930,62.30,119.00,0.007795
248.4187,5.8930,62.30,119.00,0.007767
248.4966,5.8930,61.76,119.00,0.007541
248.5700,5.8930,62.30,119.00,0.007321
248.6503,5.8930,61.49,119.00,0.008183
248.7238,5.8930,61.49,119.00,0.007549
248.7990,5.8930,61.76,119.00,0.007820
248.8725,5.8930,61.76,119.00,0.007790
248.9481,5.8930,61.76,119.00,0.007496
249.0229,5.8930,62.03,119.00,0.007942
249.0982,5.9220,61.76,119.00,0.007448
249.1722,5.9510,61.76,119.00,0.007296
249.2496,5.9510,62.03,119.00,0.007820
249.3270,5.9510,61.49,119.00,0.007691
249.4042,5.9510,62.03,119.00,0.007745
249.4784,5.9510,62.03,119.00,0.007278
249.5558,5.9510,61.49,119.00,0.007276
249.6299,5.9510,61.49,119.00,0.007610
249.7075,5.9510,61.22,119.00,0.007800
249.7835,5.9510,61.76,118.50,0.007594
249.8586,5.9510,61.76,118.00,0.007632
249.9344,5.9510,61.76,118.00,0.007804
250.0098,5.9510,61.76,118.00,0.007393
250.0886,5.9430,61.76,118.00,0.007885
250.1653,5.9430,61.76,119.00,0.007623
250.2418,5.9430,61.76,118.00,0.007798
250.3185,5.9430,61.49,118.00,0.007418
250.3948,5.9430,62.30,118.50,0.007548
250.4747,5.9430,61.76,118.00,0.008077
250.5560,5.9430,62.03,118.00,0.007869
250.6394,5.9430,62.03,119.00,0.008163
250.7179,5.9430,61.49,119.00,0.007850
250.7983,5.9430,61.76,119.00,0.007635
250.8769,5.9430,62.03,119.00,0.007687
250.9556,5.9430,61.49,118.50,0.007652
251.0370,5.9030,61.22,118.00,0.007609
251.1204,5.8630,62.03,118.50,0.008035
251.2015,5.8630,61.49,118.50,0.007750
251.2848,5.8630,62.03,118.00,0.007656
251.3643,5.8630,61.49,118.00,0.007524
251.4478,5.8630,61.22,118.00,0.007793
251.5296,5.8630,61.49,118.50,0.008212
251.6106,5.8630,61.49,118.00,0.008183
251.6898,5.8630,61.76,118.00,0.007760
251.7731,5.8630,61.22,118.00,0.007366
251.8506,5.8630,61.22,118.00,0.007250
251.9265,5.8630,61.76,118.00,0.007159
252.0080,5.8630,61.49,118.00,0.008151
252.0925,5.8320,61.49,118.00,0.007988
252.1728,5.8320,61.76,118.00,0.007996
252.2563,5.8320,61.22,118.00,0.008066
252.3373,5.8320,61.49,118.00,0.007831
252.4195,5.8320,61.76,118.00,0.007695
252.5002,5.8320,61.49,118.00,0.007671
252.5811,5.8320,61.22,118.50,0.007754
252.6622,5.8320,61.49,118.00,0.008281
252.7453,5.8320,61.76,118.00,0.007961
252.8246,5.8320,61.76,118.00,0.007991
252.9069,5.8320,61.49,118.00,0.007676
252.9860,5.8320,61.49,118.00,0.007812
253.0673,5.8510,61.76,118.00,0.007866
253.1462,5.8510,61.76,118.00,0.008169
253.2256,5.8510,61.22,118.00,0.007218
253.3002,5.8510,61.76,118.00,0.007978
253.3752,5.8510,61.76,118.00,0.007620
253.4482,5.8510,62.03,118.00,0.007439
253.5224,5.8510,61.49,118.00,0.007333
253.5982,5.8510,61.76,118.00,0.007613
253.6751,5.8510,61.76,118.00,0.007344
253.7490,5.8510,61.22,118.00,0.008043
253.8240,5.8510,61.49,118.00,0.007416
253.8977,5.8510,61.76,118.00,0.007809
253.9757,5.8510,61.76,118.00,0.008335
254.0568,5.8510,61.76,118.00,0.007976
254.1398,5.8510,62.03,118.00,0.007620
254.2187,5.8510,61.76,118.00,0.007849
254.3023,5.8510,61.76,118.00,0.008566
254.3831,5.8510,61.76,118.00,0.007802
254.4620,5.8510,61.49,118.00,0.007927
254.5387,5.8510,61.22,118.00,0.007673
254.6221,5.8510,62.03,118.00,0.007897
254.7008,5.8510,61.76,118.00,0.007760
254.7843,5.8510,61.22,118.00,0.007699
254.8652,5.8510,61.49,118.00,0.007619
254.9479,5.8510,61.49,118.00,0.007416
255.0274,5.8510,61.49,118.00,0.008366
255.1017,5.8510,61.22,118.00,0.007033
255.1750,5.8510,61.76,118.00,0.007312
255.2497,5.8510,61.76,118.00,0.007374
255.3287,5.8510,61.76,118.00,0.007875
255.4021,5.8510,61.76,118.00,0.007079
255.4754,5.8510,61.76,118.00,0.007460
255.5533,5.8510,62.03,118.00,0.007689
255.6316,5.8455,61.49,118.00,0.008069
255.7133,5.8400,61.76,118.00,0.008010
255.7902,5.8400,62.03,118.00,0.007576
255.8745,5.8400,61.76,118.00,0.007660
255.9557,5.8400,61.76,118.00,0.008122
256.0382,5.8400,61.49,118.00,0.008080
256.1161,5.8400,61.49,118.00,0.008461
256.1971,5.8400,61.49,118.00,0.007809
256.2786,5.8400,61.76,118.00,0.007421
256.3620,5.8400,62.03,118.00,0.007929
256.4438,5.8400,61.49,118.00,0.007489
256.5222,5.8400,61.49,118.00,0.007785
256.6008,5.8400,61.49,118.00,0.008052
256.6836,5.8400,62.03,118.00,0.007401
256.7628,5.8400,62.03,118.00,0.008022
256.8413,5.8400,61.76,118.00,0.007239
256.9145,5.8400,62.03,118.00,0.007477
256.9912,5.8400,61.22,118.00,0.007509
257.0695,5.8510,62.03,118.00,0.007510
257.1494,5.8510,61.49,118.00,0.007669
257.2235,5.8510,61.49,118.00,0.007368
257.3010,5.8510,61.49,118.00,0.007499
257.3761,5.8510,62.03,118.00,0.007505
257.4541,5.8510,61.49,118.00,0.007874
257.5301,5.8510,62.03,117.00,0.007305
257.6098,5.8510,61.76,117.00,0.007592
257.6877,5.8510,61.22,117.00,0.007920
257.7651,5.8510,61.76,117.50,0.007888
257.8383,5.8510,61.49,118.00,0.007384
257.9179,5.8510,61.22,117.50,0.007596
257.9932,5.8510,61.49,118.00,0.007736
258.0715,5.8970,61.49,118.00,0.007985
258.1471,5.8970,62.03,118.00,0.007994
258.2239,5.8970,61.76,118.00,0.007263
258.2972,5.8970,61.49,118.00,0.007040
258.3712,5.8970,62.30,118.00,0.007535
258.4432,5.8970,61.22,117.50,0.007108
258.5192,5.8970,61.49,117.00,0.007505
258.5944,5.8970,61.76,117.50,0.007388
258.6707,5.8970,61.76,118.00,0.007116
258.7445,5.8970,62.03,117.00,0.007052
258.8183,5.8970,61.76,117.00,0.007201
258.8938,5.8970,62.03,117.00,0.007569
258.9714,5.8970,61.76,117.00,0.007900
259.0465,5.8970,61.49,117.00,0.007458
259.1220,5.8970,62.30,117.00,0.007589
259.1956,5.8970,62.03,117.00,0.007694
259.2709,5.8970,61.22,117.00,0.007463
259.3467,5.8970,62.30,117.50,0.007700
259.4237,5.8970,61.49,117.00,0.008066
259.4990,5.8970,62.30,117.00,0.007549
259.5765,5.8970,61.76,117.00,0.007761
259.6499,5.8970,61.76,117.00,0.007723
259.7275,5.8970,62.03,117.00,0.007880
259.8032,5.8970,61.49,117.50,0.007736
259.8775,5.8970,61.76,117.00,0.007223
259.9555,5.8970,61.76,117.00,0.007761
260.0306,5.8970,61.76,117.00,0.007836
260.1065,5.8970,62.03,117.00,0.007423
260.1845,5.8970,62.03,117.00,0.007693
260.2600,5.8970,62.30,117.00,0.007402
260.3356,5.8970,61.76,117.50,0.008239
260.4110,5.8970,62.30,118.00,0.007259
260.4877,5.9275,62.30,118.00,0.007257
260.5621,5.9580,61.76,118.00,0.007644
260.6416,5.9580,61.22,118.00,0.007811
260.7191,5.9580,61.76,118.00,0.007385
260.7945,5.9580,62.03,118.00,0.007712
260.8678,5.9580,61.49,118.00,0.007290
260.9430,5.9580,62.03,118.00,0.007635
261.0187,5.9580,62.03,118.00,0.007542
261.0954,5.9310,61.76,117.00,0.007693
261.1706,5.9310,61.76,117.50,0.007425
261.2467,5.9310,61.49,117.50,0.007129
261.3193,5.9310,61.49,117.00,0.007214
261.3952,5.9310,61.22,117.00,0.007330
261.4672,5.9310,61.49,117.50,0.007053
261.5449,5.9310,61.49,117.50,0.007985
261.6180,5.9310,61.49,117.00,0.007256
261.6950,5.9310,62.30,118.00,0.007664
261.7705,5.9310,61.49,118.00,0.007332
261.8459,5.9310,62.03,118.00,0.007436
261.9216,5.9310,61.76,117.00,0.007435
262.0005,5.9310,62.30,117.00,0.007537
262.0766,5.9620,62.03,117.00,0.007549
262.1515,5.9620,61.49,117.50,0.007310
262.2275,5.9620,61.76,117.50,0.007510
262.3060,5.9620,61.22,117.00,0.007638
262.3826,5.9620,61.76,117.00,0.008040
262.4581,5.9620,61.22,118.00,0.007596
262.5328,5.9620,62.03,118.00,0.007996
262.6126,5.9620,61.49,118.00,0.007747
262.6885,5.9620,62.30,118.00,0.007402
262.7661,5.9620,62.03,118.00,0.007626
262.8396,5.9620,61.76,118.00,0.007423
262.9147,5.9620,61.76,118.00,0.007427
262.9877,5.9620,61.76,118.00,0.007067
263.0618,5.9620,61.76,117.00,0.007405
263.1345,5.9620,61.49,117.00,0.007524
263.2094,5.9430,61.49,117.00,0.007657
263.2831,5.9240,61.49,117.00,0.007499
263.3607,5.9240,61.76,117.00,0.007788
263.4343,5.9240,61.49,117.00,0.007493
263.5097,5.9240,61.76,117.50,0.007551
263.5848,5.9240,61.22,117.00,0.007418
263.6624,5.9240,61.76,117.00,0.007654
263.7379,5.9240,61.49,118.00,0.007737
263.8145,5.9240,62.03,118.00,0.007460
263.8911,5.9240,61.49,117.00,0.008033
263.9703,5.9240,61.76,117.00,0.007488
264.0445,5.9375,61.49,117.00,0.007476
264.1192,5.9510,61.76,117.00,0.007620
264.1947,5.9510,61.76,117.00,0.007848
264.2718,5.9510,61.76,117.00,0.007269
264.3456,5.9510,61.49,117.00,0.007714
264.4208,5.9510,61.49,117.00,0.008047
264.4961,5.9510,61.49,117.00,0.007369
264.5712,5.9510,61.76,117.00,0.007540
264.6470,5.9510,61.49,118.00,0.007982
264.7235,5.9510,61.22,118.00,0.007623
264.7990,5.9510,61.49,118.00,0.007396
264.8760,5.9510,61.49,117.50,0.007417
264.9509,5.9510,61.22,118.00,0.007622
265.0259,5.9240,61.49,117.50,0.007815
265.1003,5.8970,61.76,117.50,0.007823
265.1760,5.8970,61.76,117.00,0.007585
265.2516,5.8970,61.76,117.00,0.007040
265.3270,5.8970,61.76,117.00,0.007709
265.4030,5.8970,61.76,117.00,0.007851
265.4781,5.8970,62.03,117.50,0.007733
265.5543,5.8970,61.76,117.50,0.007845
265.6298,5.8970,62.03,117.00,0.007772
265.7049,5.8970,61.76,117.00,0.007435
265.7827,5.8970,61.49,117.00,0.007699
265.8591,5.8970,61.76,117.00,0.007936
265.9388,5.8970,62.30,117.00,0.007651
266.0124,5.8970,61.76,118.00,0.007468
266.0910,5.9090,61.49,118.00,0.007718
266.1667,5.9090,61.76,118.00,0.007236
266.2479,5.9090,62.30,118.00,0.007627
266.3291,5.9090,62.03,118.00,0.008019
266.4106,5.9090,61.22,118.00,0.007827
266.4915,5.9090,61.49,118.00,0.007754
266.5717,5.9090,61.49,118.00,0.007033
266.6473,5.9090,62.03,118.00,0.007413
266.7256,5.9090,61.76,118.00,0.007630
266.8064,5.9090,61.76,117.00,0.007632
266.8900,5.9090,61.22,117.50,0.007690
266.9715,5.9090,61.49,117.00,0.007907
267.0517,5.8685,61.49,117.00,0.007301
267.1259,5.8280,61.49,117.00,0.007773
267.2056,5.8280,62.03,117.00,0.007926
267.2837,5.8280,61.49,117.00,0.007860
267.3586,5.8280,61.22,117.00,0.007216
267.4350,5.8280,62.03,118.00,0.007609
267.5105,5.8280,62.03,118.00,0.007751
267.5843,5.8280,61.49,118.00,0.007451
267.6602,5.8280,61.22,118.00,0.007596
267.7332,5.8280,62.03,117.50,0.007158
267.8082,5.8280,61.76,117.00,0.007085
267.8829,5.8280,62.03,118.00,0.007277
267.9574,5.8280,61.76,118.00,0.007296
268.0338,5.9045,61.76,118.00,0.008004
268.1118,5.9810,61.76,118.00,0.007758
268.1859,5.9810,61.76,118.00,0.007961
268.2631,5.9810,61.76,118.00,0.007763
268.3350,5.9810,61.22,118.00,0.007307
268.4105,5.9810,61.49,118.00,0.007256
268.4830,5.9810,61.49,117.50,0.007436
268.5599,5.9810,61.76,118.00,0.008041
268.6359,5.9810,61.49,117.00,0.008056
268.7107,5.9810,61.49,117.50,0.007564
268.7864,5.9810,61.76,117.50,0.007776
268.8614,5.9810,62.03,117.00,0.007552
268.9354,5.9810,61.76,117.00,0.007433
269.0108,5.9810,61.49,117.00,0.007681
269.0845,5.9960,61.76,117.50,0.007080
269.1583,5.9960,61.49,118.00,0.007294
269.2349,5.9960,61.22,118.00,0.007098
269.3095,5.9960,61.49,118.00,0.007742
269.3851,5.9960,62.03,118.00,0.007620
269.4600,5.9960,61.76,118.00,0.007466
269.5337,5.9960,61.49,118.00,0.007608
269.6116,5.9960,61.49,118.00,0.007723
269.6869,5.9960,61.76,118.00,0.007766
269.7644,5.9960,61.76,118.00,0.007721
269.8384,5.9960,61.76,118.00,0.007789
269.9154,5.9960,62.03,118.00,0.007538
269.9915,5.9960,61.76,118.00,0.007685
270.0679,5.9200,61.76,118.00,0.007418
270.1419,5.9200,61.76,118.00,0.007353
270.2170,5.9200,62.03,118.00,0.008278
270.2981,5.9200,61.49,118.00,0.007844
270.3768,5.9200,62.03,118.00,0.008059
270.4574,5.9200,61.76,118.00,0.007862
270.5375,5.9200,62.03,118.00,0.007516
270.6159,5.9200,61.76,118.00,0.007172
270.6899,5.9200,62.30,118.00,0.007001
270.7632,5.9200,62.03,118.00,0.007356
270.8391,5.9200,61.76,118.00,0.007659
270.9185,5.9200,61.76,118.00,0.007371
271.0010,5.9200,61.22,118.00,0.007763
271.0777,5.8820,61.22,118.00,0.008064
271.1586,5.8820,62.03,118.00,0.007907
271.2401,5.8820,61.22,118.50,0.008534
271.3189,5.8820,61.76,119.00,0.007932
271.3970,5.8820,61.76,119.00,0.008068
271.4771,5.8820,61.49,119.00,0.008049
271.5549,5.8820,61.76,119.00,0.007420
271.6382,5.8820,61.49,119.00,0.007465
271.7176,5.8820,61.76,119.00,0.007827
271.8031,5.8820,61.49,119.00,0.008121
271.8849,5.8820,61.49,119.00,0.008005
271.9688,5.8820,61.49,119.00,0.007651
272.0503,5.8685,61.49,119.00,0.007680
272.1338,5.8550,62.30,119.00,0.008074
272.2157,5.8550,61.76,119.00,0.008357
272.2974,5.8550,61.22,119.00,0.007672
272.3796,5.8550,61.49,119.00,0.008003
272.4635,5.8550,61.49,119.00,0.007953
272.5448,5.8550,61.49,119.00,0.007594
272.6295,5.8550,61.22,119.00,0.007923
272.7118,5.8550,61.22,119.00,0.008125
272.7944,5.8550,61.49,119.00,0.008000
272.8771,5.8550,61.22,119.00,0.008147
272.9586,5.8550,61.49,119.00,0.007695
273.0357,5.7805,61.22,119.00,0.008380
273.1154,5.7060,61.49,119.00,0.007037
273.1892,5.7060,61.76,119.00,0.007277
273.2672,5.7060,62.03,119.00,0.007661
273.3458,5.7060,61.76,119.00,0.007997
273.4235,5.7060,61.76,119.00,0.007423
273.5056,5.7060,61.22,119.00,0.007834
273.5880,5.7060,61.49,119.00,0.007997
273.6668,5.7060,61.49,119.00,0.007546
273.7493,5.7060,61.49,119.00,0.008382
273.8306,5.7060,61.49,119.00,0.008000
273.9125,5.7060,61.49,119.00,0.007469
273.9919,5.7060,61.49,119.00,0.007477
274.0740,5.8360,62.03,119.00,0.007728
274.1494,5.8360,62.03,119.00,0.007313
274.2266,5.8360,61.76,119.00,0.008318
274.3034,5.8360,61.49,119.00,0.008279
274.3873,5.8360,62.03,119.00,0.008105
274.4673,5.8360,62.03,119.00,0.008254
274.5479,5.8360,61.49,119.00,0.007735
274.6298,5.8360,62.03,119.00,0.007479
274.7104,5.8360,61.49,119.00,0.007313
274.7827,5.8360,61.49,119.00,0.007132
274.8626,5.8360,61.22,119.00,0.007356
274.9407,5.8360,61.49,119.00,0.007745
275.0229,5.8190,62.30,119.00,0.008168
275.1050,5.8020,61.22,119.00,0.007867
275.1890,5.8020,61.49,119.00,0.008064
275.2670,5.8020,61.49,119.00,0.008168
275.3487,5.8020,61.49,119.50,0.007860
275.4301,5.8020,61.22,120.00,0.007690
275.5098,5.8020,61.76,120.00,0.007502
275.5921,5.8020,61.22,120.00,0.007780
275.6760,5.8020,61.76,120.00,0.007838
275.7567,5.8020,61.49,120.00,0.007491
275.8407,5.8020,61.22,120.00,0.007538
275.9199,5.8020,61.22,120.00,0.007412
275.9991,5.8020,61.76,120.00,0.007920
276.0786,5.7020,61.49,120.00,0.007400
276.1618,5.7020,61.76,120.00,0.008231
276.2424,5.7020,61.49,120.00,0.008614
276.3221,5.7020,61.22,120.00,0.007610
276.3991,5.7020,61.49,120.00,0.007715
276.4754,5.7020,61.76,120.00,0.007400
276.5492,5.7020,61.76,120.00,0.007228
276.6256,5.7020,61.49,120.00,0.007492
276.7046,5.7020,61.49,120.00,0.007638
276.7795,5.7020,61.22,120.00,0.007146
276.8579,5.7020,61.22,120.00,0.007508
276.9339,5.7020,61.76,120.00,0.007622
277.0084,5.7020,61.49,120.00,0.007865
277.0859,5.7020,61.76,120.00,0.007304
277.1599,5.7020,61.22,120.00,0.007649
277.2368,5.7020,61.76,120.00,0.008036
277.3104,5.7020,61.76,120.00,0.007219
277.3884,5.7020,61.49,120.00,0.007741
277.4621,5.7020,62.03,120.00,0.007735
277.5403,5.7020,61.49,120.00,0.007945
277.6150,5.7020,62.03,120.00,0.007576
277.6911,5.7020,61.49,120.00,0.007483
277.7672,5.7020,61.76,120.00,0.007581
277.8457,5.7020,61.49,120.00,0.007803
277.9245,5.7020,61.76,120.00,0.007607
278.0028,5.7020,61.76,120.00,0.007507
278.0793,5.7020,62.03,120.00,0.007797
278.1576,5.7020,62.03,120.00,0.007735
278.2352,5.8700,61.22,120.00,0.007817
278.3149,5.8700,61.49,120.00,0.007281
278.3882,5.8700,61.22,120.00,0.007610
278.4637,5.8700,61.76,120.00,0.007362
278.5388,5.8700,62.03,120.00,0.007697
278.6223,5.8700,61.49,120.50,0.008037
278.7022,5.8700,61.22,121.00,0.007593
278.7827,5.8700,61.76,121.00,0.007659
278.8595,5.8700,61.22,121.00,0.008264
278.9422,5.8700,61.22,121.00,0.008317
279.0209,5.8700,62.03,121.00,0.007837
279.1031,5.8820,61.49,121.00,0.007961
279.1835,5.8820,61.22,121.00,0.007911
279.2665,5.8820,62.03,121.00,0.007995
279.3437,5.8820,62.03,121.00,0.007816
279.4262,5.8820,61.22,121.00,0.008010
279.5080,5.8820,62.03,121.00,0.008220
279.5884,5.8820,61.22,121.00,0.007963
279.6668,5.8820,62.03,121.00,0.007804
279.7502,5.8820,61.22,121.00,0.007712
279.8285,5.8820,61.76,121.00,0.007324
279.9113,5.8820,61.49,121.00,0.007907
279.9919,5.8820,62.03,121.00,0.007463
280.0765,5.8550,61.49,121.00,0.007698
280.1560,5.8550,61.76,121.00,0.008613
280.2351,5.8550,61.22,121.00,0.007731
280.3095,5.8550,61.49,121.00,0.007165
280.3920,5.8550,61.49,121.00,0.008287
280.4710,5.8550,61.76,121.00,0.008177
280.5548,5.8550,61.76,121.00,0.007805
280.6338,5.8550,61.49,121.00,0.007914
280.7175,5.8550,61.49,121.00,0.008083
280.7963,5.8550,61.22,121.00,0.007755
280.8766,5.8550,61.49,121.00,0.007613
280.9569,5.8550,61.76,121.00,0.007390
281.0359,5.8550,61.49,121.00,0.007849
281.1174,5.8550,61.49,121.00,0.008316
281.2001,5.8550,61.49,121.00,0.007609
281.2791,5.8550,61.22,121.00,0.008096
281.3599,5.8550,61.49,121.00,0.007528
281.4357,5.8550,61.22,121.00,0.007776
281.5106,5.8550,62.30,121.00,0.007629
281.5840,5.8550,61.49,121.00,0.007540
281.6595,5.8550,61.49,121.00,0.007717
281.7347,5.8550,61.22,121.00,0.007655
281.8149,5.8550,61.76,121.00,0.007113
281.8951,5.8550,61.76,121.00,0.007970
281.9755,5.8550,62.03,121.00,0.007631
282.0552,5.8550,61.22,121.00,0.008272
282.1306,5.8550,62.03,121.00,0.007757
282.2086,5.8550,61.22,121.00,0.007684
282.2890,5.9105,61.22,121.00,0.007607
282.3692,5.9660,61.76,121.00,0.007866
282.4528,5.9660,61.76,121.00,0.008020
282.5314,5.9660,61.76,121.00,0.007560
282.6151,5.9660,61.22,121.00,0.008154
282.6955,5.9660,61.76,121.00,0.007844
282.7769,5.9660,61.49,121.00,0.007753
282.8501,5.9660,61.49,121.00,0.007049
282.9263,5.9660,62.03,121.00,0.007271
282.9986,5.9660,62.03,121.00,0.007415
283.0774,5.9660,61.76,121.00,0.007542
283.1511,5.8470,61.22,121.00,0.007598
283.2273,5.8470,61.76,121.00,0.008049
283.3037,5.8470,61.49,121.00,0.008135
283.3832,5.8470,61.76,121.00,0.007635
283.4591,5.8470,61.22,121.00,0.007442
283.5385,5.8470,62.03,121.00,0.007329
283.6140,5.8470,61.22,121.00,0.007291
283.6916,5.8470,61.76,121.00,0.007814
283.7671,5.8470,61.76,121.00,0.007758
283.8475,5.8470,61.76,121.00,0.007942
283.9265,5.8470,61.76,121.00,0.007673
284.0089,5.8470,61.49,121.00,0.007691
284.0892,5.8470,61.49,121.00,0.008051
284.1711,5.8470,61.49,121.00,0.007783
284.2506,5.8470,61.49,121.00,0.008136
284.3331,5.8470,61.49,121.00,0.007863
284.4117,5.8470,62.03,121.00,0.007943
284.4932,5.8470,61.49,121.00,0.007519
284.5736,5.8470,61.76,121.00,0.008018
284.6536,5.8470,61.76,121.00,0.007943
284.7314,5.8470,61.49,121.00,0.007316
284.8123,5.8470,61.76,122.00,0.008044
284.8937,5.8470,61.49,122.00,0.008347
284.9766,5.8470,61.49,122.00,0.007869
285.0556,5.8470,61.76,122.00,0.007767
285.1346,5.8470,61.49,122.00,0.007469
285.2142,5.8470,61.49,122.00,0.007237
285.2934,5.8630,62.03,122.00,0.007761
285.3718,5.8630,61.76,122.00,0.007581
285.4522,5.8630,61.49,122.00,0.007990
285.5288,5.8630,62.03,122.00,0.008390
285.6088,5.8630,61.49,122.00,0.007702
285.6863,5.8630,61.49,122.00,0.007081
285.7639,5.8630,61.22,122.00,0.007780
285.8425,5.8630,61.22,122.00,0.007754
285.9194,5.8630,61.22,122.00,0.007549
285.9919,5.8630,61.76,122.00,0.007134
286.0660,5.8630,61.22,122.00,0.007631
286.1382,5.8630,61.49,122.00,0.007265
286.2149,5.8705,61.76,122.00,0.007798
286.2908,5.8780,61.76,122.00,0.007592
286.3680,5.8780,61.76,122.00,0.007639
286.4418,5.8780,61.49,122.00,0.008061
286.5186,5.8780,62.03,122.00,0.007701
286.5930,5.8780,61.49,122.00,0.007185
286.6659,5.8780,61.49,122.00,0.007241
286.7383,5.8780,61.49,122.00,0.007413
286.8150,5.8780,61.76,122.00,0.007669
286.8862,5.8780,61.22,122.00,0.007022
286.9597,5.8780,61.49,122.00,0.007060
287.0344,5.8780,61.49,122.00,0.007366
287.1110,5.9255,62.03,122.00,0.007575
287.1846,5.9730,62.03,122.00,0.007742
287.2596,5.9730,61.22,122.00,0.007688
287.3331,5.9730,62.03,122.00,0.008065
287.4084,5.9730,62.03,122.00,0.007493
287.4814,5.9730,61.22,122.00,0.007792
287.5553,5.9730,61.49,122.00,0.007333
287.6310,5.9730,61.22,122.00,0.007737
287.7076,5.9730,61.76,122.00,0.007816
287.7831,5.9730,61.49,122.00,0.007669
287.8575,5.9730,61.76,122.00,0.007286
287.9335,5.9730,61.22,122.00,0.007507
288.0087,5.9730,61.76,122.00,0.007899
288.0819,5.9730,61.76,122.00,0.007318
288.1585,5.9730,61.76,122.00,0.007664
288.2317,5.9730,61.76,122.00,0.007609
288.3070,5.9730,61.49,122.00,0.007661
288.3824,5.9730,61.49,122.00,0.007598
288.4576,5.9730,61.49,122.00,0.007868
288.5325,5.9730,62.03,121.50,0.007184
288.6075,5.9730,61.76,122.00,0.007617
288.6807,5.9730,62.03,122.00,0.007516
288.7563,5.9730,61.49,122.00,0.008011
288.8296,5.9730,61.76,122.00,0.007641
288.9068,5.9730,61.49,122.00,0.007890
288.9818,5.9730,61.49,122.00,0.007240
289.0566,5.9940,62.30,122.00,0.007652
289.1306,6.0150,61.76,121.00,0.007732
289.2056,6.0150,61.76,121.00,0.007771
289.2820,6.0150,61.76,121.00,0.007838
289.3558,6.0150,61.76,121.00,0.007486
289.4283,6.0150,61.22,121.50,0.007509
289.5048,6.0150,61.49,122.00,0.007714
289.5782,6.0150,61.49,122.00,0.007720
289.6551,6.0150,61.76,122.00,0.007693
289.7287,6.0150,61.76,122.00,0.007969
289.8054,6.0150,61.49,122.00,0.007708
289.8786,6.0150,61.76,122.00,0.007595
289.9540,6.0150,62.03,122.00,0.007704
290.0296,5.9865,61.76,122.00,0.007687
290.1065,5.9580,62.03,122.00,0.007502
290.1834,5.9580,61.49,122.00,0.007108
290.2589,5.9580,61.49,122.00,0.007113
290.3307,5.9580,61.76,122.00,0.007084
290.4064,5.9580,61.76,122.00,0.007230
290.4820,5.9580,61.76,122.00,0.007661
290.5590,5.9580,61.22,122.00,0.007679
290.6329,5.9580,61.76,122.00,0.007508
290.7077,5.9580,61.49,122.00,0.007340
290.7809,5.9580,61.22,122.00,0.007546
290.8584,5.9580,61.22,122.00,0.007709
290.9340,5.9580,61.49,122.00,0.007855
291.0109,5.9580,61.76,122.00,0.007183
291.0848,5.9310,61.76,122.00,0.007734
291.1596,5.9310,61.49,122.00,0.007868
291.2354,5.9310,61.76,122.00,0.007493
291.3109,5.9310,61.76,122.00,0.008168
291.3843,5.9310,61.22,122.00,0.007549
291.4615,5.9310,61.76,122.00,0.007579
291.5373,5.9310,62.03,122.00,0.007897
291.6161,5.9310,62.03,122.00,0.007394
291.6887,5.9310,61.76,122.00,0.007091
291.7637,5.9310,62.03,122.00,0.007023
291.8383,5.9310,61.49,122.00,0.007151
291.9122,5.9310,61.76,122.00,0.007478
291.9857,5.9310,61.49,122.00,0.007840
292.0632,5.8590,61.49,122.00,0.007734
292.1388,5.8590,61.49,122.00,0.007691
292.2156,5.8590,62.30,122.00,0.007494
292.2893,5.8590,61.49,122.00,0.007911
292.3635,5.8590,61.76,122.00,0.007492
292.4396,5.8590,62.03,122.00,0.008180
292.5147,5.8590,62.03,122.00,0.008037
292.5925,5.8590,61.49,122.00,0.007523
292.6665,5.8590,61.49,122.00,0.007519
292.7395,5.8590,62.03,122.00,0.007194
292.8149,5.8590,61.76,122.00,0.007810
292.8876,5.8590,61.49,122.00,0.007045
292.9634,5.8590,61.76,122.00,0.007138
293.0351,5.8590,61.76,122.00,0.007170
293.1103,5.8590,61.76,122.00,0.008048
293.1836,5.8590,61.76,122.00,0.007212
293.2605,5.8590,61.22,122.00,0.007708
293.3360,5.8590,62.30,122.00,0.007809
293.4108,5.8590,61.49,122.00,0.007985
293.4829,5.8590,62.30,122.00,0.007259
293.5580,5.8590,61.76,122.00,0.007221
293.6319,5.8590,61.22,122.00,0.007091
293.7058,5.8590,61.76,122.00,0.007456
293.7777,5.8590,61.76,122.00,0.007239
293.8508,5.8590,62.03,122.00,0.007313
293.9271,5.8590,61.76,122.00,0.007468
294.0031,5.8590,61.49,122.00,0.007464
294.0788,5.8590,61.22,122.00,0.007821
294.1561,5.8590,61.76,122.00,0.008198
294.2318,5.8590,61.49,122.00,0.007471
294.3059,5.8590,61.49,122.00,0.007300
294.3814,5.8760,62.03,122.00,0.007355
294.4596,5.8930,62.30,122.00,0.007947
294.5348,5.8930,62.03,122.00,0.007426
294.6113,5.8930,61.49,122.00,0.007469
294.6872,5.8930,61.49,122.00,0.007649
294.7640,5.8930,62.03,122.00,0.007313
294.8394,5.8930,61.49,122.00,0.007761
294.9155,5.8930,62.03,122.00,0.007599
294.9912,5.8930,61.76,122.00,0.007694
295.0691,5.8930,62.03,122.00,0.007655
295.1417,5.8930,61.22,122.00,0.007651
295.2207,5.8930,61.49,122.00,0.007544
295.2935,5.8930,61.49,122.00,0.007312
295.3720,5.8930,62.03,122.00,0.007517
295.4479,5.8930,61.76,122.00,0.007879
295.5223,5.8930,61.49,122.00,0.007513
295.5976,5.8930,62.30,122.00,0.007271
295.6748,5.8930,61.76,122.00,0.007673
295.7523,5.8930,61.76,122.00,0.007580
295.8294,5.8930,61.49,122.00,0.007870
295.9066,5.8930,61.76,122.00,0.007325
295.9838,5.8930,62.30,122.00,0.007430
296.0580,5.9085,61.76,122.00,0.007820
296.1359,5.9240,62.03,122.00,0.007420
296.2094,5.9240,62.03,122.00,0.007398
296.2871,5.9240,62.30,122.00,0.007718
296.3602,5.9240,62.03,122.00,0.007444
296.4350,5.9240,61.49,122.00,0.007740
296.5108,5.9240,61.76,122.00,0.007717
296.5855,5.9240,62.03,122.00,0.007743
296.6607,5.9240,61.76,122.00,0.007636
296.7377,5.9240,61.49,122.00,0.007626
296.8110,5.9240,61.76,122.00,0.007323
296.8861,5.9240,61.49,122.00,0.007747
296.9618,5.9240,62.03,122.00,0.007631
297.0391,5.9145,61.76,122.00,0.007832
297.1111,5.9050,61.76,122.00,0.007217
297.1858,5.9050,61.22,122.00,0.007196
297.2627,5.9050,61.76,122.00,0.007236
297.3368,5.9050,61.76,122.00,0.007455
297.4101,5.9050,61.76,122.00,0.007478
297.4855,5.9050,61.76,122.00,0.007674
297.5595,5.9050,61.49,122.00,0.007698
297.6368,5.9050,61.76,122.00,0.007908
297.7124,5.9050,62.03,122.00,0.007822
297.7875,5.9050,61.49,122.00,0.007211
297.8630,5.9050,61.49,122.00,0.007595
297.9382,5.9050,61.76,122.00,0.007605
298.0160,5.9050,61.76,122.00,0.007252
298.0933,5.9200,61.49,122.00,0.007742
298.1665,5.9200,62.03,122.00,0.007419
298.2424,5.9200,62.03,122.00,0.008128
298.3150,5.9200,61.49,122.00,0.007489
298.3899,5.9200,62.03,122.00,0.007250
298.4652,5.9200,61.49,121.50,0.007187
298.5428,5.9200,62.30,121.00,0.008002
298.6182,5.9200,62.03,121.00,0.007557
298.6950,5.9200,62.03,121.00,0.007505
298.7709,5.9200,61.49,121.00,0.007377
298.8473,5.9200,62.30,121.00,0.007542
298.9205,5.9200,61.76,121.00,0.007469
298.9978,5.9200,61.49,121.00,0.007715
299.0739,5.9510,62.03,121.00,0.007910
299.1534,5.9510,61.76,121.00,0.007740
299.2261,5.9510,61.76,121.00,0.007191
299.3026,5.9510,61.76,121.00,0.007287
299.3782,5.9510,61.22,121.00,0.007773
299.4558,5.9510,62.03,121.00,0.008381
299.5310,5.9510,61.49,121.00,0.007335
299.6101,5.9510,61.76,121.00,0.007790
299.6854,5.9510,61.76,121.00,0.007457
299.7631,5.9510,61.76,121.00,0.007754
299.8387,5.9510,61.76,121.00,0.007508
299.9178,5.9510,61.76,121.00,0.007776
299.9913,5.9510,61.76,121.00,0.007803
300.0685,5.8780,61.76,121.00,0.007619
300.1428,5.8780,61.76,121.00,0.007496
300.2199,5.8780,61.76,121.00,0.007480
300.2934,5.8780,61.76,121.00,0.007514
300.3713,5.8780,61.49,121.00,0.007604
300.4467,5.8780,61.22,121.00,0.007616
300.5234,5.8780,61.49,121.00,0.007527
300.5990,5.8780,62.03,121.00,0.007544
300.6758,5.8780,62.03,121.00,0.007591
300.7517,5.8780,61.76,120.00,0.007878
300.8263,5.8780,62.03,120.00,0.007521
300.9035,5.8780,62.03,120.00,0.007744
300.9780,5.8780,61.76,120.00,0.007667
301.0539,5.9105,61.49,120.00,0.007956
301.1313,5.9430,62.03,120.00,0.007648
301.2065,5.9430,62.03,120.00,0.007527
301.2812,5.9430,61.49,120.00,0.007666
301.3542,5.9430,61.49,120.00,0.007377
301.4280,5.9430,61.49,120.00,0.007289
301.5024,5.9430,61.76,120.00,0.007270
301.5791,5.9430,61.49,120.00,0.007830
301.6528,5.9430,61.76,120.00,0.007936
301.7271,5.9430,62.30,120.00,0.007572
301.8027,5.9430,61.76,120.00,0.007956
301.8809,5.9430,62.03,120.00,0.007451
301.9566,5.9430,62.03,120.00,0.007741
302.0342,5.9065,61.49,120.00,0.008170
302.1100,5.8700,61.49,120.00,0.007872
302.1868,5.8700,61.49,120.00,0.007707
302.2647,5.8700,61.22,120.00,0.007821
302.3419,5.8700,62.03,120.00,0.007648
302.4151,5.8700,61.49,120.00,0.007708
302.4900,5.8700,61.49,120.00,0.007547
302.5640,5.8700,62.03,120.00,0.007873
302.6391,5.8700,61.49,120.00,0.007926
302.7120,5.8700,62.03,120.00,0.007719
302.7889,5.8700,61.49,120.00,0.007409
302.8639,5.8700,61.22,120.00,0.007505
302.9396,5.8700,61.49,119.50,0.007967
303.0145,5.8700,61.76,119.00,0.007249
303.0907,5.9700,61.49,119.00,0.008142
303.1666,5.9700,61.49,119.00,0.007804
303.2443,5.9700,61.49,119.00,0.007801
303.3173,5.9700,61.76,119.00,0.007628
303.3921,5.9700,62.03,119.00,0.007946
303.4676,5.9700,61.49,119.50,0.008011
303.5449,5.9700,62.03,119.00,0.007833
303.6222,5.9700,62.03,119.00,0.007657
303.6993,5.9700,61.49,119.00,0.007204
303.7725,5.9700,62.03,119.00,0.007273
303.8481,5.9700,62.03,119.00,0.007848
303.9214,5.9700,61.49,119.00,0.007293
303.9952,5.9700,62.03,119.00,0.007554
304.0689,5.9430,62.03,119.00,0.007840
304.1436,5.9160,61.49,119.00,0.007414
304.2175,5.9160,61.22,119.00,0.007516
304.2953,5.9160,61.22,119.00,0.008124
304.3680,5.9160,61.76,119.00,0.007505
304.4426,5.9160,62.30,119.00,0.007379
304.5223,5.9160,61.76,119.00,0.008119
304.6039,5.9160,61.76,119.00,0.008416
304.6805,5.9160,61.49,119.00,0.008235
304.7586,5.9160,61.76,119.00,0.007857
304.8386,5.9160,61.49,119.00,0.007585
304.9219,5.9160,62.03,119.00,0.008126
305.0007,5.9160,61.76,119.00,0.007807
305.0813,5.8780,61.76,119.00,0.007986
305.1614,5.8780,61.76,119.00,0.007536
305.2427,5.8780,62.03,119.00,0.007961
305.3209,5.8780,62.03,119.00,0.007793
305.4016,5.8780,61.76,119.00,0.008158
305.4825,5.8780,61.76,119.00,0.008185
305.5631,5.8780,61.22,119.00,0.008118
305.6396,5.8780,61.76,119.00,0.007826
305.7181,5.8780,62.30,119.00,0.007669
305.7989,5.8780,61.49,119.00,0.007717
305.8816,5.8780,61.76,119.00,0.008100
305.9595,5.8780,61.22,119.00,0.007832
306.0411,5.8685,61.49,119.00,0.007715
306.1191,5.8590,61.22,119.00,0.007867
306.1997,5.8590,61.76,119.00,0.008269
306.2809,5.8590,61.22,119.00,0.007898
306.3632,5.8590,61.76,119.00,0.007913
306.4420,5.8590,61.76,119.50,0.007899
306.5180,5.8590,62.03,120.00,0.007251
306.5909,5.8590,61.76,120.00,0.007471
306.6678,5.8590,61.76,120.00,0.007817
306.7464,5.8590,62.03,120.00,0.008127
306.8283,5.8590,61.49,120.00,0.007609
306.9077,5.8590,62.03,120.00,0.008109
306.9866,5.8590,62.03,120.00,0.007127
307.0583,5.8590,62.03,120.00,0.007292
307.1348,5.8590,61.76,120.00,0.007207
307.2138,5.8860,61.49,120.00,0.008346
307.2966,5.8860,61.76,120.00,0.007640
307.3694,5.8860,61.76,120.00,0.007467
307.4438,5.8860,61.49,120.00,0.007294
307.5233,5.8860,61.22,120.00,0.007957
307.6049,5.8860,62.03,120.00,0.007573
307.6784,5.8860,62.03,120.00,0.007555
307.7553,5.8860,62.03,120.00,0.007288
307.8310,5.8860,61.49,120.00,0.007213
307.9066,5.8860,61.76,120.00,0.008245
307.9858,5.8860,61.49,120.00,0.007773
308.0668,5.9280,62.03,120.00,0.008050
308.1470,5.9280,61.49,120.00,0.008013
308.2267,5.9280,61.22,120.00,0.007905
308.3067,5.9280,61.76,120.00,0.007803
308.3846,5.9280,62.30,120.00,0.007884
308.4622,5.9280,61.76,120.00,0.007739
308.5425,5.9280,61.76,120.00,0.007292
308.6162,5.9280,62.03,120.00,0.007190
308.6914,5.9280,61.76,120.00,0.007969
308.7665,5.9280,61.76,120.00,0.007457
308.8462,5.9280,61.49,120.00,0.007744
308.9192,5.9280,61.49,120.00,0.007499
308.9975,5.9280,61.76,120.00,0.007422
309.0719,5.9280,61.76,120.00,0.007215
309.1458,5.9280,61.76,120.00,0.007160
309.2186,5.9280,61.49,120.00,0.007852
309.2954,5.9280,61.22,120.00,0.007625
309.3707,5.9280,61.22,120.00,0.007507
309.4480,5.9280,61.49,120.00,0.007377
309.5214,5.9280,62.03,120.00,0.007544
309.5964,5.9280,62.03,120.00,0.008000
309.6715,5.9280,61.76,120.00,0.007975
309.7467,5.9280,61.49,120.00,0.007752
309.8219,5.9280,61.49,120.00,0.007794
309.8988,5.9280,61.49,120.00,0.007642
309.9761,5.9280,61.76,120.00,0.007421
310.0510,5.9280,62.03,120.00,0.007631
310.1266,5.9280,61.49,120.00,0.007652
310.2065,5.9280,61.49,120.00,0.007638
310.2823,5.9280,61.76,120.50,0.007182
310.3582,5.9280,61.22,121.00,0.007778
310.4333,5.9280,62.30,121.00,0.007678
310.5098,5.9280,61.22,121.00,0.007588
310.5831,5.9280,61.76,121.00,0.007994
310.6586,5.9540,61.49,121.00,0.007769
310.7357,5.9540,62.03,121.00,0.007364
310.8109,5.9540,62.03,121.00,0.007918
310.8862,5.9540,61.22,121.00,0.007901
310.9615,5.9540,61.76,121.00,0.007391
311.0372,5.9715,61.49,121.00,0.008022
311.1121,5.9890,61.22,121.00,0.007701
311.1886,5.9890,61.49,121.00,0.007631
311.2659,5.9890,61.49,121.00,0.007115
311.3426,5.9890,61.76,121.00,0.007872
311.4178,5.9890,61.76,121.00,0.007412
311.4910,5.9890,62.30,121.00,0.007359
311.5696,5.9890,61.76,121.00,0.007613
311.6429,5.9890,61.49,121.00,0.007838
311.7182,5.9890,61.76,121.00,0.007717
311.7943,5.9890,62.03,121.00,0.007675
311.8725,5.9890,62.30,121.00,0.007927
311.9465,5.9890,62.03,121.00,0.007669
312.0249,5.9660,61.76,121.00,0.008076
312.0988,5.9430,61.49,121.00,0.007846
312.1765,5.9430,62.03,121.00,0.007583
312.2506,5.9430,62.03,121.00,0.007845
312.3283,5.9430,62.03,121.00,0.007760
312.4019,5.9430,61.22,121.00,0.007499
312.4801,5.9430,61.22,121.00,0.007791
312.5557,5.9430,62.03,121.00,0.007842
312.6310,5.9430,61.22,121.00,0.007928
312.7067,5.9430,62.03,121.00,0.007385
312.7828,5.9430,62.03,121.00,0.007873
312.8586,5.9430,61.76,121.00,0.007917
312.9335,5.9430,62.03,121.00,0.007057
313.0055,5.9430,62.03,121.00,0.007185
313.0789,5.9430,61.22,121.00,0.007061
313.1533,5.9430,61.22,121.00,0.007172
313.2276,5.9260,61.49,121.00,0.007435
313.3033,5.9090,61.76,121.00,0.007548
313.3780,5.9090,61.22,121.00,0.007447
313.4530,5.9090,61.76,121.00,0.007588
313.5356,5.9090,61.49,121.00,0.007899
313.6139,5.9090,61.22,121.00,0.007902
313.6968,5.9090,61.22,121.00,0.007744
313.7759,5.9090,62.03,121.00,0.008057
313.8549,5.9090,62.30,121.00,0.008066
313.9357,5.9090,61.22,121.00,0.007531
314.0168,5.9090,62.03,121.00,0.007653
314.0957,5.7480,61.49,121.00,0.007972
314.1761,5.7480,61.49,121.00,0.007524
314.2490,5.7480,61.49,121.00,0.007123
314.3274,5.7480,61.49,121.00,0.007690
314.4036,5.7480,61.76,121.00,0.008002
314.4810,5.7480,61.49,121.00,0.007392
314.5564,5.7480,61.22,121.00,0.007643
314.6320,5.7480,62.03,121.00,0.007821
314.7056,5.7480,62.03,121.00,0.007576
314.7835,5.7480,62.03,121.00,0.007878
314.8565,5.7480,61.76,121.00,0.007527
314.9313,5.7480,61.76,121.00,0.007430
315.0066,5.7480,61.49,121.00,0.007565
315.0831,5.9960,62.03,121.00,0.007683
315.1586,5.9960,61.22,121.00,0.007207
315.2330,5.9960,61.76,121.00,0.007081
315.3056,5.9960,62.30,120.00,0.007581
315.3822,5.9960,62.30,120.00,0.007248
315.4572,5.9960,61.76,120.00,0.007768
315.5342,5.9960,61.22,120.00,0.007560
315.6127,5.9960,62.03,120.00,0.007950
315.6898,5.9960,61.49,120.00,0.007588
315.7631,5.9960,61.22,120.00,0.007885
315.8423,5.9960,61.49,121.00,0.007628
315.9154,5.9960,62.30,121.00,0.007621
315.9925,5.9960,62.30,120.50,0.007664
316.0685,5.8590,61.49,120.00,0.007800
316.1436,5.8590,61.76,120.00,0.007620
316.2178,5.8590,61.49,120.50,0.007736
316.2935,5.8590,61.76,121.00,0.007845
316.3662,5.8590,61.49,121.00,0.007436
316.4433,5.8590,61.76,121.00,0.007619
316.5192,5.8590,61.49,121.00,0.007547
316.5963,5.8590,62.30,120.50,0.007582
316.6720,5.8590,61.49,120.00,0.007476
316.7471,5.8590,62.03,120.00,0.007832
316.8231,5.8590,61.76,120.00,0.007767
316.8982,5.8590,62.03,120.00,0.007398
316.9731,5.8590,61.49,120.00,0.007153
317.0484,5.9105,61.49,120.00,0.007731
317.1263,5.9620,62.30,120.00,0.007348
317.2023,5.9620,62.30,120.00,0.007100
317.2742,5.9620,61.49,120.00,0.007328
317.3477,5.9620,62.03,120.00,0.007066
317.4228,5.9620,62.03,120.00,0.007818
317.4978,5.9620,62.03,120.00,0.007243
317.5711,5.9620,61.76,120.00,0.007867
317.6487,5.9620,61.49,120.00,0.007992
317.7219,5.9620,61.76,120.00,0.007439
317.7993,5.9620,61.49,120.00,0.007676
317.8745,5.9620,61.49,120.00,0.007947
317.9496,5.9620,62.03,120.00,0.008003
318.0227,5.9580,61.49,120.00,0.007733
318.0998,5.9540,62.30,120.00,0.007381
318.1738,5.9540,61.76,120.00,0.007850
318.2512,5.9540,61.76,120.00,0.007220
318.3269,5.9540,61.76,120.00,0.007655
318.4037,5.9540,61.49,120.00,0.007574
318.4788,5.9540,62.30,120.00,0.007412
318.5561,5.9540,62.30,120.00,0.007227
318.6294,5.9540,61.49,120.00,0.007698
318.7042,5.9540,61.49,120.00,0.007835
318.7779,5.9540,62.03,120.00,0.007789
318.8576,5.9540,62.03,120.00,0.007859
318.9307,5.9540,62.03,120.00,0.007305
319.0079,5.9540,61.76,120.00,0.007490
319.0823,5.9120,62.03,120.00,0.007582
319.1612,5.9120,62.03,120.00,0.007614
319.2341,5.9120,61.76,120.00,0.007582
319.3110,5.9120,61.22,120.00,0.007275
319.3894,5.9120,61.76,120.00,0.008056
319.4645,5.9120,61.76,120.00,0.007760
319.5393,5.9120,61.76,120.00,0.007464
319.6143,5.9120,61.22,120.00,0.007577
319.6871,5.9120,62.03,120.00,0.007357
319.7666,5.9120,61.22,120.00,0.007585
319.8397,5.9120,61.76,120.00,0.007718
319.9152,5.9120,62.03,120.00,0.007391
319.9915,5.9120,61.76,120.00,0.007470
320.0712,5.9470,61.76,120.00,0.007346
320.1468,5.9470,62.03,120.00,0.007682
320.2238,5.9470,61.49,120.00,0.007883
320.2996,5.9470,61.76,120.00,0.007283
320.3735,5.9470,62.03,120.00,0.007239
320.4459,5.9470,61.76,120.00,0.007375
320.5230,5.9470,62.03,120.00,0.007830
320.5986,5.9470,61.76,120.00,0.007494
320.6787,5.9470,62.03,120.00,0.007749
320.7543,5.9470,62.30,120.00,0.007652
320.8348,5.9470,61.76,120.00,0.007767
320.9110,5.9470,61.49,120.00,0.007837
320.9888,5.9470,62.30,120.00,0.007534
321.0623,5.9165,62.30,120.00,0.007147
321.1392,5.8860,61.49,120.00,0.007249
321.2153,5.8860,61.22,120.00,0.007596
321.2904,5.8860,62.03,120.00,0.007554
321.3652,5.8860,62.03,120.00,0.007247
321.4391,5.8860,61.49,120.00,0.007145
321.5112,5.8860,62.03,120.00,0.006997
321.5901,5.8860,62.03,120.00,0.007729
321.6633,5.8860,61.22,120.00,0.007646
321.7380,5.8860,61.22,120.00,0.007092
321.8114,5.8860,61.49,120.00,0.007822
321.8861,5.8860,61.49,120.00,0.007443
321.9617,5.8860,61.49,120.00,0.007640
322.0394,5.9315,61.49,120.00,0.007477
322.1153,5.9770,62.03,120.00,0.008066
322.1901,5.9770,62.03,120.00,0.007448
322.2639,5.9770,62.30,120.00,0.007318
322.3396,5.9770,62.03,120.00,0.007742
322.4130,5.9770,61.49,120.00,0.007554
322.4904,5.9770,61.76,120.00,0.007448
322.5663,5.9770,61.22,120.00,0.007542
322.6437,5.9770,62.03,120.00,0.007792
322.7194,5.9770,61.49,120.00,0.007924
322.7945,5.9770,61.22,120.00,0.007626
322.8696,5.9770,62.03,119.00,0.007585
322.9446,5.9770,61.76,119.50,0.007702
323.0168,5.9770,61.22,119.00,0.007490
323.0910,5.9770,61.76,119.00,0.007331
323.1663,5.9770,61.49,119.00,0.007521
323.2434,5.9770,61.49,119.50,0.007605
323.3175,5.9810,61.76,120.00,0.007848
323.3952,5.9810,62.03,119.50,0.007550
323.4686,5.9810,61.76,119.00,0.007715
323.5444,5.9810,61.76,119.00,0.008109
323.6184,5.9810,61.22,119.00,0.007627
323.6975,5.9810,61.49,119.00,0.007583
323.7706,5.9810,61.49,120.00,0.007514
323.8463,5.9810,61.49,120.00,0.007556
323.9238,5.9810,61.76,119.50,0.007488
323.9985,5.9810,62.03,119.50,0.007590
324.0742,5.8820,61.76,119.50,0.007619
324.1511,5.8820,61.76,119.50,0.007331
324.2242,5.8820,61.76,119.50,0.007395
324.2976,5.8820,61.22,119.00,0.007053
324.3693,5.8820,61.49,119.00,0.006991
324.4463,5.8820,61.22,119.00,0.007617
324.5221,5.8820,61.49,119.00,0.007493
324.5988,5.8820,61.49,119.00,0.007255
324.6757,5.8820,61.76,119.00,0.007299
324.7525,5.8820,62.03,119.00,0.007541
324.8262,5.8820,62.30,119.00,0.007354
324.9053,5.8820,62.30,119.00,0.007381
324.9789,5.8820,61.49,119.00,0.007776
325.0574,5.8955,62.03,119.50,0.008466
325.1357,5.9090,61.76,120.00,0.008067
325.2165,5.9090,61.49,120.00,0.007679
325.2978,5.9090,61.76,120.00,0.007848
325.3794,5.9090,62.03,120.00,0.007625
325.4569,5.9090,61.49,120.00,0.007864
325.5402,5.9090,61.76,120.00,0.007599
325.6193,5.9090,61.76,120.00,0.007836
325.7030,5.9090,62.03,120.00,0.007404
325.7801,5.9090,61.49,120.00,0.007319
325.8610,5.9090,61.49,120.00,0.008027
325.9425,5.9090,61.76,120.00,0.008126
326.0256,5.8650,61.76,120.00,0.008234
326.1030,5.8210,61.76,120.00,0.007656
326.1862,5.8210,61.22,120.00,0.007988
326.2667,5.8210,61.76,120.00,0.007725
326.3498,5.8210,61.76,120.00,0.007624
326.4272,5.8210,61.22,120.00,0.007571
326.5060,5.8210,61.49,120.00,0.007880
326.5877,5.8210,61.76,120.00,0.008241
326.6692,5.8210,61.76,120.00,0.007930
326.7468,5.8210,61.49,120.00,0.007520
326.8278,5.8210,62.03,120.00,0.007389
326.9018,5.8210,61.22,120.00,0.007590
326.9804,5.8210,61.22,120.00,0.007776
327.0569,5.8340,61.22,120.00,0.007485
327.1337,5.8470,62.03,120.00,0.007557
327.2098,5.8470,61.49,120.00,0.007748
327.2876,5.8470,61.76,120.00,0.007273
327.3633,5.8470,61.49,120.00,0.007481
327.4417,5.8470,61.76,120.00,0.007635
327.5171,5.8470,61.49,120.00,0.007211
327.5948,5.8470,61.49,120.00,0.007983
327.6706,5.8470,61.49,120.00,0.007541
327.7466,5.8470,61.76,120.00,0.007694
327.8250,5.8470,61.76,120.00,0.007507
327.9030,5.8470,61.22,120.00,0.007549
327.9773,5.8470,61.76,120.00,0.007478
328.0554,5.8665,61.49,120.00,0.007686
328.1294,5.8860,61.22,120.00,0.007405
328.2074,5.8860,62.03,120.00,0.007335
328.2821,5.8860,61.22,120.00,0.007724
328.3599,5.8860,61.76,120.00,0.007574
328.4365,5.8860,61.49,120.00,0.007529
328.5146,5.8860,61.49,120.00,0.007253
328.5926,5.8860,61.49,120.00,0.007488
328.6708,5.8860,61.76,120.00,0.007281
328.7469,5.8860,61.49,120.00,0.007479
328.8226,5.8860,61.49,120.00,0.007521
328.8989,5.8860,61.49,120.00,0.007666
328.9752,5.8860,61.76,120.00,0.007789
329.0500,5.8745,61.49,120.00,0.007977
329.1285,5.8630,61.49,120.00,0.007709
329.2073,5.8630,61.49,120.00,0.007596
329.2870,5.8630,61.49,120.00,0.007348
329.3629,5.8630,61.76,120.00,0.007558
329.4404,5.8630,61.76,120.00,0.007385
329.5136,5.8630,61.49,120.00,0.006976
329.5914,5.8630,61.49,120.00,0.007296
329.6672,5.8630,61.49,120.00,0.007420
329.7429,5.8630,61.49,120.00,0.007404
329.8175,5.8630,61.22,120.00,0.007408
329.8976,5.8630,61.76,120.00,0.007469
329.9736,5.8630,61.49,120.00,0.007874
330.0520,5.8935,61.76,120.00,0.007743
330.1264,5.9240,62.03,120.00,0.007740
330.2064,5.9240,61.22,120.00,0.007318
330.2825,5.9240,61.76,120.00,0.007600
330.3624,5.9240,61.49,120.00,0.007863
330.4384,5.9240,62.03,120.00,0.007275
330.5157,5.9240,61.76,120.00,0.007222
330.5904,5.9240,61.76,120.00,0.007777
330.6653,5.9240,62.03,120.00,0.007138
330.7376,5.9240,61.76,120.00,0.007037
330.8143,5.9240,61.76,120.00,0.007136
330.8915,5.9240,62.03,120.00,0.007212
330.9669,5.9240,61.49,120.00,0.007528
331.0410,5.9430,61.49,120.00,0.007510
331.1175,5.9620,61.49,120.00,0.007518
331.1915,5.9620,61.49,120.00,0.007739
331.2675,5.9620,62.30,120.00,0.007718
331.3438,5.9620,62.03,120.00,0.007647
331.4199,5.9620,61.76,120.00,0.007267
331.4962,5.9620,62.03,120.00,0.007564
331.5724,5.9620,62.03,120.00,0.007753
331.6462,5.9620,62.03,120.00,0.007576
331.7269,5.9620,61.49,120.00,0.007457
331.8041,5.9620,61.49,120.00,0.007911
331.8844,5.9620,61.76,120.00,0.007694
331.9587,5.9620,62.03,120.00,0.007588
332.0346,5.9105,62.03,120.00,0.007728
332.1126,5.8590,62.03,120.00,0.008068
332.1884,5.8590,61.22,120.00,0.007703
332.2629,5.8590,61.76,120.00,0.007665
332.3391,5.8590,62.30,120.00,0.007757
332.4151,5.8590,61.76,120.00,0.007831
332.4905,5.8590,62.03,120.00,0.007548
332.5658,5.8590,61.76,120.00,0.007382
332.6438,5.8590,61.76,120.00,0.007461
332.7199,5.8590,61.49,120.00,0.007750
332.7959,5.8590,61.49,120.00,0.007524
332.8722,5.8590,62.03,120.00,0.007332
332.9482,5.8590,62.30,120.00,0.007608
333.0248,5.8645,62.30,120.00,0.008089
333.1066,5.8700,62.30,120.00,0.007675
333.1826,5.8700,61.49,120.00,0.007763
333.2598,5.8700,62.03,120.00,0.007137
333.3346,5.8700,61.76,120.00,0.007592
333.4136,5.8700,61.49,120.00,0.007548
333.4889,5.8700,61.76,120.00,0.007898
333.5673,5.8700,61.76,120.00,0.007649
333.6433,5.8700,61.76,120.00,0.007654
333.7199,5.8700,62.03,120.00,0.007577
333.7935,5.8700,61.49,120.00,0.007172
333.8741,5.8700,62.03,120.00,0.007309
333.9484,5.8700,61.76,120.00,0.007640
334.0273,5.8700,61.76,120.00,0.007765
334.1040,5.9120,61.49,120.00,0.007323
334.1828,5.9120,61.76,120.00,0.007792
334.2603,5.9120,61.76,120.00,0.007751
334.3361,5.9120,62.03,120.00,0.007638
334.4096,5.9120,61.49,120.00,0.007461
334.4858,5.9120,62.30,120.00,0.007325
334.5597,5.9120,61.76,120.00,0.007200
334.6388,5.9120,62.03,120.00,0.007877
334.7150,5.9120,61.49,120.00,0.007178
334.7939,5.9120,62.03,120.00,0.008174
334.8680,5.9120,61.76,120.00,0.007807
334.9467,5.9120,61.49,120.00,0.007683
335.0228,5.9120,61.22,120.00,0.007588
335.1033,5.9010,62.03,120.00,0.007580
335.1775,5.9010,61.76,120.00,0.007632
335.2531,5.9010,62.03,120.00,0.007324
335.3297,5.9010,62.03,120.00,0.007748
335.4076,5.9010,62.03,120.00,0.007665
335.4817,5.9010,62.03,119.50,0.007736
335.5597,5.9010,62.03,119.50,0.007616
335.6387,5.9010,62.03,119.50,0.007361
335.7146,5.9010,61.76,119.50,0.007737
335.7918,5.9010,62.03,119.00,0.007474
335.8722,5.9010,62.30,119.00,0.007352
335.9508,5.9010,61.76,119.50,0.007811
336.0269,5.9010,61.49,119.50,0.007328
336.1035,5.9510,61.76,120.00,0.007577
336.1820,5.9510,61.49,119.50,0.008021
336.2587,5.9510,62.03,119.00,0.007639
336.3345,5.9510,61.49,119.50,0.007478
336.4095,5.9510,61.49,120.00,0.008134
336.4879,5.9510,61.49,120.00,0.007840
336.5615,5.9510,62.03,120.00,0.007414
336.6385,5.9510,61.49,120.00,0.007852
336.7160,5.9510,61.49,119.50,0.007382
336.7919,5.9510,61.76,119.00,0.007299
336.8666,5.9510,61.76,119.00,0.007232
336.9454,5.9510,61.76,119.00,0.007528
337.0205,5.9510,61.76,119.00,0.007955
337.0988,5.9120,61.22,119.00,0.007648
337.1756,5.9120,62.03,119.00,0.007254
337.2554,5.9120,62.03,119.00,0.007497
337.3302,5.9120,61.76,119.00,0.007661
337.4062,5.9120,62.03,119.00,0.007790
337.4827,5.9120,62.30,119.00,0.007338
337.5605,5.9120,61.76,119.00,0.007564
337.6381,5.9120,61.76,119.00,0.008017
337.7148,5.9120,61.22,119.00,0.007163
337.7895,5.9120,61.49,119.00,0.007246
337.8637,5.9120,61.49,119.00,0.007066
337.9399,5.9120,61.76,119.00,0.007925
338.0154,5.9120,61.49,119.00,0.007488
338.0906,5.8740,61.49,119.00,0.007607
338.1667,5.8740,62.03,119.00,0.007611
338.2429,5.8740,61.49,119.00,0.007462
338.3175,5.8740,62.03,119.00,0.007039
338.3909,5.8740,62.03,119.00,0.007333
338.4672,5.8740,61.76,119.00,0.007309
338.5397,5.8740,62.30,119.00,0.007063
338.6143,5.8740,62.03,119.00,0.007499
338.6907,5.8740,61.22,119.00,0.007629
338.7704,5.8740,62.03,119.00,0.007522
338.8467,5.8740,61.49,119.00,0.007596
338.9249,5.8740,62.03,119.00,0.007551
338.9988,5.8740,62.03,119.00,0.007557
339.0773,5.8820,62.03,119.00,0.007576
339.1538,5.8820,61.49,119.00,0.007890
339.2295,5.8820,61.49,119.00,0.007584
339.3047,5.8820,61.76,119.00,0.007644
339.3848,5.8820,61.76,119.00,0.007657
339.4589,5.8820,62.03,119.00,0.007785
339.5349,5.8820,61.76,119.00,0.007817
339.6114,5.8820,62.30,119.00,0.007541
339.6879,5.8820,61.76,119.00,0.007969
339.7622,5.8820,62.03,119.00,0.007556
339.8376,5.8820,61.76,119.00,0.007422
339.9140,5.8820,61.76,119.00,0.007587
339.9925,5.8820,61.49,119.00,0.008038
340.0670,5.8820,61.22,119.00,0.007508
340.1425,5.8820,61.76,119.00,0.007081
340.2235,5.8820,62.03,119.00,0.007737
340.2998,5.8820,61.76,119.00,0.007665
340.3745,5.8820,62.03,119.00,0.007454
340.4507,5.8820,61.49,119.00,0.007331
340.5269,5.8820,61.76,119.00,0.007508
340.6061,5.8820,61.49,119.00,0.008031
340.6805,5.8820,61.49,119.00,0.007883
340.7607,5.8820,62.30,119.00,0.007624
340.8372,5.8820,62.03,119.00,0.007606
340.9155,5.8820,61.49,119.00,0.007765
340.9901,5.8820,61.22,119.00,0.007471
341.0682,5.8820,61.76,119.00,0.007411
341.1452,5.8820,61.76,119.00,0.008003
341.2229,5.8820,61.22,119.00,0.007325
341.3006,5.8820,61.49,119.00,0.008148
341.3782,5.8820,62.03,119.00,0.007675
341.4556,5.9065,61.76,119.00,0.008142
341.5325,5.9310,61.76,119.00,0.007636
341.6126,5.9310,61.76,119.00,0.007701
341.6913,5.9310,61.76,119.00,0.007673
341.7682,5.9310,61.76,119.00,0.007852
341.8469,5.9310,61.49,119.00,0.007811
341.9234,5.9310,61.76,119.00,0.007723
341.9994,5.9310,61.22,119.00,0.007802
342.0746,5.8780,62.03,119.00,0.007809
342.1538,5.8780,61.76,119.00,0.007867
342.2328,5.8780,61.76,119.00,0.007449
342.3089,5.8780,62.03,119.00,0.007408
342.3835,5.8780,61.49,119.00,0.007540
342.4600,5.8780,61.49,119.00,0.007412
342.5342,5.8780,62.03,119.00,0.007603
342.6100,5.8780,62.03,119.00,0.007339
342.6832,5.8780,61.76,119.00,0.006951
342.7604,5.8780,61.76,119.00,0.007175
342.8334,5.8780,62.03,119.00,0.007102
342.9107,5.8780,61.49,119.00,0.007584
342.9871,5.8780,61.49,119.00,0.007537
343.0646,5.8860,61.76,119.00,0.007894
343.1388,5.8860,61.49,119.00,0.007551
343.2146,5.8860,61.49,118.00,0.007443
343.2911,5.8860,61.49,118.00,0.007684
343.3670,5.8860,61.76,118.00,0.007988
343.4414,5.8860,62.03,118.00,0.007517
343.5192,5.8860,61.49,118.00,0.007342
343.5955,5.8860,61.76,118.00,0.007606
343.6710,5.8860,62.03,118.00,0.007636
343.7457,5.8860,62.03,118.50,0.007455
343.8264,5.8860,61.49,119.00,0.007620
343.9028,5.8860,61.76,119.00,0.007896
343.9785,5.8860,62.03,119.00,0.007710
344.0553,5.8990,62.03,118.50,0.007097
344.1336,5.9120,61.49,118.00,0.007576
344.2075,5.9120,61.22,118.00,0.007284
344.2857,5.9120,61.22,118.00,0.007784
344.3619,5.9120,61.76,119.00,0.007322
344.4395,5.9120,62.30,118.50,0.007425
344.5162,5.9120,61.76,118.50,0.007716
344.5923,5.9120,61.22,118.50,0.007445
344.6694,5.9120,61.76,118.50,0.007496
344.7470,5.9120,61.76,118.50,0.007382
344.8239,5.9120,61.76,118.00,0.007791
344.8997,5.9120,62.03,118.00,0.007285
344.9746,5.9120,61.76,118.00,0.007408
345.0531,5.8950,62.03,118.00,0.007799
345.1280,5.8780,61.76,118.00,0.007862
345.2040,5.8780,61.76,118.00,0.007258
345.2778,5.8780,61.49,118.00,0.007708
345.3551,5.8780,61.76,118.00,0.007676
345.4296,5.8780,61.76,118.00,0.007756
345.5072,5.8780,62.03,118.50,0.007172
345.5841,5.8780,61.76,118.00,0.007454
345.6599,5.8780,61.49,118.00,0.007330
345.7347,5.8780,62.03,118.00,0.007635
345.8130,5.8780,61.76,118.00,0.007777
345.8868,5.8780,61.49,118.00,0.007913
345.9857,5.8780,61.76,119.00,0.010484
346.0623,5.8780,62.30,119.00,0.007638
346.1394,5.8780,62.03,119.00,0.007509
346.2193,5.8780,61.22,119.00,0.008111
346.3050,5.8780,61.76,119.00,0.008086
346.3867,5.8780,61.76,119.00,0.007618
346.4688,5.8780,61.49,119.00,0.007808
346.5478,5.8780,62.03,119.00,0.008337
346.6317,5.8780,62.30,119.00,0.007755
346.7091,5.8780,62.03,119.00,0.007040
346.7857,5.8780,61.49,119.00,0.007193
346.8627,5.8780,61.76,119.00,0.007528
346.9454,5.8780,61.76,119.00,0.007840
347.0243,5.8780,61.22,119.00,0.007861
347.1034,5.8780,62.03,119.00,0.007514
347.1844,5.8780,61.49,119.00,0.007967
347.2683,5.8780,62.03,119.00,0.007895
347.3462,5.8780,62.30,119.00,0.007267
347.4222,5.8780,61.22,119.00,0.007243
347.4974,5.8780,61.76,119.00,0.007393
347.5822,5.8700,61.49,119.00,0.008097
347.6637,5.8700,61.22,119.00,0.007745
347.7474,5.8700,61.49,119.00,0.007914
347.8273,5.8700,61.49,119.00,0.007724
347.9081,5.8700,61.49,119.00,0.008157
347.9892,5.8700,61.22,119.00,0.007844
348.0727,5.8700,62.03,119.00,0.007686
348.1548,5.8700,62.03,119.00,0.007629
348.2365,5.8700,62.03,119.00,0.007943
348.3184,5.8700,62.03,119.00,0.007731
348.3998,5.8700,61.76,119.00,0.007758
348.4792,5.8700,61.22,119.00,0.007397
348.5567,5.8700,61.76,119.00,0.008077
348.6363,5.8700,61.49,119.00,0.008079
348.7186,5.8700,61.76,119.00,0.008216
348.7985,5.8700,61.49,119.00,0.007900
348.8826,5.8700,62.03,119.00,0.008107
348.9634,5.8700,61.76,119.00,0.007627
349.0439,5.8685,61.76,119.00,0.008531
349.1265,5.8670,61.76,119.00,0.008027
349.2085,5.8670,61.76,119.00,0.007957
349.2818,5.8670,61.22,119.00,0.007303
349.3589,5.8670,61.22,119.00,0.007056
349.4317,5.8670,62.03,119.00,0.007043
349.5086,5.8670,61.22,119.00,0.007820
349.5890,5.8670,61.49,119.00,0.007627
349.6653,5.8670,61.49,119.00,0.007359
349.7404,5.8670,62.03,119.00,0.007871
349.8187,5.8670,61.49,119.00,0.007592
349.8945,5.8670,61.49,119.00,0.007261
349.9707,5.8670,61.76,119.00,0.007328
350.0458,5.9125,62.03,119.00,0.007689
350.1270,5.9580,61.49,119.00,0.007631
350.2014,5.9580,62.03,119.50,0.007650
350.2761,5.9580,62.03,120.00,0.007092
350.3479,5.9580,61.76,120.00,0.006997
350.4216,5.9580,62.03,120.00,0.007349
350.4938,5.9580,61.22,120.00,0.007200
350.5703,5.9580,61.49,120.00,0.007497
350.6481,5.9580,61.49,120.00,0.007097
350.7235,5.9580,61.76,120.00,0.007756
350.7975,5.9580,61.76,120.00,0.007728
350.8713,5.9580,61.76,120.00,0.007104
350.9433,5.9580,62.03,120.00,0.007042
351.0178,5.9580,62.30,120.00,0.007144
351.0948,5.8890,61.49,120.00,0.007652
351.1742,5.8890,61.49,120.00,0.007522
351.2476,5.8890,61.76,120.00,0.007473
351.3234,5.8890,61.76,120.00,0.007716
351.3995,5.8890,61.76,120.00,0.007769
351.4753,5.8890,61.76,120.00,0.007587
351.5494,5.8890,61.49,120.00,0.007417
351.6243,5.8890,62.03,120.00,0.007725
351.6976,5.8890,61.76,120.00,0.007715
351.7753,5.8890,62.03,120.00,0.007516
351.8515,5.8890,61.22,120.00,0.007719
351.9270,5.8890,61.76,120.00,0.007662
352.0031,5.8890,62.03,120.00,0.007742
352.0787,5.8890,61.49,120.00,0.007144
352.1514,5.8890,61.76,120.00,0.007155
352.2295,5.8950,61.49,120.00,0.007696
352.3066,5.9010,61.22,120.00,0.007735
352.3876,5.9010,61.76,120.00,0.008293
352.4624,5.9010,62.03,120.00,0.007694
352.5394,5.9010,61.49,120.00,0.008054
352.6135,5.9010,61.49,120.00,0.007614
352.6909,5.9010,61.76,120.00,0.008007
352.7671,5.9010,61.76,120.00,0.007695
352.8443,5.9010,61.49,120.00,0.007584
352.9191,5.9010,62.03,120.00,0.007926
352.9963,5.9010,61.76,120.00,0.007928
353.0715,5.9660,61.49,120.00,0.007774
353.1476,5.9660,61.76,120.00,0.007246
353.2222,5.9660,62.03,120.00,0.007654
353.2983,5.9660,61.76,120.00,0.007341
353.3716,5.9660,61.49,120.00,0.007255
353.4465,5.9660,62.03,120.00,0.007365
353.5229,5.9660,62.03,120.00,0.007658
353.5990,5.9660,61.49,120.00,0.007644
353.6746,5.9660,61.49,120.00,0.007352
353.7496,5.9660,62.03,120.00,0.007335
353.8251,5.9660,62.03,120.00,0.007150
353.9028,5.9660,62.30,120.00,0.007385
353.9792,5.9660,61.49,120.00,0.007362
354.0557,5.9485,61.76,120.00,0.007717
354.1326,5.9310,61.49,120.00,0.007360
354.2133,5.9310,61.76,120.00,0.007795
354.2894,5.9310,61.22,120.00,0.007212
354.3670,5.9310,62.03,120.00,0.007380
354.4428,5.9310,61.49,119.50,0.007207
354.5183,5.9310,61.49,119.00,0.007296
354.5950,5.9310,61.49,119.00,0.007600
354.6718,5.9310,61.76,119.00,0.007607
354.7468,5.9310,61.76,120.00,0.007423
354.8226,5.9310,61.49,120.00,0.007689
354.8987,5.9310,62.03,120.00,0.007758
354.9752,5.9310,61.76,120.00,0.007703
355.0520,5.9295,62.03,120.00,0.007491
355.1277,5.9280,62.03,120.00,0.007675
355.2016,5.9280,61.76,120.00,0.007500
355.2782,5.9280,62.03,120.00,0.007593
355.3547,5.9280,61.49,119.00,0.007557
355.4308,5.9280,62.03,119.00,0.007962
355.5070,5.9280,61.76,119.00,0.007592
355.5837,5.9280,61.76,119.00,0.008001
355.6604,5.9280,62.03,119.00,0.007960
355.7359,5.9280,61.49,119.50,0.007537
355.8096,5.9280,61.49,119.00,0.007182
355.8874,5.9280,61.76,119.00,0.007615
355.9642,5.9280,61.49,119.00,0.007703
356.0416,5.9200,61.76,119.00,0.007459
356.1209,5.9120,61.49,119.00,0.007868
356.1959,5.9120,62.30,119.00,0.007461
356.2699,5.9120,61.76,119.00,0.007800
356.3475,5.9120,61.49,119.00,0.007643
356.4205,5.9120,61.76,119.00,0.007292
356.4943,5.9120,61.49,119.00,0.007183
356.5667,5.9120,61.76,119.00,0.007056
356.6416,5.9120,61.76,119.00,0.007507
356.7174,5.9120,62.03,119.00,0.007596
356.7954,5.9120,62.30,119.00,0.007586
356.8699,5.9120,61.76,119.00,0.008058
356.9469,5.9120,61.49,119.00,0.007403
357.0232,5.9120,61.76,119.00,0.007561
357.0990,5.9120,61.76,119.00,0.007681
357.1751,5.9120,61.22,119.00,0.007954
357.2506,5.9120,62.03,119.00,0.007651
357.3269,5.9120,61.76,119.00,0.007816
357.4030,5.9120,61.76,119.00,0.007933
357.4787,5.9120,61.76,119.00,0.007133
357.5540,5.9120,61.49,119.00,0.007257
357.6310,5.9120,61.76,119.00,0.007825
357.7070,5.9120,61.49,119.00,0.007925
357.7798,5.9120,62.30,119.00,0.007364
357.8543,5.9120,61.76,119.00,0.007431
357.9274,5.9120,62.30,119.00,0.006987
358.0023,5.9120,62.03,119.00,0.007452
358.0793,5.9120,61.49,119.00,0.007281
358.1570,5.9120,61.76,119.00,0.007446
358.2348,5.9470,61.49,119.00,0.007973
358.3102,5.9470,62.03,119.00,0.007245
358.3841,5.9470,62.03,119.00,0.007549
358.4600,5.9470,62.03,119.00,0.007541
358.5341,5.9470,61.49,119.00,0.007640
358.6099,5.9470,61.76,119.00,0.007586
358.6857,5.9470,61.76,119.00,0.008015
358.7652,5.9470,61.76,119.00,0.007587
358.8437,5.9470,62.03,119.00,0.007845
358.9191,5.9470,61.49,119.00,0.007676
358.9936,5.9470,62.03,119.00,0.007666
359.0722,5.9350,61.76,119.00,0.007555
359.1463,5.9350,62.03,119.00,0.007652
359.2222,5.9350,61.76,119.00,0.007711
359.2992,5.9350,61.49,119.00,0.007721
359.3772,5.9350,61.49,119.00,0.007685
359.4557,5.9350,61.76,119.00,0.007709
359.5350,5.9350,61.49,119.00,0.007342
359.6115,5.9350,61.49,119.00,0.007844
359.6873,5.9350,61.49,119.00,0.007717
359.7639,5.9350,62.03,119.00,0.007443
359.8398,5.9350,62.03,119.00,0.007502
359.9137,5.9350,61.76,119.00,0.007394
359.9900,5.9350,62.03,119.00,0.007581
360.0672,5.9120,61.76,119.00,0.007775
360.1431,5.9120,61.76,119.00,0.008047
360.2191,5.9120,62.03,119.00,0.007586
360.2949,5.9120,61.76,119.00,0.007587
360.3714,5.9120,61.76,119.00,0.007907
360.4476,5.9120,61.76,119.00,0.007876
360.5224,5.9120,62.30,119.00,0.007520
360.5982,5.9120,61.76,119.00,0.007703
360.6724,5.9120,62.30,119.00,0.007620
360.7476,5.9120,62.03,119.00,0.007149
360.8216,5.9120,61.76,119.00,0.007494
360.8996,5.9120,61.49,119.00,0.007874
360.9759,5.9120,61.76,119.00,0.007745
361.0517,5.9520,62.03,119.00,0.007323
361.1263,5.9920,61.49,119.00,0.007675
361.2027,5.9920,61.49,119.00,0.007802
361.2792,5.9920,61.76,119.00,0.007624
361.3586,5.9920,61.76,119.00,0.007305
361.4312,5.9920,61.76,119.00,0.007355
361.5059,5.9920,61.76,119.00,0.007384
361.5787,5.9920,61.49,119.00,0.007314
361.6532,5.9920,62.03,119.00,0.007146
361.7258,5.9920,62.03,119.00,0.007170
361.8025,5.9920,61.49,119.00,0.007132
361.8787,5.9920,61.76,118.50,0.007599
361.9563,5.9920,62.03,118.00,0.007503
362.0301,5.9275,61.22,118.00,0.007424
362.1061,5.8630,61.49,118.50,0.007493
362.1853,5.8630,61.49,119.00,0.007691
362.2612,5.8630,62.03,119.00,0.007233
362.3358,5.8630,62.30,119.00,0.007845
362.4140,5.8630,62.03,119.00,0.007822
362.4907,5.8630,62.03,119.00,0.007748
362.5685,5.8630,61.49,119.00,0.007424
362.6449,5.8630,61.76,119.00,0.007662
362.7204,5.8630,62.03,119.00,0.007655
362.7971,5.8630,61.76,119.00,0.007679
362.8745,5.8630,61.49,119.00,0.007312
362.9516,5.8630,61.22,119.00,0.007884
363.0272,5.8915,62.03,119.00,0.008182
363.1037,5.9200,62.03,118.50,0.007339
363.1832,5.9200,62.03,118.00,0.007476
363.2599,5.9200,61.49,118.00,0.008087
363.3356,5.9200,61.76,118.50,0.007723
363.4099,5.9200,62.03,118.50,0.007581
363.4870,5.9200,61.49,118.00,0.007537
363.5636,5.9200,61.76,118.00,0.008096
363.6389,5.9200,61.76,118.50,0.007567
363.7156,5.9200,61.76,118.00,0.007637
363.7954,5.9200,61.76,118.00,0.007493
363.8699,5.9200,61.49,118.00,0.007829
363.9458,5.9200,62.03,118.00,0.007730
364.0205,5.9125,61.76,118.50,0.007705
364.0966,5.9050,62.03,119.00,0.007664
364.1747,5.9050,61.76,119.00,0.007607
364.2502,5.9050,62.03,119.00,0.007314
364.3277,5.9050,61.22,119.00,0.008015
364.4038,5.9050,61.49,118.50,0.007668
364.4800,5.9050,62.30,118.00,0.007465
364.5580,5.9050,61.76,118.00,0.007633
364.6339,5.9050,62.03,118.00,0.007697
364.7099,5.9050,62.03,118.50,0.007524
364.7845,5.9050,61.76,118.00,0.007926
364.8620,5.9050,62.03,118.00,0.007525
364.9388,5.9050,61.76,118.00,0.008061
365.0197,5.9050,61.49,118.00,0.007994
365.0941,5.9390,61.76,118.00,0.007551
365.1696,5.9390,62.30,118.00,0.007311
365.2476,5.9390,62.03,118.00,0.007960
365.3257,5.9390,61.22,118.00,0.007828
365.4014,5.9390,61.76,118.00,0.007388
365.4796,5.9390,62.03,118.00,0.007648
365.5539,5.9390,61.76,118.00,0.007733
365.6297,5.9390,61.76,118.00,0.007750
365.7060,5.9390,62.03,118.00,0.007544
365.7818,5.9390,61.49,118.00,0.007518
365.8578,5.9390,61.76,118.00,0.007530
365.9353,5.9390,61.76,118.00,0.007503
366.0113,5.9390,61.49,118.00,0.007615
366.0896,5.9200,61.49,118.00,0.007292
366.1658,5.9200,62.03,118.00,0.007490
366.2472,5.9200,62.03,118.00,0.007952
366.3210,5.9200,62.30,118.00,0.007167
366.3957,5.9200,62.30,118.00,0.007349
366.4714,5.9200,61.49,118.00,0.007230
366.5468,5.9200,61.22,118.00,0.007687
366.6230,5.9200,62.03,118.00,0.007789
366.6984,5.9200,61.76,118.00,0.007467
366.7742,5.9200,61.76,118.00,0.007354
366.8523,5.9200,61.49,118.00,0.007150
366.9270,5.9200,61.76,118.00,0.007665
367.0051,5.9200,62.03,118.00,0.007720
367.0808,5.9160,62.30,118.00,0.007392
367.1593,5.9160,62.03,118.00,0.007769
367.2354,5.9160,62.30,118.00,0.007832
367.3110,5.9160,61.49,118.00,0.007851
367.3869,5.9160,62.30,118.00,0.007769
367.4631,5.9160,61.49,118.00,0.007418
367.5393,5.9160,61.76,118.00,0.007685
367.6159,5.9160,62.03,118.00,0.007875
367.6899,5.9160,61.76,118.00,0.007628
367.7662,5.9160,61.76,118.50,0.007743
367.8426,5.9160,61.49,118.50,0.007655
367.9184,5.9160,61.22,118.00,0.007388
367.9954,5.9160,61.76,118.50,0.007427
368.0738,5.9620,61.76,118.00,0.007792
368.1501,5.9620,61.49,118.00,0.007572
368.2287,5.9620,61.22,118.00,0.007748
368.3025,5.9620,61.22,118.00,0.007267
368.3788,5.9620,62.03,118.00,0.007706
368.4576,5.9620,62.03,118.00,0.007798
368.5352,5.9620,61.76,118.00,0.007447
368.6093,5.9620,61.76,118.00,0.007225
368.6874,5.9620,61.22,118.00,0.007644
368.7634,5.9620,61.76,118.00,0.007657
368.8386,5.9620,61.49,118.00,0.007356
368.9154,5.9620,61.76,118.00,0.007587
368.9907,5.9620,61.49,118.00,0.007500
369.0637,5.9620,61.22,118.00,0.007031
369.1380,5.9620,61.76,118.00,0.007536
369.2109,5.9620,61.49,118.00,0.007355
369.2888,5.9160,61.76,118.00,0.007763
369.3675,5.8700,61.49,118.00,0.007725
369.4477,5.8700,61.76,118.00,0.007879
369.5215,5.8700,62.03,118.00,0.007745
369.5994,5.8700,61.76,118.00,0.007470
369.6746,5.8700,61.49,118.00,0.007555
369.7492,5.8700,61.76,118.00,0.007082
369.8236,5.8700,61.49,118.00,0.007942
369.8991,5.8700,61.49,118.00,0.007704
369.9750,5.8700,61.22,118.00,0.007291
370.0509,5.8700,61.49,118.00,0.007262
370.1236,5.8700,61.49,118.00,0.007041
370.2012,5.9540,62.03,118.00,0.008562
370.2789,5.9540,62.03,118.00,0.007522
370.3593,5.9540,61.49,118.00,0.007833
370.4320,5.9540,62.30,118.00,0.006974
370.5065,5.9540,61.49,118.00,0.007340
370.5802,5.9540,62.03,118.00,0.007398
370.6558,5.9540,62.03,118.00,0.007623
370.7320,5.9540,62.30,118.00,0.007373
370.8081,5.9540,62.03,118.00,0.007647
370.8842,5.9540,61.49,118.00,0.007453
370.9597,5.9540,61.49,118.00,0.007482
371.0341,5.9410,61.49,118.00,0.007659
371.1106,5.9280,62.30,118.00,0.007598
371.1873,5.9280,62.03,118.00,0.007821
371.2651,5.9280,62.03,118.00,0.007494
371.3392,5.9280,61.76,118.00,0.007550
371.4156,5.9280,61.49,118.00,0.007674
371.4922,5.9280,62.03,118.00,0.008033
371.5687,5.9280,62.03,118.00,0.007722
371.6449,5.9280,61.76,118.00,0.007506
371.7205,5.9280,61.76,118.00,0.007522
371.7970,5.9280,61.49,118.00,0.007519
371.8755,5.9280,61.76,118.00,0.007941
371.9517,5.9280,62.03,118.00,0.007567
372.0296,5.9355,62.03,118.00,0.007798
372.1041,5.9430,61.76,118.00,0.007502
372.1797,5.9430,61.22,118.00,0.007477
372.2557,5.9430,61.76,118.00,0.007342
372.3338,5.9430,61.76,118.00,0.008071
372.4106,5.9430,61.76,118.00,0.007865
372.4867,5.9430,62.03,118.00,0.007779
372.5624,5.9430,61.76,118.00,0.007381
372.6384,5.9430,62.30,118.00,0.007779
372.7145,5.9430,61.22,118.00,0.007627
372.7907,5.9430,61.76,118.00,0.007680
372.8671,5.9430,61.76,118.00,0.008126
372.9428,5.9430,61.22,118.00,0.007843
373.0189,5.9430,61.76,118.00,0.007277
373.0954,5.9310,62.03,118.00,0.007566
373.1721,5.9310,61.49,118.00,0.007821
373.2479,5.9310,62.30,118.00,0.007637
373.3242,5.9310,61.49,118.00,0.007443
373.4004,5.9310,61.76,118.00,0.007649
373.4746,5.9310,61.76,118.00,0.007776
373.5502,5.9310,62.03,118.00,0.007363
373.6270,5.9310,61.49,118.00,0.007658
373.7073,5.9310,61.49,118.00,0.007706
373.7810,5.9310,62.03,118.00,0.007555
373.8585,5.9310,62.30,118.00,0.007475
373.9343,5.9310,62.03,118.00,0.006997
374.0102,5.9310,62.03,118.00,0.007733
374.0872,5.9160,61.49,118.00,0.007524
374.1631,5.9160,62.03,118.00,0.007220
374.2397,5.9160,61.49,118.00,0.007524
374.3186,5.9160,61.76,118.00,0.007715
374.3950,5.9160,61.76,118.00,0.007640
374.4733,5.9160,61.49,118.00,0.007797
374.5509,5.9160,62.03,118.00,0.007306
374.6273,5.9160,62.30,118.00,0.008296
374.7033,5.9160,62.03,118.00,0.007622
374.7791,5.9160,61.76,118.00,0.007588
374.8551,5.9160,61.76,118.00,0.007527
374.9356,5.9160,61.22,118.00,0.008058
375.0097,5.9160,62.30,118.00,0.007760
375.0856,5.9050,61.76,118.00,0.007325
375.1598,5.9050,61.76,118.50,0.007543
375.2342,5.9050,61.49,118.00,0.007111
375.3076,5.9050,61.76,118.50,0.007624
375.3851,5.9050,61.76,118.00,0.007618
375.4636,5.9050,61.76,118.00,0.007787
375.5392,5.9050,61.76,118.00,0.007643
375.6134,5.9050,62.30,118.00,0.007463
375.6918,5.9050,62.03,118.00,0.007574
375.7680,5.9050,62.03,118.00,0.007463
375.8447,5.9050,62.03,118.00,0.008133
375.9184,5.9050,62.03,118.00,0.007419
375.9942,5.9050,62.03,118.00,0.007510
376.0715,5.9350,61.49,118.00,0.007773
376.1495,5.9350,61.76,118.00,0.008010
376.2260,5.9350,61.49,118.00,0.007675
376.3040,5.9350,61.49,118.00,0.007538
376.3799,5.9350,62.03,118.00,0.007292
376.4577,5.9350,61.22,118.00,0.008086
376.5341,5.9350,62.03,118.00,0.007700
376.6098,5.9350,61.49,118.00,0.007231
376.6871,5.9350,61.76,118.00,0.008111
376.7630,5.9350,61.76,118.00,0.008031
376.8396,5.9350,62.03,118.00,0.007761
376.9153,5.9350,61.76,118.00,0.007710
376.9897,5.9350,62.03,118.00,0.007793
377.0705,5.9810,61.76,118.00,0.007635
377.1472,5.9810,62.03,118.00,0.007536
377.2223,5.9810,61.49,118.00,0.007597
377.2995,5.9810,62.03,118.00,0.007565
377.3752,5.9810,61.49,118.00,0.007888
377.4490,5.9810,61.76,118.00,0.007646
377.5334,5.9810,61.49,118.00,0.010422
377.6125,5.9810,62.03,118.00,0.007671
377.6935,5.9810,61.49,118.00,0.008054
377.7723,5.9810,61.76,118.00,0.007818
377.8539,5.9810,61.49,118.00,0.008074
377.9309,5.9810,61.76,118.00,0.007760
378.0131,5.9810,61.49,118.00,0.007687
378.0871,5.8050,61.49,118.00,0.007317
378.1620,5.8050,61.49,118.00,0.007257
378.2366,5.8050,61.76,118.00,0.007308
378.3166,5.8050,62.03,118.00,0.007865
378.3983,5.8050,61.22,118.00,0.008147
378.4805,5.8050,62.03,118.00,0.007740
378.5645,5.8050,61.49,118.00,0.007677
378.6489,5.8050,61.76,118.00,0.008197
378.7334,5.8050,61.49,118.00,0.008330
378.8172,5.8050,61.49,119.00,0.008317
378.8950,5.8050,61.49,119.00,0.007919
378.9770,5.8050,61.76,119.00,0.007606
379.0585,5.7650,61.76,119.00,0.007520
379.1395,5.7250,61.76,119.00,0.007620
379.2156,5.7250,61.76,119.00,0.007731
379.2913,5.7250,62.03,119.00,0.007534
379.3652,5.7250,61.22,119.00,0.007658
379.4422,5.7250,62.03,119.00,0.007337
379.5180,5.7250,61.49,119.00,0.007753
379.5940,5.7250,61.76,119.00,0.007886
379.6676,5.7250,61.49,119.00,0.007292
379.7430,5.7250,61.76,119.00,0.007514
379.8160,5.7250,61.22,119.00,0.007333
379.8908,5.7250,62.03,119.00,0.007117
379.9630,5.7250,61.76,119.00,0.007252
380.0394,5.8360,61.49,119.00,0.007590
380.1156,5.9470,62.03,119.00,0.007502
380.1910,5.9470,61.76,119.00,0.007577
380.2667,5.9470,61.76,119.00,0.007663
380.3443,5.9470,61.22,119.00,0.007434
380.4208,5.9470,62.03,119.00,0.007702
380.4986,5.9470,62.03,119.00,0.007595
380.5746,5.9470,61.76,119.00,0.007348
380.6517,5.9470,61.76,119.00,0.007369
380.7277,5.9470,62.03,119.00,0.007857
380.8073,5.9470,61.22,119.00,0.007948
380.8825,5.9470,61.76,119.00,0.007761
380.9597,5.9470,62.03,119.00,0.007190
381.0339,5.9180,61.22,119.00,0.007655
381.1111,5.8890,62.30,119.00,0.007301
381.1862,5.8890,61.49,119.00,0.007289
381.2637,5.8890,61.76,119.00,0.008008
381.3378,5.8890,61.49,119.00,0.007822
381.4155,5.8890,61.76,119.00,0.007511
381.4905,5.8890,61.76,119.00,0.007313
381.5678,5.8890,62.03,119.00,0.007526
381.6415,5.8890,61.49,119.00,0.007203
381.7190,5.8890,61.76,119.00,0.007448
381.7946,5.8890,61.22,119.00,0.007488
381.8727,5.8890,61.76,119.00,0.008092
381.9487,5.8890,62.03,119.00,0.007861
382.0260,5.8890,61.49,119.00,0.007751
382.1020,5.8890,62.03,119.00,0.007476
382.1809,5.8890,61.22,119.00,0.007852
382.2573,5.8890,62.03,119.00,0.007551
382.3352,5.8890,61.49,119.00,0.007599
382.4107,5.8890,61.76,119.00,0.007362
382.4873,5.8890,61.76,119.50,0.007433
382.5627,5.8890,61.49,120.00,0.007573
382.6380,5.8890,61.49,120.00,0.007434
382.7147,5.8890,61.76,120.00,0.007703
382.7950,5.8890,61.76,120.00,0.007872
382.8706,5.8890,61.22,120.00,0.007483
382.9509,5.8890,61.76,120.00,0.007917
383.0253,5.8890,62.03,120.00,0.007229
383.1002,5.8890,62.03,120.00,0.007278
383.1729,5.8890,62.03,120.00,0.007464
383.2488,5.8890,61.49,120.00,0.008056
383.3240,5.8890,61.76,120.00,0.007841
383.4023,5.9160,61.76,120.00,0.007249
383.4787,5.9160,61.49,120.00,0.007374
383.5549,5.9160,62.30,120.00,0.007846
383.6307,5.9160,61.49,120.00,0.007443
383.7092,5.9160,61.22,120.00,0.008449
383.7830,5.9160,62.30,120.00,0.007746
383.8593,5.9160,61.49,120.00,0.008004
383.9354,5.9160,61.76,120.00,0.007976
384.0110,5.9160,61.49,120.00,0.007519
384.0868,5.9010,61.76,120.00,0.007260
384.1637,5.9010,62.03,120.00,0.007104
384.2395,5.9010,62.03,120.00,0.007626
384.3149,5.9010,62.03,120.00,0.007406
384.3877,5.9010,61.49,120.00,0.007024
384.4629,5.9010,61.49,120.00,0.007271
384.5355,5.9010,61.76,120.00,0.007028
384.6138,5.9010,61.76,120.00,0.007681
384.6856,5.9010,61.22,120.00,0.007147
384.7599,5.9010,61.76,120.00,0.007082
384.8351,5.9010,62.30,120.00,0.007665
384.9117,5.9010,61.49,120.00,0.007849
384.9864,5.9010,61.22,120.00,0.007337
385.0627,5.9010,62.03,120.00,0.007585
385.1385,5.8760,62.03,120.00,0.007558
385.2159,5.8510,62.03,120.00,0.007557
385.2911,5.8510,62.30,120.00,0.007417
385.3666,5.8510,62.03,120.00,0.007799
385.4420,5.8510,61.22,120.00,0.007802
385.5201,5.8510,61.49,120.00,0.007711
385.5937,5.8510,61.49,120.00,0.007281
385.6707,5.8510,61.49,120.00,0.007486
385.7466,5.8510,62.03,120.00,0.007664
385.8240,5.8510,61.76,120.00,0.007538
385.8976,5.8510,61.49,120.00,0.007618
385.9752,5.8510,62.03,120.00,0.007702
386.0511,5.9025,61.49,120.00,0.007816
386.1266,5.9540,61.76,120.00,0.007320
386.2022,5.9540,61.76,120.00,0.007679
386.2816,5.9540,61.76,120.00,0.007403
386.3553,5.9540,61.49,120.00,0.007803
386.4343,5.9540,61.49,120.00,0.007418
386.5104,5.9540,61.76,120.00,0.007807
386.5896,5.9540,62.30,120.00,0.007878
386.6632,5.9540,62.03,120.00,0.007757
386.7424,5.9540,62.30,120.00,0.007327
386.8185,5.9540,61.49,120.00,0.007692
386.8956,5.9540,62.30,120.00,0.007876
386.9697,5.9540,61.49,120.00,0.007473
387.0455,5.9120,62.30,120.00,0.007730
387.1194,5.8700,61.76,120.00,0.007692
387.1970,5.8700,61.76,120.00,0.007685
387.2710,5.8700,61.22,120.00,0.007322
387.3470,5.8700,61.76,120.00,0.007360
387.4218,5.8700,61.22,120.00,0.007678
387.4982,5.8700,61.49,120.00,0.008083
387.5759,5.8700,61.49,120.00,0.007415
387.6574,5.8700,61.49,120.00,0.007385
387.7341,5.8700,62.30,120.00,0.007828
387.8146,5.8700,61.49,120.00,0.008117
387.8956,5.8700,61.76,120.00,0.008206
387.9758,5.8700,62.03,121.00,0.007835
388.0529,5.8815,61.49,121.00,0.008281
388.1341,5.8930,61.76,121.00,0.007976
388.2119,5.8930,61.76,121.00,0.007571
388.2954,5.8930,61.76,121.00,0.007910
388.3757,5.8930,61.49,121.00,0.007420
388.4590,5.8930,61.49,121.00,0.008099
388.5357,5.8930,61.76,121.00,0.007569
388.6164,5.8930,61.49,121.00,0.007417
388.6953,5.8930,62.03,121.00,0.008115
388.7757,5.8930,61.22,121.00,0.007895
388.8575,5.8930,62.03,121.00,0.008341
388.9406,5.8930,62.03,121.00,0.008047
389.0190,5.8930,62.03,121.00,0.007925
389.0952,5.7940,62.03,121.00,0.007160
389.1677,5.7940,61.22,121.00,0.007217
389.2426,5.7940,61.76,121.00,0.007518
389.3203,5.7940,62.03,121.00,0.007846
389.4039,5.7940,61.22,121.00,0.007709
389.4837,5.7940,61.76,121.00,0.008169
389.5637,5.7940,62.30,121.00,0.007730
389.6448,5.7940,61.49,121.00,0.007721
389.7277,5.7940,62.03,121.00,0.007588
389.8081,5.7940,62.03,121.00,0.007538
389.8862,5.7940,61.49,121.00,0.007955
389.9667,5.7940,61.76,121.00,0.007463
390.0470,5.7635,62.03,121.00,0.008212
390.1283,5.7330,61.49,121.00,0.007977
390.2114,5.7330,61.22,121.00,0.008448
390.2901,5.7330,61.22,121.00,0.007832
390.3709,5.7330,61.76,121.00,0.008158
390.4466,5.7330,61.22,121.00,0.007766
390.5273,5.7330,62.03,121.00,0.007479
390.6068,5.7330,62.30,121.00,0.007648
390.6835,5.7330,62.30,121.00,0.008013
390.7588,5.7330,61.22,121.00,0.007608
390.8355,5.7330,61.49,121.00,0.007125
390.9119,5.7330,61.76,121.00,0.007643
390.9937,5.7330,61.49,121.00,0.008129
391.0758,5.8360,62.30,121.00,0.007370
391.1590,5.8360,62.03,121.00,0.008161
391.2383,5.8360,61.22,121.00,0.007665
391.3198,5.8360,61.22,121.00,0.008014
391.4013,5.8360,61.76,121.00,0.008125
391.4833,5.8360,61.76,121.00,0.007618
391.5647,5.8360,61.49,121.00,0.007919
391.6473,5.8360,62.30,121.00,0.008043
391.7264,5.8360,61.49,121.00,0.008067
391.8091,5.8360,61.49,121.00,0.008174
391.8874,5.8360,62.30,121.00,0.008067
391.9699,5.8360,61.22,121.00,0.008277
392.0489,5.7845,61.22,121.00,0.007523
392.1239,5.7330,62.03,121.00,0.007569
392.1997,5.7330,62.03,121.00,0.007251
392.2750,5.7330,61.76,121.00,0.007839
392.3510,5.7330,61.49,121.00,0.007778
392.4255,5.7330,61.49,121.00,0.007555
392.4992,5.7330,62.03,121.00,0.007671
392.5764,5.7330,61.22,121.00,0.007639
392.6500,5.7330,61.76,121.00,0.007818
392.7274,5.7330,61.49,121.00,0.007795
392.8009,5.7330,61.22,121.00,0.007431
392.8759,5.7330,61.22,121.00,0.007274
392.9513,5.7330,61.49,121.00,0.007187
393.0251,5.7330,61.76,121.00,0.007350
393.0972,5.7330,61.22,121.00,0.007300
393.1705,5.7330,61.22,121.00,0.007042
393.2451,5.7330,62.30,121.00,0.007553
393.3185,5.7330,61.76,121.00,0.007458
393.3948,5.7330,61.49,121.00,0.007362
393.4709,5.7330,61.76,121.00,0.007633
393.5452,5.7330,61.49,121.00,0.007655
393.6192,5.7330,62.03,121.00,0.007339
393.6925,5.7330,61.76,121.00,0.007560
393.7695,5.7330,61.22,121.00,0.007619
393.8475,5.7330,61.49,121.00,0.007708
393.9223,5.7330,61.49,121.00,0.007709
393.9960,5.7330,61.76,121.00,0.007618
394.0716,5.7330,61.76,121.00,0.007827
394.1440,5.7330,61.22,121.00,0.006947
394.2184,5.7330,61.49,121.00,0.007472
394.2921,5.7330,61.49,121.00,0.007367
394.3661,5.7330,61.76,121.00,0.007452
394.4418,5.7330,61.76,121.00,0.007635
394.5171,5.9200,61.49,121.00,0.007114
394.5905,5.9200,62.30,121.00,0.007606
394.6671,5.9200,61.49,121.00,0.007357
394.7396,5.9200,62.30,121.00,0.007319
394.8135,5.9200,61.49,121.00,0.007312
394.8865,5.9200,62.03,121.00,0.007328
394.9635,5.9200,61.49,121.00,0.007647
395.0382,5.9145,61.76,121.00,0.008158
395.1162,5.9090,61.49,121.00,0.007606
395.1913,5.9090,62.03,121.00,0.007658
395.2688,5.9090,61.49,121.00,0.007542
395.3448,5.9090,61.49,121.00,0.007594
395.4195,5.9090,61.49,121.00,0.007560
395.4955,5.9090,61.76,121.00,0.007793
395.5731,5.9090,62.03,121.00,0.007976
395.6490,5.9090,61.22,121.50,0.007680
395.7262,5.9090,62.03,122.00,0.007591
395.8020,5.9090,61.76,122.00,0.007476
395.8797,5.9090,61.49,122.00,0.007980
395.9529,5.9090,61.22,122.00,0.007397
396.0278,5.9070,62.03,122.00,0.007498
396.1011,5.9050,61.76,122.00,0.007131
396.1743,5.9050,61.49,122.00,0.007186
396.2503,5.9050,62.03,122.00,0.007490
396.3270,5.9050,61.76,121.00,0.007606
396.4031,5.9050,61.49,121.00,0.007635
396.4800,5.9050,61.76,121.00,0.007567
396.5557,5.9050,61.49,121.00,0.007714
396.6331,5.9050,62.03,121.50,0.007874
396.7062,5.9050,62.03,121.00,0.007468
396.7840,5.9050,62.30,121.00,0.008007
396.8594,5.9050,61.76,121.00,0.007352
396.9344,5.9050,62.03,121.00,0.007560
397.0107,5.9050,61.76,121.00,0.007843
397.0862,5.8740,61.49,121.00,0.007395
397.1622,5.8740,61.22,121.00,0.007478
397.2389,5.8740,61.76,121.00,0.007583
397.3152,5.8740,61.76,121.00,0.007906
397.3898,5.8740,61.76,121.00,0.007777
397.4637,5.8740,61.49,121.00,0.007742
397.5393,5.8740,61.76,121.00,0.007983
397.6152,5.8740,61.49,121.00,0.007205
397.6904,5.8740,61.49,121.00,0.007506
397.7658,5.8740,61.22,121.00,0.007496
397.8456,5.8740,61.76,121.00,0.007854
397.9191,5.8740,61.76,121.00,0.007647
397.9943,5.8740,61.76,121.00,0.007702
398.0732,5.9510,61.22,121.00,0.007612
398.1479,5.9510,61.76,121.00,0.007729
398.2246,5.9510,61.76,121.00,0.008326
398.3018,5.9510,61.76,121.00,0.007618
398.3741,5.9510,61.49,121.00,0.007298
398.4499,5.9510,61.76,121.00,0.007304
398.5271,5.9510,62.03,121.00,0.007409
398.6032,5.9510,62.30,121.00,0.007342
398.6774,5.9510,61.49,121.00,0.007528
398.7523,5.9510,61.76,121.00,0.007627
398.8263,5.9510,61.49,121.00,0.007778
398.9040,5.9510,62.30,121.00,0.007329
398.9799,5.9510,61.76,121.00,0.007487
399.0595,5.9240,61.49,121.00,0.007786
399.1362,5.8970,61.76,121.00,0.007886
399.2112,5.8970,61.49,121.00,0.007533
399.2864,5.8970,61.76,121.00,0.007134
399.3619,5.8970,61.76,121.00,0.007190
399.4343,5.8970,61.22,120.00,0.007279
399.5104,5.8970,61.76,120.00,0.007267
399.5864,5.8970,61.76,120.00,0.007745
399.6638,5.8970,61.76,121.00,0.008037
399.7416,5.8970,61.49,121.00,0.007785
399.8162,5.8970,61.76,121.00,0.007687
399.8898,5.8970,61.76,121.00,0.007617
399.9671,5.8970,61.76,121.00,0.007267
400.0433,5.9275,61.49,121.00,0.007647
400.1178,5.9580,62.03,121.00,0.007094
400.1903,5.9580,61.49,120.50,0.007365
400.2658,5.9580,61.49,120.00,0.007144
400.3385,5.9580,61.76,120.00,0.007295
400.4133,5.9580,62.03,120.00,0.007504
400.4869,5.9580,61.76,120.00,0.007640
400.5615,5.9580,61.22,120.00,0.007387
400.6397,5.9580,62.03,120.00,0.007531
400.7136,5.9580,61.76,120.00,0.007093
400.7856,5.9580,62.30,120.00,0.006971
400.8595,5.9580,61.76,120.00,0.007373
400.9354,5.9580,61.76,120.00,0.007726
401.0126,5.9580,62.03,120.00,0.007859
401.0884,5.9730,61.76,120.00,0.007266
401.1655,5.9730,61.49,120.00,0.007933
401.2414,5.9730,62.03,120.00,0.007588
401.3164,5.9730,62.03,120.00,0.007622
401.3899,5.9730,62.03,120.00,0.007344
401.4668,5.9730,62.03,120.00,0.007598
401.5433,5.9730,62.03,120.00,0.007650
401.6197,5.9730,61.76,120.00,0.007519
401.6935,5.9730,61.49,120.00,0.007465
401.7707,5.9730,61.76,120.00,0.007517
401.8442,5.9730,61.76,120.00,0.007675
401.9218,5.9730,61.76,120.00,0.007974
401.9952,5.9730,61.76,120.00,0.007586
402.0690,5.9730,62.30,120.00,0.007332
402.1413,5.9730,61.76,120.00,0.007076
402.2144,5.9730,61.76,120.00,0.007124
402.2884,5.9730,61.49,120.00,0.007940
402.3631,5.9730,61.76,120.00,0.007475
402.4396,5.9730,61.76,120.00,0.007855
402.5148,5.9730,62.30,120.00,0.007683
402.5882,5.9730,62.03,120.00,0.007345
402.6627,5.9730,61.76,120.00,0.007515
402.7394,5.9730,61.22,120.00,0.007479
402.8196,5.9730,61.76,120.00,0.007804
402.8928,5.9730,61.22,120.00,0.007127
402.9671,5.9730,62.03,120.00,0.007340
403.0428,5.9730,61.76,120.00,0.007759
403.1230,5.9730,61.76,120.00,0.007469
403.1997,5.8890,61.49,120.00,0.007514
403.2775,5.8890,61.49,120.00,0.008025
403.3556,5.8890,61.49,120.00,0.007745
403.4304,5.8890,61.76,120.00,0.007608
403.5044,5.8890,61.76,120.00,0.007942
403.5788,5.8890,62.03,120.00,0.007575
403.6537,5.8890,61.49,120.00,0.007202
403.7313,5.8890,61.76,120.00,0.007668
403.8077,5.8890,62.30,120.00,0.007903
403.8833,5.8890,61.76,120.00,0.007977
403.9577,5.8890,62.03,120.00,0.007588
404.0379,5.9235,62.30,120.00,0.007585
404.1148,5.9580,62.30,120.00,0.007804
404.1903,5.9580,61.49,120.00,0.007582
404.2664,5.9580,62.03,120.00,0.007293
404.3438,5.9580,62.03,119.50,0.007362
404.4194,5.9580,61.49,119.50,0.007649
404.4935,5.9580,62.03,120.00,0.007298
404.5714,5.9580,62.03,120.00,0.007633
404.6511,5.9580,62.03,120.00,0.007615
404.7255,5.9580,62.03,120.00,0.007677
404.8032,5.9580,62.03,120.00,0.007814
404.8796,5.9580,62.03,119.50,0.007270
404.9576,5.9580,61.49,119.00,0.007616
405.0333,5.9580,61.49,119.00,0.007413
405.1105,5.9580,61.76,119.00,0.008075
405.1861,5.9580,61.49,119.50,0.007451
405.2653,5.9580,61.76,119.00,0.007993
405.3406,5.9580,61.22,120.00,0.007618
405.4157,5.9580,61.76,120.00,0.007324
405.4898,5.9580,62.30,120.00,0.007624
405.5670,5.9580,61.49,120.00,0.007829
405.6433,5.9580,61.76,120.00,0.007929
405.7196,5.9580,61.76,119.50,0.007416
405.7952,5.9580,62.03,119.50,0.007846
405.8700,5.9580,61.76,119.00,0.007770
405.9455,5.9580,62.03,119.00,0.007640
406.0196,5.9580,62.30,119.00,0.007035
406.0915,5.9580,61.22,119.00,0.007046
406.1677,5.9580,61.76,119.50,0.007026
406.2428,5.9580,61.49,120.00,0.007626
406.3171,5.9640,61.49,120.00,0.007224
406.3933,5.9700,61.49,119.00,0.007235
406.4680,5.9700,61.76,119.00,0.007688
406.5444,5.9700,61.76,119.00,0.007710
406.6200,5.9700,61.49,119.00,0.007570
406.6943,5.9700,62.03,119.00,0.007939
406.7713,5.9700,62.03,119.00,0.007708
406.8451,5.9700,61.49,119.00,0.007240
406.9226,5.9700,62.03,119.00,0.007704
406.9987,5.9700,61.76,119.00,0.008273
407.0739,5.9700,62.03,119.00,0.007432
407.1515,5.9700,62.03,119.00,0.007685
407.2286,5.9700,61.76,119.00,0.007717
407.3028,5.9700,61.76,119.00,0.007780
407.3806,5.9700,62.03,119.00,0.007964
407.4552,5.9700,61.22,119.00,0.007864
407.5306,5.9700,61.76,119.00,0.007528
407.6071,5.9700,61.49,119.00,0.007745
407.6828,5.9700,61.76,119.00,0.007946
407.7598,5.9700,61.76,119.00,0.007564
407.8355,5.9700,61.49,119.00,0.007750
407.9101,5.9700,61.76,119.00,0.007724
407.9872,5.9700,61.76,119.00,0.007780
408.0669,5.9280,61.76,119.00,0.007910
408.1428,5.9280,61.76,119.00,0.007901
408.2193,5.9280,61.76,119.00,0.008008
408.2950,5.9280,62.30,119.00,0.007915
408.3697,5.9280,61.49,119.00,0.007771
408.4472,5.9280,61.76,119.00,0.007544
408.5232,5.9280,61.49,119.00,0.007714
408.6007,5.9280,62.03,119.00,0.008225
408.6745,5.9280,62.03,119.00,0.007751
408.7513,5.9280,62.03,119.00,0.007557
408.8274,5.9280,61.22,119.00,0.007686
408.9029,5.9280,62.03,119.00,0.007253
408.9753,5.9280,61.22,119.00,0.007046
409.0490,5.9280,61.49,119.00,0.007375
409.1225,5.9280,61.49,119.00,0.007689
409.1996,5.9580,62.03,119.00,0.007301
409.2740,5.9580,61.76,119.00,0.007777
409.3509,5.9580,62.03,119.00,0.007567
409.4265,5.9580,62.03,119.00,0.007433
409.5031,5.9580,61.76,119.00,0.007404
409.5788,5.9580,61.49,119.00,0.007505
409.6536,5.9580,61.76,119.00,0.007486
409.7312,5.9580,62.03,119.00,0.007502
409.8089,5.9580,62.03,119.00,0.007653
409.8827,5.9580,61.49,119.00,0.007842
409.9596,5.9580,62.03,119.00,0.007539
410.0350,5.9370,61.49,119.00,0.007085
410.1099,5.9160,61.76,119.00,0.007710
410.1873,5.9160,61.76,119.00,0.007546
410.2667,5.9160,61.76,119.00,0.007517
410.3408,5.9160,61.49,119.00,0.007909
410.4159,5.9160,61.49,119.00,0.007454
410.4895,5.9160,61.76,119.00,0.007256
410.5641,5.9160,61.49,119.00,0.007613
410.6397,5.9160,61.22,119.00,0.007834
410.7150,5.9160,61.49,119.00,0.007584
410.7915,5.9160,61.49,119.00,0.007875
410.8664,5.9160,61.76,119.00,0.007686
410.9404,5.9160,62.03,119.00,0.007555
411.0159,5.9160,61.49,119.00,0.007590
411.0926,5.9510,61.76,119.00,0.007730
411.1682,5.9510,62.03,119.00,0.007708
411.2419,5.9510,61.76,119.00,0.007245
411.3191,5.9510,62.30,119.00,0.007334
411.3957,5.9510,62.30,119.00,0.007334
411.4736,5.9510,62.03,119.00,0.007898
411.5476,5.9510,62.03,119.00,0.007859
411.6232,5.9510,62.03,119.00,0.007586
411.6992,5.9510,61.22,119.00,0.007534
411.7769,5.9510,61.76,119.00,0.008007
411.8502,5.9510,61.49,119.00,0.007709
411.9271,5.9510,61.49,119.00,0.007499
412.0030,5.9510,61.49,119.00,0.007565
412.0791,5.9620,61.76,119.00,0.007915
412.1524,5.9620,61.76,119.00,0.007392
412.2280,5.9620,61.76,119.00,0.007488
412.3019,5.9620,62.03,119.00,0.007716
412.3795,5.9620,61.49,119.00,0.007912
412.4571,5.9620,61.22,119.00,0.007941
412.5391,5.9620,62.03,119.00,0.007309
412.6183,5.9620,61.76,119.00,0.007688
412.6986,5.9620,61.49,119.00,0.008073
412.7801,5.9620,61.76,118.00,0.008172
412.8606,5.9620,61.22,118.00,0.007993
412.9382,5.9620,61.49,118.00,0.007857
413.0158,5.9620,61.49,118.50,0.007531
413.0903,5.8470,61.49,119.00,0.006993
413.1664,5.8470,61.76,119.00,0.007162
413.2418,5.8470,62.03,119.00,0.007577
413.3183,5.8470,61.49,119.00,0.007277
413.3995,5.8470,61.22,118.00,0.007671
413.4815,5.8470,61.49,118.00,0.007543
413.5621,5.8470,61.22,118.00,0.007420
413.6434,5.8470,62.03,118.00,0.008091
413.7187,5.8470,61.49,118.00,0.007281
413.7962,5.8470,61.49,118.00,0.007608
413.8715,5.8470,61.49,118.50,0.007174
413.9514,5.8470,61.49,118.00,0.007847
414.0329,5.8300,61.22,118.00,0.008343
414.1143,5.8130,62.30,118.50,0.007839
414.1966,5.8130,61.49,119.00,0.007923
414.2792,5.8130,61.22,118.00,0.007530
414.3515,5.8130,61.49,118.00,0.007027
414.4264,5.8130,61.49,118.00,0.007587
414.5013,5.8130,61.49,118.00,0.006977
414.5797,5.8130,61.22,118.00,0.008402
414.6596,5.8130,61.49,118.00,0.007945
414.7391,5.8130,61.49,118.00,0.008002
414.8164,5.8130,62.03,118.00,0.007780
414.9000,5.8130,62.03,118.00,0.007994
414.9795,5.8130,61.49,118.00,0.008041
415.0633,5.8530,62.03,118.00,0.007928
415.1432,5.8930,61.76,118.00,0.007608
415.2245,5.8930,61.49,118.50,0.007467
415.3067,5.8930,61.76,118.00,0.007779
415.3877,5.8930,61.76,118.00,0.008060
415.4702,5.8930,61.22,118.00,0.007960
415.5538,5.8930,61.22,118.00,0.007993
415.6346,5.8930,61.49,118.00,0.007322
415.7183,5.8930,61.22,118.00,0.007639
415.8019,5.8930,61.49,118.50,0.009056
415.8875,5.8930,61.76,119.00,0.008348
415.9713,5.8930,61.49,119.00,0.008029
416.0575,5.7975,61.22,119.00,0.008164
416.1366,5.7020,62.30,119.00,0.008239
416.2229,5.7020,61.22,119.00,0.008042
416.3030,5.7020,61.49,119.00,0.007007
416.3774,5.7020,61.49,119.00,0.007335
416.4502,5.7020,61.22,119.00,0.007198
416.5332,5.7020,61.49,119.00,0.007939
416.6154,5.7020,61.22,119.00,0.008008
416.6920,5.7020,61.22,119.00,0.007392
416.7704,5.7020,61.49,119.00,0.008017
416.8537,5.7020,61.49,119.00,0.007967
416.9301,5.7020,60.95,119.00,0.007710
417.0113,5.7020,62.03,119.00,0.008190
417.0910,5.7410,61.49,119.00,0.007728
417.1713,5.7410,61.76,119.00,0.007382
417.2526,5.7410,61.49,119.00,0.007461
417.3355,5.7410,62.30,119.00,0.007872
417.4154,5.7410,61.76,119.00,0.007981
417.4995,5.7410,61.76,119.00,0.008054
417.5803,5.7410,61.76,119.00,0.007654
417.6628,5.7410,61.76,119.00,0.007865
417.7358,5.7410,61.49,119.00,0.007041
417.8099,5.7410,62.03,119.00,0.007157
417.8879,5.7410,61.49,119.00,0.007854
417.9685,5.7410,62.30,119.00,0.007745
418.0473,5.8190,61.76,119.00,0.008105
418.1281,5.8970,62.03,119.00,0.007701
418.2059,5.8970,61.49,119.00,0.007783
418.2841,5.8970,61.22,119.00,0.007624
418.3625,5.8970,62.03,119.00,0.007755
418.4426,5.8970,61.49,119.00,0.007686
418.5205,5.8970,61.76,119.00,0.007484
418.6014,5.8970,61.76,119.00,0.007594
418.6813,5.8970,61.76,119.00,0.007482
418.7625,5.8970,61.49,119.00,0.008333
418.8432,5.8970,62.03,119.00,0.007901
418.9227,5.8970,61.76,119.00,0.007685
419.0043,5.8970,61.49,119.00,0.008088
419.0875,5.8970,61.22,119.00,0.008231
419.1644,5.8970,61.49,119.00,0.007925
419.2472,5.8970,61.49,119.00,0.007702
419.3258,5.8970,62.03,119.00,0.007859
419.4066,5.8970,61.22,119.00,0.007432
419.4814,5.8970,62.30,119.00,0.007232
419.5587,5.8970,61.76,119.00,0.007431
419.6323,5.8970,61.76,119.00,0.007571
419.7124,5.8970,62.03,119.00,0.007515
419.7896,5.8970,61.76,119.00,0.007083
419.8710,5.8970,61.22,119.00,0.007272
419.9512,5.8970,61.49,119.00,0.007591
420.0324,5.8970,61.22,119.00,0.007898
420.1132,5.8970,62.03,119.00,0.008109
420.1941,5.8970,60.95,119.00,0.008167
420.2752,5.8970,60.95,119.00,0.007906
420.3565,5.8625,61.76,119.00,0.008124
420.4377,5.8280,62.03,119.50,0.007884
420.5199,5.8280,61.22,120.00,0.008028
420.5986,5.8280,61.76,120.00,0.007878
420.6742,5.8280,61.22,120.00,0.007742
420.7483,5.8280,61.22,120.00,0.007608
420.8240,5.8280,61.22,120.00,0.007831
420.9000,5.8280,62.03,120.00,0.007578
420.9755,5.8280,61.49,120.00,0.007577
421.0516,5.8280,61.22,120.00,0.007718
421.1270,5.8280,61.22,120.00,0.007628
421.2007,5.8280,61.49,120.00,0.007957
421.2761,5.8280,61.49,120.00,0.007572
421.3514,5.8280,61.76,120.00,0.006976
421.4255,5.8280,61.22,120.00,0.007312
421.4998,5.8280,61.76,120.00,0.007047
421.5768,5.8280,62.03,120.00,0.007518
421.6506,5.8280,61.76,120.00,0.007656
421.7270,5.8280,61.49,120.00,0.007182
421.7996,5.8280,61.22,120.00,0.007398
421.8731,5.8280,61.76,120.00,0.007332
421.9464,5.8835,61.76,120.00,0.007977
422.0222,5.9180,61.49,120.00,0.007475
422.0980,5.8970,61.76,120.00,0.007465
422.1758,5.8970,61.49,120.00,0.007477
422.2516,5.8970,61.22,120.00,0.007340
422.3290,5.8970,61.49,120.00,0.007642
422.4019,5.8970,62.03,120.00,0.007331
422.4792,5.8970,61.22,120.00,0.007416
422.5548,5.8970,62.03,120.00,0.007720
422.6300,5.8970,62.03,120.00,0.007697
422.7049,5.8970,61.76,120.00,0.007487
422.7795,5.8970,61.49,120.00,0.007140
422.8548,5.8970,61.76,120.00,0.007684
422.9296,5.8970,62.03,120.00,0.007324
423.0026,5.8970,61.76,120.00,0.007531
423.0802,5.8970,61.49,120.00,0.008018
423.1535,5.8970,62.03,120.00,0.007990
423.2304,5.8970,61.49,120.00,0.007284
423.3054,5.8970,62.03,120.00,0.007357
423.3829,5.8970,61.49,120.00,0.007783
423.4587,5.8970,61.22,120.00,0.007775
423.5376,5.8970,61.22,120.00,0.007549
423.6149,5.8970,61.49,120.00,0.007607
423.6906,5.8970,61.76,120.00,0.007746
423.7641,5.8970,62.03,120.00,0.007477
423.8396,5.8970,61.76,120.00,0.007706
423.9178,5.8970,61.49,120.00,0.007872
423.9952,5.8970,61.22,120.00,0.007756
424.0711,5.8970,61.49,120.00,0.007722
424.1504,5.8970,61.49,120.00,0.007522
424.2242,5.8970,61.49,120.50,0.007732
424.2995,5.8970,61.76,120.00,0.007540
424.3748,5.8970,62.03,120.00,0.007586
424.4526,5.9140,61.76,120.50,0.007816
424.5269,5.9310,61.76,120.00,0.007323
424.6024,5.9310,62.03,120.00,0.007269
424.6785,5.9310,61.76,120.00,0.007393
424.7557,5.9310,61.22,120.00,0.007545
424.8311,5.9310,61.76,120.00,0.007612
424.9085,5.9310,62.30,120.00,0.007236
424.9823,5.9310,61.22,120.50,0.007604
425.0576,5.9310,61.22,120.00,0.007140
425.1295,5.9310,61.22,120.00,0.007013
425.2036,5.9310,61.76,120.00,0.007327
425.2786,5.9310,61.76,120.00,0.007415
425.3558,5.9310,61.76,120.00,0.007560
425.4306,5.9310,61.76,120.00,0.007289
425.5091,5.9310,62.03,120.00,0.007862
425.5867,5.9310,61.49,120.00,0.007704
425.6668,5.9310,61.22,120.00,0.008142
425.7419,5.9310,62.03,120.00,0.007911
425.8197,5.9310,61.76,120.00,0.007352
425.8935,5.9310,61.76,120.00,0.007536
425.9720,5.9310,61.49,120.00,0.007618
426.0487,5.9310,62.30,120.00,0.007913
426.1246,5.9310,61.49,120.00,0.007949
426.1986,5.9310,61.76,120.00,0.007574
426.2746,5.9310,61.76,120.00,0.007648
426.3509,5.9310,61.49,120.00,0.007695
426.4268,5.9310,61.49,120.00,0.007829
426.5018,5.9160,61.49,120.00,0.007613
426.5798,5.9160,61.49,120.00,0.007809
426.6564,5.9160,61.49,120.00,0.007585
426.7320,5.9160,61.76,120.00,0.007464
426.8063,5.9160,62.03,120.00,0.007699
426.8841,5.9160,61.49,120.00,0.007390
426.9607,5.9160,61.76,120.00,0.007926
427.0387,5.9125,61.49,120.00,0.007674
427.1156,5.9090,61.76,120.00,0.007877
427.1910,5.9090,62.30,120.00,0.007768
427.2699,5.9090,61.76,120.00,0.007591
427.3476,5.9090,61.22,120.00,0.007737
427.4221,5.9090,61.76,120.00,0.007471
427.4981,5.9090,61.22,120.00,0.007644
427.5743,5.9090,61.49,120.00,0.007798
427.6542,5.9090,61.49,120.00,0.007663
427.7302,5.9090,61.49,120.00,0.007655
427.8088,5.9090,61.76,120.00,0.007889
427.8878,5.9090,61.49,120.00,0.008135
427.9712,5.9090,61.49,120.00,0.007678
428.0529,5.8420,61.76,120.00,0.008080
428.1353,5.7750,61.76,120.00,0.007957
428.2150,5.7750,61.49,120.00,0.007634
428.2962,5.7750,61.49,120.00,0.008192
428.3711,5.7750,62.03,120.00,0.007181
428.4456,5.7750,61.22,120.00,0.007040
428.5209,5.7750,61.49,120.00,0.007646
428.5983,5.7750,61.49,120.00,0.007380
428.6751,5.7750,61.49,120.00,0.008084
428.7560,5.7750,61.22,120.00,0.008149
428.8349,5.7750,61.76,120.00,0.007622
428.9115,5.7750,61.76,120.00,0.007684
428.9854,5.7750,61.76,120.00,0.007597
429.0647,5.7750,61.22,120.00,0.007315
429.1404,5.7750,61.22,120.00,0.008021
429.2184,5.7750,61.76,120.00,0.007740
429.2966,5.7750,61.22,120.00,0.007906
429.3775,5.7750,61.22,120.00,0.007881
429.4584,5.7750,61.76,120.00,0.007423
429.5428,5.7750,61.49,120.00,0.007248
429.6194,5.7750,61.22,120.00,0.007806
429.6978,5.7750,61.22,120.00,0.007172
429.7780,5.7750,61.22,120.00,0.008089
429.8591,5.7750,61.49,120.00,0.008163
429.9383,5.7750,61.22,120.00,0.007892
430.0193,5.7750,61.76,120.00,0.007676
430.1004,5.7750,61.49,120.00,0.007397
430.1845,5.7750,61.76,120.00,0.008145
430.2632,5.7750,61.49,120.00,0.007636
430.3473,5.7750,61.22,120.00,0.007730
430.4253,5.7750,61.49,120.00,0.008327
430.5076,5.7370,61.49,120.00,0.007973
430.5862,5.7370,61.76,120.00,0.007269
430.6644,5.7370,61.76,120.00,0.007185
430.7383,5.7370,61.49,120.00,0.007775
430.8152,5.7370,62.03,120.00,0.007499
430.8914,5.7370,61.49,120.00,0.007619
430.9669,5.7370,61.49,120.00,0.007306
431.0433,5.7370,61.76,120.00,0.007390
431.1188,5.7370,62.03,120.00,0.007886
431.1951,5.7370,61.22,120.00,0.008039
431.2734,5.7370,62.03,120.00,0.007389
431.3501,5.7370,61.49,121.00,0.007706
431.4271,5.7370,61.49,121.00,0.007851
431.5035,5.7370,61.22,121.00,0.007784
431.5785,5.7370,61.49,121.00,0.007261
431.6517,5.7370,61.49,121.00,0.006999
431.7256,5.7370,61.49,121.00,0.007332
431.8004,5.7370,61.76,121.00,0.007611
431.8762,5.7370,61.76,121.00,0.007579
431.9500,5.7370,61.22,121.00,0.007692
432.0282,5.7370,61.76,121.00,0.007793
432.1040,5.7370,62.30,121.00,0.007451
432.1826,5.7370,61.49,121.00,0.007831
432.2594,5.7370,62.03,121.00,0.007731
432.3392,5.7370,61.49,121.00,0.007813
432.4156,5.7370,61.49,121.00,0.007683
432.4912,5.7370,61.76,121.00,0.007543
432.5676,5.8400,61.49,121.00,0.007905
432.6437,5.9430,61.22,121.00,0.007460
432.7195,5.9430,61.22,121.00,0.007715
432.7950,5.9430,61.22,121.00,0.007591
432.8709,5.9430,61.49,121.00,0.007821
432.9462,5.9430,62.30,121.00,0.007660
433.0187,5.9430,61.49,121.00,0.007198
433.0953,5.9430,61.49,121.00,0.007775
433.1672,5.9430,62.03,121.00,0.007260
433.2428,5.9470,61.76,121.00,0.007533
433.3154,5.9470,61.76,121.00,0.007060
433.3893,5.9470,61.49,121.00,0.007192
433.4617,5.9470,62.03,121.00,0.007343
433.5384,5.9470,61.49,121.00,0.007540
433.6140,5.9470,61.49,121.00,0.007754
433.6902,5.9470,61.76,121.00,0.007093
433.7666,5.9470,61.49,121.00,0.007741
433.8443,5.9470,61.22,121.00,0.007514
433.9187,5.9470,61.49,121.00,0.007521
433.9958,5.9470,61.49,121.00,0.007657
434.0702,5.9010,61.22,121.00,0.007761
434.1457,5.9010,61.22,121.00,0.007325
434.2237,5.9010,62.03,121.00,0.007776
434.3019,5.9010,62.30,121.00,0.007805
434.3782,5.9010,61.76,121.00,0.007623
434.4543,5.9010,61.76,121.00,0.007453
434.5301,5.9010,61.76,121.00,0.007585
434.6055,5.9010,61.76,121.00,0.007615
434.6790,5.9010,61.76,121.00,0.007311
434.7546,5.9010,62.03,121.00,0.007660
434.8329,5.9010,61.22,121.00,0.007579
434.9087,5.9010,62.03,121.00,0.008032
434.9824,5.9010,61.76,121.00,0.007495
435.0607,5.9065,61.76,121.00,0.008008
435.1344,5.9120,61.76,121.00,0.007708
435.2104,5.9120,61.76,121.00,0.007322
435.2835,5.9120,61.49,121.00,0.007113
435.3590,5.9120,61.76,121.00,0.007328
435.4350,5.9120,61.49,121.00,0.007720
435.5107,5.9120,62.03,121.00,0.007663
435.5847,5.9120,61.49,121.00,0.007532
435.6633,5.9120,61.49,121.00,0.007880
435.7381,5.9120,61.76,121.00,0.007790
435.8136,5.9120,61.22,121.00,0.007518
435.8896,5.9120,61.49,121.00,0.007237
435.9695,5.9120,61.49,121.00,0.007850
436.0432,5.9465,61.49,121.00,0.008075
436.1229,5.9810,61.22,121.00,0.007630
436.1986,5.9810,62.03,121.00,0.007723
436.2745,5.9810,61.49,121.00,0.007795
436.3500,5.9810,61.49,121.00,0.007732
436.4253,5.9810,61.76,121.00,0.007536
436.5016,5.9810,61.49,121.00,0.007552
436.5816,5.9810,62.03,121.00,0.007728
436.6599,5.9810,61.22,121.00,0.008223
436.7355,5.9810,61.76,121.00,0.007696
436.8110,5.9810,61.76,121.00,0.008125
436.8853,5.9810,61.49,121.00,0.007215
436.9578,5.9810,61.49,121.00,0.007249
437.0344,5.9810,61.49,121.00,0.007246
437.1125,5.9810,61.76,121.00,0.007957
437.1906,5.9540,61.49,121.00,0.007334
437.2671,5.9540,61.49,121.00,0.007555
437.3468,5.9540,61.76,121.00,0.007574
437.4224,5.9540,61.49,121.00,0.007227
437.4986,5.9540,61.76,121.00,0.007887
437.5751,5.9540,62.03,121.00,0.008013
437.6507,5.9540,61.22,121.00,0.007320
437.7271,5.9540,61.49,121.00,0.007540
437.8036,5.9540,61.49,121.00,0.007818
437.8809,5.9540,62.03,121.00,0.007779
437.9592,5.9540,61.76,121.00,0.007520
438.0354,5.9540,62.03,121.00,0.007510
438.1138,5.9540,61.49,121.00,0.007972
438.1873,5.9540,61.22,121.00,0.007609
438.2658,5.9540,61.76,121.00,0.007298
438.3420,5.9540,61.49,121.00,0.007539
438.4206,5.9540,61.76,121.00,0.007553
438.4945,5.9540,61.76,121.00,0.007655
438.5723,5.9540,62.03,121.00,0.007457
438.6502,5.9540,61.49,121.00,0.007275
438.7265,5.9540,61.49,121.00,0.007749
438.8033,5.9540,61.76,121.00,0.007747
438.8806,5.9540,61.76,121.00,0.007185
438.9588,5.9540,61.22,121.00,0.007555
439.0370,5.9540,61.76,121.00,0.008044
439.1107,5.9540,61.76,121.00,0.007345
439.1868,5.9540,62.03,121.00,0.007627
439.2634,5.9540,62.30,121.00,0.007448
439.3390,5.9540,61.76,121.00,0.007906
439.4150,5.9540,61.49,121.00,0.007663
439.4896,5.9540,61.76,121.00,0.007171
439.5638,5.9540,61.76,121.00,0.007256
439.6435,5.9540,61.76,121.00,0.008196
439.7197,5.9540,61.76,121.00,0.007737
439.7991,5.9540,61.22,121.00,0.007323
439.8749,5.9540,61.76,121.00,0.007621
439.9525,5.9540,61.76,121.00,0.007923
440.0287,5.9540,61.76,121.00,0.007802
440.1069,5.9540,61.49,121.00,0.007578
440.1822,5.8510,62.03,121.00,0.007941
440.2579,5.8510,61.49,121.00,0.007354
440.3339,5.8510,61.49,121.00,0.007679
440.4116,5.8510,62.03,121.00,0.007480
440.4863,5.8510,61.76,121.00,0.008127
440.5633,5.8510,61.49,121.00,0.007812
440.6383,5.8510,61.49,121.00,0.007215
440.7142,5.8510,61.49,121.00,0.007457
440.7886,5.8510,61.49,121.00,0.007956
440.8664,5.8510,62.03,121.00,0.007740
440.9445,5.8510,61.49,121.00,0.007674
441.0201,5.8510,61.22,121.00,0.007884
441.0967,5.8890,61.76,121.00,0.007973
441.1741,5.8890,61.49,121.00,0.007867
441.2499,5.8890,61.76,121.00,0.007560
441.3273,5.8890,61.49,121.00,0.007637
441.4031,5.8890,61.49,121.00,0.007446
441.4790,5.8890,61.49,121.00,0.007616
441.5535,5.8890,61.49,121.00,0.007621
441.6303,5.8890,61.76,121.00,0.007181
441.7057,5.8890,61.49,121.00,0.007502
441.7841,5.8890,61.76,121.00,0.008005
441.8603,5.8890,61.49,120.50,0.007504
441.9381,5.8890,61.49,120.00,0.007487
442.0140,5.8890,61.22,120.50,0.007496
442.0925,5.9200,61.49,120.00,0.007771
442.1677,5.9200,61.76,120.00,0.007347
442.2432,5.9200,61.49,120.00,0.007564
442.3193,5.9200,61.49,121.00,0.007499
442.3971,5.9200,61.76,121.00,0.007923
442.4724,5.9200,61.76,121.00,0.007528
442.5480,5.9200,62.03,121.00,0.007522
442.6234,5.9200,61.76,120.00,0.007933
442.7029,5.9200,61.76,120.00,0.007828
442.7788,5.9200,61.49,120.00,0.007531
442.8546,5.9200,61.76,120.00,0.007510
442.9307,5.9200,61.76,120.00,0.007866
443.0057,5.9200,61.76,120.00,0.007418
443.0777,5.9200,62.03,120.00,0.007074
443.1551,5.9200,61.76,120.00,0.007691
443.2312,5.9390,61.76,120.00,0.007455
443.3108,5.9390,61.49,120.00,0.007706
443.3871,5.9390,61.76,120.00,0.007755
443.4624,5.9390,61.49,120.00,0.007537
443.5389,5.9390,61.76,120.00,0.007797
443.6131,5.9390,61.49,120.00,0.007161
443.6856,5.9390,61.49,120.00,0.007183
443.7592,5.9390,62.30,120.00,0.007076
443.8319,5.9390,61.22,120.00,0.006995
443.9078,5.9390,61.49,120.00,0.007491
443.9817,5.9390,61.76,120.00,0.007437
444.0618,5.9580,62.03,120.00,0.007640
444.1393,5.9580,61.76,120.00,0.007419
444.2148,5.9580,61.76,120.00,0.007949
444.2905,5.9580,61.22,120.00,0.007530
444.3674,5.9580,61.49,120.00,0.007250
444.4432,5.9580,62.03,120.00,0.007805
444.5184,5.9580,62.30,120.00,0.007679
444.5911,5.9580,61.22,120.00,0.007419
444.6678,5.9580,61.76,120.00,0.007450
444.7429,5.9580,61.76,120.00,0.007332
444.8184,5.9580,61.22,120.00,0.007445
444.8941,5.9580,61.49,120.00,0.007356
444.9718,5.9580,61.49,120.00,0.007666
445.0472,5.9600,61.76,120.00,0.007388
445.1255,5.9620,61.76,120.00,0.007590
445.1992,5.9620,61.49,120.00,0.007551
445.2769,5.9620,61.49,120.00,0.007820
445.3525,5.9620,61.49,120.00,0.007575
445.4282,5.9620,61.22,120.00,0.007590
445.5018,5.9620,61.49,120.00,0.007446
445.5796,5.9620,61.49,120.00,0.007907
445.6525,5.9620,61.49,119.50,0.007504
445.7284,5.9620,61.22,119.50,0.007618
445.8049,5.9620,62.03,119.00,0.007941
445.8820,5.9620,61.76,119.00,0.007515
445.9559,5.9620,62.03,119.00,0.007409
446.0315,5.9255,61.49,119.00,0.007728
446.1056,5.8890,61.22,119.00,0.007327
446.1825,5.8890,61.76,119.00,0.007451
446.2590,5.8890,61.49,119.00,0.007666
446.3365,5.8890,62.03,119.00,0.007805
446.4151,5.8890,61.76,119.00,0.007658
446.4979,5.8890,61.49,119.50,0.007532
446.5792,5.8890,61.49,119.00,0.007899
446.6592,5.8890,61.22,119.00,0.008101
446.7393,5.8890,61.49,119.50,0.007795
446.8229,5.8890,61.22,119.00,0.008159
446.9039,5.8890,61.49,119.00,0.007412
446.9872,5.8890,61.22,119.00,0.007789
447.0686,5.8510,61.22,119.00,0.007570
447.1467,5.8510,61.49,119.00,0.007853
447.2228,5.8510,61.76,119.00,0.007584
447.2995,5.8510,61.49,119.00,0.007004
447.3718,5.8510,62.03,119.00,0.007167
447.4468,5.8510,61.76,119.00,0.007362
447.5197,5.8510,61.76,119.00,0.007277
447.5980,5.8510,62.03,119.00,0.008008
447.6723,5.8510,61.76,119.00,0.007033
447.7456,5.8510,62.03,119.00,0.007028
447.8221,5.8510,61.49,119.00,0.007457
447.9016,5.8510,61.76,119.00,0.007678
447.9766,5.8510,61.49,119.00,0.007029
448.0553,5.8800,61.76,119.00,0.007615
448.1323,5.9090,62.30,119.00,0.007700
448.2077,5.9090,61.49,119.00,0.007905
448.2818,5.9090,62.03,119.00,0.007450
448.3592,5.9090,62.03,119.00,0.007670
448.4346,5.9090,61.22,119.00,0.007679
448.5102,5.9090,61.76,119.00,0.007569
448.5886,5.9090,61.49,119.00,0.007738
448.6688,5.9090,61.76,119.00,0.008087
448.7495,5.9090,61.49,119.00,0.007691
448.8294,5.9090,61.76,119.00,0.007252
448.9115,5.9090,61.76,119.00,0.007977
448.9946,5.9090,61.22,119.00,0.007558
449.0764,5.8400,61.22,119.00,0.007811
449.1600,5.8400,61.22,119.00,0.007573
449.2413,5.8400,61.49,119.00,0.007681
449.3253,5.8400,61.22,119.00,0.007854
449.4068,5.8400,61.49,119.00,0.007627
449.4879,5.8400,61.76,119.00,0.007699
449.5670,5.8400,61.49,119.00,0.007875
449.6495,5.8400,61.49,119.00,0.008357
449.7297,5.8400,61.49,119.00,0.007427
449.8107,5.8400,61.76,119.00,0.007869
449.8901,5.8400,61.76,119.00,0.007870
449.9713,5.8400,61.76,119.00,0.008126
450.0459,5.8340,62.03,119.00,0.007838
450.1219,5.8280,61.22,119.00,0.007288
450.1955,5.8280,61.49,118.50,0.007504
450.2714,5.8280,61.76,118.00,0.007033
450.3437,5.8280,61.22,118.00,0.007166
450.4193,5.8280,61.49,118.00,0.007820
450.4936,5.8280,61.22,118.00,0.007684
450.5739,5.8280,61.22,118.00,0.007784
450.6492,5.8280,61.76,118.00,0.007217
450.7261,5.8280,61.22,118.00,0.007142
450.7992,5.8280,61.22,118.00,0.007034
450.8776,5.8280,61.49,118.00,0.007266
450.9537,5.8280,61.76,118.00,0.007557
451.0319,5.8280,61.76,118.00,0.007536
451.1058,5.8280,62.03,118.00,0.007556
451.1845,5.8280,61.49,118.00,0.007589
451.2627,5.8280,61.76,118.00,0.007593
451.3388,5.8280,61.22,118.00,0.007472
451.4163,5.8280,61.49,118.00,0.007716
451.4915,5.8280,61.49,118.00,0.007114
451.5684,5.8280,61.76,118.00,0.007715
451.6471,5.8280,61.22,118.00,0.007607
451.7213,5.8280,61.49,118.00,0.007712
451.7994,5.8280,61.22,118.00,0.007478
451.8742,5.8280,61.22,118.00,0.007725
451.9548,5.8280,61.22,118.00,0.007830
452.0311,5.8280,61.49,118.00,0.007924
452.1063,5.8280,61.22,118.00,0.007253
452.1811,5.8280,61.49,118.00,0.007118
452.2589,5.8280,61.76,118.00,0.007376
452.3353,5.8165,61.49,118.00,0.008195
452.4119,5.8050,61.49,118.00,0.007210
452.4884,5.8050,61.76,118.00,0.007709
452.5669,5.8050,61.76,118.00,0.007743
452.6435,5.8050,61.76,118.00,0.007809
452.7212,5.8050,62.03,118.00,0.007244
452.7984,5.8050,62.30,118.00,0.007844
452.8767,5.8050,61.22,118.00,0.007894
452.9530,5.8050,61.76,118.00,0.007718
453.0308,5.8050,61.76,118.00,0.007529
453.1070,5.8360,61.76,118.00,0.007637
453.1868,5.8670,61.22,118.00,0.007257
453.2617,5.8670,61.49,118.00,0.007492
453.3386,5.8670,61.22,118.00,0.007459
453.4128,5.8670,61.76,118.00,0.007870
453.4911,5.8670,61.76,118.00,0.007708
453.5654,5.8670,61.49,118.00,0.007849
453.6437,5.8670,61.76,118.00,0.007222
453.7183,5.8670,61.76,118.00,0.007641
453.7948,5.8670,62.30,118.00,0.007822
453.8712,5.8670,62.30,118.00,0.007780
453.9477,5.8670,61.76,118.00,0.007904
454.0220,5.8800,61.22,118.00,0.007850
454.0991,5.8930,61.22,118.00,0.007658
454.1760,5.8930,61.76,118.00,0.007673
454.2571,5.8930,61.76,118.00,0.008549
454.3353,5.8930,61.49,118.00,0.007983
454.4112,5.8930,62.03,118.00,0.007426
454.4879,5.8930,61.22,118.00,0.007755
454.5633,5.8930,61.76,118.00,0.007157
454.6380,5.8930,61.22,118.00,0.007545
454.7140,5.8930,61.22,118.00,0.007617
454.7877,5.8930,61.76,118.00,0.007751
454.8669,5.8930,61.49,118.00,0.007496
454.9397,5.8930,61.22,118.00,0.007415
455.0152,5.8930,61.76,118.00,0.007628
455.0916,5.8670,61.49,118.00,0.007733
455.1675,5.8670,61.76,118.00,0.007997
455.2427,5.8670,61.22,118.00,0.007423
455.3183,5.8670,61.22,118.00,0.007830
455.3938,5.8670,61.49,118.00,0.007596
455.4718,5.8670,61.49,118.00,0.007664
455.5470,5.8670,61.49,118.00,0.007214
455.6224,5.8670,62.03,118.00,0.007533
455.6952,5.8670,61.76,118.00,0.007786
455.7709,5.8670,61.49,118.00,0.007722
455.8429,5.8670,62.03,118.00,0.007241
455.9188,5.8670,62.03,118.00,0.007147
455.9911,5.8670,61.49,118.00,0.007279
456.0665,5.9090,61.49,118.00,0.007430
456.1447,5.9510,61.22,118.00,0.007993
456.2189,5.9510,61.49,118.00,0.006989
456.2946,5.9510,61.49,118.00,0.007959
456.3700,5.9510,61.22,118.00,0.007613
456.4456,5.9510,61.76,118.00,0.007504
456.5235,5.9510,61.49,118.00,0.007958
456.5964,5.9510,61.49,118.00,0.007332
456.6714,5.9510,61.76,118.00,0.007232
456.7445,5.9510,61.49,118.00,0.007529
456.8202,5.9510,62.30,118.00,0.007488
456.8936,5.9510,61.49,118.00,0.007664
456.9711,5.9510,61.49,118.00,0.008022
457.0453,5.9510,61.22,118.00,0.007027
457.1232,5.9660,62.03,118.00,0.008044
457.1994,5.9810,61.49,118.00,0.007866
457.2752,5.9810,61.49,118.00,0.007650
457.3506,5.9810,61.76,118.00,0.007339
457.4286,5.9810,61.22,118.00,0.007640
457.5049,5.9810,61.49,118.00,0.007935
457.5800,5.9810,61.76,118.00,0.007118
457.6555,5.9810,61.49,118.00,0.007360
457.7309,5.9810,61.76,118.00,0.007594
457.8067,5.9810,61.22,118.00,0.007608
457.8827,5.9810,61.49,118.00,0.007755
457.9564,5.9810,61.49,119.00,0.007891
458.0319,5.9640,61.22,119.00,0.007315
458.1060,5.9470,61.76,119.00,0.007391
458.1842,5.9470,61.76,119.00,0.008012
458.2578,5.9470,61.22,119.00,0.007653
458.3342,5.9470,61.76,119.00,0.007118
458.4062,5.9470,61.49,119.00,0.007125
458.4825,5.9470,61.76,119.00,0.007177
458.5554,5.9470,61.22,119.00,0.007627
458.6308,5.9470,61.49,119.00,0.007729
458.7087,5.9470,62.03,119.00,0.007494
458.7838,5.9470,61.22,119.00,0.007691
458.8576,5.9470,62.03,119.00,0.007743
458.9335,5.9470,62.03,119.00,0.007812
459.0071,5.9470,61.49,119.00,0.007679
459.0860,5.9730,61.76,119.00,0.007866
459.1593,5.9730,61.76,119.00,0.007671
459.2338,5.9730,61.76,119.00,0.007193
459.3094,5.9730,61.76,119.00,0.007724
459.3872,5.9730,61.49,119.00,0.007560
459.4620,5.9730,61.22,119.00,0.007043
459.5426,5.9730,61.76,119.00,0.007374
459.6173,5.9730,62.03,119.00,0.007891
459.6952,5.9730,62.03,119.00,0.008001
459.7704,5.9730,61.76,119.00,0.007240
459.8464,5.9730,61.22,119.00,0.007581
459.9245,5.9730,61.49,119.00,0.007787
460.0001,5.9730,61.22,119.00,0.007653
460.0742,5.9310,61.76,119.00,0.007268
460.1493,5.9310,61.49,119.00,0.007127
460.2232,5.9310,62.30,119.00,0.007735
460.2986,5.9310,61.76,119.00,0.007598
460.3747,5.9310,61.76,119.00,0.007616
460.4549,5.9310,61.22,119.00,0.008049
460.5291,5.9310,61.76,119.00,0.008135
460.6063,5.9310,61.49,119.00,0.007662
460.6819,5.9310,62.03,119.00,0.007893
460.7599,5.9310,61.76,119.00,0.007565
460.8339,5.9310,61.49,119.00,0.007597
460.9115,5.9310,61.76,119.00,0.007654
460.9868,5.9310,61.22,119.00,0.007565
461.0628,6.0080,61.49,119.00,0.007496
461.1381,6.0080,61.49,119.00,0.007399
461.2149,6.0080,61.49,119.00,0.007313
461.2902,6.0080,61.49,120.00,0.007553
461.3673,6.0080,61.49,120.00,0.007375
461.4430,6.0080,61.22,120.00,0.007815
461.5187,6.0080,61.76,120.00,0.007802
461.5960,6.0080,61.76,120.00,0.007204
461.6714,6.0080,61.49,120.00,0.007507
461.7473,6.0080,61.49,120.00,0.007630
461.8225,6.0080,61.76,120.00,0.007695
461.8956,6.0080,61.49,120.00,0.007372
461.9753,6.0080,61.49,120.00,0.007451
462.0510,6.0080,61.76,120.00,0.007813
462.1291,5.9960,61.76,120.00,0.007491
462.2039,5.9960,62.03,120.00,0.007115
462.2831,5.9960,61.22,120.00,0.008044
462.3592,5.9960,62.03,120.00,0.007701
462.4393,5.9960,61.76,120.00,0.007826
462.5119,5.9960,61.76,120.00,0.007083
462.5901,5.9960,61.49,120.00,0.007879
462.6632,5.9960,62.03,119.50,0.007756
462.7387,5.9960,61.49,119.00,0.007200
462.8125,5.9960,61.49,119.50,0.007648
462.8897,5.9960,61.76,119.00,0.007596
462.9623,5.9960,61.76,119.00,0.007236
463.0383,5.9845,61.49,119.00,0.007987
463.1143,5.9730,61.76,119.00,0.007633
463.1895,5.9730,61.49,120.00,0.007665
463.2629,5.9730,61.76,120.00,0.007401
463.3385,5.9730,61.49,120.00,0.007530
463.4150,5.9730,61.22,120.00,0.007855
463.4927,5.9730,62.03,120.00,0.007912
463.5664,5.9730,61.49,120.00,0.007463
463.6421,5.9730,61.76,120.00,0.007354
463.7191,5.9730,61.22,120.00,0.007307
463.7950,5.9730,61.49,120.00,0.007388
463.8671,5.9730,61.49,120.00,0.007312
463.9468,5.9730,61.49,120.00,0.007530
464.0221,5.9580,61.49,120.00,0.007696
464.0985,5.9430,62.03,120.00,0.007786
464.1737,5.9430,61.22,120.00,0.007326
464.2512,5.9430,61.76,120.00,0.007594
464.3249,5.9430,61.22,120.00,0.007873
464.4005,5.9430,61.49,120.00,0.007774
464.4760,5.9430,61.49,119.50,0.007473
464.5541,5.9430,61.49,119.00,0.007601
464.6278,5.9430,61.76,119.00,0.007399
464.7030,5.9430,61.49,119.00,0.007394
464.7792,5.9430,61.49,119.00,0.007857
464.8545,5.9430,61.49,119.00,0.007483
464.9331,5.9430,61.76,119.50,0.007865
465.0078,5.9430,61.22,120.00,0.007285
465.0825,5.9430,61.49,120.00,0.007719
465.1609,5.9430,61.49,119.00,0.007518
465.2363,5.9430,61.49,119.00,0.007451
465.3133,5.9430,61.76,119.00,0.007433
465.3870,5.9430,61.22,119.50,0.007486
465.4648,5.9430,61.76,120.00,0.007611
465.5391,5.9430,61.76,120.00,0.007393
465.6137,5.9430,62.03,120.00,0.007139
465.6894,5.9430,61.76,120.00,0.007904
465.7671,5.9430,61.49,120.00,0.007810
465.8425,5.9430,61.76,119.50,0.007539
465.9180,5.9430,61.76,119.00,0.007435
465.9935,5.9430,61.76,119.00,0.007150
466.0721,5.9580,61.49,119.00,0.007725
466.1465,5.9580,61.49,119.00,0.007266
466.2229,5.9580,61.76,119.00,0.007477
466.2958,5.9580,61.49,119.00,0.007474
466.3714,5.9580,60.95,119.00,0.007532
466.4470,5.9580,61.76,119.00,0.007696
466.5270,5.9580,61.49,119.00,0.007465
466.6030,5.9580,61.49,119.00,0.007593
466.6789,5.9580,61.76,119.00,0.007449
466.7547,5.9580,61.76,119.00,0.007538
466.8305,5.9580,61.76,119.00,0.007625
466.9070,5.9580,61.22,119.00,0.007293
466.9817,5.9580,61.49,119.00,0.007614
467.0553,5.9235,62.30,119.00,0.007896
467.1328,5.8890,61.76,119.00,0.007605
467.2090,5.8890,62.30,119.00,0.008033
467.2862,5.8890,61.76,119.00,0.007367
467.3622,5.8890,61.76,119.00,0.007633
467.4404,5.8890,62.03,119.00,0.007933
467.5142,5.8890,61.22,119.00,0.007570
467.5926,5.8890,61.76,119.00,0.007875
467.6659,5.8890,61.49,119.00,0.007429
467.7436,5.8890,61.49,119.00,0.007514
467.8198,5.8890,61.76,119.00,0.007398
467.8951,5.8890,61.22,119.00,0.007488
467.9691,5.8890,61.49,119.00,0.007214
468.0432,5.8890,61.49,119.00,0.007301
468.1195,5.9215,61.49,119.00,0.007824
468.1976,5.9540,62.03,119.00,0.007504
468.2713,5.9540,61.76,119.00,0.007595
468.3462,5.9540,61.76,119.00,0.007356
468.4222,5.9540,61.76,119.00,0.007603
468.4981,5.9540,61.49,119.00,0.007627
468.5766,5.9540,61.22,119.00,0.007211
468.6552,5.9540,61.76,119.00,0.007673
468.7316,5.9540,61.49,119.00,0.007941
468.8080,5.9540,61.22,119.00,0.007753
468.8821,5.9540,61.22,119.00,0.007501
468.9625,5.9540,61.49,119.00,0.007474
469.0386,5.9330,61.49,119.00,0.007726
469.1148,5.9120,61.76,119.00,0.007424
469.1899,5.9120,61.49,119.00,0.007157
469.2715,5.9120,61.76,119.00,0.007922
469.3466,5.9120,62.03,119.00,0.007941
469.4271,5.9120,61.49,119.00,0.007852
469.5016,5.9120,62.03,119.00,0.007637
469.5798,5.9120,61.49,119.00,0.007324
469.6568,5.9120,61.49,119.00,0.007632
469.7316,5.9120,61.76,119.00,0.007110
469.8068,5.9120,61.49,119.00,0.007107
469.8819,5.9120,61.76,119.00,0.007131
469.9559,5.9120,61.22,119.00,0.007573
470.0344,5.8795,61.22,119.00,0.007551
470.1110,5.8470,61.49,119.00,0.007556
470.1891,5.8470,62.03,119.00,0.007620
470.2656,5.8470,61.49,119.00,0.007616
470.3431,5.8470,62.03,119.00,0.007726
470.4189,5.8470,61.76,119.00,0.007674
470.4946,5.8470,61.49,119.00,0.007417
470.5704,5.8470,62.03,119.00,0.007602
470.6482,5.8470,61.76,119.00,0.007766
470.7216,5.8470,61.76,119.00,0.007666
470.7992,5.8470,61.22,119.00,0.007654
470.8727,5.8470,61.49,119.00,0.007671
470.9476,5.8470,61.49,118.50,0.007245
471.0231,5.8470,61.49,118.00,0.007586
471.1010,5.9280,61.22,118.00,0.007488
471.1744,5.9280,62.03,118.00,0.007742
471.2497,5.9280,62.03,118.50,0.007375
471.3234,5.9280,61.76,119.00,0.007624
471.3998,5.9280,61.49,119.00,0.007928
471.4741,5.9280,62.30,119.00,0.008120
471.5522,5.9280,62.03,119.00,0.007894
471.6263,5.9280,61.76,119.00,0.007666
471.7044,5.9280,61.76,119.00,0.007620
471.7785,5.9280,62.03,119.00,0.007901
471.8539,5.9280,61.49,119.00,0.007166
471.9304,5.9280,61.76,119.00,0.007255
472.0051,5.9280,61.76,119.00,0.007283
472.0779,5.9280,61.22,119.00,0.007260
472.1552,5.9280,61.22,119.00,0.007833
472.2299,5.9280,61.76,119.00,0.007214
472.3064,5.9280,61.49,119.00,0.007226
472.3782,5.9280,61.49,118.50,0.007129
472.4547,5.9280,61.49,118.00,0.007388
472.5324,5.9280,61.22,118.00,0.007621
472.6099,5.9280,61.49,118.00,0.007580
472.6870,5.9280,61.22,118.00,0.007569
472.7622,5.9280,61.22,118.00,0.007495
472.8389,5.9280,61.22,118.50,0.007208
472.9134,5.9280,61.22,119.00,0.007314
472.9871,5.9280,62.03,118.00,0.007605
473.0627,5.9280,61.49,118.00,0.007531
473.1369,5.9280,61.76,118.50,0.007819
473.2129,5.9280,62.03,118.00,0.007900
473.2859,5.9280,61.76,118.00,0.007377
473.3640,5.9280,62.30,118.00,0.007366
473.4386,5.9490,61.76,118.00,0.007708
473.5145,5.9700,62.30,118.00,0.007505
473.5878,5.9700,61.76,118.00,0.007322
473.6630,5.9700,61.49,118.00,0.007559
473.7388,5.9700,61.76,119.00,0.007487
473.8133,5.9700,61.49,118.00,0.007135
473.8855,5.9700,61.76,119.00,0.007150
473.9595,5.9700,61.76,118.00,0.007032
474.0345,5.9700,61.76,118.00,0.007367
474.1103,5.9350,61.49,118.00,0.007728
474.1852,5.9350,61.76,118.00,0.007221
474.2634,5.9350,61.22,118.00,0.008021
474.3386,5.9350,61.22,118.00,0.007668
474.4138,5.9350,61.76,118.00,0.007287
474.4880,5.9350,62.03,118.00,0.007184
474.5623,5.9350,62.03,118.00,0.007418
474.6357,5.9350,61.49,118.00,0.007204
474.7136,5.9350,61.76,118.00,0.007986
474.7893,5.9350,61.76,118.00,0.007714
474.8667,5.9350,61.49,118.50,0.007530
474.9424,5.9350,61.76,118.00,0.007542
475.0204,5.9350,61.76,118.00,0.007690
475.0944,5.9050,61.49,118.00,0.007238
475.1706,5.9050,61.49,118.00,0.007687
475.2437,5.9050,61.76,118.00,0.007425
475.3196,5.9050,61.22,118.00,0.007753
475.3915,5.9050,61.49,118.00,0.007083
475.4653,5.9050,61.22,118.00,0.007202
475.5383,5.9050,61.76,118.00,0.007517
475.6153,5.9050,61.49,118.00,0.007634
475.6907,5.9050,61.49,118.00,0.007354
475.7663,5.9050,61.76,118.00,0.007584
475.8423,5.9050,62.30,118.00,0.007592
475.9202,5.9050,61.76,118.00,0.007528
475.9958,5.9050,61.22,118.00,0.007403
476.0715,5.9160,61.76,118.00,0.007553
476.1468,5.9160,61.49,118.00,0.007490
476.2245,5.9160,61.49,118.00,0.007788
476.2982,5.9160,62.03,118.00,0.007590
476.3753,5.9160,61.49,118.00,0.007168
476.4511,5.9160,61.49,118.00,0.007826
476.5267,5.9160,61.49,118.00,0.007414
476.6026,5.9160,61.49,118.00,0.007383
476.6777,5.9160,61.76,118.00,0.007628
476.7517,5.9160,61.76,118.00,0.007815
476.8268,5.9160,61.49,118.00,0.007454
476.9025,5.9160,61.76,118.00,0.007556
476.9775,5.9160,61.49,118.00,0.007368
477.0507,5.9160,61.49,118.00,0.007298
477.1261,5.9160,62.03,118.00,0.007551
477.1996,5.9160,61.49,118.00,0.007834
477.2748,5.9160,62.03,118.00,0.007833
477.3502,5.9160,62.03,118.00,0.007702
477.4286,5.9160,61.76,118.00,0.007890
477.5020,5.9160,61.49,118.00,0.007516
477.5803,5.9160,61.22,118.00,0.007764
477.6542,5.9160,61.49,118.00,0.007772
477.7307,5.9160,61.22,118.00,0.007802
477.8064,5.9160,62.03,118.00,0.007534
477.8821,5.9160,61.76,118.00,0.007587
477.9564,5.9160,61.22,118.00,0.007735
478.0341,5.9160,62.03,118.00,0.007668
478.1102,5.9160,62.03,118.00,0.008005
478.1858,5.9160,61.49,118.00,0.007342
478.2651,5.9160,61.76,118.00,0.007785
478.3431,5.9160,61.76,118.00,0.007737
478.4193,5.9160,62.03,118.00,0.007985
478.4976,5.9470,62.03,118.00,0.007573
478.5715,5.9470,61.22,118.00,0.007693
478.6496,5.9470,61.49,118.00,0.007779
478.7231,5.9470,61.76,118.00,0.007629
478.7987,5.9470,62.03,118.00,0.007408
478.8733,5.9470,61.76,118.00,0.007090
478.9509,5.9470,61.49,118.00,0.007601
479.0251,5.9430,61.49,118.00,0.007883
479.0996,5.9390,61.49,118.00,0.007005
479.1717,5.9390,61.76,118.00,0.007021
479.2470,5.9390,61.49,118.00,0.008130
479.3222,5.9390,61.76,118.00,0.007718
479.3988,5.9390,62.03,118.00,0.007518
479.4758,5.9390,61.76,118.00,0.007434
479.5516,5.9390,61.76,118.00,0.007791
479.6270,5.9390,61.22,118.00,0.007167
479.7019,5.9390,61.49,118.00,0.007294
479.7754,5.9390,61.49,118.00,0.007660
479.8508,5.9390,61.49,118.00,0.007388
479.9269,5.9390,62.03,117.00,0.007543
480.0054,5.9390,61.76,117.00,0.007455
480.0796,5.9200,61.49,117.50,0.007873
480.1563,5.9200,61.49,118.00,0.008049
480.2352,5.9200,61.49,118.00,0.008015
480.3162,5.9200,61.49,118.00,0.007764
480.3944,5.9200,62.03,118.00,0.007778
480.4766,5.9200,62.30,118.00,0.008380
480.5548,5.9200,61.49,117.00,0.007601
480.6355,5.9200,62.03,117.50,0.007584
480.7120,5.9200,61.49,117.00,0.007468
480.7862,5.9200,61.49,117.00,0.007104
480.8611,5.9200,61.76,117.00,0.008015
480.9443,5.9200,61.76,117.00,0.007254
481.0229,5.9200,62.03,117.00,0.007760
481.1052,5.9200,61.76,117.00,0.007551
481.1854,5.9200,61.22,117.00,0.007633
481.2669,5.9200,61.22,117.00,0.007944
481.3455,5.9200,61.22,117.00,0.008010
481.4261,5.9200,61.49,117.00,0.008027
481.4996,5.9200,61.49,117.00,0.007215
481.5743,5.9200,61.22,117.00,0.007441
481.6508,5.9200,61.76,117.00,0.007215
481.7258,5.9200,62.03,117.00,0.007234
481.7976,5.9200,61.22,117.00,0.007079
481.8747,5.9200,62.03,117.00,0.007478
481.9555,5.9200,61.76,117.00,0.007904
482.0396,5.8895,61.49,117.00,0.007879
482.1191,5.8590,61.22,117.00,0.008193
482.2003,5.8590,61.22,117.50,0.007676
482.2817,5.8590,61.49,117.00,0.007569
482.3636,5.8590,61.49,117.50,0.008124
482.4385,5.8590,61.22,117.00,0.007156
482.5153,5.8590,62.03,117.00,0.007162
482.5908,5.8590,61.22,117.00,0.007193
482.6695,5.8590,61.22,117.00,0.007963
482.7460,5.8590,61.76,117.00,0.008057
482.8269,5.8590,62.03,117.00,0.007793
482.9065,5.8590,61.76,117.00,0.008178
482.9877,5.8590,61.49,117.50,0.007591
483.0639,5.8590,61.76,117.50,0.008162
483.1443,5.8590,61.76,117.00,0.007605
483.2199,5.8590,61.76,117.00,0.007567
483.2974,5.8590,61.76,117.00,0.007102
483.3702,5.8590,62.03,117.00,0.007349
483.4454,5.8590,61.22,117.00,0.007231
483.5196,5.8590,61.22,117.00,0.007419
483.6007,5.8590,61.76,117.00,0.007711
483.6800,5.8590,61.49,117.00,0.008133
483.7613,5.8590,61.49,117.00,0.007817
483.8409,5.8590,61.49,117.00,0.007886
483.9245,5.8590,61.76,117.00,0.007936
484.0023,5.8590,61.76,117.00,0.008219
484.0823,5.8645,61.76,117.00,0.007725
484.1592,5.8700,61.49,117.00,0.007583
484.2396,5.8700,61.76,117.00,0.008200
484.3208,5.8700,61.22,117.00,0.007980
484.4043,5.8700,61.49,117.50,0.007974
484.4856,5.8700,61.49,118.00,0.007710
484.5694,5.8700,61.22,118.00,0.008001
484.6451,5.8700,61.76,118.00,0.007165
484.7260,5.8700,61.49,118.00,0.007542
484.8049,5.8700,61.76,118.00,0.008640
484.8846,5.8700,61.22,118.00,0.008136
484.9644,5.8700,61.49,118.00,0.007815
485.0460,5.8435,61.22,118.00,0.007617
485.1252,5.8170,61.49,118.00,0.007363
485.2077,5.8170,61.49,118.00,0.008277
485.2885,5.8170,61.49,118.00,0.007060
485.3700,5.8170,61.49,118.00,0.007510
485.4514,5.8170,61.22,118.00,0.007740
485.5361,5.8170,61.49,118.00,0.007648
485.6183,5.8170,61.22,118.00,0.008157
485.6997,5.8170,61.76,118.00,0.007848
485.7815,5.8170,61.49,118.00,0.007717
485.8656,5.8170,61.49,118.00,0.008056
485.9447,5.8170,61.76,118.00,0.007931
486.0287,5.8055,61.22,118.00,0.008130
486.1090,5.7940,61.22,118.50,0.008034
486.1908,5.7940,61.49,119.00,0.007699
486.2718,5.7940,61.22,119.00,0.007684
486.3530,5.7940,61.49,119.00,0.007759
486.4315,5.7940,62.03,119.00,0.007919
486.5124,5.7940,61.49,119.00,0.007542
486.5921,5.7940,61.22,119.00,0.007955
486.6735,5.7940,61.49,119.00,0.008021
486.7551,5.7940,61.22,119.00,0.007874
486.8388,5.7940,61.22,119.00,0.008136
486.9171,5.7940,60.95,119.00,0.007684
486.9979,5.7940,61.22,119.00,0.007860
487.0741,5.7940,61.22,119.00,0.007713
487.1497,5.7940,61.49,119.00,0.007004
487.2265,5.7940,61.49,119.00,0.007299
487.3038,5.7940,61.49,119.00,0.007275
487.3782,5.7940,61.22,119.00,0.007135
487.4526,5.7940,61.49,119.00,0.007101
487.5271,5.7940,61.22,119.00,0.007302
487.6039,5.7940,61.49,119.00,0.007427
487.6804,5.7940,61.49,119.00,0.007661
487.7566,5.7940,61.49,119.00,0.008209
487.8304,5.7940,61.76,119.00,0.007713
487.9079,5.7940,61.49,119.00,0.007447
487.9822,5.7940,61.76,119.00,0.007667
488.0584,5.7940,61.76,119.00,0.007316
488.1348,5.7940,61.49,119.00,0.007134
488.2122,5.9200,61.49,119.00,0.007653
488.2859,5.9200,61.49,119.00,0.007830
488.3614,5.9200,61.76,119.00,0.007548
488.4397,5.9200,61.49,119.00,0.007913
488.5161,5.9200,61.76,119.00,0.007579
488.5891,5.9200,62.30,119.00,0.007623
488.6691,5.9200,61.76,119.00,0.007276
488.7450,5.9200,61.49,119.00,0.007276
488.8226,5.9200,61.49,119.00,0.007676
488.8964,5.9200,61.49,119.00,0.007535
488.9749,5.9200,61.76,119.00,0.007859
489.0506,5.9275,61.76,119.00,0.007448
489.1263,5.9350,61.49,119.00,0.007590
489.2003,5.9350,62.03,119.00,0.007175
489.2744,5.9350,61.22,119.00,0.007308
489.3477,5.9350,61.49,119.00,0.007335
489.4224,5.9350,61.22,119.00,0.007363
489.4963,5.9350,61.76,119.00,0.007726
489.5742,5.9350,61.76,119.00,0.007705
489.6490,5.9350,61.49,119.00,0.007224
489.7264,5.9350,61.49,119.00,0.007477
489.8000,5.9350,61.49,119.00,0.007553
489.8754,5.9350,61.76,119.50,0.007077
489.9507,5.9350,61.76,120.00,0.007283
490.0251,5.9350,61.76,120.00,0.007440
490.0973,5.9350,61.49,120.00,0.007503
490.1748,5.9465,61.76,120.00,0.007651
490.2497,5.9580,62.30,120.00,0.007433
490.3275,5.9580,62.03,120.00,0.008121
490.4028,5.9580,61.76,120.00,0.007466
490.4785,5.9580,62.03,120.00,0.007547
490.5529,5.9580,61.49,120.00,0.007543
490.6286,5.9580,62.03,120.00,0.007905
490.7024,5.9580,61.49,120.00,0.007011
490.7789,5.9580,61.76,120.00,0.007282
490.8524,5.9580,61.49,120.00,0.007756
490.9300,5.9580,62.03,120.00,0.007889
491.0061,5.9580,61.76,120.00,0.007537
491.0868,5.9280,61.22,120.00,0.007508
491.1659,5.9280,61.22,120.00,0.007657
491.2469,5.9280,61.49,120.00,0.007791
491.3276,5.9280,61.76,120.00,0.007421
491.4083,5.9280,61.22,120.00,0.007911
491.4856,5.9280,62.03,120.00,0.008113
491.5690,5.9280,61.22,120.00,0.008099
491.6472,5.9280,61.49,121.00,0.007846
491.7315,5.9280,61.22,120.00,0.008090
491.8105,5.9280,61.49,120.00,0.008015
491.8919,5.9280,61.76,120.00,0.007957
491.9727,5.9280,62.03,120.00,0.007959
492.0552,5.9280,61.76,120.00,0.007955
492.1346,5.9280,61.22,120.00,0.007831
492.2157,5.9280,61.22,120.00,0.007966
492.2980,5.9280,61.22,120.00,0.007968
492.3789,5.9280,61.49,120.00,0.007763
492.4589,5.9280,61.49,120.00,0.007987
492.5427,5.9280,61.49,120.00,0.007768
492.6199,5.9280,61.49,120.00,0.008094
492.7042,5.9280,61.49,120.50,0.007781
492.7833,5.9280,61.49,120.00,0.008133
492.8614,5.9280,61.76,120.50,0.007414
492.9406,5.9280,61.49,120.00,0.007763
493.0217,5.9280,61.76,120.00,0.007772
493.1028,5.9280,61.49,120.00,0.007913
493.1852,5.9280,61.22,120.00,0.008081
493.2637,5.9280,61.49,120.00,0.008140
493.3464,5.9280,61.49,120.00,0.007962
493.4257,5.9280,61.49,120.00,0.007913
493.5043,5.9280,61.49,120.00,0.007940
493.5864,5.8860,61.76,120.00,0.008385
493.6683,5.8440,61.49,120.00,0.008019
493.7478,5.8440,61.49,120.00,0.007910
493.8313,5.8440,62.03,120.00,0.007833
493.9074,5.8440,62.30,120.00,0.008058
493.9881,5.8440,61.22,120.00,0.007582
494.0675,5.8820,62.03,120.00,0.007868
494.1512,5.8820,61.22,120.00,0.007621
494.2304,5.8820,61.22,120.00,0.007855
494.3139,5.8820,61.49,120.00,0.008015
494.3954,5.8820,61.22,120.00,0.007894
494.4769,5.8820,61.22,120.00,0.007857
494.5582,5.8820,61.22,120.00,0.007712
494.6391,5.8820,61.22,120.00,0.008140
494.7203,5.8820,61.76,120.00,0.007706
494.8029,5.8820,61.76,120.00,0.007872
494.8817,5.8820,61.49,120.00,0.007643
494.9651,5.8820,61.22,120.00,0.007990
495.0463,5.8130,61.49,120.00,0.007706
495.1279,5.7440,61.22,120.00,0.008170
495.2064,5.7440,61.76,120.00,0.008013
495.2829,5.7440,61.49,120.00,0.007279
495.3556,5.7440,61.76,120.00,0.007264
495.4308,5.7440,61.49,120.00,0.007808
495.5036,5.7440,61.49,120.00,0.007253
495.5803,5.7440,61.22,120.00,0.007366
495.6533,5.7440,61.49,120.00,0.007178
495.7309,5.7440,61.76,120.00,0.007856
495.8119,5.7440,61.22,120.00,0.007920
495.8928,5.7440,61.49,120.00,0.007468
495.9709,5.7440,61.22,120.00,0.007217
496.0477,5.7440,62.03,120.00,0.007317
496.1229,5.7440,61.22,120.00,0.007666
496.2013,5.8820,61.22,120.00,0.007401
496.2786,5.8820,61.49,120.00,0.007703
496.3531,5.8820,61.76,120.00,0.007080
496.4260,5.8820,61.49,120.00,0.007401
496.5020,5.8820,61.49,120.00,0.007667
496.5773,5.8820,62.30,120.00,0.007362
496.6529,5.8820,61.22,120.00,0.008109
496.7266,5.8820,61.49,120.00,0.007571
496.8021,5.8820,61.49,120.00,0.007656
496.8782,5.8820,61.49,120.00,0.007579
496.9578,5.8820,61.49,120.00,0.007668
497.0337,5.8915,61.76,120.00,0.008052
497.1130,5.9010,61.22,120.00,0.007639
497.1851,5.9010,61.76,120.00,0.007071
497.2625,5.9010,61.49,120.00,0.007269
497.3385,5.9010,61.76,120.00,0.007297
497.4141,5.9010,61.22,120.00,0.007564
497.4886,5.9010,61.76,120.00,0.007913
497.5644,5.9010,61.49,120.00,0.007749
497.6382,5.9010,61.49,120.00,0.007489
497.7142,5.9010,61.49,120.00,0.007787
497.7906,5.9010,61.49,120.00,0.007520
497.8669,5.9010,61.49,120.00,0.007699
497.9427,5.9010,61.76,120.00,0.007626
498.0180,5.9010,61.49,120.00,0.007943
498.0920,5.9810,61.49,120.00,0.007175
498.1699,5.9810,61.49,120.00,0.007266
498.2466,5.9810,61.22,120.00,0.007550
498.3266,5.9810,61.49,120.00,0.007766
498.4001,5.9810,61.76,120.00,0.007246
498.4758,5.9810,61.22,120.00,0.007445
498.5516,5.9810,61.22,120.00,0.007811
498.6307,5.9810,61.49,120.00,0.007691
498.7069,5.9810,61.76,120.00,0.007641
498.7863,5.9810,61.49,120.00,0.007303
498.8627,5.9810,61.76,120.00,0.007465
498.9384,5.9810,61.76,120.00,0.007913
499.0120,5.9810,62.03,120.00,0.007072
499.0903,5.8400,61.49,120.00,0.007389
499.1637,5.8400,61.76,120.00,0.007141
499.2416,5.8400,61.22,120.00,0.007636
499.3175,5.8400,61.22,120.00,0.007940
499.3946,5.8400,62.30,120.00,0.007512
499.4702,5.8400,61.76,120.00,0.007596
499.5503,5.8400,61.49,120.00,0.008067
499.6264,5.8400,61.49,120.00,0.007753
499.7028,5.8400,62.03,120.00,0.007460
499.7774,5.8400,61.76,119.50,0.007772
499.8540,5.8400,62.30,119.50,0.007086
499.9263,5.8400,61.76,119.50,0.007021
500.0001,5.8400,61.22,120.00,0.007154
500.0745,5.8400,61.49,119.00,0.007082
500.1505,5.8400,61.49,119.00,0.007347
500.2246,5.8400,62.30,119.00,0.008612
500.3027,5.9090,61.76,119.00,0.007306
500.3760,5.9090,61.49,119.00,0.007393
500.4518,5.9090,61.22,119.00,0.007633
500.5255,5.9090,61.22,119.00,0.007268
500.6032,5.9090,61.22,119.00,0.007426
500.6786,5.9090,61.49,119.00,0.007437
500.7571,5.9090,62.30,119.00,0.007929
500.8351,5.9090,61.22,119.00,0.007427
500.9112,5.9090,61.49,119.00,0.007079
500.9875,5.9090,61.76,119.00,0.007828
501.0636,5.8970,61.76,119.00,0.007394
501.1386,5.8970,61.76,119.50,0.007407
501.2190,5.8970,61.22,119.00,0.007420
501.2948,5.8970,61.49,119.00,0.007550
501.3716,5.8970,61.76,119.00,0.007954
501.4456,5.8970,61.76,119.00,0.007332
501.5230,5.8970,61.49,119.00,0.007718
501.5959,5.8970,61.76,119.00,0.007330
501.6717,5.8970,62.30,119.00,0.007911
501.7469,5.8970,61.49,119.00,0.007644
501.8225,5.8970,61.49,119.00,0.007393
501.8988,5.8970,61.49,119.00,0.007396
501.9758,5.8970,62.03,119.50,0.007258
502.0519,5.9410,61.49,119.00,0.007352
502.1292,5.9850,61.76,119.00,0.007691
502.2076,5.9850,61.76,119.00,0.007886
502.2839,5.9850,61.76,119.00,0.007713
502.3575,5.9850,61.49,119.00,0.007221
502.4344,5.9850,61.22,119.00,0.007347
502.5077,5.9850,61.76,119.00,0.007174
502.5879,5.9850,61.49,119.00,0.007571
502.6646,5.9850,61.76,119.00,0.007794
502.7434,5.9850,61.22,119.00,0.007649
502.8177,5.9850,61.49,119.00,0.007779
502.8948,5.9850,61.49,119.00,0.007409
502.9694,5.9850,61.76,119.00,0.007255
503.0470,5.9850,62.03,119.00,0.007325
503.1256,5.9485,61.76,119.00,0.008167
503.2021,5.9120,62.03,119.00,0.007779
503.2768,5.9120,61.49,119.00,0.007974
503.3535,5.9120,61.76,119.00,0.007570
503.4301,5.9120,61.76,119.00,0.007612
503.5065,5.9120,61.49,119.00,0.007476
503.5830,5.9120,61.76,119.00,0.007804
503.6593,5.9120,62.03,119.00,0.007512
503.7338,5.9120,61.76,119.00,0.007703
503.8124,5.9120,61.76,119.00,0.007817
503.8863,5.9120,61.76,119.00,0.007524
503.9626,5.9120,62.30,119.00,0.007643
504.0388,5.9255,61.49,119.00,0.007459
504.1153,5.9390,61.76,119.00,0.007637
504.1908,5.9390,61.49,119.00,0.007286
504.2670,5.9390,61.49,119.00,0.007440
504.3399,5.9390,61.22,119.00,0.007389
504.4157,5.9390,61.22,119.00,0.007348
504.4916,5.9390,61.49,119.00,0.007270
504.5715,5.9390,62.30,119.00,0.007929
504.6464,5.9390,61.49,119.00,0.007547
504.7262,5.9390,61.49,119.00,0.007421
504.8015,5.9390,61.22,119.00,0.007202
504.8814,5.9390,61.22,119.00,0.007928
504.9579,5.9390,61.22,119.00,0.007694
505.0378,5.9275,61.49,119.00,0.007973
505.1118,5.9160,61.22,119.00,0.007406
505.1896,5.9160,61.22,119.00,0.007662
505.2682,5.9160,61.22,119.00,0.007673
505.3435,5.9160,61.76,119.00,0.007568
505.4171,5.9160,61.49,119.00,0.007181
505.4927,5.9160,61.22,119.00,0.007961
505.5660,5.9160,61.49,119.00,0.007717
505.6461,5.9160,61.49,119.00,0.007235
505.7218,5.9160,61.49,119.00,0.007316
505.7990,5.9160,61.49,119.00,0.007490
505.8733,5.9160,61.49,119.00,0.007697
505.9509,5.9160,61.76,119.00,0.007399
506.0278,5.9295,61.22,119.00,0.007858
506.1025,5.9430,61.22,119.00,0.007172
506.1750,5.9430,61.76,119.00,0.007104
506.2512,5.9430,61.76,119.00,0.007364
506.3295,5.9430,61.76,119.00,0.007528
506.4071,5.9430,62.03,119.00,0.007566
506.4827,5.9430,62.03,119.00,0.007542
506.5625,5.9430,61.76,118.00,0.007203
506.6376,5.9430,61.22,118.50,0.007716
506.7146,5.9430,61.76,118.00,0.007705
506.7906,5.9430,61.49,119.00,0.007412
506.8665,5.9430,61.22,119.00,0.007876
506.9399,5.9430,61.49,119.00,0.007601
507.0153,5.9430,61.76,119.00,0.007251
507.0897,5.8930,61.76,119.00,0.007339
507.1655,5.8930,62.03,119.00,0.007328
507.2399,5.8930,61.76,119.00,0.007423
507.3155,5.8930,61.49,119.00,0.007746
507.3909,5.8930,61.76,119.00,0.007579
507.4676,5.8930,61.22,119.00,0.007508
507.5440,5.8930,61.76,119.00,0.007757
507.6200,5.8930,61.49,118.50,0.007589
507.6945,5.8930,61.76,119.00,0.007297
507.7710,5.8930,61.76,119.00,0.007478
507.8470,5.8930,61.49,118.00,0.007803
507.9240,5.8930,62.03,118.50,0.007258
507.9988,5.8930,61.76,118.00,0.007541
508.0731,5.8930,61.49,118.00,0.007069
508.1459,5.8930,61.76,118.50,0.007711
508.2226,5.9810,61.76,118.00,0.007483
508.2999,5.9810,62.03,118.50,0.008011
508.3748,5.9810,61.76,118.00,0.007560
508.4515,5.9810,61.49,118.00,0.007693
508.5297,5.9810,61.22,118.00,0.007613
508.6059,5.9810,62.03,119.00,0.007712
508.6839,5.9810,61.49,119.00,0.007388
508.7606,5.9810,61.49,119.00,0.007952
508.8356,5.9810,61.49,119.00,0.007271
508.9098,5.9810,61.22,119.00,0.007444
508.9869,5.9810,61.49,119.00,0.007536
509.0631,5.9580,61.49,119.00,0.007394
509.1389,5.9580,62.03,118.00,0.007727
509.2148,5.9580,62.30,118.00,0.007473
509.2929,5.9580,62.03,118.00,0.007764
509.3670,5.9580,61.76,118.00,0.007785
509.4421,5.9580,61.76,118.50,0.007645
509.5183,5.9580,61.76,118.00,0.007567
509.5942,5.9580,62.03,118.00,0.007645
509.6708,5.9580,61.76,118.00,0.007928
509.7470,5.9580,61.49,118.00,0.007873
509.8230,5.9580,61.22,118.00,0.007560
509.8988,5.9580,61.49,118.00,0.007705
509.9748,5.9580,62.30,118.00,0.007834
510.0502,5.9430,62.30,118.00,0.007201
510.1271,5.9280,61.49,118.00,0.007768
510.2067,5.9280,61.49,118.00,0.007764
510.2830,5.9280,61.49,118.00,0.007171
510.3590,5.9280,62.30,118.00,0.007464
510.4318,5.9280,62.03,118.00,0.007046
510.5062,5.9280,61.76,118.00,0.007364
510.5822,5.9280,61.49,118.00,0.007211
510.6593,5.9280,61.49,118.00,0.007882
510.7365,5.9280,61.49,118.00,0.007464
510.8144,5.9280,61.76,118.00,0.007246
510.8924,5.9280,61.76,118.00,0.007697
510.9752,5.9280,61.22,118.00,0.008043
511.0544,5.8725,61.22,118.00,0.007664
511.1366,5.8170,61.22,118.00,0.008073
511.2172,5.8170,61.49,118.00,0.008106
511.2983,5.8170,62.03,118.00,0.007294
511.3744,5.8170,61.76,118.00,0.007477
511.4553,5.8170,61.49,118.00,0.007820
511.5350,5.8170,61.76,118.00,0.007974
511.6153,5.8170,61.76,118.00,0.007873
511.6923,5.8170,61.49,118.00,0.007830
511.7750,5.8170,61.49,118.00,0.007761
511.8568,5.8170,61.49,118.00,0.007986
511.9357,5.8170,61.76,118.00,0.008015
512.0177,5.8170,62.03,118.00,0.007878
512.0948,5.8360,61.22,118.00,0.007236
512.1682,5.8360,61.49,118.00,0.007363
512.2436,5.8360,61.49,118.00,0.007344
512.3184,5.8360,61.49,118.00,0.007735
512.4023,5.8360,61.49,118.00,0.007611
512.4777,5.8360,61.49,118.00,0.007172
512.5544,5.8360,61.49,118.00,0.007364
512.6293,5.8360,61.49,118.00,0.007110
512.7118,5.8360,61.76,118.00,0.007500
512.7937,5.8360,61.49,118.00,0.007744
512.8750,5.8360,61.49,118.00,0.008000
512.9542,5.8360,61.22,118.00,0.007567
513.0368,5.8130,61.49,118.00,0.007807
513.1184,5.7900,61.49,118.00,0.007521
513.1937,5.7900,61.22,118.00,0.007103
513.2697,5.7900,61.49,118.00,0.007780
513.3520,5.7900,61.49,118.00,0.007401
513.4314,5.7900,61.49,118.00,0.007240
513.5128,5.7900,62.03,118.00,0.007679
513.5894,5.7900,61.49,118.00,0.007453
513.6725,5.7900,61.49,118.00,0.007936
513.7515,5.7900,61.76,118.00,0.007635
513.8357,5.7900,61.49,118.00,0.007921
513.9159,5.7900,61.22,118.00,0.007426
513.9997,5.7900,61.22,118.00,0.007793
514.0806,5.7370,61.22,118.00,0.007921
514.1616,5.7370,61.76,118.00,0.008028
514.2429,5.7370,61.22,118.00,0.007718
514.3242,5.7370,61.49,118.00,0.007651
514.3979,5.7370,61.49,118.00,0.007319
514.4799,5.7370,61.49,118.00,0.007873
514.5582,5.7370,61.76,118.00,0.007587
514.6402,5.7370,61.22,118.00,0.007713
514.7234,5.7370,61.22,118.00,0.008221
514.8052,5.7370,61.49,118.00,0.007756
514.8855,5.7370,61.76,118.00,0.008139
514.9674,5.7370,61.76,118.00,0.007883
515.0464,5.7600,61.22,118.00,0.007710
515.1263,5.7830,61.22,118.00,0.007929
515.2060,5.7830,61.76,118.00,0.007696
515.2870,5.7830,61.76,118.00,0.008112
515.3662,5.7830,61.76,118.00,0.007982
515.4479,5.7830,61.49,118.00,0.007648
515.5279,5.7830,61.22,118.00,0.008020
515.6069,5.7830,61.49,118.00,0.007875
515.6861,5.7830,61.49,118.00,0.007518
515.7677,5.7830,61.76,118.00,0.008039
515.8499,5.7830,61.49,118.00,0.008301
515.9311,5.7830,61.22,118.00,0.007784
516.0078,5.7830,61.76,118.00,0.007407
516.0926,5.8780,61.76,118.00,0.007738
516.1726,5.8780,61.22,118.00,0.007914
516.2570,5.8780,61.76,118.00,0.008113
516.3363,5.8780,61.76,118.00,0.007448
516.4181,5.8780,61.22,118.00,0.008038
516.4978,5.8780,61.22,118.00,0.007944
516.5793,5.8780,61.22,118.00,0.007415
516.6559,5.8780,61.76,118.00,0.007522
516.7373,5.8780,61.49,118.00,0.008106
516.8165,5.8780,62.30,118.00,0.007322
516.8924,5.8780,61.22,118.00,0.007749
516.9705,5.8780,61.76,118.00,0.008106
517.0515,5.8320,61.49,118.00,0.007220
517.1280,5.7860,61.22,118.00,0.007301
517.2079,5.7860,61.22,118.00,0.007911
517.2895,5.7860,61.49,118.00,0.007736
517.3661,5.7860,61.49,118.00,0.008147
517.4404,5.7860,61.22,118.00,0.007538
517.5158,5.7860,61.49,118.00,0.007396
517.5900,5.7860,61.49,118.00,0.007227
517.6701,5.7860,62.03,118.00,0.007928
517.7462,5.7860,61.49,118.00,0.007366
517.8223,5.7860,61.22,118.00,0.007654
517.8982,5.7860,61.49,118.00,0.007628
517.9755,5.7860,62.03,118.00,0.007641
518.0492,5.8585,61.76,118.00,0.007462
518.1272,5.9310,61.49,118.00,0.007804
518.2027,5.9310,62.03,118.00,0.007414
518.2778,5.9310,61.22,118.00,0.007105
518.3542,5.9310,61.49,118.00,0.007005
518.4306,5.9310,61.49,118.00,0.007308
518.5071,5.9310,61.76,118.00,0.007603
518.5828,5.9310,61.76,118.00,0.008067
518.6586,5.9310,61.49,118.00,0.007603
518.7346,5.9310,61.49,118.00,0.007425
518.8116,5.9310,61.49,118.00,0.007861
518.8882,5.9310,61.76,118.00,0.007922
518.9624,5.9310,61.22,118.00,0.007772
519.0436,5.9425,61.49,118.00,0.007308
519.1208,5.9540,61.76,118.00,0.007534
519.1977,5.9540,61.22,118.00,0.007624
519.2752,5.9540,61.49,118.00,0.007856
519.3515,5.9540,61.49,118.00,0.007765
519.4262,5.9540,61.76,118.00,0.007747
519.5053,5.9540,61.49,118.00,0.007900
519.5800,5.9540,61.49,118.00,0.007753
519.6587,5.9540,61.76,118.00,0.007570
519.7337,5.9540,61.49,118.00,0.007642
519.8150,5.9540,61.76,118.00,0.007546
519.8918,5.9540,61.22,118.00,0.007974
519.9709,5.9540,61.49,118.00,0.007910
520.0473,5.9330,61.49,118.00,0.007474
520.1238,5.9120,61.76,118.00,0.007759
520.1981,5.9120,61.76,118.00,0.007597
520.2742,5.9120,61.22,118.00,0.007435
520.3504,5.9120,61.76,118.00,0.007434
520.4280,5.9120,61.49,118.00,0.007634
520.5024,5.9120,61.76,118.00,0.007751
520.5796,5.9120,62.30,118.00,0.007292
520.6544,5.9120,61.22,118.00,0.007733
520.7313,5.9120,61.49,118.00,0.007642
520.8071,5.9120,61.49,118.00,0.007679
520.8828,5.9120,61.76,118.00,0.007447
520.9593,5.9120,61.76,118.00,0.007923
521.0374,5.9160,61.49,118.00,0.007948
521.1115,5.9200,61.49,118.00,0.007490
521.1868,5.9200,61.76,118.00,0.007222
521.2627,5.9200,61.49,118.00,0.007907
521.3385,5.9200,61.76,118.00,0.007335
521.4148,5.9200,61.49,118.00,0.007765
521.4902,5.9200,61.49,118.00,0.007549
521.5641,5.9200,61.76,118.00,0.007425
521.6422,5.9200,61.76,118.00,0.007911
521.7182,5.9200,61.76,118.00,0.007704
521.7959,5.9200,61.49,118.00,0.007513
521.8696,5.9200,61.49,118.00,0.007481
521.9501,5.9200,61.49,118.00,0.007676
522.0325,5.9105,61.22,118.00,0.008188
522.1109,5.9010,61.49,118.00,0.007662
522.1899,5.9010,61.22,118.00,0.007693
522.2750,5.9010,61.49,118.00,0.008039
522.3548,5.9010,61.49,118.00,0.008065
522.4372,5.9010,61.76,118.00,0.007265
522.5176,5.9010,61.22,118.00,0.007695
522.5991,5.9010,61.22,118.00,0.007742
522.6779,5.9010,62.03,118.00,0.008256
522.7622,5.9010,61.22,118.00,0.007960
522.8434,5.9010,61.22,118.00,0.007948
522.9270,5.9010,61.49,118.00,0.007562
523.0050,5.9010,61.76,118.00,0.008277
523.0891,5.8510,62.03,118.00,0.008044
523.1688,5.8510,61.22,118.00,0.007786
523.2519,5.8510,61.49,118.00,0.007353
523.3292,5.8510,61.49,118.00,0.008051
523.4127,5.8510,61.76,118.00,0.007954
523.4942,5.8510,61.22,118.00,0.007518
523.5728,5.8510,61.76,118.00,0.007820
523.6554,5.8510,61.22,118.00,0.008199
523.7395,5.8510,62.03,118.00,0.007940
523.8211,5.8510,61.22,118.00,0.007852
523.9026,5.8510,61.49,118.00,0.008126
523.9825,5.8510,61.22,118.00,0.008025
524.0613,5.8055,61.76,118.00,0.007318
524.1346,5.7600,61.76,118.00,0.007443
524.2116,5.7600,61.49,118.00,0.007133
524.2855,5.7600,61.22,118.00,0.007138
524.3688,5.7600,61.49,118.00,0.007724
524.4501,5.7600,61.22,118.00,0.007791
524.5327,5.7600,61.76,118.00,0.007788
524.6114,5.7600,61.49,118.00,0.007538
524.6943,5.7600,61.22,118.00,0.007322
524.7663,5.7600,61.22,118.00,0.007114
524.8454,5.7600,61.22,118.00,0.007365
524.9187,5.7600,61.22,118.00,0.007370
524.9984,5.7600,61.76,118.50,0.007393
525.0802,5.8360,61.22,119.00,0.007628
525.1607,5.8360,61.49,119.00,0.007808
525.2409,5.8360,61.76,119.00,0.007928
525.3239,5.8360,61.49,119.00,0.007548
525.4031,5.8360,60.95,119.00,0.008083
525.4829,5.8360,61.22,119.00,0.008339
525.5616,5.8360,61.76,119.00,0.007427
525.6397,5.8360,61.49,119.00,0.007201
525.7143,5.8360,61.49,119.00,0.007368
525.7922,5.8360,61.22,119.00,0.007822
525.8653,5.8360,61.22,119.00,0.007259
525.9415,5.8360,61.22,119.00,0.007603
526.0150,5.8360,61.22,119.00,0.007637
526.0898,5.8360,61.49,119.00,0.007236
526.1669,5.8360,61.49,119.00,0.007609
526.2421,5.8360,61.22,119.00,0.007636
526.3174,5.8930,61.76,119.00,0.007502
526.3932,5.8930,61.22,119.00,0.007894
526.4668,5.8930,61.49,119.00,0.007647
526.5428,5.8930,61.22,119.00,0.007788
526.6209,5.8930,61.22,119.00,0.007521
526.6984,5.8930,61.22,119.00,0.007150
526.7729,5.8930,61.49,119.00,0.007218
526.8477,5.8930,61.76,119.00,0.007050
526.9225,5.8930,61.76,119.00,0.007329
527.0005,5.8930,61.49,119.00,0.007767
527.0740,5.9120,61.22,119.00,0.007296
527.1505,5.9120,61.76,119.00,0.007150
527.2236,5.9120,61.76,119.00,0.007380
527.2992,5.9120,61.49,119.00,0.007564
527.3743,5.9120,62.03,119.00,0.007390
527.4538,5.9120,61.22,119.50,0.009033
527.5325,5.9120,61.76,120.00,0.007616
527.6158,5.9120,61.22,120.00,0.008434
527.6945,5.9120,61.76,120.00,0.007888
527.7773,5.9120,61.76,120.00,0.007816
527.8574,5.9120,61.76,120.00,0.007991
527.9392,5.9120,61.76,120.00,0.008243
528.0181,5.9120,61.22,120.00,0.007792
528.1027,5.8210,61.49,120.00,0.008371
528.1815,5.8210,60.95,120.00,0.007603
528.2658,5.8210,61.22,120.00,0.007971
528.3456,5.8210,61.49,120.00,0.008054
528.4297,5.8210,61.49,120.00,0.008098
528.5068,5.8210,61.76,120.00,0.007740
528.5868,5.8210,61.49,120.00,0.007866
528.6684,5.8210,61.49,120.00,0.007898
528.7512,5.8210,61.76,120.00,0.008021
528.8311,5.8210,60.95,120.00,0.007736
528.9124,5.8210,61.76,120.00,0.008067
528.9916,5.8210,61.49,120.00,0.007311
529.0732,5.8670,61.22,120.00,0.007247
529.1539,5.8670,61.76,120.00,0.007806
529.2359,5.8670,61.49,120.00,0.008522
529.3189,5.8670,61.49,120.00,0.007857
529.4020,5.8670,61.22,120.00,0.007468
529.4842,5.8670,61.22,120.00,0.007915
529.5669,5.8670,61.22,120.00,0.007793
529.6486,5.8670,62.03,120.00,0.007760
529.7305,5.8670,61.22,120.00,0.007976
529.8124,5.8670,61.49,120.00,0.007852
529.8950,5.8670,61.76,120.00,0.007525
529.9749,5.8670,61.22,120.00,0.007919
530.0534,5.7980,61.49,120.00,0.007324
530.1317,5.7290,61.22,120.00,0.008190
530.2119,5.7290,61.49,119.50,0.007924
530.2890,5.7290,61.49,120.00,0.008010
530.3719,5.7290,61.76,119.00,0.007976
530.4535,5.7290,61.76,119.00,0.007965
530.5355,5.7290,61.76,119.00,0.008139
530.6142,5.7290,61.49,119.50,0.007836
530.6933,5.7290,61.49,120.00,0.007813
530.7726,5.7290,61.49,120.00,0.008209
530.8542,5.7290,61.49,120.00,0.007916
530.9282,5.7290,61.49,120.00,0.007319
531.0040,5.7290,62.03,120.00,0.007274
531.0772,5.7290,61.22,120.00,0.007171
531.1549,5.7290,61.49,120.00,0.007100
531.2289,5.8700,61.76,120.00,0.007402
531.3070,5.8700,61.49,120.00,0.007650
531.3826,5.8700,61.22,120.00,0.007686
531.4605,5.8700,61.22,120.00,0.007365
531.5351,5.8700,61.49,120.00,0.007658
531.6110,5.8700,61.49,120.00,0.007898
531.6874,5.8700,61.22,119.50,0.007251
531.7630,5.8700,61.49,119.00,0.007508
531.8374,5.8700,62.03,119.00,0.007439
531.9160,5.8700,61.49,119.00,0.008047
531.9931,5.8700,61.22,119.00,0.007322
532.0711,5.8990,61.76,119.00,0.007931
532.1476,5.9280,61.22,119.00,0.007748
532.2235,5.9280,61.22,119.00,0.007853
532.2979,5.9280,61.22,119.00,0.007679
532.3760,5.9280,61.49,119.00,0.007755
532.4493,5.9280,61.22,119.00,0.007178
532.5271,5.9280,61.76,119.50,0.007608
532.6027,5.9280,61.49,119.00,0.007399
532.6781,5.9280,61.76,119.00,0.007401
532.7509,5.9280,61.76,119.00,0.007365
532.8269,5.9280,61.22,119.00,0.007325
532.8985,5.9280,61.76,119.50,0.007000
532.9739,5.9280,62.30,119.00,0.007642
533.0479,5.9280,61.49,119.00,0.007287
533.1238,5.9280,61.49,119.00,0.007658
533.1998,5.9280,61.49,119.00,0.007512
533.2753,5.9280,62.30,119.00,0.007581
533.3523,5.9280,61.22,119.00,0.008086
533.4281,5.9280,61.49,119.00,0.008117
533.5021,5.9280,61.76,119.00,0.007592
533.5799,5.9280,61.76,119.00,0.007425
533.6542,5.9280,62.03,119.00,0.007911
533.7305,5.9280,61.49,119.00,0.007211
533.8054,5.9280,61.49,119.00,0.007608
533.8796,5.9280,61.49,119.00,0.007142
533.9552,5.9280,61.49,119.00,0.007661
534.0339,5.8765,61.22,119.00,0.007999
534.1102,5.8250,61.22,119.00,0.007400
534.1858,5.8250,61.76,119.00,0.007648
534.2620,5.8250,61.76,119.00,0.007529
534.3403,5.8250,61.76,119.50,0.007942
534.4141,5.8250,61.49,119.00,0.007724
534.4924,5.8250,61.76,119.00,0.007862
534.5687,5.8250,61.49,119.00,0.007849
534.6443,5.8250,61.49,119.00,0.007874
534.7262,5.8250,61.22,119.00,0.007453
534.8067,5.8250,61.49,119.00,0.007533
534.8829,5.8250,60.95,119.00,0.007077
534.9594,5.8250,61.22,119.00,0.007302
535.0348,5.8250,62.03,119.00,0.007647
535.1108,5.8250,61.49,119.00,0.008035
535.1910,5.8670,61.49,119.00,0.007817
535.2669,5.8670,61.76,119.00,0.007286
535.3470,5.8670,61.49,119.00,0.007276
535.4274,5.8670,61.76,119.00,0.007752
535.5072,5.8670,61.22,119.00,0.007726
535.5881,5.8670,61.22,119.00,0.007818
535.6673,5.8670,61.22,119.00,0.007993
535.7505,5.8670,61.49,119.00,0.007681
535.8301,5.8670,61.22,119.00,0.007421
535.9109,5.8670,61.22,119.00,0.007302
535.9922,5.8670,61.22,119.00,0.007859
536.0742,5.7670,62.03,119.00,0.007879
536.1505,5.7670,61.49,119.00,0.007597
536.2288,5.7670,61.49,119.00,0.007862
536.3027,5.7670,61.49,119.00,0.007562
536.3811,5.7670,61.49,119.00,0.007784
536.4578,5.7670,61.49,119.00,0.007647
536.5338,5.7670,61.49,119.00,0.007729
536.6099,5.7670,61.22,119.00,0.007629
536.6875,5.7670,61.49,119.00,0.007602
536.7638,5.7670,61.76,119.00,0.007444
536.8422,5.7670,62.03,119.00,0.007904
536.9189,5.7670,61.76,119.00,0.007916
536.9945,5.7670,61.76,119.00,0.007627
537.0705,5.9280,61.76,119.00,0.007136
537.1473,5.9280,61.49,119.00,0.007529
537.2237,5.9280,61.49,119.00,0.008248
537.3048,5.9280,61.22,119.00,0.007904
537.3866,5.9280,62.03,119.00,0.007920
537.4671,5.9280,61.76,119.00,0.007618
537.5498,5.9280,61.76,119.00,0.008157
537.6340,5.9280,61.49,119.00,0.008398
537.7152,5.9280,61.49,119.00,0.007978
537.7983,5.9280,61.22,119.00,0.007663
537.8737,5.9280,61.49,119.00,0.007665
537.9512,5.9280,61.22,119.00,0.007889
538.0276,5.8860,61.49,119.00,0.008258
538.1035,5.8440,61.76,119.00,0.007689
538.1790,5.8440,61.49,119.00,0.007767
538.2565,5.8440,61.76,119.00,0.007848
538.3350,5.8440,61.76,119.00,0.007313
538.4094,5.8440,61.49,119.00,0.007504
538.4847,5.8440,61.49,119.00,0.007497
538.5624,5.8440,61.49,119.00,0.007582
538.6417,5.8440,61.22,119.00,0.008190
538.7232,5.8440,61.76,119.00,0.007423
538.8030,5.8440,61.22,119.00,0.008018
538.8863,5.8440,62.30,119.00,0.007977
538.9672,5.8440,61.22,119.00,0.008044
539.0482,5.7885,61.22,119.00,0.007703
539.1284,5.7330,61.49,119.00,0.007753
539.2110,5.7330,61.22,119.00,0.007508
539.2924,5.7330,61.22,118.50,0.007774
539.3752,5.7330,61.22,118.00,0.008142
539.4539,5.7330,61.22,118.00,0.007557
539.5366,5.7330,61.49,118.00,0.007569
539.6180,5.7330,61.22,118.00,0.007524
539.6985,5.7330,61.22,118.00,0.007132
539.7748,5.7330,61.22,119.00,0.007792
539.8544,5.7330,62.03,119.00,0.007972
539.9364,5.7330,61.22,119.00,0.007961
540.0198,5.7330,61.22,119.00,0.008018
540.1016,5.8360,61.49,119.00,0.008031
540.1806,5.8360,61.49,118.50,0.007780
540.2608,5.8360,61.49,119.00,0.007635
540.3430,5.8360,61.49,119.00,0.007308
540.4189,5.8360,61.22,119.00,0.007643
540.4992,5.8360,61.49,119.00,0.007852
540.5780,5.8360,62.03,119.00,0.007615
540.6612,5.8360,61.49,119.00,0.008157
540.7404,5.8360,61.49,119.00,0.007813
540.8233,5.8360,61.22,119.00,0.008223
540.9042,5.8360,61.22,119.00,0.008354
540.9864,5.8360,61.22,119.00,0.007522
541.0662,5.7995,61.76,119.00,0.007795
541.1486,5.7630,61.49,119.00,0.007981
541.2293,5.7630,61.49,119.00,0.007801
541.3101,5.7630,61.49,119.00,0.007984
541.3878,5.7630,61.49,119.00,0.007049
541.4619,5.7630,61.49,119.00,0.007249
541.5381,5.7630,61.22,119.00,0.007186
541.6188,5.7630,61.49,119.00,0.007074
541.6931,5.7630,61.76,119.00,0.007205
541.7707,5.7630,61.49,119.00,0.007558
541.8448,5.7630,61.49,119.00,0.007637
541.9253,5.7630,61.49,119.00,0.008271
542.0045,5.7630,61.22,119.00,0.007404
542.0869,5.9510,61.49,119.00,0.007926
542.1688,5.9510,61.49,119.00,0.007854
542.2514,5.9510,61.22,119.00,0.007851
542.3278,5.9510,61.49,119.00,0.007205
542.4020,5.9510,61.76,119.00,0.007370
542.4792,5.9510,61.22,119.00,0.007772
542.5585,5.9510,62.03,119.00,0.007883
542.6384,5.9510,61.22,119.00,0.007845
542.7182,5.9510,61.22,119.00,0.007704
542.7996,5.9510,61.49,119.00,0.007587
542.8809,5.9510,61.22,119.00,0.007790
542.9610,5.9510,61.22,119.00,0.007853
543.0434,5.8780,61.49,119.00,0.007999
543.1225,5.8050,62.30,119.00,0.007691
543.2070,5.8050,61.49,119.00,0.007915
543.2886,5.8050,61.22,119.00,0.007834
543.3714,5.8050,61.49,119.00,0.007967
543.4485,5.8050,61.22,119.00,0.008051
543.5330,5.8050,60.95,119.00,0.007898
543.6145,5.8050,61.76,119.00,0.007820
543.6943,5.8050,61.49,119.00,0.007253
543.7691,5.8050,61.49,119.00,0.007082
543.8472,5.8050,61.22,119.00,0.007799
543.9241,5.8050,61.22,119.00,0.007821
544.0064,5.8050,61.22,119.00,0.007823
544.0865,5.8360,61.49,119.50,0.008068
544.1674,5.8360,61.22,120.00,0.007738
544.2468,5.8360,61.49,120.00,0.007860
544.3274,5.8360,61.22,120.00,0.007636
544.4062,5.8360,61.49,120.00,0.008112
544.4889,5.8360,61.49,120.00,0.007333
544.5700,5.8360,61.22,120.00,0.007765
544.6506,5.8360,61.49,120.00,0.007326
544.7284,5.8360,61.49,120.00,0.008325
544.8094,5.8360,61.76,120.00,0.007645
544.8890,5.8360,61.76,120.00,0.007821
544.9727,5.8360,61.76,120.00,0.007990
545.0514,5.8360,61.22,120.00,0.007221
545.1308,5.8360,61.22,120.00,0.007764
545.2072,5.8360,61.49,120.00,0.007414
545.2834,5.8360,61.76,120.00,0.007969
545.3592,5.8360,61.76,120.00,0.007427
545.4341,5.8360,61.22,120.00,0.007243
545.5084,5.8360,61.49,120.00,0.007014
545.5824,5.8360,61.49,120.00,0.007223
545.6599,5.8360,61.22,120.00,0.007594
545.7354,5.8360,61.76,120.00,0.007574
545.8112,5.8360,61.49,120.00,0.007592
545.8854,5.8360,61.22,120.00,0.007012
545.9584,5.8360,61.49,120.00,0.007486
546.0343,5.8360,61.22,120.00,0.007016
546.1109,5.8360,61.49,120.00,0.007440
546.1866,5.8360,62.03,120.00,0.007352
546.2677,5.8360,61.22,120.00,0.007849
546.3509,5.8360,61.22,120.00,0.008016
546.4280,5.8360,61.76,120.00,0.008444
546.5101,5.8685,61.49,120.00,0.007715
546.5907,5.9010,61.22,120.00,0.007662
546.6728,5.9010,61.22,120.50,0.008190
546.7545,5.9010,61.49,121.00,0.008055
546.8384,5.9010,61.49,121.00,0.007780
546.9184,5.9010,61.76,121.00,0.008191
546.9989,5.9010,61.22,121.00,0.007718
547.0793,5.7940,61.49,121.00,0.007816
547.1599,5.7940,61.49,121.00,0.007910
547.2418,5.7940,61.22,121.00,0.007877
547.3233,5.7940,61.49,121.00,0.007665
547.4053,5.7940,61.22,121.00,0.007752
547.4870,5.7940,61.49,121.00,0.008010
547.5670,5.7940,61.22,121.00,0.007968
547.6468,5.7940,61.49,121.00,0.007757
547.7285,5.7940,61.49,121.00,0.007851
547.8109,5.7940,61.49,121.00,0.007813
547.8907,5.7940,61.22,121.00,0.007455
547.9712,5.7940,61.22,121.00,0.007596
548.0497,5.7845,61.22,121.00,0.007490
548.1312,5.7750,61.76,121.00,0.008094
548.2063,5.7750,61.22,121.00,0.007288
548.2830,5.7750,61.76,121.00,0.007291
548.3623,5.7750,61.49,121.00,0.007854
548.4390,5.7750,61.22,121.00,0.007740
548.5145,5.7750,61.22,121.00,0.007765
548.5904,5.7750,61.22,121.00,0.007100
548.6706,5.7750,61.76,121.00,0.007311
548.7458,5.7750,61.22,121.00,0.007760
548.8215,5.7750,62.03,121.00,0.007507
548.9014,5.7750,61.22,121.00,0.007964
548.9780,5.7750,62.03,121.00,0.007917
549.0575,5.8550,61.22,121.00,0.007040
549.1304,5.9350,61.76,121.00,0.006999
549.2055,5.9350,61.76,121.00,0.007218
549.2796,5.9350,61.49,121.00,0.007481
549.3603,5.9350,61.22,121.00,0.007975
549.4400,5.9350,61.22,121.00,0.008140
549.5205,5.9350,61.49,121.00,0.007573
549.5981,5.9350,61.22,121.00,0.008180
549.6816,5.9350,61.22,121.00,0.007744
549.7632,5.9350,61.49,121.00,0.007630
549.8454,5.9350,61.22,121.00,0.008034
549.9196,5.9350,61.49,121.00,0.007115
549.9943,5.9350,62.03,121.00,0.007353
550.0696,5.9350,61.22,121.00,0.007266
550.1490,5.8570,61.49,121.00,0.007944
550.2296,5.7790,61.22,121.00,0.009277
550.3115,5.7790,61.49,121.00,0.008033
550.3919,5.7790,61.49,121.00,0.007528
550.4754,5.7790,61.22,121.00,0.008114
550.5508,5.7790,61.49,121.00,0.007447
550.6258,5.7790,61.49,121.00,0.007142
550.7018,5.7790,61.49,121.00,0.007348
550.7831,5.7790,61.49,121.00,0.007617
550.8649,5.7790,61.49,121.50,0.007697
550.9461,5.7790,61.22,122.00,0.007775
551.0198,5.7790,61.22,121.50,0.007870
551.0959,5.7830,61.76,121.00,0.007219
551.1725,5.7830,61.49,121.00,0.007831
551.2526,5.7830,61.49,121.00,0.007881
551.3282,5.7830,61.49,121.00,0.007573
551.4066,5.7830,61.76,121.00,0.008047
551.4804,5.7830,61.22,121.00,0.007508
551.5586,5.7830,61.49,121.00,0.007491
551.6363,5.7830,62.03,121.00,0.007781
551.7147,5.7830,61.76,122.00,0.007799
551.7907,5.7830,61.22,122.00,0.007980
551.8708,5.7830,62.03,122.00,0.007596
551.9466,5.7830,61.49,122.00,0.007749
552.0229,5.8305,61.49,122.00,0.008239
552.0956,5.8780,61.49,122.00,0.007069
552.1699,5.8780,61.76,122.00,0.007349
552.2471,5.8780,61.49,121.00,0.007398
552.3224,5.8780,61.22,121.00,0.007362
552.3992,5.8780,61.49,121.50,0.007915
552.4763,5.8780,61.49,121.00,0.007584
552.5501,5.8780,61.22,121.00,0.007776
552.6277,5.8780,61.22,121.00,0.007415
552.7019,5.8780,61.22,121.00,0.007815
552.7799,5.8780,61.22,121.50,0.007695
552.8564,5.8780,61.76,121.00,0.007663
552.9321,5.8780,62.30,121.00,0.007581
553.0053,5.8780,61.49,121.00,0.007751
553.0845,5.9310,61.22,121.00,0.008054
553.1599,5.9310,61.49,121.00,0.007368
553.2375,5.9310,61.49,121.00,0.007531
553.3113,5.9310,62.03,121.00,0.007878
553.3912,5.9310,61.49,121.00,0.007708
553.4669,5.9310,62.03,121.50,0.007367
553.5419,5.9310,61.22,121.50,0.007247
553.6154,5.9310,61.76,121.00,0.007586
553.6902,5.9310,62.03,121.00,0.007474
553.7646,5.9310,61.49,121.00,0.007808
553.8403,5.9310,61.49,121.00,0.008089
553.9145,5.9310,62.03,121.00,0.007799
553.9916,5.9310,62.03,121.00,0.007842
554.0656,5.9620,61.22,121.00,0.007359
554.1427,5.9620,61.76,121.00,0.007511
554.2166,5.9620,61.49,121.00,0.007995
554.2924,5.9620,61.76,121.00,0.007708
554.3657,5.9620,61.76,121.00,0.007392
554.4430,5.9620,61.76,121.00,0.007598
554.5186,5.9620,61.49,121.00,0.007641
554.5947,5.9620,61.49,121.00,0.007682
554.6705,5.9620,61.49,121.00,0.007562
554.7507,5.9620,61.49,121.00,0.007996
554.8291,5.9620,61.49,121.00,0.008016
554.9072,5.9620,61.49,121.00,0.007949
554.9804,5.9620,61.49,121.00,0.007489
555.0557,5.9335,61.76,121.00,0.007116
555.1296,5.9050,61.49,121.00,0.007271
555.2062,5.9050,61.76,121.00,0.007080
555.2795,5.9050,61.76,121.00,0.007738
555.3558,5.9050,61.76,121.00,0.007300
555.4311,5.9050,61.22,121.00,0.007426
555.5067,5.9050,61.49,121.00,0.007631
555.5813,5.9050,61.76,121.00,0.007596
555.6590,5.9050,62.03,121.00,0.007627
555.7346,5.9050,61.22,121.00,0.007471
555.8107,5.9050,61.22,121.00,0.007838
555.8862,5.9050,61.49,121.00,0.007617
555.9628,5.9050,61.49,121.00,0.007296
556.0358,5.9050,61.76,121.00,0.007291
556.1100,5.9050,61.49,121.00,0.007327
556.1883,5.9050,61.49,121.00,0.007836
556.2626,5.9050,62.03,121.00,0.007091
556.3352,5.9050,61.76,121.00,0.007374
556.4096,5.9050,62.03,121.00,0.007514
556.4859,5.9050,61.76,121.00,0.007839
556.5675,5.9050,61.49,121.00,0.008126
556.6467,5.9050,61.76,121.00,0.007828
556.7283,5.9050,61.49,121.00,0.007765
556.8104,5.9050,61.49,121.00,0.008179
556.8918,5.9050,61.76,121.00,0.007972
556.9705,5.9050,61.49,121.00,0.007783
557.0553,5.9050,61.76,121.00,0.007859
557.1350,5.9050,61.76,121.00,0.007965
557.2167,5.9050,61.22,121.00,0.007665
557.2965,5.9050,61.49,121.00,0.007825
557.3744,5.9050,61.76,121.00,0.007740
557.4543,5.9050,61.22,121.00,0.007800
557.5367,5.9050,61.76,121.00,0.007380
557.6136,5.9050,61.22,121.00,0.007188
557.6953,5.9050,61.22,121.00,0.008131
557.7728,5.9050,61.76,121.00,0.007408
557.8564,5.9050,61.49,121.00,0.007580
557.9359,5.9050,61.49,121.00,0.007772
558.0148,5.9050,61.22,121.00,0.007744
558.0953,5.9050,61.22,121.00,0.007825
558.1779,5.8550,61.76,121.00,0.007497
558.2587,5.8550,61.22,121.00,0.007964
558.3401,5.8550,61.76,121.00,0.007633
558.4192,5.8550,61.76,121.00,0.007752
558.4973,5.8550,61.76,121.00,0.007689
558.5757,5.8550,61.49,121.00,0.007974
558.6527,5.8550,61.22,121.00,0.008017
558.7286,5.8550,61.76,121.00,0.007711
558.8064,5.8550,61.22,121.00,0.007314
558.8828,5.8550,61.49,121.00,0.007587
558.9589,5.8550,61.49,121.00,0.007108
559.0321,5.8550,61.76,121.00,0.007067
559.1061,5.8550,61.22,121.00,0.007228
559.1801,5.8820,61.49,121.00,0.007616
559.2586,5.9090,61.76,121.00,0.007547
559.3350,5.9090,61.49,121.00,0.007912
559.4150,5.9090,61.49,121.00,0.007546
559.4902,5.9090,61.22,121.00,0.007109
559.5705,5.9090,61.49,121.00,0.007630
559.6447,5.9090,61.76,121.00,0.008050
559.7230,5.9090,61.49,121.00,0.007748
559.7985,5.9090,62.03,121.00,0.007510
559.8752,5.9090,61.49,121.00,0.007769
559.9512,5.9090,61.76,121.00,0.007857
560.0270,5.9200,61.22,121.00,0.007664
560.1031,5.9310,61.49,121.00,0.007465
560.1819,5.9310,61.49,121.00,0.007821
560.2582,5.9310,61.49,121.00,0.007896
560.3338,5.9310,61.49,121.00,0.007595
560.4112,5.9310,60.95,122.00,0.007646
560.4871,5.9310,61.76,122.00,0.007705
560.5653,5.9310,62.03,122.00,0.007903
560.6436,5.9310,61.49,122.00,0.007698
560.7192,5.9310,61.49,122.00,0.007499
560.7953,5.9310,61.76,122.00,0.007939
560.8712,5.9310,61.76,122.00,0.007613
560.9472,5.9310,62.03,122.00,0.007666
561.0234,5.9310,61.22,122.00,0.007631
561.1028,5.9310,61.49,122.00,0.007842
561.1809,5.9310,62.03,122.00,0.008058
561.2589,5.9310,61.49,122.00,0.007720
561.3349,5.9310,61.22,122.00,0.007246
561.4102,5.9310,61.49,122.00,0.007655
561.4865,5.9310,61.22,122.00,0.008432
561.5622,5.9310,61.76,122.00,0.007684
561.6363,5.9310,61.22,122.00,0.007789
561.7119,5.9310,61.49,122.00,0.007652
561.7878,5.9310,61.22,122.00,0.007823
561.8639,5.9310,61.22,122.00,0.007282
561.9380,5.9310,61.76,122.00,0.007635
562.0154,5.9310,62.30,122.00,0.007643
562.0901,5.9470,61.76,122.00,0.007594
562.1661,5.9470,62.03,122.00,0.007370
562.2431,5.9470,61.49,122.00,0.008097
562.3182,5.9470,61.76,122.00,0.007566
562.3929,5.9470,62.03,122.00,0.007362
562.4710,5.9470,61.76,122.00,0.007795
562.5476,5.9470,61.76,122.00,0.007844
562.6226,5.9470,61.22,122.00,0.007494
562.6987,5.9470,61.49,122.00,0.007616
562.7750,5.9470,62.03,122.00,0.007678
562.8483,5.9470,61.22,122.00,0.007404
562.9225,5.9470,61.76,122.00,0.007087
562.9972,5.9470,61.49,122.00,0.007216
563.0721,5.9680,62.03,122.00,0.007626
563.1501,5.9890,62.03,122.00,0.008097
563.2285,5.9890,61.76,122.00,0.008160
563.3023,5.9890,61.49,122.00,0.007694
563.3802,5.9890,61.22,122.00,0.007406
563.4562,5.9890,61.76,122.00,0.007484
563.5315,5.9890,60.95,122.00,0.007557
563.6070,5.9890,61.22,122.00,0.007198
563.6840,5.9890,61.49,122.00,0.007357
563.7584,5.9890,61.49,122.00,0.007077
563.8351,5.9890,61.22,122.00,0.007311
563.9076,5.9890,62.03,122.00,0.007106
563.9824,5.9890,62.03,121.50,0.007751
564.0589,5.9640,62.03,121.00,0.007636
564.1349,5.9390,61.22,121.50,0.007432
564.2110,5.9390,62.03,122.00,0.007476
564.2863,5.9390,61.49,122.00,0.007518
564.3603,5.9390,61.22,122.00,0.007523
564.4361,5.9390,61.76,122.00,0.007669
564.5127,5.9390,61.22,121.50,0.007835
564.5912,5.9390,61.49,121.50,0.007951
564.6670,5.9390,61.49,121.00,0.007488
564.7428,5.9390,61.76,121.50,0.007379
564.8185,5.9390,62.03,121.00,0.007424
564.8967,5.9390,61.76,121.50,0.007788
564.9708,5.9390,61.76,122.00,0.007866
565.0462,5.9160,61.22,122.00,0.007450
565.1228,5.8930,61.49,121.00,0.007372
565.1981,5.8930,61.49,121.00,0.007762
565.2744,5.8930,61.49,121.00,0.007629
565.3502,5.8930,61.76,121.00,0.007644
565.4259,5.8930,61.76,121.00,0.007715
565.5016,5.8930,61.76,121.00,0.007755
565.5770,5.8930,61.22,121.00,0.007022
565.6519,5.8930,61.76,121.00,0.007024
565.7274,5.8930,61.22,121.00,0.007537
565.8021,5.8930,62.03,121.00,0.007344
565.8759,5.8930,61.76,121.00,0.007376
565.9566,5.8930,61.22,121.00,0.007694
566.0329,5.8760,62.03,121.00,0.007596
566.1112,5.8590,61.22,121.00,0.007752
566.1875,5.8590,61.49,121.00,0.007785
566.2654,5.8590,61.22,121.00,0.007293
566.3377,5.8590,61.76,121.00,0.007106
566.4139,5.8590,61.49,121.00,0.007203
566.4895,5.8590,61.22,121.00,0.007331
566.5669,5.8590,61.76,121.00,0.007394
566.6429,5.8590,61.49,121.00,0.007637
566.7185,5.8590,61.49,121.00,0.007533
566.7954,5.8590,61.76,121.00,0.007818
566.8731,5.8590,62.03,121.00,0.007874
566.9488,5.8590,61.49,121.00,0.007676
567.0248,5.8780,61.76,121.00,0.008049
567.0994,5.8970,62.03,121.00,0.007768
567.1757,5.8970,62.03,121.00,0.007834
567.2522,5.8970,61.76,121.00,0.007426
567.3272,5.8970,61.76,121.00,0.007589
567.4034,5.8970,61.76,121.00,0.007587
567.4814,5.8970,61.76,121.00,0.007507
567.5609,5.8970,61.22,121.00,0.007929
567.6393,5.8970,62.03,121.00,0.007691
567.7155,5.8970,61.49,121.00,0.007577
567.7929,5.8970,61.49,121.00,0.007720
567.8676,5.8970,61.76,121.00,0.007914
567.9485,5.8970,61.49,121.00,0.007748
568.0226,5.8930,61.49,121.00,0.007851
568.0989,5.8890,61.22,121.00,0.007403
568.1752,5.8890,62.03,121.00,0.007454
568.2504,5.8890,61.22,121.00,0.007467
568.3221,5.8890,61.49,121.00,0.007032
568.3975,5.8890,61.49,121.00,0.007248
568.4711,5.8890,61.49,121.00,0.007635
568.5466,5.8890,61.76,121.00,0.007511
568.6200,5.8890,61.22,121.00,0.007045
568.6944,5.8890,62.03,121.00,0.007316
568.7676,5.8890,61.49,121.00,0.007586
568.8430,5.8890,62.03,121.00,0.007389
568.9192,5.8890,61.22,121.00,0.007921
568.9988,5.8890,61.76,121.00,0.007658
569.0732,5.9280,61.76,121.00,0.007851
569.1504,5.9280,61.76,121.00,0.007398
569.2263,5.9280,61.22,121.00,0.007497
569.3024,5.9280,62.03,121.00,0.007880
569.3789,5.9280,61.76,121.00,0.007617
569.4566,5.9280,61.76,121.00,0.007947
569.5347,5.9280,61.49,121.00,0.007972
569.6177,5.9280,62.03,121.00,0.007888
569.6984,5.9280,61.22,121.00,0.008103
569.7817,5.9280,61.76,121.00,0.007720
569.8610,5.9280,61.49,121.00,0.007879
569.9421,5.9280,61.49,121.00,0.008110
570.0204,5.9280,61.49,121.00,0.007793
570.0991,5.8890,61.76,121.00,0.007744
570.1752,5.8890,61.22,121.00,0.007810
570.2514,5.8890,62.03,121.00,0.007885
570.3277,5.8890,61.76,121.00,0.007857
570.4053,5.8890,61.76,121.00,0.007787
570.4816,5.8890,61.76,121.00,0.007547
570.5607,5.8890,62.03,121.00,0.007365
570.6335,5.8890,61.76,121.00,0.007607
570.7102,5.8890,61.76,121.00,0.007043
570.7839,5.8890,61.49,121.00,0.007312
570.8597,5.8890,61.49,121.00,0.007525
570.9354,5.8890,62.30,121.00,0.007451
571.0095,5.8890,61.49,121.00,0.007166
571.0821,5.8890,61.76,121.00,0.007303
571.1581,5.8890,62.03,121.00,0.007034
571.2336,5.8890,61.76,121.00,0.007666
571.3116,5.9240,62.03,121.00,0.007780
571.3860,5.9240,61.22,121.00,0.007303
571.4647,5.9240,61.22,121.00,0.007628
571.5429,5.9240,61.49,121.00,0.007985
571.6232,5.9240,62.03,121.00,0.008014
571.7005,5.9240,61.76,121.00,0.007882
571.7793,5.9240,61.22,121.00,0.007754
571.8546,5.9240,61.49,121.00,0.007417
571.9310,5.9240,61.76,120.50,0.007618
572.0058,5.9240,61.76,120.50,0.007651
572.0867,5.9540,61.22,120.50,0.007667
572.1615,5.9540,61.76,120.00,0.007610
572.2396,5.9540,62.03,120.00,0.007611
572.3148,5.9540,61.22,120.50,0.008056
572.3907,5.9540,61.76,120.00,0.007727
572.4670,5.9540,61.76,120.50,0.007591
572.5456,5.9540,61.49,121.00,0.008015
572.6218,5.9540,61.49,121.00,0.007917
572.6991,5.9540,61.22,121.00,0.007547
572.7735,5.9540,61.49,120.00,0.007601
572.8518,5.9540,61.49,120.00,0.007497
572.9282,5.9540,61.76,120.00,0.007805
573.0026,5.9540,61.22,120.00,0.007166
573.0796,5.9295,61.22,120.00,0.008034
573.1553,5.9050,62.03,120.00,0.007530
573.2298,5.9050,61.76,120.00,0.007371
573.3070,5.9050,61.49,120.00,0.007150
573.3798,5.9050,61.76,120.00,0.007010
573.4547,5.9050,62.30,120.00,0.007292
573.5298,5.9050,62.03,120.00,0.007438
573.6059,5.9050,61.76,120.00,0.007677
573.6822,5.9050,61.49,120.00,0.007545
573.7579,5.9050,61.76,120.00,0.007687
573.8324,5.9050,61.76,120.00,0.007614
573.9114,5.9050,61.49,120.00,0.007581
573.9853,5.9050,62.03,120.00,0.007437
574.0637,5.9660,61.49,120.00,0.007834
574.1367,5.9660,62.03,120.00,0.007129
574.2116,5.9660,61.76,120.00,0.007489
574.2866,5.9660,61.22,120.00,0.007675
574.3623,5.9660,61.22,120.00,0.007643
574.4388,5.9660,61.22,120.00,0.007758
574.5185,5.9660,61.76,120.00,0.007865
574.5923,5.9660,62.03,120.00,0.007496
574.6675,5.9660,61.76,120.00,0.007154
574.7444,5.9660,61.76,120.00,0.007530
574.8197,5.9660,61.76,120.00,0.007690
574.8943,5.9660,61.49,120.00,0.007728
574.9703,5.9660,62.03,120.00,0.007300
575.0447,5.9470,61.76,120.00,0.007546
575.1244,5.9280,62.03,120.00,0.007495
575.1983,5.9280,61.76,120.00,0.007628
575.2735,5.9280,61.49,120.00,0.007057
575.3509,5.9280,61.76,120.00,0.007268
575.4273,5.9280,61.76,120.00,0.007207
575.5030,5.9280,61.22,120.00,0.007802
575.5807,5.9280,62.03,120.00,0.007667
575.6587,5.9280,61.49,120.00,0.007471
575.7369,5.9280,62.03,120.00,0.008057
575.8106,5.9280,61.49,120.00,0.007728
575.8870,5.9280,61.76,120.00,0.007897
575.9629,5.9280,61.76,120.00,0.007617
576.0408,5.9085,61.49,120.00,0.007792
576.1156,5.8890,61.49,120.00,0.007743
576.1910,5.8890,62.30,120.00,0.007862
576.2634,5.8890,62.03,120.00,0.007142
576.3377,5.8890,61.49,120.00,0.007021
576.4109,5.8890,61.76,120.00,0.007675
576.4860,5.8890,61.76,120.00,0.007519
576.5642,5.8890,61.49,120.00,0.007620
576.6423,5.8890,61.49,120.00,0.007731
576.7177,5.8890,61.49,120.00,0.007679
576.7932,5.8890,61.49,120.00,0.007386
576.8695,5.8890,61.49,120.00,0.007475
576.9469,5.8890,61.49,120.00,0.007283
577.0211,5.8890,61.76,120.00,0.007044
577.0985,5.8890,61.76,120.00,0.007296
577.1739,5.8890,61.76,120.00,0.007761
577.2553,5.8630,62.03,120.00,0.007920
577.3315,5.8630,61.49,120.00,0.007830
577.4079,5.8630,62.03,120.00,0.007703
577.4850,5.8630,61.22,120.00,0.007818
577.5634,5.8630,61.49,120.00,0.008005
577.6399,5.8630,61.49,120.00,0.007652
577.7188,5.8630,61.76,120.00,0.007459
577.7961,5.8630,61.76,120.00,0.007415
577.8741,5.8630,61.49,120.00,0.007478
577.9499,5.8630,61.49,120.00,0.007948
578.0259,5.8630,62.30,120.00,0.007285
578.1033,5.8630,61.49,120.00,0.007797
578.1818,5.8630,61.76,120.00,0.007744
578.2576,5.8630,61.49,120.00,0.007214
578.3334,5.8630,62.03,120.00,0.007482
578.4113,5.8630,62.30,120.00,0.007649
578.4867,5.8630,61.76,120.00,0.007771
578.5634,5.8630,62.03,120.00,0.007757
578.6436,5.8630,61.22,120.00,0.007745
578.7178,5.8630,61.76,120.00,0.007526
578.7966,5.8630,62.03,120.00,0.008151
578.8707,5.8630,61.49,120.00,0.007752
578.9488,5.8630,61.49,120.00,0.007554
579.0235,5.8630,61.76,120.00,0.007816
579.0987,5.8630,61.22,120.00,0.007678
579.1710,5.8630,61.22,120.00,0.007140
579.2458,5.8630,61.49,120.00,0.007607
579.3189,5.8630,61.76,120.00,0.007397
579.3963,5.9510,62.30,120.00,0.007847
579.4713,5.9510,61.76,119.00,0.007499
579.5464,5.9510,61.22,119.50,0.007245
579.6248,5.9510,61.49,119.00,0.007552
579.7025,5.9510,61.22,119.00,0.007371
579.7755,5.9510,61.76,119.50,0.007304
579.8510,5.9510,61.22,120.00,0.007375
579.9265,5.9510,61.49,119.50,0.007438
580.0038,5.9510,61.76,119.50,0.007446
580.0779,5.9620,62.03,120.00,0.007595
580.1560,5.9620,61.76,119.50,0.007579
580.2314,5.9620,61.76,119.50,0.007378
580.3074,5.9620,61.49,119.00,0.007850
580.3805,5.9620,61.76,119.00,0.007241
580.4584,5.9620,61.76,119.00,0.007443
580.5324,5.9620,61.76,119.00,0.007576
580.6105,5.9620,61.76,119.00,0.007805
580.6868,5.9620,62.03,119.00,0.007389
580.7649,5.9620,61.49,119.00,0.007751
580.8431,5.9620,61.76,119.00,0.007877
580.9204,5.9620,61.22,119.00,0.007332
580.9959,5.9620,62.03,119.00,0.007475
581.0764,5.8860,61.49,119.00,0.007548
581.1506,5.8860,61.76,119.00,0.007841
581.2259,5.8860,61.49,119.00,0.007259
581.3013,5.8860,61.76,119.00,0.007300
581.3768,5.8860,61.76,119.00,0.007782
581.4501,5.8860,62.03,119.00,0.007592
581.5275,5.8860,61.49,119.00,0.007232
581.6020,5.8860,61.49,119.00,0.007308
581.6785,5.8860,62.03,119.00,0.007979
581.7551,5.8860,61.76,119.00,0.007631
581.8307,5.8860,62.03,119.00,0.007339
581.9076,5.8860,61.22,119.00,0.007712
581.9880,5.8860,62.03,119.00,0.008057
582.0662,5.8860,62.03,119.00,0.007954
582.1424,5.8860,62.03,119.00,0.007709
582.2174,5.8860,61.76,119.00,0.007596
582.2954,5.8860,62.03,119.00,0.007902
582.3718,5.8860,62.03,119.00,0.007961
582.4479,5.8860,61.76,119.00,0.007416
582.5214,5.8860,61.22,119.00,0.007216
582.6006,5.8860,61.49,119.00,0.008098
582.6778,5.8860,61.49,119.00,0.007642
582.7540,5.8860,61.49,119.00,0.007145
582.8308,5.8860,62.30,119.00,0.007347
582.9096,5.8860,61.76,119.00,0.007447
582.9884,5.8860,61.49,119.00,0.007891
583.0639,5.8860,62.30,119.00,0.007501
583.1379,5.8860,61.76,119.00,0.007252
583.2148,5.8860,61.76,119.00,0.007948
583.2906,5.8630,61.49,119.00,0.007749
583.3672,5.8630,61.22,119.00,0.007461
583.4414,5.8630,61.22,119.00,0.007758
583.5230,5.8630,61.22,119.00,0.007981
583.5999,5.8630,61.76,119.00,0.007667
583.6796,5.8630,62.03,119.00,0.007901
583.7554,5.8630,61.22,119.00,0.007522
583.8343,5.8630,61.22,119.00,0.008122
583.9114,5.8630,61.22,119.00,0.008130
583.9874,5.8630,61.49,119.00,0.007742
584.0632,5.8840,61.76,119.00,0.007519
584.1405,5.9050,61.76,119.00,0.007636
584.2157,5.9050,61.76,119.00,0.008685
584.2921,5.9050,61.76,119.00,0.007450
584.3657,5.9050,61.76,119.00,0.007484
584.4437,5.9050,62.03,119.00,0.007908
584.5173,5.9050,61.76,119.00,0.007783
584.5951,5.9050,61.76,119.00,0.007410
584.6716,5.9050,61.76,119.00,0.007386
584.7467,5.9050,62.03,119.00,0.007401
584.8233,5.9050,61.49,119.00,0.007693
584.8992,5.9050,61.49,119.00,0.007562
584.9751,5.9050,61.76,119.00,0.007683
585.0512,5.9430,61.76,119.00,0.007897
585.1277,5.9810,61.76,119.00,0.007740
585.2038,5.9810,61.49,119.00,0.008471
585.2784,5.9810,61.76,119.00,0.007813
585.3539,5.9810,62.03,119.00,0.007594
585.4314,5.9810,62.03,119.00,0.007401
585.5076,5.9810,61.76,119.00,0.008012
585.5828,5.9810,61.22,119.00,0.007388
585.6587,5.9810,61.49,119.00,0.007270
585.7341,5.9810,61.49,119.00,0.007522
585.8105,5.9810,61.76,118.50,0.007474
585.8867,5.9810,61.22,118.50,0.007669
585.9647,5.9810,61.49,118.50,0.007551
586.0378,5.9810,61.76,118.00,0.007090
586.1119,5.9810,61.76,118.00,0.007316
586.1863,5.9810,61.76,118.00,0.007150
586.2659,5.9810,61.49,119.00,0.007862
586.3416,5.9810,62.03,119.00,0.007563
586.4193,5.9810,61.49,119.00,0.007854
586.4925,5.9810,61.22,119.00,0.007599
586.5681,5.9810,61.76,119.00,0.007174
586.6428,5.9810,62.03,119.00,0.007500
586.7208,5.9810,61.76,119.00,0.007679
586.7949,5.9810,61.22,119.00,0.007599
586.8705,5.9810,61.22,119.00,0.007573
586.9491,5.9810,61.22,119.00,0.007442
587.0272,5.9810,61.22,119.00,0.008144
587.1047,5.9810,61.76,119.00,0.007590
587.1805,5.9810,61.22,119.00,0.008005
587.2589,5.9810,61.76,119.00,0.007518
587.3345,5.9810,61.76,119.00,0.007562
587.4124,5.9810,61.76,119.00,0.007523
587.4875,5.9810,61.49,119.00,0.007552
587.5617,5.9810,61.76,119.00,0.007478
587.6371,5.9810,61.22,119.00,0.007867
587.7112,5.9810,61.76,119.00,0.007823
587.7866,5.9810,61.22,119.00,0.007242
587.8594,5.9810,61.76,119.00,0.007335
587.9344,5.9810,61.76,119.00,0.007586
588.0103,5.9810,62.30,119.00,0.007864
588.0874,5.9890,62.03,119.00,0.007835
588.1616,5.9890,62.03,119.00,0.007301
588.2403,5.9890,61.76,119.00,0.007774
588.3143,5.9890,61.49,119.00,0.007793
588.3906,5.9890,61.22,119.00,0.007663
588.4667,5.9890,61.49,119.00,0.007492
588.5445,5.9890,61.76,119.00,0.007900
588.6202,5.9890,61.49,119.00,0.007898
588.6955,5.9890,62.30,119.00,0.007269
588.7712,5.9890,62.03,119.00,0.007322
588.8467,5.9890,62.30,119.00,0.007664
588.9224,5.9890,61.76,119.00,0.007387
588.9958,5.9890,62.30,119.00,0.007040
589.0704,5.9890,61.49,119.00,0.007118
589.1483,5.9600,61.22,119.00,0.007918
589.2218,5.9310,61.49,119.00,0.007254
589.2978,5.9310,61.76,119.00,0.007925
589.3742,5.9310,61.49,119.00,0.007673
589.4503,5.9310,61.22,119.00,0.007712
589.5268,5.9310,61.76,119.00,0.007820
589.6030,5.9310,61.49,119.00,0.007969
589.6793,5.9310,61.22,119.00,0.007791
589.7535,5.9310,61.49,119.00,0.007107
589.8260,5.9310,61.49,119.00,0.007334
589.9029,5.9310,62.03,119.00,0.007301
589.9791,5.9310,61.76,119.00,0.007842
590.0587,5.9140,61.49,119.00,0.007730
590.1349,5.8970,61.76,119.00,0.007309
590.2121,5.8970,61.49,119.00,0.007403
590.2866,5.8970,61.76,119.00,0.007644
590.3622,5.8970,62.03,119.00,0.007959
590.4384,5.8970,61.76,119.00,0.007850
590.5139,5.8970,61.76,119.00,0.007694
590.5925,5.8970,61.49,119.00,0.007707
590.6698,5.8970,62.03,119.00,0.007677
590.7422,5.8970,62.03,119.00,0.007051
590.8187,5.8970,61.76,119.00,0.007292
590.8916,5.8970,61.49,119.00,0.007081
590.9669,5.8970,61.49,119.00,0.007967
591.0401,5.8915,61.76,119.00,0.007279
591.1166,5.8860,61.76,119.00,0.007787
591.1899,5.8860,61.76,119.00,0.007655
591.2654,5.8860,61.22,119.00,0.007016
591.3377,5.8860,62.30,119.00,0.007062
591.4158,5.8860,61.22,119.00,0.007625
591.4923,5.8860,61.22,119.00,0.007858
591.5680,5.8860,61.49,119.00,0.007529
591.6422,5.8860,62.03,119.00,0.007582
591.7198,5.8860,62.03,119.00,0.007602
591.7943,5.8860,62.03,119.00,0.007913
591.8699,5.8860,61.49,119.00,0.007736
591.9465,5.8860,61.76,119.00,0.007665
592.0222,5.9200,61.76,119.00,0.007938
592.0965,5.9540,61.49,119.00,0.007982
592.1740,5.9540,61.49,119.00,0.007049
592.2506,5.9540,62.03,119.00,0.007349
592.3282,5.9540,61.49,119.00,0.007698
592.4050,5.9540,61.49,119.00,0.008114
592.4833,5.9540,61.76,119.00,0.008389
592.5589,5.9540,61.76,119.00,0.007057
592.6393,5.9540,61.76,119.00,0.007566
592.7150,5.9540,62.03,119.00,0.007614
592.7950,5.9540,61.49,119.00,0.007714
592.8710,5.9540,61.76,119.00,0.007670
592.9498,5.9540,61.22,119.00,0.007980
593.0267,5.9540,62.03,119.00,0.007312
593.1033,5.9540,61.76,119.00,0.007748
593.1791,5.9505,61.76,119.00,0.007376
593.2574,5.9470,61.22,119.00,0.007641
593.3310,5.9470,61.22,119.00,0.007779
593.4069,5.9470,61.22,119.00,0.007683
593.4825,5.9470,62.30,119.00,0.007421
593.5606,5.9470,61.76,119.00,0.007903
593.6342,5.9470,61.22,119.00,0.007704
593.7106,5.9470,61.49,119.00,0.007147
593.7835,5.9470,61.76,119.00,0.007646
593.8575,5.9470,61.76,119.00,0.007125
593.9309,5.9470,61.76,119.00,0.007339
594.0070,5.9470,61.22,119.00,0.007916
594.0819,5.9580,61.76,119.00,0.007514
594.1598,5.9580,61.76,119.00,0.007518
594.2366,5.9580,61.49,119.00,0.007417
594.3119,5.9580,61.76,119.00,0.007586
594.3860,5.9580,61.22,119.00,0.007511
594.4619,5.9580,62.03,119.00,0.007573
594.5357,5.9580,61.49,119.00,0.007940
594.6111,5.9580,61.76,119.00,0.007554
594.6876,5.9580,62.03,119.00,0.007860
594.7616,5.9580,61.76,119.00,0.007065
594.8345,5.9580,61.49,119.00,0.007441
594.9111,5.9580,61.76,119.00,0.007378
594.9881,5.9580,61.76,119.00,0.007571
595.0667,5.9580,61.76,119.00,0.007487
595.1432,5.9580,62.30,119.00,0.007514
595.2230,5.9580,62.03,119.00,0.007621
595.2979,5.9580,61.76,119.00,0.007926
595.3734,5.9580,61.49,119.00,0.007428
595.4509,5.9580,61.76,119.00,0.007645
595.5265,5.9580,62.03,119.00,0.007597
595.6028,5.9580,61.49,119.00,0.007689
595.6785,5.9580,61.76,119.00,0.007626
595.7532,5.9580,61.76,119.00,0.007804
595.8288,5.9580,61.49,119.00,0.008006
595.9032,5.9580,61.76,119.00,0.007670
595.9784,5.9580,61.76,119.00,0.007244
596.0547,5.9465,62.30,119.00,0.007652
596.1308,5.9350,61.49,119.00,0.007607
596.2077,5.9350,61.49,119.00,0.008163
596.2834,5.9350,61.49,119.00,0.007594
596.3575,5.9350,61.49,119.00,0.007553
596.4355,5.9350,61.49,119.00,0.007643
596.5096,5.9350,61.49,119.00,0.007818
596.5873,5.9350,61.22,119.00,0.007583
596.6611,5.9350,61.49,119.00,0.007475
596.7388,5.9350,61.49,119.00,0.007559
596.8150,5.9350,61.76,119.00,0.007680
596.8913,5.9350,61.76,119.00,0.008149
596.9654,5.9350,62.03,119.00,0.007510
597.0434,5.9045,61.49,119.00,0.007700
597.1196,5.8740,61.49,118.50,0.008003
597.1995,5.8740,62.03,118.00,0.007856
597.2733,5.8740,62.03,119.00,0.007596
597.3517,5.8740,61.76,119.00,0.007948
597.4279,5.8740,62.03,119.00,0.007503
597.5057,5.8740,62.03,119.00,0.007952
597.5792,5.8740,61.49,119.00,0.007495
597.6575,5.8740,62.03,119.00,0.008035
597.7357,5.8740,61.76,119.00,0.007939
597.8155,5.8740,61.49,119.00,0.007672
597.8878,5.8740,61.49,119.00,0.007075
597.9640,5.8740,61.49,119.00,0.007032
598.0369,5.8740,62.30,119.00,0.007339
598.1118,5.8740,61.49,119.00,0.007803
598.1869,5.8630,61.49,119.00,0.007578
598.2618,5.8630,61.22,119.00,0.007225
598.3388,5.8630,61.49,119.00,0.007109
598.4160,5.8630,61.76,119.00,0.007316
598.4904,5.8630,61.76,119.00,0.007655
598.5658,5.8630,61.76,119.00,0.007837
598.6426,5.8630,62.03,119.00,0.007812
598.7179,5.8630,62.03,119.00,0.007926
598.7918,5.8630,62.03,119.00,0.007916
598.8671,5.8630,61.76,119.00,0.007689
598.9433,5.8630,61.76,119.00,0.007550
599.0219,5.8630,61.76,119.00,0.008085
599.1008,5.9430,61.76,119.00,0.007963
599.1781,5.9430,61.22,119.00,0.007769
599.2542,5.9430,61.49,119.00,0.007473
599.3306,5.9430,61.49,119.00,0.008075
599.4073,5.9430,61.22,119.00,0.007940
599.4870,5.9430,61.22,119.00,0.007811
599.5623,5.9430,61.76,119.00,0.007276
599.6384,5.9430,61.49,119.00,0.007656
599.7146,5.9430,61.49,119.00,0.007115
599.7897,5.9430,61.76,119.00,0.007439
599.8670,5.9430,61.76,119.00,0.007223
599.9434,5.9430,61.22,119.00,0.007931
600.0177,5.9430,61.49,119.00,0.007234
600.0949,5.9430,61.76,119.00,0.007288
600.1689,5.9430,62.03,119.00,0.007670
600.2477,5.9600,62.03,119.00,0.008796
600.3251,5.9770,61.76,119.00,0.007432
600.4030,5.9770,62.03,119.00,0.007808
600.4778,5.9770,61.22,119.00,0.007520
600.5543,5.9770,62.03,119.00,0.007555
600.6308,5.9770,61.49,119.00,0.007799
600.7071,5.9770,61.22,119.00,0.007639
600.7821,5.9770,61.76,119.00,0.008003
600.8582,5.9770,62.03,119.00,0.007532
600.9351,5.9770,61.49,119.00,0.007679
601.0113,5.9770,61.49,119.00,0.007652
601.0911,5.9960,62.30,119.00,0.007899
601.1666,5.9960,61.49,119.00,0.007420
601.2433,5.9960,62.03,119.00,0.007854
601.3213,5.9960,61.76,119.00,0.007495
601.3984,5.9960,61.49,119.00,0.007215
601.4748,5.9960,61.49,119.00,0.007027
601.5505,5.9960,61.49,119.00,0.007479
601.6299,5.9960,61.49,119.00,0.007798
601.7070,5.9960,61.49,119.00,0.007531
601.7823,5.9960,61.22,119.00,0.007235
601.8566,5.9960,61.22,119.00,0.007940
601.9339,5.9960,61.49,119.00,0.007859
602.0101,5.9960,61.76,119.00,0.007738
602.0879,5.9890,62.03,119.00,0.007451
602.1646,5.9890,61.76,119.00,0.007798
602.2425,5.9890,62.03,119.00,0.007807
602.3163,5.9890,62.30,119.00,0.007597
602.3905,5.9890,61.22,119.00,0.007307
602.4627,5.9890,61.49,119.00,0.007087
602.5391,5.9890,61.76,119.00,0.007331
602.6148,5.9890,61.76,119.00,0.007785
602.6910,5.9890,61.49,119.00,0.007915
602.7642,5.9890,61.76,119.00,0.007418
602.8396,5.9890,61.76,119.00,0.007417
602.9166,5.9890,61.49,119.00,0.008077
602.9902,5.9890,61.22,119.00,0.007045
603.0646,5.9890,61.22,119.00,0.007069
603.1385,5.9890,61.76,119.00,0.007350
603.2124,5.9735,61.22,119.00,0.007746
603.2877,5.9580,62.03,119.00,0.007261
603.3632,5.9580,61.49,119.00,0.007437
603.4394,5.9580,61.22,119.00,0.007674
603.5138,5.9580,61.76,119.00,0.007622
603.5915,5.9580,62.03,119.00,0.007752
603.6666,5.9580,61.22,119.00,0.007714
603.7424,5.9580,62.30,119.00,0.007356
603.8194,5.9580,61.22,119.00,0.007871
603.8976,5.9580,61.76,119.00,0.008004
603.9738,5.9580,62.03,119.00,0.007417
604.0505,5.9335,61.49,119.00,0.007583
604.1272,5.9090,61.49,119.00,0.007817
604.2059,5.9090,62.03,119.00,0.007975
604.2845,5.9090,62.03,119.00,0.007609
604.3619,5.9090,61.49,119.00,0.007403
604.4356,5.9090,62.03,119.00,0.007405
604.5140,5.9090,61.49,119.00,0.007737
604.5883,5.9090,61.76,119.00,0.007686
604.6645,5.9090,61.49,119.00,0.007721
604.7405,5.9090,61.22,119.00,0.007686
604.8188,5.9090,61.76,119.00,0.007709
604.8948,5.9090,62.03,119.00,0.007745
604.9724,5.9090,62.03,119.00,0.007564
605.0494,5.8935,61.22,119.00,0.007753
605.1279,5.8780,61.76,119.00,0.007646
605.2021,5.8780,61.76,119.00,0.007599
605.2795,5.8780,61.76,119.00,0.007260
605.3519,5.8780,61.49,119.00,0.007108
605.4265,5.8780,61.76,119.00,0.007473
605.5014,5.8780,61.76,119.00,0.007419
605.5791,5.8780,61.76,119.00,0.007555
605.6541,5.8780,61.76,119.00,0.007963
605.7299,5.8780,61.22,119.00,0.007478
605.8061,5.8780,61.76,119.00,0.007699
605.8846,5.8780,61.49,119.00,0.008021
605.9610,5.8780,61.76,119.00,0.007803
606.0368,5.9160,61.76,119.00,0.007497
606.1103,5.9540,61.76,119.00,0.007647
606.1867,5.9540,61.76,119.00,0.007210
606.2618,5.9540,61.76,119.00,0.007693
606.3390,5.9540,61.49,119.00,0.007476
606.4155,5.9540,61.49,119.00,0.007815
606.4963,5.9540,61.49,119.00,0.007863
606.5703,5.9540,61.76,119.00,0.007652
606.6482,5.9540,61.49,119.00,0.007673
606.7236,5.9540,61.49,119.00,0.007199
606.7976,5.9540,61.22,119.00,0.007304
606.8741,5.9540,61.49,119.00,0.007987
606.9520,5.9540,61.49,119.00,0.007924
607.0287,5.9065,61.49,119.00,0.008182
607.1068,5.8590,61.49,119.00,0.007558
607.1833,5.8590,61.76,119.00,0.008028
607.2590,5.8590,62.03,119.00,0.007618
607.3351,5.8590,62.03,119.00,0.007714
607.4103,5.8590,61.76,119.00,0.007584
607.4847,5.8590,61.22,119.00,0.007661
607.5605,5.8590,61.22,119.00,0.007798
607.6384,5.8590,61.76,119.00,0.007304
607.7168,5.8590,61.49,119.00,0.007731
607.7909,5.8590,61.76,119.00,0.007993
607.8668,5.8590,61.49,119.00,0.007889
607.9431,5.8590,62.30,119.00,0.007632
608.0208,5.8590,61.22,119.00,0.007392
608.0954,5.9200,62.03,119.00,0.007786
608.1732,5.9200,61.49,119.00,0.007690
608.2497,5.9200,61.22,119.00,0.007364
608.3234,5.9200,61.49,119.00,0.007108
608.3965,5.9200,61.22,119.00,0.007213
608.4715,5.9200,61.49,119.00,0.007519
608.5477,5.9200,61.49,119.00,0.007827
608.6228,5.9200,62.30,119.00,0.007404
608.7016,5.9200,62.30,119.00,0.007422
608.7786,5.9200,61.49,119.00,0.007244
608.8543,5.9200,61.76,119.00,0.007592
608.9324,5.9200,61.76,119.00,0.007562
609.0093,5.9200,61.49,119.00,0.007890
609.0864,5.9200,61.76,119.00,0.007120
609.1594,5.9200,61.22,119.00,0.007205
609.2335,5.9200,61.76,119.00,0.007460
609.3068,5.9200,61.49,119.00,0.007525
609.3848,5.9200,61.76,119.00,0.007731
609.4587,5.9200,62.30,119.00,0.007507
609.5342,5.9200,62.03,119.00,0.007608
609.6109,5.9200,61.76,119.00,0.007860
609.6913,5.9200,61.76,119.00,0.007895
609.7670,5.9200,61.49,119.00,0.007671
609.8471,5.9200,61.49,119.00,0.007715
609.9229,5.9200,61.49,119.00,0.007614
609.9987,5.9200,61.49,118.50,0.007619
610.0737,5.9280,61.22,119.00,0.007572
610.1513,5.9280,62.03,118.50,0.007809
610.2279,5.9280,61.76,118.50,0.008462
610.3036,5.9280,61.76,119.00,0.007823
610.3795,5.9280,61.76,119.00,0.007806
610.4571,5.9280,62.03,118.50,0.007599
610.5326,5.9280,61.22,119.00,0.007473
610.6114,5.9280,61.22,119.00,0.007719
610.6872,5.9280,62.03,119.00,0.007534
610.7627,5.9280,61.49,119.00,0.007770
610.8389,5.9280,61.49,119.00,0.007766
610.9146,5.9280,62.03,119.00,0.007327
610.9933,5.9280,61.76,119.00,0.007415
611.0699,5.8890,62.03,119.00,0.008017
611.1457,5.8890,62.30,119.00,0.007900
611.2229,5.8890,61.76,119.00,0.007371
611.2959,5.8890,61.76,119.00,0.007224
611.3708,5.8890,61.76,119.00,0.007487
611.4436,5.8890,61.49,119.00,0.007010
611.5192,5.8890,61.49,119.00,0.007585
611.5949,5.8890,61.49,119.00,0.007618
611.6723,5.8890,61.76,119.00,0.007580
611.7460,5.8890,61.76,119.00,0.007630
611.8215,5.8890,62.03,119.00,0.007126
611.8958,5.8890,61.49,119.00,0.007686
611.9753,5.8890,61.49,119.00,0.007836
612.0512,5.9120,61.76,119.00,0.007425
612.1295,5.9350,61.49,119.00,0.007994
612.2059,5.9350,61.22,119.00,0.007610
612.2869,5.9350,61.76,119.00,0.007807
612.3627,5.9350,61.49,119.00,0.007415
612.4385,5.9350,61.22,119.00,0.007347
612.5154,5.9350,61.49,119.00,0.007738
612.5907,5.9350,61.49,119.00,0.007737
612.6669,5.9350,61.22,119.00,0.007483
612.7420,5.9350,61.76,119.00,0.007287
612.8156,5.9350,62.03,119.00,0.007613
612.8912,5.9350,61.76,119.00,0.007159
612.9670,5.9350,61.49,119.00,0.007648
613.0470,5.9485,61.49,119.00,0.007202
613.1221,5.9620,61.76,119.00,0.007781
613.1997,5.9620,61.49,119.00,0.007903
613.2744,5.9620,62.03,119.00,0.008120
613.3501,5.9620,61.76,119.00,0.007523
613.4266,5.9620,61.76,119.00,0.007604
613.5022,5.9620,62.03,119.00,0.007849
613.5811,5.9620,62.03,118.50,0.008034
613.6592,5.9620,62.03,118.00,0.007556
613.7355,5.9620,61.76,118.00,0.008044
613.8110,5.9620,61.76,118.50,0.007858
613.8849,5.9620,61.49,118.50,0.007461
613.9629,5.9620,61.49,118.00,0.007910
614.0368,5.9255,62.03,119.00,0.007553
614.1152,5.8890,61.76,119.00,0.008116
614.1912,5.8890,61.49,119.00,0.007631
614.2714,5.8890,61.22,119.00,0.007511
614.3468,5.8890,61.76,119.00,0.007801
614.4228,5.8890,61.76,119.00,0.007563
614.4998,5.8890,62.03,118.00,0.007651
614.5752,5.8890,62.03,119.00,0.007241
614.6514,5.8890,61.76,119.00,0.007848
614.7291,5.8890,61.76,119.00,0.007773
614.8030,5.8890,61.22,119.00,0.007516
614.8788,5.8890,61.76,119.00,0.007454
614.9549,5.8890,62.03,119.00,0.007604
615.0339,5.8930,61.76,119.00,0.007342
615.1108,5.8970,61.76,119.00,0.007512
615.1883,5.8970,61.76,119.00,0.007463
615.2600,5.8970,61.76,119.00,0.006996
615.3346,5.8970,62.03,119.00,0.007655
615.4098,5.8970,61.49,119.00,0.007544
615.4859,5.8970,61.76,119.00,0.007780
615.5619,5.8970,62.03,119.00,0.007829
615.6391,5.8970,61.49,119.00,0.007473
615.7151,5.8970,61.49,119.00,0.007563
615.7918,5.8970,61.22,119.00,0.007251
615.8662,5.8970,61.76,119.00,0.006998
615.9432,5.8970,61.76,119.00,0.007335
616.0174,5.8970,61.49,119.00,0.007038
616.0958,5.9045,61.22,119.00,0.007796
616.1697,5.9120,61.49,119.00,0.007765
616.2460,5.9120,62.03,119.00,0.007770
616.3228,5.9120,61.76,119.00,0.007740
616.3982,5.9120,62.03,119.00,0.007470
616.4750,5.9120,61.49,119.00,0.007826
616.5505,5.9120,61.49,119.00,0.007890
616.6269,5.9120,61.49,119.00,0.007629
616.7031,5.9120,62.03,119.00,0.007559
616.7760,5.9120,62.03,119.00,0.007235
616.8506,5.9120,62.30,119.00,0.007136
616.9247,5.9120,61.49,119.00,0.007756
617.0006,5.9120,61.76,119.00,0.007807
617.0744,5.9540,61.49,119.00,0.007090
617.1523,5.9540,61.22,119.00,0.007484
617.2261,5.9540,61.49,119.00,0.007870
617.3027,5.9540,61.76,119.00,0.008031
617.3789,5.9540,61.49,119.00,0.007671
617.4553,5.9540,61.76,119.00,0.007834
617.5312,5.9540,61.49,119.00,0.007549
617.6077,5.9540,62.03,119.00,0.007798
617.6813,5.9540,61.49,119.00,0.007292
617.7556,5.9540,61.22,119.00,0.007023
617.8305,5.9540,61.76,119.00,0.007341
617.9066,5.9540,61.49,119.00,0.007303
617.9803,5.9540,61.22,119.00,0.007464
618.0587,5.9655,62.03,119.00,0.007599
618.1352,5.9770,61.76,119.00,0.007565
618.2111,5.9770,61.76,119.00,0.007648
618.2858,5.9770,61.22,119.00,0.007264
618.3636,5.9770,61.49,119.00,0.007374
618.4398,5.9770,61.76,119.00,0.007874
618.5159,5.9770,61.76,119.00,0.007704
618.5919,5.9770,61.22,119.00,0.007244
618.6709,5.9770,61.49,119.00,0.007809
618.7472,5.9770,61.22,119.00,0.007881
618.8229,5.9770,61.49,119.00,0.007421
618.8978,5.9770,61.76,119.00,0.007521
618.9777,5.9770,61.76,119.00,0.007696
619.0544,5.9620,61.76,119.00,0.007727
619.1327,5.9470,61.49,119.00,0.007877
619.2064,5.9470,61.49,119.00,0.007286
619.2844,5.9470,61.76,119.00,0.007470
619.3628,5.9470,61.22,119.00,0.007694
619.4406,5.9470,61.76,119.00,0.007905
619.5145,5.9470,61.76,119.00,0.007410
619.5928,5.9470,61.22,119.00,0.007407
619.6666,5.9470,62.30,119.00,0.007598
619.7423,5.9470,61.49,119.00,0.007694
619.8184,5.9470,61.49,119.00,0.007350
619.8948,5.9470,61.49,119.00,0.007885
619.9704,5.9470,61.76,119.00,0.007590
620.0467,5.9355,62.30,119.00,0.007630
620.1232,5.9240,62.03,119.00,0.007573
620.2031,5.9240,61.76,119.00,0.007853
620.2775,5.9240,61.49,119.00,0.007568
620.3556,5.9240,61.49,119.00,0.007852
620.4293,5.9240,61.49,119.00,0.007370
620.5076,5.9240,61.22,119.00,0.008051
620.5837,5.9240,61.76,118.50,0.007313
620.6598,5.9240,61.76,118.00,0.007782
620.7343,5.9240,62.30,118.00,0.007498
620.8122,5.9240,61.76,118.00,0.007822
620.8883,5.9240,61.76,118.00,0.007585
620.9625,5.9240,61.76,118.00,0.007283
621.0387,5.9240,61.76,118.00,0.007145
621.1147,5.9240,61.49,118.00,0.007364
621.1886,5.9240,61.49,118.50,0.007674
621.2672,5.9280,61.76,118.50,0.007677
621.3424,5.9280,61.22,118.00,0.007301
621.4174,5.9280,61.49,118.00,0.007436
621.4911,5.9280,61.76,118.50,0.007883
621.5694,5.9280,61.22,119.00,0.008189
621.6473,5.9280,61.76,119.00,0.007539
621.7240,5.9280,61.22,119.00,0.007903
621.7984,5.9280,61.76,119.00,0.007711
621.8747,5.9280,62.30,119.00,0.007563
621.9511,5.9280,61.76,119.00,0.007539
622.0270,5.9280,61.49,119.00,0.007214
622.1001,5.9280,62.03,119.00,0.007386
622.1784,5.9105,61.49,119.00,0.007315
622.2556,5.8930,61.76,119.00,0.007096
622.3319,5.8930,61.49,119.00,0.007672
622.4053,5.8930,62.03,119.00,0.007100
622.4798,5.8930,62.03,119.00,0.007119
622.5566,5.8930,61.22,119.00,0.007885
622.6318,5.8930,61.49,119.00,0.007673
622.7059,5.8930,61.76,119.00,0.007723
622.7837,5.8930,61.49,119.00,0.007599
622.8610,5.8930,62.30,119.00,0.007909
622.9357,5.8930,62.03,119.00,0.007033
623.0108,5.8930,61.49,119.00,0.007425
623.0894,5.9660,61.76,119.00,0.007679
623.1634,5.9660,61.22,119.00,0.007767
623.2394,5.9660,61.22,119.00,0.007723
623.3136,5.9660,61.76,119.00,0.007695
623.3914,5.9660,61.49,119.00,0.007603
623.4662,5.9660,62.03,119.00,0.008126
623.5439,5.9660,61.49,119.00,0.007549
623.6177,5.9660,61.49,119.00,0.007720
623.6950,5.9660,61.49,119.00,0.007620
623.7718,5.9660,61.76,119.00,0.008127
623.8471,5.9660,62.03,119.00,0.007798
623.9237,5.9660,61.76,119.00,0.007853
624.0011,5.9660,62.03,119.00,0.007209
624.0742,5.9660,61.49,119.00,0.007594
624.1514,5.9715,61.49,119.00,0.007604
624.2258,5.9770,61.76,119.00,0.007121
624.3041,5.9770,61.76,119.00,0.007236
624.3801,5.9770,62.03,119.00,0.007617
624.4577,5.9770,62.03,119.00,0.007508
624.5334,5.9770,61.76,119.00,0.007370
624.6132,5.9770,61.49,119.00,0.007535
624.6869,5.9770,61.49,119.00,0.007650
624.7625,5.9770,61.76,119.00,0.007557
624.8387,5.9770,61.49,119.00,0.007299
624.9150,5.9770,62.03,119.00,0.007459
624.9886,5.9770,62.03,119.00,0.007362
625.0667,5.9560,62.03,119.00,0.007719
625.1452,5.9350,61.49,119.00,0.007540
625.2262,5.9350,61.49,119.00,0.007791
625.3003,5.9350,61.49,119.00,0.007769
625.3756,5.9350,61.22,119.00,0.007657
625.4519,5.9350,62.03,119.00,0.007385
625.5299,5.9350,61.22,119.00,0.007602
625.6065,5.9350,61.76,119.00,0.008131
625.6820,5.9350,62.30,119.00,0.007757
625.7584,5.9350,61.76,119.00,0.007500
625.8358,5.9350,61.22,119.00,0.007520
625.9113,5.9350,62.03,119.00,0.007631
625.9887,5.9350,61.49,119.00,0.007634
626.0633,5.9280,61.49,119.00,0.007469
626.1396,5.9280,61.76,119.00,0.007991
626.2157,5.9280,61.49,119.00,0.007519
626.2948,5.9280,61.49,119.00,0.007590
626.3712,5.9280,61.22,119.00,0.007806
626.4508,5.9280,61.76,119.00,0.007562
626.5265,5.9280,61.76,119.00,0.007576
626.6026,5.9280,61.22,119.00,0.008280
626.6792,5.9280,61.76,119.00,0.008025
626.7573,5.9280,61.49,119.00,0.007701
626.8312,5.9280,61.49,119.00,0.007519
626.9097,5.9280,62.03,119.00,0.008073
626.9853,5.9280,62.03,119.00,0.007224
627.0622,5.9280,61.49,119.00,0.007557
627.1404,5.9600,61.76,119.00,0.007621
627.2160,5.9920,61.76,119.00,0.007648
627.2901,5.9920,61.49,119.00,0.007530
627.3666,5.9920,62.03,119.00,0.007787
627.4428,5.9920,61.76,119.00,0.007571
627.5181,5.9920,61.76,119.00,0.007664
627.5949,5.9920,61.22,119.00,0.007989
627.6707,5.9920,61.76,119.00,0.007651
627.7471,5.9920,61.76,119.00,0.007659
627.8225,5.9920,61.76,119.00,0.007459
627.8998,5.9920,61.49,119.00,0.008140
627.9770,5.9920,61.76,119.00,0.007515
628.0508,5.9675,61.49,119.00,0.007553
628.1265,5.9430,61.49,119.00,0.007643
628.2018,5.9430,61.76,119.00,0.007341
628.2801,5.9430,61.22,119.00,0.007522
628.3540,5.9430,61.22,119.00,0.007646
628.4297,5.9430,62.03,119.00,0.007878
628.5057,5.9430,61.76,119.00,0.007460
628.5823,5.9430,61.76,119.00,0.008160
628.6594,5.9430,61.49,119.00,0.007828
628.7358,5.9430,61.76,119.00,0.007921
628.8112,5.9430,62.03,119.00,0.007548
628.8854,5.9430,61.76,119.00,0.007096
628.9582,5.9430,62.03,119.00,0.007542
629.0362,5.9485,61.76,119.00,0.007732
629.1108,5.9540,61.49,119.00,0.007953
629.1863,5.9540,61.49,119.00,0.007568
629.2605,5.9540,61.49,119.00,0.007676
629.3354,5.9540,61.76,119.00,0.007089
629.4104,5.9540,61.76,119.00,0.007325
629.4865,5.9540,61.22,119.00,0.007222
629.5603,5.9540,61.49,119.00,0.007330
629.6388,5.9540,61.49,119.00,0.007522
629.7149,5.9540,61.49,119.00,0.007630
629.7904,5.9540,62.30,119.00,0.007906
629.8643,5.9540,61.49,119.00,0.007557
629.9394,5.9540,61.22,119.00,0.007499
630.0153,5.9540,62.03,119.00,0.007766
630.0908,5.9120,61.22,119.00,0.007322
630.1673,5.9120,61.49,119.00,0.007609
630.2422,5.9120,62.03,119.00,0.007473
630.3157,5.9120,61.76,119.00,0.007416
630.3904,5.9120,62.03,119.00,0.007637
630.4663,5.9120,61.49,119.00,0.007124
630.5423,5.9120,61.76,119.00,0.007077
630.6173,5.9120,61.49,119.00,0.007208
630.6916,5.9120,61.76,119.00,0.007163
630.7678,5.9120,61.22,118.00,0.007956
630.8458,5.9120,61.76,119.00,0.007745
630.9216,5.9120,61.76,119.00,0.007541
630.9987,5.9120,61.49,119.00,0.007417
631.0751,5.9120,61.49,118.00,0.007881
631.1504,5.9120,61.49,118.50,0.007644
631.2270,5.9120,62.03,119.00,0.007909
631.3016,5.9120,62.03,119.00,0.007236
631.3777,5.9120,61.76,119.00,0.007615
631.4548,5.9120,61.76,119.00,0.007137
631.5278,5.9120,62.03,119.00,0.007253
631.6071,5.9120,61.49,119.00,0.007626
631.6817,5.9120,61.76,119.00,0.007613
631.7600,5.9120,61.49,119.00,0.007622
631.8358,5.9120,61.49,119.00,0.007200
631.9099,5.9120,61.76,119.00,0.007297
631.9875,5.9120,62.03,119.00,0.007606
632.0617,5.9120,61.49,119.00,0.007289
632.1352,5.9120,61.49,119.00,0.007058
632.2094,5.9120,62.03,119.00,0.007164
632.2834,5.9005,61.76,119.00,0.007494
632.3591,5.8890,61.49,119.00,0.007736
632.4340,5.8890,61.49,119.00,0.007601
632.5095,5.8890,61.76,119.00,0.007228
632.5816,5.8890,62.03,119.00,0.007105
632.6592,5.8890,61.76,119.00,0.007882
632.7352,5.8890,61.76,119.00,0.007560
632.8123,5.8890,61.49,119.00,0.007547
632.8882,5.8890,61.76,119.00,0.007677
632.9658,5.8890,61.22,119.00,0.007700
633.0447,5.9005,61.49,119.00,0.007717
633.1229,5.9120,62.30,119.00,0.007786
633.1985,5.9120,62.03,119.00,0.007170
633.2748,5.9120,62.03,119.00,0.007316
633.3500,5.9120,61.49,119.00,0.007692
633.4273,5.9120,61.76,119.00,0.007611
633.5040,5.9120,62.03,119.00,0.007613
633.5822,5.9120,61.76,119.00,0.007897
633.6606,5.9120,62.03,119.00,0.007523
633.7391,5.9120,61.76,119.00,0.007926
633.8156,5.9120,62.03,119.00,0.007672
633.8907,5.9120,61.22,119.00,0.007776
633.9666,5.9120,61.76,119.00,0.007395
634.0449,5.9120,61.49,118.00,0.007814
634.1194,5.9120,61.76,118.00,0.007636
634.1953,5.9120,62.03,118.00,0.007772
634.2739,5.9120,61.49,118.00,0.007615
634.3515,5.9120,62.03,118.00,0.007650
634.4259,5.9120,61.49,118.00,0.007684
634.5013,5.9120,61.76,118.00,0.007766
634.5791,5.9120,61.76,119.00,0.007720
634.6539,5.9120,61.49,119.00,0.007295
634.7299,5.9120,61.76,119.00,0.007544
634.8099,5.9120,61.49,119.00,0.007873
634.8850,5.9120,62.03,119.00,0.007123
634.9590,5.9120,61.76,119.00,0.007324
635.0312,5.9120,61.22,119.00,0.007210
635.1076,5.9310,61.76,119.00,0.007280
635.1834,5.9310,61.22,119.00,0.007650
635.2591,5.9310,61.49,119.00,0.007590
635.3350,5.9310,61.49,119.00,0.007747
635.4129,5.9310,61.22,119.00,0.007548
635.4871,5.9310,61.76,119.00,0.007643
635.5630,5.9310,61.22,119.00,0.007779
635.6363,5.9310,61.76,119.00,0.007373
635.7150,5.9310,61.49,119.00,0.008041
635.7886,5.9310,61.49,119.00,0.007643
635.8643,5.9310,61.22,119.00,0.007873
635.9382,5.9310,61.49,119.00,0.007543
636.0141,5.9310,62.03,119.00,0.007709
636.0914,5.9350,62.03,119.00,0.007762
636.1669,5.9350,62.03,119.00,0.007434
636.2434,5.9350,61.49,119.00,0.008134
636.3181,5.9350,61.76,119.00,0.007373
636.3909,5.9350,61.49,119.00,0.007391
636.4655,5.9350,61.49,119.00,0.007305
636.5390,5.9350,61.22,119.00,0.007442
636.6144,5.9350,62.03,119.00,0.007610
636.6905,5.9350,61.22,119.00,0.007342
636.7667,5.9350,61.49,119.00,0.007684
636.8434,5.9350,62.03,119.00,0.007759
636.9187,5.9350,61.76,119.00,0.007336
636.9917,5.9350,62.30,119.00,0.007493
637.0700,5.9430,61.76,119.00,0.007665
637.1454,5.9430,62.03,119.00,0.007334
637.2245,5.9430,61.76,119.00,0.007951
637.3040,5.9430,61.49,119.00,0.007559
637.3849,5.9430,61.76,119.00,0.008462
637.4637,5.9430,61.49,119.00,0.007966
637.5471,5.9430,62.03,119.00,0.008186
637.6279,5.9430,61.76,119.00,0.007569
637.7068,5.9430,62.03,119.00,0.007908
637.7837,5.9430,61.76,119.00,0.006990
637.8587,5.9430,61.49,119.00,0.007334
637.9337,5.9430,61.76,119.00,0.007834
638.0133,5.9430,61.22,119.00,0.007951
638.0911,5.9120,61.49,119.00,0.007973
638.1674,5.9120,61.49,119.00,0.007216
638.2431,5.9120,61.49,119.00,0.007328
638.3174,5.9120,61.49,119.00,0.007252
638.3907,5.9120,61.49,119.00,0.007204
638.4669,5.9120,61.22,119.00,0.007889
638.5411,5.9120,61.76,119.00,0.007324
638.6194,5.9120,62.03,119.00,0.007793
638.6955,5.9120,61.76,119.00,0.007854
638.7728,5.9120,61.49,119.00,0.007967
638.8518,5.9120,62.03,119.00,0.007368
638.9352,5.9120,62.03,119.00,0.007845
639.0113,5.9120,61.76,119.00,0.007593
639.0868,5.9540,61.76,119.00,0.007361
639.1587,5.9540,61.49,119.00,0.007128
639.2334,5.9540,61.76,119.00,0.007252
639.3059,5.9540,61.76,119.00,0.007076
639.3821,5.9540,61.49,119.00,0.007189
639.4566,5.9540,61.76,119.00,0.007207
639.5320,5.9540,61.49,119.00,0.007646
639.6063,5.9540,61.22,119.00,0.007730
639.6843,5.9540,61.49,119.00,0.007638
639.7585,5.9540,61.76,119.00,0.007590
639.8366,5.9540,61.22,119.00,0.007719
639.9122,5.9540,61.49,119.00,0.007474
639.9901,5.9540,61.76,119.00,0.007678
640.0683,5.9235,61.76,119.00,0.007512
640.1459,5.8930,61.76,119.00,0.007565
640.2205,5.8930,61.22,119.00,0.008357
640.2963,5.8930,61.49,119.00,0.007851
640.3706,5.8930,62.03,119.00,0.007446
640.4467,5.8930,61.76,119.00,0.007739
640.5230,5.8930,62.30,119.00,0.007491
640.6031,5.8930,61.76,119.00,0.007712
640.6800,5.8930,61.49,119.00,0.007893
640.7557,5.8930,61.76,119.00,0.007793
640.8307,5.8930,61.76,119.00,0.007353
640.9063,5.8930,62.03,119.00,0.007555
640.9845,5.8930,61.49,119.00,0.007749
641.0601,5.8950,61.49,119.00,0.007636
641.1340,5.8970,62.03,119.00,0.007319
641.2096,5.8970,61.49,119.00,0.007484
641.2863,5.8970,61.76,119.00,0.007566
641.3633,5.8970,61.49,119.00,0.007484
641.4393,5.8970,61.22,119.00,0.007551
641.5172,5.8970,62.03,119.00,0.007805
641.5938,5.8970,62.30,119.00,0.007788
641.6713,5.8970,61.76,119.00,0.007665
641.7474,5.8970,61.49,119.00,0.007706
641.8227,5.8970,61.49,119.00,0.007205
641.8990,5.8970,61.76,119.00,0.007530
641.9744,5.8970,61.76,119.00,0.007707
642.0515,5.9030,61.76,119.00,0.007895
642.1328,5.9090,61.76,119.00,0.008156
642.2068,5.9090,62.03,119.00,0.007692
642.2824,5.9090,61.49,119.00,0.007576
642.3568,5.9090,61.49,119.00,0.008113
642.4348,5.9090,61.22,119.00,0.007532
642.5102,5.9090,61.49,119.00,0.007554
642.5898,5.9090,61.22,119.00,0.007489
642.6636,5.9090,62.03,119.00,0.007732
642.7380,5.9090,61.76,119.00,0.007076
642.8135,5.9090,62.03,119.00,0.007567
642.8910,5.9090,61.49,119.00,0.007950
642.9654,5.9090,61.49,119.00,0.007439
643.0435,5.8880,61.76,119.00,0.007694
643.1202,5.8670,61.22,119.00,0.007756
643.1947,5.8670,61.49,119.00,0.007033
643.2704,5.8670,61.49,119.00,0.007509
643.3506,5.8670,61.49,119.00,0.007577
643.4268,5.8670,61.76,119.00,0.007809
643.5033,5.8670,61.49,119.00,0.007770
643.5789,5.8670,61.76,119.00,0.007495
643.6550,5.8670,61.22,119.00,0.007493
643.7293,5.8670,61.76,119.00,0.007682
643.8066,5.8670,61.76,119.00,0.007568
643.8834,5.8670,61.76,119.00,0.007806
643.9584,5.8670,61.76,119.00,0.007594
644.0348,5.9260,61.49,119.00,0.007858
644.1112,5.9850,62.03,119.00,0.007523
644.1873,5.9850,62.03,119.00,0.007560
644.2634,5.9850,61.22,119.00,0.007774
644.3403,5.9850,61.76,119.00,0.007529
644.4151,5.9850,61.49,119.00,0.007145
644.4879,5.9850,62.30,119.00,0.007328
644.5625,5.9850,62.03,119.00,0.007473
644.6366,5.9850,61.49,119.00,0.007682
644.7128,5.9850,61.76,119.00,0.008025
644.7874,5.9850,61.49,119.00,0.007979
644.8654,5.9850,61.49,119.00,0.007877
644.9415,5.9850,61.49,119.00,0.007582
645.0197,5.9850,62.03,119.00,0.007942
645.0936,5.8930,62.03,119.00,0.007247
645.1715,5.8930,61.76,119.00,0.007701
645.2471,5.8930,62.03,119.00,0.007714
645.3227,5.8930,61.76,119.00,0.007466
645.3992,5.8930,61.76,119.00,0.007591
645.4786,5.8930,61.22,119.00,0.007596
645.5547,5.8930,62.30,119.00,0.007723
645.6304,5.8930,61.76,119.00,0.007592
645.7059,5.8930,61.76,119.00,0.007251
645.7826,5.8930,61.76,119.00,0.007215
645.8556,5.8930,61.76,119.00,0.007140
645.9297,5.8930,61.49,119.00,0.007139
646.0084,5.8930,62.03,119.00,0.007789
646.0869,5.9200,61.49,119.00,0.007788
646.1629,5.9200,61.49,119.00,0.007755
646.2385,5.9200,61.49,119.00,0.007482
646.3151,5.9200,62.03,119.00,0.007562
646.3946,5.9200,62.03,119.00,0.007646
646.4710,5.9200,61.76,119.00,0.007777
646.5462,5.9200,62.03,119.00,0.007390
646.6231,5.9200,62.30,119.00,0.007591
646.7013,5.9200,61.76,119.00,0.007711
646.7758,5.9200,61.22,119.00,0.008209
646.8510,5.9200,61.49,119.00,0.007578
646.9272,5.9200,62.03,119.00,0.007734
647.0073,5.9200,61.22,119.00,0.007794
647.0820,5.9310,62.30,119.00,0.008074
647.1621,5.9310,62.03,119.00,0.007776
647.2380,5.9310,62.03,119.00,0.007488
647.3154,5.9310,62.03,119.00,0.007715
647.3896,5.9310,62.03,119.00,0.007812
647.4674,5.9310,61.76,119.00,0.007526
647.5419,5.9310,61.76,119.00,0.007704
647.6194,5.9310,61.76,119.00,0.007772
647.6952,5.9310,61.76,119.00,0.007476
647.7692,5.9310,61.22,119.00,0.007278
647.8417,5.9310,61.49,119.00,0.007439
647.9183,5.9310,62.03,119.00,0.007162
647.9941,5.9310,62.03,119.00,0.007648
648.0701,5.9280,61.76,119.00,0.007491
648.1446,5.9280,62.03,119.00,0.007963
648.2199,5.9280,61.49,119.00,0.007775
648.2941,5.9280,61.22,119.00,0.007742
648.3722,5.9280,61.76,119.00,0.007651
648.4489,5.9280,62.30,119.00,0.007821
648.5245,5.9280,61.76,119.00,0.007918
648.5981,5.9280,61.49,119.00,0.007116
648.6764,5.9280,61.49,119.00,0.007825
648.7531,5.9280,61.76,119.00,0.008120
648.8302,5.9280,61.49,119.00,0.007115
648.9066,5.9280,62.03,119.00,0.007547
648.9862,5.9280,62.03,119.00,0.007334
649.0592,5.9280,61.49,119.00,0.007078
649.1343,5.9280,61.76,119.00,0.007476
649.2106,5.9280,62.03,119.00,0.007437
649.2883,5.9165,61.76,119.00,0.007326
649.3622,5.9050,61.76,119.00,0.007560
649.4386,5.9050,62.03,119.00,0.008048
649.5148,5.9050,61.49,119.00,0.007574
649.5902,5.9050,61.76,119.00,0.007583
649.6642,5.9050,61.22,119.00,0.007879
649.7395,5.9050,62.03,119.00,0.007511
649.8145,5.9050,61.49,119.00,0.007796
649.8901,5.9050,62.03,119.00,0.007510
649.9670,5.9050,61.76,119.00,0.007841
650.0478,5.9240,61.49,119.00,0.008096
650.1263,5.9430,62.03,119.00,0.007799
650.2097,5.9430,61.76,119.00,0.007705
650.2902,5.9430,62.30,119.00,0.007870
650.3736,5.9430,61.49,119.00,0.008305
650.4547,5.9430,61.49,119.00,0.007518
650.5378,5.9430,61.49,119.00,0.007918
650.6188,5.9430,61.22,119.00,0.007758
650.7010,5.9430,61.22,119.00,0.007859
650.7808,5.9430,61.76,119.00,0.008040
650.8633,5.9430,62.03,119.00,0.007734
650.9432,5.9430,61.49,119.00,0.007991
651.0249,5.8645,61.76,119.00,0.008107
651.1032,5.7860,61.49,119.00,0.007895
651.1788,5.7860,61.76,119.00,0.007351
651.2553,5.7860,61.22,119.00,0.007704
651.3327,5.7860,61.22,119.00,0.007520
651.4064,5.7860,61.49,119.00,0.007741
651.4821,5.7860,61.76,119.00,0.007504
651.5564,5.7860,61.76,119.00,0.007842
651.6324,5.7860,61.49,119.00,0.007903
651.7063,5.7860,62.03,119.00,0.007300
651.7844,5.7860,61.49,119.00,0.007591
651.8597,5.7860,61.76,119.00,0.006999
651.9339,5.7860,61.49,119.00,0.007121
652.0092,5.7860,61.49,119.00,0.007193
652.0837,5.7860,61.22,119.00,0.007277
652.1591,5.9090,61.76,119.00,0.007782
652.2348,5.9090,61.49,119.00,0.007569
652.3127,5.9090,61.49,119.00,0.008026
652.3914,5.9090,61.76,119.00,0.007840
652.4680,5.9090,61.49,119.00,0.007420
652.5467,5.9090,61.76,119.00,0.007783
652.6233,5.9090,61.76,119.00,0.007950
652.6992,5.9090,61.49,119.00,0.007129
652.7745,5.9090,61.49,119.00,0.007406
652.8499,5.9090,61.49,119.00,0.007344
652.9259,5.9090,61.49,119.00,0.007427
653.0035,5.9090,62.03,119.00,0.007884
653.0788,5.8510,61.76,119.00,0.007403
653.1554,5.8510,61.76,119.00,0.007701
653.2303,5.8510,61.49,119.00,0.007638
653.3067,5.8510,61.76,119.00,0.007553
653.3833,5.8510,62.30,119.00,0.007860
653.4587,5.8510,61.76,119.00,0.007821
653.5349,5.8510,61.49,119.00,0.007392
653.6093,5.8510,61.49,119.00,0.007180
653.6830,5.8510,61.22,119.00,0.007618
653.7598,5.8510,61.76,119.00,0.007918
653.8343,5.8510,61.76,119.00,0.007643
653.9098,5.8510,61.76,119.00,0.007750
653.9869,5.8510,61.49,119.00,0.007882
654.0638,5.9770,61.76,119.00,0.007617
654.1385,5.9770,62.03,119.00,0.007788
654.2150,5.9770,61.76,119.00,0.007661
654.2900,5.9770,61.22,119.00,0.007496
654.3687,5.9770,62.30,119.00,0.007934
654.4436,5.9770,62.03,119.00,0.007682
654.5220,5.9770,61.49,119.00,0.007653
654.5981,5.9770,61.76,119.00,0.007481
654.6788,5.9770,62.03,119.00,0.007746
654.7557,5.9770,61.22,119.00,0.007730
654.8322,5.9770,61.49,119.00,0.007579
654.9074,5.9770,61.49,119.00,0.007878
654.9865,5.9770,62.03,119.00,0.008184
655.0636,5.8890,61.49,119.00,0.007317
655.1423,5.8890,61.49,119.00,0.007953
655.2190,5.8890,62.30,119.00,0.007917
655.2949,5.8890,61.22,119.00,0.007989
655.3723,5.8890,61.49,119.00,0.007655
655.4479,5.8890,61.76,119.00,0.007268
655.5213,5.8890,61.22,119.00,0.007119
655.5963,5.8890,61.76,119.00,0.007627
655.6707,5.8890,61.49,119.00,0.007334
655.7510,5.8890,61.49,119.00,0.007601
655.8275,5.8890,61.76,119.00,0.007575
655.9034,5.8890,62.30,119.00,0.007773
655.9782,5.8890,61.49,119.00,0.007894
656.0552,5.9045,62.03,119.00,0.007305
656.1312,5.9200,61.49,119.00,0.007670
656.2113,5.9200,61.22,119.00,0.007744
656.2845,5.9200,61.22,119.00,0.007167
656.3592,5.9200,61.76,119.00,0.007530
656.4349,5.9200,61.22,119.00,0.007456
656.5105,5.9200,62.03,119.00,0.007804
656.5868,5.9200,61.76,119.00,0.007691
656.6662,5.9200,62.30,119.00,0.007596
656.7425,5.9200,61.49,119.00,0.007859
656.8206,5.9200,61.49,119.00,0.007799
656.8970,5.9200,62.30,119.00,0.007633
656.9743,5.9200,61.76,119.00,0.007349
657.0486,5.8820,62.03,119.00,0.007828
657.1268,5.8440,61.49,119.00,0.007797
657.2025,5.8440,61.49,119.00,0.007558
657.2805,5.8440,61.49,119.00,0.007699
657.3543,5.8440,62.03,119.00,0.007700
657.4330,5.8440,61.49,119.00,0.008069
657.5070,5.8440,62.03,119.00,0.007390
657.5825,5.8440,61.76,119.00,0.007416
657.6584,5.8440,61.49,119.00,0.007496
657.7388,5.8440,61.49,119.00,0.007957
657.8150,5.8440,61.76,119.00,0.007242
657.8931,5.8440,61.49,119.00,0.007898
657.9663,5.8440,62.03,119.00,0.007504
658.0422,5.8400,62.03,119.00,0.007682
658.1190,5.8360,62.30,119.00,0.007845
658.1951,5.8360,61.22,119.00,0.007526
658.2712,5.8360,61.49,119.00,0.007340
658.3471,5.8360,61.76,119.00,0.007648
658.4235,5.8360,61.76,119.00,0.007730
658.4990,5.8360,61.49,119.00,0.008039
658.5751,5.8360,61.22,119.00,0.007804
658.6507,5.8360,61.49,119.00,0.007621
658.7238,5.8360,61.49,119.00,0.007060
658.7991,5.8360,61.49,119.00,0.007579
658.8754,5.8360,61.76,119.00,0.007818
658.9508,5.8360,62.03,119.00,0.007621
659.0245,5.8915,61.22,119.00,0.007605
659.1031,5.9470,62.03,119.00,0.007496
659.1787,5.9470,61.22,119.00,0.007651
659.2542,5.9470,61.76,119.00,0.007685
659.3298,5.9470,61.76,119.00,0.007615
659.4069,5.9470,62.03,119.00,0.007642
659.4828,5.9470,62.03,119.00,0.007391
659.5587,5.9470,61.76,119.00,0.007705
659.6345,5.9470,61.22,119.00,0.007638
659.7102,5.9470,61.76,119.00,0.007676
659.7845,5.9470,62.03,119.00,0.007610
659.8624,5.9470,62.03,119.00,0.007467
659.9361,5.9470,61.22,119.00,0.007133
660.0140,5.9470,62.03,119.00,0.007739
660.0913,5.9700,62.30,119.00,0.007838
660.1665,5.9700,61.49,119.00,0.007322
660.2429,5.9700,61.76,119.00,0.007586
660.3226,5.9700,61.22,119.00,0.007524
660.3991,5.9700,62.03,119.00,0.007940
660.4744,5.9700,61.76,119.00,0.007213
660.5506,5.9700,61.76,119.00,0.007705
660.6283,5.9700,62.03,119.00,0.007756
660.7012,5.9700,61.49,119.00,0.007096
660.7764,5.9700,62.30,119.00,0.007668
660.8499,5.9700,61.76,119.00,0.007346
660.9263,5.9700,61.49,119.00,0.007325
661.0029,5.9700,61.49,119.00,0.007573
661.0773,5.9700,61.49,119.00,0.007075
661.1505,5.9700,62.03,119.00,0.007421
661.2272,5.9700,61.76,119.00,0.007225
661.3011,5.9580,62.30,119.00,0.007622
661.3749,5.9580,61.22,119.00,0.007096
661.4478,5.9580,61.22,119.00,0.007042
661.5242,5.9580,61.49,119.00,0.007455
661.5982,5.9580,62.03,119.00,0.007493
661.6756,5.9580,61.49,119.00,0.007926
661.7539,5.9580,61.49,119.00,0.007578
661.8303,5.9580,61.76,119.00,0.007895
661.9064,5.9580,61.49,119.00,0.007451
661.9823,5.9580,62.30,119.00,0.007759
662.0589,5.9640,61.22,119.00,0.007684
662.1353,5.9700,62.03,119.00,0.007782
662.2096,5.9700,61.76,119.00,0.007507
662.2884,5.9700,62.03,119.00,0.007776
662.3624,5.9700,61.76,119.00,0.007678
662.4380,5.9700,61.49,119.00,0.007398
662.5163,5.9700,62.30,119.00,0.007696
662.5944,5.9700,61.49,119.00,0.007294
662.6687,5.9700,61.76,119.00,0.007681
662.7440,5.9700,61.22,119.00,0.007553
662.8182,5.9700,62.30,119.00,0.007788
662.8943,5.9700,61.22,119.00,0.007464
662.9710,5.9700,62.03,119.00,0.007695
663.0468,5.9620,61.49,119.00,0.007508
663.1213,5.9540,62.30,119.00,0.007478
663.1995,5.9540,61.49,119.00,0.007708
663.2751,5.9540,61.49,119.00,0.007603
663.3510,5.9540,62.03,119.00,0.007928
663.4269,5.9540,61.76,119.00,0.007574
663.5035,5.9540,61.76,119.00,0.007720
663.5777,5.9540,62.03,119.00,0.007774
663.6537,5.9540,61.76,119.00,0.007634
663.7319,5.9540,62.03,119.00,0.007542
663.8099,5.9540,61.49,119.00,0.007560
663.8843,5.9540,61.49,119.00,0.007585
663.9622,5.9540,61.76,119.00,0.007567
664.0386,5.9540,62.30,119.00,0.007584
664.1185,5.9540,61.49,119.00,0.007589
664.1948,5.9540,61.49,119.00,0.007650
664.2709,5.9540,62.03,119.00,0.007653
664.3465,5.9540,62.03,119.00,0.007528
664.4229,5.9540,61.76,119.00,0.007703
664.4994,5.9540,61.76,119.00,0.007888
664.5746,5.9540,61.76,119.00,0.007652
664.6526,5.9540,62.03,119.00,0.007646
664.7281,5.9540,61.76,119.00,0.007242
664.8016,5.9540,61.49,119.00,0.007125
664.8786,5.9540,62.03,119.00,0.007312
664.9545,5.9540,61.76,119.00,0.007423
665.0348,5.9540,61.76,119.00,0.007833
665.1106,5.9540,62.03,119.00,0.007780
665.1859,5.9540,61.49,119.00,0.007340
665.2621,5.9540,61.49,119.00,0.007484
665.3389,5.9540,61.76,119.00,0.007988
665.4124,5.9540,62.03,119.00,0.007643
665.4905,5.9485,61.76,119.00,0.007517
665.5678,5.9430,61.49,119.00,0.007842
665.6497,5.9430,61.76,119.00,0.007547
665.7314,5.9430,61.76,119.00,0.008214
665.8121,5.9430,61.22,119.00,0.007498
665.8923,5.9430,61.49,119.00,0.008364
665.9711,5.9430,61.49,119.00,0.008080
666.0504,5.8895,61.22,119.00,0.007903
666.1344,5.8360,61.22,119.00,0.008056
666.2138,5.8360,61.76,119.00,0.007895
666.2937,5.8360,61.76,119.00,0.007508
666.3767,5.8360,61.49,119.00,0.007869
666.4577,5.8360,61.76,119.00,0.007837
666.5398,5.8360,61.22,119.00,0.007674
666.6208,5.8360,62.03,119.00,0.007461
666.7005,5.8360,61.22,119.00,0.007866
666.7818,5.8360,61.49,119.00,0.007782
666.8641,5.8360,61.49,119.00,0.008926
666.9438,5.8360,62.03,119.00,0.007946
667.0173,5.8360,61.22,119.00,0.007195
667.0994,5.8360,61.49,119.00,0.007549
667.1773,5.8360,61.76,119.00,0.007799
667.2600,5.8360,61.49,119.00,0.007727
667.3413,5.8360,61.49,119.00,0.007791
667.4260,5.8360,61.49,119.00,0.008018
667.5035,5.8360,61.49,119.00,0.008016
667.5843,5.8360,61.49,119.00,0.007866
667.6644,5.8360,61.49,119.00,0.007957
667.7472,5.8360,61.76,119.00,0.007803
667.8286,5.8360,61.49,119.00,0.007781
667.9102,5.8360,61.49,119.00,0.008013
667.9911,5.8360,61.49,119.00,0.007816
668.0735,5.8360,61.49,119.00,0.007857
668.1553,5.8360,61.22,119.00,0.007721
668.2371,5.8360,61.49,119.00,0.007807
668.3144,5.8360,61.76,119.00,0.007073
668.3896,5.8360,61.76,119.00,0.007152
668.4643,5.8360,61.49,119.00,0.008314
668.5484,5.8360,61.76,119.00,0.007432
668.6304,5.8360,61.76,119.00,0.007949
668.7123,5.8360,61.76,119.00,0.007923
668.7901,5.8360,61.22,119.00,0.007870
668.8670,5.8360,61.22,119.00,0.007299
668.9426,5.8360,61.49,119.00,0.007400
669.0225,5.8360,61.76,119.00,0.007455
669.1037,5.8495,61.76,119.00,0.008291
669.1872,5.8630,62.03,119.00,0.008227
669.2659,5.8630,61.22,119.00,0.007547
669.3482,5.8630,62.03,119.00,0.007910
669.4285,5.8630,61.76,119.00,0.007825
669.5092,5.8630,61.76,119.00,0.007431
669.5869,5.8630,62.03,119.00,0.007442
669.6686,5.8630,61.49,119.00,0.007541
669.7412,5.8630,62.03,119.00,0.007270
669.8161,5.8630,61.49,119.00,0.007360
669.8950,5.8630,61.49,119.00,0.007438
669.9770,5.8630,61.49,119.00,0.007650
670.0593,5.8475,61.22,119.00,0.008022
670.1410,5.8320,61.22,119.00,0.007833
670.2146,5.8320,61.76,119.00,0.007518
670.2988,5.8320,61.49,119.00,0.007986
670.3791,5.8320,61.49,119.00,0.007416
670.4599,5.8320,61.76,119.00,0.007894
670.5363,5.8320,61.76,119.00,0.007735
670.6188,5.8320,61.49,119.00,0.007716
670.7012,5.8320,61.76,119.00,0.007797
670.7828,5.8320,61.76,119.00,0.008161
670.8653,5.8320,61.49,119.00,0.007992
670.9469,5.8320,61.49,119.00,0.008068
671.0262,5.8320,61.22,119.00,0.007635
671.1074,5.8280,61.76,119.00,0.007538
671.1871,5.8280,61.22,119.00,0.007977
671.2714,5.8280,61.76,119.00,0.008077
671.3465,5.8280,61.76,119.00,0.007270
671.4254,5.8280,61.49,119.00,0.007437
671.5018,5.8280,61.49,119.00,0.007224
671.5784,5.8280,61.22,119.00,0.007169
671.6519,5.8280,61.76,119.00,0.007105
671.7297,5.8280,62.03,119.00,0.007447
671.8114,5.8280,61.22,119.00,0.008428
671.8873,5.8280,61.76,119.00,0.007586
671.9618,5.8280,61.22,119.00,0.007607
672.0375,5.8395,61.49,119.00,0.007564
672.1140,5.8510,62.03,119.00,0.007653
672.1918,5.8510,61.49,119.00,0.007896
672.2658,5.8510,61.49,119.00,0.007520
672.3466,5.8510,61.49,119.00,0.007702
672.4229,5.8510,61.49,119.00,0.007095
672.4987,5.8510,62.03,119.00,0.007568
672.5727,5.8510,61.22,119.00,0.007603
672.6486,5.8510,61.76,119.00,0.007658
672.7235,5.8510,62.03,119.00,0.007814
672.8035,5.8510,62.03,119.00,0.007634
672.8789,5.8510,62.30,119.00,0.007432
672.9534,5.8510,61.49,119.00,0.007015
673.0286,5.8510,61.22,119.00,0.007362
673.1025,5.8510,62.30,119.00,0.007130
673.1780,5.8875,61.49,119.00,0.006998
673.2547,5.9240,61.49,119.00,0.007356
673.3269,5.9240,61.49,119.00,0.007044
673.4011,5.9240,61.22,119.00,0.007422
673.4742,5.9240,62.03,119.00,0.007193
673.5512,5.9240,62.30,119.00,0.007678
673.6240,5.9240,61.76,119.00,0.007184
673.6990,5.9240,61.49,119.00,0.007573
673.7736,5.9240,61.76,119.00,0.007713
673.8518,5.9240,61.22,119.00,0.007420
673.9277,5.9240,61.76,119.00,0.007743
674.0033,5.9240,61.22,119.00,0.007406
674.0774,5.9050,61.76,119.00,0.007246
674.1554,5.9050,61.49,119.00,0.007540
674.2311,5.9050,61.49,119.00,0.007724
674.3067,5.9050,61.49,119.00,0.007613
674.3802,5.9050,62.03,119.00,0.007465
674.4583,5.9050,61.49,119.00,0.007966
674.5382,5.9050,61.49,119.00,0.008906
674.6187,5.9050,62.30,119.00,0.007543
674.6983,5.9050,61.49,119.00,0.008148
674.7806,5.9050,61.49,119.00,0.007975
674.8593,5.9050,62.03,119.00,0.007587
674.9347,5.9050,61.49,119.00,0.007532
675.0125,5.9050,61.49,119.00,0.007887
675.0871,5.8670,61.76,119.00,0.007119
675.1623,5.8670,61.49,119.00,0.007335
675.2387,5.8670,62.30,120.00,0.007085
675.3122,5.8670,61.76,120.00,0.007694
675.3876,5.8670,61.76,120.00,0.007849
675.4610,5.8670,61.49,120.00,0.007382
675.5343,5.8670,62.03,120.00,0.007184
675.6071,5.8670,61.49,120.00,0.007304
675.6812,5.8670,61.76,120.00,0.007255
675.7606,5.8670,61.49,120.00,0.008053
675.8359,5.8670,62.03,120.00,0.007288
675.9102,5.8670,61.49,120.00,0.007265
675.9861,5.8670,61.49,120.00,0.007829
676.0633,5.8860,61.49,120.00,0.007880
676.1393,5.9050,61.76,120.00,0.007474
676.2141,5.9050,61.76,120.00,0.007857
676.2918,5.9050,61.49,120.00,0.007498
676.3650,5.9050,61.49,120.00,0.007146
676.4400,5.9050,61.49,120.00,0.007559
676.5140,5.9050,61.49,120.00,0.007606
676.5919,5.9050,62.03,120.00,0.007609
676.6663,5.9050,61.76,120.00,0.007405
676.7438,5.9050,62.03,120.00,0.007296
676.8174,5.9050,61.76,120.00,0.007291
676.8937,5.9050,62.03,120.00,0.007130
676.9694,5.9050,61.76,120.00,0.007436
677.0438,5.9050,62.03,120.00,0.007217
677.1194,5.8820,61.49,120.00,0.007910
677.1954,5.8820,62.03,120.00,0.007789
677.2695,5.8820,61.49,120.00,0.007172
677.3468,5.8820,62.03,120.00,0.007219
677.4232,5.8820,61.49,120.00,0.007792
677.4982,5.8820,62.03,120.00,0.007509
677.5748,5.8820,62.03,120.00,0.007695
677.6502,5.8820,61.76,120.00,0.007525
677.7264,5.8820,61.76,120.00,0.007822
677.8037,5.8820,61.76,120.00,0.007792
677.8778,5.8820,61.49,120.00,0.007456
677.9549,5.8820,61.49,120.00,0.007608
678.0312,5.9125,61.76,120.00,0.007851
678.1068,5.9430,61.76,120.00,0.007876
678.1810,5.9430,61.76,120.00,0.007763
678.2586,5.9430,61.49,120.00,0.007619
678.3351,5.9430,61.76,120.00,0.007785
678.4100,5.9430,62.03,120.00,0.007757
678.4822,5.9430,61.49,120.00,0.007277
678.5584,5.9430,61.49,120.00,0.007262
678.6334,5.9430,61.22,120.50,0.007221
678.7070,5.9430,61.76,121.00,0.007309
678.7815,5.9430,61.76,121.00,0.007136
678.8561,5.9430,62.03,121.00,0.007684
678.9291,5.9430,62.30,121.00,0.007172
679.0056,5.9430,62.03,121.00,0.007570
679.0826,5.9390,61.49,121.00,0.007596
679.1584,5.9390,61.76,121.00,0.007811
679.2348,5.9390,61.76,121.00,0.007615
679.3129,5.9390,61.49,121.00,0.007732
679.3868,5.9390,62.30,121.00,0.008156
679.4625,5.9390,61.49,121.00,0.007723
679.5390,5.9390,61.76,121.00,0.007605
679.6140,5.9390,62.03,121.00,0.007455
679.6872,5.9390,61.22,121.00,0.007365
679.7625,5.9390,61.76,121.00,0.007758
679.8390,5.9390,61.76,121.00,0.007559
679.9164,5.9390,61.76,121.00,0.007589
679.9911,5.9390,62.03,121.00,0.007908
680.0695,5.9090,61.76,121.00,0.007718
680.1436,5.9090,61.76,121.00,0.007985
680.2192,5.9090,61.22,121.00,0.007463
680.2938,5.9090,61.22,121.00,0.007693
680.3717,5.9090,61.76,121.00,0.007905
680.4456,5.9090,61.76,121.00,0.007686
680.5229,5.9090,61.76,121.00,0.007578
680.6014,5.9090,61.22,121.00,0.007950
680.6786,5.9090,61.76,121.00,0.007796
680.7549,5.9090,61.76,121.00,0.007606
680.8306,5.9090,61.76,121.00,0.007572
680.9068,5.9090,62.03,121.00,0.007600
680.9822,5.9090,61.49,121.00,0.007721
681.0579,5.8820,61.76,121.00,0.007080
681.1359,5.8550,61.49,121.00,0.007440
681.2099,5.8550,61.49,121.00,0.007739
681.2869,5.8550,61.76,121.00,0.007719
681.3632,5.8550,61.76,121.00,0.007516
681.4384,5.8550,61.76,121.00,0.007556
681.5147,5.8550,62.30,121.00,0.007500
681.5919,5.8550,61.49,121.00,0.007542
681.6699,5.8550,61.76,121.00,0.009005
681.7522,5.8550,62.03,121.00,0.007810
681.8319,5.8550,61.76,121.00,0.008524
681.9131,5.8550,61.22,121.00,0.007900
681.9944,5.8550,62.03,121.00,0.007727
682.0788,5.8050,61.22,121.00,0.007838
682.1580,5.8050,62.03,121.00,0.007269
682.2400,5.8050,61.76,121.00,0.007461
682.3158,5.8050,61.49,121.00,0.007493
682.3915,5.8050,61.76,121.00,0.007491
682.4672,5.8050,61.76,121.00,0.007581
682.5428,5.8050,61.22,122.00,0.007459
682.6193,5.8050,61.49,122.00,0.007724
682.6987,5.8050,62.03,122.00,0.007453
682.7747,5.8050,61.49,122.00,0.007587
682.8499,5.8050,61.76,122.00,0.007538
682.9229,5.8050,62.03,122.00,0.007474
682.9986,5.8050,61.76,122.00,0.007073
683.0714,5.8050,61.49,122.00,0.007238
683.1495,5.8910,61.49,122.00,0.007598
683.2266,5.9770,62.30,122.00,0.008164
683.3059,5.9770,61.49,122.00,0.007700
683.3866,5.9770,62.30,122.00,0.007521
683.4702,5.9770,61.49,122.00,0.007778
683.5510,5.9770,61.76,122.00,0.007716
683.6347,5.9770,62.03,122.00,0.007606
683.7142,5.9770,61.49,122.00,0.007800
683.7990,5.9770,61.76,122.00,0.007923
683.8777,5.9770,62.03,122.00,0.007858
683.9584,5.9770,62.03,122.00,0.007843
684.0331,5.9770,61.22,122.00,0.007318
684.1140,5.9330,62.30,122.00,0.007972
684.1957,5.8890,61.76,122.00,0.007923
684.2777,5.8890,61.22,122.00,0.007839
684.3599,5.8890,61.76,122.00,0.008091
684.4434,5.8890,61.49,122.00,0.007763
684.5252,5.8890,61.76,122.00,0.007965
684.6064,5.8890,61.76,122.00,0.008176
684.6863,5.8890,61.22,122.00,0.008124
684.7700,5.8890,61.49,122.00,0.007843
684.8474,5.8890,61.22,122.00,0.007189
684.9291,5.8890,61.22,122.00,0.007680
685.0021,5.8890,61.49,122.00,0.007474
685.0789,5.8890,61.76,122.00,0.007291
685.1523,5.8760,61.49,122.00,0.008033
685.2309,5.8630,61.76,122.00,0.007506
685.3051,5.8630,61.49,122.00,0.007632
685.3837,5.8630,61.76,122.00,0.007733
685.4578,5.8630,61.49,122.00,0.007300
685.5384,5.8630,61.22,122.00,0.007431
685.6120,5.8630,62.30,122.00,0.007324
685.6907,5.8630,61.76,122.00,0.007334
685.7656,5.8630,61.22,122.00,0.007593
685.8466,5.8630,61.76,122.00,0.007540
685.9232,5.8630,61.22,122.00,0.007502
685.9996,5.8630,61.49,122.00,0.007457
686.0769,5.9160,61.22,122.00,0.007487
686.1536,5.9160,61.49,122.00,0.007437
686.2327,5.9160,61.76,122.00,0.008132
686.3112,5.9160,61.49,122.00,0.007657
686.3875,5.9160,61.49,122.00,0.007828
686.4642,5.9160,61.49,122.00,0.007391
686.5386,5.9160,61.76,122.00,0.007035
686.6133,5.9160,61.22,122.00,0.007180
686.6856,5.9160,61.76,122.00,0.007388
686.7622,5.9160,61.22,122.00,0.007164
686.8382,5.9160,61.22,122.00,0.007386
686.9141,5.9160,61.49,122.00,0.007475
686.9895,5.9160,61.22,122.00,0.007463
687.0661,5.9430,61.49,122.00,0.007884
687.1429,5.9430,61.76,122.00,0.007623
687.2180,5.9430,61.49,122.00,0.007661
687.2964,5.9430,61.22,122.00,0.007612
687.3752,5.9430,61.76,122.00,0.007779
687.4516,5.9430,61.76,122.00,0.007831
687.5275,5.9430,61.49,122.00,0.007589
687.6027,5.9430,61.76,122.00,0.008536
687.6789,5.9430,61.76,122.00,0.007660
687.7545,5.9430,61.76,122.00,0.007497
687.8296,5.9430,61.49,122.00,0.007476
687.9059,5.9430,61.49,122.00,0.007825
687.9833,5.9430,62.03,122.00,0.007545
688.0600,5.9505,61.76,122.00,0.007634
688.1348,5.9580,61.49,122.00,0.007408
688.2115,5.9580,61.76,122.00,0.007629
688.2862,5.9580,61.22,122.00,0.007230
688.3630,5.9580,61.49,122.00,0.008081
688.4379,5.9580,61.76,122.00,0.007246
688.5122,5.9580,62.03,122.00,0.007327
688.5926,5.9580,62.03,122.00,0.007928
688.6668,5.9580,62.03,122.00,0.007590
688.7433,5.9580,61.49,122.00,0.008130
688.8192,5.9580,62.30,122.00,0.007477
688.8954,5.9580,61.76,122.00,0.007707
688.9699,5.9580,61.49,122.00,0.007756
689.0458,5.9390,61.76,122.00,0.007288
689.1222,5.9200,61.49,122.00,0.007361
689.1977,5.9200,61.76,122.00,0.007405
689.2739,5.9200,61.76,122.00,0.007652
689.3508,5.9200,62.03,122.00,0.007538
689.4290,5.9200,62.03,122.00,0.007614
689.5063,5.9200,61.76,122.00,0.007298
689.5803,5.9200,61.49,122.00,0.007904
689.6542,5.9200,61.49,122.00,0.006966
689.7311,5.9200,61.49,122.00,0.007315
689.8052,5.9200,61.49,122.00,0.007112
689.8780,5.9200,62.03,122.00,0.007244
689.9540,5.9200,62.03,122.00,0.007505
690.0312,5.9295,61.76,122.00,0.007952
690.1100,5.9390,61.49,122.00,0.007943
690.1859,5.9390,61.76,122.00,0.007438
690.2706,5.9390,61.49,122.00,0.009000
690.3494,5.9390,61.22,122.00,0.007630
690.4314,5.9390,61.76,121.00,0.008227
690.5101,5.9390,61.49,121.00,0.007504
690.5910,5.9390,61.49,122.00,0.007354
690.6666,5.9390,61.76,122.00,0.007180
690.7458,5.9390,61.49,122.00,0.007262
690.8236,5.9390,61.49,122.00,0.008073
690.9070,5.9390,61.76,122.00,0.008081
690.9872,5.9390,61.76,122.00,0.007739
691.0720,5.8210,61.76,122.00,0.007651
691.1542,5.8210,61.76,121.00,0.008322
691.2362,5.8210,61.49,121.00,0.007880
691.3178,5.8210,61.22,121.00,0.007840
691.3993,5.8210,61.49,121.00,0.007416
691.4808,5.8210,61.49,121.00,0.007949
691.5597,5.8210,61.76,121.00,0.007903
691.6397,5.8210,61.49,121.00,0.008015
691.7238,5.8210,62.03,121.00,0.008049
691.8056,5.8210,61.76,121.00,0.007614
691.8866,5.8210,61.22,121.00,0.007742
691.9690,5.8210,61.76,121.50,0.007856
692.0521,5.8000,61.76,121.00,0.007839
692.1328,5.7790,61.76,121.00,0.007840
692.2164,5.7790,61.22,121.00,0.007720
692.2959,5.7790,61.76,121.00,0.007370
692.3716,5.7790,61.49,121.00,0.007221
692.4459,5.7790,61.49,121.00,0.007697
692.5226,5.7790,61.49,121.00,0.007323
692.6021,5.7790,62.03,121.00,0.007588
692.6863,5.7790,61.49,121.00,0.007923
692.7642,5.7790,61.49,121.00,0.008046
692.8476,5.7790,61.49,121.00,0.007807
692.9245,5.7790,62.03,121.00,0.007774
693.0031,5.7790,61.49,121.00,0.007914
693.0805,5.8470,61.49,121.00,0.007934
693.1562,5.8470,61.49,121.00,0.007301
693.2290,5.8470,61.49,121.00,0.007955
693.3034,5.8470,61.76,121.00,0.007481
693.3795,5.8470,61.49,121.00,0.007928
693.4595,5.8470,61.22,121.00,0.007668
693.5355,5.8470,61.22,121.00,0.007696
693.6117,5.8470,61.49,121.00,0.007560
693.6861,5.8470,61.22,121.00,0.007595
693.7642,5.8470,61.76,121.00,0.007651
693.8381,5.8470,61.22,121.00,0.007559
693.9189,5.8470,61.49,121.00,0.007808
693.9945,5.8470,61.49,121.00,0.007741
694.0712,5.8590,61.49,121.00,0.007865
694.1464,5.8590,61.22,121.00,0.007125
694.2242,5.8590,61.49,121.00,0.007558
694.2985,5.8590,61.22,121.00,0.007234
694.3764,5.8590,61.49,121.00,0.007657
694.4549,5.8590,62.03,121.00,0.007269
694.5332,5.8590,61.76,121.00,0.007724
694.6078,5.8590,61.22,121.00,0.007964
694.6831,5.8590,61.49,121.00,0.007546
694.7579,5.8590,62.03,121.00,0.007710
694.8355,5.8590,61.22,121.00,0.007428
694.9126,5.8590,61.76,121.00,0.007967
694.9904,5.8590,61.76,121.00,0.007828
695.0670,5.8930,61.76,121.00,0.007383
695.1443,5.8930,61.22,121.00,0.007457
695.2191,5.8930,61.76,121.00,0.007773
695.2955,5.8930,61.49,121.00,0.007524
695.3696,5.8930,61.49,121.00,0.007222
695.4469,5.8930,61.49,121.00,0.007393
695.5233,5.8930,62.03,121.00,0.007778
695.6043,5.8930,61.76,121.00,0.007866
695.6778,5.8930,61.49,121.00,0.007375
695.7557,5.8930,61.49,121.00,0.007958
695.8304,5.8930,61.49,121.00,0.007703
695.9060,5.8930,61.76,121.00,0.007384
695.9822,5.8930,61.49,121.00,0.007276
696.0581,5.8800,61.76,121.00,0.007663
696.1350,5.8670,61.22,121.00,0.007512
696.2116,5.8670,61.76,121.00,0.007693
696.2894,5.8670,61.49,121.00,0.007257
696.3677,5.8670,62.03,121.00,0.007858
696.4426,5.8670,62.03,121.00,0.008235
696.5192,5.8670,61.22,121.00,0.007782
696.5957,5.8670,62.03,121.00,0.007238
696.6749,5.8670,61.49,121.00,0.007831
696.7514,5.8670,61.76,121.00,0.007732
696.8270,5.8670,61.76,121.00,0.007286
696.9038,5.8670,61.76,121.00,0.007425
696.9820,5.8670,61.76,121.00,0.007691
697.0588,5.8670,61.49,121.00,0.007567
697.1352,5.8670,61.49,121.00,0.007746
697.2099,5.8670,62.03,121.00,0.007366
697.2888,5.8670,61.22,121.00,0.008103
697.3635,5.8670,62.03,121.00,0.007752
697.4417,5.8670,61.76,120.50,0.007367
697.5171,5.8670,61.49,121.00,0.007621
697.5958,5.8670,61.76,121.00,0.007758
697.6708,5.8670,61.22,121.00,0.007663
697.7467,5.8670,61.76,121.00,0.007386
697.8231,5.8670,61.49,121.00,0.007537
697.9012,5.8670,62.03,121.00,0.007803
697.9795,5.8670,62.03,121.00,0.007651
698.0555,5.8670,61.22,121.00,0.007573
698.1315,5.8670,61.49,120.50,0.007570
698.2111,5.8670,61.22,120.50,0.007633
698.2866,5.8670,61.76,121.00,0.007473
698.3628,5.8670,61.49,121.00,0.007157
698.4364,5.8670,61.49,121.00,0.007396
698.5122,5.8670,61.49,120.50,0.007743
698.5868,5.9200,61.49,120.50,0.007353
698.6645,5.9200,61.76,120.00,0.007797
698.7381,5.9200,62.03,120.00,0.007728
698.8157,5.9200,61.76,120.00,0.007572
698.8916,5.9200,61.76,120.00,0.007651
698.9677,5.9200,62.03,120.00,0.007928
699.0419,5.9370,62.30,120.00,0.007619
699.1185,5.9540,61.49,120.00,0.007627
699.1947,5.9540,61.76,120.00,0.007414
699.2697,5.9540,61.49,120.00,0.007213
699.3418,5.9540,62.03,120.00,0.007121
699.4184,5.9540,61.76,120.00,0.007367
699.4910,5.9540,61.49,120.00,0.007265
699.5657,5.9540,61.76,120.00,0.007484
699.6416,5.9540,61.76,120.00,0.007363
699.7155,5.9540,61.76,120.00,0.007064
699.7903,5.9540,61.76,120.00,0.007291
699.8665,5.9540,61.49,120.00,0.007311
699.9439,5.9540,61.49,120.00,0.007584
700.0192,5.9540,61.49,120.00,0.007294
700.0921,5.9540,62.03,120.50,0.007391
700.1707,5.9540,61.49,120.00,0.007314
700.2455,5.9540,62.30,120.50,0.007161
700.3260,5.9540,61.22,120.00,0.007614
700.4024,5.9540,61.76,120.00,0.008079
700.4832,5.9540,61.76,120.00,0.007634
700.5592,5.9540,61.76,120.00,0.007568
700.6346,5.9540,62.30,120.00,0.007563
700.7107,5.9540,61.49,120.00,0.007481
700.7873,5.9540,62.03,120.00,0.007842
700.8637,5.9540,61.76,120.00,0.007839
700.9395,5.9540,61.76,120.00,0.007704
701.0143,5.9540,61.76,120.00,0.008158
701.0910,5.9540,61.76,120.00,0.007978
701.1660,5.9540,61.22,120.00,0.007773
701.2436,5.9540,62.03,120.00,0.007401
701.3197,5.9540,61.22,120.00,0.007182
701.3940,5.9540,61.49,120.00,0.007066
701.4674,5.9540,61.76,120.00,0.007473
701.5457,5.9160,61.76,120.00,0.007658
701.6205,5.9160,62.03,120.00,0.007841
701.6980,5.9160,61.76,120.00,0.007337
701.7744,5.9160,62.03,120.00,0.007789
701.8502,5.9160,61.49,120.00,0.007844
701.9262,5.9160,61.49,120.00,0.007475
702.0045,5.9160,62.03,120.00,0.007788
702.0794,5.9540,62.03,120.00,0.007710
702.1546,5.9540,61.49,120.00,0.007347
702.2281,5.9540,62.03,120.00,0.007129
702.3069,5.9540,61.49,120.00,0.007036
702.3799,5.9540,61.22,120.00,0.007424
702.4550,5.9540,61.76,120.00,0.007378
702.5319,5.9540,61.22,120.00,0.007458
702.6103,5.9540,61.76,120.00,0.007972
702.6863,5.9540,61.76,120.00,0.007225
702.7625,5.9540,62.03,120.00,0.007672
702.8384,5.9540,61.49,120.00,0.007269
702.9159,5.9540,61.22,120.00,0.007475
702.9897,5.9540,61.22,120.00,0.007762
703.0673,5.8860,61.76,120.00,0.007220
703.1429,5.8860,61.22,120.00,0.007548
703.2178,5.8860,61.22,120.00,0.007420
703.2965,5.8860,61.49,120.00,0.007448
703.3713,5.8860,61.49,120.00,0.007382
703.4465,5.8860,61.76,120.00,0.007420
703.5216,5.8860,62.03,120.00,0.007432
703.5979,5.8860,61.49,120.00,0.007536
703.6763,5.8860,61.49,120.00,0.007581
703.7511,5.8860,62.03,120.00,0.007715
703.8274,5.8860,61.76,120.00,0.007636
703.9013,5.8860,61.76,120.00,0.007329
703.9781,5.8860,62.30,120.00,0.007216
704.0533,5.8860,61.22,120.00,0.007125
704.1305,5.8860,61.76,120.00,0.007488
704.2102,5.8740,61.49,120.00,0.007746
704.2890,5.8740,61.49,120.00,0.007408
704.3633,5.8740,61.22,120.00,0.007551
704.4400,5.8740,61.76,120.00,0.007684
704.5144,5.8740,61.76,120.00,0.007712
704.5932,5.8740,61.76,120.00,0.007590
704.6699,5.8740,61.49,120.00,0.007937
704.7465,5.8740,61.49,120.00,0.007704
704.8233,5.8740,61.76,120.00,0.007700
704.8996,5.8740,61.76,119.50,0.007344
704.9766,5.8740,61.76,119.50,0.008137
705.0533,5.8835,61.49,120.00,0.007829
705.1299,5.8930,61.49,120.00,0.008004
705.2107,5.8930,61.49,120.00,0.007641
705.2851,5.8930,62.03,120.00,0.007569
705.3634,5.8930,62.03,120.00,0.007953
705.4396,5.8930,62.30,120.00,0.007876
705.5149,5.8930,61.76,119.00,0.007347
705.5890,5.8930,61.76,119.00,0.007578
705.6638,5.8930,62.03,119.50,0.007190
705.7389,5.8930,61.49,120.00,0.007086
705.8131,5.8930,61.49,120.00,0.007102
705.8862,5.8930,62.03,120.00,0.007474
705.9615,5.8930,62.03,120.00,0.007471
706.0338,5.8930,62.03,120.00,0.007179
706.1128,5.8930,61.49,120.00,0.007259
706.1905,5.8700,61.22,120.00,0.007955
706.2671,5.8700,62.03,119.50,0.007472
706.3417,5.8700,61.22,119.00,0.007638
706.4193,5.8700,61.22,119.00,0.007532
706.4940,5.8700,61.22,119.00,0.007975
706.5722,5.8700,61.49,119.00,0.007867
706.6462,5.8700,61.49,119.00,0.007946
706.7243,5.8700,61.76,119.00,0.007740
706.7980,5.8700,61.22,119.00,0.007576
706.8761,5.8700,61.49,119.50,0.007678
706.9550,5.8700,62.03,119.00,0.007786
707.0308,5.8855,62.30,119.00,0.008063
707.1086,5.9010,61.76,119.00,0.007715
707.1862,5.9010,61.49,119.00,0.007258
707.2634,5.9010,61.76,119.00,0.008362
707.3391,5.9010,61.49,119.00,0.007739
707.4157,5.9010,61.49,119.00,0.007588
707.4933,5.9010,61.76,119.00,0.007296
707.5696,5.9010,61.76,119.00,0.007616
707.6478,5.9010,61.76,119.00,0.007990
707.7219,5.9010,61.49,119.00,0.007670
707.7977,5.9010,61.76,119.00,0.007530
707.8753,5.9010,62.03,119.00,0.007324
707.9534,5.9010,61.49,119.00,0.007556
708.0300,5.9010,61.49,119.00,0.007679
708.1073,5.9470,62.03,119.00,0.007778
708.1804,5.9470,62.03,119.00,0.007581
708.2606,5.9470,61.76,119.00,0.007702
708.3372,5.9470,61.49,119.00,0.007862
708.4125,5.9470,62.03,119.00,0.007537
708.4866,5.9470,61.49,119.00,0.007317
708.5632,5.9470,61.49,119.00,0.008060
708.6415,5.9470,62.03,119.00,0.007948
708.7192,5.9470,61.49,119.00,0.007519
708.7938,5.9470,61.22,119.00,0.007722
708.8715,5.9470,61.76,119.00,0.007576
708.9484,5.9470,61.49,119.00,0.007919
709.0238,5.9470,61.49,119.00,0.007370
709.0987,5.9200,62.03,119.00,0.007597
709.1748,5.9200,61.76,119.00,0.007720
709.2514,5.9200,61.76,119.00,0.007544
709.3305,5.9200,61.49,119.00,0.007266
709.4066,5.9200,62.03,119.00,0.007628
709.4826,5.9200,61.76,119.00,0.007529
709.5588,5.9200,62.30,119.00,0.007609
709.6345,5.9200,62.03,119.00,0.007704
709.7114,5.9200,62.03,119.00,0.007483
709.7869,5.9200,62.03,119.00,0.007674
709.8633,5.9200,62.03,119.00,0.007740
709.9386,5.9200,61.22,119.00,0.007336
710.0108,5.9200,61.22,119.00,0.007132
710.0859,5.9200,61.76,119.00,0.007301
710.1628,5.8930,61.49,119.00,0.007423
710.2390,5.8930,61.76,119.00,0.007614
710.3158,5.8930,62.03,119.00,0.007756
710.3919,5.8930,62.03,119.00,0.008071
710.4667,5.8930,61.76,119.00,0.008083
710.5449,5.8930,61.76,119.00,0.007531
710.6234,5.8930,61.76,119.00,0.007554
710.6991,5.8930,61.49,119.00,0.007476
710.7736,5.8930,61.49,119.00,0.007615
710.8496,5.8930,61.76,119.00,0.007706
710.9287,5.8930,62.03,119.00,0.007738
711.0070,5.8930,61.76,119.00,0.007756
711.0844,5.9090,62.03,119.00,0.007905
711.1594,5.9090,61.22,119.00,0.007450
711.2358,5.9090,61.49,119.00,0.007555
711.3141,5.9090,62.03,119.00,0.007813
711.3907,5.9090,62.30,119.00,0.007731
711.4688,5.9090,62.03,119.00,0.007444
711.5429,5.9090,62.03,119.00,0.007626
711.6195,5.9090,61.76,119.00,0.007952
711.6957,5.9090,61.49,119.00,0.007281
711.7708,5.9090,61.49,119.00,0.007577
711.8456,5.9090,61.76,119.00,0.007710
711.9234,5.9090,61.76,119.00,0.007648
711.9993,5.9090,61.22,119.00,0.007443
712.0751,5.8970,61.76,119.00,0.007736
712.1489,5.8970,61.76,119.00,0.007567
712.2268,5.8970,61.49,119.00,0.007780
712.3035,5.8970,61.49,119.00,0.007670
712.3820,5.8970,61.49,119.00,0.007716
712.4567,5.8970,61.22,119.00,0.007627
712.5344,5.8970,62.03,119.00,0.007472
712.6114,5.8970,61.76,119.00,0.007547
712.6901,5.8970,61.76,119.00,0.007716
712.7669,5.8970,61.49,119.00,0.007334
712.8426,5.8970,62.03,119.00,0.007846
712.9189,5.8970,62.03,119.00,0.007609
712.9944,5.8970,61.49,119.00,0.007668
713.0701,5.9200,62.03,119.00,0.007790
713.1477,5.9200,61.76,119.00,0.007779
713.2220,5.9200,62.03,119.00,0.008019
713.2997,5.9200,61.76,119.00,0.007778
713.3741,5.9200,61.22,119.00,0.007646
713.4543,5.9200,61.76,119.00,0.007785
713.5281,5.9200,61.76,119.00,0.007524
713.6039,5.9200,61.49,119.00,0.007301
713.6771,5.9200,61.49,119.00,0.007588
713.7515,5.9200,61.49,119.00,0.007477
713.8254,5.9200,61.49,119.00,0.007588
713.9027,5.9200,62.03,119.00,0.007892
713.9821,5.9200,61.49,119.00,0.008276
714.0656,5.9120,61.76,119.00,0.008010
714.1467,5.9120,62.30,119.00,0.007499
714.2300,5.9120,62.30,119.00,0.007525
714.3113,5.9120,61.22,119.00,0.007899
714.3921,5.9120,62.30,119.00,0.008229
714.4730,5.9120,62.03,119.00,0.007923
714.5563,5.9120,61.49,119.00,0.007894
714.6379,5.9120,61.49,119.00,0.007477
714.7182,5.9120,61.49,119.00,0.007238
714.7922,5.9120,61.76,119.00,0.007922
714.8708,5.9120,61.76,119.00,0.007794
714.9497,5.9120,62.03,119.00,0.007680
715.0318,5.8665,61.22,119.00,0.007903
715.1100,5.8210,62.03,119.00,0.007532
715.1924,5.8210,61.49,119.00,0.008046
715.2739,5.8210,61.22,119.00,0.007697
715.3571,5.8210,61.49,119.00,0.007499
715.4379,5.8210,61.22,119.00,0.007355
715.5210,5.8210,61.49,119.00,0.007738
715.6019,5.8210,62.03,119.00,0.007983
715.6832,5.8210,61.76,119.00,0.007904
715.7564,5.8210,61.22,119.00,0.007701
715.8307,5.8210,61.49,119.00,0.007256
715.9071,5.8210,61.76,119.00,0.007818
715.9896,5.8210,61.49,119.00,0.007072
716.0715,5.8510,61.76,119.00,0.007775
716.1550,5.8510,61.49,119.00,0.007545
716.2362,5.8510,61.76,119.00,0.007898
716.3173,5.8510,61.22,119.00,0.008256
716.3980,5.8510,61.49,119.00,0.007866
716.4814,5.8510,61.49,119.00,0.008038
716.5623,5.8510,61.49,119.00,0.007814
716.6454,5.8510,61.49,119.00,0.008053
716.7265,5.8510,61.49,119.00,0.008256
716.8091,5.8510,61.76,119.00,0.007652
716.8911,5.8510,61.49,119.00,0.007951
716.9727,5.8510,61.49,119.00,0.007920
717.0541,5.8070,61.76,119.00,0.007371
717.1376,5.7630,61.49,119.00,0.008091
717.2163,5.7630,61.22,119.00,0.007780
717.2996,5.7630,61.76,119.00,0.008029
717.3793,5.7630,61.76,119.00,0.007937
717.4621,5.7630,62.03,119.00,0.007946
717.5435,5.7630,61.76,119.00,0.008076
717.6262,5.7630,61.22,119.00,0.007356
717.7049,5.7630,61.49,119.00,0.007639
717.7865,5.7630,61.22,119.00,0.008159
717.8639,5.7630,61.76,119.00,0.008235
717.9474,5.7630,62.03,119.00,0.007744
718.0301,5.8130,61.49,119.00,0.008400
718.1133,5.8630,61.22,119.00,0.007852
718.1943,5.8630,61.49,119.00,0.007811
718.2768,5.8630,61.76,119.00,0.008159
718.3553,5.8630,61.76,119.00,0.007947
718.4395,5.8630,61.22,119.00,0.007979
718.5162,5.8630,61.49,119.00,0.007152
718.5917,5.8630,61.49,119.00,0.007086
718.6702,5.8630,61.49,119.00,0.008245
718.7508,5.8630,61.49,119.00,0.007589
718.8324,5.8630,61.49,119.00,0.007746
718.9163,5.8630,61.22,119.00,0.007797
718.9975,5.8630,61.76,119.00,0.008277
719.0796,5.7900,61.22,119.00,0.008273
719.1588,5.7900,61.22,119.00,0.007899
719.2434,5.7900,61.22,119.00,0.008340
719.3246,5.7900,62.03,119.00,0.008026
719.4036,5.7900,61.76,119.00,0.008207
719.4853,5.7900,61.22,119.00,0.008225
719.5665,5.7900,61.49,119.00,0.007987
719.6484,5.7900,61.22,119.00,0.007983
719.7318,5.7900,61.22,119.00,0.007930
719.8114,5.7900,61.49,119.00,0.008151
719.8931,5.7900,61.49,119.00,0.007815
719.9752,5.7900,61.76,119.00,0.008081
720.0579,5.7730,61.49,119.00,0.007977
720.1398,5.7560,61.76,119.00,0.008032
720.2187,5.7560,61.49,119.00,0.007684
720.2986,5.7560,61.49,119.00,0.007844
720.3789,5.7560,61.22,119.00,0.007378
720.4587,5.7560,61.22,119.00,0.007595
720.5418,5.7560,61.49,119.00,0.007768
720.6239,5.7560,61.22,119.00,0.007939
720.7050,5.7560,61.22,119.00,0.008064
720.7865,5.7560,61.76,119.00,0.007283
720.8622,5.7560,61.49,119.00,0.007807
720.9376,5.7560,61.49,119.00,0.007550
721.0158,5.7560,61.22,119.00,0.008080
721.0911,5.8400,61.22,119.00,0.007217
721.1688,5.8400,61.49,119.00,0.007434
721.2454,5.8400,61.22,119.00,0.007514
721.3227,5.8400,61.49,119.00,0.007497
721.3952,5.8400,61.49,119.00,0.007202
721.4697,5.8400,61.22,119.00,0.007396
721.5478,5.8400,61.49,119.00,0.007961
721.6230,5.8400,61.22,119.00,0.007522
721.6980,5.8400,62.03,119.00,0.006976
721.7724,5.8400,61.22,119.00,0.007250
721.8471,5.8400,61.49,119.00,0.007710
721.9233,5.8400,61.49,119.00,0.007633
721.9991,5.8400,61.22,119.00,0.007701
722.0772,5.8630,61.76,119.00,0.007813
722.1518,5.8630,61.76,119.00,0.008075
722.2284,5.8630,61.76,119.00,0.008147
722.3025,5.8630,61.76,119.00,0.008001
722.3800,5.8630,61.76,119.00,0.007530
722.4540,5.8630,61.49,119.00,0.007312
722.5295,5.8630,61.49,119.00,0.007159
722.6034,5.8630,61.49,119.00,0.007671
722.6791,5.8630,62.03,119.00,0.007795
722.7561,5.8630,62.03,119.00,0.007755
722.8345,5.8630,62.30,119.00,0.007534
722.9084,5.8630,61.76,119.00,0.007838
722.9839,5.8630,61.76,119.00,0.007479
723.0580,5.8630,61.76,119.00,0.007753
723.1339,5.8630,62.03,119.00,0.007686
723.2124,5.8630,61.76,119.00,0.007700
723.2905,5.8630,61.76,119.00,0.007941
723.3667,5.8630,61.76,119.00,0.007784
723.4474,5.8630,62.30,119.00,0.007925
723.5258,5.8630,62.30,119.00,0.007937
723.6035,5.8630,61.49,119.00,0.007744
723.6782,5.8630,62.03,119.00,0.008104
723.7538,5.8630,62.30,119.00,0.007769
723.8294,5.8630,61.49,119.00,0.007241
723.9035,5.8630,62.03,119.00,0.007032
723.9758,5.8630,61.49,119.00,0.007030
724.0502,5.8630,62.30,119.00,0.007313
724.1236,5.8630,62.30,119.00,0.007734
724.2038,5.9160,61.76,119.00,0.007452
724.2811,5.9160,61.49,119.00,0.007981
724.3592,5.9160,61.49,119.00,0.007501
724.4339,5.9160,61.76,119.00,0.007559
724.5119,5.9160,62.03,119.00,0.007496
724.5869,5.9160,62.30,119.00,0.008133
724.6629,5.9160,62.30,119.00,0.007444
724.7393,5.9160,61.76,119.00,0.007862
724.8152,5.9160,61.76,119.00,0.007710
724.8897,5.9160,61.49,119.00,0.007726
724.9707,5.9160,62.03,119.00,0.007584
725.0457,5.9560,61.49,119.00,0.007591
725.1244,5.9960,61.22,119.50,0.007626
725.1982,5.9960,62.03,119.00,0.007663
725.2743,5.9960,62.03,119.00,0.007711
725.3506,5.9960,61.76,119.00,0.007556
725.4262,5.9960,62.03,119.00,0.007425
725.4998,5.9960,61.49,119.50,0.007333
725.5752,5.9960,61.76,120.00,0.007417
725.6498,5.9960,61.76,120.00,0.007937
725.7267,5.9960,61.49,119.50,0.007859
725.8033,5.9960,61.49,119.00,0.007875
725.8831,5.9960,62.30,119.00,0.007459
725.9576,5.9960,61.76,119.00,0.007691
726.0362,5.9580,62.03,119.00,0.008338
726.1098,5.9200,62.03,119.00,0.007289
726.1878,5.9200,61.76,119.00,0.007519
726.2627,5.9200,62.03,119.00,0.007915
726.3376,5.9200,61.22,119.00,0.007090
726.4144,5.9200,62.03,119.00,0.007299
726.4908,5.9200,62.03,119.00,0.007256
726.5669,5.9200,62.03,119.00,0.007829
726.6423,5.9200,62.03,119.00,0.007730
726.7206,5.9200,62.30,119.00,0.007598
726.7964,5.9200,61.49,119.00,0.007817
726.8704,5.9200,62.03,119.00,0.007689
726.9485,5.9200,61.49,119.00,0.007916
727.0224,5.9200,62.30,119.50,0.007746
727.1015,5.9240,62.30,119.00,0.008073
727.1761,5.9240,61.76,119.00,0.007653
727.2536,5.9240,61.76,120.00,0.007716
727.3299,5.9240,61.76,120.00,0.007626
727.4058,5.9240,62.03,120.00,0.007760
727.4823,5.9240,61.76,120.00,0.007643
727.5581,5.9240,61.49,119.50,0.007390
727.6365,5.9240,61.76,119.50,0.007650
727.7128,5.9240,62.03,119.50,0.007878
727.7913,5.9240,62.03,119.00,0.007782
727.8696,5.9240,61.76,119.00,0.007717
727.9458,5.9240,61.76,119.00,0.007526
728.0214,5.9240,61.76,119.00,0.007701
728.0967,5.8440,61.76,119.00,0.007990
728.1719,5.8440,61.76,119.00,0.007397
728.2455,5.8440,61.49,119.00,0.007445
728.3239,5.8440,61.49,119.00,0.007759
728.3997,5.8440,61.49,119.00,0.007462
728.4759,5.8440,62.03,119.00,0.007897
728.5511,5.8440,61.76,119.00,0.007478
728.6273,5.8440,61.76,119.50,0.007553
728.7021,5.8440,61.22,119.50,0.008087
728.7785,5.8440,62.03,119.00,0.007656
728.8550,5.8440,62.03,119.00,0.007615
728.9324,5.8440,61.76,119.00,0.007482
729.0061,5.8440,62.30,120.00,0.007517
729.0827,5.8440,61.49,120.00,0.007066
729.1585,5.8440,62.30,120.00,0.007644
729.2355,5.9050,61.49,120.00,0.007704
729.3139,5.9050,62.03,119.00,0.007849
729.3907,5.9050,61.49,119.00,0.007269
729.4649,5.9050,62.03,119.00,0.007585
729.5414,5.9050,61.76,119.00,0.007887
729.6177,5.9050,61.49,119.00,0.007863
729.6956,5.9050,61.76,119.00,0.007630
729.7695,5.9050,61.49,119.00,0.007642
729.8478,5.9050,61.76,119.00,0.007794
729.9231,5.9050,61.49,119.00,0.007615
730.0012,5.9050,62.03,119.00,0.007592
730.0781,5.9430,61.76,119.00,0.007673
730.1591,5.9430,61.49,119.00,0.007942
730.2356,5.9430,61.76,119.00,0.007901
730.3150,5.9430,62.03,119.00,0.008045
730.3910,5.9430,61.76,119.00,0.007349
730.4663,5.9430,62.03,119.00,0.007596
730.5399,5.9430,62.30,119.00,0.007295
730.6176,5.9430,61.49,119.00,0.007445
730.6920,5.9430,62.30,119.00,0.007971
730.7679,5.9430,62.03,120.00,0.007439
730.8433,5.9430,62.03,120.00,0.007751
730.9176,5.9430,61.22,120.00,0.007332
730.9939,5.9430,61.76,120.00,0.008069
731.0720,5.8860,61.76,120.00,0.007422
731.1489,5.8860,61.76,119.50,0.007963
731.2244,5.8860,62.03,119.50,0.007707
731.2999,5.8860,61.49,119.00,0.007038
731.3738,5.8860,62.03,119.00,0.007123
731.4515,5.8860,61.76,119.00,0.007654
731.5272,5.8860,61.49,119.00,0.007917
731.6056,5.8860,61.22,119.00,0.007843
731.6839,5.8860,61.76,119.00,0.007815
731.7595,5.8860,61.76,119.00,0.007327
731.8354,5.8860,61.76,119.00,0.007556
731.9104,5.8860,62.03,119.00,0.008086
731.9862,5.8860,61.76,119.00,0.007754
732.0607,5.8975,62.03,119.00,0.007712
732.1391,5.9090,61.49,119.00,0.007502
732.2158,5.9090,62.03,119.00,0.007465
732.2912,5.9090,61.49,119.00,0.007791
732.3673,5.9090,61.76,119.00,0.007634
732.4438,5.9090,62.03,119.00,0.007260
732.5167,5.9090,61.49,119.00,0.007267
732.5908,5.9090,61.49,119.00,0.007236
732.6637,5.9090,61.49,119.00,0.007014
732.7379,5.9090,61.76,119.00,0.007118
732.8148,5.9090,61.49,120.00,0.007153
732.8912,5.9090,61.76,120.00,0.007416
732.9654,5.9090,61.49,119.50,0.007522
733.0436,5.8650,61.49,119.50,0.007792
733.1188,5.8210,61.49,119.00,0.007586
733.1944,5.8210,62.03,119.00,0.007596
733.2711,5.8210,61.76,119.50,0.007692
733.3474,5.8210,61.76,119.00,0.007638
733.4233,5.8210,61.76,119.00,0.007486
733.4992,5.8210,62.03,119.00,0.007461
733.5756,5.8210,61.76,119.00,0.007451
733.6538,5.8210,61.22,119.00,0.007807
733.7298,5.8210,62.03,119.00,0.007658
733.8059,5.8210,61.76,119.50,0.007470
733.8818,5.8210,61.76,119.00,0.007582
733.9594,5.8210,62.03,119.00,0.007612
734.0366,5.8800,61.76,119.00,0.007954
734.1144,5.9390,61.76,119.00,0.007230
734.1875,5.9390,62.03,119.00,0.007090
734.2652,5.9390,61.76,119.00,0.007425
734.3391,5.9390,61.76,119.00,0.007712
734.4152,5.9390,62.30,119.00,0.007068
734.4878,5.9390,61.49,119.00,0.007034
734.5622,5.9390,61.49,119.00,0.007121
734.6372,5.9390,61.76,119.00,0.007107
734.7131,5.9390,61.76,119.00,0.007556
734.7885,5.9390,61.49,119.00,0.007107
734.8697,5.9390,61.49,119.50,0.008959
734.9532,5.9390,62.30,120.00,0.012359
735.0370,5.9505,61.76,120.50,0.008584
735.1204,5.9620,61.49,121.00,0.008496
735.2040,5.9620,62.03,121.00,0.007513
735.2773,5.9620,62.03,121.00,0.007124
735.3539,5.9620,61.76,121.00,0.007361
735.4300,5.9620,61.76,121.00,0.007468
735.5149,5.9620,61.49,121.00,0.008283
735.5996,5.9620,61.22,121.00,0.008205
735.6767,5.9620,61.76,121.00,0.007185
735.7512,5.9620,61.49,121.00,0.007071
735.8261,5.9620,61.76,121.00,0.007095
735.9036,5.9620,62.30,121.00,0.008287
735.9899,5.9620,62.30,121.00,0.008292
736.0756,5.8700,61.49,121.00,0.008232
736.1615,5.8700,61.49,121.00,0.007873
736.2415,5.8700,61.22,121.00,0.007950
736.3262,5.8700,61.76,121.00,0.007904
736.4093,5.8700,61.76,121.00,0.007924
736.4929,5.8700,61.76,121.00,0.007957
736.5755,5.8700,61.76,121.00,0.008317
736.6588,5.8700,61.22,121.00,0.007588
736.7385,5.8700,61.76,121.00,0.007682
736.8200,5.8700,61.76,121.00,0.007890
736.9019,5.8700,61.76,121.00,0.008140
736.9858,5.8700,60.95,121.00,0.008176
737.0673,5.8440,61.49,121.00,0.007604
737.1508,5.8440,61.76,121.00,0.007910
737.2300,5.8440,61.49,121.00,0.007823
737.3112,5.8440,61.49,121.00,0.008354
737.3881,5.8440,61.76,121.00,0.007704
737.4693,5.8440,61.76,121.00,0.007279
737.5488,5.8440,61.76,121.00,0.007919
737.6320,5.8440,61.49,121.00,0.007564
737.7108,5.8440,61.76,121.00,0.007575
737.7886,5.8440,61.22,121.00,0.007182
737.8675,5.8440,61.22,121.00,0.007780
737.9435,5.8440,61.49,121.00,0.007846
738.0180,5.8440,61.22,121.00,0.007579
738.0990,5.8360,61.76,121.00,0.007699
738.1731,5.8360,61.22,121.00,0.007628
738.2511,5.8360,61.49,121.00,0.007734
738.3270,5.8360,61.49,121.00,0.007194
738.4045,5.8360,61.22,121.00,0.007709
738.4774,5.8360,61.49,121.00,0.007172
738.5555,5.8360,62.03,121.00,0.007916
738.6293,5.8360,61.49,121.00,0.007541
738.7071,5.8360,61.76,121.00,0.007494
738.7815,5.8360,61.49,121.00,0.007569
738.8601,5.8360,62.03,121.00,0.007589
738.9343,5.8360,61.76,121.00,0.007544
739.0099,5.8360,61.76,121.00,0.007549
739.0845,5.9390,62.03,121.00,0.007628
739.1628,5.9390,61.76,121.00,0.007798
739.2377,5.9390,61.49,122.00,0.007602
739.3155,5.9390,61.49,121.00,0.007425
739.3940,5.9390,61.49,121.00,0.007778
739.4704,5.9390,62.03,121.00,0.007839
739.5438,5.9390,61.76,121.50,0.007355
739.6200,5.9390,61.76,121.00,0.007521
739.6990,5.9390,61.49,121.50,0.007688
739.7755,5.9390,62.03,121.00,0.007969
739.8512,5.9390,61.76,121.00,0.007315
739.9269,5.9390,61.76,121.00,0.007506
740.0032,5.9390,61.49,121.00,0.007648
740.0811,5.9390,61.22,121.00,0.007575
740.1592,5.9390,61.49,121.00,0.007599
740.2349,5.9390,62.03,121.00,0.007453
740.3141,5.9390,61.76,121.00,0.007981
740.3920,5.9390,62.30,121.00,0.007536
740.4686,5.9390,61.49,121.00,0.007761
740.5437,5.9390,61.49,121.00,0.007523
740.6202,5.9390,61.49,121.00,0.007538
740.6963,5.9390,61.49,121.00,0.007596
740.7704,5.9390,61.76,121.00,0.007503
740.8466,5.9390,61.76,121.00,0.007550
740.9212,5.9390,61.76,121.00,0.007071
740.9954,5.9390,61.49,121.00,0.007119
741.0706,5.9390,61.76,121.00,0.007466
741.1469,5.9390,62.03,121.00,0.007559
741.2233,5.9390,61.49,121.00,0.007755
741.3000,5.9730,62.30,121.00,0.007724
741.3741,5.9730,62.30,121.00,0.007185
741.4500,5.9730,61.49,121.00,0.007687
741.5240,5.9730,61.76,121.00,0.007443
741.6021,5.9730,62.03,121.00,0.007342
741.6788,5.9730,61.76,121.00,0.007604
741.7537,5.9730,61.76,121.00,0.007163
741.8310,5.9730,61.49,121.00,0.007086
741.9065,5.9730,61.76,121.00,0.007721
741.9827,5.9730,61.49,121.00,0.007587
742.0632,5.9410,61.22,121.00,0.007523
742.1394,5.9090,61.22,121.00,0.007851
742.2170,5.9090,61.76,121.00,0.007594
742.2918,5.9090,61.49,121.00,0.007160
742.3707,5.9090,61.49,121.00,0.007470
742.4466,5.9090,61.49,121.00,0.007631
742.5223,5.9090,61.76,121.00,0.007716
742.5980,5.9090,62.03,121.00,0.007409
742.6760,5.9090,61.22,121.00,0.007247
742.7503,5.9090,61.22,121.00,0.007448
742.8263,5.9090,61.22,121.00,0.007445
742.9003,5.9090,61.76,120.50,0.007590
742.9749,5.9090,61.76,120.00,0.007051
743.0513,5.9090,61.76,120.00,0.007572
743.1298,5.9090,62.03,120.00,0.007257
743.2112,5.9810,61.76,120.00,0.007925
743.2910,5.9810,61.76,120.00,0.007905
743.3675,5.9810,61.76,120.00,0.007905
743.4489,5.9810,61.49,120.00,0.007607
743.5219,5.9810,62.03,120.00,0.007001
743.6003,5.9810,61.76,120.00,0.007328
743.6737,5.9810,61.49,120.00,0.007514
743.7505,5.9810,62.03,120.00,0.008119
743.8260,5.9810,61.22,120.00,0.007787
743.9038,5.9810,62.30,120.00,0.007015
743.9798,5.9810,62.03,121.00,0.007595
744.0562,5.9660,61.49,121.00,0.007722
744.1297,5.9510,62.03,121.00,0.007208
744.2043,5.9510,61.76,121.00,0.007385
744.2775,5.9510,61.76,121.00,0.007370
744.3526,5.9510,61.76,121.00,0.007400
744.4310,5.9510,61.76,121.00,0.007664
744.5087,5.9510,62.03,121.00,0.007533
744.5823,5.9510,61.76,121.00,0.007520
744.6634,5.9510,61.76,121.00,0.007809
744.7393,5.9510,61.76,121.00,0.007534
744.8157,5.9510,61.76,121.00,0.007802
744.8901,5.9510,61.49,121.00,0.008105
744.9685,5.9510,62.03,121.00,0.007719
745.0425,5.9410,62.03,121.00,0.007602
745.1217,5.9310,61.22,121.00,0.007589
745.1982,5.9310,61.76,121.00,0.007670
745.2746,5.9310,61.76,121.00,0.007495
745.3515,5.9310,61.49,121.00,0.007674
745.4280,5.9310,61.49,121.00,0.007985
745.5044,5.9310,62.03,121.00,0.007659
745.5829,5.9310,62.30,121.00,0.007833
745.6591,5.9310,61.76,121.00,0.007712
745.7354,5.9310,61.76,121.00,0.007701
745.8124,5.9310,61.76,121.00,0.007753
745.8905,5.9310,61.76,121.00,0.007591
745.9664,5.9310,61.49,121.00,0.007680
746.0443,5.9065,61.76,121.00,0.007866
746.1225,5.8820,62.03,121.00,0.007324
746.1990,5.8820,62.03,121.00,0.007699
746.2749,5.8820,62.03,121.00,0.007790
746.3522,5.8820,62.03,121.00,0.007833
746.4262,5.8820,61.76,121.00,0.007851
746.5068,5.8820,62.03,121.00,0.007709
746.5831,5.8820,62.30,121.00,0.007343
746.6605,5.8820,61.76,121.00,0.007778
746.7347,5.8820,61.49,121.00,0.007720
746.8109,5.8820,62.03,121.00,0.007346
746.8876,5.8820,61.76,121.00,0.007830
746.9639,5.8820,62.03,121.00,0.007406
747.0428,5.9180,61.49,121.50,0.007709
747.1215,5.9540,61.76,122.00,0.007548
747.1954,5.9540,62.30,122.00,0.007792
747.2764,5.9540,62.30,122.00,0.007804
747.3561,5.9540,62.03,122.00,0.008123
747.4395,5.9540,62.03,122.00,0.008227
747.5214,5.9540,62.03,122.00,0.008056
747.6046,5.9540,62.30,122.00,0.007805
747.6864,5.9540,61.76,122.00,0.008129
747.7665,5.9540,61.76,122.00,0.008105
747.8448,5.9540,61.22,122.00,0.007786
747.9268,5.9540,62.03,122.00,0.007685
748.0041,5.9540,61.76,122.00,0.007117
748.0808,5.9540,62.03,122.00,0.007135
748.1560,5.9540,61.76,122.00,0.007550
748.2388,5.7670,61.49,122.00,0.008181
748.3156,5.7670,61.76,122.00,0.007057
748.3949,5.7670,61.76,122.00,0.007507
748.4738,5.7670,62.30,122.00,0.007860
748.5557,5.7670,61.76,122.00,0.007993
748.6347,5.7670,61.76,122.00,0.007692
748.7193,5.7670,61.49,122.00,0.007893
748.8009,5.7670,62.03,122.00,0.007928
748.8834,5.7670,62.03,122.00,0.007890
748.9649,5.7670,61.76,122.00,0.007997
749.0463,5.8110,62.03,122.00,0.007293
749.1233,5.8550,61.22,122.00,0.007606
749.2048,5.8550,62.03,122.00,0.007520
749.2865,5.8550,61.49,122.00,0.007733
749.3666,5.8550,61.49,122.00,0.007854
749.4481,5.8550,61.49,122.00,0.007845
749.5325,5.8550,61.76,122.00,0.008157
749.6112,5.8550,61.49,122.00,0.008121
749.6914,5.8550,61.49,122.00,0.008148
749.7722,5.8550,61.49,122.00,0.007757
749.8543,5.8550,61.49,122.00,0.007510
749.9359,5.8550,62.03,122.00,0.007997
750.0119,5.8550,61.76,122.00,0.006976
750.0879,5.8550,61.49,122.00,0.007564
750.1684,5.8530,61.49,122.00,0.008049
750.2502,5.8510,61.49,122.00,0.007975
750.3313,5.8510,61.49,122.00,0.008048
750.4047,5.8510,61.49,122.00,0.007020
750.4798,5.8510,61.49,122.00,0.007267
750.5547,5.8510,61.76,122.00,0.007433
750.6297,5.8510,61.76,122.00,0.007044
750.7025,5.8510,61.49,122.00,0.007552
750.7798,5.8510,61.49,122.00,0.007404
750.8575,5.8510,61.49,122.00,0.007894
750.9423,5.8510,61.22,122.00,0.007982
751.0196,5.8510,61.49,122.00,0.007827
751.1041,5.8470,62.03,122.00,0.007894
751.1853,5.8470,61.22,122.00,0.007614
751.2695,5.8470,61.22,122.00,0.007827
751.3489,5.8470,61.76,122.00,0.008161
751.4254,5.8470,61.22,122.00,0.007491
751.5043,5.8470,62.03,122.00,0.007730
751.5879,5.8470,61.49,122.00,0.008005
751.6644,5.8470,61.76,122.00,0.007999
751.7464,5.8470,61.76,122.00,0.008250
751.8230,5.8470,61.76,122.00,0.008019
751.9024,5.8470,61.49,122.00,0.007488
751.9838,5.8470,61.49,122.00,0.008109
752.0639,5.7900,61.49,122.00,0.007842
752.1433,5.7330,61.76,122.00,0.008125
752.2252,5.7330,61.49,122.00,0.007289
752.3009,5.7330,62.03,122.00,0.007697
752.3795,5.7330,61.76,122.00,0.007687
752.4554,5.7330,61.76,122.00,0.007483
752.5315,5.7330,61.22,122.00,0.007270
752.6073,5.7330,61.49,122.00,0.007481
752.6860,5.7330,61.49,122.00,0.007414
752.7634,5.7330,62.03,122.00,0.007477
752.8425,5.7330,61.22,122.00,0.007610
752.9192,5.7330,61.76,122.00,0.007527
752.9956,5.7330,61.76,122.00,0.007437
753.0711,5.8860,61.76,122.00,0.007381
753.1482,5.8860,61.76,122.00,0.007618
753.2232,5.8860,61.49,122.00,0.007387
753.2982,5.8860,62.03,122.00,0.007253
753.3768,5.8860,62.30,122.00,0.007554
753.4555,5.8860,61.49,122.00,0.007251
753.5294,5.8860,61.76,122.00,0.007030
753.6085,5.8860,62.03,122.00,0.007884
753.6830,5.8860,61.22,122.00,0.007839
753.7616,5.8860,61.49,122.00,0.007543
753.8364,5.8860,61.49,122.00,0.007856
753.9151,5.8860,62.03,122.00,0.007822
753.9896,5.8860,61.49,122.00,0.007539
754.0704,5.9350,62.03,122.00,0.007385
754.1471,5.9350,61.22,122.00,0.007376
754.2247,5.9350,62.03,122.00,0.008473
754.2991,5.9350,61.76,122.00,0.007263
754.3778,5.9350,61.76,122.00,0.007454
754.4542,5.9350,62.03,122.00,0.007555
754.5370,5.9350,61.76,122.00,0.008048
754.6173,5.9350,61.76,122.00,0.008507
754.6970,5.9350,61.49,122.00,0.007414
754.7730,5.9350,61.49,122.00,0.007680
754.8505,5.9350,61.49,122.00,0.007460
754.9266,5.9350,61.22,122.00,0.007715
755.0026,5.9350,61.76,122.00,0.007670
755.0787,5.8630,61.49,122.00,0.007287
755.1545,5.8630,61.76,122.00,0.007488
755.2282,5.8630,61.76,122.00,0.007791
755.3065,5.8630,61.49,122.00,0.007519
755.3799,5.8630,61.76,122.00,0.007431
755.4564,5.8630,61.49,122.00,0.007698
755.5319,5.8630,62.30,122.00,0.007840
755.6071,5.8630,62.03,122.00,0.007248
755.6826,5.8630,61.49,122.00,0.007054
755.7579,5.8630,61.22,122.00,0.007426
755.8338,5.8630,61.49,122.00,0.007537
755.9112,5.8630,62.03,122.00,0.007293
755.9872,5.8630,61.49,122.00,0.007570
756.0638,5.9160,62.03,122.00,0.008004
756.1392,5.9160,61.76,122.00,0.007725
756.2148,5.9160,61.76,122.00,0.007441
756.2910,5.9160,61.49,122.00,0.007742
756.3668,5.9160,62.03,122.00,0.007686
756.4424,5.9160,61.76,122.00,0.007483
756.5186,5.9160,61.49,122.00,0.007655
756.5949,5.9160,61.76,122.00,0.007912
756.6729,5.9160,61.76,122.00,0.007732
756.7465,5.9160,62.03,122.00,0.007456
756.8231,5.9160,61.76,122.00,0.007711
756.9016,5.9160,61.76,122.00,0.007644
756.9788,5.9160,61.76,122.00,0.007376
757.0508,5.9160,61.76,122.00,0.007288
757.1254,5.9160,62.03,122.00,0.007375
757.2026,5.9160,61.76,122.00,0.007908
757.2790,5.9160,61.49,122.00,0.007289
757.3554,5.9160,61.49,122.00,0.008164
757.4316,5.9160,62.30,122.00,0.007733
757.5054,5.9160,61.49,122.00,0.007569
757.5827,5.9160,61.76,122.00,0.007435
757.6560,5.9160,62.03,122.00,0.007289
757.7317,5.9160,62.03,122.00,0.007298
757.8072,5.9160,61.49,122.00,0.007732
757.8853,5.9160,61.76,122.00,0.008003
757.9591,5.9160,61.76,122.00,0.007387
758.0355,5.9335,61.76,122.00,0.007919
758.1099,5.9510,61.49,122.00,0.007565
758.1877,5.9510,61.76,122.00,0.007452
758.2613,5.9510,61.76,122.00,0.007079
758.3353,5.9510,62.30,122.00,0.007089
758.4080,5.9510,61.49,122.00,0.007076
758.4828,5.9510,61.49,122.00,0.007416
758.5583,5.9510,62.03,122.00,0.007350
758.6362,5.9510,62.03,122.00,0.007613
758.7097,5.9510,62.03,122.00,0.007518
758.7858,5.9510,62.03,122.00,0.007854
758.8615,5.9510,62.03,122.00,0.007495
758.9391,5.9510,61.76,122.50,0.007563
759.0147,5.9510,61.76,123.00,0.007428
759.0917,5.9470,62.03,123.00,0.007700
759.1684,5.9470,61.22,123.00,0.007482
759.2458,5.9470,62.03,123.00,0.007269
759.3190,5.9470,62.03,123.00,0.007315
759.3942,5.9470,62.30,123.00,0.007375
759.4700,5.9470,62.03,123.00,0.007310
759.5512,5.9470,62.30,123.00,0.007909
759.6270,5.9470,61.76,123.00,0.007458
759.7032,5.9470,62.30,123.00,0.007653
759.7784,5.9470,62.30,123.00,0.007370
759.8544,5.9470,61.49,123.00,0.007780
759.9300,5.9470,62.30,123.00,0.007498
760.0081,5.9470,62.03,123.00,0.007291
760.0822,5.9160,61.76,123.00,0.007544
760.1596,5.9160,61.49,123.00,0.007563
760.2337,5.9160,62.03,123.00,0.007725
760.3107,5.9160,61.76,123.00,0.007730
760.3867,5.9160,62.30,123.00,0.007694
760.4625,5.9160,62.03,123.00,0.007601
760.5391,5.9160,61.76,123.00,0.008042
760.6146,5.9160,62.30,123.00,0.007565
760.6888,5.9160,61.49,123.00,0.007687
760.7671,5.9160,61.22,123.00,0.007848
760.8425,5.9160,62.30,123.00,0.007572
760.9230,5.9160,61.76,123.00,0.007818
760.9988,5.9160,62.30,123.00,0.007716
761.0756,5.9620,61.49,123.00,0.007951
761.1516,5.9620,61.76,123.00,0.007455
761.2273,5.9620,61.49,123.00,0.007683
761.3034,5.9620,61.76,123.00,0.007883
761.3824,5.9620,61.76,123.00,0.007291
761.4556,5.9620,62.03,122.50,0.007573
761.5333,5.9620,61.76,122.00,0.007869
761.6068,5.9620,61.76,122.00,0.007629
761.6850,5.9620,61.76,122.00,0.007875
761.7586,5.9620,62.03,122.00,0.007808
761.8382,5.9620,62.30,122.00,0.007207
761.9139,5.9620,62.30,122.00,0.007607
761.9915,5.9620,61.76,122.50,0.007478
762.0677,5.8820,62.03,122.00,0.007273
762.1435,5.8820,61.49,122.50,0.007344
762.2176,5.8820,61.76,122.00,0.007691
762.2942,5.8820,61.76,122.00,0.008279
762.3658,5.8820,61.76,122.00,0.007014
762.4422,5.8820,62.03,122.50,0.007109
762.5190,5.8820,62.03,123.00,0.007292
762.5940,5.8820,61.49,123.00,0.007479
762.6664,5.8820,61.76,122.00,0.007102
762.7419,5.8820,61.76,122.50,0.008036
762.8154,5.8820,61.49,122.00,0.007878
762.8907,5.8820,61.49,122.00,0.007356
762.9657,5.8820,61.22,122.00,0.007025
763.0439,5.9030,62.30,122.00,0.007540
763.1185,5.9240,62.03,122.00,0.007928
763.1962,5.9240,61.76,122.00,0.007536
763.2697,5.9240,61.22,122.00,0.007666
763.3479,5.9240,61.76,122.00,0.007930
763.4213,5.9240,62.03,122.00,0.007938
763.4993,5.9240,61.49,122.00,0.007482
763.5734,5.9240,61.49,122.00,0.007398
763.6537,5.9240,62.03,122.00,0.007492
763.7317,5.9240,61.76,122.00,0.007949
763.8069,5.9240,61.49,122.00,0.007423
763.8802,5.9240,62.03,122.00,0.007262
763.9583,5.9240,61.49,122.00,0.007798
764.0342,5.9200,61.22,122.00,0.007674
764.1107,5.9160,62.30,122.00,0.007806
764.1866,5.9160,62.03,122.00,0.007386
764.2627,5.9160,61.76,122.00,0.007761
764.3364,5.9160,62.03,122.00,0.007727
764.4154,5.9160,61.49,122.00,0.007943
764.4908,5.9160,62.03,122.00,0.007460
764.5667,5.9160,62.03,122.00,0.007547
764.6407,5.9160,61.76,122.00,0.008083
764.7162,5.9160,61.76,122.00,0.007228
764.7919,5.9160,61.76,122.00,0.007518
764.8705,5.9160,61.76,122.00,0.007884
764.9465,5.9160,62.03,122.00,0.007782
765.0226,5.9160,61.76,122.00,0.007897
765.0984,5.9160,61.76,122.00,0.007617
765.1744,5.9160,62.30,122.00,0.007481
765.2473,5.9160,61.76,122.00,0.007408
765.3213,5.9160,61.76,122.00,0.007149
765.3963,5.9160,61.76,122.00,0.007670
765.4743,5.9160,61.49,122.00,0.007538
765.5486,5.9160,62.30,122.00,0.007725
765.6247,5.9160,61.49,122.00,0.007684
765.6972,5.9160,62.03,122.00,0.007267
765.7718,5.9160,61.49,122.00,0.007118
765.8468,5.9160,61.76,121.50,0.007484
765.9223,5.9160,61.22,121.00,0.007974
765.9986,5.9160,62.30,121.00,0.007824
766.0737,5.9160,61.76,122.00,0.007272
766.1465,5.9160,62.03,121.50,0.007505
766.2251,5.9160,61.49,121.50,0.008754
766.2995,5.9160,62.03,121.50,0.007668
766.3767,5.9160,61.49,121.00,0.007926
766.4531,5.9160,61.49,121.00,0.007994
766.5343,5.9255,61.49,121.00,0.007961
766.6137,5.9350,61.22,121.00,0.007746
766.6924,5.9350,62.03,121.00,0.007715
766.7686,5.9350,62.03,121.00,0.007675
766.8471,5.9350,61.76,121.00,0.007756
766.9236,5.9350,61.49,121.00,0.007946
767.0001,5.9350,61.76,121.00,0.008171
