Timestamp (s),Power (W),Temperature (°C),Memory (MB),Inference Time (s)
0.1855,0.0000,58.80,123.00,0.009032
0.2599,0.0000,59.07,124.00,0.009350
0.3324,0.0000,59.88,124.00,0.010851
0.4161,0.0000,59.34,124.00,0.010653
0.4884,0.0000,59.34,124.00,0.009303
0.5655,0.0000,60.15,124.00,0.010402
0.6499,0.0000,60.15,124.00,0.010319
0.7358,3.2445,59.07,124.00,0.010981
0.8206,6.4890,60.15,124.00,0.010725
0.9041,6.4890,60.42,124.00,0.010498
0.9871,6.4890,60.15,124.00,0.010202
1.0660,6.4890,60.15,124.00,0.008266
1.1389,6.4890,60.15,124.00,0.010093
1.2229,6.4890,60.15,124.00,0.010834
1.3050,6.4890,60.42,124.00,0.010299
1.3903,6.4890,60.15,124.00,0.010172
1.4746,6.4890,60.15,124.00,0.010795
1.5630,6.4890,60.15,124.00,0.010632
1.6393,6.4890,60.42,124.00,0.009984
1.7162,6.4890,60.15,124.00,0.010013
1.7957,5.6870,60.42,124.00,0.010280
1.8767,5.6870,60.15,124.00,0.009997
1.9543,5.6870,60.15,124.00,0.009611
2.0336,5.6870,60.42,124.00,0.009709
2.1081,5.6870,60.42,124.00,0.009406
2.1847,5.6870,60.42,124.00,0.009339
2.2636,5.6870,60.69,124.00,0.010469
2.3442,5.6870,60.69,124.00,0.010627
2.4218,5.6870,60.42,124.00,0.009497
2.4990,5.6870,60.69,124.00,0.009673
2.5756,5.6870,60.95,124.00,0.009778
2.6557,5.6870,60.42,124.00,0.010098
2.7355,5.8245,60.69,124.00,0.009939
2.8139,5.9620,60.69,124.00,0.009634
2.8919,5.9620,60.69,124.00,0.009808
2.9727,5.9620,60.15,124.00,0.010397
3.0489,5.9620,60.42,124.00,0.010208
3.1273,5.9620,60.42,124.00,0.010228
3.2044,5.9620,60.42,124.00,0.010287
3.2822,5.9620,60.42,124.00,0.009940
3.3591,5.9620,60.42,124.00,0.010616
3.4407,5.9620,60.69,124.00,0.009631
3.5176,5.9620,60.42,124.00,0.009439
3.5956,5.9620,60.15,124.00,0.009392
3.6709,5.9620,60.69,124.00,0.009655
3.7513,5.9580,60.69,124.00,0.010034
3.8274,5.9540,60.95,124.00,0.010322
3.9077,5.9540,60.69,124.00,0.010534
3.9842,5.9540,60.95,124.00,0.010391
4.0622,5.9540,60.95,124.00,0.010036
4.1385,5.9540,60.42,124.00,0.009701
4.2167,5.9540,60.95,124.00,0.010451
4.2976,5.9540,60.69,124.00,0.010282
4.3756,5.9540,60.95,124.00,0.010353
4.4524,5.9540,60.95,124.00,0.010120
4.5317,5.9540,60.95,124.00,0.009591
4.6087,5.9540,61.22,124.00,0.009658
4.6877,5.9540,60.69,124.00,0.009720
4.7633,5.9540,60.95,124.00,0.010272
4.8462,5.9730,60.95,124.00,0.009768
4.9229,5.9730,60.69,124.00,0.010144
5.0004,5.9730,60.95,124.00,0.010305
5.0791,5.9730,60.95,124.00,0.010039
5.1591,5.9730,60.69,124.00,0.009809
5.2376,5.9730,60.95,124.00,0.010501
5.3170,5.9730,61.22,124.00,0.010304
5.3957,5.9730,61.22,124.00,0.010010
5.4758,5.9730,60.95,124.00,0.009454
5.5514,5.9730,60.69,124.00,0.009614
5.6284,5.9730,60.95,124.00,0.009793
5.7082,5.9730,61.22,124.00,0.009586
5.7889,5.8630,60.69,124.00,0.009904
5.8661,5.8630,60.95,124.00,0.009706
5.9463,5.8630,60.95,124.00,0.009893
6.0250,5.8630,60.95,124.00,0.009788
6.1037,5.8630,60.95,124.00,0.009989
6.1828,5.8630,60.69,124.00,0.010340
6.2642,5.8630,60.95,124.00,0.010817
6.3405,5.8630,61.22,124.00,0.010436
6.4209,5.8630,60.69,124.00,0.009930
6.4996,5.8630,60.95,124.00,0.010173
6.5795,5.8630,60.69,124.00,0.010122
6.6593,5.8630,60.95,124.00,0.010317
6.7400,5.8590,60.95,124.00,0.010417
6.8196,5.8550,60.95,124.00,0.010215
6.8998,5.8550,60.95,124.00,0.010147
6.9779,5.8550,60.95,124.00,0.010161
7.0592,5.8550,60.95,124.00,0.010257
7.1359,5.8550,60.95,124.00,0.009928
7.2142,5.8550,61.22,124.00,0.009890
7.2920,5.8550,61.22,124.00,0.010612
7.3730,5.8550,60.95,124.00,0.010410
7.4496,5.8550,61.22,124.50,0.010161
7.5290,5.8550,60.95,125.00,0.010482
7.6085,5.8550,60.95,125.00,0.009417
7.6911,5.8550,60.95,125.00,0.010159
7.7717,5.8630,60.95,125.00,0.010512
7.8525,5.8630,61.22,125.00,0.010171
7.9315,5.8630,61.22,125.00,0.009840
8.0135,5.8630,61.22,125.00,0.010344
8.0931,5.8630,60.69,125.00,0.010401
8.1759,5.8630,61.49,125.00,0.010422
8.2549,5.8630,61.22,125.00,0.010121
8.3344,5.8630,61.22,125.00,0.010108
8.4112,5.8630,61.22,125.00,0.010674
8.4890,5.8630,60.69,125.00,0.010246
8.5681,5.8630,61.22,125.00,0.010336
8.6479,5.8630,61.49,125.00,0.009719
8.7233,5.8630,60.95,125.00,0.009642
8.8038,5.9010,60.95,125.00,0.010371
8.8839,5.9010,60.95,125.00,0.010388
8.9618,5.9010,61.22,125.00,0.010291
9.0394,5.9010,61.22,125.00,0.010550
9.1200,5.9010,61.22,125.00,0.010268
9.1970,5.9010,61.22,125.00,0.010469
9.2750,5.9010,61.49,125.00,0.010225
9.3543,5.9010,61.22,125.00,0.010118
9.4355,5.9010,61.22,125.00,0.010651
9.5171,5.9010,61.22,125.00,0.010463
9.5959,5.9010,61.22,125.00,0.009909
9.6730,5.9010,61.22,125.00,0.010073
9.7556,5.8820,61.22,125.00,0.010269
9.8329,5.8630,61.22,125.00,0.010426
9.9128,5.8630,61.22,125.00,0.010605
9.9917,5.8630,61.22,125.00,0.010064
10.0705,5.8630,61.22,125.00,0.010337
10.1471,5.8630,60.95,125.00,0.010256
10.2258,5.8630,61.22,125.00,0.010340
10.3030,5.8630,61.22,125.00,0.009747
10.3816,5.8630,61.22,125.00,0.010374
10.4597,5.8630,60.69,125.00,0.009509
10.5359,5.8630,61.22,125.00,0.009382
10.6115,5.8630,61.22,125.00,0.009931
10.6899,5.8630,61.22,125.00,0.010199
10.7663,5.8895,61.49,125.00,0.009871
10.8451,5.9160,61.22,125.00,0.010395
10.9220,5.9160,61.22,124.00,0.010082
10.9999,5.9160,61.22,124.00,0.010092
11.0792,5.9160,61.22,124.00,0.010620
11.1597,5.9160,61.22,124.00,0.010234
11.2359,5.9160,61.22,124.00,0.010119
11.3155,5.9160,61.22,124.00,0.010555
11.3945,5.9160,61.22,124.00,0.010264
11.4729,5.9160,61.49,124.00,0.009969
11.5526,5.9160,61.22,124.00,0.010355
11.6324,5.9160,61.22,124.00,0.010130
11.7125,5.9160,61.22,124.00,0.011057
11.7927,5.8510,60.95,124.00,0.009971
11.8711,5.8510,60.95,124.00,0.010731
11.9494,5.8510,60.95,124.00,0.010016
12.0281,5.8510,60.95,124.00,0.009819
12.1089,5.8510,60.95,124.00,0.010519
12.1865,5.8510,60.95,124.00,0.009659
12.2630,5.8510,60.95,124.00,0.009690
12.3376,5.8510,61.22,124.00,0.009512
12.4149,5.8510,61.49,124.00,0.009538
12.4914,5.8510,61.22,124.00,0.010248
12.5718,5.8510,61.22,124.00,0.010295
12.6519,5.8510,61.22,124.00,0.009648
12.7284,5.8510,60.95,124.00,0.009533
12.8077,5.9310,61.22,124.00,0.009532
12.8888,5.9310,60.95,124.00,0.010272
12.9676,5.9310,61.22,124.00,0.009906
13.0478,5.9310,61.22,124.00,0.009915
13.1241,5.9310,60.95,124.00,0.010144
13.2039,5.9310,61.22,124.00,0.010219
13.2804,5.9310,61.22,124.00,0.009751
13.3629,5.9310,61.22,124.00,0.010189
13.4404,5.9310,60.95,124.00,0.010462
13.5209,5.9310,61.22,124.00,0.010246
13.5995,5.9310,61.22,124.00,0.010127
13.6802,5.9310,61.22,124.00,0.010256
13.7594,5.9465,61.22,124.00,0.010418
13.8381,5.9620,61.22,124.00,0.010235
13.9149,5.9620,60.95,124.00,0.010445
13.9949,5.9620,61.49,124.00,0.009867
14.0732,5.9620,61.49,124.00,0.009645
14.1531,5.9620,61.22,124.00,0.010195
14.2325,5.9620,61.22,124.00,0.010279
14.3111,5.9620,61.22,124.00,0.010400
14.3881,5.9620,61.22,124.00,0.010095
14.4685,5.9620,61.22,124.00,0.010658
14.5476,5.9620,61.49,124.00,0.009876
14.6251,5.9620,60.95,124.00,0.010050
14.7036,5.9620,61.22,124.00,0.009846
14.7829,5.9390,61.22,124.00,0.010337
14.8642,5.9390,61.22,124.00,0.010381
14.9433,5.9390,61.22,124.00,0.009546
15.0191,5.9390,61.49,123.50,0.009821
15.0958,5.9390,60.95,123.00,0.009775
15.1702,5.9390,61.22,123.00,0.009440
15.2468,5.9390,61.22,123.00,0.009605
15.3234,5.9390,61.22,123.00,0.010375
15.4034,5.9390,60.95,123.00,0.009486
15.4779,5.9390,61.22,123.00,0.009403
15.5541,5.9390,61.49,123.00,0.009781
15.6297,5.9390,61.22,123.00,0.009622
15.7107,5.9390,61.22,123.00,0.009705
15.7905,5.8780,60.95,123.00,0.010600
15.8690,5.8780,60.95,123.00,0.010333
15.9474,5.8780,61.22,123.50,0.009953
16.0280,5.8780,61.22,123.00,0.010114
16.1070,5.8780,61.22,123.00,0.010455
16.1847,5.8780,61.22,123.00,0.010292
16.2640,5.8780,61.22,123.00,0.010939
16.3417,5.8780,60.95,123.00,0.009867
16.4186,5.8780,61.22,123.00,0.009907
16.4963,5.8780,61.76,123.00,0.010135
16.5757,5.8780,61.22,123.00,0.009874
16.6559,5.8780,61.22,123.00,0.010129
16.7348,5.9010,61.22,123.00,0.009812
16.8131,5.9240,60.95,123.00,0.010555
16.8908,5.9240,61.22,123.00,0.010348
16.9707,5.9240,61.22,123.00,0.010010
17.0510,5.9240,61.22,123.00,0.010614
17.1317,5.9240,60.95,123.00,0.010354
17.2077,5.9240,60.95,123.00,0.009942
17.2860,5.9240,60.95,123.00,0.010453
17.3644,5.9240,61.22,123.00,0.010200
17.4420,5.9240,61.22,123.00,0.009662
17.5187,5.9240,60.95,123.00,0.010237
17.5986,5.9240,61.49,123.00,0.010211
17.6767,5.9240,61.22,123.00,0.009783
17.7552,5.9335,61.22,123.00,0.010614
17.8372,5.9430,61.49,123.00,0.010362
17.9151,5.9430,61.22,123.00,0.010386
17.9918,5.9430,61.49,123.00,0.010007
18.0729,5.9430,61.22,123.00,0.010257
18.1543,5.9430,61.49,123.00,0.010553
18.2357,5.9430,61.49,123.00,0.010517
18.3154,5.9430,61.22,123.00,0.010412
18.3969,5.9430,61.49,123.00,0.010097
18.4757,5.9430,61.22,123.00,0.010176
18.5526,5.9430,61.22,123.00,0.009532
18.6281,5.9430,61.22,123.00,0.009774
18.7062,5.9430,61.22,123.00,0.009564
18.7827,5.9430,60.95,123.00,0.009611
18.8601,5.9430,61.22,123.00,0.009865
18.9356,5.9430,61.22,123.00,0.009801
19.0129,5.9430,61.22,123.00,0.009762
19.0918,5.9430,61.22,123.00,0.009856
19.1732,5.9430,61.22,123.00,0.010152
19.2524,5.9430,61.22,122.50,0.010366
19.3362,5.9430,60.95,122.50,0.010042
19.4157,5.9430,61.22,122.50,0.010415
19.4968,5.9430,61.49,122.50,0.010088
19.5765,5.9430,61.22,122.50,0.010544
19.6556,5.9430,61.22,123.00,0.010596
19.7321,5.9430,61.22,123.00,0.009949
19.8099,5.9430,61.22,123.00,0.009588
19.8879,5.9430,60.95,123.00,0.009549
19.9651,5.9430,61.22,123.00,0.009449
20.0420,5.9430,61.22,122.00,0.009618
20.1199,5.9430,61.49,122.50,0.009758
20.1968,5.9160,61.22,122.50,0.009828
20.2800,5.8890,61.22,122.50,0.010075
20.3609,5.8890,61.22,122.50,0.009858
20.4389,5.8890,61.22,122.00,0.009531
20.5157,5.8890,61.49,122.00,0.009687
20.5917,5.8890,61.49,122.00,0.009445
20.6670,5.8890,61.22,122.00,0.009710
20.7453,5.9215,61.49,122.00,0.010110
20.8223,5.9540,61.22,122.00,0.010335
20.8993,5.9540,61.22,122.00,0.009653
20.9742,5.9540,61.22,122.00,0.009699
21.0556,5.9540,61.22,122.00,0.010737
21.1396,5.9540,61.22,122.00,0.010094
21.2235,5.9540,61.22,122.00,0.010968
21.3055,5.9540,61.49,122.00,0.010478
21.3896,5.9540,61.22,122.00,0.010594
21.4704,5.9540,61.22,122.00,0.009998
21.5546,5.9540,61.22,122.00,0.010726
21.6397,5.9540,61.22,122.00,0.010149
21.7237,5.9540,61.22,122.00,0.010646
21.8084,5.7790,61.49,122.00,0.010408
21.8909,5.7790,61.22,122.00,0.010671
21.9720,5.7790,61.22,122.00,0.009622
22.0512,5.7790,61.22,122.00,0.009907
22.1272,5.7790,60.95,122.00,0.009896
22.2085,5.7790,61.49,122.00,0.010267
22.2885,5.7790,61.22,122.00,0.010260
22.3728,5.7790,61.22,122.00,0.010657
22.4578,5.7790,61.22,122.00,0.010566
22.5408,5.7790,61.22,122.00,0.010605
22.6202,5.7790,61.22,122.00,0.010500
22.7007,5.7790,61.22,122.00,0.009847
22.7777,5.7980,61.22,122.00,0.009603
22.8586,5.7980,61.22,122.00,0.010323
22.9387,5.7980,61.22,122.00,0.011564
23.0172,5.7980,61.49,122.00,0.010461
23.0956,5.7980,61.49,122.00,0.010263
23.1760,5.7980,61.22,122.00,0.010291
23.2566,5.7980,60.95,122.00,0.009954
23.3349,5.7980,61.49,122.00,0.010250
23.4116,5.7980,61.22,122.00,0.009925
23.4933,5.7980,61.22,122.00,0.009652
23.5725,5.7980,61.22,122.00,0.010559
23.6507,5.7980,61.49,122.00,0.010256
23.7281,5.8725,61.22,122.00,0.010357
23.8061,5.9470,61.22,122.00,0.010189
23.8841,5.9470,61.22,122.00,0.010216
23.9640,5.9470,61.49,122.00,0.010323
24.0436,5.9470,61.76,122.00,0.010814
24.1243,5.9470,61.49,122.00,0.009493
24.1991,5.9470,61.22,122.00,0.009609
24.2782,5.9470,61.76,122.00,0.009556
24.3559,5.9470,61.49,122.00,0.009631
24.4356,5.9470,61.22,122.00,0.010018
24.5119,5.9470,61.22,122.00,0.010706
24.5921,5.9470,61.22,122.00,0.010442
24.6685,5.9470,61.22,122.00,0.010326
24.7463,5.8875,61.22,122.00,0.009636
24.8262,5.8280,61.22,122.00,0.009491
24.9078,5.8280,61.22,122.00,0.010427
24.9851,5.8280,61.49,122.00,0.010429
25.0675,5.8280,61.49,122.00,0.010169
25.1471,5.8280,61.22,122.00,0.010275
25.2284,5.8280,61.22,122.00,0.010475
25.3093,5.8280,62.03,122.00,0.010331
25.3878,5.8280,61.22,122.00,0.010618
25.4645,5.8280,61.49,122.00,0.009851
25.5455,5.8280,61.49,122.00,0.009760
25.6277,5.8280,61.49,121.50,0.010392
25.7090,5.8280,61.22,121.00,0.010177
25.7885,5.8210,61.22,121.50,0.010347
25.8681,5.8210,60.95,121.50,0.010335
25.9479,5.8210,61.49,121.50,0.010333
26.0270,5.8210,61.49,122.00,0.010281
26.1032,5.8210,61.22,122.00,0.010089
26.1796,5.8210,61.22,122.00,0.009704
26.2578,5.8210,60.95,121.50,0.009912
26.3403,5.8210,61.49,121.00,0.010265
26.4174,5.8210,61.22,121.50,0.010666
26.4949,5.8210,61.22,121.00,0.009692
26.5726,5.8210,61.22,121.00,0.010488
26.6560,5.8210,61.22,121.00,0.010212
26.7329,5.8650,61.22,121.00,0.010141
26.8120,5.9090,61.49,121.00,0.010041
26.8912,5.9090,61.22,121.00,0.009946
26.9696,5.9090,61.22,121.00,0.010251
27.0469,5.9090,61.22,121.50,0.010685
27.1282,5.9090,61.22,122.00,0.010768
27.2042,5.9090,61.49,122.00,0.010082
27.2843,5.9090,61.22,121.50,0.009573
27.3640,5.9090,61.22,121.00,0.010316
27.4433,5.9090,61.76,121.00,0.009578
27.5198,5.9090,61.22,122.00,0.009676
27.6203,5.9090,61.49,121.50,0.009444
27.6946,5.9090,61.22,122.00,0.009373
27.7738,5.9090,61.76,122.00,0.009531
27.8511,5.9090,61.22,122.00,0.009614
27.9339,5.9070,61.22,122.00,0.009984
28.0175,5.9050,61.76,122.00,0.010097
28.0990,5.9050,61.22,122.00,0.009593
28.1803,5.9050,60.95,122.00,0.010417
28.2653,5.9050,61.22,122.00,0.010409
28.3446,5.9050,61.22,122.00,0.010436
28.4258,5.9050,61.22,122.00,0.009466
28.5017,5.9050,61.22,122.00,0.009498
28.5789,5.9050,61.22,122.00,0.009827
28.6591,5.9050,61.49,122.00,0.010452
28.7441,5.8860,61.49,122.00,0.010294
28.8249,5.8670,61.22,122.00,0.010686
28.9076,5.8670,61.49,122.00,0.010086
28.9917,5.8670,61.22,122.00,0.010677
29.0750,5.8670,61.22,122.00,0.010722
29.1551,5.8670,61.49,122.00,0.009669
29.2317,5.8670,61.22,122.00,0.009644
29.3068,5.8670,61.22,122.00,0.009623
29.3870,5.8670,61.22,122.00,0.010580
29.4691,5.8670,61.22,122.00,0.010728
29.5547,5.8670,61.22,122.00,0.010492
29.6375,5.8670,61.22,122.00,0.009725
29.7242,5.8670,61.22,122.00,0.010529
29.8049,5.8670,61.49,122.00,0.010219
29.8883,5.8670,61.22,122.00,0.010576
29.9688,5.8670,61.22,122.00,0.010138
30.0545,5.8670,61.22,122.00,0.010460
30.1353,5.8670,61.49,122.00,0.010553
30.2196,5.8670,61.22,122.00,0.010440
30.3008,5.8670,61.49,122.00,0.010453
30.3790,5.8670,61.22,122.00,0.010026
30.4591,5.8670,61.22,122.00,0.009633
30.5353,5.8670,60.95,122.00,0.009465
30.6112,5.8670,61.76,122.00,0.010292
30.6887,5.8670,61.22,122.00,0.009890
30.7702,5.8670,61.22,122.00,0.010141
30.8509,5.8670,61.22,122.00,0.010321
30.9322,5.8670,61.49,122.00,0.010270
31.0111,5.8670,61.22,122.00,0.010298
31.0890,5.8250,61.22,122.00,0.009879
31.1685,5.7830,60.95,122.00,0.010649
31.2478,5.7830,61.49,122.00,0.010495
31.3285,5.7830,61.22,122.00,0.010756
31.4045,5.7830,61.49,122.00,0.009768
31.4822,5.7830,61.49,122.00,0.009457
31.5637,5.7830,61.49,122.00,0.010628
31.6416,5.7830,61.22,122.00,0.010383
31.7207,5.7830,61.22,122.00,0.010585
31.8041,5.9120,61.22,122.00,0.010858
31.8806,5.9120,61.22,122.50,0.009878
31.9641,5.9120,61.22,123.00,0.010286
32.0403,5.9120,61.22,123.00,0.010256
32.1193,5.9120,61.22,123.00,0.010187
32.1957,5.9120,61.22,123.00,0.009952
32.2775,5.9120,61.22,123.00,0.010226
32.3547,5.9120,61.22,123.00,0.010411
32.4327,5.9120,61.22,123.00,0.009668
32.5112,5.9120,61.49,123.00,0.010489
32.5921,5.9120,61.22,123.00,0.010139
32.6672,5.9120,61.49,123.00,0.009814
32.7441,5.9120,61.22,123.00,0.009976
32.8207,5.9255,61.22,123.00,0.010618
32.9017,5.9390,61.22,123.00,0.010161
32.9781,5.9390,61.22,123.00,0.010272
33.0571,5.9390,61.76,123.00,0.010383
33.1354,5.9390,61.49,123.00,0.010129
33.2152,5.9390,61.22,123.00,0.010217
33.2916,5.9390,61.49,123.00,0.010093
33.3691,5.9390,61.49,123.00,0.009878
33.4476,5.9390,61.49,123.00,0.010063
33.5271,5.9390,61.49,123.00,0.009571
33.6039,5.9390,61.76,123.00,0.010481
33.6838,5.9390,61.22,123.00,0.010423
33.7605,5.9430,61.49,123.00,0.010237
33.8378,5.9470,61.22,123.00,0.009448
33.9166,5.9470,61.22,123.00,0.010803
33.9990,5.9470,61.22,123.00,0.010524
34.0752,5.9470,61.49,123.00,0.010322
34.1575,5.9470,61.22,123.00,0.010098
34.2365,5.9470,61.22,123.00,0.010307
34.3191,5.9470,61.22,123.00,0.010658
34.3956,5.9470,60.95,123.00,0.010558
34.4725,5.9470,61.22,123.00,0.010057
34.5511,5.9470,61.49,123.00,0.009825
34.6289,5.9470,60.95,123.00,0.010265
34.7095,5.9470,61.76,123.00,0.010462
34.7883,5.9390,61.22,123.00,0.010120
34.8671,5.9390,61.22,123.00,0.010333
34.9479,5.9390,61.22,123.00,0.010187
35.0240,5.9390,61.22,123.00,0.010134
35.1034,5.9390,61.22,123.00,0.010031
35.1796,5.9390,61.22,123.00,0.010277
35.2560,5.9390,60.95,123.00,0.009708
35.3302,5.9390,61.49,123.00,0.009414
35.4069,5.9390,61.22,123.00,0.009449
35.4848,5.9390,61.22,123.00,0.010139
35.5643,5.9390,61.49,123.00,0.009587
35.6393,5.9390,61.22,124.00,0.009889
35.7149,5.9390,61.76,124.00,0.009426
35.7896,5.9390,61.22,124.00,0.009490
35.8699,5.9240,61.22,124.00,0.010572
35.9468,5.9090,61.22,124.00,0.010173
36.0249,5.9090,61.49,124.00,0.010093
36.1009,5.9090,61.76,124.00,0.010436
36.1787,5.9090,61.22,124.00,0.010403
36.2567,5.9090,61.22,124.00,0.009985
36.3363,5.9090,61.49,124.00,0.010159
36.4166,5.9090,61.22,123.50,0.009931
36.4966,5.9090,61.49,123.00,0.009770
36.5754,5.9090,61.22,123.00,0.010439
36.6546,5.9090,61.22,123.00,0.010272
36.7332,5.9105,61.49,123.00,0.010477
36.8113,5.9120,61.76,123.00,0.010069
36.8900,5.9120,61.22,123.00,0.010503
36.9683,5.9120,61.49,123.00,0.010494
37.0466,5.9120,61.49,123.50,0.010150
37.1250,5.9120,61.76,124.00,0.009912
37.2035,5.9120,61.49,124.00,0.010140
37.2837,5.9120,61.49,124.00,0.010317
37.3598,5.9120,61.22,124.00,0.010396
37.4416,5.9120,62.03,124.00,0.010213
37.5187,5.9120,61.49,124.00,0.010633
37.5965,5.9120,61.49,124.00,0.010262
37.6747,5.9120,61.76,124.00,0.010308
37.7544,5.9315,61.49,124.00,0.009961
37.8313,5.9510,61.22,124.00,0.009763
37.9096,5.9510,61.22,124.00,0.010477
37.9882,5.9510,61.22,123.00,0.010110
38.0681,5.9510,61.76,123.00,0.010278
38.1470,5.9510,61.49,123.00,0.010590
38.2250,5.9510,61.22,123.00,0.010286
38.3041,5.9510,61.22,123.50,0.010507
38.3840,5.9510,61.22,123.50,0.010256
38.4580,5.9510,61.22,123.50,0.009371
38.5343,5.9510,61.22,123.00,0.009378
38.6093,5.9510,61.22,123.00,0.009722
38.6889,5.9510,61.49,123.00,0.010114
38.7697,5.9010,61.49,123.00,0.009650
38.8482,5.9010,61.49,123.00,0.010512
38.9247,5.9010,61.22,123.00,0.010059
39.0052,5.9010,61.49,123.00,0.010403
39.0834,5.9010,61.76,123.00,0.009825
39.1643,5.9010,61.49,124.00,0.010277
39.2465,5.9010,61.76,124.00,0.011033
39.3246,5.9010,61.76,124.00,0.010346
39.4034,5.9010,61.22,124.00,0.010539
39.4810,5.9010,61.22,124.00,0.009994
39.5559,5.9010,61.22,124.00,0.010042
39.6326,5.9010,61.76,124.00,0.009848
39.7107,5.9010,61.76,124.00,0.010373
39.7914,5.9280,61.49,124.00,0.009963
39.8682,5.9280,61.22,124.00,0.010403
39.9476,5.9280,61.22,124.00,0.010376
40.0237,5.9280,61.49,124.00,0.010030
40.1031,5.9280,61.49,123.50,0.009872
40.1783,5.9280,61.49,123.00,0.009339
40.2543,5.9280,61.22,123.00,0.009350
40.3314,5.9280,61.49,123.00,0.009836
40.4088,5.9280,61.22,123.00,0.009875
40.4849,5.9280,61.76,123.00,0.010626
40.5654,5.9280,61.22,123.00,0.010611
40.6446,5.9280,61.49,123.00,0.010461
40.7267,5.9375,61.49,123.00,0.010255
40.8038,5.9470,61.22,123.00,0.009954
40.8823,5.9470,61.22,123.00,0.009829
40.9613,5.9470,61.49,123.00,0.010517
41.0414,5.9470,61.22,123.00,0.010413
41.1180,5.9470,61.49,123.00,0.010156
41.1960,5.9470,61.49,123.00,0.009893
41.2729,5.9470,61.22,123.00,0.010509
41.3547,5.9470,61.49,123.00,0.010160
41.4327,5.9470,61.22,123.00,0.009744
41.5108,5.9470,61.49,123.50,0.009738
41.5876,5.9470,61.22,123.00,0.010366
41.6684,5.9470,61.22,123.00,0.010496
41.7488,5.9295,60.95,123.00,0.009873
41.8264,5.9120,61.22,123.00,0.009528
41.9028,5.9120,61.22,123.00,0.010503
41.9811,5.9120,61.22,123.00,0.010857
42.0569,5.9120,61.22,123.00,0.009378
42.1355,5.9120,61.22,123.00,0.009459
42.2115,5.9120,61.22,123.00,0.010420
42.2883,5.9120,61.22,123.00,0.010027
42.3684,5.9120,61.49,123.00,0.010222
42.4485,5.9120,61.49,123.00,0.010234
42.5269,5.9120,61.49,123.00,0.010022
42.6050,5.9120,60.95,123.00,0.010084
42.6830,5.9120,61.22,123.00,0.010414
42.7598,5.9120,61.49,123.00,0.009795
42.8343,5.9120,61.76,123.00,0.009398
42.9144,5.9350,61.22,123.00,0.010450
42.9896,5.9580,61.49,123.00,0.009513
43.0659,5.9580,61.76,123.00,0.009365
43.1406,5.9580,61.49,123.00,0.009612
43.2198,5.9580,61.22,123.00,0.010093
43.2996,5.9580,61.22,123.00,0.009651
43.3767,5.9580,61.22,123.00,0.009692
43.4544,5.9580,61.49,123.00,0.009528
43.5306,5.9580,61.22,123.00,0.009472
43.6054,5.9580,61.76,123.00,0.009490
43.6847,5.9580,61.49,123.00,0.010226
43.7634,5.9275,61.49,123.00,0.009781
43.8413,5.8970,61.49,123.00,0.010325
43.9173,5.8970,61.22,123.00,0.010420
43.9973,5.8970,61.49,123.00,0.009963
44.0733,5.8970,61.22,123.00,0.009989
44.1518,5.8970,61.49,123.00,0.010529
44.2334,5.8970,61.49,123.00,0.010437
44.3103,5.8970,61.22,123.00,0.009278
44.3845,5.8970,61.22,123.00,0.009336
44.4637,5.8970,61.49,123.00,0.009701
44.5386,5.8970,61.49,123.00,0.009530
44.6163,5.8970,61.49,123.00,0.010191
44.6969,5.8970,62.03,123.00,0.010092
44.7796,5.9050,61.49,123.00,0.009836
44.8561,5.9050,61.22,123.00,0.010293
44.9367,5.9050,61.49,123.00,0.010118
45.0160,5.9050,61.22,123.00,0.010182
45.0952,5.9050,61.22,123.00,0.010534
45.1750,5.9050,61.49,123.00,0.010886
45.2530,5.9050,61.22,123.00,0.009896
45.3326,5.9050,62.03,123.00,0.010767
45.4109,5.9050,62.03,123.00,0.010022
45.4881,5.9050,61.49,123.00,0.010446
45.5688,5.9050,60.95,123.00,0.010589
45.6483,5.9050,61.22,123.00,0.010616
45.7267,5.9105,60.95,123.00,0.010020
45.8031,5.9160,61.22,123.00,0.009509
45.8799,5.9160,61.22,123.00,0.009656
45.9557,5.9160,61.49,123.00,0.010290
46.0360,5.9160,61.49,123.00,0.010378
46.1173,5.9160,60.95,123.00,0.010518
46.1952,5.9160,61.22,123.00,0.010023
46.2728,5.9160,61.49,123.00,0.009398
46.3509,5.9160,61.49,123.00,0.009444
46.4261,5.9160,61.22,122.50,0.009709
46.5021,5.9160,61.22,122.00,0.009426
46.5805,5.9160,61.49,123.00,0.010443
46.6607,5.9160,61.49,123.00,0.009947
46.7389,5.9410,61.49,123.00,0.009845
46.8196,5.9660,61.76,123.00,0.010190
46.8983,5.9660,61.22,123.00,0.010314
46.9788,5.9660,61.49,123.00,0.010696
47.0564,5.9660,61.49,123.00,0.010157
47.1356,5.9660,61.22,123.00,0.009739
47.2101,5.9660,61.49,123.00,0.009421
47.2867,5.9660,61.22,123.00,0.009748
47.3622,5.9660,61.22,123.00,0.010150
47.4407,5.9660,61.22,123.00,0.009943
47.5215,5.9660,61.22,123.00,0.010286
47.5991,5.9660,61.22,123.00,0.009648
47.6735,5.9660,61.49,123.00,0.009476
47.7502,5.9660,62.03,123.00,0.010011
47.8293,5.9565,61.22,123.00,0.011365
47.9133,5.9470,62.30,123.00,0.010743
47.9961,5.9470,61.76,122.50,0.010508
48.0791,5.9470,61.76,122.00,0.010432
48.1590,5.9470,61.22,122.00,0.009566
48.2348,5.9470,61.49,122.00,0.009440
48.3103,5.9470,61.22,122.00,0.009700
48.3881,5.9470,61.22,122.00,0.009881
48.4715,5.9470,61.22,122.50,0.010399
48.5561,5.9470,61.22,122.50,0.011213
48.6396,5.9470,61.22,122.00,0.010403
48.7201,5.9470,61.22,122.00,0.010606
48.7971,5.8630,61.22,122.50,0.010182
48.8767,5.8630,61.22,122.00,0.009784
48.9554,5.8630,61.76,122.00,0.010308
49.0331,5.8630,61.49,123.00,0.009995
49.1118,5.8630,61.49,122.00,0.010071
49.1903,5.8630,61.22,122.50,0.010346
49.2659,5.8630,61.22,122.00,0.009975
49.3447,5.8630,61.49,122.00,0.010111
49.4244,5.8630,61.76,122.00,0.009835
49.5043,5.8630,61.22,122.00,0.009619
49.5853,5.8630,61.22,122.00,0.010105
49.6675,5.8630,61.22,122.00,0.010155
49.7434,5.8895,61.76,122.00,0.010183
49.8238,5.9160,61.22,122.00,0.010529
49.8999,5.9160,61.22,122.00,0.010222
49.9762,5.9160,61.49,122.00,0.009600
50.0557,5.9160,61.22,122.00,0.009838
50.1347,5.9160,61.49,122.00,0.009620
50.2128,5.9160,61.22,122.00,0.010567
50.2929,5.9160,61.22,122.00,0.010188
50.3697,5.9160,61.22,122.50,0.010531
50.4519,5.9160,61.49,122.00,0.010075
50.5316,5.9160,61.76,122.00,0.009676
50.6083,5.9160,61.76,122.00,0.009499
50.6831,5.9160,61.22,122.00,0.009722
50.7591,5.9160,61.22,122.00,0.009641
50.8355,5.9160,61.76,122.00,0.009658
50.9150,5.8860,61.22,122.00,0.010763
50.9915,5.8860,61.22,122.00,0.010497
51.0709,5.8860,61.22,122.00,0.009817
51.1474,5.8860,61.22,122.00,0.010247
51.2283,5.8860,61.22,122.00,0.010660
51.3072,5.8860,61.49,122.00,0.010568
51.3872,5.8860,61.49,122.00,0.010328
51.4656,5.8860,61.22,122.00,0.010194
51.5441,5.8860,61.76,122.00,0.010151
51.6200,5.8860,61.49,122.00,0.010113
51.6971,5.8860,61.22,122.00,0.009385
51.7737,5.8860,61.49,122.00,0.009524
51.8528,5.8860,61.49,122.00,0.009842
51.9340,5.9120,61.22,122.00,0.010768
52.0124,5.9120,61.22,122.00,0.010167
52.0881,5.9120,61.49,122.00,0.009833
52.1679,5.9120,61.76,122.00,0.009921
52.2433,5.9120,61.22,122.00,0.009723
52.3221,5.9120,61.22,122.00,0.009779
52.3993,5.9120,61.49,122.00,0.009776
52.4797,5.9120,61.49,122.00,0.010293
52.5570,5.9120,61.49,122.00,0.010585
52.6371,5.9120,61.22,122.00,0.010385
52.7155,5.9120,61.49,122.00,0.010623
52.7960,5.8860,61.22,122.00,0.010321
52.8721,5.8860,61.49,122.00,0.010150
52.9520,5.8860,61.22,122.00,0.010327
53.0303,5.8860,61.49,122.00,0.010381
53.1105,5.8860,61.49,122.00,0.010119
53.1884,5.8860,61.76,122.00,0.009616
53.2686,5.8860,61.49,122.00,0.010444
53.3487,5.8860,61.76,122.00,0.010533
53.4291,5.8860,61.49,122.00,0.010414
53.5068,5.8860,61.49,122.00,0.009930
53.5849,5.8860,61.76,122.00,0.010372
53.6637,5.8860,61.49,122.00,0.010494
53.7439,5.9220,61.49,122.00,0.010127
53.8247,5.9580,61.76,122.00,0.010050
53.9044,5.9580,62.03,122.00,0.009606
53.9850,5.9580,61.76,122.00,0.010133
54.0629,5.9580,61.49,122.00,0.010462
54.1393,5.9580,61.22,122.00,0.010312
54.2197,5.9580,61.22,122.00,0.009991
54.2965,5.9580,61.49,122.00,0.010241
54.3751,5.9580,61.22,122.00,0.009449
54.4495,5.9580,61.76,122.00,0.009392
54.5262,5.9580,61.22,122.00,0.009453
54.6034,5.9580,61.76,122.00,0.009810
54.6829,5.9580,61.76,122.00,0.010154
54.7597,5.9255,61.49,122.00,0.010479
54.8404,5.8930,61.22,122.00,0.010386
54.9167,5.8930,61.49,122.00,0.010439
54.9972,5.8930,61.49,121.00,0.010106
55.0757,5.8930,61.22,121.00,0.010250
55.1554,5.8930,61.22,121.00,0.009915
55.2359,5.8930,61.49,121.50,0.010028
55.3158,5.8930,61.22,122.00,0.010146
55.3946,5.8930,61.49,122.00,0.010181
55.4719,5.8930,60.69,122.00,0.010088
55.5481,5.8930,61.76,122.00,0.009938
55.6285,5.8930,60.95,122.00,0.010295
55.7068,5.8930,61.76,122.00,0.010077
55.7846,5.8930,61.49,122.00,0.010432
55.8623,5.8930,61.22,122.00,0.009997
55.9404,5.8930,60.95,122.00,0.010145
56.0186,5.8930,61.49,122.00,0.010185
56.0971,5.8930,61.22,122.00,0.010514
56.1771,5.8930,61.22,122.00,0.010009
56.2567,5.8930,61.22,122.00,0.010117
56.3356,5.8930,62.03,122.00,0.010328
56.4133,5.8930,61.49,122.00,0.010188
56.4893,5.8930,61.22,122.00,0.009436
56.5684,5.8930,61.22,122.00,0.009644
56.6472,5.8930,61.22,122.00,0.010414
56.7269,5.8930,61.22,122.00,0.010393
56.8020,5.8930,61.49,122.00,0.009358
56.8781,5.8930,61.76,122.00,0.009368
56.9552,5.8930,61.49,122.00,0.009708
57.0318,5.8930,61.22,121.50,0.009743
57.1058,5.8930,61.22,121.50,0.009647
57.1820,5.8930,61.76,121.00,0.009570
57.2569,5.8930,61.49,122.00,0.009593
57.3390,5.8930,61.49,122.00,0.010272
57.4195,5.8930,61.22,122.00,0.009861
57.5004,5.8930,61.49,121.50,0.010460
57.5797,5.8930,61.22,121.00,0.010332
57.6564,5.8930,61.22,122.00,0.009380
57.7319,5.8930,61.49,121.50,0.009912
57.8081,5.8930,61.49,121.50,0.009442
57.8836,5.8930,61.49,121.00,0.010084
57.9601,5.8930,61.22,121.00,0.009891
58.0387,5.8930,61.22,121.00,0.010375
58.1173,5.8930,61.76,121.00,0.010259
58.1956,5.8930,61.49,121.00,0.009939
58.2749,5.8930,61.49,121.00,0.010226
58.3500,5.8930,61.76,121.50,0.009404
58.4258,5.8930,61.22,121.00,0.009346
58.5005,5.8930,61.22,121.00,0.009416
58.5790,5.8930,61.22,121.00,0.009517
58.6573,5.8930,61.22,121.00,0.010478
58.7371,5.8930,61.76,121.00,0.010225
58.8157,5.8930,61.22,121.00,0.010444
58.8930,5.8930,61.76,121.00,0.010239
58.9741,5.8930,61.22,121.00,0.010663
59.0539,5.8930,61.49,121.00,0.009958
59.1318,5.8930,61.49,121.00,0.009833
59.2102,5.8930,61.76,121.00,0.009938
59.2911,5.8930,61.49,121.00,0.010107
59.3691,5.8930,61.22,121.00,0.010117
59.4477,5.8930,61.22,121.00,0.010158
59.5289,5.8930,61.22,121.00,0.010716
59.6087,5.8930,61.49,121.00,0.009580
59.6887,5.8930,61.49,121.00,0.010214
59.7676,5.9065,61.22,121.00,0.010252
59.8473,5.9200,62.03,121.00,0.009700
59.9237,5.9200,61.76,121.00,0.010203
60.0002,5.9200,61.49,121.00,0.009276
60.0745,5.9200,61.49,121.00,0.009382
60.1536,5.9200,61.76,121.00,0.009566
60.2328,5.9200,61.49,121.00,0.010510
60.3122,5.9200,61.22,121.00,0.009612
60.3887,5.9200,61.76,121.00,0.010301
60.4679,5.9200,61.49,121.00,0.009382
60.5437,5.9200,61.22,121.00,0.010014
60.6242,5.9200,61.76,121.00,0.010304
60.7019,5.9200,61.49,121.00,0.010188
60.7830,5.9200,61.49,121.00,0.010455
60.8591,5.9200,61.22,121.00,0.010165
60.9403,5.9510,61.22,121.00,0.010305
61.0186,5.9510,61.49,121.00,0.010169
61.0990,5.9510,61.49,121.00,0.009922
61.1791,5.9510,61.76,121.00,0.009550
61.2590,5.9510,61.76,121.00,0.010175
61.3352,5.9510,61.49,121.00,0.010222
61.4130,5.9510,61.49,121.00,0.010179
61.4909,5.9510,61.76,121.00,0.010056
61.5691,5.9510,61.22,121.00,0.010389
61.6480,5.9510,61.76,121.00,0.010209
61.7279,5.9815,61.49,121.00,0.010092
61.8069,6.0120,61.22,121.00,0.010159
61.8853,6.0120,61.22,121.00,0.010155
61.9641,6.0120,61.76,121.50,0.010148
62.0448,6.0120,61.49,121.00,0.010378
62.1233,6.0120,61.49,121.00,0.010365
62.2008,6.0120,61.76,121.00,0.009479
62.2758,6.0120,61.22,121.00,0.009825
62.3525,6.0120,61.49,121.00,0.009889
62.4325,6.0120,61.22,121.00,0.009898
62.5127,6.0120,61.76,121.00,0.009684
62.5893,6.0120,61.49,121.00,0.010443
62.6669,6.0120,61.22,121.00,0.010013
62.7447,5.9850,61.22,121.00,0.009954
62.8235,5.9580,61.49,121.00,0.010560
62.9000,5.9580,61.49,121.00,0.010391
62.9801,5.9580,61.76,121.00,0.010396
63.0579,5.9580,61.49,121.00,0.010149
63.1363,5.9580,61.22,121.00,0.010261
63.2170,5.9580,61.49,121.00,0.009660
63.2929,5.9580,61.22,121.00,0.009548
63.3681,5.9580,61.49,121.00,0.009819
63.4478,5.9580,61.22,121.00,0.010282
63.5268,5.9580,62.03,121.00,0.010195
63.6049,5.9580,61.22,121.00,0.010302
63.6847,5.9580,61.49,121.00,0.010132
63.7627,5.9410,61.22,121.00,0.009650
63.8406,5.9240,61.22,121.00,0.009726
63.9189,5.9240,61.49,121.00,0.009496
63.9967,5.9240,61.49,121.00,0.009877
64.0744,5.9240,61.22,121.00,0.009850
64.1513,5.9240,61.22,121.00,0.010560
64.2282,5.9240,61.22,121.00,0.009651
64.3085,5.9240,61.49,121.00,0.009988
64.3882,5.9240,61.49,121.00,0.010124
64.4637,5.9240,61.22,121.00,0.010274
64.5410,5.9240,61.49,121.00,0.009781
64.6179,5.9240,61.22,121.00,0.009388
64.6941,5.9240,61.22,121.00,0.009341
64.7686,5.9240,61.22,121.00,0.009565
64.8485,5.9470,61.76,121.00,0.009419
64.9255,5.9700,61.22,121.00,0.009444
65.0021,5.9700,61.49,121.00,0.009498
65.0770,5.9700,61.22,121.00,0.009730
65.1562,5.9700,61.76,121.00,0.009512
65.2313,5.9700,61.76,121.00,0.009818
65.3071,5.9700,61.22,121.00,0.009577
65.3832,5.9700,61.22,121.00,0.010306
65.4599,5.9700,60.95,121.00,0.009490
65.5349,5.9700,61.22,121.00,0.009492
65.6118,5.9700,61.49,121.00,0.009732
65.6903,5.9700,61.49,121.00,0.010327
65.7721,5.9280,61.22,121.00,0.010290
65.8478,5.9280,61.22,121.50,0.010205
65.9268,5.9280,61.22,121.00,0.009815
66.0017,5.9280,61.76,121.00,0.009651
66.0813,5.9280,61.49,121.00,0.010027
66.1592,5.9280,61.22,121.00,0.010494
66.2365,5.9280,61.49,121.00,0.009848
66.3150,5.9280,61.76,121.00,0.009889
66.3953,5.9280,61.49,121.00,0.010215
66.4716,5.9280,62.03,121.00,0.010338
66.5514,5.9280,61.76,121.00,0.010190
66.6273,5.9280,61.49,121.00,0.010085
66.7035,5.9280,61.22,121.00,0.009488
66.7790,5.9280,61.76,121.00,0.009707
66.8568,5.9280,61.49,121.00,0.010295
66.9355,5.9310,61.22,121.00,0.010208
67.0162,5.9310,61.22,121.00,0.009617
67.0949,5.9310,61.22,121.00,0.010060
67.1725,5.9310,61.49,121.00,0.010057
67.2486,5.9310,61.49,121.00,0.009868
67.3279,5.9310,61.49,121.00,0.010448
67.4050,5.9310,61.22,121.00,0.010360
67.4846,5.9310,61.22,121.00,0.009768
67.5656,5.9310,61.49,121.00,0.010252
67.6433,5.9310,61.22,121.00,0.009981
67.7199,5.9310,61.49,121.00,0.010253
67.8000,5.9310,62.03,121.50,0.010191
67.8769,5.9310,61.49,121.50,0.010215
67.9565,5.9310,61.49,121.00,0.011138
68.0345,5.9310,61.22,121.00,0.009992
68.1126,5.9310,61.22,121.00,0.010158
68.1892,5.9310,61.22,121.00,0.010305
68.2673,5.9310,61.22,121.00,0.010111
68.3438,5.9310,61.22,121.00,0.009999
68.4242,5.9310,61.22,121.00,0.010208
68.5014,5.9310,61.76,121.00,0.010695
68.5791,5.9310,62.03,121.00,0.009838
68.6581,5.9310,61.49,121.00,0.010221
68.7362,5.9310,61.49,121.00,0.010414
68.8109,5.9310,61.49,121.00,0.009597
68.8869,5.9310,61.76,121.00,0.009484
68.9620,5.9310,61.76,121.00,0.009573
69.0392,5.9310,61.49,121.00,0.010009
69.1206,5.9390,61.76,121.00,0.010381
69.1991,5.9390,61.22,121.00,0.010315
69.2759,5.9390,61.49,121.00,0.010269
69.3525,5.9390,61.49,121.00,0.009438
69.4278,5.9390,61.49,121.00,0.009767
69.5079,5.9390,61.49,121.00,0.010547
69.5848,5.9390,61.49,121.00,0.010452
69.6640,5.9390,61.49,121.00,0.010043
69.7408,5.9410,61.49,121.00,0.010552
69.8191,5.9430,61.76,121.00,0.009962
69.8957,5.9430,61.22,121.50,0.010247
69.9751,5.9430,61.76,121.00,0.009662
70.0516,5.9430,61.22,121.00,0.009636
70.1300,5.9430,61.49,121.00,0.009429
70.2074,5.9430,61.49,121.00,0.009926
70.2878,5.9430,61.49,121.00,0.010255
70.3635,5.9430,61.22,121.00,0.010087
70.4441,5.9430,62.03,121.00,0.010601
70.5222,5.9430,61.76,121.00,0.009829
70.6023,5.9430,61.49,121.00,0.009649
70.6792,5.9430,61.49,121.00,0.010176
70.7567,5.9565,62.03,121.00,0.009926
70.8364,5.9700,61.76,121.00,0.010587
70.9166,5.9700,61.76,121.00,0.010282
70.9956,5.9700,61.22,121.00,0.010178
71.0821,5.9700,61.49,121.00,0.010370
71.1663,5.9700,61.49,121.00,0.010798
71.2485,5.9700,62.03,121.00,0.010653
71.3249,5.9700,61.49,121.00,0.009485
71.4071,5.9700,61.22,121.00,0.009518
71.4833,5.9700,61.49,121.00,0.010084
71.5653,5.9700,61.22,121.00,0.010777
71.6478,5.9700,61.49,121.00,0.010612
71.7329,5.8725,61.49,121.00,0.011117
71.8151,5.7750,61.49,121.00,0.010232
71.8962,5.7750,61.49,121.00,0.010690
71.9767,5.7750,61.76,121.00,0.010862
72.0547,5.7750,61.22,121.00,0.009870
72.1327,5.7750,61.22,121.00,0.009385
72.2100,5.7750,61.22,121.00,0.009538
72.2853,5.7750,61.76,121.00,0.009560
72.3631,5.7750,61.49,121.00,0.009819
72.4390,5.7750,61.49,121.00,0.010060
72.5201,5.7750,61.49,121.00,0.010137
72.5987,5.7750,61.49,121.00,0.010151
72.6761,5.7750,61.49,121.00,0.009773
72.7551,5.8630,61.76,121.00,0.010423
72.8365,5.9510,61.49,121.00,0.010688
72.9151,5.9510,61.22,121.00,0.010480
72.9930,5.9510,61.22,121.00,0.010245
73.0698,5.9510,61.49,121.50,0.010664
73.1510,5.9510,61.22,122.00,0.010573
73.2292,5.9510,61.22,122.00,0.009921
73.3117,5.9510,61.22,122.00,0.010511
73.3877,5.9510,61.22,122.00,0.009908
73.4655,5.9510,61.22,122.00,0.009440
73.5419,5.9510,61.22,122.00,0.009310
73.6197,5.9510,61.22,122.00,0.009609
73.6955,5.9510,61.22,122.50,0.009816
73.7762,5.9160,61.22,123.00,0.010080
73.8524,5.9160,61.22,123.00,0.010455
73.9338,5.9160,61.49,123.00,0.010210
74.0122,5.9160,61.76,123.00,0.010377
74.0905,5.9160,61.22,123.00,0.010197
74.1669,5.9160,61.49,123.00,0.010107
74.2445,5.9160,61.22,123.00,0.009876
74.3229,5.9160,61.76,123.00,0.009887
74.4009,5.9160,61.22,123.00,0.010163
74.4793,5.9160,61.49,123.00,0.010124
74.5564,5.9160,61.49,123.00,0.009771
74.6329,5.9160,61.49,123.00,0.010067
74.7156,5.9160,61.49,123.00,0.009633
74.7926,5.9660,61.49,123.00,0.010428
74.8699,5.9660,61.22,123.00,0.010047
74.9473,5.9660,61.49,123.00,0.009899
75.0236,5.9660,61.22,123.00,0.009552
75.0983,5.9660,61.22,123.00,0.009601
75.1787,5.9660,62.03,123.00,0.010414
75.2550,5.9660,61.49,123.00,0.010417
75.3352,5.9660,61.22,123.00,0.010000
75.4103,5.9660,61.76,123.00,0.009395
75.4863,5.9660,61.49,123.00,0.009239
75.5635,5.9660,61.76,123.00,0.009531
75.6429,5.9660,61.49,123.00,0.010111
75.7188,5.9660,61.22,123.00,0.009731
75.7998,5.9160,61.49,123.00,0.010387
75.8805,5.9160,61.22,123.00,0.010387
75.9598,5.9160,61.22,123.00,0.011384
76.0428,5.9160,61.76,123.00,0.010072
76.1276,5.9160,61.49,123.00,0.009685
76.2117,5.9160,61.22,123.00,0.010305
76.2974,5.9160,61.22,123.00,0.010286
76.3777,5.9160,61.22,123.00,0.010602
76.4591,5.9160,61.49,123.00,0.010180
76.5407,5.9160,61.22,123.00,0.009982
76.6242,5.9160,61.76,123.00,0.010257
76.7054,5.9160,61.22,123.00,0.010190
76.7827,5.9160,61.49,123.00,0.009427
76.8580,5.9160,61.49,123.00,0.009381
76.9348,5.9160,61.49,123.00,0.009540
77.0107,5.9160,61.49,123.00,0.009423
77.0924,5.9160,61.22,123.00,0.010803
77.1770,5.9160,61.76,123.00,0.010305
77.2617,5.9160,61.22,123.00,0.010499
77.3440,5.9160,61.76,123.00,0.010718
77.4310,5.9160,61.22,123.00,0.011020
77.5150,5.9160,61.49,123.00,0.010852
77.6000,5.9160,60.95,123.00,0.010449
77.6839,5.9160,61.49,123.00,0.010164
77.7676,5.9160,61.22,123.00,0.010039
77.8517,5.9160,61.22,123.00,0.010760
77.9366,5.9160,61.22,123.00,0.010949
78.0170,5.9160,61.22,123.00,0.010669
78.1013,5.8590,61.22,124.00,0.010217
78.1849,5.8020,60.95,124.00,0.010803
78.2716,5.8020,61.49,124.00,0.010619
78.3534,5.8020,61.22,124.00,0.010745
78.4394,5.8020,61.22,124.00,0.010843
78.5182,5.8020,61.49,124.00,0.009718
78.5953,5.8020,61.22,124.00,0.009489
78.6704,5.8020,61.22,124.00,0.009727
78.7527,5.8440,61.22,124.00,0.011297
78.8344,5.8860,61.22,124.00,0.010685
78.9204,5.8860,60.69,124.00,0.010270
78.9991,5.8860,61.49,124.00,0.009928
79.0764,5.8860,61.49,124.00,0.009455
79.1521,5.8860,61.22,124.00,0.009818
79.2304,5.8860,61.49,124.00,0.009947
79.3067,5.8860,61.22,124.00,0.009950
79.3890,5.8860,61.22,124.00,0.010736
79.4694,5.8860,61.22,124.00,0.010285
79.5528,5.8860,61.49,124.00,0.010545
79.6340,5.8860,61.22,124.00,0.010121
79.7208,5.8860,61.22,124.00,0.010825
79.8058,5.8020,61.49,124.00,0.010456
79.8861,5.8020,60.95,124.00,0.009602
79.9637,5.8020,61.22,124.00,0.009957
80.0426,5.8020,61.22,124.00,0.009751
80.1209,5.8020,61.49,124.00,0.010009
80.2044,5.8020,61.49,124.00,0.010979
80.2845,5.8020,61.22,124.00,0.010436
80.3709,5.8020,61.22,124.00,0.010391
80.4528,5.8020,61.49,124.00,0.010562
80.5374,5.8020,61.49,124.00,0.010233
80.6189,5.8020,61.49,124.00,0.010034
80.7034,5.8020,61.49,124.00,0.010615
80.7832,5.8020,61.49,124.00,0.010910
80.8681,5.8020,61.76,124.00,0.010326
80.9500,5.8020,61.22,124.00,0.010824
81.0326,5.8020,61.76,124.00,0.009511
81.1120,5.8020,61.22,124.00,0.009815
81.1965,5.8020,61.22,124.00,0.010493
81.2775,5.8020,61.49,124.00,0.010114
81.3603,5.8020,61.49,124.00,0.010777
81.4441,5.8020,61.49,124.00,0.010589
81.5312,5.8020,61.49,124.00,0.010950
81.6100,5.8020,61.76,124.00,0.009481
81.6877,5.8020,61.22,124.00,0.009970
81.7625,5.8020,61.76,124.00,0.009381
81.8417,5.8020,61.22,121.50,0.011482
81.9194,5.8020,61.22,120.00,0.010441
81.9994,5.8020,61.22,120.00,0.010273
82.0764,5.8020,61.22,120.00,0.010619
82.1542,5.8020,61.22,120.00,0.009950
82.2286,5.8020,61.49,120.00,0.009495
82.3050,5.8020,61.22,120.00,0.009324
82.3822,5.8020,61.22,120.00,0.009574
82.4612,5.7865,61.22,120.00,0.010461
82.5403,5.7710,61.49,120.00,0.010207
82.6231,5.7710,61.22,120.00,0.010303
82.6998,5.7710,61.76,120.00,0.010355
82.7854,5.9120,61.49,120.00,0.009718
82.8677,5.9120,61.76,120.00,0.010734
82.9533,5.9120,61.22,120.00,0.010405
83.0327,5.9120,61.49,120.00,0.010660
83.1159,5.9120,61.22,120.00,0.010097
83.1928,5.9120,61.49,120.00,0.009668
83.2793,5.9120,60.95,120.00,0.010753
83.3626,5.9120,61.22,120.00,0.010565
83.4447,5.9120,61.76,120.00,0.010892
83.5238,5.9120,61.49,120.00,0.010411
83.6081,5.9120,61.49,120.00,0.010499
83.6923,5.9120,61.22,120.00,0.010767
83.7789,5.8090,61.49,120.00,0.010569
83.8626,5.8090,61.49,120.00,0.011076
83.9456,5.8090,61.22,120.50,0.011483
84.0307,5.8090,61.22,121.00,0.010157
84.1172,5.8090,61.22,121.00,0.009962
84.2003,5.8090,61.22,121.00,0.010312
84.2853,5.8090,61.22,121.00,0.010289
84.3689,5.8090,60.95,121.00,0.011082
84.4552,5.8090,61.49,121.00,0.010668
84.5398,5.8090,61.49,121.00,0.010427
84.6263,5.8090,61.22,121.00,0.010053
84.7112,5.8090,61.49,121.00,0.010151
84.7902,5.9240,61.22,121.00,0.009813
84.8680,5.9240,61.22,121.00,0.010473
84.9469,5.9240,61.22,121.00,0.010317
85.0241,5.9240,61.22,121.00,0.009981
85.1067,5.9240,61.22,121.00,0.009871
85.1823,5.9240,61.22,121.00,0.009472
85.2597,5.9240,61.22,121.00,0.009592
85.3355,5.9240,61.49,121.00,0.009825
85.4160,5.9240,61.22,121.00,0.010278
85.4956,5.9240,61.22,121.00,0.010622
85.5765,5.9240,61.22,121.00,0.009871
85.6565,5.9240,62.03,121.00,0.010299
85.7406,5.9275,61.22,121.00,0.010335
85.8199,5.9310,61.22,121.00,0.010222
85.9019,5.9310,61.22,121.00,0.010154
85.9810,5.9310,61.22,121.00,0.010125
86.0600,5.9310,61.22,121.00,0.009444
86.1406,5.9310,61.22,121.00,0.010473
86.2203,5.9310,61.22,121.00,0.010112
86.3021,5.9310,61.49,121.00,0.010256
86.3809,5.9310,61.22,121.00,0.010035
86.4583,5.9310,61.49,121.00,0.009627
86.5393,5.9310,60.95,121.00,0.010087
86.6195,5.9310,61.22,121.00,0.010406
86.7002,5.9310,61.49,121.00,0.009662
86.7796,5.9730,61.76,121.00,0.009817
86.8609,5.9730,61.22,121.00,0.010213
86.9428,5.9730,61.76,121.00,0.010839
87.0237,5.9730,61.22,121.00,0.009982
87.1005,5.9730,61.22,121.00,0.010412
87.1817,5.9730,61.22,121.00,0.010250
87.2594,5.9730,61.76,121.00,0.010463
87.3404,5.9730,61.22,121.00,0.010428
87.4192,5.9730,61.49,121.00,0.009690
87.4980,5.9730,61.22,121.00,0.009681
87.5748,5.9730,61.22,121.00,0.009678
87.6518,5.9730,61.49,121.00,0.009465
87.7276,5.9730,61.49,121.00,0.009699
87.8084,5.9485,61.22,121.00,0.010520
87.8870,5.9240,61.22,121.00,0.010636
87.9659,5.9240,61.22,121.00,0.009840
88.0434,5.9240,61.22,121.00,0.010309
88.1242,5.9240,61.22,121.00,0.009990
88.2035,5.9240,60.95,121.00,0.010172
88.2843,5.9240,61.22,121.00,0.010244
88.3632,5.9240,61.49,121.00,0.010102
88.4436,5.9240,61.76,121.00,0.009825
88.5196,5.9240,61.22,121.00,0.009635
88.6005,5.9240,61.49,121.00,0.010280
88.6800,5.9240,61.49,121.00,0.010053
88.7591,5.9275,61.22,121.00,0.010219
88.8389,5.9310,61.22,121.00,0.010180
88.9197,5.9310,61.49,122.00,0.010249
88.9996,5.9310,61.49,122.00,0.010327
89.0768,5.9310,61.22,122.00,0.009724
89.1523,5.9310,61.49,122.00,0.009757
89.2327,5.9310,61.49,122.00,0.010225
89.3124,5.9310,62.03,122.00,0.010140
89.3911,5.9310,61.49,122.00,0.010232
89.4680,5.9310,61.76,122.00,0.009905
89.5459,5.9310,61.76,122.00,0.009872
89.6231,5.9310,60.95,122.00,0.010419
89.7037,5.9310,61.49,122.00,0.010181
89.7833,5.9010,61.76,122.00,0.009866
89.8603,5.9010,61.76,122.00,0.009466
89.9405,5.9010,61.49,122.00,0.009665
90.0181,5.9010,61.76,122.00,0.009686
90.0948,5.9010,61.22,122.00,0.010094
90.1758,5.9010,61.49,121.50,0.010023
90.2529,5.9010,61.49,121.00,0.009990
90.3343,5.9010,61.22,121.00,0.010581
90.4126,5.9010,61.22,121.00,0.009456
90.4924,5.9010,61.22,121.00,0.009469
90.5733,5.9010,61.22,121.00,0.009937
90.6569,5.9010,61.76,121.00,0.010539
90.7400,5.9050,61.22,121.00,0.010583
90.8279,5.9090,61.22,121.00,0.010811
90.9061,5.9090,61.76,121.00,0.009546
90.9898,5.9090,61.22,121.00,0.010110
91.0729,5.9090,61.49,121.00,0.010403
91.1558,5.9090,61.22,121.00,0.010881
91.2383,5.9090,61.22,121.50,0.010557
91.3249,5.9090,61.22,121.00,0.010810
91.4073,5.9090,61.22,121.00,0.010191
91.4887,5.9090,61.22,121.00,0.009824
91.5734,5.9090,61.49,121.00,0.010250
91.6571,5.9090,61.49,121.00,0.009384
91.7343,5.9090,61.22,122.00,0.009596
91.8143,5.9090,61.22,122.00,0.009366
91.8917,5.9090,61.22,122.00,0.010443
91.9743,5.7980,61.22,122.00,0.009681
92.0551,5.7980,61.49,122.00,0.010866
92.1358,5.7980,61.76,122.00,0.009337
92.2118,5.7980,61.22,121.50,0.009760
92.2916,5.7980,60.95,121.00,0.009495
92.3689,5.7980,61.22,121.00,0.010002
92.4525,5.7980,61.49,121.00,0.010695
92.5354,5.7980,60.95,121.00,0.010263
92.6201,5.7980,61.22,121.00,0.010591
92.7033,5.7980,61.22,121.00,0.010277
92.7909,5.9310,61.22,121.00,0.010960
92.8731,5.9310,61.49,121.00,0.010473
92.9573,5.9310,61.22,121.00,0.010472
93.0393,5.9310,61.49,121.00,0.010257
93.1263,5.9310,61.49,121.00,0.009796
93.2119,5.9310,61.76,121.00,0.011086
93.2966,5.9310,61.22,121.00,0.010221
93.3801,5.9310,61.22,121.00,0.010899
93.4658,5.9310,60.95,121.00,0.010154
93.5492,5.9310,60.95,121.00,0.010818
93.6323,5.9310,61.22,121.00,0.010225
93.7148,5.9310,61.22,121.00,0.010800
93.8025,5.5840,61.49,121.00,0.010413
93.8855,5.5840,61.22,121.00,0.010471
93.9731,5.5840,60.95,121.00,0.010467
94.0558,5.5840,61.22,121.00,0.010602
94.1413,5.5840,61.22,121.00,0.010394
94.2262,5.5840,61.22,121.00,0.010560
94.3134,5.5840,61.49,121.00,0.010938
94.3974,5.5840,61.22,121.00,0.010345
94.4849,5.5840,61.22,121.00,0.010077
94.5685,5.5840,60.95,121.00,0.010495
94.6553,5.5840,61.22,121.00,0.010209
94.7369,5.6850,61.22,121.00,0.011380
94.8239,5.7860,61.22,121.00,0.010345
94.9079,5.7860,61.22,121.00,0.010422
94.9929,5.7860,61.22,121.00,0.010195
95.0763,5.7860,61.49,121.00,0.010418
95.1607,5.7860,61.22,121.00,0.010045
95.2437,5.7860,61.22,121.00,0.009851
95.3217,5.7860,60.95,121.00,0.009450
95.3989,5.7860,61.22,121.00,0.009913
95.4788,5.7860,61.22,121.00,0.010202
95.5623,5.7860,61.22,121.00,0.010320
95.6489,5.7860,61.49,121.00,0.010358
95.7274,5.7860,61.22,121.00,0.009883
95.8073,5.7860,61.22,121.00,0.009789
95.8884,5.7555,61.49,121.00,0.010118
95.9733,5.7250,61.22,121.00,0.010446
96.0578,5.7250,61.49,121.00,0.010510
96.1411,5.7250,61.22,121.00,0.010757
96.2238,5.7250,61.22,121.00,0.010251
96.3086,5.7250,61.49,121.00,0.010459
96.3893,5.7250,61.22,121.00,0.010066
96.4744,5.7250,61.49,121.00,0.010485
96.5596,5.7250,61.49,121.00,0.010965
96.6424,5.7250,61.49,121.00,0.010487
96.7272,5.7845,61.22,121.00,0.010393
96.8141,5.8440,61.49,121.00,0.009776
96.8966,5.8440,61.22,121.00,0.009689
96.9766,5.8440,61.22,121.00,0.010132
97.0607,5.8440,61.22,121.00,0.010695
97.1471,5.8440,60.95,121.00,0.010080
97.2289,5.8440,61.22,121.00,0.010408
97.3118,5.8440,61.22,121.00,0.010320
97.3907,5.8440,61.49,121.00,0.009781
97.4680,5.8440,61.22,121.00,0.009478
97.5463,5.8440,61.22,121.00,0.009806
97.6276,5.8440,61.22,121.00,0.010608
97.7126,5.8440,61.22,121.00,0.010886
97.7991,5.8440,61.22,121.00,0.010839
97.8815,5.8440,61.22,121.00,0.010644
97.9643,5.8440,61.49,121.00,0.010332
98.0482,5.8440,61.22,121.00,0.010533
98.1336,5.8440,61.22,121.00,0.010225
98.2167,5.8440,61.22,121.00,0.011173
98.3041,5.8440,61.22,121.00,0.010761
98.3885,5.8440,61.22,121.00,0.010679
98.4684,5.8440,61.22,121.00,0.009682
98.5449,5.8440,61.49,121.00,0.009807
98.6254,5.8440,61.22,121.00,0.009707
98.7051,5.8440,61.49,121.00,0.009977
98.7839,5.8440,61.49,121.00,0.009690
98.8688,5.8440,61.49,121.00,0.011127
98.9541,5.8590,61.22,121.00,0.009736
99.0324,5.8590,61.22,120.50,0.011122
99.1157,5.8590,61.22,120.00,0.010072
99.1937,5.8590,61.22,120.50,0.009812
99.2718,5.8590,61.22,120.00,0.009534
99.3480,5.8590,60.95,120.00,0.010218
99.4281,5.8590,61.22,120.00,0.010504
99.5049,5.8590,61.22,120.50,0.009860
99.5831,5.8590,61.22,121.00,0.009458
99.6587,5.8590,61.49,121.00,0.009664
99.7360,5.8590,61.22,121.00,0.010030
99.8121,5.8590,61.22,121.00,0.009981
99.8935,5.9050,61.49,121.00,0.010250
99.9762,5.9050,61.22,121.00,0.010234
100.0570,5.9050,61.22,121.00,0.010150
100.1352,5.9050,61.49,120.00,0.010375
100.2163,5.9050,61.22,120.00,0.010204
100.2950,5.9050,61.49,120.00,0.009553
100.3765,5.9050,61.22,120.00,0.010164
100.4537,5.9050,61.49,120.50,0.010450
100.5331,5.9050,61.22,120.00,0.010068
100.6112,5.9050,60.95,120.00,0.010193
100.6903,5.9050,61.49,120.00,0.009937
100.7712,5.9310,61.49,120.50,0.010420
100.8509,5.9310,61.49,120.00,0.010354
100.9286,5.9310,61.49,120.00,0.009964
101.0084,5.9310,61.49,120.00,0.010209
101.0890,5.9310,61.22,120.00,0.010490
101.1686,5.9310,61.22,120.00,0.010356
101.2483,5.9310,61.49,120.00,0.010101
101.3276,5.9310,61.22,120.00,0.010458
101.4048,5.9310,61.49,120.00,0.010449
101.4857,5.9310,61.22,120.00,0.009985
101.5629,5.9310,61.22,120.00,0.010339
101.6420,5.9310,61.76,120.50,0.010012
101.7244,5.9390,61.49,120.00,0.010463
101.8077,5.9470,61.76,120.00,0.009940
101.8832,5.9470,61.22,120.00,0.009754
101.9604,5.9470,61.76,120.00,0.009592
102.0394,5.9470,61.22,120.00,0.009840
102.1210,5.9470,61.49,120.00,0.010033
102.2007,5.9470,61.49,120.00,0.010040
102.2797,5.9470,61.49,120.00,0.010261
102.3592,5.9470,61.49,120.50,0.010007
102.4407,5.9470,61.22,120.00,0.010317
102.5204,5.9470,61.49,120.00,0.010326
102.6014,5.9470,61.49,120.00,0.010382
102.6783,5.9470,61.22,120.00,0.009747
102.7600,5.9585,61.22,120.00,0.010405
102.8405,5.9700,61.22,120.00,0.010536
102.9200,5.9700,61.22,120.00,0.009342
102.9978,5.9700,61.49,120.00,0.009566
103.0753,5.9700,61.22,120.00,0.009542
103.1509,5.9700,61.49,120.00,0.009568
103.2293,5.9700,61.49,120.00,0.010199
103.3070,5.9700,61.49,120.00,0.010106
103.3843,5.9700,61.49,120.00,0.009444
103.4597,5.9700,61.49,120.00,0.009453
103.5401,5.9700,61.49,120.00,0.010167
103.6189,5.9700,61.49,120.00,0.009979
103.7004,5.9700,61.22,120.00,0.010106
103.7793,5.8510,61.49,120.00,0.009847
103.8608,5.8510,61.49,120.00,0.010570
103.9405,5.8510,61.49,120.00,0.010417
104.0197,5.8510,61.76,120.00,0.010357
104.0955,5.8510,61.49,120.00,0.009722
104.1765,5.8510,61.76,120.00,0.010517
104.2556,5.8510,61.49,120.00,0.010023
104.3366,5.8510,61.49,120.00,0.010459
104.4160,5.8510,61.22,120.00,0.010304
104.4969,5.8510,61.22,120.00,0.009677
104.5764,5.8510,61.22,120.00,0.010335
104.6561,5.8510,61.22,120.00,0.010556
104.7357,5.8700,61.22,120.00,0.010569
104.8168,5.8890,61.22,120.00,0.009796
104.8962,5.8890,61.22,120.00,0.010076
104.9791,5.8890,61.49,120.00,0.009716
105.0548,5.8890,61.22,120.00,0.009814
105.1321,5.8890,61.76,120.00,0.009617
105.2101,5.8890,61.22,120.00,0.009729
105.2923,5.8890,61.22,120.00,0.010830
105.3704,5.8890,61.22,120.00,0.009668
105.4474,5.8890,61.22,120.00,0.009505
105.5238,5.8890,61.22,120.00,0.009820
105.6027,5.8890,61.76,119.50,0.010000
105.6798,5.8890,61.49,119.00,0.010315
105.7571,5.8890,61.49,120.00,0.009641
105.8325,5.8890,62.03,119.50,0.009385
105.9123,5.8890,61.22,120.00,0.010078
105.9923,5.8090,61.22,120.00,0.010094
106.0715,5.8090,61.22,120.00,0.010306
106.1489,5.8090,61.22,120.00,0.010244
106.2276,5.8090,61.49,120.00,0.010252
106.3044,5.8090,61.22,120.00,0.009598
106.3836,5.8090,61.22,120.00,0.010259
106.4621,5.8090,61.22,120.00,0.009849
106.5432,5.8090,61.22,120.00,0.009831
106.6208,5.8090,61.49,120.00,0.010121
106.7017,5.8090,61.22,120.00,0.009992
106.7837,5.9350,61.49,120.00,0.010198
106.8643,5.9350,61.49,120.00,0.010043
106.9461,5.9350,61.22,120.00,0.010417
107.0275,5.9350,61.49,120.00,0.010643
107.1037,5.9350,61.49,120.00,0.009465
107.1833,5.9350,61.22,120.00,0.009571
107.2591,5.9350,61.76,120.00,0.009656
107.3362,5.9350,61.49,120.00,0.009479
107.4162,5.9350,61.22,120.00,0.010589
107.4952,5.9350,61.49,119.50,0.009914
107.5728,5.9350,61.22,119.50,0.010741
107.6520,5.9350,61.49,119.00,0.010531
107.7320,5.9350,61.22,119.00,0.010711
107.8133,5.9350,61.22,119.00,0.009998
107.8925,5.9350,61.22,119.00,0.009705
107.9739,5.9350,61.49,119.00,0.009673
108.0542,5.9350,61.76,119.50,0.010610
108.1365,5.9350,61.22,119.50,0.009562
108.2155,5.9350,61.49,120.00,0.009792
108.2957,5.9350,61.49,120.00,0.009944
108.3775,5.9350,61.22,119.50,0.010072
108.4552,5.9350,62.03,119.00,0.009512
108.5310,5.9350,61.22,119.50,0.009883
108.6081,5.9350,61.49,119.50,0.009406
108.6840,5.9350,61.49,119.50,0.009397
108.7651,5.8990,61.49,119.50,0.010265
108.8430,5.8630,61.49,119.50,0.010417
108.9236,5.8630,61.76,119.00,0.009749
109.0002,5.8630,61.76,119.00,0.009478
109.0841,5.8630,61.49,119.00,0.010532
109.1689,5.8630,61.49,119.00,0.010876
109.2515,5.8630,61.22,119.00,0.010355
109.3362,5.8630,61.22,119.00,0.010303
109.4206,5.8630,61.22,119.00,0.010633
109.5054,5.8630,61.22,119.00,0.010113
109.5917,5.8630,61.76,119.00,0.010600
109.6725,5.8630,61.49,119.00,0.009509
109.7520,5.8630,61.76,119.00,0.009657
109.8279,5.8630,61.76,119.00,0.009446
109.9134,5.7865,61.76,119.00,0.010220
109.9966,5.7100,61.22,119.00,0.010788
110.0828,5.7100,61.49,119.00,0.010327
110.1675,5.7100,61.22,119.50,0.010745
110.2515,5.7100,61.22,120.00,0.010040
110.3353,5.7100,60.95,120.00,0.010503
110.4207,5.7100,61.22,119.50,0.009834
110.5003,5.7100,61.22,119.00,0.010561
110.5828,5.7100,61.22,119.00,0.010176
110.6605,5.7100,61.22,119.50,0.009455
110.7392,5.7100,61.76,119.00,0.009654
110.8176,5.7710,61.49,119.00,0.010699
110.9029,5.8320,61.22,119.00,0.010421
110.9870,5.8320,61.49,119.00,0.010061
111.0668,5.8320,61.22,119.00,0.009652
111.1422,5.8320,61.49,119.50,0.009571
111.2204,5.8320,61.49,119.50,0.009412
111.2988,5.8320,61.49,119.50,0.009568
111.3839,5.8320,61.22,119.00,0.010306
111.4684,5.8320,61.49,119.00,0.010304
111.5464,5.8320,61.22,119.00,0.009375
111.6234,5.8320,61.22,119.00,0.009929
111.7016,5.8320,60.95,119.00,0.009977
111.7806,5.7750,61.49,119.00,0.011017
111.8677,5.7180,61.76,119.00,0.010213
111.9520,5.7180,61.22,119.50,0.011648
112.0371,5.7180,61.49,119.00,0.010449
112.1144,5.7180,61.22,119.50,0.009430
112.1927,5.7180,61.22,120.00,0.009388
112.2717,5.7180,61.22,120.00,0.010217
112.3576,5.7180,61.22,120.00,0.010903
112.4412,5.7180,61.49,120.00,0.010235
112.5287,5.7180,61.22,120.00,0.010810
112.6137,5.7180,61.49,120.00,0.010411
112.7006,5.7180,61.22,120.00,0.010469
112.7836,5.6990,61.22,120.00,0.009827
112.8702,5.6990,61.22,120.00,0.010525
112.9520,5.6990,61.49,119.50,0.010526
113.0372,5.6990,61.49,119.50,0.010662
113.1199,5.6990,61.22,119.00,0.010248
113.2032,5.6990,62.03,119.00,0.010551
113.2864,5.6990,61.49,119.00,0.010796
113.3732,5.6990,61.49,119.00,0.010256
113.4583,5.6990,61.49,119.50,0.010785
113.5442,5.6990,61.22,119.00,0.010640
113.6290,5.6990,60.95,119.00,0.010385
113.7136,5.6990,61.49,119.00,0.010199
113.7953,5.8170,60.95,119.00,0.010500
113.8813,5.8170,61.22,119.00,0.010573
113.9642,5.8170,61.22,119.00,0.010801
114.0459,5.8170,61.49,119.50,0.010213
114.1293,5.8170,61.49,119.00,0.011368
114.2140,5.8170,61.22,119.00,0.010470
114.2966,5.8170,61.49,120.00,0.010534
114.3826,5.8170,61.22,120.00,0.010803
114.4673,5.8170,61.22,120.00,0.010436
114.5516,5.8170,61.22,120.00,0.010297
114.6322,5.8170,61.22,120.00,0.010078
114.7170,5.8170,61.49,120.00,0.010547
114.8003,5.5960,61.49,119.50,0.010527
114.8845,5.5960,61.49,119.50,0.011022
114.9670,5.5960,61.22,119.00,0.010206
115.0489,5.5960,61.22,120.00,0.009489
115.1273,5.5960,61.22,119.00,0.009806
115.2077,5.5960,60.95,119.00,0.009926
115.2860,5.5960,61.22,119.00,0.009377
115.3684,5.5960,61.22,119.00,0.010145
115.4513,5.5960,61.22,119.00,0.009929
115.5361,5.5960,60.95,119.00,0.010705
115.6180,5.5960,61.22,119.00,0.010225
115.7007,5.5960,61.76,119.00,0.010651
115.7864,5.8820,61.22,119.00,0.010048
115.8733,5.8820,61.22,119.00,0.010490
115.9569,5.8820,60.95,119.00,0.011296
116.0394,5.8820,61.22,119.00,0.010959
116.1220,5.8820,61.22,119.50,0.010696
116.2035,5.8820,61.22,120.00,0.010388
116.2869,5.8820,61.22,120.00,0.010429
116.3733,5.8820,61.22,120.00,0.010015
116.4588,5.8820,61.22,120.00,0.010135
116.5426,5.8820,61.22,120.00,0.010342
116.6256,5.8820,61.49,120.00,0.010887
116.7119,5.8820,61.49,120.00,0.010804
116.7954,5.8700,61.49,120.00,0.010545
116.8790,5.8700,61.49,120.00,0.009511
116.9549,5.8700,61.76,120.00,0.009540
117.0354,5.8700,61.49,120.00,0.009693
117.1157,5.8700,61.76,120.00,0.010044
117.2006,5.8700,61.22,120.00,0.010887
117.2852,5.8700,60.95,120.00,0.010142
117.3662,5.8700,61.22,120.00,0.010127
117.4434,5.8700,61.49,119.50,0.010231
117.5242,5.8700,61.49,119.50,0.009998
117.6039,5.8700,61.22,119.00,0.009995
117.6834,5.8700,61.22,119.00,0.010232
117.7608,5.8665,61.76,119.00,0.010633
117.8426,5.8630,61.22,119.00,0.010249
117.9194,5.8630,61.22,119.00,0.009847
118.0011,5.8630,61.22,119.00,0.010092
118.0807,5.8630,61.22,119.00,0.010226
118.1648,5.8630,60.95,119.00,0.011041
118.2418,5.8630,61.49,119.00,0.009876
118.3206,5.8630,61.22,120.00,0.009812
118.4007,5.8630,61.49,120.00,0.010430
118.4796,5.8630,61.22,120.00,0.010210
118.5571,5.8630,61.22,120.00,0.010401
118.6380,5.8630,61.22,120.00,0.010277
118.7174,5.8630,61.22,120.00,0.010289
118.7961,5.8670,61.22,120.00,0.009399
118.8746,5.8670,61.76,120.00,0.009877
118.9553,5.8670,61.49,120.00,0.010327
119.0348,5.8670,61.49,120.00,0.009772
119.1190,5.8670,61.22,120.00,0.010667
119.1965,5.8670,60.95,120.00,0.010547
119.2750,5.8670,61.22,120.00,0.010331
119.3543,5.8670,61.49,120.00,0.010087
119.4356,5.8670,61.76,119.50,0.010203
119.5132,5.8670,61.22,119.50,0.010181
119.5920,5.8670,61.49,119.00,0.010641
119.6710,5.8670,61.22,119.00,0.009720
119.7516,5.9125,61.49,119.00,0.009483
119.8322,5.9580,61.22,119.50,0.010601
119.9109,5.9580,61.22,119.00,0.010344
119.9912,5.9580,61.22,120.00,0.010865
120.0684,5.9580,61.49,120.00,0.009683
120.1442,5.9580,61.22,119.50,0.009673
120.2236,5.9580,61.22,119.50,0.009688
120.3009,5.9580,61.22,119.00,0.010513
120.3786,5.9580,61.22,119.50,0.009420
120.4549,5.9580,61.22,120.00,0.009428
120.5327,5.9580,61.49,120.00,0.009688
120.6117,5.9580,61.22,120.00,0.010150
120.6923,5.9580,61.22,120.00,0.009938
120.7725,5.9160,61.49,120.00,0.009714
120.8503,5.9160,61.22,120.00,0.009384
120.9259,5.9160,61.49,120.00,0.009409
121.0034,5.9160,61.22,120.00,0.009650
121.0807,5.9160,61.22,120.00,0.009851
121.1613,5.9160,61.49,120.00,0.010139
121.2412,5.9160,61.22,120.00,0.010413
121.3198,5.9160,61.49,120.00,0.010371
121.3971,5.9160,61.22,120.00,0.010278
121.4756,5.9160,61.49,120.00,0.009422
121.5516,5.9160,61.22,119.50,0.009559
121.6315,5.9160,61.22,119.50,0.009791
121.7106,5.9160,61.22,119.50,0.010228
121.7929,5.9390,61.22,119.00,0.010144
121.8705,5.9390,61.49,119.50,0.009984
121.9518,5.9390,61.22,119.00,0.010548
122.0289,5.9390,61.76,119.00,0.010013
122.1124,5.9390,61.22,119.00,0.010441
122.1883,5.9390,61.22,119.50,0.009687
122.2653,5.9390,61.22,120.00,0.009435
122.3440,5.9390,61.22,119.50,0.010179
122.4254,5.9390,61.22,119.00,0.010342
122.5026,5.9390,61.22,119.50,0.010069
122.5835,5.9390,61.22,119.50,0.010058
122.6626,5.9390,61.22,119.00,0.010108
122.7412,5.9140,61.22,119.00,0.010007
122.8192,5.8890,61.22,119.00,0.010049
122.9003,5.8890,61.49,119.00,0.010334
122.9782,5.8890,61.49,120.00,0.009402
123.0553,5.8890,61.49,120.00,0.009367
123.1322,5.8890,61.76,120.00,0.010375
123.2153,5.8890,61.49,120.00,0.010326
123.2922,5.8890,61.49,120.00,0.010494
123.3750,5.8890,61.22,120.00,0.010317
123.4542,5.8890,61.22,120.00,0.009927
123.5343,5.8890,61.49,120.00,0.009737
123.6118,5.8890,61.49,120.00,0.010684
123.6926,5.8890,61.22,120.00,0.010465
123.7715,5.8890,61.76,119.50,0.009748
123.8524,5.8890,61.49,119.00,0.010144
123.9330,5.8890,61.49,119.00,0.010461
124.0125,5.8890,61.22,119.00,0.010291
124.0912,5.8890,61.22,119.00,0.009754
124.1709,5.8890,61.22,119.00,0.009924
124.2485,5.8890,61.22,119.00,0.009758
124.3319,5.8890,61.76,119.00,0.010313
124.4096,5.8890,61.22,120.00,0.010683
124.4931,5.8890,61.22,120.00,0.010268
124.5693,5.8890,61.49,120.00,0.009601
124.6470,5.8890,61.22,120.00,0.009806
124.7231,5.8890,61.49,120.00,0.009713
124.8040,5.8890,61.22,120.00,0.010078
124.8836,5.8890,61.49,120.00,0.010486
124.9633,5.8890,61.22,120.00,0.009826
125.0427,5.8890,61.22,120.00,0.009893
125.1226,5.8670,61.22,120.00,0.009939
125.2028,5.8670,61.22,120.00,0.010398
125.2850,5.8670,61.22,120.00,0.010172
125.3643,5.8670,61.49,120.00,0.010487
125.4448,5.8670,61.22,120.00,0.009736
125.5238,5.8670,61.49,120.00,0.010014
125.6074,5.8670,61.49,120.00,0.010031
125.6900,5.8670,61.22,119.00,0.009980
125.7705,5.9050,61.76,119.00,0.010422
125.8484,5.9050,61.76,119.50,0.010633
125.9280,5.9050,61.76,119.00,0.010218
126.0049,5.9050,61.22,119.00,0.010161
126.0839,5.9050,61.22,119.00,0.010075
126.1642,5.9050,61.22,119.50,0.010542
126.2440,5.9050,61.22,119.50,0.010422
126.3213,5.9050,61.22,120.00,0.010169
126.4033,5.9050,61.22,120.00,0.010185
126.4837,5.9050,61.49,120.00,0.010536
126.5630,5.9050,61.76,120.00,0.010244
126.6400,5.9050,61.76,120.00,0.010054
126.7196,5.9050,61.22,120.00,0.010582
126.7972,5.8860,61.49,120.00,0.010180
126.8777,5.8860,61.22,120.00,0.009796
126.9552,5.8860,61.22,119.50,0.010237
127.0362,5.8860,61.49,119.00,0.010151
127.1158,5.8860,61.49,119.50,0.010043
127.1944,5.8860,61.22,120.00,0.010107
127.2720,5.8860,61.49,119.50,0.010388
127.3549,5.8860,61.49,119.00,0.009989
127.4342,5.8860,61.49,119.00,0.009926
127.5152,5.8860,61.22,119.00,0.010320
127.5921,5.8860,60.95,119.00,0.010359
127.6750,5.8860,61.22,119.00,0.010090
127.7527,5.8955,61.22,119.00,0.010215
127.8346,5.9050,61.22,119.00,0.010343
127.9170,5.9050,61.49,119.00,0.010838
127.9955,5.9050,61.22,119.00,0.009507
128.0753,5.9050,61.22,119.00,0.009729
128.1551,5.9050,61.22,119.00,0.009694
128.2322,5.9050,61.49,119.00,0.010587
128.3105,5.9050,61.22,119.00,0.010302
128.3878,5.9050,61.22,119.00,0.010009
128.4667,5.9050,61.76,120.00,0.010225
128.5440,5.9050,61.22,120.00,0.009997
128.6235,5.9050,61.22,119.50,0.010362
128.7007,5.9050,60.95,119.50,0.010108
128.7820,6.0000,61.22,119.00,0.010016
128.8598,6.0000,61.76,119.00,0.010455
128.9409,6.0000,61.49,119.00,0.010608
129.0187,6.0000,61.49,119.50,0.010813
129.0989,6.0000,61.76,119.00,0.010038
129.1762,6.0000,61.22,119.50,0.010290
129.2568,6.0000,61.49,119.50,0.010540
129.3344,6.0000,61.22,120.00,0.010515
129.4159,6.0000,61.49,120.00,0.010419
129.4954,6.0000,61.22,120.00,0.010328
129.5773,6.0000,61.22,120.00,0.010299
129.6598,6.0000,61.22,120.00,0.010352
129.7437,5.9545,61.22,120.00,0.010594
129.8231,5.9090,61.22,120.00,0.010040
129.9049,5.9090,61.49,120.00,0.010213
129.9849,5.9090,61.22,119.00,0.010581
130.0636,5.9090,61.49,119.00,0.010132
130.1464,5.9090,61.76,119.50,0.010695
130.2254,5.9090,61.49,119.50,0.010281
130.3025,5.9090,61.22,120.00,0.009745
130.3841,5.9090,61.22,119.00,0.010761
130.4650,5.9090,61.22,119.00,0.009774
130.5419,5.9090,61.22,119.00,0.009495
130.6175,5.9090,62.03,119.50,0.009444
130.6963,5.9090,61.49,120.00,0.010089
130.7764,5.8550,61.49,120.00,0.010056
130.8551,5.8550,61.49,119.50,0.009933
130.9328,5.8550,61.49,119.00,0.010020
131.0141,5.8550,61.22,119.00,0.009983
131.0916,5.8550,61.22,119.50,0.010415
131.1732,5.8550,61.49,120.00,0.010425
131.2524,5.8550,61.22,120.00,0.010176
131.3316,5.8550,61.22,120.00,0.010095
131.4087,5.8550,61.76,120.00,0.010412
131.4877,5.8550,61.49,120.00,0.010017
131.5646,5.8550,62.30,120.00,0.010309
131.6454,5.8550,61.22,120.00,0.010006
131.7230,5.8550,61.76,120.00,0.010536
131.8009,5.9660,61.49,120.00,0.009532
131.8764,5.9660,61.49,120.00,0.009457
131.9552,5.9660,61.22,120.00,0.009904
132.0327,5.9660,61.49,120.00,0.010226
132.1138,5.9660,61.22,120.00,0.010360
132.1898,5.9660,61.76,120.00,0.009388
132.2673,5.9660,61.76,119.50,0.009904
132.3453,5.9660,61.76,119.50,0.009651
132.4226,5.9660,61.76,119.00,0.009728
132.5005,5.9660,61.76,119.00,0.010566
132.5792,5.9660,61.22,119.00,0.010170
132.6564,5.9660,61.22,119.00,0.009833
132.7347,5.9660,61.49,119.00,0.009587
132.8125,5.9660,61.49,119.00,0.009713
132.8901,5.9660,61.49,120.00,0.009437
132.9672,5.9660,61.22,120.00,0.010284
133.0474,5.8930,61.49,119.00,0.010694
133.1242,5.8930,61.22,119.50,0.010213
133.2051,5.8930,61.22,119.00,0.010438
133.2827,5.8930,61.49,119.00,0.010355
133.3613,5.8930,61.49,119.00,0.010262
133.4390,5.8930,61.49,120.00,0.009992
133.5205,5.8930,61.22,120.00,0.010439
133.6022,5.8930,61.22,120.00,0.010033
133.6829,5.8930,60.95,120.00,0.010316
133.7628,5.9200,61.49,120.00,0.010408
133.8442,5.9470,61.22,120.00,0.010295
133.9238,5.9470,61.76,120.00,0.010063
134.0046,5.9470,61.22,120.00,0.009663
134.0822,5.9470,61.76,120.00,0.009868
134.1615,5.9470,61.49,119.00,0.010791
134.2393,5.9470,62.03,119.50,0.010487
134.3181,5.9470,61.49,119.00,0.009827
134.3955,5.9470,61.22,119.00,0.009791
134.4743,5.9470,61.22,119.00,0.009828
134.5565,5.9470,61.76,119.00,0.010397
134.6373,5.9470,60.69,119.00,0.010160
134.7152,5.9470,61.22,119.00,0.010665
134.7941,5.8550,61.49,119.00,0.009505
134.8736,5.8550,61.22,119.50,0.010132
134.9507,5.8550,61.22,120.00,0.009677
135.0275,5.8550,61.22,119.50,0.010205
135.1055,5.8550,61.22,120.00,0.010245
135.1832,5.8550,62.03,119.00,0.010378
135.2641,5.8550,61.49,119.00,0.010408
135.3429,5.8550,61.22,120.00,0.009794
135.4243,5.8550,61.49,119.50,0.010170
135.5035,5.8550,61.76,120.00,0.009694
135.5804,5.8550,61.22,120.00,0.009497
135.6558,5.8550,61.22,120.00,0.009715
135.7353,5.8550,61.49,120.00,0.009564
135.8154,5.9280,61.49,120.00,0.010120
135.8965,5.9280,61.76,120.00,0.010241
135.9764,5.9280,61.76,120.00,0.010560
136.0569,5.9280,61.22,120.00,0.009781
136.1361,5.9280,61.22,120.00,0.009585
136.2172,5.9280,61.49,120.00,0.010240
136.2993,5.9280,61.22,119.50,0.010836
136.3803,5.9280,61.49,119.00,0.010482
136.4587,5.9280,61.22,120.00,0.009459
136.5362,5.9280,61.49,120.00,0.009644
136.6157,5.9280,61.76,119.00,0.010040
136.6959,5.9280,61.22,119.00,0.009593
136.7721,5.9280,61.49,119.00,0.009866
136.8524,5.9280,61.49,119.00,0.009626
136.9319,5.9280,61.22,119.50,0.010556
137.0125,5.9510,61.22,120.00,0.009386
137.0887,5.9510,61.22,120.00,0.009638
137.1684,5.9510,61.49,120.00,0.009445
137.2476,5.9510,61.49,120.00,0.009883
137.3274,5.9510,61.76,120.00,0.010482
137.4050,5.9510,61.22,120.00,0.010059
137.4881,5.9510,61.22,120.00,0.009924
137.5663,5.9510,61.76,120.00,0.009403
137.6445,5.9510,61.76,120.00,0.009945
137.7258,5.9355,61.49,120.00,0.010511
137.8058,5.9200,61.49,120.00,0.010722
137.8832,5.9200,61.22,120.00,0.010236
137.9628,5.9200,61.22,120.00,0.010245
138.0427,5.9200,62.03,120.00,0.010092
138.1237,5.9200,61.76,120.00,0.010125
138.2038,5.9200,61.22,120.00,0.009977
138.2850,5.9200,61.49,119.50,0.009692
138.3630,5.9200,61.22,119.00,0.010077
138.4443,5.9200,61.22,119.00,0.010477
138.5239,5.9200,61.22,119.50,0.010238
138.6047,5.9200,61.22,119.00,0.009562
138.6828,5.9200,61.49,119.00,0.009454
138.7604,5.9200,61.76,119.00,0.009407
138.8399,5.9390,61.49,119.00,0.010287
138.9204,5.9390,61.49,119.00,0.009630
138.9994,5.9390,61.22,120.00,0.009720
139.0786,5.9390,61.49,120.00,0.010384
139.1579,5.9390,61.76,120.00,0.010345
139.2361,5.9390,61.49,120.00,0.010043
139.3155,5.9390,61.22,120.00,0.009933
139.3965,5.9390,61.76,120.00,0.010153
139.4756,5.9390,61.22,120.00,0.010242
139.5557,5.9390,61.49,120.00,0.009956
139.6356,5.9390,61.22,120.00,0.010254
139.7161,5.9390,61.49,120.00,0.009805
139.7957,5.9390,61.49,120.00,0.010202
139.8771,5.9390,61.22,120.00,0.010288
139.9530,5.9390,61.76,120.00,0.009914
140.0321,5.9390,61.49,120.00,0.009614
140.1074,5.9390,61.76,120.00,0.009572
140.1878,5.9390,61.49,120.00,0.010508
140.2652,5.9390,61.49,120.00,0.009950
140.3472,5.9390,61.22,120.00,0.010599
140.4247,5.9390,61.22,120.00,0.010018
140.5030,5.9390,61.49,120.00,0.009935
140.5799,5.9390,61.49,120.00,0.010019
140.6589,5.9390,61.76,119.50,0.009943
140.7389,5.9390,61.22,119.00,0.010478
140.8172,5.9390,61.49,119.50,0.010102
140.8950,5.9390,61.49,119.50,0.010537
140.9761,5.9390,61.49,119.00,0.010153
141.0556,5.9390,61.22,119.00,0.010349
141.1363,5.9390,61.22,119.00,0.010260
141.2159,5.9485,61.49,120.00,0.010004
141.2977,5.9580,61.22,120.00,0.010454
141.3768,5.9580,61.22,120.00,0.009786
141.4561,5.9580,61.49,120.00,0.010415
141.5359,5.9580,61.22,120.00,0.010581
141.6148,5.9580,61.22,120.00,0.010447
141.6941,5.9580,61.49,120.00,0.010272
141.7732,5.8440,61.49,120.00,0.009476
141.8532,5.8440,61.49,120.00,0.010629
141.9323,5.8440,61.49,120.00,0.010351
142.0117,5.8440,61.22,120.00,0.010268
142.0913,5.8440,61.22,120.00,0.009564
142.1666,5.8440,61.22,120.00,0.009387
142.2441,5.8440,61.49,120.00,0.009527
142.3232,5.8440,60.95,120.00,0.010137
142.4044,5.8440,61.22,120.00,0.009664
142.4839,5.8440,61.49,120.00,0.009876
142.5647,5.8440,61.49,120.00,0.010120
142.6453,5.8440,61.22,120.00,0.010457
142.7238,5.8440,61.22,119.50,0.009578
142.7996,5.8440,61.49,119.50,0.009589
142.8797,5.8440,61.22,119.00,0.009908
142.9566,5.7940,61.22,119.00,0.009789
143.0358,5.7940,61.22,119.00,0.010234
143.1131,5.7940,61.22,119.00,0.010154
143.1924,5.7940,62.03,120.00,0.010325
143.2729,5.7940,61.76,120.00,0.010933
143.3527,5.7940,61.49,119.00,0.010524
143.4322,5.7940,61.76,119.50,0.009979
143.5117,5.7940,61.22,119.50,0.010153
143.5913,5.7940,61.49,119.00,0.010507
143.6724,5.7940,61.49,119.00,0.010503
143.7514,5.8570,61.22,119.50,0.010176
143.8332,5.9200,61.22,120.00,0.010176
143.9116,5.9200,61.22,120.00,0.010547
143.9912,5.9200,61.49,120.00,0.010590
144.0685,5.9200,61.76,119.50,0.010759
144.1492,5.9200,61.49,119.00,0.010010
144.2260,5.9200,61.22,119.00,0.009482
144.3049,5.9200,61.49,119.50,0.009959
144.3854,5.9200,62.03,119.00,0.010484
144.4667,5.9200,61.49,119.00,0.010679
144.5459,5.9200,61.49,119.50,0.010261
144.6230,5.9200,61.49,119.00,0.009562
144.7010,5.9200,61.76,119.50,0.009536
144.7805,5.9200,61.22,119.00,0.009793
144.8613,5.9105,61.49,119.00,0.010157
144.9454,5.9010,61.22,119.00,0.010131
145.0249,5.9010,61.22,119.00,0.010040
145.1054,5.9010,61.22,119.50,0.009971
145.1821,5.9010,61.76,119.50,0.009650
145.2610,5.9010,61.22,119.00,0.009830
145.3379,5.9010,61.22,119.00,0.009657
145.4161,5.9010,61.22,119.50,0.009704
145.4961,5.9010,61.49,120.00,0.010426
145.5788,5.9010,61.49,120.00,0.010048
145.6584,5.9010,61.49,120.00,0.009737
145.7380,5.8990,61.49,120.00,0.010704
145.8150,5.8970,61.49,120.00,0.009798
145.8918,5.8970,61.49,120.00,0.009564
145.9680,5.8970,61.76,120.00,0.009961
146.0522,5.8970,61.22,120.00,0.010538
146.1348,5.8970,61.49,120.00,0.010369
146.2166,5.8970,61.22,120.00,0.010499
146.2963,5.8970,61.49,120.00,0.010163
146.3804,5.8970,61.22,120.00,0.010229
146.4590,5.8970,61.22,120.00,0.010497
146.5405,5.8970,61.22,119.50,0.009899
146.6174,5.8970,61.22,119.00,0.010169
146.6989,5.8970,61.76,119.00,0.010144
146.7769,5.9660,61.49,119.00,0.010108
146.8583,5.9660,61.49,119.00,0.010352
146.9355,5.9660,61.49,119.00,0.010829
147.0167,5.9660,61.22,119.50,0.010214
147.0943,5.9660,61.49,120.00,0.009962
147.1728,5.9660,61.49,120.00,0.009703
147.2502,5.9660,61.22,120.00,0.010210
147.3292,5.9660,61.22,119.50,0.010121
147.4069,5.9660,62.03,119.00,0.010288
147.4884,5.9660,61.49,120.00,0.010187
147.5670,5.9660,61.22,120.00,0.009519
147.6443,5.9660,61.22,120.00,0.009576
147.7203,5.9660,61.49,120.00,0.009605
147.8001,5.9660,61.22,120.00,0.009774
147.8802,5.9310,61.22,120.00,0.009974
147.9619,5.9310,61.49,120.00,0.010443
148.0391,5.9310,61.22,120.00,0.010170
148.1178,5.9310,61.22,120.00,0.010090
148.1981,5.9310,61.76,120.00,0.010533
148.2751,5.9310,61.76,120.00,0.009683
148.3505,5.9310,61.49,120.00,0.009684
148.4284,5.9310,61.49,120.00,0.009600
148.5075,5.9310,61.22,120.00,0.010523
148.5866,5.9310,61.22,120.00,0.010361
148.6637,5.9310,61.22,120.00,0.010212
148.7450,5.9370,62.03,120.00,0.010196
148.8234,5.9430,61.22,119.50,0.010436
148.9046,5.9430,61.22,119.00,0.010310
148.9857,5.9430,61.49,119.00,0.010324
149.0670,5.9430,61.49,119.00,0.009994
149.1444,5.9430,61.76,120.00,0.009723
149.2286,5.9430,61.76,120.00,0.010651
149.3069,5.9430,61.22,120.00,0.010367
149.3887,5.9430,61.76,119.50,0.010619
149.4667,5.9430,61.22,119.00,0.010164
149.5479,5.9430,61.49,120.00,0.009960
149.6286,5.9430,61.22,120.00,0.010725
149.7081,5.9430,61.49,120.00,0.010427
149.7884,5.9350,61.49,120.00,0.010396
149.8686,5.9350,61.49,120.00,0.010567
149.9492,5.9350,61.22,120.00,0.010335
150.0284,5.9350,61.22,120.00,0.010058
150.1085,5.9350,62.03,120.00,0.010610
150.1911,5.9350,61.49,120.00,0.010670
150.2693,5.9350,61.76,120.00,0.009997
150.3509,5.9350,60.95,120.00,0.010266
150.4310,5.9350,61.49,120.00,0.010324
150.5106,5.9350,61.22,120.00,0.009804
150.5934,5.9350,61.22,120.00,0.010301
150.6751,5.9350,61.22,120.00,0.009738
150.7574,5.9160,61.22,120.00,0.010212
150.8392,5.8970,60.95,120.00,0.010317
150.9168,5.8970,61.49,120.00,0.009846
151.0000,5.8970,61.49,120.00,0.010440
151.0800,5.8970,61.49,120.00,0.010308
151.1614,5.8970,61.22,120.00,0.010452
151.2403,5.8970,61.22,120.00,0.010777
151.3222,5.8970,61.49,120.00,0.010169
151.4008,5.8970,61.49,120.00,0.010578
151.4804,5.8970,61.76,120.00,0.010169
151.5590,5.8970,61.22,120.00,0.010241
151.6409,5.8970,61.22,120.00,0.010805
151.7222,5.8970,61.22,120.00,0.010010
151.8083,5.8930,61.22,120.00,0.010741
151.8931,5.8930,61.49,119.00,0.009985
151.9804,5.8930,61.76,119.50,0.010477
152.0586,5.8930,61.49,119.00,0.009663
152.1356,5.8930,61.22,119.00,0.009469
152.2122,5.8930,61.22,119.00,0.009881
152.2973,5.8930,61.76,119.50,0.010632
152.3793,5.8930,61.49,120.00,0.010163
152.4610,5.8930,61.49,120.00,0.010321
152.5436,5.8930,61.49,120.00,0.010410
152.6277,5.8930,61.22,120.00,0.010463
152.7108,5.8930,61.49,120.00,0.010160
152.7968,5.9200,61.22,120.00,0.010596
152.8761,5.9200,61.76,120.00,0.010668
152.9597,5.9200,61.22,120.00,0.010157
153.0398,5.9200,61.49,120.00,0.010265
153.1239,5.9200,61.49,120.00,0.010428
153.2015,5.9200,61.49,120.00,0.010663
153.2805,5.9200,61.76,120.00,0.010409
153.3604,5.9200,61.22,120.00,0.010239
153.4407,5.9200,61.49,120.00,0.009594
153.5192,5.9200,61.22,120.00,0.009911
153.5965,5.9200,61.49,120.00,0.009642
153.6757,5.9200,61.22,120.00,0.010356
153.7541,5.9200,61.22,120.00,0.009794
153.8301,5.9200,61.22,120.00,0.009565
153.9079,5.9200,61.76,119.00,0.010033
153.9894,5.9200,61.49,119.00,0.010375
154.0720,5.9200,61.49,119.00,0.010248
154.1494,5.9200,61.22,119.00,0.010418
154.2282,5.9200,61.49,119.00,0.010620
154.3074,5.9200,61.22,119.50,0.010261
154.3851,5.9200,61.49,120.00,0.009398
154.4607,5.9200,61.22,120.00,0.009388
154.5426,5.9200,61.49,120.00,0.009897
154.6179,5.9200,61.76,120.00,0.009577
154.6969,5.9200,61.76,120.00,0.010186
154.7763,5.9200,61.22,119.50,0.010191
154.8575,5.8915,61.22,119.00,0.010304
154.9354,5.8630,60.95,119.00,0.010384
155.0145,5.8630,61.22,119.00,0.010119
155.0919,5.8630,61.49,119.00,0.010567
155.1717,5.8630,61.76,119.00,0.009803
155.2473,5.8630,61.22,119.00,0.009773
155.3244,5.8630,61.22,120.00,0.009523
155.4021,5.8630,61.76,120.00,0.009717
155.4792,5.8630,61.49,119.50,0.009695
155.5566,5.8630,61.49,119.50,0.010530
155.6349,5.8630,61.22,119.00,0.010223
155.7126,5.8630,61.22,119.50,0.010783
155.7921,5.8630,61.49,119.00,0.010213
155.8725,5.8630,61.22,119.00,0.010494
155.9565,5.8630,61.49,119.00,0.011036
156.0358,5.8630,61.49,119.00,0.009990
156.1196,5.8630,61.76,119.00,0.010198
156.2002,5.8630,61.49,119.00,0.010981
156.2817,5.8630,61.76,119.00,0.010423
156.3594,5.8630,61.49,119.50,0.010346
156.4434,5.8630,62.03,120.00,0.010056
156.5215,5.8630,61.22,120.00,0.010491
156.6004,5.8630,61.22,120.00,0.010235
156.6800,5.8630,61.22,120.00,0.010057
156.7609,5.8630,61.22,120.00,0.010079
156.8393,5.8800,61.49,120.00,0.010764
156.9236,5.8970,61.22,120.00,0.009783
157.0040,5.8970,61.76,120.00,0.010402
157.0831,5.8970,61.22,120.00,0.010586
157.1607,5.8970,61.49,120.00,0.010448
157.2400,5.8970,61.22,120.00,0.010086
157.3198,5.8970,61.22,120.00,0.010298
157.4012,5.8970,61.76,120.00,0.010156
157.4771,5.8970,61.49,120.00,0.009420
157.5568,5.8970,61.49,120.00,0.009606
157.6354,5.8970,61.76,119.50,0.009962
157.7158,5.8970,61.22,119.00,0.010348
157.7956,5.9730,61.76,119.50,0.010512
157.8743,5.9730,61.49,119.00,0.010042
157.9516,5.9730,61.22,119.00,0.010059
158.0336,5.9730,61.49,119.00,0.010366
158.1111,5.9730,61.22,119.00,0.010315
158.1919,5.9730,61.22,119.50,0.010092
158.2716,5.9730,61.22,119.50,0.010242
158.3523,5.9730,61.22,119.00,0.010133
158.4320,5.9730,61.49,119.00,0.010828
158.5130,5.9730,61.76,119.50,0.010260
158.5905,5.9730,61.22,120.00,0.009990
158.6720,5.9730,61.49,120.00,0.010541
158.7516,5.9425,61.49,120.00,0.010264
158.8309,5.9120,61.49,120.00,0.010310
158.9098,5.9120,61.76,120.00,0.009872
158.9909,5.9120,61.49,120.00,0.010226
159.0680,5.9120,62.03,120.00,0.010035
159.1492,5.9120,61.22,120.00,0.010894
159.2274,5.9120,61.76,120.00,0.010580
159.3081,5.9120,61.49,120.00,0.009906
159.3881,5.9120,61.49,120.00,0.010578
159.4719,5.9120,61.49,120.00,0.010396
159.5510,5.9120,61.49,120.00,0.010154
159.6322,5.9120,61.22,120.00,0.010622
159.7117,5.9120,61.76,120.00,0.010229
159.7917,5.9120,61.76,120.00,0.009433
159.8718,5.9120,61.49,120.00,0.010603
159.9524,5.9120,61.22,120.00,0.009859
160.0317,5.9120,62.03,119.00,0.010092
160.1125,5.9120,61.49,119.50,0.009910
160.1907,5.9120,61.22,119.50,0.010112
160.2718,5.9120,61.76,119.00,0.010237
160.3536,5.9120,61.49,119.50,0.010595
160.4312,5.9120,61.49,119.00,0.009732
160.5096,5.9120,61.49,119.50,0.010180
160.5918,5.9120,62.03,119.00,0.010106
160.6688,5.9120,61.76,120.00,0.010127
160.7467,5.9120,61.76,120.00,0.009486
160.8233,5.9120,61.22,120.00,0.010391
160.9038,5.9120,61.49,120.00,0.010293
160.9839,5.9120,61.49,120.00,0.010558
161.0677,5.8930,62.03,120.00,0.010195
161.1471,5.8930,61.49,120.00,0.009769
161.2241,5.8930,61.22,120.00,0.009700
161.2995,5.8930,62.03,120.00,0.009558
161.3795,5.8930,61.49,120.00,0.009767
161.4568,5.8930,61.22,120.00,0.010362
161.5358,5.8930,61.49,120.00,0.010340
161.6134,5.8930,61.22,120.00,0.010469
161.6927,5.8930,61.49,120.00,0.010438
161.7705,5.9850,61.22,120.00,0.010048
161.8520,5.9850,61.49,120.00,0.010541
161.9293,5.9850,61.49,120.00,0.010240
162.0083,5.9850,61.49,120.00,0.010259
162.0902,5.9850,61.49,120.00,0.010442
162.1716,5.9850,62.03,120.00,0.010144
162.2507,5.9850,61.49,120.00,0.009638
162.3322,5.9850,61.76,119.50,0.010665
162.4114,5.9850,61.22,120.00,0.010324
162.4927,5.9850,61.22,120.00,0.010034
162.5715,5.9850,61.49,120.00,0.009816
162.6527,5.9850,61.22,120.00,0.010005
162.7323,5.9470,61.76,120.00,0.010223
162.8118,5.9090,61.22,120.00,0.010211
162.8908,5.9090,61.22,120.00,0.009916
162.9680,5.9090,61.49,120.00,0.009441
163.0463,5.9090,61.49,120.00,0.009706
163.1240,5.9090,61.49,120.00,0.009479
163.2015,5.9090,61.49,120.00,0.010478
163.2809,5.9090,61.22,120.00,0.010168
163.3578,5.9090,61.22,120.00,0.009348
163.4351,5.9090,61.49,120.00,0.009551
163.5130,5.9090,62.03,120.00,0.009605
163.5911,5.9090,61.49,120.00,0.010149
163.6706,5.9090,61.49,120.00,0.010110
163.7527,5.8820,61.49,120.00,0.010572
163.8333,5.8550,61.49,120.00,0.010432
163.9128,5.8550,61.76,120.00,0.010125
163.9915,5.8550,62.03,120.00,0.010249
164.0757,5.8550,61.49,120.00,0.010310
164.1556,5.8550,61.22,120.00,0.010425
164.2361,5.8550,61.49,120.00,0.010444
164.3153,5.8550,61.22,120.00,0.009961
164.3961,5.8550,60.95,120.00,0.010119
164.4760,5.8550,60.95,120.00,0.010565
164.5567,5.8550,61.76,120.00,0.010043
164.6369,5.8550,61.76,120.00,0.010696
164.7157,5.8550,61.49,120.00,0.010230
164.7953,5.8440,62.03,120.00,0.009930
164.8763,5.8440,61.22,120.00,0.010456
164.9560,5.8440,61.49,120.00,0.010497
165.0394,5.8440,61.22,120.00,0.010231
165.1201,5.8440,61.49,120.00,0.010551
165.2056,5.8440,61.49,120.00,0.010256
165.2870,5.8440,61.22,120.00,0.010988
165.3692,5.8440,61.49,120.00,0.010550
165.4514,5.8440,61.49,120.00,0.010305
165.5389,5.8440,61.49,120.00,0.010342
165.6214,5.8440,61.76,120.00,0.010314
165.7060,5.8440,61.76,120.00,0.010319
165.7920,5.8780,61.49,120.00,0.010690
165.8770,5.8780,61.22,120.00,0.010777
165.9564,5.8780,61.22,120.00,0.009880
166.0443,5.8780,61.49,120.00,0.010467
166.1278,5.8780,61.49,120.00,0.010441
166.2131,5.8780,61.22,120.00,0.010725
166.2976,5.8780,62.03,120.00,0.010741
166.3828,5.8780,61.76,120.00,0.010282
166.4677,5.8780,61.22,120.00,0.010103
166.5507,5.8780,61.49,120.00,0.010073
166.6363,5.8780,61.49,120.00,0.010533
166.7221,5.8780,61.49,120.00,0.011295
166.8083,5.7290,61.22,120.00,0.010858
166.8915,5.7290,61.49,120.00,0.010967
166.9734,5.7290,61.22,120.00,0.010334
167.0604,5.7290,61.49,120.00,0.009675
167.1379,5.7290,60.95,120.00,0.009743
167.2160,5.7290,61.49,120.00,0.009742
167.2945,5.7290,61.49,120.00,0.009568
167.3728,5.7290,61.22,120.00,0.009460
167.4514,5.7290,61.49,120.00,0.009627
167.5335,5.7290,61.22,120.00,0.010435
167.6163,5.7290,61.22,120.00,0.010927
167.7010,5.7290,61.22,120.00,0.010617
167.7828,5.8700,61.22,120.00,0.010475
167.8694,5.8700,61.49,120.00,0.010087
167.9558,5.8700,60.95,120.00,0.012366
168.0430,5.8700,61.22,120.00,0.010121
168.1268,5.8700,61.76,120.00,0.010403
168.2116,5.8700,61.22,120.00,0.010290
168.2970,5.8700,61.76,120.00,0.010887
168.3821,5.8700,61.22,120.00,0.010732
168.4621,5.8700,61.49,120.00,0.010748
168.5491,5.8700,61.76,120.00,0.010475
168.6320,5.8700,61.22,120.00,0.010641
168.7158,5.8700,61.76,120.00,0.009745
168.7918,5.8700,61.76,120.00,0.009432
168.8701,5.8700,61.49,120.00,0.009370
168.9521,5.8950,61.22,120.00,0.010919
169.0399,5.9200,61.22,120.00,0.010462
169.1154,5.9200,61.22,120.00,0.009725
169.1956,5.9200,61.22,120.00,0.009774
169.2751,5.9200,61.22,120.00,0.009698
169.3593,5.9200,61.49,120.00,0.010687
169.4423,5.9200,61.49,120.00,0.010522
169.5281,5.9200,61.49,120.00,0.010660
169.6104,5.9200,61.49,120.00,0.009943
169.6954,5.9200,61.22,120.00,0.010612
169.7802,5.8700,61.76,120.00,0.010849
169.8647,5.8700,61.22,120.00,0.010864
169.9488,5.8700,61.22,120.00,0.010085
170.0366,5.8700,61.49,120.00,0.010836
170.1189,5.8700,61.22,120.00,0.010066
170.2050,5.8700,61.49,120.00,0.010648
170.2878,5.8700,61.76,120.00,0.010327
170.3709,5.8700,61.22,120.00,0.010579
170.4553,5.8700,61.22,120.00,0.010402
170.5396,5.8700,61.22,120.00,0.010175
170.6179,5.8700,61.22,120.00,0.009472
170.6960,5.8700,61.49,120.00,0.009560
170.7724,5.8700,61.22,120.00,0.009731
170.8521,5.8700,61.49,120.00,0.010748
170.9370,5.7710,61.22,120.00,0.010107
171.0153,5.7710,61.49,120.00,0.009442
171.0918,5.7710,61.76,120.00,0.009626
171.1719,5.7710,61.22,120.00,0.009687
171.2532,5.7710,61.76,120.00,0.010136
171.3393,5.7710,61.22,120.00,0.010559
171.4236,5.7710,61.22,120.00,0.010498
171.5085,5.7710,61.22,120.00,0.011074
171.5890,5.7710,61.49,120.00,0.010327
171.6736,5.7710,61.49,120.00,0.010435
171.7567,5.7460,61.76,120.00,0.011001
171.8421,5.7210,61.22,120.00,0.010891
171.9267,5.7210,61.22,120.00,0.010606
172.0088,5.7210,61.49,120.00,0.010255
172.0937,5.7210,61.22,120.00,0.010178
172.1798,5.7210,61.22,120.00,0.009966
172.2653,5.7210,61.22,120.00,0.010883
172.3506,5.7210,61.49,120.00,0.010598
172.4278,5.7210,61.22,120.00,0.009820
172.5082,5.7210,61.49,120.00,0.009402
172.5884,5.7210,61.76,120.00,0.010030
172.6721,5.7210,61.76,120.00,0.010831
172.7576,5.7920,61.22,120.00,0.010447
172.8371,5.8630,61.22,120.00,0.009579
172.9155,5.8630,61.49,120.00,0.009854
172.9953,5.8630,61.76,120.00,0.010191
173.0709,5.8630,61.49,120.00,0.009449
173.1487,5.8630,61.22,120.00,0.009732
173.2269,5.8630,61.49,120.00,0.009746
173.3075,5.8630,61.22,120.00,0.009572
173.3871,5.8630,61.76,120.00,0.010655
173.4740,5.8630,61.49,120.00,0.010698
173.5598,5.8630,61.22,120.00,0.011019
173.6446,5.8630,61.76,120.00,0.011036
173.7247,5.7885,61.22,120.00,0.010362
173.8057,5.7140,61.49,120.00,0.010380
173.8850,5.7140,61.49,120.00,0.009906
173.9663,5.7140,61.49,120.00,0.009950
174.0439,5.7140,61.49,120.00,0.009781
174.1276,5.7140,61.49,120.00,0.009654
174.2078,5.7140,61.22,120.00,0.010394
174.2911,5.7140,61.22,120.00,0.010142
174.3679,5.7140,61.22,120.00,0.010367
174.4514,5.7140,61.22,120.00,0.009768
174.5272,5.7140,61.22,120.00,0.009943
174.6040,5.7140,61.22,120.00,0.009546
174.6797,5.7140,61.49,120.00,0.009733
174.7591,5.7140,61.49,120.00,0.009548
174.8347,5.7140,61.76,120.00,0.009666
174.9129,5.7140,61.22,120.00,0.010057
174.9934,5.9160,61.22,120.00,0.010536
175.0742,5.9160,61.22,120.00,0.010113
175.1514,5.9160,61.49,119.50,0.009725
175.2297,5.9160,61.22,120.00,0.010016
175.3074,5.9160,61.22,119.00,0.010109
175.3861,5.9160,61.22,119.00,0.010201
175.4633,5.9160,61.49,119.50,0.010230
175.5439,5.9160,61.22,119.00,0.010283
175.6234,5.9160,61.76,119.50,0.010194
175.7045,5.9160,61.49,120.00,0.010161
175.7839,5.9470,61.49,120.00,0.009876
175.8634,5.9470,61.22,119.50,0.009778
175.9394,5.9470,61.49,119.00,0.009597
176.0194,5.9470,61.49,120.00,0.009985
176.0965,5.9470,61.22,120.00,0.009804
176.1753,5.9470,62.03,120.00,0.009706
176.2527,5.9470,61.22,120.00,0.010086
176.3341,5.9470,61.22,119.50,0.010618
176.4117,5.9470,61.22,119.00,0.010388
176.4906,5.9470,61.76,119.50,0.010087
176.5678,5.9470,61.49,120.00,0.010011
176.6469,5.9470,61.49,120.00,0.010083
176.7244,5.9470,61.76,120.00,0.010366
176.8061,6.0000,61.22,120.00,0.009579
176.8839,6.0000,61.49,120.00,0.010112
176.9613,6.0000,61.49,120.00,0.009841
177.0388,6.0000,61.22,120.00,0.009395
177.1165,6.0000,61.49,120.00,0.009465
177.1955,6.0000,61.49,120.00,0.009873
177.2722,6.0000,61.76,120.00,0.009357
177.3500,6.0000,61.22,120.00,0.009520
177.4282,6.0000,61.76,120.00,0.009518
177.5078,6.0000,61.49,120.00,0.010126
177.5866,6.0000,61.49,120.00,0.010009
177.6646,6.0000,61.49,120.00,0.010593
177.7440,5.9315,61.76,120.00,0.010206
177.8233,5.8630,61.22,120.00,0.010036
177.9044,5.8630,61.22,120.00,0.010063
177.9848,5.8630,61.49,120.00,0.010748
178.0644,5.8630,61.22,120.00,0.010445
178.1462,5.8630,61.76,120.00,0.009915
178.2271,5.8630,61.49,120.00,0.009768
178.3049,5.8630,62.03,120.00,0.009774
178.3847,5.8630,61.22,120.00,0.010690
178.4643,5.8630,61.49,120.00,0.010288
178.5437,5.8630,61.49,120.00,0.010196
178.6197,5.8630,61.76,120.00,0.009565
178.7004,5.8630,61.76,120.00,0.010293
178.7799,5.8630,61.49,120.00,0.010232
178.8640,5.9200,61.22,120.00,0.010164
178.9446,5.9200,61.22,120.00,0.010445
179.0264,5.9200,61.76,120.00,0.010338
179.1042,5.9200,61.49,120.00,0.010283
179.1866,5.9200,61.76,120.00,0.010342
179.2642,5.9200,61.22,120.00,0.009882
179.3450,5.9200,61.22,120.00,0.009847
179.4252,5.9200,61.22,120.00,0.010025
179.5069,5.9200,61.76,120.00,0.010618
179.5844,5.9200,61.49,120.00,0.010226
179.6650,5.9200,61.49,120.00,0.010071
179.7449,5.8935,61.22,119.50,0.010680
179.8249,5.8670,61.22,120.00,0.010461
179.9049,5.8670,61.22,120.00,0.010445
179.9875,5.8670,61.49,120.00,0.010927
180.0664,5.8670,61.49,120.00,0.009637
180.1458,5.8670,61.49,120.00,0.010468
180.2223,5.8670,61.49,120.00,0.009689
180.3039,5.8670,61.49,120.00,0.010444
180.3807,5.8670,61.49,120.00,0.010216
180.4597,5.8670,61.49,120.00,0.010138
180.5369,5.8670,61.22,120.00,0.010103
180.6205,5.8670,61.49,120.00,0.010566
180.6994,5.8670,61.49,120.00,0.009808
180.7806,5.8470,61.49,120.00,0.009781
180.8603,5.8470,62.03,120.00,0.010262
180.9415,5.8470,61.22,120.00,0.010627
181.0189,5.8470,61.76,120.00,0.010490
181.1000,5.8470,61.22,120.00,0.010122
181.1798,5.8470,61.76,119.50,0.010347
181.2607,5.8470,61.22,119.50,0.009832
181.3382,5.8470,61.22,119.50,0.010165
181.4193,5.8470,61.49,119.00,0.009995
181.4990,5.8470,61.76,119.00,0.009790
181.5807,5.8470,62.03,120.00,0.010559
181.6600,5.8470,61.22,119.50,0.010442
181.7393,5.8470,61.49,119.50,0.009415
181.8153,5.8470,61.76,119.50,0.009663
181.8925,5.8470,61.22,119.00,0.009303
181.9723,5.8780,61.76,119.50,0.010112
182.0563,5.9090,61.49,120.00,0.010208
182.1339,5.9090,61.49,120.00,0.009316
182.2115,5.9090,61.49,120.00,0.009476
182.2926,5.9090,61.22,120.00,0.009686
182.3754,5.9090,61.49,120.00,0.010520
182.4529,5.9090,61.49,120.00,0.010168
182.5319,5.9090,61.49,120.00,0.010191
182.6139,5.9090,61.76,120.00,0.010161
182.6943,5.9090,61.49,120.00,0.009997
182.7725,5.9510,61.49,120.00,0.010576
182.8521,5.9510,61.22,120.00,0.010118
182.9324,5.9510,61.76,120.00,0.009855
183.0160,5.9510,61.22,120.00,0.009825
183.0922,5.9510,61.49,120.00,0.009846
183.1722,5.9510,61.49,120.00,0.009893
183.2510,5.9510,61.22,120.00,0.009749
183.3292,5.9510,61.22,120.00,0.010101
183.4067,5.9510,61.22,120.00,0.009759
183.4877,5.9510,61.76,120.00,0.010354
183.5646,5.9510,61.49,120.00,0.009869
183.6440,5.9510,61.22,120.00,0.010058
183.7259,5.9510,61.76,120.00,0.010284
183.8062,5.9160,61.49,119.50,0.009442
183.8839,5.9160,61.22,119.00,0.010158
183.9678,5.9160,61.76,119.00,0.010368
184.0478,5.9160,61.22,120.00,0.010323
184.1263,5.9160,61.22,120.00,0.009968
184.2042,5.9160,61.22,120.00,0.010348
184.2838,5.9160,61.49,120.00,0.010046
184.3632,5.9160,61.76,120.00,0.009978
184.4445,5.9160,61.76,120.00,0.010272
184.5207,5.9160,61.22,120.00,0.009382
184.5983,5.9160,61.49,120.00,0.009451
184.6738,5.9160,61.22,120.00,0.009495
184.7516,5.9160,61.22,120.00,0.009443
184.8322,5.8890,61.76,120.00,0.010618
184.9108,5.8890,61.22,120.00,0.010102
184.9882,5.8890,61.22,120.00,0.010413
185.0717,5.8890,61.76,120.00,0.010081
185.1513,5.8890,61.22,120.00,0.010152
185.2323,5.8890,61.49,120.00,0.010379
185.3116,5.8890,61.22,120.00,0.010279
185.3916,5.8890,61.22,120.00,0.009468
185.4673,5.8890,61.76,120.00,0.009480
185.5447,5.8890,61.76,120.00,0.009428
185.6203,5.8890,61.49,120.00,0.009472
185.6992,5.8890,61.76,120.00,0.010089
185.7772,5.9540,61.22,120.00,0.010078
185.8607,5.9540,61.22,120.00,0.010510
185.9401,5.9540,61.49,119.50,0.009864
186.0194,5.9540,61.22,119.00,0.009609
186.0958,5.9540,61.49,119.50,0.009977
186.1770,5.9540,61.49,119.00,0.009980
186.2548,5.9540,61.22,119.50,0.010341
186.3355,5.9540,61.49,120.00,0.010081
186.4124,5.9540,61.49,120.00,0.009794
186.4936,5.9540,61.22,120.00,0.009986
186.5719,5.9540,61.49,120.00,0.010255
186.6529,5.9540,61.22,120.00,0.010123
186.7342,5.9540,61.76,120.00,0.009673
186.8131,5.9540,61.49,120.00,0.009908
186.8907,5.9540,61.76,120.00,0.010033
186.9694,5.9540,61.22,120.00,0.010147
187.0489,5.9540,61.76,120.00,0.009722
187.1275,5.9540,61.49,120.00,0.009622
187.2053,5.9540,61.22,120.00,0.010704
187.2841,5.9540,61.49,120.00,0.010117
187.3638,5.9540,61.22,120.00,0.009903
187.4450,5.9540,61.49,120.00,0.010410
187.5236,5.9540,61.22,120.00,0.010511
187.6027,5.9540,61.49,120.00,0.010197
187.6790,5.9540,61.49,120.00,0.009410
187.7565,5.9540,61.49,120.00,0.009722
187.8372,5.9540,61.49,120.00,0.009677
187.9189,5.9540,61.22,120.00,0.010165
187.9995,5.9540,61.76,119.50,0.010682
188.0809,5.9540,61.76,119.50,0.010278
188.1584,5.9295,61.22,119.00,0.009791
188.2402,5.9050,61.76,119.00,0.010343
188.3192,5.9050,61.22,120.00,0.009969
188.3965,5.9050,62.03,120.00,0.009330
188.4746,5.9050,61.22,120.00,0.009731
188.5552,5.9050,61.49,121.00,0.009945
188.6358,5.9050,61.76,121.00,0.010993
188.7214,5.9050,61.49,121.00,0.009994
188.8002,5.9050,61.22,121.00,0.010069
188.8794,5.9050,61.22,121.00,0.010250
188.9567,5.9050,61.49,121.00,0.010704
189.0354,5.9050,61.49,121.00,0.010035
189.1135,5.9050,61.22,121.00,0.009956
189.1923,5.9050,61.22,121.00,0.010290
189.2717,5.9050,60.95,121.00,0.010376
189.3502,5.9050,61.49,121.00,0.010011
189.4273,5.9050,61.49,121.00,0.010247
189.5078,5.9050,61.49,121.00,0.009865
189.5875,5.9050,61.49,121.00,0.009871
189.6688,5.9050,61.22,121.00,0.010237
189.7479,5.9050,61.49,121.00,0.009830
189.8269,5.9050,61.22,121.00,0.010531
189.9041,5.9050,61.49,121.00,0.010425
189.9827,5.9050,61.49,121.00,0.009870
190.0596,5.9050,61.76,121.00,0.009963
190.1409,5.9050,61.22,121.00,0.011084
190.2196,5.9050,61.76,121.00,0.010020
190.2965,5.9050,61.22,121.00,0.009476
190.3742,5.9050,62.30,121.00,0.009607
190.4525,5.9070,61.22,121.00,0.009848
190.5315,5.9090,61.22,121.00,0.009857
190.6121,5.9090,61.76,121.00,0.009844
190.6906,5.9090,61.22,121.00,0.009623
190.7717,5.9160,61.49,121.00,0.009996
190.8473,5.9160,61.49,121.00,0.009681
190.9275,5.9160,61.22,121.00,0.010233
191.0065,5.9160,61.76,121.00,0.010148
191.0874,5.9160,61.22,121.00,0.010123
191.1648,5.9160,61.76,121.00,0.010795
191.2436,5.9160,61.49,121.00,0.010102
191.3228,5.9160,61.49,121.00,0.010277
191.4011,5.9160,61.49,121.00,0.010214
191.4783,5.9160,61.49,121.00,0.010210
191.5566,5.9160,61.49,121.00,0.009726
191.6356,5.9160,61.76,121.00,0.009985
191.7158,5.9160,62.03,121.00,0.010046
191.7958,5.9730,61.49,121.00,0.010586
191.8749,5.9730,61.76,121.00,0.010474
191.9531,5.9730,61.22,121.00,0.010547
192.0363,5.9730,61.76,121.00,0.010345
192.1156,5.9730,62.03,121.00,0.010319
192.1938,5.9730,62.30,121.00,0.009506
192.2695,5.9730,62.03,122.00,0.009601
192.3475,5.9730,61.49,122.00,0.009710
192.4239,5.9730,61.76,122.00,0.009896
192.5049,5.9730,61.22,122.00,0.010587
192.5834,5.9730,62.03,122.00,0.009869
192.6632,5.9730,61.76,122.00,0.009860
192.7422,5.9445,62.03,122.00,0.009414
192.8200,5.9160,61.49,122.00,0.009675
192.8958,5.9160,61.76,122.00,0.009669
192.9767,5.9160,61.22,122.00,0.010469
193.0561,5.9160,61.22,122.00,0.010087
193.1350,5.9160,61.49,122.00,0.010408
193.2117,5.9160,61.49,122.00,0.010125
193.2924,5.9160,61.22,122.00,0.010057
193.3698,5.9160,61.76,122.00,0.010189
193.4485,5.9160,61.76,122.00,0.010272
193.5275,5.9160,61.22,122.00,0.010461
193.6059,5.9160,62.03,122.00,0.009987
193.6828,5.9160,61.49,122.00,0.009956
193.7619,5.9465,61.22,122.00,0.010204
193.8417,5.9770,61.76,122.00,0.010404
193.9202,5.9770,61.49,122.00,0.010103
193.9991,5.9770,61.49,122.00,0.010249
194.0799,5.9770,61.76,122.00,0.010228
194.1568,5.9770,61.22,122.00,0.010003
194.2360,5.9770,61.76,122.00,0.010541
194.3157,5.9770,61.76,122.00,0.010196
194.3960,5.9770,61.49,122.00,0.010075
194.4712,5.9770,61.76,122.00,0.009832
194.5482,5.9770,61.49,122.00,0.009907
194.6256,5.9770,61.49,122.00,0.009729
194.7073,5.9770,61.22,122.00,0.009565
194.7868,5.8970,61.22,122.00,0.010116
194.8655,5.8970,61.49,122.00,0.010341
194.9405,5.8970,61.49,122.00,0.009716
195.0177,5.8970,61.49,122.00,0.009808
195.0957,5.8970,61.22,122.00,0.009604
195.1767,5.8970,62.03,122.00,0.009979
195.2554,5.8970,61.49,122.00,0.010320
195.3384,5.8970,61.76,122.00,0.009672
195.4152,5.8970,61.49,122.00,0.009930
195.4937,5.8970,61.22,122.00,0.010333
195.5701,5.8970,61.22,122.00,0.009809
195.6478,5.8970,61.22,122.00,0.009651
195.7286,5.8950,61.76,122.00,0.011187
195.8074,5.8930,61.22,122.00,0.010087
195.8844,5.8930,61.22,122.00,0.010407
195.9645,5.8930,61.76,122.00,0.009925
196.0440,5.8930,61.22,122.00,0.010100
196.1263,5.8930,61.49,122.00,0.009889
196.2033,5.8930,61.76,122.50,0.010041
196.2837,5.8930,61.49,123.00,0.010064
196.3600,5.8930,61.49,123.00,0.009897
196.4402,5.8930,62.03,123.00,0.009803
196.5196,5.8930,61.22,123.00,0.010279
196.5999,5.8930,61.49,123.00,0.010258
196.6788,5.8930,61.49,123.00,0.009932
196.7600,5.8930,61.22,123.00,0.010041
196.8369,5.8930,61.49,123.00,0.009885
196.9151,5.8930,61.22,123.00,0.010257
196.9919,5.8930,61.22,123.00,0.010091
197.0724,5.8930,61.22,123.00,0.010291
197.1501,5.8930,61.49,123.00,0.010234
197.2289,5.8930,61.76,123.00,0.010015
197.3078,5.8930,61.22,123.00,0.010068
197.3877,5.8930,61.22,123.00,0.010304
197.4673,5.8930,61.22,123.00,0.010474
197.5479,5.8930,61.49,123.00,0.010260
197.6265,5.8930,61.22,123.00,0.010377
197.7073,5.8930,61.49,123.00,0.010007
197.7876,5.9200,61.49,123.00,0.010500
197.8672,5.9200,60.95,123.00,0.010699
197.9483,5.9200,61.76,123.00,0.010369
198.0290,5.9200,61.49,123.00,0.009944
198.1061,5.9200,61.49,123.00,0.009955
198.1840,5.9200,62.03,123.00,0.009939
198.2637,5.9200,61.76,123.00,0.010705
198.3429,5.9200,61.49,123.00,0.009454
198.4176,5.9200,61.49,123.00,0.009543
198.4950,5.9200,61.22,123.00,0.009639
198.5739,5.9200,61.49,123.00,0.010228
198.6530,5.9200,61.22,123.00,0.010321
198.7347,5.9200,61.22,123.00,0.010257
198.8132,5.9200,61.22,123.00,0.010028
198.8925,5.9200,61.76,123.00,0.010282
198.9716,5.9200,62.03,123.00,0.010633
199.0487,5.9200,61.22,123.00,0.010402
199.1297,5.9200,61.76,123.00,0.009786
199.2069,5.9200,61.49,123.00,0.010243
199.2852,5.9200,61.76,123.00,0.010412
199.3607,5.9200,61.49,123.00,0.009639
199.4385,5.9200,61.49,123.00,0.009946
199.5139,5.9200,61.76,123.00,0.009573
199.5902,5.9200,61.49,123.00,0.009451
199.6661,5.9200,61.49,123.00,0.009698
199.7469,5.9200,61.49,123.00,0.010199
199.8258,5.9370,61.76,123.00,0.010106
199.9063,5.9540,61.76,123.00,0.009354
199.9841,5.9540,61.22,123.00,0.009847
200.0646,5.9540,61.49,123.00,0.010163
200.1434,5.9540,61.49,123.00,0.010230
200.2240,5.9540,62.03,123.00,0.010213
200.3030,5.9540,62.03,123.00,0.010112
200.3838,5.9540,61.22,123.00,0.010032
200.4630,5.9540,61.76,123.00,0.010057
200.5410,5.9540,61.49,123.00,0.010017
200.6185,5.9540,61.22,123.00,0.010114
200.6969,5.9540,61.49,123.00,0.010059
200.7761,6.0000,61.76,123.00,0.010363
200.8528,6.0000,61.22,123.00,0.009411
200.9283,6.0000,61.49,123.00,0.010106
201.0066,6.0000,61.49,123.00,0.009875
201.0843,6.0000,61.49,123.00,0.010208
201.1655,6.0000,61.49,123.00,0.009852
201.2436,6.0000,61.76,123.00,0.010490
201.3276,6.0000,61.22,123.00,0.013588
201.4252,6.0000,61.76,124.00,0.016226
201.5125,6.0000,61.76,124.00,0.011388
201.5990,6.0000,61.22,124.00,0.010707
201.6872,6.0000,61.76,124.00,0.010394
201.7741,5.9140,61.49,124.00,0.009979
201.8592,5.8280,61.76,124.00,0.009724
201.9345,5.8280,61.49,124.00,0.009580
202.0148,5.8280,61.76,124.00,0.009756
202.0974,5.8280,61.76,124.00,0.009846
202.1850,5.8280,61.22,124.00,0.009848
202.2681,5.8280,61.49,124.00,0.010829
202.3533,5.8280,61.22,124.00,0.010581
202.4334,5.8280,61.22,124.00,0.010456
202.5201,5.8280,61.22,124.00,0.010578
202.6048,5.8280,61.22,124.00,0.010649
202.6888,5.8280,62.30,124.00,0.010137
202.7699,5.7210,61.22,124.00,0.010627
202.8497,5.7210,61.22,124.00,0.010414
202.9274,5.7210,61.76,124.00,0.010155
203.0077,5.7210,62.03,124.00,0.010168
203.0850,5.7210,61.49,124.00,0.010451
203.1683,5.7210,61.76,124.00,0.010078
203.2497,5.7210,61.49,124.00,0.010106
203.3318,5.7210,61.76,124.00,0.009998
203.4115,5.7210,61.22,124.00,0.009673
203.4904,5.7210,61.49,124.00,0.009907
203.5701,5.7210,61.49,124.00,0.010712
203.6506,5.7210,61.76,124.00,0.009750
203.7274,5.7210,61.22,124.00,0.009757
203.8073,5.7210,61.49,124.00,0.009673
203.8842,5.7210,61.76,124.00,0.009808
203.9686,5.7210,61.22,124.00,0.010719
204.0523,5.7210,61.49,124.00,0.010548
204.1402,5.7210,61.49,124.00,0.010591
204.2259,5.7210,61.22,124.00,0.010523
204.3122,5.7210,61.22,124.00,0.010458
204.3943,5.7210,61.22,124.00,0.010484
204.4820,5.7210,61.22,124.00,0.010702
204.5664,5.7210,61.22,124.00,0.010432
204.6516,5.7210,61.49,124.00,0.010702
204.7375,5.7210,61.49,124.00,0.010574
204.8222,5.7210,61.22,124.00,0.009803
204.8995,5.7210,61.22,124.00,0.010370
204.9789,5.5920,61.22,124.00,0.009980
205.0566,5.5920,61.49,124.00,0.010405
205.1390,5.5920,62.03,124.00,0.010430
205.2164,5.5920,61.49,124.00,0.010184
205.3000,5.5920,61.49,124.00,0.010403
205.3808,5.5920,61.76,124.00,0.009970
205.4598,5.5920,61.49,124.00,0.009790
205.5391,5.5920,61.49,124.00,0.010039
205.6174,5.5920,61.22,124.00,0.010204
205.6949,5.5920,61.22,124.00,0.010339
205.7741,5.9050,61.76,124.00,0.010210
205.8525,5.9050,61.22,124.00,0.010670
205.9315,5.9050,61.49,124.00,0.010361
206.0076,5.9050,61.22,124.00,0.010060
206.0894,5.9050,61.49,124.00,0.010454
206.1663,5.9050,61.22,124.00,0.010128
206.2460,5.9050,62.03,124.00,0.010043
206.3235,5.9050,61.49,124.00,0.010457
206.4063,5.9050,62.30,124.00,0.009887
206.4887,5.9050,61.49,124.00,0.010165
206.5683,5.9050,61.76,124.00,0.010548
206.6487,5.9050,61.76,124.00,0.010475
206.7329,5.8665,61.49,124.00,0.011075
206.8130,5.8280,61.49,124.00,0.009860
206.8942,5.8280,61.22,124.00,0.009676
206.9749,5.8280,61.76,124.00,0.010392
207.0555,5.8280,61.49,124.00,0.010265
207.1348,5.8280,61.76,124.00,0.010010
207.2159,5.8280,62.03,124.00,0.010056
207.2958,5.8280,61.49,124.00,0.010196
207.3795,5.8280,61.22,124.00,0.010235
207.4590,5.8280,61.22,124.00,0.010543
207.5398,5.8280,61.22,124.00,0.010181
207.6154,5.8280,61.22,124.00,0.009728
207.6925,5.8280,61.49,124.00,0.009843
207.7699,5.8280,61.49,124.00,0.009526
207.8463,5.8280,61.76,124.00,0.009260
207.9264,5.8440,61.22,124.00,0.010025
208.0085,5.8440,61.76,124.00,0.010557
208.0854,5.8440,61.22,124.00,0.010415
208.1646,5.8440,61.76,124.00,0.010199
208.2437,5.8440,61.49,124.00,0.009762
208.3245,5.8440,61.49,124.00,0.009824
208.4010,5.8440,61.76,124.00,0.009784
208.4797,5.8440,61.22,124.00,0.010450
208.5564,5.8440,61.22,124.00,0.009859
208.6349,5.8440,61.22,124.00,0.009744
208.7120,5.8440,62.03,124.00,0.010133
208.7955,5.9470,61.49,124.00,0.010474
208.8730,5.9470,61.49,124.00,0.010328
208.9519,5.9470,61.76,124.00,0.009701
209.0295,5.9470,61.49,124.00,0.010390
209.1086,5.9470,61.49,124.00,0.010250
209.1866,5.9470,61.22,124.00,0.010264
209.2668,5.9470,61.22,124.00,0.010233
209.3441,5.9470,61.49,124.00,0.010669
209.4270,5.9470,61.22,124.00,0.010226
209.5040,5.9470,61.49,124.00,0.010507
209.5842,5.9470,61.22,124.00,0.010047
209.6636,5.9470,61.49,124.00,0.010417
209.7447,5.8970,61.49,124.00,0.010343
209.8254,5.8470,61.49,124.00,0.010273
209.9080,5.8470,61.76,124.00,0.009818
209.9876,5.8470,61.49,124.00,0.009912
210.0676,5.8470,61.49,124.00,0.009801
210.1481,5.8470,62.03,124.00,0.009810
210.2266,5.8470,61.49,124.00,0.010388
210.3037,5.8470,62.03,124.00,0.010214
210.3849,5.8470,61.49,124.00,0.010580
210.4637,5.8470,61.49,124.00,0.010193
210.5425,5.8470,62.03,124.00,0.010312
210.6221,5.8470,61.49,124.00,0.010096
210.7010,5.8470,61.49,124.00,0.010053
210.7812,5.8470,61.49,124.00,0.010192
210.8601,5.8470,62.03,124.00,0.010427
210.9398,5.8470,61.76,124.00,0.010341
211.0210,5.8470,61.76,124.00,0.010082
211.1011,5.8470,61.49,124.00,0.010385
211.1801,5.8470,61.76,124.00,0.010407
211.2605,5.8470,61.49,124.00,0.010383
211.3408,5.8470,61.76,124.00,0.010338
211.4187,5.8470,61.49,124.00,0.010092
211.4982,5.8470,61.22,124.00,0.010084
211.5770,5.8470,61.22,124.00,0.010580
211.6578,5.8470,61.22,124.00,0.010130
211.7348,5.8470,61.49,124.00,0.009713
211.8121,5.8470,61.22,124.00,0.009551
211.8903,5.8470,61.76,124.00,0.009542
211.9714,5.8470,61.76,124.00,0.009707
212.0493,5.8470,61.22,124.00,0.010274
212.1309,5.8470,61.22,124.00,0.010294
212.2106,5.8470,61.22,124.00,0.009825
212.2916,5.8470,61.22,124.00,0.010097
212.3682,5.8470,61.49,124.00,0.010853
212.4508,5.8470,62.03,124.00,0.010198
212.5280,5.8470,61.22,124.00,0.009777
212.6113,5.8470,61.49,124.00,0.010359
212.6887,5.8470,61.22,124.00,0.010676
212.7681,5.8470,61.76,124.00,0.010390
212.8478,5.8470,61.49,124.00,0.010488
212.9270,5.8470,61.22,124.00,0.010168
213.0048,5.8780,61.22,124.00,0.010521
213.0840,5.8780,61.49,124.00,0.010212
213.1632,5.8780,61.76,124.00,0.009909
213.2446,5.8780,62.03,124.00,0.009618
213.3260,5.8780,61.49,124.00,0.010299
213.4056,5.8780,62.03,124.00,0.010479
213.4827,5.8780,61.22,124.00,0.010211
213.5639,5.8780,61.22,123.50,0.010385
213.6464,5.8780,61.49,123.00,0.010668
213.7277,5.8610,61.49,123.00,0.010351
213.8067,5.8440,61.22,123.00,0.010170
213.8879,5.8440,61.76,123.00,0.010107
213.9669,5.8440,61.49,123.00,0.010226
214.0482,5.8440,61.22,123.00,0.010729
214.1302,5.8440,61.49,123.00,0.010449
214.2088,5.8440,61.49,123.00,0.010122
214.2858,5.8440,61.76,123.50,0.009821
214.3676,5.8440,61.49,123.00,0.009694
214.4454,5.8440,61.76,123.50,0.010604
214.5248,5.8440,61.22,123.00,0.010132
214.6021,5.8440,61.22,123.00,0.009832
214.6837,5.8440,61.22,123.00,0.010337
214.7636,5.8665,61.49,123.00,0.010456
214.8451,5.8890,61.76,123.00,0.010398
214.9236,5.8890,61.76,123.00,0.009929
215.0025,5.8890,61.49,123.00,0.010026
215.0808,5.8890,61.22,123.00,0.009399
215.1576,5.8890,61.22,123.00,0.009405
215.2358,5.8890,61.49,123.00,0.009629
215.3126,5.8890,61.76,123.00,0.009506
215.3905,5.8890,61.49,123.00,0.009813
215.4680,5.8890,61.22,123.00,0.009455
215.5471,5.8890,61.22,123.00,0.010065
215.6282,5.8890,62.03,123.00,0.010198
215.7046,5.8890,61.49,123.00,0.009950
215.7844,5.9090,62.03,123.00,0.010375
215.8640,5.9090,61.49,123.00,0.010531
215.9432,5.9090,61.49,123.00,0.010052
216.0211,5.9090,61.22,123.00,0.010240
216.1001,5.9090,61.49,123.00,0.009549
216.1762,5.9090,61.49,123.00,0.009640
216.2554,5.9090,61.76,123.00,0.010592
216.3384,5.9090,61.22,123.00,0.010086
216.4166,5.9090,61.49,123.00,0.009457
216.4953,5.9090,61.76,123.00,0.009818
216.5759,5.9090,61.49,123.00,0.010397
216.6559,5.9090,61.49,123.00,0.010314
216.7400,5.9300,61.49,123.00,0.010380
216.8205,5.9510,61.49,123.00,0.010428
216.9039,5.9510,61.76,123.00,0.010410
216.9805,5.9510,61.22,123.00,0.009957
217.0646,5.9510,61.49,123.00,0.010507
217.1443,5.9510,62.03,123.00,0.010187
217.2244,5.9510,61.49,123.00,0.009818
217.3030,5.9510,61.49,123.00,0.010211
217.3831,5.9510,61.49,123.00,0.010260
217.4600,5.9510,61.49,123.00,0.009891
217.5440,5.9510,61.22,122.50,0.009739
217.6213,5.9510,61.76,122.00,0.010298
217.7007,5.9510,61.22,122.00,0.010363
217.7794,5.9050,61.22,122.00,0.010488
217.8602,5.9050,61.49,122.00,0.010275
217.9427,5.9050,61.22,122.00,0.010714
218.0244,5.9050,61.76,122.00,0.010502
218.1041,5.9050,61.76,122.50,0.010376
218.1844,5.9050,61.76,123.00,0.009552
218.2628,5.9050,61.49,122.00,0.009668
218.3408,5.9050,61.49,122.00,0.009607
218.4203,5.9050,61.22,122.00,0.010578
218.5017,5.9050,61.49,122.00,0.010179
218.5793,5.9050,61.49,122.00,0.010161
218.6603,5.9050,61.49,122.00,0.010089
218.7400,5.9030,61.76,122.00,0.009693
218.8192,5.9010,61.49,122.00,0.010254
218.8981,5.9010,61.76,122.00,0.010107
218.9763,5.9010,61.49,122.00,0.009700
219.0562,5.9010,61.76,122.00,0.010406
219.1368,5.9010,61.76,122.00,0.009551
219.2156,5.9010,62.03,122.00,0.009891
219.2960,5.9010,61.49,122.00,0.010127
219.3754,5.9010,61.22,122.00,0.010155
219.4562,5.9010,61.49,122.00,0.009989
219.5334,5.9010,61.49,122.00,0.010253
219.6150,5.9010,61.22,122.00,0.009737
219.6920,5.9010,61.22,122.00,0.009636
219.7715,5.9010,61.49,122.00,0.009684
219.8476,5.9010,61.76,122.00,0.009617
219.9283,5.9010,61.76,122.00,0.010384
220.0072,5.9240,61.22,122.00,0.010396
220.0882,5.9240,61.49,122.00,0.010532
220.1721,5.9240,61.22,122.00,0.010272
220.2519,5.9240,61.76,122.00,0.009539
220.3313,5.9240,61.22,122.00,0.009833
220.4100,5.9240,61.22,122.00,0.009882
220.4884,5.9240,61.22,122.00,0.010523
220.5697,5.9240,61.22,121.50,0.010581
220.6480,5.9240,61.22,121.00,0.010804
220.7292,5.9145,61.49,121.00,0.010480
220.8083,5.9050,61.76,121.00,0.009690
220.8893,5.9050,61.49,121.50,0.010136
220.9672,5.9050,61.49,122.00,0.010267
221.0479,5.9050,61.49,122.00,0.010023
221.1268,5.9050,62.03,121.50,0.009915
221.2076,5.9050,61.22,121.50,0.010584
221.2846,5.9050,61.76,122.00,0.010353
221.3632,5.9050,62.03,122.00,0.009953
221.4404,5.9050,61.76,121.50,0.010161
221.5218,5.9050,61.76,121.00,0.010291
221.5993,5.9050,61.22,121.00,0.010696
221.6807,5.9050,61.49,121.00,0.010072
221.7580,5.9260,61.49,121.00,0.009970
221.8375,5.9470,61.49,121.50,0.010395
221.9149,5.9470,61.49,121.00,0.010495
221.9932,5.9470,61.49,121.00,0.010048
222.0705,5.9470,61.22,121.00,0.010121
222.1518,5.9470,61.76,121.00,0.009765
222.2338,5.9470,61.76,121.00,0.010281
222.3153,5.9470,61.76,121.00,0.010559
222.3924,5.9470,61.22,122.00,0.010385
222.4716,5.9470,61.49,122.00,0.010206
222.5490,5.9470,61.22,122.00,0.010048
222.6282,5.9470,61.49,121.00,0.010448
222.7060,5.9470,61.22,121.00,0.010253
222.7856,5.9050,61.22,121.00,0.009803
222.8635,5.9050,61.49,121.00,0.010184
222.9448,5.9050,61.76,121.00,0.009599
223.0223,5.9050,61.22,121.00,0.009424
223.0994,5.9050,61.22,121.00,0.009528
223.1754,5.9050,62.03,121.00,0.009686
223.2558,5.9050,61.22,121.00,0.009919
223.3339,5.9050,61.49,121.00,0.009537
223.4111,5.9050,61.49,121.00,0.009492
223.4882,5.9050,61.22,121.00,0.009376
223.5660,5.9050,61.49,121.00,0.009536
223.6429,5.9050,61.22,121.00,0.010230
223.7212,5.9050,61.49,121.00,0.010191
223.7997,5.8930,61.49,121.00,0.010895
223.8821,5.8930,62.03,121.00,0.009963
223.9598,5.8930,61.49,121.00,0.011082
224.0412,5.8930,61.49,121.00,0.010384
224.1188,5.8930,61.22,121.00,0.009977
224.1990,5.8930,61.76,121.00,0.009469
224.2758,5.8930,61.22,121.00,0.010339
224.3557,5.8930,61.22,121.00,0.010376
224.4322,5.8930,61.49,121.00,0.010098
224.5115,5.8930,61.76,121.00,0.010170
224.5886,5.8930,61.49,121.00,0.009877
224.6716,5.8930,61.76,121.00,0.010234
224.7480,5.9105,61.49,121.00,0.009866
224.8318,5.9280,61.76,121.00,0.010119
224.9108,5.9280,61.76,121.00,0.009958
224.9924,5.9280,61.22,121.00,0.010410
225.0710,5.9280,61.49,121.00,0.009934
225.1507,5.9280,62.03,121.00,0.010170
225.2292,5.9280,61.22,121.00,0.010079
225.3112,5.9280,61.76,121.00,0.010049
225.3886,5.9280,61.22,121.00,0.009775
225.4704,5.9280,61.76,121.00,0.010401
225.5477,5.9280,61.76,121.00,0.009604
225.6258,5.9280,61.49,121.00,0.009524
225.7044,5.9280,62.03,121.00,0.010131
225.7853,5.9280,62.30,121.00,0.009910
225.8632,5.8510,61.22,121.00,0.010175
225.9440,5.8510,62.03,121.00,0.010133
226.0256,5.8510,61.76,121.00,0.010424
226.1040,5.8510,62.03,121.00,0.010318
226.1825,5.8510,61.22,121.00,0.009909
226.2611,5.8510,61.49,121.00,0.010201
226.3407,5.8510,61.76,121.00,0.010256
226.4195,5.8510,61.22,121.00,0.010288
226.4975,5.8510,61.22,121.00,0.010591
226.5766,5.8510,61.49,121.00,0.010068
226.6553,5.8510,62.03,121.00,0.009655
226.7354,5.8780,62.03,121.00,0.011103
226.8163,5.9050,61.49,121.00,0.010256
226.8988,5.9050,62.30,121.00,0.009939
226.9754,5.9050,60.95,121.00,0.010076
227.0592,5.9050,61.49,121.00,0.010437
227.1357,5.9050,60.95,121.00,0.010251
227.2149,5.9050,61.49,121.00,0.010392
227.2921,5.9050,62.03,121.00,0.009949
227.3747,5.9050,61.49,121.00,0.009815
227.4527,5.9050,61.76,120.50,0.010738
227.5356,5.9050,61.22,120.00,0.010432
227.6173,5.9050,61.76,120.00,0.010296
227.6960,5.9050,61.76,120.50,0.009995
227.7759,5.9050,61.22,120.00,0.010447
227.8523,5.9050,61.22,121.00,0.009468
227.9298,5.9050,61.49,121.00,0.009547
228.0079,5.9050,61.49,121.00,0.009611
228.0849,5.9050,61.49,121.00,0.010327
228.1659,5.9050,61.22,121.00,0.010014
228.2444,5.9050,61.49,121.00,0.010919
228.3252,5.9050,61.49,121.00,0.010314
228.4017,5.9050,61.22,121.00,0.009863
228.4836,5.9050,61.49,121.00,0.010106
228.5629,5.9050,61.76,121.00,0.010229
228.6414,5.9050,61.76,121.00,0.010172
228.7188,5.9050,61.76,121.00,0.010158
228.8022,5.9050,61.76,121.00,0.010339
228.8789,5.9050,60.95,121.00,0.010352
228.9607,5.9050,61.49,121.00,0.010535
229.0405,5.8665,61.76,121.00,0.009794
229.1202,5.8280,60.95,121.00,0.010256
229.2002,5.8280,61.49,120.50,0.010331
229.2844,5.8280,61.22,120.00,0.010299
229.3641,5.8280,61.49,120.00,0.010516
229.4474,5.8280,61.49,120.00,0.010023
229.5273,5.8280,61.49,120.00,0.010139
229.6081,5.8280,62.03,120.00,0.010374
229.6869,5.8280,61.22,120.00,0.009792
229.7652,5.8280,61.49,120.00,0.009654
229.8408,5.8280,61.49,120.00,0.009450
229.9234,5.8280,61.22,120.00,0.010111
230.0033,5.9730,61.76,120.00,0.010146
230.0843,5.9730,61.22,120.00,0.010413
230.1682,5.9730,61.22,120.50,0.010337
230.2520,5.9730,61.76,120.00,0.010122
230.3312,5.9730,61.49,120.00,0.010000
230.4120,5.9730,61.49,120.00,0.010181
230.4921,5.9730,61.76,121.00,0.010290
230.5708,5.9730,61.49,121.00,0.010034
230.6463,5.9730,61.49,120.50,0.009464
230.7244,5.9730,61.22,120.00,0.009862
230.8023,5.9730,61.22,120.00,0.009571
230.8810,5.9255,61.49,120.00,0.009809
230.9604,5.8780,61.76,120.00,0.009749
231.0400,5.8780,61.49,120.00,0.009911
231.1170,5.8780,61.76,120.00,0.010163
231.1963,5.8780,61.76,120.00,0.010371
231.2780,5.8780,61.76,120.00,0.010422
231.3598,5.8780,61.76,120.00,0.010260
231.4367,5.8780,61.22,120.00,0.010165
231.5162,5.8780,61.76,120.00,0.010354
231.5953,5.8780,62.03,120.00,0.009919
231.6772,5.8780,61.22,121.00,0.009862
231.7526,5.8780,61.76,121.00,0.009494
231.8299,5.8780,61.22,121.00,0.009644
231.9113,5.9030,61.22,121.00,0.010586
231.9974,5.9280,61.22,121.00,0.010181
232.0800,5.9280,61.49,121.00,0.010736
232.1671,5.9280,61.49,121.00,0.011078
232.2494,5.9280,61.76,121.00,0.010580
232.3337,5.9280,61.49,121.00,0.010627
232.4130,5.9280,61.49,121.00,0.010216
232.4982,5.9280,62.03,121.00,0.010181
232.5821,5.9280,61.76,121.00,0.010151
232.6653,5.9280,61.22,121.00,0.010185
232.7473,5.9010,61.49,121.00,0.011069
232.8322,5.8740,61.22,121.00,0.010803
232.9159,5.8740,61.49,121.00,0.010500
233.0004,5.8740,61.22,121.00,0.010496
233.0841,5.8740,61.49,121.00,0.010844
233.1700,5.8740,61.22,121.00,0.010513
233.2517,5.8740,61.49,121.00,0.010160
233.3314,5.8740,61.22,121.00,0.009831
233.4146,5.8740,61.22,121.00,0.009725
233.4988,5.8740,61.76,121.00,0.010571
233.5806,5.8740,61.49,121.00,0.010631
233.6643,5.8740,61.22,121.00,0.010600
233.7468,5.7940,61.22,121.00,0.010462
233.8320,5.7140,61.22,121.00,0.010429
233.9164,5.7140,61.49,121.00,0.010924
234.0005,5.7140,61.22,121.00,0.010772
234.0807,5.7140,61.22,122.00,0.011250
234.1673,5.7140,61.76,122.00,0.010263
234.2511,5.7140,61.22,122.00,0.010378
234.3369,5.7140,61.22,122.00,0.009610
234.4212,5.7140,61.22,122.00,0.010861
234.5031,5.7140,61.22,122.00,0.010647
234.5837,5.7140,61.22,122.00,0.010314
234.6672,5.7140,61.49,122.00,0.009914
234.7510,5.7465,61.49,122.00,0.010233
234.8382,5.7790,61.76,122.00,0.010664
234.9193,5.7790,61.22,122.00,0.010423
235.0049,5.7790,61.22,122.00,0.010266
235.0841,5.7790,61.49,122.00,0.010168
235.1643,5.7790,61.22,122.00,0.010368
235.2431,5.7790,61.22,122.00,0.010643
235.3258,5.7790,61.76,122.00,0.010360
235.4052,5.7790,61.76,122.00,0.010485
235.4849,5.7790,61.22,122.00,0.010004
235.5614,5.7790,61.22,122.00,0.010190
235.6415,5.7790,61.76,122.00,0.010190
235.7218,5.7790,61.49,122.00,0.010363
235.7998,5.8860,60.95,122.00,0.010191
235.8762,5.8860,61.76,122.00,0.009949
235.9595,5.8860,61.49,122.00,0.011342
236.0365,5.8860,61.22,122.00,0.010277
236.1165,5.8860,61.22,122.00,0.010263
236.1984,5.8860,61.49,122.00,0.010049
236.2800,5.8860,62.03,122.00,0.010644
236.3656,5.8860,61.22,122.00,0.010702
236.4505,5.8860,61.49,122.00,0.010698
236.5315,5.8860,61.49,122.00,0.010208
236.6152,5.8860,61.49,122.00,0.010192
236.6981,5.8860,61.49,122.00,0.009978
236.7803,5.7480,61.22,122.00,0.009732
236.8618,5.7480,61.76,122.00,0.010299
236.9393,5.7480,61.22,122.00,0.009455
237.0176,5.7480,61.49,122.00,0.009695
237.0958,5.7480,61.22,122.00,0.009767
237.1786,5.7480,61.76,122.00,0.010809
237.2612,5.7480,61.49,122.00,0.010884
237.3443,5.7480,61.22,122.00,0.010144
237.4289,5.7480,61.49,122.00,0.010513
237.5126,5.7480,62.03,122.00,0.009779
237.5988,5.7480,61.22,122.00,0.010659
237.6804,5.7480,61.49,122.00,0.010134
237.7655,5.8300,61.76,122.00,0.010670
237.8474,5.9120,61.49,122.00,0.010474
237.9294,5.9120,61.22,122.00,0.010499
238.0136,5.9120,61.76,122.00,0.010257
238.0982,5.9120,61.49,123.00,0.010824
238.1762,5.9120,61.76,123.00,0.010551
238.2571,5.9120,61.22,123.00,0.010207
238.3361,5.9120,61.49,123.00,0.010187
238.4174,5.9120,61.22,123.00,0.011073
238.4962,5.9120,61.22,123.00,0.010434
238.5760,5.9120,61.49,123.00,0.009640
238.6520,5.9120,61.22,123.00,0.010215
238.7327,5.8910,61.49,123.00,0.010714
238.8095,5.8700,61.22,123.00,0.010247
238.8875,5.8700,61.49,123.00,0.010170
238.9638,5.8700,61.76,123.00,0.010173
239.0423,5.8700,61.49,123.00,0.010193
239.1211,5.8700,62.03,123.00,0.010520
239.2041,5.8700,61.22,123.00,0.010516
239.2801,5.8700,61.49,123.00,0.009934
239.3611,5.8700,61.49,123.00,0.009931
239.4386,5.8700,61.49,123.00,0.009673
239.5156,5.8700,61.49,123.00,0.009599
239.5906,5.8700,61.76,123.00,0.009637
239.6711,5.8700,61.22,123.00,0.010345
239.7479,5.8990,61.49,123.00,0.010539
239.8283,5.9280,61.76,123.00,0.010213
239.9069,5.9280,61.76,123.00,0.009962
239.9848,5.9280,61.22,123.00,0.010484
240.0654,5.9280,61.49,123.00,0.010309
240.1434,5.9280,61.76,123.00,0.010657
240.2191,5.9280,61.49,123.00,0.010147
240.2992,5.9280,61.76,123.00,0.010021
240.3800,5.9280,61.76,123.00,0.009945
240.4597,5.9280,61.22,123.00,0.009990
240.5402,5.9280,61.49,123.00,0.010396
240.6197,5.9280,61.76,123.00,0.009730
240.6964,5.9280,61.22,123.00,0.010566
240.7760,5.9315,61.49,123.00,0.009978
240.8549,5.9350,61.22,123.00,0.010033
240.9349,5.9350,61.49,123.00,0.010390
241.0109,5.9350,61.76,123.00,0.009902
241.0897,5.9350,61.76,123.00,0.010315
241.1686,5.9350,61.76,123.00,0.010436
241.2475,5.9350,61.49,123.00,0.009469
241.3219,5.9350,61.76,123.00,0.009511
241.3986,5.9350,61.49,123.00,0.009748
241.4756,5.9350,61.76,123.00,0.009407
241.5560,5.9350,61.49,123.00,0.010067
241.6321,5.9350,61.76,123.00,0.009939
241.7122,5.9350,61.49,123.00,0.009953
241.7894,5.8930,61.49,123.00,0.010506
241.8678,5.8930,61.49,123.00,0.010435
241.9441,5.8930,61.76,123.00,0.010246
242.0244,5.8930,61.76,123.00,0.009995
242.1039,5.8930,61.49,123.00,0.010511
242.1838,5.8930,61.49,123.00,0.009972
242.2599,5.8930,61.49,123.00,0.010145
242.3402,5.8930,61.76,123.00,0.010274
242.4169,5.8930,61.22,123.00,0.010375
242.4969,5.8930,61.76,123.00,0.010153
242.5736,5.8930,61.49,123.00,0.010360
242.6557,5.8930,61.76,123.00,0.009808
242.7352,5.9085,61.49,123.00,0.010689
242.8122,5.9240,61.49,123.00,0.009496
242.8903,5.9240,61.76,122.00,0.009655
242.9667,5.9240,61.22,122.00,0.009464
243.0426,5.9240,61.22,122.00,0.010038
243.1251,5.9240,61.22,122.00,0.010016
243.2010,5.9240,61.76,122.00,0.009862
243.2795,5.9240,61.49,122.00,0.010551
243.3558,5.9240,61.49,122.00,0.010427
243.4337,5.9240,62.03,123.00,0.010386
243.5101,5.9240,62.03,122.50,0.009887
243.5883,5.9240,61.49,123.00,0.010379
243.6640,5.9240,61.76,123.00,0.010022
243.7447,5.9355,61.22,123.00,0.010781
243.8239,5.9470,61.49,122.00,0.010382
243.9040,5.9470,61.76,122.50,0.010331
243.9802,5.9470,61.76,123.00,0.009882
244.0589,5.9470,61.49,122.50,0.010191
244.1350,5.9470,61.22,123.00,0.010258
244.2134,5.9470,61.22,123.00,0.010437
244.2918,5.9470,61.76,123.00,0.010017
244.3722,5.9470,61.49,123.00,0.010055
244.4508,5.9470,61.76,123.00,0.010092
244.5286,5.9470,62.03,123.00,0.009470
244.6062,5.9470,61.49,123.00,0.009562
244.6836,5.9470,61.22,123.00,0.009936
244.7602,5.9470,61.76,122.50,0.010437
244.8438,5.9120,61.49,122.00,0.010214
244.9217,5.9120,61.49,122.50,0.009768
245.0023,5.9120,61.76,122.00,0.010001
245.0835,5.9120,61.49,122.00,0.009866
245.1614,5.9120,62.03,122.00,0.010281
245.2402,5.9120,62.03,122.00,0.010681
245.3204,5.9120,61.22,122.00,0.010220
245.3962,5.9120,61.49,122.00,0.010025
245.4726,5.9120,61.49,123.00,0.009518
245.5498,5.9120,61.76,122.50,0.009602
245.6273,5.9120,61.49,122.00,0.010323
245.7027,5.9120,61.49,122.00,0.009467
245.7834,5.9850,61.76,122.00,0.009857
245.8597,5.9850,61.49,122.00,0.009994
245.9399,5.9850,61.76,122.00,0.010244
246.0153,5.9850,61.22,122.00,0.009430
246.0913,5.9850,61.76,123.00,0.009424
246.1665,5.9850,61.49,122.50,0.009373
246.2429,5.9850,60.95,122.50,0.009444
246.3207,5.9850,61.76,122.00,0.009609
246.4010,5.9850,61.49,122.00,0.010149
246.4800,5.9850,61.22,122.00,0.010492
246.5597,5.9850,61.49,122.00,0.009706
246.6394,5.9850,61.76,122.00,0.010635
246.7197,5.9850,61.49,122.00,0.010051
246.7969,5.9200,61.22,122.00,0.010531
246.8747,5.9200,62.03,122.00,0.009694
246.9510,5.9200,61.76,122.00,0.009904
247.0292,5.9200,62.30,122.00,0.010153
247.1076,5.9200,61.49,122.00,0.010222
247.1877,5.9200,61.76,122.00,0.010246
247.2656,5.9200,61.76,122.00,0.009800
247.3454,5.9200,61.22,122.00,0.009721
247.4240,5.9200,61.49,122.00,0.010147
247.5044,5.9200,61.76,122.00,0.010067
247.5827,5.9200,61.49,122.00,0.009846
247.6610,5.9200,61.76,122.00,0.010738
247.7396,5.9200,61.76,122.00,0.010198
247.8198,5.9200,61.76,122.00,0.009753
247.8961,5.9200,61.49,122.00,0.010187
247.9816,5.9200,61.76,122.00,0.010445
248.0657,5.9200,61.22,122.00,0.010779
248.1493,5.9200,61.49,122.00,0.010117
248.2309,5.9200,61.76,122.00,0.010594
248.3138,5.9200,61.76,122.00,0.010404
248.3930,5.9200,61.76,122.00,0.010298
248.4768,5.9200,61.22,122.00,0.010715
248.5568,5.9200,61.76,122.00,0.010468
248.6404,5.9200,61.49,122.00,0.010391
248.7221,5.9200,61.22,122.00,0.010588
248.8054,5.9470,61.76,122.00,0.010405
248.8870,5.9470,61.49,122.00,0.010625
248.9684,5.9470,61.22,122.00,0.009412
249.0441,5.9470,62.03,122.00,0.009452
249.1216,5.9470,61.49,122.00,0.009787
249.2042,5.9470,61.49,122.00,0.010566
249.2896,5.9470,61.49,122.00,0.009893
249.3708,5.9470,61.76,122.00,0.009703
249.4558,5.9470,61.49,122.00,0.010683
249.5378,5.9470,61.76,122.00,0.010639
249.6193,5.9470,61.49,122.00,0.010296
249.7000,5.9470,61.49,122.00,0.010317
249.7863,5.7600,61.49,122.00,0.010467
249.8678,5.7600,61.22,122.00,0.010496
249.9519,5.7600,62.03,122.00,0.010704
250.0335,5.7600,61.22,122.00,0.010508
250.1168,5.7600,61.22,122.00,0.010558
250.2002,5.7600,61.22,122.00,0.010489
250.2845,5.7600,61.76,122.00,0.010857
250.3684,5.7600,61.76,122.00,0.010939
250.4514,5.7600,61.49,122.00,0.010133
250.5346,5.7600,61.22,122.00,0.010258
250.6199,5.7600,61.76,122.00,0.010089
250.7038,5.7600,61.76,122.00,0.010534
250.7875,5.9510,61.76,122.00,0.010236
250.8671,5.9510,61.76,122.00,0.010521
250.9508,5.9510,61.76,122.00,0.010315
251.0319,5.9510,61.22,122.00,0.009829
251.1154,5.9510,61.22,122.00,0.009818
251.1970,5.9510,61.22,122.00,0.010250
251.2787,5.9510,61.22,122.00,0.010961
251.3631,5.9510,61.76,122.00,0.010036
251.4485,5.9510,61.49,122.00,0.010860
251.5332,5.9510,61.49,122.00,0.010529
251.6201,5.9510,61.49,117.00,0.010919
251.7037,5.9510,61.76,117.00,0.010406
251.7876,5.7060,62.03,117.00,0.009885
251.8648,5.7060,62.03,117.00,0.010260
251.9457,5.7060,61.76,117.50,0.009738
252.0232,5.7060,61.49,118.00,0.010197
252.1043,5.7060,61.76,118.00,0.010234
252.1808,5.7060,61.49,118.00,0.010180
252.2580,5.7060,61.49,118.00,0.009449
252.3328,5.7060,61.76,118.00,0.009634
252.4119,5.7060,61.49,118.00,0.010016
252.4879,5.7060,61.49,118.00,0.010196
252.5677,5.7060,61.76,118.00,0.009782
252.6437,5.7060,61.22,118.00,0.010037
252.7242,5.8340,61.49,118.00,0.009996
252.8031,5.9620,61.22,118.00,0.009987
252.8819,5.9620,61.22,118.00,0.010553
252.9610,5.9620,61.76,118.00,0.010619
253.0395,5.9620,62.03,118.00,0.010187
253.1159,5.9620,61.49,118.00,0.010127
253.1940,5.9620,61.22,118.00,0.009639
253.2727,5.9620,62.03,118.00,0.010451
253.3556,5.9620,61.76,118.00,0.010201
253.4337,5.9620,61.49,118.00,0.010119
253.5116,5.9620,61.49,118.00,0.009518
253.5859,5.9620,61.76,118.00,0.009471
253.6617,5.9620,61.49,118.00,0.009385
253.7392,5.9620,61.22,118.00,0.009474
253.8194,5.9390,61.22,118.00,0.010068
253.8958,5.9160,61.76,118.00,0.009875
253.9760,5.9160,61.49,118.00,0.010298
254.0525,5.9160,61.49,118.00,0.010487
254.1323,5.9160,61.76,118.00,0.010251
254.2092,5.9160,61.76,118.00,0.010356
254.2900,5.9160,62.03,118.00,0.010454
254.3686,5.9160,61.22,118.00,0.010431
254.4480,5.9160,61.22,118.00,0.009584
254.5222,5.9160,61.49,119.00,0.009418
254.5987,5.9160,61.76,119.00,0.009943
254.6749,5.9160,61.49,119.00,0.010155
254.7514,5.9160,61.49,119.00,0.009816
254.8260,5.9160,61.76,119.00,0.009595
254.9032,5.9160,62.03,119.00,0.009871
254.9808,5.9090,62.03,119.00,0.010489
255.0606,5.9090,61.49,119.00,0.009812
255.1398,5.9090,61.49,119.00,0.010174
255.2199,5.9090,61.22,119.00,0.010270
255.2981,5.9090,62.03,119.00,0.010072
255.3759,5.9090,61.22,119.00,0.010158
255.4522,5.9090,61.22,119.00,0.009923
255.5303,5.9090,61.76,119.00,0.009801
255.6074,5.9090,61.22,119.00,0.010609
255.6892,5.9090,61.22,119.00,0.009970
255.7684,5.9565,61.49,119.00,0.010473
255.8467,6.0040,61.76,119.00,0.010276
255.9251,6.0040,61.22,119.00,0.010136
256.0037,6.0040,61.49,119.00,0.010412
256.0841,6.0040,61.22,119.00,0.010094
256.1638,6.0040,62.03,119.00,0.010023
256.2403,6.0040,61.22,119.00,0.010276
256.3200,6.0040,61.76,119.00,0.010022
256.3961,6.0040,61.49,119.00,0.009897
256.4746,6.0040,61.22,119.00,0.009912
256.5570,6.0040,61.22,119.50,0.013773
256.6440,6.0040,61.49,120.00,0.010557
256.7292,5.9430,61.49,120.00,0.011296
256.8144,5.8820,61.22,120.00,0.011038
256.8964,5.8820,61.22,120.00,0.010701
256.9820,5.8820,61.76,120.00,0.010124
257.0654,5.8820,61.49,120.00,0.010428
257.1504,5.8820,61.49,120.00,0.010878
257.2346,5.8820,61.76,120.00,0.010355
257.3186,5.8820,61.76,120.00,0.010362
257.4009,5.8820,61.22,120.00,0.010208
257.4858,5.8820,62.03,120.00,0.010332
257.5692,5.8820,61.22,120.00,0.010416
257.6542,5.8820,61.76,120.00,0.010813
257.7395,5.8015,61.22,120.00,0.011123
257.8250,5.7210,61.49,120.00,0.010627
257.9065,5.7210,61.49,120.00,0.010053
257.9929,5.7210,61.76,120.00,0.009860
258.0766,5.7210,61.49,120.00,0.011005
258.1632,5.7210,61.49,120.00,0.010807
258.2469,5.7210,62.30,120.00,0.011364
258.3336,5.7210,61.49,120.00,0.010323
258.4183,5.7210,61.76,120.00,0.009975
258.5057,5.7210,61.22,120.00,0.009725
258.5828,5.7210,61.49,120.00,0.009845
258.6628,5.7210,61.22,120.00,0.009578
258.7465,5.7690,61.49,120.00,0.011120
258.8332,5.8170,61.49,120.00,0.010277
258.9193,5.8170,61.76,120.00,0.010584
259.0030,5.8170,61.22,120.00,0.010304
259.0833,5.8170,61.49,120.00,0.010746
259.1685,5.8170,61.22,120.00,0.010991
259.2507,5.8170,61.22,120.00,0.010271
259.3304,5.8170,61.49,120.00,0.010030
259.4159,5.8170,61.76,120.00,0.010479
259.5030,5.8170,61.76,120.00,0.010259
259.5875,5.8170,61.49,120.00,0.010542
259.6686,5.8170,61.22,120.00,0.009543
259.7491,5.8170,61.22,120.00,0.010135
259.8326,5.8095,61.49,120.00,0.010432
259.9142,5.8020,61.49,120.00,0.009349
259.9958,5.8020,61.22,120.00,0.009727
260.0755,5.8020,61.76,120.50,0.010020
260.1610,5.8020,61.49,121.00,0.009956
260.2449,5.8020,61.49,121.00,0.009782
260.3318,5.8020,61.22,121.00,0.010442
260.4162,5.8020,61.22,121.00,0.010666
260.5007,5.8020,61.49,121.00,0.010339
260.5820,5.8020,62.03,121.00,0.010786
260.6669,5.8020,61.22,121.00,0.010329
260.7525,5.7635,61.49,121.00,0.010446
260.8398,5.7250,61.49,121.00,0.010882
260.9250,5.7250,61.22,121.00,0.011045
261.0089,5.7250,61.22,121.00,0.009650
261.0912,5.7250,61.22,121.00,0.009773
261.1752,5.7250,62.03,121.00,0.010648
261.2554,5.7250,61.22,121.00,0.009647
261.3339,5.7250,61.76,121.00,0.009575
261.4112,5.7250,61.49,121.00,0.009720
261.4925,5.7250,61.22,121.00,0.010134
261.5723,5.7250,61.22,121.00,0.010026
261.6516,5.7250,62.03,121.00,0.010456
261.7289,5.7960,62.03,121.00,0.010728
261.8111,5.8670,61.76,121.00,0.010247
261.8894,5.8670,62.03,121.00,0.010403
261.9693,5.8670,62.03,121.00,0.010448
262.0476,5.8670,61.76,121.00,0.010384
262.1283,5.8670,61.49,121.00,0.010289
262.2053,5.8670,61.22,121.00,0.010113
262.2843,5.8670,61.22,121.00,0.010006
262.3638,5.8670,61.49,121.00,0.010175
262.4440,5.8670,61.22,121.00,0.009631
262.5195,5.8670,61.22,121.00,0.009733
262.5964,5.8670,61.49,121.00,0.009356
262.6764,5.8670,61.49,121.00,0.010819
262.7594,5.8915,61.22,121.00,0.009875
262.8414,5.9160,61.76,121.00,0.010118
262.9200,5.9160,61.22,121.00,0.010239
263.0006,5.9160,61.49,121.00,0.010975
263.0852,5.9160,61.76,121.00,0.010764
263.1707,5.9160,61.22,121.00,0.011101
263.2587,5.9160,61.49,121.00,0.010821
263.3418,5.9160,61.49,121.00,0.010289
263.4281,5.9160,61.49,121.00,0.010941
263.5117,5.9160,61.22,121.00,0.010832
263.5966,5.9160,61.76,121.00,0.010444
263.6805,5.9160,61.49,121.00,0.010669
263.7632,5.9025,61.76,121.00,0.010659
263.8457,5.8890,61.22,121.00,0.009883
263.9309,5.8890,61.49,121.00,0.010042
264.0155,5.8890,61.76,121.00,0.010439
264.0998,5.8890,61.76,121.00,0.010416
264.1805,5.8890,61.76,121.00,0.010279
264.2649,5.8890,61.22,121.00,0.010151
264.3473,5.8890,60.95,121.00,0.010014
264.4316,5.8890,61.76,121.00,0.009914
264.5088,5.8890,62.30,121.00,0.009853
264.5919,5.8890,61.76,121.00,0.009831
264.6715,5.8890,61.22,121.00,0.009957
264.7566,5.9140,61.49,121.00,0.010424
264.8403,5.9390,61.22,121.50,0.010191
264.9247,5.9390,61.49,122.00,0.010891
265.0095,5.9390,61.76,122.00,0.010706
265.0925,5.9390,61.49,122.00,0.010257
265.1734,5.9390,61.49,122.00,0.010105
265.2529,5.9390,61.22,122.00,0.010277
265.3306,5.9390,61.22,122.00,0.010273
265.4126,5.9390,61.49,122.00,0.010341
265.4924,5.9390,61.22,122.00,0.010341
265.5758,5.9390,61.76,122.00,0.010143
265.6559,5.9390,61.49,122.00,0.010258
265.7358,5.8990,61.49,122.00,0.010492
265.8149,5.8590,61.49,122.00,0.009800
265.8967,5.8590,61.76,122.00,0.009815
265.9753,5.8590,61.22,122.00,0.010739
266.0562,5.8590,61.22,122.00,0.010489
266.1313,5.8590,61.49,122.00,0.009706
266.2134,5.8590,61.49,122.00,0.009677
266.2925,5.8590,61.49,122.00,0.010493
266.3753,5.8590,61.22,122.00,0.009980
266.4550,5.8590,61.22,122.00,0.010056
266.5342,5.8590,62.03,122.00,0.009870
266.6134,5.8590,61.49,122.00,0.009836
266.6926,5.8590,61.22,122.00,0.010429
266.7717,5.9620,62.03,122.00,0.010707
266.8524,5.9620,61.49,122.00,0.010248
266.9336,5.9620,61.49,122.00,0.010135
267.0131,5.9620,61.49,122.00,0.010175
267.0958,5.9620,61.22,122.00,0.010308
267.1765,5.9620,61.49,122.00,0.010462
267.2559,5.9620,61.22,122.00,0.010465
267.3372,5.9620,61.76,122.00,0.010099
267.4143,5.9620,61.49,122.00,0.009777
267.4974,5.9620,61.76,122.00,0.010446
267.5767,5.9620,61.76,122.00,0.009672
267.6542,5.9620,61.76,122.00,0.009306
267.7301,5.9620,61.76,122.00,0.009407
267.8090,5.9295,61.76,122.00,0.010097
267.8878,5.8970,61.49,122.00,0.010345
267.9718,5.8970,61.76,122.00,0.010432
268.0518,5.8970,61.49,122.00,0.010168
268.1339,5.8970,61.76,122.00,0.010423
268.2140,5.8970,62.03,122.00,0.010877
268.2962,5.8970,61.22,122.00,0.010324
268.3765,5.8970,61.76,122.00,0.010218
268.4558,5.8970,61.49,122.00,0.009897
268.5361,5.8970,61.76,122.00,0.010199
268.6201,5.8970,61.49,122.00,0.010498
268.6996,5.8970,61.76,122.00,0.010560
268.7840,5.9160,61.22,122.00,0.010247
268.8632,5.9160,61.49,122.00,0.009727
268.9424,5.9160,61.49,122.00,0.009664
269.0206,5.9160,62.03,122.00,0.010229
269.1007,5.9160,61.49,122.00,0.009720
269.1794,5.9160,61.76,122.00,0.009713
269.2597,5.9160,61.22,122.00,0.009825
269.3391,5.9160,61.22,122.00,0.009749
269.4189,5.9160,62.03,122.00,0.010115
269.4969,5.9160,61.49,122.00,0.009850
269.5765,5.9160,61.49,122.00,0.009833
269.6550,5.9160,61.49,122.00,0.009562
269.7372,5.8815,61.22,122.00,0.010945
269.8148,5.8470,61.49,122.00,0.010131
269.8959,5.8470,61.22,122.00,0.010186
269.9756,5.8470,61.49,122.00,0.009817
270.0571,5.8470,62.03,122.00,0.010371
270.1360,5.8470,61.49,122.00,0.010154
270.2187,5.8470,61.49,122.00,0.010198
270.2962,5.8470,61.49,122.00,0.010406
270.3772,5.8470,61.49,122.00,0.009964
270.4566,5.8470,61.76,122.00,0.010484
270.5369,5.8470,61.22,122.00,0.009899
270.6132,5.8470,61.76,122.00,0.009543
270.6905,5.8470,61.49,122.00,0.009673
270.7660,5.8470,61.49,122.00,0.009376
270.8432,5.8470,61.49,122.00,0.009837
270.9228,5.9580,61.49,121.50,0.009783
271.0028,5.9580,61.49,122.00,0.010305
271.0831,5.9580,61.76,122.00,0.010237
271.1645,5.9580,61.76,122.00,0.010433
271.2423,5.9580,61.76,122.00,0.010009
271.3208,5.9580,61.49,122.00,0.009919
271.4002,5.9580,62.03,122.00,0.010234
271.4831,5.9580,61.76,122.00,0.010519
271.5603,5.9580,61.22,122.00,0.010378
271.6393,5.9580,61.49,122.00,0.009946
271.7150,5.9580,61.49,121.50,0.009652
271.7918,5.9580,61.22,121.00,0.009606
271.8702,5.9580,61.76,121.00,0.009748
271.9492,5.9445,61.49,121.00,0.010276
272.0273,5.9310,61.22,121.00,0.010224
272.1069,5.9310,61.49,121.00,0.010425
272.1836,5.9310,61.49,121.00,0.010155
272.2646,5.9310,61.76,121.00,0.009966
272.3443,5.9310,61.49,121.00,0.010183
272.4249,5.9310,61.49,121.00,0.009808
272.5048,5.9310,61.49,121.00,0.010248
272.5846,5.9310,61.76,121.00,0.010095
272.6609,5.9310,61.49,121.00,0.010027
272.7409,5.9310,61.49,121.00,0.009810
272.8185,5.9310,61.49,121.00,0.010114
272.8976,5.9310,61.49,121.00,0.010318
272.9754,5.9310,61.76,121.00,0.010423
273.0550,5.9310,61.76,121.00,0.010364
273.1330,5.9310,61.49,121.50,0.010150
273.2122,5.9310,61.22,121.00,0.010477
273.2914,5.9310,61.76,121.00,0.009831
273.3703,5.9310,61.22,121.00,0.009744
273.4506,5.9310,61.49,121.00,0.009819
273.5321,5.9310,61.22,121.00,0.010190
273.6124,5.9310,61.49,121.50,0.010335
273.6915,5.9310,62.03,121.00,0.010052
273.7720,5.9310,61.49,121.00,0.010540
273.8520,5.9310,61.22,121.50,0.010506
273.9311,5.9310,61.22,121.00,0.010249
274.0113,5.9445,61.49,121.00,0.010455
274.0912,5.9580,61.22,121.00,0.009897
274.1708,5.9580,62.03,121.00,0.009734
274.2487,5.9580,61.49,121.00,0.010057
274.3288,5.9580,61.49,121.00,0.010479
274.4085,5.9580,61.22,121.00,0.010089
274.4892,5.9580,61.49,121.00,0.009997
274.5687,5.9580,62.03,121.00,0.009937
274.6478,5.9580,61.49,121.00,0.010026
274.7268,5.9580,61.76,121.00,0.009970
274.8060,5.9120,62.03,121.00,0.009771
274.8843,5.9120,61.49,121.00,0.010318
274.9654,5.9120,62.03,121.00,0.010071
275.0448,5.9120,61.49,121.00,0.010016
275.1272,5.9120,61.76,121.00,0.010341
275.2039,5.9120,61.49,121.00,0.010471
275.2839,5.9120,62.03,121.00,0.009932
275.3602,5.9120,62.03,121.00,0.009958
275.4399,5.9120,61.76,121.00,0.009638
275.5166,5.9120,61.49,121.00,0.010159
275.5996,5.9120,61.49,121.00,0.009967
275.6810,5.9120,61.76,121.00,0.010031
275.7601,5.9065,61.76,121.00,0.010447
275.8397,5.9010,62.30,121.00,0.010121
275.9216,5.9010,61.76,121.00,0.010465
276.0013,5.9010,61.22,121.00,0.010394
276.0800,5.9010,61.49,121.00,0.009950
276.1568,5.9010,61.49,121.00,0.009847
276.2403,5.9010,61.49,121.00,0.010571
276.3187,5.9010,61.22,121.00,0.010422
276.3995,5.9010,61.49,121.00,0.010023
276.4763,5.9010,61.22,121.00,0.010140
276.5552,5.9010,61.49,121.00,0.010275
276.6322,5.9010,61.49,121.00,0.009740
276.7114,5.9010,61.22,121.00,0.010401
276.7894,5.8860,61.49,121.00,0.010161
276.8690,5.8860,61.22,121.00,0.010147
276.9464,5.8860,61.49,121.00,0.010139
277.0250,5.8860,61.76,121.00,0.010075
277.1030,5.8860,62.03,121.00,0.010378
277.1846,5.8860,61.22,121.00,0.010495
277.2642,5.8860,61.49,121.00,0.010218
277.3466,5.8860,61.76,121.00,0.009628
277.4239,5.8860,61.49,121.00,0.010453
277.5049,5.8860,61.49,121.00,0.010247
277.5824,5.8860,61.49,121.00,0.009964
277.6655,5.8860,61.76,121.00,0.009850
277.7458,5.8955,61.76,121.00,0.010707
277.8250,5.9050,61.49,121.00,0.010000
277.9025,5.9050,61.22,121.00,0.010296
277.9827,5.9050,61.22,121.00,0.009976
278.0600,5.9050,61.49,121.00,0.010287
278.1393,5.9050,61.49,121.00,0.009574
278.2158,5.9050,61.76,121.00,0.010519
278.2972,5.9050,61.49,121.00,0.009955
278.3789,5.9050,61.22,121.00,0.009702
278.4568,5.9050,61.76,121.00,0.009730
278.5364,5.9050,61.22,121.00,0.010506
278.6197,5.9050,61.22,121.00,0.010252
278.6971,5.9050,61.49,121.00,0.009770
278.7766,5.8970,61.76,121.00,0.009522
278.8544,5.8890,61.76,121.00,0.010208
278.9336,5.8890,61.76,121.00,0.010264
279.0116,5.8890,61.49,121.00,0.010448
279.0933,5.8890,61.76,121.00,0.010505
279.1709,5.8890,61.22,121.00,0.010225
279.2513,5.8890,61.49,121.00,0.010451
279.3277,5.8890,61.49,121.00,0.009960
279.4076,5.8890,61.22,121.00,0.009729
279.4836,5.8890,61.76,121.00,0.009989
279.5629,5.8890,61.22,121.00,0.009482
279.6401,5.8890,61.76,121.00,0.010470
279.7208,5.8890,61.22,121.00,0.009635
279.7995,5.9310,61.76,121.00,0.010146
279.8779,5.9310,61.49,121.00,0.010047
279.9556,5.9310,61.49,121.00,0.011086
280.0365,5.9310,61.76,121.00,0.009799
280.1158,5.9310,61.22,121.00,0.010241
280.1994,5.9310,61.76,121.00,0.010020
280.2765,5.9310,61.76,121.00,0.009866
280.3557,5.9310,61.76,121.00,0.010132
280.4374,5.9310,61.76,121.00,0.010022
280.5182,5.9310,61.49,121.00,0.009629
280.5964,5.9310,61.22,121.00,0.010524
280.6796,5.9310,62.03,121.00,0.010097
280.7587,5.9580,61.22,121.00,0.010394
280.8408,5.9850,61.49,121.00,0.010018
280.9182,5.9850,61.49,121.00,0.009908
280.9984,5.9850,61.76,121.00,0.010312
281.0762,5.9850,61.49,121.00,0.010400
281.1543,5.9850,61.76,121.00,0.009286
281.2318,5.9850,61.76,121.00,0.009699
281.3090,5.9850,61.22,121.00,0.009583
281.3848,5.9850,61.49,121.00,0.009813
281.4642,5.9850,62.03,121.00,0.009351
281.5407,5.9850,61.22,121.00,0.010403
281.6184,5.9850,61.49,121.00,0.009634
281.6958,5.9850,61.49,121.00,0.010176
281.7781,5.9430,61.49,121.00,0.010210
281.8561,5.9430,61.49,121.00,0.010088
281.9398,5.9430,61.76,121.00,0.010525
282.0195,5.9430,61.49,121.00,0.010541
282.1004,5.9430,61.76,121.00,0.010249
282.1799,5.9430,61.76,121.00,0.009763
282.2610,5.9430,61.49,121.00,0.009850
282.3412,5.9430,61.76,121.00,0.010965
282.4194,5.9430,61.22,121.00,0.009594
282.4954,5.9430,61.49,121.00,0.009577
282.5764,5.9430,61.49,121.00,0.010250
282.6561,5.9430,61.76,121.00,0.010408
282.7370,5.9260,62.03,121.00,0.010082
282.8166,5.9090,61.76,121.00,0.010122
282.8954,5.9090,61.76,121.00,0.010199
282.9713,5.9090,61.49,121.00,0.009548
283.0486,5.9090,62.03,121.00,0.009403
283.1270,5.9090,62.03,121.00,0.009667
283.2081,5.9090,62.03,121.00,0.010318
283.2847,5.9090,61.76,121.00,0.009597
283.3639,5.9090,61.22,121.00,0.010423
283.4404,5.9090,62.03,121.00,0.009657
283.5197,5.9090,61.49,121.00,0.009949
283.5969,5.9090,61.76,121.00,0.010288
283.6769,5.9090,61.49,121.00,0.010733
283.7523,5.9090,62.03,121.00,0.009477
283.8313,5.9090,62.03,121.00,0.009448
283.9070,5.9090,61.76,121.00,0.009431
283.9881,5.9410,61.76,121.00,0.010335
284.0659,5.9730,61.22,121.00,0.010065
284.1449,5.9730,61.49,121.00,0.009933
284.2222,5.9730,62.30,121.00,0.009809
284.3017,5.9730,61.76,121.00,0.010542
284.3831,5.9730,61.49,121.00,0.010314
284.4630,5.9730,61.49,121.00,0.010305
284.5448,5.9730,61.49,121.00,0.010547
284.6254,5.9730,61.76,121.00,0.010140
284.7047,5.9730,61.49,121.00,0.009824
284.7866,5.9510,61.76,121.00,0.009928
284.8642,5.9510,61.49,121.00,0.010020
284.9441,5.9510,61.49,121.00,0.010153
285.0236,5.9510,61.49,121.00,0.010039
285.1030,5.9510,61.76,121.00,0.010492
285.1839,5.9510,62.30,121.00,0.010381
285.2646,5.9510,62.03,121.00,0.009869
285.3431,5.9510,61.76,121.00,0.010317
285.4222,5.9510,61.49,121.00,0.009606
285.5019,5.9510,61.76,121.00,0.010039
285.5810,5.9510,61.49,121.00,0.010510
285.6610,5.9510,61.76,121.00,0.009903
285.7425,5.9525,61.49,121.00,0.010040
285.8196,5.9540,61.49,121.00,0.010031
285.9006,5.9540,61.49,121.00,0.010100
285.9807,5.9540,61.76,121.00,0.010379
286.0619,5.9540,61.22,121.00,0.009978
286.1408,5.9540,61.76,121.00,0.009738
286.2201,5.9540,61.76,121.00,0.010257
286.2969,5.9540,61.22,121.00,0.010080
286.3743,5.9540,62.30,121.00,0.009371
286.4500,5.9540,61.76,121.00,0.009430
286.5273,5.9540,62.30,121.00,0.009593
286.6044,5.9540,61.76,121.00,0.010371
286.6874,5.9540,62.03,121.00,0.009967
286.7673,5.9580,61.49,121.00,0.009953
286.8490,5.9620,62.03,121.00,0.010305
286.9269,5.9620,61.76,121.00,0.010461
287.0065,5.9620,61.49,121.00,0.010050
287.0842,5.9620,61.49,121.00,0.010507
287.1653,5.9620,61.22,121.00,0.009947
287.2429,5.9620,61.49,121.00,0.010269
287.3204,5.9620,61.49,121.00,0.009320
287.3998,5.9620,62.03,121.00,0.010337
287.4790,5.9620,61.49,121.00,0.010198
287.5562,5.9620,61.76,121.00,0.010226
287.6387,5.9620,61.76,121.00,0.010264
287.7161,5.9620,61.49,121.00,0.010173
287.7984,5.9350,61.49,121.00,0.010160
287.8764,5.9350,62.03,121.00,0.010411
287.9571,5.9350,62.03,121.00,0.011322
288.0343,5.9350,61.22,121.00,0.010134
288.1149,5.9350,62.30,121.00,0.010079
288.1922,5.9350,61.22,121.00,0.010213
288.2735,5.9350,62.03,121.00,0.010328
288.3523,5.9350,61.76,121.00,0.010134
288.4332,5.9350,61.49,121.00,0.009997
288.5100,5.9350,61.49,121.00,0.009690
288.5895,5.9350,62.03,121.00,0.010313
288.6681,5.9350,62.03,121.00,0.010791
288.7484,5.9330,61.76,121.00,0.009732
288.8279,5.9310,61.76,121.00,0.010018
288.9092,5.9310,61.76,121.00,0.010051
288.9874,5.9310,61.76,121.00,0.010374
289.0696,5.9310,61.76,121.00,0.010427
289.1475,5.9310,62.03,121.00,0.010427
289.2268,5.9310,61.76,121.00,0.009779
289.3050,5.9310,61.22,121.00,0.010211
289.3867,5.9310,62.30,121.00,0.010519
289.4634,5.9310,61.76,121.00,0.010056
289.5453,5.9310,61.49,121.00,0.010199
289.6256,5.9310,61.76,121.00,0.010185
289.7046,5.9310,61.76,121.00,0.010356
289.7826,5.9310,62.03,121.00,0.010277
289.8637,5.9310,61.76,121.00,0.009917
289.9392,5.9310,62.03,121.00,0.009619
290.0170,5.9310,61.49,121.00,0.009706
290.0929,5.9310,61.49,121.00,0.009588
290.1735,5.9310,61.76,121.00,0.011261
290.2507,5.9310,61.49,121.00,0.009836
290.3316,5.9310,61.22,121.00,0.010340
290.4091,5.9310,62.03,121.00,0.010367
290.4883,5.9310,61.76,121.00,0.010536
290.5678,5.9310,62.03,121.00,0.010478
290.6476,5.9310,61.76,121.00,0.009784
290.7235,5.9310,61.49,121.00,0.009515
290.8057,5.9310,61.49,121.00,0.010191
290.8825,5.9310,61.49,121.00,0.009403
290.9605,5.9310,61.76,121.00,0.010183
291.0389,5.9310,61.22,121.00,0.009949
291.1163,5.9310,61.76,121.00,0.009767
291.1956,5.9485,61.22,121.00,0.010170
291.2753,5.9660,62.03,121.00,0.009884
291.3554,5.9660,61.76,121.00,0.010556
291.4361,5.9660,61.49,121.00,0.010238
291.5128,5.9660,62.03,121.00,0.009762
291.5920,5.9660,61.76,121.00,0.010565
291.6718,5.9660,62.30,121.00,0.010667
291.7529,5.9470,61.22,121.00,0.010320
291.8326,5.9280,61.76,121.00,0.010380
291.9160,5.9280,61.49,121.00,0.010358
291.9929,5.9280,61.49,121.00,0.010174
292.0757,5.9280,62.03,121.00,0.010509
292.1550,5.9280,61.49,121.00,0.010460
292.2357,5.9280,61.76,121.00,0.010035
292.3122,5.9280,62.03,121.00,0.009870
292.3928,5.9280,61.49,121.00,0.010044
292.4709,5.9280,61.76,121.00,0.010659
292.5518,5.9280,61.76,121.00,0.010591
292.6313,5.9280,61.49,121.00,0.010147
292.7114,5.9280,61.22,121.00,0.010401
292.7892,5.9200,61.76,121.00,0.010320
292.8683,5.9200,61.49,121.00,0.010252
292.9469,5.9200,62.03,121.00,0.010350
293.0268,5.9200,61.76,121.00,0.009754
293.1028,5.9200,61.49,121.00,0.009455
293.1803,5.9200,62.03,121.00,0.009540
293.2568,5.9200,61.49,121.00,0.009839
293.3360,5.9200,62.03,121.00,0.010009
293.4162,5.9200,61.76,121.00,0.010630
293.4971,5.9200,62.30,121.00,0.010563
293.5774,5.9200,61.49,121.00,0.010069
293.6559,5.9200,61.76,121.00,0.009864
293.7379,5.9255,61.49,121.00,0.010263
293.8169,5.9310,61.49,121.00,0.010200
293.8965,5.9310,61.49,121.00,0.010424
293.9774,5.9310,61.76,121.00,0.009918
294.0557,5.9310,61.76,121.00,0.009645
294.1325,5.9310,61.49,121.00,0.009450
294.2103,5.9310,61.76,121.00,0.009336
294.2878,5.9310,61.49,121.00,0.009967
294.3649,5.9310,62.03,121.00,0.009903
294.4463,5.9310,61.76,121.00,0.009757
294.5243,5.9310,61.22,121.00,0.010699
294.6053,5.9310,61.49,121.00,0.010245
294.6830,5.9310,61.49,121.00,0.010196
294.7608,5.9310,61.49,121.00,0.009534
294.8384,5.9310,61.76,121.00,0.009394
294.9181,5.9160,61.49,121.00,0.010058
294.9952,5.9160,61.76,121.00,0.010075
295.0754,5.9160,61.76,121.00,0.010643
295.1543,5.9160,62.03,121.00,0.009861
295.2326,5.9160,61.22,121.00,0.009994
295.3107,5.9160,62.03,121.00,0.010327
295.3916,5.9160,61.49,121.00,0.010260
295.4686,5.9160,61.49,121.00,0.009986
295.5480,5.9160,61.76,121.00,0.010343
295.6273,5.9160,61.49,121.00,0.010251
295.7109,5.9160,62.03,121.00,0.010298
295.7884,5.9920,61.76,121.00,0.009973
295.8686,5.9920,61.49,121.00,0.010053
295.9484,5.9920,62.03,121.00,0.010977
296.0279,5.9920,62.03,121.00,0.010274
296.1073,5.9920,61.49,121.00,0.010119
296.1881,5.9920,62.03,121.00,0.009789
296.2652,5.9920,61.22,121.00,0.010188
296.3469,5.9920,62.03,121.00,0.009957
296.4266,5.9920,62.30,121.00,0.010628
296.5066,5.9920,61.49,121.00,0.010318
296.5840,5.9920,62.30,121.00,0.010250
296.6679,5.9920,61.49,121.00,0.010421
296.7495,5.9750,61.76,121.00,0.010052
296.8275,5.9580,61.22,121.00,0.009469
296.9033,5.9580,61.49,121.00,0.009751
296.9806,5.9580,61.49,121.00,0.009687
297.0603,5.9580,61.76,121.00,0.010379
297.1375,5.9580,62.03,121.00,0.009604
297.2137,5.9580,62.03,121.00,0.009447
297.2949,5.9580,62.03,121.00,0.010072
297.3721,5.9580,61.49,121.00,0.010242
297.4553,5.9580,61.49,121.00,0.009999
297.5322,5.9580,62.03,121.00,0.010021
297.6112,5.9580,61.22,121.00,0.009643
297.6917,5.9580,62.03,121.00,0.010053
297.7732,5.9315,61.76,121.00,0.010345
297.8517,5.9050,62.03,121.00,0.010179
297.9298,5.9050,61.76,121.00,0.009476
298.0105,5.9050,61.49,121.00,0.010463
298.0916,5.9050,61.76,121.00,0.010184
298.1684,5.9050,61.76,121.00,0.010150
298.2477,5.9050,62.30,121.00,0.010178
298.3269,5.9050,61.76,121.00,0.009848
298.4077,5.9050,61.22,121.00,0.010169
298.4851,5.9050,61.76,121.00,0.010473
298.5639,5.9050,61.76,121.00,0.010079
298.6434,5.9050,61.76,121.00,0.009779
298.7227,5.9050,61.49,121.00,0.010139
298.8023,5.9580,61.76,121.00,0.010303
298.8807,5.9580,61.76,121.00,0.009902
298.9601,5.9580,61.22,121.00,0.010376
299.0384,5.9580,61.76,121.00,0.010105
299.1180,5.9580,61.76,121.00,0.010303
299.1982,5.9580,62.03,121.00,0.010001
299.2750,5.9580,62.03,121.00,0.010018
299.3548,5.9580,61.49,121.00,0.010555
299.4347,5.9580,61.76,121.00,0.010287
299.5133,5.9580,62.30,121.00,0.010173
299.5906,5.9580,61.22,121.00,0.010146
299.6710,5.9580,61.22,121.00,0.009551
299.7516,5.9580,61.76,121.00,0.010406
299.8328,5.9580,61.22,121.00,0.010419
299.9099,5.9580,61.49,121.00,0.009913
299.9921,5.9580,62.03,121.00,0.010125
300.0724,5.9580,62.03,121.00,0.010530
300.1534,5.9580,61.22,121.00,0.010315
300.2328,5.9580,61.76,121.00,0.010224
300.3122,5.9580,61.49,121.00,0.009906
300.3926,5.9580,61.76,121.00,0.010454
300.4764,5.9580,62.03,121.00,0.010238
300.5590,5.9580,61.76,121.00,0.009979
300.6410,5.9580,62.30,121.00,0.010237
300.7194,5.9580,61.76,121.00,0.010174
300.8039,5.8670,61.49,121.00,0.010407
300.8860,5.8670,61.49,121.00,0.010018
300.9678,5.8670,61.76,121.00,0.010133
301.0484,5.8670,62.03,121.00,0.010621
301.1275,5.8670,61.76,121.00,0.009802
301.2074,5.8670,61.22,121.00,0.009804
301.2894,5.8670,62.03,121.00,0.010282
301.3673,5.8670,61.76,121.00,0.010486
301.4476,5.8670,61.49,121.00,0.009927
301.5277,5.8670,61.22,121.00,0.010424
301.6074,5.8670,62.03,121.00,0.010479
301.6853,5.8670,61.49,121.00,0.010121
301.7666,5.9030,61.76,121.00,0.010403
301.8482,5.9390,62.03,121.00,0.010281
301.9272,5.9390,61.49,121.00,0.010226
302.0060,5.9390,61.76,121.00,0.010971
302.0847,5.9390,61.49,121.00,0.010191
302.1620,5.9390,61.49,121.00,0.010021
302.2407,5.9390,61.49,121.00,0.010330
302.3183,5.9390,61.76,121.00,0.009855
302.3975,5.9390,61.76,121.00,0.010190
302.4750,5.9390,61.49,121.00,0.010230
302.5540,5.9390,62.03,121.00,0.009717
302.6320,5.9390,61.49,121.00,0.010533
302.7155,5.9390,61.22,121.00,0.010252
302.7934,5.9390,61.76,121.00,0.010680
302.8725,5.9390,61.22,121.00,0.010104
302.9519,5.9390,61.76,121.00,0.010246
303.0328,5.9390,61.22,121.00,0.010057
303.1112,5.9390,61.76,121.00,0.010824
303.1918,5.9390,62.03,121.00,0.010195
303.2715,5.9390,61.49,121.00,0.010335
303.3507,5.9390,61.49,121.00,0.009939
303.4277,5.9390,61.76,121.00,0.009991
303.5121,5.9390,61.49,121.00,0.010478
303.5912,5.9390,61.22,121.00,0.010174
303.6711,5.9390,61.49,121.00,0.010199
303.7493,5.9410,61.49,121.00,0.010627
303.8288,5.9430,62.03,121.00,0.010128
303.9061,5.9430,61.49,121.50,0.010078
303.9857,5.9430,61.49,121.00,0.010307
304.0672,5.9430,61.76,121.00,0.010542
304.1485,5.9430,61.49,121.00,0.010870
304.2258,5.9430,61.49,121.00,0.010074
304.3048,5.9430,61.49,121.00,0.009890
304.3822,5.9430,62.03,121.00,0.009569
304.4607,5.9430,61.76,121.00,0.010249
304.5393,5.9430,61.22,121.00,0.009620
304.6190,5.9430,61.76,121.00,0.009670
304.6950,5.9430,61.49,121.00,0.010282
304.7767,5.9450,61.49,121.00,0.010469
304.8570,5.9470,61.49,121.00,0.010295
304.9363,5.9470,61.49,121.00,0.010355
305.0164,5.9470,61.22,121.00,0.010172
305.0995,5.9470,62.03,121.00,0.010110
305.1795,5.9470,61.49,121.00,0.010421
305.2604,5.9470,61.76,121.00,0.010159
305.3393,5.9470,62.03,121.00,0.009577
305.4189,5.9470,61.76,121.00,0.009441
305.4949,5.9470,61.49,121.00,0.009894
305.5726,5.9470,62.03,121.00,0.009640
305.6521,5.9470,61.49,121.00,0.010476
305.7316,5.9430,61.22,121.00,0.010549
305.8116,5.9390,61.76,121.00,0.010017
305.8928,5.9390,61.76,121.00,0.010255
305.9725,5.9390,61.22,121.00,0.010364
306.0555,5.9390,62.03,121.00,0.009980
306.1332,5.9390,61.49,121.00,0.010730
306.2146,5.9390,62.30,121.00,0.010082
306.2925,5.9390,61.76,121.00,0.010201
306.3720,5.9390,61.49,121.00,0.010205
306.4517,5.9390,61.76,121.00,0.010366
306.5295,5.9390,62.03,121.00,0.009574
306.6092,5.9390,61.49,121.00,0.010414
306.6881,5.9390,61.49,121.00,0.010254
306.7685,5.9485,61.76,121.00,0.010368
306.8481,5.9580,61.49,121.00,0.010556
306.9268,5.9580,61.76,121.00,0.009912
307.0082,5.9580,61.22,121.00,0.010089
307.0854,5.9580,62.03,121.00,0.010276
307.1641,5.9580,62.03,121.00,0.009965
307.2449,5.9580,61.76,121.00,0.009599
307.3236,5.9580,61.49,121.00,0.010179
307.4033,5.9580,61.76,121.00,0.010183
307.4839,5.9580,61.76,121.00,0.010095
307.5634,5.9580,62.30,121.00,0.010230
307.6440,5.9580,61.49,121.00,0.009919
307.7244,5.9580,61.49,121.00,0.010251
307.8037,5.9580,61.22,121.00,0.010306
307.8805,5.9580,61.49,121.50,0.009825
307.9625,5.9580,61.22,121.00,0.010048
308.0407,5.9580,61.76,121.00,0.010225
308.1223,5.9580,61.76,121.50,0.010080
308.2000,5.9580,61.76,121.00,0.010392
308.2839,5.9580,61.76,121.00,0.010625
308.3629,5.9580,61.49,121.00,0.009879
308.4408,5.9580,61.76,121.00,0.009435
308.5163,5.9580,61.76,121.00,0.009389
308.5938,5.9580,61.76,121.00,0.009452
308.6711,5.9580,61.49,121.00,0.009883
308.7526,5.9580,61.76,121.00,0.010311
308.8319,5.9310,61.76,121.00,0.010540
308.9129,5.9310,61.76,121.00,0.009834
308.9901,5.9310,61.76,121.00,0.009607
309.0697,5.9310,61.76,121.00,0.009447
309.1474,5.9310,61.76,121.00,0.009606
309.2245,5.9310,61.76,121.00,0.009850
309.3011,5.9310,62.03,121.00,0.009905
309.3788,5.9310,62.30,121.00,0.009976
309.4560,5.9310,61.76,121.00,0.010147
309.5366,5.9310,61.49,121.00,0.010004
309.6160,5.9310,61.76,121.00,0.010453
309.6997,5.9310,61.22,121.00,0.010141
309.7797,5.9960,61.22,121.00,0.010398
309.8600,5.9960,61.22,121.00,0.009949
309.9391,5.9960,61.49,121.00,0.010075
310.0201,5.9960,61.76,121.00,0.010386
310.0996,5.9960,61.76,121.00,0.010524
310.1792,5.9960,61.76,121.00,0.010312
310.2561,5.9960,61.49,121.00,0.009876
310.3397,5.9960,61.76,121.00,0.010185
310.4191,5.9960,61.49,121.00,0.009965
310.4986,5.9960,61.22,121.00,0.010325
310.5777,5.9960,61.49,121.00,0.010268
310.6573,5.9960,61.22,121.00,0.010464
310.7391,5.9715,62.03,121.00,0.010062
310.8191,5.9470,62.30,121.00,0.010462
310.9004,5.9470,61.76,121.00,0.010253
310.9812,5.9470,61.49,121.00,0.010579
311.0585,5.9470,61.49,121.00,0.010069
311.1385,5.9470,61.76,121.00,0.009592
311.2150,5.9470,61.49,121.00,0.010205
311.2960,5.9470,61.49,121.00,0.010368
311.3760,5.9470,61.22,121.00,0.010428
311.4593,5.9470,61.76,121.00,0.010422
311.5367,5.9470,62.03,121.00,0.010008
311.6159,5.9470,61.49,121.00,0.010297
311.6954,5.9470,61.22,121.00,0.010208
311.7772,5.9120,61.22,121.00,0.010223
311.8563,5.9120,61.49,121.00,0.009565
311.9375,5.9120,62.30,121.00,0.010167
312.0135,5.9120,61.49,121.00,0.009595
312.0914,5.9120,61.22,121.00,0.009957
312.1684,5.9120,61.49,121.00,0.010234
312.2475,5.9120,61.22,121.00,0.009632
312.3232,5.9120,61.22,121.00,0.009345
312.4010,5.9120,61.76,121.00,0.009768
312.4775,5.9120,61.49,121.00,0.010168
312.5567,5.9120,61.49,121.00,0.010141
312.6352,5.9120,61.49,121.00,0.010831
312.7160,5.9120,61.49,121.00,0.009974
312.7965,5.9090,61.76,121.00,0.010038
312.8771,5.9090,61.22,121.00,0.009688
312.9564,5.9090,62.03,121.00,0.009917
313.0359,5.9090,61.49,121.00,0.010157
313.1158,5.9090,61.76,121.00,0.010386
313.1955,5.9090,61.49,121.00,0.010254
313.2772,5.9090,61.49,121.00,0.009743
313.3564,5.9090,61.76,121.00,0.010437
313.4336,5.9090,61.22,121.00,0.010206
313.5126,5.9090,61.76,121.00,0.009751
313.5921,5.9090,61.22,121.00,0.010226
313.6733,5.9090,61.76,121.00,0.010026
313.7510,5.9090,61.76,121.00,0.010130
313.8302,5.9090,61.76,121.00,0.009946
313.9083,5.9090,61.76,121.00,0.010298
313.9897,5.9090,62.03,121.00,0.010101
314.0694,5.9090,61.22,121.00,0.010085
314.1501,5.9090,61.76,121.00,0.010077
314.2273,5.9090,62.03,121.00,0.010113
314.3071,5.9090,61.49,121.00,0.010071
314.3845,5.9090,61.49,121.00,0.010241
314.4633,5.9090,61.49,121.00,0.010200
314.5416,5.9090,62.30,121.00,0.010276
314.6204,5.9090,61.22,121.00,0.009520
314.6974,5.9090,62.03,121.00,0.010326
314.7800,5.9090,61.76,121.00,0.010546
314.8609,5.9525,61.49,121.00,0.009496
314.9407,5.9960,61.76,121.00,0.010255
315.0192,5.9960,62.03,121.00,0.009646
315.0960,5.9960,61.49,121.00,0.009430
315.1718,5.9960,61.22,121.00,0.009591
315.2502,5.9960,61.22,121.00,0.009691
315.3308,5.9960,61.76,121.00,0.010472
315.4097,5.9960,61.49,121.00,0.010462
315.4893,5.9960,61.22,121.00,0.010129
315.5713,5.9960,62.03,121.00,0.010365
315.6486,5.9960,61.22,121.00,0.010087
315.7277,5.9960,61.76,121.00,0.010365
315.8077,5.9960,61.76,121.00,0.010083
315.8911,5.9960,61.76,121.00,0.010347
315.9691,5.9960,61.76,121.00,0.010170
316.0480,5.9960,62.03,121.50,0.010192
316.1271,5.9960,61.76,121.00,0.010144
316.2075,5.9960,61.76,121.00,0.009967
316.2837,5.9960,61.22,121.00,0.009415
316.3636,5.9960,62.03,121.00,0.009502
316.4432,5.9960,62.03,121.00,0.010282
316.5245,5.9960,61.49,121.00,0.010433
316.6035,5.9960,61.49,121.00,0.010230
316.6823,5.9960,61.49,121.00,0.009850
316.7649,5.9675,62.03,121.00,0.010150
316.8472,5.9390,61.49,121.00,0.010541
316.9254,5.9390,62.03,121.00,0.010625
317.0039,5.9390,61.76,121.00,0.009728
317.0793,5.9390,61.49,121.00,0.009539
317.1577,5.9390,61.49,121.00,0.009973
317.2370,5.9390,61.76,121.00,0.010200
317.3179,5.9390,61.76,121.00,0.009973
317.3955,5.9390,61.76,121.00,0.010769
317.4737,5.9390,61.49,121.00,0.009604
317.5527,5.9390,61.49,121.00,0.009958
317.6317,5.9390,61.22,121.00,0.010170
317.7113,5.9390,62.03,121.00,0.009889
317.7953,5.9160,61.49,121.00,0.009763
317.8722,5.9160,61.49,121.00,0.009864
317.9516,5.9160,62.03,121.00,0.010486
318.0284,5.9160,61.49,121.00,0.009810
318.1079,5.9160,62.03,121.50,0.010442
318.1879,5.9160,61.76,121.00,0.010562
318.2666,5.9160,61.49,121.50,0.010263
318.3431,5.9160,61.76,121.00,0.009768
318.4230,5.9160,61.49,121.00,0.010092
318.4992,5.9160,62.30,121.00,0.010080
318.5775,5.9160,61.49,121.00,0.009956
318.6550,5.9160,61.49,121.00,0.010159
318.7363,5.9335,62.03,121.00,0.010671
318.8157,5.9510,61.49,121.00,0.010080
318.8948,5.9510,61.76,121.00,0.010379
318.9778,5.9510,61.49,121.00,0.010508
319.0603,5.9510,61.22,121.00,0.010485
319.1404,5.9510,61.49,121.00,0.010070
319.2197,5.9510,61.76,121.00,0.010177
319.3000,5.9510,61.76,121.00,0.010437
319.3815,5.9510,61.49,121.00,0.010235
319.4602,5.9510,61.49,121.00,0.010469
319.5444,5.9510,61.49,121.00,0.010277
319.6244,5.9510,61.76,121.00,0.010138
319.7039,5.9510,61.76,121.00,0.010062
319.7810,5.9510,61.76,121.00,0.010161
319.8599,5.9510,61.76,121.00,0.010091
319.9365,5.9510,61.49,121.00,0.009572
320.0142,5.9510,61.76,121.00,0.009522
320.0902,5.9510,61.76,121.00,0.009550
320.1688,5.9510,62.03,121.00,0.009811
320.2476,5.9510,62.03,121.00,0.010309
320.3275,5.9510,62.03,121.00,0.010568
320.4042,5.9510,61.22,121.00,0.010331
320.4853,5.9510,61.22,121.00,0.009806
320.5656,5.9510,61.22,121.00,0.010355
320.6438,5.9510,62.03,121.00,0.009518
320.7216,5.9510,61.49,121.00,0.010376
320.8004,5.9510,61.49,121.00,0.009654
320.8765,5.9510,62.03,121.00,0.009801
320.9569,5.9510,61.76,121.00,0.010421
321.0354,5.9620,61.49,121.00,0.010238
321.1139,5.9620,61.49,121.00,0.010085
321.1919,5.9620,61.49,121.00,0.010151
321.2728,5.9620,61.76,121.00,0.010020
321.3529,5.9620,62.03,121.00,0.010562
321.4361,5.9620,62.03,121.00,0.010257
321.5157,5.9620,62.03,121.00,0.010190
321.5968,5.9620,61.76,121.00,0.010412
321.6737,5.9620,61.76,121.00,0.009690
321.7530,5.9565,61.49,121.00,0.010633
321.8309,5.9510,61.49,121.00,0.010049
321.9119,5.9510,61.76,121.00,0.009714
321.9916,5.9510,61.49,121.00,0.009670
322.0756,5.9510,61.49,121.00,0.010600
322.1527,5.9510,61.76,121.00,0.010260
322.2322,5.9510,61.22,121.00,0.010310
322.3094,5.9510,61.76,121.00,0.010079
322.3910,5.9510,61.76,121.00,0.010506
322.4699,5.9510,61.76,121.00,0.010017
322.5487,5.9510,61.49,121.00,0.010436
322.6285,5.9510,61.49,121.00,0.010009
322.7095,5.9510,61.49,121.00,0.009715
322.7910,5.8930,61.76,121.00,0.011814
322.8726,5.8930,61.49,121.00,0.010578
322.9521,5.8930,62.03,121.00,0.010598
323.0361,5.8930,62.03,121.00,0.009923
323.1155,5.8930,61.22,121.00,0.009651
323.1971,5.8930,61.49,121.00,0.010255
323.2752,5.8930,62.03,121.00,0.010960
323.3603,5.8930,61.49,121.00,0.010155
323.4456,5.8930,62.03,121.00,0.010148
323.5330,5.8930,61.76,121.00,0.010763
323.6161,5.8930,62.03,121.00,0.010591
323.7011,5.8930,61.76,121.00,0.010724
323.7841,5.7630,61.49,122.00,0.009449
323.8635,5.7630,61.49,122.00,0.009862
323.9408,5.7630,61.49,122.00,0.010045
324.0229,5.7630,61.49,122.00,0.010108
324.1007,5.7630,61.76,122.00,0.009583
324.1843,5.7630,61.76,122.00,0.010287
324.2631,5.7630,61.49,122.00,0.010144
324.3436,5.7630,62.03,122.00,0.009326
324.4195,5.7630,61.76,122.00,0.009916
324.4976,5.7630,62.03,122.00,0.009637
324.5748,5.7630,61.76,122.00,0.010248
324.6616,5.7630,61.76,122.00,0.010534
324.7443,5.7840,61.49,122.00,0.010596
324.8314,5.8050,61.49,122.00,0.010733
324.9151,5.8050,61.49,122.00,0.010766
325.0018,5.8050,61.49,122.00,0.010045
325.0828,5.8050,61.76,122.00,0.009375
325.1669,5.8050,61.22,122.00,0.009952
325.2482,5.8050,61.49,122.00,0.010477
325.3313,5.8050,61.49,122.00,0.010179
325.4148,5.8050,61.22,122.00,0.010434
325.4954,5.8050,62.03,122.00,0.009537
325.5730,5.8050,61.22,123.00,0.009930
325.6554,5.8050,61.49,123.00,0.009816
325.7324,5.8050,61.49,123.00,0.009743
325.8142,5.8050,61.22,123.00,0.009854
325.8991,5.8225,61.76,123.00,0.010320
325.9840,5.8400,61.49,123.00,0.010026
326.0698,5.8400,61.76,123.00,0.010761
326.1538,5.8400,61.49,123.00,0.010563
326.2328,5.8400,61.49,123.00,0.010093
326.3163,5.8400,61.76,123.00,0.009377
326.3921,5.8400,61.22,123.00,0.009788
326.4695,5.8400,61.49,123.00,0.009596
326.5479,5.8400,61.76,123.00,0.009739
326.6280,5.8400,62.03,123.00,0.010490
326.7115,5.8400,61.76,123.00,0.010633
326.7923,5.9310,61.76,123.00,0.009460
326.8706,5.9310,61.76,123.00,0.009606
326.9488,5.9310,61.49,123.00,0.009943
327.0280,5.9310,62.30,123.00,0.009949
327.1088,5.9310,61.76,123.00,0.009943
327.1874,5.9310,61.49,123.00,0.010914
327.2658,5.9310,61.49,123.00,0.010231
327.3423,5.9310,61.76,123.00,0.009706
327.4196,5.9310,61.49,123.00,0.009762
327.4955,5.9310,61.76,123.00,0.010039
327.5754,5.9310,61.76,123.00,0.009730
327.6503,5.9310,61.76,123.00,0.009350
327.7283,5.9310,61.49,123.00,0.009438
327.8049,5.9310,61.22,123.00,0.009986
327.8891,5.9470,61.76,123.00,0.010153
327.9689,5.9470,61.76,123.00,0.009749
328.0486,5.9470,61.49,123.00,0.010304
328.1282,5.9470,61.49,123.00,0.010030
328.2117,5.9470,61.22,123.00,0.010092
328.2919,5.9470,61.22,123.00,0.010116
328.3758,5.9470,61.22,123.00,0.010088
328.4550,5.9470,61.49,123.00,0.010001
328.5345,5.9470,61.22,123.00,0.010217
328.6120,5.9470,61.22,123.00,0.010259
328.6902,5.9470,61.22,123.00,0.009939
328.7692,5.9165,62.30,123.00,0.010083
328.8481,5.8860,61.49,123.00,0.010433
328.9299,5.8860,61.49,123.00,0.010732
329.0113,5.8860,62.03,123.00,0.010414
329.0887,5.8860,61.76,123.00,0.010508
329.1670,5.8860,61.22,123.00,0.010144
329.2445,5.8860,62.03,123.00,0.010261
329.3258,5.8860,61.22,123.00,0.010391
329.4027,5.8860,61.49,123.00,0.009836
329.4834,5.8860,62.03,123.00,0.010171
329.5614,5.8860,61.76,123.00,0.010455
329.6445,5.8860,61.22,123.00,0.009941
329.7241,5.8860,61.49,123.00,0.010411
329.8072,5.9240,61.76,123.00,0.009581
329.8835,5.9240,61.76,123.00,0.009628
329.9641,5.9240,61.22,123.00,0.010164
330.0407,5.9240,61.22,123.00,0.009527
330.1238,5.9240,61.76,123.00,0.009879
330.2030,5.9240,61.22,123.50,0.010148
330.2860,5.9240,61.76,124.00,0.009583
330.3688,5.9240,62.03,124.00,0.010666
330.4522,5.9240,61.22,124.00,0.010214
330.5320,5.9240,61.22,124.00,0.010108
330.6186,5.9240,61.76,124.00,0.010101
330.7034,5.9240,61.76,124.00,0.010551
330.7881,5.8670,61.76,124.00,0.010454
330.8714,5.8670,61.76,124.00,0.010002
330.9585,5.8670,61.49,124.00,0.011153
331.0409,5.8670,61.49,124.00,0.010492
331.1273,5.8670,61.49,124.00,0.009779
331.2089,5.8670,61.49,124.00,0.010105
331.2922,5.8670,61.76,124.00,0.010864
331.3722,5.8670,61.76,124.00,0.010569
331.4545,5.8670,61.49,124.00,0.009751
331.5323,5.8670,62.03,124.00,0.009691
331.6169,5.8670,61.49,124.00,0.009690
331.7022,5.8670,61.49,124.00,0.010665
331.7845,5.8590,61.76,124.00,0.010576
331.8671,5.8590,62.03,124.00,0.010648
331.9534,5.8590,61.76,124.00,0.010890
332.0361,5.8590,61.76,124.00,0.010870
332.1234,5.8590,61.22,124.00,0.009878
332.2083,5.8590,61.49,124.00,0.010868
332.2936,5.8590,61.76,124.00,0.010883
332.3761,5.8590,61.49,124.00,0.010445
332.4620,5.8590,61.76,124.00,0.010337
332.5481,5.8590,62.03,124.00,0.010784
332.6356,5.8590,61.49,124.00,0.010722
332.7171,5.8590,61.49,124.00,0.010550
332.8040,5.7020,61.49,124.00,0.010437
332.8883,5.7020,61.76,124.00,0.010561
332.9721,5.7020,61.76,124.00,0.010250
333.0549,5.7020,62.03,124.00,0.010220
333.1397,5.7020,61.49,124.00,0.010367
333.2244,5.7020,61.49,124.00,0.010798
333.3069,5.7020,61.49,124.00,0.010431
333.3890,5.7020,61.22,124.00,0.010017
333.4764,5.7020,61.76,124.00,0.010426
333.5587,5.7020,61.22,124.00,0.009992
333.6405,5.7020,61.49,124.00,0.010588
333.7163,5.7020,61.49,124.00,0.009449
333.7969,5.7020,61.76,124.00,0.009794
333.8752,5.7020,61.76,124.00,0.009785
333.9595,5.8265,61.49,124.00,0.010727
334.0361,5.9510,61.22,124.00,0.009999
334.1170,5.9510,61.22,124.00,0.009631
334.1952,5.9510,61.76,124.00,0.009831
334.2754,5.9510,61.49,124.00,0.009519
334.3512,5.9510,61.49,124.00,0.009812
334.4316,5.9510,61.49,124.00,0.009853
334.5085,5.9510,62.03,124.00,0.010038
334.5897,5.9510,62.03,124.00,0.009757
334.6691,5.9510,61.49,124.00,0.010116
334.7506,5.9090,61.22,124.00,0.009544
334.8277,5.8670,61.49,124.00,0.010163
334.9069,5.8670,62.03,124.00,0.010208
334.9833,5.8670,61.76,124.00,0.010083
335.0649,5.8670,61.49,124.00,0.010077
335.1427,5.8670,61.49,124.00,0.009985
335.2245,5.8670,61.49,124.00,0.009957
335.3026,5.8670,61.49,124.00,0.009429
335.3810,5.8670,62.03,124.00,0.009753
335.4600,5.8670,61.22,124.00,0.009851
335.5443,5.8670,61.22,124.00,0.010379
335.6242,5.8670,61.76,124.00,0.010206
335.7080,5.8670,62.03,124.00,0.010396
335.7892,5.8670,62.03,124.00,0.010659
335.8689,5.8670,61.49,124.00,0.009799
335.9457,5.8670,62.03,124.00,0.010336
336.0286,5.8670,61.22,124.00,0.010497
336.1081,5.8670,61.49,124.00,0.010085
336.1878,5.8670,61.49,124.00,0.010267
336.2653,5.8670,62.30,124.00,0.010243
336.3466,5.8670,61.22,124.50,0.009922
336.4235,5.8670,61.76,125.00,0.010319
336.5021,5.8670,61.49,125.00,0.010037
336.5794,5.8670,61.49,125.00,0.010215
336.6591,5.8670,61.49,125.00,0.009930
336.7389,5.8725,61.22,125.00,0.009862
336.8186,5.8780,61.49,125.00,0.009961
336.8974,5.8780,61.49,125.00,0.010225
336.9767,5.8780,61.49,125.00,0.010031
337.0573,5.8780,60.95,125.00,0.010031
337.1365,5.8780,61.49,125.00,0.010149
337.2168,5.8780,61.76,125.00,0.010570
337.2997,5.8780,61.22,125.00,0.010213
337.3762,5.8780,61.22,125.00,0.009964
337.4565,5.8780,61.76,125.00,0.009417
337.5359,5.8780,61.22,125.00,0.010138
337.6173,5.8780,61.49,125.00,0.010049
337.6966,5.8780,61.49,125.00,0.010384
337.7783,5.9510,61.49,125.00,0.009751
337.8561,5.9510,61.76,125.00,0.010325
337.9360,5.9510,61.22,125.00,0.010777
338.0159,5.9510,61.76,125.00,0.010534
338.0969,5.9510,61.76,125.00,0.010231
338.1741,5.9510,61.49,124.00,0.009729
338.2527,5.9510,61.49,124.00,0.010155
338.3327,5.9510,61.22,124.00,0.010812
338.4121,5.9510,61.76,124.50,0.010337
338.4937,5.9510,62.03,125.00,0.010001
338.5728,5.9510,61.76,125.00,0.009949
338.6514,5.9510,61.49,125.00,0.010453
338.7312,5.9410,62.03,125.00,0.010647
338.8116,5.9310,61.76,124.50,0.010278
338.8962,5.9310,61.22,124.00,0.010714
338.9750,5.9310,61.49,124.00,0.010776
339.0560,5.9310,61.76,124.00,0.009848
339.1364,5.9310,61.49,124.00,0.010235
339.2203,5.9310,61.49,124.00,0.010134
339.3004,5.9310,61.49,124.00,0.010087
339.3806,5.9310,61.76,124.00,0.010656
339.4620,5.9310,60.95,124.00,0.010175
339.5428,5.9310,61.49,124.00,0.009909
339.6204,5.9310,61.76,124.00,0.010301
339.7001,5.9310,61.76,124.00,0.010436
339.7806,5.8930,61.22,124.00,0.010336
339.8645,5.8930,61.22,124.00,0.010547
339.9430,5.8930,61.76,124.00,0.010547
340.0240,5.8930,62.03,124.00,0.010432
340.1037,5.8930,61.76,124.00,0.010138
340.1853,5.8930,61.49,124.00,0.010320
340.2626,5.8930,61.76,124.00,0.010035
340.3436,5.8930,61.76,124.00,0.009525
340.4221,5.8930,62.03,124.00,0.009495
340.4999,5.8930,61.76,124.00,0.009418
340.5807,5.8930,62.03,124.00,0.009395
340.6593,5.8930,61.22,124.00,0.009912
340.7348,5.8930,62.03,124.00,0.009481
340.8118,5.8930,61.49,124.00,0.009292
340.8912,5.8930,61.76,124.00,0.010673
340.9708,5.8820,62.03,124.00,0.009735
341.0491,5.8820,62.03,124.00,0.009447
341.1272,5.8820,62.03,124.00,0.009872
341.2038,5.8820,61.49,124.00,0.009772
341.2842,5.8820,61.49,124.00,0.010241
341.3632,5.8820,61.49,124.00,0.009954
341.4445,5.8820,61.49,124.00,0.010319
341.5245,5.8820,62.03,124.00,0.010726
341.6053,5.8820,62.03,124.00,0.010219
341.6821,5.8820,61.76,124.00,0.010115
341.7627,5.8855,61.49,124.00,0.009578
341.8396,5.8890,61.76,124.00,0.010118
341.9199,5.8890,61.49,124.00,0.009953
341.9969,5.8890,61.76,124.00,0.009877
342.0761,5.8890,61.49,124.00,0.010358
342.1559,5.8890,61.76,124.00,0.010281
342.2342,5.8890,61.22,124.00,0.010029
342.3125,5.8890,62.03,124.00,0.010285
342.3957,5.8890,61.76,124.00,0.009811
342.4721,5.8890,62.30,124.00,0.009446
342.5519,5.8890,62.03,124.00,0.009407
342.6281,5.8890,62.03,124.00,0.010416
342.7081,5.8890,61.76,124.00,0.010217
342.7853,5.8890,61.76,124.00,0.009976
342.8639,5.8890,61.49,124.00,0.009794
342.9423,5.8890,61.76,124.00,0.009627
343.0225,5.8890,62.03,124.00,0.009504
343.1007,5.8890,61.76,124.00,0.009821
343.1806,5.8890,61.49,124.00,0.009955
343.2600,5.8890,62.03,124.00,0.010216
343.3409,5.8890,61.76,124.00,0.009934
343.4172,5.8890,61.49,124.00,0.009408
343.4943,5.8890,61.76,124.00,0.009313
343.5728,5.8890,62.30,123.50,0.009671
343.6518,5.8890,61.76,123.00,0.009764
343.7294,5.8890,62.03,123.00,0.010665
343.8090,5.8890,61.76,123.00,0.010164
343.8872,5.8890,62.03,123.00,0.010512
343.9651,5.8890,62.03,123.50,0.010156
344.0434,5.8890,61.76,123.00,0.010038
344.1284,5.8930,61.49,123.00,0.010542
344.2034,5.8930,61.49,123.00,0.009605
344.2829,5.8930,61.76,123.00,0.009497
344.3588,5.8930,61.22,123.00,0.009670
344.4367,5.8930,61.49,123.00,0.009752
344.5150,5.8930,61.49,123.00,0.010243
344.5932,5.8930,61.76,123.00,0.009865
344.6726,5.8930,61.22,123.00,0.010396
344.7548,5.9445,62.03,123.00,0.010133
344.8351,5.9960,61.49,123.00,0.009984
344.9147,5.9960,61.76,123.00,0.010342
344.9953,5.9960,61.76,123.00,0.010445
345.0739,5.9960,61.76,123.00,0.010034
345.1529,5.9960,62.30,123.00,0.009702
345.2321,5.9960,61.76,123.00,0.009935
345.3125,5.9960,62.30,123.00,0.010343
345.3965,5.9960,61.49,123.00,0.010213
345.4732,5.9960,61.49,123.00,0.010209
345.5567,5.9960,62.03,123.00,0.009869
345.6326,5.9960,61.22,123.00,0.009566
345.7100,5.9960,61.76,123.00,0.009535
345.7858,5.9960,61.76,123.00,0.009394
345.8650,5.9655,61.76,123.00,0.010130
345.9453,5.9350,61.76,123.00,0.010087
346.0246,5.9350,62.03,123.00,0.010399
346.1006,5.9350,61.76,123.00,0.009567
346.1806,5.9350,61.22,123.00,0.009508
346.2563,5.9350,61.76,123.00,0.009457
346.3375,5.9350,61.49,123.00,0.010376
346.4149,5.9350,61.22,123.00,0.010408
346.4966,5.9350,61.76,123.00,0.010190
346.5760,5.9350,61.22,123.00,0.010291
346.6591,5.9350,62.03,123.00,0.009688
346.7359,5.9350,61.76,123.00,0.009851
346.8131,5.9350,61.22,123.00,0.009919
346.8908,5.9350,61.76,123.00,0.009518
346.9688,5.9120,61.76,123.00,0.009947
347.0486,5.8890,61.49,123.00,0.009831
347.1296,5.8890,61.49,123.00,0.010045
347.2116,5.8890,61.76,122.50,0.010253
347.2929,5.8890,62.03,122.50,0.010262
347.3727,5.8890,61.49,123.00,0.010087
347.4535,5.8890,61.76,123.00,0.010118
347.5328,5.8890,62.03,122.50,0.009868
347.6155,5.8890,61.49,122.00,0.009838
347.6924,5.8890,62.03,122.50,0.009832
347.7724,5.8820,62.30,122.00,0.010479
347.8519,5.8820,61.76,122.00,0.010388
347.9330,5.8820,61.49,122.00,0.009928
348.0114,5.8820,61.49,122.00,0.010291
348.0929,5.8820,61.76,122.00,0.009986
348.1707,5.8820,61.49,122.00,0.010277
348.2518,5.8820,61.49,122.00,0.010319
348.3303,5.8820,62.30,122.00,0.009600
348.4112,5.8820,61.49,122.00,0.009706
348.4892,5.8820,61.49,122.00,0.010552
348.5681,5.8820,62.03,122.00,0.010295
348.6493,5.8820,61.76,122.00,0.010122
348.7321,5.8915,61.49,122.00,0.010887
348.8137,5.9010,61.49,122.00,0.009884
348.8930,5.9010,61.49,122.00,0.010307
348.9731,5.9010,62.03,122.00,0.010779
349.0514,5.9010,61.22,122.00,0.009908
349.1282,5.9010,61.76,122.00,0.009561
349.2078,5.9010,61.76,122.00,0.010691
349.2847,5.9010,62.03,122.00,0.009977
349.3638,5.9010,62.03,122.00,0.010301
349.4427,5.9010,62.03,122.00,0.010110
349.5235,5.9010,61.76,122.00,0.010032
349.6026,5.9010,61.22,122.00,0.009818
349.6807,5.9010,61.76,122.00,0.009591
349.7622,5.9180,61.22,122.00,0.009952
349.8433,5.9350,61.76,122.00,0.009615
349.9227,5.9350,62.03,122.00,0.010145
350.0045,5.9350,61.49,122.00,0.010474
350.0853,5.9350,62.03,122.00,0.009842
350.1643,5.9350,62.03,121.50,0.010096
350.2436,5.9350,62.03,121.00,0.010013
350.3246,5.9350,61.76,121.00,0.010050
350.4026,5.9350,61.49,121.00,0.010285
350.4834,5.9350,61.76,121.00,0.009991
350.5621,5.9350,61.22,121.00,0.009716
350.6395,5.9350,61.76,121.00,0.009451
350.7154,5.9350,61.22,121.00,0.009624
350.7967,5.9235,61.49,121.00,0.010023
350.8764,5.9120,62.03,121.00,0.010339
350.9595,5.9120,61.49,121.00,0.010192
351.0351,5.9120,61.76,121.00,0.009561
351.1125,5.9120,61.49,121.00,0.009640
351.1895,5.9120,61.76,121.00,0.010718
351.2684,5.9120,61.76,121.00,0.010084
351.3454,5.9120,61.49,121.00,0.010169
351.4247,5.9120,61.76,121.00,0.010207
351.5040,5.9120,61.76,121.00,0.010092
351.5848,5.9120,62.03,121.00,0.009777
351.6644,5.9120,61.49,121.00,0.010448
351.7481,5.9065,61.49,121.00,0.010736
351.8276,5.9010,62.03,121.00,0.010033
351.9086,5.9010,61.22,121.00,0.009914
351.9891,5.9010,61.76,121.00,0.010099
352.0683,5.9010,61.76,121.00,0.010507
352.1481,5.9010,62.03,121.00,0.010787
352.2287,5.9010,62.03,121.00,0.009984
352.3054,5.9010,61.49,121.00,0.009628
352.3867,5.9010,61.76,121.00,0.010003
352.4640,5.9010,61.22,121.00,0.010544
352.5417,5.9010,62.03,121.00,0.009773
352.6190,5.9010,61.76,121.00,0.010281
352.6996,5.9010,61.49,121.00,0.010058
352.7792,5.8930,61.22,121.00,0.009736
352.8607,5.8930,61.49,121.00,0.010438
352.9403,5.8930,61.76,121.00,0.009823
353.0188,5.8930,61.49,121.00,0.009514
353.0960,5.8930,62.03,121.00,0.010191
353.1777,5.8930,61.49,121.00,0.010494
353.2542,5.8930,61.76,121.00,0.009908
353.3331,5.8930,61.49,121.00,0.009964
353.4106,5.8930,62.03,121.00,0.010161
353.4915,5.8930,61.49,121.00,0.009910
353.5681,5.8930,61.76,121.00,0.009808
353.6494,5.8930,62.03,121.00,0.009988
353.7289,5.9120,61.49,121.00,0.010254
353.8078,5.9310,62.03,121.00,0.010181
353.8873,5.9310,61.49,121.00,0.010206
353.9667,5.9310,61.22,121.00,0.010236
354.0432,5.9310,61.49,121.00,0.009718
354.1245,5.9310,61.76,121.00,0.010250
354.2042,5.9310,61.76,121.00,0.010446
354.2830,5.9310,61.49,121.00,0.009901
354.3605,5.9310,61.76,121.00,0.010639
354.4426,5.9310,61.49,121.00,0.010186
354.5221,5.9310,61.49,121.00,0.010342
354.6009,5.9310,61.49,121.00,0.010082
354.6811,5.9310,61.76,121.00,0.009960
354.7594,5.9310,62.03,121.00,0.009641
354.8369,5.9310,61.49,121.00,0.010357
354.9186,5.9310,61.49,121.00,0.010401
354.9959,5.9310,61.76,121.00,0.010210
355.0774,5.9310,61.22,121.00,0.010495
355.1551,5.9310,61.49,121.00,0.010211
355.2364,5.9310,61.76,121.00,0.010236
355.3161,5.9310,61.76,121.00,0.010452
355.3947,5.9310,61.22,121.00,0.010074
355.4729,5.9310,62.03,121.00,0.010303
355.5519,5.9310,61.76,121.00,0.010176
355.6293,5.9310,61.49,121.00,0.010256
355.7085,5.9310,61.76,121.00,0.010299
355.7859,5.9310,61.76,121.00,0.009635
355.8654,5.9310,61.22,121.00,0.009582
355.9430,5.9310,61.49,121.00,0.009541
356.0245,5.9310,61.76,121.00,0.010603
356.1057,5.9310,61.49,121.00,0.010217
356.1840,5.9310,61.76,121.00,0.009805
356.2643,5.9960,61.49,121.00,0.010219
356.3456,5.9960,61.76,121.00,0.010643
356.4222,5.9960,62.03,121.00,0.009755
356.5030,5.9960,61.76,121.00,0.009539
356.5807,5.9960,61.76,121.00,0.010832
356.6601,5.9960,62.03,121.00,0.010780
356.7393,6.0115,62.03,121.00,0.010375
356.8208,6.0270,62.03,121.00,0.010224
356.8957,6.0270,60.95,121.00,0.009363
356.9762,6.0270,61.49,121.00,0.010250
357.0539,6.0270,61.49,121.00,0.009362
357.1320,6.0270,61.76,121.00,0.009812
357.2122,6.0270,61.76,121.00,0.010649
357.2959,6.0270,61.49,121.00,0.010693
357.3777,6.0270,61.49,121.00,0.010556
357.4581,6.0270,61.49,121.00,0.009886
357.5350,6.0270,61.22,121.00,0.010337
357.6157,6.0270,62.03,121.00,0.009774
357.6946,6.0270,61.76,121.00,0.009794
357.7712,6.0270,61.49,121.00,0.009362
357.8467,6.0270,62.30,121.00,0.009727
357.9249,6.0095,62.30,121.00,0.009981
358.0028,5.9920,61.49,121.00,0.010431
358.0841,5.9920,62.30,121.00,0.010572
358.1630,5.9920,62.03,121.00,0.010010
358.2434,5.9920,61.76,121.00,0.009855
358.3255,5.9920,62.03,121.00,0.010480
358.4079,5.9920,62.03,121.00,0.010097
358.4870,5.9920,61.76,121.00,0.010144
358.5682,5.9920,61.49,121.00,0.009902
358.6483,5.9920,61.76,121.00,0.010757
358.7293,5.9920,61.76,121.00,0.009857
358.8087,5.9920,61.22,121.00,0.010538
358.8885,5.9920,61.76,121.00,0.010358
358.9683,5.9920,62.03,121.00,0.010371
359.0485,5.9920,61.76,121.00,0.009341
359.1239,5.9920,61.76,121.00,0.009604
359.2038,5.9920,61.49,121.00,0.009717
359.2791,5.9920,61.76,121.00,0.009548
359.3599,5.9920,61.76,121.00,0.009777
359.4388,5.9920,61.76,121.00,0.010201
359.5198,5.9920,61.49,121.00,0.010237
359.6011,5.9920,62.03,121.00,0.010225
359.6799,5.9920,61.49,121.00,0.010083
359.7601,5.9920,61.22,121.00,0.010703
359.8393,5.9920,61.22,121.00,0.010179
359.9165,5.9920,61.49,121.00,0.009955
359.9981,5.9920,61.76,121.00,0.010000
360.0775,5.9920,61.22,121.00,0.010209
360.1570,5.9920,61.76,121.00,0.010292
360.2389,5.9560,61.49,121.00,0.010692
360.3184,5.9200,61.49,121.00,0.009838
360.3953,5.9200,61.49,121.00,0.010024
360.4740,5.9200,61.49,121.00,0.009730
360.5502,5.9200,62.03,121.00,0.009634
360.6286,5.9200,61.49,121.00,0.009807
360.7080,5.9200,61.76,121.00,0.010539
360.7916,5.9465,61.49,121.00,0.010121
360.8689,5.9730,62.03,121.00,0.010372
360.9484,5.9730,61.22,121.00,0.010140
361.0279,5.9730,61.76,121.00,0.010229
361.1114,5.9730,61.49,121.00,0.009835
361.1883,5.9730,62.03,121.00,0.009994
361.2680,5.9730,61.76,121.00,0.010433
361.3473,5.9730,61.76,121.00,0.010171
361.4269,5.9730,61.49,121.00,0.010355
361.5041,5.9730,61.49,121.00,0.010471
361.5871,5.9730,61.49,121.00,0.010269
361.6639,5.9730,61.49,121.00,0.010149
361.7473,5.9885,62.30,121.00,0.009907
361.8249,6.0040,61.49,121.00,0.009691
361.9037,6.0040,61.76,121.00,0.010117
361.9836,6.0040,61.76,121.00,0.010209
362.0636,6.0040,61.49,121.00,0.010733
362.1428,6.0040,61.76,121.00,0.010288
362.2233,6.0040,61.76,121.00,0.009827
362.3024,6.0040,61.49,121.00,0.009930
362.3835,6.0040,61.49,121.00,0.010304
362.4629,6.0040,61.49,121.00,0.010206
362.5434,6.0040,61.76,121.00,0.009671
362.6214,6.0040,61.49,121.00,0.010598
362.7031,6.0040,62.03,121.00,0.010339
362.7810,5.9470,61.76,121.00,0.010220
362.8603,5.9470,61.49,121.00,0.010327
362.9385,5.9470,61.22,121.00,0.010478
363.0195,5.9470,61.49,121.00,0.009852
363.0966,5.9470,62.03,121.00,0.009929
363.1804,5.9470,62.03,121.00,0.010347
363.2573,5.9470,62.03,121.00,0.010238
363.3370,5.9470,62.03,121.00,0.010678
363.4168,5.9470,62.03,121.00,0.010701
363.4956,5.9470,61.76,121.00,0.010172
363.5725,5.9470,61.22,121.00,0.009951
363.6565,5.9470,61.49,121.00,0.009803
363.7353,5.9735,61.76,121.00,0.011029
363.8174,6.0000,61.76,121.00,0.010193
363.8951,6.0000,61.76,121.00,0.009928
363.9756,6.0000,61.49,121.00,0.009515
364.0540,6.0000,61.49,121.00,0.010136
364.1354,6.0000,62.03,121.00,0.010340
364.2152,6.0000,61.22,121.00,0.010098
364.2942,6.0000,61.49,121.00,0.010064
364.3758,6.0000,61.49,121.00,0.010340
364.4571,6.0000,62.03,121.00,0.010066
364.5335,6.0000,61.76,121.00,0.009583
364.6109,6.0000,61.76,121.00,0.009932
364.6873,6.0000,61.76,121.00,0.009682
364.7675,6.0000,61.76,121.00,0.009866
364.8454,5.8890,61.76,121.00,0.010191
364.9268,5.8890,61.49,121.00,0.010264
365.0037,5.8890,62.03,121.00,0.009776
365.0830,5.8890,61.49,121.00,0.010116
365.1625,5.8890,61.49,121.00,0.010357
365.2421,5.8890,61.22,121.00,0.009779
365.3200,5.8890,61.22,121.00,0.009657
365.3992,5.8890,62.03,121.00,0.009555
365.4752,5.8890,61.76,121.00,0.009486
365.5571,5.8890,61.22,121.00,0.010485
365.6340,5.8890,61.22,121.00,0.009564
365.7152,5.8890,61.49,121.00,0.010128
365.7933,5.9580,61.49,121.00,0.010526
365.8747,5.9580,62.03,121.00,0.010304
365.9519,5.9580,61.22,121.00,0.010174
366.0344,5.9580,61.49,121.00,0.010228
366.1111,5.9580,61.76,121.00,0.010086
366.1886,5.9580,61.49,121.00,0.009638
366.2692,5.9580,62.03,121.00,0.010020
366.3476,5.9580,62.03,121.00,0.009879
366.4273,5.9580,61.76,121.00,0.010044
366.5114,5.9580,62.03,121.00,0.010648
366.5888,5.9580,61.49,121.00,0.010158
366.6701,5.9580,62.03,121.00,0.009946
366.7484,5.8990,62.03,121.00,0.010681
366.8300,5.8400,61.49,121.00,0.009981
366.9077,5.8400,61.49,121.00,0.010565
366.9864,5.8400,61.76,121.00,0.009889
367.0634,5.8400,61.49,121.00,0.010359
367.1438,5.8400,61.49,120.50,0.009952
367.2252,5.8400,61.22,120.50,0.010284
367.3073,5.8400,62.03,120.50,0.009646
367.3837,5.8400,61.49,120.50,0.010108
367.4640,5.8400,61.49,120.50,0.010047
367.5431,5.8400,62.03,121.00,0.010468
367.6221,5.8400,62.03,121.00,0.010147
367.6983,5.8400,61.76,121.00,0.009899
367.7802,5.9470,61.76,121.00,0.010276
367.8601,5.9470,61.49,121.00,0.010257
367.9412,5.9470,61.76,121.00,0.010602
368.0213,5.9470,62.03,121.00,0.010201
368.1003,5.9470,61.76,121.00,0.010032
368.1801,5.9470,62.30,121.00,0.010012
368.2612,5.9470,62.03,121.00,0.010153
368.3392,5.9470,61.76,121.00,0.010581
368.4176,5.9470,61.49,121.00,0.009816
368.4950,5.9470,61.49,121.00,0.010070
368.5759,5.9470,61.49,121.00,0.010125
368.6549,5.9470,61.49,121.00,0.009722
368.7369,5.9505,61.22,121.00,0.010907
368.8146,5.9540,61.49,121.00,0.009962
368.8960,5.9540,61.49,121.00,0.010075
368.9760,5.9540,61.76,121.00,0.010254
369.0588,5.9540,61.22,121.00,0.010051
369.1391,5.9540,61.49,121.00,0.010201
369.2181,5.9540,61.49,121.00,0.009653
369.2980,5.9540,61.76,120.50,0.010268
369.3760,5.9540,62.03,121.00,0.010305
369.4554,5.9540,61.76,122.00,0.010254
369.5361,5.9540,61.76,122.00,0.010075
369.6158,5.9540,61.49,122.00,0.010405
369.6976,5.9540,61.22,122.00,0.010353
369.7799,5.9310,61.22,122.00,0.010390
369.8589,5.9310,61.76,122.00,0.010134
369.9364,5.9310,61.49,122.00,0.009954
370.0198,5.9310,61.49,122.00,0.009938
370.0995,5.9310,61.49,122.00,0.010257
370.1787,5.9310,61.49,122.00,0.010025
370.2595,5.9310,62.03,122.00,0.009722
370.3436,5.9310,61.76,122.00,0.009974
370.4214,5.9310,61.22,122.00,0.010515
370.5008,5.9310,62.30,122.00,0.010207
370.5789,5.9310,62.03,122.00,0.010474
370.6602,5.9310,61.76,122.00,0.010260
370.7400,5.9045,61.76,122.00,0.010066
370.8182,5.8780,61.76,122.00,0.009495
370.8939,5.8780,61.49,122.00,0.009418
370.9722,5.8780,61.22,122.00,0.009627
371.0514,5.8780,61.49,122.00,0.010363
371.1310,5.8780,61.49,122.00,0.010470
371.2117,5.8780,62.03,122.00,0.010156
371.2908,5.8780,62.03,122.00,0.009975
371.3686,5.8780,61.49,122.00,0.009850
371.4507,5.8780,61.76,122.00,0.009761
371.5288,5.8780,61.76,122.00,0.010431
371.6084,5.8780,61.49,122.00,0.010356
371.6858,5.8780,62.03,122.50,0.009995
371.7682,5.8855,61.76,123.00,0.010776
371.8481,5.8930,61.49,123.00,0.010255
371.9263,5.8930,61.76,123.00,0.009440
372.0047,5.8930,61.49,123.00,0.010027
372.0840,5.8930,61.49,123.00,0.009548
372.1601,5.8930,62.03,123.00,0.009873
372.2377,5.8930,61.49,123.00,0.009386
372.3152,5.8930,61.49,123.00,0.010459
372.3971,5.8930,61.49,123.00,0.010137
372.4748,5.8930,61.76,123.00,0.009984
372.5528,5.8930,61.49,123.00,0.009591
372.6307,5.8930,61.76,123.00,0.010401
372.7113,5.8930,61.76,123.00,0.009922
372.7919,5.9890,61.76,123.00,0.010434
372.8750,5.9890,61.76,123.00,0.009866
372.9522,5.9890,61.22,123.00,0.010030
373.0312,5.9890,61.76,123.00,0.010056
373.1082,5.9890,61.22,123.00,0.010045
373.1895,5.9890,61.76,123.00,0.009563
373.2699,5.9890,61.49,123.00,0.011043
373.3514,5.9890,61.76,123.00,0.010697
373.4291,5.9890,61.49,123.00,0.010053
373.5112,5.9890,61.76,123.00,0.010317
373.5909,5.9890,61.49,123.00,0.010244
373.6690,5.9890,61.49,123.00,0.010106
373.7449,5.9890,62.30,123.00,0.009689
373.8246,5.9755,61.22,123.00,0.009605
373.9055,5.9620,61.49,123.00,0.010720
373.9848,5.9620,61.76,123.00,0.010267
374.0619,5.9620,61.76,123.00,0.010015
374.1444,5.9620,61.49,123.00,0.010271
374.2254,5.9620,61.76,123.00,0.010437
374.3087,5.9620,61.22,123.00,0.009910
374.3880,5.9620,61.49,123.00,0.010194
374.4679,5.9620,62.03,123.00,0.010492
374.5453,5.9620,61.49,123.00,0.009963
374.6263,5.9620,62.03,123.00,0.009759
374.7063,5.9620,61.76,123.00,0.010293
374.7853,5.9510,61.76,123.00,0.009790
374.8623,5.9510,61.49,123.00,0.009870
374.9399,5.9510,61.49,123.00,0.009454
375.0161,5.9510,61.49,123.00,0.009847
375.0958,5.9510,61.76,123.00,0.009601
375.1710,5.9510,62.30,123.00,0.009569
375.2487,5.9510,62.03,123.00,0.009635
375.3265,5.9510,61.49,123.00,0.010239
375.4076,5.9510,62.03,123.00,0.010201
375.4867,5.9510,62.03,123.00,0.009940
375.5659,5.9510,62.30,123.00,0.009977
375.6450,5.9510,61.22,123.50,0.009719
375.7278,5.9510,61.76,124.00,0.010275
375.8069,5.9510,62.03,124.00,0.009970
375.8869,5.8780,61.76,124.00,0.010177
375.9648,5.8780,62.30,124.00,0.010457
376.0429,5.8780,61.76,124.00,0.009578
376.1186,5.8780,61.76,124.00,0.009526
376.1961,5.8780,62.30,124.00,0.009860
376.2748,5.8780,61.49,124.00,0.010295
376.3524,5.8780,62.30,124.00,0.009388
376.4291,5.8780,61.76,124.00,0.010118
376.5072,5.8780,61.76,124.00,0.009780
376.5866,5.8780,61.76,124.00,0.010545
376.6675,5.8780,61.76,124.00,0.010142
376.7499,5.9335,62.30,124.00,0.010380
376.8313,5.9890,61.22,124.00,0.010300
376.9079,5.9890,61.76,124.00,0.010424
376.9889,5.9890,61.49,124.00,0.010329
377.0686,5.9890,62.03,124.00,0.010445
377.1482,5.9890,62.03,124.00,0.010379
377.2277,5.9890,61.76,124.00,0.010042
377.3089,5.9890,61.49,124.00,0.009859
377.3863,5.9890,62.03,124.00,0.010083
377.4654,5.9890,61.76,124.00,0.010488
377.5430,5.9890,61.49,124.00,0.010357
377.6225,5.9890,61.22,124.00,0.010091
377.7009,5.9890,61.49,124.00,0.009590
377.7813,5.9310,60.95,124.00,0.010386
377.8590,5.9310,61.76,124.00,0.010736
377.9395,5.9310,61.76,124.00,0.009697
378.0215,5.9310,61.76,124.00,0.010059
378.1035,5.9310,61.49,124.00,0.010341
378.1803,5.9310,61.49,124.00,0.010376
378.2598,5.9310,61.76,124.00,0.010254
378.3391,5.9310,61.76,124.00,0.010264
378.4185,5.9310,61.49,124.00,0.009813
378.4984,5.9310,62.03,124.00,0.010020
378.5801,5.9310,62.30,124.00,0.010530
378.6619,5.9310,62.03,124.00,0.010220
378.7428,5.9615,61.22,124.00,0.010235
378.8202,5.9920,61.76,124.00,0.010176
378.9009,5.9920,62.03,124.00,0.010150
378.9806,5.9920,61.22,124.00,0.010353
379.0600,5.9920,62.03,124.00,0.010020
379.1386,5.9920,61.49,124.00,0.010186
379.2195,5.9920,61.76,124.00,0.010072
379.2988,5.9920,62.03,124.00,0.010546
379.3789,5.9920,62.03,124.00,0.009827
379.4564,5.9920,62.03,124.00,0.010235
379.5353,5.9920,61.22,124.00,0.010504
379.6121,5.9920,61.76,124.00,0.009983
379.6907,5.9920,62.03,124.00,0.009961
379.7687,5.9715,62.30,124.00,0.009998
379.8480,5.9510,61.76,124.00,0.009742
379.9265,5.9510,62.03,124.00,0.009424
380.0061,5.9510,61.76,124.00,0.009369
380.0816,5.9510,61.76,124.00,0.009388
380.1598,5.9510,61.76,124.00,0.010000
380.2402,5.9510,61.49,124.00,0.010322
380.3217,5.9510,61.22,124.00,0.010462
380.3991,5.9510,61.76,124.00,0.009928
380.4797,5.9510,61.49,124.00,0.009969
380.5595,5.9510,61.22,124.00,0.010140
380.6404,5.9510,62.30,124.00,0.010467
380.7197,5.9510,62.03,124.00,0.010317
380.7990,5.9510,61.76,124.00,0.010052
380.8757,5.9510,61.22,124.00,0.009725
380.9550,5.9510,61.49,124.00,0.009552
381.0318,5.9510,61.49,124.00,0.009583
381.1149,5.9510,61.76,124.00,0.009930
381.1924,5.9510,61.49,124.00,0.010282
381.2714,5.9510,61.76,124.00,0.010227
381.3538,5.9510,61.76,124.00,0.010283
381.4336,5.9510,62.30,124.00,0.010600
381.5106,5.9510,62.03,124.00,0.010030
381.5920,5.9510,61.49,124.00,0.010033
381.6725,5.9510,61.49,124.00,0.010812
381.7528,5.9510,62.30,124.00,0.010164
381.8310,5.9510,62.03,124.00,0.009994
381.9146,5.9090,61.76,124.00,0.009851
381.9960,5.8670,61.76,124.00,0.010283
382.0797,5.8670,61.49,124.00,0.010339
382.1601,5.8670,61.49,124.00,0.010588
382.2427,5.8670,61.76,124.00,0.009982
382.3202,5.8670,62.03,124.00,0.010294
382.4040,5.8670,61.76,124.00,0.010004
382.4823,5.8670,61.22,124.00,0.009647
382.5599,5.8670,61.49,124.00,0.009676
382.6354,5.8670,61.49,124.00,0.009675
382.7158,5.8670,61.49,124.00,0.009906
382.7979,5.9470,61.22,124.00,0.010129
382.8768,5.9470,62.30,124.00,0.010375
382.9563,5.9470,62.03,124.00,0.010297
383.0378,5.9470,61.22,124.00,0.010090
383.1170,5.9470,61.49,124.00,0.009722
383.1953,5.9470,61.76,124.00,0.009827
383.2752,5.9470,61.49,124.00,0.010441
383.3563,5.9470,61.49,123.50,0.010300
383.4358,5.9470,61.76,123.00,0.009950
383.5171,5.9470,61.76,123.00,0.010050
383.5953,5.9470,61.49,123.00,0.010509
383.6759,5.9470,61.49,123.00,0.009840
383.7533,5.8990,62.30,123.00,0.010204
383.8322,5.8510,62.30,123.50,0.009522
383.9129,5.8510,61.22,124.00,0.009611
383.9921,5.8510,62.03,124.00,0.010492
384.0716,5.8510,61.76,124.00,0.010042
384.1527,5.8510,62.30,124.00,0.009682
384.2333,5.8510,62.03,124.00,0.010018
384.3127,5.8510,62.03,124.00,0.010607
384.3921,5.8510,61.76,124.00,0.010047
384.4732,5.8510,61.76,124.00,0.009977
384.5560,5.8510,61.22,124.00,0.010515
384.6340,5.8510,62.30,124.00,0.009581
384.7112,5.8510,62.03,124.00,0.010554
384.7906,5.9090,61.49,124.00,0.010096
384.8724,5.9090,61.49,124.00,0.009533
384.9527,5.9090,61.49,123.50,0.010383
385.0329,5.9090,61.76,123.50,0.010501
385.1119,5.9090,61.49,123.00,0.010242
385.1916,5.9090,61.76,123.00,0.009966
385.2710,5.9090,62.03,123.00,0.009980
385.3495,5.9090,61.76,123.00,0.010116
385.4288,5.9090,61.49,123.00,0.010231
385.5072,5.9090,61.76,123.00,0.010275
385.5862,5.9090,62.03,123.00,0.009665
385.6676,5.9090,61.49,123.00,0.010971
385.7467,5.9280,61.76,123.00,0.010340
385.8236,5.9470,61.49,123.00,0.009766
385.9052,5.9470,61.76,123.00,0.010045
385.9828,5.9470,61.49,123.00,0.010255
386.0641,5.9470,61.76,123.00,0.010160
386.1407,5.9470,62.03,123.00,0.010336
386.2226,5.9470,62.03,123.00,0.010359
386.3041,5.9470,61.49,123.50,0.010090
386.3877,5.9470,61.76,123.50,0.010317
386.4680,5.9470,61.49,123.00,0.010385
386.5489,5.9470,61.22,123.00,0.010062
386.6267,5.9470,61.76,123.00,0.009731
386.7089,5.9470,62.03,123.00,0.009812
386.7881,5.9430,61.76,123.00,0.010409
386.8718,5.9430,61.76,123.00,0.009968
386.9506,5.9430,62.03,123.00,0.009564
387.0319,5.9430,61.76,123.00,0.009940
387.1135,5.9430,61.49,123.00,0.009821
387.1949,5.9430,62.03,123.00,0.010318
387.2768,5.9430,61.49,123.00,0.010180
387.3553,5.9430,61.49,123.00,0.010130
387.4324,5.9430,62.03,123.00,0.010147
387.5119,5.9430,61.76,123.00,0.010540
387.5911,5.9430,61.49,123.00,0.009868
387.6685,5.9430,61.76,123.00,0.009481
387.7447,5.9430,61.76,123.00,0.009813
387.8282,5.9240,62.03,123.00,0.010809
387.9081,5.9050,61.76,123.00,0.010350
387.9924,5.9050,61.76,123.00,0.010532
388.0719,5.9050,62.03,123.00,0.010541
388.1508,5.9050,61.76,123.00,0.010391
388.2293,5.9050,61.76,123.00,0.010438
388.3108,5.9050,61.76,123.00,0.010412
388.3907,5.9050,62.03,123.00,0.010166
388.4711,5.9050,61.76,123.00,0.009574
388.5475,5.9050,61.49,123.00,0.009929
388.6275,5.9050,61.76,123.00,0.009599
388.7055,5.9050,62.03,123.00,0.010089
388.7884,5.9660,62.03,123.00,0.010555
388.8681,5.9660,61.76,123.00,0.009870
388.9514,5.9660,61.76,123.00,0.009994
389.0309,5.9660,62.03,123.00,0.010044
389.1111,5.9660,61.76,123.00,0.010255
389.1914,5.9660,62.30,123.00,0.010396
389.2731,5.9660,61.49,123.00,0.010036
389.3517,5.9660,61.49,123.00,0.010390
389.4364,5.9660,61.49,123.00,0.010520
389.5162,5.9660,61.49,123.00,0.010147
389.5953,5.9660,61.49,123.00,0.009857
389.6728,5.9660,61.49,123.00,0.010554
389.7525,5.9165,61.49,123.00,0.010639
389.8328,5.8670,61.49,123.00,0.010466
389.9113,5.8670,62.03,123.00,0.010107
389.9882,5.8670,61.76,123.00,0.009397
390.0719,5.8670,61.76,123.00,0.010301
390.1521,5.8670,61.76,123.00,0.010353
390.2356,5.8670,62.03,123.00,0.010149
390.3122,5.8670,61.76,123.00,0.010078
390.3915,5.8670,62.03,123.00,0.010109
390.4683,5.8670,62.03,123.00,0.010541
390.5527,5.8670,61.22,123.00,0.010495
390.6323,5.8670,61.49,123.00,0.010397
390.7159,5.8670,61.49,123.00,0.010277
390.7957,6.0040,61.76,123.00,0.009975
390.8750,6.0040,61.49,123.00,0.010045
390.9523,6.0040,61.76,123.00,0.010162
391.0323,6.0040,62.30,123.00,0.009832
391.1136,6.0040,61.76,123.00,0.009556
391.1949,6.0040,61.76,123.00,0.010629
391.2738,6.0040,61.76,123.00,0.009543
391.3575,6.0040,61.22,123.00,0.009885
391.4355,6.0040,61.76,123.00,0.010317
391.5170,6.0040,61.76,123.00,0.009973
391.5973,6.0040,61.76,123.00,0.010296
391.6793,6.0040,61.76,123.00,0.010570
391.7568,5.9295,61.22,123.00,0.009832
391.8374,5.8550,61.49,123.00,0.010319
391.9165,5.8550,62.03,123.00,0.010510
391.9971,5.8550,61.49,122.00,0.010299
392.0755,5.8550,61.22,122.00,0.010147
392.1603,5.8550,61.49,122.00,0.010170
392.2407,5.8550,61.49,122.00,0.009635
392.3212,5.8550,61.49,122.00,0.010307
392.3993,5.8550,62.03,123.00,0.010275
392.4841,5.8550,61.76,123.00,0.010286
392.5641,5.8550,61.49,123.00,0.009953
392.6473,5.8550,61.49,123.00,0.009735
392.7265,5.8550,62.30,123.00,0.010498
392.8077,5.9770,61.49,123.00,0.010014
392.8897,5.9770,61.76,123.00,0.010240
392.9685,5.9770,62.03,123.00,0.009964
393.0468,5.9770,62.03,123.00,0.009884
393.1276,5.9770,62.30,123.00,0.009866
393.2049,5.9770,61.22,123.00,0.010038
393.2863,5.9770,61.22,122.00,0.009839
393.3661,5.9770,61.76,122.50,0.009790
393.4482,5.9770,61.76,122.00,0.010851
393.5252,5.9770,61.22,122.00,0.010515
393.6047,5.9770,61.76,122.00,0.010675
393.6828,5.9770,61.76,122.00,0.010343
393.7632,5.9810,61.76,122.00,0.009834
393.8439,5.9850,61.49,122.00,0.010198
393.9230,5.9850,61.76,122.00,0.010106
394.0009,5.9850,61.76,122.00,0.010034
394.0802,5.9850,62.03,122.00,0.010025
394.1594,5.9850,61.49,122.00,0.010375
394.2403,5.9850,61.22,122.00,0.010552
394.3201,5.9850,61.49,122.00,0.010677
394.4012,5.9850,61.49,122.00,0.010238
394.4788,5.9850,61.76,122.00,0.010046
394.5597,5.9850,61.49,122.00,0.009945
394.6419,5.9850,62.30,122.00,0.010620
394.7197,5.9850,62.03,122.50,0.009671
394.7999,5.9620,62.03,122.00,0.009812
394.8813,5.9620,61.22,122.00,0.010087
394.9586,5.9620,61.76,122.00,0.010418
395.0381,5.9620,61.49,122.00,0.009863
395.1161,5.9620,61.49,122.00,0.010644
395.1949,5.9620,61.22,122.00,0.010346
395.2716,5.9620,61.49,122.00,0.009777
395.3513,5.9620,61.22,122.00,0.009410
395.4274,5.9620,61.22,122.00,0.009835
395.5062,5.9620,62.03,122.00,0.009775
395.5881,5.9620,62.03,122.00,0.010036
395.6692,5.9620,62.03,122.00,0.010254
395.7473,5.9390,61.49,122.00,0.010026
395.8283,5.9160,62.03,122.00,0.010093
395.9087,5.9160,62.03,122.00,0.010448
395.9883,5.9160,61.76,122.00,0.010394
396.0643,5.9160,61.22,122.00,0.009759
396.1426,5.9160,61.49,122.00,0.009713
396.2202,5.9160,61.76,122.00,0.010400
396.3033,5.9160,61.22,122.00,0.010071
396.3806,5.9160,61.76,122.00,0.010549
396.4603,5.9160,61.76,122.00,0.010183
396.5391,5.9160,62.03,122.00,0.009646
396.6190,5.9160,62.30,122.00,0.009622
396.6945,5.9160,61.76,122.00,0.009851
396.7719,5.9160,62.30,122.00,0.009663
396.8493,5.9140,61.76,122.00,0.010522
396.9284,5.9120,62.03,122.00,0.009906
397.0066,5.9120,62.03,122.00,0.010013
397.0863,5.9120,61.76,122.00,0.009344
397.1637,5.9120,62.03,122.00,0.010453
397.2449,5.9120,61.49,122.00,0.010636
397.3226,5.9120,61.49,122.00,0.010132
397.4015,5.9120,62.30,122.00,0.009987
397.4814,5.9120,62.03,122.00,0.009847
397.5603,5.9120,61.76,122.00,0.009844
397.6425,5.9120,61.76,122.00,0.010588
397.7241,5.9120,61.49,122.00,0.010130
397.8029,5.9120,61.49,122.00,0.009561
397.8807,5.9120,61.22,122.00,0.009528
397.9591,5.9120,61.76,122.00,0.009981
398.0396,5.9120,61.76,122.00,0.009531
398.1186,5.9120,62.03,122.00,0.010082
398.2003,5.9120,62.03,122.00,0.010047
398.2816,5.9120,62.30,122.00,0.009581
398.3608,5.9120,62.03,122.00,0.010170
398.4403,5.9120,61.76,122.00,0.009755
398.5195,5.9120,61.76,122.00,0.010524
398.5948,5.9120,61.49,122.00,0.009780
398.6729,5.9120,62.03,122.00,0.010328
398.7509,5.9120,62.03,122.00,0.010314
398.8291,5.9120,61.49,122.00,0.009740
398.9072,5.9120,62.30,122.00,0.010586
398.9888,5.9120,61.49,122.00,0.009984
399.0671,5.9010,61.76,122.00,0.010178
399.1484,5.9010,62.03,122.00,0.010110
399.2274,5.9010,62.30,122.00,0.010559
399.3090,5.9010,62.30,122.00,0.010075
399.3887,5.9010,61.76,122.00,0.010410
399.4688,5.9010,61.49,122.00,0.009969
399.5459,5.9010,61.49,122.00,0.009765
399.6252,5.9010,61.76,122.00,0.010066
399.7054,5.9010,61.76,122.00,0.010472
399.7869,5.9010,62.03,122.00,0.010126
399.8648,5.9010,61.76,122.00,0.010587
399.9477,5.9010,61.76,121.00,0.010045
400.0280,5.9010,62.30,121.00,0.010164
400.1088,5.9010,61.76,121.00,0.009580
400.1896,5.9010,62.03,121.00,0.011364
400.2688,5.9010,62.03,121.50,0.010081
400.3510,5.9010,61.49,122.00,0.010184
400.4299,5.9010,61.76,122.00,0.009798
400.5071,5.9010,61.49,122.00,0.010336
400.5872,5.9010,61.76,122.00,0.009515
400.6650,5.9010,61.49,121.50,0.009610
400.7462,5.9010,61.49,121.50,0.010420
400.8241,5.9010,61.76,121.50,0.010371
400.9017,5.9010,61.76,121.50,0.009374
400.9799,5.9010,62.03,122.00,0.009802
401.0592,5.9010,61.49,122.00,0.009650
401.1362,5.8820,61.22,122.00,0.010895
401.2195,5.8630,62.03,122.00,0.010034
401.2996,5.8630,61.22,122.00,0.010366
401.3807,5.8630,61.49,122.00,0.009941
401.4604,5.8630,62.03,121.50,0.010104
401.5445,5.8630,61.76,121.00,0.010765
401.6222,5.8630,61.76,121.00,0.010062
401.7006,5.8630,61.76,121.00,0.009950
401.7788,5.8860,62.30,121.00,0.009787
401.8602,5.8860,61.49,121.50,0.010458
401.9397,5.8860,61.49,121.00,0.010525
402.0230,5.8860,61.76,121.00,0.010340
402.1000,5.8860,62.03,121.00,0.010002
402.1789,5.8860,61.49,122.00,0.010098
402.2574,5.8860,61.76,122.00,0.010391
402.3392,5.8860,61.49,122.00,0.010325
402.4173,5.8860,61.76,122.00,0.010255
402.4962,5.8860,61.76,122.00,0.009927
402.5737,5.8860,61.49,122.00,0.010002
402.6522,5.8860,61.49,122.00,0.009748
402.7325,5.8725,61.76,122.00,0.010989
402.8141,5.8590,61.49,121.50,0.009965
402.8927,5.8590,61.76,121.00,0.009465
402.9719,5.8590,61.49,121.00,0.009392
403.0478,5.8590,62.03,122.00,0.009681
403.1282,5.8590,62.30,122.00,0.010380
403.2056,5.8590,61.76,122.00,0.010017
403.2891,5.8590,61.49,122.00,0.009892
403.3668,5.8590,61.76,122.00,0.009740
403.4445,5.8590,61.76,122.00,0.009548
403.5207,5.8590,62.03,122.00,0.009655
403.6016,5.8590,61.76,122.00,0.009837
403.6840,5.8590,62.03,122.00,0.010643
403.7639,5.8515,61.49,122.00,0.010340
403.8430,5.8440,62.03,122.00,0.009805
403.9232,5.8440,61.49,122.00,0.009495
404.0007,5.8440,61.22,122.00,0.009638
404.0793,5.8440,61.76,121.00,0.009707
404.1555,5.8440,62.30,122.00,0.009650
404.2357,5.8440,61.49,122.00,0.009707
404.3126,5.8440,62.03,122.00,0.010710
404.3926,5.8440,61.76,122.00,0.009585
404.4686,5.8440,61.49,122.00,0.009362
404.5486,5.8440,61.76,122.00,0.009475
404.6277,5.8440,61.76,122.00,0.010029
404.7118,5.8440,61.22,122.00,0.010277
404.7931,5.8740,61.76,122.00,0.010462
404.8743,5.8740,61.49,122.00,0.009953
404.9520,5.8740,61.76,122.00,0.010480
405.0345,5.8740,62.03,122.00,0.010575
405.1151,5.8740,61.22,122.00,0.010629
405.1946,5.8740,61.76,122.00,0.010124
405.2731,5.8740,61.76,122.00,0.010060
405.3535,5.8740,61.49,122.00,0.010228
405.4307,5.8740,61.49,122.00,0.009553
405.5110,5.8740,61.76,122.00,0.009552
405.5876,5.8740,61.76,122.00,0.010151
405.6719,5.8740,61.49,122.00,0.009877
405.7522,5.8605,61.76,122.00,0.009994
405.8331,5.8470,61.49,122.00,0.010516
405.9116,5.8470,61.22,122.00,0.010609
405.9942,5.8470,61.76,122.00,0.010112
406.0731,5.8470,62.03,122.00,0.010537
406.1543,5.8470,62.03,121.50,0.009833
406.2341,5.8470,61.49,121.00,0.009832
406.3132,5.8470,61.49,122.00,0.010275
406.3921,5.8470,61.22,122.00,0.010030
406.4752,5.8470,61.49,122.00,0.009827
406.5558,5.8470,62.03,122.00,0.010368
406.6373,5.8470,61.76,122.00,0.010195
406.7174,5.8470,62.03,122.00,0.011117
406.7992,5.9810,61.22,122.00,0.009904
406.8768,5.9810,61.76,122.00,0.010354
406.9552,5.9810,61.76,122.00,0.010239
407.0340,5.9810,61.49,122.00,0.009328
407.1116,5.9810,61.49,122.00,0.009524
407.1873,5.9810,61.76,122.00,0.009373
407.2644,5.9810,61.49,122.00,0.009298
407.3401,5.9810,62.03,122.00,0.009600
407.4203,5.9810,62.03,122.00,0.010226
407.4989,5.9810,61.49,122.00,0.009687
407.5783,5.9810,61.76,122.00,0.010292
407.6603,5.9810,61.49,122.00,0.010561
407.7421,5.9450,61.49,122.00,0.010431
407.8213,5.9090,61.76,122.00,0.010036
407.9001,5.9090,61.76,122.00,0.009807
407.9804,5.9090,62.03,122.00,0.010619
408.0637,5.9090,61.22,122.00,0.010179
408.1456,5.9090,61.49,122.00,0.010273
408.2249,5.9090,62.03,122.00,0.010220
408.3025,5.9090,61.22,122.00,0.010344
408.3837,5.9090,61.76,122.00,0.010346
408.4609,5.9090,61.49,122.00,0.010321
408.5396,5.9090,61.49,122.00,0.010011
408.6198,5.9090,61.22,122.00,0.010172
408.7007,5.9090,61.76,122.00,0.010292
408.7792,5.9960,61.76,122.00,0.010240
408.8603,5.9960,61.22,122.00,0.010123
408.9365,5.9960,61.76,122.00,0.009838
409.0152,5.9960,61.49,122.00,0.010313
409.0925,5.9960,61.76,122.00,0.009992
409.1758,5.9960,62.03,122.00,0.010057
409.2559,5.9960,62.03,122.00,0.010254
409.3332,5.9960,61.76,122.00,0.009572
409.4113,5.9960,61.49,121.50,0.009685
409.4888,5.9960,62.03,122.00,0.009740
409.5676,5.9960,61.49,122.00,0.009971
409.6485,5.9960,61.76,122.00,0.009740
409.7281,5.9960,62.03,122.00,0.009991
409.8083,5.9160,61.22,122.00,0.010333
409.8876,5.9160,61.76,122.00,0.009772
409.9688,5.9160,61.76,122.00,0.009735
410.0465,5.9160,61.76,121.50,0.009579
410.1237,5.9160,61.49,121.00,0.009425
410.2007,5.9160,62.30,121.00,0.009450
410.2805,5.9160,62.03,121.50,0.010201
410.3596,5.9160,61.76,122.00,0.010015
410.4416,5.9160,61.49,122.00,0.010559
410.5215,5.9160,61.22,122.00,0.010670
410.6008,5.9160,61.76,122.00,0.010101
410.6772,5.9160,62.30,122.00,0.010046
410.7546,5.9160,62.03,122.00,0.009540
410.8350,5.8875,61.76,122.00,0.010371
410.9161,5.8590,61.49,122.00,0.010488
410.9966,5.8590,62.30,122.00,0.010062
411.0788,5.8590,61.76,122.00,0.010071
411.1547,5.8590,62.30,122.00,0.009642
411.2327,5.8590,61.76,122.00,0.009675
411.3095,5.8590,61.49,122.00,0.010029
411.3881,5.8590,61.76,122.00,0.009576
411.4689,5.8590,61.22,122.00,0.010727
411.5478,5.8590,62.03,122.00,0.010280
411.6274,5.8590,61.76,122.00,0.009932
411.7079,5.8590,61.49,122.00,0.009825
411.7868,5.8590,61.49,122.00,0.010027
411.8675,5.8590,61.76,122.00,0.010177
411.9453,5.8590,62.30,122.00,0.010388
412.0274,5.8590,61.76,121.00,0.010303
412.1045,5.8590,62.30,122.00,0.009913
412.1841,5.8590,61.49,121.50,0.010393
412.2635,5.8590,62.30,121.00,0.010658
412.3440,5.8590,61.49,121.50,0.010444
412.4230,5.8590,61.76,122.00,0.009638
412.5007,5.8590,61.22,122.00,0.009686
412.5786,5.8590,61.76,121.50,0.010305
412.6575,5.8590,61.49,121.50,0.010513
412.7352,5.8590,61.76,121.00,0.010236
412.8142,5.8590,62.03,121.00,0.009605
412.8919,5.8590,61.76,122.00,0.009833
412.9738,5.8590,61.76,122.00,0.010736
413.0567,5.8590,61.49,122.00,0.010165
413.1397,5.8590,61.49,122.00,0.011210
413.2213,5.8590,61.49,122.00,0.010122
413.3096,5.9580,62.03,122.00,0.010766
413.3912,5.9580,62.03,122.00,0.010464
413.4769,5.9580,61.49,122.00,0.010238
413.5618,5.9580,61.76,122.00,0.010323
413.6490,5.9580,61.76,122.00,0.010867
413.7323,5.8395,61.76,122.00,0.010539
413.8206,5.7210,61.76,122.00,0.010929
413.8968,5.7210,61.22,122.00,0.009596
413.9763,5.7210,62.30,122.00,0.009659
414.0552,5.7210,61.76,122.00,0.009748
414.1399,5.7210,61.49,122.00,0.010424
414.2254,5.7210,61.76,122.00,0.010542
414.3132,5.7210,61.49,122.00,0.010922
414.3980,5.7210,61.22,121.50,0.010463
414.4830,5.7210,61.22,121.50,0.010069
414.5661,5.7210,61.22,122.00,0.009869
414.6527,5.7210,61.22,122.00,0.009755
414.7368,5.7250,61.22,122.00,0.010737
414.8245,5.7290,61.49,122.00,0.010322
414.9068,5.7290,61.22,122.00,0.010171
414.9948,5.7290,62.03,122.00,0.010006
415.0800,5.7290,62.03,122.00,0.010324
415.1670,5.7290,61.49,122.00,0.010157
415.2507,5.7290,61.76,122.00,0.011215
415.3362,5.7290,61.49,122.00,0.010868
415.4186,5.7290,61.22,122.00,0.010119
415.5021,5.7290,61.22,122.00,0.009974
415.5872,5.7290,61.49,122.00,0.010084
415.6723,5.7290,61.49,122.00,0.010585
415.7576,5.7350,61.22,122.00,0.010634
415.8408,5.7410,61.49,122.00,0.010525
415.9217,5.7410,62.03,122.00,0.010136
416.0051,5.7410,61.22,122.00,0.009980
416.0865,5.7410,62.03,122.00,0.010031
416.1682,5.7410,61.22,122.00,0.010147
416.2510,5.7410,61.22,122.00,0.010673
416.3302,5.7410,62.03,122.00,0.009574
416.4083,5.7410,61.49,121.50,0.009939
416.4875,5.7410,62.30,121.00,0.009910
416.5638,5.7410,61.49,122.00,0.009834
416.6423,5.7410,61.76,122.00,0.009542
416.7200,5.7410,62.03,122.00,0.010407
416.8048,5.9200,61.76,122.00,0.009844
416.8817,5.9200,61.76,122.00,0.009337
416.9594,5.9200,61.76,122.00,0.009409
417.0393,5.9200,62.03,122.00,0.009777
417.1182,5.9200,61.49,122.00,0.009490
417.1963,5.9200,61.76,122.00,0.010434
417.2760,5.9200,61.76,122.00,0.010265
417.3576,5.9200,62.03,122.00,0.009864
417.4390,5.9200,62.03,122.00,0.010280
417.5171,5.9200,61.49,122.00,0.010091
417.5965,5.9200,61.76,122.00,0.010089
417.6749,5.9200,62.03,122.00,0.010369
417.7548,5.8875,62.30,122.00,0.009936
417.8331,5.8550,61.49,122.00,0.010775
417.9159,5.8550,61.76,122.00,0.010320
417.9988,5.8550,61.76,122.00,0.010550
418.0786,5.8550,61.22,122.00,0.010087
418.1577,5.8550,61.76,121.50,0.009682
418.2387,5.8550,61.76,121.00,0.010054
418.3168,5.8550,61.76,121.00,0.010484
418.3966,5.8550,61.76,121.00,0.010207
418.4761,5.8550,61.76,121.00,0.010252
418.5548,5.8550,61.76,121.50,0.009875
418.6332,5.8550,62.30,121.00,0.010249
418.7127,5.8550,62.03,122.00,0.010321
418.7966,5.9470,62.03,121.50,0.010782
418.8774,5.9470,62.30,121.00,0.010205
418.9561,5.9470,61.76,121.00,0.010258
419.0400,5.9470,62.03,121.00,0.010273
419.1200,5.9470,61.76,121.00,0.010128
419.1999,5.9470,61.76,121.00,0.009981
419.2762,5.9470,61.22,122.00,0.010002
419.3571,5.9470,62.30,122.00,0.010570
419.4365,5.9470,62.03,122.00,0.010220
419.5203,5.9470,62.03,122.00,0.010106
419.6000,5.9470,61.76,122.00,0.009847
419.6820,5.9470,61.76,122.00,0.009751
419.7603,5.9200,62.30,122.00,0.010398
419.8427,5.8930,61.49,122.00,0.010222
419.9206,5.8930,61.49,122.00,0.010115
420.0028,5.8930,62.03,122.00,0.010333
420.0809,5.8930,62.30,122.00,0.010164
420.1634,5.8930,61.49,122.00,0.010400
420.2437,5.8930,61.49,121.50,0.009983
420.3245,5.8930,62.03,121.50,0.009704
420.4014,5.8930,61.22,121.50,0.009744
420.4811,5.8930,62.03,121.00,0.010488
420.5600,5.8930,62.03,121.00,0.010441
420.6387,5.8930,61.22,121.50,0.010266
420.7157,5.8930,62.03,122.00,0.009622
420.7934,5.8930,61.22,122.00,0.009479
420.8714,5.8930,61.22,122.00,0.010045
420.9524,5.9350,62.03,122.00,0.010166
421.0319,5.9350,61.76,122.00,0.009984
421.1118,5.9350,62.30,122.00,0.009811
421.1880,5.9350,61.49,122.00,0.009720
421.2682,5.9350,61.76,122.00,0.009727
421.3462,5.9350,61.76,122.00,0.010185
421.4275,5.9350,62.03,122.00,0.009909
421.5073,5.9350,62.03,122.00,0.010357
421.5896,5.9350,61.76,122.00,0.010407
421.6674,5.9350,61.49,122.00,0.010028
421.7496,5.9025,61.76,122.00,0.009828
421.8262,5.8700,61.76,122.00,0.009393
421.9043,5.8700,61.49,122.00,0.009619
421.9834,5.8700,62.03,122.00,0.009811
422.0678,5.8700,61.49,122.00,0.010445
422.1482,5.8700,62.03,122.00,0.010599
422.2287,5.8700,62.03,122.00,0.009939
422.3084,5.8700,61.49,122.00,0.010602
422.3907,5.8700,61.76,122.00,0.010252
422.4679,5.8700,62.03,122.00,0.009867
422.5514,5.8700,61.49,122.00,0.009881
422.6289,5.8700,61.22,122.00,0.009928
422.7079,5.8700,62.03,122.00,0.010228
422.7883,5.9810,61.49,122.00,0.010191
422.8695,5.9810,61.49,122.00,0.010024
422.9470,5.9810,61.49,122.00,0.010362
423.0267,5.9810,61.76,122.00,0.010348
423.1035,5.9810,62.03,122.00,0.009752
423.1827,5.9810,61.76,122.00,0.010151
423.2604,5.9810,61.22,122.00,0.010684
423.3414,5.9810,61.49,122.00,0.010311
423.4207,5.9810,61.76,122.00,0.010466
423.4997,5.9810,61.76,122.00,0.010316
423.5791,5.9810,61.49,122.00,0.010283
423.6605,5.9810,61.49,122.00,0.010286
423.7401,5.9450,61.49,122.00,0.010803
423.8193,5.9090,61.76,122.00,0.010031
423.8984,5.9090,61.76,122.00,0.009848
423.9803,5.9090,61.76,122.00,0.010067
424.0654,5.9090,61.76,122.00,0.011125
424.1524,5.9090,61.49,122.00,0.010698
424.2335,5.9090,61.22,122.00,0.010568
424.3188,5.9090,61.76,122.00,0.010408
424.4019,5.9090,61.49,122.00,0.010833
424.4889,5.9090,61.76,122.00,0.010642
424.5665,5.9090,61.76,121.00,0.009712
424.6475,5.9090,61.49,121.00,0.009713
424.7246,5.9090,61.49,121.00,0.009668
424.8037,5.9090,61.76,121.00,0.009716
424.8895,5.8360,61.49,121.50,0.010273
424.9747,5.8360,61.22,122.00,0.011042
425.0595,5.8360,61.76,122.00,0.010852
425.1460,5.8360,61.76,122.00,0.010175
425.2306,5.8360,61.49,122.00,0.010201
425.3155,5.8360,61.49,122.00,0.009937
425.3982,5.8360,61.22,122.00,0.010289
425.4807,5.8360,61.22,122.00,0.010557
425.5631,5.8360,61.49,122.00,0.010299
425.6472,5.8360,61.76,122.00,0.010468
425.7284,5.8360,61.49,122.00,0.010369
425.8161,5.7630,62.03,122.00,0.010220
425.8971,5.7630,61.76,122.00,0.010155
425.9839,5.7630,61.22,122.00,0.010598
426.0643,5.7630,62.03,122.00,0.010662
426.1448,5.7630,61.76,122.00,0.009628
426.2249,5.7630,61.76,121.50,0.009748
426.3037,5.7630,61.76,122.00,0.010492
426.3804,5.7630,61.49,122.00,0.009831
426.4646,5.7630,61.76,122.00,0.010463
426.5433,5.7630,61.76,122.00,0.009658
426.6251,5.7630,62.03,122.00,0.010087
426.7050,5.7630,61.76,122.00,0.009789
426.7848,5.9160,61.49,122.00,0.009853
426.8640,5.9160,61.76,122.00,0.010525
426.9456,5.9160,61.76,122.00,0.010109
427.0251,5.9160,61.49,121.50,0.010213
427.1087,5.9160,61.22,121.50,0.010842
427.1902,5.9160,62.03,122.00,0.009958
427.2698,5.9160,61.76,122.00,0.010671
427.3473,5.9160,61.76,122.00,0.010383
427.4259,5.9160,62.03,122.00,0.010033
427.5039,5.9160,61.22,122.00,0.010566
427.5847,5.9160,61.49,122.00,0.010039
427.6641,5.9160,62.03,122.00,0.010246
427.7485,5.9275,61.76,122.00,0.010934
427.8281,5.9390,61.49,122.00,0.010126
427.9095,5.9390,62.03,122.00,0.010101
427.9876,5.9390,61.49,122.00,0.010236
428.0680,5.9390,62.03,122.00,0.009563
428.1483,5.9390,62.30,122.00,0.010218
428.2318,5.9390,62.03,121.50,0.010218
428.3099,5.9390,61.49,122.00,0.009385
428.3879,5.9390,61.76,122.00,0.009674
428.4650,5.9390,62.03,122.00,0.010296
428.5462,5.9390,61.49,122.00,0.010154
428.6242,5.9390,61.49,122.00,0.010582
428.7055,5.9390,61.76,122.00,0.010273
428.7852,5.9310,61.49,122.00,0.010227
428.8663,5.9310,61.76,122.00,0.009907
428.9444,5.9310,62.03,122.00,0.010799
429.0276,5.9310,61.76,122.00,0.010247
429.1078,5.9310,61.76,122.00,0.010124
429.1884,5.9310,61.22,122.00,0.009768
429.2695,5.9310,61.49,122.00,0.010349
429.3481,5.9310,61.22,122.00,0.010207
429.4296,5.9310,61.22,122.00,0.010198
429.5089,5.9310,61.76,122.00,0.009953
429.5872,5.9310,61.76,122.00,0.010481
429.6651,5.9310,61.76,122.00,0.009395
429.7414,5.9310,62.03,122.00,0.009519
429.8198,5.9310,61.49,122.00,0.009892
429.8995,5.9540,61.22,122.00,0.009918
429.9805,5.9540,61.49,122.00,0.009584
430.0603,5.9540,61.76,122.00,0.010367
430.1436,5.9540,61.49,122.00,0.009952
430.2228,5.9540,61.49,122.00,0.010095
430.3045,5.9540,61.76,122.00,0.010685
430.3839,5.9540,61.76,122.00,0.010125
430.4673,5.9540,62.03,122.00,0.010267
430.5458,5.9540,61.49,122.00,0.009363
430.6231,5.9540,61.76,122.00,0.009536
430.6995,5.9540,62.03,122.00,0.009905
430.7799,5.9540,62.30,122.00,0.010233
430.8600,5.9280,62.03,122.00,0.010172
430.9408,5.9280,61.76,122.00,0.010163
431.0190,5.9280,61.49,121.00,0.009621
431.0968,5.9280,62.03,121.50,0.009791
431.1754,5.9280,61.49,121.00,0.010165
431.2564,5.9280,61.76,121.50,0.009803
431.3365,5.9280,61.76,122.00,0.010419
431.4173,5.9280,61.49,122.00,0.010426
431.4942,5.9280,62.03,122.00,0.009871
431.5764,5.9280,61.76,122.00,0.010231
431.6565,5.9280,62.30,122.00,0.010447
431.7360,5.9315,61.22,122.00,0.010778
431.8159,5.9350,61.76,122.00,0.010556
431.8991,5.9350,62.03,122.00,0.010141
431.9790,5.9350,61.49,122.00,0.010332
432.0584,5.9350,61.22,122.00,0.010137
432.1369,5.9350,62.03,122.00,0.010599
432.2177,5.9350,61.76,122.00,0.009382
432.2938,5.9350,62.03,122.00,0.009558
432.3722,5.9350,62.03,122.00,0.009614
432.4517,5.9350,61.76,122.00,0.009875
432.5313,5.9350,61.49,122.00,0.010228
432.6116,5.9350,61.76,122.00,0.010258
432.6964,5.9350,61.76,122.00,0.010907
432.7754,5.9180,62.30,122.00,0.010813
432.8557,5.9010,62.30,122.00,0.010487
432.9367,5.9010,61.76,122.00,0.010943
433.0167,5.9010,62.30,122.00,0.010010
433.0965,5.9010,61.76,122.00,0.009664
433.1772,5.9010,62.03,122.00,0.010532
433.2559,5.9010,61.49,122.00,0.010545
433.3374,5.9010,62.03,122.00,0.010091
433.4146,5.9010,61.76,122.00,0.010211
433.4956,5.9010,61.49,122.00,0.010184
433.5761,5.9010,61.76,122.00,0.010070
433.6602,5.9010,62.03,122.00,0.010470
433.7405,5.9295,61.76,122.00,0.010082
433.8199,5.9580,61.76,122.00,0.010264
433.8974,5.9580,61.76,122.00,0.010367
433.9793,5.9580,62.30,122.00,0.010409
434.0557,5.9580,61.76,122.00,0.009698
434.1356,5.9580,61.49,122.00,0.009773
434.2124,5.9580,62.03,122.00,0.010087
434.2931,5.9580,62.03,122.00,0.010037
434.3719,5.9580,62.03,121.00,0.010808
434.4513,5.9580,62.03,121.50,0.010139
434.5286,5.9580,61.76,121.00,0.009866
434.6074,5.9580,61.49,121.00,0.010160
434.6843,5.9580,61.76,121.00,0.010296
434.7638,5.9655,61.76,121.50,0.010118
434.8432,5.9730,61.76,122.00,0.010196
434.9211,5.9730,62.03,122.00,0.009755
434.9971,5.9730,61.76,122.00,0.009607
435.0752,5.9730,61.22,121.00,0.009831
435.1520,5.9730,61.76,121.50,0.010355
435.2347,5.9730,61.49,121.00,0.010078
435.3124,5.9730,61.76,121.50,0.010551
435.3909,5.9730,62.30,121.00,0.009749
435.4702,5.9730,61.76,121.50,0.009719
435.5517,5.9730,61.76,121.00,0.009947
435.6325,5.9730,61.49,122.00,0.010760
435.7125,5.9730,61.76,122.00,0.010190
435.7930,5.9240,61.22,122.00,0.009727
435.8750,5.9240,62.03,122.00,0.010398
435.9570,5.9240,61.49,122.00,0.011376
436.0363,5.9240,62.03,122.00,0.010054
436.1149,5.9240,61.76,122.00,0.010236
436.1943,5.9240,62.30,122.00,0.010078
436.2757,5.9240,62.03,122.00,0.010301
436.3601,5.9240,61.49,122.00,0.010477
436.4405,5.9240,61.49,122.00,0.010462
436.5205,5.9240,61.76,122.00,0.009469
436.5993,5.9240,62.30,122.00,0.010019
436.6802,5.9240,61.49,122.00,0.010089
436.7608,5.8935,62.03,122.00,0.010510
436.8429,5.8630,61.22,122.00,0.010669
436.9239,5.8630,61.22,122.00,0.010191
437.0081,5.8630,62.03,122.00,0.010067
437.0885,5.8630,62.30,122.00,0.009860
437.1681,5.8630,61.49,122.00,0.010550
437.2487,5.8630,62.03,122.00,0.009850
437.3294,5.8630,62.03,122.00,0.010436
437.4082,5.8630,61.49,122.00,0.010064
437.4880,5.8630,61.49,122.00,0.009974
437.5708,5.8630,61.49,122.00,0.010191
437.6530,5.8630,61.76,122.00,0.010893
437.7312,5.9260,61.49,122.00,0.010665
437.8138,5.9890,61.76,122.00,0.010340
437.8960,5.9890,61.76,122.00,0.010553
437.9796,5.9890,61.76,122.00,0.009830
438.0561,5.9890,61.76,122.00,0.009354
438.1360,5.9890,61.22,122.00,0.010262
438.2161,5.9890,61.49,122.00,0.010021
438.2954,5.9890,61.22,122.00,0.010025
438.3731,5.9890,61.76,122.00,0.010159
438.4531,5.9890,62.03,122.00,0.010003
438.5318,5.9890,61.76,122.00,0.010931
438.6129,5.9890,61.76,122.00,0.010074
438.6940,5.9890,61.49,122.00,0.010378
438.7729,5.9490,62.03,122.00,0.009829
438.8533,5.9090,61.49,122.00,0.009682
438.9353,5.9090,61.22,122.00,0.009825
439.0150,5.9090,61.49,122.00,0.010006
439.0952,5.9090,61.22,122.00,0.009506
439.1719,5.9090,61.76,122.00,0.010263
439.2526,5.9090,62.03,122.00,0.009521
439.3346,5.9090,61.49,122.00,0.010151
439.4164,5.9090,62.30,122.00,0.010319
439.4949,5.9090,61.49,122.00,0.010550
439.5763,5.9090,62.30,122.00,0.010195
439.6579,5.9090,61.22,122.00,0.010374
439.7401,5.9125,61.76,122.00,0.010342
439.8228,5.9160,61.76,122.00,0.010433
439.9014,5.9160,61.22,122.00,0.010255
439.9797,5.9160,62.03,122.00,0.010364
440.0578,5.9160,62.30,122.00,0.009705
440.1345,5.9160,61.76,122.00,0.009873
440.2166,5.9160,61.76,122.00,0.010172
440.2947,5.9160,62.30,122.00,0.010165
440.3761,5.9160,61.49,122.00,0.010663
440.4574,5.9160,61.22,122.00,0.009758
440.5365,5.9160,62.30,122.00,0.010012
440.6148,5.9160,62.03,122.00,0.010547
440.6936,5.9160,61.76,122.00,0.010001
440.7753,5.9350,62.03,122.00,0.009609
440.8558,5.9540,61.49,122.00,0.010390
440.9353,5.9540,61.22,122.00,0.010239
441.0170,5.9540,61.76,122.00,0.009761
441.0949,5.9540,61.49,122.00,0.010180
441.1767,5.9540,61.76,122.00,0.009875
441.2577,5.9540,61.49,122.00,0.010081
441.3374,5.9540,61.76,122.00,0.010625
441.4165,5.9540,62.30,122.00,0.010204
441.4959,5.9540,61.49,122.00,0.009611
441.5745,5.9540,61.49,122.00,0.010173
441.6532,5.9540,61.76,122.00,0.009546
441.7309,5.9540,61.76,122.00,0.009559
441.8089,5.9540,61.76,122.00,0.009753
441.8865,5.9240,61.49,122.00,0.009489
441.9658,5.9240,62.03,122.00,0.010197
442.0417,5.9240,62.03,122.00,0.009404
442.1234,5.9240,61.49,122.00,0.010214
442.2001,5.9240,61.49,122.00,0.009917
442.2843,5.9240,61.76,122.00,0.010362
442.3641,5.9240,61.76,121.50,0.010457
442.4454,5.9240,61.76,122.00,0.010154
442.5247,5.9240,62.03,122.00,0.009805
442.6042,5.9240,61.76,122.00,0.010403
442.6841,5.9240,61.76,122.00,0.010397
442.7638,5.9375,62.03,122.00,0.010177
442.8433,5.9510,62.03,122.00,0.010195
442.9240,5.9510,61.76,122.00,0.010156
442.9999,5.9510,61.76,122.00,0.009781
443.0795,5.9510,61.22,122.00,0.010480
443.1594,5.9510,61.49,122.00,0.010314
443.2411,5.9510,62.03,122.00,0.010002
443.3192,5.9510,62.03,122.00,0.010315
443.4001,5.9510,61.76,122.00,0.010460
443.4790,5.9510,62.03,122.00,0.010055
443.5602,5.9510,61.76,122.00,0.009740
443.6394,5.9510,60.95,122.00,0.010445
443.7211,5.9510,61.76,122.00,0.010324
443.8013,5.9010,62.03,122.00,0.010069
443.8810,5.9010,61.22,122.00,0.010421
443.9586,5.9010,62.03,122.00,0.010750
444.0382,5.9010,61.22,122.00,0.010299
444.1176,5.9010,61.22,122.00,0.010355
444.1967,5.9010,61.49,122.00,0.010163
444.2747,5.9010,61.49,122.00,0.010009
444.3553,5.9010,61.76,122.00,0.009604
444.4324,5.9010,61.76,122.00,0.010185
444.5155,5.9010,61.49,122.00,0.010103
444.5927,5.9010,61.22,122.00,0.010059
444.6716,5.9010,61.76,122.00,0.009783
444.7514,5.9010,62.03,122.00,0.010281
444.8329,5.9010,61.49,122.00,0.009877
444.9153,5.9010,61.49,122.00,0.010097
444.9942,5.9010,61.22,122.00,0.009769
445.0725,5.9010,61.76,122.00,0.010174
445.1522,5.9010,61.76,122.00,0.010375
445.2335,5.9010,61.22,122.00,0.010116
445.3151,5.9010,61.76,122.00,0.010179
445.3926,5.9010,61.49,122.00,0.010803
445.4726,5.9010,61.76,122.00,0.010371
445.5513,5.9010,61.22,122.00,0.010470
445.6307,5.9010,61.76,122.00,0.010320
445.7109,5.9010,62.03,122.00,0.009817
445.7955,5.9730,61.76,122.00,0.009799
445.8757,5.9730,61.76,122.00,0.010458
445.9548,5.9730,61.49,122.00,0.009960
446.0326,5.9730,62.03,122.00,0.010382
446.1149,5.9730,61.22,122.00,0.010247
446.1911,5.9730,61.49,121.50,0.009552
446.2680,5.9730,61.22,121.00,0.009409
446.3463,5.9730,61.49,121.50,0.009755
446.4274,5.9730,61.76,121.00,0.009846
446.5053,5.9730,61.76,121.00,0.010132
446.5844,5.9730,61.76,122.00,0.010505
446.6613,5.9730,61.49,122.00,0.010188
446.7433,5.9980,61.49,122.00,0.010242
446.8234,6.0230,62.03,121.00,0.010215
446.9035,6.0230,62.03,121.00,0.010506
446.9815,6.0230,62.03,121.00,0.010450
447.0595,6.0230,61.76,121.00,0.009871
447.1397,6.0230,61.76,121.50,0.010496
447.2207,6.0230,61.76,122.00,0.010152
447.3000,6.0230,61.49,122.00,0.010063
447.3789,6.0230,61.76,122.00,0.010345
447.4558,6.0230,61.49,122.00,0.009777
447.5361,6.0230,61.49,122.00,0.009584
447.6124,6.0230,61.76,122.00,0.009511
447.6923,6.0230,61.22,122.00,0.009486
447.7707,6.0230,61.49,122.00,0.009740
447.8523,6.0230,61.76,122.00,0.010307
447.9317,5.9350,61.76,122.00,0.009623
448.0121,5.9350,62.03,122.00,0.010292
448.0904,5.9350,61.49,122.00,0.009702
448.1674,5.9350,61.49,121.50,0.009450
448.2461,5.9350,61.76,121.50,0.009645
448.3241,5.9350,61.76,121.00,0.009912
448.4037,5.9350,61.76,121.00,0.010126
448.4852,5.9350,61.22,121.50,0.010363
448.5630,5.9350,61.76,121.00,0.010049
448.6446,5.9350,62.03,121.50,0.010834
448.7219,5.9350,61.49,122.00,0.010185
448.8009,5.9390,61.22,122.00,0.009641
448.8789,5.9390,62.03,121.50,0.010590
448.9588,5.9390,61.49,121.00,0.010144
449.0365,5.9390,62.03,121.00,0.010292
449.1156,5.9390,62.03,122.00,0.010461
449.1926,5.9390,62.30,122.00,0.009805
449.2764,5.9390,61.49,122.00,0.010479
449.3546,5.9390,61.76,122.00,0.009920
449.4339,5.9390,61.49,122.00,0.009713
449.5116,5.9390,61.76,122.00,0.010193
449.5910,5.9390,61.76,122.00,0.010295
449.6686,5.9390,62.03,122.00,0.010371
449.7484,5.9640,61.76,122.00,0.010660
449.8276,5.9890,61.22,122.00,0.009788
449.9076,5.9890,61.49,122.00,0.009599
449.9840,5.9890,62.03,122.00,0.009530
450.0633,5.9890,61.76,121.50,0.010169
450.1417,5.9890,62.03,121.00,0.010528
450.2256,5.9890,61.49,121.00,0.009911
450.3023,5.9890,62.30,121.00,0.009545
450.3841,5.9890,61.76,121.00,0.010459
450.4643,5.9890,61.22,121.50,0.010661
450.5429,5.9890,61.49,121.00,0.009846
450.6222,5.9890,61.76,122.00,0.009846
450.7047,5.9890,61.76,121.00,0.010565
450.7826,5.8930,61.76,122.00,0.010121
450.8641,5.8930,61.49,122.00,0.010421
450.9438,5.8930,62.03,122.00,0.010228
451.0275,5.8930,62.03,122.00,0.010119
451.1051,5.8930,62.03,122.00,0.010436
451.1844,5.8930,61.22,122.00,0.010228
451.2628,5.8930,61.76,122.00,0.010009
451.3419,5.8930,62.03,122.00,0.009825
451.4218,5.8930,61.49,122.00,0.010314
451.4990,5.8930,61.49,122.00,0.009541
451.5756,5.8930,61.76,122.00,0.010053
451.6564,5.8930,62.03,122.00,0.010128
451.7360,5.9105,62.03,122.00,0.010297
451.8142,5.9280,61.76,122.00,0.009528
451.8908,5.9280,61.76,122.00,0.010362
451.9722,5.9280,61.49,122.00,0.010476
452.0521,5.9280,61.22,122.00,0.010136
452.1326,5.9280,61.22,122.00,0.009830
452.2127,5.9280,61.76,122.00,0.010617
452.2910,5.9280,61.22,122.00,0.009708
452.3671,5.9280,61.49,122.00,0.009927
452.4453,5.9280,61.76,122.00,0.010237
452.5229,5.9280,61.49,122.00,0.010567
452.6041,5.9280,61.22,122.00,0.010448
452.6838,5.9280,62.03,122.00,0.010112
452.7655,5.8955,61.76,122.00,0.010309
452.8440,5.8630,61.76,122.00,0.010336
452.9251,5.8630,62.03,122.00,0.010199
453.0044,5.8630,62.03,122.00,0.010053
453.0877,5.8630,61.49,122.00,0.010021
453.1668,5.8630,61.49,122.00,0.009765
453.2462,5.8630,61.22,122.00,0.010091
453.3243,5.8630,61.49,122.00,0.010386
453.4028,5.8630,62.30,122.00,0.010112
453.4834,5.8630,62.03,122.00,0.010218
453.5628,5.8630,61.49,122.00,0.010535
453.6388,5.8630,61.49,122.00,0.009768
453.7167,5.8630,61.49,122.00,0.009432
453.7951,5.8630,62.03,122.00,0.009697
453.8780,5.9540,61.22,122.00,0.010787
453.9576,5.9540,61.49,122.00,0.010500
454.0369,5.9540,62.03,122.00,0.010030
454.1146,5.9540,61.76,122.00,0.010280
454.1963,5.9540,61.49,122.00,0.010179
454.2760,5.9540,61.49,122.00,0.010326
454.3598,5.9540,62.30,122.00,0.010368
454.4414,5.9540,61.76,122.00,0.010015
454.5202,5.9540,62.03,122.00,0.009979
454.5996,5.9540,61.49,122.00,0.009804
454.6812,5.9540,61.76,122.00,0.010045
454.7615,5.9540,61.22,122.00,0.010431
454.8405,5.9540,61.49,122.00,0.009930
454.9191,5.9540,61.22,122.00,0.010495
455.0000,5.9540,61.76,122.00,0.010407
455.0800,5.9540,62.03,122.00,0.010441
455.1615,5.9540,61.49,122.00,0.010691
455.2409,5.9540,61.49,122.00,0.010126
455.3188,5.9540,61.49,122.00,0.009817
455.3947,5.9540,62.03,122.00,0.009717
455.4723,5.9540,62.03,122.00,0.009536
455.5515,5.9540,61.76,122.00,0.010107
455.6313,5.9540,62.03,122.00,0.010309
455.7090,5.9540,62.03,122.00,0.010690
455.7886,5.9540,61.76,122.00,0.010306
455.8687,5.9540,62.03,122.00,0.009357
455.9485,5.9540,61.49,122.00,0.009840
456.0295,5.9540,61.76,122.00,0.010391
456.1087,5.9465,61.22,122.00,0.010662
456.1857,5.9390,62.30,122.00,0.010044
456.2645,5.9390,61.76,122.00,0.010324
456.3415,5.9390,61.49,122.00,0.009738
456.4198,5.9390,61.22,122.00,0.009328
456.4992,5.9390,62.03,122.00,0.010172
456.5793,5.9390,61.76,122.00,0.009643
456.6560,5.9390,61.49,122.00,0.010413
456.7400,5.9370,61.49,122.00,0.010615
456.8228,5.9350,61.76,122.00,0.010370
456.9016,5.9350,62.03,122.00,0.010030
456.9812,5.9350,62.03,122.00,0.010183
457.0594,5.9350,62.03,122.00,0.009670
457.1415,5.9350,61.49,122.00,0.010159
457.2228,5.9350,61.49,122.00,0.010285
457.2996,5.9350,61.49,122.00,0.010213
457.3800,5.9350,61.76,122.00,0.010072
457.4600,5.9350,61.76,122.00,0.010192
457.5409,5.9350,62.03,122.00,0.010283
457.6175,5.9350,61.76,122.00,0.010290
457.6962,5.9350,61.76,122.00,0.009975
457.7732,5.9140,61.49,122.00,0.009905
457.8510,5.8930,61.76,122.00,0.009750
457.9301,5.8930,62.03,122.00,0.010529
458.0086,5.8930,61.22,122.00,0.009748
458.0879,5.8930,61.76,122.00,0.010104
458.1715,5.8930,61.49,122.00,0.009974
458.2506,5.8930,61.76,122.00,0.009939
458.3316,5.8930,62.03,122.00,0.010233
458.4130,5.8930,61.22,122.00,0.009986
458.4928,5.8930,61.76,122.00,0.009670
458.5709,5.8930,61.76,122.00,0.010408
458.6488,5.8930,62.03,122.00,0.009727
458.7248,5.8930,62.03,122.00,0.009568
458.8068,5.9620,61.22,122.00,0.010249
458.8872,5.9620,62.03,122.00,0.010716
458.9684,5.9620,62.03,123.00,0.010403
459.0484,5.9620,61.76,123.00,0.010362
459.1276,5.9620,61.76,123.00,0.009701
459.2052,5.9620,61.49,123.00,0.010244
459.2837,5.9620,61.76,123.00,0.009820
459.3598,5.9620,62.03,123.00,0.009772
459.4395,5.9620,62.03,123.00,0.009610
459.5159,5.9620,62.03,123.00,0.009878
459.5962,5.9620,62.30,123.00,0.009435
459.6717,5.9620,61.49,123.00,0.009518
459.7508,5.9620,61.76,123.00,0.009526
459.8262,5.9620,61.49,123.00,0.009508
459.9066,5.9280,61.49,123.00,0.010312
459.9843,5.9280,61.76,123.00,0.010010
460.0642,5.9280,61.76,123.00,0.009848
460.1457,5.9280,61.22,123.00,0.010305
460.2278,5.9280,61.49,123.00,0.010521
460.3071,5.9280,61.76,123.00,0.010387
460.3853,5.9280,61.22,123.00,0.010058
460.4628,5.9280,62.03,123.00,0.010296
460.5411,5.9280,61.22,123.00,0.009426
460.6191,5.9280,62.30,123.00,0.010524
460.7000,5.9280,61.76,123.00,0.010399
460.7801,5.9660,61.76,123.00,0.010625
460.8600,5.9660,61.76,123.00,0.009977
460.9421,5.9660,62.30,123.00,0.010453
461.0206,5.9660,61.76,123.00,0.009885
461.1001,5.9660,61.76,123.00,0.010489
461.1809,5.9660,62.03,123.00,0.010147
461.2596,5.9660,61.49,123.00,0.009731
461.3386,5.9660,61.22,123.00,0.010005
461.4164,5.9660,61.76,123.00,0.010470
461.4954,5.9660,61.76,123.00,0.010658
461.5727,5.9660,61.76,123.00,0.010215
461.6518,5.9660,61.49,123.00,0.010401
461.7292,5.9660,61.76,123.00,0.009537
461.8066,5.9660,62.03,123.00,0.009915
461.8877,5.9510,61.76,123.00,0.010346
461.9706,5.9510,61.76,123.00,0.010545
462.0481,5.9510,61.22,123.00,0.010471
462.1325,5.9510,62.03,123.00,0.010463
462.2117,5.9510,61.76,123.00,0.010656
462.2906,5.9510,62.30,123.00,0.010296
462.3692,5.9510,62.30,123.00,0.009875
462.4478,5.9510,61.76,123.00,0.009809
462.5297,5.9510,61.49,123.00,0.010337
462.6103,5.9510,62.03,123.00,0.010067
462.6880,5.9510,61.49,123.00,0.010170
462.7695,5.9410,62.03,123.00,0.010031
462.8469,5.9310,61.49,123.00,0.010206
462.9279,5.9310,61.49,123.00,0.009873
463.0062,5.9310,61.76,123.00,0.009763
463.0833,5.9310,61.76,123.00,0.009570
463.1642,5.9310,61.76,124.00,0.010375
463.2430,5.9310,61.76,124.00,0.009794
463.3240,5.9310,61.49,124.00,0.009656
463.4030,5.9310,62.03,124.00,0.009398
463.4791,5.9310,61.49,124.00,0.009788
463.5557,5.9310,61.49,124.00,0.009359
463.6311,5.9310,62.03,124.00,0.009650
463.7125,5.9310,62.30,124.00,0.010313
463.7906,5.9660,62.30,124.00,0.010165
463.8717,5.9660,61.22,124.00,0.010303
463.9481,5.9660,61.49,124.00,0.009871
464.0265,5.9660,62.03,124.00,0.010149
464.1034,5.9660,62.03,124.00,0.010106
464.1812,5.9660,61.76,124.00,0.009803
464.2602,5.9660,61.76,124.00,0.010246
464.3412,5.9660,61.49,124.00,0.009987
464.4204,5.9660,62.03,124.00,0.009904
464.5001,5.9660,61.76,124.00,0.009883
464.5800,5.9660,61.49,124.00,0.010685
464.6614,5.9660,61.76,124.00,0.010282
464.7390,5.9525,61.76,124.00,0.010551
464.8205,5.9390,61.76,124.00,0.010204
464.9023,5.9390,61.22,123.00,0.010373
464.9800,5.9390,61.76,123.00,0.009811
465.0591,5.9390,62.03,123.00,0.010030
465.1397,5.9390,61.76,124.00,0.010072
465.2169,5.9390,62.30,124.00,0.010122
465.2962,5.9390,62.03,124.00,0.010472
465.3758,5.9390,61.49,124.00,0.010148
465.4568,5.9390,62.03,124.00,0.009714
465.5357,5.9390,62.03,124.00,0.010211
465.6170,5.9390,61.76,124.00,0.010466
465.6963,5.9390,61.49,124.00,0.009804
465.7803,5.9430,62.03,124.00,0.009755
465.8588,5.9430,61.76,124.00,0.010704
465.9400,5.9430,61.49,124.00,0.010588
466.0172,5.9430,62.03,124.00,0.010173
466.0986,5.9430,61.76,124.00,0.009886
466.1759,5.9430,61.49,123.50,0.010115
466.2567,5.9430,61.49,123.50,0.010236
466.3357,5.9430,61.76,123.00,0.010275
466.4142,5.9430,62.03,123.00,0.009867
466.4939,5.9430,62.30,123.50,0.010409
466.5726,5.9430,61.22,123.00,0.010010
466.6533,5.9430,61.49,123.00,0.009797
466.7333,5.9430,62.30,123.00,0.011060
466.8114,5.9430,62.03,123.00,0.010254
466.8923,5.9430,61.22,123.00,0.009986
466.9718,5.9430,62.03,123.00,0.010375
467.0494,5.9430,61.76,123.00,0.009433
467.1246,5.9430,62.30,123.00,0.009467
467.2022,5.9430,62.30,123.50,0.009891
467.2843,5.9430,62.30,123.00,0.010424
467.3675,5.9430,62.03,123.00,0.010069
467.4441,5.9430,61.49,123.00,0.010293
467.5276,5.9430,61.22,123.00,0.010040
467.6048,5.9430,61.22,123.00,0.009727
467.6858,5.9430,62.03,123.00,0.009757
467.7635,5.9240,62.03,123.50,0.010391
467.8434,5.9050,62.03,123.00,0.010633
467.9198,5.9050,61.76,123.00,0.010098
468.0034,5.9050,62.03,123.00,0.010120
468.0830,5.9050,61.76,123.00,0.010362
468.1623,5.9050,61.76,123.00,0.010105
468.2389,5.9050,61.76,123.00,0.009732
468.3200,5.9050,62.03,123.00,0.009820
468.4003,5.9050,62.03,123.00,0.010636
468.4797,5.9050,62.03,123.00,0.009472
468.5556,5.9050,61.49,123.00,0.009471
468.6402,5.9050,62.03,123.00,0.010655
468.7193,5.9050,61.49,123.00,0.010034
468.8004,5.9050,61.76,123.00,0.010345
468.8792,5.9050,62.03,123.00,0.009992
468.9605,5.9050,61.76,123.00,0.010074
469.0395,5.9050,61.76,123.00,0.009851
469.1188,5.9050,62.30,123.00,0.010249
469.2006,5.9050,62.03,123.00,0.010754
469.2794,5.9050,62.03,123.00,0.009992
469.3610,5.9050,61.49,123.00,0.010035
469.4406,5.9050,62.03,123.00,0.010707
469.5201,5.9050,61.76,123.00,0.009968
469.6009,5.9050,61.76,123.00,0.010153
469.6784,5.9050,61.76,123.00,0.009916
469.7581,5.9050,62.03,123.00,0.009643
469.8345,5.9050,62.03,123.00,0.009438
469.9140,5.9050,62.03,123.00,0.009660
469.9900,5.9050,61.76,123.00,0.009529
470.0686,5.9050,61.76,123.00,0.009941
470.1479,5.9050,62.03,123.00,0.009404
470.2249,5.9050,61.76,123.00,0.009447
470.3036,5.9050,62.03,123.00,0.009613
470.3835,5.9050,62.03,123.00,0.009857
470.4638,5.9050,62.30,122.00,0.010316
470.5425,5.9050,62.30,122.00,0.010033
470.6189,5.9050,61.76,122.00,0.009581
470.6957,5.9050,61.76,122.50,0.009494
470.7714,5.9430,61.49,122.50,0.009721
470.8514,5.9810,61.76,122.00,0.009916
470.9283,5.9810,61.76,122.00,0.010369
471.0120,5.9810,62.03,122.00,0.010108
471.0907,5.9810,61.76,122.00,0.010061
471.1732,5.9810,61.49,123.00,0.010658
471.2582,5.9810,62.03,123.00,0.010685
471.3431,5.9810,61.76,122.00,0.010622
471.4250,5.9810,61.76,122.50,0.010186
471.5115,5.9810,61.76,123.00,0.010212
471.5951,5.9810,61.49,123.00,0.010254
471.6817,5.9810,61.22,123.00,0.010583
471.7669,5.9140,61.22,122.50,0.010976
471.8503,5.8470,61.49,122.50,0.010817
471.9316,5.8470,62.03,122.00,0.009511
472.0110,5.8470,61.49,122.50,0.009839
472.0951,5.8470,62.03,122.00,0.010934
472.1811,5.8470,62.03,122.00,0.010046
472.2639,5.8470,62.03,122.00,0.010420
472.3468,5.8470,62.30,122.00,0.010388
472.4297,5.8470,61.76,122.00,0.010562
472.5164,5.8470,62.03,122.00,0.010216
472.6000,5.8470,61.49,122.00,0.009753
472.6866,5.8470,62.03,122.00,0.010701
472.7694,5.8035,61.76,122.00,0.010527
472.8528,5.7600,62.03,122.00,0.010299
472.9386,5.7600,61.76,122.00,0.010615
473.0257,5.7600,61.49,122.00,0.010506
473.1084,5.7600,61.76,122.00,0.010441
473.1954,5.7600,61.49,122.00,0.010916
473.2789,5.7600,62.03,122.00,0.010505
473.3631,5.7600,61.49,122.00,0.010097
473.4451,5.7600,62.03,122.00,0.009824
473.5264,5.7600,61.49,122.00,0.009943
473.6034,5.7600,61.76,122.00,0.010587
473.6828,5.7600,61.76,122.00,0.010082
473.7650,5.8610,62.03,122.00,0.010077
473.8479,5.9620,61.49,122.00,0.010399
473.9280,5.9620,61.22,122.00,0.010307
474.0113,5.9620,62.30,122.00,0.009987
474.0882,5.9620,62.30,122.00,0.010154
474.1673,5.9620,61.76,122.00,0.010408
474.2452,5.9620,62.03,122.00,0.010384
474.3247,5.9620,61.49,122.00,0.010325
474.4032,5.9620,61.76,122.00,0.009580
474.4855,5.9620,61.76,122.00,0.010109
474.5634,5.9620,61.49,122.00,0.010293
474.6434,5.9620,61.76,122.00,0.010515
474.7232,5.9620,62.03,122.00,0.010647
474.8056,5.9050,61.22,122.00,0.010245
474.8829,5.9050,62.03,122.00,0.010084
474.9640,5.9050,61.76,122.00,0.010473
475.0434,5.9050,62.03,122.00,0.010092
475.1221,5.9050,61.22,122.00,0.009675
475.1996,5.9050,62.03,122.00,0.010072
475.2810,5.9050,61.76,122.00,0.010185
475.3612,5.9050,61.76,122.00,0.010220
475.4423,5.9050,61.49,122.00,0.009995
475.5219,5.9050,62.03,122.00,0.010000
475.6014,5.9050,61.49,122.00,0.010447
475.6796,5.9050,61.49,122.00,0.010380
475.7622,5.8915,62.03,122.00,0.011058
475.8402,5.8780,62.03,122.00,0.010437
475.9241,5.8780,61.76,122.00,0.010093
476.0021,5.8780,62.30,122.00,0.010032
476.0838,5.8780,61.76,122.00,0.010227
476.1653,5.8780,61.76,122.00,0.010278
476.2436,5.8780,61.76,122.00,0.009667
476.3232,5.8780,61.49,122.00,0.010021
476.4034,5.8780,62.03,122.00,0.010357
476.4807,5.8780,61.76,122.00,0.010293
476.5598,5.8780,61.76,122.00,0.010194
476.6360,5.8780,62.30,122.00,0.009877
476.7157,5.8780,62.30,122.00,0.010321
476.7935,5.9770,62.30,122.00,0.010163
476.8732,5.9770,62.03,122.00,0.010088
476.9488,5.9770,61.49,122.00,0.009414
477.0271,5.9770,61.22,122.00,0.009453
477.1042,5.9770,61.49,122.00,0.010014
477.1875,5.9770,61.76,122.00,0.010125
477.2671,5.9770,61.76,122.00,0.010051
477.3469,5.9770,61.76,122.00,0.010325
477.4235,5.9770,61.76,121.50,0.009469
477.5067,5.9770,61.49,121.00,0.010262
477.5945,5.9770,61.76,122.00,0.013059
477.6817,5.9770,62.03,122.00,0.010423
477.7688,5.9065,61.76,122.00,0.010585
477.8522,5.8360,61.49,122.00,0.009742
477.9337,5.8360,61.76,122.00,0.010157
478.0124,5.8360,61.49,122.00,0.010526
478.0905,5.8360,61.22,122.00,0.009858
478.1688,5.8360,61.49,122.00,0.009879
478.2474,5.8360,62.03,122.00,0.010078
478.3274,5.8360,61.76,122.00,0.009987
478.4033,5.8360,61.76,122.00,0.010088
478.4811,5.8360,61.49,122.00,0.009696
478.5610,5.8360,61.76,122.00,0.009712
478.6412,5.8360,62.03,122.00,0.010321
478.7179,5.8360,62.03,122.00,0.009958
478.7966,5.9540,62.03,122.00,0.009995
478.8744,5.9540,62.03,122.00,0.009710
478.9524,5.9540,61.76,122.00,0.010118
479.0317,5.9540,61.76,122.00,0.010606
479.1117,5.9540,62.30,122.00,0.010111
479.1885,5.9540,62.03,122.00,0.010284
479.2691,5.9540,61.76,122.00,0.010257
479.3481,5.9540,61.49,122.00,0.010508
479.4289,5.9540,61.76,122.00,0.010602
479.5075,5.9540,62.30,122.00,0.010253
479.5873,5.9540,61.76,122.00,0.009424
479.6669,5.9540,61.76,122.00,0.009472
479.7439,5.9540,62.30,122.00,0.010006
479.8223,5.9275,61.49,122.00,0.010135
479.9030,5.9010,61.49,122.00,0.010239
479.9803,5.9010,62.03,122.00,0.010336
480.0607,5.9010,62.03,122.00,0.010416
480.1361,5.9010,62.30,122.00,0.009767
480.2169,5.9010,61.49,122.00,0.010177
480.2969,5.9010,62.03,122.00,0.010064
480.3754,5.9010,61.22,122.00,0.010273
480.4519,5.9010,61.76,122.00,0.010292
480.5324,5.9010,61.22,122.00,0.010287
480.6099,5.9010,61.76,122.00,0.009645
480.6900,5.9010,62.03,122.00,0.009934
480.7698,5.9485,61.22,122.00,0.010326
480.8483,5.9960,61.22,122.00,0.010396
480.9269,5.9960,61.49,122.00,0.010409
481.0073,5.9960,61.49,122.00,0.010495
481.0840,5.9960,61.22,122.00,0.010249
481.1637,5.9960,61.49,122.00,0.010054
481.2405,5.9960,62.30,122.00,0.009855
481.3227,5.9960,62.30,122.00,0.009774
481.4010,5.9960,61.49,122.00,0.009951
481.4812,5.9960,61.76,122.00,0.010083
481.5573,5.9960,61.49,122.00,0.010062
481.6338,5.9960,61.76,122.00,0.009339
481.7089,5.9960,61.76,122.00,0.009566
481.7880,5.9960,61.49,122.00,0.010006
481.8676,6.0040,61.49,122.00,0.010078
481.9490,6.0040,61.76,122.00,0.010223
482.0276,6.0040,61.22,122.50,0.010056
482.1087,6.0040,62.03,123.00,0.010489
482.1866,6.0040,62.03,123.00,0.009780
482.2671,6.0040,62.03,123.00,0.010067
482.3445,6.0040,61.76,123.00,0.011011
482.4267,6.0040,61.49,123.00,0.010228
482.5052,6.0040,61.76,123.00,0.010228
482.5864,6.0040,61.76,123.00,0.010331
482.6627,6.0040,61.49,123.00,0.009994
482.7429,5.9600,61.76,123.00,0.010552
482.8211,5.9160,62.30,123.00,0.009479
482.9001,5.9160,62.03,123.00,0.009930
482.9753,5.9160,62.30,123.00,0.009627
483.0532,5.9160,62.30,123.00,0.010029
483.1292,5.9160,61.22,123.00,0.010072
483.2116,5.9160,62.03,123.00,0.010035
483.2920,5.9160,61.49,123.00,0.009807
483.3748,5.9160,61.49,123.00,0.009938
483.4554,5.9160,61.76,123.00,0.009909
483.5357,5.9160,62.03,123.00,0.010290
483.6122,5.9160,61.76,123.00,0.010268
483.6926,5.9160,61.76,123.00,0.010201
483.7694,5.9160,61.49,123.00,0.009457
483.8502,5.9160,61.76,123.00,0.009904
483.9281,5.9160,61.49,123.00,0.010144
484.0083,5.9160,61.76,123.00,0.010024
484.0851,5.9160,62.03,123.00,0.010291
484.1625,5.9160,61.22,123.00,0.009671
484.2367,5.9160,62.30,123.00,0.009372
484.3152,5.9160,61.22,123.00,0.010101
484.3953,5.9160,61.76,123.00,0.009793
484.4731,5.9160,62.03,123.00,0.010071
484.5509,5.9160,62.03,123.00,0.009374
484.6274,5.9160,61.76,123.00,0.009382
484.7029,5.9160,61.76,123.00,0.009890
484.7846,5.9160,61.49,123.00,0.010499
484.8633,5.9160,61.76,123.00,0.010388
484.9442,5.9160,61.76,123.00,0.010269
485.0202,5.9160,61.76,123.00,0.010219
485.1009,5.9160,61.76,123.00,0.010338
485.1796,5.9160,62.30,123.00,0.010550
485.2594,5.9125,61.49,123.00,0.009925
485.3385,5.9090,61.76,123.00,0.010012
485.4166,5.9090,61.76,123.00,0.010500
485.4927,5.9090,61.22,123.00,0.010098
485.5729,5.9090,61.49,123.00,0.010290
485.6515,5.9090,61.76,123.00,0.010038
485.7317,5.9280,61.76,123.00,0.010209
485.8088,5.9470,61.76,123.00,0.010446
485.8876,5.9470,62.30,123.00,0.010706
485.9659,5.9470,62.03,123.00,0.009904
486.0439,5.9470,62.30,123.00,0.010100
486.1201,5.9470,61.49,123.00,0.010290
486.2000,5.9470,61.76,123.00,0.010169
486.2801,5.9470,62.03,123.00,0.009586
486.3606,5.9470,61.49,123.00,0.009953
486.4414,5.9470,62.03,123.00,0.010193
486.5189,5.9470,62.30,123.00,0.009904
486.5955,5.9470,61.49,123.00,0.010420
486.6755,5.9470,62.03,123.00,0.010103
486.7522,5.9430,61.49,123.00,0.009672
486.8327,5.9390,62.03,123.00,0.010186
486.9135,5.9390,61.49,123.00,0.010146
486.9939,5.9390,62.03,123.00,0.010303
487.0707,5.9390,62.30,123.00,0.010457
487.1488,5.9390,62.03,123.00,0.010190
487.2272,5.9390,62.03,123.00,0.010112
487.3078,5.9390,61.76,123.00,0.009902
487.3843,5.9390,61.76,123.00,0.010090
487.4653,5.9390,61.49,123.00,0.010171
487.5444,5.9390,62.03,123.00,0.010138
487.6245,5.9390,62.03,123.00,0.010572
487.7006,5.9390,62.03,123.00,0.010136
487.7838,5.9310,62.03,123.00,0.009927
487.8598,5.9310,61.49,123.00,0.010016
487.9426,5.9310,61.49,123.00,0.010111
488.0180,5.9310,61.22,123.00,0.009722
488.0965,5.9310,62.03,123.00,0.010220
488.1734,5.9310,61.22,123.00,0.010173
488.2525,5.9310,61.76,123.00,0.010186
488.3307,5.9310,62.03,123.00,0.009753
488.4116,5.9310,62.03,123.00,0.009970
488.4875,5.9310,62.30,123.00,0.010210
488.5645,5.9310,61.49,123.00,0.009688
488.6427,5.9310,61.49,123.00,0.009978
488.7234,5.9310,62.30,123.00,0.010203
488.8024,5.9620,61.76,123.00,0.009889
488.8853,5.9620,61.49,123.00,0.010108
488.9627,5.9620,62.03,123.00,0.010721
489.0409,5.9620,62.30,123.00,0.010113
489.1176,5.9620,61.49,123.00,0.010277
489.1964,5.9620,62.03,123.00,0.010414
489.2724,5.9620,62.03,123.00,0.010030
489.3516,5.9620,61.49,123.00,0.009984
489.4281,5.9620,61.22,123.00,0.010661
489.5080,5.9620,61.76,123.00,0.009744
489.5889,5.9620,62.30,123.00,0.009930
489.6674,5.9620,61.76,123.00,0.010551
489.7458,5.9145,61.76,123.00,0.009859
489.8248,5.8670,61.76,122.00,0.010051
489.9033,5.8670,61.76,122.00,0.010150
489.9836,5.8670,62.03,122.00,0.010153
490.0606,5.8670,62.03,122.50,0.010376
490.1406,5.8670,61.76,122.00,0.010059
490.2194,5.8670,62.03,122.00,0.010613
490.2999,5.8670,61.76,123.00,0.010454
490.3757,5.8670,62.03,123.00,0.009736
490.4564,5.8670,61.76,122.50,0.010152
490.5350,5.8670,62.03,122.00,0.010238
490.6134,5.8670,61.22,123.00,0.010548
490.6924,5.8670,62.30,123.00,0.010557
490.7733,5.9470,61.22,123.00,0.010106
490.8515,5.9470,62.03,123.00,0.009559
490.9300,5.9470,62.03,122.50,0.010533
491.0089,5.9470,61.76,122.50,0.010009
491.0877,5.9470,61.76,122.00,0.010383
491.1664,5.9470,61.22,122.50,0.010106
491.2449,5.9470,61.49,122.50,0.010183
491.3246,5.9470,61.76,122.00,0.010428
491.4028,5.9470,62.30,122.00,0.010016
491.4802,5.9470,62.03,122.00,0.010482
491.5649,5.9470,61.76,122.00,0.010565
491.6475,5.9470,62.30,122.00,0.010483
491.7346,5.9680,61.49,122.00,0.010752
491.8161,5.9890,62.03,122.00,0.010216
491.8998,5.9890,62.03,122.00,0.010494
491.9858,5.9890,61.76,122.00,0.010845
492.0710,5.9890,62.03,122.00,0.010600
492.1554,5.9890,62.30,122.00,0.010900
492.2358,5.9890,61.49,122.00,0.009694
492.3114,5.9890,61.76,122.00,0.009879
492.3902,5.9890,62.03,122.00,0.009695
492.4675,5.9890,61.22,122.00,0.010062
492.5491,5.9890,62.30,123.00,0.009463
492.6269,5.9890,61.22,123.00,0.010090
492.7070,5.9890,61.76,122.50,0.009655
492.7831,5.9890,61.76,123.00,0.010030
492.8689,5.9660,61.49,122.00,0.010186
492.9495,5.9660,62.30,122.00,0.010949
493.0368,5.9660,61.76,122.00,0.009991
493.1210,5.9660,61.49,122.00,0.009980
493.2077,5.9660,61.49,122.00,0.010178
493.2935,5.9660,61.76,122.50,0.011168
493.3777,5.9660,61.76,123.00,0.010506
493.4567,5.9660,61.49,123.50,0.010424
493.5410,5.9660,62.03,123.50,0.010259
493.6234,5.9660,61.49,123.50,0.010620
493.7048,5.9660,62.03,123.50,0.010098
493.7885,5.8740,61.76,123.00,0.011070
493.8722,5.8740,61.22,123.00,0.010014
493.9563,5.8740,61.76,123.00,0.010596
494.0409,5.8740,62.03,123.00,0.010205
494.1228,5.8740,62.03,123.00,0.010236
494.2061,5.8740,61.49,123.00,0.009981
494.2881,5.8740,61.76,123.00,0.010759
494.3698,5.8740,61.49,123.00,0.010348
494.4460,5.8740,61.49,123.00,0.009356
494.5255,5.8740,62.03,123.00,0.009588
494.6032,5.8740,61.22,123.00,0.009449
494.6855,5.8740,61.76,123.00,0.010328
494.7679,5.8990,61.76,123.00,0.010528
494.8515,5.9240,61.49,123.00,0.010426
494.9270,5.9240,62.03,123.00,0.010083
495.0037,5.9240,62.03,123.00,0.009455
495.0791,5.9240,61.76,123.00,0.009853
495.1598,5.9240,61.76,123.00,0.010224
495.2370,5.9240,61.76,123.00,0.010643
495.3154,5.9240,61.76,123.00,0.010097
495.3913,5.9240,62.03,123.00,0.010102
495.4693,5.9240,61.76,123.00,0.010218
495.5482,5.9240,62.03,123.00,0.010587
495.6284,5.9240,61.49,123.00,0.010574
495.7070,5.9240,62.03,123.00,0.010152
495.7881,6.0310,62.03,123.00,0.010173
495.8645,6.0310,62.03,123.00,0.010104
495.9426,6.0310,61.76,123.00,0.010390
496.0216,6.0310,61.76,123.00,0.010598
496.0995,6.0310,62.03,123.00,0.010036
496.1780,6.0310,61.76,123.00,0.009700
496.2571,6.0310,62.03,123.00,0.010411
496.3358,6.0310,61.76,123.00,0.010310
496.4159,6.0310,62.03,123.00,0.010267
496.4923,6.0310,62.03,123.00,0.010300
496.5745,6.0310,62.30,123.00,0.009822
496.6512,6.0310,62.03,123.00,0.010356
496.7287,6.0310,61.76,123.00,0.010026
496.8076,5.9700,61.76,123.00,0.009913
496.8880,5.9700,62.03,123.00,0.010173
496.9644,5.9700,62.03,123.00,0.010129
497.0472,5.9700,61.22,123.00,0.010400
497.1233,5.9700,62.30,123.00,0.009892
497.2042,5.9700,61.76,123.00,0.010206
497.2806,5.9700,61.49,123.00,0.009903
497.3604,5.9700,62.30,123.00,0.010135
497.4388,5.9700,62.30,123.00,0.010362
497.5169,5.9700,62.03,122.50,0.010242
497.5957,5.9700,61.76,122.00,0.010427
497.6765,5.9700,62.03,122.00,0.010815
497.7553,5.9585,61.76,122.00,0.010322
497.8351,5.9470,61.49,122.00,0.009730
497.9103,5.9470,61.76,122.00,0.009343
497.9883,5.9470,62.03,122.00,0.009805
498.0659,5.9470,62.03,122.00,0.009632
498.1426,5.9470,62.30,122.00,0.009491
498.2174,5.9470,62.30,122.00,0.009715
498.2959,5.9470,61.76,122.00,0.009963
498.3715,5.9470,62.30,122.00,0.009557
498.4505,5.9470,61.76,122.00,0.009459
498.5266,5.9470,62.30,122.00,0.009511
498.6033,5.9470,62.03,122.00,0.009967
498.6784,5.9470,61.76,122.00,0.009428
498.7564,5.9775,62.03,122.00,0.009768
498.8335,6.0080,61.76,122.00,0.010226
498.9150,6.0080,62.03,122.00,0.010841
498.9934,6.0080,61.49,122.50,0.010218
499.0723,6.0080,62.03,122.00,0.010216
499.1510,6.0080,61.76,122.00,0.009909
499.2319,6.0080,61.76,122.00,0.010448
499.3108,6.0080,61.49,122.00,0.010166
499.3925,6.0080,62.03,122.00,0.010514
499.4709,6.0080,62.03,122.00,0.010060
499.5517,6.0080,61.76,122.00,0.010107
499.6280,6.0080,61.49,122.00,0.009842
499.7083,6.0080,61.76,122.00,0.010458
499.7876,5.9120,61.76,122.00,0.010274
499.8673,5.9120,62.03,122.00,0.009982
499.9429,5.9120,62.03,122.00,0.009639
500.0193,5.9120,61.49,122.00,0.009497
500.0945,5.9120,62.03,122.00,0.009668
500.1714,5.9120,61.76,122.00,0.009646
500.2483,5.9120,61.76,122.00,0.009944
500.3280,5.9120,62.30,122.00,0.009734
500.4050,5.9120,62.30,122.00,0.010266
500.4832,5.9120,62.30,122.00,0.010157
500.5604,5.9120,61.76,122.00,0.010360
500.6399,5.9120,61.76,122.00,0.009392
500.7158,5.9120,61.76,122.00,0.009599
500.7996,5.9350,62.03,122.00,0.010164
500.8763,5.9350,62.03,122.00,0.010350
500.9564,5.9350,61.76,122.00,0.009567
501.0312,5.9350,62.03,122.00,0.009691
501.1083,5.9350,62.03,122.00,0.010161
501.1867,5.9350,62.03,122.00,0.010087
501.2666,5.9350,61.76,122.00,0.010051
501.3440,5.9350,61.76,122.00,0.010198
501.4241,5.9350,61.76,122.00,0.009846
501.5026,5.9350,61.49,122.00,0.009538
501.5838,5.9350,62.03,122.00,0.010482
501.6593,5.9350,61.76,122.00,0.009585
501.7358,5.9350,62.03,122.00,0.009678
501.8116,5.9350,61.22,122.00,0.010465
501.8887,5.9350,62.03,122.00,0.010170
501.9680,5.9810,61.49,122.00,0.010182
502.0481,5.9810,61.76,122.00,0.009876
502.1270,5.9810,62.03,122.00,0.010444
502.2077,5.9810,61.49,122.00,0.010220
502.2874,5.9810,62.30,122.00,0.010404
502.3656,5.9810,62.03,122.00,0.010514
502.4424,5.9810,62.03,122.00,0.010041
502.5228,5.9810,61.49,122.00,0.009796
502.6035,5.9810,61.22,122.00,0.009974
502.6839,5.9810,62.03,122.00,0.010174
502.7629,5.9410,62.03,122.00,0.010294
502.8441,5.9010,61.22,122.00,0.010542
502.9227,5.9010,61.76,122.00,0.010151
502.9995,5.9010,61.49,122.00,0.009719
503.0754,5.9010,61.76,122.00,0.009962
503.1560,5.9010,62.03,122.00,0.009856
503.2346,5.9010,61.76,122.00,0.010118
503.3128,5.9010,61.76,122.00,0.010305
503.3894,5.9010,61.76,122.00,0.010551
503.4678,5.9010,62.03,122.00,0.009927
503.5448,5.9010,62.03,122.00,0.010078
503.6256,5.9010,61.76,122.00,0.010303
503.7044,5.9010,61.76,122.00,0.010434
503.7874,5.9010,62.03,122.00,0.010682
503.8639,5.9010,62.30,122.00,0.010270
503.9447,5.9010,61.49,122.00,0.010762
504.0216,5.9010,61.76,122.00,0.010257
504.1040,5.9010,61.76,121.00,0.010335
504.1850,5.9010,61.76,121.50,0.010219
504.2647,5.9010,62.30,121.50,0.009548
504.3437,5.9010,62.03,121.50,0.010223
504.4239,5.9010,61.22,122.00,0.010184
504.5003,5.9010,61.49,122.00,0.010197
504.5812,5.9010,62.03,122.00,0.010657
504.6578,5.9010,61.49,122.00,0.010091
504.7365,5.9010,61.49,122.00,0.010416
504.8129,5.9010,61.49,121.00,0.010062
504.8956,5.9010,61.76,121.00,0.010047
504.9717,5.9010,61.22,121.00,0.009564
505.0520,5.9010,61.76,121.00,0.009852
505.1291,5.9810,61.49,121.00,0.010184
505.2077,5.9810,61.22,121.00,0.009772
505.2843,5.9810,62.03,121.00,0.010287
505.3644,5.9810,62.30,121.50,0.010237
505.4454,5.9810,62.03,121.50,0.010268
505.5261,5.9810,62.03,121.00,0.010385
505.6052,5.9810,61.49,121.00,0.010413
505.6827,5.9810,62.03,121.00,0.009498
505.7599,5.9335,61.76,121.00,0.010614
505.8406,5.8860,61.76,121.00,0.010275
505.9214,5.8860,61.76,121.00,0.010053
506.0023,5.8860,62.03,121.00,0.010109
506.0788,5.8860,61.76,121.00,0.010364
506.1596,5.8860,62.03,121.00,0.010846
506.2363,5.8860,61.76,121.00,0.010363
506.3148,5.8860,61.76,121.00,0.010130
506.3911,5.8860,61.76,121.00,0.010030
506.4714,5.8860,61.76,121.00,0.009637
506.5484,5.8860,61.76,121.50,0.010363
506.6267,5.8860,61.76,121.00,0.010013
506.7076,5.8860,61.49,121.00,0.010224
506.7871,5.8630,61.49,121.00,0.010517
506.8627,5.8630,62.03,121.00,0.009654
506.9436,5.8630,62.03,121.00,0.009940
507.0202,5.8630,61.49,121.00,0.010505
507.1034,5.8630,62.03,121.00,0.010577
507.1791,5.8630,62.03,121.00,0.010290
507.2561,5.8630,62.03,121.00,0.009713
507.3371,5.8630,61.49,121.00,0.009986
507.4156,5.8630,62.03,121.00,0.010739
507.4925,5.8630,61.76,121.00,0.010491
507.5721,5.8630,61.22,121.00,0.009761
507.6470,5.8630,62.30,121.00,0.009539
507.7237,5.8630,62.03,121.00,0.009758
507.8033,5.9085,61.76,121.00,0.010701
507.8844,5.9540,62.03,121.00,0.010062
507.9627,5.9540,62.30,121.00,0.011586
508.0408,5.9540,61.76,121.00,0.010537
508.1190,5.9540,61.49,121.00,0.010623
508.1973,5.9540,62.30,121.00,0.010236
508.2737,5.9540,62.03,121.00,0.010042
508.3523,5.9540,62.03,121.00,0.009833
508.4308,5.9540,62.30,121.00,0.010197
508.5094,5.9540,62.03,121.00,0.010366
508.5891,5.9540,62.03,121.00,0.010239
508.6689,5.9540,62.03,121.00,0.009513
508.7479,5.9505,61.49,121.00,0.010352
508.8287,5.9470,62.30,121.00,0.010325
508.9074,5.9470,61.76,121.00,0.010609
508.9854,5.9470,61.76,121.00,0.010271
509.0642,5.9470,62.03,121.00,0.010414
509.1446,5.9470,61.49,121.00,0.010477
509.2209,5.9470,61.76,121.00,0.010133
509.2987,5.9470,62.03,121.00,0.009973
509.3752,5.9470,62.03,121.00,0.009967
509.4525,5.9470,62.03,121.00,0.009370
509.5297,5.9470,62.30,121.00,0.009875
509.6083,5.9470,62.03,121.00,0.009339
509.6842,5.9470,61.76,121.00,0.009861
509.7634,5.9470,61.49,121.00,0.009748
509.8399,5.9180,62.03,121.00,0.010573
509.9204,5.8890,62.03,121.00,0.010038
510.0009,5.8890,62.30,121.00,0.009660
510.0792,5.8890,62.03,121.00,0.010679
510.1566,5.8890,61.76,121.00,0.010521
510.2368,5.8890,61.76,121.00,0.010040
510.3161,5.8890,62.03,121.00,0.010435
510.3997,5.8890,61.76,121.00,0.010356
510.4793,5.8890,61.49,121.00,0.010431
510.5604,5.8890,62.30,121.00,0.010323
510.6394,5.8890,61.76,121.00,0.009983
510.7179,5.8890,61.49,121.00,0.009598
510.7958,5.9090,62.30,121.00,0.010700
510.8758,5.9090,61.49,121.00,0.010022
510.9566,5.9090,61.76,121.00,0.009986
511.0373,5.9090,61.76,121.00,0.010324
511.1158,5.9090,61.76,121.00,0.009954
511.1928,5.9090,62.30,121.00,0.009651
511.2708,5.9090,61.76,121.00,0.009815
511.3508,5.9090,61.76,121.00,0.009841
511.4274,5.9090,61.76,121.00,0.009916
511.5074,5.9090,61.22,121.00,0.009919
511.5827,5.9090,61.76,121.00,0.009427
511.6594,5.9090,62.03,121.00,0.009543
511.7343,5.9090,61.76,121.00,0.009420
511.8129,5.9585,61.22,121.00,0.010219
511.8919,6.0080,62.03,121.00,0.010140
511.9712,6.0080,61.76,121.00,0.010513
512.0499,6.0080,61.76,121.00,0.009932
512.1300,6.0080,62.03,121.00,0.010151
512.2083,6.0080,62.03,121.00,0.010017
512.2886,6.0080,61.76,121.00,0.009995
512.3656,6.0080,61.76,121.00,0.010234
512.4465,6.0080,61.76,121.00,0.009936
512.5282,6.0080,61.76,121.00,0.010196
512.6112,6.0080,62.03,121.00,0.010256
512.6883,6.0080,61.49,121.00,0.010328
512.7720,5.9525,61.76,121.00,0.010358
512.8515,5.8970,61.49,121.00,0.009977
512.9319,5.8970,62.30,121.00,0.010089
513.0080,5.8970,62.03,121.00,0.009891
513.0870,5.8970,61.76,121.00,0.010332
513.1660,5.8970,62.03,121.00,0.010199
513.2442,5.8970,61.76,121.00,0.010046
513.3238,5.8970,62.30,121.00,0.010659
513.4052,5.8970,61.22,121.00,0.010343
513.4848,5.8970,61.49,121.00,0.009803
513.5683,5.8970,61.49,121.00,0.010716
513.6483,5.8970,61.49,121.00,0.010888
513.7289,5.8970,61.22,121.00,0.010104
513.8066,5.9350,61.76,121.00,0.010229
513.8851,5.9350,61.49,121.00,0.010098
513.9630,5.9350,61.49,121.00,0.010303
514.0438,5.9350,61.49,121.00,0.010549
514.1230,5.9350,62.30,121.00,0.010405
514.2012,5.9350,61.76,121.00,0.010052
514.2787,5.9350,61.76,121.00,0.010440
514.3599,5.9350,61.76,121.00,0.010407
514.4378,5.9350,62.03,121.00,0.009337
514.5146,5.9350,61.76,121.00,0.009600
514.5925,5.9350,61.76,121.00,0.010533
514.6726,5.9350,61.49,121.00,0.010437
514.7486,5.9505,61.76,121.00,0.009730
514.8275,5.9660,62.03,121.00,0.010098
514.9046,5.9660,62.30,121.00,0.010323
514.9844,5.9660,61.22,121.00,0.010179
515.0619,5.9660,61.76,121.00,0.010595
515.1444,5.9660,62.03,121.00,0.010199
515.2228,5.9660,62.03,121.00,0.009851
515.3018,5.9660,61.76,121.00,0.009363
515.3798,5.9660,61.22,121.00,0.009738
515.4597,5.9660,62.03,121.00,0.009931
515.5362,5.9660,61.76,121.00,0.010262
515.6170,5.9660,61.76,121.00,0.009923
515.6961,5.9660,61.49,121.00,0.010459
515.7774,5.9375,61.76,121.00,0.010206
515.8600,5.9090,61.76,121.00,0.009941
515.9398,5.9090,61.76,121.00,0.009780
516.0218,5.9090,61.49,121.00,0.010643
516.1000,5.9090,62.30,121.00,0.009982
516.1786,5.9090,61.49,121.00,0.009760
516.2574,5.9090,61.22,121.00,0.010110
516.3366,5.9090,61.76,121.00,0.009833
516.4174,5.9090,61.76,121.00,0.010235
516.4946,5.9090,61.76,121.00,0.010172
516.5757,5.9090,61.76,121.00,0.010387
516.6523,5.9090,62.30,121.00,0.009562
516.7311,5.9090,61.49,121.00,0.010266
516.8088,5.9620,62.03,121.00,0.010652
516.8872,5.9620,61.49,121.00,0.009896
516.9679,5.9620,62.03,121.00,0.010095
517.0478,5.9620,61.76,121.00,0.010090
517.1280,5.9620,62.30,121.00,0.010324
517.2055,5.9620,61.49,121.00,0.009640
517.2831,5.9620,61.49,121.00,0.010556
517.3613,5.9620,62.03,121.00,0.010506
517.4402,5.9620,61.22,121.00,0.010423
517.5184,5.9620,61.49,121.00,0.010091
517.5978,5.9620,62.03,121.00,0.010122
517.6761,5.9620,61.76,121.00,0.010053
517.7558,5.9735,62.03,121.00,0.010549
517.8365,5.9850,61.49,121.00,0.010326
517.9132,5.9850,61.76,121.00,0.009973
517.9958,5.9850,61.76,121.00,0.010166
518.0710,5.9850,62.03,121.00,0.009773
518.1485,5.9850,62.30,121.00,0.010023
518.2262,5.9850,61.22,121.00,0.009900
518.3040,5.9850,61.76,121.00,0.010053
518.3851,5.9850,61.76,121.00,0.010054
518.4654,5.9850,62.03,121.00,0.010705
518.5419,5.9850,61.76,121.00,0.009970
518.6194,5.9850,62.30,121.00,0.009511
518.6941,5.9850,62.30,121.00,0.009485
518.7710,5.9850,61.76,121.00,0.009714
518.8464,5.9850,61.49,121.00,0.009854
518.9269,5.9770,61.76,121.00,0.009821
519.0036,5.9770,61.49,121.00,0.009917
519.0838,5.9770,62.30,121.00,0.010171
519.1645,5.9770,61.76,121.00,0.010392
519.2443,5.9770,61.49,121.00,0.009775
519.3230,5.9770,61.76,121.00,0.009997
519.4041,5.9770,62.03,121.00,0.010881
519.4795,5.9770,61.76,121.00,0.009544
519.5599,5.9770,61.49,121.00,0.010143
519.6392,5.9770,61.76,121.00,0.010168
519.7192,5.9770,61.22,121.00,0.009948
519.7962,5.9700,61.76,121.00,0.010297
519.8746,5.9700,62.03,121.00,0.010365
519.9513,5.9700,61.76,121.00,0.010533
520.0372,5.9700,61.76,121.00,0.009772
520.1193,5.9700,62.03,121.00,0.009987
520.2055,5.9700,61.49,121.00,0.010248
520.2888,5.9700,61.49,121.00,0.010605
520.3728,5.9700,61.49,121.00,0.010601
520.4499,5.9700,61.22,121.00,0.009458
520.5328,5.9700,62.30,121.00,0.009920
520.6149,5.9700,61.49,121.00,0.010645
520.6987,5.9700,61.49,121.00,0.010439
520.7802,5.9240,62.30,121.00,0.010195
520.8654,5.8780,61.49,121.00,0.011056
520.9495,5.8780,61.49,121.00,0.010616
521.0330,5.8780,62.30,121.00,0.010396
521.1085,5.8780,61.76,121.00,0.009307
521.1860,5.8780,61.49,121.00,0.009631
521.2639,5.8780,62.03,121.00,0.009786
521.3472,5.8780,62.03,121.00,0.011010
521.4285,5.8780,61.49,121.00,0.010914
521.5108,5.8780,62.03,121.00,0.009577
521.5901,5.8780,61.76,121.00,0.009789
521.6754,5.8780,61.49,121.00,0.009411
521.7534,5.8780,61.49,121.00,0.010139
521.8374,5.8050,61.22,121.00,0.010750
521.9213,5.8050,61.49,121.00,0.010442
522.0054,5.8050,61.49,121.00,0.010003
522.0888,5.8050,61.76,121.00,0.010734
522.1758,5.8050,61.22,121.00,0.010666
522.2606,5.8050,61.76,121.00,0.010931
522.3443,5.8050,61.49,121.00,0.010546
522.4280,5.8050,61.76,121.00,0.010166
522.5109,5.8050,61.76,121.00,0.010073
522.5918,5.8050,61.76,121.00,0.009655
522.6717,5.8050,62.30,121.00,0.009525
522.7474,5.8050,61.76,121.00,0.009614
522.8287,5.8035,61.22,121.00,0.009732
522.9114,5.8020,61.76,121.00,0.010929
522.9911,5.8020,61.76,121.00,0.009465
523.0662,5.8020,61.49,121.00,0.009479
523.1436,5.8020,62.03,121.00,0.009840
523.2199,5.8020,61.76,121.00,0.010179
523.2983,5.8020,61.76,121.00,0.009873
523.3764,5.8020,61.49,121.00,0.009752
523.4539,5.8020,61.49,121.00,0.009866
523.5324,5.8020,62.03,121.00,0.010169
523.6130,5.8020,61.22,121.00,0.010400
523.6896,5.8020,61.49,121.00,0.010577
523.7676,5.9070,61.76,121.00,0.010175
523.8468,6.0120,61.76,121.00,0.009787
523.9250,6.0120,62.30,121.00,0.009946
524.0012,6.0120,61.22,121.00,0.009488
524.0793,6.0120,61.49,121.00,0.010552
524.1551,6.0120,61.49,121.00,0.010181
524.2359,6.0120,62.03,121.00,0.009973
524.3130,6.0120,62.03,121.00,0.010417
524.3914,6.0120,62.03,121.00,0.010543
524.4681,6.0120,62.03,121.00,0.010212
524.5479,6.0120,62.03,121.00,0.009786
524.6237,6.0120,61.49,121.00,0.010371
524.7017,6.0120,62.03,121.00,0.009861
524.7764,6.0120,62.03,121.00,0.009584
524.8558,6.0120,61.76,121.00,0.009602
524.9319,6.0120,62.03,121.00,0.010019
525.0128,6.0155,62.30,121.00,0.010849
525.0937,6.0190,61.76,121.00,0.009920
525.1719,6.0190,61.76,121.00,0.009847
525.2473,6.0190,61.49,121.00,0.009784
525.3239,6.0190,62.03,121.00,0.009649
525.3990,6.0190,62.03,121.00,0.009543
525.4762,6.0190,61.49,121.00,0.009826
525.5576,6.0190,62.03,121.00,0.010132
525.6354,6.0190,61.22,121.00,0.010113
525.7119,6.0190,61.22,121.00,0.010349
525.7916,6.0190,61.76,121.00,0.010147
525.8681,6.0190,62.03,121.00,0.010254
525.9481,6.0190,62.30,121.00,0.010296
526.0273,6.0190,61.76,121.00,0.010579
526.1052,6.0190,62.03,121.00,0.010046
526.1842,6.0190,61.76,121.00,0.010260
526.2668,6.0190,61.76,121.00,0.010012
526.3444,6.0190,61.49,121.00,0.010890
526.4251,6.0190,62.03,121.00,0.010221
526.5044,6.0190,62.03,121.00,0.010178
526.5850,6.0190,61.22,121.00,0.010181
526.6645,6.0190,61.49,121.00,0.010388
526.7481,6.0190,61.49,121.00,0.010645
526.8248,6.0190,61.76,121.00,0.010166
526.9062,6.0190,61.76,121.00,0.010487
526.9842,6.0190,61.22,121.00,0.010903
527.0653,6.0190,61.49,121.00,0.010531
527.1421,6.0190,62.03,121.00,0.009999
527.2208,6.0190,61.49,121.00,0.009773
527.3006,6.0190,62.03,121.00,0.010239
527.3815,6.0190,62.30,121.00,0.010176
527.4609,6.0190,61.76,121.00,0.010761
527.5418,6.0190,61.49,121.00,0.010050
527.6204,6.0190,62.03,121.00,0.010187
527.7028,6.0190,61.49,121.00,0.009840
527.7812,5.8930,61.49,121.00,0.010531
527.8586,5.8930,62.03,121.00,0.009899
527.9350,5.8930,61.76,121.00,0.010033
528.0163,5.8930,61.76,121.00,0.010328
528.0952,5.8930,61.49,121.00,0.010109
528.1737,5.8930,62.03,121.00,0.010319
528.2522,5.8930,61.76,121.00,0.010322
528.3307,5.8930,61.76,121.00,0.009842
528.4075,5.8930,62.30,121.00,0.010421
528.4877,5.8930,61.76,121.00,0.010116
528.5683,5.8930,61.76,121.00,0.010118
528.6486,5.8930,62.30,121.00,0.010273
528.7296,5.8930,61.22,121.00,0.010058
528.8108,5.9890,61.76,121.00,0.010094
528.8880,5.9890,61.76,121.00,0.010270
528.9690,5.9890,61.49,121.00,0.010126
529.0478,5.9890,61.76,121.00,0.009488
529.1246,5.9890,61.22,121.00,0.009345
529.2036,5.9890,62.03,121.00,0.009553
529.2815,5.9890,61.76,121.00,0.010059
529.3592,5.9890,61.49,121.00,0.009540
529.4355,5.9890,61.76,121.00,0.009679
529.5107,5.9890,61.49,121.00,0.009782
529.5874,5.9890,62.30,121.00,0.009582
529.6637,5.9890,61.49,121.00,0.009826
529.7447,5.9755,62.03,121.00,0.010559
529.8203,5.9620,62.30,121.00,0.009643
529.8971,5.9620,61.76,121.00,0.009556
529.9733,5.9620,61.76,121.00,0.010261
530.0507,5.9620,61.76,121.00,0.009642
530.1263,5.9620,61.22,121.00,0.009614
530.2062,5.9620,62.03,121.00,0.010231
530.2840,5.9620,62.03,121.00,0.010423
530.3646,5.9620,62.03,121.00,0.010287
530.4473,5.9620,62.30,121.00,0.010733
530.5318,5.9620,62.03,121.00,0.011136
530.6157,5.9620,61.76,121.00,0.010861
530.6957,5.9620,61.49,121.00,0.009477
530.7722,5.9620,61.22,121.00,0.010082
530.8555,5.8740,61.22,121.00,0.010655
530.9356,5.7860,61.22,121.00,0.010607
531.0178,5.7860,62.03,121.00,0.010097
531.0967,5.7860,61.76,121.00,0.009667
531.1764,5.7860,62.30,121.00,0.010193
531.2577,5.7860,61.49,121.00,0.010166
531.3369,5.7860,61.22,121.00,0.009618
531.4154,5.7860,61.76,121.00,0.009390
531.4919,5.7860,61.76,121.00,0.009404
531.5667,5.7860,62.03,121.00,0.009449
531.6440,5.7860,61.76,121.00,0.009493
531.7189,5.7860,61.76,121.00,0.009638
531.7969,5.7860,61.76,121.00,0.009922
531.8763,6.0080,62.03,121.00,0.010051
531.9578,6.0080,61.76,121.00,0.010903
532.0347,6.0080,62.03,121.00,0.010169
532.1169,6.0080,61.76,121.00,0.009862
532.1942,6.0080,62.03,121.00,0.009658
532.2710,6.0080,61.49,121.00,0.009585
532.3463,6.0080,62.30,121.00,0.009779
532.4271,6.0080,61.76,121.00,0.009865
532.5028,6.0080,61.49,121.00,0.009604
532.5795,6.0080,61.49,121.00,0.009756
532.6549,6.0080,61.76,121.00,0.009852
532.7349,6.0080,61.76,121.00,0.009645
532.8129,6.0120,62.03,121.00,0.010707
532.8919,6.0120,62.03,121.00,0.010056
532.9734,6.0120,61.76,121.00,0.010239
533.0522,6.0120,62.03,121.00,0.010320
533.1309,6.0120,61.22,121.00,0.010044
533.2071,6.0120,61.76,121.00,0.009527
533.2839,6.0120,61.49,121.00,0.009684
533.3603,6.0120,61.22,121.00,0.009510
533.4368,6.0120,62.03,121.00,0.010062
533.5174,6.0120,61.76,121.00,0.010317
533.5963,6.0120,61.49,121.00,0.010510
533.6765,6.0120,61.49,121.00,0.010188
533.7543,5.9715,61.76,121.00,0.009879
533.8352,5.9310,62.03,121.00,0.010296
533.9118,5.9310,62.30,121.00,0.010229
533.9927,5.9310,62.03,121.00,0.010095
534.0693,5.9310,61.49,121.00,0.010235
534.1480,5.9310,61.49,121.00,0.010364
534.2263,5.9310,62.03,121.00,0.010257
534.3059,5.9310,62.03,121.00,0.009611
534.3852,5.9310,61.76,121.00,0.010430
534.4677,5.9310,62.30,121.00,0.010189
534.5446,5.9310,61.76,121.00,0.010279
534.6245,5.9310,62.03,121.00,0.009497
534.7029,5.9310,61.49,121.00,0.009843
534.7835,5.9240,61.76,121.00,0.009895
534.8598,5.9240,61.49,121.00,0.010502
534.9403,5.9240,61.76,121.00,0.010366
535.0167,5.9240,62.03,121.00,0.010306
535.0964,5.9240,61.76,121.00,0.010278
535.1745,5.9240,61.22,121.00,0.009981
535.2554,5.9240,62.30,121.00,0.010366
535.3338,5.9240,62.03,121.00,0.010125
535.4117,5.9240,61.49,121.00,0.009653
535.4870,5.9240,62.03,121.00,0.009551
535.5650,5.9240,62.30,121.00,0.010000
535.6413,5.9240,62.03,121.00,0.010083
535.7233,5.9240,62.03,121.00,0.009862
535.8005,6.0500,61.76,121.00,0.010401
535.8798,6.0500,61.76,121.00,0.009692
535.9597,6.0500,61.76,121.00,0.011616
536.0455,6.0500,62.03,121.00,0.009875
536.1274,6.0500,61.76,121.00,0.010309
536.2122,6.0500,61.76,121.00,0.009948
536.2921,6.0500,62.03,121.00,0.010890
536.3782,6.0500,61.76,121.00,0.010610
536.4580,6.0500,61.49,121.00,0.009608
536.5357,6.0500,61.76,121.00,0.009666
536.6160,6.0500,62.03,121.00,0.010647
536.6969,6.0500,61.76,121.00,0.009838
536.7765,5.8360,61.49,121.00,0.010646
536.8566,5.8360,61.76,121.00,0.009949
536.9318,5.8360,62.03,121.00,0.009578
537.0084,5.8360,61.49,121.00,0.009492
537.0847,5.8360,61.76,121.00,0.010002
537.1641,5.8360,61.76,121.00,0.009548
537.2433,5.8360,61.49,121.00,0.009822
537.3249,5.8360,61.76,121.00,0.010643
537.4045,5.8360,61.49,121.00,0.010801
537.4832,5.8360,61.49,121.00,0.010117
537.5597,5.8360,61.76,121.00,0.010135
537.6412,5.8360,61.49,121.00,0.010963
537.7204,5.8360,62.03,121.00,0.009813
537.8042,5.9390,61.76,121.00,0.010374
537.8855,5.9390,61.76,121.00,0.010180
537.9649,5.9390,62.30,121.00,0.010360
538.0441,5.9390,61.76,121.00,0.010121
538.1215,5.9390,61.76,121.00,0.009575
538.1969,5.9390,61.76,121.00,0.009742
538.2766,5.9390,61.22,121.00,0.010218
538.3555,5.9390,62.30,121.00,0.010151
538.4360,5.9390,61.22,121.00,0.010096
538.5123,5.9390,61.76,121.00,0.010149
538.5923,5.9390,61.22,121.00,0.009960
538.6713,5.9390,62.03,121.00,0.009617
538.7512,5.9275,61.22,121.00,0.010054
538.8328,5.9160,61.76,121.00,0.010167
538.9142,5.9160,62.03,121.00,0.009703
538.9919,5.9160,62.03,121.00,0.010932
539.0724,5.9160,62.03,121.00,0.010754
539.1513,5.9160,61.76,121.00,0.010367
539.2292,5.9160,61.49,121.00,0.010103
539.3079,5.9160,61.49,121.00,0.010021
539.3881,5.9160,62.03,121.00,0.009967
539.4671,5.9160,62.30,121.00,0.010137
539.5475,5.9160,61.76,121.00,0.010012
539.6243,5.9160,62.30,121.00,0.010144
539.7048,5.9160,62.03,121.00,0.010522
539.7840,5.9620,62.30,121.00,0.009967
539.8627,5.9620,61.49,121.00,0.010533
539.9391,5.9620,61.49,121.00,0.009817
540.0194,5.9620,61.49,121.00,0.010170
540.0979,5.9620,62.03,121.00,0.010074
540.1784,5.9620,62.30,121.00,0.010246
540.2568,5.9620,62.03,121.00,0.010214
540.3370,5.9620,62.03,121.00,0.009852
540.4158,5.9620,61.76,121.00,0.009643
540.4961,5.9620,62.03,121.00,0.010140
540.5721,5.9620,61.49,121.00,0.009940
540.6510,5.9620,62.03,121.00,0.010290
540.7276,5.9370,61.49,121.00,0.010368
540.8089,5.9120,62.03,121.00,0.010114
540.8858,5.9120,61.49,121.00,0.010237
540.9640,5.9120,61.76,121.00,0.009657
541.0432,5.9120,62.03,121.00,0.010161
541.1241,5.9120,62.03,121.00,0.010585
541.2001,5.9120,62.30,121.00,0.009984
541.2785,5.9120,61.49,121.00,0.010058
541.3569,5.9120,62.30,121.00,0.009866
541.4364,5.9120,62.30,121.00,0.009397
541.5154,5.9120,62.30,121.00,0.010664
541.5959,5.9120,62.03,121.00,0.010327
541.6708,5.9120,61.76,121.00,0.009583
541.7475,5.9120,62.30,121.00,0.009476
541.8221,5.9120,61.49,121.00,0.009333
541.9009,5.9540,61.49,121.00,0.009830
541.9798,5.9540,62.03,121.00,0.010260
542.0606,5.9540,61.49,121.00,0.010553
542.1397,5.9540,61.76,121.00,0.010338
542.2195,5.9540,62.03,121.00,0.010058
542.2957,5.9540,61.49,121.00,0.010135
542.3739,5.9540,61.22,121.00,0.009982
542.4506,5.9540,61.76,121.00,0.010167
542.5312,5.9540,61.76,121.00,0.010177
542.6077,5.9540,61.76,121.00,0.010310
542.6880,5.9540,62.03,121.00,0.010169
542.7644,5.9655,61.49,121.00,0.009891
542.8450,5.9770,62.03,121.00,0.010073
542.9242,5.9770,61.76,121.00,0.010543
543.0046,5.9770,61.76,121.00,0.009954
543.0839,5.9770,62.03,121.00,0.010668
543.1627,5.9770,62.03,121.00,0.010459
543.2409,5.9770,61.76,121.00,0.010077
543.3191,5.9770,62.03,121.00,0.009720
543.3980,5.9770,61.49,121.00,0.010095
543.4761,5.9770,61.22,121.00,0.010267
543.5526,5.9770,62.30,121.00,0.009760
543.6312,5.9770,61.76,121.00,0.010175
543.7093,5.9770,62.03,121.00,0.010024
543.7902,5.9920,62.03,121.00,0.009528
543.8676,5.9920,62.30,121.00,0.009982
543.9481,5.9920,61.76,121.00,0.010534
544.0273,5.9920,62.30,121.00,0.010089
544.1058,5.9920,61.76,121.00,0.010213
544.1825,5.9920,62.03,121.00,0.010214
544.2603,5.9920,61.22,121.00,0.009773
544.3411,5.9920,61.49,121.00,0.009992
544.4198,5.9920,62.03,121.00,0.010314
544.5009,5.9920,62.03,121.00,0.010142
544.5800,5.9920,62.03,121.00,0.009650
544.6550,5.9920,62.03,121.00,0.009916
544.7316,5.9920,61.49,121.00,0.009755
544.8079,5.9675,61.76,121.00,0.010391
544.8876,5.9430,61.76,121.00,0.009897
544.9643,5.9430,61.49,121.00,0.010378
545.0444,5.9430,62.30,121.00,0.010167
545.1225,5.9430,61.76,121.00,0.009607
545.2027,5.9430,61.49,121.00,0.010353
545.2819,5.9430,62.03,121.00,0.010400
545.3598,5.9430,62.03,121.00,0.010123
545.4365,5.9430,62.30,121.00,0.009971
545.5192,5.9430,62.03,121.00,0.012031
545.6014,5.9430,62.30,121.00,0.010710
545.6870,5.9430,62.03,121.00,0.010412
545.7727,5.8760,61.76,121.00,0.009533
545.8561,5.8090,62.30,121.00,0.010263
545.9409,5.8090,62.30,121.00,0.010009
546.0256,5.8090,61.49,121.00,0.010459
546.1084,5.8090,61.76,121.00,0.010837
546.1908,5.8090,61.76,121.00,0.010435
546.2679,5.8090,62.03,121.00,0.009835
546.3533,5.8090,61.76,121.00,0.009746
546.4375,5.8090,61.76,122.00,0.010648
546.5241,5.8090,62.03,122.00,0.010522
546.6107,5.8090,61.49,122.00,0.010687
546.6968,5.8090,61.76,122.00,0.009975
546.7750,5.8090,61.49,122.00,0.009598
546.8543,5.8090,61.49,122.00,0.010243
546.9414,5.7940,61.76,122.00,0.010747
547.0283,5.7940,61.76,122.00,0.010475
547.1126,5.7940,61.76,122.00,0.010426
547.1990,5.7940,62.30,122.00,0.010851
547.2856,5.7940,61.49,122.00,0.011241
547.3708,5.7940,61.49,122.00,0.010276
547.4524,5.7940,61.22,122.00,0.009722
547.5347,5.7940,61.76,122.00,0.009936
547.6118,5.7940,62.03,122.00,0.010307
547.6931,5.7940,61.76,122.00,0.010334
547.7734,5.8670,61.76,122.00,0.009933
547.8556,5.8670,61.76,122.00,0.010113
547.9333,5.8670,61.49,122.00,0.010057
548.0154,5.8670,61.76,122.00,0.010072
548.0914,5.8670,62.03,122.00,0.009638
548.1718,5.8670,61.49,122.00,0.009727
548.2475,5.8670,61.22,122.00,0.009760
548.3312,5.8670,61.76,122.00,0.010241
548.4082,5.8670,62.03,122.00,0.010093
548.4919,5.8670,61.76,122.00,0.010087
548.5709,5.8670,61.49,122.00,0.010169
548.6506,5.8670,62.03,122.00,0.010255
548.7281,5.8975,62.03,122.00,0.010223
548.8115,5.9280,61.49,122.00,0.009744
548.8868,5.9280,62.03,122.00,0.009665
548.9647,5.9280,62.03,122.00,0.009691
549.0402,5.9280,62.03,122.00,0.009533
549.1237,5.9280,61.22,122.00,0.010191
549.2036,5.9280,62.03,122.00,0.010225
549.2844,5.9280,61.49,122.00,0.010291
549.3644,5.9280,61.76,122.00,0.010773
549.4483,5.9280,61.76,122.00,0.010409
549.5313,5.9280,61.76,122.00,0.010260
549.6188,5.9280,61.76,122.00,0.010181
549.7036,5.9280,61.49,122.00,0.010521
549.7903,5.9280,61.49,122.00,0.010469
549.8740,5.9280,61.49,122.00,0.010219
549.9590,5.9280,61.49,122.00,0.010335
550.0440,5.9280,61.49,122.00,0.010477
550.1289,5.9280,61.76,122.00,0.009951
550.2118,5.9280,61.49,122.00,0.010476
550.2968,5.9280,61.76,122.00,0.010495
550.3752,5.9280,61.49,122.00,0.009621
550.4543,5.9280,62.03,122.00,0.009797
550.5341,5.9280,62.03,122.00,0.010374
550.6159,5.9280,62.03,122.00,0.010338
550.6920,5.9280,62.03,123.00,0.009417
550.7716,5.9280,61.76,123.00,0.009606
550.8522,5.9280,61.49,123.00,0.010702
550.9324,5.9280,61.49,123.00,0.010159
551.0132,5.9390,61.76,123.00,0.010274
551.0931,5.9390,61.76,123.00,0.010250
551.1719,5.9390,61.22,123.00,0.010589
551.2527,5.9390,61.76,123.00,0.010082
551.3323,5.9390,62.03,123.00,0.010373
551.4117,5.9390,61.49,123.00,0.010236
551.4884,5.9390,61.49,123.00,0.010073
551.5684,5.9390,61.76,123.00,0.010240
551.6475,5.9390,61.76,123.00,0.010005
551.7280,5.9390,62.03,123.00,0.010417
551.8075,5.9700,61.49,123.00,0.009845
551.8874,5.9700,61.49,123.00,0.009999
551.9639,5.9700,61.76,123.00,0.009680
552.0443,5.9700,62.03,123.00,0.010378
552.1237,5.9700,62.30,123.00,0.009776
552.2023,5.9700,61.76,123.00,0.009712
552.2789,5.9700,62.03,123.00,0.009627
552.3566,5.9700,61.76,123.00,0.009812
552.4341,5.9700,61.76,123.00,0.009471
552.5121,5.9700,61.49,123.00,0.009869
552.5919,5.9700,61.76,123.00,0.010373
552.6710,5.9700,61.49,123.00,0.009590
552.7462,5.9700,61.49,123.00,0.009315
552.8242,5.9700,61.49,123.00,0.009704
552.9016,5.9395,61.49,123.00,0.010581
552.9830,5.9090,62.03,123.00,0.010243
553.0632,5.9090,61.76,123.00,0.010447
553.1425,5.9090,61.22,123.00,0.010225
553.2202,5.9090,62.03,123.00,0.010433
553.3014,5.9090,61.76,123.00,0.010490
553.3791,5.9090,62.03,123.00,0.010219
553.4585,5.9090,62.30,123.00,0.010049
553.5400,5.9090,61.76,123.00,0.009997
553.6186,5.9090,62.03,123.00,0.010235
553.6958,5.9090,62.03,124.00,0.010330
553.7797,5.9620,61.49,124.00,0.010358
553.8570,5.9620,62.03,124.00,0.010054
553.9363,5.9620,61.49,124.00,0.010507
554.0156,5.9620,61.49,124.00,0.010444
554.0952,5.9620,61.22,124.00,0.010558
554.1722,5.9620,61.76,124.00,0.009868
554.2562,5.9620,61.49,124.00,0.009771
554.3356,5.9620,61.49,123.50,0.010038
554.4152,5.9620,61.76,123.00,0.010262
554.4928,5.9620,61.49,123.00,0.010454
554.5721,5.9620,61.76,123.00,0.010139
554.6536,5.9620,62.03,123.00,0.009880
554.7307,5.9620,61.22,123.00,0.009808
554.8059,5.9620,62.03,124.00,0.009563
554.8837,5.9620,61.76,123.50,0.010076
554.9608,5.9525,61.49,123.00,0.010497
555.0406,5.9430,61.49,123.00,0.010362
555.1200,5.9430,61.76,123.00,0.010267
555.2029,5.9430,61.49,123.00,0.010201
555.2803,5.9430,62.03,123.00,0.009885
555.3633,5.9430,61.49,123.00,0.009585
555.4432,5.9430,62.03,123.00,0.010572
555.5241,5.9430,62.03,123.00,0.010295
555.6038,5.9430,61.76,124.00,0.010539
555.6834,5.9430,61.76,124.00,0.010189
555.7603,5.9145,61.76,124.00,0.010190
555.8392,5.8860,61.76,124.00,0.009846
555.9163,5.8860,61.49,124.00,0.010289
555.9973,5.8860,61.76,124.00,0.009915
556.0751,5.8860,62.03,124.00,0.010832
556.1564,5.8860,61.76,124.00,0.010369
556.2354,5.8860,61.49,124.00,0.009892
556.3141,5.8860,62.03,123.50,0.009629
556.3915,5.8860,62.30,124.00,0.009763
556.4736,5.8860,62.30,123.50,0.010444
556.5538,5.8860,62.30,123.00,0.010626
556.6356,5.8860,61.49,123.00,0.010146
556.7154,5.8860,61.76,123.00,0.010040
556.7949,5.9160,61.22,124.00,0.009981
556.8760,5.9160,61.22,123.50,0.010787
556.9560,5.9160,62.03,123.00,0.010138
557.0357,5.9160,61.49,123.00,0.010250
557.1146,5.9160,62.30,123.00,0.010300
557.1939,5.9160,62.30,123.00,0.010010
557.2758,5.9160,61.76,123.00,0.010688
557.3533,5.9160,61.76,123.00,0.010429
557.4323,5.9160,61.22,123.00,0.009813
557.5121,5.9160,61.49,123.00,0.010015
557.5955,5.9160,61.76,123.00,0.010105
557.6776,5.9160,61.49,123.00,0.010470
557.7591,5.9315,61.49,123.00,0.010261
557.8394,5.9470,62.30,123.50,0.010255
557.9205,5.9470,61.49,124.00,0.010347
558.0007,5.9470,61.49,124.00,0.010575
558.0840,5.9470,61.22,124.00,0.010370
558.1640,5.9470,61.76,124.00,0.010095
558.2454,5.9470,61.49,124.00,0.010095
558.3231,5.9470,61.49,124.00,0.010083
558.4030,5.9470,61.49,124.00,0.010208
558.4801,5.9470,62.30,123.00,0.010145
558.5626,5.9470,61.49,123.00,0.010115
558.6437,5.9470,61.49,123.00,0.009555
558.7229,5.9470,62.03,123.00,0.010098
558.8004,5.9770,61.76,123.00,0.009996
558.8794,5.9770,61.49,123.00,0.010047
558.9568,5.9770,62.03,123.00,0.010593
559.0363,5.9770,62.30,123.00,0.010425
559.1161,5.9770,61.76,123.00,0.010217
559.1959,5.9770,62.03,123.00,0.010447
559.2753,5.9770,61.49,123.00,0.010019
559.3560,5.9770,61.76,123.00,0.010115
559.4354,5.9770,62.03,123.00,0.010242
559.5173,5.9770,61.76,123.00,0.010450
559.5949,5.9770,62.03,123.00,0.010332
559.6772,5.9770,61.76,123.00,0.010364
559.7597,5.9750,61.49,123.00,0.010383
559.8405,5.9730,62.03,123.00,0.010212
559.9221,5.9730,61.76,123.00,0.010209
560.0026,5.9730,61.76,123.00,0.009906
560.0795,5.9730,61.76,123.00,0.010044
560.1595,5.9730,61.22,123.00,0.009774
560.2405,5.9730,61.49,123.00,0.010494
560.3208,5.9730,62.30,123.00,0.010127
560.4009,5.9730,62.03,123.00,0.009724
560.4801,5.9730,61.49,123.00,0.009867
560.5601,5.9730,61.76,123.00,0.010195
560.6409,5.9730,61.22,123.00,0.010281
560.7190,5.9730,61.76,123.00,0.010427
560.7993,5.9090,61.49,123.00,0.010500
560.8793,5.9090,61.49,123.00,0.010320
560.9612,5.9090,61.76,123.00,0.009994
561.0384,5.9090,61.49,123.00,0.009374
561.1192,5.9090,61.49,123.00,0.009866
561.1962,5.9090,62.03,123.00,0.009969
561.2775,5.9090,61.76,123.00,0.010181
561.3599,5.9090,62.03,123.00,0.010408
561.4438,5.9090,61.76,123.00,0.009983
561.5267,5.9090,61.76,123.00,0.010191
561.6077,5.9090,61.76,123.00,0.010043
561.6880,5.9090,62.30,123.00,0.010500
561.7713,5.9315,61.76,123.00,0.009930
561.8516,5.9540,61.76,123.00,0.010169
561.9358,5.9540,61.76,123.00,0.010160
562.0156,5.9540,61.76,123.00,0.010276
562.0997,5.9540,61.76,123.00,0.010210
562.1791,5.9540,62.03,123.00,0.010345
562.2597,5.9540,61.22,123.00,0.010420
562.3415,5.9540,61.76,123.00,0.009990
562.4215,5.9540,61.22,123.00,0.010604
562.4998,5.9540,62.03,123.00,0.010164
562.5815,5.9540,61.76,123.00,0.010272
562.6599,5.9540,61.76,123.00,0.010345
562.7441,5.9540,61.22,123.00,0.010338
562.8283,5.9540,61.76,123.00,0.010701
562.9123,5.9540,61.49,123.00,0.010489
562.9958,5.9540,61.49,123.00,0.010761
563.0799,5.9540,61.49,123.00,0.009874
563.1650,5.9540,61.76,123.00,0.010102
563.2505,5.9540,61.76,123.00,0.010297
563.3365,5.9540,61.76,123.00,0.010612
563.4211,5.9540,61.76,123.00,0.010327
563.4970,5.9540,61.49,123.00,0.009771
563.5752,5.9540,61.22,123.00,0.009625
563.6550,5.9540,61.22,123.00,0.010035
563.7418,5.9540,62.03,123.00,0.010869
563.8250,5.9540,61.76,123.00,0.010967
563.9035,5.9540,62.03,123.00,0.009653
563.9825,5.9540,62.03,123.00,0.009640
564.0633,5.9540,61.76,123.00,0.009777
564.1397,5.9540,62.30,123.00,0.009552
564.2204,5.9540,61.22,123.00,0.010511
564.3058,5.8890,61.49,123.00,0.010605
564.3898,5.8890,61.22,123.00,0.009753
564.4696,5.8890,61.76,123.00,0.010055
564.5535,5.8890,61.76,123.00,0.010338
564.6388,5.8890,61.49,123.00,0.010681
564.7266,5.8890,62.30,123.00,0.010826
564.8093,5.8050,61.49,123.00,0.010253
564.8927,5.8050,62.03,123.00,0.010585
564.9757,5.8050,61.49,123.00,0.010400
565.0617,5.8050,61.22,123.00,0.010383
565.1461,5.8050,61.22,123.00,0.010459
565.2334,5.8050,61.22,123.00,0.009887
565.3162,5.8050,61.22,123.00,0.009994
565.4023,5.8050,61.49,123.00,0.010009
565.4867,5.8050,62.03,123.00,0.010980
565.5746,5.8050,61.49,123.00,0.010655
565.6555,5.8050,61.22,123.00,0.010696
565.7377,5.8455,61.76,123.00,0.011050
565.8174,5.8860,61.22,123.00,0.010390
565.8969,5.8860,62.30,123.00,0.010275
565.9750,5.8860,62.30,123.00,0.010521
566.0534,5.8860,61.22,123.00,0.010110
566.1308,5.8860,61.76,123.00,0.010564
566.2117,5.8860,61.76,123.00,0.010433
566.2917,5.8860,61.22,123.00,0.010265
566.3733,5.8860,61.49,123.00,0.010626
566.4549,5.8860,61.49,123.00,0.010202
566.5335,5.8860,62.03,123.00,0.010146
566.6132,5.8860,62.03,123.00,0.010306
566.6927,5.8860,61.76,123.00,0.010541
566.7721,5.8860,61.22,123.00,0.010457
566.8556,5.8860,61.49,123.00,0.010246
566.9350,5.8860,61.76,123.00,0.009657
567.0140,5.8860,61.22,123.00,0.010391
567.0915,5.8860,61.76,123.00,0.010796
567.1728,5.8860,61.76,123.00,0.010329
567.2508,5.8860,61.49,123.00,0.010159
567.3312,5.8860,61.76,123.00,0.009964
567.4113,5.8860,61.49,123.00,0.010655
567.4917,5.8860,61.76,123.00,0.010154
567.5719,5.8860,61.76,123.00,0.010252
567.6490,5.8860,61.49,123.00,0.009852
567.7265,5.8860,61.76,123.50,0.009836
567.8043,5.8860,61.76,124.00,0.009681
567.8813,5.8860,61.22,124.00,0.010171
567.9614,5.8860,62.03,124.00,0.011058
568.0404,5.8860,61.22,124.00,0.010293
568.1238,5.9510,61.76,124.00,0.010425
568.2009,5.9510,62.03,124.00,0.009796
568.2797,5.9510,61.76,124.00,0.010227
568.3569,5.9510,61.76,124.00,0.010050
568.4363,5.9510,61.49,124.00,0.010483
568.5164,5.9510,61.76,124.00,0.010451
568.5961,5.9510,62.30,124.00,0.010733
568.6755,5.9510,61.49,124.00,0.009953
568.7549,5.9605,61.76,124.00,0.010161
568.8325,5.9700,62.03,124.00,0.010310
568.9117,5.9700,62.03,124.00,0.010341
568.9896,5.9700,62.03,124.00,0.009891
569.0707,5.9700,62.03,124.00,0.009839
569.1493,5.9700,61.76,124.00,0.010491
569.2287,5.9700,61.49,124.00,0.010438
569.3082,5.9700,62.03,124.00,0.009959
569.3913,5.9700,62.30,124.00,0.009647
569.4710,5.9700,62.30,124.00,0.010302
569.5496,5.9700,61.49,124.00,0.010091
569.6286,5.9700,61.76,124.00,0.010339
569.7087,5.9700,62.03,124.00,0.010154
569.7870,5.9700,62.30,124.00,0.009925
569.8668,5.9700,61.76,124.00,0.010098
569.9441,5.9700,62.03,124.00,0.009892
570.0277,5.9700,62.30,124.00,0.010049
570.1041,5.9700,61.76,124.00,0.009595
570.1879,5.9700,62.03,124.00,0.010854
570.2669,5.9700,61.49,124.00,0.009960
570.3458,5.9700,61.76,124.00,0.009992
570.4231,5.9700,61.49,124.00,0.009921
570.5058,5.9700,62.03,124.00,0.009997
570.5834,5.9700,62.03,124.00,0.010355
570.6642,5.9700,61.49,124.00,0.010078
570.7435,5.9335,62.30,124.00,0.010194
570.8273,5.8970,61.76,124.00,0.009522
570.9052,5.8970,61.49,124.00,0.010190
570.9882,5.8970,62.03,124.00,0.010615
571.0691,5.8970,61.76,124.00,0.009868
571.1501,5.8970,61.49,124.00,0.009843
571.2319,5.8970,62.03,124.00,0.009983
571.3137,5.8970,61.76,124.00,0.010711
571.3935,5.8970,62.30,124.00,0.010340
571.4722,5.8970,62.03,124.00,0.009518
571.5517,5.8970,61.49,124.00,0.010297
571.6325,5.8970,62.03,124.00,0.010328
571.7114,5.8970,61.76,124.00,0.010812
571.7921,5.8400,61.76,124.00,0.009870
571.8708,5.8400,62.03,124.00,0.009755
571.9510,5.8400,61.76,124.00,0.009620
572.0295,5.8400,61.76,124.00,0.010601
572.1081,5.8400,61.76,124.00,0.010256
572.1872,5.8400,61.49,124.00,0.009837
572.2678,5.8400,61.76,124.00,0.010271
572.3469,5.8400,61.49,124.00,0.010326
572.4248,5.8400,62.03,124.00,0.009451
572.5004,5.8400,62.03,124.00,0.009368
572.5790,5.8400,61.76,124.00,0.010029
572.6558,5.8400,61.49,124.00,0.009690
572.7374,5.8915,61.22,124.00,0.010284
572.8154,5.9430,62.03,124.00,0.010061
572.8947,5.9430,61.76,124.00,0.010100
572.9720,5.9430,61.76,124.00,0.009865
573.0531,5.9430,61.76,124.00,0.009973
573.1307,5.9430,61.22,124.00,0.010268
573.2093,5.9430,61.22,124.00,0.009835
573.2916,5.9430,61.76,124.00,0.010224
573.3731,5.9430,61.49,124.00,0.010458
573.4505,5.9430,61.49,124.00,0.010180
573.5289,5.9430,61.76,124.00,0.009729
573.6073,5.9430,61.49,124.00,0.010049
573.6882,5.9430,61.49,124.00,0.010459
573.7671,5.9430,61.76,124.00,0.009863
573.8481,5.9430,62.03,124.00,0.010323
573.9254,5.9430,62.03,124.00,0.010383
574.0034,5.9430,61.76,124.00,0.009877
574.0810,5.9430,61.76,124.00,0.010412
574.1632,5.9430,61.49,124.00,0.010024
574.2406,5.9430,61.76,124.00,0.009927
574.3194,5.9430,62.30,124.00,0.009687
574.3973,5.9430,61.76,123.50,0.010768
574.4763,5.9430,62.30,123.00,0.009972
574.5563,5.9430,62.30,123.00,0.011070
574.6410,5.9430,61.76,123.00,0.010400
574.7259,5.9430,61.76,123.00,0.010846
574.8113,5.9430,62.03,123.00,0.010287
574.8963,5.9430,61.76,123.00,0.011052
574.9820,5.9430,61.22,123.00,0.010385
575.0601,5.9430,61.22,123.00,0.009409
575.1395,5.9430,61.76,123.00,0.009457
575.2244,5.9450,61.22,123.00,0.010779
575.3044,5.9430,61.49,124.00,0.009290
575.3807,5.9430,61.76,123.00,0.009606
575.4592,5.9430,61.76,123.50,0.009787
575.5394,5.9430,62.03,123.00,0.010054
575.6244,5.9430,61.76,123.00,0.010437
575.7091,5.9430,61.76,123.00,0.009756
575.7880,5.8090,62.03,123.00,0.009442
575.8665,5.8090,61.76,123.00,0.009577
575.9446,5.8090,61.22,123.00,0.009619
576.0297,5.8090,61.49,123.00,0.010293
576.1169,5.8090,61.76,123.00,0.010639
576.1980,5.8090,61.49,123.00,0.010797
576.2857,5.8090,61.76,123.00,0.010388
576.3711,5.8090,61.76,123.00,0.010370
576.4570,5.8090,61.49,123.00,0.009791
576.5424,5.8090,61.49,123.00,0.010640
576.6253,5.8090,61.22,123.00,0.010664
576.7081,5.8090,61.49,123.00,0.010963
576.7961,5.5960,61.49,123.00,0.010532
576.8806,5.5960,61.76,123.00,0.010408
576.9651,5.5960,62.03,123.00,0.010571
577.0498,5.5960,61.76,123.00,0.010404
577.1365,5.5960,61.76,123.00,0.010851
577.2197,5.5960,61.22,123.00,0.011130
577.3058,5.5960,61.49,123.00,0.010207
577.3889,5.5960,61.49,123.00,0.010270
577.4682,5.5960,62.03,123.00,0.009371
577.5469,5.5960,61.22,123.00,0.009802
577.6284,5.5960,61.76,123.00,0.010346
577.7112,5.5960,61.49,123.00,0.010618
577.8003,5.8550,61.76,123.00,0.010821
577.8838,5.8550,61.76,123.00,0.010686
577.9678,5.8550,61.76,123.00,0.010468
578.0440,5.8550,61.49,123.00,0.009563
578.1233,5.8550,61.76,123.00,0.009966
578.1994,5.8550,62.03,123.00,0.009595
578.2776,5.8550,61.49,123.00,0.009782
578.3561,5.8550,62.03,123.00,0.010098
578.4394,5.8550,61.22,123.00,0.009866
578.5173,5.8550,62.30,123.00,0.010173
578.5993,5.8550,62.03,123.00,0.010333
578.6776,5.8550,61.76,123.00,0.010513
578.7570,5.9065,62.30,123.00,0.010260
578.8356,5.9580,61.49,123.00,0.009749
578.9153,5.9580,61.76,123.00,0.009829
578.9921,5.9580,62.03,123.00,0.009976
579.0708,5.9580,62.03,123.00,0.010295
579.1519,5.9580,61.22,122.00,0.010468
579.2311,5.9580,61.49,122.50,0.010385
579.3088,5.9580,61.76,123.00,0.009948
579.3880,5.9580,61.49,123.00,0.009771
579.4652,5.9580,61.76,123.00,0.009743
579.5462,5.9580,61.76,123.00,0.009783
579.6244,5.9580,62.03,123.00,0.010158
579.7047,5.9580,62.03,122.50,0.010046
579.7845,5.8670,62.03,122.00,0.010393
579.8640,5.8670,61.76,122.00,0.009977
579.9433,5.8670,61.76,122.00,0.009880
580.0266,5.8670,61.76,122.00,0.009922
580.1119,5.8670,61.22,122.00,0.010841
580.1926,5.8670,61.76,122.00,0.009830
580.2698,5.8670,61.49,123.00,0.009909
580.3528,5.8670,61.22,122.50,0.010463
580.4351,5.8670,62.30,122.50,0.010417
580.5221,5.8670,61.49,122.00,0.010806
580.6052,5.8670,62.03,122.00,0.010499
580.6835,5.8670,62.03,122.00,0.009508
580.7593,5.8670,62.03,122.50,0.009829
580.8387,5.8670,61.22,122.00,0.009952
580.9191,5.8860,61.76,122.50,0.010250
581.0042,5.9050,61.49,122.00,0.009964
581.0879,5.9050,61.49,122.50,0.010057
581.1729,5.9050,62.03,122.00,0.010187
581.2570,5.9050,61.76,122.00,0.010219
581.3368,5.9050,61.49,122.00,0.010477
581.4145,5.9050,61.76,123.00,0.010131
581.4959,5.9050,61.76,122.50,0.009904
581.5731,5.9050,61.76,123.00,0.010527
581.6553,5.9050,61.49,122.00,0.010249
581.7329,5.9070,62.03,122.50,0.010290
581.8126,5.9090,61.76,122.00,0.010023
581.8903,5.9090,61.49,122.50,0.010036
581.9723,5.9090,62.03,122.00,0.010683
582.0507,5.9090,62.03,122.00,0.010414
582.1319,5.9090,61.49,122.00,0.010028
582.2115,5.9090,61.22,122.50,0.009990
582.2913,5.9090,61.76,123.00,0.010485
582.3683,5.9090,61.49,122.00,0.009707
582.4527,5.9090,61.49,122.50,0.010162
582.5322,5.9090,61.76,123.00,0.010574
582.6158,5.9090,61.49,123.00,0.009956
582.6955,5.9090,61.22,123.00,0.010683
582.7771,5.9315,61.76,123.00,0.009904
582.8535,5.9540,61.22,123.00,0.009540
582.9322,5.9540,62.03,122.00,0.010107
583.0078,5.9540,61.76,122.00,0.009661
583.0891,5.9540,61.76,122.00,0.010183
583.1675,5.9540,61.76,122.00,0.009542
583.2484,5.9540,61.22,122.00,0.010251
583.3268,5.9540,61.22,122.00,0.010494
583.4081,5.9540,61.76,122.00,0.009642
583.4883,5.9540,61.49,122.00,0.010415
583.5720,5.9540,61.49,122.00,0.010284
583.6521,5.9540,62.03,122.00,0.010417
583.7317,5.9750,61.49,122.00,0.010113
583.8114,5.9960,61.76,122.50,0.010127
583.8921,5.9960,62.03,122.00,0.009414
583.9694,5.9960,62.03,122.00,0.009649
584.0518,5.9960,61.22,122.00,0.010181
584.1290,5.9960,61.49,122.00,0.010467
584.2108,5.9960,61.22,122.00,0.010341
584.2878,5.9960,61.76,122.00,0.010431
584.3671,5.9960,62.03,122.00,0.010020
584.4471,5.9960,62.03,122.00,0.009748
584.5286,5.9960,62.03,122.50,0.010411
584.6081,5.9960,61.49,122.00,0.010444
584.6913,5.9960,61.76,122.00,0.010473
584.7693,5.9465,61.49,122.00,0.010012
584.8476,5.8970,61.49,122.00,0.009349
584.9234,5.8970,62.03,122.00,0.009511
585.0023,5.8970,61.49,122.00,0.009561
585.0789,5.8970,61.22,122.00,0.009587
585.1596,5.8970,61.49,122.00,0.009994
585.2373,5.8970,61.22,122.00,0.010059
585.3163,5.8970,61.49,122.00,0.009793
585.3918,5.8970,61.22,122.00,0.009823
585.4712,5.8970,61.49,122.00,0.009499
585.5474,5.8970,61.49,122.00,0.009624
585.6283,5.8970,62.03,122.00,0.009473
585.7063,5.8970,61.49,122.00,0.009426
585.7869,5.8970,62.03,122.00,0.009521
585.8636,5.8970,61.76,122.00,0.010499
585.9433,5.8970,62.03,122.00,0.010361
586.0205,5.8970,61.76,122.00,0.009717
586.1034,5.8970,61.49,122.00,0.009634
586.1804,5.8970,61.76,122.00,0.009558
586.2628,5.8970,62.03,122.00,0.009961
586.3386,5.8970,61.76,122.00,0.009818
586.4203,5.8970,61.49,122.00,0.010464
586.5004,5.8970,61.49,122.00,0.010251
586.5839,5.8970,61.49,122.00,0.009925
586.6610,5.8970,62.03,122.00,0.010310
586.7442,5.8970,61.76,122.00,0.010727
586.8234,5.8970,61.49,122.00,0.010311
586.9023,5.8970,61.76,122.00,0.009863
586.9797,5.8970,62.03,122.00,0.010548
587.0639,5.8970,62.03,122.00,0.010178
587.1437,5.8970,62.03,122.00,0.009808
587.2235,5.8970,62.03,122.00,0.010026
587.3087,5.8970,61.76,122.00,0.009902
587.3940,5.8970,62.03,122.00,0.010845
587.4773,5.8970,62.03,122.00,0.011088
587.5602,5.8970,62.03,122.00,0.010689
587.6431,5.8970,62.03,122.00,0.009523
587.7240,5.8970,62.03,122.00,0.009423
587.8006,5.8970,61.49,122.00,0.009675
587.8847,5.8970,61.76,122.00,0.010765
587.9712,5.7710,61.49,122.00,0.010778
588.0551,5.7710,62.03,122.00,0.010276
588.1407,5.7710,62.30,122.00,0.010602
588.2281,5.7710,61.22,122.00,0.010541
588.3099,5.7710,61.49,122.00,0.010627
588.3972,5.7710,61.22,122.00,0.010303
588.4746,5.7710,62.03,122.00,0.009909
588.5558,5.7710,61.76,122.00,0.010218
588.6358,5.7710,61.76,122.00,0.010337
588.7172,5.7710,61.49,122.00,0.010387
588.7959,5.8360,61.76,122.00,0.010744
588.8770,5.8360,62.03,122.00,0.009748
588.9559,5.8360,61.76,122.00,0.010277
589.0354,5.8360,62.03,122.00,0.009841
589.1119,5.8360,61.22,122.00,0.009956
589.1915,5.8360,62.03,122.00,0.009876
589.2692,5.8360,61.76,122.00,0.010379
589.3474,5.8360,61.76,122.00,0.009692
589.4258,5.8360,61.49,122.00,0.010609
589.5075,5.8360,61.76,122.00,0.010266
589.5847,5.8360,62.03,122.00,0.009589
589.6623,5.8360,61.76,122.00,0.009347
589.7382,5.8360,61.49,122.00,0.009396
589.8164,5.8360,61.22,122.00,0.009496
589.8960,5.9105,61.49,122.00,0.010440
589.9751,5.9850,61.49,122.00,0.009886
590.0560,5.9850,61.76,122.00,0.010191
590.1388,5.9850,61.76,122.00,0.010407
590.2158,5.9850,62.03,122.00,0.010115
590.3033,5.9850,62.03,121.50,0.010559
590.3883,5.9850,62.03,122.00,0.010324
590.4715,5.9850,61.76,122.00,0.010836
590.5518,5.9850,62.03,122.00,0.010038
590.6365,5.9850,61.49,122.00,0.011018
590.7148,5.9850,61.76,122.00,0.009413
590.7931,5.9850,62.03,122.00,0.009527
590.8710,5.9850,61.49,122.00,0.010545
590.9535,5.8320,62.03,122.00,0.010525
591.0383,5.8320,62.03,121.50,0.010315
591.1233,5.8320,61.49,121.50,0.010274
591.2076,5.8320,62.03,122.00,0.010295
591.2925,5.8320,61.76,122.00,0.009795
591.3724,5.8320,61.49,122.00,0.010595
591.4579,5.8320,61.76,122.00,0.010811
591.5427,5.8320,61.76,122.00,0.010732
591.6290,5.8320,61.76,122.00,0.010079
591.7126,5.8320,61.76,122.00,0.010567
591.7995,5.8320,61.76,122.00,0.010992
591.8836,5.8320,61.22,122.00,0.010752
591.9672,5.8320,61.22,122.00,0.010425
592.0465,5.8320,61.22,121.00,0.010044
592.1250,5.8320,61.49,121.50,0.010089
592.2047,5.8320,61.49,121.00,0.010452
592.2836,5.8320,61.76,122.00,0.009811
592.3634,5.8320,62.03,122.00,0.010400
592.4442,5.8320,62.30,122.00,0.010335
592.5243,5.8320,62.03,122.00,0.010394
592.6073,5.8320,62.30,122.00,0.009892
592.6884,5.8320,61.22,122.00,0.009761
592.7706,5.8320,61.49,121.00,0.010226
592.8480,5.8320,61.49,121.00,0.010092
592.9317,5.8320,62.03,121.00,0.010190
593.0121,5.8320,61.76,121.00,0.010259
593.0896,5.8320,62.03,121.00,0.009819
593.1656,5.8320,61.49,121.50,0.009680
593.2460,5.9025,62.03,121.00,0.010040
593.3281,5.9730,61.76,121.00,0.010371
593.4070,5.9730,61.76,121.00,0.010054
593.4832,5.9730,62.03,121.50,0.009901
593.5629,5.9730,62.03,121.00,0.009418
593.6394,5.9730,61.49,121.00,0.009693
593.7176,5.9730,62.03,121.00,0.009790
593.7980,5.9470,61.76,121.00,0.010040
593.8828,5.9470,62.03,121.00,0.010123
593.9641,5.9470,62.03,121.00,0.010788
594.0508,5.9470,61.22,121.00,0.010500
594.1354,5.9470,61.49,121.00,0.010591
594.2185,5.9470,62.30,121.00,0.010692
594.2995,5.9470,62.03,121.00,0.010326
594.3855,5.9470,62.03,121.00,0.010479
594.4622,5.9470,62.03,121.00,0.009622
594.5403,5.9470,61.22,121.00,0.009528
594.6224,5.9470,61.22,121.00,0.010343
594.7076,5.9470,61.76,121.00,0.010237
594.7875,5.9010,61.76,121.00,0.009693
594.8660,5.9010,61.22,121.00,0.009495
594.9423,5.9010,61.76,121.00,0.009701
595.0208,5.9010,61.49,121.00,0.009871
595.0986,5.9010,62.03,121.00,0.009995
595.1802,5.9010,61.76,121.00,0.010534
595.2591,5.9010,62.30,121.00,0.010426
595.3392,5.9010,62.03,121.00,0.009752
595.4167,5.9010,61.76,121.00,0.010044
595.5002,5.9010,61.22,121.00,0.010426
595.5799,5.9010,61.76,121.00,0.010339
595.6612,5.9010,62.03,121.00,0.010453
595.7403,5.8915,61.76,121.00,0.010390
595.8218,5.8820,61.49,121.00,0.010186
595.9001,5.8820,61.49,121.00,0.010245
595.9819,5.8820,61.22,121.00,0.010378
596.0593,5.8820,61.49,121.00,0.010474
596.1383,5.8820,62.03,121.00,0.009793
596.2147,5.8820,61.76,121.00,0.009897
596.2922,5.8820,61.76,121.00,0.009466
596.3730,5.8820,61.49,121.00,0.009377
596.4503,5.8820,61.76,121.00,0.009594
596.5269,5.8820,61.76,121.00,0.009723
596.6083,5.8820,61.22,121.00,0.010543
596.6865,5.8820,61.76,121.00,0.010175
596.7652,5.8705,61.76,121.00,0.010236
596.8406,5.8590,61.49,121.00,0.009356
596.9181,5.8590,61.49,121.00,0.009616
596.9942,5.8590,61.49,121.00,0.009590
597.0727,5.8590,61.49,121.00,0.009401
597.1503,5.8590,61.76,121.00,0.009284
597.2282,5.8590,62.03,121.00,0.009580
597.3070,5.8590,61.76,121.00,0.010177
597.3875,5.8590,61.76,121.00,0.009849
597.4649,5.8590,61.22,121.00,0.009894
597.5444,5.8590,61.49,121.00,0.010054
597.6240,5.8590,61.49,121.00,0.009748
597.7039,5.8590,62.03,121.00,0.010515
597.7837,5.8440,61.22,121.00,0.010171
597.8685,5.8440,61.76,121.00,0.010764
597.9486,5.8440,62.30,121.00,0.010358
598.0346,5.8440,62.03,121.00,0.010359
598.1201,5.8440,61.49,121.00,0.010711
598.2070,5.8440,61.76,121.00,0.010022
598.2930,5.8440,61.49,120.50,0.010471
598.3788,5.8440,61.76,120.50,0.010811
598.4614,5.8440,61.49,121.00,0.010463
598.5465,5.8440,61.49,121.00,0.010455
598.6300,5.8440,61.49,121.00,0.010799
598.7153,5.8440,62.03,121.00,0.009610
598.7993,5.8630,61.76,121.00,0.010417
598.8843,5.8630,61.76,121.00,0.010048
598.9671,5.8630,62.03,121.00,0.010523
599.0520,5.8630,61.76,121.00,0.010963
599.1366,5.8630,61.76,121.00,0.010828
599.2230,5.8630,61.76,121.00,0.010478
599.3080,5.8630,62.30,121.00,0.010495
599.3916,5.8630,62.03,121.00,0.010342
599.4764,5.8630,61.76,121.00,0.010541
599.5598,5.8630,62.03,121.00,0.010394
599.6361,5.8630,62.03,121.00,0.009486
599.7153,5.8630,61.22,121.00,0.009751
599.7948,5.8665,61.49,121.00,0.010841
599.8757,5.8700,61.49,121.00,0.009910
599.9560,5.8700,61.49,121.00,0.010306
600.0404,5.8700,61.76,121.00,0.010587
600.1201,5.8700,61.76,121.00,0.010515
600.2013,5.8700,61.22,121.00,0.010115
600.2799,5.8700,62.30,121.00,0.010488
600.3607,5.8700,61.76,121.00,0.010120
600.4400,5.8700,61.49,121.00,0.009745
600.5214,5.8700,62.03,121.00,0.010022
600.5988,5.8700,62.03,121.00,0.010027
600.6803,5.8700,61.76,121.00,0.009988
600.7583,5.9085,61.76,121.00,0.010129
600.8400,5.9470,61.49,121.00,0.010332
600.9201,5.9470,61.76,121.00,0.010299
601.0013,5.9470,61.76,121.00,0.010099
601.0789,5.9470,61.49,121.00,0.010392
601.1573,5.9470,61.49,121.00,0.009403
601.2341,5.9470,61.22,121.00,0.009595
601.3160,5.9470,61.22,121.00,0.010358
601.3976,5.9470,62.03,121.00,0.009897
601.4765,5.9470,61.49,121.00,0.010122
601.5553,5.9470,61.76,121.00,0.010308
601.6360,5.9470,61.76,121.00,0.010001
601.7158,5.9470,62.03,121.00,0.010435
601.7969,5.9470,61.49,121.00,0.010168
601.8737,5.9470,61.49,121.00,0.009851
601.9555,5.9470,61.49,121.00,0.009684
602.0334,5.9470,61.76,121.00,0.010414
602.1160,5.9470,61.22,121.00,0.009969
602.1954,5.9470,62.03,121.00,0.010066
602.2747,5.9470,61.76,121.00,0.010124
602.3524,5.9470,61.49,121.00,0.009797
602.4312,5.9470,61.76,121.00,0.010260
602.5089,5.9470,62.03,121.00,0.010161
602.5916,5.9470,62.30,121.00,0.010061
602.6734,5.9470,61.76,121.00,0.009771
602.7529,5.9470,61.76,121.00,0.010063
602.8301,5.9470,62.03,121.00,0.009855
602.9128,5.9470,62.03,121.00,0.009951
602.9925,5.9470,61.76,121.00,0.010251
603.0729,5.9470,61.49,121.00,0.010121
603.1503,5.9470,61.76,121.00,0.010312
603.2324,5.9470,61.49,121.00,0.010777
603.3144,5.9470,61.76,121.00,0.009857
603.4000,5.9470,62.03,121.00,0.010807
603.4817,5.9470,61.49,121.00,0.010045
603.5603,5.9470,61.76,121.00,0.009951
603.6387,5.9470,61.49,120.50,0.010644
603.7178,5.9470,61.76,120.50,0.009996
603.7963,5.9090,61.22,121.00,0.010152
603.8800,5.9090,61.49,121.00,0.010624
603.9601,5.9090,61.76,121.00,0.010649
604.0413,5.9090,61.49,121.00,0.009697
604.1190,5.9090,61.49,121.00,0.010310
604.2005,5.9090,61.76,121.00,0.010165
604.2831,5.9090,62.03,121.00,0.010143
604.3619,5.9090,61.76,121.00,0.009975
604.4401,5.9090,61.22,121.00,0.010368
604.5237,5.9090,61.22,121.00,0.010171
604.5993,5.9090,61.49,121.00,0.009542
604.6802,5.9090,61.49,121.00,0.010238
604.7595,5.9090,61.49,121.00,0.010342
604.8388,5.9355,61.76,121.00,0.009952
604.9168,5.9620,62.30,121.00,0.010522
604.9961,5.9620,61.49,121.00,0.010089
605.0760,5.9620,61.22,121.00,0.010496
605.1567,5.9620,61.22,121.00,0.010036
605.2341,5.9620,61.49,121.00,0.009517
605.3135,5.9620,61.76,121.00,0.010377
605.3925,5.9620,61.49,121.00,0.009953
605.4717,5.9620,61.76,121.00,0.010029
605.5494,5.9620,61.22,121.00,0.010483
605.6310,5.9620,61.49,121.00,0.010068
605.7116,5.9620,61.76,121.00,0.010348
605.7951,5.9770,61.49,121.00,0.010738
605.8722,5.9770,61.22,121.00,0.010175
605.9528,5.9770,62.03,121.00,0.009598
606.0307,5.9770,62.03,121.00,0.010403
606.1107,5.9770,62.30,121.00,0.010335
606.1884,5.9770,62.03,121.00,0.010423
606.2669,5.9770,61.76,121.00,0.009453
606.3461,5.9770,61.76,121.00,0.009855
606.4253,5.9770,62.03,121.00,0.010215
606.5043,5.9770,61.76,121.00,0.010235
606.5882,5.9770,61.22,121.00,0.010144
606.6683,5.9770,61.49,121.00,0.009831
606.7507,5.9695,61.76,121.00,0.010472
606.8272,5.9620,62.30,121.00,0.009495
606.9043,5.9620,61.49,121.00,0.009602
606.9797,5.9620,62.03,121.00,0.009796
607.0603,5.9620,61.76,121.00,0.010357
607.1405,5.9620,61.49,121.00,0.010517
607.2203,5.9620,61.76,121.00,0.010254
607.3001,5.9620,61.49,121.00,0.010069
607.3787,5.9620,62.03,121.00,0.009778
607.4562,5.9620,61.49,121.00,0.010144
607.5362,5.9620,61.22,121.00,0.010598
607.6131,5.9620,62.30,121.00,0.009878
607.6956,5.9620,62.03,121.00,0.010102
607.7760,5.9090,61.76,121.00,0.010427
607.8600,5.9090,61.22,121.00,0.010428
607.9399,5.9090,61.76,121.00,0.010070
608.0242,5.9090,61.76,121.00,0.010238
608.1038,5.9090,61.76,121.00,0.010046
608.1830,5.9090,62.30,121.00,0.010040
608.2604,5.9090,61.76,121.00,0.009921
608.3406,5.9090,61.76,121.00,0.009670
608.4185,5.9090,61.49,121.00,0.010256
608.5002,5.9090,62.03,121.00,0.010026
608.5804,5.9090,62.03,121.00,0.010560
608.6594,5.9090,61.22,121.00,0.010191
608.7372,5.9410,61.76,121.00,0.010498
608.8162,5.9730,62.03,121.00,0.009598
608.8957,5.9730,61.76,121.00,0.010180
608.9764,5.9730,61.76,121.00,0.009671
609.0548,5.9730,61.76,121.00,0.010367
609.1365,5.9730,61.49,121.00,0.010508
609.2155,5.9730,61.76,121.00,0.010355
609.2960,5.9730,62.03,121.00,0.009875
609.3733,5.9730,61.49,121.00,0.010117
609.4546,5.9730,61.49,121.00,0.010103
609.5340,5.9730,61.76,121.00,0.009649
609.6168,5.9730,61.76,121.00,0.009587
609.6939,5.9730,61.49,121.00,0.009905
609.7707,5.9730,61.76,121.00,0.009589
609.8463,5.9730,62.03,121.00,0.009345
609.9269,5.9700,61.49,121.00,0.010262
610.0076,5.9700,62.03,121.00,0.010814
610.0881,5.9700,61.49,121.00,0.010339
610.1648,5.9700,62.03,121.00,0.010075
610.2447,5.9700,61.76,121.00,0.010191
610.3241,5.9700,61.49,121.00,0.010269
610.4078,5.9700,61.22,121.00,0.010235
610.4869,5.9700,61.76,121.00,0.010052
610.5714,5.9700,62.03,121.00,0.010162
610.6514,5.9700,61.76,121.00,0.010369
610.7306,5.9700,62.30,121.00,0.010155
610.8092,5.8820,61.49,121.00,0.010403
610.8887,5.8820,62.03,121.00,0.009794
610.9680,5.8820,62.03,121.00,0.009793
611.0475,5.8820,61.76,121.00,0.010119
611.1246,5.8820,61.49,121.00,0.010230
611.2052,5.8820,61.76,121.00,0.010077
611.2833,5.8820,62.03,120.50,0.010250
611.3622,5.8820,61.49,121.00,0.009914
611.4394,5.8820,62.03,121.00,0.010429
611.5205,5.8820,61.49,121.00,0.010189
611.6003,5.8820,61.22,121.00,0.009674
611.6832,5.8820,61.76,121.00,0.009665
611.7637,5.9085,61.22,121.00,0.010030
611.8470,5.9350,61.76,120.00,0.010269
611.9243,5.9350,61.49,120.00,0.009912
612.0081,5.9350,62.03,120.00,0.010258
612.0916,5.9350,61.76,120.00,0.010070
612.1797,5.9350,61.76,121.00,0.010822
612.2632,5.9350,62.03,121.00,0.009880
612.3437,5.9350,61.49,121.00,0.009882
612.4206,5.9350,61.76,121.00,0.009509
612.5069,5.9350,61.49,121.00,0.010406
612.5925,5.9350,62.03,121.00,0.011015
612.6769,5.9350,61.22,121.00,0.010649
612.7626,5.9085,61.49,121.00,0.010927
612.8487,5.8820,61.49,121.00,0.010140
612.9347,5.8820,61.49,121.00,0.010226
613.0187,5.8820,61.76,121.00,0.010309
613.1016,5.8820,61.49,121.00,0.011300
613.1833,5.8820,61.49,121.00,0.010741
613.2651,5.8820,61.49,121.00,0.010873
613.3470,5.8820,61.76,121.00,0.010203
613.4326,5.8820,62.03,121.00,0.010287
613.5206,5.8820,62.03,121.00,0.011160
613.6029,5.8820,61.22,121.00,0.011102
613.6876,5.8820,61.22,121.50,0.010681
613.7725,5.8245,62.03,122.00,0.010224
613.8574,5.7670,61.49,122.00,0.010100
613.9418,5.7670,61.49,122.00,0.009694
614.0292,5.7670,61.49,122.00,0.009895
614.1091,5.7670,61.22,122.00,0.010046
614.1887,5.7670,61.49,122.00,0.010396
614.2679,5.7670,62.03,122.00,0.009977
614.3486,5.7670,61.49,122.00,0.009618
614.4272,5.7670,61.49,122.00,0.010381
614.5089,5.7670,61.22,122.00,0.010223
614.5882,5.7670,61.49,122.00,0.009597
614.6696,5.7670,61.49,122.00,0.009858
614.7489,5.8590,61.49,122.00,0.009987
614.8304,5.9510,62.03,122.00,0.009986
614.9081,5.9510,61.76,122.00,0.010471
614.9913,5.9510,61.76,122.00,0.010205
615.0677,5.9510,61.49,122.00,0.009552
615.1452,5.9510,61.22,122.00,0.009786
615.2238,5.9510,62.30,122.00,0.009728
615.3022,5.9510,61.76,122.00,0.009814
615.3801,5.9510,61.76,122.00,0.010539
615.4595,5.9510,61.49,122.00,0.010305
615.5410,5.9510,61.76,122.00,0.010128
615.6199,5.9510,61.49,122.00,0.010374
615.7006,5.9510,61.22,122.00,0.010474
615.7809,5.9700,61.22,122.00,0.009618
615.8590,5.9700,61.49,122.00,0.010693
615.9383,5.9700,61.49,122.00,0.010048
616.0163,5.9700,62.03,122.00,0.010237
616.0999,5.9700,61.49,122.00,0.010124
616.1797,5.9700,61.49,122.00,0.010278
616.2611,5.9700,61.76,122.00,0.010026
616.3430,5.9700,61.49,122.00,0.010172
616.4226,5.9700,61.49,122.00,0.009857
616.4995,5.9700,61.22,123.00,0.009804
616.5797,5.9700,61.76,123.00,0.010440
616.6594,5.9700,61.76,123.00,0.010163
616.7389,5.9945,61.22,123.00,0.010079
616.8195,6.0190,61.76,123.00,0.009465
616.8973,6.0190,61.49,123.00,0.009653
616.9765,6.0190,61.49,123.00,0.010006
617.0581,6.0190,61.49,123.00,0.010560
617.1392,6.0190,61.76,123.00,0.009526
617.2169,6.0190,61.76,123.00,0.009605
617.2956,6.0190,61.76,123.00,0.010040
617.3741,6.0190,61.76,123.00,0.009779
617.4571,6.0190,61.49,123.00,0.009936
617.5435,6.0190,61.49,123.00,0.011069
617.6293,6.0190,62.03,123.00,0.010364
617.7163,6.0190,61.22,123.00,0.010446
617.8006,5.7790,62.03,123.00,0.010735
617.8875,5.7790,61.49,123.00,0.010850
617.9731,5.7790,61.76,123.00,0.011160
618.0575,5.7790,61.49,123.00,0.010196
618.1442,5.7790,61.76,123.00,0.010806
618.2306,5.7790,61.76,123.00,0.010139
618.3151,5.7790,61.49,123.00,0.010095
618.4017,5.7790,61.22,123.00,0.010714
618.4862,5.7790,61.49,123.00,0.010242
618.5715,5.7790,61.76,123.00,0.009757
618.6518,5.7790,62.03,123.00,0.009969
618.7357,5.8075,61.49,123.00,0.011268
618.8192,5.8360,61.76,123.00,0.009996
618.9058,5.8360,61.22,123.00,0.010270
618.9892,5.8360,61.22,123.00,0.010371
619.0726,5.8360,61.76,123.00,0.010412
619.1582,5.8360,61.76,123.00,0.009675
619.2459,5.8360,61.22,123.00,0.010338
619.3324,5.8360,62.03,123.00,0.011045
619.4183,5.8360,61.22,123.00,0.009982
619.5012,5.8360,61.49,123.00,0.010042
619.5868,5.8360,61.22,123.00,0.010533
619.6729,5.8360,62.03,123.00,0.009898
619.7573,5.7865,61.49,123.00,0.010000
619.8445,5.7370,62.03,123.00,0.011106
619.9297,5.7370,61.49,123.00,0.010401
620.0085,5.7370,61.22,123.00,0.009734
620.0924,5.7370,61.76,123.00,0.010245
620.1759,5.7370,61.76,123.00,0.010003
620.2573,5.7370,61.49,124.50,0.010150
620.3352,5.7370,61.76,125.00,0.010394
620.4160,5.7370,61.76,125.00,0.009974
620.4979,5.7370,61.22,125.00,0.010464
620.5775,5.7370,61.22,125.00,0.010783
620.6583,5.7370,61.22,125.00,0.010688
620.7398,5.7370,61.22,125.00,0.010436
620.8192,5.7370,61.49,125.00,0.009730
620.8991,5.7370,61.49,125.00,0.009522
620.9761,5.7370,61.49,125.00,0.009509
621.0550,5.7370,61.22,125.00,0.010371
621.1352,5.7370,61.76,125.00,0.010133
621.2153,5.7370,61.22,125.00,0.010507
621.2976,5.7370,61.76,125.00,0.010238
621.3795,5.7370,61.49,125.00,0.010033
621.4576,5.7370,61.22,125.00,0.010434
621.5375,5.7370,61.22,125.00,0.010070
621.6152,5.7370,61.76,125.00,0.010048
621.6950,5.7370,61.76,125.00,0.010257
621.7798,5.7370,61.76,125.00,0.010204
621.8645,5.7370,61.76,125.00,0.009974
621.9477,5.7370,61.49,125.00,0.010046
622.0353,5.7370,61.49,125.00,0.010737
622.1212,5.8860,61.76,125.00,0.010499
622.2063,5.8860,61.76,125.00,0.010873
622.2888,5.8860,61.76,125.00,0.010539
622.3732,5.8860,61.76,125.00,0.010241
622.4563,5.8860,61.22,125.00,0.010468
622.5417,5.8860,61.49,125.00,0.010204
622.6244,5.8860,61.49,125.00,0.011054
622.7036,5.8860,61.76,125.00,0.009771
622.7801,5.8860,61.22,125.00,0.009773
622.8605,5.8860,61.49,125.00,0.010344
622.9443,5.7940,61.22,125.00,0.010471
623.0300,5.7940,61.49,125.50,0.010738
623.1119,5.7940,61.22,126.00,0.010822
623.1945,5.7940,61.49,126.00,0.010854
623.2766,5.7940,61.76,126.00,0.010483
623.3614,5.7940,61.22,126.00,0.010078
623.4434,5.7940,61.22,126.00,0.010761
623.5294,5.7940,61.76,126.00,0.010036
623.6096,5.7940,61.49,126.00,0.010912
623.6962,5.7940,61.22,126.00,0.010509
623.7772,5.8630,61.49,126.00,0.010519
623.8618,5.8630,61.22,126.00,0.010421
623.9410,5.8630,62.03,126.00,0.010985
624.0230,5.8630,61.76,126.00,0.009439
624.0979,5.8630,61.49,126.00,0.009632
624.1765,5.8630,61.49,126.00,0.009733
624.2557,5.8630,61.49,126.00,0.009835
624.3360,5.8630,61.49,126.00,0.009867
624.4129,5.8630,62.03,126.00,0.010281
624.4913,5.8630,61.49,126.00,0.010348
624.5700,5.8630,61.76,126.00,0.010080
624.6479,5.8630,61.76,126.00,0.010226
624.7240,5.8630,62.03,126.00,0.010158
624.8048,6.0270,61.49,126.00,0.009784
624.8829,6.0270,61.76,126.00,0.009911
624.9606,6.0270,61.76,126.00,0.010314
625.0379,6.0270,61.22,126.00,0.010587
625.1200,6.0270,61.22,126.00,0.009928
625.1969,6.0270,61.22,126.00,0.010087
625.2802,6.0270,61.22,126.00,0.010517
625.3607,6.0270,61.49,126.00,0.009998
625.4402,6.0270,61.49,126.00,0.009964
625.5168,6.0270,61.76,126.00,0.010272
625.5991,6.0270,61.76,126.00,0.010204
625.6764,6.0270,61.76,126.00,0.010729
625.7553,6.0060,61.76,126.00,0.010618
625.8342,5.9850,61.49,126.00,0.009746
625.9113,5.9850,61.76,126.00,0.009663
625.9885,5.9850,61.76,126.00,0.009591
626.0685,5.9850,61.76,126.00,0.010460
626.1472,5.9850,61.22,126.00,0.010035
626.2299,5.9850,62.03,126.00,0.010175
626.3085,5.9850,61.49,126.00,0.010324
626.3914,5.9850,61.49,126.00,0.010614
626.4675,5.9850,61.49,126.00,0.010054
626.5476,5.9850,62.03,126.00,0.009989
626.6244,5.9850,61.22,126.00,0.010695
626.7025,5.9850,61.76,126.00,0.010510
626.7782,5.8970,62.03,126.00,0.009387
626.8548,5.8970,61.49,126.00,0.009708
626.9297,5.8970,61.22,126.00,0.009607
627.0059,5.8970,61.49,126.00,0.009326
627.0840,5.8970,61.76,126.00,0.009943
627.1620,5.8970,61.76,126.00,0.009927
627.2387,5.8970,62.03,126.00,0.010408
627.3154,5.8970,61.49,126.00,0.009654
627.3899,5.8970,61.49,126.00,0.009518
627.4665,5.8970,61.76,126.00,0.009442
627.5442,5.8970,61.76,126.00,0.009541
627.6236,5.8970,61.49,126.00,0.009623
627.6985,5.8970,61.49,126.00,0.009593
627.7749,5.8970,61.49,126.00,0.009659
627.8513,5.9620,61.49,126.00,0.010002
627.9314,5.9620,61.49,126.00,0.010098
628.0124,5.9620,62.30,126.00,0.010812
628.0987,5.9620,61.49,126.00,0.010981
628.1807,5.9620,61.49,126.00,0.010879
628.2659,5.9620,61.22,126.00,0.010451
628.3451,5.9620,61.76,126.00,0.010480
628.4280,5.9620,61.49,126.00,0.009784
628.5107,5.9620,61.49,126.00,0.011038
628.5962,5.9620,62.03,126.00,0.010385
628.6803,5.9620,61.49,126.00,0.010218
628.7674,5.9355,61.76,126.00,0.011004
628.8523,5.9090,61.49,126.00,0.010851
628.9362,5.9090,61.49,126.00,0.010564
629.0208,5.9090,61.49,126.00,0.010586
629.1063,5.9090,61.49,126.00,0.009887
629.1884,5.9090,61.76,126.00,0.010361
629.2745,5.9090,61.22,126.00,0.010890
629.3578,5.9090,61.49,126.00,0.010535
629.4433,5.9090,61.22,126.00,0.010773
629.5265,5.9090,61.49,126.00,0.010164
629.6080,5.9090,62.30,126.00,0.010157
629.6928,5.9090,61.76,126.00,0.010572
629.7801,5.7020,61.49,126.00,0.010707
629.8645,5.7020,61.22,126.00,0.010931
629.9503,5.7020,61.49,126.00,0.010117
630.0354,5.7020,61.22,126.00,0.010568
630.1204,5.7020,61.49,126.00,0.010347
630.2053,5.7020,61.76,126.00,0.010564
630.2907,5.7020,61.76,126.00,0.010400
630.3734,5.7020,61.49,126.00,0.011101
630.4554,5.7020,61.49,126.00,0.010473
630.5382,5.7020,61.22,126.00,0.010261
630.6210,5.7020,61.49,126.00,0.010875
630.7033,5.7020,61.22,126.00,0.010544
630.7899,5.9050,62.03,126.00,0.010432
630.8737,5.9050,61.76,126.00,0.010463
630.9580,5.9050,61.49,126.00,0.010768
631.0414,5.9050,61.76,126.00,0.010089
631.1283,5.9050,61.22,126.00,0.010911
631.2068,5.9050,61.49,126.00,0.009524
631.2841,5.9050,61.22,126.00,0.009784
631.3621,5.9050,61.49,126.00,0.009502
631.4448,5.9050,61.49,126.00,0.011248
631.5275,5.9050,61.49,126.00,0.010425
631.6115,5.9050,61.49,126.00,0.010568
631.6883,5.9050,61.49,126.00,0.010004
631.7678,5.8970,61.49,126.00,0.010495
631.8480,5.8890,61.76,126.00,0.010260
631.9268,5.8890,61.22,126.00,0.010314
632.0045,5.8890,61.76,126.00,0.010725
632.0851,5.8890,62.03,126.00,0.009927
632.1619,5.8890,62.03,126.00,0.009613
632.2427,5.8890,61.76,126.00,0.010145
632.3209,5.8890,61.76,126.00,0.010049
632.3993,5.8890,61.49,126.00,0.010088
632.4761,5.8890,61.76,126.00,0.010284
632.5547,5.8890,61.76,126.00,0.010406
632.6319,5.8890,61.49,126.00,0.009977
632.7121,5.8890,61.76,126.00,0.010026
632.7909,5.9660,61.76,126.00,0.010150
632.8717,5.9660,61.22,126.00,0.009964
632.9493,5.9660,61.76,126.00,0.010334
633.0283,5.9660,61.76,125.50,0.010401
633.1076,5.9660,61.49,125.00,0.010258
633.1887,5.9660,61.22,125.50,0.009537
633.2682,5.9660,61.22,125.00,0.010223
633.3519,5.9660,61.76,125.00,0.010587
633.4308,5.9660,61.49,125.00,0.009770
633.5121,5.9660,62.30,125.00,0.010139
633.5894,5.9660,61.76,125.00,0.010234
633.6704,5.9660,61.49,125.00,0.010041
633.7478,5.9085,61.76,125.00,0.010578
633.8281,5.8510,61.22,125.00,0.009516
633.9037,5.8510,61.76,125.00,0.009742
633.9835,5.8510,61.76,125.00,0.009997
634.0603,5.8510,61.76,125.00,0.010226
634.1408,5.8510,61.76,125.00,0.009986
634.2202,5.8510,61.76,125.00,0.010535
634.3013,5.8510,61.76,125.00,0.010665
634.3785,5.8510,61.22,125.00,0.011020
634.4564,5.8510,62.03,125.00,0.009906
634.5330,5.8510,62.03,125.00,0.010284
634.6162,5.8510,61.49,125.00,0.010376
634.6950,5.8510,61.49,125.00,0.010139
634.7761,6.0310,61.49,125.00,0.010267
634.8548,6.0310,62.03,125.00,0.009868
634.9330,6.0310,61.76,125.00,0.010025
635.0118,6.0310,61.22,125.00,0.010228
635.0926,6.0310,61.22,125.00,0.010281
635.1701,6.0310,61.76,125.00,0.009359
635.2477,6.0310,62.03,125.00,0.010049
635.3235,6.0310,61.22,125.00,0.009533
635.4028,6.0310,62.03,125.00,0.010282
635.4818,6.0310,61.49,125.00,0.010122
635.5625,6.0310,61.76,125.00,0.009878
635.6379,6.0310,62.30,125.00,0.009629
635.7146,6.0310,62.03,125.00,0.009530
635.7904,6.0215,61.49,125.00,0.010449
635.8721,6.0120,61.49,125.00,0.010021
635.9487,6.0120,61.76,125.00,0.009870
636.0284,6.0120,62.03,125.00,0.011009
636.1074,6.0120,62.03,125.00,0.010237
636.1881,6.0120,62.03,125.00,0.010296
636.2668,6.0120,61.76,125.00,0.009991
636.3432,6.0120,62.03,125.00,0.009433
636.4189,6.0120,61.49,125.00,0.010145
636.4957,6.0120,61.76,125.00,0.009546
636.5722,6.0120,61.76,124.00,0.009976
636.6532,6.0120,61.76,124.00,0.010512
636.7295,6.0120,61.49,124.50,0.010028
636.8102,5.9160,61.76,124.00,0.009640
636.8892,5.9160,61.49,124.00,0.009919
636.9673,5.9160,62.30,124.00,0.009870
637.0446,5.9160,61.76,124.00,0.010539
637.1234,5.9160,61.76,124.00,0.010356
637.2039,5.9160,62.03,124.00,0.010029
637.2843,5.9160,62.30,124.00,0.010165
637.3630,5.9160,61.22,124.00,0.010287
637.4438,5.9160,62.03,124.50,0.010796
637.5227,5.9160,61.22,124.00,0.010620
637.6029,5.9160,61.22,124.00,0.009697
637.6776,5.9160,61.22,124.00,0.009540
637.7558,5.9160,61.49,124.00,0.009647
637.8310,5.9160,61.22,124.00,0.009871
637.9088,5.9105,62.03,124.00,0.009926
637.9868,5.9050,62.03,124.00,0.010069
638.0655,5.9050,61.49,124.00,0.010466
638.1437,5.9050,61.76,124.00,0.009671
638.2236,5.9050,61.49,124.00,0.009617
638.3006,5.9050,61.76,124.00,0.010323
638.3796,5.9050,61.49,124.00,0.009983
638.4566,5.9050,61.22,124.00,0.010550
638.5383,5.9050,61.49,124.00,0.009548
638.6165,5.9050,62.03,124.00,0.009470
638.6969,5.9050,62.03,124.00,0.010112
638.7763,5.9050,61.76,124.00,0.010269
638.8582,5.9050,61.76,124.00,0.009793
638.9371,5.9050,61.76,124.00,0.010054
639.0175,5.9050,62.30,124.00,0.010319
639.0948,5.9050,61.22,124.00,0.010119
639.1729,5.9050,61.76,124.00,0.010286
639.2519,5.9050,62.03,124.00,0.010175
639.3303,5.9050,62.03,124.00,0.009653
639.4071,5.9050,62.03,124.00,0.010312
639.4876,5.9050,61.76,124.00,0.010391
639.5638,5.9050,61.49,124.00,0.009775
639.6419,5.9050,61.49,124.00,0.009704
639.7190,5.9050,61.49,124.00,0.010656
639.7995,5.9620,61.49,124.00,0.010036
639.8755,5.9620,61.22,124.00,0.010048
639.9537,5.9620,62.30,124.00,0.010427
640.0308,5.9620,61.76,124.00,0.010352
640.1086,5.9620,61.49,124.00,0.010050
640.1867,5.9620,61.49,124.00,0.010002
640.2651,5.9620,62.03,124.00,0.010080
640.3439,5.9620,61.76,123.50,0.010187
640.4242,5.9620,61.76,123.00,0.010427
640.4992,5.9620,62.30,123.00,0.009775
640.5757,5.9620,62.03,123.00,0.009503
640.6518,5.9620,61.49,123.00,0.009933
640.7326,5.9410,61.22,123.00,0.010533
640.8088,5.9200,61.76,123.00,0.010074
640.8892,5.9200,61.49,123.00,0.010062
640.9702,5.9200,62.30,123.00,0.009866
641.0503,5.9200,61.76,124.00,0.009985
641.1266,5.9200,61.49,123.50,0.010334
641.2052,5.9200,61.49,123.50,0.010256
641.2843,5.9200,62.03,123.00,0.010246
641.3652,5.9200,61.49,123.00,0.010646
641.4434,5.9200,61.49,123.00,0.009997
641.5238,5.9200,62.03,123.00,0.010223
641.6009,5.9200,61.49,123.00,0.010084
641.6798,5.9200,61.76,123.00,0.010025
641.7598,5.8915,61.76,123.00,0.010503
641.8383,5.8630,61.76,123.00,0.009949
641.9157,5.8630,61.49,123.00,0.010295
641.9928,5.8630,62.03,123.00,0.009576
642.0721,5.8630,61.22,123.00,0.010450
642.1504,5.8630,61.76,123.00,0.010347
642.2278,5.8630,61.49,123.00,0.010236
642.3100,5.8630,61.22,123.00,0.010392
642.3911,5.8630,61.49,123.00,0.010508
642.4719,5.8630,62.30,123.00,0.010369
642.5487,5.8630,61.76,123.00,0.010010
642.6266,5.8630,61.49,123.00,0.010244
642.7055,5.8630,62.03,123.00,0.010117
642.7864,5.9430,61.76,123.00,0.010067
642.8657,5.9430,61.76,123.00,0.010379
642.9430,5.9430,62.03,123.00,0.009712
643.0183,5.9430,61.22,123.00,0.009333
643.0972,5.9430,61.76,123.00,0.009551
643.1745,5.9430,61.22,123.00,0.009733
643.2548,5.9430,61.76,123.00,0.010430
643.3313,5.9430,61.49,123.00,0.010021
643.4089,5.9430,61.49,123.00,0.009931
643.4842,5.9430,61.49,123.00,0.009394
643.5632,5.9430,61.76,123.00,0.009610
643.6386,5.9430,62.03,123.00,0.009657
643.7170,5.9430,61.49,123.00,0.010436
643.7938,5.9890,61.49,123.00,0.009874
643.8746,5.9890,61.22,123.00,0.009653
643.9502,5.9890,62.03,123.00,0.009425
644.0279,5.9890,62.03,123.00,0.009626
644.1038,5.9890,61.22,123.00,0.009845
644.1821,5.9890,61.49,123.00,0.009744
644.2614,5.9890,62.03,123.00,0.010074
644.3395,5.9890,61.76,122.00,0.010039
644.4166,5.9890,62.03,122.00,0.010775
644.4969,5.9890,61.76,122.50,0.010378
644.5781,5.9890,61.49,122.00,0.010226
644.6558,5.9890,61.76,122.50,0.009640
644.7327,5.9870,61.22,122.50,0.010216
644.8114,5.9850,61.76,122.00,0.010549
644.8878,5.9850,62.03,123.00,0.009820
644.9657,5.9850,62.03,122.50,0.009640
645.0421,5.9850,61.49,122.00,0.010199
645.1249,5.9850,61.22,122.00,0.010015
645.2040,5.9850,61.49,122.00,0.010298
645.2842,5.9850,62.03,122.50,0.010421
645.3629,5.9850,61.49,122.00,0.009990
645.4402,5.9850,61.49,122.00,0.009322
645.5161,5.9850,61.76,122.00,0.010616
645.5951,5.9850,61.76,122.00,0.009699
645.6705,5.9850,61.49,122.00,0.010120
645.7483,5.9695,61.76,122.00,0.010360
645.8283,5.9540,61.49,122.00,0.010629
645.9085,5.9540,61.76,122.00,0.009974
645.9874,5.9540,61.76,122.00,0.009977
646.0680,5.9540,61.76,122.00,0.010259
646.1488,5.9540,61.22,122.00,0.010083
646.2281,5.9540,61.76,122.00,0.009833
646.3046,5.9540,61.76,122.00,0.010339
646.3844,5.9540,61.76,122.00,0.010017
646.4634,5.9540,62.03,122.00,0.010401
646.5440,5.9540,61.76,122.00,0.010280
646.6204,5.9540,61.22,122.00,0.010127
646.7009,5.9540,61.22,122.00,0.010338
646.7800,5.9510,61.76,122.00,0.010223
646.8628,5.9510,61.76,122.00,0.010367
646.9393,5.9510,62.03,122.00,0.010106
647.0202,5.9510,61.76,122.00,0.010685
647.0968,5.9510,61.76,122.00,0.010376
647.1737,5.9510,61.22,122.00,0.009374
647.2511,5.9510,61.49,122.00,0.009549
647.3294,5.9510,61.76,122.00,0.010430
647.4084,5.9510,62.03,122.00,0.010029
647.4925,5.9510,61.49,122.00,0.010432
647.5716,5.9510,61.22,122.00,0.009940
647.6512,5.9510,61.49,122.00,0.009793
647.7309,5.9510,61.49,122.00,0.009556
647.8121,5.9430,61.22,122.00,0.009433
647.8910,5.9430,62.03,122.00,0.009737
647.9721,5.9430,61.49,122.00,0.010505
648.0519,5.9430,61.49,122.00,0.009739
648.1285,5.9430,61.76,122.00,0.009443
648.2081,5.9430,61.49,122.00,0.009365
648.2858,5.9430,61.76,122.00,0.010006
648.3652,5.9430,62.03,121.00,0.009831
648.4477,5.9430,61.22,121.00,0.010143
648.5234,5.9430,62.30,122.00,0.009883
648.5997,5.9430,62.03,122.00,0.009361
648.6745,5.9430,61.76,122.00,0.009352
648.7509,5.9430,62.03,122.00,0.009401
648.8263,5.9430,61.49,122.00,0.009757
648.9045,5.9430,61.76,122.00,0.009686
648.9822,5.9430,61.76,122.00,0.009599
649.0633,5.9430,61.76,122.00,0.009726
649.1461,5.9430,61.76,122.00,0.009514
649.2247,5.9430,62.03,122.00,0.009856
649.3029,5.9430,61.49,122.00,0.009653
649.3817,5.9430,61.22,122.00,0.009442
649.4618,5.9430,61.49,122.00,0.009515
649.5405,5.9430,61.76,122.00,0.009370
649.6177,5.9430,61.49,122.00,0.009405
649.6961,5.9430,62.03,122.00,0.009555
649.7737,5.9430,61.76,121.00,0.010338
649.8609,5.9430,62.30,121.00,0.009622
649.9379,5.9430,62.03,121.00,0.009641
650.0166,5.9430,61.49,121.00,0.009650
650.1002,5.9430,62.03,121.00,0.010273
650.1864,5.9430,61.49,121.00,0.009883
650.2711,5.9430,61.22,121.00,0.010196
650.3534,5.9430,61.76,121.00,0.010666
650.4355,5.9430,62.03,122.00,0.010644
650.5219,5.9430,62.30,121.50,0.010360
650.6046,5.9430,61.76,121.50,0.010558
650.6860,5.9430,61.49,122.00,0.009313
650.7639,5.9430,61.49,121.00,0.009857
650.8442,5.9430,61.49,121.00,0.009986
650.9214,5.9430,61.22,121.00,0.010823
651.0067,5.9700,61.49,121.50,0.009725
651.0913,5.9700,61.76,122.00,0.010823
651.1777,5.9700,61.76,122.00,0.010307
651.2559,5.9700,61.49,122.00,0.009789
651.3326,5.9700,61.49,122.00,0.009337
651.4087,5.9700,62.03,122.00,0.009536
651.4863,5.9700,61.76,122.00,0.009596
651.5658,5.9700,61.76,122.00,0.010749
651.6502,5.9700,61.49,121.50,0.010232
651.7320,5.9295,61.49,121.50,0.010468
651.8132,5.8890,61.49,121.50,0.010055
651.8922,5.8890,61.22,121.50,0.010566
651.9728,5.8890,61.49,121.00,0.010119
652.0516,5.8890,61.49,121.00,0.010070
652.1316,5.8890,61.76,121.00,0.009878
652.2087,5.8890,61.22,121.00,0.010356
652.2883,5.8890,62.03,121.00,0.010201
652.3669,5.8890,61.49,121.00,0.010146
652.4456,5.8890,61.76,121.00,0.010314
652.5220,5.8890,62.30,121.00,0.010029
652.6023,5.8890,62.03,121.50,0.010388
652.6795,5.8890,61.49,121.00,0.010261
652.7586,5.9580,62.03,121.50,0.010022
652.8403,6.0270,61.76,121.00,0.010319
652.9233,6.0270,61.49,121.00,0.010211
653.0006,6.0270,61.76,122.00,0.010839
653.0811,6.0270,61.22,121.50,0.009769
653.1610,6.0270,61.49,122.00,0.010111
653.2422,6.0270,61.76,122.00,0.010485
653.3240,6.0270,61.22,122.00,0.010326
653.4030,6.0270,61.49,122.00,0.010077
653.4803,6.0270,62.30,122.00,0.010093
653.5637,6.0270,61.76,122.00,0.010072
653.6405,6.0270,62.30,122.00,0.009754
653.7236,6.0270,61.49,122.00,0.010173
653.8009,5.8860,61.76,122.00,0.010213
653.8809,5.8860,61.49,122.00,0.009945
653.9569,5.8860,61.76,122.00,0.009656
654.0369,5.8860,62.30,122.00,0.010130
654.1157,5.8860,61.49,121.00,0.009897
654.1957,5.8860,61.76,122.00,0.009927
654.2717,5.8860,61.22,121.50,0.009887
654.3521,5.8860,61.76,121.00,0.010069
654.4293,5.8860,62.03,121.00,0.010432
654.5074,5.8860,61.49,121.00,0.010261
654.5878,5.8860,61.49,121.00,0.009910
654.6687,5.8860,61.76,121.50,0.010351
654.7460,5.9200,62.03,122.00,0.010924
654.8250,5.9540,61.49,122.00,0.010032
654.9038,5.9540,62.30,122.00,0.010159
654.9844,5.9540,62.03,122.00,0.010334
655.0639,5.9540,61.49,122.00,0.010034
655.1443,5.9540,62.03,122.00,0.010084
655.2209,5.9540,62.03,122.00,0.009781
655.2994,5.9540,61.22,122.00,0.010292
655.3757,5.9540,61.49,122.00,0.010110
655.4565,5.9540,61.76,121.50,0.010442
655.5355,5.9540,61.76,121.00,0.010206
655.6176,5.9540,61.76,121.50,0.010013
655.6947,5.9540,61.49,121.00,0.010388
655.7732,5.9700,61.49,121.00,0.010256
655.8517,5.9700,61.22,121.00,0.010266
655.9302,5.9700,61.76,121.50,0.010379
656.0095,5.9700,62.03,121.50,0.010020
656.0857,5.9700,61.76,121.00,0.009451
656.1630,5.9700,61.76,121.00,0.009765
656.2406,5.9700,61.49,121.00,0.010253
656.3193,5.9700,62.03,121.00,0.010438
656.3970,5.9700,61.49,121.00,0.009959
656.4756,5.9700,61.76,121.50,0.009746
656.5532,5.9700,61.76,121.50,0.009480
656.6322,5.9700,61.49,121.00,0.010189
656.7097,5.9700,62.03,121.50,0.009331
656.7858,5.9470,61.76,122.00,0.009589
656.8633,5.9470,61.49,122.00,0.010275
656.9399,5.9470,61.49,122.00,0.010218
657.0167,5.9470,61.76,122.00,0.009483
657.0917,5.9470,61.76,122.00,0.009700
657.1680,5.9470,61.49,122.00,0.009515
657.2442,5.9470,61.76,122.00,0.010337
657.3218,5.9470,61.76,122.00,0.009778
657.3983,5.9470,62.03,122.00,0.010217
657.4749,5.9470,62.03,122.00,0.009470
657.5524,5.9470,62.03,122.00,0.010326
657.6318,5.9470,61.76,122.00,0.009691
657.7083,5.9470,61.76,122.00,0.010222
657.7872,5.9510,61.76,121.50,0.010599
657.8640,5.9510,62.30,121.00,0.009754
657.9428,5.9510,62.30,121.00,0.010461
658.0211,5.9510,62.03,121.50,0.009942
658.1033,5.9510,61.49,121.00,0.009684
658.1788,5.9510,61.76,121.50,0.009875
658.2570,5.9510,61.49,121.50,0.010664
658.3357,5.9510,61.76,122.00,0.010041
658.4158,5.9510,62.03,122.00,0.009670
658.4969,5.9510,61.49,122.00,0.009976
658.5790,5.9510,62.03,121.50,0.010507
658.6563,5.9510,61.22,121.50,0.010713
658.7372,5.9510,61.49,121.50,0.010305
658.8149,5.9090,61.49,122.00,0.010081
658.8956,5.9090,62.03,122.00,0.010123
658.9725,5.9090,62.03,122.00,0.009592
659.0525,5.9090,61.22,122.00,0.009959
659.1330,5.9090,61.76,122.00,0.011546
659.2154,5.9090,61.76,122.00,0.009992
659.2901,5.9090,62.03,122.00,0.009373
659.3668,5.9090,62.03,122.00,0.009703
659.4416,5.9090,62.03,122.00,0.009676
659.5189,5.9090,61.22,122.00,0.009825
659.5974,5.9090,61.76,122.00,0.010161
659.6753,5.9090,62.03,122.00,0.010135
659.7546,5.9335,62.03,121.50,0.010746
659.8353,5.9580,62.03,121.00,0.009967
659.9119,5.9580,61.76,121.50,0.010545
659.9927,5.9580,61.49,121.00,0.010307
660.0693,5.9580,61.49,122.00,0.010743
660.1475,5.9580,61.22,121.50,0.009940
660.2280,5.9580,62.30,122.00,0.010133
660.3067,5.9580,62.03,121.50,0.010414
660.3842,5.9580,61.76,121.50,0.010738
660.4636,5.9580,61.49,122.00,0.009648
660.5382,5.9580,61.76,122.00,0.009429
660.6154,5.9580,61.76,121.00,0.009815
660.6925,5.9580,62.30,121.50,0.010199
660.7710,5.9430,61.49,121.00,0.009852
660.8483,5.9430,61.76,121.50,0.010563
660.9294,5.9430,62.30,122.00,0.010180
661.0078,5.9430,62.30,122.00,0.009982
661.0866,5.9430,61.76,122.00,0.010363
661.1627,5.9430,62.03,122.00,0.010021
661.2412,5.9430,62.03,122.00,0.010078
661.3206,5.9430,61.49,122.00,0.010528
661.4010,5.9430,61.76,122.00,0.010117
661.4827,5.9430,62.30,122.00,0.010838
661.5684,5.9430,62.30,122.00,0.010175
661.6523,5.9430,61.22,122.00,0.009996
661.7392,5.9125,62.03,122.00,0.010934
661.8202,5.8820,61.76,121.50,0.010772
661.9042,5.8820,61.49,121.00,0.010321
661.9843,5.8820,62.03,121.50,0.010510
662.0691,5.8820,61.49,121.00,0.010370
662.1512,5.8820,61.76,121.00,0.010578
662.2373,5.8820,62.03,122.00,0.010607
662.3214,5.8820,61.49,122.00,0.010545
662.4053,5.8820,61.49,122.00,0.010191
662.4854,5.8820,61.49,122.00,0.010513
662.5720,5.8820,61.76,121.50,0.010705
662.6509,5.8820,61.22,121.00,0.010284
662.7335,5.9165,61.49,121.50,0.010334
662.8146,5.9510,62.03,121.00,0.010272
662.8929,5.9510,62.03,121.00,0.010337
662.9732,5.9510,62.03,121.00,0.010396
663.0539,5.9510,61.49,122.00,0.010639
663.1304,5.9510,61.76,122.00,0.010088
663.2105,5.9510,61.22,122.00,0.009590
663.2878,5.9510,61.76,122.00,0.009943
663.3640,5.9510,61.76,122.00,0.009519
663.4388,5.9510,62.03,122.00,0.009581
663.5160,5.9510,61.76,122.00,0.009904
663.5955,5.9510,62.03,122.00,0.010229
663.6756,5.9510,61.49,122.00,0.010140
663.7568,5.9545,61.49,121.00,0.010643
663.8353,5.9580,62.30,121.00,0.010020
663.9116,5.9580,62.03,121.50,0.010321
663.9908,5.9580,61.76,121.00,0.010503
664.0669,5.9580,61.76,121.00,0.010158
664.1450,5.9580,61.76,121.00,0.010251
664.2240,5.9580,61.76,121.00,0.010295
664.3040,5.9580,61.49,121.50,0.010167
664.3830,5.9580,62.03,121.00,0.010307
664.4634,5.9580,62.30,121.00,0.010118
664.5456,5.9580,61.49,121.50,0.010241
664.6229,5.9580,61.76,121.00,0.009779
664.6997,5.9580,61.49,122.00,0.009563
664.7766,5.9580,61.76,121.00,0.009484
664.8533,5.9445,61.49,121.50,0.009979
664.9321,5.9310,61.49,121.00,0.010103
665.0089,5.9310,61.49,122.00,0.010329
665.0888,5.9310,61.76,122.00,0.010155
665.1650,5.9310,61.49,122.00,0.009827
665.2472,5.9310,61.76,122.00,0.010035
665.3224,5.9310,62.03,121.50,0.009427
665.4047,5.9310,61.76,122.00,0.010563
665.4841,5.9310,61.49,121.00,0.010128
665.5626,5.9310,61.76,121.00,0.009997
665.6413,5.9310,61.22,121.50,0.010370
665.7191,5.9310,62.03,121.00,0.009879
665.7961,5.9430,61.49,121.00,0.009954
665.8748,5.9430,61.49,121.50,0.010294
665.9535,5.9430,61.76,121.00,0.009923
666.0315,5.9430,61.49,121.00,0.010288
666.1107,5.9430,61.49,122.00,0.010525
666.1885,5.9430,62.03,121.50,0.009643
666.2669,5.9430,61.22,121.50,0.009872
666.3475,5.9430,61.49,121.50,0.010282
666.4240,5.9430,61.22,122.00,0.010171
666.5036,5.9430,61.49,121.00,0.009686
666.5851,5.9430,62.03,121.00,0.010103
666.6685,5.9430,61.49,121.00,0.011109
666.7457,5.9240,61.76,121.00,0.011395
666.8243,5.9050,61.49,121.00,0.010408
666.9030,5.9050,61.76,121.50,0.010196
666.9809,5.9050,62.03,122.00,0.009544
667.0601,5.9050,61.49,122.00,0.010300
667.1398,5.9050,61.76,122.00,0.009921
667.2160,5.9050,61.76,122.00,0.010169
667.2960,5.9050,62.03,122.00,0.010187
667.3752,5.9050,61.76,122.00,0.010604
667.4557,5.9050,62.03,122.00,0.010550
667.5324,5.9050,62.30,122.00,0.010071
667.6104,5.9050,61.76,122.00,0.009676
667.6877,5.9050,61.76,122.00,0.010261
667.7679,5.9165,61.49,121.50,0.010142
667.8489,5.9280,61.49,121.00,0.010368
667.9264,5.9280,62.03,121.00,0.009872
668.0062,5.9280,61.76,121.50,0.010028
668.0843,5.9280,61.76,121.00,0.009984
668.1654,5.9280,61.49,121.00,0.010241
668.2436,5.9280,62.30,121.50,0.009935
668.3210,5.9280,61.49,122.00,0.010398
668.4010,5.9280,61.22,121.50,0.009763
668.4766,5.9280,62.03,121.50,0.009796
668.5561,5.9280,62.03,121.50,0.009615
668.6338,5.9280,61.76,121.00,0.009641
668.7118,5.9280,62.03,121.00,0.010124
668.7886,5.9350,61.76,121.00,0.010213
668.8685,5.9350,62.03,121.00,0.009870
668.9454,5.9350,62.03,121.00,0.010262
669.0239,5.9350,61.76,121.00,0.010316
669.1022,5.9350,62.03,121.50,0.009950
669.1808,5.9350,62.03,122.00,0.010487
669.2596,5.9350,61.49,122.00,0.010663
669.3453,5.9350,61.22,122.00,0.010363
669.4275,5.9350,62.30,122.00,0.010087
669.5120,5.9350,62.03,122.00,0.010646
669.5917,5.9350,62.03,122.00,0.010300
669.6712,5.9350,62.03,122.00,0.010293
669.7511,5.9220,62.03,122.00,0.010034
669.8336,5.9090,61.76,122.00,0.010461
669.9191,5.9090,61.22,122.00,0.010565
670.0059,5.9090,61.49,122.00,0.009697
670.0912,5.9090,62.03,122.00,0.010103
670.1766,5.9090,61.22,122.00,0.010380
670.2632,5.9090,61.76,122.00,0.010319
670.3507,5.9090,61.49,122.00,0.010869
670.4338,5.9090,61.49,122.00,0.010476
670.5207,5.9090,61.49,122.00,0.010596
670.6038,5.9090,61.22,122.00,0.010271
670.6891,5.9090,61.76,122.00,0.010353
670.7715,5.9125,61.49,122.00,0.010221
670.8562,5.9160,61.22,122.00,0.010448
670.9360,5.9160,61.49,122.00,0.010172
671.0178,5.9160,61.76,122.00,0.010481
671.0956,5.9160,62.03,122.00,0.010207
671.1746,5.9160,61.76,122.00,0.009777
671.2542,5.9160,61.22,122.00,0.010173
671.3359,5.9160,62.30,122.00,0.010025
671.4141,5.9160,61.76,122.00,0.010252
671.4964,5.9160,62.03,122.00,0.010496
671.5748,5.9160,61.76,122.00,0.010587
671.6534,5.9160,61.49,122.00,0.009439
671.7298,5.9160,62.03,122.00,0.009465
671.8084,5.9160,61.22,122.00,0.009840
671.8878,5.9445,61.49,123.00,0.010077
671.9723,5.9730,61.76,123.00,0.010275
672.0524,5.9730,61.49,123.00,0.010176
672.1351,5.9730,61.49,123.00,0.009836
672.2124,5.9730,62.03,123.00,0.010475
672.2927,5.9730,61.76,123.00,0.009576
672.3711,5.9730,61.49,123.00,0.009588
672.4513,5.9730,61.49,123.00,0.009522
672.5287,5.9730,61.76,123.00,0.009857
672.6085,5.9730,61.49,123.00,0.009787
672.6883,5.9730,62.03,123.00,0.010243
672.7660,5.9730,61.76,123.00,0.009911
672.8427,5.9730,62.03,123.00,0.009866
672.9238,5.9620,61.76,123.00,0.010115
673.0026,5.9510,61.22,123.00,0.010659
673.0803,5.9510,61.76,123.00,0.009553
673.1574,5.9510,61.76,123.00,0.010125
673.2393,5.9510,61.76,123.00,0.010668
673.3172,5.9510,61.49,123.00,0.010161
673.3961,5.9510,61.76,123.00,0.010221
673.4742,5.9510,62.03,123.00,0.009609
673.5555,5.9510,61.49,123.00,0.009825
673.6382,5.9510,62.03,123.00,0.009853
673.7181,5.9510,61.49,123.00,0.010315
673.7968,5.9470,62.03,123.00,0.009956
673.8759,5.9470,61.49,123.00,0.009987
673.9561,5.9470,61.22,123.00,0.010379
674.0371,5.9470,61.22,123.00,0.010040
674.1149,5.9470,62.03,123.00,0.010121
674.1941,5.9470,61.49,123.00,0.010044
674.2720,5.9470,61.22,123.00,0.010343
674.3555,5.9470,61.49,123.00,0.010051
674.4356,5.9470,62.03,123.00,0.010490
674.5177,5.9470,61.76,123.00,0.010237
674.5951,5.9470,61.49,123.00,0.009957
674.6739,5.9470,61.49,123.00,0.009861
674.7543,5.9660,61.76,123.00,0.010040
674.8355,5.9850,61.76,123.00,0.009751
674.9136,5.9850,61.22,123.00,0.009431
674.9918,5.9850,61.49,123.00,0.010008
675.0679,5.9850,61.49,123.00,0.009685
675.1462,5.9850,61.76,123.00,0.009467
675.2260,5.9850,62.03,123.00,0.010087
675.3053,5.9850,62.03,123.00,0.010307
675.3832,5.9850,61.76,123.50,0.009979
675.4624,5.9850,62.03,124.00,0.010068
675.5403,5.9850,61.76,124.00,0.010307
675.6211,5.9850,61.76,124.00,0.009762
675.7017,5.9850,62.03,124.00,0.010067
675.7831,5.9200,61.76,124.00,0.009589
675.8588,5.9200,61.76,124.00,0.009434
675.9364,5.9200,62.30,124.00,0.009629
676.0157,5.9200,62.03,124.00,0.009709
676.0948,5.9200,61.76,124.00,0.009829
676.1733,5.9200,61.49,124.00,0.010761
676.2533,5.9200,61.76,124.00,0.010504
676.3316,5.9200,61.76,124.00,0.010464
676.4110,5.9200,61.76,124.00,0.010012
676.4872,5.9200,61.49,124.00,0.009713
676.5644,5.9200,61.49,124.00,0.009352
676.6431,5.9200,61.22,124.00,0.009470
676.7241,5.9200,61.49,124.00,0.010230
676.8053,5.8820,61.22,124.00,0.010474
676.8838,5.8820,61.76,124.00,0.010060
676.9641,5.8820,62.03,124.00,0.010647
677.0459,5.8820,61.22,124.00,0.010183
677.1264,5.8820,62.03,124.00,0.010413
677.2074,5.8820,61.76,124.00,0.009802
677.2876,5.8820,62.03,124.00,0.010240
677.3670,5.8820,61.22,124.00,0.010302
677.4472,5.8820,61.76,124.00,0.010230
677.5267,5.8820,62.03,124.00,0.009737
677.6052,5.8820,62.03,124.00,0.010390
677.6847,5.8820,62.03,124.00,0.010155
677.7651,5.8820,61.49,124.00,0.010179
677.8453,5.8820,61.76,124.00,0.010388
677.9240,5.8820,61.76,124.00,0.009877
678.0052,5.8820,61.49,124.00,0.010089
678.0830,5.8820,61.49,124.00,0.010035
678.1646,5.8820,61.49,124.00,0.010372
678.2444,5.8820,61.49,124.00,0.009665
678.3286,5.8820,61.49,124.00,0.010628
678.4089,5.8820,61.76,124.00,0.010430
678.4909,5.8820,61.49,124.00,0.010248
678.5688,5.8820,61.76,124.00,0.010040
678.6482,5.8820,61.49,124.00,0.009637
678.7249,5.8820,61.49,124.00,0.009609
678.8025,5.8820,61.49,124.00,0.009595
678.8799,5.8820,61.76,124.00,0.010421
678.9613,5.8820,61.76,124.00,0.010348
679.0387,5.8820,62.03,124.00,0.009799
679.1192,5.8915,62.30,124.00,0.010282
679.2001,5.9010,61.76,124.00,0.010414
679.2833,5.9010,61.49,124.00,0.010032
679.3640,5.9010,62.03,124.00,0.010346
679.4477,5.9010,62.03,124.00,0.010436
679.5272,5.9010,61.76,124.00,0.010221
679.6087,5.9010,61.76,124.00,0.010313
679.6891,5.9010,61.22,124.00,0.010295
679.7687,5.8855,61.49,124.00,0.010391
679.8479,5.8700,61.76,124.00,0.010306
679.9320,5.8700,62.03,124.00,0.010453
680.0097,5.8700,62.03,124.00,0.009493
680.0903,5.8700,62.03,124.00,0.009476
680.1683,5.8700,61.76,124.00,0.009953
680.2523,5.8700,61.49,124.00,0.010551
680.3300,5.8700,61.76,124.00,0.009752
680.4120,5.8700,61.49,124.00,0.009997
680.4912,5.8700,61.22,124.00,0.010403
680.5711,5.8700,61.49,124.00,0.010536
680.6521,5.8700,61.76,124.00,0.010768
680.7366,5.8685,62.03,124.00,0.011002
680.8159,5.8670,61.76,123.50,0.010469
680.9006,5.8670,61.49,123.00,0.010682
680.9790,5.8670,61.22,123.00,0.010021
681.0610,5.8670,62.03,123.00,0.010284
681.1400,5.8670,61.22,123.00,0.010497
681.2240,5.8670,61.76,123.00,0.010545
681.3047,5.8670,61.76,123.00,0.010555
681.3850,5.8670,61.76,124.00,0.010406
681.4634,5.8670,62.03,124.00,0.010219
681.5480,5.8670,61.22,124.00,0.010247
681.6264,5.8670,62.03,124.00,0.009944
681.7073,5.8670,61.22,124.00,0.009530
681.7874,5.8670,61.76,124.00,0.009972
681.8723,5.8780,61.49,124.00,0.010224
681.9522,5.8780,61.76,124.00,0.010116
682.0362,5.8780,61.49,124.00,0.010156
682.1167,5.8780,61.22,124.00,0.010487
682.1965,5.8780,61.49,123.50,0.010562
682.2762,5.8780,61.76,123.00,0.010113
682.3569,5.8780,61.76,123.00,0.009948
682.4388,5.8780,61.76,123.00,0.009951
682.5232,5.8780,62.30,123.00,0.010258
682.6045,5.8780,62.30,123.00,0.010517
682.6915,5.8780,62.03,123.00,0.010510
682.7733,5.9180,62.03,123.00,0.010070
682.8602,5.9580,61.76,123.00,0.010178
682.9419,5.9580,61.49,123.00,0.010601
683.0271,5.9580,61.76,123.00,0.010630
683.1115,5.9580,61.76,123.00,0.009998
683.1976,5.9580,61.76,123.00,0.009614
683.2748,5.9580,61.22,123.00,0.010239
683.3559,5.9580,61.76,123.00,0.009656
683.4401,5.9580,62.03,123.00,0.010696
683.5266,5.9580,61.76,123.00,0.009831
683.6122,5.9580,62.03,123.00,0.010643
683.6975,5.9580,61.22,123.50,0.010450
683.7831,5.9350,61.49,123.00,0.010559
683.8684,5.9350,61.49,123.00,0.010717
683.9520,5.9350,61.76,123.00,0.010927
684.0348,5.9350,61.22,123.50,0.010259
684.1133,5.9350,61.76,123.00,0.010391
684.1948,5.9350,61.22,123.00,0.010017
684.2725,5.9350,61.49,123.00,0.010337
684.3562,5.9350,61.49,123.00,0.010117
684.4359,5.9350,61.49,123.00,0.010318
684.5195,5.9350,61.22,123.00,0.010107
684.6004,5.9350,61.76,123.00,0.010487
684.6818,5.9350,61.22,123.00,0.009757
684.7645,5.9010,62.03,123.00,0.010725
684.8447,5.8670,61.76,123.00,0.010495
684.9225,5.8670,61.76,123.00,0.009961
685.0029,5.8670,61.76,123.00,0.010453
685.0807,5.8670,62.03,123.00,0.010359
685.1628,5.8670,62.03,123.00,0.010303
685.2404,5.8670,61.49,123.00,0.010258
685.3243,5.8670,61.49,123.00,0.010181
685.4043,5.8670,61.22,123.00,0.010019
685.4877,5.8670,61.22,123.00,0.010341
685.5658,5.8670,61.49,123.00,0.010372
685.6477,5.8670,61.22,123.00,0.010316
685.7292,5.8935,61.76,123.00,0.010330
685.8123,5.9200,61.76,123.00,0.010295
685.8981,5.9200,62.03,123.00,0.011230
685.9813,5.9200,61.22,123.00,0.010343
686.0657,5.9200,61.49,123.00,0.009830
686.1491,5.9200,61.49,123.00,0.010276
686.2340,5.9200,61.49,123.00,0.009996
686.3168,5.9200,61.76,123.00,0.010618
686.3986,5.9200,61.22,123.00,0.010686
686.4783,5.9200,61.49,123.00,0.009966
686.5559,5.9200,61.49,123.00,0.009990
686.6394,5.9200,61.49,123.00,0.009968
686.7172,5.9200,61.76,123.00,0.010200
686.7991,5.7900,61.76,123.00,0.010132
686.8787,5.7900,61.49,123.00,0.009933
686.9604,5.7900,62.03,123.00,0.010300
687.0380,5.7900,61.49,123.00,0.009675
687.1155,5.7900,62.03,123.00,0.009558
687.1917,5.7900,61.76,123.00,0.009607
687.2717,5.7900,62.03,123.00,0.009660
687.3522,5.7900,61.76,123.00,0.010481
687.4329,5.7900,61.22,123.00,0.009851
687.5147,5.7900,61.49,122.00,0.010012
687.5961,5.7900,61.76,122.50,0.010251
687.6761,5.7900,61.49,123.00,0.010456
687.7557,5.7900,61.76,122.50,0.009569
687.8347,5.7900,61.76,122.50,0.009821
687.9126,5.7900,61.22,123.00,0.009687
687.9925,5.8760,61.22,123.00,0.010300
688.0801,5.9620,62.03,123.00,0.010420
688.1637,5.9620,61.76,123.00,0.010873
688.2479,5.9620,62.03,123.00,0.010189
688.3339,5.9620,61.49,123.00,0.010405
688.4133,5.9620,61.49,123.00,0.009969
688.4919,5.9620,62.03,123.00,0.010511
688.5794,5.9620,61.76,123.00,0.010394
688.6652,5.9620,61.49,123.00,0.010885
688.7503,5.9010,62.03,123.00,0.009832
688.8314,5.8400,61.49,123.00,0.010379
688.9173,5.8400,61.49,123.00,0.010165
689.0043,5.8400,61.49,123.00,0.010853
689.0915,5.8400,61.49,123.00,0.010415
689.1758,5.8400,61.49,123.00,0.011110
689.2608,5.8400,61.49,122.50,0.010722
689.3422,5.8400,62.30,123.00,0.010191
689.4269,5.8400,61.49,123.00,0.010299
689.5047,5.8400,61.49,123.00,0.010084
689.5853,5.8400,61.76,123.00,0.010244
689.6631,5.8400,61.22,123.00,0.010261
689.7475,5.8990,61.49,123.00,0.010179
689.8275,5.9580,61.49,123.00,0.010585
689.9087,5.9580,62.03,123.00,0.010333
689.9860,5.9580,61.49,123.00,0.009639
690.0643,5.9580,61.22,123.00,0.009557
690.1455,5.9580,61.76,123.00,0.009868
690.2251,5.9580,61.76,123.00,0.009982
690.3042,5.9580,61.22,123.00,0.010577
690.3844,5.9580,62.03,123.00,0.009680
690.4649,5.9580,62.30,123.00,0.009993
690.5450,5.9580,61.49,123.00,0.010083
690.6232,5.9580,61.76,123.00,0.009959
690.7044,5.9580,61.22,123.00,0.010043
690.7834,5.8780,61.49,123.00,0.010507
690.8646,5.8780,61.49,123.00,0.009735
690.9425,5.8780,61.49,123.00,0.009933
691.0241,5.8780,62.03,123.50,0.010419
691.1056,5.8780,61.76,124.00,0.010288
691.1844,5.8780,62.03,124.00,0.009540
691.2640,5.8780,61.76,124.00,0.010085
691.3442,5.8780,61.22,124.00,0.010389
691.4235,5.8780,61.76,124.00,0.010169
691.5051,5.8780,62.30,124.00,0.009875
691.5852,5.8780,61.49,124.00,0.009815
691.6641,5.8780,61.22,124.00,0.010240
691.7430,5.9240,61.76,124.00,0.010805
691.8222,5.9700,62.03,124.00,0.009798
691.9034,5.9700,61.49,124.00,0.009974
691.9853,5.9700,61.22,124.00,0.010314
692.0631,5.9700,61.22,124.00,0.010290
692.1452,5.9700,61.76,124.00,0.011317
692.2236,5.9700,61.49,124.00,0.010548
692.3035,5.9700,61.76,124.00,0.010173
692.3812,5.9700,61.76,124.00,0.010476
692.4635,5.9700,61.49,124.00,0.010046
692.5411,5.9700,61.76,124.00,0.010382
692.6222,5.9700,62.03,124.00,0.009871
692.6993,5.9700,61.76,124.00,0.009943
692.7789,5.9920,61.49,124.00,0.009905
692.8560,5.9920,62.03,124.00,0.010237
692.9378,5.9920,62.03,124.00,0.010262
693.0141,5.9920,61.49,124.00,0.009457
693.0913,5.9920,61.76,124.00,0.009386
693.1675,5.9920,61.76,124.00,0.010160
693.2460,5.9920,61.76,124.00,0.009459
693.3230,5.9920,62.03,124.00,0.010253
693.4021,5.9920,61.49,124.00,0.009749
693.4814,5.9920,62.30,124.00,0.010073
693.5606,5.9920,61.49,124.00,0.009703
693.6401,5.9920,61.76,124.00,0.010195
693.7200,5.9920,61.22,124.00,0.010178
693.7991,5.8820,61.76,124.00,0.010126
693.8788,5.8820,61.76,124.00,0.010639
693.9563,5.8820,61.22,124.00,0.010708
694.0398,5.8820,62.03,124.00,0.009937
694.1198,5.8820,61.76,124.00,0.009775
694.1998,5.8820,61.49,124.00,0.010164
694.2792,5.8820,61.49,124.00,0.010215
694.3609,5.8820,61.22,124.00,0.009598
694.4382,5.8820,61.76,124.00,0.009865
694.5200,5.8820,61.76,124.00,0.010637
694.5996,5.8820,61.76,124.00,0.010427
694.6833,5.8820,61.49,124.00,0.010020
694.7626,5.9105,62.03,124.00,0.010027
694.8427,5.9390,61.76,124.00,0.010302
694.9200,5.9390,61.76,124.00,0.010481
695.0013,5.9390,61.49,124.00,0.010098
695.0787,5.9390,61.76,124.00,0.010084
695.1593,5.9390,62.03,124.00,0.009825
695.2363,5.9390,61.76,124.00,0.009713
695.3148,5.9390,62.30,124.00,0.009616
695.3903,5.9390,61.49,124.00,0.009711
695.4676,5.9390,61.49,124.00,0.009556
695.5441,5.9390,61.22,124.00,0.010056
695.6230,5.9390,61.49,124.00,0.010037
695.7008,5.9390,61.76,124.00,0.010839
695.7827,5.9430,61.49,124.00,0.009907
695.8603,5.9430,61.76,124.00,0.010118
695.9417,5.9430,62.03,124.00,0.010291
696.0243,5.9430,62.30,124.00,0.010729
696.1046,5.9430,61.22,124.00,0.010337
696.1843,5.9430,62.03,124.00,0.010338
696.2669,5.9430,61.49,124.00,0.009942
696.3445,5.9430,62.30,124.00,0.010197
696.4258,5.9430,61.49,124.00,0.009908
696.5052,5.9430,62.30,124.00,0.010237
696.5837,5.9430,61.76,124.00,0.010223
696.6606,5.9430,62.03,124.00,0.009887
696.7400,5.9430,61.76,124.00,0.010525
696.8198,5.9050,61.49,124.00,0.010163
696.9003,5.9050,61.76,124.00,0.010106
696.9795,5.9050,62.03,124.00,0.010072
697.0612,5.9050,62.03,124.00,0.010069
697.1391,5.9050,61.76,124.00,0.010316
697.2186,5.9050,61.76,124.00,0.010145
697.2959,5.9050,61.76,124.50,0.010340
697.3742,5.9050,61.76,125.00,0.009878
697.4522,5.9050,62.30,125.00,0.009893
697.5343,5.9050,61.76,125.00,0.010103
697.6157,5.9050,62.03,125.00,0.009914
697.6972,5.9050,61.76,125.00,0.009949
697.7758,5.8700,61.76,125.00,0.010353
697.8598,5.8700,61.22,125.00,0.010277
697.9398,5.8700,61.76,124.50,0.010494
698.0236,5.8700,62.03,124.00,0.010144
698.1041,5.8700,61.49,124.00,0.010453
698.1884,5.8700,62.30,124.00,0.010715
698.2706,5.8700,61.49,124.00,0.010164
698.3502,5.8700,61.22,124.00,0.010060
698.4289,5.8700,62.03,124.00,0.010330
698.5127,5.8700,61.76,124.00,0.010467
698.5900,5.8700,61.22,124.00,0.009751
698.6712,5.8700,61.76,124.00,0.010075
698.7492,5.8930,61.76,124.00,0.010258
698.8320,5.9160,62.03,124.00,0.010311
698.9126,5.9160,61.22,124.00,0.010431
698.9926,5.9160,61.76,124.00,0.010350
699.0702,5.9160,62.03,124.00,0.009482
699.1484,5.9160,62.30,124.00,0.009528
699.2275,5.9160,61.76,124.50,0.009911
699.3085,5.9160,61.49,124.50,0.010433
699.3905,5.9160,62.03,124.00,0.010207
699.4703,5.9160,61.49,124.00,0.009899
699.5487,5.9160,61.49,124.00,0.009932
699.6312,5.9160,61.76,124.00,0.010277
699.7108,5.9160,61.49,124.00,0.009836
699.7914,5.8250,61.76,124.00,0.010192
699.8714,5.8250,62.30,124.00,0.010053
699.9565,5.8250,61.49,124.00,0.011059
700.0367,5.8250,61.22,124.00,0.010504
700.1188,5.8250,61.49,124.00,0.010400
700.1961,5.8250,61.49,124.00,0.009560
700.2784,5.8250,61.76,124.00,0.009809
700.3569,5.8250,61.49,124.00,0.010211
700.4343,5.8250,61.76,124.00,0.009319
700.5103,5.8250,61.76,124.00,0.009343
700.5912,5.8250,61.76,124.00,0.009552
700.6683,5.8250,61.22,124.00,0.009956
700.7476,5.8990,61.49,124.00,0.010020
700.8276,5.9730,62.30,124.00,0.010448
700.9077,5.9730,61.22,124.00,0.010563
700.9877,5.9730,61.22,124.00,0.010482
701.0688,5.9730,61.76,124.00,0.009815
701.1489,5.9730,61.76,124.00,0.010355
701.2301,5.9730,61.49,124.00,0.010101
701.3074,5.9730,61.76,124.00,0.010519
701.3885,5.9730,62.03,124.00,0.009658
701.4683,5.9730,61.22,124.00,0.010542
701.5487,5.9730,61.22,124.00,0.009912
701.6282,5.9730,61.76,124.00,0.009601
701.7098,5.9730,61.76,124.00,0.009950
701.7910,5.8550,61.49,124.00,0.010147
701.8718,5.8550,62.03,124.00,0.009947
701.9479,5.8550,62.03,124.00,0.010089
702.0285,5.8550,62.03,124.00,0.009844
702.1058,5.8550,62.03,124.00,0.009800
702.1853,5.8550,62.03,124.00,0.010742
702.2633,5.8550,61.49,124.00,0.009945
702.3446,5.8550,62.30,124.00,0.009908
702.4230,5.8550,62.03,124.00,0.010613
702.5021,5.8550,62.03,124.00,0.010195
702.5805,5.8550,62.03,124.00,0.010560
702.6612,5.8550,61.49,124.00,0.010216
702.7404,5.9085,61.76,124.00,0.009608
702.8187,5.9620,61.76,124.00,0.009601
702.8973,5.9620,61.22,124.00,0.009872
702.9765,5.9620,61.49,124.00,0.010185
703.0559,5.9620,61.76,124.00,0.009829
703.1361,5.9620,61.49,124.00,0.010068
703.2147,5.9620,61.76,124.00,0.009931
703.2960,5.9620,61.22,124.00,0.010296
703.3763,5.9620,62.03,124.00,0.010165
703.4602,5.9620,61.76,124.00,0.009941
703.5406,5.9620,61.49,124.00,0.009382
703.6194,5.9620,61.76,124.00,0.009892
703.6994,5.9620,61.22,124.00,0.010628
703.7790,5.8670,61.76,124.00,0.009650
703.8561,5.8670,61.76,124.00,0.010327
703.9356,5.8670,62.30,124.00,0.009724
704.0160,5.8670,62.03,124.00,0.010542
704.0949,5.8670,62.03,124.00,0.010166
704.1724,5.8670,61.49,124.00,0.010177
704.2558,5.8670,61.49,124.00,0.009738
704.3336,5.8670,61.76,124.00,0.010992
704.4155,5.8670,61.22,124.00,0.010031
704.4935,5.8670,61.76,124.00,0.010140
704.5754,5.8670,61.22,124.00,0.010077
704.6530,5.8670,61.49,124.00,0.010240
704.7352,5.8935,62.30,124.00,0.010876
704.8158,5.9200,61.49,124.00,0.010239
704.8997,5.9200,62.30,124.00,0.010176
704.9773,5.9200,61.22,124.00,0.010511
705.0589,5.9200,61.76,124.00,0.009863
705.1393,5.9200,61.76,124.00,0.010123
705.2202,5.9200,61.22,124.00,0.010453
705.2998,5.9200,61.76,123.00,0.010229
705.3832,5.9200,61.22,123.00,0.009830
705.4613,5.9200,61.49,123.50,0.010358
705.5407,5.9200,61.22,123.00,0.009857
705.6197,5.9200,61.76,123.00,0.010132
705.7001,5.9200,62.30,123.00,0.010437
705.7809,5.9770,61.49,124.00,0.010089
705.8600,5.9770,61.76,124.00,0.010138
705.9391,5.9770,62.03,124.00,0.010249
706.0212,5.9770,61.76,123.50,0.010033
706.1010,5.9770,61.22,123.00,0.010155
706.1843,5.9770,61.76,123.00,0.010103
706.2646,5.9770,61.76,124.00,0.010535
706.3436,5.9770,61.49,124.00,0.010181
706.4258,5.9770,61.22,124.00,0.010157
706.5043,5.9770,61.76,124.00,0.009645
706.5833,5.9770,62.03,124.00,0.010272
706.6648,5.9770,61.49,124.00,0.010125
706.7426,5.9770,61.49,124.00,0.010425
706.8228,5.9770,61.49,124.00,0.010283
706.9000,5.9770,61.76,123.50,0.009511
706.9797,5.9770,61.49,123.00,0.009537
707.0553,5.9770,61.49,123.50,0.009448
707.1351,5.9770,61.76,123.00,0.009661
707.2130,5.9770,61.76,123.00,0.010886
707.2930,5.9770,62.03,123.00,0.010182
707.3714,5.9770,62.30,123.00,0.010593
707.4518,5.9770,61.22,123.00,0.010476
707.5314,5.9770,61.49,123.00,0.009669
707.6109,5.9770,61.76,123.00,0.010605
707.6911,5.9770,61.22,123.00,0.010252
707.7698,5.9770,61.76,123.00,0.010115
707.8481,5.9390,61.76,123.00,0.009612
707.9275,5.9390,61.22,123.00,0.010151
708.0095,5.9390,61.22,123.00,0.009746
708.0887,5.9390,61.49,123.00,0.010011
708.1681,5.9390,62.03,123.50,0.010394
708.2481,5.9390,61.49,123.00,0.009441
708.3281,5.9390,62.30,123.00,0.010338
708.4122,5.9390,62.30,123.00,0.010519
708.4934,5.9390,61.76,123.00,0.010141
708.5723,5.9390,61.49,123.00,0.009814
708.6514,5.9390,62.03,123.00,0.010736
708.7328,5.9390,62.03,123.00,0.010166
708.8132,5.9390,61.22,123.00,0.010231
708.8935,5.9390,61.76,123.00,0.010646
708.9732,5.9390,61.76,123.00,0.010229
709.0536,5.9390,62.30,123.00,0.010129
709.1308,5.9390,61.49,123.00,0.010159
709.2121,5.9390,61.49,123.00,0.010197
709.2916,5.9390,61.76,123.00,0.010000
709.3717,5.9390,62.03,123.00,0.009502
709.4493,5.9390,62.03,123.00,0.010503
709.5312,5.9390,61.49,123.00,0.010344
709.6101,5.9390,62.30,123.00,0.009490
709.6920,5.9390,61.76,123.00,0.010248
709.7692,5.9390,62.30,123.00,0.010051
709.8497,5.9525,61.76,123.00,0.010401
709.9286,5.9660,61.76,123.00,0.010253
710.0067,5.9660,61.76,123.00,0.009577
710.0824,5.9660,61.76,123.00,0.009593
710.1600,5.9660,62.03,123.00,0.009702
710.2423,5.9660,61.76,123.00,0.010237
710.3214,5.9660,61.76,123.00,0.009339
710.3991,5.9660,61.49,123.00,0.009749
710.4786,5.9660,62.30,123.00,0.010452
710.5581,5.9660,62.30,123.00,0.010064
710.6405,5.9660,62.03,123.00,0.009638
710.7177,5.9660,61.76,123.00,0.009416
710.7963,5.9695,61.49,123.00,0.009557
710.8749,5.9730,62.03,123.00,0.009784
710.9560,5.9730,62.30,123.00,0.010390
711.0351,5.9730,61.49,123.00,0.009796
711.1141,5.9730,61.76,123.00,0.009381
711.1905,5.9730,61.76,123.00,0.009472
711.2685,5.9730,61.49,123.00,0.009515
711.3478,5.9730,61.76,123.00,0.010127
711.4285,5.9730,61.76,123.00,0.010269
711.5090,5.9730,61.49,123.00,0.010198
711.5884,5.9730,62.30,123.00,0.010497
711.6646,5.9730,62.30,123.00,0.009404
711.7422,5.9730,61.49,122.50,0.009620
711.8197,5.9730,61.76,122.50,0.010574
711.8980,5.9730,61.22,122.00,0.009633
711.9784,5.8860,61.76,122.50,0.010049
712.0603,5.8860,62.03,122.50,0.009499
712.1386,5.8860,61.76,122.50,0.009699
712.2165,5.8860,61.76,123.00,0.009923
712.2939,5.8860,61.49,123.00,0.010076
712.3761,5.8860,61.76,123.00,0.010397
712.4564,5.8860,61.22,123.00,0.010923
712.5401,5.8860,61.49,123.00,0.010588
712.6201,5.8860,61.76,123.00,0.010645
712.7040,5.8860,61.49,123.00,0.010663
712.7842,5.8860,61.22,123.00,0.010388
712.8668,5.8860,61.49,123.00,0.010448
712.9443,5.8860,61.76,123.00,0.010100
713.0238,5.8860,61.76,123.00,0.009883
713.1019,5.8860,61.49,123.00,0.009346
713.1805,5.8860,61.22,123.00,0.009335
713.2584,5.8860,61.22,123.00,0.009410
713.3397,5.8860,62.30,123.00,0.009882
713.4197,5.8860,62.30,123.00,0.010327
713.5018,5.8860,61.76,122.50,0.010371
713.5838,5.8860,62.03,122.00,0.010422
713.6681,5.8860,62.03,122.50,0.010450
713.7485,5.8860,61.76,122.50,0.011153
713.8284,5.8860,61.49,122.00,0.010229
713.9085,5.8860,61.76,122.50,0.010233
713.9925,5.8860,61.76,122.00,0.010289
714.0736,5.8860,61.49,122.00,0.010458
714.1558,5.8860,61.49,122.00,0.010136
714.2361,5.8860,61.49,122.00,0.010542
714.3169,5.8860,61.76,122.00,0.010194
714.3974,5.8860,61.76,122.50,0.010159
714.4757,5.8860,62.30,122.50,0.009420
714.5524,5.8860,61.49,123.00,0.009823
714.6320,5.8860,61.76,123.00,0.009974
714.7119,5.8860,61.49,123.00,0.010480
714.7949,5.8860,61.76,123.00,0.009577
714.8722,5.9220,62.03,122.50,0.010262
714.9524,5.9580,61.49,122.00,0.010365
715.0310,5.9580,61.49,122.00,0.009907
715.1120,5.9580,62.03,122.50,0.010058
715.1896,5.9580,62.03,122.50,0.010012
715.2735,5.9580,61.49,122.00,0.010167
715.3502,5.9580,62.30,122.00,0.009424
715.4288,5.9580,61.76,122.00,0.009934
715.5084,5.9580,61.76,122.00,0.010259
715.5922,5.9580,62.03,122.00,0.010503
715.6719,5.9580,61.76,122.00,0.010438
715.7512,5.9600,61.76,122.00,0.010059
715.8324,5.9620,61.76,122.00,0.010407
715.9155,5.9620,61.76,122.00,0.010045
715.9933,5.9620,62.30,122.00,0.010638
716.0721,5.9620,62.03,122.00,0.010042
716.1477,5.9620,62.03,122.00,0.009617
716.2290,5.9620,61.49,122.00,0.010326
716.3072,5.9620,61.49,122.00,0.010117
716.3886,5.9620,61.76,122.00,0.010488
716.4688,5.9620,61.49,122.00,0.010760
716.5475,5.9620,61.76,122.00,0.010103
716.6248,5.9620,62.03,122.00,0.009960
716.7064,5.9620,62.30,122.00,0.010302
716.7848,5.8930,62.30,122.00,0.009665
716.8667,5.8930,61.49,122.00,0.009675
716.9454,5.8930,61.76,122.00,0.009726
717.0229,5.8930,61.76,122.00,0.009401
717.1040,5.8930,62.03,122.00,0.009789
717.1845,5.8930,62.03,122.00,0.010237
717.2635,5.8930,62.03,122.00,0.009883
717.3426,5.8930,62.30,122.00,0.009881
717.4191,5.8930,62.30,122.00,0.009779
717.4994,5.8930,61.49,122.00,0.009664
717.5771,5.8930,62.30,122.00,0.009366
717.6558,5.8930,61.76,122.00,0.009911
717.7373,5.9010,62.03,122.00,0.010500
717.8174,5.9090,61.49,122.00,0.010509
717.8949,5.9090,61.76,122.00,0.010076
717.9746,5.9090,62.03,122.00,0.009639
718.0547,5.9090,61.22,122.00,0.010172
718.1343,5.9090,61.76,122.00,0.009689
718.2148,5.9090,61.76,122.00,0.010221
718.2965,5.9090,62.30,122.00,0.010366
718.3778,5.9090,61.76,122.00,0.010164
718.4570,5.9090,62.03,122.00,0.010081
718.5368,5.9090,61.49,122.00,0.010706
718.6156,5.9090,61.49,122.00,0.010109
718.6925,5.9090,61.76,122.00,0.009628
718.7723,5.9315,62.03,122.00,0.010752
718.8521,5.9540,61.22,122.00,0.009938
718.9314,5.9540,62.03,122.00,0.010167
719.0116,5.9540,61.76,121.50,0.010274
719.0899,5.9540,61.76,121.50,0.009602
719.1658,5.9540,61.76,122.00,0.009628
719.2451,5.9540,62.30,122.00,0.010099
719.3228,5.9540,61.76,122.00,0.010178
719.4020,5.9540,61.49,122.00,0.009942
719.4813,5.9540,62.30,122.00,0.009730
719.5607,5.9540,62.30,121.50,0.009781
719.6422,5.9540,61.49,121.50,0.010240
719.7248,5.9540,62.30,122.00,0.010650
719.8030,5.9540,61.76,122.00,0.009380
719.8818,5.9540,62.30,121.50,0.009640
719.9593,5.9540,61.49,122.00,0.010271
720.0409,5.9810,61.49,121.50,0.010153
720.1191,5.9810,61.76,122.00,0.010032
720.2006,5.9810,62.03,122.00,0.010406
720.2804,5.9810,62.03,122.00,0.010345
720.3606,5.9810,62.30,122.00,0.010715
720.4390,5.9810,62.03,122.00,0.009635
720.5161,5.9810,61.49,122.00,0.009355
720.5955,5.9810,62.30,122.00,0.009983
720.6741,5.9810,62.03,122.00,0.009698
720.7526,5.9335,61.49,122.00,0.009956
720.8334,5.8860,61.49,122.00,0.010092
720.9105,5.8860,61.49,122.00,0.009879
720.9924,5.8860,61.49,122.00,0.010640
721.0720,5.8860,61.76,122.00,0.010195
721.1535,5.8860,61.76,121.50,0.010056
721.2334,5.8860,62.03,121.00,0.010056
721.3120,5.8860,61.49,121.00,0.009636
721.3891,5.8860,62.03,121.00,0.010069
721.4721,5.8860,61.49,122.00,0.009970
721.5531,5.8860,61.76,122.00,0.010368
721.6407,5.8860,61.76,122.00,0.011064
721.7250,5.8860,62.03,122.00,0.010139
721.8087,5.7830,61.76,122.00,0.010188
721.8914,5.7830,61.49,122.00,0.010257
721.9772,5.7830,61.49,122.00,0.010501
722.0623,5.7830,61.49,122.00,0.010315
722.1472,5.7830,61.49,121.50,0.009574
722.2226,5.7830,61.76,122.00,0.009535
722.3012,5.7830,62.03,122.00,0.009639
722.3784,5.7830,61.49,122.00,0.009637
722.4629,5.7830,61.76,122.00,0.010808
722.5439,5.7830,61.22,122.00,0.009940
722.6273,5.7830,61.76,122.00,0.010262
722.7085,5.7830,61.49,122.00,0.009762
722.7941,5.9090,61.22,122.00,0.010311
722.8790,5.9090,62.03,122.00,0.010200
722.9648,5.9090,61.76,122.00,0.010623
723.0432,5.9090,61.76,122.00,0.009681
723.1257,5.9090,61.76,122.00,0.010269
723.2066,5.9090,61.49,122.00,0.010390
723.2936,5.9090,61.76,122.00,0.010377
723.3782,5.9090,61.76,122.00,0.011281
723.4630,5.9090,61.22,122.00,0.010529
723.5485,5.9090,61.22,122.00,0.010487
723.6331,5.9090,61.49,122.00,0.010077
723.7163,5.9090,61.76,122.00,0.010438
723.8047,5.7330,61.76,122.00,0.010440
723.8888,5.7330,62.30,122.00,0.010687
723.9776,5.7330,61.76,122.00,0.010946
724.0599,5.7330,61.76,122.00,0.010594
724.1478,5.7330,61.49,122.00,0.010198
724.2279,5.7330,61.49,122.00,0.010564
724.3116,5.7330,61.49,122.00,0.010106
724.3943,5.7330,61.22,122.00,0.010310
724.4728,5.7330,61.76,122.00,0.009877
724.5519,5.7330,61.49,122.00,0.010303
724.6290,5.7330,61.76,122.00,0.009477
724.7053,5.7330,61.22,122.00,0.009487
724.7837,5.7330,61.76,122.00,0.009797
724.8611,5.8625,62.03,122.00,0.010224
724.9427,5.9920,61.49,122.00,0.009931
725.0215,5.9920,61.76,122.00,0.010674
725.1006,5.9920,61.76,122.00,0.009860
725.1800,5.9920,61.49,122.00,0.009839
725.2616,5.9920,61.49,122.00,0.009943
725.3390,5.9920,61.22,122.00,0.010756
725.4198,5.9920,61.49,122.00,0.009952
725.5002,5.9920,61.49,122.00,0.010335
725.5797,5.9920,61.22,122.00,0.010180
725.6613,5.9920,61.49,122.00,0.009939
725.7415,5.9730,61.49,122.00,0.010654
725.8192,5.9540,62.03,122.00,0.010287
725.9000,5.9540,61.76,122.00,0.009817
725.9821,5.9540,61.76,122.00,0.010144
726.0610,5.9540,61.22,122.00,0.010135
726.1378,5.9540,61.76,122.00,0.009552
726.2163,5.9540,62.03,122.00,0.009787
726.2962,5.9540,61.76,122.00,0.010103
726.3775,5.9540,61.49,122.00,0.010063
726.4586,5.9540,61.76,122.00,0.010350
726.5397,5.9540,62.03,122.00,0.010453
726.6169,5.9540,62.03,122.00,0.009737
726.6962,5.9540,62.30,122.00,0.010065
726.7773,5.9390,62.30,122.00,0.010080
726.8587,5.9390,62.03,122.00,0.010469
726.9366,5.9390,61.76,122.00,0.010459
727.0205,5.9390,61.49,122.00,0.010423
727.1031,5.9390,61.76,122.00,0.010658
727.1841,5.9390,61.76,122.00,0.010341
727.2663,5.9390,62.03,122.00,0.010044
727.3481,5.9390,61.49,122.00,0.010251
727.4275,5.9390,61.49,122.00,0.009863
727.5069,5.9390,61.76,122.00,0.009471
727.5837,5.9390,61.76,122.00,0.009952
727.6637,5.9390,61.49,122.00,0.009676
727.7390,5.9390,61.76,122.00,0.009415
727.8168,5.9390,61.49,122.00,0.009629
727.8928,5.9390,61.49,122.00,0.009790
727.9750,5.9700,62.03,122.00,0.010322
728.0552,5.9700,61.49,122.00,0.010679
728.1369,5.9700,61.49,122.00,0.009851
728.2152,5.9700,61.76,122.00,0.009962
728.2971,5.9700,61.76,122.00,0.010357
728.3755,5.9700,62.03,122.00,0.010181
728.4593,5.9700,62.30,122.00,0.010175
728.5373,5.9700,61.76,122.00,0.010179
728.6168,5.9700,62.03,122.00,0.010247
728.6949,5.9700,61.76,122.00,0.010253
728.7756,5.8630,62.03,122.00,0.010151
728.8529,5.8630,62.03,122.00,0.009713
728.9323,5.8630,62.03,122.00,0.009623
729.0130,5.8630,61.49,122.00,0.010397
729.0954,5.8630,61.76,122.00,0.010364
729.1722,5.8630,61.49,122.00,0.010494
729.2537,5.8630,61.49,122.00,0.010156
729.3317,5.8630,62.03,122.00,0.010212
729.4127,5.8630,61.76,122.00,0.009844
729.4906,5.8630,61.76,122.00,0.010194
729.5720,5.8630,62.03,122.00,0.010049
729.6513,5.8630,61.76,122.00,0.009790
729.7312,5.8630,61.76,122.00,0.010217
729.8089,5.8930,61.49,122.00,0.009365
729.8862,5.8930,61.49,122.00,0.009711
729.9626,5.8930,61.76,122.00,0.009738
730.0443,5.8930,61.49,122.00,0.010078
730.1244,5.8930,62.03,122.00,0.010457
730.2034,5.8930,61.49,122.00,0.010159
730.2838,5.8930,61.49,122.00,0.009969
730.3653,5.8930,61.22,122.00,0.009805
730.4427,5.8930,61.49,122.00,0.010342
730.5250,5.8930,61.22,122.00,0.010187
730.6030,5.8930,62.03,122.00,0.010511
730.6833,5.8930,62.03,122.00,0.010519
730.7624,5.8930,61.49,122.00,0.009505
730.8399,5.8930,61.76,122.00,0.009554
730.9188,5.8930,61.49,122.00,0.009972
730.9971,5.9160,61.76,122.00,0.010276
731.0757,5.9390,61.76,122.00,0.010175
731.1550,5.9390,61.22,122.00,0.010446
731.2328,5.9390,61.49,122.00,0.010484
731.3114,5.9390,61.76,122.00,0.009684
731.3887,5.9390,62.03,122.00,0.009911
731.4693,5.9390,61.49,122.00,0.010758
731.5481,5.9390,61.76,122.00,0.010752
731.6281,5.9390,61.76,122.00,0.009441
731.7050,5.9390,61.22,122.00,0.010056
731.7832,5.9390,61.49,122.00,0.009592
731.8637,5.9485,61.22,122.00,0.010331
731.9451,5.9580,61.76,122.00,0.010035
732.0253,5.9580,61.76,121.50,0.009887
732.1045,5.9580,62.03,121.50,0.009701
732.1854,5.9580,62.03,122.00,0.010193
732.2679,5.9580,61.76,122.00,0.009763
732.3433,5.9580,61.49,122.00,0.009600
732.4236,5.9580,61.49,122.00,0.009856
732.5032,5.9580,61.49,122.00,0.009898
732.5854,5.9580,61.76,122.00,0.010390
732.6632,5.9580,61.49,122.00,0.010606
732.7452,5.9465,61.22,122.00,0.010007
732.8232,5.9350,62.03,122.00,0.009989
732.9065,5.9350,61.76,122.00,0.010395
732.9878,5.9350,61.49,122.00,0.010675
733.0737,5.9350,61.49,122.00,0.010632
733.1561,5.9350,61.76,122.00,0.010130
733.2434,5.9350,61.49,122.00,0.010688
733.3270,5.9350,61.49,122.00,0.010956
733.4122,5.9350,61.76,122.00,0.011042
733.4946,5.9350,62.30,122.00,0.010132
733.5796,5.9350,61.49,122.00,0.010094
733.6565,5.9350,61.76,122.00,0.009686
733.7396,5.9350,62.03,122.00,0.009573
733.8196,5.9350,61.22,122.00,0.009870
733.9027,5.8910,62.03,122.00,0.010257
733.9850,5.8470,62.03,122.00,0.010255
734.0675,5.8470,61.49,122.00,0.010169
734.1529,5.8470,61.49,122.00,0.010095
734.2387,5.8470,61.22,122.00,0.010571
734.3236,5.8470,61.49,122.00,0.010803
734.4073,5.8470,61.76,122.00,0.010396
734.4918,5.8470,61.49,122.00,0.010286
734.5791,5.8470,61.49,122.00,0.010184
734.6651,5.8470,61.49,122.00,0.009778
734.7510,5.7860,62.03,122.00,0.011054
734.8351,5.7250,61.76,122.00,0.011158
734.9188,5.7250,61.49,122.00,0.010217
734.9961,5.7250,61.49,122.00,0.010308
735.0797,5.7250,61.49,122.00,0.010529
735.1639,5.7250,61.76,122.00,0.010645
735.2503,5.7250,61.49,122.00,0.011002
735.3337,5.7250,61.76,122.00,0.010540
735.4207,5.7250,61.49,122.00,0.009862
735.5041,5.7250,62.03,122.00,0.010445
735.5915,5.7250,61.76,122.00,0.010051
735.6760,5.7250,61.49,122.00,0.010711
735.7567,5.7250,61.49,122.00,0.009379
735.8352,5.7250,61.49,122.00,0.009974
735.9140,5.7690,61.22,122.00,0.010961
735.9928,5.8130,61.49,122.00,0.010400
736.0736,5.8130,61.49,122.00,0.009718
736.1510,5.8130,61.49,122.00,0.010467
736.2309,5.8130,61.76,122.00,0.010010
736.3105,5.8130,61.76,123.00,0.009913
736.3901,5.8130,61.22,123.00,0.010127
736.4679,5.8130,62.03,123.00,0.010286
736.5483,5.8130,61.76,123.00,0.009529
736.6241,5.8130,61.76,123.00,0.009735
736.7035,5.8130,61.76,123.00,0.009757
736.7799,5.8130,61.76,123.00,0.009726
736.8597,5.8820,61.22,123.00,0.010265
736.9416,5.9510,61.49,123.00,0.009912
737.0209,5.9510,61.22,123.00,0.009783
737.1000,5.9510,61.49,123.00,0.009933
737.1791,5.9510,61.49,123.00,0.010206
737.2566,5.9510,62.03,123.00,0.010154
737.3358,5.9510,61.22,123.00,0.010205
737.4163,5.9510,61.76,123.00,0.010510
737.4976,5.9510,61.49,123.00,0.010383
737.5756,5.9510,61.49,123.00,0.010134
737.6569,5.9510,61.76,123.00,0.009754
737.7364,5.9680,61.49,123.00,0.010729
737.8165,5.9850,61.49,123.00,0.010563
737.8955,5.9850,61.22,123.00,0.010249
737.9759,5.9850,61.22,123.00,0.010983
738.0559,5.9850,61.22,123.00,0.010200
738.1353,5.9850,61.22,123.00,0.010104
738.2131,5.9850,61.76,123.00,0.010316
738.2927,5.9850,62.03,123.00,0.009896
738.3708,5.9850,61.49,123.00,0.009874
738.4500,5.9850,61.76,123.00,0.010072
738.5267,5.9850,61.22,123.00,0.010041
738.6081,5.9850,61.22,123.00,0.010370
738.6878,5.9850,61.76,123.00,0.009922
738.7681,5.9850,62.03,123.00,0.010040
738.8481,6.0040,61.76,123.00,0.010421
738.9281,6.0230,61.76,123.00,0.010100
739.0077,6.0230,61.49,123.00,0.009985
739.0920,6.0230,62.03,123.00,0.010275
739.1718,6.0230,61.76,123.00,0.010089
739.2554,6.0230,62.03,123.00,0.010659
739.3351,6.0230,61.76,123.00,0.010030
739.4153,6.0230,61.49,123.00,0.009756
739.4948,6.0230,62.03,123.00,0.010120
739.5755,6.0230,61.76,123.00,0.009763
739.6514,6.0230,61.49,123.00,0.009591
739.7289,6.0230,62.03,123.00,0.009350
739.8114,5.9390,61.49,123.00,0.009818
739.8925,5.9390,61.76,123.00,0.009720
739.9694,5.9390,61.76,123.00,0.009554
740.0480,5.9390,62.03,123.00,0.009486
740.1265,5.9390,61.49,123.00,0.009609
740.2046,5.9390,61.76,123.50,0.009781
740.2825,5.9390,62.03,124.00,0.010484
740.3644,5.9390,61.76,124.00,0.010340
740.4444,5.9390,61.76,124.00,0.010252
740.5259,5.9390,61.49,124.00,0.009931
740.6041,5.9390,61.76,124.00,0.010389
740.6834,5.9390,62.03,124.00,0.010490
740.7614,5.9450,61.76,124.00,0.010251
740.8388,5.9510,61.22,124.00,0.009310
740.9143,5.9510,62.03,124.00,0.009666
740.9917,5.9510,62.03,124.00,0.009589
741.0711,5.9510,61.22,124.00,0.010020
741.1505,5.9510,62.03,124.00,0.010073
741.2322,5.9510,62.30,124.00,0.010638
741.3151,5.9510,61.49,124.00,0.009870
741.3909,5.9510,61.22,124.00,0.009772
741.4716,5.9510,61.49,124.00,0.009891
741.5486,5.9510,61.22,124.00,0.010299
741.6274,5.9510,61.22,124.00,0.009801
741.7049,5.9510,61.76,124.00,0.010224
741.7852,5.8740,62.03,124.00,0.010187
741.8627,5.8740,61.76,124.00,0.009949
741.9437,5.8740,62.03,124.00,0.010367
742.0215,5.8740,61.76,124.00,0.010462
742.1005,5.8740,61.22,124.00,0.010066
742.1798,5.8740,61.49,124.00,0.009691
742.2632,5.8740,61.22,124.00,0.010262
742.3411,5.8740,61.22,124.00,0.010448
742.4224,5.8740,62.03,124.00,0.010120
742.5003,5.8740,61.22,124.00,0.010551
742.5821,5.8740,61.49,124.00,0.010317
742.6593,5.8740,61.76,124.00,0.010338
742.7391,5.8875,61.49,124.00,0.010514
742.8192,5.9010,61.22,124.00,0.010329
742.8988,5.9010,61.76,124.00,0.009917
742.9760,5.9010,62.03,125.00,0.010302
743.0563,5.9010,61.76,125.00,0.010173
743.1366,5.9010,62.30,125.00,0.010352
743.2170,5.9010,62.03,125.00,0.009987
743.2967,5.9010,61.22,125.00,0.010162
743.3764,5.9010,61.76,125.00,0.010618
743.4558,5.9010,61.49,125.00,0.010112
743.5395,5.9010,61.49,125.00,0.010556
743.6164,5.9010,62.30,125.00,0.009893
743.7000,5.9010,61.76,125.00,0.010221
743.7782,5.9280,62.03,125.00,0.009643
743.8599,5.9280,61.49,125.00,0.010468
743.9425,5.9280,61.22,125.00,0.010090
744.0234,5.9280,61.49,125.00,0.009778
744.1041,5.9280,61.49,125.00,0.010351
744.1846,5.9280,61.76,125.00,0.010259
744.2644,5.9280,62.30,125.00,0.009481
744.3440,5.9280,61.49,125.00,0.010355
744.4233,5.9280,61.76,125.00,0.009820
744.5037,5.9280,61.76,125.00,0.009532
744.5835,5.9280,61.76,125.00,0.010110
744.6648,5.9280,61.76,125.00,0.010114
744.7430,5.9315,61.76,125.00,0.010136
744.8239,5.9350,61.76,125.00,0.010010
744.9042,5.9350,61.76,125.00,0.010021
744.9880,5.9350,61.76,125.00,0.010496
745.0698,5.9350,61.49,125.00,0.009918
745.1486,5.9350,61.76,125.00,0.009525
745.2271,5.9350,62.30,125.00,0.010432
745.3084,5.9350,61.76,125.00,0.010156
745.3859,5.9350,61.76,125.00,0.010382
745.4678,5.9350,61.22,125.00,0.010508
745.5491,5.9350,62.30,125.00,0.010132
745.6304,5.9350,61.76,125.00,0.010213
745.7105,5.9350,61.22,125.00,0.010543
745.7899,5.9770,61.22,125.00,0.010184
745.8668,5.9770,61.76,125.00,0.009750
745.9510,5.9770,61.49,125.00,0.010069
746.0281,5.9770,62.03,125.00,0.010060
746.1123,5.9770,61.49,125.00,0.010165
746.1915,5.9770,61.76,125.00,0.010263
746.2708,5.9770,61.22,125.00,0.010497
746.3488,5.9770,61.49,124.50,0.010824
746.4287,5.9770,61.76,124.00,0.010262
746.5085,5.9770,62.30,124.50,0.010529
746.5923,5.9770,62.30,125.00,0.010303
746.6716,5.9770,61.76,125.00,0.010004
746.7519,5.9430,61.76,125.00,0.010208
746.8320,5.9090,62.03,125.00,0.010594
746.9162,5.9090,62.03,125.00,0.010589
746.9967,5.9090,61.76,125.00,0.010599
747.0766,5.9090,61.76,125.00,0.009867
747.1552,5.9090,62.03,125.00,0.010333
747.2371,5.9090,61.76,125.00,0.010437
747.3156,5.9090,61.49,125.00,0.010414
747.3986,5.9090,61.76,125.00,0.010169
747.4776,5.9090,61.76,125.00,0.010579
747.5569,5.9090,61.22,125.00,0.010082
747.6361,5.9090,61.76,125.00,0.009679
747.7141,5.9090,62.03,125.00,0.009844
747.7906,5.9090,62.30,125.00,0.009654
747.8695,5.9090,61.49,125.00,0.010278
747.9505,5.8740,61.76,125.00,0.010072
748.0310,5.8740,61.22,124.50,0.010517
748.1081,5.8740,61.49,124.50,0.009439
748.1881,5.8740,61.49,124.00,0.009393
748.2652,5.8740,61.76,124.00,0.009937
748.3435,5.8740,61.76,124.00,0.009946
748.4231,5.8740,61.22,124.00,0.010020
748.5046,5.8740,61.49,124.00,0.010049
748.5829,5.8740,61.76,124.00,0.010395
748.6620,5.8740,61.76,124.00,0.010014
748.7403,5.8645,61.76,124.50,0.010744
748.8206,5.8550,62.03,124.50,0.010457
748.8999,5.8550,61.22,125.00,0.009753
748.9807,5.8550,61.49,125.00,0.010524
749.0601,5.8550,61.49,125.00,0.010165
749.1402,5.8550,61.76,125.00,0.009532
749.2191,5.8550,62.03,125.00,0.010114
749.2998,5.8550,62.03,125.00,0.010080
749.3795,5.8550,61.76,125.00,0.010065
749.4591,5.8550,61.76,124.50,0.010128
749.5365,5.8550,62.03,124.00,0.009775
749.6161,5.8550,61.49,124.00,0.010582
749.6959,5.8550,62.03,124.00,0.010499
749.7800,5.9050,62.03,124.00,0.010164
749.8589,5.9050,61.76,124.00,0.009944
749.9401,5.9050,62.03,124.00,0.009917
750.0193,5.9050,61.49,124.00,0.009353
750.0993,5.9050,61.22,124.00,0.009579
750.1752,5.9050,62.03,124.00,0.009873
750.2522,5.9050,61.76,124.00,0.009323
750.3339,5.9050,61.76,124.00,0.009597
750.4157,5.9050,61.22,124.00,0.010354
750.4927,5.9050,61.22,124.00,0.009871
750.5718,5.9050,61.76,124.00,0.010260
750.6519,5.9050,61.76,124.00,0.010367
750.7329,5.8840,61.76,124.00,0.009865
750.8110,5.8630,62.30,124.00,0.010166
750.8928,5.8630,61.76,124.00,0.010647
750.9749,5.8630,61.49,124.00,0.010216
751.0554,5.8630,62.03,124.00,0.010382
751.1333,5.8630,61.76,124.00,0.010335
751.2136,5.8630,61.49,124.00,0.009847
751.2962,5.8630,62.30,124.00,0.010244
751.3758,5.8630,61.76,124.00,0.010297
751.4577,5.8630,61.22,124.00,0.010146
751.5394,5.8630,61.49,124.00,0.010539
751.6197,5.8630,61.49,124.00,0.010171
751.7003,5.8630,61.76,124.00,0.010059
751.7767,5.8630,61.76,124.00,0.009575
751.8563,5.8630,62.03,124.00,0.009592
751.9327,5.8630,61.76,124.00,0.009848
752.0110,5.8630,62.03,124.00,0.009808
752.0900,5.8630,61.76,124.00,0.009818
752.1719,5.8630,61.76,124.00,0.010439
752.2483,5.8630,62.03,124.00,0.009778
752.3281,5.8630,61.76,124.00,0.009504
752.4046,5.8630,61.49,124.00,0.009692
752.4836,5.8630,61.76,124.00,0.010224
752.5606,5.8630,62.30,124.00,0.010481
752.6418,5.8630,62.03,124.00,0.009969
752.7221,5.8630,61.49,124.00,0.010812
752.8009,5.8990,61.22,124.00,0.010271
752.8796,5.9350,61.76,124.00,0.010169
752.9599,5.9350,61.76,124.00,0.009509
753.0385,5.9350,61.49,124.00,0.010204
753.1188,5.9350,62.03,124.00,0.010024
753.1962,5.9350,62.03,124.00,0.010139
753.2745,5.9350,61.76,124.00,0.009633
753.3531,5.9350,61.76,124.00,0.010821
753.4312,5.9350,61.49,124.00,0.010001
753.5081,5.9350,62.03,124.00,0.009799
753.5891,5.9350,61.76,124.00,0.010475
753.6681,5.9350,62.03,124.00,0.009985
753.7518,5.9620,61.76,124.00,0.009899
753.8337,5.9890,61.76,124.00,0.009876
753.9147,5.9890,61.49,124.00,0.009974
753.9925,5.9890,62.03,124.00,0.010431
754.0760,5.9890,61.76,124.00,0.010406
754.1557,5.9890,62.30,123.00,0.010282
754.2369,5.9890,61.49,123.00,0.010219
754.3172,5.9890,61.49,123.50,0.010312
754.3984,5.9890,61.49,123.50,0.009951
754.4759,5.9890,61.76,123.50,0.010010
754.5594,5.9890,61.76,123.00,0.010046
754.6402,5.9890,62.30,123.00,0.010489
754.7241,5.9890,61.49,123.50,0.009893
754.8035,5.9890,61.76,124.00,0.009816
754.8887,5.9280,62.03,124.00,0.011326
754.9674,5.8670,61.49,124.00,0.010095
755.0460,5.8670,61.76,124.00,0.009698
755.1244,5.8670,61.49,124.00,0.010599
755.2046,5.8670,62.30,124.00,0.009848
755.2823,5.8670,62.03,124.00,0.009731
755.3637,5.8670,62.03,124.00,0.009753
755.4399,5.8670,62.03,124.00,0.009860
755.5205,5.8670,62.30,124.00,0.009463
755.5997,5.8670,62.03,124.00,0.010049
755.6814,5.8670,61.49,124.00,0.010178
755.7604,5.9220,61.76,124.00,0.009865
755.8427,5.9770,61.76,124.00,0.009987
755.9206,5.9770,61.49,123.50,0.010104
756.0014,5.9770,62.03,123.50,0.010209
756.0815,5.9770,61.49,123.00,0.010445
756.1606,5.9770,61.49,123.00,0.010194
756.2405,5.9770,61.76,123.00,0.010408
756.3201,5.9770,62.03,123.00,0.010152
756.4006,5.9770,61.49,123.00,0.010326
756.4823,5.9770,61.76,123.00,0.010007
756.5608,5.9770,62.03,123.00,0.009364
756.6405,5.9770,61.49,123.00,0.009723
756.7191,5.9770,62.03,123.00,0.009562
756.7989,5.9370,61.76,124.00,0.010234
756.8767,5.8970,61.76,124.00,0.010394
756.9562,5.8970,61.76,123.00,0.010106
757.0334,5.8970,61.22,123.50,0.010003
757.1122,5.8970,61.22,123.50,0.010261
757.1912,5.8970,61.49,123.00,0.009665
757.2706,5.8970,61.22,123.50,0.010729
757.3486,5.8970,61.76,123.00,0.011200
757.4280,5.8970,61.76,123.50,0.009800
757.5065,5.8970,61.49,123.00,0.010244
757.5888,5.8970,62.03,123.50,0.010768
757.6667,5.8970,62.03,123.00,0.010025
757.7488,5.9140,61.49,123.00,0.009980
757.8289,5.9310,61.49,123.00,0.009832
757.9107,5.9310,61.76,123.00,0.009910
757.9890,5.9310,61.76,123.00,0.010202
758.0675,5.9310,61.76,123.00,0.010159
758.1453,5.9310,61.76,123.00,0.010561
758.2245,5.9310,61.76,123.00,0.009873
758.3024,5.9310,61.49,123.00,0.009965
758.3819,5.9310,62.30,123.00,0.010045
758.4588,5.9310,62.03,123.00,0.010215
758.5394,5.9310,61.76,123.00,0.010230
758.6198,5.9310,62.03,123.00,0.010259
758.7011,5.9310,61.76,123.00,0.010294
758.7817,5.9120,61.22,123.00,0.010444
758.8637,5.9120,61.76,123.00,0.010078
758.9403,5.9120,61.76,123.50,0.009782
759.0191,5.9120,61.49,123.50,0.010262
759.0972,5.9120,61.76,123.00,0.010018
759.1782,5.9120,62.03,123.00,0.009612
759.2569,5.9120,61.49,123.00,0.010272
759.3402,5.9120,61.76,123.00,0.010338
759.4194,5.9120,62.03,123.00,0.010417
759.5015,5.9120,62.30,123.00,0.010272
759.5795,5.9120,62.03,123.00,0.010225
759.6611,5.9120,61.49,123.00,0.009939
759.7398,5.8910,61.76,123.00,0.010427
759.8244,5.8700,61.76,123.00,0.010737
759.9045,5.8700,62.03,123.00,0.010428
759.9841,5.8700,61.76,123.00,0.009983
760.0638,5.8700,62.30,123.00,0.009669
760.1482,5.8700,62.03,123.00,0.010515
760.2278,5.8700,61.22,123.00,0.010004
760.3128,5.8700,61.76,123.00,0.010573
760.3929,5.8700,61.22,123.00,0.010037
760.4747,5.8700,62.03,123.00,0.009741
760.5509,5.8700,61.76,123.00,0.009597
760.6281,5.8700,61.76,123.00,0.009659
760.7060,5.8700,62.03,123.00,0.009450
760.7839,5.8700,61.76,123.00,0.009493
760.8607,5.8700,61.49,123.00,0.009833
760.9428,5.8700,62.03,123.00,0.010723
761.0206,5.8890,61.22,123.00,0.009867
761.1027,5.8890,62.03,123.00,0.009940
761.1827,5.8890,61.22,123.00,0.010396
761.2642,5.8890,61.22,123.00,0.010540
761.3435,5.8890,61.49,123.00,0.010147
761.4249,5.8890,61.49,123.00,0.010272
761.5046,5.8890,61.76,123.00,0.010431
761.5839,5.8890,62.03,123.00,0.010158
761.6613,5.8890,61.49,123.00,0.010202
761.7397,5.8890,62.03,123.00,0.010117
761.8173,5.8890,61.49,123.00,0.009431
761.8953,5.8890,62.03,123.00,0.010265
761.9731,5.8890,61.49,123.00,0.010374
762.0532,5.8890,61.76,123.00,0.010231
762.1303,5.8890,61.49,123.00,0.010134
762.2119,5.8890,61.22,123.00,0.009858
762.2900,5.8890,62.03,123.00,0.010371
762.3741,5.8890,62.03,123.00,0.009911
762.4536,5.8890,61.76,123.00,0.009767
762.5328,5.8890,61.49,123.00,0.010046
762.6107,5.8890,61.76,123.00,0.010270
762.6923,5.8890,61.76,122.50,0.010476
762.7721,5.8910,62.03,122.50,0.010378
762.8515,5.8930,62.03,123.00,0.009999
762.9288,5.8930,61.22,123.00,0.009687
763.0071,5.8930,61.76,123.00,0.009482
763.0828,5.8930,61.49,123.00,0.009414
763.1608,5.8930,61.49,123.00,0.009577
763.2405,5.8930,61.22,123.00,0.009929
763.3207,5.8930,62.03,123.00,0.010780
763.3992,5.8930,61.49,123.00,0.009655
763.4797,5.8930,61.76,123.00,0.009781
763.5571,5.8930,61.76,123.00,0.010325
763.6369,5.8930,61.76,123.00,0.010117
763.7150,5.8930,62.30,123.00,0.010103
763.7951,6.0190,61.76,123.00,0.010206
763.8754,6.0190,62.03,122.50,0.010208
763.9570,6.0190,62.03,122.00,0.010819
764.0361,6.0190,61.76,122.50,0.010375
764.1169,6.0190,61.49,122.00,0.009990
764.1943,6.0190,61.49,122.00,0.009732
764.2755,6.0190,61.22,122.00,0.010153
764.3565,6.0190,61.49,122.50,0.010459
764.4383,6.0190,61.76,122.00,0.010327
764.5152,6.0190,61.49,122.00,0.010169
764.5971,6.0190,62.03,122.00,0.010164
764.6748,6.0190,61.76,122.00,0.010331
764.7556,5.9790,61.49,122.00,0.010051
764.8316,5.9390,61.76,122.50,0.009486
764.9094,5.9390,61.76,122.50,0.009677
764.9875,5.9390,61.76,122.50,0.009688
765.0690,5.9390,61.49,122.50,0.009972
765.1468,5.9390,61.49,123.00,0.009855
765.2271,5.9390,61.49,123.00,0.010733
765.3047,5.9390,62.03,123.00,0.009916
765.3868,5.9390,61.22,123.00,0.009911
765.4644,5.9390,62.03,123.00,0.010566
765.5460,5.9390,61.22,122.50,0.009917
765.6280,5.9390,61.49,122.50,0.009878
765.7090,5.9390,61.76,122.50,0.010086
765.7897,5.9390,62.30,123.00,0.010506
765.8713,5.9390,61.76,122.00,0.009974
765.9489,5.9390,61.76,122.00,0.010513
766.0292,5.9390,62.03,122.00,0.010002
766.1088,5.9390,62.03,122.00,0.010261
766.1888,5.9390,61.49,122.00,0.010264
766.2678,5.9390,61.49,122.00,0.010155
766.3523,5.9390,61.49,122.00,0.010192
766.4299,5.9390,62.03,122.00,0.009473
766.5083,5.9390,61.49,122.00,0.009383
766.5867,5.9390,62.30,122.00,0.009696
766.6684,5.9390,61.49,122.00,0.010240
766.7472,5.9390,61.76,122.00,0.010164
766.8281,5.9390,61.22,122.00,0.009798
766.9091,5.9335,61.49,122.00,0.010158
766.9888,5.9280,62.03,122.00,0.010504
767.0684,5.9280,62.30,122.50,0.010142
767.1478,5.9280,61.76,122.00,0.010189
767.2270,5.9280,61.76,122.00,0.010053
767.3054,5.9280,61.76,122.00,0.009781
767.3841,5.9280,61.49,122.00,0.010176
767.4642,5.9280,61.76,122.00,0.009359
767.5442,5.9280,61.49,122.00,0.010407
767.6255,5.9280,62.03,122.00,0.010455
767.7055,5.9280,61.22,122.00,0.010158
767.7883,5.8210,61.49,122.00,0.010612
767.8681,5.8210,61.49,122.00,0.010164
767.9510,5.8210,62.03,122.00,0.010092
768.0320,5.8210,61.76,122.00,0.010632
768.1097,5.8210,62.03,122.00,0.009501
768.1863,5.8210,62.03,122.00,0.009570
768.2645,5.8210,61.22,122.00,0.009832
768.3415,5.8210,61.76,122.00,0.010220
768.4212,5.8210,62.03,122.00,0.010563
768.5002,5.8210,62.30,122.00,0.009990
768.5800,5.8210,62.03,122.00,0.010001
768.6580,5.8210,61.22,122.00,0.010307
768.7385,5.8875,61.76,122.00,0.010835
768.8174,5.9540,61.76,122.00,0.010606
768.8961,5.9540,61.76,122.00,0.009997
768.9741,5.9540,61.76,122.00,0.009376
769.0520,5.9540,62.03,122.00,0.009676
769.1284,5.9540,61.49,122.00,0.009597
769.2083,5.9540,62.30,122.00,0.009793
769.2874,5.9540,61.22,122.00,0.010802
769.3710,5.9540,61.49,122.00,0.010361
769.4545,5.9540,61.22,122.00,0.011014
769.5415,5.9540,61.76,122.00,0.010158
769.6260,5.9540,61.22,122.00,0.010317
769.7119,5.9540,61.76,122.00,0.010394
769.7959,5.8630,62.03,122.00,0.010108
769.8839,5.8630,61.76,122.00,0.010822
769.9696,5.8630,61.49,122.00,0.010959
770.0578,5.8630,61.76,122.00,0.010929
770.1407,5.8630,61.76,122.00,0.010580
770.2285,5.8630,61.76,122.00,0.010446
770.3155,5.8630,62.30,122.00,0.010705
770.4025,5.8630,61.76,122.00,0.010393
770.4855,5.8630,61.49,122.00,0.010314
770.5725,5.8630,61.76,122.00,0.010503
770.6564,5.8630,61.49,122.00,0.010875
770.7353,5.8630,61.49,121.50,0.009614
770.8161,5.7560,61.49,121.50,0.010210
770.8975,5.6490,62.30,121.00,0.010404
770.9762,5.6490,61.22,121.00,0.009485
771.0601,5.6490,61.49,122.00,0.010081
771.1377,5.6490,62.30,122.00,0.009798
771.2205,5.6490,61.49,122.00,0.011336
771.3068,5.6490,61.22,122.00,0.010901
771.3912,5.6490,61.22,122.00,0.010150
771.4720,5.6490,61.22,122.00,0.010240
771.5547,5.6490,62.03,122.00,0.010385
771.6320,5.6490,61.76,122.00,0.009951
771.7142,5.6490,61.22,122.00,0.010453
771.7977,5.8280,61.76,122.00,0.010429
771.8796,5.8280,61.49,122.00,0.010015
771.9600,5.8280,61.49,122.00,0.010253
772.0409,5.8280,62.03,122.00,0.009954
772.1209,5.8280,61.49,122.00,0.010603
772.2006,5.8280,61.49,122.00,0.009970
772.2789,5.8280,61.49,121.50,0.010366
772.3637,5.8280,61.22,121.00,0.010310
772.4464,5.8280,62.03,121.00,0.010447
772.5285,5.8280,62.03,121.00,0.010643
772.6115,5.8280,62.03,121.00,0.010286
772.6912,5.8280,62.03,121.00,0.010216
772.7690,5.7975,62.03,121.50,0.010142
772.8489,5.7670,62.03,121.50,0.009925
772.9269,5.7670,61.49,121.00,0.010413
773.0082,5.7670,61.22,122.00,0.010276
773.0887,5.7670,61.49,122.00,0.010138
773.1676,5.7670,61.22,122.00,0.009858
773.2449,5.7670,61.49,122.00,0.010372
773.3247,5.7670,62.03,122.00,0.010395
773.4024,5.7670,61.49,122.00,0.010031
773.4797,5.7670,61.49,122.00,0.009442
773.5555,5.7670,61.76,122.00,0.009762
773.6329,5.7670,62.03,122.00,0.009512
773.7108,5.7670,61.49,122.00,0.010621
773.7920,5.9160,61.49,122.00,0.009726
773.8721,5.9160,61.49,122.00,0.010395
773.9556,5.9160,61.22,122.00,0.010694
774.0354,5.9160,61.76,121.50,0.010388
774.1164,5.9160,61.76,122.00,0.010132
774.1943,5.9160,61.76,122.00,0.009622
774.2735,5.9160,61.22,121.50,0.010332
774.3505,5.9160,62.03,122.00,0.010019
774.4322,5.9160,61.49,121.00,0.010126
774.5119,5.9160,61.49,121.00,0.010319
774.5915,5.9160,62.03,121.00,0.009571
774.6670,5.9160,62.03,121.00,0.009743
774.7440,5.9160,62.03,121.00,0.009400
774.8209,5.9160,61.76,121.00,0.009748
774.9005,5.9620,61.49,122.00,0.009603
774.9781,5.9620,62.03,122.00,0.009840
775.0562,5.9620,61.76,122.00,0.009685
775.1365,5.9620,61.49,122.00,0.010348
775.2196,5.9620,61.76,122.00,0.009816
775.2979,5.9620,61.49,122.00,0.010966
775.3813,5.9620,61.76,122.00,0.010072
775.4605,5.9620,61.76,122.00,0.009614
775.5393,5.9620,61.22,122.00,0.010194
775.6197,5.9620,62.03,122.00,0.010268
775.6987,5.9620,61.49,122.00,0.010433
775.7771,5.9430,61.76,122.00,0.010070
775.8565,5.9430,61.49,122.00,0.010175
775.9358,5.9430,62.03,122.00,0.009703
776.0201,5.9430,61.49,122.00,0.010655
776.1030,5.9430,61.76,122.00,0.010622
776.1830,5.9430,62.03,122.00,0.010358
776.2602,5.9430,61.76,122.00,0.009437
776.3402,5.9430,61.22,122.00,0.009646
776.4167,5.9430,61.49,121.50,0.009977
776.4962,5.9430,61.76,121.50,0.009348
776.5759,5.9430,62.03,121.50,0.010468
776.6608,5.9430,61.76,121.00,0.010572
776.7445,5.9260,61.76,121.00,0.011132
776.8239,5.9090,61.76,121.00,0.009339
776.9009,5.9090,61.22,121.00,0.009867
776.9824,5.9090,62.03,121.00,0.009762
777.0645,5.9090,62.03,121.50,0.010524
777.1474,5.9090,61.76,122.00,0.009994
777.2233,5.9090,61.22,122.00,0.009483
777.3047,5.9090,61.49,122.00,0.009548
777.3818,5.9090,61.49,122.00,0.009655
777.4638,5.9090,62.30,122.00,0.009706
777.5462,5.9090,61.76,122.00,0.010558
777.6297,5.9090,61.76,122.00,0.010133
777.7145,5.9090,61.76,122.00,0.010237
777.8001,5.9660,61.22,122.00,0.009890
777.8797,5.9660,61.22,122.00,0.009938
777.9615,5.9660,62.03,121.50,0.010068
778.0395,5.9660,62.03,121.50,0.010095
778.1207,5.9660,61.49,122.00,0.009922
778.1989,5.9660,61.76,121.50,0.009897
778.2783,5.9660,61.22,121.50,0.010491
778.3627,5.9660,62.03,121.50,0.011015
778.4470,5.9660,61.76,121.00,0.010387
778.5316,5.9660,61.22,121.00,0.009797
778.6197,5.9660,61.49,121.00,0.010316
778.7010,5.9660,61.49,121.00,0.009992
778.7866,5.7370,61.76,121.00,0.010582
778.8685,5.7370,61.76,121.00,0.010777
778.9526,5.7370,62.03,121.00,0.011270
779.0356,5.7370,61.49,121.50,0.010350
779.1205,5.7370,61.49,122.00,0.010414
779.2032,5.7370,61.76,122.00,0.010615
779.2895,5.7370,61.76,122.00,0.010469
779.3723,5.7370,61.22,122.00,0.010332
779.4589,5.7370,61.49,122.00,0.010528
779.5406,5.7370,61.49,122.00,0.010275
779.6244,5.7370,61.22,122.00,0.009857
779.7080,5.7370,61.76,122.00,0.010740
779.7968,5.9200,61.22,122.00,0.010928
779.8795,5.9200,62.03,122.00,0.010485
779.9674,5.9200,61.49,122.00,0.009972
780.0496,5.9200,62.30,122.00,0.010491
780.1332,5.9200,61.22,122.00,0.009875
780.2165,5.9200,61.76,122.00,0.010673
780.3055,5.9200,61.76,122.00,0.010404
780.3880,5.9200,61.76,122.00,0.010428
780.4753,5.9200,61.49,122.00,0.010025
780.5608,5.9200,61.49,122.00,0.010579
780.6483,5.9200,61.49,122.00,0.010607
780.7325,5.8225,61.22,122.00,0.011363
780.8182,5.7250,61.49,122.00,0.010483
780.9031,5.7250,61.22,121.00,0.010463
780.9914,5.7250,61.76,121.00,0.010016
781.0776,5.7250,61.76,121.50,0.010286
781.1603,5.7250,61.22,122.00,0.010063
781.2449,5.7250,61.22,122.00,0.011469
781.3281,5.7250,61.49,122.00,0.010302
781.4097,5.7250,61.76,122.00,0.011222
781.4965,5.7250,61.49,122.00,0.010587
781.5814,5.7250,61.49,122.00,0.010315
781.6673,5.7250,62.03,122.00,0.010619
781.7542,5.6735,61.49,122.00,0.010791
781.8416,5.6220,61.76,122.00,0.010416
781.9251,5.6220,61.49,122.00,0.010586
782.0116,5.6220,61.22,122.00,0.009961
782.0901,5.6220,61.22,122.00,0.009315
782.1710,5.6220,61.49,122.00,0.009680
782.2535,5.6220,61.22,122.00,0.010432
782.3398,5.6220,61.22,122.00,0.010061
782.4212,5.6220,61.22,122.00,0.010059
782.5079,5.6220,61.76,122.00,0.009951
782.5931,5.6220,61.76,122.00,0.010268
782.6777,5.6220,61.22,122.00,0.010549
782.7635,5.7785,61.76,122.00,0.010746
782.8500,5.9350,62.03,122.00,0.010427
782.9337,5.9350,61.49,122.00,0.009664
783.0208,5.9350,61.76,122.00,0.010101
783.0998,5.9350,61.76,122.00,0.009837
783.1873,5.9350,61.76,122.00,0.010640
783.2699,5.9350,61.76,122.00,0.010963
783.3561,5.9350,61.49,122.00,0.010675
783.4377,5.9350,61.76,122.00,0.009413
783.5165,5.9350,61.49,122.00,0.009587
783.5956,5.9350,61.22,122.50,0.010442
783.6814,5.9350,61.49,123.00,0.010756
783.7649,5.8855,62.30,123.00,0.010650
783.8531,5.8360,61.22,123.00,0.010355
783.9371,5.8360,61.76,123.00,0.010331
784.0225,5.8360,61.49,123.00,0.009820
784.1010,5.8360,61.49,123.00,0.010454
784.1832,5.8360,61.22,123.00,0.009990
784.2610,5.8360,61.76,123.00,0.010405
784.3414,5.8360,61.76,123.00,0.010488
784.4191,5.8360,61.76,123.00,0.010302
784.5016,5.8360,61.49,123.00,0.010348
784.5791,5.8360,62.03,123.00,0.009653
784.6575,5.8360,61.22,123.00,0.009900
784.7340,5.8360,61.76,123.00,0.009565
784.8125,5.8360,61.49,123.00,0.009635
784.8928,5.9920,62.03,123.00,0.010466
784.9750,5.9920,62.03,123.00,0.010141
785.0543,5.9920,61.22,123.00,0.010142
785.1327,5.9920,61.49,123.00,0.009474
785.2094,5.9920,61.22,123.00,0.009363
785.2873,5.9920,61.49,123.00,0.009664
785.3639,5.9920,61.49,123.00,0.009654
785.4451,5.9920,62.03,123.00,0.010242
785.5237,5.9920,61.76,123.00,0.009501
785.6031,5.9920,61.49,123.00,0.010275
785.6829,5.9920,62.03,123.00,0.009837
785.7646,5.9865,61.76,123.00,0.009600
785.8427,5.9810,61.49,123.00,0.010279
785.9242,5.9810,61.76,123.00,0.009996
786.0031,5.9810,61.49,123.00,0.009778
786.0830,5.9810,61.22,123.00,0.010336
786.1627,5.9810,61.49,123.00,0.009967
786.2438,5.9810,62.30,123.00,0.010194
786.3236,5.9810,61.76,123.00,0.010324
786.4027,5.9810,61.76,123.00,0.010029
786.4821,5.9810,61.76,123.00,0.009763
786.5628,5.9810,61.49,123.00,0.010750
786.6411,5.9810,61.76,123.00,0.010014
786.7219,5.9810,61.76,123.00,0.009728
786.8007,5.9240,61.49,123.00,0.010445
786.8808,5.9240,61.22,123.00,0.010398
786.9601,5.9240,61.49,123.00,0.010128
787.0395,5.9240,62.03,123.00,0.010146
787.1189,5.9240,61.22,123.00,0.009807
787.1983,5.9240,61.76,123.00,0.009665
787.2758,5.9240,61.76,123.00,0.010571
787.3568,5.9240,62.30,123.00,0.010175
787.4350,5.9240,61.76,123.00,0.010557
787.5146,5.9240,61.22,123.00,0.009969
787.5929,5.9240,61.49,123.00,0.010351
787.6774,5.9240,62.03,123.50,0.010294
787.7559,5.9525,61.76,124.00,0.010475
787.8384,5.9810,61.76,124.00,0.010102
787.9182,5.9810,61.76,124.00,0.009569
788.0001,5.9810,61.49,124.00,0.010303
788.0809,5.9810,61.49,124.00,0.010570
788.1625,5.9810,61.22,124.00,0.010264
788.2402,5.9810,61.76,124.00,0.010148
788.3203,5.9810,62.30,124.00,0.010189
788.3992,5.9810,62.30,124.00,0.010587
788.4795,5.9810,62.03,124.00,0.009537
788.5559,5.9810,61.76,124.00,0.009814
788.6370,5.9810,61.76,124.00,0.010081
788.7149,5.9810,62.03,124.00,0.010724
788.7947,5.9540,62.30,124.00,0.010017
788.8749,5.9540,62.30,124.00,0.009958
788.9553,5.9540,61.76,124.00,0.010345
789.0326,5.9540,61.76,124.00,0.010196
789.1125,5.9540,61.49,124.00,0.010351
789.1908,5.9540,62.03,124.00,0.010200
789.2727,5.9540,61.49,124.00,0.009859
789.3502,5.9540,61.49,124.00,0.009744
789.4329,5.9540,62.03,124.00,0.011153
789.5112,5.9540,61.49,124.00,0.009868
789.5925,5.9540,61.22,124.00,0.009723
789.6736,5.9540,61.49,124.00,0.009729
789.7555,5.9695,61.76,124.00,0.010057
789.8353,5.9850,61.49,124.00,0.010193
789.9150,5.9850,61.76,124.00,0.010417
789.9926,5.9850,62.30,124.00,0.010404
790.0764,5.9850,61.49,124.00,0.010396
790.1561,5.9850,61.49,124.00,0.009969
790.2356,5.9850,62.03,124.00,0.010090
790.3209,5.9850,61.76,124.00,0.010712
790.4002,5.9850,62.30,124.00,0.010425
790.4800,5.9850,61.76,124.00,0.010101
790.5595,5.9850,62.03,124.00,0.010396
790.6387,5.9850,62.03,124.00,0.010262
790.7179,5.9850,61.49,124.00,0.009699
790.7988,5.9350,61.49,124.00,0.010186
790.8802,5.9350,61.76,124.00,0.010189
790.9630,5.9350,61.22,124.00,0.010949
791.0447,5.9350,61.76,124.00,0.009755
791.1226,5.9350,62.30,124.00,0.010377
791.2041,5.9350,61.49,124.00,0.010240
791.2857,5.9350,61.49,124.00,0.010384
791.3654,5.9350,61.49,124.00,0.010303
791.4440,5.9350,61.76,124.00,0.010418
791.5254,5.9350,62.03,124.00,0.010181
791.6032,5.9350,61.49,124.00,0.009894
791.6821,5.9350,61.76,124.00,0.010296
791.7609,5.9255,61.76,124.00,0.009924
791.8431,5.9160,62.30,124.00,0.010294
791.9210,5.9160,61.49,124.00,0.010514
792.0021,5.9160,61.49,124.00,0.009798
792.0799,5.9160,61.49,124.00,0.010386
792.1598,5.9160,61.76,124.00,0.010513
792.2396,5.9160,61.76,124.00,0.010005
792.3176,5.9160,61.76,124.00,0.009846
792.3968,5.9160,61.76,124.00,0.009633
792.4758,5.9160,62.30,124.00,0.010500
792.5559,5.9160,61.49,123.50,0.010503
792.6377,5.9160,61.76,123.00,0.010460
792.7133,5.9160,61.22,123.50,0.009322
792.7911,5.9160,62.03,123.00,0.009764
792.8685,5.9160,61.76,123.50,0.010195
792.9509,5.8700,62.30,123.00,0.010020
793.0318,5.8700,61.49,123.00,0.010412
793.1130,5.8700,62.30,123.00,0.009971
793.1933,5.8700,62.03,123.00,0.010749
793.2724,5.8700,62.03,123.00,0.010110
793.3514,5.8700,61.22,123.00,0.009982
793.4323,5.8700,62.30,123.50,0.009912
793.5102,5.8700,61.76,123.00,0.010138
793.5919,5.8700,61.76,123.00,0.010456
793.6698,5.8700,61.76,123.00,0.010159
793.7517,5.8990,61.49,124.00,0.009817
793.8327,5.9280,61.49,123.50,0.009936
793.9145,5.9280,61.22,124.00,0.010182
793.9939,5.9280,62.30,124.00,0.009927
794.0759,5.9280,62.03,124.00,0.010044
794.1533,5.9280,61.76,124.00,0.010281
794.2333,5.9280,62.03,124.00,0.010452
794.3135,5.9280,61.49,124.00,0.009994
794.3932,5.9280,62.03,123.50,0.010216
794.4714,5.9280,61.76,123.00,0.009985
794.5514,5.9280,61.22,123.00,0.010541
794.6313,5.9280,62.03,123.00,0.010084
794.7167,5.9280,61.76,123.00,0.010504
794.8001,5.8930,61.49,123.00,0.010174
794.8847,5.8930,61.22,123.00,0.010586
794.9628,5.8930,61.49,123.00,0.009774
795.0439,5.8930,62.03,123.00,0.009827
795.1240,5.8930,61.22,123.00,0.009904
795.2067,5.8930,61.22,123.00,0.010391
795.2849,5.8930,61.76,123.00,0.009531
795.3655,5.8930,62.03,123.00,0.010324
795.4446,5.8930,62.03,123.00,0.010531
795.5250,5.8930,62.03,123.00,0.010653
795.6042,5.8930,61.49,123.00,0.010274
795.6864,5.8930,61.76,123.00,0.010103
795.7646,5.9105,62.30,123.00,0.010421
795.8453,5.9280,62.03,123.00,0.010095
795.9247,5.9280,61.76,123.00,0.009827
796.0064,5.9280,61.76,123.00,0.009502
796.0850,5.9280,61.76,123.00,0.010280
796.1637,5.9280,62.30,123.00,0.009603
796.2433,5.9280,61.76,123.00,0.009610
796.3216,5.9280,62.03,123.00,0.009640
796.4009,5.9280,61.76,123.00,0.009861
796.4790,5.9280,61.49,123.00,0.009667
796.5570,5.9280,61.22,123.00,0.009901
796.6388,5.9280,61.76,123.00,0.010089
796.7163,5.9280,61.76,123.00,0.010319
796.7958,5.9620,61.49,123.00,0.009697
796.8774,5.9620,61.76,123.00,0.010260
796.9564,5.9620,61.76,123.00,0.010171
797.0369,5.9620,62.03,123.00,0.010490
797.1168,5.9620,61.22,123.00,0.010685
797.1955,5.9620,61.49,123.00,0.010488
797.2778,5.9620,62.30,123.00,0.010358
797.3562,5.9620,61.76,123.00,0.010078
797.4355,5.9620,62.30,123.00,0.009927
797.5160,5.9620,61.49,123.00,0.010456
797.5995,5.9620,62.30,123.00,0.009948
797.6794,5.9620,61.49,123.00,0.009948
797.7593,5.9485,61.76,123.00,0.010258
797.8395,5.9350,61.22,123.00,0.009896
797.9187,5.9350,62.03,123.00,0.010304
797.9968,5.9350,61.76,123.00,0.010155
798.0788,5.9350,61.49,123.00,0.010310
798.1579,5.9350,62.03,123.00,0.009788
798.2400,5.9350,61.76,123.00,0.010321
798.3200,5.9350,61.76,123.00,0.010468
798.4046,5.9350,61.76,123.00,0.010663
798.4825,5.9350,62.30,123.00,0.009905
798.5606,5.9350,62.03,123.00,0.009783
798.6365,5.9350,61.76,123.00,0.009648
798.7197,5.9350,61.76,123.00,0.010061
