Timestamp (s),Power (W),Temperature (°C),Memory (MB),Inference Time (s)
0.1969,0.0000,60.15,114.50,0.015636
0.2876,0.0000,60.69,115.00,0.013834
0.3665,0.0000,60.42,115.00,0.013786
0.4491,0.0000,60.69,115.00,0.013983
0.5287,0.0000,60.69,115.00,0.014477
0.6118,0.0000,60.69,115.00,0.014737
0.6905,0.0000,60.95,115.00,0.014250
0.7706,0.0000,60.95,115.00,0.014079
0.8489,0.0000,60.95,115.00,0.013763
0.9307,0.0000,60.95,115.00,0.014040
1.0089,0.0000,60.95,115.00,0.014210
1.0917,0.0000,60.42,115.00,0.014377
1.1705,0.0000,60.95,115.00,0.013951
1.2510,0.0000,60.95,115.00,0.014267
1.3318,0.0000,61.76,115.00,0.014470
1.4115,0.0000,61.22,115.00,0.013768
1.4906,0.0000,61.22,115.00,0.013412
1.5709,0.0000,60.95,115.00,0.013958
1.6480,0.0000,61.22,115.00,0.013365
1.7272,0.0000,60.95,115.00,0.013866
1.8068,0.0000,61.22,115.00,0.013966
1.8876,0.0000,61.22,115.00,0.014878
1.9660,0.0000,61.22,115.00,0.014060
2.0506,0.0000,61.49,115.00,0.014137
2.1279,0.0000,61.22,115.00,0.013923
2.2073,0.0000,61.49,115.00,0.013947
2.2846,0.0000,61.49,115.00,0.013318
2.3669,0.0000,61.76,115.00,0.014177
2.4454,0.0000,61.49,115.00,0.013631
2.5266,5.9200,61.22,115.00,0.013756
2.6040,5.9200,61.22,115.00,0.014004
2.6842,5.9200,61.49,115.00,0.014463
2.7687,5.9200,61.49,115.00,0.014088
2.8534,5.9200,61.49,115.00,0.015213
2.9357,5.9200,61.22,115.00,0.014487
3.0214,5.9200,62.03,115.00,0.014622
3.1078,5.9200,61.49,115.00,0.015015
3.1920,5.8740,61.76,115.00,0.014782
3.2793,5.8280,61.49,115.00,0.014906
3.3641,5.8280,61.76,115.00,0.014847
3.4466,5.8280,61.49,115.00,0.013900
3.5278,5.8280,61.76,115.00,0.014435
3.6071,5.8280,61.76,115.00,0.014521
3.6881,5.8280,61.49,115.00,0.014370
3.7665,5.8280,61.49,115.00,0.013868
3.8470,5.8280,62.03,115.00,0.013731
3.9260,5.8280,61.49,115.00,0.014297
4.0068,5.8280,61.76,115.00,0.014246
4.0876,5.8280,61.49,115.00,0.014267
4.1686,5.8280,61.49,115.00,0.014446
4.2502,5.9660,61.49,115.00,0.013622
4.3315,5.9660,61.49,115.00,0.013474
4.4101,5.9660,61.22,115.00,0.014096
4.4912,5.9660,61.22,115.00,0.014535
4.5711,5.9660,61.49,115.00,0.014339
4.6568,5.9660,61.49,115.00,0.014469
4.7382,5.9660,61.49,115.00,0.014604
4.8196,5.9660,61.49,115.00,0.014286
4.9035,5.9660,61.76,115.00,0.014518
4.9864,5.9660,61.22,115.00,0.014030
5.0687,5.9660,61.76,115.00,0.014617
5.1559,5.9660,61.76,115.00,0.014631
5.2394,5.9580,61.49,115.00,0.015058
5.3281,5.9580,61.22,115.00,0.013986
5.4108,5.9580,61.76,115.00,0.014792
5.4987,5.9580,61.76,116.00,0.014185
5.5810,5.9580,61.76,116.00,0.014921
5.6671,5.9580,61.49,116.00,0.014696
5.7513,5.9580,61.49,116.00,0.014561
5.8396,5.9580,61.22,116.00,0.014246
5.9249,5.9580,61.49,116.00,0.015238
6.0086,5.9580,61.76,116.00,0.014187
6.0908,5.9580,61.22,116.00,0.014693
6.1789,5.9580,61.76,116.00,0.014545
6.2634,5.8440,61.76,116.00,0.014605
6.3519,5.8440,61.49,116.00,0.014562
6.4364,5.8440,61.76,116.00,0.015144
6.5233,5.8440,61.49,116.00,0.014503
6.6072,5.8440,62.03,116.00,0.014975
6.6952,5.8440,61.76,116.00,0.014334
6.7800,5.8440,62.03,116.00,0.014683
6.8681,5.8440,61.76,116.00,0.014277
6.9529,5.8440,61.49,116.00,0.015463
7.0389,5.8440,61.22,116.00,0.014636
7.1207,5.8440,61.76,116.00,0.014915
7.2051,5.9165,62.30,116.00,0.014836
7.2867,5.9890,61.76,116.00,0.013777
7.3664,5.9890,61.49,116.00,0.013592
7.4441,5.9890,61.49,116.00,0.013876
7.5260,5.9890,61.76,116.00,0.014359
7.6102,5.9890,61.22,116.00,0.014768
7.6942,5.9890,62.03,116.00,0.014619
7.7787,5.9890,61.49,116.00,0.014985
7.8635,5.9890,61.76,116.00,0.014201
7.9421,5.9890,61.76,116.00,0.014080
8.0253,5.9890,61.49,116.00,0.014054
8.1051,5.9890,61.22,116.00,0.013916
8.1894,5.9280,61.49,116.00,0.015017
8.2682,5.8670,61.76,116.00,0.013950
8.3507,5.8670,61.76,116.00,0.013621
8.4283,5.8670,62.03,116.00,0.014253
8.5104,5.8670,61.49,117.00,0.013759
8.5882,5.8670,61.76,117.00,0.014073
8.6755,5.8670,61.76,117.00,0.014499
8.7595,5.8670,61.49,117.00,0.014818
8.8475,5.8670,62.03,117.00,0.014395
8.9318,5.8670,61.76,117.00,0.015182
9.0191,5.8670,61.76,117.00,0.014548
9.1037,5.8670,61.49,117.00,0.015102
9.1931,5.8880,61.49,117.00,0.014447
9.2768,5.9090,61.49,117.00,0.014765
9.3653,5.9090,61.49,117.00,0.014450
9.4547,5.9090,61.49,117.00,0.015557
9.5445,5.9090,61.76,117.00,0.014919
9.6312,5.9090,61.49,117.00,0.014709
9.7185,5.9090,61.49,117.00,0.015190
9.8048,5.9090,61.22,117.00,0.014362
9.8954,5.9090,61.76,117.00,0.014784
9.9812,5.9090,62.03,117.00,0.014770
10.0679,5.9090,61.76,117.00,0.015021
10.1512,5.9090,61.76,117.00,0.014439
10.2391,5.9090,61.76,117.00,0.014188
10.3183,5.9090,62.03,117.00,0.014535
10.4012,5.9090,61.22,117.00,0.014028
10.4805,5.9090,61.49,117.00,0.014631
10.5633,5.9090,61.76,117.00,0.014315
10.6428,5.9090,61.49,117.00,0.014786
10.7270,5.9090,61.49,117.00,0.014224
10.8063,5.9090,61.76,117.00,0.014337
10.8883,5.9090,61.49,117.00,0.014698
10.9707,5.9090,61.22,117.00,0.014121
11.0564,5.9090,62.03,117.00,0.014823
11.1427,5.9090,61.76,117.00,0.015019
11.2308,5.9090,61.76,117.00,0.014230
11.3173,5.9090,61.49,117.00,0.014800
11.4061,5.9090,62.03,117.00,0.014543
11.4916,5.9090,61.22,117.00,0.015232
11.5786,5.9185,61.49,117.50,0.014822
11.6613,5.9280,62.03,117.50,0.015181
11.7494,5.9280,62.03,117.00,0.014133
11.8369,5.9280,62.03,117.50,0.014748
11.9233,5.9280,61.49,117.50,0.014519
12.0085,5.9280,61.76,117.50,0.015165
12.0975,5.9280,62.03,117.50,0.014565
12.1787,5.9280,61.22,117.50,0.013462
12.2594,5.9280,61.76,117.00,0.014190
12.3381,5.9280,61.49,117.00,0.014299
12.4247,5.8285,61.76,117.50,0.015189
12.5116,5.7290,61.49,117.00,0.013643
12.5920,5.7290,62.03,117.00,0.014011
12.6715,5.7290,61.49,117.00,0.015176
12.7604,5.7290,61.76,117.00,0.014833
12.8436,5.7290,61.22,117.00,0.014418
12.9277,5.7290,61.76,117.00,0.014554
13.0071,5.7290,61.22,118.00,0.014760
13.0880,5.7290,61.76,118.00,0.014175
13.1714,5.7290,61.49,118.00,0.014156
13.2531,5.9470,61.22,118.00,0.014265
13.3345,5.9470,62.03,118.00,0.014557
13.4143,5.9470,61.76,118.00,0.013911
13.4941,5.9470,61.49,117.00,0.013471
13.5741,5.9470,61.49,117.00,0.014077
13.6524,5.9470,61.22,117.50,0.014163
13.7351,5.9470,61.22,117.50,0.013852
13.8147,5.9470,62.03,117.00,0.014668
13.8953,5.9470,62.03,117.00,0.013917
13.9752,5.9470,61.76,117.00,0.014625
14.0588,5.9470,61.49,117.00,0.014158
14.1402,5.9470,61.76,117.00,0.014006
14.2255,5.9565,62.30,117.00,0.014499
14.3041,5.9660,61.49,117.00,0.013919
14.3868,5.9660,62.03,117.00,0.013967
14.4659,5.9660,61.76,117.00,0.014384
14.5515,5.9660,61.49,117.00,0.014160
14.6306,5.9660,62.03,117.00,0.014381
14.7113,5.9660,61.76,117.00,0.014133
14.7888,5.9660,61.49,117.00,0.013666
14.8703,5.9660,61.76,117.00,0.013717
14.9477,5.9660,61.49,117.00,0.013849
15.0305,5.9660,61.49,117.50,0.013835
15.1097,5.9660,61.76,118.00,0.014457
15.1931,5.9585,62.03,118.00,0.014630
15.2746,5.9510,61.22,118.00,0.013974
15.3561,5.9510,61.76,118.00,0.014168
15.4370,5.9510,61.76,118.00,0.013871
15.5184,5.9510,61.22,118.00,0.014305
15.5994,5.9510,62.30,118.00,0.013728
15.6827,5.9510,62.03,118.00,0.014252
15.7622,5.9510,61.76,118.00,0.014773
15.8449,5.9510,61.22,118.00,0.014161
15.9253,5.9510,61.76,117.50,0.013599
16.0067,5.9510,61.76,117.00,0.013686
16.0840,5.9510,61.49,117.00,0.013804
16.1634,5.9510,61.49,117.00,0.013700
16.2419,5.9510,61.22,117.00,0.014382
16.3280,5.9510,62.03,117.00,0.014643
16.4102,5.9510,62.03,117.00,0.014544
16.4919,5.9510,61.76,117.00,0.014049
16.5730,5.9510,62.03,117.00,0.013552
16.6561,5.9510,62.03,117.00,0.014139
16.7364,5.9510,61.76,117.00,0.014130
16.8192,5.9510,62.03,117.00,0.014202
16.9005,5.9510,61.76,117.00,0.014362
16.9834,5.9510,61.22,117.50,0.014266
17.0671,5.9510,62.03,118.00,0.014024
17.1477,5.9510,61.76,118.00,0.013913
17.2266,5.9510,62.03,118.00,0.014203
17.3105,5.9470,62.30,118.00,0.014550
17.3919,5.9470,61.49,118.00,0.014578
17.4755,5.9470,61.76,118.00,0.014298
17.5550,5.9470,61.76,118.00,0.014177
17.6355,5.9470,61.76,118.00,0.014016
17.7139,5.9470,62.03,118.00,0.014028
17.7942,5.9470,61.49,117.50,0.013856
17.8758,5.9470,61.76,117.50,0.014495
17.9589,5.9470,61.49,117.00,0.014136
18.0387,5.9470,61.76,117.00,0.014435
18.1205,5.9470,61.22,117.00,0.014409
18.2024,5.9640,61.76,117.00,0.014340
18.2842,5.9810,61.76,117.00,0.014259
18.3665,5.9810,62.03,117.00,0.014688
18.4477,5.9810,61.49,117.00,0.014209
18.5278,5.9810,61.76,117.00,0.014429
18.6109,5.9810,62.30,117.00,0.013879
18.6907,5.9810,62.03,117.00,0.014658
18.7752,5.9810,61.76,117.00,0.014681
18.8566,5.9810,62.03,117.00,0.014480
18.9422,5.9810,62.03,117.00,0.014837
19.0231,5.9810,61.49,117.50,0.013866
19.1071,5.9810,61.76,118.00,0.014241
19.1873,5.9810,61.49,117.50,0.013919
19.2763,5.9580,61.76,117.50,0.015316
19.3637,5.9350,61.76,118.00,0.015266
19.4541,5.9350,61.76,118.00,0.015126
19.5368,5.9350,61.22,118.00,0.014530
19.6249,5.9350,62.03,118.00,0.014647
19.7107,5.9350,61.49,118.00,0.015049
19.7988,5.9350,61.76,118.00,0.015312
19.8855,5.9350,61.76,118.00,0.014834
19.9724,5.9350,62.03,118.00,0.014342
20.0600,5.9350,61.76,117.50,0.015288
20.1474,5.9350,62.03,117.00,0.014304
20.2355,5.6910,62.03,117.00,0.015144
20.3253,5.6910,61.49,117.00,0.014816
20.4128,5.6910,61.49,117.00,0.014783
20.4998,5.6910,62.30,117.00,0.014720
20.5853,5.6910,61.49,117.00,0.014702
20.6755,5.6910,61.49,117.00,0.015489
20.7604,5.6910,61.76,117.00,0.014498
20.8483,5.6910,61.22,117.00,0.014912
20.9337,5.6910,62.03,117.00,0.014873
21.0234,5.6910,61.22,117.00,0.015131
21.1092,5.6910,61.76,117.00,0.014418
21.1957,5.8075,62.03,117.00,0.014475
21.2804,5.9240,61.76,117.00,0.014367
21.3666,5.9240,62.03,117.00,0.013983
21.4470,5.9240,61.49,118.00,0.013991
21.5334,5.9240,61.76,117.00,0.014213
21.6145,5.9240,61.76,118.00,0.014038
21.6964,5.9240,61.76,118.00,0.014215
21.7774,5.9240,61.22,118.00,0.013951
21.8590,5.9240,61.22,118.00,0.014411
21.9380,5.9240,61.76,118.00,0.014339
22.0216,5.9240,61.76,118.00,0.014467
22.1002,5.9240,61.76,118.00,0.014129
22.1843,5.9600,61.76,118.00,0.014460
22.2678,5.9960,62.03,118.00,0.013879
22.3511,5.9960,61.76,117.50,0.014465
22.4301,5.9960,61.76,117.00,0.013904
22.5104,5.9960,62.03,117.00,0.014030
22.5913,5.9960,62.03,117.00,0.014561
22.6747,5.9960,61.76,117.00,0.013982
22.7565,5.9960,61.22,117.00,0.014298
22.8420,5.9960,61.76,117.00,0.014497
22.9195,5.9960,61.49,117.00,0.013835
23.0026,5.9960,61.76,117.00,0.014190
23.0825,5.9960,62.30,117.00,0.013630
23.1658,5.9960,61.76,117.50,0.014182
23.2474,6.0080,61.49,117.00,0.014062
23.3317,6.0080,61.76,117.00,0.014737
23.4162,6.0080,61.49,117.00,0.015302
23.4998,6.0080,61.76,117.50,0.014095
23.5787,6.0080,61.76,118.00,0.013860
23.6583,6.0080,62.30,118.00,0.013798
23.7358,6.0080,62.03,118.00,0.013875
23.8186,6.0080,61.76,118.00,0.014087
23.8977,6.0080,62.03,118.00,0.013936
23.9784,6.0080,61.76,118.00,0.014233
24.0593,6.0080,62.30,118.00,0.014361
24.1394,6.0080,61.76,118.00,0.013611
24.2179,6.0080,61.22,118.00,0.014110
24.2980,6.0080,62.30,118.00,0.014006
24.3789,5.9600,61.22,117.50,0.014566
24.4636,5.9120,61.76,117.00,0.014729
24.5422,5.9120,61.76,117.00,0.014083
24.6239,5.9120,62.03,117.00,0.014179
24.7079,5.9120,61.76,117.00,0.014585
24.7911,5.9120,61.49,117.00,0.013750
24.8700,5.9120,61.49,117.00,0.014396
24.9510,5.9120,61.49,117.00,0.013978
25.0327,5.9120,61.76,117.00,0.014372
25.1160,5.9120,62.03,117.00,0.014555
25.2006,5.9200,62.30,117.00,0.014511
25.2826,5.9280,62.03,117.00,0.014542
25.3635,5.9280,61.49,117.50,0.014129
25.4475,5.9280,62.03,118.00,0.014568
25.5264,5.9280,62.03,118.00,0.013927
25.6102,5.9280,61.76,118.00,0.014121
25.6893,5.9280,61.76,118.00,0.014483
25.7707,5.9280,62.03,118.00,0.014013
25.8499,5.9280,61.76,117.50,0.014399
25.9313,5.9280,61.76,118.00,0.014689
26.0106,5.9280,61.49,118.00,0.014404
26.0915,5.9280,62.03,118.00,0.014355
26.1702,5.9280,61.49,118.00,0.013981
26.2542,5.9810,61.76,118.00,0.014237
26.3332,5.9810,62.03,118.00,0.014197
26.4128,5.9810,61.49,118.00,0.013458
26.4949,5.9810,61.76,117.50,0.013906
26.5751,5.9810,61.76,117.50,0.013802
26.6547,5.9810,62.03,117.00,0.013887
26.7342,5.9810,62.30,117.00,0.013798
26.8153,5.9810,62.03,117.00,0.014530
26.9007,5.9810,62.03,117.00,0.013993
26.9831,5.9810,61.49,117.00,0.013881
27.0628,5.9810,61.76,117.00,0.013947
27.1401,5.9810,62.03,117.00,0.013781
27.2260,5.9735,61.76,117.00,0.015285
27.3053,5.9660,61.76,117.00,0.014100
27.3864,5.9660,61.76,117.00,0.014103
27.4684,5.9660,61.22,118.00,0.014589
27.5512,5.9660,62.03,118.00,0.013754
27.6304,5.9660,61.76,118.00,0.014009
27.7110,5.9660,61.22,118.00,0.014005
27.7906,5.9660,62.03,117.50,0.014211
27.8745,5.9660,61.49,117.50,0.014598
27.9559,5.9660,62.03,117.50,0.014131
28.0397,5.9660,62.03,118.00,0.013804
28.1197,5.9660,62.03,118.00,0.014834
28.2054,5.9735,61.49,118.00,0.014246
28.2863,5.9810,62.03,118.00,0.014515
28.3676,5.9810,62.30,118.00,0.013942
28.4474,5.9810,62.03,118.00,0.014358
28.5315,5.9810,61.22,117.50,0.014710
28.6108,5.9810,62.03,117.00,0.014266
28.6924,5.9810,61.76,117.00,0.014261
28.7744,5.9810,62.03,117.50,0.014692
28.8554,5.9810,62.30,117.00,0.013974
28.9356,5.9810,61.76,117.00,0.014535
29.0194,5.9810,61.76,118.00,0.014430
29.0997,5.9810,61.49,118.00,0.014710
29.1839,5.9755,62.30,117.50,0.014630
29.2661,5.9700,62.03,117.00,0.014182
29.3510,5.9700,62.03,117.00,0.013928
29.4292,5.9700,62.03,117.00,0.013495
29.5099,5.9700,61.76,117.50,0.013934
29.5880,5.9700,61.49,117.00,0.014081
29.6709,5.9700,61.49,117.00,0.013899
29.7503,5.9700,62.03,117.00,0.014413
29.8345,5.9700,61.49,117.00,0.013838
29.9143,5.9700,61.76,117.50,0.014481
29.9949,5.9700,61.76,117.50,0.013931
30.0753,5.9700,62.30,118.00,0.014005
30.1578,5.9700,62.30,118.00,0.014260
30.2396,5.9605,61.49,118.00,0.014312
30.3236,5.9510,61.49,118.00,0.014246
30.4036,5.9510,61.76,118.00,0.014664
30.4869,5.9510,61.76,118.00,0.014363
30.5667,5.9510,62.30,118.00,0.014648
30.6506,5.9510,61.76,117.50,0.014189
30.7300,5.9510,61.76,117.50,0.014114
30.8117,5.9510,61.76,117.00,0.014250
30.8913,5.9510,61.49,117.00,0.014261
30.9751,5.9510,61.49,117.00,0.014324
31.0548,5.9510,62.03,117.50,0.014507
31.1358,5.9510,61.76,118.00,0.013974
31.2155,5.9470,62.03,117.50,0.014381
31.2985,5.9430,62.03,117.00,0.013706
31.3789,5.9430,61.22,117.50,0.013989
31.4596,5.9430,62.30,117.00,0.013986
31.5391,5.9430,61.49,117.00,0.014814
31.6227,5.9430,62.03,117.00,0.014205
31.7011,5.9430,61.76,117.00,0.013721
31.7811,5.9430,61.76,117.00,0.013692
31.8593,5.9430,61.76,117.50,0.013912
31.9400,5.9430,61.76,117.00,0.014032
32.0212,5.9430,61.76,117.00,0.014161
32.1026,5.9430,62.03,118.00,0.014113
32.1827,5.9600,62.30,118.00,0.015155
32.2686,5.9770,61.49,118.00,0.014106
32.3479,5.9770,62.03,118.00,0.014607
32.4334,5.9770,62.30,118.00,0.013884
32.5158,5.9770,62.03,118.00,0.014267
32.5973,5.9770,61.76,118.00,0.014606
32.6763,5.9770,61.49,118.00,0.014318
32.7591,5.9770,62.03,118.00,0.014217
32.8376,5.9770,62.30,117.00,0.013859
32.9189,5.9770,62.03,117.00,0.014174
32.9998,5.9770,61.76,117.00,0.013833
33.0797,5.9770,61.76,117.50,0.013888
33.1568,5.9770,61.76,118.00,0.013463
33.2408,5.9810,62.30,117.00,0.014797
33.3217,5.9850,62.30,117.50,0.013913
33.4076,5.9850,61.49,117.00,0.014579
33.4889,5.9850,62.03,117.00,0.013889
33.5729,5.9850,62.30,117.00,0.014344
33.6564,5.9850,61.49,117.00,0.013994
33.7399,5.9850,61.76,117.00,0.013994
33.8193,5.9850,62.30,117.50,0.014598
33.9025,5.9850,62.30,118.00,0.013947
33.9817,5.9850,61.76,118.00,0.014596
34.0650,5.9850,61.76,118.00,0.014050
34.1484,5.9850,61.76,117.50,0.014262
34.2354,5.9090,61.49,117.50,0.014546
34.3140,5.9090,61.76,118.00,0.013929
34.3956,5.9090,62.03,118.00,0.014522
34.4766,5.9090,62.30,118.00,0.014138
34.5623,5.9090,62.03,118.00,0.014556
34.6438,5.9090,61.22,118.00,0.014264
34.7264,5.9090,61.76,118.00,0.013963
34.8083,5.9090,62.03,118.00,0.014500
34.8910,5.9090,62.03,117.50,0.013876
34.9724,5.9090,62.03,118.00,0.014508
35.0558,5.9090,61.76,118.00,0.014344
35.1343,5.9090,62.03,117.00,0.013873
35.2145,5.9315,62.30,117.50,0.013561
35.2944,5.9540,61.49,117.00,0.013525
35.3744,5.9540,61.49,117.00,0.013874
35.4531,5.9540,62.30,117.50,0.014064
35.5378,5.9540,62.03,117.00,0.013848
35.6185,5.9540,61.49,117.00,0.014001
35.6994,5.9540,61.49,117.00,0.014047
35.7788,5.9540,62.30,117.00,0.014372
35.8597,5.9540,62.03,117.50,0.014016
35.9411,5.9540,61.22,118.00,0.014286
36.0224,5.9540,61.76,118.00,0.014410
36.1021,5.9540,61.76,117.00,0.014564
36.1833,5.9505,61.49,117.00,0.014523
36.2653,5.9470,62.30,117.00,0.014479
36.3487,5.9470,62.03,117.00,0.014417
36.4268,5.9470,61.76,117.00,0.014021
36.5117,5.9470,61.76,117.00,0.014214
36.5907,5.9470,62.03,117.00,0.013930
36.6740,5.9470,62.30,117.00,0.014001
36.7558,5.9470,62.03,117.00,0.014662
36.8394,5.9470,62.30,117.00,0.014403
36.9181,5.9470,62.03,117.00,0.014424
36.9990,5.9470,61.49,117.00,0.014319
37.0800,5.9470,62.03,117.50,0.014216
37.1638,5.9470,61.49,117.00,0.014539
37.2449,5.9620,62.30,117.00,0.013901
37.3257,5.9620,61.49,117.00,0.014227
37.4068,5.9620,61.49,117.00,0.014325
37.4878,5.9620,61.49,117.00,0.014035
37.5673,5.9620,61.49,117.00,0.014721
37.6475,5.9620,62.30,117.00,0.013702
37.7256,5.9620,61.49,117.00,0.013980
37.8056,5.9620,61.76,117.00,0.013996
37.8838,5.9620,61.49,117.00,0.014050
37.9667,5.9620,61.76,117.00,0.013944
38.0478,5.9620,61.76,117.50,0.014408
38.1310,5.9620,61.76,117.00,0.014347
38.2136,5.9565,62.03,117.00,0.014611
38.3028,5.9510,61.22,117.00,0.014374
38.3875,5.9510,61.49,117.00,0.015333
38.4742,5.9510,61.76,117.00,0.014097
38.5589,5.9510,62.03,117.00,0.014830
38.6469,5.9510,62.03,117.50,0.014236
38.7293,5.9510,61.76,118.00,0.014807
38.8164,5.9510,62.03,118.00,0.014727
38.9006,5.9510,61.22,118.00,0.014989
38.9867,5.9510,61.76,118.00,0.014175
39.0667,5.9510,61.76,118.00,0.013778
39.1476,5.9510,62.03,118.00,0.013899
39.2269,5.9510,62.03,118.00,0.013842
39.3161,6.0080,61.49,117.50,0.015296
39.4006,6.0080,61.22,118.00,0.014624
39.4898,6.0080,61.76,118.00,0.014868
39.5757,6.0080,61.76,118.00,0.013725
39.6586,6.0080,61.76,118.00,0.014034
39.7379,6.0080,62.03,118.00,0.014441
39.8192,6.0080,61.22,117.00,0.014497
39.9027,6.0080,61.49,117.00,0.013791
39.9861,6.0080,61.76,117.00,0.014194
40.0657,6.0080,61.49,117.00,0.014369
40.1499,6.0080,61.49,117.00,0.014221
40.2294,5.9310,61.49,117.00,0.014235
40.3124,5.9310,61.49,117.00,0.014042
40.3962,5.9310,61.49,117.00,0.014128
40.4788,5.9310,62.03,117.00,0.013919
40.5578,5.9310,61.76,117.00,0.014265
40.6387,5.9310,62.03,117.00,0.014242
40.7180,5.9310,61.49,117.00,0.014330
40.7990,5.9310,62.03,117.50,0.014091
40.8787,5.9310,62.03,117.00,0.014468
40.9615,5.9310,62.30,117.00,0.013801
41.0397,5.9310,61.49,117.50,0.013486
41.1196,5.9310,61.49,117.00,0.013619
41.1971,5.9310,61.49,117.00,0.013695
41.2771,5.9310,61.49,117.00,0.014147
41.3560,5.9675,62.03,117.00,0.014327
41.4394,6.0040,61.76,117.00,0.014178
41.5187,6.0040,62.03,117.50,0.014145
41.6004,6.0040,61.76,118.00,0.014352
41.6829,6.0040,62.03,118.00,0.013838
41.7663,6.0040,61.76,118.00,0.014680
41.8459,6.0040,62.30,118.00,0.014315
41.9299,6.0040,62.03,118.00,0.014370
42.0115,6.0040,61.22,117.50,0.014645
42.0948,6.0040,61.76,117.50,0.014189
42.1745,6.0040,61.49,118.00,0.014731
42.2608,5.9470,62.03,118.00,0.013846
42.3448,5.9470,61.76,118.00,0.014369
42.4290,5.9470,61.22,118.00,0.014577
42.5082,5.9470,61.76,118.00,0.014094
42.5921,5.9470,61.76,118.00,0.014240
42.6740,5.9470,61.76,118.00,0.014370
42.7558,5.9470,61.49,117.50,0.014430
42.8359,5.9470,62.30,117.50,0.014488
42.9187,5.9470,61.76,118.00,0.013690
42.9990,5.9470,62.03,118.00,0.013981
43.0804,5.9470,61.76,118.00,0.014357
43.1624,5.9470,61.76,118.00,0.014274
43.2454,5.9280,61.49,118.00,0.014711
43.3270,5.9280,62.03,117.50,0.014139
43.4113,5.9280,62.03,117.50,0.014552
43.4910,5.9280,62.30,117.00,0.014069
43.5756,5.9280,61.22,117.00,0.014521
43.6568,5.9280,61.49,117.50,0.014057
43.7396,5.9280,62.03,118.00,0.014243
43.8184,5.9280,61.76,118.00,0.014157
43.9006,5.9280,62.03,118.00,0.014478
43.9821,5.9280,62.03,118.00,0.014421
44.0660,5.9280,61.49,118.00,0.014313
44.1472,5.9280,62.30,117.50,0.014310
44.2312,5.9810,61.49,117.00,0.014179
44.3101,5.9810,61.76,117.50,0.014188
44.3926,5.9810,62.03,118.00,0.014503
44.4760,5.9810,62.03,118.00,0.014003
44.5601,5.9810,62.03,118.00,0.014497
44.6397,5.9810,61.22,117.00,0.014392
44.7234,5.9810,61.49,117.00,0.014258
44.8028,5.9810,61.76,117.50,0.014292
44.8862,5.9810,61.22,118.00,0.014384
44.9673,5.9810,61.22,118.00,0.014207
45.0512,5.9810,61.76,118.00,0.014303
45.1320,5.9810,61.76,117.50,0.014078
45.2157,5.9810,61.49,117.00,0.014396
45.2953,5.9810,62.30,117.50,0.014071
45.3760,5.9810,61.49,117.00,0.013936
45.4556,5.9810,61.49,118.00,0.014875
45.5389,5.9810,61.76,118.00,0.014025
45.6195,5.9810,61.49,118.00,0.014429
45.7036,5.9810,61.49,118.00,0.014569
45.7837,5.9810,61.76,118.00,0.014369
45.8663,5.9810,62.03,118.00,0.014699
45.9484,5.9810,61.76,118.00,0.014122
46.0303,5.9810,61.76,118.00,0.014133
46.1106,5.9810,62.03,118.00,0.014600
46.1922,5.9600,61.76,118.00,0.014210
46.2752,5.9390,62.03,118.00,0.014665
46.3586,5.9390,61.76,118.00,0.014151
46.4387,5.9390,62.30,118.00,0.014454
46.5206,5.9390,62.03,118.00,0.014578
46.6025,5.9390,62.03,118.00,0.014066
46.6841,5.9390,61.76,118.00,0.013934
46.7671,5.9390,61.76,118.00,0.013934
46.8508,5.9390,61.22,118.00,0.014090
46.9325,5.9390,61.76,118.00,0.014211
47.0139,5.9390,61.49,118.00,0.014068
47.0919,5.9390,62.03,119.00,0.013416
47.1743,5.9390,61.76,119.00,0.013893
47.2549,5.9390,61.76,119.00,0.014066
47.3351,5.8970,61.76,119.00,0.014008
47.4160,5.8550,61.76,119.00,0.015072
47.4989,5.8550,62.03,119.00,0.014247
47.5804,5.8550,62.03,119.00,0.014327
47.6631,5.8550,61.49,119.00,0.014279
47.7433,5.8550,61.76,119.00,0.014442
47.8263,5.8550,61.76,119.00,0.014035
47.9060,5.8550,61.49,119.00,0.014261
47.9870,5.8550,62.03,119.00,0.014360
48.0664,5.8550,62.30,119.00,0.014352
48.1499,5.8550,61.76,119.00,0.014344
48.2300,5.9730,61.22,119.00,0.014078
48.3127,5.9730,62.30,119.00,0.013933
48.3919,5.9730,61.76,119.00,0.014082
48.4754,5.9730,61.76,119.00,0.014326
48.5551,5.9730,61.76,119.00,0.014576
48.6364,5.9730,62.03,119.00,0.014088
48.7151,5.9730,61.49,119.00,0.014207
48.7969,5.9730,62.30,119.00,0.014575
48.8781,5.9730,61.76,119.00,0.014411
48.9593,5.9730,61.49,119.00,0.014098
49.0386,5.9730,62.03,119.00,0.014240
49.1218,5.9730,61.76,119.00,0.013815
49.2031,5.9730,62.30,119.00,0.014166
49.2862,5.9730,62.03,119.00,0.014233
49.3654,5.9730,61.76,119.00,0.014189
49.4469,5.9730,62.03,119.00,0.014372
49.5261,5.9730,61.76,119.00,0.013919
49.6096,5.9730,62.03,119.00,0.014460
49.6914,5.9730,61.76,119.00,0.014544
49.7746,5.9730,61.49,119.00,0.014040
49.8555,5.9730,62.03,119.00,0.014351
49.9414,5.9730,61.76,119.00,0.014504
50.0228,5.9730,61.49,119.00,0.014190
50.1052,5.9730,61.76,119.00,0.015276
50.1842,5.9730,61.76,119.00,0.014074
50.2662,5.9730,62.30,119.00,0.014636
50.3482,5.9485,61.76,119.00,0.014052
50.4326,5.9240,62.03,119.00,0.014133
50.5138,5.9240,62.30,119.00,0.014440
50.5966,5.9240,62.30,119.00,0.013972
50.6756,5.9240,61.22,119.00,0.014201
50.7586,5.9240,62.03,119.00,0.014139
50.8379,5.9240,61.22,119.00,0.014113
50.9191,5.9240,61.76,119.00,0.014437
51.0003,5.9240,61.76,120.00,0.013667
51.0823,5.9240,61.49,120.00,0.013759
51.1603,5.9240,62.03,120.00,0.013538
51.2400,5.9240,61.76,120.00,0.013772
51.3238,5.9660,61.76,120.00,0.015151
51.4090,6.0080,61.76,120.00,0.014125
51.4880,6.0080,62.03,120.00,0.013713
51.5712,6.0080,62.03,120.00,0.014466
51.6523,6.0080,61.76,120.00,0.014187
51.7352,6.0080,61.22,120.00,0.014431
51.8142,6.0080,61.49,120.00,0.013801
51.8977,6.0080,61.76,120.00,0.014362
51.9798,6.0080,61.76,120.00,0.014454
52.0625,6.0080,61.76,120.00,0.013960
52.1418,6.0080,61.76,120.00,0.014030
52.2235,5.9640,62.30,120.00,0.014401
52.3074,5.9200,61.76,120.00,0.014221
52.3950,5.9200,62.30,120.00,0.014548
52.4824,5.9200,62.30,120.00,0.014879
52.5706,5.9200,61.76,120.00,0.014581
52.6555,5.9200,62.30,120.00,0.014993
52.7432,5.9200,61.76,120.00,0.014693
52.8294,5.9200,61.76,120.00,0.015010
52.9189,5.9200,61.76,120.00,0.014624
53.0049,5.9200,62.03,120.00,0.014489
53.0920,5.9200,62.03,120.00,0.014540
53.1806,5.9200,61.76,120.00,0.015501
53.2661,5.9470,61.76,120.00,0.014637
53.3527,5.9470,62.03,120.00,0.014420
53.4401,5.9470,61.76,120.00,0.014930
53.5249,5.9470,62.30,120.00,0.014488
53.6126,5.9470,61.49,120.00,0.014953
53.6953,5.9470,61.76,120.00,0.014888
53.7824,5.9470,61.76,120.00,0.015009
53.8673,5.9470,62.03,120.00,0.014804
53.9549,5.9470,61.49,120.00,0.015115
54.0423,5.9470,62.03,120.00,0.014231
54.1314,5.9470,61.49,120.00,0.014137
54.2169,5.9390,61.49,120.00,0.014868
54.3069,5.9310,62.03,120.00,0.015073
54.3904,5.9310,62.03,120.00,0.013894
54.4705,5.9310,61.22,120.00,0.013593
54.5501,5.9310,61.76,120.00,0.014409
54.6317,5.9310,62.03,120.00,0.014607
54.7192,5.9310,61.76,120.00,0.014527
54.8047,5.9310,61.22,120.00,0.013906
54.8819,5.9310,61.76,120.00,0.013685
54.9668,5.9310,61.22,120.00,0.013801
55.0469,5.9310,61.49,120.00,0.014957
55.1360,5.9310,61.76,120.00,0.015383
55.2241,5.8890,61.49,120.00,0.015268
55.3116,5.8470,62.03,120.00,0.014751
55.3948,5.8470,61.22,120.00,0.015407
55.4792,5.8470,61.76,120.00,0.013936
55.5597,5.8470,62.03,120.00,0.014318
55.6431,5.8470,61.49,120.00,0.014274
55.7241,5.8470,61.76,120.00,0.015195
55.8070,5.8470,62.30,120.00,0.014220
55.8859,5.8470,61.76,120.00,0.014099
55.9677,5.8470,61.49,120.00,0.014400
56.0468,5.8470,62.30,120.00,0.014488
56.1277,5.8470,62.30,120.00,0.013823
56.2119,5.9215,61.49,120.00,0.014700
56.2941,5.9960,62.03,120.00,0.014412
56.3741,5.9960,61.76,120.00,0.014838
56.4577,5.9960,62.30,120.00,0.014210
56.5392,5.9960,61.76,120.00,0.014367
56.6225,5.9960,62.30,120.00,0.014400
56.7010,5.9960,62.03,120.00,0.013486
56.7827,5.9960,62.30,120.00,0.013765
56.8624,5.9960,62.03,120.00,0.013694
56.9440,5.9960,61.49,120.00,0.013956
57.0231,5.9960,62.03,120.00,0.014050
57.1066,5.9960,61.76,120.00,0.014251
57.1911,5.9770,61.22,120.00,0.014483
57.2752,5.9580,62.03,120.00,0.014484
57.3595,5.9580,61.49,120.00,0.014472
57.4421,5.9580,61.22,120.00,0.014483
57.5198,5.9580,61.76,120.50,0.013487
57.6022,5.9580,62.03,120.00,0.013784
57.6812,5.9580,61.22,120.00,0.013794
57.7667,5.9580,61.49,120.00,0.014077
57.8454,5.9580,62.03,120.00,0.013982
57.9297,5.9580,61.76,120.00,0.014269
58.0114,5.9580,62.03,120.00,0.014231
58.0977,5.9580,62.30,120.00,0.014560
58.1766,5.9580,61.49,120.00,0.013945
58.2575,5.9470,62.30,120.00,0.013465
58.3354,5.9470,61.49,120.00,0.013750
58.4158,5.9470,61.76,120.00,0.014153
58.4951,5.9470,61.76,120.00,0.014348
58.5748,5.9470,61.49,120.00,0.013905
58.6526,5.9470,62.30,120.00,0.013787
58.7342,5.9470,61.49,120.00,0.014274
58.8138,5.9470,61.76,120.00,0.014093
58.8949,5.9470,61.76,120.00,0.014245
58.9744,5.9470,61.22,120.00,0.014292
59.0548,5.9470,62.03,120.00,0.014061
59.1346,5.9470,61.76,120.00,0.014287
59.2161,5.9545,62.03,120.00,0.014521
59.2960,5.9620,62.30,120.00,0.014939
59.3819,5.9620,62.03,120.00,0.014788
59.4638,5.9620,62.03,120.00,0.014389
59.5471,5.9620,61.22,120.00,0.014401
59.6268,5.9620,62.30,120.00,0.013988
59.7084,5.9620,61.76,120.00,0.014215
59.7896,5.9620,61.22,120.00,0.013984
59.8701,5.9620,62.03,120.00,0.013903
59.9508,5.9620,62.30,120.00,0.013923
60.0309,5.9620,61.49,120.00,0.014399
60.1108,5.9620,61.76,120.00,0.014279
60.1928,5.9715,62.03,120.00,0.014707
60.2745,5.9810,61.76,120.00,0.014255
60.3560,5.9810,62.30,120.00,0.014206
60.4382,5.9810,62.03,120.00,0.014503
60.5216,5.9810,62.03,120.00,0.014344
60.6029,5.9810,62.03,120.00,0.014153
60.6867,5.9810,61.49,120.00,0.014478
60.7685,5.9810,62.03,120.00,0.014466
60.8507,5.9810,62.30,120.00,0.014853
60.9297,5.9810,62.03,120.00,0.013948
61.0116,5.9810,62.03,120.00,0.014489
61.0953,5.9810,61.76,119.50,0.014078
61.1783,5.9810,61.76,119.00,0.013878
61.2580,6.0120,61.49,120.00,0.014135
61.3401,6.0120,62.03,120.00,0.014820
61.4210,6.0120,62.30,120.00,0.013477
61.5026,6.0120,62.30,120.00,0.013551
61.5829,6.0120,62.03,120.00,0.013598
61.6661,6.0120,61.49,120.00,0.014210
61.7441,6.0120,61.76,120.00,0.013715
61.8258,6.0120,61.22,119.50,0.013784
61.9039,6.0120,62.03,119.00,0.013608
61.9865,6.0120,61.49,120.00,0.014725
62.0673,6.0120,62.03,120.00,0.013416
62.1465,6.0120,61.76,120.00,0.013517
62.2241,6.0120,61.76,120.00,0.013433
62.3069,6.0000,62.03,119.50,0.013816
62.3866,6.0000,61.49,119.00,0.014504
62.4700,6.0000,61.49,119.00,0.014210
62.5495,6.0000,61.49,119.00,0.013985
62.6325,6.0000,61.76,119.00,0.014017
62.7131,6.0000,62.30,119.00,0.013531
62.7926,6.0000,61.49,119.00,0.013587
62.8744,6.0000,61.76,119.00,0.013663
62.9540,6.0000,62.03,119.00,0.013847
63.0362,6.0000,62.03,119.00,0.014530
63.1197,6.0000,62.30,119.00,0.014524
63.2033,5.9675,62.03,119.00,0.014050
63.2903,5.9350,61.76,119.00,0.014889
63.3726,5.9350,61.76,119.00,0.014483
63.4557,5.9350,62.03,119.00,0.013608
63.5354,5.9350,62.03,119.00,0.014455
63.6169,5.9350,62.03,119.00,0.014298
63.6981,5.9350,61.22,119.00,0.014241
63.7804,5.9350,61.76,119.50,0.013753
63.8613,5.9350,61.76,119.50,0.013377
63.9427,5.9350,61.49,119.50,0.013405
64.0211,5.9350,61.76,119.00,0.013772
64.1008,5.9350,61.49,119.00,0.013936
64.1799,5.9655,62.03,119.00,0.013989
64.2644,5.9960,62.30,119.00,0.014251
64.3464,5.9960,61.49,119.00,0.014022
64.4274,5.9960,61.76,119.00,0.014309
64.5115,5.9960,62.03,119.00,0.014484
64.5923,5.9960,61.76,119.00,0.014053
64.6715,5.9960,62.30,119.00,0.014055
64.7555,5.9960,61.76,119.00,0.014627
64.8346,5.9960,62.30,119.00,0.014328
64.9199,5.9960,61.76,119.00,0.013943
64.9989,5.9960,62.03,119.00,0.013998
65.0823,5.9960,62.03,119.00,0.014370
65.1618,5.9960,61.49,119.00,0.014337
65.2427,5.9090,61.76,119.00,0.014027
65.3223,5.9090,62.03,119.00,0.014166
65.4049,5.9090,62.30,119.00,0.014275
65.4871,5.9090,61.22,119.00,0.014377
65.5720,5.9090,62.03,119.00,0.013839
65.6548,5.9090,61.76,119.00,0.014282
65.7358,5.9090,62.30,119.00,0.014247
65.8144,5.9090,61.76,119.00,0.014018
65.8991,5.9090,62.03,119.00,0.014307
65.9835,5.9090,62.03,119.00,0.014153
66.0645,5.9090,62.03,119.00,0.014110
66.1445,5.9090,61.49,119.00,0.014344
66.2266,5.9200,62.03,119.00,0.014023
66.3063,5.9200,61.49,119.00,0.014403
66.3888,5.9200,61.22,119.00,0.014127
66.4712,5.9200,62.03,119.00,0.014630
66.5550,5.9200,61.76,119.00,0.014409
66.6324,5.9200,61.49,119.00,0.013633
66.7149,5.9200,61.76,119.00,0.013795
66.7945,5.9200,62.03,119.00,0.014457
66.8752,5.9200,61.76,119.00,0.014033
66.9543,5.9200,61.76,119.00,0.014207
67.0357,5.9200,62.30,119.00,0.013927
67.1190,5.9200,62.03,119.00,0.014110
67.2004,5.9255,62.30,119.00,0.014319
67.2839,5.9310,61.49,119.00,0.013924
67.3648,5.9310,62.30,119.00,0.014430
67.4469,5.9310,61.76,119.00,0.014052
67.5328,5.9310,61.76,119.00,0.014285
67.6117,5.9310,61.49,119.00,0.014264
67.6948,5.9310,61.76,119.00,0.014193
67.7741,5.9310,61.76,119.00,0.014382
67.8550,5.9310,61.49,119.00,0.013986
67.9348,5.9310,62.03,119.00,0.014537
68.0155,5.9310,61.49,119.00,0.014187
68.0987,5.9310,61.76,119.00,0.014063
68.1822,5.9310,62.30,119.00,0.014179
68.2641,5.9960,62.03,119.00,0.013967
68.3459,5.9960,62.30,119.00,0.013346
68.4263,5.9960,62.30,119.00,0.013732
68.5057,5.9960,61.22,119.00,0.013847
68.5837,5.9960,61.76,119.00,0.013958
68.6660,5.9960,61.49,119.00,0.014303
68.7472,5.9960,62.03,119.00,0.014130
68.8280,5.9960,62.03,119.00,0.014444
68.9118,5.9960,61.76,119.00,0.014140
68.9957,5.9960,61.76,119.00,0.014035
69.0767,5.9960,61.76,119.00,0.013943
69.1596,5.9960,61.76,119.00,0.014298
69.2391,5.8590,61.76,119.00,0.014075
69.3195,5.8590,61.76,119.00,0.014091
69.3990,5.8590,62.30,119.00,0.014142
69.4831,5.8590,61.49,119.00,0.014634
69.5627,5.8590,61.49,119.00,0.014430
69.6434,5.8590,61.76,119.00,0.013781
69.7228,5.8590,61.22,119.00,0.014301
69.8036,5.8590,61.49,119.00,0.013937
69.8839,5.8590,62.03,119.00,0.014484
69.9672,5.8590,62.03,119.00,0.014159
70.0464,5.8590,62.30,119.00,0.014064
70.1279,5.8590,61.76,119.00,0.014056
70.2094,5.8590,62.30,119.00,0.013981
70.2902,5.8590,62.03,119.00,0.014155
70.3697,5.8590,62.03,119.00,0.014302
70.4549,5.8590,62.30,119.00,0.014320
70.5340,5.8590,61.76,119.00,0.013837
70.6154,5.8590,61.49,119.00,0.014071
70.6978,5.8590,62.30,119.00,0.014410
70.7832,5.8590,62.30,119.00,0.014428
70.8623,5.8590,62.03,119.00,0.013725
70.9462,5.8590,61.49,119.00,0.014162
71.0284,5.8590,62.30,119.00,0.014257
71.1104,5.8590,61.76,119.00,0.014115
71.1894,5.8590,61.49,119.00,0.014309
71.2703,5.8590,62.03,119.00,0.014286
71.3511,5.8590,61.76,119.00,0.013962
71.4321,5.8590,61.49,119.00,0.014047
71.5154,5.8590,61.76,119.00,0.014426
71.5968,5.9030,62.03,119.00,0.014562
71.6797,5.9470,61.76,119.00,0.014469
71.7638,5.9470,61.76,119.00,0.014508
71.8469,5.9470,62.30,119.00,0.014660
71.9303,5.9470,62.30,119.00,0.014197
72.0096,5.9470,61.76,119.00,0.014158
72.0915,5.9470,62.03,119.00,0.014238
72.1709,5.9470,61.76,119.00,0.014076
72.2550,5.8970,62.03,119.00,0.014266
72.3363,5.8970,62.03,119.00,0.013728
72.4194,5.8970,61.49,118.50,0.014167
72.4992,5.8970,62.03,118.00,0.014725
72.5822,5.8970,61.49,118.00,0.014219
72.6615,5.8970,62.30,118.00,0.013847
72.7468,5.8970,62.30,119.00,0.014221
72.8268,5.8970,62.30,119.00,0.014226
72.9078,5.8970,62.30,119.00,0.014344
72.9871,5.8970,61.76,119.00,0.014250
73.0716,5.8970,62.03,119.00,0.014913
73.1548,5.8970,62.30,118.50,0.014240
73.2388,5.9050,61.22,118.00,0.014185
73.3187,5.9050,62.30,118.50,0.014416
73.4022,5.9050,61.49,118.00,0.014310
73.4865,5.9050,61.49,118.00,0.014347
73.5679,5.9050,62.03,118.50,0.014627
73.6509,5.9050,61.76,118.00,0.014136
73.7321,5.9050,61.76,118.50,0.014371
73.8129,5.9050,62.30,119.00,0.013966
73.8994,5.9050,62.03,119.00,0.014306
73.9816,5.9050,61.76,118.50,0.014241
74.0636,5.9050,62.03,118.00,0.014630
74.1436,5.9050,62.30,118.00,0.014326
74.2233,5.9050,62.03,118.00,0.013664
74.3063,5.9450,61.76,118.00,0.015280
74.3880,5.9850,62.03,118.00,0.014210
74.4707,5.9850,61.76,118.00,0.014220
74.5522,5.9850,62.30,118.00,0.014414
74.6342,5.9850,61.49,118.00,0.014884
74.7154,5.9850,62.03,118.00,0.014386
74.7994,5.9850,62.03,118.00,0.014287
74.8831,5.9850,61.22,118.00,0.013996
74.9651,5.9850,62.30,118.00,0.014301
75.0487,5.9850,61.49,118.00,0.013992
75.1286,5.9850,62.03,118.00,0.014570
75.2106,5.9850,62.03,118.00,0.013825
75.2964,5.9050,62.03,118.00,0.014534
75.3831,5.9050,62.03,118.00,0.014335
75.4627,5.9050,61.76,118.00,0.014434
75.5430,5.9050,61.49,118.00,0.013727
75.6214,5.9050,61.76,118.00,0.013740
75.7022,5.9050,61.76,118.00,0.014277
75.7812,5.9050,62.03,118.00,0.013790
75.8624,5.9050,62.03,118.00,0.014126
75.9443,5.9050,62.03,118.00,0.014490
76.0264,5.9050,62.03,118.00,0.013751
76.1068,5.9050,62.30,118.00,0.014019
76.1864,5.9050,61.49,118.00,0.013585
76.2690,5.9355,62.03,118.00,0.014666
76.3506,5.9660,61.76,118.00,0.014316
76.4302,5.9660,61.76,118.00,0.014371
76.5113,5.9660,61.49,118.00,0.014157
76.5923,5.9660,61.76,118.00,0.014215
76.6735,5.9660,62.03,118.00,0.014120
76.7549,5.9660,62.03,118.00,0.014111
76.8365,5.9660,61.76,118.00,0.014311
76.9206,5.9660,62.03,118.00,0.014821
77.0019,5.9660,62.03,118.00,0.013970
77.0810,5.9660,62.30,118.00,0.013681
77.1611,5.9660,61.76,118.00,0.014005
77.2392,5.9660,62.03,118.00,0.013829
77.3189,5.9660,61.49,118.00,0.013706
77.4032,5.9280,62.30,118.00,0.014709
77.4860,5.9280,62.30,118.00,0.013941
77.5659,5.9280,62.30,118.00,0.014656
77.6468,5.9280,62.30,118.00,0.014286
77.7270,5.9280,62.03,118.00,0.014351
77.8083,5.9280,61.49,118.00,0.014160
77.8872,5.9280,62.30,118.00,0.014130
77.9726,5.9280,61.76,118.00,0.014121
78.0521,5.9280,61.76,118.00,0.014398
78.1353,5.9280,62.30,118.00,0.014121
78.2176,5.9375,62.30,118.00,0.014497
78.2998,5.9470,62.30,118.00,0.014319
78.3822,5.9470,61.49,118.00,0.013541
78.4642,5.9470,61.76,118.00,0.013922
78.5425,5.9470,62.30,118.00,0.013991
78.6231,5.9470,62.03,118.00,0.014129
78.7038,5.9470,61.76,118.00,0.014757
78.7849,5.9470,61.76,118.00,0.014413
78.8643,5.9470,62.03,117.50,0.014442
78.9462,5.9470,61.76,117.50,0.014359
79.0256,5.9470,62.30,118.00,0.014045
79.1064,5.9470,62.03,118.00,0.014401
79.1867,5.9735,61.49,118.00,0.014949
79.2682,6.0000,61.76,118.00,0.014239
79.3501,6.0000,61.49,118.00,0.014453
79.4308,6.0000,62.30,118.00,0.013938
79.5109,6.0000,62.30,118.00,0.014235
79.5913,6.0000,61.76,118.00,0.013930
79.6726,6.0000,61.76,118.00,0.014296
79.7558,6.0000,62.03,118.00,0.014516
79.8369,6.0000,62.03,118.00,0.013834
79.9201,6.0000,62.30,118.00,0.013651
80.0003,6.0000,61.49,118.00,0.014472
80.0831,6.0000,62.03,118.00,0.014004
80.1630,6.0000,61.49,118.00,0.014595
80.2468,5.8930,62.30,118.00,0.014091
80.3272,5.8930,61.76,118.00,0.014730
80.4106,5.8930,62.03,118.00,0.013753
80.4926,5.8930,61.76,118.00,0.014584
80.5745,5.8930,62.30,118.00,0.014078
80.6548,5.8930,61.49,118.00,0.013815
80.7349,5.8930,61.76,118.00,0.014118
80.8142,5.8930,61.49,118.00,0.014258
80.8980,5.8930,62.30,117.50,0.014429
80.9780,5.8930,61.76,117.00,0.014227
81.0607,5.8930,62.03,118.00,0.014067
81.1425,5.8930,61.76,118.00,0.013996
81.2242,5.9275,62.03,118.00,0.014258
81.3040,5.9620,62.03,118.00,0.014262
81.3870,5.9620,61.76,118.00,0.013566
81.4652,5.9620,61.76,118.00,0.013656
81.5454,5.9620,62.03,118.00,0.013852
81.6239,5.9620,61.76,118.00,0.013744
81.7078,5.9620,62.30,118.00,0.014371
81.7909,5.9620,62.30,118.00,0.013831
81.8724,5.9620,61.76,118.00,0.014121
81.9553,5.9620,61.76,118.00,0.015276
82.0361,5.9620,61.22,118.00,0.014267
82.1183,5.9620,62.03,118.00,0.014637
82.2017,5.9620,62.03,118.00,0.014291
82.2835,5.9620,62.30,118.00,0.014484
82.3670,5.9620,61.49,118.00,0.014113
82.4463,5.9620,62.03,118.00,0.014091
82.5279,5.9620,62.30,118.00,0.014656
82.6092,5.9620,62.03,118.00,0.013999
82.6906,5.9620,62.03,118.00,0.014237
82.7726,5.9620,62.03,118.00,0.014424
82.8538,5.9620,61.76,118.00,0.014207
82.9353,5.9620,62.30,118.00,0.014262
83.0160,5.9620,61.22,118.00,0.013755
83.1006,5.9620,61.49,118.00,0.014917
83.1841,5.9620,61.76,117.50,0.014331
83.2667,5.9470,61.76,118.00,0.014614
83.3506,5.9470,62.03,118.00,0.014484
83.4324,5.9470,61.49,117.50,0.013786
83.5148,5.9470,61.76,117.50,0.014066
83.5985,5.9470,62.03,118.00,0.014093
83.6785,5.9470,62.03,118.00,0.014002
83.7559,5.9470,61.76,118.00,0.013489
83.8406,5.9470,61.49,118.00,0.013860
83.9216,5.9470,62.03,118.00,0.014720
84.0072,5.9470,62.03,118.00,0.014497
84.0893,5.9470,62.03,118.00,0.014712
84.1708,5.9470,62.30,118.00,0.014415
84.2499,5.9580,61.76,118.00,0.013904
84.3318,5.9580,61.76,118.00,0.013937
84.4156,5.9580,62.03,118.00,0.014423
84.4960,5.9580,62.30,118.00,0.013856
84.5785,5.9580,61.49,118.00,0.014491
84.6593,5.9580,62.30,118.00,0.014006
84.7389,5.9580,61.76,118.00,0.014459
84.8225,5.9580,62.03,118.00,0.014452
84.9002,5.9580,62.30,118.00,0.013680
84.9817,5.9580,62.03,118.00,0.013739
85.0601,5.9580,61.76,118.00,0.013858
85.1461,5.9580,62.03,118.00,0.014387
85.2267,5.9350,61.22,118.00,0.014332
85.3072,5.9350,62.03,118.00,0.013708
85.3872,5.9350,62.03,118.00,0.014839
85.4711,5.9350,62.30,118.00,0.014515
85.5554,5.9350,62.30,118.00,0.014400
85.6366,5.9350,61.49,118.00,0.014596
85.7178,5.9350,62.03,118.00,0.014448
85.8010,5.9350,62.03,118.00,0.014317
85.8807,5.9350,62.03,118.00,0.014194
85.9638,5.9350,62.30,118.00,0.014117
86.0432,5.9350,61.49,118.00,0.014209
86.1267,5.9350,62.30,118.00,0.014480
86.2064,5.9430,61.49,118.00,0.014424
86.2881,5.9510,62.03,118.00,0.014190
86.3706,5.9510,61.76,118.00,0.014370
86.4507,5.9510,62.30,118.00,0.014049
86.5330,5.9510,62.57,118.00,0.013867
86.6148,5.9510,61.76,118.00,0.013856
86.6930,5.9510,61.49,118.00,0.013647
86.7745,5.9510,61.49,118.00,0.013595
86.8550,5.9510,62.03,118.00,0.014272
86.9347,5.9510,62.03,118.00,0.013858
87.0144,5.9510,62.03,118.00,0.014284
87.0962,5.9510,62.03,118.00,0.014078
87.1779,5.9510,62.30,118.00,0.014100
87.2603,5.9770,62.03,118.00,0.014237
87.3427,5.9770,61.76,117.50,0.014182
87.4249,5.9770,61.76,118.00,0.014571
87.5070,5.9770,62.03,118.00,0.013995
87.5881,5.9770,61.76,118.00,0.014054
87.6716,5.9770,61.49,118.00,0.014462
87.7544,5.9770,61.76,118.00,0.013617
87.8333,5.9770,62.03,118.00,0.013870
87.9134,5.9770,62.30,118.00,0.013625
87.9952,5.9770,61.49,118.00,0.014249
88.0787,5.9770,61.76,118.00,0.014006
88.1612,5.9770,61.76,118.00,0.014530
88.2448,5.9510,62.03,118.00,0.014549
88.3276,5.9510,62.30,118.00,0.014710
88.4114,5.9510,62.03,118.00,0.014422
88.4969,5.9510,61.49,118.00,0.014595
88.5824,5.9510,62.03,118.00,0.013789
88.6629,5.9510,61.22,118.00,0.013748
88.7467,5.9510,62.30,118.00,0.014362
88.8263,5.9510,62.30,118.00,0.014318
88.9075,5.9510,61.76,118.00,0.014630
88.9893,5.9510,62.30,118.00,0.014239
89.0705,5.9510,62.03,118.00,0.014280
89.1499,5.9510,62.30,118.00,0.014187
89.2316,5.9585,61.22,118.00,0.014223
89.3105,5.9660,62.30,118.00,0.013912
89.3919,5.9660,62.30,118.00,0.014406
89.4738,5.9660,61.76,118.00,0.013654
89.5530,5.9660,61.49,118.00,0.013593
89.6328,5.9660,61.76,118.00,0.013746
89.7148,5.9660,61.76,118.00,0.013887
89.7954,5.9660,61.76,118.00,0.015135
89.8752,5.9660,61.76,118.00,0.013494
89.9546,5.9660,62.30,118.00,0.014209
90.0352,5.9660,61.76,118.00,0.014202
90.1157,5.9660,62.03,118.00,0.015592
90.1997,5.9755,62.03,118.00,0.014743
90.2804,5.9850,61.76,118.00,0.015255
90.3667,5.9850,61.76,118.00,0.014328
90.4542,5.9850,61.49,118.00,0.015057
90.5424,5.9850,62.03,118.00,0.014668
90.6292,5.9850,62.03,118.00,0.014400
90.7181,5.9850,61.76,118.00,0.015271
90.8030,5.9850,62.03,118.00,0.014423
90.8921,5.9850,61.22,118.00,0.014893
90.9796,5.9850,62.03,118.00,0.015054
91.0629,5.9850,62.03,118.00,0.013904
91.1412,5.9850,61.49,118.00,0.013652
91.2214,5.9850,61.76,118.00,0.013828
91.3037,5.9850,62.03,118.00,0.014711
91.3865,5.9850,61.49,118.00,0.014144
91.4672,5.9850,61.49,118.00,0.013844
91.5474,5.9850,61.76,118.00,0.013886
91.6313,5.9850,62.03,118.00,0.014559
91.7168,5.9850,61.49,118.00,0.014578
91.8042,5.9850,62.30,118.00,0.014657
91.8910,5.9850,62.03,118.00,0.014847
91.9747,5.9850,62.30,118.00,0.014655
92.0626,5.9850,61.49,118.00,0.014437
92.1472,5.9850,61.49,118.00,0.015004
92.2366,5.9850,62.03,118.00,0.014581
92.3241,5.9010,61.76,116.00,0.015770
92.4108,5.9010,61.49,114.00,0.014352
92.4893,5.9010,61.76,114.00,0.013816
92.5726,5.9010,62.03,114.00,0.014560
92.6547,5.9010,62.30,114.00,0.015074
92.7419,5.9010,61.76,114.00,0.014288
92.8276,5.9010,61.49,114.00,0.014682
92.9115,5.9010,62.30,114.00,0.014271
92.9966,5.9010,62.03,114.00,0.014369
93.0847,5.9010,62.03,114.00,0.014239
93.1667,5.9010,61.49,114.00,0.014925
93.2548,5.9090,62.03,114.00,0.014832
93.3424,5.9090,62.30,114.00,0.015138
93.4308,5.9090,61.22,114.00,0.014634
93.5160,5.9090,62.03,114.00,0.015341
93.6030,5.9090,61.76,114.50,0.014462
93.6872,5.9090,62.03,115.00,0.015189
93.7768,5.9090,62.03,115.00,0.014585
93.8586,5.9090,61.49,115.00,0.014330
93.9421,5.9090,62.30,115.00,0.013952
94.0226,5.9090,61.76,115.00,0.014278
94.1074,5.9090,61.49,115.00,0.014040
94.1880,5.9070,62.03,115.00,0.014758
94.2706,5.9050,61.22,115.00,0.014163
94.3516,5.9050,61.76,115.00,0.014553
94.4364,5.9050,61.49,115.00,0.014218
94.5196,5.9050,62.03,115.00,0.014279
94.6027,5.9050,62.03,115.00,0.014678
94.6832,5.9050,61.76,115.00,0.014421
94.7682,5.9050,62.03,115.00,0.014307
94.8518,5.9050,61.49,115.00,0.014502
94.9346,5.9050,61.76,115.00,0.014126
95.0177,5.9050,62.03,115.00,0.014284
95.1026,5.9050,62.03,115.00,0.014434
95.1831,5.9505,62.03,115.00,0.014362
95.2665,5.9960,61.49,115.00,0.014107
95.3501,5.9960,61.76,115.00,0.014593
95.4381,5.9960,62.03,115.00,0.015006
95.5264,5.9960,62.03,115.00,0.015024
95.6146,5.9960,61.76,115.00,0.014075
95.6994,5.9960,62.30,115.00,0.014803
95.7900,5.9960,61.76,115.00,0.014927
95.8754,5.9960,61.76,116.00,0.014955
95.9639,5.9960,62.30,116.00,0.014789
96.0518,5.9960,62.03,116.00,0.014589
96.1398,5.9960,61.76,116.00,0.014450
96.2283,5.9010,61.76,116.00,0.014340
96.3172,5.9010,62.30,116.00,0.014933
96.4025,5.9010,61.76,116.00,0.014593
96.4905,5.9010,62.30,116.00,0.014083
96.5712,5.9010,62.30,116.00,0.014192
96.6596,5.9010,61.49,116.00,0.014401
96.7420,5.9010,62.03,116.00,0.013911
96.8242,5.9010,62.03,116.00,0.014022
96.9073,5.9010,62.03,116.00,0.013430
96.9906,5.9010,62.03,116.00,0.013885
97.0703,5.9010,62.03,116.00,0.014178
97.1551,5.9010,61.22,116.00,0.015357
97.2400,5.8740,62.03,116.00,0.014669
97.3245,5.8740,61.76,116.00,0.014028
97.4048,5.8740,62.03,116.00,0.014210
97.4907,5.8740,61.76,116.00,0.014355
97.5757,5.8740,62.30,116.00,0.014644
97.6599,5.8740,61.76,116.00,0.013681
97.7437,5.8740,62.30,116.00,0.014318
97.8282,5.8740,61.76,116.00,0.014148
97.9085,5.8740,62.03,116.00,0.014056
97.9936,5.8740,61.76,116.00,0.014328
98.0740,5.8740,62.03,116.00,0.014317
98.1568,5.8740,61.76,116.00,0.014459
98.2392,5.8875,62.30,116.00,0.014251
98.3218,5.9010,62.03,116.00,0.014200
98.4076,5.9010,61.76,116.00,0.014453
98.4902,5.9010,62.03,116.00,0.014349
98.5727,5.9010,62.03,116.00,0.013902
98.6548,5.9010,62.03,116.00,0.014453
98.7354,5.9010,62.30,116.00,0.013972
98.8217,5.9010,62.03,116.00,0.014481
98.9019,5.9010,61.76,116.00,0.014467
98.9843,5.9010,61.49,116.00,0.014418
99.0638,5.9010,62.30,116.00,0.013852
99.1462,5.9010,62.03,116.00,0.013654
99.2246,5.9010,61.49,116.00,0.013319
99.3071,5.9315,61.76,116.00,0.014756
99.3883,5.9620,61.49,116.00,0.014506
99.4802,5.9620,62.03,116.00,0.015406
99.5682,5.9620,62.03,116.00,0.015752
99.6593,5.9620,61.76,116.00,0.015583
99.7485,5.9620,62.03,116.00,0.014985
99.8389,5.9620,61.76,116.00,0.014422
99.9311,5.9620,62.30,116.00,0.016127
100.0195,5.9620,62.03,116.00,0.014816
100.1122,5.9620,61.76,116.00,0.015211
100.2053,5.8645,62.03,116.00,0.015608
100.2974,5.7670,62.30,117.00,0.015128
100.3905,5.7670,62.30,117.00,0.015251
100.4768,5.7670,61.76,117.00,0.014799
100.5674,5.7670,62.03,117.00,0.014516
100.6535,5.7670,62.03,117.00,0.014967
100.7436,5.7670,61.49,117.00,0.015006
100.8316,5.7670,61.49,117.00,0.014448
100.9169,5.7670,62.03,117.00,0.014794
101.0034,5.7670,61.76,117.00,0.014627
101.0914,5.7670,61.49,117.00,0.014692
101.1771,5.7670,61.49,117.00,0.014661
101.2649,5.7900,61.76,117.00,0.015068
101.3504,5.7900,61.22,117.00,0.014392
101.4404,5.7900,61.76,117.00,0.014737
101.5232,5.7900,62.03,117.00,0.013719
101.6061,5.7900,61.76,117.00,0.013579
101.6851,5.7900,61.76,117.00,0.013807
101.7734,5.7900,61.49,117.00,0.015020
101.8632,5.7900,62.30,117.00,0.014620
101.9516,5.7900,61.76,117.00,0.014771
102.0317,5.7900,61.76,117.00,0.014003
102.1191,5.7900,61.49,117.00,0.014358
102.2042,5.7900,61.49,117.00,0.015403
102.2972,5.8470,61.76,117.00,0.014816
102.3846,5.8470,61.76,117.00,0.014685
102.4738,5.8470,61.49,117.00,0.014350
102.5609,5.8470,62.03,117.00,0.014968
102.6502,5.8470,62.03,117.00,0.014778
102.7353,5.8470,61.76,117.00,0.015639
102.8207,5.8470,62.30,117.00,0.014455
102.9088,5.8470,62.30,117.00,0.014842
102.9946,5.8470,61.76,117.00,0.014601
103.0823,5.8470,61.49,117.00,0.014309
103.1649,5.8470,61.76,117.00,0.013490
103.2464,5.8470,61.22,117.00,0.014006
103.3305,5.8470,61.76,117.00,0.013848
103.4174,5.7975,62.30,117.00,0.015733
103.5085,5.7480,61.76,117.00,0.014915
103.5947,5.7480,62.03,117.00,0.014476
103.6790,5.7480,61.49,117.00,0.014413
103.7597,5.7480,61.76,117.00,0.014537
103.8432,5.7480,61.49,117.00,0.013811
103.9236,5.7480,61.22,117.00,0.014370
104.0080,5.7480,62.03,117.00,0.014104
104.0915,5.7480,62.03,117.00,0.014655
104.1775,5.7480,61.76,117.00,0.013971
104.2612,5.9280,61.76,117.00,0.014135
104.3448,5.9280,62.03,117.00,0.014369
104.4282,5.9280,61.22,117.00,0.014285
104.5120,5.9280,62.03,117.00,0.014745
104.5957,5.9280,61.76,117.00,0.014421
104.6789,5.9280,61.49,117.00,0.014467
104.7624,5.9280,62.03,117.00,0.014278
104.8477,5.9280,62.03,117.00,0.014495
104.9298,5.9280,61.76,117.00,0.014205
105.0127,5.9280,61.76,117.00,0.014585
105.0959,5.9280,62.03,118.00,0.014726
105.1803,5.9280,61.76,118.00,0.014108
105.2614,5.9310,61.49,117.50,0.013826
105.3426,5.9310,61.76,117.00,0.013866
105.4219,5.9310,62.03,118.00,0.013871
105.5030,5.9310,62.03,118.00,0.013707
105.5860,5.9310,61.76,118.00,0.014146
105.6700,5.9310,61.49,118.00,0.014735
105.7509,5.9310,62.30,118.00,0.014091
105.8361,5.9310,61.76,118.00,0.014256
105.9186,5.9310,61.76,118.00,0.013849
105.9997,5.9310,62.03,117.00,0.013651
106.0827,5.9310,61.76,117.50,0.014292
106.1684,5.9310,62.03,117.00,0.014184
106.2504,5.9120,61.76,117.50,0.014658
106.3358,5.9120,62.30,117.00,0.014622
106.4191,5.9120,61.49,117.00,0.014764
106.5043,5.9120,61.76,117.00,0.014197
106.5902,5.9120,62.30,117.00,0.014786
106.6750,5.9120,62.03,117.00,0.014292
106.7588,5.9120,62.30,117.00,0.013839
106.8407,5.9120,62.03,117.50,0.013997
106.9231,5.9120,62.30,117.50,0.014348
107.0052,5.9120,62.03,117.00,0.013836
107.0852,5.9120,62.03,117.00,0.013833
107.1667,5.9120,62.03,117.50,0.013734
107.2474,5.9120,61.49,118.00,0.014418
107.3289,5.9120,61.49,118.00,0.014338
107.4107,5.8740,62.03,117.50,0.014665
107.4944,5.8740,61.76,117.00,0.014297
107.5803,5.8740,62.30,118.00,0.014308
107.6630,5.8740,61.76,118.00,0.014271
107.7443,5.8740,61.76,118.00,0.014405
107.8273,5.8740,61.76,118.00,0.014599
107.9102,5.8740,61.76,118.00,0.014360
107.9950,5.8740,61.76,118.00,0.014226
108.0792,5.8740,61.49,118.00,0.014439
108.1630,5.8740,61.76,118.00,0.013879
108.2453,5.8740,62.03,118.00,0.013873
108.3273,5.8740,62.03,117.50,0.014299
108.4118,5.8740,61.49,117.50,0.014490
108.4980,5.8740,61.76,117.00,0.014452
108.5795,5.8740,62.03,117.00,0.014354
108.6647,5.8740,61.22,117.00,0.014489
108.7472,5.8740,62.30,117.00,0.014892
108.8347,5.8740,61.76,117.00,0.014250
108.9183,5.8740,61.49,117.00,0.014450
109.0032,5.8740,61.49,117.00,0.014408
109.0844,5.8740,62.03,117.00,0.014440
109.1671,5.8740,61.22,117.50,0.014096
109.2482,5.8740,61.22,117.00,0.014328
109.3312,5.8740,62.03,118.00,0.014054
109.4150,5.9255,62.03,118.00,0.014306
109.5034,5.9770,61.76,117.50,0.014656
109.5872,5.9770,62.03,117.00,0.013923
109.6712,5.9770,62.03,117.50,0.014068
109.7531,5.9770,61.76,118.00,0.013544
109.8363,5.9770,62.30,118.00,0.014276
109.9182,5.9770,61.76,118.00,0.014334
110.0020,5.9770,61.76,118.00,0.014658
110.0828,5.9770,62.03,118.00,0.014505
110.1698,5.9770,61.76,118.00,0.014660
110.2514,5.9700,62.03,118.00,0.014412
110.3361,5.9700,61.76,117.00,0.014172
110.4202,5.9700,61.22,117.00,0.014376
110.5024,5.9700,61.76,117.00,0.013914
110.5845,5.9700,61.76,117.00,0.013955
110.6661,5.9700,62.03,117.00,0.014182
110.7483,5.9700,62.30,117.00,0.014050
110.8354,5.9700,61.76,117.00,0.014240
110.9181,5.9700,61.76,117.00,0.014207
111.0031,5.9700,62.03,117.00,0.014062
111.0828,5.9700,61.49,117.00,0.013896
111.1667,5.9700,62.03,117.00,0.013746
111.2502,5.7940,62.03,117.00,0.014166
111.3319,5.7940,61.76,117.00,0.014641
111.4152,5.7940,62.30,118.00,0.014457
111.4993,5.7940,61.49,118.00,0.014509
111.5822,5.7940,62.03,118.00,0.013872
111.6666,5.7940,61.22,118.00,0.014079
111.7475,5.7940,61.22,118.00,0.014227
111.8311,5.7940,62.03,117.00,0.014035
111.9140,5.7940,62.03,117.00,0.014576
111.9978,5.7940,61.22,117.50,0.013983
112.0779,5.7940,62.30,117.00,0.013804
112.1618,5.7940,61.76,117.00,0.013846
112.2425,5.9280,62.03,117.00,0.013863
112.3242,5.9280,61.76,117.00,0.014445
112.4052,5.9280,61.76,117.50,0.014182
112.4897,5.9280,61.76,117.00,0.014505
112.5725,5.9280,62.30,117.00,0.014142
112.6544,5.9280,62.30,117.00,0.014330
112.7347,5.9280,62.03,117.00,0.014324
112.8195,5.9280,61.22,117.00,0.013832
112.9006,5.9280,61.76,117.00,0.014308
112.9827,5.9280,61.76,118.00,0.014290
113.0628,5.9280,62.03,118.00,0.014209
113.1465,5.9280,61.49,117.50,0.014102
113.2276,5.9660,61.49,117.00,0.014143
113.3106,5.9660,62.30,117.00,0.014379
113.3916,5.9660,61.22,117.00,0.014116
113.4746,5.9660,61.49,117.00,0.013785
113.5536,5.9660,62.03,117.00,0.013844
113.6340,5.9660,61.49,118.00,0.013695
113.7163,5.9660,62.03,118.00,0.014509
113.8030,5.9660,61.76,117.50,0.014365
113.8838,5.9660,62.30,117.00,0.014250
113.9665,5.9660,62.03,117.00,0.014908
114.0507,5.9660,62.03,117.00,0.013751
114.1310,5.9660,62.03,118.00,0.013799
114.2149,5.9660,61.76,118.00,0.013947
114.2956,5.9660,62.30,117.00,0.013712
114.3785,5.9540,62.30,117.00,0.014915
114.4584,5.9540,61.76,117.50,0.013626
114.5376,5.9540,61.76,117.50,0.013443
114.6183,5.9540,61.76,117.00,0.013943
114.7002,5.9540,61.76,117.00,0.014118
114.7831,5.9540,61.76,117.00,0.014962
114.8642,5.9540,62.03,117.00,0.013830
114.9468,5.9540,61.76,117.00,0.013856
115.0286,5.9540,62.30,117.00,0.013643
115.1104,5.9540,62.03,117.00,0.013905
115.1903,5.9540,61.49,117.00,0.014646
115.2749,5.8860,62.03,117.00,0.013886
115.3552,5.8860,61.76,117.00,0.014459
115.4395,5.8860,62.30,117.50,0.013734
115.5198,5.8860,62.30,117.00,0.013445
115.6047,5.8860,61.76,117.00,0.014390
115.6903,5.8860,62.03,118.00,0.014373
115.7735,5.8860,62.30,118.00,0.014533
115.8543,5.8860,62.03,117.50,0.014124
115.9366,5.8860,61.76,117.00,0.014476
116.0192,5.8860,62.03,117.50,0.014540
116.1035,5.8860,61.49,117.00,0.014224
116.1888,5.9295,61.76,117.50,0.014633
116.2732,5.9730,61.76,117.00,0.014280
116.3588,5.9730,61.49,117.50,0.014107
116.4430,5.9730,61.76,117.00,0.014290
116.5259,5.9730,62.03,117.00,0.014491
116.6079,5.9730,62.03,117.00,0.013935
116.6909,5.9730,62.30,117.00,0.014036
116.7756,5.9730,62.03,117.00,0.014476
116.8568,5.9730,62.03,117.00,0.014649
116.9390,5.9730,62.03,117.00,0.013947
117.0193,5.9730,61.49,117.00,0.014062
117.1036,5.9730,62.03,117.00,0.013896
117.1882,5.9770,61.22,117.00,0.013905
117.2708,5.9810,61.22,117.00,0.014074
117.3534,5.9810,62.03,117.00,0.013889
117.4356,5.9810,61.49,117.00,0.014142
117.5190,5.9810,62.03,117.00,0.014297
117.6017,5.9810,61.49,117.00,0.014330
117.6828,5.9810,61.76,117.00,0.014839
117.7644,5.9810,61.22,118.00,0.014019
117.8450,5.9810,62.03,118.00,0.014413
117.9303,5.9810,61.22,118.00,0.014228
118.0110,5.9810,61.76,118.00,0.014964
118.0939,5.9810,61.76,118.00,0.014374
118.1792,5.9810,61.76,117.00,0.014535
118.2595,5.9810,62.03,117.00,0.013951
118.3428,5.9675,61.76,117.00,0.014348
118.4266,5.9540,62.30,117.00,0.014014
118.5068,5.9540,62.03,118.00,0.014307
118.5909,5.9540,61.76,118.00,0.013413
118.6710,5.9540,62.30,118.00,0.014064
118.7547,5.9540,61.76,118.00,0.014032
118.8356,5.9540,61.76,117.00,0.014323
118.9192,5.9540,62.03,117.00,0.014009
118.9997,5.9540,61.49,117.50,0.014112
119.0824,5.9540,62.03,117.00,0.014218
119.1631,5.9540,61.49,117.00,0.014196
119.2463,5.9700,61.76,117.00,0.014790
119.3295,5.9700,61.49,117.00,0.013776
119.4114,5.9700,61.76,117.50,0.013849
119.4934,5.9700,62.30,118.00,0.014666
119.5761,5.9700,61.76,117.50,0.014280
119.6542,5.9700,62.03,117.00,0.013473
119.7351,5.9700,61.22,117.00,0.013745
119.8150,5.9700,62.03,118.00,0.014074
119.8992,5.9700,62.03,118.00,0.014436
119.9818,5.9700,61.49,118.00,0.014503
120.0631,5.9700,62.03,118.00,0.013752
120.1425,5.9700,61.76,117.00,0.013710
120.2226,5.9700,62.03,117.00,0.013768
120.3022,5.9700,62.03,117.50,0.014646
120.3879,5.9510,62.03,117.00,0.014256
120.4689,5.9510,61.49,117.00,0.013853
120.5518,5.9510,61.49,117.00,0.014021
120.6325,5.9510,62.30,117.00,0.014302
120.7157,5.9510,62.30,117.50,0.013913
120.7983,5.9510,62.30,117.00,0.014026
120.8821,5.9510,61.76,118.00,0.014313
120.9650,5.9510,62.03,118.00,0.014587
121.0472,5.9510,61.76,118.00,0.014074
121.1298,5.9510,61.49,117.50,0.014197
121.2143,5.9510,62.03,117.00,0.014007
121.2947,5.9510,62.03,117.00,0.014259
121.3794,5.9510,62.03,117.00,0.014077
121.4612,5.9510,62.03,117.00,0.013924
121.5423,5.9510,62.03,117.00,0.013881
121.6217,5.9510,61.76,117.00,0.013667
121.7038,5.9510,61.76,118.00,0.014037
121.7865,5.9510,62.03,118.00,0.014238
121.8695,5.9510,62.30,118.00,0.014084
121.9504,5.9510,62.30,118.00,0.014817
122.0355,5.9510,61.76,118.00,0.014148
122.1172,5.9510,61.76,118.00,0.013569
122.1988,5.9510,61.76,118.00,0.013620
122.2791,5.9510,62.30,118.00,0.014340
122.3670,5.9510,61.76,118.00,0.014290
122.4472,5.9510,61.76,118.00,0.014110
122.5351,5.9660,61.76,118.00,0.014749
122.6211,5.9810,62.30,117.00,0.014220
122.7075,5.9810,61.76,117.00,0.014217
122.7897,5.9810,61.22,117.00,0.014367
122.8749,5.9810,62.03,117.00,0.014164
122.9532,5.9810,61.22,117.00,0.013806
123.0349,5.9810,61.49,117.50,0.013686
123.1179,5.9810,61.76,118.00,0.014474
123.1998,5.9580,61.76,118.00,0.013839
123.2844,5.9350,62.30,117.50,0.014729
123.3664,5.9350,62.03,117.00,0.013869
123.4467,5.9350,61.76,117.00,0.014036
123.5315,5.9350,62.03,117.00,0.014476
123.6160,5.9350,61.22,117.00,0.014643
123.7000,5.9350,62.30,117.50,0.014579
123.7819,5.9350,62.03,118.00,0.014083
123.8676,5.9350,61.76,118.00,0.014131
123.9478,5.9350,61.76,117.50,0.014560
124.0309,5.9350,61.49,117.00,0.014686
124.1105,5.9350,62.30,117.50,0.013772
124.1947,5.9275,61.76,118.00,0.014594
124.2809,5.9200,61.76,118.00,0.014221
124.3692,5.9200,62.03,118.00,0.014972
124.4570,5.9200,61.76,117.50,0.014682
124.5429,5.9200,62.03,117.00,0.014728
124.6269,5.9200,61.49,117.50,0.014098
124.7080,5.9200,61.76,117.00,0.013645
124.7914,5.9200,62.30,117.50,0.013633
124.8759,5.9200,61.76,117.00,0.014453
124.9638,5.9200,61.49,117.00,0.014693
125.0507,5.9200,61.76,117.00,0.014029
125.1299,5.9200,61.76,117.00,0.013537
125.2122,5.9200,61.76,118.00,0.014431
125.2954,5.8970,62.30,118.00,0.014522
125.3785,5.8970,62.03,118.00,0.014366
125.4585,5.8970,61.49,117.50,0.014132
125.5426,5.8970,62.03,117.00,0.014148
125.6231,5.8970,62.03,117.00,0.013941
125.7082,5.8970,61.49,117.00,0.014580
125.7885,5.8970,62.30,117.00,0.014134
125.8756,5.8970,62.03,117.00,0.014564
125.9594,5.8970,62.03,118.00,0.014123
126.0421,5.8970,61.76,117.50,0.014444
126.1227,5.8970,61.22,117.00,0.014355
126.2072,5.9045,61.49,117.50,0.014343
126.2899,5.9120,61.49,117.00,0.014373
126.3747,5.9120,62.03,117.00,0.014352
126.4556,5.9120,62.03,118.00,0.014840
126.5403,5.9120,61.49,118.00,0.014429
126.6225,5.9120,61.76,118.00,0.014193
126.7051,5.9120,62.03,118.00,0.014802
126.7872,5.9120,62.03,118.00,0.014090
126.8706,5.9120,62.03,117.50,0.014628
126.9511,5.9120,62.30,117.00,0.014298
127.0338,5.9120,61.49,117.00,0.014317
127.1189,5.9120,61.76,117.00,0.014535
127.2036,5.9330,61.49,117.00,0.014549
127.2862,5.9540,61.76,117.00,0.013880
127.3689,5.9540,62.03,117.00,0.014167
127.4502,5.9540,61.49,118.00,0.014449
127.5345,5.9540,62.30,117.50,0.013975
127.6148,5.9540,62.03,117.00,0.014273
127.6991,5.9540,62.30,117.00,0.014453
127.7793,5.9540,61.76,117.50,0.014680
127.8647,5.9540,62.03,117.00,0.014292
127.9434,5.9540,62.30,117.00,0.013382
128.0268,5.9540,62.03,118.00,0.014161
128.1067,5.9540,61.76,118.00,0.014389
128.1906,5.9425,62.03,118.00,0.014347
128.2712,5.9310,62.03,118.00,0.014348
128.3530,5.9310,62.03,118.00,0.013472
128.4314,5.9310,62.30,117.00,0.013368
128.5145,5.9310,61.49,117.50,0.013581
128.5950,5.9310,62.03,117.00,0.014252
128.6796,5.9310,61.49,117.00,0.014452
128.7595,5.9310,62.30,117.00,0.014199
128.8448,5.9310,62.30,117.00,0.014664
128.9267,5.9310,61.76,117.50,0.014194
129.0148,5.9310,61.76,117.00,0.015009
129.0996,5.9310,62.03,117.00,0.013802
129.1841,5.9425,61.49,117.00,0.014485
129.2682,5.9540,61.76,117.00,0.014737
129.3508,5.9540,61.49,117.00,0.014260
129.4343,5.9540,62.03,117.00,0.015051
129.5172,5.9540,62.03,117.00,0.014205
129.6005,5.9540,62.03,117.00,0.014245
129.6825,5.9540,61.49,117.50,0.014210
129.7662,5.9540,62.03,117.00,0.014395
129.8512,5.9540,61.76,117.00,0.014283
129.9363,5.9540,62.30,117.50,0.014514
130.0187,5.9540,62.03,117.00,0.013951
130.0995,5.9540,61.22,117.50,0.014168
130.1829,5.9540,61.76,118.00,0.013960
130.2629,5.9540,61.49,118.00,0.014093
130.3459,5.9540,61.76,118.00,0.014400
130.4314,5.9580,62.30,118.00,0.014493
130.5188,5.9580,61.76,118.00,0.014508
130.6024,5.9580,62.03,118.00,0.014578
130.6870,5.9580,61.76,118.00,0.014302
130.7702,5.9580,61.76,118.00,0.014684
130.8563,5.9580,62.03,117.50,0.014522
130.9392,5.9580,62.03,117.50,0.014386
131.0264,5.9580,61.49,117.00,0.014376
131.1073,5.9580,62.30,117.00,0.014534
131.1907,5.9580,61.76,117.00,0.013870
131.2702,5.9580,62.03,117.00,0.013840
131.3543,5.9580,62.03,117.00,0.013896
131.4339,5.9580,61.76,117.50,0.014242
131.5164,5.9580,61.76,117.00,0.014152
131.5994,5.9580,61.49,117.00,0.014639
131.6839,5.9580,62.30,117.00,0.014228
131.7673,5.9580,61.22,117.00,0.014372
131.8557,5.9580,62.03,117.00,0.014586
131.9394,5.9580,61.76,117.00,0.014656
132.0243,5.9580,62.03,117.00,0.014137
132.1069,5.9580,61.49,117.00,0.014158
132.1945,5.9580,61.76,117.00,0.014357
132.2755,5.9580,61.76,117.50,0.014325
132.3592,5.9580,62.03,118.00,0.014534
132.4418,5.9580,62.30,118.00,0.014244
132.5245,5.9580,61.76,118.00,0.014151
132.6056,5.8835,61.76,117.50,0.014237
132.6909,5.8090,61.76,117.00,0.014772
132.7728,5.8090,61.76,117.50,0.014212
132.8557,5.8090,62.30,117.50,0.014274
132.9382,5.8090,62.30,118.00,0.014499
133.0231,5.8090,61.76,118.00,0.014368
133.1073,5.8090,61.22,118.00,0.014114
133.1881,5.8090,61.76,118.00,0.013558
133.2694,5.8090,61.76,118.00,0.013539
133.3521,6.0150,61.49,118.00,0.013952
133.4364,6.0150,62.30,118.00,0.014118
133.5189,6.0150,62.03,118.00,0.014564
133.6040,6.0150,61.76,117.50,0.014185
133.6887,6.0150,61.22,117.00,0.014494
133.7712,6.0150,62.03,117.50,0.014394
133.8546,6.0150,61.76,117.00,0.014216
133.9360,6.0150,61.76,117.00,0.013701
134.0184,6.0150,62.03,117.00,0.014322
134.0989,6.0150,61.49,117.00,0.013927
134.1850,5.9940,61.76,117.00,0.014093
134.2665,5.9730,62.30,117.00,0.014414
134.3511,5.9730,61.49,117.00,0.013888
134.4358,5.9730,61.49,117.00,0.014569
134.5185,5.9730,61.76,117.50,0.014192
134.6027,5.9730,61.49,118.00,0.014112
134.6832,5.9730,61.49,118.00,0.013757
134.7619,5.9730,62.30,118.00,0.013407
134.8440,5.9730,62.03,118.00,0.013812
134.9260,5.9730,61.76,118.00,0.014031
135.0106,5.9730,61.76,118.00,0.014374
135.0917,5.9730,62.03,118.00,0.014973
135.1757,5.9730,62.03,118.00,0.013985
135.2579,5.9730,61.76,118.00,0.014050
135.3430,5.9730,61.49,118.00,0.014144
135.4238,5.9730,61.49,118.00,0.014963
135.5065,5.9730,61.49,118.00,0.013477
135.5850,5.9730,61.76,118.00,0.013382
135.6661,5.9730,62.03,118.00,0.014144
135.7480,5.9730,61.49,117.50,0.014110
135.8307,5.9730,62.03,117.00,0.013855
135.9126,5.9730,62.30,117.00,0.013900
135.9969,5.9730,62.03,117.00,0.013457
136.0763,5.9730,62.30,117.00,0.014033
136.1588,5.9730,62.30,117.00,0.013579
136.2381,5.9730,61.76,117.00,0.013923
136.3242,5.9730,62.30,117.00,0.014731
136.4084,5.9730,62.03,117.00,0.014501
136.4904,5.9730,62.03,117.00,0.014264
136.5728,5.9730,62.03,117.00,0.013582
136.6554,5.9730,62.30,117.00,0.014296
136.7376,5.9730,62.03,117.00,0.014209
136.8202,5.9730,61.49,117.00,0.014042
136.9026,5.9730,62.30,118.00,0.014548
136.9868,5.9730,62.03,118.00,0.014039
137.0701,5.9730,62.30,118.00,0.014214
137.1504,5.9730,62.03,118.00,0.013631
137.2325,5.9730,62.03,117.50,0.014436
137.3155,5.9730,62.03,117.00,0.014383
137.3996,5.9730,62.03,117.00,0.014168
137.4826,5.9730,62.30,117.00,0.014526
137.5629,5.9730,62.30,117.00,0.014131
137.6442,5.9730,61.76,117.00,0.013838
137.7269,5.9730,61.76,117.50,0.014550
137.8117,5.9730,61.49,117.50,0.014048
137.8944,5.9730,62.03,117.00,0.014256
137.9791,5.9730,61.76,117.00,0.014276
138.0614,5.9730,62.03,117.00,0.014106
138.1444,5.9730,62.03,117.00,0.014314
138.2255,5.9730,62.30,117.00,0.013883
138.3070,5.9730,61.76,117.00,0.014011
138.3878,5.9560,62.30,117.00,0.014676
138.4757,5.9390,62.03,117.00,0.014427
138.5560,5.9390,61.76,118.00,0.014008
138.6405,5.9390,61.76,117.00,0.014323
138.7204,5.9390,62.03,117.00,0.013782
138.8028,5.9390,61.76,117.50,0.013779
138.8837,5.9390,62.03,118.00,0.014734
138.9665,5.9390,62.03,118.00,0.014216
139.0473,5.9390,62.03,118.00,0.014648
139.1318,5.9390,62.30,118.00,0.014118
139.2147,5.9255,61.76,118.00,0.014337
139.3004,5.9120,61.49,118.00,0.014461
139.3841,5.9120,61.76,118.00,0.014217
139.4714,5.9120,61.76,118.00,0.014181
139.5543,5.9120,61.76,118.00,0.014616
139.6386,5.9120,61.76,118.00,0.014254
139.7187,5.9120,61.76,118.00,0.014297
139.8047,5.9120,62.03,118.00,0.014507
139.8869,5.9120,62.03,118.00,0.014302
139.9743,5.9120,62.03,118.00,0.014328
140.0544,5.9120,61.49,117.00,0.014098
140.1398,5.9120,61.76,117.50,0.014648
140.2224,5.9025,61.76,117.00,0.014394
140.3060,5.8930,61.49,117.00,0.014576
140.3864,5.8930,62.03,117.50,0.014345
140.4705,5.8930,61.76,117.00,0.013924
140.5491,5.8930,62.03,117.00,0.013788
140.6293,5.8930,62.03,117.00,0.013468
140.7108,5.8930,62.30,117.00,0.014234
140.7935,5.8930,61.76,117.00,0.014051
140.8730,5.8930,62.03,117.00,0.013613
140.9583,5.8930,61.76,117.00,0.014750
141.0463,5.8930,61.49,117.00,0.014779
141.1341,5.8930,62.03,117.00,0.015142
141.2225,5.8605,61.76,117.00,0.014450
141.3064,5.8280,61.49,117.00,0.013880
141.3873,5.8280,61.76,118.00,0.014094
141.4749,5.8280,61.76,118.00,0.013963
141.5603,5.8280,62.03,118.00,0.015030
141.6466,5.8280,61.49,118.00,0.015034
141.7322,5.8280,62.30,118.00,0.014194
141.8222,5.8280,62.03,118.00,0.015222
141.9072,5.8280,61.22,118.00,0.014456
141.9972,5.8280,62.03,118.00,0.014317
142.0835,5.8280,61.76,118.00,0.014626
142.1741,5.8280,61.49,118.00,0.014899
142.2581,5.7250,61.76,118.00,0.014292
142.3481,5.7250,61.49,117.00,0.013981
142.4358,5.7250,61.49,117.50,0.015100
142.5227,5.7250,62.03,117.00,0.014399
142.6029,5.7250,61.76,117.00,0.014249
142.6849,5.7250,62.03,117.00,0.013966
142.7676,5.7250,61.76,117.50,0.014426
142.8543,5.7250,61.22,117.00,0.014166
142.9389,5.7250,61.76,117.00,0.013938
143.0228,5.7250,61.76,117.00,0.013881
143.1037,5.7250,61.76,117.00,0.013753
143.1923,5.7960,61.76,117.00,0.014661
143.2785,5.8670,62.03,117.50,0.014737
143.3690,5.8670,61.76,117.00,0.014296
143.4565,5.8670,61.76,117.50,0.016473
143.5449,5.8670,61.22,118.00,0.014565
143.6336,5.8670,62.03,118.00,0.014832
143.7143,5.8670,62.03,118.00,0.013693
143.7962,5.8670,62.03,118.00,0.013870
143.8796,5.8670,61.49,118.00,0.013962
143.9652,5.8670,61.22,118.00,0.015545
144.0559,5.8670,62.30,118.00,0.014955
144.1423,5.8670,62.30,118.00,0.014902
144.2308,5.9240,61.49,118.00,0.014425
144.3196,5.9240,62.30,118.00,0.015069
144.4083,5.9240,61.49,118.00,0.015214
144.4905,5.9240,62.03,118.00,0.013576
144.5767,5.9240,61.76,118.00,0.014241
144.6647,5.9240,62.30,118.00,0.014060
144.7550,5.9240,61.22,118.00,0.014786
144.8409,5.9240,61.49,118.00,0.014285
144.9271,5.9240,61.22,118.00,0.014529
145.0078,5.9240,62.30,117.00,0.014208
145.0913,5.9240,62.30,117.00,0.014430
145.1719,5.9240,61.49,117.00,0.013953
145.2554,5.9430,62.30,117.00,0.014152
145.3382,5.9430,61.76,117.00,0.014558
145.4240,5.9430,61.76,118.00,0.014250
145.5066,5.9430,62.30,117.50,0.014538
145.5917,5.9430,62.03,118.00,0.014312
145.6754,5.9430,62.03,118.00,0.014749
145.7629,5.9430,61.76,118.00,0.014342
145.8466,5.9430,61.22,118.00,0.014708
145.9318,5.9430,61.76,118.00,0.014050
146.0150,5.9430,61.49,118.00,0.014565
146.0993,5.9430,61.76,118.00,0.013716
146.1800,5.9430,61.76,118.00,0.014286
146.2672,5.8740,62.03,118.00,0.014284
146.3470,5.8740,61.76,118.00,0.013804
146.4310,5.8740,61.76,118.00,0.013838
146.5144,5.8740,61.76,118.00,0.013835
146.5990,5.8740,61.76,118.00,0.014364
146.6821,5.8740,61.49,118.00,0.013959
146.7632,5.8740,62.30,117.50,0.013951
146.8470,5.8740,61.49,117.00,0.013873
146.9313,5.8740,61.49,117.50,0.014357
147.0141,5.8740,61.76,117.00,0.014367
147.0978,5.8740,61.49,117.00,0.014823
147.1814,5.9160,61.76,117.00,0.014477
147.2664,5.9580,62.03,117.00,0.014215
147.3473,5.9580,62.03,117.00,0.014668
147.4328,5.9580,62.30,117.50,0.014021
147.5152,5.9580,61.49,118.00,0.014281
147.6001,5.9580,62.03,118.00,0.014416
147.6847,5.9580,61.76,117.00,0.014326
147.7663,5.9580,61.49,117.50,0.013876
147.8470,5.9580,62.03,118.00,0.014366
147.9325,5.9580,62.03,118.00,0.014092
148.0124,5.9580,61.76,118.00,0.014278
148.0949,5.9580,61.76,118.00,0.014437
148.1773,5.9580,62.03,118.00,0.014234
148.2606,5.9160,61.49,118.00,0.014552
148.3432,5.9160,62.03,118.00,0.014380
148.4283,5.9160,61.76,118.00,0.013935
148.5128,5.9160,62.03,118.00,0.014689
148.5993,5.9160,61.76,118.00,0.014481
148.6813,5.9160,61.76,118.00,0.014070
148.7656,5.9160,62.03,118.00,0.013958
148.8485,5.9160,61.22,118.00,0.014259
148.9339,5.9160,61.49,118.00,0.014073
149.0151,5.9160,62.03,118.00,0.014891
149.1007,5.9160,61.76,117.50,0.014736
149.1820,5.9160,61.76,117.50,0.014612
149.2675,5.8630,61.49,117.00,0.014393
149.3511,5.8630,61.76,117.00,0.014446
149.4395,5.8630,62.30,117.00,0.014840
149.5226,5.8630,61.76,118.00,0.014822
149.6080,5.8630,61.76,118.00,0.014179
149.6915,5.8630,61.76,118.00,0.014522
149.7762,5.8630,62.03,117.50,0.014072
149.8595,5.8630,61.49,117.00,0.014490
149.9455,5.8630,62.03,117.50,0.014328
150.0250,5.8630,61.76,118.00,0.014098
150.1072,5.8630,61.76,118.00,0.014171
150.1874,5.8630,61.76,118.00,0.014303
150.2696,5.8745,61.76,118.00,0.013841
150.3514,5.8860,61.76,118.00,0.014548
150.4383,5.8860,62.03,118.00,0.013989
150.5182,5.8860,62.03,118.00,0.014205
150.6029,5.8860,61.49,118.00,0.013783
150.6837,5.8860,62.03,118.00,0.014627
150.7677,5.8860,62.30,118.00,0.013892
150.8506,5.8860,61.49,118.00,0.014793
150.9356,5.8860,61.22,118.00,0.014355
151.0152,5.8860,62.03,118.00,0.013852
151.1002,5.8860,61.76,118.00,0.014344
151.1835,5.9010,61.49,118.00,0.014660
151.2660,5.9160,62.03,117.50,0.014394
151.3462,5.9160,62.30,117.00,0.014397
151.4277,5.9160,61.76,117.00,0.013680
151.5087,5.9160,62.03,117.00,0.013780
151.5900,5.9160,61.49,118.00,0.013960
151.6750,5.9160,61.76,118.00,0.014384
151.7592,5.9160,61.22,117.00,0.014527
151.8397,5.9160,62.03,117.50,0.014355
151.9227,5.9160,62.03,117.00,0.014210
152.0030,5.9160,61.76,117.00,0.014589
152.0877,5.9160,62.03,117.00,0.014568
152.1722,5.9160,62.30,117.50,0.014291
152.2557,5.9700,62.03,117.00,0.014437
152.3380,5.9700,62.03,117.00,0.014271
152.4229,5.9700,62.03,117.50,0.013803
152.5026,5.9700,61.49,117.50,0.013563
152.5856,5.9700,62.03,118.00,0.013986
152.6640,5.9700,62.03,118.00,0.013425
152.7476,5.9700,62.30,118.00,0.014230
152.8304,5.9700,62.03,118.00,0.014396
152.9172,5.9700,62.30,118.00,0.014043
152.9990,5.9700,62.30,118.00,0.013881
153.0872,5.9700,62.03,118.00,0.014113
153.1703,5.9700,62.30,118.00,0.013804
153.2560,5.9700,62.30,118.00,0.013843
153.3394,5.9700,61.76,118.00,0.014056
153.4260,5.9700,62.03,117.50,0.014546
153.5064,5.9700,61.49,117.50,0.014334
153.5925,5.9700,62.30,117.00,0.014595
153.6733,5.9700,62.03,118.00,0.013931
153.7559,5.9700,61.49,118.00,0.014163
153.8394,5.9700,61.76,118.00,0.014679
153.9269,5.9700,61.49,118.00,0.014472
154.0113,5.9700,62.03,118.00,0.014260
154.0963,5.9700,62.03,117.50,0.014237
154.1781,5.9700,61.76,117.00,0.013734
154.2616,5.9565,62.03,117.50,0.013901
154.3423,5.9430,62.30,118.00,0.014302
154.4272,5.9430,61.76,118.00,0.014298
154.5093,5.9430,61.76,118.00,0.014570
154.5906,5.9430,62.30,118.00,0.013487
154.6702,5.9430,61.76,118.00,0.013724
154.7517,5.9430,61.76,118.00,0.014021
154.8345,5.9430,62.03,118.00,0.015037
154.9243,5.9430,62.03,118.00,0.015356
155.0097,5.9430,61.76,118.00,0.014530
155.0991,5.9430,62.03,118.00,0.015019
155.1827,5.9430,62.30,118.00,0.013846
155.2663,5.9430,61.76,118.00,0.013822
155.3491,5.8840,61.49,118.00,0.014405
155.4343,5.8250,61.76,118.00,0.013618
155.5139,5.8250,61.76,118.00,0.013791
155.6006,5.8250,61.76,117.50,0.015445
155.6889,5.8250,61.22,117.00,0.014818
155.7760,5.8250,62.03,117.50,0.014069
155.8595,5.8250,61.76,118.00,0.014134
155.9459,5.8250,61.76,118.00,0.014525
156.0280,5.8250,61.49,118.00,0.013894
156.1101,5.8250,61.76,118.00,0.014110
156.1924,5.8250,61.49,118.00,0.013912
156.2785,5.7905,61.76,117.50,0.014899
156.3644,5.7560,62.03,117.50,0.015145
156.4559,5.7560,61.76,118.00,0.015026
156.5436,5.7560,61.49,118.00,0.014415
156.6314,5.7560,61.76,118.00,0.014720
156.7157,5.7560,61.49,117.50,0.014695
156.8050,5.7560,62.03,117.00,0.013945
156.8895,5.7560,61.76,118.00,0.014581
156.9780,5.7560,61.76,118.00,0.013957
157.0627,5.7560,61.49,118.00,0.014115
157.1476,5.7560,61.76,118.00,0.014198
157.2332,5.9470,61.22,118.00,0.013708
157.3181,5.9470,61.22,118.00,0.014608
157.3987,5.9470,62.03,118.00,0.014560
157.4845,5.9470,61.49,118.00,0.014523
157.5684,5.9470,61.76,118.00,0.014353
157.6507,5.9470,62.30,118.00,0.014143
157.7321,5.9470,61.76,118.00,0.014773
157.8143,5.9470,61.49,117.50,0.014555
157.8953,5.9470,61.22,117.00,0.014744
157.9778,5.9470,61.76,118.00,0.013864
158.0581,5.9470,61.49,117.50,0.014551
158.1424,5.9470,61.76,117.50,0.014369
158.2229,5.9545,62.03,117.00,0.014533
158.3039,5.9620,62.03,117.00,0.013682
158.3869,5.9620,62.30,117.50,0.013946
158.4715,5.9620,61.76,117.00,0.014400
158.5536,5.9620,62.03,117.50,0.014220
158.6358,5.9620,61.76,118.00,0.014188
158.7187,5.9620,61.49,118.00,0.014611
158.8003,5.9620,62.30,118.00,0.013803
158.8815,5.9620,62.03,118.00,0.014194
158.9635,5.9620,62.03,118.00,0.013418
159.0424,5.9620,61.76,118.00,0.014032
159.1237,5.9620,61.76,118.00,0.013974
159.2086,5.9600,62.03,118.00,0.015247
159.2922,5.9580,62.03,118.00,0.014406
159.3744,5.9580,62.03,118.00,0.014015
159.4589,5.9580,61.49,117.50,0.014533
159.5376,5.9580,61.76,117.00,0.013831
159.6188,5.9580,61.76,117.00,0.013606
159.6992,5.9580,61.76,117.00,0.014142
159.7835,5.9580,62.30,117.00,0.014333
159.8667,5.9580,62.03,117.00,0.014703
159.9494,5.9580,62.30,117.00,0.014131
160.0310,5.9580,62.03,117.00,0.013920
160.1158,5.9580,61.76,117.50,0.014328
160.2001,5.9370,62.30,117.00,0.014645
160.2849,5.9160,62.03,117.00,0.014280
160.3671,5.9160,61.76,117.00,0.014080
160.4546,5.9160,62.03,117.50,0.014442
160.5343,5.9160,62.30,117.00,0.014374
160.6191,5.9160,62.03,117.00,0.014376
160.7041,5.9160,62.30,117.50,0.014486
160.7899,5.9160,62.30,118.00,0.014365
160.8708,5.9160,62.03,118.00,0.014605
160.9566,5.9160,61.76,118.00,0.014323
161.0403,5.9160,61.76,118.00,0.013751
161.1219,5.9160,61.49,118.00,0.013908
161.2011,5.9160,62.30,118.00,0.013495
161.2827,5.9160,62.30,118.00,0.014062
161.3666,5.8590,62.03,118.00,0.014535
161.4519,5.8590,62.03,118.00,0.013984
161.5348,5.8590,61.76,118.00,0.014460
161.6160,5.8590,61.49,118.00,0.013759
161.6981,5.8590,61.22,118.00,0.014061
161.7822,5.8590,61.49,118.00,0.014391
161.8629,5.8590,62.03,118.00,0.013846
161.9453,5.8590,61.76,118.00,0.013706
162.0306,5.8590,62.30,118.00,0.014738
162.1140,5.8590,62.30,118.00,0.014529
162.1966,5.8590,62.30,118.00,0.014553
162.2802,5.9090,61.76,118.00,0.014233
162.3633,5.9090,62.03,118.00,0.014045
162.4509,5.9090,61.76,118.00,0.014197
162.5331,5.9090,61.76,118.00,0.014511
162.6157,5.9090,62.30,118.00,0.013848
162.6995,5.9090,61.49,118.00,0.014395
162.7859,5.9090,61.76,118.00,0.013769
162.8668,5.9090,62.30,118.00,0.014596
162.9525,5.9090,62.30,118.00,0.014333
163.0328,5.9090,62.30,118.00,0.014173
163.1152,5.9090,62.03,118.00,0.014733
163.1964,5.9125,62.03,118.00,0.014450
163.2832,5.9160,61.76,118.00,0.014485
163.3641,5.9160,61.49,118.00,0.014440
163.4479,5.9160,62.03,118.00,0.014471
163.5324,5.9160,61.76,118.00,0.014267
163.6156,5.9160,61.76,118.00,0.014045
163.6986,5.9160,61.49,118.00,0.014057
163.7832,5.9160,61.76,118.00,0.014403
163.8661,5.9160,61.49,118.00,0.014513
163.9489,5.9160,62.03,118.00,0.013956
164.0314,5.9160,61.76,118.00,0.014492
164.1179,5.9160,62.30,118.00,0.014385
164.1991,5.9315,61.49,118.00,0.014233
164.2837,5.9470,62.03,118.00,0.014594
164.3682,5.9470,62.30,118.00,0.014103
164.4537,5.9470,61.76,118.00,0.014218
164.5357,5.9470,62.03,118.00,0.014547
164.6182,5.9470,62.03,118.00,0.014153
164.6985,5.9470,62.03,118.00,0.014344
164.7828,5.9470,62.03,118.00,0.014432
164.8660,5.9470,61.76,118.00,0.014275
164.9511,5.9470,62.03,118.00,0.014377
165.0340,5.9470,62.03,118.00,0.014307
165.1186,5.9470,62.30,118.00,0.014550
165.1988,5.9410,61.49,118.00,0.014011
165.2831,5.9350,62.30,118.00,0.014023
165.3677,5.9350,62.30,118.00,0.014493
165.4506,5.9350,61.76,118.00,0.014153
165.5301,5.9350,61.76,118.00,0.014085
165.6114,5.9350,61.49,118.00,0.014011
165.6904,5.9350,61.76,118.00,0.013711
165.7721,5.9350,62.03,118.00,0.014369
165.8526,5.9350,62.03,118.00,0.014436
165.9350,5.9350,61.49,118.00,0.014049
166.0193,5.9350,61.49,118.00,0.014229
166.1039,5.9350,61.76,118.00,0.014464
166.1847,5.9350,61.49,118.00,0.014775
166.2673,5.8360,62.03,118.00,0.014166
166.3500,5.8360,61.49,118.00,0.014683
166.4351,5.8360,61.49,117.50,0.014363
166.5151,5.8360,62.30,117.00,0.014287
166.6004,5.8360,62.03,118.00,0.014724
166.6795,5.8360,62.03,118.00,0.013747
166.7605,5.8360,62.30,118.00,0.014058
166.8420,5.8360,61.49,118.00,0.014101
166.9265,5.8360,62.03,118.00,0.013893
167.0112,5.8360,62.03,118.00,0.014294
167.0947,5.8360,61.76,118.00,0.013590
167.1740,5.8360,61.49,118.00,0.014303
167.2551,5.8360,62.03,118.00,0.014121
167.3348,5.8950,62.03,118.00,0.014159
167.4197,5.9540,62.03,118.00,0.015097
167.5018,5.9540,62.03,118.00,0.014185
167.5831,5.9540,61.49,118.00,0.014047
167.6621,5.9540,61.49,118.00,0.013985
167.7425,5.9540,62.03,118.00,0.013870
167.8227,5.9540,62.03,118.00,0.014399
167.9100,5.9540,62.03,118.00,0.014330
167.9901,5.9540,62.03,118.00,0.014540
168.0747,5.9540,61.76,118.00,0.014422
168.1547,5.9540,61.76,118.00,0.013997
168.2384,5.9280,62.03,118.00,0.014746
168.3227,5.9280,62.30,118.00,0.014112
168.4079,5.9280,62.30,118.00,0.014343
168.4909,5.9280,62.30,118.00,0.014630
168.5757,5.9280,62.03,118.00,0.014633
168.6587,5.9280,62.03,118.00,0.014545
168.7428,5.9280,62.03,118.00,0.014402
168.8234,5.9280,62.30,118.00,0.014373
168.9082,5.9280,61.76,118.00,0.013682
168.9870,5.9280,61.76,118.00,0.013912
169.0709,5.9280,61.76,118.00,0.014147
169.1516,5.9280,62.03,118.00,0.014488
169.2362,5.9240,62.03,118.00,0.014078
169.3194,5.9200,62.03,117.50,0.014381
169.4048,5.9200,61.76,117.00,0.014395
169.4868,5.9200,62.30,117.00,0.014100
169.5719,5.9200,61.76,117.00,0.014508
169.6541,5.9200,61.76,117.00,0.014013
169.7384,5.9200,61.76,117.00,0.014513
169.8184,5.9200,62.30,118.00,0.014002
169.9025,5.9200,62.03,118.00,0.013486
169.9809,5.9200,62.03,118.00,0.013938
170.0632,5.9200,62.03,118.00,0.014057
170.1469,5.9200,62.03,118.00,0.014417
170.2308,5.9180,61.49,118.00,0.013884
170.3150,5.9160,62.30,118.00,0.014892
170.4018,5.9160,62.30,118.00,0.014795
170.4821,5.9160,62.30,118.00,0.014597
170.5699,5.9160,61.49,118.00,0.014191
170.6527,5.9160,62.03,118.00,0.014431
170.7370,5.9160,62.03,118.00,0.013914
170.8191,5.9160,62.30,118.00,0.014021
170.9066,5.9160,62.03,117.50,0.014014
170.9864,5.9160,61.49,117.00,0.014210
171.0712,5.9160,62.03,117.00,0.014278
171.1516,5.9160,61.49,118.00,0.013659
171.2328,5.9390,62.03,118.00,0.013940
171.3121,5.9620,62.03,118.00,0.013697
171.3953,5.9620,61.49,118.00,0.014523
171.4780,5.9620,62.03,118.00,0.014418
171.5607,5.9620,61.76,118.00,0.014517
171.6421,5.9620,61.76,118.00,0.014341
171.7246,5.9620,61.76,118.00,0.014385
171.8034,5.9620,62.03,118.00,0.013919
171.8872,5.9620,62.30,117.00,0.013932
171.9662,5.9620,61.76,117.50,0.014004
172.0510,5.9620,61.49,118.00,0.014442
172.1335,5.9620,62.30,118.00,0.014201
172.2162,5.9430,62.03,118.00,0.014320
172.2967,5.9240,61.76,118.00,0.014225
172.3825,5.9240,62.30,118.00,0.014562
172.4654,5.9240,61.76,118.00,0.013967
172.5486,5.9240,62.03,118.00,0.014337
172.6297,5.9240,62.03,118.00,0.014290
172.7127,5.9240,61.76,118.00,0.014512
172.7942,5.9240,62.30,117.50,0.014288
172.8817,5.9240,62.03,118.00,0.014397
172.9644,5.9240,61.76,118.00,0.014320
173.0476,5.9240,62.03,118.00,0.014194
173.1323,5.9240,62.03,118.00,0.013980
173.2159,5.9450,62.03,118.00,0.014287
173.2993,5.9660,62.03,118.00,0.014605
173.3827,5.9660,61.49,118.00,0.014288
173.4655,5.9660,62.03,118.00,0.014401
173.5480,5.9660,61.76,118.00,0.013886
173.6311,5.9660,62.30,118.00,0.014274
173.7158,5.9660,61.49,118.00,0.014371
173.7987,5.9660,62.03,118.00,0.014664
173.8835,5.9660,62.03,118.00,0.013916
173.9640,5.9660,62.03,118.00,0.014262
174.0486,5.9660,62.30,118.00,0.014290
174.1296,5.9660,62.30,118.00,0.014096
174.2128,5.9390,62.03,118.00,0.014675
174.2952,5.9120,61.76,118.00,0.013661
174.3789,5.9120,62.03,117.50,0.013809
174.4579,5.9120,62.03,117.00,0.014075
174.5389,5.9120,62.03,117.00,0.013781
174.6234,5.9120,61.76,117.00,0.014489
174.7072,5.9120,62.30,117.00,0.013847
174.7908,5.9120,61.76,117.00,0.014487
174.8747,5.9120,61.76,117.00,0.013798
174.9536,5.9120,61.49,117.50,0.013757
175.0356,5.9120,62.30,118.00,0.014379
175.1157,5.9120,62.03,117.50,0.014399
175.2006,5.9425,61.76,117.00,0.014335
175.2819,5.9730,62.03,117.00,0.013950
175.3659,5.9730,62.30,118.00,0.014590
175.4481,5.9730,61.76,118.00,0.014017
175.5314,5.9730,62.30,118.00,0.014519
175.6139,5.9730,62.03,118.00,0.014159
175.6959,5.9730,62.30,118.00,0.014522
175.7792,5.9730,62.03,118.00,0.014591
175.8625,5.9730,61.49,118.00,0.014337
175.9426,5.9730,61.22,118.00,0.014621
176.0277,5.9730,61.76,117.50,0.014627
176.1101,5.9730,62.03,117.50,0.013893
176.1907,5.9730,62.03,117.00,0.013819
176.2725,5.9730,62.03,117.50,0.014153
176.3583,6.0000,62.30,118.00,0.014413
176.4380,6.0000,61.76,118.00,0.014381
176.5221,6.0000,62.03,118.00,0.014188
176.6029,6.0000,62.03,118.00,0.014219
176.6867,6.0000,61.76,118.00,0.014085
176.7697,6.0000,62.30,118.00,0.014318
176.8546,6.0000,62.03,118.00,0.013984
176.9351,6.0000,61.76,118.00,0.014531
177.0196,6.0000,61.76,117.50,0.014043
177.0992,6.0000,61.76,118.00,0.013519
177.1800,6.0000,62.03,118.00,0.013653
177.2589,6.0000,61.76,118.00,0.013731
177.3431,6.0000,62.03,118.00,0.013994
177.4261,6.0000,62.03,118.00,0.014423
177.5084,6.0000,62.03,118.00,0.014065
177.5889,6.0000,62.03,118.00,0.014095
177.6723,6.0000,61.76,118.00,0.013998
177.7547,6.0000,61.49,118.00,0.014305
177.8397,6.0000,61.76,118.00,0.013947
177.9197,6.0000,61.49,118.00,0.013750
178.0036,6.0000,61.76,118.00,0.013884
178.0888,6.0000,62.03,117.50,0.014374
178.1730,6.0000,61.76,117.00,0.014270
178.2530,6.0000,62.03,117.50,0.013710
178.3367,6.0000,62.03,118.00,0.014170
178.4207,6.0000,62.03,118.00,0.014116
178.5040,5.8210,61.76,118.00,0.014250
178.5831,5.8210,62.30,118.00,0.013777
178.6639,5.8210,62.03,118.00,0.013987
178.7432,5.8210,61.49,118.00,0.013915
178.8280,5.8210,62.03,118.00,0.014623
178.9105,5.8210,62.03,118.00,0.014633
178.9931,5.8210,61.49,118.00,0.014210
179.0750,5.8210,61.76,118.00,0.013737
179.1599,5.8210,62.03,118.00,0.014446
179.2428,5.8210,62.03,118.00,0.014310
179.3281,5.8210,61.49,118.00,0.014556
179.4130,5.8210,61.76,118.00,0.014350
179.4963,5.8210,62.30,118.00,0.014527
179.5787,5.8210,61.76,118.00,0.013966
179.6629,5.8210,62.03,118.00,0.014267
179.7461,5.8210,62.03,118.00,0.014794
179.8307,5.8210,62.03,118.00,0.014091
179.9111,5.8210,61.76,118.00,0.014774
179.9955,5.8210,62.03,118.00,0.014162
180.0782,5.8210,61.22,118.00,0.014108
180.1627,5.8210,62.03,118.00,0.013520
180.2414,5.8210,62.30,118.00,0.013642
180.3235,5.8210,61.76,118.00,0.013539
180.4041,5.8210,62.30,118.00,0.014320
180.4915,5.8210,62.03,118.00,0.014693
180.5746,5.8210,62.30,118.00,0.014623
180.6589,5.8210,62.30,118.00,0.014480
180.7411,5.8210,61.49,118.00,0.014266
180.8244,5.8210,61.49,118.00,0.014416
180.9067,5.8210,62.03,118.00,0.014352
180.9916,5.8210,61.76,118.00,0.014481
181.0743,5.8210,61.76,118.00,0.014413
181.1563,5.8210,61.49,118.00,0.013960
181.2423,5.9200,61.22,118.00,0.014553
181.3276,5.9200,62.30,118.00,0.014227
181.4109,5.9200,61.76,118.00,0.015116
181.4954,5.9200,62.03,118.00,0.014235
181.5741,5.9200,61.76,118.00,0.013741
181.6550,5.9200,62.30,118.00,0.013620
181.7347,5.9200,61.49,118.00,0.014243
181.8218,5.9200,62.30,118.00,0.014363
181.9047,5.9200,62.30,118.00,0.014363
181.9865,5.9200,62.03,118.00,0.013728
182.0660,5.9200,61.49,118.00,0.014181
182.1490,5.9200,62.03,118.00,0.013586
182.2311,5.9200,61.49,118.00,0.014245
182.3139,5.8740,62.03,118.00,0.013669
182.3947,5.8740,62.03,118.00,0.013958
182.4785,5.8740,61.76,118.00,0.014011
182.5612,5.8740,61.76,118.00,0.014285
182.6438,5.8740,61.76,118.00,0.014465
182.7262,5.8740,61.76,118.00,0.014266
182.8117,5.8740,62.30,118.00,0.014414
182.8940,5.8740,62.03,118.00,0.014306
182.9768,5.8740,62.03,118.00,0.014109
183.0593,5.8740,61.76,118.00,0.014179
183.1422,5.8740,61.76,118.00,0.014260
183.2226,5.9180,61.49,118.00,0.014218
183.3064,5.9620,62.30,118.00,0.014103
183.3891,5.9620,61.49,118.00,0.014526
183.4749,5.9620,62.03,118.00,0.013990
183.5581,5.9620,62.03,118.00,0.014489
183.6429,5.9620,62.03,118.00,0.014302
183.7263,5.9620,62.03,118.00,0.014358
183.8119,5.9620,62.30,118.00,0.014119
183.8951,5.9620,61.76,118.00,0.014451
183.9833,5.9620,61.49,118.00,0.014520
184.0664,5.9620,61.76,118.00,0.014207
184.1516,5.9620,61.49,118.00,0.014743
184.2345,5.9310,62.03,118.00,0.014323
184.3221,5.9310,62.03,118.00,0.014372
184.4021,5.9310,62.03,118.00,0.014214
184.4838,5.9310,61.49,118.00,0.013669
184.5629,5.9310,61.76,118.00,0.014002
184.6437,5.9310,62.30,118.00,0.013552
184.7270,5.9310,61.76,118.00,0.013994
184.8123,5.9310,62.30,118.00,0.014978
184.8939,5.9310,61.49,118.00,0.014030
184.9812,5.9310,61.76,118.00,0.014055
185.0636,5.9310,62.30,118.00,0.014543
185.1480,5.9310,62.03,118.00,0.014024
185.2310,5.8890,61.76,118.00,0.014137
185.3134,5.8890,62.03,118.00,0.013850
185.3947,5.8890,61.76,118.00,0.014050
185.4793,5.8890,61.76,118.00,0.014479
185.5611,5.8890,61.76,118.00,0.013819
185.6437,5.8890,62.03,118.00,0.014593
185.7280,5.8890,62.30,118.00,0.013902
185.8109,5.8890,61.76,118.00,0.014060
185.8946,5.8890,61.76,118.00,0.013639
185.9758,5.8890,62.30,118.00,0.013752
186.0564,5.8890,62.03,118.00,0.014119
186.1402,5.8890,62.30,118.00,0.014185
186.2232,5.9100,62.03,118.00,0.014376
186.3108,5.9310,62.30,118.00,0.013997
186.3909,5.9310,61.76,117.50,0.013986
186.4776,5.9310,62.03,118.00,0.014174
186.5580,5.9310,62.03,118.00,0.014619
186.6424,5.9310,62.03,118.00,0.014428
186.7236,5.9310,62.30,118.00,0.014520
186.8072,5.9310,61.76,118.00,0.014591
186.8875,5.9310,62.03,118.00,0.014368
186.9725,5.9310,62.03,118.00,0.014374
187.0553,5.9310,61.76,118.00,0.014268
187.1375,5.9310,61.76,118.00,0.014091
187.2205,5.9100,62.03,118.00,0.014484
187.3046,5.8890,61.49,118.00,0.014369
187.3871,5.8890,62.30,118.00,0.014490
187.4702,5.8890,61.49,118.00,0.013708
187.5558,5.8890,62.03,118.00,0.014471
187.6392,5.8890,62.30,118.00,0.013827
187.7184,5.8890,62.30,118.00,0.013791
187.8026,5.8890,61.49,118.00,0.013983
187.8846,5.8890,62.30,118.00,0.014408
187.9663,5.8890,61.49,118.00,0.013953
188.0468,5.8890,61.76,118.00,0.013989
188.1315,5.8890,62.03,118.00,0.014366
188.2123,5.9140,62.30,118.00,0.013972
188.2959,5.9390,62.30,118.00,0.015047
188.3765,5.9390,62.03,118.00,0.013669
188.4577,5.9390,61.49,118.00,0.013813
188.5371,5.9390,62.03,118.00,0.013869
188.6196,5.9390,62.03,118.00,0.014580
188.7022,5.9390,62.03,118.00,0.013843
188.7873,5.9390,62.03,118.00,0.013913
188.8718,5.9390,62.03,117.00,0.014071
188.9594,5.9390,62.03,117.00,0.014356
189.0420,5.9390,61.49,117.00,0.013981
189.1240,5.9390,61.49,117.00,0.014745
189.2070,5.9655,62.03,117.50,0.014266
189.2900,5.9920,62.30,117.00,0.014191
189.3704,5.9920,62.03,117.00,0.013907
189.4541,5.9920,62.30,117.00,0.013824
189.5344,5.9920,62.03,118.00,0.014738
189.6186,5.9920,62.30,118.00,0.013952
189.7038,5.9920,61.76,118.00,0.014520
189.7891,5.9920,62.30,118.00,0.014513
189.8713,5.9920,61.76,118.00,0.014497
189.9562,5.9920,62.30,118.00,0.014255
190.0364,5.9920,62.30,118.00,0.014178
190.1208,5.9920,61.76,118.00,0.014051
190.2033,5.9485,62.03,118.00,0.014052
190.2872,5.9050,62.03,118.00,0.014072
190.3723,5.9050,62.03,118.00,0.014492
190.4577,5.9050,61.76,118.00,0.014593
190.5405,5.9050,62.30,118.00,0.014300
190.6225,5.9050,61.76,118.00,0.014117
190.7034,5.9050,62.30,117.50,0.014369
190.7863,5.9050,62.30,118.00,0.014170
190.8669,5.9050,62.03,118.00,0.014638
190.9515,5.9050,61.76,118.00,0.014169
191.0349,5.9050,62.03,118.00,0.014863
191.1192,5.9050,61.76,118.00,0.014094
191.2049,5.9470,62.30,118.00,0.014386
191.2881,5.9890,62.03,118.00,0.014186
191.3708,5.9890,62.03,118.00,0.014750
191.4561,5.9890,62.30,118.00,0.014251
191.5388,5.9890,61.22,118.00,0.014085
191.6228,5.9890,62.30,118.00,0.014297
191.7029,5.9890,62.30,118.00,0.014258
191.7862,5.9890,62.30,118.00,0.014458
191.8662,5.9890,62.30,118.00,0.014123
191.9483,5.9890,62.03,118.00,0.014122
192.0316,5.9890,62.03,118.00,0.014768
192.1152,5.9890,62.03,118.00,0.013775
192.1940,5.9890,61.76,118.00,0.013901
192.2781,5.9890,62.03,118.00,0.013605
192.3597,5.9600,62.03,118.00,0.015004
192.4469,5.9310,61.76,118.00,0.014233
192.5272,5.9310,62.03,118.00,0.014576
192.6117,5.9310,62.30,118.00,0.014670
192.6924,5.9310,62.03,118.00,0.014154
192.7764,5.9310,61.49,118.00,0.014610
192.8594,5.9310,61.76,117.50,0.014364
192.9434,5.9310,62.03,117.00,0.013494
193.0221,5.9310,62.03,118.00,0.013823
193.1031,5.9310,61.22,118.00,0.013988
193.1821,5.9310,61.76,118.00,0.013786
193.2673,5.9350,62.30,118.00,0.014303
193.3499,5.9390,62.30,118.00,0.014590
193.4365,5.9390,62.30,118.00,0.014165
193.5163,5.9390,61.49,118.00,0.013507
193.5992,5.9390,62.03,118.00,0.013891
193.6780,5.9390,62.03,118.00,0.013584
193.7595,5.9390,61.76,118.00,0.013499
193.8420,5.9390,61.22,118.00,0.014524
193.9269,5.9390,62.03,118.00,0.014268
194.0104,5.9390,61.76,118.00,0.014379
194.0947,5.9390,62.03,118.00,0.014061
194.1773,5.9390,61.76,118.00,0.014568
194.2627,5.8630,62.30,118.00,0.013916
194.3424,5.8630,62.03,118.00,0.014158
194.4271,5.8630,61.76,118.00,0.014349
194.5117,5.8630,62.03,118.00,0.014092
194.5985,5.8630,62.03,118.00,0.014435
194.6794,5.8630,61.76,118.00,0.014956
194.7668,5.8630,61.76,118.00,0.014306
194.8472,5.8630,62.03,118.00,0.014404
194.9296,5.8630,61.76,118.00,0.014144
195.0102,5.8630,62.03,118.00,0.014436
195.0925,5.8630,61.76,118.00,0.014509
195.1755,5.8630,61.76,118.00,0.014294
195.2598,5.9730,62.30,118.00,0.014570
195.3437,5.9730,61.76,118.00,0.013902
195.4263,5.9730,62.03,118.00,0.014237
195.5076,5.9730,62.30,118.00,0.014610
195.5917,5.9730,62.03,118.00,0.014539
195.6745,5.9730,61.76,118.00,0.014482
195.7603,5.9730,62.30,118.00,0.014113
195.8452,5.9730,61.49,118.00,0.014662
195.9280,5.9730,62.30,118.00,0.014242
196.0105,5.9730,61.49,118.00,0.014054
196.0910,5.9730,61.49,118.00,0.013841
196.1701,5.9730,62.03,118.00,0.013813
196.2543,5.9730,62.03,118.00,0.015805
196.3423,5.9470,62.30,118.00,0.014421
196.4299,5.9470,61.76,118.00,0.014484
196.5179,5.9470,62.03,118.00,0.014801
196.6053,5.9470,62.03,118.00,0.014879
196.6878,5.9470,62.03,118.00,0.014567
196.7771,5.9470,61.76,118.00,0.014668
196.8611,5.9470,62.30,118.00,0.014616
196.9512,5.9470,62.30,118.00,0.014757
197.0346,5.9470,61.49,118.00,0.013822
197.1153,5.9470,62.30,118.00,0.014279
197.1941,5.9470,61.76,118.00,0.013830
197.2758,5.9470,62.03,118.00,0.014444
197.3638,5.7670,61.76,118.00,0.015230
197.4480,5.7670,62.03,118.00,0.013882
197.5311,5.7670,61.76,118.00,0.014534
197.6144,5.7670,62.03,118.00,0.013740
197.6969,5.7670,62.03,118.00,0.014390
197.7785,5.7670,62.30,118.00,0.014092
197.8584,5.7670,62.30,118.00,0.014277
197.9398,5.7670,61.76,118.00,0.013945
198.0221,5.7670,62.03,118.00,0.014252
198.1045,5.7670,62.03,118.00,0.014402
198.1872,5.8835,62.30,118.00,0.014385
198.2699,6.0000,62.30,118.50,0.014300
198.3493,6.0000,62.30,119.00,0.013941
198.4318,6.0000,62.30,119.00,0.014144
198.5153,6.0000,61.76,119.00,0.014250
198.5988,6.0000,62.03,119.00,0.013946
198.6805,6.0000,62.30,119.00,0.013941
198.7647,6.0000,62.03,119.00,0.014044
198.8472,6.0000,62.03,119.00,0.014329
198.9307,6.0000,61.22,119.00,0.014177
199.0102,6.0000,61.49,119.00,0.014017
199.0924,6.0000,61.76,119.00,0.014599
199.1708,6.0000,62.03,119.00,0.013700
199.2565,5.9890,62.03,119.00,0.014650
199.3383,5.9890,62.03,119.00,0.014147
199.4235,5.9890,62.30,119.00,0.014998
199.5048,5.9890,62.30,119.00,0.013743
199.5869,5.9890,62.03,119.00,0.013847
199.6654,5.9890,61.49,119.00,0.013777
199.7473,5.9890,62.30,119.00,0.014526
199.8315,5.9890,61.76,119.00,0.014461
199.9149,5.9890,62.03,119.00,0.013963
199.9943,5.9890,61.76,119.00,0.014259
200.0806,5.9890,61.76,119.00,0.014102
200.1640,5.9890,61.76,119.00,0.014119
200.2474,5.9850,61.76,119.00,0.014383
200.3300,5.9850,62.03,119.00,0.014051
200.4122,5.9850,61.49,119.00,0.014546
200.4949,5.9850,61.49,119.00,0.014883
200.5794,5.9850,61.76,119.00,0.014359
200.6608,5.9850,61.76,119.00,0.014196
200.7450,5.9850,62.30,119.00,0.014309
200.8271,5.9850,62.03,119.00,0.014383
200.9110,5.9850,61.49,119.00,0.014173
200.9951,5.9850,62.03,119.00,0.014156
201.0816,5.9850,62.03,119.00,0.014344
201.1608,5.9850,62.03,119.00,0.013638
201.2431,5.9850,61.76,119.00,0.013798
201.3213,5.9850,61.76,119.00,0.013858
201.4054,5.9350,62.30,119.00,0.013899
201.4877,5.9350,62.03,119.00,0.013879
201.5680,5.9350,61.76,119.00,0.013862
201.6496,5.9350,61.76,119.00,0.014455
201.7339,5.9350,62.30,119.00,0.014446
201.8163,5.9350,62.03,119.00,0.014249
201.8993,5.9350,62.03,119.00,0.014896
201.9833,5.9350,62.03,120.00,0.014669
202.0708,5.9350,61.76,120.00,0.015041
202.1558,5.9350,61.76,120.00,0.015170
202.2448,5.9730,61.49,120.00,0.014784
202.3315,5.9730,62.03,120.00,0.015245
202.4123,5.9730,61.22,120.00,0.013687
202.4917,5.9730,62.03,120.00,0.013796
202.5761,5.9730,61.76,120.00,0.014251
202.6600,5.9730,61.22,120.00,0.014794
202.7483,5.9730,61.49,120.00,0.015097
202.8330,5.9730,61.49,120.00,0.014419
202.9210,5.9730,62.30,120.00,0.014917
203.0057,5.9730,62.30,120.00,0.014073
203.0895,5.9730,62.30,120.00,0.014242
203.1707,5.9730,62.30,120.00,0.014094
203.2552,5.9470,61.76,120.00,0.014355
203.3348,5.9470,61.76,120.00,0.013964
203.4169,5.9470,62.03,120.00,0.014920
203.4988,5.9470,62.03,120.00,0.014389
203.5798,5.9470,61.76,120.00,0.014146
203.6628,5.9470,61.76,120.00,0.013708
203.7427,5.9470,62.03,120.00,0.013643
203.8228,5.9470,61.49,120.00,0.013688
203.9029,5.9470,61.49,120.00,0.013967
203.9848,5.9470,62.03,120.00,0.013871
204.0706,5.9470,61.76,120.00,0.014217
204.1504,5.9470,62.03,120.00,0.013920
204.2350,5.8740,62.03,120.00,0.014187
204.3149,5.8740,61.76,120.00,0.014357
204.3969,5.8740,62.30,120.00,0.014233
204.4769,5.8740,61.76,120.00,0.014748
204.5582,5.8740,61.49,120.00,0.014343
204.6380,5.8740,61.76,120.00,0.014032
204.7193,5.8740,61.76,120.00,0.014219
204.8027,5.8740,61.49,120.00,0.013734
204.8837,5.8740,61.76,120.00,0.014455
204.9629,5.8740,62.30,120.00,0.014156
205.0438,5.8740,62.30,120.00,0.014275
205.1237,5.8740,62.03,120.00,0.014750
205.2078,5.9235,62.03,120.00,0.014034
205.2918,5.9730,61.49,120.00,0.014295
205.3760,5.9730,61.49,120.00,0.014642
205.4585,5.9730,62.03,120.00,0.014251
205.5399,5.9730,62.03,120.00,0.014348
205.6217,5.9730,61.22,120.00,0.014374
205.7033,5.9730,61.76,120.00,0.013835
205.7833,5.9730,61.76,120.00,0.014128
205.8647,5.9730,61.49,120.00,0.014354
205.9445,5.9730,62.30,120.00,0.014349
206.0257,5.9730,62.30,120.00,0.014245
206.1057,5.9730,62.03,120.00,0.014116
206.1854,5.9730,62.03,120.00,0.013700
206.2664,5.9730,61.76,120.00,0.013695
206.3479,5.9865,61.76,120.00,0.014608
206.4288,6.0000,62.03,120.00,0.014335
206.5144,6.0000,61.49,120.00,0.013915
206.5950,6.0000,62.30,120.00,0.014182
206.6786,6.0000,62.03,120.00,0.014241
206.7581,6.0000,62.03,120.00,0.014339
206.8397,6.0000,62.03,120.50,0.014272
206.9231,6.0000,62.30,121.00,0.013786
207.0069,6.0000,62.30,121.00,0.014573
207.0900,6.0000,61.76,121.00,0.014889
207.1716,6.0000,62.30,121.00,0.014306
207.2519,5.9390,62.30,121.00,0.014341
207.3357,5.9390,61.76,121.00,0.014426
207.4183,5.9390,62.03,121.00,0.015108
207.4997,5.9390,62.03,121.00,0.014186
207.5845,5.9390,62.03,121.00,0.014644
207.6700,5.9390,61.76,121.00,0.014148
207.7551,5.9390,62.03,121.00,0.014524
207.8412,5.9390,62.30,121.00,0.014193
207.9216,5.9390,62.03,121.00,0.014363
208.0062,5.9390,62.03,121.00,0.014441
208.0885,5.9390,62.30,121.00,0.014183
208.1730,5.9390,61.76,121.00,0.014735
208.2542,5.9120,61.76,121.00,0.014179
208.3360,5.9120,61.49,121.00,0.013774
208.4210,5.9120,61.49,121.00,0.014363
208.5047,5.9120,62.03,121.00,0.014068
208.5842,5.9120,61.76,121.00,0.014175
208.6676,5.9120,61.76,121.00,0.013932
208.7505,5.9120,62.03,121.00,0.014353
208.8322,5.9120,61.76,121.00,0.014144
208.9123,5.9120,61.49,121.00,0.014023
208.9962,5.9120,61.76,121.00,0.014008
209.0762,5.9120,62.03,121.00,0.014166
209.1605,5.9120,62.30,121.00,0.014457
209.2451,5.9275,61.76,121.00,0.014365
209.3269,5.9430,62.30,121.00,0.014218
209.4114,5.9430,61.22,121.00,0.014235
209.4919,5.9430,62.03,121.00,0.013547
209.5747,5.9430,62.03,121.00,0.013904
209.6550,5.9430,61.76,121.00,0.013646
209.7347,5.9430,61.76,121.00,0.014072
209.8163,5.9430,61.76,121.00,0.014113
209.9008,5.9430,61.49,121.00,0.014474
209.9828,5.9430,62.03,121.00,0.014177
210.0624,5.9430,61.76,121.00,0.013891
210.1430,5.9430,61.49,121.00,0.014180
210.2213,5.9430,62.30,121.00,0.013508
210.3051,5.9315,62.30,121.00,0.014058
210.3881,5.9200,61.76,121.00,0.014949
210.4757,5.9200,62.30,121.00,0.014624
210.5582,5.9200,62.03,121.00,0.013581
210.6427,5.9200,61.76,121.00,0.014161
210.7224,5.9200,61.76,121.00,0.013764
210.8078,5.9200,61.76,121.00,0.014071
210.8939,5.9200,62.30,121.00,0.014534
210.9830,5.9200,62.03,121.00,0.014204
211.0690,5.9200,61.49,121.00,0.015519
211.1567,5.9200,62.03,121.00,0.014591
211.2434,5.8700,61.49,121.00,0.015144
211.3311,5.8700,62.03,121.00,0.014348
211.4139,5.8700,61.49,121.00,0.014133
211.4952,5.8700,62.03,121.00,0.013407
211.5799,5.8700,62.03,121.00,0.013916
211.6675,5.8700,62.03,121.00,0.015166
211.7522,5.8700,62.03,121.00,0.014973
211.8384,5.8700,62.03,121.00,0.013660
211.9188,5.8700,62.30,121.00,0.014162
212.0031,5.8700,62.30,121.00,0.013523
212.0908,5.8700,61.49,121.00,0.014898
212.1782,5.8700,62.30,121.00,0.014285
212.2617,5.9470,61.76,121.00,0.013627
212.3427,5.9470,62.03,121.00,0.013771
212.4232,5.9470,62.03,121.00,0.014085
212.5119,5.9470,62.03,121.00,0.015139
212.5972,5.9470,62.03,121.00,0.014586
212.6878,5.9470,61.49,121.00,0.015183
212.7751,5.9470,61.76,121.00,0.015009
212.8660,5.9470,61.76,121.00,0.014339
212.9523,5.9470,62.03,121.00,0.015072
213.0390,5.9470,61.49,121.00,0.014478
213.1276,5.9470,62.03,121.00,0.014829
213.2185,5.8455,61.76,121.00,0.014932
213.3051,5.7440,62.30,121.00,0.014515
213.3957,5.7440,61.76,121.00,0.015295
213.4835,5.7440,62.03,121.00,0.014753
213.5719,5.7440,61.76,121.00,0.014739
213.6580,5.7440,62.03,121.00,0.014925
213.7433,5.7440,61.76,121.00,0.014718
213.8313,5.7440,61.22,121.00,0.014863
213.9158,5.7440,61.22,121.00,0.014114
213.9953,5.7440,61.49,121.00,0.014056
214.0816,5.7440,61.22,121.00,0.013993
214.1681,5.7440,62.30,121.00,0.014916
214.2539,5.9310,62.03,120.50,0.013790
214.3349,5.9310,61.76,120.00,0.014132
214.4158,5.9310,61.49,120.00,0.013922
214.4992,5.9310,61.49,120.00,0.014267
214.5835,5.9310,62.30,120.00,0.014117
214.6661,5.9310,61.49,120.00,0.014135
214.7480,5.9310,62.03,120.00,0.014330
214.8281,5.9310,61.76,120.00,0.014575
214.9102,5.9310,62.30,120.00,0.014274
214.9903,5.9310,61.76,120.00,0.014278
215.0746,5.9310,62.30,120.00,0.014642
215.1544,5.9310,62.03,120.00,0.014269
215.2368,5.9810,61.76,120.00,0.014264
215.3187,5.9810,61.76,120.00,0.014343
215.4030,5.9810,61.76,120.00,0.014261
215.4858,5.9810,62.30,120.00,0.013659
215.5662,5.9810,62.03,120.00,0.013645
215.6467,5.9810,62.03,120.00,0.013676
215.7277,5.9810,62.03,120.00,0.013850
215.8099,5.9810,62.30,120.00,0.014036
215.8918,5.9810,61.49,120.00,0.014475
215.9721,5.9810,61.76,120.00,0.013978
216.0568,5.9810,61.76,120.00,0.014643
216.1357,5.9810,61.76,120.00,0.013436
216.2186,5.9810,61.76,120.00,0.013925
216.2977,5.9810,61.76,120.00,0.013830
216.3813,5.9600,61.49,120.00,0.014426
216.4648,5.9390,62.03,120.00,0.014789
216.5456,5.9390,62.30,120.00,0.013435
216.6243,5.9390,61.76,120.00,0.013670
216.7072,5.9390,62.03,120.00,0.014066
216.7868,5.9390,61.76,120.00,0.014086
216.8704,5.9390,61.76,120.00,0.013996
216.9512,5.9390,61.76,120.00,0.014107
217.0349,5.9390,61.76,120.00,0.013977
217.1196,5.9390,61.76,120.00,0.014260
217.2042,5.9160,61.76,120.00,0.014312
217.2873,5.8930,62.03,120.00,0.014497
217.3712,5.8930,62.30,120.00,0.014179
217.4565,5.8930,62.30,120.00,0.014043
217.5400,5.8930,61.76,120.00,0.013877
217.6226,5.8930,62.03,120.00,0.014300
217.7068,5.8930,61.22,120.00,0.014694
217.7905,5.8930,61.76,120.00,0.013700
217.8703,5.8930,61.49,120.00,0.013693
217.9494,5.8930,61.22,120.00,0.014039
218.0300,5.8930,62.03,120.00,0.014068
218.1120,5.8930,62.03,120.00,0.014071
218.1954,5.9220,62.30,120.00,0.014016
218.2774,5.9510,62.03,120.00,0.013640
218.3578,5.9510,62.03,120.00,0.013615
218.4370,5.9510,61.49,119.50,0.013362
218.5198,5.9510,61.49,119.50,0.013927
218.5983,5.9510,61.76,119.00,0.013582
218.6798,5.9510,61.76,119.00,0.014554
218.7624,5.9510,61.49,119.00,0.014823
218.8464,5.9510,62.03,119.00,0.013770
218.9286,5.9510,62.03,119.00,0.014485
219.0111,5.9510,62.03,119.00,0.014198
219.0902,5.9510,61.49,119.00,0.013769
219.1703,5.9510,61.76,119.00,0.013783
219.2510,5.9510,62.30,119.00,0.013788
219.3350,5.9545,61.76,119.00,0.014396
219.4181,5.9580,62.30,119.00,0.014882
219.5043,5.9580,61.49,119.00,0.014950
219.5918,5.9580,62.03,119.00,0.014828
219.6796,5.9580,62.30,119.00,0.014654
219.7649,5.9580,61.49,119.00,0.014491
219.8525,5.9580,61.76,119.00,0.014214
219.9380,5.9580,62.30,119.00,0.015219
220.0281,5.9580,61.76,119.00,0.014270
220.1164,5.9580,62.03,119.00,0.015070
220.2037,5.9620,62.03,119.00,0.014397
220.2887,5.9660,62.03,119.00,0.015102
220.3753,5.9660,62.03,119.00,0.014632
220.4614,5.9660,61.76,119.00,0.015225
220.5462,5.9660,61.76,119.00,0.014324
220.6324,5.9660,61.76,119.00,0.015022
220.7197,5.9660,62.03,119.00,0.014680
220.8080,5.9660,61.49,119.00,0.015058
220.8974,5.9660,61.76,119.00,0.014843
220.9846,5.9660,61.76,119.00,0.014738
221.0703,5.9660,61.76,119.00,0.015186
221.1555,5.9660,62.03,119.00,0.014833
221.2408,5.7710,62.30,119.00,0.014418
221.3268,5.7710,61.76,119.00,0.015216
221.4147,5.7710,62.03,119.00,0.015242
221.5020,5.7710,61.76,119.00,0.014432
221.5887,5.7710,62.30,119.00,0.014966
221.6759,5.7710,62.30,119.00,0.014618
221.7641,5.7710,61.76,119.00,0.015158
221.8501,5.7710,61.49,119.00,0.015203
221.9397,5.7710,62.03,119.00,0.014451
222.0223,5.7710,62.03,119.00,0.014576
222.1067,5.7710,61.49,119.00,0.014419
222.1873,5.7805,62.30,119.00,0.014514
222.2724,5.7900,61.22,119.00,0.014181
222.3550,5.7900,62.30,119.00,0.014801
222.4391,5.7900,61.76,119.00,0.014334
222.5213,5.7900,61.76,119.00,0.014378
222.6031,5.7900,61.76,119.00,0.014240
222.6866,5.7900,61.76,119.00,0.014000
222.7686,5.7900,61.76,118.50,0.014576
222.8537,5.7900,61.76,118.00,0.015329
222.9424,5.7900,62.03,118.00,0.014668
223.0299,5.7900,62.03,118.00,0.014581
223.1195,5.7900,61.76,118.00,0.014943
223.2059,5.8380,62.03,118.00,0.014597
223.2914,5.8860,61.76,118.00,0.014301
223.3705,5.8860,61.22,118.00,0.014025
223.4551,5.8860,62.03,118.00,0.013907
223.5412,5.8860,61.22,118.00,0.014859
223.6320,5.8860,62.30,118.00,0.015210
223.7160,5.8860,62.03,118.00,0.014133
223.8052,5.8860,62.03,118.00,0.014049
223.8859,5.8860,62.03,118.00,0.014410
223.9700,5.8860,62.30,118.00,0.014308
224.0505,5.8860,61.22,118.00,0.014341
224.1342,5.8860,61.76,118.00,0.014040
224.2138,5.9220,61.76,118.00,0.013566
224.2972,5.9580,62.03,118.00,0.014120
224.3790,5.9580,61.76,118.00,0.014274
224.4624,5.9580,62.03,118.00,0.013947
224.5424,5.9580,61.22,118.00,0.013917
224.6267,5.9580,62.03,118.00,0.014149
224.7072,5.9580,62.03,118.00,0.014996
224.7891,5.9580,62.03,118.00,0.014157
224.8693,5.9580,62.03,118.00,0.014418
224.9509,5.9580,62.03,118.00,0.013855
225.0347,5.9580,61.76,118.00,0.014161
225.1192,5.9580,61.49,118.00,0.014245
225.2023,5.9525,61.76,118.00,0.014790
225.2843,5.9470,61.76,118.00,0.014041
225.3676,5.9470,62.03,118.00,0.014672
225.4513,5.9470,62.30,118.00,0.013863
225.5314,5.9470,61.76,118.00,0.013975
225.6151,5.9470,61.76,118.00,0.014260
225.6951,5.9470,61.49,118.00,0.014296
225.7801,5.9470,61.76,118.00,0.014491
225.8630,5.9470,61.76,118.00,0.014083
225.9511,5.9470,61.22,118.00,0.015058
226.0321,5.9470,61.76,118.00,0.014352
226.1152,5.9470,61.22,118.00,0.014665
226.1962,5.9715,62.03,118.00,0.014745
226.2802,5.9960,62.03,118.00,0.014547
226.3634,5.9960,62.03,118.00,0.014499
226.4482,5.9960,62.30,118.00,0.014047
226.5294,5.9960,62.03,118.00,0.015070
226.6140,5.9960,62.03,118.00,0.014691
226.6946,5.9960,61.76,118.00,0.014400
226.7756,5.9960,61.76,118.00,0.013950
226.8572,5.9960,61.76,118.00,0.013834
226.9384,5.9960,62.03,118.00,0.014069
227.0204,5.9960,62.03,118.00,0.014090
227.1026,5.9960,62.03,117.50,0.014089
227.1844,5.9830,62.30,117.00,0.015008
227.2719,5.9700,62.03,117.50,0.014814
227.3546,5.9700,62.03,117.00,0.014246
227.4391,5.9700,61.76,117.00,0.014130
227.5194,5.9700,61.76,117.00,0.014406
227.6038,5.9700,62.03,117.00,0.013975
227.6839,5.9700,61.76,117.50,0.014197
227.7682,5.9700,62.30,117.50,0.014386
227.8512,5.9700,62.03,117.50,0.014292
227.9365,5.9700,61.76,117.00,0.015043
228.0160,5.9700,62.03,118.00,0.013648
228.0971,5.9700,61.76,118.00,0.013687
228.1786,5.9700,62.03,118.00,0.013900
228.2595,5.9700,61.76,118.00,0.013968
228.3432,5.8820,61.76,118.00,0.014562
228.4273,5.8820,62.30,117.50,0.014130
228.5109,5.8820,62.03,117.00,0.014437
228.5958,5.8820,62.03,118.00,0.014925
228.6782,5.8820,62.30,118.00,0.014481
228.7623,5.8820,61.49,118.00,0.014295
228.8445,5.8820,61.76,118.00,0.014312
228.9268,5.8820,61.49,118.00,0.014669
229.0085,5.8820,61.49,118.00,0.014569
229.0948,5.8820,61.76,117.50,0.015130
229.1825,5.9335,61.22,117.00,0.015185
229.2706,5.9850,62.03,117.00,0.015049
229.3542,5.9850,62.03,117.00,0.014710
229.4451,5.9850,62.03,117.00,0.014695
229.5260,5.9850,61.76,117.00,0.014260
229.6102,5.9850,62.03,117.00,0.014100
229.6901,5.9850,61.49,117.00,0.014300
229.7707,5.9850,62.03,117.00,0.013963
229.8495,5.9850,61.49,117.50,0.013648
229.9303,5.9850,62.03,118.00,0.013964
230.0105,5.9850,61.76,117.00,0.013971
230.0949,5.9850,62.30,118.00,0.014246
230.1758,5.9850,62.03,118.00,0.014145
230.2578,5.9540,61.76,118.00,0.014057
230.3366,5.9540,61.76,118.00,0.013758
230.4173,5.9540,62.03,118.00,0.013872
230.4979,5.9540,62.03,117.00,0.014415
230.5818,5.9540,61.76,117.00,0.013969
230.6643,5.9540,61.49,117.00,0.014510
230.7481,5.9540,62.30,117.00,0.014286
230.8281,5.9540,62.03,117.00,0.014262
230.9119,5.9540,62.03,117.00,0.014532
230.9958,5.9540,61.76,117.50,0.014183
231.0798,5.9540,61.76,118.00,0.014421
231.1623,5.9540,62.03,118.00,0.014325
231.2447,6.0120,62.30,118.00,0.014314
231.3267,6.0120,61.76,118.00,0.014154
231.4087,6.0120,61.76,118.00,0.014474
231.4964,6.0120,62.03,117.50,0.014717
231.5822,6.0120,62.03,117.00,0.014958
231.6707,6.0120,62.30,117.00,0.014961
231.7602,6.0120,61.76,117.00,0.015241
231.8475,6.0120,62.03,117.50,0.014719
231.9322,6.0120,62.03,117.00,0.013605
232.0112,6.0120,62.03,117.50,0.013827
232.0948,6.0120,61.76,118.00,0.014003
232.1825,5.8935,61.76,118.00,0.015216
232.2679,5.7750,62.03,118.00,0.014834
232.3518,5.7750,61.76,117.50,0.013974
232.4351,5.7750,62.03,117.50,0.014364
232.5160,5.7750,62.03,118.00,0.014634
232.5997,5.7750,62.03,118.00,0.013546
232.6796,5.7750,62.03,118.00,0.014420
232.7650,5.7750,61.76,118.00,0.013856
232.8465,5.7750,61.76,118.00,0.014163
232.9267,5.7750,61.76,118.00,0.013965
233.0057,5.7750,62.03,118.00,0.014013
233.0862,5.7750,62.03,117.50,0.013816
233.1645,5.7750,61.49,117.00,0.013410
233.2450,5.7750,61.49,118.00,0.013999
233.3240,5.7750,61.49,118.00,0.013756
233.4089,5.8265,61.76,118.00,0.014699
233.4901,5.8780,62.03,118.00,0.014499
233.5753,5.8780,61.76,118.00,0.014513
233.6576,5.8780,62.03,118.00,0.014247
233.7400,5.8780,62.03,118.00,0.014148
233.8234,5.8780,62.03,117.50,0.014303
233.9083,5.8780,62.03,117.00,0.014417
233.9917,5.8780,62.03,117.00,0.014540
234.0768,5.8780,62.03,117.00,0.014622
234.1588,5.8780,62.03,117.00,0.014111
234.2421,5.8780,62.30,117.50,0.013933
234.3248,5.8780,61.76,118.00,0.014617
234.4077,5.8400,61.49,118.00,0.013828
234.4899,5.8400,61.76,118.00,0.014408
234.5722,5.8400,62.03,118.00,0.014719
234.6547,5.8400,61.49,118.00,0.013931
234.7387,5.8400,62.30,118.00,0.014209
234.8183,5.8400,62.03,118.00,0.014081
234.9033,5.8400,61.76,118.00,0.014545
234.9883,5.8400,61.76,118.00,0.014266
235.0710,5.8400,61.76,118.00,0.014442
235.1532,5.8400,61.76,118.00,0.013860
235.2385,5.8780,62.03,117.50,0.014814
235.3238,5.8780,61.49,117.00,0.014584
235.4079,5.8780,62.30,118.00,0.013930
235.4904,5.8780,61.76,118.00,0.014235
235.5726,5.8780,62.03,118.00,0.014418
235.6559,5.8780,62.03,118.00,0.014804
235.7422,5.8780,61.76,118.00,0.014478
235.8234,5.8780,61.76,118.00,0.014518
235.9081,5.8780,61.76,117.00,0.014177
235.9912,5.8780,61.49,117.00,0.014268
236.0746,5.8780,62.03,117.00,0.013762
236.1553,5.8780,62.03,117.00,0.014692
236.2422,5.9510,62.03,117.50,0.014387
236.3228,5.9510,61.76,118.00,0.014433
236.4064,5.9510,62.03,118.00,0.013732
236.4869,5.9510,62.30,118.00,0.013808
236.5681,5.9510,62.30,118.00,0.013722
236.6506,5.9510,62.30,118.00,0.014826
236.7380,5.9510,62.03,118.00,0.015099
236.8261,5.9510,61.76,118.00,0.014683
236.9137,5.9510,61.76,118.00,0.014981
237.0011,5.9510,62.03,118.00,0.014449
237.0886,5.9510,62.03,118.00,0.015002
237.1717,5.9510,61.49,118.00,0.014608
237.2621,5.9660,62.30,118.00,0.014724
237.3484,5.9660,61.49,118.00,0.014529
237.4373,5.9660,62.03,118.00,0.014542
237.5227,5.9660,61.76,118.00,0.015150
237.6078,5.9660,61.76,117.00,0.015060
237.6941,5.9660,62.03,118.00,0.015132
237.7832,5.9660,62.03,118.00,0.014416
237.8696,5.9660,62.03,118.00,0.015205
237.9586,5.9660,61.76,118.00,0.014510
238.0468,5.9660,61.49,118.00,0.014804
238.1344,5.9660,61.49,118.00,0.014367
238.2236,5.9410,61.76,117.50,0.015908
238.3114,5.9160,62.03,117.00,0.015144
238.3956,5.9160,61.76,118.00,0.013687
238.4808,5.9160,62.03,118.00,0.014292
238.5634,5.9160,61.76,118.00,0.014410
238.6494,5.9160,62.03,118.00,0.014519
238.7360,5.9160,61.76,118.00,0.014545
238.8238,5.9160,61.76,118.00,0.014956
238.9087,5.9160,61.76,118.00,0.014534
238.9938,5.9160,61.76,118.00,0.015309
239.0810,5.9160,61.76,118.00,0.014433
239.1659,5.9160,62.03,118.00,0.013640
239.2436,5.9160,62.03,118.00,0.013707
239.3270,5.9160,61.76,118.00,0.013726
239.4064,5.9160,61.49,118.00,0.015157
239.4958,6.0040,61.49,118.00,0.014908
239.5813,6.0040,62.30,118.00,0.015198
239.6667,6.0040,62.03,118.00,0.014706
239.7534,6.0040,61.76,118.00,0.014666
239.8436,6.0040,62.03,118.00,0.014626
239.9304,6.0040,62.03,118.00,0.014447
240.0172,6.0040,62.03,118.00,0.014866
240.0979,6.0040,61.49,118.00,0.013386
240.1795,6.0040,62.03,119.00,0.013558
240.2578,6.0040,61.49,119.00,0.013403
240.3412,6.0040,61.76,119.00,0.013639
240.4194,6.0040,61.49,119.00,0.013774
240.5046,6.0040,61.22,119.00,0.014613
240.5884,6.0040,61.76,119.00,0.013816
240.6785,6.0040,62.03,119.00,0.015177
240.7624,6.0040,61.76,119.00,0.014155
240.8473,6.0040,61.76,119.00,0.014551
240.9317,6.0040,62.03,119.00,0.014747
241.0217,6.0040,62.30,119.00,0.014166
241.1073,6.0040,62.03,119.00,0.015008
241.1962,6.0040,61.76,119.00,0.014388
241.2796,6.0040,62.30,119.00,0.015148
241.3673,6.0040,61.49,119.00,0.014112
241.4470,6.0040,62.03,119.00,0.014273
241.5315,5.8090,61.49,119.00,0.014035
241.6129,5.8090,61.76,119.00,0.014343
241.7030,5.8090,61.76,119.00,0.015036
241.7888,5.8090,62.03,119.00,0.015301
241.8759,5.8090,61.49,119.00,0.014189
241.9612,5.8090,62.30,119.00,0.014902
242.0487,5.8090,61.76,119.00,0.014473
242.1279,5.8090,61.76,119.00,0.013720
242.2131,5.8090,61.22,119.00,0.013866
242.2916,5.8090,61.76,119.00,0.013748
242.3779,5.9005,62.30,119.00,0.015041
242.4594,5.9920,62.30,119.00,0.014475
242.5459,5.9920,61.76,119.00,0.015177
242.6329,5.9920,61.49,119.00,0.014608
242.7228,5.9920,61.76,119.00,0.015131
242.8078,5.9920,61.76,119.00,0.015230
242.8965,5.9920,62.30,120.00,0.014331
242.9841,5.9920,61.76,120.00,0.015544
243.0726,5.9920,61.76,120.00,0.014555
243.1570,5.9920,61.49,120.00,0.014974
243.2471,5.9050,62.03,120.00,0.014682
243.3319,5.9050,61.76,120.00,0.015043
243.4239,5.9050,62.30,120.00,0.016475
243.5116,5.9050,61.22,120.00,0.015028
243.6018,5.9050,61.76,120.00,0.015588
243.6876,5.9050,61.49,120.00,0.014369
243.7780,5.9050,62.03,120.00,0.015413
243.8648,5.9050,62.30,120.00,0.014352
243.9473,5.9050,61.22,120.00,0.014349
244.0271,5.9050,61.76,120.00,0.014612
244.1081,5.9050,61.76,120.00,0.013884
244.1874,5.9050,61.76,120.00,0.014503
244.2725,5.7670,61.49,120.00,0.014713
244.3541,5.7670,61.76,120.00,0.014391
244.4350,5.7670,62.03,120.00,0.013892
244.5145,5.7670,61.49,120.00,0.014366
244.5966,5.7670,62.03,120.00,0.014567
244.6761,5.7670,62.30,120.00,0.014086
244.7585,5.7670,62.30,120.00,0.013995
244.8382,5.7670,62.03,120.00,0.013685
244.9194,5.7670,62.30,120.00,0.014646
245.0031,5.7670,62.03,120.00,0.014345
245.0869,5.7670,61.76,120.00,0.013971
245.1665,5.7670,61.49,120.00,0.014254
245.2479,5.8930,61.76,120.00,0.013536
245.3254,5.8930,62.03,120.00,0.013622
245.4070,5.8930,61.76,120.00,0.014687
245.4886,5.8930,61.49,120.00,0.014165
245.5704,5.8930,62.03,120.00,0.014295
245.6495,5.8930,62.03,120.00,0.014094
245.7318,5.8930,62.03,120.00,0.013990
245.8135,5.8930,61.49,120.00,0.014034
245.8945,5.8930,61.76,120.00,0.014175
245.9751,5.8930,62.03,120.00,0.013762
246.0591,5.8930,62.30,120.00,0.014507
246.1387,5.8930,62.30,120.00,0.014244
246.2204,5.8970,61.49,120.00,0.014307
246.3002,5.9010,62.03,120.00,0.014235
246.3837,5.9010,62.30,120.00,0.014034
246.4652,5.9010,61.76,120.00,0.014149
246.5489,5.9010,62.30,120.00,0.014074
246.6283,5.9010,61.49,120.00,0.014088
246.7129,5.9010,61.76,120.00,0.014835
246.7923,5.9010,61.76,120.00,0.014259
246.8740,5.9010,62.03,120.00,0.014690
246.9539,5.9010,61.76,120.00,0.014516
247.0375,5.9010,61.76,120.00,0.014431
247.1191,5.9010,62.30,120.00,0.014438
247.2025,5.9010,62.03,120.00,0.014038
247.2842,5.9010,62.03,120.00,0.014608
247.3684,5.9010,61.76,120.00,0.014191
247.4505,5.9010,62.03,120.00,0.013864
247.5332,5.9010,62.30,120.00,0.013716
247.6132,5.9010,62.30,120.00,0.013702
247.6938,5.9010,62.30,120.00,0.014073
247.7777,5.9010,62.03,120.00,0.014315
247.8632,5.9010,61.76,120.00,0.014096
247.9446,5.9010,62.03,120.00,0.014349
248.0256,5.9010,62.30,120.00,0.013791
248.1049,5.9010,62.30,120.00,0.014375
248.1888,5.9010,62.30,120.00,0.014125
248.2702,5.9010,62.03,120.00,0.014163
248.3530,5.9010,62.03,120.00,0.013504
248.4335,5.9010,62.03,120.00,0.013712
248.5164,5.9010,61.76,120.00,0.013917
248.5999,5.9010,61.76,120.00,0.014281
248.6873,5.9310,62.03,120.00,0.014203
248.7722,5.9310,62.03,120.00,0.014156
248.8539,5.9310,61.76,120.00,0.014223
248.9344,5.9310,62.03,120.00,0.013706
249.0151,5.9310,62.03,120.00,0.013710
249.0977,5.9310,61.76,120.00,0.014421
249.1814,5.9310,62.03,120.00,0.014042
249.2630,5.9310,62.30,120.00,0.014483
249.3481,5.9390,61.76,120.00,0.014690
249.4305,5.9390,62.30,120.00,0.014843
249.5155,5.9390,61.76,120.00,0.014366
249.5991,5.9390,61.49,120.00,0.014124
249.6832,5.9390,62.03,120.00,0.014358
249.7631,5.9390,61.49,120.00,0.014572
249.8474,5.9390,61.76,120.00,0.014313
249.9308,5.9390,61.76,120.00,0.013979
250.0155,5.9390,62.30,120.00,0.014508
250.0998,5.9390,61.49,120.00,0.014368
250.1843,5.9525,61.76,120.00,0.014058
250.2673,5.9660,61.76,120.00,0.014523
250.3518,5.9660,61.49,120.00,0.014360
250.4341,5.9660,61.76,120.00,0.014583
250.5167,5.9660,61.76,120.00,0.014387
250.5986,5.9660,62.03,120.00,0.013912
250.6793,5.9660,62.03,120.00,0.013947
250.7579,5.9660,61.76,120.00,0.014072
250.8388,5.9660,62.30,120.00,0.013966
250.9236,5.9660,61.49,120.00,0.014480
251.0084,5.9660,62.03,120.00,0.014594
251.0878,5.9660,62.03,120.00,0.013961
251.1719,5.9660,61.76,120.00,0.014144
251.2553,5.9660,62.03,120.00,0.014763
251.3393,5.9660,61.22,120.00,0.014182
251.4240,5.9660,62.30,120.00,0.014765
251.5084,5.9660,62.30,120.00,0.014360
251.5927,5.9660,61.76,120.00,0.013908
251.6746,5.9660,62.03,120.00,0.013888
251.7577,5.9660,62.03,120.00,0.014182
251.8400,5.9660,61.76,120.00,0.014042
251.9204,5.9660,61.76,120.00,0.014266
252.0028,5.9660,61.76,120.00,0.014434
252.0823,5.9660,62.03,120.00,0.014030
252.1652,5.9660,62.30,120.00,0.014335
252.2478,5.9660,62.03,120.00,0.014516
252.3325,5.9660,61.76,120.00,0.014459
252.4127,5.9660,62.03,120.00,0.014366
252.4949,5.9660,61.49,120.00,0.014389
252.5759,5.9660,62.03,120.00,0.014998
252.6591,5.9660,62.03,120.00,0.013845
252.7391,5.9600,62.30,120.00,0.014418
252.8240,5.9540,61.49,120.00,0.014136
252.9044,5.9540,61.76,119.50,0.014254
252.9868,5.9540,62.30,119.00,0.014379
253.0658,5.9540,62.30,119.50,0.013945
253.1463,5.9540,62.30,120.00,0.013854
253.2274,5.9540,62.30,120.00,0.014212
253.3110,5.9540,62.30,120.00,0.014266
253.3933,5.8970,62.30,120.00,0.014206
253.4778,5.8970,62.03,120.00,0.014557
253.5578,5.8970,62.30,120.00,0.014285
253.6446,5.8970,61.76,120.00,0.014481
253.7237,5.8970,61.76,120.00,0.014096
253.8034,5.8970,61.49,120.00,0.013559
253.8823,5.8970,62.03,120.00,0.013832
253.9668,5.8970,62.03,120.00,0.014105
254.0464,5.8970,62.03,120.00,0.014687
254.1301,5.8970,61.76,120.00,0.014202
254.2115,5.9045,61.76,120.00,0.014244
254.2941,5.9120,62.30,120.00,0.013621
254.3741,5.9120,61.76,119.00,0.013592
254.4549,5.9120,61.76,119.00,0.014173
254.5341,5.9120,61.76,119.50,0.014348
254.6152,5.9120,61.76,119.00,0.014000
254.7000,5.9120,62.03,119.00,0.014727
254.7832,5.9120,62.30,119.00,0.014123
254.8623,5.9120,61.76,119.00,0.014063
254.9472,5.9120,62.30,119.00,0.014223
255.0261,5.9120,61.76,119.00,0.014078
255.1079,5.9120,61.22,119.00,0.014465
255.1920,5.9600,61.49,119.00,0.015088
255.2742,6.0080,62.30,119.00,0.014337
255.3537,6.0080,62.30,119.00,0.013863
255.4359,6.0080,62.30,119.00,0.014068
255.5162,6.0080,62.03,119.50,0.015078
255.5995,6.0080,62.03,120.00,0.014158
255.6809,6.0080,62.03,120.00,0.014266
255.7626,6.0080,62.30,119.00,0.014234
255.8413,6.0080,61.76,119.00,0.013712
255.9227,6.0080,62.03,119.00,0.014463
256.0009,6.0080,62.03,119.00,0.013447
256.0811,6.0080,62.03,119.00,0.013527
256.1613,6.0080,62.30,119.00,0.013558
256.2421,6.0080,61.49,119.00,0.014178
256.3243,6.0040,61.76,119.00,0.014096
256.4084,6.0040,61.76,119.00,0.014563
256.4897,6.0040,61.76,119.00,0.014008
256.5712,6.0040,62.03,119.00,0.013825
256.6552,6.0040,62.30,119.00,0.014123
256.7387,6.0040,62.30,119.00,0.014048
256.8195,6.0040,62.30,119.00,0.014024
256.9000,6.0040,62.30,119.00,0.013931
256.9792,6.0040,62.30,119.00,0.014252
257.0599,6.0040,61.49,119.00,0.014018
257.1402,6.0040,61.76,119.00,0.013875
257.2226,6.0040,62.03,119.00,0.013803
257.3044,5.9540,61.76,119.00,0.014324
257.3857,5.9540,62.03,119.00,0.013944
257.4648,5.9540,61.49,119.00,0.013836
257.5492,5.9540,62.03,119.00,0.014312
257.6307,5.9540,62.03,119.00,0.014050
257.7140,5.9540,62.30,119.00,0.013605
257.7948,5.9540,62.30,119.00,0.013770
257.8752,5.9540,62.30,119.00,0.013837
257.9540,5.9540,62.30,119.00,0.014387
258.0364,5.9540,62.03,119.00,0.014395
258.1162,5.9540,62.30,119.00,0.014375
258.2005,5.9560,62.03,119.00,0.014805
258.2828,5.9580,61.76,119.00,0.014455
258.3683,5.9580,61.49,119.00,0.014165
258.4476,5.9580,62.30,119.00,0.014405
258.5318,5.9580,62.30,119.00,0.014356
258.6155,5.9580,62.30,119.00,0.014404
258.6979,5.9580,61.76,119.00,0.014601
258.7772,5.9580,62.30,119.00,0.013875
258.8589,5.9580,62.30,119.00,0.014513
258.9387,5.9580,61.76,119.00,0.014369
259.0234,5.9580,62.03,119.00,0.014373
259.1060,5.9580,62.30,119.00,0.014770
259.1881,5.9655,62.03,119.00,0.014505
259.2685,5.9730,61.76,119.00,0.014559
259.3503,5.9730,62.30,119.00,0.013730
259.4307,5.9730,62.03,119.00,0.014515
259.5153,5.9730,62.03,119.00,0.014308
259.5953,5.9730,62.03,119.00,0.014646
259.6790,5.9730,61.76,119.00,0.014487
259.7604,5.9730,62.03,119.00,0.014030
259.8442,5.9730,62.03,119.00,0.014102
259.9262,5.9730,62.30,119.00,0.014390
260.0078,5.9730,62.30,119.00,0.014364
260.0898,5.9730,62.03,119.00,0.014707
260.1698,5.9730,61.76,119.00,0.013407
260.2512,5.9750,62.03,119.00,0.014073
260.3350,5.9770,62.30,119.00,0.013840
260.4164,5.9770,62.03,119.00,0.014345
260.4985,5.9770,61.76,119.00,0.014377
260.5781,5.9770,61.76,119.00,0.014236
260.6628,5.9770,62.30,119.00,0.014534
260.7448,5.9770,61.76,119.00,0.014373
260.8288,5.9770,62.03,119.00,0.014435
260.9078,5.9770,61.76,119.00,0.014247
260.9907,5.9770,61.76,119.00,0.013651
261.0707,5.9770,62.03,119.00,0.014343
261.1552,5.9770,61.76,118.50,0.014643
261.2387,5.9660,61.76,118.00,0.014169
261.3207,5.9660,62.03,118.00,0.014466
261.3999,5.9660,62.30,118.00,0.014076
261.4823,5.9660,62.03,118.00,0.013838
261.5621,5.9660,62.30,118.50,0.013740
261.6423,5.9660,61.49,119.00,0.013715
261.7232,5.9660,62.30,119.00,0.014333
261.8068,5.9660,62.03,119.00,0.013773
261.8867,5.9660,61.76,119.00,0.014516
261.9687,5.9660,62.03,119.00,0.014499
262.0565,5.9660,61.76,119.00,0.014457
262.1456,5.9660,62.03,119.00,0.014775
262.2303,5.9620,62.30,119.00,0.014112
262.3167,5.9620,62.03,119.00,0.014217
262.4020,5.9620,62.03,119.00,0.014509
262.4921,5.9620,61.76,119.00,0.014857
262.5770,5.9620,62.30,119.00,0.014798
262.6659,5.9620,62.03,119.00,0.014476
262.7480,5.9620,61.76,118.50,0.014759
262.8378,5.9620,61.76,118.00,0.014948
262.9250,5.9620,62.03,118.00,0.014399
263.0144,5.9620,61.76,118.00,0.014565
263.1016,5.9620,61.76,118.00,0.014954
263.1914,5.8475,61.76,118.00,0.015308
263.2787,5.7330,61.49,118.00,0.014632
263.3689,5.7330,61.22,118.00,0.015197
263.4558,5.7330,62.30,118.00,0.014894
263.5436,5.7330,61.22,118.00,0.014609
263.6302,5.7330,62.03,118.00,0.013733
263.7108,5.7330,62.03,118.00,0.013739
263.7887,5.7330,61.76,118.00,0.013514
263.8692,5.7330,62.03,118.00,0.013499
263.9507,5.7330,61.76,118.00,0.014168
264.0363,5.7330,62.03,118.00,0.013959
264.1158,5.7330,61.76,118.00,0.014032
264.1987,5.7330,61.76,118.00,0.013588
264.2762,5.7330,61.76,118.00,0.013634
264.3579,5.8495,61.49,118.00,0.014513
264.4382,5.9660,62.03,118.00,0.014637
264.5186,5.9660,62.03,118.00,0.013550
264.5981,5.9660,61.76,118.00,0.013534
264.6805,5.9660,62.30,118.00,0.014096
264.7602,5.9660,62.03,118.00,0.014383
264.8434,5.9660,62.03,118.00,0.013649
264.9277,5.9660,62.03,118.00,0.014633
265.0134,5.9660,61.76,118.00,0.014274
265.0951,5.9660,62.03,118.00,0.014521
265.1800,5.9505,62.03,118.00,0.014655
265.2600,5.9350,62.03,118.00,0.014026
265.3442,5.9350,61.49,118.00,0.014733
265.4255,5.9350,62.03,118.00,0.013892
265.5101,5.9350,62.03,118.00,0.013698
265.5878,5.9350,61.49,118.00,0.013623
265.6703,5.9350,61.49,118.00,0.013726
265.7515,5.9350,61.22,118.00,0.014651
265.8350,5.9350,61.76,118.00,0.014103
265.9187,5.9350,62.03,118.00,0.014066
266.0024,5.9350,61.76,118.00,0.014097
266.0823,5.9350,62.30,118.00,0.014382
266.1660,5.9350,61.76,118.00,0.014507
266.2459,5.9350,62.30,118.00,0.014793
266.3267,5.9350,62.03,118.00,0.014040
266.4066,5.9350,62.03,118.00,0.013613
266.4875,5.9350,61.76,118.00,0.013896
266.5712,5.9350,61.49,118.00,0.014252
266.6525,5.9350,62.30,118.00,0.014077
266.7337,5.9350,61.76,118.00,0.014328
266.8157,5.9350,61.76,118.00,0.014055
266.8980,5.9350,61.76,118.00,0.014313
266.9800,5.9350,62.03,118.00,0.014351
267.0628,5.9350,62.03,118.00,0.014616
267.1474,5.9350,61.76,118.00,0.014460
267.2321,5.9350,62.03,118.00,0.014806
267.3155,5.9350,61.49,118.00,0.013512
267.3970,5.9350,61.76,118.00,0.013851
267.4795,5.9350,62.03,118.00,0.014827
267.5619,5.9350,61.49,118.00,0.014448
267.6462,5.9350,61.76,118.00,0.014220
267.7289,5.9350,61.76,118.00,0.014628
267.8133,5.9350,62.03,118.00,0.014227
267.8950,5.9350,62.30,118.00,0.015381
267.9816,5.9350,62.30,118.00,0.014185
268.0635,5.9350,61.76,118.00,0.014297
268.1461,5.9350,61.76,118.00,0.014533
268.2264,5.9085,62.03,118.00,0.014389
268.3109,5.8820,62.03,118.00,0.014445
268.3926,5.8820,62.03,118.00,0.013989
268.4746,5.8820,62.30,118.00,0.014065
268.5549,5.8820,62.30,118.00,0.013617
268.6354,5.8820,62.30,118.00,0.014006
268.7146,5.8820,62.03,118.00,0.014256
268.7982,5.8820,61.76,118.00,0.014263
268.8775,5.8820,62.30,118.00,0.014017
268.9636,5.8820,62.30,118.00,0.014301
269.0462,5.8820,61.76,118.00,0.014602
269.1287,5.8820,61.49,118.00,0.014435
269.2107,5.9335,61.76,118.00,0.014127
269.2947,5.9850,61.76,118.00,0.014089
269.3743,5.9850,62.30,118.00,0.014427
269.4586,5.9850,61.49,118.00,0.014202
269.5379,5.9850,61.49,118.00,0.014251
269.6192,5.9850,61.76,118.00,0.013827
269.6999,5.9850,61.76,118.00,0.013588
269.7822,5.9850,61.76,118.00,0.013840
269.8620,5.9850,62.03,118.00,0.014514
269.9454,5.9850,61.76,118.00,0.013918
270.0240,5.9850,61.76,118.00,0.013817
270.1062,5.9850,61.76,118.00,0.013906
270.1865,5.9850,62.30,118.00,0.013798
270.2715,5.9620,61.49,118.00,0.014669
270.3552,5.9390,61.76,118.00,0.014205
270.4393,5.9390,61.76,118.00,0.014295
270.5233,5.9390,62.30,118.00,0.014459
270.6049,5.9390,62.03,118.00,0.013943
270.6868,5.9390,62.30,117.50,0.014470
270.7707,5.9390,61.76,117.00,0.014359
270.8501,5.9390,61.76,117.00,0.014271
270.9314,5.9390,61.76,117.00,0.014126
271.0115,5.9390,61.76,117.50,0.014373
271.0970,5.9390,62.03,117.50,0.014025
271.1788,5.9390,62.30,118.00,0.014175
271.2631,5.9890,62.03,118.00,0.014061
271.3447,5.9890,61.22,117.50,0.014338
271.4250,5.9890,62.30,117.00,0.013522
271.5033,5.9890,62.03,118.00,0.013430
271.5838,5.9890,62.30,117.00,0.013819
271.6660,5.9890,62.03,117.00,0.014436
271.7502,5.9890,61.76,117.00,0.014203
271.8299,5.9890,62.03,117.50,0.014242
271.9146,5.9890,62.30,117.50,0.014385
271.9965,5.9890,62.30,117.50,0.014230
272.0784,5.9890,62.30,117.00,0.014377
272.1575,5.9890,62.30,117.00,0.014182
272.2420,5.9510,61.49,117.00,0.014279
272.3224,5.9510,61.76,117.00,0.014394
272.4068,5.9510,61.76,117.00,0.014496
272.4863,5.9510,61.76,117.00,0.014243
272.5667,5.9510,62.30,117.00,0.013551
272.6449,5.9510,62.03,117.00,0.013490
272.7249,5.9510,61.49,117.00,0.013432
272.8030,5.9510,62.03,117.00,0.013790
272.8839,5.9510,62.03,117.00,0.014561
272.9640,5.9510,62.30,117.00,0.014135
273.0476,5.9510,61.76,117.00,0.014372
273.1312,5.9510,62.03,117.00,0.013846
273.2162,5.9490,62.03,117.00,0.014580
273.2966,5.9470,62.30,117.00,0.014715
273.3803,5.9470,62.03,117.00,0.014224
273.4596,5.9470,61.76,117.00,0.013978
273.5420,5.9470,62.03,117.00,0.014419
273.6239,5.9470,62.30,117.00,0.014508
273.7099,5.9470,62.03,117.00,0.014579
273.7908,5.9470,61.76,117.00,0.013740
273.8708,5.9470,62.03,117.00,0.013744
273.9511,5.9470,62.30,117.00,0.013997
274.0320,5.9470,62.30,117.00,0.014122
274.1138,5.9470,62.30,117.00,0.014493
274.1994,5.9505,62.30,117.00,0.013802
274.2837,5.9540,62.30,117.00,0.013782
274.3681,5.9540,62.03,117.00,0.014758
274.4472,5.9540,62.03,117.00,0.014172
274.5311,5.9540,61.76,117.00,0.014117
274.6155,5.9540,62.03,117.00,0.014482
274.6988,5.9540,61.49,117.00,0.013987
274.7785,5.9540,62.03,117.00,0.014676
274.8624,5.9540,62.30,117.00,0.014530
274.9422,5.9540,62.30,117.00,0.014404
275.0267,5.9540,62.30,117.00,0.014330
275.1077,5.9540,62.03,117.00,0.014714
275.1920,5.9830,62.03,117.00,0.014599
275.2750,6.0120,62.03,117.00,0.014483
275.3599,6.0120,61.76,117.00,0.014892
275.4451,6.0120,62.03,117.00,0.014559
275.5271,6.0120,62.03,117.00,0.014377
275.6094,6.0120,62.30,117.00,0.014117
275.6936,6.0120,61.76,117.00,0.014493
275.7734,6.0120,62.03,117.00,0.014152
275.8597,6.0120,62.03,117.00,0.014446
275.9391,6.0120,62.30,117.00,0.013778
276.0229,6.0120,61.76,117.00,0.014251
276.1021,6.0120,61.49,117.00,0.014262
276.1864,5.9605,61.76,117.00,0.014381
276.2688,5.9090,62.30,117.00,0.014317
276.3501,5.9090,62.30,117.00,0.014223
276.4319,5.9090,61.76,117.00,0.014165
276.5160,5.9090,62.30,117.00,0.014301
276.5956,5.9090,62.03,117.00,0.014721
276.6796,5.9090,62.03,117.00,0.014411
276.7585,5.9090,62.03,117.00,0.013852
276.8430,5.9090,61.76,117.00,0.014376
276.9232,5.9090,62.30,117.00,0.014868
277.0030,5.9090,62.30,117.00,0.013530
277.0810,5.9090,62.03,117.00,0.013535
277.1613,5.9090,62.03,117.00,0.013655
277.2428,5.9200,61.76,117.00,0.014553
277.3295,5.9310,62.03,117.00,0.014435
277.4113,5.9310,62.03,117.00,0.014567
277.4952,5.9310,62.30,117.00,0.014337
277.5750,5.9310,61.76,117.00,0.014068
277.6582,5.9310,61.76,117.00,0.014084
277.7401,5.9310,61.76,117.50,0.014646
277.8243,5.9310,62.03,117.00,0.014419
277.9035,5.9310,62.30,117.00,0.014108
277.9864,5.9310,62.30,117.00,0.013682
278.0663,5.9310,62.03,117.00,0.014373
278.1525,5.9310,61.49,117.00,0.013903
278.2347,5.9540,61.49,117.00,0.014170
278.3189,5.9540,62.03,117.00,0.014335
278.3980,5.9540,61.76,117.00,0.014126
278.4788,5.9540,62.30,117.00,0.013427
278.5586,5.9540,61.76,117.00,0.013496
278.6386,5.9540,62.03,117.00,0.013462
278.7192,5.9540,61.76,117.00,0.013931
278.8019,5.9540,62.30,117.00,0.014796
278.8826,5.9540,62.03,117.00,0.013655
278.9633,5.9540,61.76,117.00,0.014263
279.0413,5.9540,62.03,117.00,0.013861
279.1221,5.9540,61.76,117.00,0.013967
279.1993,5.9540,62.03,117.00,0.013402
279.2799,5.9540,62.30,117.00,0.013888
279.3596,5.9540,61.49,117.00,0.013426
279.4422,5.9540,62.03,117.00,0.014836
279.5270,5.9540,62.30,118.00,0.014253
279.6121,5.9540,62.03,117.50,0.015392
279.6938,5.9540,61.76,117.00,0.014455
279.7758,5.9540,61.22,117.00,0.014853
279.8597,5.9540,62.30,117.50,0.014832
279.9441,5.9540,61.76,117.00,0.014876
280.0253,5.9540,62.03,117.00,0.013983
280.1068,5.9540,62.30,117.00,0.014432
280.1865,5.9540,62.03,117.00,0.014402
280.2688,5.9700,61.76,117.00,0.014472
280.3480,5.9700,62.30,117.00,0.014290
280.4301,5.9700,61.76,117.00,0.014399
280.5116,5.9700,61.49,117.00,0.014374
280.5953,5.9700,61.76,117.00,0.014312
280.6789,5.9700,62.03,117.00,0.014276
280.7627,5.9700,61.76,117.00,0.014185
280.8446,5.9700,62.30,117.00,0.014270
280.9307,5.9700,62.03,117.00,0.014261
281.0108,5.9700,62.30,117.00,0.014487
281.0922,5.9700,61.49,117.00,0.014271
281.1738,5.9700,61.49,117.00,0.014450
281.2585,5.9770,62.30,117.00,0.014300
281.3383,5.9770,62.03,117.00,0.014341
281.4191,5.9770,61.76,117.50,0.013854
281.4989,5.9770,62.30,117.00,0.013639
281.5821,5.9770,61.49,117.00,0.014514
281.6641,5.9770,61.49,117.00,0.014325
281.7457,5.9770,62.30,117.00,0.014112
281.8241,5.9770,61.76,117.00,0.013929
281.9084,5.9770,61.49,117.00,0.014532
281.9880,5.9770,62.30,117.00,0.014333
282.0715,5.9770,61.76,117.00,0.014235
282.1546,5.9770,62.03,117.00,0.014099
282.2389,5.9660,62.03,117.00,0.014433
282.3183,5.9660,61.76,117.00,0.013525
282.3990,5.9660,61.76,117.00,0.013981
282.4779,5.9660,62.30,117.00,0.014265
282.5614,5.9660,62.03,117.00,0.013943
282.6431,5.9660,62.30,117.00,0.014447
282.7267,5.9660,62.03,117.00,0.014228
282.8104,5.9660,61.76,117.00,0.013920
282.8946,5.9660,62.03,117.00,0.014454
282.9737,5.9660,61.76,117.00,0.014112
283.0554,5.9660,62.30,117.00,0.014079
283.1390,5.9660,62.03,117.00,0.014188
283.2227,5.9505,62.03,117.00,0.014219
283.3024,5.9350,61.76,117.00,0.014214
283.3842,5.9350,61.49,117.00,0.013811
283.4686,5.9350,62.30,117.00,0.014414
283.5521,5.9350,62.03,117.00,0.014145
283.6363,5.9350,62.03,117.00,0.014588
283.7222,5.9350,62.30,117.00,0.014343
283.8035,5.9350,61.22,117.00,0.014255
283.8870,5.9350,62.03,117.00,0.014298
283.9664,5.9350,62.03,117.00,0.014489
284.0501,5.9350,62.30,117.00,0.014359
284.1318,5.9350,62.03,117.00,0.013977
284.2155,5.9390,61.76,117.00,0.014296
284.2958,5.9430,62.03,117.00,0.014424
284.3814,5.9430,62.30,117.00,0.014533
284.4629,5.9430,61.76,117.00,0.014348
284.5463,5.9430,61.49,117.00,0.014247
284.6261,5.9430,61.22,117.00,0.013967
284.7070,5.9430,62.03,117.00,0.014057
284.7856,5.9430,62.03,117.00,0.014063
284.8665,5.9430,62.03,117.00,0.014211
284.9472,5.9430,61.22,117.00,0.014010
285.0310,5.9430,62.03,117.00,0.014169
285.1136,5.9430,62.30,117.00,0.014623
285.1989,5.9430,62.03,117.00,0.014208
285.2789,5.9430,62.03,117.00,0.014885
285.3588,5.9430,61.49,117.00,0.013472
285.4373,5.9430,62.03,117.50,0.013794
285.5180,5.9430,62.03,117.00,0.013990
285.6023,5.9430,61.22,117.00,0.014664
285.6835,5.9430,62.03,117.00,0.014419
285.7650,5.9430,62.30,117.00,0.014114
285.8485,5.9430,62.30,117.00,0.014298
285.9320,5.9430,61.49,117.00,0.014022
286.0151,5.9430,62.03,117.00,0.013968
286.0946,5.9430,61.22,117.00,0.014414
286.1764,5.9430,61.49,117.00,0.014183
286.2563,5.9430,62.03,117.00,0.014641
286.3398,5.9430,61.76,117.00,0.014206
286.4220,5.9430,62.30,117.00,0.014638
286.5031,5.9430,61.76,117.00,0.014236
286.5837,5.9240,62.30,117.00,0.014699
286.6682,5.9240,62.03,117.00,0.014563
286.7507,5.9240,62.03,117.00,0.013764
286.8307,5.9240,61.49,117.00,0.013728
286.9089,5.9240,62.30,117.00,0.014128
286.9917,5.9240,62.30,117.00,0.014279
287.0700,5.9240,62.03,117.00,0.013986
287.1500,5.9240,62.30,117.00,0.013485
287.2285,5.9240,62.30,117.00,0.013813
287.3121,5.9180,62.30,118.00,0.014306
287.3925,5.9120,61.76,117.50,0.014624
287.4771,5.9120,62.03,117.00,0.014446
287.5587,5.9120,61.76,117.00,0.014247
287.6427,5.9120,62.03,117.00,0.014237
287.7273,5.9120,62.03,117.00,0.014637
287.8157,5.9120,62.30,117.00,0.014770
287.9013,5.9120,62.03,117.00,0.014548
287.9884,5.9120,61.76,117.00,0.014158
288.0688,5.9120,62.30,117.00,0.014837
288.1510,5.9120,61.76,117.00,0.014144
288.2317,5.9240,62.03,117.00,0.014229
288.3143,5.9240,62.03,117.00,0.014380
288.3988,5.9240,62.30,117.00,0.014381
288.4827,5.9240,61.76,117.00,0.014346
288.5634,5.9240,61.49,117.00,0.014704
288.6476,5.9240,61.76,117.00,0.014427
288.7315,5.9240,61.76,117.00,0.014384
288.8162,5.9240,62.30,117.00,0.014204
288.8984,5.9240,62.30,117.00,0.014241
288.9845,5.9240,61.49,117.00,0.014151
289.0645,5.9240,62.30,117.00,0.014217
289.1481,5.9240,61.76,117.00,0.013722
289.2303,5.8210,62.03,117.00,0.014608
289.3145,5.8210,62.30,117.50,0.014359
289.3945,5.8210,62.30,118.00,0.014406
289.4786,5.8210,61.49,117.50,0.014542
289.5579,5.8210,62.30,117.00,0.014059
289.6398,5.8210,61.76,117.50,0.014251
289.7222,5.8210,61.76,117.00,0.014937
289.8062,5.8210,61.76,117.00,0.014479
289.8863,5.8210,62.03,117.00,0.014603
289.9679,5.8210,61.76,117.00,0.013892
290.0477,5.8210,61.49,117.00,0.014269
290.1325,5.8210,61.76,117.00,0.014583
290.2143,5.8915,61.76,117.00,0.014410
290.2991,5.9620,62.03,117.00,0.014352
290.3838,5.9620,61.76,117.00,0.014562
290.4673,5.9620,62.03,117.00,0.015238
290.5524,5.9620,61.49,117.00,0.014348
290.6388,5.9620,62.03,117.00,0.015121
290.7260,5.9620,61.76,117.00,0.014880
290.8163,5.9620,62.30,117.00,0.015115
290.8984,5.9620,61.76,117.00,0.014639
290.9883,5.9620,61.49,117.00,0.014451
291.0769,5.9620,61.49,117.00,0.014687
291.1663,5.9620,61.49,117.00,0.014254
291.2531,5.8700,61.49,117.00,0.015324
291.3404,5.8700,62.03,117.00,0.014400
291.4263,5.8700,61.76,117.00,0.015311
291.5115,5.8700,62.30,117.00,0.014280
291.5944,5.8700,61.76,117.50,0.014584
291.6763,5.8700,62.03,117.00,0.014041
291.7585,5.8700,61.76,117.50,0.014632
291.8394,5.8700,62.30,117.00,0.014150
291.9186,5.8700,62.03,117.00,0.014319
291.9994,5.8700,62.30,117.00,0.014077
292.0797,5.8700,62.03,117.00,0.014650
292.1620,5.8700,61.76,117.00,0.014421
292.2458,5.8700,61.76,117.00,0.015459
292.3333,5.8700,62.03,117.00,0.014677
292.4188,5.8700,62.30,117.00,0.014698
292.5063,5.8700,61.76,117.00,0.014446
292.5939,5.8700,62.03,117.00,0.014760
292.6822,5.8700,62.03,117.00,0.015112
292.7669,5.8700,62.30,117.00,0.014055
292.8483,5.8700,61.49,117.00,0.013560
292.9283,5.8700,61.49,117.00,0.013979
293.0105,5.8700,62.30,117.00,0.014458
293.0911,5.8700,61.49,117.00,0.014148
293.1828,5.8700,62.03,117.00,0.017348
293.2687,5.8700,62.03,117.00,0.015368
293.3561,5.8700,62.03,117.00,0.014289
293.4392,5.8700,61.76,117.00,0.014860
293.5269,5.8700,62.03,117.00,0.014932
293.6123,5.8700,61.76,117.00,0.015239
293.6993,5.8970,61.76,117.00,0.014634
293.7802,5.8970,61.76,117.00,0.014001
293.8609,5.8970,61.49,117.00,0.013683
293.9419,5.8970,61.76,117.00,0.014079
294.0292,5.8970,62.03,117.00,0.014722
294.1128,5.8970,61.76,117.50,0.014190
294.2017,5.9105,62.30,117.00,0.015096
294.2873,5.9240,61.76,117.00,0.015349
294.3764,5.9240,61.76,117.00,0.013755
294.4550,5.9240,61.49,117.00,0.013764
294.5383,5.9240,61.76,117.00,0.013731
294.6182,5.9240,61.49,117.00,0.014299
294.7053,5.9240,61.49,117.00,0.015081
294.7935,5.9240,61.76,117.00,0.015079
294.8754,5.9240,62.03,117.00,0.013882
294.9542,5.9240,62.30,117.00,0.013943
295.0359,5.9240,61.49,117.00,0.013668
295.1214,5.9240,61.76,117.00,0.014762
295.2113,5.9640,62.30,117.00,0.015217
295.2961,6.0040,61.22,117.00,0.014024
295.3805,6.0040,62.30,117.00,0.014451
295.4594,6.0040,61.76,117.00,0.014134
295.5405,6.0040,61.76,117.00,0.014267
295.6192,6.0040,62.03,117.00,0.014345
295.7030,6.0040,61.49,117.00,0.014346
295.7824,6.0040,61.76,117.00,0.014360
295.8671,6.0040,61.49,117.00,0.014531
295.9465,6.0040,61.76,117.00,0.014375
296.0292,6.0040,62.30,117.00,0.014831
296.1107,6.0040,61.49,117.00,0.014085
296.1960,6.0135,61.76,117.00,0.014382
296.2844,6.0230,61.49,117.00,0.014997
296.3709,6.0230,61.76,117.00,0.015027
296.4571,6.0230,61.76,117.00,0.014570
296.5462,6.0230,62.03,117.00,0.015050
296.6276,6.0230,61.76,117.00,0.014221
296.7122,6.0230,61.76,117.00,0.014441
296.7988,6.0230,62.30,117.00,0.014493
296.8891,6.0230,62.03,117.00,0.015069
296.9741,6.0230,61.76,117.00,0.014904
297.0640,6.0230,61.49,117.00,0.014897
297.1516,6.0230,62.03,117.00,0.014992
297.2396,5.9120,61.76,117.00,0.014438
297.3247,5.9120,61.49,117.00,0.014620
297.4139,5.9120,61.76,117.00,0.014265
297.4996,5.9120,61.76,117.00,0.014936
297.5872,5.9120,61.76,117.00,0.014640
297.6728,5.9120,62.30,117.00,0.015220
297.7624,5.9120,62.03,117.00,0.014965
297.8493,5.9120,62.30,117.00,0.014530
297.9371,5.9120,62.03,117.00,0.014657
298.0243,5.9120,61.76,117.00,0.015048
298.1120,5.9120,61.49,117.00,0.014713
298.1994,5.9085,61.76,117.00,0.014957
298.2880,5.9050,61.49,117.00,0.015261
298.3710,5.9050,62.03,117.00,0.014743
298.4595,5.9050,62.03,117.00,0.014737
298.5465,5.9050,61.76,117.00,0.014074
298.6307,5.9050,61.76,117.00,0.014132
298.7108,5.9050,62.03,117.00,0.013900
298.7986,5.9050,61.22,117.00,0.013909
298.8821,5.9050,61.76,117.00,0.014366
298.9725,5.9050,61.76,117.00,0.014508
299.0558,5.9050,62.30,117.00,0.014904
299.1463,5.9050,62.30,117.00,0.015250
299.2300,5.9240,61.49,117.00,0.015000
299.3197,5.9240,61.76,117.00,0.014591
299.4045,5.9240,62.03,117.00,0.014749
299.4962,5.9240,62.03,117.00,0.014685
299.5832,5.9240,61.49,117.00,0.015067
299.6711,5.9240,61.22,117.00,0.014623
299.7580,5.9240,61.49,117.00,0.014683
299.8435,5.9240,62.03,117.00,0.014845
299.9268,5.9240,61.76,117.00,0.014924
300.0142,5.9240,61.76,117.00,0.014591
300.1020,5.9240,61.49,117.00,0.014667
300.1893,5.8780,61.49,117.00,0.014651
300.2774,5.8320,62.03,117.00,0.015125
300.3651,5.8320,61.76,117.00,0.015070
300.4526,5.8320,62.03,117.00,0.015121
300.5390,5.8320,61.76,117.50,0.013804
300.6173,5.8320,61.49,117.50,0.013751
300.7004,5.8320,61.76,117.00,0.014044
300.7805,5.8320,61.49,117.50,0.014772
300.8662,5.8320,61.49,117.00,0.014631
300.9466,5.8320,61.76,117.00,0.014782
301.0307,5.8320,61.49,117.00,0.013957
301.1104,5.8320,61.76,117.00,0.014215
301.1951,5.8415,61.76,117.00,0.014656
301.2739,5.8510,61.49,117.00,0.014018
301.3544,5.8510,61.76,117.00,0.013834
301.4346,5.8510,61.76,117.00,0.013669
301.5154,5.8510,62.03,117.00,0.013691
301.5930,5.8510,61.76,117.00,0.013468
301.6749,5.8510,61.49,117.00,0.014296
301.7564,5.8510,61.76,117.00,0.013587
301.8392,5.8510,61.49,117.00,0.013483
301.9180,5.8510,62.03,117.00,0.014159
301.9998,5.8510,61.49,117.00,0.013835
302.0832,5.8510,61.76,117.00,0.014160
302.1638,5.8510,62.03,117.00,0.013991
302.2419,5.8510,61.49,117.00,0.014048
302.3222,5.8510,62.03,117.50,0.013805
302.4047,5.8970,61.22,118.00,0.014640
302.4885,5.8970,61.49,118.00,0.013870
302.5697,5.8970,62.03,117.00,0.013977
302.6537,5.8970,62.03,117.00,0.014379
302.7353,5.8970,62.03,117.50,0.014323
302.8195,5.8970,61.76,117.00,0.014678
302.9019,5.8970,61.76,117.00,0.014173
302.9851,5.8970,62.30,117.00,0.014189
303.0662,5.8970,61.49,117.00,0.013540
303.1463,5.8970,62.03,117.00,0.013809
303.2267,5.8970,61.76,117.00,0.013810
303.3080,5.8970,62.03,117.00,0.014627
303.3898,5.8860,61.49,117.00,0.014089
303.4725,5.8860,62.03,117.00,0.014709
303.5518,5.8860,61.49,117.00,0.013916
303.6356,5.8860,62.30,117.00,0.014457
303.7190,5.8860,62.03,117.00,0.014346
303.8022,5.8860,61.76,117.00,0.013787
303.8838,5.8860,62.30,117.00,0.014555
303.9670,5.8860,62.30,117.00,0.014148
304.0464,5.8860,62.30,117.00,0.014575
304.1277,5.8860,62.03,117.00,0.013968
304.2116,5.8665,61.76,117.00,0.014415
304.2985,5.8470,61.76,117.00,0.014590
304.3774,5.8470,62.03,117.50,0.014282
304.4608,5.8470,62.30,118.00,0.014050
304.5402,5.8470,61.76,118.00,0.014388
304.6234,5.8470,62.03,118.00,0.014328
304.7032,5.8470,61.76,118.00,0.014507
304.7871,5.8470,61.76,117.50,0.014356
304.8668,5.8470,62.30,117.00,0.014281
304.9507,5.8470,62.30,117.00,0.014662
305.0291,5.8470,62.03,117.00,0.013855
305.1105,5.8470,61.76,117.00,0.014281
305.1918,5.9140,62.03,117.00,0.014650
305.2753,5.9810,62.03,117.00,0.014224
305.3583,5.9810,62.03,117.00,0.014580
305.4407,5.9810,62.30,117.00,0.014384
305.5224,5.9810,61.76,117.00,0.013977
305.6027,5.9810,61.76,117.00,0.013898
305.6832,5.9810,61.76,117.00,0.013980
305.7663,5.9810,62.03,117.00,0.014571
305.8453,5.9810,61.76,117.00,0.013832
305.9269,5.9810,61.49,117.00,0.014349
306.0047,5.9810,61.49,117.00,0.013860
306.0872,5.9810,62.03,117.00,0.014173
306.1658,5.9810,62.03,117.00,0.014113
306.2478,5.9280,62.03,117.00,0.014063
306.3277,5.9280,61.76,117.00,0.014354
306.4130,5.9280,61.76,117.00,0.014171
306.4946,5.9280,62.30,117.50,0.014524
306.5766,5.9280,61.76,118.00,0.014116
306.6587,5.9280,61.76,118.00,0.014252
306.7402,5.9280,61.76,117.50,0.014387
306.8201,5.9280,62.03,117.50,0.014358
306.9019,5.9280,62.03,117.00,0.014431
306.9810,5.9280,62.03,117.50,0.014183
307.0649,5.9280,62.30,117.00,0.014110
307.1470,5.9280,62.30,117.00,0.014345
307.2312,5.9545,62.03,117.00,0.014343
307.3111,5.9810,62.30,117.00,0.014554
307.3920,5.9810,62.03,117.00,0.013999
307.4711,5.9810,62.03,117.00,0.013959
307.5519,5.9810,62.30,117.00,0.013942
307.6318,5.9810,62.30,117.00,0.014571
307.7156,5.9810,61.76,117.00,0.014289
307.7948,5.9810,62.03,117.00,0.014180
307.8787,5.9810,61.49,117.00,0.014305
307.9587,5.9810,62.03,117.00,0.013697
308.0384,5.9810,61.76,117.00,0.013872
308.1187,5.9810,61.76,117.00,0.013760
308.1986,5.9810,62.03,117.00,0.013902
308.2783,5.9810,61.76,117.00,0.013821
308.3602,5.9485,62.30,117.00,0.014384
308.4390,5.9160,62.03,117.00,0.013955
308.5187,5.9160,62.03,117.00,0.013766
308.5978,5.9160,62.03,117.00,0.014326
308.6792,5.9160,62.03,117.00,0.014293
308.7586,5.9160,61.49,117.00,0.014440
308.8430,5.9160,61.22,117.00,0.014765
308.9220,5.9160,62.30,117.00,0.014162
309.0040,5.9160,62.03,117.00,0.014356
309.0876,5.9160,62.03,117.00,0.014165
309.1712,5.9160,62.03,117.00,0.014412
309.2534,5.9200,62.03,117.00,0.013856
309.3329,5.9200,62.30,117.00,0.013423
309.4113,5.9200,62.03,117.00,0.013956
309.4920,5.9200,61.49,117.00,0.014122
309.5737,5.9200,61.76,117.00,0.014220
309.6553,5.9200,61.76,117.00,0.014654
309.7368,5.9200,62.03,117.00,0.014137
309.8186,5.9200,62.03,117.00,0.014711
309.9008,5.9200,62.30,117.00,0.014227
309.9828,5.9200,61.76,117.00,0.013728
310.0611,5.9200,62.30,117.00,0.013949
310.1419,5.9200,61.76,117.00,0.014276
310.2211,5.9315,61.76,117.00,0.014070
310.3027,5.9430,62.30,117.00,0.013965
310.3825,5.9430,62.30,117.50,0.014390
310.4640,5.9430,62.03,118.00,0.014235
310.5443,5.9430,62.30,118.00,0.013482
310.6253,5.9430,62.03,118.00,0.013996
310.7070,5.9430,61.76,117.50,0.014388
310.7890,5.9430,62.03,117.00,0.014842
310.8681,5.9430,62.30,117.00,0.014249
310.9510,5.9430,62.03,117.00,0.013917
311.0307,5.9430,61.49,117.00,0.014158
311.1140,5.9430,61.22,117.00,0.014326
311.1956,5.9735,62.03,117.00,0.014510
311.2785,6.0040,61.76,117.00,0.014046
311.3584,6.0040,62.03,117.00,0.014812
311.4405,6.0040,61.76,117.00,0.014333
311.5221,6.0040,61.76,117.00,0.014291
311.6033,6.0040,62.30,117.00,0.014137
311.6872,6.0040,61.49,117.00,0.014164
311.7711,6.0040,62.03,117.00,0.014011
311.8553,6.0040,61.76,117.00,0.014282
311.9354,6.0040,62.03,117.00,0.013431
312.0139,6.0040,62.03,117.00,0.014027
312.0948,6.0040,62.03,117.00,0.014325
312.1738,6.0040,62.30,117.00,0.013898
312.2561,5.9770,62.03,117.00,0.014369
312.3370,5.9770,62.03,117.00,0.014046
312.4180,5.9770,61.76,117.00,0.014078
312.4995,5.9770,61.76,117.50,0.014253
312.5806,5.9770,62.30,117.00,0.014218
312.6640,5.9770,62.03,117.00,0.013888
312.7500,5.9770,62.03,117.00,0.014258
312.8302,5.9770,61.49,117.00,0.013632
312.9102,5.9770,61.76,117.00,0.013976
312.9881,5.9770,62.03,117.50,0.013617
313.0708,5.9770,62.30,117.00,0.013918
313.1497,5.9770,61.49,117.00,0.014075
313.2303,5.9770,62.03,117.00,0.013754
313.3115,5.9350,62.03,117.00,0.014175
313.3956,5.8930,61.49,117.00,0.014258
313.4793,5.8930,62.03,117.00,0.014157
313.5628,5.8930,61.76,118.00,0.014688
313.6423,5.8930,62.30,118.00,0.013605
313.7229,5.8930,62.03,118.00,0.013851
313.8024,5.8930,61.49,118.00,0.014206
313.8836,5.8930,62.03,118.00,0.014341
313.9682,5.8930,62.03,118.00,0.014421
314.0523,5.8930,61.22,118.00,0.014436
314.1322,5.8930,62.03,118.00,0.014111
314.2194,5.9315,62.30,118.00,0.014766
314.3077,5.9700,62.30,118.00,0.014379
314.3938,5.9700,61.76,118.00,0.015313
314.4760,5.9700,62.03,118.00,0.014385
314.5657,5.9700,62.30,118.00,0.014967
314.6466,5.9700,62.03,118.50,0.014417
314.7311,5.9700,62.30,119.00,0.014266
314.8113,5.9700,62.03,119.00,0.014549
314.8939,5.9700,62.03,119.00,0.014378
314.9744,5.9700,61.76,119.00,0.014832
315.0562,5.9700,62.03,119.00,0.014209
315.1385,5.9700,62.30,119.00,0.014279
315.2238,5.9680,62.03,119.00,0.014813
315.3063,5.9660,62.03,119.00,0.014143
315.3910,5.9660,61.49,119.00,0.014482
315.4756,5.9660,62.03,119.00,0.014341
315.5597,5.9660,62.30,119.00,0.014555
315.6401,5.9660,62.30,119.00,0.014055
315.7237,5.9660,62.30,119.00,0.014163
315.8057,5.9660,62.03,119.00,0.014263
315.8876,5.9660,62.03,119.00,0.014211
315.9715,5.9660,62.30,119.00,0.013612
316.0516,5.9660,61.76,119.00,0.013683
316.1345,5.9660,62.03,119.00,0.013875
316.2150,5.9660,61.76,119.00,0.013788
316.2942,5.9545,62.03,119.00,0.014337
316.3789,5.9430,62.03,119.00,0.014357
316.4587,5.9430,61.76,119.00,0.014359
316.5427,5.9430,61.76,119.00,0.014342
316.6267,5.9430,62.30,119.00,0.014050
316.7117,5.9430,61.49,119.00,0.015097
316.7939,5.9430,62.03,119.00,0.014121
316.8757,5.9430,62.30,119.00,0.014051
316.9544,5.9430,61.76,119.00,0.013905
317.0351,5.9430,62.03,119.00,0.013890
317.1146,5.9430,61.49,119.00,0.014446
317.1991,5.9450,62.30,119.00,0.014658
317.2795,5.9470,61.76,119.00,0.014493
317.3637,5.9470,62.03,119.00,0.014394
317.4482,5.9470,61.76,119.00,0.014137
317.5307,5.9470,61.76,119.00,0.013591
317.6097,5.9470,61.76,119.00,0.013941
317.6899,5.9470,62.03,119.00,0.013738
317.7713,5.9470,62.03,119.00,0.014342
317.8556,5.9470,62.03,119.00,0.014508
317.9350,5.9470,61.76,119.00,0.014147
318.0194,5.9470,62.03,119.00,0.014411
318.0993,5.9470,62.03,119.00,0.014077
318.1838,5.9470,62.30,119.00,0.014242
318.2669,5.9510,62.03,120.00,0.014272
318.3489,5.9510,61.49,120.00,0.014650
318.4329,5.9510,61.76,120.00,0.014135
318.5148,5.9510,61.76,120.00,0.014655
318.5991,5.9510,61.49,120.00,0.013995
318.6831,5.9510,61.49,120.00,0.014241
318.7634,5.9510,61.76,120.00,0.014423
318.8469,5.9510,61.76,120.00,0.013962
318.9270,5.9510,62.30,120.00,0.014195
319.0125,5.9510,62.30,120.00,0.014160
319.0921,5.9510,61.49,120.00,0.014266
319.1768,5.9510,61.49,120.00,0.015666
319.2629,5.9540,62.03,120.00,0.014320
319.3514,5.9540,62.03,120.00,0.014851
319.4383,5.9540,62.03,120.00,0.014930
319.5260,5.9540,62.30,120.00,0.013984
319.6060,5.9540,62.03,120.00,0.014589
319.6885,5.9540,62.03,120.00,0.014672
319.7683,5.9540,61.76,120.00,0.014135
319.8529,5.9540,62.30,120.00,0.014062
319.9354,5.9540,62.03,120.00,0.014505
320.0196,5.9540,61.76,120.00,0.014560
320.1038,5.9540,62.30,120.00,0.014614
320.1878,5.9715,61.76,120.00,0.014817
320.2683,5.9890,62.03,120.00,0.014016
320.3504,5.9890,62.03,120.00,0.014350
320.4308,5.9890,61.49,120.00,0.014621
320.5150,5.9890,62.30,120.00,0.014390
320.5951,5.9890,62.30,120.00,0.014220
320.6796,5.9890,61.22,120.00,0.014441
320.7619,5.9890,62.03,120.00,0.014327
320.8437,5.9890,62.30,120.00,0.014304
320.9269,5.9890,61.76,120.00,0.013697
321.0076,5.9890,61.76,120.00,0.013986
321.0901,5.9890,62.30,120.00,0.014332
321.1720,5.9890,62.03,120.00,0.014225
321.2548,5.9580,62.03,120.00,0.014213
321.3398,5.9580,62.03,120.00,0.014807
321.4220,5.9580,62.03,120.00,0.014300
321.5067,5.9580,61.76,120.00,0.014039
321.5872,5.9580,62.03,120.00,0.014387
321.6706,5.9580,61.76,120.00,0.014926
321.7505,5.9580,61.76,120.00,0.014036
321.8345,5.9580,62.30,120.00,0.014211
321.9150,5.9580,62.03,120.00,0.014037
322.0014,5.9580,62.03,120.00,0.014383
322.0820,5.9580,62.30,120.00,0.014915
322.1634,5.9580,61.76,120.00,0.013962
322.2468,5.9730,62.03,120.00,0.014786
322.3283,5.9730,61.76,120.00,0.014215
322.4106,5.9730,61.76,120.00,0.014370
322.4951,5.9730,61.76,120.00,0.014372
322.5747,5.9730,62.30,120.00,0.014163
322.6589,5.9730,62.03,120.00,0.014544
322.7385,5.9730,61.76,120.00,0.013871
322.8205,5.9730,61.76,120.00,0.014579
322.9024,5.9730,61.76,120.00,0.014569
322.9835,5.9730,61.76,121.00,0.013728
323.0660,5.9730,62.03,121.00,0.014525
323.1483,5.9730,61.76,121.00,0.014352
323.2316,6.0380,61.76,121.00,0.014780
323.3167,6.0380,62.30,121.00,0.013893
323.3984,6.0380,62.03,121.00,0.014049
323.4830,6.0380,62.03,120.50,0.014208
323.5650,6.0380,62.03,120.50,0.014019
323.6475,6.0380,62.30,120.00,0.014540
323.7287,6.0380,62.03,120.00,0.013761
323.8092,6.0380,61.49,121.00,0.013609
323.8878,6.0380,62.03,120.00,0.013579
323.9713,6.0380,62.03,120.00,0.013900
324.0532,6.0380,61.49,120.00,0.013757
324.1383,6.0380,62.03,120.00,0.013685
324.2180,6.0380,62.03,120.00,0.014369
324.3034,5.9350,62.03,120.00,0.014724
324.3840,5.9350,62.30,120.00,0.014225
324.4667,5.9350,62.03,120.00,0.014359
324.5483,5.9350,62.30,120.00,0.014905
324.6328,5.9350,61.49,120.00,0.014793
324.7145,5.9350,62.03,121.00,0.014558
324.7964,5.9350,62.03,120.50,0.014350
324.8768,5.9350,62.03,120.50,0.014552
324.9590,5.9350,62.30,120.00,0.014327
325.0423,5.9350,61.76,121.00,0.014458
325.1237,5.9350,62.30,121.00,0.013860
325.2037,5.9350,61.49,121.00,0.013984
325.2880,6.0310,61.76,121.00,0.014231
325.3683,6.0310,61.76,121.00,0.014527
325.4547,6.0310,62.03,121.00,0.014165
325.5359,6.0310,62.03,121.00,0.014888
325.6268,6.0310,61.76,120.50,0.015402
325.7123,6.0310,62.30,120.00,0.014577
325.7999,6.0310,62.03,120.00,0.014601
325.8806,6.0310,62.30,120.00,0.014402
325.9648,6.0310,62.03,120.00,0.013818
326.0475,6.0310,61.76,120.00,0.014185
326.1323,6.0310,62.30,120.00,0.014400
326.2158,5.9600,62.30,120.00,0.014026
326.2981,5.8890,61.49,120.00,0.014120
326.3773,5.8890,61.76,120.00,0.013687
326.4573,5.8890,62.03,120.00,0.013670
326.5361,5.8890,62.03,120.00,0.013659
326.6186,5.8890,61.76,120.00,0.014456
326.6989,5.8890,62.03,120.00,0.014395
326.7837,5.8890,61.22,120.00,0.014340
326.8665,5.8890,62.03,120.00,0.013911
326.9483,5.8890,61.76,120.00,0.014254
327.0302,5.8890,62.03,120.00,0.014126
327.1123,5.8890,62.30,120.00,0.014228
327.1941,5.8890,62.03,120.00,0.014374
327.2747,5.8890,61.76,120.00,0.013811
327.3550,5.8890,61.76,120.00,0.013897
327.4389,5.8890,61.76,120.00,0.014190
327.5195,5.8890,62.30,120.00,0.014459
327.6036,5.8890,61.76,120.00,0.014266
327.6859,5.8890,61.76,120.00,0.014324
327.7676,5.8890,62.03,120.00,0.014292
327.8506,5.8890,62.03,120.00,0.014246
327.9345,5.8890,61.76,120.00,0.014150
328.0145,5.8890,61.76,120.00,0.014258
328.0958,5.8890,62.30,120.00,0.014095
328.1748,5.8890,61.22,120.00,0.014039
328.2594,5.8890,62.03,120.00,0.014706
328.3409,5.8890,62.03,120.00,0.013803
328.4231,5.8890,62.03,120.00,0.013836
328.5021,5.8890,62.30,120.00,0.014084
328.5827,5.8890,62.30,120.00,0.013848
328.6634,5.9580,62.03,120.00,0.013839
328.7475,5.9580,62.03,120.00,0.014275
328.8317,5.9580,61.76,120.00,0.014351
328.9142,5.9580,62.30,120.00,0.014416
328.9935,5.9580,62.30,120.00,0.014063
329.0797,5.9580,62.30,120.00,0.014190
329.1616,5.9580,62.30,120.00,0.013853
329.2439,5.9430,62.03,120.00,0.013840
329.3268,5.9430,62.30,120.00,0.014456
329.4107,5.9430,62.03,120.00,0.014285
329.4908,5.9430,62.03,120.00,0.014168
329.5746,5.9430,62.30,120.00,0.014075
329.6545,5.9430,62.30,120.00,0.014100
329.7364,5.9430,62.30,120.00,0.014224
329.8161,5.9430,62.03,120.00,0.013910
329.8984,5.9430,61.22,120.00,0.014163
329.9799,5.9430,62.03,120.00,0.013888
330.0661,5.9430,62.03,120.00,0.014463
330.1463,5.9430,62.30,120.00,0.014209
330.2275,5.9430,62.30,120.00,0.013553
330.3061,5.9430,62.03,120.00,0.013676
330.3911,5.9830,62.03,120.00,0.015328
330.4734,6.0230,61.49,120.00,0.013962
330.5556,6.0230,62.03,120.00,0.014195
330.6373,6.0230,61.49,120.00,0.014002
330.7243,6.0230,62.30,120.00,0.014020
330.8062,6.0230,61.76,120.00,0.013928
330.8887,6.0230,61.49,120.00,0.014535
330.9703,6.0230,62.03,120.00,0.013562
331.0521,6.0230,61.76,120.00,0.013952
331.1351,6.0230,62.30,120.00,0.013853
331.2175,6.0230,61.76,120.00,0.014141
331.3005,5.9120,61.76,120.00,0.014976
331.3812,5.9120,62.30,120.00,0.013517
331.4633,5.9120,62.03,120.00,0.014060
331.5465,5.9120,61.49,120.00,0.013898
331.6256,5.9120,62.30,120.00,0.013889
331.7077,5.9120,61.76,120.00,0.014588
331.7892,5.9120,61.76,120.00,0.013863
331.8711,5.9120,61.76,120.00,0.013768
331.9508,5.9120,62.03,120.00,0.013702
332.0352,5.9120,62.03,120.00,0.014137
332.1160,5.9120,61.22,120.00,0.014321
332.1978,5.9695,62.03,120.00,0.014016
332.2778,6.0270,61.49,119.00,0.014077
332.3625,6.0270,62.03,119.00,0.014325
332.4423,6.0270,62.03,119.50,0.014682
332.5244,6.0270,61.49,119.50,0.013932
332.6055,6.0270,62.30,120.00,0.013713
332.6873,6.0270,62.03,120.00,0.014129
332.7677,6.0270,61.76,120.00,0.014706
332.8525,6.0270,62.03,120.00,0.014490
332.9330,6.0270,61.49,120.00,0.014107
333.0156,6.0270,62.03,120.00,0.014337
333.0969,6.0270,62.30,120.00,0.014762
333.1795,6.0270,61.76,120.00,0.014310
333.2629,5.9700,62.30,120.00,0.014306
333.3474,5.9700,62.30,120.00,0.014520
333.4277,5.9700,62.03,119.50,0.014434
333.5147,5.9700,62.03,119.00,0.014572
333.5948,5.9700,62.03,119.50,0.013958
333.6796,5.9700,61.76,119.00,0.014594
333.7603,5.9700,61.76,119.00,0.014256
333.8442,5.9700,62.03,119.00,0.013750
333.9270,5.9700,61.76,119.00,0.014482
334.0119,5.9700,62.03,119.00,0.014576
334.0953,5.9700,61.76,119.00,0.014556
334.1824,5.9640,61.49,119.00,0.014465
334.2653,5.9580,62.30,119.00,0.014137
334.3479,5.9580,62.03,119.00,0.014261
334.4310,5.9580,61.76,119.50,0.014726
334.5180,5.9580,61.76,119.00,0.014347
334.6038,5.9580,62.03,119.50,0.014828
334.6888,5.9580,62.30,119.00,0.014486
334.7717,5.9580,62.30,119.00,0.014640
334.8558,5.9580,61.76,119.00,0.014004
334.9389,5.9580,61.76,119.00,0.014744
335.0229,5.9580,62.03,119.00,0.014239
335.1035,5.9580,62.30,119.00,0.014537
335.1886,5.9865,62.03,119.00,0.014786
335.2712,6.0150,62.30,119.50,0.014412
335.3559,6.0150,62.30,119.00,0.014554
335.4396,6.0150,61.76,119.00,0.014761
335.5246,6.0150,61.76,119.00,0.014371
335.6076,6.0150,62.03,119.00,0.014389
335.6928,6.0150,61.76,119.00,0.014608
335.7754,6.0150,61.76,119.00,0.014440
335.8601,6.0150,61.22,119.00,0.014746
335.9431,6.0150,62.03,119.00,0.014061
336.0277,6.0150,62.30,119.00,0.014301
336.1114,6.0150,62.30,119.00,0.014627
336.1940,5.9885,62.03,119.00,0.014464
336.2741,5.9620,61.76,119.00,0.013858
336.3551,5.9620,62.03,119.00,0.013739
336.4360,5.9620,61.76,119.00,0.014332
336.5211,5.9620,61.76,119.00,0.014453
336.6022,5.9620,61.49,119.00,0.014450
336.6851,5.9620,62.03,119.00,0.014621
336.7654,5.9620,61.76,119.00,0.013744
336.8479,5.9620,62.30,119.00,0.014149
336.9337,5.9620,62.03,119.00,0.014936
337.0247,5.9620,62.03,119.00,0.015562
337.1126,5.9620,61.49,119.00,0.014473
337.2002,5.9695,62.03,119.00,0.014987
337.2837,5.9770,62.30,119.00,0.014376
337.3721,5.9770,61.76,119.00,0.014735
337.4597,5.9770,62.03,119.00,0.014605
337.5504,5.9770,61.76,119.00,0.015244
337.6366,5.9770,61.76,119.00,0.015511
337.7242,5.9770,62.03,119.00,0.014336
337.8075,5.9770,62.03,119.00,0.015008
337.8954,5.9770,62.03,119.00,0.014542
337.9792,5.9770,61.49,119.00,0.014780
338.0669,5.9770,62.03,119.00,0.014765
338.1528,5.9770,61.76,119.00,0.015061
338.2417,5.9350,61.76,119.00,0.014830
338.3291,5.9350,62.30,119.00,0.014740
338.4172,5.9350,61.76,119.00,0.015126
338.5034,5.9350,61.76,119.00,0.014497
338.5940,5.9350,61.49,119.00,0.015348
338.6802,5.9350,61.76,119.00,0.014899
338.7661,5.9350,61.49,119.00,0.015097
338.8530,5.9350,62.30,119.00,0.014270
338.9409,5.9350,62.03,119.00,0.014939
339.0245,5.9350,61.49,119.00,0.014498
339.1107,5.9350,62.30,119.00,0.014316
339.1904,5.9350,62.03,119.00,0.013660
339.2765,5.7960,62.03,119.00,0.014023
339.3645,5.6570,61.76,119.00,0.014626
339.4496,5.6570,61.49,119.00,0.014196
339.5340,5.6570,62.30,119.00,0.014592
339.6205,5.6570,62.03,119.00,0.014794
339.7080,5.6570,61.49,119.00,0.013825
339.7958,5.6570,62.03,119.00,0.014888
339.8839,5.6570,62.03,119.00,0.015085
339.9714,5.6570,61.49,119.00,0.014761
340.0568,5.6570,61.76,119.00,0.015067
340.1419,5.6570,61.76,119.00,0.014118
340.2226,5.7410,62.03,119.00,0.014307
340.3070,5.8250,61.76,119.00,0.014128
340.3876,5.8250,62.03,119.00,0.014591
340.4696,5.8250,61.49,119.00,0.014501
340.5519,5.8250,61.49,119.00,0.014246
340.6358,5.8250,62.30,119.00,0.014337
340.7181,5.8250,62.03,119.00,0.014402
340.7997,5.8250,62.30,119.00,0.014138
340.8828,5.8250,62.03,119.00,0.014868
340.9671,5.8250,62.03,119.00,0.014003
341.0480,5.8250,61.49,119.00,0.014253
341.1327,5.8250,62.03,119.00,0.014459
341.2152,5.8610,61.22,119.00,0.014160
341.2999,5.8970,61.76,119.00,0.014717
341.3848,5.8970,62.30,119.00,0.014656
341.4666,5.8970,62.03,119.00,0.014178
341.5446,5.8970,62.30,119.00,0.013438
341.6257,5.8970,61.49,119.00,0.013984
341.7065,5.8970,62.30,119.00,0.013772
341.7879,5.8970,61.76,119.00,0.014062
341.8672,5.8970,61.76,119.00,0.013985
341.9508,5.8970,61.76,119.00,0.014042
342.0298,5.8970,62.03,119.00,0.013853
342.1139,5.8970,61.76,119.00,0.014510
342.1984,5.9255,61.49,119.00,0.014242
342.2827,5.9540,62.03,119.00,0.014203
342.3650,5.9540,62.30,119.00,0.014158
342.4466,5.9540,62.30,118.50,0.014042
342.5270,5.9540,62.30,118.00,0.014468
342.6116,5.9540,61.49,118.00,0.014385
342.6925,5.9540,61.49,119.00,0.014336
342.7744,5.9540,62.03,119.00,0.014133
342.8542,5.9540,61.49,119.00,0.013899
342.9378,5.9540,62.30,119.00,0.014068
343.0205,5.9540,62.30,119.00,0.014359
343.1026,5.9540,62.30,119.00,0.014197
343.1832,5.9810,61.49,119.00,0.014562
343.2659,6.0080,62.30,118.50,0.014342
343.3530,6.0080,61.76,118.00,0.014967
343.4390,6.0080,62.03,118.00,0.015037
343.5269,6.0080,62.30,118.00,0.014355
343.6154,6.0080,61.76,118.50,0.014839
343.7038,6.0080,62.03,119.00,0.014927
343.7945,6.0080,61.49,119.00,0.015123
343.8776,6.0080,62.03,119.00,0.013816
343.9622,6.0080,62.57,118.50,0.014549
344.0433,6.0080,61.22,118.00,0.014261
344.1280,6.0080,62.03,118.00,0.014810
344.2146,6.0080,62.03,118.00,0.013962
344.3050,5.9200,62.30,118.00,0.014424
344.3879,5.9200,61.76,118.00,0.014093
344.4686,5.9200,61.76,118.00,0.013609
344.5478,5.9200,62.03,118.00,0.013910
344.6323,5.9200,61.76,118.00,0.014372
344.7149,5.9200,62.03,118.00,0.014317
344.7987,5.9200,62.03,118.00,0.014169
344.8793,5.9200,62.30,118.00,0.014573
344.9661,5.9200,62.30,118.00,0.014510
345.0463,5.9200,61.49,118.00,0.014144
345.1306,5.9200,62.03,118.00,0.014762
345.2105,5.9715,61.49,118.00,0.014016
345.2958,6.0230,61.22,118.00,0.014356
345.3759,6.0230,61.76,118.00,0.014230
345.4583,6.0230,62.03,118.00,0.014625
345.5388,6.0230,62.03,118.00,0.014563
345.6232,6.0230,62.30,118.00,0.014447
345.7055,6.0230,62.30,118.00,0.014076
345.7879,6.0230,62.30,118.00,0.014220
345.8683,6.0230,61.76,118.00,0.014337
345.9507,6.0230,62.03,118.00,0.014230
346.0339,6.0230,61.76,118.00,0.014772
346.1161,6.0230,61.76,118.00,0.014644
346.1988,5.9980,61.49,118.00,0.014240
346.2840,5.9730,62.03,118.00,0.013972
346.3683,5.9730,61.76,118.00,0.013760
346.4533,5.9730,62.03,118.00,0.013840
346.5360,5.9730,61.76,118.00,0.014244
346.6184,5.9730,61.76,118.00,0.014276
346.7028,5.9730,62.30,118.00,0.014169
346.7836,5.9730,62.30,118.00,0.013352
346.8626,5.9730,61.76,118.00,0.013873
346.9463,5.9730,62.03,118.00,0.013647
347.0263,5.9730,62.03,118.00,0.014564
347.1112,5.9730,61.76,118.00,0.014245
347.1943,5.9580,62.30,118.00,0.014201
347.2777,5.9430,62.03,118.00,0.014055
347.3573,5.9430,62.03,118.00,0.013815
347.4422,5.9430,61.49,118.00,0.014120
347.5249,5.9430,61.49,118.00,0.014393
347.6071,5.9430,61.76,118.00,0.014099
347.6878,5.9430,62.03,118.00,0.014669
347.7716,5.9430,62.03,118.00,0.014221
347.8537,5.9430,62.03,118.00,0.014357
347.9371,5.9430,61.49,118.00,0.013611
348.0159,5.9430,62.03,118.00,0.013776
348.0992,5.9430,62.30,118.00,0.014347
348.1792,5.9430,62.03,118.00,0.014438
348.2637,5.9390,61.76,118.00,0.013940
348.3457,5.9390,62.03,118.00,0.014153
348.4287,5.9390,61.49,118.00,0.014574
348.5107,5.9390,62.03,118.00,0.014160
348.5957,5.9390,62.03,118.00,0.014258
348.6789,5.9390,62.03,118.00,0.014999
348.7701,5.9390,61.22,116.00,0.015611
348.8550,5.9390,62.30,114.00,0.014375
348.9438,5.9390,62.03,114.00,0.014682
349.0273,5.9390,62.30,114.00,0.014936
349.1152,5.9390,62.30,114.00,0.014604
349.1989,5.9505,62.03,114.00,0.014400
349.2897,5.9620,61.49,114.00,0.014563
349.3686,5.9620,62.30,114.00,0.013783
349.4502,5.9620,61.76,114.00,0.013598
349.5294,5.9620,61.76,114.00,0.013928
349.6169,5.9620,62.30,114.00,0.015217
349.7041,5.9620,62.03,114.00,0.014832
349.7941,5.9620,62.30,114.00,0.015226
349.8821,5.9620,62.03,114.00,0.014756
349.9706,5.9620,62.30,114.00,0.015122
350.0548,5.9620,62.30,114.00,0.015011
350.1449,5.9620,61.76,114.00,0.014494
350.2306,5.8250,61.76,114.00,0.014376
350.3204,5.8250,62.03,114.00,0.014351
350.4027,5.8250,61.22,114.00,0.014314
350.4865,5.8250,62.30,114.00,0.013819
350.5711,5.8250,61.49,114.00,0.014504
350.6557,5.8250,61.49,114.00,0.014513
350.7385,5.8250,62.03,114.00,0.014539
350.8224,5.8250,61.76,114.00,0.014221
350.9074,5.8250,61.76,114.00,0.014148
350.9920,5.8250,62.03,114.00,0.014209
351.0766,5.8250,61.76,115.00,0.014192
351.1610,5.8250,62.03,115.00,0.014123
351.2414,5.8020,61.76,115.00,0.013857
351.3236,5.8020,62.03,115.00,0.014525
351.4057,5.8020,62.03,115.00,0.014194
351.4904,5.8020,61.22,115.00,0.014075
351.5732,5.8020,62.03,115.00,0.014677
351.6557,5.8020,61.76,115.00,0.014209
351.7394,5.8020,62.03,115.00,0.014716
351.8241,5.8020,62.03,115.00,0.014045
351.9071,5.8020,61.49,115.00,0.014644
351.9920,5.8020,62.03,115.00,0.014328
352.0727,5.8020,62.03,115.00,0.014366
352.1599,5.8020,62.30,115.00,0.014604
352.2414,5.9010,61.76,115.00,0.014414
352.3236,5.9010,62.03,115.00,0.014117
352.4047,5.9010,61.49,115.00,0.014480
352.4875,5.9010,62.03,115.00,0.014457
352.5702,5.9010,61.49,115.00,0.014277
352.6550,5.9010,61.76,115.00,0.014629
352.7387,5.9010,62.03,115.00,0.014767
352.8228,5.9010,62.03,115.00,0.014373
352.9027,5.9010,62.03,115.00,0.014443
352.9866,5.9010,61.49,115.00,0.014135
353.0665,5.9010,62.30,115.00,0.014367
353.1507,5.9010,62.03,115.00,0.013939
353.2363,5.9660,62.03,115.00,0.014620
353.3207,5.9660,61.49,115.00,0.014464
353.4010,5.9660,62.30,115.00,0.014570
353.4857,5.9660,62.03,115.00,0.014439
353.5657,5.9660,62.03,115.00,0.013920
353.6482,5.9660,62.30,115.00,0.014509
353.7327,5.9660,62.03,115.00,0.014435
353.8152,5.9660,62.03,115.00,0.014714
353.8948,5.9660,61.76,115.00,0.014382
353.9765,5.9660,61.76,115.00,0.014259
354.0566,5.9660,61.76,115.00,0.014082
354.1431,5.9660,61.49,115.00,0.014382
354.2234,5.9925,62.30,115.00,0.014463
354.3105,6.0190,61.76,115.00,0.014495
354.3897,6.0190,61.76,115.00,0.013654
354.4702,6.0190,62.03,115.50,0.013816
354.5509,6.0190,62.03,116.00,0.013668
354.6322,6.0190,62.03,116.00,0.014233
354.7177,6.0190,62.03,116.00,0.014668
354.8009,6.0190,62.30,116.00,0.013760
354.8793,6.0190,61.76,116.00,0.013596
354.9600,6.0190,62.03,116.00,0.013812
355.0413,6.0190,62.03,116.00,0.013694
355.1251,6.0190,61.76,116.00,0.014189
355.2097,6.0170,61.76,116.00,0.014439
355.2948,6.0150,61.22,116.00,0.014683
355.3747,6.0150,61.76,116.00,0.014333
355.4555,6.0150,62.30,116.00,0.013844
355.5343,6.0150,61.76,116.00,0.013909
355.6159,6.0150,62.30,116.00,0.014292
355.6966,6.0150,61.76,116.00,0.014699
355.7788,6.0150,62.03,116.00,0.014472
355.8587,6.0150,61.76,116.00,0.014377
355.9404,6.0150,61.76,116.00,0.014380
356.0204,6.0150,61.49,116.00,0.014340
356.1069,6.0150,62.03,116.00,0.014390
356.1878,6.0115,62.30,116.00,0.014469
356.2699,6.0080,62.30,116.00,0.014454
356.3522,6.0080,62.03,116.00,0.014176
356.4359,6.0080,62.03,116.00,0.013942
356.5182,6.0080,62.03,117.00,0.014101
356.6004,6.0080,62.03,117.00,0.014232
356.6835,6.0080,62.03,117.00,0.014558
356.7672,6.0080,61.76,117.00,0.014053
356.8463,6.0080,61.76,117.00,0.013588
356.9265,6.0080,62.03,117.00,0.013614
357.0052,6.0080,61.76,117.00,0.013417
357.0855,6.0080,62.03,117.00,0.013588
357.1678,6.0080,61.76,117.00,0.014458
357.2548,5.9920,62.03,117.00,0.014407
357.3354,5.9920,62.03,117.00,0.014362
357.4184,5.9920,62.30,117.00,0.013671
357.4982,5.9920,62.30,117.00,0.014184
357.5818,5.9920,62.03,117.00,0.014295
357.6620,5.9920,62.03,117.00,0.014293
357.7440,5.9920,62.30,117.00,0.014075
357.8269,5.9920,62.03,117.00,0.014449
357.9100,5.9920,62.30,117.00,0.013443
357.9906,5.9920,61.76,117.00,0.013708
358.0713,5.9920,62.03,117.00,0.013882
358.1544,5.9920,61.76,117.00,0.014408
358.2370,5.9090,62.30,117.00,0.013734
358.3169,5.9090,61.76,117.00,0.014095
358.3992,5.9090,62.03,117.00,0.014656
358.4788,5.9090,61.76,117.00,0.014162
358.5606,5.9090,62.30,117.00,0.014308
358.6443,5.9090,62.03,117.00,0.014155
358.7263,5.9090,62.30,117.00,0.014340
358.8110,5.9090,62.30,117.00,0.014493
358.8949,5.9090,61.76,117.00,0.014778
358.9829,5.9090,61.76,117.00,0.014768
359.0729,5.9090,62.30,117.00,0.014767
359.1594,5.9090,61.22,117.00,0.015107
359.2474,5.9850,62.30,117.00,0.015484
359.3337,5.9850,61.76,117.00,0.014862
359.4233,5.9850,62.03,117.00,0.015829
359.5102,5.9850,62.03,117.00,0.014656
359.6007,5.9850,62.30,117.00,0.014488
359.6875,5.9850,62.03,117.50,0.015249
359.7764,5.9850,61.76,117.00,0.013996
359.8601,5.9850,61.76,117.00,0.015228
359.9498,5.9850,62.03,117.00,0.014723
360.0379,5.9850,62.03,117.00,0.015161
360.1282,5.9850,62.03,117.50,0.015379
360.2152,5.9600,61.76,118.00,0.014465
360.3030,5.9350,61.76,118.00,0.014338
360.3885,5.9350,61.49,118.00,0.014220
360.4705,5.9350,61.49,118.00,0.014357
360.5507,5.9350,61.49,118.00,0.014416
360.6355,5.9350,62.03,118.00,0.014176
360.7183,5.9350,61.76,118.00,0.014283
360.7992,5.9350,62.30,118.00,0.013929
360.8791,5.9350,62.30,118.00,0.014198
360.9627,5.9350,62.30,118.00,0.014133
361.0428,5.9350,62.03,118.00,0.014157
361.1282,5.9350,61.76,118.00,0.014411
361.2107,5.9735,62.03,118.00,0.014960
361.2963,6.0120,61.49,118.00,0.014551
361.3762,6.0120,61.49,118.00,0.014242
361.4618,6.0120,61.76,118.00,0.014941
361.5429,6.0120,62.30,118.00,0.014275
361.6268,6.0120,61.76,118.00,0.014029
361.7078,6.0120,61.76,118.00,0.014464
361.7926,6.0120,62.03,118.00,0.014286
361.8752,6.0120,61.76,118.00,0.014374
361.9595,6.0120,62.03,118.00,0.014235
362.0429,6.0120,62.30,118.00,0.014666
362.1235,6.0120,62.03,118.00,0.013670
362.2043,6.0120,61.76,118.00,0.013929
362.2859,6.0120,61.76,118.00,0.013487
362.3685,6.0080,62.03,118.00,0.014518
362.4514,6.0040,62.30,118.00,0.014398
362.5330,6.0040,62.03,118.00,0.014596
362.6145,6.0040,62.03,118.00,0.014425
362.6965,6.0040,62.03,118.00,0.014597
362.7788,6.0040,61.76,118.00,0.014435
362.8582,6.0040,62.03,118.00,0.014033
362.9397,6.0040,61.76,118.00,0.014351
363.0227,6.0040,62.30,118.00,0.014646
363.1064,6.0040,62.03,118.00,0.014381
363.1864,5.9885,62.30,118.00,0.014536
363.2685,5.9730,62.03,118.50,0.014161
363.3478,5.9730,62.03,119.00,0.013622
363.4316,5.9730,61.76,119.00,0.014066
363.5122,5.9730,62.30,119.00,0.014317
363.5979,5.9730,62.03,119.00,0.014037
363.6789,5.9730,61.76,119.00,0.014629
363.7647,5.9730,61.49,119.00,0.014112
363.8454,5.9730,62.30,119.00,0.014374
363.9272,5.9730,62.30,119.00,0.014515
364.0100,5.9730,61.76,119.00,0.014402
364.0916,5.9730,61.76,119.00,0.014148
364.1772,5.9730,62.03,119.50,0.014858
364.2601,5.9510,62.30,120.00,0.014785
364.3424,5.9510,62.30,120.00,0.014379
364.4264,5.9510,62.30,120.00,0.014190
364.5085,5.9510,62.03,120.00,0.014463
364.5923,5.9510,61.49,120.00,0.014428
364.6742,5.9510,62.03,120.00,0.014615
364.7557,5.9510,62.30,120.00,0.013968
364.8382,5.9510,61.76,120.00,0.014784
364.9198,5.9510,61.76,120.00,0.013900
365.0021,5.9510,62.30,120.00,0.014337
365.0831,5.9510,62.30,120.00,0.013638
365.1618,5.9510,62.30,120.00,0.013916
365.2428,5.9510,62.30,120.00,0.014292
365.3236,5.9510,62.03,120.00,0.014636
365.4084,5.9510,61.76,120.00,0.014724
365.4907,5.9510,62.30,120.00,0.014494
365.5750,5.9510,62.03,120.00,0.014601
365.6551,5.9510,62.30,120.00,0.014395
365.7395,5.9510,62.03,120.00,0.014496
365.8221,5.9510,62.03,120.00,0.014588
365.9044,5.9510,62.03,120.00,0.014362
365.9870,5.9510,62.30,120.00,0.014301
366.0701,5.9510,62.30,120.00,0.013916
366.1511,5.9510,62.03,120.00,0.014008
366.2323,5.9510,62.03,120.00,0.014080
366.3139,5.9510,62.30,120.00,0.014466
366.3964,6.0150,62.30,120.00,0.014189
366.4787,6.0150,62.03,120.00,0.014476
366.5605,6.0150,62.03,120.00,0.014072
366.6426,6.0150,62.03,120.00,0.013944
366.7250,6.0150,62.30,120.00,0.014695
366.8041,6.0150,62.30,120.00,0.014274
366.8882,6.0150,62.03,120.00,0.014397
366.9698,6.0150,62.03,120.00,0.014154
367.0540,6.0150,61.76,120.00,0.014380
367.1369,6.0150,62.03,120.00,0.014594
367.2221,6.0055,61.76,120.00,0.014725
367.3027,5.9960,62.30,120.00,0.014380
367.3870,5.9960,62.30,120.00,0.014137
367.4716,5.9960,61.76,120.00,0.014282
367.5547,5.9960,62.30,120.00,0.014109
367.6341,5.9960,62.30,120.00,0.014503
367.7161,5.9960,62.03,120.00,0.014390
367.7986,5.9960,61.76,120.00,0.014182
367.8802,5.9960,62.30,120.00,0.014270
367.9642,5.9960,62.03,120.00,0.014828
368.0486,5.9960,61.49,120.00,0.014497
368.1303,5.9960,62.03,120.00,0.014133
368.2118,5.9885,62.30,120.00,0.014413
368.2946,5.9810,62.30,120.00,0.014074
368.3787,5.9810,62.30,120.00,0.014328
368.4578,5.9810,61.76,120.00,0.013881
368.5384,5.9810,61.76,120.00,0.013812
368.6186,5.9810,61.76,120.00,0.014339
368.7036,5.9810,61.76,120.00,0.014491
368.7860,5.9810,61.76,120.00,0.014494
368.8688,5.9810,62.03,120.00,0.014439
368.9492,5.9810,62.03,120.00,0.014339
369.0349,5.9810,62.03,120.00,0.014125
369.1171,5.9810,62.30,120.00,0.013973
369.1991,5.9905,62.30,120.00,0.013836
369.2812,6.0000,62.30,120.00,0.013400
369.3614,6.0000,61.76,120.00,0.013622
369.4417,6.0000,61.49,120.00,0.014126
369.5226,6.0000,62.30,120.50,0.014244
369.6035,6.0000,62.03,121.00,0.014624
369.6854,6.0000,62.03,121.00,0.014327
369.7658,6.0000,62.03,121.00,0.014262
369.8475,6.0000,61.76,121.00,0.014352
369.9314,6.0000,62.30,121.00,0.014145
370.0154,6.0000,62.03,121.00,0.014089
370.0986,6.0000,62.30,121.00,0.014637
370.1812,6.0000,62.30,121.00,0.015341
370.2618,5.9350,61.76,121.00,0.013799
370.3445,5.9350,62.03,121.00,0.014357
370.4269,5.9350,62.30,121.00,0.013962
370.5110,5.9350,62.03,121.00,0.014453
370.5935,5.9350,62.30,121.00,0.014136
370.6753,5.9350,62.30,121.00,0.014415
370.7582,5.9350,62.03,121.00,0.014594
370.8421,5.9350,61.76,121.00,0.014024
370.9251,5.9350,61.76,121.00,0.015149
371.0067,5.9350,61.49,121.00,0.014292
371.0862,5.9350,62.30,121.00,0.014371
371.1709,5.9350,62.03,121.00,0.014227
371.2545,5.9890,61.76,121.00,0.014162
371.3357,5.9890,62.03,121.00,0.013730
371.4194,5.9890,62.30,121.00,0.015293
371.5056,5.9890,62.30,121.00,0.014111
371.5858,5.9890,62.03,121.00,0.014416
371.6684,5.9890,61.76,121.00,0.014287
371.7514,5.9890,62.03,121.00,0.014317
371.8359,5.9890,62.03,121.00,0.014467
371.9185,5.9890,61.76,121.00,0.014301
372.0026,5.9890,62.03,121.00,0.014194
372.0849,5.9890,62.03,121.00,0.014328
372.1673,5.9890,62.03,121.00,0.014560
372.2501,6.0500,61.76,121.00,0.014101
372.3314,6.0500,62.30,121.00,0.014436
372.4140,6.0500,61.49,121.00,0.014493
372.4965,6.0500,61.76,121.00,0.014236
372.5803,6.0500,61.49,121.00,0.014182
372.6667,6.0500,62.30,121.00,0.014612
372.7460,6.0500,62.03,121.00,0.013847
372.8284,6.0500,62.30,120.00,0.014575
372.9096,6.0500,62.30,120.00,0.014029
372.9913,6.0500,61.76,120.00,0.014325
373.0730,6.0500,61.76,120.00,0.015229
373.1601,6.0500,62.03,120.00,0.014843
373.2477,5.9920,61.76,120.00,0.014933
373.3353,5.9920,61.76,120.00,0.014806
373.4230,5.9920,62.03,120.00,0.014683
373.5097,5.9920,61.76,120.00,0.013577
373.5877,5.9920,62.03,120.00,0.013450
373.6737,5.9920,62.03,120.00,0.014221
373.7586,5.9920,62.30,120.00,0.015140
373.8453,5.9920,62.03,120.00,0.013559
373.9323,5.9920,61.76,121.00,0.014832
374.0234,5.9920,62.03,121.00,0.015052
374.1114,5.9920,62.30,121.00,0.014771
374.1994,5.9920,62.03,121.00,0.014874
374.2821,5.9920,61.76,121.00,0.013470
374.3640,5.9920,61.76,121.00,0.013998
374.4479,5.9920,62.30,121.00,0.014472
374.5342,5.9920,62.30,121.00,0.014831
374.6197,5.9920,62.03,121.00,0.014626
374.7035,5.9920,62.30,121.00,0.014404
374.7856,5.9920,62.30,121.00,0.014639
374.8694,5.9920,61.76,121.00,0.014402
374.9498,5.9920,61.76,121.00,0.014051
375.0301,5.9920,61.76,121.00,0.013990
375.1098,5.9920,61.76,121.00,0.014630
375.1935,5.9920,62.03,121.00,0.014494
375.2727,5.9920,61.76,121.00,0.013720
375.3551,5.9885,62.30,121.00,0.014410
375.4386,5.9850,62.03,121.00,0.014491
375.5191,5.9850,61.49,121.00,0.013901
375.5975,5.9850,62.03,121.00,0.014000
375.6789,5.9850,61.76,121.00,0.014273
375.7589,5.9850,62.03,121.00,0.014447
375.8404,5.9850,62.03,121.00,0.014452
375.9222,5.9850,62.03,121.00,0.014315
376.0036,5.9850,62.03,121.00,0.014118
376.0819,5.9850,62.30,121.00,0.013993
376.1623,5.9850,62.03,121.00,0.013901
376.2425,5.9850,62.03,121.00,0.013949
376.3263,6.0190,61.76,121.00,0.013838
376.4054,6.0190,62.30,121.00,0.014033
376.4894,6.0190,62.30,121.00,0.013914
376.5680,6.0190,62.30,121.00,0.013790
376.6512,6.0190,62.30,121.00,0.013970
376.7289,6.0190,62.30,121.00,0.013532
376.8090,6.0190,61.22,121.00,0.013449
376.8872,6.0190,61.76,121.00,0.013704
376.9681,6.0190,61.76,121.00,0.014122
377.0490,6.0190,61.76,121.00,0.013881
377.1323,6.0190,62.03,121.00,0.013901
377.2137,6.0075,61.76,121.00,0.014073
377.2950,5.9960,62.03,121.00,0.014066
377.3746,5.9960,62.03,121.00,0.014072
377.4582,5.9960,61.49,121.00,0.014269
377.5377,5.9960,62.03,121.00,0.014251
377.6189,5.9960,62.03,121.00,0.013757
377.6983,5.9960,61.76,121.00,0.014211
377.7807,5.9960,61.76,121.00,0.014647
377.8622,5.9960,61.22,121.00,0.014568
377.9444,5.9960,62.30,121.00,0.014277
378.0257,5.9960,62.03,121.00,0.014343
378.1064,5.9960,61.76,121.00,0.013884
378.1873,5.9960,61.76,121.00,0.014128
378.2718,5.9660,62.03,121.00,0.014452
378.3518,5.9660,62.03,121.00,0.013896
378.4376,5.9660,61.49,121.00,0.013844
378.5197,5.9660,62.30,121.00,0.014332
378.6033,5.9660,61.76,121.00,0.014028
378.6873,5.9660,61.76,121.00,0.014309
378.7717,5.9660,62.03,121.00,0.014792
378.8532,5.9660,62.03,121.00,0.014117
378.9366,5.9660,61.76,121.00,0.014067
379.0187,5.9660,61.76,121.00,0.014743
379.1024,5.9660,62.03,121.00,0.014014
379.1824,5.9660,62.03,121.00,0.014458
379.2667,5.9960,62.30,121.00,0.013732
379.3468,5.9960,62.30,121.00,0.014419
379.4310,5.9960,62.03,121.00,0.014553
379.5163,5.9960,62.03,121.00,0.014354
379.6022,5.9960,61.76,121.00,0.014057
379.6797,5.9960,62.30,121.00,0.013505
379.7623,5.9960,61.76,121.00,0.013803
379.8407,5.9960,61.76,121.00,0.013805
379.9222,5.9960,62.03,121.00,0.014696
380.0015,5.9960,61.76,121.00,0.014010
380.0832,5.9960,61.76,121.00,0.013928
380.1647,5.9960,62.30,121.50,0.013855
380.2496,6.0040,61.49,122.00,0.014348
380.3315,6.0040,62.30,122.00,0.014718
380.4159,6.0040,61.76,122.00,0.014655
380.4942,6.0040,62.30,122.00,0.013931
380.5749,6.0040,62.30,122.00,0.013995
380.6552,6.0040,61.76,122.00,0.014071
380.7356,6.0040,62.03,122.00,0.013488
380.8193,6.0040,62.30,122.00,0.014501
380.9032,6.0040,62.30,122.00,0.014078
380.9851,6.0040,61.76,122.00,0.014436
381.0677,6.0040,62.03,122.00,0.014488
381.1501,6.0040,61.76,122.00,0.014538
381.2346,6.0190,61.76,122.00,0.014162
381.3152,6.0190,62.03,122.00,0.013948
381.3972,6.0190,61.76,122.00,0.014317
381.4790,6.0190,62.30,122.00,0.014422
381.5647,6.0190,62.30,122.00,0.014168
381.6470,6.0190,61.49,122.00,0.014287
381.7319,6.0190,62.03,122.00,0.014449
381.8144,6.0190,61.76,122.00,0.014232
381.8959,6.0190,61.49,122.00,0.013739
381.9738,6.0190,61.76,122.00,0.013824
382.0539,6.0190,61.76,122.00,0.013839
382.1320,6.0190,62.03,122.00,0.013761
382.2165,5.9620,62.03,121.50,0.014602
382.2986,5.9050,62.03,121.00,0.014470
382.3829,5.9050,62.30,121.00,0.014183
382.4648,5.9050,62.30,121.00,0.014437
382.5486,5.9050,62.30,121.00,0.014087
382.6282,5.9050,61.76,121.00,0.014328
382.7103,5.9050,62.03,121.50,0.014487
382.7904,5.9050,61.76,121.00,0.014502
382.8749,5.9050,62.03,121.00,0.014648
382.9571,5.9050,62.03,121.00,0.014330
383.0397,5.9050,62.03,121.00,0.014464
383.1228,5.9050,62.30,121.00,0.014678
383.2061,5.9260,62.30,121.00,0.014420
383.2900,5.9470,62.30,121.00,0.014174
383.3742,5.9470,62.03,121.00,0.014394
383.4541,5.9470,62.30,121.00,0.014219
383.5375,5.9470,61.49,121.00,0.013631
383.6186,5.9470,62.30,121.00,0.014197
383.6991,5.9470,62.03,121.00,0.013992
383.7770,5.9470,62.30,121.00,0.013509
383.8573,5.9470,62.03,121.00,0.013538
383.9390,5.9470,61.76,121.00,0.014296
384.0232,5.9470,62.03,121.00,0.014344
384.1031,5.9470,62.30,121.00,0.014327
384.1870,5.9470,61.76,121.00,0.014180
384.2673,6.0000,62.03,121.00,0.014501
384.3515,6.0000,61.76,121.00,0.014439
384.4342,6.0000,62.03,121.00,0.014565
384.5161,6.0000,62.03,121.00,0.014437
384.5998,6.0000,62.30,121.00,0.014622
384.6833,6.0000,61.76,121.00,0.014207
384.7652,6.0000,61.76,121.00,0.014170
384.8470,6.0000,62.03,121.00,0.014302
384.9292,6.0000,62.03,121.00,0.014369
385.0115,6.0000,62.03,121.00,0.014576
385.0912,6.0000,62.03,121.00,0.014363
385.1725,6.0000,62.03,121.00,0.014243
385.2550,5.9310,62.30,121.00,0.014688
385.3387,5.9310,62.03,121.00,0.013856
385.4178,5.9310,61.49,121.00,0.014131
385.5019,5.9310,61.76,121.00,0.014485
385.5816,5.9310,61.76,121.00,0.014302
385.6627,5.9310,62.30,121.00,0.013856
385.7428,5.9310,61.76,121.00,0.014411
385.8244,5.9310,62.03,121.00,0.014063
385.9064,5.9310,62.03,121.00,0.014661
385.9906,5.9310,61.76,121.00,0.014508
386.0705,5.9310,61.76,121.00,0.014512
386.1524,5.9310,62.03,121.00,0.014135
386.2343,5.9540,62.30,121.00,0.014282
386.3163,5.9540,62.30,121.00,0.014365
386.3945,5.9540,62.30,120.50,0.013819
386.4753,5.9540,61.76,120.00,0.014043
386.5540,5.9540,61.76,120.00,0.014089
386.6355,5.9540,61.76,120.00,0.013797
386.7198,5.9540,62.03,120.00,0.014037
386.8023,5.9540,62.03,120.50,0.014218
386.8839,5.9540,62.03,121.00,0.014140
386.9703,5.9540,62.30,121.00,0.014697
387.0518,5.9540,62.30,121.00,0.014098
387.1385,5.9540,62.03,120.50,0.014787
387.2183,5.9730,62.30,120.00,0.014333
387.3031,5.9920,62.03,120.00,0.014176
387.3825,5.9920,61.76,120.00,0.014552
387.4649,5.9920,62.30,120.00,0.014992
387.5468,5.9920,62.03,120.00,0.014143
387.6306,5.9920,62.30,120.00,0.014198
387.7103,5.9920,62.30,120.00,0.014213
387.7946,5.9920,62.30,120.00,0.014227
387.8759,5.9920,61.76,120.00,0.014069
387.9603,5.9920,61.76,120.00,0.014209
388.0420,5.9920,61.22,120.00,0.014319
388.1237,5.9920,61.76,120.00,0.014573
388.2026,5.9920,62.03,120.00,0.014001
388.2837,5.9920,62.57,120.00,0.013947
388.3677,5.9885,62.03,120.00,0.014533
388.4517,5.9850,62.03,120.00,0.014103
388.5366,5.9850,61.76,120.00,0.014682
388.6184,5.9850,62.03,120.00,0.014369
388.6989,5.9850,62.30,120.00,0.014922
388.7825,5.9850,62.03,120.00,0.014355
388.8622,5.9850,62.03,120.00,0.014404
388.9437,5.9850,62.03,120.00,0.013823
389.0275,5.9850,62.03,120.00,0.014208
389.1112,5.9850,62.30,120.00,0.014210
389.1922,5.9600,62.30,120.00,0.014781
389.2744,5.9350,61.76,120.00,0.014410
389.3541,5.9350,62.30,120.00,0.014254
389.4387,5.9350,62.30,120.00,0.014471
389.5187,5.9350,62.30,120.00,0.014836
389.6002,5.9350,62.30,120.00,0.013963
389.6821,5.9350,62.30,120.00,0.014323
389.7659,5.9350,62.03,120.00,0.014525
389.8449,5.9350,62.30,120.00,0.014122
389.9293,5.9350,62.03,120.00,0.014351
390.0106,5.9350,62.03,120.00,0.013813
390.0921,5.9350,62.30,120.00,0.014098
390.1756,5.9350,62.03,120.00,0.014285
390.2603,5.9620,62.03,120.00,0.014113
390.3427,5.9620,61.22,120.00,0.013875
390.4232,5.9620,62.30,120.00,0.013927
390.5029,5.9620,61.76,119.00,0.014815
390.5870,5.9620,61.76,119.00,0.014601
390.6666,5.9620,62.03,119.00,0.014488
390.7507,5.9620,62.03,119.00,0.014168
390.8339,5.9620,61.49,119.00,0.014138
390.9173,5.9620,62.03,119.00,0.013852
390.9992,5.9620,62.30,119.00,0.014215
391.0834,5.9620,62.30,119.00,0.014323
391.1671,5.9620,61.76,119.00,0.014460
391.2514,5.8630,61.49,119.00,0.014272
391.3311,5.8630,62.03,119.50,0.014310
391.4142,5.8630,62.30,119.00,0.013596
391.4950,5.8630,62.03,119.00,0.013820
391.5753,5.8630,62.03,119.00,0.013633
391.6543,5.8630,62.03,119.00,0.013613
391.7366,5.8630,61.76,119.00,0.014480
391.8207,5.8630,62.03,119.00,0.014461
391.9045,5.8630,61.76,119.00,0.014399
391.9840,5.8630,62.30,119.00,0.014591
392.0673,5.8630,61.76,119.00,0.013847
392.1489,5.8630,62.30,119.00,0.014164
392.2358,5.8915,61.76,119.00,0.014915
392.3184,5.9200,62.30,119.00,0.014596
392.4002,5.9200,62.30,119.00,0.014281
392.4837,5.9200,62.30,119.00,0.014555
392.5697,5.9200,62.03,119.00,0.014199
392.6509,5.9200,62.03,119.00,0.014236
392.7376,5.9200,62.30,119.00,0.014603
392.8193,5.9200,61.76,119.00,0.014365
392.9038,5.9200,61.76,119.00,0.014838
392.9836,5.9200,62.03,119.00,0.013965
393.0661,5.9200,62.30,119.00,0.013659
393.1447,5.9200,61.49,119.00,0.013673
393.2263,5.9200,62.30,119.00,0.014261
393.3083,5.9390,61.49,119.00,0.014058
393.3907,5.9390,62.30,119.00,0.014264
393.4708,5.9390,61.76,119.00,0.014167
393.5549,5.9390,62.03,119.00,0.014204
393.6354,5.9390,61.76,119.00,0.014687
393.7206,5.9390,62.30,119.00,0.014396
393.7998,5.9390,62.30,119.00,0.013817
393.8836,5.9390,61.76,119.00,0.013665
393.9625,5.9390,61.49,119.00,0.013931
394.0440,5.9390,62.03,119.00,0.013887
394.1244,5.9390,61.76,119.00,0.013953
394.2082,5.9390,62.03,119.00,0.014361
394.2913,5.9390,62.03,119.00,0.014026
394.3791,5.9390,62.30,119.00,0.014718
394.4590,5.9390,62.03,119.00,0.014196
394.5428,5.9390,61.76,118.50,0.014256
394.6222,5.9390,61.76,118.00,0.013720
394.7076,5.9390,62.30,118.00,0.014377
394.7920,5.9390,62.03,118.00,0.014182
394.8783,5.9390,62.30,118.50,0.014690
394.9578,5.9390,62.03,118.00,0.014252
395.0399,5.9390,62.03,118.00,0.014399
395.1214,5.9390,62.30,118.00,0.014054
395.2038,5.9410,61.76,118.00,0.014619
395.2861,5.9430,61.76,118.00,0.014645
395.3705,5.9430,62.03,118.00,0.014477
395.4501,5.9430,62.03,118.00,0.014024
395.5306,5.9430,62.30,118.00,0.014305
395.6091,5.9430,62.03,118.00,0.013853
395.6900,5.9430,62.03,118.00,0.014181
395.7715,5.9430,61.76,118.00,0.014208
395.8552,5.9430,62.30,118.00,0.014053
395.9372,5.9430,62.30,118.00,0.014449
396.0192,5.9430,61.76,118.00,0.014420
396.1009,5.9430,62.30,118.00,0.013805
396.1830,5.9430,62.03,118.00,0.014649
396.2675,5.9890,62.03,118.00,0.014191
396.3515,5.9890,61.76,118.00,0.014483
396.4338,5.9890,62.03,118.00,0.014443
396.5159,5.9890,61.76,118.00,0.014347
396.5977,5.9890,62.30,118.00,0.013995
396.6795,5.9890,62.03,118.00,0.014007
396.7644,5.9890,62.30,118.00,0.014601
396.8457,5.9890,62.30,118.00,0.014216
396.9276,5.9890,62.30,118.00,0.014586
397.0134,5.9890,62.03,118.00,0.014057
397.0949,5.9890,62.03,118.00,0.014161
397.1790,5.9890,61.49,118.00,0.014195
397.2592,5.9540,62.30,118.00,0.013934
397.3429,5.9540,62.03,118.00,0.013963
397.4250,5.9540,62.30,118.00,0.014069
397.5081,5.9540,61.76,118.00,0.014787
397.5900,5.9540,62.03,118.00,0.014121
397.6730,5.9540,62.30,118.00,0.013740
397.7554,5.9540,62.30,118.00,0.014398
397.8388,5.9540,62.03,118.00,0.014103
397.9207,5.9540,61.49,118.00,0.014199
398.0020,5.9540,62.03,118.00,0.013792
398.0841,5.9540,62.30,118.00,0.014059
398.1685,5.9540,62.03,118.00,0.014278
398.2515,5.9700,61.76,118.00,0.014747
398.3357,5.9700,62.03,118.00,0.014771
398.4180,5.9700,61.76,118.00,0.014482
398.4998,5.9700,62.30,118.00,0.014416
398.5819,5.9700,62.03,118.00,0.014639
398.6659,5.9700,62.03,118.00,0.014288
398.7476,5.9700,61.76,118.00,0.014429
398.8314,5.9700,61.76,118.00,0.014198
398.9156,5.9700,62.03,118.00,0.014373
399.0002,5.9700,61.76,118.00,0.014780
399.0792,5.9700,62.03,118.00,0.013935
399.1592,5.9700,62.30,118.00,0.013698
399.2376,5.9700,61.76,118.00,0.013783
399.3181,5.9700,62.30,118.00,0.013863
399.4035,5.8930,62.30,118.00,0.014430
399.4883,5.8930,61.76,117.00,0.014197
399.5726,5.8930,62.03,117.00,0.014375
399.6571,5.8930,61.76,117.00,0.014691
399.7386,5.8930,62.03,117.00,0.013942
399.8227,5.8930,61.76,117.00,0.014016
399.9027,5.8930,62.30,117.00,0.014156
399.9865,5.8930,61.76,118.00,0.013862
400.0662,5.8930,62.03,118.00,0.014680
400.1506,5.8930,61.76,118.00,0.014104
400.2351,6.0040,62.03,117.50,0.014404
400.3189,6.0040,62.30,117.00,0.014091
400.3985,6.0040,62.30,117.00,0.014445
400.4825,6.0040,62.03,117.00,0.014216
400.5614,6.0040,62.03,117.50,0.013902
400.6454,6.0040,62.30,118.00,0.013897
400.7278,6.0040,62.03,118.00,0.014631
400.8116,6.0040,62.03,118.00,0.014264
400.8939,6.0040,62.30,117.50,0.014344
400.9757,6.0040,62.30,117.00,0.014215
401.0581,6.0040,62.03,117.00,0.014756
401.1393,6.0040,61.49,117.50,0.013955
401.2233,5.9775,62.30,117.00,0.014515
401.3103,5.9510,61.76,117.00,0.014480
401.3918,5.9510,62.30,117.00,0.013998
401.4762,5.9510,61.76,117.00,0.014441
401.5576,5.9510,61.76,117.00,0.014141
401.6391,5.9510,62.30,117.00,0.014434
401.7191,5.9510,62.03,117.00,0.014653
401.8005,5.9510,61.76,117.00,0.014263
401.8803,5.9510,61.76,117.00,0.014443
401.9638,5.9510,62.30,117.00,0.013900
402.0467,5.9510,61.76,117.00,0.014727
402.1303,5.9510,61.22,117.00,0.014272
402.2096,5.9565,62.03,117.00,0.014294
402.2951,5.9620,62.30,117.00,0.013773
402.3741,5.9620,62.03,117.00,0.014063
402.4563,5.9620,61.76,117.00,0.014598
402.5386,5.9620,62.30,117.00,0.014489
402.6228,5.9620,61.76,117.00,0.014126
402.7076,5.9620,62.30,117.00,0.014461
402.7924,5.9620,61.76,117.00,0.014574
402.8744,5.9620,62.03,117.00,0.014332
402.9591,5.9620,62.30,117.00,0.014270
403.0444,5.9620,61.76,117.00,0.015131
403.1269,5.9620,62.03,117.00,0.014259
403.2074,6.0040,62.03,117.00,0.014464
403.2907,6.0460,62.03,117.00,0.014558
403.3715,6.0460,62.03,117.00,0.014748
403.4565,6.0460,62.03,117.00,0.014375
403.5403,6.0460,62.03,117.00,0.014065
403.6231,6.0460,62.30,117.00,0.014590
403.7051,6.0460,62.30,117.00,0.014345
403.7899,6.0460,61.49,117.00,0.014920
403.8739,6.0460,62.03,117.00,0.014421
403.9566,6.0460,62.30,117.00,0.014559
404.0393,6.0460,62.03,117.00,0.014092
404.1211,6.0460,62.30,117.00,0.013615
404.2052,5.9600,61.76,117.00,0.015851
404.2871,5.8740,61.76,117.00,0.013942
404.3670,5.8740,62.30,117.00,0.014481
404.4512,5.8740,62.30,117.00,0.013927
404.5299,5.8740,62.30,117.00,0.013872
404.6101,5.8740,62.30,117.00,0.013990
404.6880,5.8740,62.30,117.00,0.013902
404.7711,5.8740,61.76,117.00,0.014288
404.8506,5.8740,62.03,117.00,0.014168
404.9342,5.8740,62.03,117.00,0.013693
405.0150,5.8740,61.49,117.00,0.014600
405.0988,5.8740,62.03,117.00,0.014325
405.1776,5.8740,62.03,117.00,0.013883
405.2588,5.8740,62.03,117.00,0.014296
405.3432,5.9390,62.03,117.00,0.014011
405.4275,5.9390,62.30,117.00,0.014479
405.5112,5.9390,62.30,117.00,0.014377
405.5960,5.9390,62.03,117.00,0.014707
405.6780,5.9390,62.30,117.00,0.014240
405.7596,5.9390,62.03,117.00,0.013988
405.8426,5.9390,62.03,117.00,0.014573
405.9287,5.9390,62.03,117.00,0.014409
406.0083,5.9390,62.03,117.00,0.014565
406.0904,5.9390,62.03,117.00,0.014445
406.1698,5.9390,62.03,117.00,0.014377
406.2545,6.0120,62.03,117.00,0.014822
406.3364,6.0120,62.03,117.00,0.014348
406.4188,6.0120,62.30,117.00,0.014730
406.4982,6.0120,62.03,117.00,0.014015
406.5799,6.0120,62.30,117.00,0.014333
406.6588,6.0120,62.03,117.00,0.013513
406.7402,6.0120,62.30,117.00,0.013953
406.8187,6.0120,62.30,117.00,0.014175
406.8999,6.0120,61.49,117.00,0.014188
406.9789,6.0120,62.03,117.00,0.013790
407.0603,6.0120,62.03,117.00,0.014039
407.1433,6.0120,62.30,117.00,0.014422
407.2274,6.0175,61.49,117.00,0.014184
407.3074,6.0230,62.30,117.00,0.014424
407.3917,6.0230,62.03,117.00,0.014354
407.4705,6.0230,62.30,117.00,0.013778
407.5508,6.0230,62.30,117.00,0.013594
407.6301,6.0230,62.30,117.00,0.013950
407.7153,6.0230,62.03,117.00,0.014479
407.8000,6.0230,61.76,117.00,0.014606
407.8829,6.0230,62.30,117.00,0.013727
407.9624,6.0230,61.76,117.00,0.014542
408.0442,6.0230,61.76,117.00,0.014021
408.1264,6.0230,61.76,117.00,0.014312
408.2104,6.0040,62.03,117.00,0.014478
408.2904,5.9850,62.30,117.00,0.014506
408.3748,5.9850,62.30,117.00,0.014456
408.4571,5.9850,62.03,117.00,0.014673
408.5404,5.9850,62.30,117.00,0.014256
408.6202,5.9850,62.03,117.00,0.014045
408.7045,5.9850,62.30,117.00,0.014613
408.7837,5.9850,61.49,117.00,0.013858
408.8664,5.9850,62.30,117.00,0.014223
408.9463,5.9850,61.49,117.00,0.014642
409.0308,5.9850,62.30,117.00,0.013901
409.1108,5.9850,62.03,117.00,0.014601
409.1949,5.9850,62.03,117.00,0.014228
409.2771,5.9850,62.30,117.00,0.014268
409.3634,5.9850,62.03,117.00,0.014206
409.4477,5.9850,62.30,117.00,0.014164
409.5314,5.9850,61.76,117.00,0.014035
409.6112,5.9850,62.03,117.00,0.014251
409.6957,5.9850,61.22,117.00,0.014326
409.7779,5.9850,62.03,117.00,0.014509
409.8592,5.9850,62.30,117.00,0.013968
409.9394,5.9850,62.30,117.00,0.014410
410.0229,5.9850,62.03,117.00,0.013671
410.1032,5.9850,61.76,117.00,0.014721
410.1884,5.9925,62.30,117.00,0.015463
410.2696,6.0000,62.30,117.00,0.013684
410.3497,6.0000,61.76,117.00,0.013667
410.4279,6.0000,62.03,117.00,0.013735
410.5119,6.0000,62.03,117.00,0.014482
410.5957,6.0000,61.49,117.00,0.014229
410.6797,6.0000,62.30,117.00,0.014348
410.7598,6.0000,62.03,117.00,0.014933
410.8435,6.0000,61.76,117.00,0.014345
410.9266,6.0000,62.03,117.00,0.014117
411.0107,6.0000,62.30,117.00,0.014521
411.0912,6.0000,62.03,117.00,0.014485
411.1760,6.0000,61.76,117.00,0.014849
411.2604,6.0000,62.03,117.00,0.014272
411.3432,6.0000,61.76,117.00,0.014349
411.4266,6.0000,62.30,117.00,0.015049
411.5114,6.0000,61.76,117.00,0.014758
411.5959,6.0000,61.76,117.00,0.014618
411.6831,6.0000,62.30,117.00,0.014739
411.7632,6.0000,61.49,117.00,0.014268
411.8479,6.0000,61.76,117.00,0.014530
411.9290,6.0000,62.03,117.00,0.013901
412.0107,6.0000,62.03,117.00,0.014037
412.0907,6.0000,62.03,117.00,0.014228
412.1721,6.0000,62.30,117.00,0.014030
412.2529,6.0000,62.03,117.00,0.014438
412.3387,6.0000,62.30,117.00,0.014017
412.4204,6.0000,61.49,117.00,0.013990
412.5025,6.0000,62.30,117.00,0.014369
412.5819,6.0000,62.03,117.00,0.014176
412.6640,5.9695,62.30,117.00,0.014059
412.7469,5.9390,62.03,117.00,0.013993
412.8308,5.9390,62.30,117.00,0.013898
412.9105,5.9390,62.03,117.00,0.014385
412.9917,5.9390,62.03,117.00,0.013887
413.0716,5.9390,61.76,117.00,0.014640
413.1555,5.9390,62.03,117.00,0.014307
413.2404,5.9920,62.03,117.00,0.014392
413.3246,5.9920,62.30,117.00,0.014219
413.4041,5.9920,61.76,117.00,0.014446
413.4881,5.9920,62.30,117.00,0.014365
413.5677,5.9920,62.03,117.00,0.014121
413.6515,5.9920,62.03,117.00,0.014137
413.7342,5.9920,62.03,117.00,0.014462
413.8186,5.9920,62.03,117.00,0.013703
413.8988,5.9920,62.30,117.00,0.013843
413.9787,5.9920,62.03,117.00,0.013477
414.0583,5.9920,62.30,117.00,0.014789
414.1388,5.9920,61.49,117.00,0.013550
414.2171,5.9920,62.30,117.00,0.013623
414.2973,5.9920,62.30,117.00,0.013397
414.3785,5.9730,62.03,117.00,0.014328
414.4586,5.9730,62.30,117.00,0.013617
414.5378,5.9730,62.03,117.00,0.013838
414.6188,5.9730,61.49,117.00,0.013965
414.6983,5.9730,62.30,117.00,0.014153
414.7804,5.9730,62.03,117.00,0.014057
414.8629,5.9730,61.76,117.00,0.013627
414.9437,5.9730,62.30,117.00,0.014245
415.0220,5.9730,61.76,117.00,0.014007
415.1028,5.9730,62.03,117.00,0.014204
415.1843,5.9905,61.76,117.00,0.014194
415.2667,6.0080,62.30,117.00,0.014141
415.3464,6.0080,62.03,117.00,0.014269
415.4287,6.0080,62.03,117.00,0.014716
415.5100,6.0080,62.30,117.00,0.013766
415.5920,6.0080,61.76,117.00,0.014167
415.6719,6.0080,61.76,117.00,0.014383
415.7557,6.0080,62.30,117.00,0.014148
415.8392,6.0080,62.03,117.00,0.014397
415.9229,6.0080,62.03,117.00,0.014269
416.0022,6.0080,62.03,117.00,0.014077
416.0844,6.0080,61.76,117.00,0.014246
416.1668,6.0080,62.03,117.00,0.014337
416.2534,5.9850,62.30,117.00,0.013960
416.3332,5.9850,62.03,117.00,0.013679
416.4202,5.9850,61.76,117.00,0.014800
416.5041,5.9850,62.30,117.00,0.014053
416.5850,5.9850,62.30,117.00,0.013546
416.6632,5.9850,61.76,117.00,0.013531
416.7444,5.9850,61.76,117.00,0.014567
416.8269,5.9850,62.03,117.00,0.013836
416.9083,5.9850,62.03,117.00,0.014084
416.9920,5.9850,62.03,117.00,0.014795
417.0756,5.9850,62.30,117.00,0.013988
417.1555,5.9850,62.30,117.00,0.014305
417.2423,6.0150,62.30,117.00,0.014042
417.3228,6.0150,62.30,117.00,0.014642
417.4045,6.0150,62.30,117.00,0.014305
417.4864,6.0150,62.03,117.00,0.014410
417.5683,6.0150,62.30,117.00,0.014311
417.6473,6.0150,62.30,117.00,0.013956
417.7314,6.0150,62.03,117.00,0.014322
417.8113,6.0150,61.76,117.00,0.014508
417.8953,6.0150,62.30,117.00,0.014273
417.9796,6.0150,62.30,117.00,0.014166
418.0639,6.0150,62.03,117.00,0.014251
418.1462,6.0150,62.03,117.00,0.013604
418.2262,6.0150,62.30,117.00,0.013707
418.3065,6.0075,62.30,117.00,0.014458
418.3918,6.0000,62.30,117.00,0.014252
418.4734,6.0000,62.30,117.00,0.014230
418.5540,6.0000,61.76,117.00,0.013744
418.6341,6.0000,61.49,117.00,0.014701
418.7188,6.0000,62.30,117.00,0.014917
418.7971,6.0000,62.03,117.00,0.013544
418.8786,6.0000,62.30,117.00,0.014292
418.9581,6.0000,62.03,117.00,0.014613
419.0391,6.0000,62.30,117.00,0.013968
419.1188,6.0000,62.03,117.00,0.014526
419.2011,6.0000,61.76,117.00,0.014062
419.2825,6.0000,61.76,117.00,0.013891
419.3672,6.0000,61.76,117.00,0.014418
419.4472,6.0000,62.30,117.00,0.014211
419.5322,6.0000,62.30,117.00,0.014843
419.6134,6.0000,62.30,117.00,0.013965
419.6953,6.0000,62.30,117.00,0.014578
419.7776,6.0000,62.03,117.00,0.014606
419.8636,6.0000,61.76,117.00,0.014647
419.9436,6.0000,62.03,117.00,0.014387
420.0271,6.0000,62.03,117.00,0.013780
420.1069,6.0000,62.30,117.00,0.014226
420.1926,6.0000,61.76,117.00,0.015931
420.2743,6.0000,62.30,117.00,0.014613
420.3586,6.0000,62.30,117.00,0.014628
420.4384,6.0000,61.76,117.00,0.014461
420.5235,6.0000,62.03,117.00,0.014897
420.6036,6.0000,61.22,117.00,0.014485
420.6875,6.0000,61.76,117.00,0.014374
420.7719,6.0000,62.03,117.00,0.014215
420.8585,6.0000,62.30,117.00,0.014700
420.9368,6.0000,62.30,117.00,0.013422
421.0170,6.0000,62.30,117.00,0.013529
421.0987,6.0000,62.30,117.00,0.014562
421.1824,6.0000,61.76,117.00,0.014270
421.2627,6.0000,62.03,117.00,0.014523
421.3482,5.8400,62.03,117.00,0.014182
421.4320,5.8400,62.03,117.00,0.014413
421.5145,5.8400,61.76,117.00,0.013474
421.5944,5.8400,62.30,117.00,0.014197
421.6758,5.8400,62.03,117.00,0.013775
421.7547,5.8400,62.03,117.00,0.014048
421.8386,5.8400,62.03,117.00,0.014127
421.9220,5.8400,62.03,117.00,0.013414
422.0026,5.8400,62.03,117.50,0.013935
422.0814,5.8400,62.30,117.00,0.013667
422.1626,5.8400,62.30,117.00,0.014290
422.2470,6.0000,62.30,117.00,0.013968
422.3314,6.0000,62.03,117.00,0.014302
422.4108,6.0000,62.03,117.00,0.014250
422.4949,6.0000,62.30,117.00,0.014522
422.5755,6.0000,62.03,117.00,0.013739
422.6599,6.0000,62.03,117.00,0.014094
422.7417,6.0000,62.30,117.00,0.014321
422.8238,6.0000,61.49,117.00,0.014462
422.9062,6.0000,62.30,117.00,0.014533
422.9904,6.0000,62.30,117.00,0.014267
423.0706,6.0000,61.76,117.00,0.014318
423.1548,6.0000,62.03,117.00,0.014447
423.2396,5.9920,62.30,117.00,0.014479
423.3263,5.9920,62.30,117.00,0.014321
423.4062,5.9920,62.57,117.00,0.014131
423.4915,5.9920,62.30,117.00,0.014568
423.5718,5.9920,61.76,117.00,0.014778
423.6569,5.9920,62.30,117.00,0.014735
423.7392,5.9920,62.30,117.00,0.014232
423.8260,5.9920,62.30,117.00,0.014406
423.9059,5.9920,62.30,117.00,0.014113
423.9886,5.9920,61.76,117.50,0.014608
424.0707,5.9920,61.76,117.50,0.014010
424.1549,5.9920,62.03,117.00,0.014107
424.2382,5.9350,62.30,117.00,0.014700
424.3197,5.9350,62.30,117.00,0.013841
424.4042,5.9350,61.76,117.00,0.014101
424.4886,5.9350,61.76,117.00,0.014403
424.5680,5.9350,61.76,117.00,0.014210
424.6543,5.9350,62.03,117.00,0.014882
424.7353,5.9350,61.76,117.00,0.014016
424.8193,5.9350,62.30,117.00,0.014551
424.9028,5.9350,62.03,117.00,0.013957
424.9871,5.9350,62.03,117.00,0.014555
425.0686,5.9350,62.03,117.00,0.014055
425.1527,5.9350,62.03,117.00,0.014518
425.2349,5.9925,62.03,117.00,0.014366
425.3198,6.0500,62.30,117.00,0.013824
425.4014,6.0500,62.30,117.00,0.014097
425.4854,6.0500,62.30,117.00,0.013863
425.5634,6.0500,62.30,117.00,0.013739
425.6439,6.0500,61.76,117.00,0.013866
425.7241,6.0500,61.76,117.00,0.013504
425.8062,6.0500,62.30,117.00,0.014434
425.8878,6.0500,61.49,117.00,0.014473
425.9712,6.0500,62.03,117.00,0.014035
426.0507,6.0500,62.30,117.00,0.014341
426.1343,6.0500,62.03,117.00,0.013904
426.2156,6.0135,62.03,117.00,0.014914
426.3028,5.9770,62.03,117.00,0.014724
426.3831,5.9770,62.03,117.00,0.014802
426.4670,5.9770,62.03,117.00,0.014020
426.5470,5.9770,62.03,117.00,0.014298
426.6370,5.9770,61.76,117.00,0.014748
426.7199,5.9770,61.76,117.00,0.015111
426.8103,5.9770,62.03,117.00,0.015161
426.8952,5.9770,62.30,117.00,0.015096
426.9815,5.9770,62.30,117.00,0.014211
427.0679,5.9770,62.03,117.00,0.015303
427.1579,5.9770,62.03,117.00,0.014797
427.2447,5.8510,62.30,117.00,0.015010
427.3348,5.8510,61.49,117.00,0.014852
427.4226,5.8510,62.30,117.00,0.015399
427.5098,5.8510,62.03,117.00,0.015059
427.5950,5.8510,61.76,117.00,0.014088
427.6811,5.8510,62.30,117.00,0.014655
427.7685,5.8510,61.76,117.00,0.014679
427.8587,5.8510,61.76,117.00,0.015187
427.9437,5.8510,61.76,117.00,0.014950
428.0320,5.8510,62.03,117.00,0.015004
428.1197,5.8510,62.30,117.00,0.015007
428.2082,5.8760,61.22,117.00,0.014196
428.2950,5.9010,62.30,117.00,0.015070
428.3792,5.9010,62.30,117.00,0.013603
428.4627,5.9010,62.30,117.00,0.013837
428.5430,5.9010,62.03,117.00,0.013835
428.6213,5.9010,62.03,117.00,0.014008
428.7045,5.9010,62.03,117.00,0.014377
428.7868,5.9010,62.03,117.00,0.014361
428.8687,5.9010,62.03,117.00,0.014150
428.9483,5.9010,62.30,117.00,0.014309
429.0308,5.9010,62.30,117.00,0.013938
429.1083,5.9010,61.76,117.00,0.013393
429.1906,5.9010,62.03,117.00,0.013729
429.2687,5.9010,62.03,117.00,0.013673
429.3557,5.9810,61.76,117.00,0.014540
429.4396,5.9810,61.49,117.00,0.014307
429.5246,5.9810,62.03,117.00,0.014385
429.6043,5.9810,61.49,117.00,0.014321
429.6863,5.9810,62.03,117.00,0.014220
429.7663,5.9810,61.76,117.00,0.014621
429.8499,5.9810,62.30,117.00,0.013711
429.9300,5.9810,61.49,117.00,0.014467
430.0131,5.9810,62.30,117.00,0.013715
430.0948,5.9810,62.03,117.00,0.014193
430.1765,5.9810,62.03,117.00,0.014240
430.2592,5.9920,62.30,117.00,0.014007
430.3434,5.9920,62.30,117.00,0.014095
430.4275,5.9920,61.76,117.00,0.014435
430.5110,5.9920,61.76,117.00,0.014088
430.5910,5.9920,62.03,117.00,0.014374
430.6749,5.9920,62.03,117.00,0.014364
430.7547,5.9920,61.76,117.00,0.014371
430.8406,5.9920,61.76,117.00,0.014105
430.9228,5.9920,62.03,117.00,0.014169
431.0069,5.9920,61.76,117.00,0.014232
431.0891,5.9920,62.03,117.00,0.014579
431.1705,5.9920,61.76,117.00,0.014038
431.2533,6.0080,61.76,117.00,0.014286
431.3394,6.0080,62.03,117.00,0.014770
431.4238,6.0080,62.03,117.00,0.015579
431.5118,6.0080,61.76,117.00,0.014971
431.5966,6.0080,61.76,117.00,0.014218
431.6841,6.0080,62.03,117.00,0.014203
431.7709,6.0080,62.03,117.00,0.014367
431.8617,6.0080,62.03,117.00,0.014687
431.9449,6.0080,62.03,117.00,0.014907
432.0333,6.0080,62.03,117.00,0.014793
432.1174,6.0080,61.76,117.00,0.015045
432.2076,6.0210,62.03,117.00,0.014544
432.2907,6.0340,62.30,117.00,0.014792
432.3791,6.0340,61.49,117.00,0.014149
432.4669,6.0340,62.03,115.00,0.014906
432.5555,6.0340,62.03,113.00,0.015111
432.6407,6.0340,62.03,113.00,0.014239
432.7272,6.0340,62.03,113.00,0.014475
432.8090,6.0340,62.30,114.00,0.014159
432.8934,6.0340,62.03,114.00,0.014443
432.9757,6.0340,62.03,114.00,0.014531
433.0598,6.0340,61.76,114.00,0.014250
433.1398,6.0340,62.03,114.00,0.014325
433.2243,5.9715,61.76,114.00,0.014310
433.3046,5.9090,62.03,114.00,0.014203
433.3872,5.9090,62.03,114.00,0.014693
433.4684,5.9090,62.03,114.00,0.013891
433.5515,5.9090,62.30,114.00,0.013812
433.6296,5.9090,62.03,114.00,0.013638
433.7105,5.9090,62.03,114.00,0.014107
433.7895,5.9090,61.76,114.00,0.014426
433.8712,5.9090,62.03,114.00,0.014128
433.9549,5.9090,62.30,114.00,0.014264
434.0387,5.9090,61.49,114.00,0.013938
434.1176,5.9090,62.30,114.00,0.013607
434.1975,5.9090,62.30,114.00,0.013454
434.2781,5.9090,62.03,114.00,0.013819
434.3588,5.9090,62.03,114.00,0.013778
434.4377,5.9090,62.03,114.00,0.014110
434.5237,5.9090,61.76,114.00,0.014803
434.6054,5.9090,62.03,114.00,0.014226
434.6877,5.9090,62.03,114.00,0.014327
434.7716,5.9090,62.03,114.00,0.014338
434.8574,5.9090,61.76,114.00,0.013846
434.9381,5.9090,62.03,115.00,0.014347
435.0219,5.9090,62.03,115.00,0.014503
435.1017,5.9090,62.03,115.00,0.014282
435.1834,5.9090,61.76,115.00,0.014160
435.2674,5.9090,62.30,115.00,0.014160
435.3517,5.9090,62.03,115.00,0.014263
435.4340,5.9090,62.03,115.00,0.014613
435.5150,5.9090,62.03,115.00,0.013890
435.5978,5.9580,62.30,115.00,0.014351
435.6804,5.9580,61.76,115.00,0.014483
435.7607,5.9580,61.49,115.00,0.014774
435.8445,5.9580,61.76,115.00,0.014052
435.9240,5.9580,61.49,115.00,0.013994
436.0085,5.9580,61.76,115.00,0.014336
436.0873,5.9580,62.30,115.00,0.013937
436.1678,5.9580,61.76,115.00,0.013531
436.2485,5.9580,62.30,115.00,0.014099
436.3347,5.9885,61.76,115.00,0.014113
436.4145,6.0190,62.03,115.00,0.014107
436.4981,6.0190,61.76,115.00,0.013446
436.5781,6.0190,62.03,115.00,0.013658
436.6604,6.0190,62.03,115.00,0.013807
436.7421,6.0190,62.30,115.00,0.014455
436.8235,6.0190,62.03,115.00,0.014296
436.9070,6.0190,62.30,115.00,0.013897
436.9905,6.0190,62.30,115.00,0.014146
437.0697,6.0190,62.03,115.00,0.014258
437.1559,6.0190,62.03,115.00,0.013909
437.2390,6.0190,62.03,115.00,0.014572
437.3221,6.0190,62.03,115.00,0.013912
437.4028,6.0190,61.76,115.00,0.014073
437.4837,6.0190,61.76,115.00,0.014358
437.5651,6.0190,61.76,115.00,0.014106
437.6487,6.0190,61.76,115.00,0.014287
437.7279,6.0190,62.30,115.00,0.014078
437.8104,6.0190,62.30,115.00,0.013660
437.8910,6.0190,62.30,115.50,0.013837
437.9710,6.0190,61.76,116.00,0.013395
438.0500,6.0190,62.30,116.00,0.014294
438.1355,6.0190,62.03,116.00,0.014420
438.2170,5.9980,62.03,116.00,0.014037
438.2998,5.9770,62.03,116.00,0.014589
438.3837,5.9770,62.30,116.00,0.014438
438.4675,5.9770,62.03,116.00,0.014300
438.5492,5.9770,62.30,116.00,0.013950
438.6316,5.9770,62.03,116.00,0.014616
438.7143,5.9770,62.03,116.00,0.015161
438.7957,5.9770,62.30,116.00,0.014288
438.8778,5.9770,61.76,116.00,0.014218
438.9595,5.9770,62.03,116.00,0.013910
439.0436,5.9770,61.49,116.00,0.014258
439.1271,5.9770,62.03,116.00,0.014324
439.2085,5.9945,62.30,116.00,0.014152
439.2912,6.0120,62.30,116.00,0.014887
439.3705,6.0120,62.03,116.00,0.014094
439.4528,6.0120,62.30,116.00,0.014777
439.5327,6.0120,62.03,116.00,0.014569
439.6161,6.0120,61.76,116.00,0.013767
439.6959,6.0120,62.30,116.00,0.013647
439.7785,6.0120,62.30,116.00,0.013777
439.8569,6.0120,62.30,116.00,0.014074
439.9385,6.0120,61.76,116.00,0.014253
440.0198,6.0120,62.30,116.00,0.014264
440.1025,6.0120,61.76,116.00,0.014403
440.1844,5.9775,62.30,116.50,0.014125
440.2663,5.9430,62.30,117.00,0.014213
440.3466,5.9430,61.76,117.00,0.014405
440.4307,5.9430,62.03,117.00,0.014230
440.5101,5.9430,61.76,117.00,0.014120
440.5921,5.9430,62.03,117.00,0.014113
440.6740,5.9430,62.30,117.00,0.014583
440.7580,5.9430,62.03,117.00,0.014503
440.8393,5.9430,62.03,117.00,0.014340
440.9232,5.9430,62.30,117.00,0.014399
441.0035,5.9430,62.30,117.00,0.014435
441.0893,5.9430,62.30,117.00,0.014038
441.1711,5.9430,61.49,117.00,0.014356
441.2555,5.9090,61.76,117.00,0.014358
441.3379,5.9090,62.30,117.00,0.014114
441.4196,5.9090,61.22,117.00,0.013900
441.5020,5.9090,61.76,117.00,0.014400
441.5862,5.9090,62.03,117.00,0.014381
441.6663,5.9090,62.30,117.00,0.014279
441.7505,5.9090,62.30,117.00,0.014328
441.8303,5.9090,62.03,117.00,0.014371
441.9151,5.9090,62.30,117.00,0.014374
441.9957,5.9090,62.03,117.00,0.014577
442.0782,5.9090,62.03,117.00,0.014581
442.1606,5.9090,61.49,117.00,0.014286
442.2428,6.0120,62.30,117.00,0.014222
442.3227,6.0120,62.03,117.00,0.014508
442.4065,6.0120,61.76,117.00,0.014043
442.4865,6.0120,62.03,117.00,0.014597
442.5710,6.0120,61.49,117.00,0.014416
442.6503,6.0120,62.30,117.00,0.013998
442.7349,6.0120,62.30,117.00,0.014558
442.8151,6.0120,62.30,117.00,0.014261
442.8968,6.0120,62.03,117.00,0.014193
442.9786,6.0120,62.30,117.00,0.014220
443.0625,6.0120,62.30,117.00,0.014100
443.1475,6.0120,62.30,117.00,0.014422
443.2325,5.9850,62.03,117.00,0.014370
443.3151,5.9850,62.03,117.00,0.014714
443.4005,5.9850,62.30,117.00,0.014273
443.4834,5.9850,61.49,117.00,0.014735
443.5690,5.9850,61.76,117.00,0.014649
443.6515,5.9850,61.76,117.00,0.014509
443.7352,5.9850,62.03,117.00,0.013869
443.8146,5.9850,62.03,117.00,0.014048
443.8960,5.9850,62.03,117.00,0.013899
443.9796,5.9850,62.30,117.50,0.014530
444.0645,5.9850,62.30,117.00,0.014277
444.1474,5.9850,62.30,117.00,0.014686
444.2330,6.0270,61.49,117.00,0.014743
444.3150,6.0270,62.30,117.00,0.014260
444.3997,6.0270,62.30,117.00,0.014443
444.4824,6.0270,61.76,117.00,0.014587
444.5666,6.0270,61.49,117.00,0.014525
444.6517,6.0270,61.76,117.00,0.014499
444.7387,6.0270,61.76,117.00,0.014662
444.8191,6.0270,62.03,117.00,0.014820
444.9036,6.0270,62.03,117.00,0.014354
444.9863,6.0270,62.30,117.00,0.014385
445.0708,6.0270,62.30,117.00,0.014450
445.1514,6.0270,62.30,117.00,0.014710
445.2389,5.9660,62.30,117.00,0.014334
445.3189,5.9660,62.30,117.00,0.014205
445.4035,5.9660,62.30,117.00,0.014465
445.4883,5.9660,61.76,117.00,0.014390
445.5752,5.9660,62.30,117.00,0.014338
445.6595,5.9660,61.22,117.00,0.014304
445.7438,5.9660,61.76,117.00,0.014398
445.8263,5.9660,62.03,117.00,0.014177
445.9089,5.9660,62.03,117.00,0.014252
445.9917,5.9660,62.30,118.00,0.014492
446.0763,5.9660,62.30,118.00,0.014495
446.1581,5.9660,61.76,117.50,0.014037
446.2429,5.9905,62.30,117.00,0.014359
446.3278,6.0150,62.03,117.00,0.014408
446.4112,6.0150,61.76,117.00,0.014179
446.4947,6.0150,61.76,117.00,0.013839
446.5767,6.0150,62.30,117.00,0.014305
446.6587,6.0150,62.30,117.00,0.014381
446.7426,6.0150,62.30,117.00,0.013994
446.8229,6.0150,61.49,117.00,0.014654
446.9070,6.0150,62.30,117.00,0.014277
446.9871,6.0150,62.30,117.00,0.014649
447.0711,6.0150,62.03,117.00,0.014132
447.1548,6.0150,62.30,117.00,0.014153
447.2390,5.9470,62.03,117.00,0.014097
447.3188,5.9470,62.30,117.00,0.014238
447.4002,5.9470,61.76,117.00,0.013921
447.4806,5.9470,61.76,117.00,0.014640
447.5643,5.9470,61.76,117.00,0.014013
447.6461,5.9470,62.30,117.00,0.014168
447.7308,5.9470,62.03,117.00,0.014288
447.8125,5.9470,62.03,117.00,0.014226
447.8953,5.9470,62.03,117.00,0.014427
447.9746,5.9470,62.30,117.50,0.013736
448.0588,5.9470,62.03,118.00,0.014340
448.1388,5.9470,62.30,118.00,0.014539
448.2233,5.9600,62.30,118.00,0.014340
448.3075,5.9730,61.49,117.00,0.014343
448.3915,5.9730,62.30,117.00,0.014194
448.4739,5.9730,62.30,117.00,0.014112
448.5582,5.9730,62.30,117.00,0.014063
448.6385,5.9730,61.76,117.00,0.014622
448.7203,5.9730,61.76,117.00,0.014280
448.8019,5.9730,62.03,117.00,0.014345
448.8861,5.9730,62.30,117.00,0.014446
448.9646,5.9730,61.49,117.00,0.013879
449.0472,5.9730,62.03,117.00,0.014017
449.1262,5.9730,62.30,117.00,0.014452
449.2078,5.9790,62.03,117.00,0.014395
449.2880,5.9850,61.76,117.00,0.014493
449.3706,5.9850,62.30,117.00,0.014342
449.4562,5.9850,62.30,117.00,0.014842
449.5409,5.9850,61.76,117.00,0.014286
449.6228,5.9850,62.03,117.00,0.014159
449.7087,5.9850,62.03,117.00,0.014190
449.7916,5.9850,62.03,117.00,0.014932
449.8766,5.9850,62.03,117.00,0.014243
449.9594,5.9850,62.30,117.00,0.014853
450.0434,5.9850,62.30,117.00,0.013790
450.1275,5.9850,61.76,117.00,0.014365
450.2147,5.9010,61.76,118.00,0.014257
450.2981,5.8170,62.30,117.00,0.014240
450.3814,5.8170,62.03,117.00,0.015082
450.4683,5.8170,62.03,118.00,0.014488
450.5571,5.8170,62.03,118.00,0.015242
450.6422,5.8170,62.30,118.00,0.014246
450.7318,5.8170,62.30,118.00,0.014844
450.8191,5.8170,62.30,118.00,0.014581
450.9090,5.8170,62.30,118.00,0.014520
450.9945,5.8170,62.30,118.00,0.015386
451.0812,5.8170,62.30,118.00,0.014278
451.1688,5.8170,62.03,118.00,0.014866
451.2596,5.9050,61.49,118.00,0.014577
451.3469,5.9050,61.76,118.00,0.014535
451.4318,5.9050,61.49,118.00,0.014030
451.5138,5.9050,61.49,118.00,0.013797
451.5976,5.9050,62.03,118.00,0.013712
451.6831,5.9050,61.76,118.00,0.015493
451.7703,5.9050,62.30,118.00,0.014573
451.8575,5.9050,61.49,118.00,0.014453
451.9462,5.9050,62.03,118.00,0.013954
452.0273,5.9050,62.30,118.00,0.013433
452.1089,5.9050,61.76,118.00,0.013950
452.1909,5.9050,61.76,118.00,0.014169
452.2774,5.9960,61.49,118.00,0.014037
452.3577,5.9960,61.76,118.00,0.014307
452.4383,5.9960,61.76,118.00,0.013853
452.5202,5.9960,62.03,118.00,0.014365
452.6032,5.9960,62.03,118.00,0.014288
452.6835,5.9960,62.03,118.00,0.014102
452.7677,5.9960,62.30,118.00,0.014280
452.8469,5.9960,61.76,118.00,0.013885
452.9306,5.9960,62.03,118.00,0.014124
453.0128,5.9960,61.49,118.00,0.014278
453.0953,5.9960,62.30,118.00,0.014033
453.1773,5.9960,62.30,118.00,0.013394
453.2575,5.9960,62.30,118.00,0.013667
453.3385,5.9960,62.30,118.00,0.013872
453.4202,6.0000,62.30,118.00,0.014544
453.5022,6.0040,62.30,118.00,0.014419
453.5841,6.0040,62.30,118.00,0.013772
453.6678,6.0040,62.03,118.00,0.014461
453.7542,6.0040,62.30,118.00,0.014710
453.8347,6.0040,62.03,118.00,0.014215
453.9194,6.0040,62.30,118.00,0.014442
454.0021,6.0040,62.30,118.00,0.014167
454.0843,6.0040,62.30,118.00,0.014011
454.1663,6.0040,61.76,118.00,0.013879
454.2471,6.0040,61.49,118.00,0.014232
454.3271,6.0040,62.30,118.00,0.013972
454.4112,6.0115,62.30,118.00,0.014475
454.4950,6.0190,62.30,119.00,0.014749
454.5799,6.0190,62.30,119.00,0.014589
454.6628,6.0190,62.03,119.00,0.014198
454.7445,6.0190,62.03,119.00,0.014103
454.8278,6.0190,62.30,119.00,0.014638
454.9106,6.0190,61.76,119.00,0.013821
454.9901,6.0190,62.03,119.00,0.014565
455.0744,6.0190,62.30,119.00,0.013875
455.1556,6.0190,61.76,119.00,0.014427
455.2409,6.0190,62.30,119.00,0.013733
455.3223,6.0190,62.30,119.00,0.013925
455.4036,6.0190,62.03,119.00,0.014463
455.4875,6.0150,62.30,119.00,0.014378
455.5747,6.0150,61.76,119.00,0.014181
455.6544,6.0150,61.76,119.00,0.013875
455.7362,6.0150,61.49,119.00,0.014319
455.8202,6.0150,62.03,119.00,0.014906
455.9075,6.0150,62.30,119.00,0.014613
455.9904,6.0150,62.30,119.00,0.014646
456.0749,6.0150,62.30,119.00,0.014595
456.1596,6.0150,62.30,119.00,0.014445
456.2446,5.8250,62.03,119.00,0.014350
456.3275,5.8250,62.30,119.00,0.014734
456.4117,5.8250,62.03,119.00,0.014431
456.4967,5.8250,62.30,119.00,0.014766
456.5829,5.8250,62.03,119.00,0.014045
456.6661,5.8250,61.76,119.00,0.014435
456.7529,5.8250,61.76,119.00,0.014348
456.8357,5.8250,62.30,119.00,0.014382
456.9191,5.8250,62.03,119.00,0.014786
457.0038,5.8250,62.30,119.00,0.014663
457.0881,5.8250,61.76,119.00,0.014204
457.1712,5.8250,62.03,119.00,0.014400
457.2563,6.0190,62.03,119.00,0.014124
457.3392,6.0190,62.30,119.00,0.014406
457.4234,6.0190,62.30,119.00,0.014423
457.5081,6.0190,61.76,119.00,0.014775
457.5950,6.0190,61.76,119.00,0.014141
457.6800,6.0190,62.30,119.00,0.014158
457.7627,6.0190,62.03,119.00,0.014548
457.8428,6.0190,62.30,119.00,0.014035
457.9299,6.0190,62.03,119.00,0.014700
458.0095,6.0190,62.03,119.00,0.013936
458.0929,6.0190,62.03,119.00,0.014636
458.1734,6.0190,62.03,119.00,0.014628
458.2586,6.0340,61.76,119.00,0.014659
458.3415,6.0340,62.03,119.00,0.014728
458.4262,6.0340,62.30,119.00,0.014570
458.5065,6.0340,61.76,119.00,0.014211
458.5915,6.0340,62.30,119.00,0.014550
458.6749,6.0340,62.30,119.00,0.014626
458.7597,6.0340,62.30,119.00,0.014440
458.8400,6.0340,62.30,119.00,0.014066
458.9235,6.0340,61.76,119.50,0.014500
459.0059,6.0340,62.30,120.00,0.014156
459.0881,6.0340,62.03,120.00,0.014689
459.1675,6.0340,62.30,120.00,0.013875
459.2507,6.0340,61.76,120.00,0.013788
459.3303,6.0340,62.03,120.00,0.013860
459.4152,5.9885,62.30,120.00,0.014642
459.5006,5.9430,62.03,120.00,0.014277
459.5820,5.9430,61.76,120.00,0.014433
459.6621,5.9430,62.03,120.00,0.014460
459.7441,5.9430,62.03,120.00,0.014274
459.8267,5.9430,62.30,120.00,0.014340
459.9105,5.9430,62.03,120.00,0.014269
459.9908,5.9430,61.76,120.00,0.014288
460.0722,5.9430,62.30,120.00,0.014106
460.1549,5.9430,62.03,119.00,0.014039
460.2421,5.9240,62.30,119.50,0.014465
460.3242,5.9240,61.49,119.50,0.014275
460.4079,5.9240,62.03,119.50,0.014193
460.4903,5.9240,62.30,119.50,0.014749
460.5705,5.9240,62.30,119.00,0.013728
460.6488,5.9240,61.76,120.00,0.013502
460.7296,5.9240,62.30,119.50,0.013532
460.8102,5.9240,62.30,119.50,0.013507
460.8902,5.9240,62.30,119.50,0.013653
460.9716,5.9240,62.30,119.50,0.014395
461.0552,5.9240,62.30,119.50,0.013814
461.1396,5.9240,61.76,119.50,0.014390
461.2240,5.9390,61.76,120.00,0.014518
461.3067,5.9540,62.30,120.00,0.014305
461.3903,5.9540,62.03,120.00,0.013921
461.4709,5.9540,61.76,120.00,0.014244
461.5550,5.9540,62.30,120.00,0.014271
461.6393,5.9540,62.30,120.00,0.014468
461.7227,5.9540,61.49,119.00,0.014033
461.8041,5.9540,62.30,119.50,0.013973
461.8866,5.9540,61.76,119.50,0.014380
461.9670,5.9540,62.30,119.00,0.014265
462.0510,5.9540,62.30,119.50,0.014327
462.1356,5.9540,61.76,119.50,0.014503
462.2196,5.9790,62.30,119.00,0.014227
462.3001,6.0040,61.76,119.50,0.014318
462.3825,6.0040,61.49,119.00,0.014337
462.4628,6.0040,62.30,119.00,0.014631
462.5447,6.0040,62.30,119.00,0.014213
462.6272,6.0040,62.30,119.00,0.014344
462.7111,6.0040,62.03,119.00,0.013947
462.7930,6.0040,61.76,119.00,0.013805
462.8748,6.0040,62.30,119.00,0.014030
462.9551,6.0040,62.03,119.00,0.014172
463.0393,6.0040,62.30,119.00,0.014408
463.1233,6.0040,62.03,119.00,0.014085
463.2072,5.9660,61.49,119.50,0.013865
463.2897,5.9280,62.03,120.00,0.014454
463.3717,5.9280,62.03,120.00,0.014687
463.4544,5.9280,62.03,120.00,0.014479
463.5389,5.9280,62.30,120.00,0.013896
463.6212,5.9280,61.76,120.00,0.014100
463.7035,5.9280,61.49,120.00,0.014412
463.7857,5.9280,62.30,119.50,0.014462
463.8704,5.9280,62.30,119.50,0.014661
463.9498,5.9280,62.30,119.00,0.014210
464.0342,5.9280,62.03,119.00,0.014469
464.1165,5.9280,61.76,119.00,0.014455
464.1986,5.9260,62.03,119.00,0.014584
464.2778,5.9240,62.30,119.00,0.013432
464.3580,5.9240,62.03,119.00,0.013601
464.4370,5.9240,62.03,119.00,0.013787
464.5238,5.9240,62.30,119.00,0.014670
464.6035,5.9240,61.76,119.00,0.014471
464.6873,5.9240,62.30,119.00,0.014483
464.7690,5.9240,62.03,119.00,0.013878
464.8510,5.9240,61.76,119.00,0.014192
464.9310,5.9240,62.03,119.00,0.014015
465.0160,5.9240,62.03,119.00,0.015218
465.0965,5.9240,62.03,119.00,0.014434
465.1789,5.9240,62.57,119.00,0.013790
465.2620,5.9960,62.30,119.00,0.014276
465.3465,5.9960,62.03,119.00,0.014238
465.4263,5.9960,62.03,119.00,0.013934
465.5106,5.9960,62.03,119.00,0.014446
465.5901,5.9960,62.03,119.00,0.014146
465.6720,5.9960,62.03,119.00,0.014371
465.7562,5.9960,62.30,119.00,0.014156
465.8391,5.9960,62.03,119.00,0.015354
465.9215,5.9960,62.03,119.00,0.014639
466.0035,5.9960,61.76,119.00,0.014170
466.0855,5.9960,62.30,119.00,0.013978
466.1710,5.9960,62.03,119.00,0.013981
466.2492,5.9960,62.30,119.00,0.013994
466.3308,5.9960,61.49,119.00,0.014086
466.4101,6.0020,62.30,119.00,0.014020
466.4952,6.0080,62.03,119.00,0.014328
466.5793,6.0080,61.49,119.00,0.014264
466.6631,6.0080,62.03,119.00,0.014274
466.7431,6.0080,61.76,119.00,0.014600
466.8233,6.0080,61.49,119.00,0.014141
466.9017,6.0080,62.30,119.00,0.013671
466.9827,6.0080,62.30,119.00,0.013953
467.0629,6.0080,62.03,119.00,0.014488
467.1473,6.0080,62.30,119.00,0.014465
467.2319,5.9920,62.57,119.00,0.013946
467.3183,5.9920,62.03,119.00,0.014300
467.3981,5.9920,62.30,119.00,0.014072
467.4799,5.9920,62.03,119.00,0.013827
467.5580,5.9920,62.03,119.00,0.013773
467.6396,5.9920,62.30,119.00,0.014448
467.7185,5.9920,61.76,119.00,0.014157
467.8024,5.9920,61.76,119.00,0.014029
467.8813,5.9920,61.76,119.00,0.013968
467.9624,5.9920,61.76,119.00,0.013994
468.0418,5.9920,61.76,119.00,0.014009
468.1257,5.9920,62.30,119.00,0.014417
468.2086,5.9825,62.30,119.00,0.014450
468.2949,5.9730,62.30,119.00,0.014168
468.3746,5.9730,62.03,119.00,0.014515
468.4565,5.9730,62.30,119.00,0.014378
468.5391,5.9730,62.30,119.00,0.014413
468.6250,5.9730,62.30,119.00,0.014206
468.7036,5.9730,61.76,119.00,0.013535
468.7859,5.9730,62.30,119.00,0.013474
468.8652,5.9730,62.03,119.00,0.014464
468.9469,5.9730,62.30,119.00,0.014316
469.0268,5.9730,62.03,119.00,0.014188
469.1086,5.9730,62.03,119.00,0.014603
469.1887,5.9730,61.76,119.00,0.014513
469.2747,5.9850,61.76,119.00,0.013598
469.3546,5.9850,62.03,119.00,0.013884
469.4388,5.9850,62.30,119.00,0.014467
469.5192,5.9850,62.57,119.00,0.014431
469.6033,5.9850,62.30,119.00,0.014442
469.6830,5.9850,62.03,119.00,0.014276
469.7674,5.9850,62.30,119.00,0.014503
469.8523,5.9850,62.30,119.00,0.014939
469.9348,5.9850,61.76,119.00,0.014757
470.0130,5.9850,62.03,119.00,0.013656
470.0938,5.9850,62.30,119.00,0.013634
470.1753,5.9850,62.03,119.00,0.014220
470.2581,5.9715,62.30,119.00,0.014528
470.3383,5.9580,61.76,119.00,0.013864
470.4195,5.9580,61.76,119.00,0.013796
470.4976,5.9580,62.30,119.00,0.013639
470.5785,5.9580,62.03,119.00,0.014048
470.6587,5.9580,62.30,119.00,0.014544
470.7406,5.9580,62.30,119.00,0.014367
470.8196,5.9580,62.30,119.00,0.014279
470.9062,5.9580,62.03,118.00,0.014264
470.9867,5.9580,62.30,118.00,0.014542
471.0709,5.9580,62.30,118.00,0.014762
471.1507,5.9580,62.03,118.00,0.014531
471.2331,5.9850,62.30,118.00,0.014301
471.3151,5.9850,62.30,118.00,0.013978
471.3986,5.9850,62.03,118.00,0.014018
471.4831,5.9850,61.76,118.50,0.014204
471.5671,5.9850,62.30,118.50,0.014304
471.6474,5.9850,62.30,118.00,0.014762
471.7306,5.9850,62.03,118.00,0.013726
471.8150,5.9850,61.76,118.00,0.014188
471.8968,5.9850,61.76,119.00,0.014439
471.9790,5.9850,62.03,119.00,0.014335
472.0631,5.9850,62.03,119.00,0.014076
472.1477,5.9850,62.03,119.00,0.014407
472.2324,5.9545,61.49,118.50,0.014471
472.3153,5.9240,61.49,118.00,0.014726
472.3993,5.9240,61.76,118.00,0.014415
472.4818,5.9240,62.30,118.00,0.014243
472.5635,5.9240,62.30,118.00,0.013866
472.6465,5.9240,62.30,118.50,0.014607
472.7284,5.9240,62.03,118.00,0.014483
472.8111,5.9240,62.03,118.00,0.014429
472.8921,5.9240,62.03,118.00,0.013880
472.9749,5.9240,62.30,118.00,0.014653
473.0610,5.9240,62.30,118.00,0.014236
473.1432,5.9240,62.30,118.00,0.014230
473.2269,5.9660,62.03,118.00,0.014111
473.3100,6.0080,61.22,118.00,0.014702
473.3930,6.0080,61.76,118.00,0.015132
473.4736,6.0080,61.49,118.00,0.014266
473.5568,6.0080,62.03,118.00,0.014608
473.6384,6.0080,62.30,118.00,0.014910
473.7206,6.0080,62.30,118.00,0.014086
473.8036,6.0080,62.30,118.00,0.014487
473.8924,6.0080,62.30,118.00,0.015163
473.9783,6.0080,62.30,118.00,0.014555
474.0689,6.0080,62.03,118.00,0.014913
474.1569,6.0080,61.76,118.00,0.014672
474.2452,5.7750,62.30,118.00,0.014787
474.3304,5.7750,62.30,118.00,0.014714
474.4142,5.7750,62.03,118.00,0.013759
474.4930,5.7750,61.76,118.00,0.013575
474.5765,5.7750,61.49,118.00,0.014018
474.6592,5.7750,62.03,118.00,0.014354
474.7489,5.7750,62.03,118.00,0.014638
474.8319,5.7750,62.30,118.00,0.013959
474.9124,5.7750,62.30,118.00,0.013800
474.9924,5.7750,62.30,118.00,0.014395
475.0753,5.7750,61.76,118.00,0.014275
475.1546,5.7750,62.30,118.00,0.014007
475.2388,5.8170,61.76,118.00,0.013819
475.3191,5.8170,62.03,118.00,0.014354
475.4005,5.8170,61.76,118.00,0.014307
475.4835,5.8170,62.03,118.00,0.014585
475.5699,5.8170,62.30,118.00,0.014634
475.6526,5.8170,62.03,118.00,0.014630
475.7337,5.8170,61.76,118.00,0.014266
475.8138,5.8170,62.30,118.00,0.014164
475.8975,5.8170,61.76,118.00,0.013964
475.9755,5.8170,62.03,118.00,0.013530
476.0583,5.8170,62.03,118.00,0.013857
476.1388,5.8170,62.30,118.00,0.013667
476.2234,5.9160,62.30,118.00,0.014544
476.3090,6.0150,62.03,118.00,0.014282
476.3915,6.0150,62.30,118.00,0.014708
476.4747,6.0150,62.30,118.00,0.014560
476.5595,6.0150,62.30,118.00,0.014696
476.6446,6.0150,62.03,118.00,0.013998
476.7316,6.0150,61.76,118.00,0.014661
476.8146,6.0150,62.03,118.00,0.014474
476.8995,6.0150,62.30,118.00,0.014884
476.9821,6.0150,62.03,118.00,0.014180
477.0670,6.0150,62.30,118.00,0.014630
477.1499,6.0150,61.49,118.00,0.014608
477.2347,5.9620,61.49,118.00,0.014366
477.3154,5.9620,62.03,118.00,0.014580
477.4024,5.9620,61.76,118.00,0.014599
477.4830,5.9620,62.03,118.00,0.014707
477.5675,5.9620,62.30,118.00,0.013715
477.6528,5.9620,62.30,118.00,0.014556
477.7371,5.9620,62.30,118.00,0.013788
477.8193,5.9620,62.03,118.00,0.014115
477.9036,5.9620,61.76,118.00,0.014255
477.9884,5.9620,61.76,118.00,0.014497
478.0715,5.9620,62.03,118.00,0.014687
478.1545,5.9620,62.03,118.00,0.014498
478.2397,6.0080,61.76,118.00,0.014434
478.3242,6.0080,62.03,118.00,0.014357
478.4065,6.0080,62.03,118.00,0.014075
478.4871,6.0080,61.76,118.00,0.013954
478.5719,6.0080,62.30,118.00,0.014208
478.6562,6.0080,61.76,118.00,0.014893
478.7422,6.0080,61.76,118.00,0.014521
478.8247,6.0080,61.76,118.00,0.014254
478.9074,6.0080,62.30,118.00,0.014690
478.9901,6.0080,62.30,118.00,0.014324
479.0721,6.0080,62.30,118.00,0.014081
479.1565,6.0080,62.03,118.00,0.014228
479.2428,5.9580,62.30,118.00,0.014440
479.3229,5.9580,62.30,118.00,0.014505
479.4067,5.9580,62.03,118.00,0.014302
479.4894,5.9580,62.30,117.00,0.014045
479.5740,5.9580,62.03,117.00,0.014724
479.6539,5.9580,61.76,117.00,0.014292
479.7354,5.9580,62.30,117.00,0.014366
479.8171,5.9580,62.03,117.00,0.013677
479.9014,5.9580,62.03,117.00,0.014284
479.9838,5.9580,62.03,117.00,0.014233
480.0654,5.9580,61.76,117.00,0.013991
480.1468,5.9580,62.30,117.00,0.013816
480.2270,5.9580,62.30,117.00,0.013655
480.3059,5.9580,62.03,117.00,0.013963
480.3867,5.9580,62.30,117.00,0.014632
480.4702,6.0040,62.03,117.00,0.014456
480.5517,6.0040,62.03,117.50,0.014107
480.6313,6.0040,62.30,118.00,0.013861
480.7155,6.0040,62.03,118.00,0.015196
480.7970,6.0040,62.03,118.00,0.013614
480.8781,6.0040,62.30,117.50,0.013957
480.9587,6.0040,62.03,117.00,0.014044
481.0403,6.0040,61.76,117.50,0.014247
481.1206,6.0040,62.30,117.50,0.014211
481.2069,5.9430,61.76,117.00,0.014159
481.2866,5.8820,62.03,117.00,0.014105
481.3699,5.8820,62.30,117.00,0.014005
481.4512,5.8820,62.30,117.00,0.014151
481.5353,5.8820,62.30,117.00,0.014201
481.6200,5.8820,62.30,117.00,0.014823
481.7013,5.8820,62.30,117.00,0.014176
481.7830,5.8820,62.03,117.00,0.014184
481.8666,5.8820,62.30,117.00,0.014107
481.9459,5.8820,62.03,117.00,0.014177
482.0297,5.8820,61.49,117.00,0.013593
482.1113,5.8820,62.30,117.00,0.014117
482.1911,5.8820,62.30,117.00,0.013343
482.2743,5.8820,62.30,117.00,0.013803
482.3547,5.8820,62.03,117.00,0.013815
482.4362,5.8820,62.03,117.00,0.014144
482.5234,5.9540,62.30,117.00,0.013899
482.6031,5.9540,62.30,117.00,0.014456
482.6873,5.9540,62.03,117.00,0.013684
482.7695,5.9540,62.30,117.00,0.014005
482.8515,5.9540,62.30,117.00,0.014711
482.9334,5.9540,62.30,117.00,0.014209
483.0157,5.9540,61.49,117.00,0.014801
483.0994,5.9540,61.76,117.00,0.014142
483.1838,5.9425,62.30,117.00,0.014595
483.2666,5.9310,62.03,117.00,0.014629
483.3480,5.9310,62.30,117.00,0.014325
483.4299,5.9310,62.03,117.00,0.014511
483.5118,5.9310,62.03,117.00,0.014193
483.5936,5.9310,62.03,117.00,0.014236
483.6800,5.9310,62.30,117.00,0.014758
483.7626,5.9310,62.30,117.00,0.014369
483.8439,5.9310,61.76,117.00,0.014184
483.9249,5.9310,62.03,117.00,0.013499
484.0066,5.9310,62.30,117.00,0.014374
484.0893,5.9310,62.30,117.00,0.014456
484.1718,5.9310,61.49,117.00,0.014645
484.2567,6.0000,62.30,117.00,0.014514
484.3388,6.0000,62.30,117.00,0.014556
484.4233,6.0000,62.03,117.00,0.014350
484.5074,6.0000,62.30,117.00,0.014129
484.5910,6.0000,61.76,117.00,0.014385
484.6760,6.0000,61.49,117.00,0.014713
484.7589,6.0000,62.30,117.00,0.014365
484.8430,6.0000,62.57,117.00,0.014159
484.9262,6.0000,62.30,117.00,0.014761
485.0089,6.0000,62.03,117.00,0.014576
485.0894,6.0000,62.03,117.00,0.014201
485.1718,6.0000,62.03,117.00,0.014459
485.2554,5.9580,62.30,117.00,0.014438
485.3401,5.9580,62.30,117.00,0.014117
485.4208,5.9580,62.30,117.00,0.014635
485.5040,5.9580,62.03,117.00,0.014927
485.5888,5.9580,62.03,117.00,0.014415
485.6756,5.9580,62.03,117.00,0.014375
485.7576,5.9580,62.03,117.00,0.014040
485.8436,5.9580,62.30,117.00,0.014274
485.9237,5.9580,62.30,117.00,0.014712
486.0054,5.9580,61.76,117.00,0.014154
486.0879,5.9580,62.03,117.00,0.013941
486.1743,5.9580,62.03,116.50,0.014355
486.2551,6.0310,62.30,116.50,0.014276
486.3394,6.0310,62.30,116.00,0.014315
486.4213,6.0310,62.03,116.00,0.014392
486.5053,6.0310,62.03,117.00,0.014172
486.5895,6.0310,62.30,117.00,0.014226
486.6740,6.0310,62.30,117.00,0.014519
486.7547,6.0310,62.30,117.00,0.014495
486.8387,6.0310,62.30,117.00,0.013836
486.9180,6.0310,62.03,117.00,0.013993
486.9987,6.0310,62.30,117.00,0.013460
487.0783,6.0310,62.30,117.00,0.014373
487.1610,6.0310,62.03,117.00,0.014910
487.2441,6.0000,62.03,117.00,0.014304
487.3279,6.0000,62.30,117.00,0.014609
487.4093,6.0000,62.30,117.00,0.014062
487.4945,6.0000,62.03,117.00,0.014473
487.5738,6.0000,62.30,117.00,0.014232
487.6549,6.0000,62.30,117.00,0.014319
487.7338,6.0000,62.03,117.00,0.013909
487.8167,6.0000,62.03,117.00,0.014791
487.8996,6.0000,62.03,117.00,0.014439
487.9843,6.0000,62.30,117.00,0.014484
488.0689,6.0000,62.30,117.00,0.014131
488.1505,6.0000,62.30,117.00,0.013795
488.2297,6.0000,62.30,117.00,0.013816
488.3100,6.0000,62.30,117.00,0.013510
488.3909,6.0075,62.03,117.00,0.015220
488.4716,6.0150,62.30,117.00,0.013650
488.5545,6.0150,62.03,117.00,0.013699
488.6349,6.0150,62.30,117.00,0.013897
488.7131,6.0150,61.76,117.00,0.013550
488.7971,6.0150,62.30,117.00,0.014809
488.8789,6.0150,62.30,117.00,0.013824
488.9623,6.0150,62.30,117.00,0.013783
489.0404,6.0150,62.03,117.00,0.013554
489.1232,6.0150,62.03,117.00,0.013880
489.2026,6.0150,62.30,117.00,0.014147
489.2842,6.0150,61.76,117.00,0.014314
489.3639,6.0150,62.30,117.00,0.014078
489.4475,6.0150,62.30,117.00,0.014042
489.5305,6.0150,62.30,117.00,0.014479
489.6148,6.0150,62.30,117.00,0.014083
489.6946,6.0150,62.03,117.00,0.014098
489.7794,6.0150,62.03,117.00,0.014439
489.8605,6.0150,62.30,117.00,0.014481
489.9433,6.0150,62.30,117.00,0.014567
490.0265,6.0150,62.03,117.00,0.014765
490.1111,6.0150,62.30,116.50,0.014561
490.1950,6.0150,61.76,116.50,0.014005
490.2781,6.0150,62.30,117.00,0.013919
490.3576,6.0150,61.76,117.00,0.014126
490.4397,6.0150,62.03,117.00,0.014349
490.5222,6.0150,61.76,117.00,0.014583
490.6094,5.9890,62.30,117.00,0.014207
490.6912,5.9890,62.03,117.00,0.014338
490.7754,5.9890,62.30,117.00,0.014389
490.8576,5.9890,62.30,117.00,0.014194
490.9417,5.9890,62.03,117.00,0.014345
491.0236,5.9890,62.30,116.50,0.014132
491.1054,5.9890,62.30,116.50,0.014009
491.1856,5.9430,62.30,116.00,0.014552
491.2675,5.8970,62.30,117.00,0.013790
491.3505,5.8970,62.30,117.00,0.014688
491.4351,5.8970,62.30,117.00,0.014596
491.5196,5.8970,62.30,117.00,0.014395
491.6036,5.8970,62.57,117.00,0.014397
491.6855,5.8970,62.03,117.00,0.014051
491.7678,5.8970,62.30,117.00,0.014589
491.8477,5.8970,62.30,117.00,0.014431
491.9316,5.8970,62.30,117.00,0.014444
492.0135,5.8970,62.30,117.00,0.014400
492.0946,5.8970,62.30,117.00,0.014072
492.1762,5.8970,62.30,117.00,0.014221
492.2581,5.8970,62.30,117.00,0.013618
492.3401,5.9085,62.30,117.00,0.014406
492.4244,5.9200,61.76,117.00,0.014132
492.5034,5.9200,62.03,117.00,0.013660
492.5865,5.9200,61.76,117.00,0.013995
492.6668,5.9200,61.76,117.00,0.014562
492.7488,5.9200,62.30,117.00,0.014480
492.8312,5.9200,62.03,117.00,0.014414
492.9150,5.9200,62.30,117.00,0.013877
492.9991,5.9200,61.76,117.00,0.013781
493.0829,5.9200,62.30,117.00,0.014306
493.1630,5.9200,62.30,117.00,0.014972
493.2478,5.9160,62.30,117.00,0.014120
493.3310,5.9160,62.03,117.00,0.014139
493.4145,5.9160,62.03,117.00,0.013973
493.4970,5.9160,62.30,116.50,0.014805
493.5784,5.9160,62.30,117.00,0.014000
493.6607,5.9160,62.30,117.00,0.014474
493.7423,5.9160,62.30,117.00,0.013690
493.8228,5.9160,62.30,117.00,0.013657
493.9061,5.9160,62.30,117.00,0.014111
493.9880,5.9160,62.30,117.00,0.014538
494.0714,5.9160,62.03,117.00,0.014206
494.1538,5.9160,62.30,117.00,0.013961
494.2383,5.8780,61.49,117.00,0.014351
494.3191,5.8780,62.03,117.00,0.014338
494.4035,5.8780,62.03,117.00,0.014340
494.4837,5.8780,62.30,117.00,0.014331
494.5669,5.8780,62.30,117.00,0.013921
494.6459,5.8780,62.30,117.00,0.014162
494.7288,5.8780,61.76,117.00,0.013997
494.8111,5.8780,62.03,117.00,0.013957
494.8936,5.8780,62.03,117.00,0.013925
494.9736,5.8780,62.03,117.00,0.014174
495.0555,5.8780,62.30,117.00,0.014392
495.1381,5.8780,62.30,117.00,0.015018
495.2226,5.9315,61.76,117.00,0.014114
495.3047,5.9850,62.03,117.00,0.014178
495.3862,5.9850,61.76,117.00,0.014003
495.4666,5.9850,62.30,117.00,0.014211
495.5515,5.9850,62.30,116.50,0.015176
495.6365,5.9850,62.03,116.50,0.014641
495.7185,5.9850,61.76,117.00,0.014448
495.8001,5.9850,62.30,117.00,0.013787
495.8846,5.9850,62.03,117.00,0.013852
495.9673,5.9850,62.30,117.00,0.014756
496.0482,5.9850,62.30,117.00,0.013736
496.1291,5.9850,62.30,117.00,0.013793
496.2100,5.9850,62.03,117.00,0.013952
496.2909,5.9160,62.30,117.00,0.013955
496.3755,5.9160,62.30,117.00,0.014666
496.4564,5.9160,62.30,117.00,0.014721
496.5380,5.9160,62.30,117.00,0.014454
496.6166,5.9160,62.03,117.00,0.013659
496.6994,5.9160,62.03,117.00,0.014426
496.7842,5.9160,62.30,117.00,0.014464
496.8684,5.9160,62.03,117.00,0.014595
496.9528,5.9160,62.30,117.00,0.014500
497.0342,5.9160,62.30,117.00,0.013978
497.1142,5.9160,62.30,117.00,0.014546
497.1966,5.9485,62.30,117.00,0.014967
497.2775,5.9810,62.03,117.00,0.014113
497.3634,5.9810,62.30,117.00,0.014376
497.4432,5.9810,62.30,117.00,0.014529
497.5273,5.9810,62.03,116.50,0.014213
497.6122,5.9810,62.03,116.00,0.014155
497.6963,5.9810,61.76,116.00,0.014449
497.7763,5.9810,62.03,117.00,0.013966
497.8584,5.9810,62.03,117.00,0.014393
497.9387,5.9810,62.30,117.00,0.014336
498.0198,5.9810,62.30,117.00,0.013911
498.1044,5.9810,62.30,117.00,0.014228
498.1864,5.9905,62.30,117.00,0.014580
498.2671,6.0000,62.30,117.00,0.014631
498.3498,6.0000,62.03,117.00,0.014426
498.4297,6.0000,62.30,117.00,0.014300
498.5117,6.0000,62.30,117.00,0.014402
498.5942,6.0000,62.30,117.00,0.014438
498.6787,6.0000,62.03,117.00,0.014527
498.7591,6.0000,62.30,117.00,0.014238
498.8424,6.0000,62.30,117.00,0.013863
498.9267,6.0000,62.30,117.00,0.014067
499.0083,6.0000,62.03,117.00,0.014136
499.0909,6.0000,62.03,117.00,0.014478
499.1747,6.0000,62.30,117.00,0.014188
499.2582,6.0460,62.03,117.00,0.014555
499.3424,6.0460,62.30,117.00,0.014558
499.4238,6.0460,62.03,117.00,0.015539
499.5052,6.0460,62.30,117.00,0.013704
499.5839,6.0460,62.30,117.00,0.013890
499.6667,6.0460,62.30,117.00,0.014066
499.7469,6.0460,61.76,117.00,0.014369
499.8314,6.0460,62.03,116.50,0.014388
499.9112,6.0460,62.30,117.00,0.014215
499.9965,6.0460,61.76,117.00,0.014167
500.0844,6.0460,62.30,117.00,0.015133
500.1742,6.0460,62.30,117.00,0.014510
500.2646,5.9810,62.30,117.00,0.015839
500.3502,5.9810,62.03,117.00,0.015289
500.4386,5.9810,62.03,117.00,0.015016
500.5273,5.9810,62.03,117.00,0.014799
500.6163,5.9810,62.30,117.00,0.014664
500.7034,5.9810,62.03,117.00,0.014987
500.7905,5.9810,62.03,117.00,0.014725
500.8788,5.9810,62.30,117.00,0.014446
500.9582,5.9810,62.30,117.00,0.013875
501.0439,5.9810,61.76,117.50,0.014911
501.1310,5.9810,62.03,118.00,0.015053
501.2225,5.9525,62.03,118.00,0.014632
501.3084,5.9240,62.30,118.00,0.015253
501.3947,5.9240,62.03,118.00,0.014585
501.4810,5.9240,61.76,118.00,0.014868
501.5686,5.9240,61.76,118.00,0.014593
501.6553,5.9240,62.03,118.00,0.015210
501.7427,5.9240,62.30,119.00,0.014628
501.8312,5.9240,61.76,119.00,0.014519
501.9202,5.9240,62.03,119.00,0.014848
502.0091,5.9240,62.03,119.00,0.014728
502.0964,5.9240,61.76,119.00,0.015312
502.1809,5.9240,61.76,119.00,0.014988
502.2658,5.8890,62.03,119.00,0.013860
502.3449,5.8890,61.76,119.00,0.013691
502.4268,5.8890,62.30,119.00,0.013678
502.5132,5.8890,62.30,119.00,0.014824
502.5998,5.8890,61.22,119.00,0.013577
502.6811,5.8890,62.03,119.00,0.013490
502.7621,5.8890,62.03,119.00,0.013901
502.8441,5.8890,61.76,119.00,0.013944
502.9332,5.8890,61.76,119.00,0.014325
503.0227,5.8890,62.30,119.00,0.015324
503.1075,5.8890,62.30,119.00,0.014593
503.1979,5.9085,62.30,119.00,0.015911
503.2883,5.9280,62.30,119.00,0.014973
503.3751,5.9280,62.30,119.00,0.014440
503.4639,5.9280,62.30,119.00,0.014790
503.5508,5.9280,62.03,119.00,0.015079
503.6409,5.9280,62.03,119.00,0.014548
503.7273,5.9280,62.30,119.00,0.014306
503.8113,5.9280,61.76,119.00,0.014090
503.8948,5.9280,62.30,119.00,0.014593
503.9834,5.9280,62.03,119.00,0.014733
504.0697,5.9280,62.30,119.00,0.014408
504.1605,5.9280,62.03,119.00,0.014630
504.2478,5.7900,62.30,119.00,0.015329
504.3366,5.7900,61.76,119.00,0.014373
504.4224,5.7900,62.30,119.00,0.014902
504.5110,5.7900,62.03,119.00,0.015092
504.5965,5.7900,62.30,119.00,0.014438
504.6831,5.7900,62.30,119.00,0.014591
504.7712,5.7900,61.76,119.00,0.014926
504.8562,5.7900,62.30,119.00,0.013928
504.9391,5.7900,62.30,119.00,0.014252
505.0279,5.7900,62.03,119.00,0.015028
505.1132,5.7900,61.76,119.00,0.014322
505.1999,5.8245,62.03,119.00,0.014846
505.2870,5.8590,62.03,119.00,0.015147
505.3741,5.8590,62.30,119.00,0.014419
505.4587,5.8590,62.03,119.00,0.013966
505.5404,5.8590,62.03,119.00,0.014172
505.6207,5.8590,61.76,119.00,0.013856
505.7033,5.8590,61.76,119.00,0.014068
505.7901,5.8590,62.03,119.00,0.015152
505.8805,5.8590,62.30,119.00,0.014596
505.9658,5.8590,61.22,119.00,0.014864
506.0554,5.8590,62.03,119.00,0.015496
506.1400,5.8590,61.49,119.00,0.013739
506.2212,5.8590,62.03,119.00,0.013561
506.3012,5.8590,61.76,119.00,0.013574
506.3872,5.8590,62.03,119.00,0.014236
506.4685,5.8590,61.76,119.00,0.015289
506.5601,5.8590,62.03,119.00,0.015279
506.6480,5.8590,61.49,119.00,0.014388
506.7378,5.8590,61.49,119.00,0.015491
506.8244,5.8590,62.03,119.00,0.014372
506.9131,5.8590,62.30,119.00,0.014846
506.9990,5.8590,62.03,119.00,0.014667
507.0902,5.8590,62.03,119.00,0.015201
507.1785,5.8590,62.03,119.00,0.015090
507.2674,5.8590,62.30,119.00,0.014654
507.3523,5.8590,62.30,119.00,0.014804
507.4435,5.8590,61.76,119.00,0.014290
507.5264,5.8590,61.76,119.00,0.014121
507.6120,5.8590,62.30,119.00,0.014316
507.6933,5.8050,62.03,120.00,0.014310
507.7789,5.8050,62.03,120.00,0.014157
507.8590,5.8050,62.03,120.00,0.013991
507.9461,5.8050,61.76,120.00,0.014121
508.0284,5.8050,61.76,120.00,0.014058
508.1122,5.8050,62.03,120.00,0.013992
508.1954,5.8890,62.03,120.00,0.014405
508.2805,5.9730,61.22,120.00,0.014383
508.3614,5.9730,62.30,120.00,0.013822
508.4459,5.9730,62.30,120.00,0.014294
508.5264,5.9730,62.30,120.00,0.014290
508.6090,5.9730,62.03,120.00,0.014225
508.6913,5.9730,62.30,120.00,0.014352
508.7752,5.9730,62.30,120.00,0.014019
508.8543,5.9730,62.03,120.00,0.013739
508.9345,5.9730,62.30,120.00,0.013510
509.0165,5.9730,61.76,120.00,0.014180
509.1018,5.9730,62.30,120.00,0.014726
509.1908,5.9865,61.49,120.00,0.015270
509.2761,6.0000,62.30,120.00,0.013882
509.3584,6.0000,62.30,120.00,0.014084
509.4436,6.0000,62.30,120.00,0.014987
509.5287,6.0000,62.03,120.00,0.015023
509.6146,6.0000,62.30,120.00,0.014954
509.7003,6.0000,62.30,120.00,0.014518
509.7900,6.0000,62.03,120.00,0.015004
509.8760,6.0000,62.30,121.00,0.015275
509.9649,6.0000,61.76,121.00,0.014356
510.0454,6.0000,62.30,121.00,0.013499
510.1277,6.0000,61.22,121.00,0.014364
510.2123,5.9755,62.30,121.00,0.015223
510.3011,5.9510,61.49,121.00,0.014962
510.3869,5.9510,62.03,121.00,0.015548
510.4755,5.9510,62.03,121.00,0.014259
510.5556,5.9510,62.30,121.00,0.014893
510.6397,5.9510,62.03,121.00,0.013841
510.7232,5.9510,61.76,121.00,0.014221
510.8081,5.9510,62.30,121.00,0.015269
510.8945,5.9510,62.03,121.00,0.015406
510.9837,5.9510,62.30,121.00,0.014969
511.0690,5.9510,61.76,121.00,0.015231
511.1557,5.9510,61.49,121.00,0.014175
511.2402,5.9510,61.76,121.00,0.014801
511.3265,5.9510,62.03,121.00,0.014387
511.4061,5.9510,62.03,121.00,0.014139
511.4862,5.9510,62.30,121.00,0.013904
511.5646,5.9510,61.76,121.00,0.013938
511.6468,5.9510,61.76,121.00,0.013804
511.7311,5.9510,62.30,121.00,0.014098
511.8141,5.9510,62.30,121.00,0.013994
511.8940,5.9510,62.03,121.00,0.014358
511.9750,5.9510,62.03,121.00,0.014107
512.0565,5.9510,62.03,121.00,0.013682
512.1394,5.9510,62.30,121.00,0.014789
512.2221,5.9510,62.30,121.00,0.014241
512.3047,5.9770,62.03,121.00,0.014487
512.3868,5.9770,62.30,121.00,0.014296
512.4683,5.9770,62.30,121.00,0.014233
512.5513,5.9770,62.30,121.00,0.014608
512.6326,5.9770,62.30,121.00,0.014158
512.7151,5.9770,62.03,121.00,0.014589
512.8008,5.9770,62.30,121.00,0.014587
512.8831,5.9770,62.03,121.00,0.014271
512.9663,5.9770,62.03,121.00,0.014143
513.0484,5.9770,61.76,122.00,0.014258
513.1298,5.9770,62.03,122.00,0.014112
513.2119,5.9770,62.30,122.00,0.013931
513.2933,5.9770,61.76,122.00,0.013422
513.3752,5.9770,62.30,122.00,0.014335
513.4605,5.9470,62.30,122.00,0.014346
513.5423,5.9470,61.76,122.00,0.014345
513.6228,5.9470,62.03,122.00,0.014214
513.7028,5.9470,62.30,122.00,0.014127
513.7843,5.9470,62.30,122.00,0.014576
513.8646,5.9470,62.03,122.00,0.014719
513.9462,5.9470,62.03,122.00,0.014367
514.0263,5.9470,62.30,122.00,0.014220
514.1078,5.9470,62.03,122.00,0.014369
514.1924,5.9870,62.30,122.00,0.014537
514.2741,6.0270,61.76,122.00,0.014557
514.3542,6.0270,62.03,122.00,0.014429
514.4349,6.0270,62.03,122.00,0.013877
514.5152,6.0270,61.76,122.00,0.014303
514.5969,6.0270,62.03,122.00,0.015019
514.6767,6.0270,62.30,122.00,0.014337
514.7581,6.0270,62.30,122.00,0.014426
514.8380,6.0270,62.03,122.00,0.014040
514.9189,6.0270,62.30,122.00,0.013944
514.9989,6.0270,62.30,122.00,0.014225
515.0825,6.0270,62.30,122.00,0.013834
515.1632,6.0270,62.30,122.00,0.014393
515.2469,6.0270,62.30,122.00,0.013639
515.3266,6.0270,62.30,122.00,0.014129
515.4078,6.0270,62.30,122.00,0.013946
515.4908,6.0270,62.30,122.00,0.014151
515.5725,6.0270,62.03,122.00,0.014451
515.6548,6.0270,62.30,122.00,0.013773
515.7391,6.0270,62.03,122.00,0.014551
515.8192,6.0270,61.76,122.00,0.013996
515.9030,6.0270,62.30,122.00,0.013936
515.9835,6.0270,62.03,122.00,0.014635
516.0677,6.0270,62.30,122.00,0.013868
516.1519,6.0270,62.30,122.00,0.013687
516.2335,6.0270,62.30,122.00,0.013569
516.3145,6.0270,62.03,122.00,0.013823
516.3982,5.9830,62.30,122.00,0.014167
516.4786,5.9390,62.03,122.00,0.014142
516.5625,5.9390,62.30,122.00,0.014692
516.6454,5.9390,62.30,122.00,0.014324
516.7276,5.9390,62.03,122.00,0.014627
516.8128,5.9390,61.76,122.00,0.014529
516.8947,5.9390,62.03,122.00,0.014170
516.9757,5.9390,62.30,122.00,0.014235
517.0598,5.9390,62.03,122.00,0.014095
517.1426,5.9390,62.30,122.00,0.014216
517.2275,5.9905,61.76,122.00,0.014327
517.3107,6.0420,61.76,122.00,0.014220
517.3952,6.0420,62.30,122.00,0.014572
517.4800,6.0420,62.03,122.00,0.014397
517.5642,6.0420,62.30,122.00,0.014494
517.6447,6.0420,62.30,122.00,0.014351
517.7265,6.0420,62.30,122.00,0.014455
517.8099,6.0420,62.30,122.00,0.014548
517.8924,6.0420,62.30,122.00,0.015198
517.9755,6.0420,62.03,122.00,0.014410
518.0596,6.0420,61.76,122.00,0.014387
518.1426,6.0420,62.03,122.00,0.014406
518.2242,5.9885,62.30,122.00,0.013928
518.3061,5.9350,62.30,122.00,0.014494
518.3868,5.9350,62.03,122.00,0.013970
518.4663,5.9350,62.03,122.00,0.013801
518.5472,5.9350,62.30,122.00,0.013833
518.6277,5.9350,62.03,122.00,0.014228
518.7137,5.9350,62.30,122.00,0.014223
518.7967,5.9350,62.03,122.00,0.014300
518.8788,5.9350,62.30,122.00,0.014276
518.9614,5.9350,62.30,122.00,0.014453
519.0459,5.9350,62.30,122.00,0.014257
519.1258,5.9350,62.30,122.00,0.014166
519.2062,5.9350,62.03,122.00,0.013730
519.2859,5.9350,62.03,122.00,0.014106
519.3714,5.9620,61.76,122.00,0.014413
519.4548,5.9890,62.30,122.00,0.014442
519.5391,5.9890,62.03,122.00,0.014271
519.6222,5.9890,62.30,122.00,0.014774
519.7043,5.9890,62.03,122.00,0.014556
519.7887,5.9890,62.30,122.00,0.014240
519.8705,5.9890,62.30,122.00,0.014464
519.9517,5.9890,62.30,122.00,0.014402
520.0357,5.9890,61.22,122.00,0.014178
520.1186,5.9890,62.30,122.00,0.014438
520.2045,5.9600,61.76,122.00,0.014085
520.2852,5.9310,62.03,122.00,0.013810
520.3667,5.9310,62.30,122.00,0.014194
520.4476,5.9310,62.30,122.00,0.014382
520.5317,5.9310,62.30,122.00,0.014283
520.6167,5.9310,62.30,122.00,0.014322
520.6992,5.9310,62.03,122.00,0.014516
520.7842,5.9310,61.76,122.00,0.014418
520.8668,5.9310,61.76,122.00,0.014526
520.9484,5.9310,62.03,122.00,0.015079
521.0302,5.9310,62.03,122.00,0.014287
521.1110,5.9310,62.03,122.00,0.014726
521.1961,5.9600,62.03,122.00,0.014968
521.2794,5.9890,62.30,122.00,0.014297
521.3635,5.9890,62.30,122.00,0.014472
521.4465,5.9890,62.03,122.00,0.014727
521.5303,5.9890,62.30,122.00,0.014277
521.6103,5.9890,62.30,122.00,0.014189
521.6920,5.9890,62.03,122.00,0.014131
521.7753,5.9890,62.30,122.00,0.014932
521.8643,5.9890,62.30,122.00,0.013983
521.9499,5.9890,62.30,122.00,0.014920
522.0329,5.9890,62.30,122.00,0.013794
522.1142,5.9890,62.30,122.00,0.013592
522.1991,5.9890,61.49,122.00,0.014469
522.2853,5.9525,61.76,122.00,0.014991
522.3737,5.9160,62.03,122.00,0.015184
522.4611,5.9160,61.76,121.50,0.014738
522.5514,5.9160,62.03,121.00,0.015049
522.6372,5.9160,61.76,121.00,0.015150
522.7266,5.9160,62.30,121.00,0.014623
522.8157,5.9160,62.03,121.00,0.015034
522.9036,5.9160,62.03,121.00,0.014529
522.9922,5.9160,62.30,121.00,0.015319
523.0785,5.9160,61.76,121.00,0.014309
523.1663,5.9160,61.76,121.00,0.014841
523.2488,5.9160,62.30,121.00,0.014341
523.3344,5.9065,62.03,121.00,0.014965
523.4203,5.8970,61.76,121.00,0.015276
523.5092,5.8970,62.30,121.00,0.014752
523.5959,5.8970,62.30,121.00,0.014776
523.6820,5.8970,61.76,121.00,0.014983
523.7719,5.8970,62.03,121.00,0.015462
523.8572,5.8970,62.03,121.00,0.014475
523.9477,5.8970,62.30,121.00,0.014719
524.0353,5.8970,62.03,121.00,0.014792
524.1231,5.8970,61.76,121.00,0.015214
524.2104,5.8970,62.30,121.00,0.015177
524.2997,5.8970,61.76,121.00,0.014499
524.3854,5.8970,62.03,121.00,0.014818
524.4755,5.8970,62.30,121.00,0.014829
524.5612,5.8970,62.03,121.00,0.014730
524.6506,5.8970,62.30,121.00,0.014731
524.7388,5.8970,61.76,121.00,0.015081
524.8277,5.8970,62.30,121.00,0.014996
524.9157,5.8970,62.03,121.00,0.015091
525.0032,5.8970,62.30,121.00,0.014713
525.0890,5.8970,62.03,121.00,0.014653
525.1746,5.8970,62.03,121.00,0.014756
525.2591,5.8970,62.03,121.00,0.013936
525.3448,5.8970,61.76,121.00,0.014238
525.4244,5.8970,62.03,121.00,0.013985
525.5086,5.8970,62.03,121.00,0.014779
525.5927,5.8970,62.03,121.00,0.014162
525.6765,5.8970,62.03,121.00,0.014230
525.7595,5.8970,62.30,121.00,0.014724
525.8432,5.8475,62.30,121.00,0.014057
525.9267,5.7980,62.03,121.00,0.014534
526.0114,5.7980,62.30,121.00,0.014469
526.0967,5.7980,62.03,121.00,0.014647
526.1829,5.7980,62.30,121.00,0.014103
526.2691,5.9700,62.03,121.00,0.014934
526.3514,5.9700,61.76,121.00,0.014575
526.4343,5.9700,61.76,121.00,0.014502
526.5188,5.9700,62.03,121.00,0.014478
526.5988,5.9700,61.76,121.00,0.013936
526.6830,5.9700,62.57,121.00,0.014216
526.7623,5.9700,62.03,121.00,0.013535
526.8428,5.9700,61.76,120.00,0.013858
526.9234,5.9700,62.03,120.00,0.013730
527.0032,5.9700,62.03,120.00,0.013589
527.0853,5.9700,62.30,120.00,0.013871
527.1685,5.9700,62.03,120.00,0.014195
527.2511,5.9580,62.03,120.00,0.014420
527.3349,5.9580,62.30,120.00,0.014319
527.4151,5.9580,62.30,120.00,0.014587
527.4966,5.9580,62.30,120.00,0.014305
527.5796,5.9580,62.03,120.00,0.014699
527.6633,5.9580,62.30,120.00,0.014607
527.7432,5.9580,62.30,120.00,0.013784
527.8292,5.9580,62.03,120.00,0.014390
527.9103,5.9580,62.30,120.00,0.014612
527.9934,5.9580,62.03,120.00,0.014194
528.0732,5.9580,62.30,120.00,0.014403
528.1589,5.9580,62.30,120.00,0.014148
528.2423,6.0150,62.30,120.00,0.014602
528.3241,6.0150,62.03,120.00,0.014572
528.4042,6.0150,62.30,120.00,0.014374
528.4874,6.0150,62.30,120.00,0.014279
528.5698,6.0150,62.30,120.00,0.014136
528.6539,6.0150,62.30,120.00,0.014410
528.7362,6.0150,62.30,120.00,0.013847
528.8230,6.0150,62.30,120.00,0.015339
528.9094,6.0150,61.76,120.00,0.014962
528.9967,6.0150,62.30,120.00,0.015326
529.0854,6.0150,62.30,120.00,0.014852
529.1755,6.0150,62.30,120.00,0.014608
529.2634,5.8250,62.30,120.00,0.015367
529.3524,5.8250,61.76,120.00,0.014101
529.4397,5.8250,61.76,120.00,0.015937
529.5226,5.8250,62.30,120.00,0.014108
529.6070,5.8250,62.30,120.00,0.014415
529.6881,5.8250,61.76,120.00,0.013936
529.7706,5.8250,62.30,120.00,0.014120
529.8552,5.8250,62.30,120.00,0.015221
529.9412,5.8250,62.03,118.00,0.015985
530.0279,5.8250,61.76,116.00,0.015100
530.1111,5.8250,62.03,116.00,0.014932
530.2009,5.9145,62.30,116.00,0.014560
530.2854,6.0040,62.30,116.00,0.015175
530.3745,6.0040,61.49,116.00,0.014544
530.4577,6.0040,61.76,116.00,0.015124
530.5387,6.0040,62.03,117.00,0.013889
530.6176,6.0040,62.03,117.00,0.013566
530.6986,6.0040,62.03,117.00,0.013971
530.7828,6.0040,62.03,117.00,0.014948
530.8658,6.0040,61.76,117.00,0.013346
530.9483,6.0040,62.03,117.00,0.013902
531.0297,6.0040,62.03,117.00,0.014279
531.1115,6.0040,62.30,117.00,0.014653
531.1979,6.0040,62.30,117.00,0.014261
531.2860,5.9890,61.76,117.00,0.015273
531.3739,5.9890,62.03,117.00,0.014734
531.4620,5.9890,62.30,117.00,0.014844
531.5480,5.9890,62.03,117.00,0.014057
531.6351,5.9890,61.49,117.00,0.013904
531.7205,5.9890,62.30,117.00,0.014288
531.8064,5.9890,62.03,117.00,0.015253
531.8914,5.9890,62.30,117.00,0.015538
531.9761,5.9890,61.76,117.00,0.014718
532.0657,5.9890,61.49,117.00,0.015041
532.1492,5.9890,62.03,117.00,0.013784
532.2297,5.9890,62.30,117.00,0.013716
532.3092,5.9890,61.76,117.00,0.013817
532.3942,5.9890,62.03,117.00,0.015008
532.4770,5.9890,62.03,117.00,0.013411
532.5585,5.9890,62.30,117.00,0.013901
532.6384,5.9890,62.30,117.00,0.013978
532.7231,5.9890,61.76,117.00,0.016252
532.8124,5.9890,62.03,117.00,0.015682
532.9044,5.9890,62.03,117.00,0.014482
532.9888,5.9890,62.30,117.00,0.015409
533.0755,5.9890,62.03,117.00,0.014604
533.1599,5.9890,62.30,117.00,0.013803
533.2423,5.9890,62.30,117.00,0.013756
533.3212,5.9890,62.03,117.00,0.013581
533.4037,5.9890,62.30,117.00,0.014467
533.4876,5.8440,62.30,117.00,0.013638
533.5702,5.8440,62.03,117.00,0.013544
533.6526,5.8440,62.30,117.00,0.014357
533.7393,5.8440,61.76,117.00,0.014426
533.8189,5.8440,62.30,117.00,0.014311
533.9018,5.8440,62.03,117.00,0.013429
533.9831,5.8440,62.30,117.00,0.013909
534.0669,5.8440,61.49,117.00,0.014244
534.1496,5.8440,62.30,117.00,0.014298
534.2311,5.9160,61.76,117.00,0.013928
534.3109,5.9160,62.30,117.00,0.014091
534.3933,5.9160,62.03,117.00,0.014499
534.4744,5.9160,62.03,117.00,0.013773
534.5545,5.9160,62.30,117.00,0.014043
534.6361,5.9160,62.03,117.00,0.014459
534.7158,5.9160,62.30,117.00,0.013427
534.7962,5.9160,62.03,117.00,0.013480
534.8783,5.9160,62.30,117.00,0.013661
534.9566,5.9160,62.30,117.00,0.013516
535.0392,5.9160,62.30,117.00,0.014103
535.1212,5.9160,62.30,117.00,0.014056
535.2029,5.9505,62.03,117.00,0.014422
535.2835,5.9850,62.30,117.00,0.014154
535.3667,5.9850,61.76,117.00,0.014363
535.4479,5.9850,62.30,117.00,0.014558
535.5305,5.9850,62.30,117.00,0.013809
535.6103,5.9850,62.30,117.00,0.013913
535.6918,5.9850,62.03,117.00,0.014207
535.7740,5.9850,62.30,117.00,0.014083
535.8556,5.9850,61.76,117.50,0.014719
535.9371,5.9850,62.30,118.00,0.013797
536.0193,5.9850,62.30,118.00,0.014406
536.0991,5.9850,61.76,118.00,0.014135
536.1804,5.9850,62.30,118.00,0.014359
536.2633,6.0080,62.03,118.00,0.014240
536.3467,6.0080,62.03,118.00,0.014021
536.4289,6.0080,62.30,118.00,0.014179
536.5106,6.0080,62.03,118.00,0.014729
536.5911,6.0080,62.03,118.00,0.014065
536.6751,6.0080,62.30,118.00,0.014490
536.7549,6.0080,62.30,118.00,0.014023
536.8380,6.0080,62.30,118.00,0.013661
536.9190,6.0080,62.03,118.00,0.013952
536.9995,6.0080,61.76,118.00,0.014038
537.0783,6.0080,62.30,118.00,0.013690
537.1596,6.0080,61.76,118.00,0.014027
537.2422,5.9470,62.30,118.00,0.014117
537.3222,5.9470,62.03,118.00,0.014079
537.4035,5.9470,62.30,118.00,0.013858
537.4863,5.9470,62.03,118.00,0.014344
537.5653,5.9470,62.30,118.00,0.013408
537.6448,5.9470,62.30,118.00,0.013439
537.7249,5.9470,62.30,118.00,0.014293
537.8061,5.9470,62.30,118.00,0.014005
537.8868,5.9470,62.30,118.00,0.014277
537.9679,5.9470,62.03,118.00,0.014108
538.0500,5.9470,62.03,118.00,0.014164
538.1340,5.9470,62.03,118.00,0.014592
538.2145,5.9715,62.30,118.00,0.014511
538.2980,5.9960,62.03,118.00,0.014096
538.3783,5.9960,62.30,118.50,0.014188
538.4600,5.9960,62.30,118.00,0.014326
538.5433,5.9960,62.30,118.00,0.014900
538.6236,5.9960,62.30,118.00,0.014079
538.7016,5.9960,62.30,118.00,0.013499
538.7821,5.9960,62.30,118.00,0.013509
538.8648,5.9960,61.49,118.00,0.014686
538.9462,5.9960,62.03,118.00,0.014269
539.0264,5.9960,62.03,118.00,0.014607
539.1073,5.9960,62.30,118.00,0.014005
539.1911,5.9885,62.57,118.00,0.013823
539.2788,5.9810,61.76,118.00,0.015135
539.3606,5.9810,62.30,118.00,0.014329
539.4423,5.9810,62.57,118.00,0.014502
539.5233,5.9810,62.30,118.00,0.014162
539.6070,5.9810,62.30,118.50,0.014307
539.6918,5.9810,62.03,119.00,0.014426
539.7751,5.9810,62.30,118.50,0.014334
539.8555,5.9810,62.30,118.50,0.014235
539.9390,5.9810,61.76,118.00,0.014550
540.0231,5.9810,62.30,118.00,0.014131
540.1067,5.9810,62.30,119.00,0.014072
540.1918,5.9180,62.03,119.00,0.014812
540.2739,5.8550,62.30,119.00,0.014233
540.3547,5.8550,61.76,119.00,0.014720
540.4358,5.8550,62.03,119.00,0.014170
540.5164,5.8550,62.30,119.00,0.014512
540.6023,5.8550,62.03,118.50,0.014645
540.6846,5.8550,62.30,118.00,0.014243
540.7676,5.8550,62.30,119.00,0.014278
540.8506,5.8550,62.03,119.00,0.014026
540.9320,5.8550,62.03,119.00,0.013968
541.0151,5.8550,62.30,119.00,0.014298
541.0989,5.8550,62.30,119.00,0.014436
541.1817,5.8550,61.76,119.00,0.014194
541.2629,6.0150,62.30,119.00,0.013761
541.3460,6.0150,61.76,118.50,0.014287
541.4278,6.0150,62.30,118.50,0.014415
541.5126,6.0150,62.30,118.00,0.014223
541.5964,6.0150,62.30,118.00,0.014324
541.6790,6.0150,62.03,118.50,0.014196
541.7602,6.0150,62.30,119.00,0.013959
541.8430,6.0150,62.03,118.50,0.014220
541.9247,6.0150,62.30,118.00,0.014659
542.0068,6.0150,61.76,118.50,0.014446
542.0876,6.0150,62.03,118.00,0.014120
542.1685,6.0150,62.30,118.00,0.013443
542.2503,6.0150,62.30,118.00,0.013644
542.3293,6.0150,62.03,119.00,0.013588
542.4152,5.9810,61.76,118.50,0.014730
542.4980,5.9810,62.03,118.00,0.014697
542.5789,5.9810,62.30,119.00,0.014005
542.6600,5.9810,62.30,119.00,0.014686
542.7433,5.9810,62.30,119.00,0.014207
542.8236,5.9810,62.03,119.00,0.014364
542.9073,5.9810,61.76,119.00,0.014513
542.9874,5.9810,62.30,119.00,0.014237
543.0706,5.9810,62.30,119.00,0.014130
543.1532,5.9810,62.30,119.00,0.014701
543.2369,5.9730,62.30,119.00,0.014299
543.3193,5.9730,62.30,119.00,0.014346
543.4028,5.9730,62.30,118.50,0.014447
543.4874,5.9730,62.30,118.00,0.014175
543.5708,5.9730,61.76,118.00,0.014236
543.6523,5.9730,62.30,118.00,0.013934
543.7349,5.9730,62.30,118.00,0.014197
543.8142,5.9730,62.30,118.00,0.014137
543.8959,5.9730,62.30,119.00,0.014755
543.9782,5.9730,62.57,119.00,0.014323
544.0609,5.9730,62.30,119.00,0.013842
544.1408,5.9730,62.30,118.00,0.014421
544.2225,5.9750,62.30,118.00,0.014187
544.3056,5.9770,61.76,118.00,0.014324
544.3873,5.9770,62.30,118.50,0.014666
544.4696,5.9770,62.03,119.00,0.014187
544.5531,5.9770,62.30,119.00,0.014627
544.6356,5.9770,61.76,119.00,0.014512
544.7193,5.9770,62.03,119.00,0.014385
544.8026,5.9770,62.30,119.00,0.014459
544.8842,5.9770,62.03,119.00,0.014251
544.9646,5.9770,62.30,119.00,0.014559
545.0486,5.9770,62.03,119.00,0.014179
545.1303,5.9770,62.03,119.00,0.013875
545.2140,5.9770,62.03,119.00,0.014327
545.2941,5.9770,62.03,119.00,0.014148
545.3752,5.9770,62.30,119.00,0.014074
545.4539,5.9770,62.30,119.00,0.013765
545.5333,5.9770,62.03,119.00,0.013471
545.6124,5.9770,62.30,118.00,0.013854
545.6955,5.9770,61.76,118.00,0.014497
545.7793,5.9770,61.76,118.00,0.014256
545.8632,5.9770,61.49,118.00,0.014309
545.9437,5.9770,62.03,118.00,0.014149
546.0271,5.9770,61.76,118.00,0.014633
546.1087,5.9770,62.03,118.00,0.013834
546.1894,5.9770,62.30,118.00,0.013712
546.2701,5.9770,62.03,119.00,0.014086
546.3526,5.9770,62.03,119.00,0.014926
546.4351,5.9770,62.30,119.00,0.014338
546.5175,5.9660,62.30,119.00,0.014421
546.6017,5.9660,61.76,119.00,0.014408
546.6875,5.9660,62.30,119.00,0.014241
546.7700,5.9660,62.30,119.00,0.013879
546.8523,5.9660,62.30,119.00,0.014485
546.9320,5.9660,62.30,119.00,0.013845
547.0154,5.9660,62.03,119.00,0.014154
547.0997,5.9660,62.03,119.00,0.014499
547.1845,5.9790,62.03,119.00,0.014792
547.2662,5.9920,62.30,119.00,0.014568
547.3470,5.9920,62.30,119.00,0.013868
547.4283,5.9920,62.03,119.00,0.015512
547.5101,5.9920,62.30,119.00,0.014260
547.5903,5.9920,61.76,118.50,0.014171
547.6726,5.9920,62.30,118.00,0.014686
547.7550,5.9920,62.03,118.00,0.014245
547.8363,5.9920,62.03,118.00,0.014296
547.9184,5.9920,62.30,118.00,0.013818
548.0006,5.9920,62.30,118.00,0.014158
548.0834,5.9920,62.03,118.00,0.014617
548.1672,5.9920,62.30,118.00,0.014570
548.2523,5.9730,62.30,119.00,0.014301
548.3334,5.9730,62.30,119.00,0.013408
548.4143,5.9730,61.76,118.50,0.013686
548.4953,5.9730,62.30,118.00,0.014037
548.5753,5.9730,62.30,118.50,0.014408
548.6560,5.9730,62.03,119.00,0.013911
548.7407,5.9730,62.30,119.00,0.014503
548.8221,5.9730,62.03,119.00,0.014423
548.9012,5.9730,62.03,119.00,0.013582
548.9808,5.9730,61.76,119.00,0.013439
549.0622,5.9730,62.30,119.00,0.013936
549.1434,5.9730,61.76,119.00,0.014262
549.2257,5.9790,62.30,119.00,0.014240
549.3070,5.9850,62.30,119.00,0.013979
549.3868,5.9850,62.30,119.00,0.013998
549.4707,5.9850,61.76,119.00,0.014333
549.5506,5.9850,62.30,119.00,0.013955
549.6321,5.9850,62.03,118.50,0.014204
549.7153,5.9850,62.03,118.00,0.014453
549.7986,5.9850,62.03,118.00,0.014019
549.8793,5.9850,62.30,118.00,0.014529
549.9630,5.9850,61.76,118.50,0.014207
550.0439,5.9850,62.30,118.00,0.014119
550.1284,5.9850,62.30,118.00,0.014203
550.2107,5.9850,61.76,118.50,0.014707
550.2952,5.9850,62.30,119.00,0.014761
550.3753,5.9850,62.30,119.00,0.013991
550.4596,5.9850,62.03,119.00,0.014310
550.5427,5.9850,62.30,119.00,0.014672
550.6244,5.9850,62.03,119.00,0.014219
550.7048,5.9850,62.30,118.50,0.014544
550.7857,5.9850,61.76,118.00,0.013637
550.8678,5.9850,62.30,119.00,0.014151
550.9541,5.9850,62.30,119.00,0.014454
551.0349,5.9850,61.76,119.00,0.014645
551.1192,5.9850,62.57,119.00,0.014502
551.2021,5.9600,62.03,119.00,0.014178
551.2867,5.9350,62.30,119.00,0.013915
551.3674,5.9350,62.30,119.00,0.014147
551.4523,5.9350,62.30,119.00,0.014861
551.5325,5.9350,62.03,119.00,0.014267
551.6149,5.9350,61.76,119.00,0.014332
551.6974,5.9350,62.30,119.00,0.013804
551.7795,5.9350,62.30,119.00,0.013875
551.8626,5.9350,62.30,119.00,0.014526
551.9445,5.9350,62.03,119.00,0.014260
552.0243,5.9350,62.03,119.00,0.014128
552.1108,5.9350,62.30,119.00,0.014166
552.1917,5.9350,62.30,119.00,0.014856
552.2794,5.9350,62.30,119.00,0.014370
552.3627,5.9350,62.57,119.00,0.014885
552.4469,5.9350,62.30,119.00,0.014519
552.5266,5.9350,62.30,119.00,0.014090
552.6090,5.9350,62.30,119.00,0.014286
552.6914,5.9350,62.30,119.00,0.014232
552.7755,5.9350,62.03,119.00,0.014231
552.8563,5.9350,62.03,119.00,0.014344
552.9430,5.9350,62.30,119.00,0.014278
553.0238,5.9350,62.03,119.00,0.014516
553.1079,5.9350,61.76,119.00,0.013631
553.1889,5.9350,62.03,119.00,0.014113
553.2714,5.8860,62.03,119.00,0.014428
553.3538,5.8860,62.30,119.00,0.014328
553.4360,5.8860,61.76,119.00,0.014184
553.5186,5.8860,62.03,119.00,0.014549
553.6010,5.8860,61.49,119.00,0.014513
553.6832,5.8860,62.30,119.00,0.014334
553.7671,5.8860,62.30,119.00,0.014494
553.8504,5.8860,62.30,119.00,0.014249
553.9326,5.8860,61.76,119.00,0.014477
554.0155,5.8860,62.30,119.00,0.014646
554.0989,5.8860,61.76,119.00,0.013875
554.1818,5.8860,62.30,120.00,0.014679
554.2667,5.8970,62.03,120.00,0.014321
554.3470,5.8970,62.03,120.00,0.014297
554.4314,5.8970,62.03,120.00,0.014444
554.5137,5.8970,62.30,120.00,0.014382
554.6001,5.8970,62.30,120.00,0.014155
554.6832,5.8970,62.30,120.00,0.014033
554.7668,5.8970,62.03,120.00,0.014822
554.8553,5.8970,62.30,120.00,0.014482
554.9378,5.8970,62.03,120.00,0.013908
555.0192,5.8970,61.76,120.00,0.014627
555.1068,5.8970,62.30,120.00,0.015148
555.1909,5.8970,61.49,120.00,0.015191
555.2792,5.9030,62.30,120.00,0.015713
555.3699,5.9090,62.30,120.00,0.014930
555.4606,5.9090,62.30,120.00,0.014675
555.5404,5.9090,62.03,120.00,0.014121
555.6237,5.9090,62.03,120.00,0.014342
555.7038,5.9090,62.30,120.00,0.014183
555.7862,5.9090,62.03,120.00,0.014054
555.8668,5.9090,62.03,120.00,0.014612
555.9508,5.9090,62.03,120.00,0.014208
556.0339,5.9090,61.76,120.00,0.014492
556.1147,5.9090,62.30,120.00,0.013936
556.1936,5.9090,62.03,120.00,0.013753
556.2741,5.9090,62.30,120.00,0.013625
556.3558,6.0080,62.03,120.00,0.014421
556.4386,6.0080,62.30,120.00,0.014783
556.5237,6.0080,61.76,120.00,0.014056
556.6057,6.0080,62.30,120.00,0.014129
556.6883,6.0080,62.30,120.00,0.014689
556.7718,6.0080,62.03,120.00,0.014387
556.8524,6.0080,62.30,120.00,0.014202
556.9354,6.0080,61.76,120.00,0.013978
557.0142,6.0080,61.76,120.00,0.013728
557.0949,6.0080,62.30,120.00,0.013566
557.1742,6.0080,62.03,120.00,0.013899
557.2580,6.0080,62.30,120.00,0.014651
557.3383,6.0080,62.30,120.00,0.014156
557.4208,6.0080,62.03,120.00,0.014078
557.5046,6.0080,61.49,120.00,0.014758
557.5869,6.0080,62.03,120.00,0.014291
557.6695,6.0080,62.30,120.00,0.014484
557.7516,6.0080,62.30,120.00,0.013918
557.8328,6.0080,62.03,120.00,0.014549
557.9158,6.0080,62.03,120.00,0.014493
557.9982,6.0080,61.76,120.00,0.014257
558.0795,6.0080,62.30,120.00,0.014404
558.1618,6.0080,62.30,120.00,0.014333
558.2439,6.0080,61.76,121.00,0.013755
558.3273,6.0080,62.03,121.00,0.014343
558.4124,6.0080,61.76,121.00,0.014614
558.4951,6.0080,61.49,121.00,0.014631
558.5786,6.0080,62.30,120.50,0.013781
558.6611,6.0080,62.03,120.00,0.014423
558.7422,6.0080,62.03,120.00,0.014317
558.8233,6.0080,62.30,120.00,0.014585
558.9078,6.0080,62.30,120.00,0.014022
558.9884,6.0080,62.03,120.00,0.014155
559.0716,6.0080,62.03,120.00,0.014539
559.1535,6.0080,62.30,120.00,0.013964
559.2368,6.0080,62.30,120.00,0.014434
559.3193,6.0080,61.76,120.00,0.014346
559.4026,6.0080,62.03,120.00,0.014253
559.4873,6.0080,62.30,120.00,0.014529
559.5763,6.0080,62.30,120.50,0.014854
559.6604,6.0080,62.03,120.50,0.014759
559.7508,6.0080,62.30,120.00,0.015172
559.8375,6.0080,62.03,120.50,0.015310
559.9280,6.0080,62.03,120.00,0.014797
560.0124,6.0080,62.30,120.50,0.014603
560.1030,6.0080,62.03,120.00,0.014163
560.1904,5.9755,62.30,120.50,0.015157
560.2820,5.9430,62.30,120.50,0.014539
560.3665,5.9430,62.30,120.50,0.014358
560.4563,5.9430,62.30,121.00,0.014595
560.5387,5.9430,62.03,121.00,0.014002
560.6227,5.9430,62.30,121.00,0.014031
560.7027,5.9430,62.30,121.00,0.013969
560.7884,5.9430,62.30,121.00,0.014305
560.8729,5.9430,62.03,121.00,0.014925
560.9642,5.9430,61.76,121.00,0.015112
561.0500,5.9430,61.49,121.00,0.015447
561.1385,5.9430,62.30,120.00,0.014866
561.2271,5.9260,61.76,120.50,0.014455
561.3168,5.9090,61.22,120.00,0.015400
561.4047,5.9090,62.03,120.00,0.014421
561.4941,5.9090,62.03,120.00,0.014949
561.5787,5.9090,62.03,120.00,0.014654
561.6676,5.9090,61.49,121.00,0.015196
561.7532,5.9090,62.30,121.00,0.014827
561.8445,5.9090,62.03,120.50,0.014718
561.9316,5.9090,62.30,120.00,0.014774
562.0188,5.9090,62.30,120.00,0.014324
562.1046,5.9090,61.76,120.00,0.014839
562.1962,5.8780,62.30,120.00,0.015103
562.2851,5.8470,62.30,120.00,0.015141
562.3760,5.8470,62.03,120.00,0.014498
562.4631,5.8470,61.76,120.00,0.015003
562.5464,5.8470,62.03,120.00,0.013810
562.6260,5.8470,61.76,120.00,0.014011
562.7106,5.8470,62.30,120.50,0.015309
562.7966,5.8470,62.03,120.00,0.014686
562.8844,5.8470,61.49,120.00,0.015262
562.9707,5.8470,62.30,120.00,0.014592
563.0599,5.8470,62.30,120.00,0.014195
563.1454,5.8470,61.76,120.00,0.014148
563.2366,5.7940,62.03,120.00,0.015224
563.3225,5.7410,62.30,120.00,0.014348
563.4083,5.7410,61.76,120.00,0.014649
563.4887,5.7410,62.30,120.00,0.014379
563.5760,5.7410,62.03,120.00,0.014052
563.6587,5.7410,62.30,120.00,0.014143
563.7397,5.7410,61.76,120.00,0.013547
563.8228,5.7410,61.76,120.00,0.013787
563.9038,5.7410,61.76,120.00,0.013636
563.9832,5.7410,62.03,120.00,0.013777
564.0678,5.7410,62.03,120.00,0.014548
564.1503,5.7410,61.76,120.00,0.014658
564.2323,5.7410,61.76,120.00,0.014440
564.3155,5.9580,61.22,120.00,0.014637
564.4005,5.9580,61.76,120.00,0.013907
564.4826,5.9580,61.49,120.00,0.013952
564.5670,5.9580,62.30,120.00,0.014358
564.6475,5.9580,62.03,120.00,0.014492
564.7323,5.9580,62.03,120.00,0.014409
564.8122,5.9580,62.30,120.00,0.014069
564.8948,5.9580,62.30,120.00,0.014029
564.9781,5.9580,62.30,120.00,0.014652
565.0606,5.9580,62.30,120.00,0.014195
565.1460,5.9580,62.30,120.00,0.014872
565.2318,5.9580,61.76,120.00,0.014415
565.3152,5.9580,61.49,120.00,0.014108
565.3998,5.9580,62.03,120.00,0.013916
565.4834,5.9580,62.30,120.00,0.014568
565.5687,5.9580,62.30,120.00,0.014375
565.6509,5.9580,62.30,120.00,0.013990
565.7343,5.9580,61.49,120.00,0.013642
565.8134,5.9580,62.30,120.00,0.013715
565.8976,5.9580,62.30,120.00,0.014421
565.9792,5.9580,62.30,120.00,0.013882
566.0633,5.9580,62.30,120.00,0.014481
566.1460,5.9580,61.49,120.00,0.014282
566.2313,5.9545,62.03,120.00,0.014548
566.3149,5.9510,61.49,120.00,0.014538
566.3985,5.9510,62.03,120.00,0.013845
566.4773,5.9510,61.49,120.00,0.013905
566.5593,5.9510,61.76,120.00,0.013518
566.6420,5.9510,62.30,120.00,0.014129
566.7283,5.9510,62.30,120.00,0.014051
566.8145,5.9510,62.03,120.00,0.014685
566.9036,5.9510,62.03,120.00,0.015141
566.9920,5.9510,61.76,120.00,0.015376
567.0798,5.9510,62.30,120.00,0.015154
567.1630,5.9510,62.30,120.00,0.014514
567.2536,5.8210,62.30,120.00,0.015344
567.3397,5.8210,62.03,120.00,0.014948
567.4298,5.8210,61.76,120.00,0.014580
567.5114,5.8210,61.76,120.00,0.014102
567.5943,5.8210,62.03,120.00,0.014287
567.6749,5.8210,62.30,120.00,0.014310
567.7619,5.8210,62.03,120.00,0.014245
567.8448,5.8210,61.76,120.00,0.014687
567.9269,5.8210,62.30,120.00,0.014184
568.0080,5.8210,62.03,120.00,0.014542
568.0907,5.8210,62.30,120.00,0.014395
568.1711,5.8210,62.03,120.00,0.014071
568.2568,5.8550,62.30,119.50,0.014523
568.3388,5.8550,62.03,120.00,0.013701
568.4239,5.8550,61.76,120.00,0.014568
568.5042,5.8550,62.03,120.00,0.013933
568.5866,5.8550,61.76,120.00,0.014213
568.6694,5.8550,62.30,120.00,0.014698
568.7512,5.8550,62.03,120.00,0.014399
568.8311,5.8550,62.03,120.00,0.014527
568.9152,5.8550,62.30,120.00,0.014237
568.9958,5.8550,61.76,120.00,0.014159
569.0785,5.8550,62.30,120.00,0.014293
569.1585,5.8550,62.03,120.00,0.014250
569.2437,5.9810,62.30,120.00,0.014600
569.3259,5.9810,62.30,120.00,0.014232
569.4078,5.9810,62.30,120.00,0.014055
569.4911,5.9810,62.03,120.00,0.014316
569.5764,5.9810,61.76,119.50,0.014974
569.6606,5.9810,62.03,119.00,0.013808
569.7469,5.9810,62.30,119.00,0.014145
569.8299,5.9810,62.30,119.00,0.014253
569.9140,5.9810,62.30,119.00,0.014162
569.9968,5.9810,62.03,119.00,0.014588
570.0782,5.9810,62.03,119.00,0.014047
570.1595,5.9810,62.03,119.00,0.014122
570.2424,5.9660,62.03,119.00,0.013880
570.3236,5.9510,61.76,119.00,0.014387
570.4064,5.9510,62.03,119.00,0.014840
570.4867,5.9510,62.30,119.00,0.014306
570.5716,5.9510,62.30,119.50,0.014536
570.6540,5.9510,62.30,120.00,0.014473
570.7392,5.9510,62.30,120.00,0.014504
570.8198,5.9510,62.03,119.00,0.014719
570.9024,5.9510,62.03,119.00,0.014293
570.9831,5.9510,61.76,119.00,0.014473
571.0672,5.9510,62.30,119.00,0.013912
571.1463,5.9510,62.30,119.00,0.014056
571.2302,5.9510,62.03,119.00,0.014426
571.3122,5.9730,62.03,119.00,0.015009
571.3946,5.9730,62.30,119.00,0.014335
571.4737,5.9730,62.30,119.00,0.014034
571.5559,5.9730,62.30,119.00,0.013826
571.6363,5.9730,62.03,119.00,0.014488
571.7207,5.9730,61.76,119.00,0.014280
571.8009,5.9730,62.30,119.00,0.014545
571.8854,5.9730,62.03,119.00,0.014437
571.9703,5.9730,62.30,119.00,0.014598
572.0518,5.9730,62.30,119.00,0.014110
572.1342,5.9730,62.03,119.00,0.014476
572.2165,5.9255,61.76,119.00,0.014196
572.2995,5.8780,62.30,119.00,0.014484
572.3840,5.8780,62.30,119.00,0.013956
572.4646,5.8780,62.03,119.00,0.014296
572.5513,5.8780,61.76,119.00,0.014188
572.6317,5.8780,62.03,119.00,0.013732
572.7160,5.8780,62.03,119.50,0.014569
572.7983,5.8780,62.03,119.00,0.014236
572.8850,5.8780,62.03,119.00,0.014850
572.9730,5.8780,62.30,119.00,0.014668
573.0602,5.8780,62.03,119.00,0.014489
573.1423,5.8780,61.76,119.00,0.014254
573.2272,5.8950,61.76,119.00,0.014392
573.3086,5.9120,61.76,119.00,0.014403
573.3952,5.9120,61.76,119.00,0.014439
573.4755,5.9120,62.30,119.00,0.014416
573.5596,5.9120,62.30,119.00,0.014388
573.6406,5.9120,62.03,119.00,0.014333
573.7265,5.9120,62.03,119.00,0.014067
573.8073,5.9120,62.30,119.00,0.014681
573.8900,5.9120,62.30,119.00,0.014620
573.9726,5.9120,61.76,119.00,0.014488
574.0546,5.9120,62.30,119.00,0.014255
574.1349,5.9120,62.30,119.00,0.014233
574.2197,5.9425,62.03,119.00,0.014411
574.3035,5.9730,62.03,119.00,0.014799
574.3857,5.9730,62.03,119.00,0.014294
574.4659,5.9730,62.03,119.00,0.014587
574.5480,5.9730,62.03,119.00,0.014014
574.6304,5.9730,62.03,119.00,0.013917
574.7152,5.9730,61.76,119.00,0.014460
574.7989,5.9730,62.03,119.00,0.014896
574.8854,5.9730,62.03,119.00,0.014177
574.9679,5.9730,61.76,119.00,0.014338
575.0524,5.9730,62.30,119.00,0.014002
575.1349,5.9730,62.03,119.00,0.014258
575.2207,5.9140,62.03,119.00,0.014573
575.3031,5.8550,62.30,119.00,0.014172
575.3913,5.8550,61.49,119.00,0.014703
575.4799,5.8550,61.49,119.00,0.015542
575.5704,5.8550,62.03,119.00,0.014181
575.6588,5.8550,62.30,119.00,0.015090
575.7486,5.8550,61.76,119.00,0.014748
575.8365,5.8550,61.76,119.00,0.015183
575.9201,5.8550,62.03,119.00,0.013685
576.0012,5.8550,62.03,119.00,0.013662
576.0820,5.8550,62.30,119.00,0.013489
576.1642,5.8550,62.30,119.00,0.014083
576.2483,5.9180,62.30,119.00,0.013944
576.3334,5.9810,62.03,119.00,0.015475
576.4245,5.9810,61.49,118.50,0.015731
576.5091,5.9810,62.03,118.00,0.014471
576.5902,5.9810,61.76,118.00,0.013937
576.6695,5.9810,62.30,118.00,0.013641
576.7551,5.9810,62.30,119.00,0.015049
576.8415,5.9810,62.03,119.00,0.014997
576.9277,5.9810,62.30,119.00,0.014376
577.0111,5.9810,61.76,119.00,0.013875
577.1012,5.9810,62.03,119.00,0.014230
577.1869,5.9790,62.03,119.00,0.014417
577.2726,5.9770,62.30,119.00,0.014481
577.3554,5.9770,62.03,119.00,0.014503
577.4403,5.9770,61.76,119.00,0.014198
577.5203,5.9770,62.03,119.00,0.014252
577.6033,5.9770,61.76,119.00,0.014153
577.6878,5.9770,62.03,119.00,0.013819
577.7689,5.9770,62.30,119.00,0.013900
577.8503,5.9770,62.30,119.00,0.013848
577.9316,5.9770,62.30,119.00,0.013853
578.0158,5.9770,62.30,119.00,0.013794
578.1026,5.9770,62.03,119.00,0.014006
578.1829,5.9770,62.03,119.00,0.013963
578.2684,5.9620,62.03,119.00,0.014418
578.3527,5.9620,61.76,119.00,0.014485
578.4391,5.9620,62.03,119.00,0.014064
578.5241,5.9620,62.03,119.00,0.014113
578.6069,5.9620,62.30,119.00,0.014345
578.6903,5.9620,62.30,119.00,0.014177
578.7744,5.9620,62.30,119.00,0.013914
578.8548,5.9620,62.30,119.00,0.013765
578.9380,5.9620,62.03,119.00,0.014428
579.0182,5.9620,62.30,119.00,0.014116
579.1020,5.9620,62.03,119.00,0.013852
579.1813,5.9620,62.03,119.00,0.013428
579.2618,5.9620,61.76,119.00,0.013411
579.3407,5.9620,62.03,119.00,0.013768
579.4227,5.9620,61.76,119.00,0.014803
579.5034,5.9620,62.30,119.00,0.014260
579.5868,5.9620,61.76,119.00,0.013733
579.6675,5.9620,61.22,119.00,0.014549
579.7519,5.9620,61.76,119.00,0.014470
579.8326,5.9620,62.03,119.00,0.014370
579.9156,5.9620,62.30,119.00,0.014447
579.9985,5.9620,62.30,119.00,0.014333
580.0827,5.9620,62.57,119.00,0.014033
580.1636,5.9620,62.03,119.00,0.013902
580.2507,5.9715,62.03,119.00,0.014297
580.3336,5.9810,62.03,119.00,0.013978
580.4162,5.9810,61.76,119.00,0.014013
580.4961,5.9810,61.76,119.00,0.014243
580.5791,5.9810,62.03,119.00,0.014435
580.6597,5.9810,62.03,119.00,0.014073
580.7446,5.9810,61.76,119.00,0.014468
580.8250,5.9810,62.30,119.00,0.013996
580.9100,5.9810,62.30,119.00,0.014482
580.9905,5.9810,62.03,119.00,0.014161
581.0720,5.9810,62.03,119.00,0.013749
581.1564,5.9810,62.03,119.00,0.014189
581.2387,5.9810,62.30,119.00,0.014280
581.3196,5.9810,62.03,119.00,0.014700
581.4043,5.9810,62.30,119.00,0.013840
581.4858,5.9810,62.03,119.00,0.013919
581.5678,5.9810,62.03,119.00,0.014485
581.6513,5.9810,62.03,119.00,0.014315
581.7359,5.9810,62.30,119.00,0.014109
581.8181,5.9810,62.30,119.00,0.014159
581.9024,5.9810,62.30,119.00,0.013962
581.9836,5.9810,61.76,119.00,0.014834
582.0646,5.9810,62.30,119.00,0.013455
582.1444,5.9810,62.03,119.00,0.013554
582.2267,5.9810,62.03,119.00,0.014510
582.3079,5.9830,62.03,119.00,0.014613
582.3920,5.9850,61.76,119.00,0.014657
582.4759,5.9850,62.03,119.00,0.015007
582.5585,5.9850,62.03,119.00,0.014783
582.6433,5.9850,62.30,119.00,0.014304
582.7284,5.9850,62.03,119.00,0.014368
582.8110,5.9850,62.30,119.00,0.013916
582.8938,5.9850,61.49,119.00,0.014309
582.9745,5.9850,62.03,119.00,0.014395
583.0595,5.9850,62.30,119.00,0.014540
583.1423,5.9850,62.03,119.00,0.013918
583.2273,5.9850,62.03,119.00,0.014608
583.3129,5.9850,61.76,119.00,0.014722
583.3947,5.9850,61.49,119.00,0.014199
583.4758,5.9850,62.03,120.00,0.014645
583.5601,5.9850,62.30,120.00,0.014100
583.6444,5.9850,62.30,120.00,0.014046
583.7309,5.9850,62.30,120.00,0.014356
583.8113,5.9850,62.30,120.00,0.014163
583.8957,5.9850,62.03,120.00,0.014122
583.9761,5.9850,62.30,120.00,0.014045
584.0583,5.9850,61.49,120.00,0.014157
584.1437,5.9850,62.30,120.00,0.014344
584.2311,5.9850,62.30,120.00,0.014539
584.3144,5.9850,62.03,120.00,0.014084
584.3992,5.9850,62.03,120.00,0.014146
584.4818,5.9850,61.76,120.00,0.014355
584.5659,5.9850,61.76,120.00,0.014054
584.6462,5.9850,61.76,120.00,0.013946
584.7294,5.9850,62.03,120.00,0.014992
584.8108,5.9850,62.03,120.00,0.014657
584.8955,5.9850,62.30,120.00,0.014494
584.9784,5.9850,62.30,120.00,0.014476
585.0629,5.9850,62.30,120.00,0.014120
585.1444,5.9850,61.76,120.00,0.014786
585.2283,5.9370,62.03,120.00,0.014045
585.3100,5.8890,62.03,120.00,0.014365
585.3948,5.8890,61.76,120.00,0.014124
585.4760,5.8890,62.30,120.00,0.014704
585.5674,5.8890,61.76,120.00,0.015898
585.6512,5.8890,62.30,120.00,0.014948
585.7412,5.8890,62.03,120.00,0.014434
585.8273,5.8890,61.49,120.00,0.014953
585.9159,5.8890,62.30,120.00,0.014481
586.0025,5.8890,61.49,120.00,0.014775
586.0938,5.8890,61.76,120.00,0.014912
586.1807,5.8890,62.03,120.00,0.014913
586.2710,5.8740,61.76,120.00,0.015546
586.3591,5.8740,62.30,120.00,0.014976
586.4496,5.8740,62.30,120.00,0.015107
586.5349,5.8740,61.49,120.00,0.014552
586.6256,5.8740,61.76,120.00,0.014541
586.7120,5.8740,61.49,120.00,0.014498
586.7950,5.8740,62.30,120.00,0.013759
586.8753,5.8740,62.30,120.00,0.013887
586.9636,5.8740,61.76,120.00,0.014575
587.0503,5.8740,61.49,120.00,0.015612
587.1347,5.8740,61.76,120.00,0.013475
587.2154,5.8740,61.76,120.00,0.013689
587.2993,5.8740,62.03,120.00,0.014154
587.3790,5.8740,62.30,120.00,0.013858
587.4639,5.8740,62.30,120.00,0.014589
587.5479,5.8740,62.30,120.00,0.013470
587.6311,5.8740,62.03,120.00,0.013806
587.7116,5.8740,62.30,120.00,0.013948
587.7999,5.8740,62.30,120.00,0.015199
587.8865,5.8740,62.03,120.00,0.014979
587.9719,5.8740,61.49,120.00,0.014479
588.0578,5.8740,62.30,120.00,0.014534
588.1441,5.8740,61.76,120.00,0.015126
588.2329,5.8740,62.03,120.00,0.014009
588.3221,5.8740,62.30,120.00,0.015028
588.4081,5.8740,62.03,120.00,0.015227
588.4979,6.0190,62.30,120.00,0.015146
588.5835,6.0190,61.49,120.00,0.014830
588.6723,6.0190,62.03,120.50,0.014411
588.7519,6.0190,62.03,121.00,0.013782
588.8325,6.0190,61.22,121.00,0.013682
588.9139,6.0190,62.03,121.00,0.013834
588.9957,6.0190,61.76,121.00,0.014665
589.0754,6.0190,62.30,121.00,0.014116
589.1594,6.0190,61.76,121.00,0.014241
589.2422,5.9470,62.30,121.00,0.014504
589.3263,5.9470,62.30,121.00,0.014456
589.4064,5.9470,62.03,121.00,0.014287
589.4908,5.9470,61.76,121.00,0.014488
589.5768,5.9470,62.03,121.00,0.014701
589.6664,5.9470,62.30,121.00,0.014572
589.7549,5.9470,62.30,121.00,0.015025
589.8425,5.9470,62.30,121.00,0.014802
589.9303,5.9470,62.03,121.00,0.015002
590.0171,5.9470,61.76,121.00,0.014873
590.1049,5.9470,62.57,121.00,0.014131
590.1913,5.9295,62.03,121.00,0.015339
590.2794,5.9120,62.30,121.00,0.015362
590.3650,5.9120,62.30,121.00,0.014953
590.4483,5.9120,62.03,121.00,0.014431
590.5382,5.9120,62.03,121.00,0.015223
590.6252,5.9120,62.03,121.00,0.014184
590.7120,5.9120,61.49,121.00,0.014564
590.7971,5.9120,62.03,121.00,0.014235
590.8870,5.9120,61.49,121.00,0.015381
590.9726,5.9120,62.03,121.00,0.014773
591.0615,5.9120,61.76,121.00,0.014541
591.1474,5.9120,61.76,121.00,0.014857
591.2383,5.9540,62.30,121.00,0.014800
591.3258,5.9540,62.03,121.00,0.014555
591.4163,5.9540,61.76,121.00,0.015646
591.5048,5.9540,62.30,121.00,0.015250
591.5922,5.9540,61.49,121.00,0.014873
591.6800,5.9540,62.30,121.00,0.014672
591.7678,5.9540,62.03,121.00,0.014832
591.8510,5.9540,62.03,121.00,0.014496
591.9385,5.9540,62.30,121.00,0.014674
592.0268,5.9540,62.03,121.00,0.014989
592.1172,5.9540,61.76,121.00,0.015044
592.2057,5.8930,62.03,121.00,0.015716
592.2945,5.8320,62.03,121.00,0.014079
592.3794,5.8320,61.49,121.00,0.014969
592.4693,5.8320,62.03,121.00,0.014434
592.5561,5.8320,61.76,121.00,0.015069
592.6435,5.8320,61.76,121.00,0.014444
592.7322,5.8320,61.76,121.00,0.015250
592.8193,5.8320,61.76,121.00,0.014613
592.9066,5.8320,61.76,122.00,0.014362
592.9943,5.8320,62.03,122.00,0.014638
593.0804,5.8320,61.49,122.00,0.014344
593.1684,5.8320,62.03,122.00,0.014810
593.2563,5.7710,62.03,122.00,0.013922
593.3467,5.7710,61.76,122.00,0.015179
593.4329,5.7710,61.49,122.00,0.015056
593.5153,5.7710,61.49,122.00,0.013939
593.5938,5.7710,61.76,122.00,0.013661
593.6747,5.7710,62.03,122.00,0.013852
593.7585,5.7710,62.03,122.00,0.015316
593.8421,5.7710,61.76,122.00,0.013718
593.9226,5.7710,62.03,122.00,0.014307
594.0074,5.7710,61.49,122.00,0.014179
594.0953,5.7710,62.03,122.00,0.014182
594.1786,5.7710,61.76,122.00,0.013773
594.2584,5.7710,62.03,122.00,0.014616
594.3429,5.9540,61.49,122.00,0.014351
594.4236,5.9540,62.03,122.00,0.014228
594.5060,5.9540,62.03,122.00,0.013403
594.5872,5.9540,62.03,122.00,0.014024
594.6682,5.9540,62.03,122.00,0.013816
594.7502,5.9540,61.76,122.00,0.013982
594.8368,5.9540,62.03,122.00,0.014118
594.9156,5.9540,62.30,122.00,0.013621
595.0004,5.9540,62.03,122.00,0.014207
595.0821,5.9540,62.03,122.00,0.014379
595.1634,5.9540,62.03,122.00,0.014438
595.2437,5.9200,62.30,122.00,0.014085
595.3278,5.9200,62.03,122.00,0.014515
595.4102,5.9200,62.03,122.00,0.014390
595.4922,5.9200,61.76,122.00,0.014427
595.5721,5.9200,61.76,122.00,0.014122
595.6562,5.9200,61.49,122.00,0.014297
595.7382,5.9200,62.03,122.00,0.013958
595.8233,5.9200,62.03,122.00,0.014785
595.9106,5.9200,62.30,122.00,0.014349
596.0004,5.9200,61.76,122.00,0.015086
596.0859,5.9200,62.03,122.00,0.014604
596.1737,5.9200,61.76,122.00,0.015194
596.2579,5.8320,62.03,122.00,0.013587
596.3384,5.8320,62.30,122.00,0.013668
596.4176,5.8320,62.03,122.00,0.013661
596.4995,5.8320,62.03,122.00,0.014533
596.5872,5.8320,62.30,122.00,0.014817
596.6769,5.8320,61.76,122.00,0.015276
596.7602,5.8320,61.76,122.00,0.014279
596.8450,5.8320,62.03,122.00,0.014225
596.9241,5.8320,62.30,122.00,0.013884
597.0067,5.8320,62.30,122.00,0.013681
597.0865,5.8320,61.76,122.00,0.014207
597.1745,5.8320,62.03,122.00,0.014547
597.2631,5.9960,61.76,122.00,0.014768
597.3519,5.9960,61.49,122.00,0.014665
597.4400,5.9960,61.49,122.00,0.015087
597.5294,5.9960,62.03,122.00,0.014682
597.6166,5.9960,61.76,122.00,0.014012
597.7070,5.9960,62.03,122.00,0.015258
597.7952,5.9960,61.76,122.00,0.014661
597.8827,5.9960,62.03,122.00,0.014600
597.9701,5.9960,62.03,122.00,0.014496
598.0565,5.9960,62.03,122.00,0.014286
598.1418,5.9960,62.30,122.00,0.014472
598.2316,5.8400,62.30,122.00,0.014758
598.3189,5.8400,61.76,122.00,0.015095
598.4085,5.8400,62.30,122.00,0.014492
598.4959,5.8400,61.49,122.00,0.014471
598.5851,5.8400,61.49,122.00,0.014292
598.6693,5.8400,62.03,122.00,0.014388
598.7510,5.8400,61.49,122.00,0.014155
598.8342,5.8400,62.30,122.00,0.014608
598.9180,5.8400,61.76,122.00,0.014475
598.9993,5.8400,61.76,122.00,0.014935
599.0832,5.8400,62.03,122.00,0.014207
599.1637,5.8400,62.30,121.50,0.014613
599.2479,6.0150,62.03,121.00,0.013651
599.3307,6.0150,61.76,121.00,0.014460
599.4153,6.0150,61.76,121.00,0.014668
599.4980,6.0150,61.49,121.00,0.014537
599.5800,6.0150,61.76,121.00,0.014805
599.6619,6.0150,62.03,121.00,0.014246
599.7461,6.0150,62.03,121.50,0.014790
599.8257,6.0150,61.76,121.00,0.013666
599.9103,6.0150,61.76,121.00,0.014337
599.9930,6.0150,62.03,121.00,0.014767
600.0749,6.0150,62.30,121.00,0.014360
600.1591,6.0150,62.03,121.00,0.014308
600.2474,5.9700,61.76,121.00,0.014464
600.3320,5.9700,62.03,121.00,0.015187
600.4206,5.9700,62.30,121.00,0.015194
600.5096,5.9700,62.30,121.00,0.014764
600.5992,5.9700,61.76,121.00,0.014624
600.6885,5.9700,62.03,121.00,0.015514
600.7820,5.9700,62.30,121.00,0.015709
600.8690,5.9700,62.03,121.00,0.014498
600.9584,5.9700,61.49,121.00,0.014467
601.0450,5.9700,61.49,121.00,0.014792
601.1323,5.9700,61.49,121.00,0.015019
601.2159,5.8685,62.30,121.00,0.015171
601.3029,5.7670,62.03,121.50,0.014497
601.3872,5.7670,62.30,122.00,0.015250
601.4741,5.7670,61.76,122.00,0.013892
601.5557,5.7670,62.03,122.00,0.014246
601.6440,5.7670,61.76,122.00,0.014948
601.7234,5.7670,61.49,122.00,0.014091
601.8073,5.7670,61.76,122.00,0.014194
601.8864,5.7670,62.03,122.00,0.014059
601.9711,5.7670,61.76,122.00,0.015525
602.0586,5.7670,62.30,122.00,0.014522
602.1416,5.7670,62.30,122.00,0.014282
602.2226,5.7670,62.03,122.00,0.013870
602.3124,5.8150,61.49,122.00,0.015238
602.3987,5.8630,62.03,122.00,0.013743
602.4795,5.8630,62.03,122.00,0.013652
602.5585,5.8630,62.30,122.00,0.013752
602.6409,5.8630,62.03,122.00,0.014017
602.7280,5.8630,62.03,122.00,0.015017
602.8157,5.8630,62.30,122.00,0.014940
602.9027,5.8630,62.30,122.00,0.013851
602.9843,5.8630,62.03,122.00,0.014326
603.0644,5.8630,62.03,122.00,0.014321
603.1538,5.8630,62.03,122.00,0.015107
603.2392,5.8630,62.30,122.00,0.015138
603.3249,5.8630,62.03,122.00,0.014500
603.4098,5.8630,62.30,122.00,0.014300
603.4945,5.8630,61.76,122.00,0.013939
603.5752,5.8630,62.30,122.00,0.014549
603.6621,5.8630,61.76,122.00,0.014277
603.7423,5.8630,62.30,122.00,0.014438
603.8243,5.8630,62.03,122.00,0.014036
603.9067,5.8630,62.30,122.00,0.015017
603.9967,5.8630,62.30,122.00,0.014883
604.0824,5.8630,62.30,122.00,0.015141
604.1704,5.8630,61.76,122.00,0.014643
604.2586,5.8630,62.30,122.00,0.015165
604.3457,5.8630,61.76,122.00,0.014072
604.4315,5.8630,62.30,122.00,0.014853
604.5219,5.8630,61.76,122.00,0.015201
604.6093,5.8630,62.30,122.00,0.015087
604.6975,6.0270,61.49,122.00,0.015054
604.7820,6.0270,62.30,122.00,0.014115
604.8636,6.0270,62.30,122.00,0.013751
604.9475,6.0270,61.76,122.00,0.014337
605.0321,6.0270,62.03,122.00,0.014633
605.1200,6.0270,62.03,122.00,0.015199
605.2083,5.9985,62.03,122.00,0.015049
605.2920,5.9700,62.03,122.00,0.014059
605.3764,5.9700,61.76,122.00,0.014670
605.4609,5.9700,62.03,122.00,0.014406
605.5446,5.9700,62.03,122.00,0.014096
605.6245,5.9700,61.76,122.00,0.014042
605.7063,5.9700,61.76,122.00,0.014420
605.7859,5.9700,61.76,122.00,0.014512
605.8708,5.9700,62.03,122.00,0.014336
605.9505,5.9700,61.76,122.00,0.014387
606.0352,5.9700,61.49,122.00,0.014652
606.1148,5.9700,62.03,122.00,0.014145
606.1966,5.9620,62.03,122.00,0.014339
606.2791,5.9540,62.30,122.00,0.014478
606.3638,5.9540,62.30,122.00,0.014986
606.4461,5.9540,62.30,122.00,0.014537
606.5283,5.9540,62.30,122.00,0.013987
606.6086,5.9540,62.03,122.00,0.014353
606.6910,5.9540,62.03,122.00,0.014310
606.7717,5.9540,62.03,122.00,0.014017
606.8558,5.9540,62.30,122.00,0.014409
606.9382,5.9540,62.30,122.00,0.014421
607.0197,5.9540,62.30,122.00,0.014418
607.0994,5.9540,62.03,122.00,0.014362
607.1832,5.9540,62.03,122.00,0.014343
607.2642,5.9390,62.30,122.00,0.014500
607.3475,5.9390,62.30,122.00,0.014072
607.4305,5.9390,61.49,122.00,0.013854
607.5117,5.9390,62.30,122.00,0.013797
607.5940,5.9390,61.49,122.00,0.014408
607.6758,5.9390,62.30,122.00,0.014300
607.7554,5.9390,62.30,122.00,0.014099
607.8380,5.9390,62.03,122.00,0.014348
607.9173,5.9390,62.30,122.00,0.014210
608.0018,5.9390,62.30,122.00,0.014129
608.0821,5.9390,62.03,122.00,0.015235
608.1639,5.9390,62.30,122.00,0.014297
608.2463,6.0270,62.30,122.00,0.014572
608.3306,6.0270,62.30,122.00,0.014338
608.4093,6.0270,62.03,122.00,0.013889
608.4894,6.0270,62.30,122.00,0.013414
608.5677,6.0270,62.03,122.00,0.013885
608.6518,6.0270,61.76,122.00,0.014680
608.7361,6.0270,62.30,122.00,0.014586
608.8199,6.0270,61.76,122.00,0.013971
608.9034,6.0270,61.76,122.00,0.014085
608.9875,6.0270,62.03,122.00,0.014475
609.0713,6.0270,62.30,122.00,0.014309
609.1561,6.0270,62.30,122.00,0.014328
609.2359,5.9240,61.76,122.00,0.013882
609.3226,5.9240,61.49,122.00,0.014120
609.4026,5.9240,61.76,122.00,0.014369
609.4877,5.9240,62.03,122.00,0.014359
609.5718,5.9240,62.30,122.00,0.014026
609.6592,5.9240,62.30,122.00,0.014495
609.7440,5.9240,62.03,122.00,0.013999
609.8282,5.9240,61.76,122.00,0.014050
609.9068,5.9240,62.30,122.00,0.013434
609.9881,5.9240,62.03,122.00,0.013699
610.0683,5.9240,61.49,122.00,0.013996
610.1513,5.9240,62.03,122.00,0.014449
610.2346,6.0190,62.03,122.00,0.014797
610.3161,6.0190,62.03,122.00,0.013965
610.3962,6.0190,62.30,122.00,0.014460
610.4785,6.0190,62.03,122.00,0.014494
610.5617,6.0190,61.76,122.00,0.014612
610.6460,6.0190,62.03,122.00,0.014834
610.7272,6.0190,62.03,122.00,0.013980
610.8141,6.0190,62.30,122.00,0.014558
610.8957,6.0190,62.30,122.00,0.013773
610.9801,6.0190,62.30,122.00,0.014393
611.0607,6.0190,61.76,122.00,0.014820
611.1447,6.0190,61.76,122.00,0.014424
611.2279,5.9865,62.30,122.00,0.013960
611.3104,5.9540,61.76,122.00,0.014364
611.3902,5.9540,62.03,122.00,0.014434
611.4749,5.9540,62.30,122.00,0.014404
611.5543,5.9540,61.76,122.00,0.013966
611.6366,5.9540,62.03,122.00,0.014751
611.7203,5.9540,62.30,122.00,0.014141
611.8067,5.9540,61.49,122.00,0.013755
611.8923,5.9540,62.30,122.00,0.014318
611.9826,5.9540,62.30,122.00,0.014455
612.0680,5.9540,61.76,122.00,0.015108
612.1573,5.9540,62.30,122.00,0.014797
612.2461,5.7630,61.76,122.00,0.014683
612.3336,5.7630,61.76,122.00,0.014068
612.4141,5.7630,62.30,122.00,0.014587
612.4987,5.7630,62.30,122.00,0.014112
612.5782,5.7630,62.03,122.00,0.014207
612.6604,5.7630,62.03,122.00,0.014308
612.7402,5.7630,62.03,122.00,0.014106
612.8227,5.7630,62.30,122.00,0.014369
612.9051,5.7630,62.30,122.00,0.014877
612.9921,5.7630,61.76,122.00,0.014405
613.0717,5.7630,61.76,122.00,0.014149
613.1535,5.7630,61.76,122.00,0.013982
613.2368,5.8760,62.03,122.00,0.014503
613.3198,5.9890,62.03,122.00,0.014171
613.4017,5.9890,62.30,122.00,0.014318
613.4841,5.9890,62.30,122.00,0.014458
613.5639,5.9890,62.30,122.00,0.014263
613.6465,5.9890,62.30,121.50,0.014507
613.7270,5.9890,62.30,121.00,0.014799
613.8115,5.9890,61.76,122.00,0.014611
613.8953,5.9890,62.57,122.00,0.014487
613.9816,5.9890,62.30,122.00,0.014596
614.0636,5.9890,62.30,122.00,0.014323
614.1499,5.9890,62.03,122.00,0.014031
614.2326,5.9260,62.03,122.00,0.014766
614.3198,5.8630,62.03,122.00,0.014411
614.4006,5.8630,61.22,122.00,0.014640
614.4824,5.8630,62.03,121.00,0.013973
614.5611,5.8630,61.76,121.00,0.014015
614.6419,5.8630,62.30,121.00,0.013672
614.7224,5.8630,61.76,121.00,0.013806
614.8044,5.8630,62.03,121.00,0.014528
614.8863,5.8630,62.30,121.00,0.014248
614.9709,5.8630,62.03,121.00,0.014530
615.0506,5.8630,61.76,121.00,0.014157
615.1349,5.8630,62.30,121.00,0.014482
615.2146,5.9105,62.03,121.00,0.014298
615.2994,5.9580,62.03,121.00,0.014045
615.3796,5.9580,62.03,121.00,0.014024
615.4654,5.9580,62.03,121.00,0.013839
615.5433,5.9580,62.03,121.00,0.013455
615.6293,5.9580,62.30,121.00,0.014217
615.7112,5.9580,62.30,121.00,0.014375
615.7955,5.9580,61.76,121.00,0.014246
615.8766,5.9580,62.03,121.00,0.014699
615.9574,5.9580,62.30,121.00,0.013548
616.0357,5.9580,61.76,121.00,0.013975
616.1186,5.9580,61.76,121.00,0.013931
616.1967,5.9580,61.76,121.00,0.013721
616.2824,6.0270,61.76,121.00,0.014718
616.3620,6.0270,61.49,121.00,0.014154
616.4444,6.0270,62.30,121.00,0.014607
616.5263,6.0270,62.03,121.00,0.013922
616.6117,6.0270,61.76,121.00,0.015388
616.6965,6.0270,62.03,121.00,0.014233
616.7806,6.0270,62.03,121.00,0.014529
616.8627,6.0270,62.30,121.00,0.014365
616.9466,6.0270,62.30,121.00,0.014040
617.0250,6.0270,61.76,121.00,0.013666
617.1065,6.0270,62.03,121.00,0.014026
617.1867,6.0270,62.30,121.00,0.014460
617.2703,5.9580,62.03,121.00,0.014647
617.3508,5.9580,62.30,121.00,0.014196
617.4358,5.9580,62.30,121.00,0.014579
617.5179,5.9580,62.03,121.00,0.014025
617.6003,5.9580,62.30,121.00,0.014421
617.6831,5.9580,62.30,121.00,0.014703
617.7668,5.9580,62.03,120.50,0.014430
617.8513,5.9580,62.30,120.00,0.014329
617.9353,5.9580,61.76,120.00,0.014261
618.0152,5.9580,62.03,120.00,0.014199
618.0962,5.9580,62.03,121.00,0.014099
618.1767,5.9580,61.49,121.00,0.013825
618.2574,5.9580,62.30,121.00,0.013856
618.3352,5.9580,62.03,120.50,0.013393
618.4169,5.9580,62.30,121.00,0.013835
618.4972,5.9890,62.30,121.00,0.013373
618.5836,5.9890,62.03,120.00,0.014617
618.6636,5.9890,61.76,120.50,0.014322
618.7503,5.9890,62.30,120.00,0.014566
618.8297,5.9890,62.30,120.00,0.014235
618.9147,5.9890,61.22,120.00,0.014677
618.9966,5.9890,61.76,120.00,0.014324
619.0798,5.9890,62.30,120.00,0.014399
619.1624,5.9890,61.76,120.00,0.014451
619.2443,5.9890,62.30,120.00,0.013887
619.3246,5.9890,62.30,120.00,0.014595
619.4068,5.9890,62.30,120.00,0.014436
619.4877,5.9890,62.03,120.00,0.014579
619.5712,5.9890,62.03,120.00,0.014067
619.6509,5.9890,62.03,120.00,0.014223
619.7347,5.9890,62.30,120.00,0.014071
619.8186,5.9890,62.30,120.00,0.014222
619.9026,5.9890,62.30,120.00,0.014061
619.9812,5.9890,61.76,120.00,0.013923
620.0621,5.9890,61.76,120.00,0.013844
620.1427,5.9890,62.30,120.00,0.013666
620.2236,5.9890,62.30,119.50,0.014234
620.3059,5.9890,62.30,120.00,0.014756
620.3884,5.9890,62.30,120.00,0.014084
620.4678,5.9890,61.76,120.00,0.013933
620.5511,5.9890,62.03,120.00,0.014180
620.6326,5.9890,62.30,120.00,0.013833
620.7151,5.9890,62.30,120.00,0.014528
620.7986,5.9890,62.03,120.00,0.014480
620.8844,5.9890,62.30,120.00,0.014799
620.9676,5.9890,62.03,120.00,0.014191
621.0524,5.9890,62.30,120.00,0.014257
621.1349,5.9890,62.03,120.00,0.014008
621.2199,5.9890,61.76,120.00,0.014507
621.3009,5.9890,62.30,120.00,0.014397
621.3836,5.9200,62.30,120.00,0.014623
621.4670,5.8510,61.76,120.00,0.014443
621.5505,5.8510,62.03,120.00,0.013823
621.6354,5.8510,62.30,120.00,0.014222
621.7198,5.8510,61.49,120.00,0.014335
621.8043,5.8510,62.03,120.00,0.014248
621.8871,5.8510,62.30,120.00,0.014376
621.9717,5.8510,62.03,120.00,0.014688
622.0577,5.8510,62.57,120.00,0.014283
622.1374,5.8510,61.22,120.00,0.013901
622.2196,5.8265,62.30,120.00,0.014171
622.3025,5.8020,62.03,120.00,0.014245
622.3845,5.8020,62.30,120.00,0.014314
622.4670,5.8020,62.03,120.00,0.014065
622.5509,5.8020,62.03,120.00,0.014142
622.6337,5.8020,62.03,120.00,0.014760
622.7183,5.8020,62.30,120.00,0.014583
622.8007,5.8020,62.30,120.00,0.014252
622.8830,5.8020,61.76,120.00,0.014207
622.9674,5.8020,62.30,120.00,0.014113
623.0511,5.8020,62.30,120.00,0.014309
623.1356,5.8020,62.03,120.00,0.013994
623.2197,5.8915,62.03,120.00,0.014053
623.3006,5.9810,62.30,120.00,0.014350
623.3830,5.9810,61.76,120.00,0.014095
623.4684,5.9810,62.30,120.00,0.013993
623.5508,5.9810,62.03,120.00,0.014662
623.6295,5.9810,61.76,120.00,0.013656
623.7108,5.9810,62.30,120.00,0.013955
623.7900,5.9810,62.30,120.00,0.013958
623.8746,5.9810,62.03,120.00,0.014255
623.9594,5.9810,62.30,120.00,0.014633
624.0418,5.9810,61.49,120.00,0.014281
624.1216,5.9810,61.49,120.00,0.014048
624.2030,5.9810,62.30,120.00,0.013908
624.2820,5.9810,62.03,120.00,0.013836
624.3626,5.9810,62.30,120.00,0.013898
624.4444,5.9810,62.30,120.00,0.014179
624.5264,5.9810,62.03,120.00,0.014511
624.6068,5.9810,62.30,120.00,0.014252
624.6917,5.9810,62.30,120.00,0.014636
624.7749,5.9810,61.76,120.00,0.014691
624.8615,5.9810,62.30,120.00,0.014397
624.9444,5.9810,62.30,120.00,0.014528
625.0264,5.9810,61.22,120.00,0.014041
625.1093,5.9810,62.30,120.00,0.014066
625.1921,5.9810,62.30,120.00,0.014134
625.2752,5.9810,62.30,120.00,0.014584
625.3598,5.9810,61.76,120.00,0.014431
625.4432,5.9865,61.22,120.00,0.014194
625.5250,5.9920,61.76,120.00,0.013413
625.6042,5.9920,62.30,120.00,0.013834
625.6904,5.9920,62.30,120.00,0.014477
625.7773,5.9920,62.03,120.00,0.014299
625.8630,5.9920,62.30,120.00,0.014936
625.9473,5.9920,62.30,121.00,0.013935
626.0357,5.9920,62.03,121.00,0.014553
626.1234,5.9920,62.03,121.00,0.014557
626.2138,5.9045,62.03,121.00,0.015066
626.3020,5.8170,62.03,121.00,0.014945
626.3882,5.8170,62.30,121.00,0.014940
626.4681,5.8170,62.30,121.00,0.013926
626.5539,5.8170,61.76,121.00,0.014618
626.6342,5.8170,61.76,121.00,0.014569
626.7248,5.8170,61.76,121.00,0.014628
626.8123,5.8170,61.76,121.00,0.015160
626.8982,5.8170,61.76,121.00,0.013689
626.9770,5.8170,61.49,121.00,0.013398
627.0644,5.8170,61.76,121.00,0.014949
627.1510,5.8170,61.76,121.00,0.014692
627.2423,5.9470,61.76,121.00,0.014845
627.3280,5.9470,61.76,121.00,0.014936
627.4170,5.9470,62.30,121.00,0.016237
627.5019,5.9470,62.03,121.00,0.014710
627.5906,5.9470,61.49,121.00,0.014867
627.6770,5.9470,62.03,121.00,0.014708
627.7674,5.9470,62.03,121.00,0.014539
627.8564,5.9470,62.03,121.00,0.015304
627.9443,5.9470,61.76,121.00,0.015113
628.0299,5.9470,61.76,121.00,0.014645
628.1189,5.9470,61.76,121.00,0.015208
628.2049,5.8705,61.49,121.00,0.014366
628.2961,5.7940,62.30,121.00,0.014417
628.3786,5.7940,62.03,121.00,0.014273
628.4625,5.7940,62.03,121.00,0.013721
628.5422,5.7940,61.49,121.00,0.014155
628.6232,5.7940,62.03,121.00,0.013779
628.7073,5.7940,61.76,121.00,0.014153
628.7915,5.7940,61.76,121.00,0.014380
628.8752,5.7940,62.03,121.00,0.014657
628.9592,5.7940,62.30,121.00,0.014080
629.0427,5.7940,62.03,121.00,0.014793
629.1257,5.7940,62.30,121.00,0.014520
629.2063,5.8625,62.03,121.00,0.014329
629.2879,5.9310,62.30,121.00,0.013944
629.3661,5.9310,62.03,121.00,0.013745
629.4467,5.9310,62.03,121.00,0.013762
629.5267,5.9310,62.30,121.00,0.014251
629.6109,5.9310,62.03,121.00,0.014459
629.6918,5.9310,61.22,121.00,0.014559
629.7750,5.9310,62.30,121.00,0.014122
629.8540,5.9310,62.30,121.00,0.014025
629.9383,5.9310,62.03,121.00,0.014175
630.0183,5.9310,61.76,121.00,0.014100
630.1032,5.9310,62.30,121.00,0.014548
630.1843,5.9310,62.30,121.00,0.013825
630.2712,5.9430,62.03,121.50,0.014423
630.3526,5.9430,61.76,122.00,0.013646
630.4347,5.9430,62.30,122.00,0.013925
630.5149,5.9430,62.03,122.00,0.013932
630.5987,5.9430,62.30,122.00,0.014210
630.6795,5.9430,62.30,122.00,0.014679
630.7641,5.9430,62.30,122.00,0.014316
630.8470,5.9430,62.03,122.00,0.014475
630.9313,5.9430,62.30,122.00,0.014703
631.0144,5.9430,62.30,122.00,0.014398
631.0968,5.9430,62.03,122.00,0.014431
631.1790,5.9430,62.03,122.00,0.014184
631.2633,5.9430,62.03,122.00,0.014061
631.3426,5.9430,62.03,122.00,0.013740
631.4257,5.9430,62.03,122.00,0.014282
631.5046,5.9430,62.30,122.00,0.013862
631.5865,5.9430,62.03,122.00,0.014205
631.6667,5.9430,62.03,122.00,0.014107
631.7512,5.9430,62.03,122.00,0.014449
631.8316,5.9430,62.03,122.00,0.014589
631.9142,5.9430,62.03,122.00,0.014645
631.9946,5.9430,62.03,122.00,0.014331
632.0787,5.9430,62.03,122.00,0.014055
632.1613,5.9430,62.03,122.00,0.014227
632.2416,5.9430,62.30,122.00,0.013672
632.3224,5.9430,61.49,122.00,0.013618
632.4036,5.9430,62.30,122.00,0.014200
632.4868,5.9810,61.76,122.00,0.014039
632.5710,5.9810,62.30,122.00,0.014384
632.6501,5.9810,62.03,122.00,0.013800
632.7303,5.9810,62.30,122.00,0.013769
632.8102,5.9810,62.30,122.00,0.014438
632.8910,5.9810,62.03,122.00,0.013860
632.9714,5.9810,62.30,122.00,0.014329
633.0536,5.9810,62.30,122.00,0.014036
633.1366,5.9810,62.03,122.00,0.014591
633.2183,5.9810,62.03,122.00,0.014108
633.2986,5.9810,62.30,122.00,0.014159
633.3828,5.9810,62.30,122.00,0.014164
633.4656,5.9810,61.22,122.00,0.014581
633.5476,5.9810,62.30,122.00,0.014131
633.6298,5.9810,61.76,122.00,0.013798
633.7153,5.9810,62.03,122.00,0.014562
633.7983,5.9810,61.76,122.00,0.014115
633.8808,5.9810,62.03,122.00,0.014231
633.9629,5.9810,62.03,122.00,0.014197
634.0469,5.9810,61.76,122.00,0.013976
634.1276,5.9810,61.76,122.00,0.014485
634.2140,5.9810,62.30,122.00,0.014439
634.2947,5.9810,62.30,122.00,0.014736
634.3792,5.9810,61.76,122.00,0.014338
634.4592,5.9810,62.03,122.00,0.014134
634.5431,5.9960,62.30,122.00,0.014539
634.6271,5.9960,61.76,122.00,0.013983
634.7115,5.9960,62.30,122.00,0.014561
634.7915,5.9960,62.30,122.00,0.014293
634.8757,5.9960,62.30,122.00,0.014343
634.9581,5.9960,62.03,122.00,0.014081
635.0427,5.9960,62.03,122.00,0.014437
635.1231,5.9960,62.03,122.00,0.014491
635.2065,5.9960,62.30,122.00,0.013744
635.2922,5.9920,62.30,122.00,0.014435
635.3753,5.9920,62.30,122.00,0.014330
635.4604,5.9920,62.30,122.00,0.014081
635.5431,5.9920,62.03,122.00,0.014119
635.6257,5.9920,62.30,122.00,0.014025
635.7070,5.9920,62.03,122.00,0.013936
635.7873,5.9920,62.03,122.00,0.014323
635.8722,5.9920,62.30,122.00,0.014571
635.9555,5.9920,62.03,122.00,0.014695
636.0399,5.9920,62.30,122.00,0.014074
636.1229,5.9920,62.03,122.00,0.014515
636.2078,5.9330,62.30,122.00,0.014609
636.2903,5.8740,62.03,122.00,0.013902
636.3713,5.8740,61.76,122.00,0.013911
636.4520,5.8740,61.76,122.00,0.014561
636.5360,5.8740,62.30,122.00,0.013752
636.6188,5.8740,62.03,122.00,0.014533
636.7034,5.8740,62.57,122.00,0.014275
636.7866,5.8740,62.30,122.00,0.014143
636.8711,5.8740,62.03,122.50,0.014379
636.9522,5.8740,62.03,123.00,0.014551
637.0371,5.8740,62.03,123.00,0.014383
637.1198,5.8740,62.30,122.50,0.014580
637.2073,5.9105,62.30,122.00,0.014584
637.2908,5.9470,62.30,122.00,0.014319
637.3755,5.9470,61.76,122.00,0.014266
637.4588,5.9470,62.03,122.00,0.014822
637.5478,5.9470,62.30,122.00,0.015117
637.6361,5.9470,62.30,122.00,0.014980
637.7234,5.9470,62.03,122.00,0.014614
637.8101,5.9470,61.76,122.00,0.014976
637.9001,5.9470,61.49,122.00,0.014848
637.9871,5.9470,61.76,122.00,0.015040
638.0762,5.9470,62.30,122.00,0.014464
638.1622,5.9470,62.03,122.00,0.015244
638.2507,5.7710,61.49,122.00,0.015136
638.3380,5.7710,62.03,122.00,0.014706
638.4279,5.7710,62.03,122.00,0.014786
638.5159,5.7710,62.03,122.00,0.014759
638.6064,5.7710,62.03,122.00,0.015318
638.6917,5.7710,61.76,122.00,0.014581
638.7793,5.7710,62.03,122.00,0.014583
638.8623,5.7710,62.30,122.00,0.014571
638.9522,5.7710,61.76,122.00,0.014203
639.0315,5.7710,62.03,122.00,0.014050
639.1146,5.7710,62.30,122.00,0.013878
639.1948,5.7710,62.30,122.00,0.014120
639.2853,5.9660,61.49,122.00,0.014349
639.3658,5.9660,62.30,122.00,0.014458
639.4507,5.9660,62.03,122.00,0.015294
639.5369,5.9660,62.03,122.00,0.014446
639.6266,5.9660,62.30,122.00,0.014988
639.7143,5.9660,61.76,122.00,0.014925
639.8038,5.9660,61.76,122.00,0.014822
639.8890,5.9660,62.03,122.00,0.015091
639.9750,5.9660,62.03,122.00,0.014170
640.0555,5.9660,61.49,122.00,0.014435
640.1410,5.9660,61.76,122.00,0.014759
640.2215,5.9125,62.30,122.00,0.014127
640.3102,5.8590,61.49,122.00,0.015737
640.4001,5.8590,62.30,122.00,0.015040
640.4925,5.8590,62.03,122.00,0.015275
640.5833,5.8590,61.22,122.00,0.014805
640.6728,5.8590,61.76,122.00,0.014259
640.7603,5.8590,61.76,122.00,0.014558
640.8462,5.8590,62.03,122.00,0.014899
640.9348,5.8590,62.03,122.00,0.015085
641.0233,5.8590,61.76,122.00,0.014978
641.1108,5.8590,62.30,122.00,0.014636
641.1989,5.8400,62.03,122.00,0.015277
641.2878,5.8210,62.30,122.00,0.014677
641.3757,5.8210,62.03,122.00,0.014894
641.4591,5.8210,62.03,122.00,0.015576
641.5451,5.8210,62.30,122.00,0.014925
641.6305,5.8210,62.03,122.00,0.015315
641.7187,5.8210,62.30,122.00,0.014627
641.8030,5.8210,61.49,122.00,0.015002
641.8907,5.8210,62.03,122.00,0.014404
641.9770,5.8210,62.03,122.00,0.015522
642.0636,5.8210,62.03,122.00,0.014742
642.1498,5.8210,61.49,122.00,0.015126
642.2310,5.8210,62.03,122.00,0.013845
642.3098,5.8210,62.03,122.00,0.013994
642.3998,5.9620,62.30,122.00,0.014935
642.4806,5.9620,61.49,122.00,0.014223
642.5643,5.9620,62.03,122.00,0.013751
642.6472,5.9620,61.76,122.00,0.014609
642.7326,5.9620,61.49,122.00,0.014385
642.8197,5.9620,62.03,122.00,0.014668
642.9083,5.9620,62.03,122.00,0.015313
642.9960,5.9620,61.76,122.00,0.015395
643.0858,5.9620,61.76,122.00,0.015355
643.1745,5.9620,61.22,122.00,0.015858
643.2641,5.8930,62.03,122.00,0.015141
643.3520,5.8930,62.03,122.00,0.014419
643.4405,5.8930,61.76,122.00,0.014738
643.5285,5.8930,62.03,122.00,0.014468
643.6165,5.8930,61.49,122.00,0.014930
643.6995,5.8930,62.03,122.00,0.014230
643.7828,5.8930,62.03,122.00,0.015111
643.8683,5.8930,62.03,122.00,0.014271
643.9564,5.8930,61.49,122.00,0.014979
644.0426,5.8930,61.22,122.00,0.014628
644.1333,5.8930,62.03,122.00,0.014975
644.2193,5.9235,61.76,122.00,0.014670
644.3084,5.9540,62.03,122.00,0.015173
644.3956,5.9540,62.03,122.00,0.015062
644.4854,5.9540,62.30,122.00,0.014276
644.5700,5.9540,61.76,122.00,0.015059
644.6568,5.9540,62.03,122.00,0.014320
644.7425,5.9540,62.30,123.00,0.015092
644.8318,5.9540,62.03,123.00,0.014805
644.9180,5.9540,61.49,123.00,0.015032
645.0048,5.9540,61.76,123.00,0.015009
645.0917,5.9540,62.30,123.00,0.013523
645.1752,5.9540,62.03,123.00,0.013769
645.2576,5.9540,62.03,123.00,0.014370
645.3459,5.8130,61.76,123.00,0.014702
645.4338,5.8130,62.03,123.00,0.015041
645.5212,5.8130,61.76,123.00,0.014937
645.6076,5.8130,62.03,123.00,0.014416
645.6984,5.8130,61.49,123.00,0.014922
645.7863,5.8130,62.03,123.00,0.014810
645.8749,5.8130,61.49,123.00,0.015370
645.9604,5.8130,62.30,123.00,0.014580
646.0479,5.8130,62.03,123.00,0.014963
646.1315,5.8130,61.76,123.00,0.014870
646.2201,5.8265,62.03,123.00,0.014823
646.3018,5.8400,62.03,123.00,0.013818
646.3851,5.8400,62.30,123.00,0.013725
646.4694,5.8400,62.03,123.00,0.014369
646.5582,5.8400,61.76,123.00,0.015342
646.6430,5.8400,61.76,123.00,0.014808
646.7266,5.8400,62.03,123.00,0.013927
646.8081,5.8400,62.03,123.00,0.013984
646.8919,5.8400,61.49,123.00,0.013920
646.9773,5.8400,62.30,123.00,0.014692
647.0657,5.8400,62.03,123.00,0.015108
647.1505,5.8400,61.76,123.00,0.014095
647.2324,5.8400,62.30,123.00,0.014527
647.3203,5.8990,62.30,123.00,0.015049
647.4086,5.9580,61.76,123.00,0.015107
647.4945,5.9580,61.49,123.00,0.014667
647.5832,5.9580,62.30,123.00,0.014269
647.6623,5.9580,62.03,123.00,0.013992
647.7487,5.9580,61.76,123.00,0.015087
647.8342,5.9580,62.03,123.00,0.014343
647.9240,5.9580,61.22,123.00,0.015458
648.0091,5.9580,62.30,123.00,0.014440
648.0968,5.9580,62.03,123.00,0.015053
648.1850,5.9580,61.76,123.00,0.016291
648.2748,5.7860,62.03,123.00,0.014661
648.3605,5.7860,62.03,123.00,0.015211
648.4467,5.7860,61.76,123.00,0.014860
648.5334,5.7860,61.76,123.00,0.015222
648.6229,5.7860,61.76,123.00,0.014855
648.7092,5.7860,62.03,123.00,0.015231
648.7983,5.7860,62.03,123.00,0.015176
648.8841,5.7860,61.76,123.00,0.014153
648.9721,5.7860,62.03,123.00,0.014597
649.0601,5.7860,62.03,123.00,0.014710
649.1496,5.7860,61.76,123.00,0.014766
649.2348,5.9850,61.76,123.00,0.014993
649.3245,5.9850,62.03,123.00,0.014578
649.4113,5.9850,62.30,123.00,0.014704
649.4952,5.9850,61.76,123.00,0.014054
649.5757,5.9850,62.30,123.00,0.014518
649.6595,5.9850,62.03,123.00,0.014195
649.7417,5.9850,62.03,123.00,0.014244
649.8252,5.9850,62.03,123.00,0.014103
649.9051,5.9850,62.03,123.00,0.013869
649.9872,5.9850,62.30,123.00,0.014275
650.0671,5.9850,62.03,123.00,0.014213
650.1513,5.9850,62.03,123.00,0.014472
650.2323,6.0000,62.03,122.50,0.014495
650.3142,6.0000,62.03,122.00,0.014007
650.3943,6.0000,62.30,122.00,0.014181
650.4787,6.0000,62.30,122.00,0.014508
650.5591,6.0000,62.03,122.00,0.014207
650.6434,6.0000,62.30,122.00,0.013990
650.7261,6.0000,61.76,122.00,0.014335
650.8078,6.0000,61.76,122.00,0.014312
650.8884,6.0000,62.30,122.00,0.014705
650.9701,6.0000,62.30,122.00,0.014059
651.0504,6.0000,61.76,122.00,0.014284
651.1322,6.0000,62.03,122.00,0.013927
651.2169,6.0040,62.03,122.00,0.014654
651.3011,6.0080,62.30,122.00,0.014017
651.3833,6.0080,61.49,122.00,0.014231
651.4661,6.0080,62.03,122.00,0.014476
651.5455,6.0080,62.30,122.00,0.013834
651.6296,6.0080,62.03,122.00,0.014410
651.7117,6.0080,62.03,122.00,0.013826
651.7953,6.0080,62.30,122.00,0.014301
651.8756,6.0080,62.03,122.00,0.014588
651.9597,6.0080,62.30,122.00,0.014584
652.0400,6.0080,62.30,122.00,0.014433
652.1238,6.0080,62.30,122.00,0.014383
652.2064,5.9925,62.03,122.00,0.014547
652.2961,5.9770,61.76,122.00,0.015206
652.3795,5.9770,62.03,121.50,0.015223
652.4675,5.9770,62.30,121.00,0.014530
652.5526,5.9770,61.76,121.50,0.014099
652.6408,5.9770,61.76,121.00,0.014836
652.7293,5.9770,62.03,121.00,0.015582
652.8167,5.9770,61.76,121.00,0.014788
652.8990,5.9770,62.03,121.00,0.014786
652.9860,5.9770,62.03,121.00,0.014442
653.0737,5.9770,62.03,121.00,0.014731
653.1616,5.9770,62.03,121.00,0.014500
653.2485,5.7290,62.30,121.00,0.014753
653.3356,5.7290,61.76,121.00,0.014770
653.4203,5.7290,62.03,121.00,0.015287
653.5078,5.7290,62.03,121.00,0.015111
653.5939,5.7290,61.76,121.00,0.014998
653.6837,5.7290,61.76,121.00,0.014923
653.7706,5.7290,62.03,121.00,0.013736
653.8535,5.7290,61.49,121.00,0.013865
653.9330,5.7290,61.76,121.00,0.013838
654.0174,5.7290,62.30,121.00,0.014399
654.1043,5.7290,62.03,121.00,0.014234
654.1929,5.8590,61.76,121.00,0.015481
654.2786,5.9890,62.03,121.00,0.014997
654.3635,5.9890,62.30,121.00,0.014241
654.4452,5.9890,62.03,121.00,0.013795
654.5283,5.9890,62.30,121.00,0.014358
654.6133,5.9890,62.30,121.00,0.014914
654.6993,5.9890,62.03,121.00,0.014610
654.7854,5.9890,61.49,121.00,0.015256
654.8686,5.9890,62.03,121.00,0.014384
654.9558,5.9890,61.49,121.00,0.015072
655.0428,5.9890,61.76,121.00,0.014620
655.1313,5.9890,62.30,121.00,0.014312
655.2218,6.0080,62.03,121.00,0.014498
655.3083,6.0270,61.76,121.00,0.014400
655.3994,6.0270,61.49,120.50,0.015333
655.4868,6.0270,61.22,120.50,0.015031
655.5765,6.0270,61.76,120.00,0.014316
655.6637,6.0270,62.03,120.00,0.015531
655.7500,6.0270,62.03,120.00,0.013470
655.8283,6.0270,62.30,120.00,0.013610
655.9114,6.0270,62.03,120.50,0.014139
655.9927,6.0270,62.03,120.00,0.014658
656.0808,6.0270,62.03,120.00,0.015331
656.1668,6.0270,61.76,120.00,0.014909
656.2578,5.9470,61.76,120.00,0.014490
656.3425,5.9470,62.30,120.00,0.015527
656.4323,5.9470,62.30,120.00,0.014374
656.5144,5.9470,62.03,120.50,0.013788
656.5952,5.9470,62.03,120.00,0.014030
656.6738,5.9470,62.30,120.50,0.013425
656.7557,5.9470,61.76,120.00,0.014311
656.8447,5.9470,61.49,120.00,0.014766
656.9308,5.9470,62.03,120.00,0.013926
657.0122,5.9470,61.76,120.00,0.013505
657.0957,5.9470,62.30,120.00,0.014377
657.1836,5.9470,61.49,120.00,0.014847
657.2731,5.9470,62.03,120.00,0.014518
657.3613,5.9470,62.03,120.00,0.014345
657.4492,5.9470,62.30,120.00,0.014861
657.5327,5.9470,62.03,120.00,0.014962
657.6228,5.9470,62.03,120.00,0.015076
657.7042,5.9470,62.30,120.00,0.014149
657.7877,5.9470,62.30,120.00,0.013639
657.8727,5.9470,62.30,120.00,0.014570
657.9626,5.9470,62.30,120.00,0.015270
658.0482,5.9470,62.30,120.00,0.015105
658.1355,5.9470,61.76,120.00,0.014766
658.2177,5.9470,62.30,120.00,0.013419
658.2993,5.9470,62.30,120.00,0.013956
658.3818,5.9470,62.30,120.00,0.014112
658.4672,5.8970,61.76,120.00,0.015346
658.5533,5.8470,62.30,120.00,0.014920
658.6401,5.8470,61.76,120.00,0.014205
658.7204,5.8470,62.30,120.00,0.014215
658.8063,5.8470,62.03,120.00,0.013880
658.8864,5.8470,62.30,120.00,0.014424
658.9685,5.8470,62.30,120.00,0.014434
659.0505,5.8470,61.76,120.00,0.014431
659.1346,5.8470,62.03,120.00,0.014598
659.2156,5.9025,62.30,120.00,0.014458
659.2998,5.9580,62.03,120.00,0.013800
659.3829,5.9580,62.03,120.00,0.014435
659.4638,5.9580,62.30,120.00,0.013860
659.5425,5.9580,62.30,120.00,0.014045
659.6233,5.9580,62.03,120.00,0.014053
659.7060,5.9580,61.76,120.00,0.014316
659.7879,5.9580,62.03,120.00,0.014416
659.8700,5.9580,62.03,120.00,0.014596
659.9517,5.9580,62.03,119.50,0.014364
660.0331,5.9580,61.49,119.00,0.013571
660.1149,5.9580,62.03,119.00,0.014009
660.1954,5.9790,61.76,119.00,0.014493
660.2786,6.0000,62.03,119.00,0.013466
660.3571,6.0000,61.76,119.00,0.013432
660.4381,6.0000,62.30,119.00,0.013744
660.5185,6.0000,61.76,119.00,0.014855
660.6021,6.0000,61.76,119.00,0.014556
660.6840,6.0000,62.03,119.00,0.014374
660.7683,6.0000,62.30,119.00,0.014375
660.8502,6.0000,62.30,119.00,0.014462
660.9339,6.0000,62.30,119.00,0.013969
661.0143,6.0000,62.30,119.00,0.014244
661.0958,6.0000,62.30,119.00,0.014563
661.1805,6.0000,62.30,119.00,0.014420
661.2666,6.0120,62.30,119.00,0.013931
661.3515,6.0120,62.03,119.00,0.014403
661.4353,6.0120,61.76,119.00,0.014430
661.5143,6.0120,62.03,119.00,0.014267
661.5966,6.0120,62.30,119.00,0.013520
661.6763,6.0120,62.30,119.00,0.013922
661.7585,6.0120,62.30,119.00,0.013398
661.8371,6.0120,61.76,119.00,0.013472
661.9176,6.0120,62.30,119.00,0.013779
661.9993,6.0120,62.30,119.00,0.014386
662.0796,6.0120,61.76,119.00,0.013692
662.1579,6.0120,62.30,119.00,0.013809
662.2384,6.0120,62.30,119.00,0.013901
662.3189,5.9660,62.30,119.00,0.014686
662.4035,5.9200,62.03,119.00,0.014461
662.4863,5.9200,61.49,119.00,0.014725
662.5684,5.9200,61.76,119.00,0.014213
662.6492,5.9200,62.03,119.00,0.014985
662.7316,5.9200,62.30,119.00,0.014655
662.8137,5.9200,62.30,119.00,0.014151
662.8964,5.9200,62.03,119.00,0.014460
662.9788,5.9200,62.03,119.00,0.014340
663.0608,5.9200,62.30,119.00,0.014522
663.1409,5.9200,62.30,119.00,0.014413
663.2270,5.9410,62.03,119.00,0.014335
663.3121,5.9620,62.57,119.00,0.013871
663.3982,5.9620,62.30,119.00,0.014313
663.4797,5.9620,62.03,119.00,0.015116
663.5642,5.9620,61.76,119.00,0.014431
663.6446,5.9620,62.03,119.00,0.014411
663.7289,5.9620,62.30,119.00,0.013878
663.8118,5.9620,62.30,119.00,0.014449
663.8959,5.9620,61.76,119.00,0.014403
663.9775,5.9620,62.30,119.00,0.013998
664.0597,5.9620,61.76,119.00,0.014512
664.1423,5.9620,62.30,119.00,0.014376
664.2272,5.9160,62.03,119.00,0.014465
664.3107,5.8700,62.03,119.00,0.014407
664.3953,5.8700,61.76,119.00,0.014455
664.4781,5.8700,61.49,119.00,0.014861
664.5601,5.8700,62.30,119.00,0.014356
664.6404,5.8700,62.03,119.00,0.014321
664.7271,5.8700,62.30,118.50,0.014391
664.8072,5.8700,62.03,119.00,0.013985
664.8916,5.8700,62.30,119.00,0.014735
664.9707,5.8700,61.49,119.00,0.014007
665.0535,5.8700,62.30,119.00,0.013916
665.1352,5.8700,62.30,119.00,0.013824
665.2203,5.9025,61.49,119.00,0.014645
665.3002,5.9350,62.30,119.00,0.013849
665.3831,5.9350,62.30,119.00,0.014337
665.4639,5.9350,62.30,119.00,0.014495
665.5538,5.9350,62.03,119.00,0.014267
665.6386,5.9350,62.03,119.00,0.015077
665.7278,5.9350,61.22,119.00,0.015133
665.8147,5.9350,62.30,119.00,0.014624
665.9051,5.9350,62.03,119.00,0.014638
665.9929,5.9350,61.49,119.00,0.014602
666.0818,5.9350,62.30,119.00,0.014978
666.1674,5.9350,61.76,119.00,0.014470
666.2582,5.7100,62.30,119.00,0.014486
666.3424,5.7100,61.22,119.00,0.015558
666.4298,5.7100,62.03,119.00,0.015222
666.5084,5.7100,62.03,119.00,0.013661
666.5954,5.7100,61.76,119.00,0.014062
666.6780,5.7100,62.03,119.00,0.014009
666.7690,5.7100,61.76,119.00,0.014943
666.8548,5.7100,61.76,119.00,0.015429
666.9421,5.7100,62.30,119.00,0.014354
667.0296,5.7100,62.30,119.00,0.015294
667.1199,5.7100,61.76,119.00,0.014549
667.2067,5.8095,62.30,119.00,0.014858
667.2977,5.9090,62.30,119.00,0.014889
667.3850,5.9090,61.76,119.00,0.014336
667.4739,5.9090,62.03,119.50,0.015056
667.5592,5.9090,62.30,120.00,0.014747
667.6475,5.9090,61.76,120.00,0.014795
667.7322,5.9090,62.03,120.00,0.014421
667.8235,5.9090,62.03,120.00,0.014805
667.9127,5.9090,62.30,120.00,0.014735
668.0009,5.9090,62.30,120.00,0.014486
668.0886,5.9090,62.30,120.00,0.014888
668.1773,5.9090,61.76,120.00,0.015283
668.2660,5.8400,61.49,120.00,0.015306
668.3519,5.8400,62.30,120.00,0.013759
668.4324,5.8400,62.30,120.00,0.013774
668.5143,5.8400,62.30,120.00,0.014110
668.5949,5.8400,61.76,120.00,0.014708
668.6808,5.8400,61.76,120.00,0.014518
668.7663,5.8400,62.30,120.00,0.015186
668.8533,5.8400,62.03,120.00,0.013774
668.9341,5.8400,61.76,120.00,0.014569
669.0189,5.8400,61.76,120.00,0.014456
669.1016,5.8400,62.30,120.00,0.014628
669.1845,5.8400,62.30,120.00,0.014756
669.2669,6.0120,62.03,120.00,0.013879
669.3511,6.0120,61.22,120.00,0.014121
669.4347,6.0120,62.03,120.00,0.014406
669.5149,6.0120,62.03,120.00,0.013581
669.5936,6.0120,62.30,120.00,0.013518
669.6755,6.0120,61.22,120.00,0.014393
669.7577,6.0120,62.30,120.00,0.014424
669.8423,6.0120,61.76,120.00,0.014591
669.9229,6.0120,62.30,120.00,0.014102
670.0070,6.0120,62.03,120.00,0.014628
670.0914,6.0120,62.30,120.00,0.014240
670.1781,6.0120,62.30,120.00,0.014445
670.2660,5.9200,62.03,120.00,0.017401
670.3465,5.9200,62.30,120.00,0.013839
670.4257,5.9200,61.76,120.00,0.014182
670.5069,5.9200,61.76,120.00,0.013667
670.5859,5.9200,61.49,120.00,0.013861
670.6666,5.9200,61.76,120.00,0.014084
670.7459,5.9200,62.03,120.00,0.014190
670.8278,5.9200,62.30,120.00,0.014101
670.9101,5.9200,62.30,120.00,0.014472
670.9922,5.9200,62.30,120.00,0.014041
671.0748,5.9200,62.03,120.00,0.014164
671.1597,5.9200,62.03,120.00,0.014727
671.2423,5.9730,62.30,120.50,0.014211
671.3273,5.9730,62.03,121.00,0.014838
671.4097,5.9730,62.03,121.00,0.014335
671.4920,5.9730,61.76,121.00,0.014082
671.5747,5.9730,62.30,121.00,0.014693
671.6617,5.9730,62.30,121.00,0.014616
671.7440,5.9730,62.30,121.00,0.014337
671.8262,5.9730,62.30,121.00,0.014181
671.9066,5.9730,62.30,121.00,0.014450
671.9915,5.9730,62.30,121.00,0.014738
672.0707,5.9730,61.76,121.00,0.013865
672.1524,5.9730,62.30,121.00,0.014163
672.2361,5.9470,62.30,121.00,0.014328
672.3193,5.9470,62.03,121.00,0.014549
672.4043,5.9470,62.03,121.00,0.014586
672.4864,5.9470,62.03,121.00,0.014528
672.5662,5.9470,61.76,121.00,0.014247
672.6508,5.9470,62.30,121.00,0.014225
672.7309,5.9470,61.76,121.00,0.014007
672.8153,5.9470,62.30,122.00,0.014456
672.8978,5.9470,62.03,122.00,0.013612
672.9781,5.9470,61.76,122.00,0.013443
673.0607,5.9470,62.03,122.00,0.014510
673.1474,5.9470,61.76,122.00,0.014927
673.2333,5.9240,61.76,122.00,0.014534
673.3184,5.9010,62.03,122.00,0.013887
673.3971,5.9010,61.76,122.00,0.014221
673.4816,5.9010,62.30,122.00,0.013942
673.5679,5.9010,62.30,122.00,0.014470
673.6561,5.9010,62.30,122.00,0.014568
673.7436,5.9010,62.03,122.00,0.014503
673.8343,5.9010,62.30,122.00,0.014713
673.9195,5.9010,61.76,122.00,0.014828
674.0074,5.9010,61.76,122.00,0.014510
674.0957,5.9010,62.30,122.00,0.015512
674.1862,5.9010,61.76,122.00,0.014776
674.2722,5.7440,62.03,122.00,0.014729
674.3626,5.7440,62.03,122.00,0.014224
674.4510,5.7440,62.03,122.00,0.014329
674.5393,5.7440,62.30,122.00,0.014898
674.6249,5.7440,62.03,122.00,0.014884
674.7149,5.7440,61.76,122.00,0.016045
674.7999,5.7440,62.30,122.00,0.014507
674.8874,5.7440,61.76,122.00,0.014388
674.9757,5.7440,61.49,122.00,0.014280
675.0662,5.7440,62.03,122.00,0.015033
675.1492,5.7440,62.30,122.00,0.015240
675.2399,5.7860,61.76,122.00,0.014528
675.3249,5.7860,62.30,122.00,0.015008
675.4166,5.7860,62.03,122.00,0.015478
675.5023,5.7860,62.30,122.00,0.014938
675.5903,5.7860,61.49,122.00,0.014635
675.6711,5.7860,62.03,122.00,0.013818
675.7541,5.7860,61.76,122.00,0.013439
675.8333,5.7860,61.76,122.00,0.013515
675.9195,5.7860,61.76,122.00,0.014156
676.0080,5.7860,62.30,122.00,0.014856
676.0947,5.7860,61.76,122.00,0.013850
676.1733,5.7860,61.76,122.00,0.013816
676.2545,5.7860,61.49,122.00,0.013517
676.3332,5.7860,62.30,122.00,0.013502
676.4193,5.8605,62.03,122.00,0.014821
676.5065,5.9350,62.03,123.00,0.013839
676.5936,5.9350,62.03,123.00,0.014528
676.6792,5.9350,62.03,123.00,0.014877
676.7682,5.9350,61.76,123.00,0.015071
676.8529,5.9350,61.49,123.00,0.014886
676.9384,5.9350,61.49,123.00,0.013933
677.0171,5.9350,62.03,123.00,0.013447
677.0983,5.9350,61.76,123.00,0.013691
677.1784,5.9350,62.30,123.00,0.014259
677.2611,5.8250,62.03,123.00,0.014066
677.3419,5.8250,62.03,123.00,0.014445
677.4283,5.8250,61.76,123.00,0.014315
677.5125,5.8250,62.03,123.00,0.014343
677.5962,5.8250,62.03,123.00,0.014157
677.6766,5.8250,62.30,123.00,0.014562
677.7585,5.8250,62.03,123.00,0.014062
677.8412,5.8250,62.30,123.00,0.014748
677.9317,5.8250,62.30,123.00,0.014863
678.0162,5.8250,62.30,123.00,0.015451
678.1065,5.8250,62.03,123.00,0.014805
678.1915,5.8250,62.03,123.00,0.014938
678.2748,5.8510,61.76,123.00,0.013833
678.3550,5.8510,61.76,123.00,0.014254
678.4391,5.8510,62.03,123.00,0.014214
678.5189,5.8510,61.76,123.00,0.014510
678.6028,5.8510,62.30,123.00,0.014377
678.6826,5.8510,62.30,123.00,0.014223
678.7668,5.8510,62.30,123.00,0.014209
678.8470,5.8510,61.76,123.00,0.014608
678.9311,5.8510,62.30,123.00,0.014163
679.0154,5.8510,61.76,123.00,0.014314
679.1027,5.8510,62.30,123.00,0.014314
679.1845,5.8510,62.30,123.00,0.014091
679.2703,5.8510,62.03,123.00,0.014259
679.3525,5.8510,62.30,123.00,0.014455
679.4338,5.8510,62.03,123.00,0.013960
679.5143,5.8510,62.03,123.00,0.014757
679.5958,5.8510,62.30,123.00,0.013720
679.6764,5.8510,62.03,123.00,0.013456
679.7573,5.8510,62.30,123.00,0.013613
679.8387,5.8510,62.03,123.00,0.014409
679.9225,5.8510,62.03,123.00,0.014293
680.0027,5.8510,61.49,123.00,0.014251
680.0867,5.8510,62.03,123.00,0.014112
680.1671,5.8510,62.30,123.00,0.014494
680.2539,5.8855,62.03,123.00,0.015457
680.3428,5.9200,62.30,123.00,0.015224
680.4333,5.9200,62.03,123.00,0.014770
680.5195,5.9200,61.76,123.00,0.014826
680.6084,5.9200,62.03,123.00,0.014596
680.6972,5.9200,62.30,123.00,0.014873
680.7850,5.9200,62.30,123.00,0.014627
680.8733,5.9200,62.30,123.00,0.014879
680.9616,5.9200,62.03,123.00,0.014893
681.0466,5.9200,62.30,123.50,0.014336
681.1272,5.9200,62.30,124.00,0.013803
681.2065,5.9200,61.76,124.00,0.013658
681.2870,5.9200,61.76,124.00,0.013392
681.3716,5.9200,61.76,124.00,0.015293
681.4589,5.9200,62.03,124.00,0.014582
681.5422,5.9200,61.76,124.00,0.014568
681.6285,5.9200,62.03,124.00,0.014571
681.7164,5.9200,62.30,124.00,0.015249
681.8052,5.9200,62.03,124.00,0.015280
681.8913,5.9200,62.30,124.00,0.015277
681.9782,5.9200,62.30,124.00,0.014781
682.0642,5.9200,62.30,124.00,0.014151
682.1463,5.9200,61.76,124.00,0.014006
682.2338,5.9200,62.03,124.00,0.014823
682.3199,5.9200,61.76,124.00,0.015208
682.4079,5.9450,62.03,124.00,0.015394
682.4973,5.9700,62.03,124.00,0.014838
682.5824,5.9700,62.03,124.00,0.014998
682.6639,5.9700,61.76,124.00,0.013724
682.7434,5.9700,62.03,124.00,0.013684
682.8249,5.9700,61.22,124.00,0.013805
682.9072,5.9700,62.30,124.00,0.014827
682.9953,5.9700,61.49,124.00,0.014690
683.0833,5.9700,61.49,124.00,0.014613
683.1708,5.9700,62.03,124.00,0.014194
683.2547,5.9700,62.03,124.00,0.014681
683.3406,5.9700,61.76,124.00,0.015204
683.4234,5.9700,62.03,124.00,0.014794
683.5070,5.9700,62.30,124.00,0.013824
683.5891,5.9700,62.30,124.00,0.014223
683.6765,5.9700,62.30,124.00,0.014374
683.7561,5.9700,61.76,124.00,0.013958
683.8376,5.9700,61.76,124.00,0.013668
683.9193,5.9700,61.76,124.00,0.013877
684.0077,5.9700,61.76,124.00,0.014736
684.0918,5.9700,61.76,124.00,0.014685
684.1822,5.9700,62.30,124.00,0.014468
684.2691,5.9700,61.49,124.00,0.015485
684.3547,5.9700,61.76,124.00,0.014482
684.4401,5.9605,61.76,124.00,0.014497
684.5245,5.9510,61.76,124.00,0.014184
684.6048,5.9510,61.76,124.00,0.014371
684.6871,5.9510,62.03,124.00,0.014364
684.7701,5.9510,62.30,124.00,0.014518
684.8558,5.9510,62.03,124.00,0.014138
684.9368,5.9510,62.30,124.00,0.013668
685.0196,5.9510,62.30,124.00,0.014122
685.1011,5.9510,62.03,124.00,0.013983
685.1830,5.9510,62.30,124.00,0.014408
685.2633,6.0000,62.03,124.00,0.014221
685.3467,6.0000,61.76,124.00,0.014012
685.4273,6.0000,62.30,124.00,0.014227
685.5114,6.0000,61.76,123.00,0.013974
685.5954,6.0000,62.30,123.00,0.014901
685.6857,6.0000,62.30,124.00,0.014856
685.7705,6.0000,62.03,124.00,0.014913
685.8557,6.0000,62.30,124.00,0.015148
685.9411,6.0000,62.03,124.00,0.014570
686.0309,6.0000,62.30,124.00,0.014240
686.1179,6.0000,62.03,124.00,0.015092
686.2045,5.9085,62.03,124.00,0.014818
686.2905,5.8170,62.30,124.00,0.014461
686.3763,5.8170,61.76,124.00,0.013749
686.4578,5.8170,62.30,124.00,0.013872
686.5434,5.8170,61.49,124.00,0.014215
686.6315,5.8170,62.03,124.00,0.014901
686.7206,5.8170,62.03,124.00,0.015141
686.8072,5.8170,62.03,124.00,0.014184
686.8910,5.8170,62.30,124.00,0.013986
686.9706,5.8170,61.49,124.00,0.014325
687.0526,5.8170,62.03,124.00,0.014396
687.1392,5.8170,62.30,124.00,0.015150
687.2297,5.8990,61.49,124.00,0.014930
687.3162,5.9810,61.49,124.00,0.015036
687.4038,5.9810,61.76,124.00,0.015337
687.4839,5.9810,62.30,124.00,0.013903
687.5668,5.9810,62.30,124.00,0.014453
687.6515,5.9810,62.30,124.00,0.014590
687.7354,5.9810,61.76,124.00,0.014229
687.8148,5.9810,62.03,124.00,0.014261
687.8988,5.9810,61.49,124.00,0.013967
687.9806,5.9810,61.76,124.00,0.014177
688.0634,5.9810,61.76,124.00,0.014247
688.1433,5.9810,62.30,124.00,0.014533
688.2274,5.9810,61.76,124.00,0.014393
688.3060,5.9810,61.76,124.00,0.013988
688.3870,5.9810,62.30,124.00,0.013949
688.4664,5.9810,61.76,124.00,0.013988
688.5470,5.9810,62.30,124.00,0.013715
688.6254,5.9810,62.30,124.00,0.013688
688.7077,5.9810,62.03,124.00,0.014807
688.7874,5.9810,61.76,124.00,0.014624
688.8700,5.9810,62.03,124.00,0.014424
688.9517,5.9810,62.03,124.00,0.014164
689.0361,5.9810,62.03,124.00,0.014451
689.1173,5.9810,62.30,124.00,0.013880
689.1997,5.9810,62.30,124.00,0.014635
689.2797,5.9810,61.49,124.00,0.014141
689.3661,5.9810,62.30,124.00,0.014205
689.4485,5.9810,62.30,124.00,0.014570
689.5323,5.9240,62.30,124.00,0.014533
689.6165,5.9240,62.03,124.00,0.014138
689.6985,5.9240,62.03,124.00,0.014260
689.7824,5.9240,62.03,124.00,0.014265
689.8643,5.9240,62.30,124.00,0.013975
689.9423,5.9240,62.03,124.00,0.013570
690.0231,5.9240,62.30,124.00,0.013824
690.1046,5.9240,62.30,124.00,0.014221
690.1869,5.9565,61.76,124.00,0.014498
690.2666,5.9890,62.03,124.00,0.014051
690.3482,5.9890,62.30,124.00,0.014321
690.4307,5.9890,62.30,124.00,0.014726
690.5155,5.9890,62.30,124.00,0.014317
690.5966,5.9890,62.30,124.00,0.015206
690.6791,5.9890,61.76,124.00,0.014554
690.7595,5.9890,62.03,124.00,0.014282
690.8443,5.9890,62.30,124.00,0.014230
690.9291,5.9890,61.76,124.00,0.014389
691.0155,5.9890,62.30,124.00,0.014433
691.0980,5.9890,61.76,124.00,0.014029
691.1825,5.9890,62.03,124.00,0.014367
691.2634,5.9430,62.03,124.00,0.014506
691.3476,5.9430,61.76,124.00,0.014342
691.4298,5.9430,62.30,124.00,0.014175
691.5109,5.9430,62.30,124.00,0.013676
691.5902,5.9430,61.76,124.00,0.014018
691.6724,5.9430,61.76,124.00,0.014519
691.7544,5.9430,62.30,124.00,0.013784
691.8386,5.9430,62.30,123.50,0.014215
691.9186,5.9430,62.30,123.00,0.014136
692.0039,5.9430,62.03,123.00,0.014431
692.0885,5.9430,61.49,123.50,0.014276
692.1718,5.9430,62.30,123.00,0.014385
692.2568,5.9105,61.49,123.50,0.014773
692.3405,5.8780,62.30,124.00,0.014539
692.4236,5.8780,61.76,124.00,0.014477
692.5098,5.8780,62.30,124.00,0.014564
692.5961,5.8780,62.03,124.00,0.015006
692.6847,5.8780,62.03,124.00,0.014127
692.7733,5.8780,62.30,124.00,0.015024
692.8630,5.8780,61.76,124.00,0.015083
692.9510,5.8780,62.30,124.00,0.015378
693.0414,5.8780,62.30,123.50,0.014941
693.1270,5.8780,62.03,123.50,0.014681
693.2154,5.8915,62.30,123.00,0.014599
693.3015,5.9050,62.30,123.00,0.014512
693.3923,5.9050,62.30,123.00,0.015354
693.4795,5.9050,62.30,123.00,0.015658
693.5643,5.9050,61.49,123.00,0.014935
693.6480,5.9050,61.76,123.00,0.015023
693.7384,5.9050,62.03,123.00,0.014509
693.8237,5.9050,61.76,123.00,0.015167
693.9131,5.9050,62.03,123.00,0.014720
694.0017,5.9050,62.03,123.00,0.014769
694.0872,5.9050,61.76,123.00,0.014506
694.1725,5.9050,62.03,123.00,0.014206
694.2561,5.9050,62.03,123.00,0.014179
694.3380,5.9050,62.03,123.00,0.014731
694.4225,5.9050,61.49,123.00,0.013798
694.5036,5.9050,61.76,123.00,0.014524
694.5852,5.9050,62.30,123.00,0.013575
694.6654,5.9050,62.30,123.50,0.013938
694.7467,5.9050,61.76,124.00,0.014147
694.8272,5.9050,62.03,124.00,0.014395
694.9109,5.9050,62.03,124.00,0.014275
694.9917,5.9050,62.30,124.00,0.014634
695.0756,5.9050,62.03,124.00,0.014306
695.1578,5.9050,62.03,124.00,0.014198
695.2427,5.9240,62.30,124.00,0.014281
695.3224,5.9240,62.03,124.00,0.014273
695.4037,5.9240,62.03,124.00,0.014083
695.4867,5.9240,61.76,124.00,0.014719
695.5684,5.9240,62.03,124.00,0.014494
695.6507,5.9240,62.03,124.00,0.014167
695.7348,5.9240,62.30,124.00,0.014344
695.8148,5.9240,61.49,124.00,0.013734
695.8990,5.9240,62.03,124.00,0.014271
695.9792,5.9240,62.03,124.00,0.014267
696.0617,5.9240,62.03,124.00,0.014184
696.1425,5.9240,62.30,124.00,0.014147
696.2245,5.9545,61.76,124.00,0.014245
696.3068,5.9850,62.30,124.00,0.014257
696.3919,5.9850,62.03,124.00,0.014003
696.4770,5.9850,62.03,124.00,0.014185
696.5633,5.9850,62.30,124.00,0.014320
696.6442,5.9850,62.30,124.00,0.014749
696.7262,5.9850,62.03,124.00,0.014720
696.8064,5.9850,61.76,124.00,0.013976
696.8926,5.9850,62.30,124.00,0.014118
696.9755,5.9850,62.30,124.00,0.014544
697.0593,5.9850,62.30,124.00,0.014235
697.1424,5.9850,62.03,124.00,0.014375
697.2263,5.9985,62.03,124.00,0.014171
697.3068,6.0120,62.30,124.00,0.014004
697.3906,6.0120,62.03,124.00,0.013788
697.4713,6.0120,62.30,124.00,0.014508
697.5551,6.0120,62.30,124.00,0.014122
697.6394,6.0120,62.03,124.00,0.014244
697.7234,6.0120,62.03,124.00,0.014297
697.8062,6.0120,62.03,124.00,0.014169
697.8925,6.0120,62.03,124.00,0.014158
697.9733,6.0120,62.30,124.00,0.014642
698.0595,6.0120,62.30,124.00,0.014650
698.1418,6.0120,61.49,124.00,0.014112
698.2272,5.9355,62.30,124.00,0.014660
698.3107,5.8590,62.30,124.00,0.014282
698.3953,5.8590,62.03,124.00,0.014841
698.4755,5.8590,61.76,124.00,0.014302
698.5577,5.8590,61.76,124.00,0.014153
698.6392,5.8590,62.30,124.00,0.014112
698.7232,5.8590,61.76,124.00,0.014198
698.8036,5.8590,62.03,124.00,0.014278
698.8872,5.8590,62.03,124.00,0.014071
698.9669,5.8590,62.03,124.00,0.014051
699.0513,5.8590,62.03,124.00,0.014425
699.1299,5.8590,62.03,124.00,0.013733
699.2104,5.8590,62.03,124.00,0.013726
699.2908,5.8590,62.30,124.00,0.014874
699.3791,5.9350,61.76,124.00,0.013941
699.4644,5.9350,62.03,124.00,0.014292
699.5486,5.9350,61.76,124.00,0.014404
699.6319,5.9350,61.22,124.00,0.014934
699.7159,5.9350,61.49,124.00,0.013864
699.7961,5.9350,61.76,124.00,0.014186
699.8783,5.9350,62.30,124.00,0.014112
699.9631,5.9350,62.30,124.00,0.014057
700.0480,5.9350,62.03,124.00,0.014488
700.1283,5.9350,62.03,124.00,0.014166
700.2146,5.9485,62.57,124.00,0.014217
700.2978,5.9620,62.03,124.00,0.014456
700.3822,5.9620,62.30,124.00,0.014355
700.4645,5.9620,62.30,124.00,0.014275
700.5485,5.9620,62.03,124.00,0.014155
700.6309,5.9620,61.76,124.00,0.014417
700.7153,5.9620,62.03,124.00,0.014573
700.7982,5.9620,62.03,124.00,0.014199
700.8828,5.9620,61.76,124.00,0.014140
700.9662,5.9620,62.30,124.00,0.014380
701.0500,5.9620,62.30,124.00,0.014128
701.1300,5.9620,62.03,124.00,0.014417
701.2165,5.9870,62.30,124.00,0.014147
701.2994,6.0120,61.76,124.00,0.014180
701.3839,6.0120,62.30,124.00,0.014477
701.4671,6.0120,61.76,124.00,0.014516
701.5514,6.0120,62.30,124.00,0.014383
701.6335,6.0120,62.03,124.00,0.014469
701.7159,6.0120,61.76,124.00,0.014001
701.7987,6.0120,62.30,124.00,0.013950
701.8811,6.0120,62.03,124.00,0.014500
701.9671,6.0120,62.30,124.00,0.015128
702.0517,6.0120,62.30,124.00,0.014493
702.1348,6.0120,62.03,124.00,0.014049
702.2205,5.9125,62.30,124.00,0.014319
702.3059,5.8130,62.30,124.00,0.014406
702.3885,5.8130,62.30,124.00,0.014427
702.4726,5.8130,62.03,124.00,0.014565
702.5546,5.8130,62.03,124.00,0.014312
702.6347,5.8130,61.76,124.00,0.013971
702.7196,5.8130,62.30,124.00,0.014112
702.8031,5.8130,62.03,124.00,0.014157
702.8871,5.8130,62.30,124.00,0.014284
702.9677,5.8130,61.76,124.00,0.014369
703.0520,5.8130,62.30,124.00,0.014162
703.1345,5.8130,61.76,124.00,0.014103
703.2195,5.8740,62.03,124.00,0.014662
703.3031,5.9350,62.30,124.00,0.014635
703.3875,5.9350,62.03,124.00,0.014554
703.4701,5.9350,61.76,124.00,0.014290
703.5520,5.9350,62.30,124.00,0.014289
703.6339,5.9350,62.03,124.00,0.013963
703.7146,5.9350,62.30,124.00,0.013843
703.7941,5.9350,62.03,124.00,0.014117
703.8779,5.9350,62.30,124.00,0.014088
703.9586,5.9350,62.30,124.00,0.014479
704.0427,5.9350,62.30,124.00,0.014255
704.1276,5.9350,61.76,124.00,0.014443
704.2123,5.9200,62.03,124.00,0.014491
704.2955,5.9050,61.76,124.00,0.014413
704.3802,5.9050,62.03,124.00,0.014193
704.4634,5.9050,62.03,124.00,0.014155
704.5478,5.9050,62.03,124.00,0.014353
704.6335,5.9050,62.30,124.00,0.015101
704.7151,5.9050,62.03,123.00,0.014429
704.7978,5.9050,62.30,123.00,0.014142
704.8823,5.9050,62.30,123.00,0.014253
704.9629,5.9050,62.30,123.00,0.014484
705.0447,5.9050,62.03,123.00,0.014437
705.1270,5.9050,61.76,123.50,0.014133
705.2101,5.9050,62.30,123.00,0.013476
705.2893,5.9050,62.03,123.00,0.013899
705.3731,5.9450,62.03,123.00,0.014268
705.4544,5.9850,62.30,123.00,0.015023
705.5357,5.9850,61.76,123.00,0.013719
705.6141,5.9850,62.03,123.00,0.013649
705.6962,5.9850,62.03,123.00,0.014133
705.7788,5.9850,62.03,123.50,0.014485
705.8632,5.9850,62.30,123.00,0.014219
705.9463,5.9850,62.30,123.00,0.014442
706.0302,5.9850,62.03,123.00,0.014273
706.1154,5.9850,62.30,123.00,0.014650
706.2003,5.9660,62.30,123.00,0.014512
706.2837,5.9470,62.30,123.00,0.014424
706.3673,5.9470,62.30,123.00,0.014279
706.4481,5.9470,62.03,123.00,0.014644
706.5323,5.9470,62.03,123.00,0.014076
706.6144,5.9470,62.30,123.00,0.014309
706.6995,5.9470,62.30,123.00,0.014400
706.7824,5.9470,62.03,123.00,0.013964
706.8635,5.9470,62.30,123.00,0.013780
706.9452,5.9470,62.03,123.00,0.013791
707.0275,5.9470,62.30,123.00,0.014285
707.1112,5.9470,61.76,123.00,0.014498
707.1968,5.9295,62.03,123.00,0.014984
707.2784,5.9120,61.76,123.00,0.014294
707.3649,5.9120,62.30,123.00,0.014535
707.4477,5.9120,61.49,123.00,0.014395
707.5326,5.9120,62.30,123.00,0.014086
707.6159,5.9120,62.30,123.00,0.014621
707.7005,5.9120,61.76,123.00,0.014644
707.7811,5.9120,62.30,123.00,0.014783
707.8676,5.9120,62.30,123.00,0.014304
707.9503,5.9120,61.76,123.00,0.014435
708.0320,5.9120,62.30,123.00,0.014233
708.1146,5.9120,62.03,123.00,0.014644
708.1956,5.9120,62.30,123.00,0.013843
708.2755,5.9120,62.30,123.00,0.014443
708.3589,5.9120,61.76,123.00,0.014024
708.4390,5.9120,62.30,123.00,0.013820
708.5233,5.9120,62.03,123.00,0.014296
708.6064,5.9120,62.30,123.00,0.014437
708.6917,5.9120,62.03,123.00,0.014421
708.7752,5.9120,61.76,123.00,0.014751
708.8600,5.9120,61.76,123.00,0.014008
708.9437,5.9120,62.03,123.00,0.014496
709.0285,5.9120,62.30,123.00,0.014594
709.1123,5.9120,62.30,123.00,0.014511
709.1996,5.9120,61.76,122.50,0.014575
709.2829,5.9120,62.30,122.00,0.014606
709.3681,5.9120,61.76,122.00,0.014127
709.4512,5.9120,62.03,122.00,0.014450
709.5350,5.9120,61.76,122.00,0.014270
709.6196,5.9715,62.03,122.00,0.014519
709.7042,6.0310,62.30,122.00,0.013964
709.7847,6.0310,62.03,122.00,0.014271
709.8687,6.0310,62.03,122.00,0.014318
709.9507,6.0310,62.03,122.00,0.014231
710.0328,6.0310,62.03,122.00,0.014320
710.1155,6.0310,62.03,122.00,0.013804
710.1959,6.0310,61.76,122.00,0.013712
710.2788,6.0310,62.03,122.00,0.013780
710.3588,6.0310,62.03,122.00,0.013864
710.4435,5.9730,61.76,122.00,0.014317
710.5273,5.9730,62.03,122.00,0.014093
710.6101,5.9730,62.30,122.00,0.014555
710.6943,5.9730,61.76,122.00,0.014629
710.7768,5.9730,62.30,122.00,0.014635
710.8588,5.9730,62.30,122.00,0.014130
710.9415,5.9730,62.30,122.00,0.014171
711.0236,5.9730,62.03,122.00,0.014307
711.1061,5.9730,62.30,122.00,0.014146
711.1877,5.9730,62.30,122.00,0.014257
711.2710,5.9920,62.03,122.00,0.014386
711.3555,5.9920,61.76,122.00,0.014663
711.4379,5.9920,62.03,122.00,0.014076
711.5227,5.9920,61.76,122.00,0.014917
711.6039,5.9920,62.03,122.00,0.013768
711.6843,5.9920,62.03,122.00,0.013896
711.7660,5.9920,62.03,122.00,0.013936
711.8501,5.9920,62.03,122.00,0.014089
711.9301,5.9920,62.03,122.00,0.014414
712.0119,5.9920,62.03,122.00,0.014499
712.0931,5.9920,62.30,122.00,0.014821
712.1748,5.9920,61.76,122.00,0.013871
712.2553,5.8740,62.30,122.00,0.013742
712.3396,5.8740,62.30,122.00,0.014280
712.4225,5.8740,62.03,122.00,0.014731
712.5048,5.8740,61.76,122.00,0.014724
712.5873,5.8740,62.30,122.00,0.014506
712.6712,5.8740,61.76,122.00,0.013840
712.7519,5.8740,61.76,122.00,0.014010
712.8341,5.8740,62.30,122.00,0.014339
712.9158,5.8740,62.30,122.00,0.013764
712.9984,5.8740,62.30,122.00,0.013606
713.0783,5.8740,62.03,121.50,0.014462
713.1627,5.8740,62.30,121.00,0.014324
713.2465,5.9620,62.30,121.00,0.014712
713.3281,5.9620,61.49,121.00,0.013989
713.4130,5.9620,62.30,121.00,0.014804
713.4996,5.9620,62.30,121.00,0.014454
713.5792,5.9620,61.76,121.00,0.013374
713.6659,5.9620,62.30,121.00,0.014295
713.7456,5.9620,62.30,121.00,0.014519
713.8277,5.9620,62.03,121.00,0.014442
713.9107,5.9620,62.30,121.00,0.014754
713.9939,5.9620,61.76,121.00,0.014598
714.0754,5.9620,62.03,121.00,0.014376
714.1604,5.9620,62.03,121.00,0.014284
714.2428,5.9730,61.76,121.00,0.014740
714.3273,5.9730,62.30,121.00,0.014120
714.4104,5.9730,62.03,121.50,0.014605
714.4914,5.9730,62.03,121.00,0.013450
714.5731,5.9730,62.30,121.50,0.013693
714.6563,5.9730,61.76,121.00,0.013813
714.7385,5.9730,61.76,121.00,0.014540
714.8218,5.9730,61.49,121.00,0.013344
714.9008,5.9730,62.30,121.00,0.013800
714.9817,5.9730,61.49,121.00,0.013964
715.0615,5.9730,62.03,121.00,0.013932
715.1502,5.9730,62.30,121.00,0.014950
715.2389,5.9510,62.03,121.00,0.014163
715.3192,5.9510,62.30,121.00,0.013925
715.3989,5.9510,62.30,121.00,0.014153
715.4836,5.9510,62.30,121.00,0.014581
715.5701,5.9510,61.76,121.00,0.015231
715.6577,5.9510,61.76,121.00,0.014681
715.7418,5.9510,62.03,121.00,0.014826
715.8310,5.9510,62.03,121.00,0.014840
715.9197,5.9510,62.30,121.00,0.015022
716.0086,5.9510,62.03,121.00,0.015403
716.0973,5.9510,62.30,121.00,0.014975
716.1845,5.9510,62.30,121.00,0.014122
716.2720,5.8930,62.03,121.00,0.014967
716.3601,5.8930,62.03,121.00,0.014977
716.4491,5.8930,61.49,121.00,0.014657
716.5397,5.8930,61.76,121.00,0.014458
716.6267,5.8930,62.30,121.00,0.015612
716.7169,5.8930,61.22,121.00,0.014735
716.8027,5.8930,62.03,121.00,0.014980
716.8877,5.8930,61.76,121.00,0.014803
716.9763,5.8930,62.03,121.00,0.014995
717.0644,5.8930,61.49,121.00,0.014682
717.1528,5.8930,62.03,121.00,0.014218
717.2437,5.8590,62.30,121.00,0.014750
717.3298,5.8590,61.49,121.00,0.014889
717.4202,5.8590,61.49,121.00,0.015406
717.5065,5.8590,61.76,121.00,0.014013
717.5894,5.8590,62.30,121.00,0.014042
717.6698,5.8590,61.22,121.00,0.013895
717.7594,5.8590,62.03,121.00,0.015438
717.8480,5.8590,62.30,121.00,0.015123
717.9361,5.8590,62.03,121.00,0.014960
718.0252,5.8590,61.49,121.00,0.015199
718.1142,5.8590,62.03,121.00,0.014853
718.2033,5.8475,62.30,120.50,0.014431
718.2900,5.8360,61.76,120.50,0.014924
718.3707,5.8360,61.76,120.00,0.014287
718.4518,5.8360,61.76,120.50,0.013494
718.5312,5.8360,62.30,120.00,0.013905
718.6174,5.8360,61.76,120.00,0.013783
718.6987,5.8360,62.03,120.00,0.014668
718.7839,5.8360,61.76,120.00,0.014145
718.8637,5.8360,62.03,120.50,0.014316
718.9460,5.8360,62.30,120.00,0.013834
719.0268,5.8360,62.30,121.00,0.014344
719.1092,5.8360,62.30,120.00,0.014010
719.1907,5.9045,62.30,120.00,0.014792
719.2753,5.9730,62.03,120.00,0.014036
719.3560,5.9730,62.30,120.50,0.014308
719.4423,5.9730,61.76,120.00,0.013694
719.5206,5.9730,62.30,120.00,0.013338
719.6016,5.9730,62.03,120.00,0.013573
719.6810,5.9730,61.76,120.00,0.013927
719.7631,5.9730,62.30,120.00,0.014647
719.8474,5.9730,62.03,120.00,0.014232
719.9294,5.9730,62.30,120.00,0.013892
720.0090,5.9730,61.49,120.00,0.013728
720.0909,5.9730,62.30,120.00,0.014081
720.1705,5.9730,62.30,120.00,0.013750
720.2574,5.9390,62.30,120.00,0.015608
720.3382,5.9390,62.30,120.00,0.014215
720.4218,5.9390,61.76,120.00,0.014266
720.5055,5.9390,62.03,120.00,0.015240
720.5944,5.9390,61.76,120.00,0.016096
720.6841,5.9390,62.30,120.00,0.016221
720.7730,5.9390,62.30,120.00,0.014650
720.8621,5.9390,62.30,120.00,0.015237
720.9525,5.9390,62.03,120.00,0.014877
721.0414,5.9390,62.03,120.00,0.015230
721.1307,5.9390,61.76,120.00,0.014913
721.2188,5.8875,62.03,120.00,0.015045
721.3068,5.8360,61.76,120.00,0.015070
721.3954,5.8360,62.30,120.00,0.015120
721.4818,5.8360,62.30,120.00,0.013656
721.5620,5.8360,62.03,120.00,0.013868
721.6487,5.8360,61.76,120.00,0.014787
721.7328,5.8360,62.03,120.00,0.014038
721.8230,5.8360,62.30,120.00,0.014922
721.9118,5.8360,62.30,120.00,0.014912
722.0018,5.8360,61.76,120.00,0.014544
722.0902,5.8360,62.03,120.00,0.014684
722.1748,5.8360,62.03,120.00,0.013824
722.2542,5.8360,61.76,120.00,0.013947
722.3388,5.8360,62.03,120.00,0.014260
722.4247,5.8360,62.03,120.00,0.014005
722.5061,5.8360,61.76,120.00,0.013949
722.5871,5.8360,61.76,120.00,0.014546
722.6763,5.8360,62.30,120.00,0.015133
722.7596,5.8360,62.03,120.00,0.013710
722.8439,5.8360,61.76,120.00,0.014666
722.9283,5.8360,62.03,120.00,0.013798
723.0143,5.8360,62.30,120.00,0.014668
723.1027,5.8360,62.03,120.00,0.014015
723.1903,5.8360,62.03,120.00,0.014578
723.2767,5.8320,62.03,120.00,0.015356
723.3648,5.8280,61.76,120.00,0.014326
723.4545,5.8280,62.03,120.00,0.014951
723.5425,5.8280,62.30,120.00,0.014937
723.6264,5.8280,62.03,120.00,0.014764
723.7163,5.8280,62.03,120.00,0.014429
723.8045,5.8280,61.76,120.00,0.015604
723.8915,5.8280,62.30,120.00,0.014468
723.9736,5.8280,61.76,120.00,0.014260
724.0595,5.8280,61.49,120.00,0.014146
724.1401,5.8280,62.03,120.00,0.014003
724.2225,5.8130,61.76,120.00,0.014396
724.3078,5.7980,62.03,120.00,0.014568
724.3946,5.7980,61.49,120.00,0.014212
724.4753,5.7980,61.49,120.00,0.014721
724.5590,5.7980,62.30,120.00,0.014175
724.6417,5.7980,62.03,120.00,0.014184
724.7241,5.7980,61.76,120.00,0.014688
724.8047,5.7980,61.76,120.00,0.014336
724.8862,5.7980,62.03,120.00,0.013765
724.9651,5.7980,62.03,120.00,0.013774
725.0452,5.7980,62.30,120.00,0.013662
725.1271,5.7980,61.76,120.00,0.014612
725.2111,5.8780,62.30,120.00,0.014262
725.2926,5.9580,62.03,120.00,0.014466
725.3784,5.9580,62.30,120.00,0.013938
725.4616,5.9580,61.49,120.00,0.014491
725.5439,5.9580,62.03,120.00,0.014476
725.6261,5.9580,62.30,120.00,0.014199
725.7062,5.9580,62.30,120.00,0.013764
725.7872,5.9580,61.76,120.00,0.014375
725.8683,5.9580,62.03,120.00,0.014242
725.9512,5.9580,62.30,120.00,0.014202
726.0355,5.9580,61.76,120.00,0.014476
726.1161,5.9580,61.76,120.00,0.014520
726.1982,5.9580,61.76,120.00,0.014167
726.2789,5.9580,62.30,120.00,0.014160
726.3608,5.9580,62.30,120.00,0.014024
726.4436,5.9580,62.30,120.00,0.014693
726.5262,5.9580,61.76,120.00,0.014509
726.6064,5.9580,62.30,120.00,0.014479
726.6912,5.9580,61.76,120.00,0.014330
726.7733,5.9580,61.76,120.00,0.014216
726.8578,5.9580,62.30,120.00,0.014206
726.9373,5.9580,62.03,120.00,0.013404
727.0180,5.9580,61.49,120.00,0.013774
727.0989,5.9580,61.76,120.00,0.013971
727.1831,5.9580,62.30,120.00,0.014544
727.2657,5.9580,62.30,120.00,0.014486
727.3512,5.9430,62.03,120.00,0.014411
727.4329,5.9430,62.30,120.00,0.013950
727.5169,5.9430,62.03,120.00,0.013939
727.5972,5.9430,62.30,120.00,0.013725
727.6790,5.9430,61.76,120.00,0.014385
727.7600,5.9430,62.30,120.00,0.014574
727.8422,5.9430,62.03,121.00,0.014102
727.9232,5.9430,62.30,121.00,0.014626
728.0073,5.9430,62.30,121.00,0.013952
728.0911,5.9430,62.30,121.00,0.014527
728.1754,5.9430,62.03,121.00,0.014341
728.2591,5.9310,62.03,121.00,0.014199
728.3430,5.9310,62.30,121.00,0.013469
728.4216,5.9310,61.76,120.50,0.013608
728.5028,5.9310,62.30,120.00,0.013780
728.5817,5.9310,62.30,120.00,0.013799
728.6623,5.9310,62.03,120.00,0.013657
728.7428,5.9310,62.30,120.00,0.013561
728.8268,5.9310,62.30,120.00,0.014091
728.9095,5.9310,62.30,120.00,0.014250
728.9915,5.9310,62.30,120.00,0.014324
729.0710,5.9310,62.30,120.00,0.014064
729.1514,5.9310,62.30,120.00,0.013977
729.2320,5.9310,62.03,120.00,0.014155
729.3197,5.9510,61.49,120.00,0.014586
729.4021,5.9510,62.30,120.00,0.014344
729.4866,5.9510,62.03,120.00,0.014030
729.5710,5.9510,62.03,120.00,0.013901
729.6551,5.9510,61.76,120.00,0.014279
729.7358,5.9510,62.30,120.00,0.014416
729.8178,5.9510,62.30,120.00,0.014050
729.8975,5.9510,62.03,120.00,0.013504
729.9791,5.9510,62.30,120.00,0.014185
730.0627,5.9510,61.76,120.00,0.014278
730.1501,5.9510,62.03,120.00,0.014816
730.2360,5.9730,62.03,121.00,0.014779
730.3256,5.9730,62.30,121.00,0.014606
730.4089,5.9730,62.30,121.00,0.015024
730.4987,5.9730,62.30,121.00,0.014326
730.5878,5.9730,62.30,121.00,0.015198
730.6749,5.9730,61.76,121.00,0.014515
730.7615,5.9730,61.49,121.00,0.014887
730.8518,5.9730,61.49,121.00,0.014807
730.9401,5.9730,62.03,121.00,0.014940
731.0277,5.9730,61.76,121.00,0.014984
731.1137,5.9730,62.30,121.00,0.014305
731.2005,5.9255,62.03,121.00,0.015045
731.2890,5.8780,62.03,121.00,0.014184
731.3802,5.8780,62.03,121.00,0.015139
731.4664,5.8780,62.30,121.00,0.015165
731.5558,5.8780,62.03,121.00,0.014959
731.6445,5.8780,62.03,121.00,0.015158
731.7344,5.8780,62.30,121.00,0.014713
731.8212,5.8780,62.03,121.00,0.014644
731.9114,5.8780,62.03,121.00,0.014687
732.0000,5.8780,61.76,121.00,0.014822
732.0877,5.8780,62.03,121.00,0.014865
732.1755,5.8780,61.76,121.00,0.014776
732.2641,5.7600,62.03,121.00,0.015067
732.3526,5.7600,62.03,121.00,0.015013
732.4404,5.7600,62.03,121.00,0.014367
732.5263,5.7600,62.30,121.00,0.014693
732.6171,5.7600,62.30,121.00,0.014627
732.7038,5.7600,61.22,121.00,0.015058
732.7933,5.7600,62.03,121.00,0.014648
732.8783,5.7600,62.30,121.00,0.013840
732.9598,5.7600,62.30,121.00,0.014005
733.0401,5.7600,62.03,121.00,0.013911
733.1263,5.7600,61.76,121.00,0.014660
733.2119,5.8170,62.03,121.00,0.015707
733.3036,5.8740,62.03,121.00,0.015411
733.3926,5.8740,61.76,121.00,0.015577
733.4813,5.8740,62.03,121.00,0.014931
733.5695,5.8740,62.03,121.00,0.014223
733.6603,5.8740,61.76,121.00,0.014901
733.7489,5.8740,62.03,121.00,0.014433
733.8354,5.8740,62.03,121.00,0.014909
733.9238,5.8740,61.76,121.00,0.015326
734.0119,5.8740,62.03,121.00,0.014164
734.0917,5.8740,61.49,121.00,0.014226
734.1759,5.8740,62.30,121.00,0.013709
734.2559,5.8740,61.76,121.00,0.014103
734.3390,5.8740,62.03,121.00,0.014643
734.4216,5.8740,62.03,121.00,0.014528
734.5046,5.8740,61.49,121.00,0.014287
734.5868,5.8740,62.30,121.00,0.014180
734.6738,5.8740,62.57,121.00,0.014470
734.7545,5.8740,62.03,121.00,0.014722
734.8395,5.8740,61.49,121.00,0.014822
734.9193,5.8740,62.30,121.00,0.014557
735.0037,5.8740,62.03,121.00,0.013860
735.0842,5.8740,62.30,121.00,0.013816
735.1695,5.8740,62.03,121.00,0.015302
735.2587,5.8740,62.30,121.00,0.015473
735.3487,5.8740,61.76,122.00,0.014929
735.4366,5.8740,62.30,122.00,0.015977
735.5261,5.8780,62.03,122.00,0.014709
735.6166,5.8780,62.30,122.00,0.014390
735.7091,5.8780,61.76,122.00,0.014899
735.7995,5.8780,61.49,122.00,0.014477
735.8900,5.8780,61.49,122.00,0.014855
735.9708,5.8780,62.03,122.00,0.013685
736.0559,5.8780,62.03,122.00,0.014005
736.1409,5.8780,61.76,122.00,0.014546
736.2315,5.8415,61.76,122.00,0.014271
736.3151,5.8050,61.76,122.00,0.014235
736.4047,5.8050,61.76,122.00,0.014180
736.4908,5.8050,61.76,122.00,0.014695
736.5788,5.8050,62.03,122.00,0.014744
736.6652,5.8050,61.76,122.00,0.014944
736.7560,5.8050,62.30,122.00,0.014974
736.8439,5.8050,62.03,122.00,0.014239
736.9306,5.8050,62.03,122.00,0.013897
737.0103,5.8050,62.30,122.00,0.013983
737.0920,5.8050,62.03,122.00,0.014240
737.1741,5.8050,62.30,122.00,0.014681
737.2555,5.8050,62.03,122.00,0.013455
737.3353,5.8050,62.30,122.00,0.013985
737.4193,5.8050,62.03,122.00,0.014186
737.5063,5.8050,62.30,122.00,0.014769
737.5963,5.8050,62.30,122.00,0.015109
737.6842,5.8050,61.76,122.00,0.015287
737.7731,5.8050,62.30,122.00,0.014806
737.8617,5.8050,62.03,122.00,0.015016
737.9516,5.8050,62.30,122.00,0.014597
738.0407,5.8050,61.76,122.00,0.015435
738.1270,5.8050,61.76,122.00,0.015034
738.2154,5.8050,61.49,122.00,0.014717
738.3046,5.8050,61.49,122.00,0.015371
738.3909,5.8050,62.03,122.00,0.014873
738.4818,5.8050,61.49,122.00,0.014422
738.5657,5.7410,61.22,122.00,0.013781
738.6500,5.7410,62.03,122.00,0.013913
738.7331,5.7410,61.22,122.00,0.014219
738.8237,5.7410,62.03,122.00,0.015287
738.9111,5.7410,61.22,122.00,0.014907
739.0000,5.7410,62.03,122.00,0.014692
739.0893,5.7410,62.30,122.00,0.014752
739.1800,5.7410,62.03,122.00,0.014981
739.2675,5.7100,62.30,122.00,0.014574
739.3562,5.7100,62.03,122.00,0.015049
739.4433,5.7100,62.03,122.00,0.014763
739.5318,5.7100,62.30,122.00,0.015062
739.6202,5.7100,61.49,122.00,0.014373
739.7114,5.7100,62.03,122.00,0.014602
739.7980,5.7100,62.30,122.00,0.014811
739.8867,5.7100,61.22,122.00,0.014825
739.9749,5.7100,62.03,122.00,0.015033
740.0652,5.7100,62.30,122.00,0.014598
740.1534,5.7100,62.30,122.00,0.015234
740.2427,5.8740,62.30,122.00,0.015253
740.3277,5.8740,62.30,122.00,0.013619
740.4102,5.8740,61.22,122.00,0.014040
740.4908,5.8740,62.03,122.00,0.014355
740.5788,5.8740,61.76,122.00,0.014739
740.6674,5.8740,62.03,122.00,0.014906
740.7560,5.8740,62.03,122.00,0.015129
740.8423,5.8740,61.49,122.00,0.014674
740.9289,5.8740,61.22,122.00,0.014721
741.0165,5.8740,61.49,122.00,0.014318
741.1039,5.8740,61.76,122.00,0.014745
741.1905,5.8895,62.30,122.00,0.015116
741.2813,5.9050,61.76,122.00,0.014810
741.3675,5.9050,61.76,122.00,0.014988
741.4545,5.9050,61.76,122.00,0.014365
741.5438,5.9050,62.03,122.00,0.014857
741.6341,5.9050,61.49,122.00,0.014355
741.7237,5.9050,62.03,122.00,0.015012
741.8116,5.9050,62.03,122.00,0.014665
741.8950,5.9050,61.49,122.00,0.014423
741.9828,5.9050,61.76,121.50,0.014586
742.0697,5.9050,61.76,121.00,0.014567
742.1599,5.9050,61.49,121.00,0.014672
742.2486,5.9010,61.49,121.00,0.013648
742.3305,5.9010,61.76,121.00,0.014012
742.4140,5.9010,61.76,121.50,0.013411
742.5010,5.9010,62.03,122.00,0.015069
742.5889,5.9010,62.03,122.00,0.014291
742.6713,5.9010,62.30,122.00,0.014173
742.7549,5.9010,62.03,121.50,0.014149
742.8387,5.9010,62.03,121.00,0.013903
742.9193,5.9010,61.76,121.00,0.014462
743.0031,5.9010,61.22,121.00,0.014326
743.0851,5.9010,62.03,121.00,0.013534
743.1676,5.9010,62.03,121.00,0.014376
743.2516,5.9430,61.76,121.00,0.014198
743.3364,5.9430,62.03,121.00,0.014487
743.4198,5.9430,62.30,121.00,0.015329
743.5021,5.9430,61.76,121.00,0.013767
743.5866,5.9430,62.03,121.00,0.014041
743.6669,5.9430,62.30,121.00,0.013730
743.7481,5.9430,62.30,121.00,0.013756
743.8291,5.9430,62.30,121.00,0.013779
743.9091,5.9430,62.30,121.00,0.013769
743.9938,5.9430,62.03,121.00,0.013961
744.0733,5.9430,62.03,121.00,0.014107
744.1535,5.9430,61.76,121.00,0.013778
744.2346,5.9430,62.03,121.00,0.013578
744.3163,5.9430,62.03,121.00,0.014376
744.4004,5.9540,62.03,121.00,0.014280
744.4830,5.9540,62.03,121.00,0.014307
744.5656,5.9540,62.30,121.00,0.014606
744.6476,5.9540,62.30,121.00,0.014401
744.7300,5.9540,62.30,121.00,0.013977
744.8123,5.9540,62.30,121.00,0.014319
744.8954,5.9540,61.76,121.00,0.014504
744.9795,5.9540,61.76,121.00,0.013961
745.0606,5.9540,62.03,121.00,0.014539
745.1426,5.9540,62.30,121.00,0.014020
745.2260,5.9560,62.03,121.00,0.014360
745.3110,5.9580,61.76,121.00,0.013855
745.3962,5.9580,61.76,121.00,0.014477
745.4780,5.9580,61.76,121.00,0.014025
745.5604,5.9580,62.03,121.00,0.014037
745.6428,5.9580,62.30,121.00,0.013968
745.7254,5.9580,61.76,121.00,0.013796
745.8063,5.9580,61.22,121.00,0.013624
745.8863,5.9580,61.76,121.00,0.014063
745.9705,5.9580,62.30,121.00,0.013985
746.0511,5.9580,62.03,121.00,0.014728
746.1350,5.9580,62.30,121.00,0.014115
746.2166,5.9600,62.30,121.00,0.014316
746.2996,5.9620,62.03,120.50,0.014453
746.3792,5.9620,62.03,120.00,0.013811
746.4628,5.9620,62.30,120.00,0.013884
746.5444,5.9620,62.03,120.00,0.014019
746.6270,5.9620,61.76,120.00,0.014620
746.7106,5.9620,62.30,120.50,0.014860
746.7922,5.9620,62.30,121.00,0.014166
746.8753,5.9620,62.03,121.00,0.014028
746.9594,5.9620,62.30,121.00,0.013891
747.0425,5.9620,62.03,121.00,0.014342
747.1266,5.9620,62.03,121.00,0.014287
747.2119,5.9430,61.49,121.00,0.013993
747.2947,5.9240,61.76,121.00,0.014361
747.3776,5.9240,62.30,121.00,0.014368
747.4604,5.9240,62.03,121.00,0.014110
747.5401,5.9240,62.03,120.50,0.013951
747.6221,5.9240,62.03,120.00,0.014426
747.7027,5.9240,62.30,120.00,0.014301
747.7871,5.9240,61.76,120.00,0.014108
747.8705,5.9240,61.76,120.00,0.014448
747.9553,5.9240,61.76,120.00,0.014511
748.0354,5.9240,62.03,120.00,0.014583
748.1182,5.9240,62.03,120.00,0.014111
748.2021,5.9010,61.49,120.00,0.014756
748.2872,5.8780,62.30,120.00,0.014082
748.3700,5.8780,62.30,120.00,0.014330
748.4547,5.8780,62.30,120.00,0.014372
748.5355,5.8780,62.03,120.00,0.014704
748.6220,5.8780,62.03,120.00,0.014029
748.7027,5.8780,62.03,120.00,0.014242
748.7865,5.8780,61.76,120.00,0.013680
748.8657,5.8780,62.03,120.00,0.014254
748.9466,5.8780,61.49,121.00,0.013889
749.0253,5.8780,62.03,121.00,0.013723
749.1073,5.8780,61.76,121.00,0.014292
749.1886,5.8780,62.03,120.50,0.014595
749.2734,5.9540,62.30,120.00,0.014090
749.3538,5.9540,61.76,120.00,0.014240
749.4383,5.9540,62.30,120.50,0.014419
749.5199,5.9540,61.76,120.00,0.013873
749.5998,5.9540,62.03,120.00,0.013398
749.6802,5.9540,62.30,120.00,0.014401
749.7617,5.9540,62.30,120.00,0.013804
749.8426,5.9540,61.76,120.00,0.014304
749.9268,5.9540,62.30,120.00,0.014314
750.0070,5.9540,62.30,120.00,0.014171
750.0916,5.9540,62.03,120.00,0.014330
750.1742,5.9540,62.30,120.00,0.014169
750.2599,5.8890,62.03,120.00,0.014980
750.3421,5.8890,62.03,120.00,0.013769
750.4269,5.8890,62.30,120.00,0.014352
750.5073,5.8890,62.30,120.00,0.014299
750.5916,5.8890,61.76,120.00,0.014313
750.6747,5.8890,62.30,120.00,0.014174
750.7596,5.8890,61.76,120.00,0.014491
750.8408,5.8890,62.03,120.00,0.014449
750.9249,5.8890,62.30,120.00,0.014401
751.0052,5.8890,62.03,120.00,0.014208
751.0869,5.8890,62.30,120.00,0.014087
751.1674,5.8890,61.76,120.00,0.014386
751.2522,5.9120,62.30,120.00,0.014231
751.3341,5.9120,62.03,120.00,0.013637
751.4142,5.9120,62.03,120.00,0.013552
751.4934,5.9120,61.49,120.00,0.013591
751.5740,5.9120,61.76,120.00,0.013908
751.6543,5.9120,62.30,120.00,0.014045
751.7389,5.9120,62.03,120.00,0.014353
751.8226,5.9120,62.03,120.00,0.013674
751.9033,5.9120,62.30,120.00,0.013992
751.9821,5.9120,62.30,120.00,0.013778
752.0626,5.9120,62.30,120.00,0.014066
752.1468,5.9120,62.30,120.00,0.015253
752.2330,5.9425,62.30,120.00,0.013779
752.3145,5.9730,61.49,120.00,0.013710
752.3956,5.9730,61.76,120.00,0.013847
752.4767,5.9730,62.03,120.00,0.014232
752.5592,5.9730,62.30,120.00,0.014474
752.6410,5.9730,62.03,120.00,0.014781
752.7258,5.9730,61.76,120.00,0.014559
752.8071,5.9730,62.03,120.00,0.014492
752.8897,5.9730,62.03,120.00,0.013637
752.9682,5.9730,62.03,120.00,0.013633
753.0499,5.9730,62.03,120.00,0.014143
753.1306,5.9730,62.30,120.00,0.014028
753.2153,5.9770,61.49,120.00,0.014214
753.2981,5.9810,62.03,120.00,0.014511
753.3787,5.9810,62.03,120.00,0.013521
753.4614,5.9810,62.03,120.00,0.014512
753.5431,5.9810,61.76,120.00,0.014255
753.6243,5.9810,62.03,120.00,0.014205
753.7063,5.9810,62.03,120.00,0.014153
753.7870,5.9810,62.03,120.00,0.014676
753.8732,5.9810,62.30,120.00,0.013799
753.9524,5.9810,62.30,120.00,0.013590
754.0327,5.9810,62.30,120.00,0.013617
754.1125,5.9810,62.30,120.00,0.013958
754.1948,5.9600,62.30,120.00,0.014999
754.2757,5.9390,62.30,119.50,0.014543
754.3588,5.9390,62.30,119.00,0.013658
754.4371,5.9390,61.49,119.00,0.013587
754.5171,5.9390,62.03,119.00,0.013462
754.5974,5.9390,61.76,119.00,0.013789
754.6793,5.9390,62.03,119.00,0.013577
754.7597,5.9390,62.03,119.50,0.013529
754.8427,5.9390,61.76,120.00,0.013836
754.9213,5.9390,62.30,120.00,0.013846
755.0074,5.9390,62.03,120.00,0.014356
755.0907,5.9390,62.03,120.00,0.014125
755.1753,5.9390,61.76,120.00,0.013921
755.2599,5.9390,62.30,119.50,0.014614
755.3425,5.9390,61.76,119.00,0.014444
755.4270,5.9390,62.30,119.00,0.014414
755.5122,5.9390,62.03,120.00,0.015036
755.5950,5.9390,61.76,120.00,0.014220
755.6815,5.9390,62.03,120.00,0.014051
755.7617,5.9390,62.03,120.00,0.013645
755.8442,5.9390,61.76,120.00,0.014085
755.9266,5.9390,62.30,120.00,0.014452
756.0110,5.9390,62.03,120.00,0.014565
756.0935,5.9390,62.30,120.00,0.014036
756.1757,5.9390,61.22,119.50,0.014033
756.2612,5.9390,61.76,119.00,0.014526
756.3433,5.9390,61.76,119.00,0.014551
756.4256,5.9390,61.76,119.00,0.014058
756.5111,5.9390,62.30,119.00,0.014614
756.5938,5.9390,62.03,119.00,0.013707
756.6743,5.9390,62.30,119.00,0.013775
756.7537,5.9390,62.30,119.00,0.014337
756.8345,5.9390,62.30,120.00,0.013975
756.9150,5.9390,62.30,120.00,0.014387
756.9987,5.9390,61.22,119.00,0.013710
757.0825,5.9390,62.03,119.00,0.014382
757.1662,5.9390,62.03,119.00,0.014217
757.2464,5.9390,62.30,119.00,0.014262
757.3283,5.9390,62.03,119.00,0.014097
757.4113,5.9390,62.03,119.00,0.014700
757.4959,5.9390,62.30,119.00,0.014236
757.5790,5.9390,61.76,119.00,0.014296
757.6613,5.9390,62.30,119.00,0.013494
757.7413,5.9390,62.03,119.00,0.013939
757.8224,5.9390,62.30,119.00,0.014155
757.9047,5.9390,61.49,119.00,0.014472
757.9869,5.9390,62.03,119.00,0.014054
758.0683,5.9390,62.03,119.00,0.014356
758.1504,5.9390,62.30,119.00,0.014446
758.2312,5.9390,61.76,119.00,0.014691
758.3164,5.9390,62.30,119.00,0.014509
758.3970,5.9390,62.30,119.00,0.014399
758.4791,5.9390,62.30,119.00,0.014664
758.5619,5.9390,62.03,119.00,0.014056
758.6462,5.9390,62.30,119.00,0.014185
758.7296,5.9850,61.76,119.00,0.014078
758.8116,5.9850,62.30,119.00,0.014342
758.8940,5.9850,62.03,119.00,0.014534
758.9782,5.9850,62.30,119.00,0.014286
759.0599,5.9850,61.76,119.00,0.014632
759.1427,5.9850,62.03,119.00,0.013681
759.2244,5.9850,62.30,119.00,0.013955
759.3116,5.8630,61.49,119.00,0.014333
759.3933,5.8630,62.30,119.00,0.014026
759.4789,5.8630,62.03,119.00,0.014450
759.5621,5.8630,62.03,119.00,0.014472
759.6466,5.8630,61.22,119.00,0.014023
759.7273,5.8630,62.30,119.00,0.014533
759.8119,5.8630,62.30,119.00,0.014553
759.8940,5.8630,61.49,119.00,0.014137
759.9799,5.8630,62.03,119.00,0.013789
760.0611,5.8630,62.03,119.00,0.014291
760.1460,5.8630,62.30,119.00,0.014797
760.2262,5.8630,61.76,119.00,0.014245
760.3114,5.8630,61.76,119.00,0.014057
760.3941,5.8630,62.30,119.00,0.014281
760.4783,5.8630,62.03,119.00,0.013952
760.5620,5.8630,62.03,119.00,0.014515
760.6437,5.8630,62.30,119.00,0.014119
760.7284,5.8630,62.30,119.00,0.014339
760.8106,5.8630,62.03,119.00,0.014198
760.8912,5.8630,61.76,119.00,0.014471
760.9756,5.8630,62.30,119.00,0.014302
761.0584,5.8630,62.03,119.00,0.014388
761.1429,5.8630,62.03,119.00,0.014322
761.2254,5.9390,61.49,119.00,0.014001
761.3100,6.0150,61.76,119.00,0.014131
761.3907,6.0150,62.03,119.00,0.014218
761.4751,6.0150,62.03,119.00,0.014709
761.5596,6.0150,61.49,119.00,0.014324
761.6423,6.0150,62.30,119.00,0.014424
761.7235,6.0150,62.30,119.00,0.014813
761.8052,6.0150,62.30,119.00,0.013669
761.8899,6.0150,62.30,119.00,0.014419
761.9716,6.0150,61.76,119.00,0.014004
762.0527,6.0150,62.03,119.00,0.014510
762.1351,6.0150,62.30,119.00,0.014381
762.2157,5.9885,62.03,119.00,0.014101
762.2986,5.9620,62.30,119.00,0.014725
762.3805,5.9620,61.76,119.00,0.013970
762.4629,5.9620,62.03,119.00,0.014420
762.5454,5.9620,62.30,119.00,0.013985
762.6272,5.9620,61.76,119.00,0.013818
762.7097,5.9620,62.30,119.00,0.014313
762.7916,5.9620,62.30,119.00,0.014208
762.8739,5.9620,62.30,119.00,0.014551
762.9561,5.9620,62.03,119.00,0.013890
763.0364,5.9620,62.30,119.00,0.014134
763.1179,5.9620,62.03,119.00,0.013933
763.1981,5.9410,62.30,119.00,0.014280
763.2828,5.9200,62.30,119.00,0.014210
763.3672,5.9200,62.03,119.00,0.014049
763.4520,5.9200,61.76,119.00,0.014550
763.5336,5.9200,61.76,119.00,0.014291
763.6159,5.9200,61.76,119.00,0.014395
763.6989,5.9200,61.76,119.00,0.014659
763.7840,5.9200,62.30,119.00,0.014135
763.8639,5.9200,61.76,119.00,0.014007
763.9492,5.9200,61.76,119.00,0.014428
764.0302,5.9200,62.30,119.00,0.014567
764.1149,5.9200,61.76,119.00,0.014245
764.1996,5.9200,62.30,119.00,0.014505
764.2813,5.9200,62.03,119.00,0.013664
764.3614,5.9200,62.30,119.00,0.013974
764.4432,5.9200,61.76,119.00,0.014333
764.5268,5.9200,61.49,119.00,0.014585
764.6079,5.9200,62.30,119.00,0.013413
764.6867,5.9200,61.76,119.00,0.013759
764.7677,5.9200,62.03,119.00,0.013896
764.8471,5.9200,61.49,119.00,0.014345
764.9313,5.9200,62.03,119.00,0.014702
765.0117,5.9200,62.03,119.00,0.013942
765.0950,5.9200,62.03,119.00,0.014487
765.1774,5.9200,62.30,119.00,0.013963
765.2591,5.9200,62.03,119.00,0.014408
765.3417,5.9240,61.49,119.00,0.014282
765.4260,5.9280,62.03,119.00,0.014255
765.5109,5.9280,61.76,119.00,0.014028
765.5961,5.9280,62.30,119.00,0.013895
765.6757,5.9280,61.76,119.00,0.014229
765.7585,5.9280,61.49,119.00,0.013591
765.8392,5.9280,61.76,119.00,0.014781
765.9237,5.9280,62.03,119.00,0.014255
766.0046,5.9280,62.30,119.00,0.014291
766.0894,5.9280,62.03,119.00,0.014019
766.1710,5.9280,62.30,119.00,0.014355
766.2567,5.9090,62.30,119.00,0.014185
766.3378,5.9090,61.22,119.00,0.013780
766.4210,5.9090,62.03,119.00,0.014024
766.5027,5.9090,62.30,119.00,0.014209
766.5853,5.9090,62.30,119.00,0.014191
766.6668,5.9090,62.30,120.00,0.014221
766.7507,5.9090,62.03,120.00,0.013744
766.8309,5.9090,62.30,120.00,0.013807
766.9125,5.9090,62.30,120.00,0.013623
766.9961,5.9090,62.03,120.00,0.014859
767.0832,5.9090,61.76,120.00,0.014079
767.1671,5.9090,62.03,120.00,0.014322
767.2516,5.8780,62.03,120.00,0.014124
767.3374,5.8780,61.49,120.00,0.015081
767.4267,5.8780,62.30,120.00,0.014863
767.5162,5.8780,62.30,120.00,0.015005
767.6081,5.8780,62.03,120.00,0.015033
767.6949,5.8780,62.03,120.00,0.015105
767.7842,5.8780,61.76,120.00,0.014919
767.8737,5.8780,62.03,120.00,0.014497
767.9648,5.8780,61.76,120.00,0.014584
768.0535,5.8780,62.30,120.00,0.014220
768.1449,5.8780,62.30,120.00,0.014700
768.2259,5.8780,62.03,120.00,0.013623
768.3079,5.8780,62.03,120.00,0.013677
768.3904,5.8495,62.30,120.00,0.014190
768.4760,5.8210,62.30,120.00,0.013764
768.5580,5.8210,61.76,120.00,0.014123
768.6436,5.8210,62.03,120.00,0.014419
768.7344,5.8210,62.30,120.00,0.015302
768.8258,5.8210,62.30,120.00,0.014953
768.9150,5.8210,61.76,120.00,0.015123
769.0034,5.8210,62.30,120.00,0.014763
769.0886,5.8210,62.03,120.00,0.014967
769.1793,5.8210,62.03,120.00,0.014384
769.2665,5.7980,61.76,120.00,0.013865
769.3505,5.7980,62.03,120.00,0.013975
769.4351,5.7980,62.03,120.00,0.015076
769.5234,5.7980,62.03,120.00,0.015008
769.6089,5.7980,62.03,120.00,0.014802
769.7002,5.7980,62.03,120.00,0.014896
769.7878,5.7980,62.03,120.00,0.014657
769.8770,5.7980,62.03,120.00,0.014703
769.9642,5.7980,61.76,120.00,0.014871
770.0530,5.7980,61.49,120.00,0.014982
770.1390,5.7980,62.30,120.50,0.014591
770.2226,5.8435,61.76,121.00,0.013669
770.3043,5.8890,61.49,121.00,0.013574
770.3873,5.8890,62.03,121.00,0.013922
770.4675,5.8890,61.49,121.00,0.014870
770.5517,5.8890,62.03,122.00,0.014323
770.6346,5.8890,62.30,122.00,0.014009
770.7197,5.8890,62.03,122.00,0.014083
770.8024,5.8890,62.03,122.00,0.014546
770.8843,5.8890,62.03,122.00,0.014234
770.9644,5.8890,61.76,122.00,0.014143
771.0490,5.8890,61.76,122.00,0.014124
771.1281,5.8890,61.76,122.00,0.013684
771.2112,5.8890,62.03,122.00,0.013833
771.2939,5.9310,62.03,122.00,0.014509
771.3755,5.9730,62.03,122.00,0.013544
771.4578,5.9730,62.03,122.00,0.013973
771.5393,5.9730,61.49,122.00,0.014091
771.6194,5.9730,62.03,122.00,0.014224
771.7082,5.9730,61.22,122.00,0.015179
771.7937,5.9730,62.03,122.00,0.014219
771.8758,5.9730,61.76,122.00,0.014541
771.9583,5.9730,62.03,122.00,0.014685
772.0446,5.9730,62.03,122.00,0.014055
772.1312,5.9730,62.03,122.00,0.014937
772.2211,5.9730,62.03,122.00,0.014271
772.3039,5.9730,62.03,122.00,0.014785
772.3867,5.9730,62.30,122.00,0.014439
772.4668,5.9730,61.76,122.00,0.013939
772.5494,5.9730,62.30,122.00,0.014256
772.6300,5.9730,62.03,122.00,0.014285
772.7142,5.9730,62.30,122.00,0.014306
772.7933,5.9730,62.03,122.00,0.013852
772.8760,5.9730,61.76,122.00,0.014192
772.9584,5.9730,62.30,122.00,0.013834
773.0389,5.9730,61.76,122.00,0.013833
773.1182,5.9730,62.30,122.00,0.014081
773.1985,5.9730,62.03,122.00,0.013621
773.2840,5.9730,61.76,122.00,0.014349
773.3706,5.9770,61.49,122.00,0.014102
773.4532,5.9810,62.30,122.00,0.013963
773.5380,5.9810,62.30,122.00,0.014743
773.6180,5.9810,62.03,122.00,0.013889
773.6997,5.9810,62.30,122.00,0.014001
773.7844,5.9810,62.30,122.00,0.014316
773.8663,5.9810,61.49,122.00,0.014253
773.9452,5.9810,62.30,122.00,0.013474
774.0269,5.9810,62.03,122.00,0.013961
774.1068,5.9810,61.49,122.00,0.014517
774.1914,5.9545,62.03,122.00,0.014548
774.2728,5.9280,62.30,122.00,0.014309
774.3549,5.9280,62.30,122.00,0.014191
774.4334,5.9280,62.30,122.00,0.013610
774.5145,5.9280,62.03,122.00,0.013856
774.5934,5.9280,62.03,122.00,0.013739
774.6764,5.9280,62.03,122.00,0.013553
774.7569,5.9280,62.30,122.00,0.013449
774.8376,5.9280,62.03,122.00,0.013634
774.9184,5.9280,62.03,122.00,0.013614
774.9988,5.9280,62.30,122.00,0.013851
775.0782,5.9280,62.30,122.00,0.013995
775.1603,5.9280,62.03,122.00,0.014616
775.2406,5.9010,62.03,122.00,0.013686
775.3212,5.9010,62.03,122.00,0.013688
775.4003,5.9010,62.30,122.00,0.013878
775.4812,5.9010,62.30,122.00,0.013566
775.5601,5.9010,62.03,122.00,0.013969
775.6427,5.9010,61.76,122.00,0.013833
775.7230,5.9010,62.03,122.00,0.014300
775.8070,5.9010,61.76,122.00,0.014679
775.8876,5.9010,61.49,122.00,0.014217
775.9717,5.9010,62.30,122.00,0.014312
776.0537,5.9010,62.30,122.00,0.013984
776.1359,5.9010,62.03,122.00,0.014255
776.2193,5.9010,62.30,122.00,0.014998
776.3046,5.9010,62.30,122.00,0.014708
776.3878,5.9010,62.03,122.00,0.014411
776.4706,5.9010,62.30,122.00,0.014377
776.5510,5.9010,62.03,122.00,0.014147
776.6351,5.9010,62.30,122.00,0.014209
776.7179,5.9010,62.03,123.00,0.014277
776.7992,5.9010,62.30,123.00,0.014303
776.8783,5.9010,62.03,123.00,0.013785
776.9597,5.9010,62.03,123.00,0.014030
777.0407,5.9010,62.03,122.50,0.014563
777.1251,5.9010,62.03,122.00,0.014414
777.2061,5.9125,62.30,122.00,0.014568
777.2881,5.9240,61.76,123.00,0.013822
777.3685,5.9240,62.03,123.00,0.014318
777.4515,5.9240,62.03,123.00,0.014668
777.5366,5.9240,61.76,123.00,0.014214
777.6208,5.9240,62.30,123.00,0.014310
777.7010,5.9240,61.76,123.00,0.014063
777.7832,5.9240,62.30,123.00,0.014102
777.8658,5.9240,62.03,123.00,0.014623
777.9498,5.9240,62.30,123.00,0.014083
778.0301,5.9240,62.30,123.00,0.014051
778.1144,5.9240,61.76,123.00,0.014440
778.1980,5.9315,61.49,123.00,0.014533
778.2828,5.9390,62.30,123.00,0.014170
778.3651,5.9390,62.03,123.00,0.014347
778.4475,5.9390,61.76,123.00,0.014863
778.5298,5.9390,61.76,123.00,0.014111
778.6114,5.9390,62.03,122.50,0.014211
778.6943,5.9390,62.03,122.00,0.014520
778.7758,5.9390,62.03,122.00,0.013888
778.8558,5.9390,62.03,122.00,0.014353
778.9374,5.9390,61.76,122.00,0.013914
779.0183,5.9390,61.76,122.00,0.014202
779.1023,5.9390,62.03,122.00,0.014081
779.1854,5.9390,62.30,122.00,0.015123
779.2714,5.9730,61.76,122.00,0.014463
779.3554,5.9730,62.03,122.00,0.014246
779.4440,5.9730,62.03,122.00,0.014337
779.5260,5.9730,62.03,123.00,0.014278
779.6113,5.9730,62.03,123.00,0.014483
779.6909,5.9730,62.30,123.00,0.013751
779.7747,5.9730,62.30,123.00,0.013534
779.8548,5.9730,62.03,123.00,0.014246
779.9393,5.9730,62.03,123.00,0.014189
780.0221,5.9730,61.76,123.00,0.013667
780.1025,5.9730,62.30,123.00,0.013443
780.1821,5.9730,62.30,123.00,0.013949
780.2635,5.9730,62.03,123.00,0.013467
780.3500,5.8890,61.76,123.00,0.014662
780.4348,5.8890,62.03,123.00,0.014069
780.5139,5.8890,62.03,123.00,0.013883
780.5962,5.8890,62.30,123.00,0.013936
780.6802,5.8890,62.03,123.00,0.013772
780.7634,5.8890,62.03,123.00,0.014433
780.8478,5.8890,62.03,123.00,0.014010
780.9325,5.8890,62.03,123.00,0.014538
781.0148,5.8890,62.03,123.00,0.014625
781.1023,5.8890,62.30,123.00,0.014595
781.1837,5.8890,62.03,123.00,0.013927
781.2679,5.8890,62.30,123.00,0.013994
781.3504,5.8890,61.22,123.00,0.013796
781.4361,5.8815,62.03,123.00,0.014787
781.5202,5.8740,61.49,123.00,0.014246
781.6040,5.8740,62.03,123.00,0.014677
781.6873,5.8740,62.03,123.00,0.014347
781.7705,5.8740,61.76,123.00,0.014229
781.8544,5.8740,62.30,123.00,0.014863
781.9404,5.8740,62.03,123.00,0.014706
782.0207,5.8740,62.03,123.00,0.014026
782.1017,5.8740,62.30,123.00,0.013615
782.1814,5.8740,61.49,123.00,0.013498
782.2649,5.8740,62.30,123.00,0.013724
782.3471,5.8970,62.03,123.00,0.014647
782.4297,5.8970,62.30,123.00,0.014138
782.5119,5.8970,62.30,123.00,0.013873
782.5931,5.8970,62.30,123.00,0.013570
782.6748,5.8970,62.30,123.00,0.013655
782.7589,5.8970,61.76,123.00,0.014165
782.8406,5.8970,61.49,123.00,0.014282
782.9245,5.8970,62.03,123.00,0.013811
783.0059,5.8970,62.30,123.00,0.014146
783.0910,5.8970,62.30,123.00,0.014226
783.1713,5.8970,62.30,123.00,0.014002
783.2539,5.8860,62.03,123.00,0.013968
783.3345,5.8860,62.03,123.00,0.013833
783.4178,5.8860,61.76,123.00,0.014722
783.5041,5.8860,61.76,123.00,0.014141
783.5874,5.8860,62.30,123.00,0.014552
783.6706,5.8860,61.76,123.00,0.014695
783.7538,5.8860,62.03,123.00,0.014532
783.8343,5.8860,62.03,123.00,0.014366
783.9192,5.8860,62.03,123.00,0.014213
784.0033,5.8860,62.30,123.00,0.014297
784.0876,5.8860,62.03,123.00,0.014027
784.1688,5.8860,62.30,123.00,0.013443
784.2499,5.8860,61.49,123.00,0.013460
784.3298,5.8860,62.03,123.00,0.013595
784.4157,5.9260,62.03,123.00,0.014865
784.5026,5.9660,62.03,123.00,0.014585
784.5914,5.9660,62.03,123.00,0.015203
784.6800,5.9660,61.49,123.00,0.014752
784.7683,5.9660,62.03,123.00,0.014611
784.8558,5.9660,62.03,123.00,0.014914
784.9464,5.9660,62.03,123.00,0.014538
785.0351,5.9660,61.49,123.00,0.015093
785.1227,5.9660,62.03,123.00,0.015183
785.2103,5.9125,61.76,123.00,0.014583
785.2943,5.8590,62.30,123.00,0.013989
785.3761,5.8590,62.03,123.00,0.014128
785.4626,5.8590,62.30,123.00,0.013518
785.5430,5.8590,62.03,123.00,0.014070
785.6253,5.8590,62.03,123.00,0.014132
785.7117,5.8590,62.03,123.00,0.015353
785.7997,5.8590,61.76,123.00,0.014913
785.8884,5.8590,62.03,123.00,0.014566
785.9792,5.8590,61.76,123.00,0.014570
786.0645,5.8590,62.03,123.00,0.014971
786.1520,5.8590,62.30,123.00,0.014984
786.2412,5.7710,62.03,123.00,0.015278
786.3284,5.7710,62.03,123.00,0.015564
786.4140,5.7710,62.03,123.00,0.014659
786.5051,5.7710,62.30,123.00,0.015289
786.5929,5.7710,62.03,123.00,0.015212
786.6862,5.7710,61.76,123.00,0.014486
786.7754,5.7710,61.76,123.00,0.015207
786.8638,5.7710,61.49,123.00,0.015043
786.9510,5.7710,62.30,123.00,0.015137
787.0367,5.7710,62.30,123.00,0.014846
787.1239,5.7710,62.30,123.00,0.014447
787.2128,5.7785,62.03,123.00,0.014745
787.2939,5.7860,61.76,123.00,0.013632
787.3781,5.7860,62.03,123.00,0.013879
787.4645,5.7860,61.76,123.00,0.015413
787.5519,5.7860,61.76,123.00,0.015244
787.6393,5.7860,61.76,123.00,0.014494
787.7279,5.7860,61.76,123.00,0.014802
787.8158,5.7860,62.03,123.00,0.014435
787.9045,5.7860,62.03,123.00,0.015100
787.9930,5.7860,62.30,123.00,0.015720
788.0806,5.7860,62.03,123.00,0.014726
788.1690,5.7860,62.30,123.00,0.015223
788.2549,5.7710,62.03,123.00,0.013896
788.3376,5.7710,61.22,123.00,0.014127
788.4247,5.7710,61.76,123.00,0.014159
788.5133,5.7710,61.49,123.00,0.015249
788.5992,5.7710,62.03,123.00,0.015110
788.6831,5.7710,62.30,123.00,0.015524
788.7730,5.7710,61.76,123.00,0.015066
788.8613,5.7710,62.30,123.00,0.014559
788.9522,5.7710,61.76,123.00,0.015077
789.0406,5.7710,62.30,123.00,0.014367
789.1298,5.7710,62.03,123.00,0.015063
789.2167,5.8035,61.22,123.00,0.015573
789.3041,5.8360,61.76,123.00,0.015097
789.3870,5.8360,61.76,123.00,0.014680
789.4751,5.8360,62.03,123.00,0.014873
789.5637,5.8360,62.03,123.00,0.014934
789.6517,5.8360,62.03,123.00,0.014775
789.7362,5.8360,61.49,123.00,0.015089
789.8278,5.8360,61.49,123.00,0.015308
789.9138,5.8360,61.76,123.00,0.015134
790.0024,5.8360,61.49,123.00,0.014852
790.0879,5.8360,61.76,123.00,0.014950
790.1782,5.8360,62.03,123.00,0.014671
790.2662,5.7710,62.03,123.00,0.014330
790.3545,5.7710,62.03,123.00,0.015111
790.4385,5.7710,62.30,123.50,0.013690
790.5199,5.7710,61.76,124.00,0.013844
790.6003,5.7710,62.03,124.00,0.014260
790.6894,5.7710,62.03,124.00,0.014486
790.7764,5.7710,61.76,124.00,0.015298
790.8646,5.7710,61.49,124.00,0.015365
790.9503,5.7710,61.76,124.00,0.015106
791.0413,5.7710,61.49,124.00,0.015529
791.1273,5.7710,61.76,124.00,0.014714
791.2186,5.8150,62.30,124.00,0.014546
791.3055,5.8590,62.03,124.00,0.014646
791.3936,5.8590,62.03,124.00,0.014526
791.4805,5.8590,61.76,124.00,0.015039
791.5713,5.8590,62.30,124.00,0.015319
791.6593,5.8590,61.49,124.00,0.015053
791.7470,5.8590,61.49,124.00,0.014442
791.8347,5.8590,61.76,124.00,0.014526
791.9205,5.8590,61.76,124.00,0.015055
792.0083,5.8590,62.30,124.00,0.014543
792.0963,5.8590,62.03,124.00,0.015273
792.1793,5.8590,61.49,124.00,0.014500
792.2664,5.8400,61.49,124.00,0.015420
792.3516,5.8400,61.76,124.00,0.014736
792.4404,5.8400,61.76,124.00,0.014545
792.5286,5.8400,62.30,124.00,0.014497
792.6200,5.8400,62.30,124.00,0.015162
792.7040,5.8400,62.30,124.00,0.015085
792.7924,5.8400,61.76,124.00,0.014733
792.8812,5.8400,62.03,124.00,0.015031
792.9707,5.8400,62.03,124.00,0.014724
793.0557,5.8400,61.49,124.00,0.014345
793.1443,5.8400,62.03,124.00,0.014573
793.2268,5.8075,61.49,124.00,0.013862
793.3088,5.7750,62.30,124.00,0.013881
793.3925,5.7750,61.22,124.00,0.014144
793.4777,5.7750,61.76,123.00,0.014532
793.5564,5.7750,61.49,124.00,0.013458
793.6395,5.7750,61.76,123.00,0.013930
793.7188,5.7750,62.03,123.50,0.014091
793.8069,5.7750,62.30,123.50,0.015389
793.8950,5.7750,61.76,123.00,0.015098
793.9832,5.7750,61.49,123.50,0.014724
794.0695,5.7750,62.03,123.50,0.014564
794.1603,5.7750,61.76,123.00,0.014170
794.2501,5.9050,61.76,123.00,0.015291
794.3366,5.9050,62.03,123.00,0.014657
794.4228,5.9050,62.03,123.00,0.015130
794.5110,5.9050,61.76,123.00,0.015070
794.5996,5.9050,61.49,123.00,0.014726
794.6871,5.9050,62.03,123.00,0.014750
794.7746,5.9050,61.76,123.00,0.014066
794.8657,5.9050,62.30,123.00,0.014990
794.9517,5.9050,62.30,123.00,0.014517
795.0374,5.9050,61.76,123.00,0.013599
795.1179,5.9050,61.76,123.00,0.014119
795.2053,5.9335,62.30,123.00,0.014898
795.2888,5.9620,61.49,123.00,0.014625
795.3795,5.9620,61.49,123.00,0.014735
795.4667,5.9620,62.03,123.00,0.014673
795.5501,5.9620,61.76,123.00,0.014213
795.6292,5.9620,61.76,123.00,0.013621
795.7141,5.9620,61.76,123.00,0.014091
795.7981,5.9620,61.76,123.00,0.013990
795.8850,5.9620,61.76,123.00,0.014701
795.9672,5.9620,61.49,123.00,0.013976
796.0489,5.9620,62.30,123.00,0.013785
796.1301,5.9620,61.76,123.00,0.013641
796.2157,5.9620,61.49,123.00,0.014695
796.2988,5.8050,61.76,123.00,0.013979
796.3824,5.8050,61.76,123.00,0.014879
796.4636,5.8050,62.03,123.00,0.014590
796.5507,5.8050,62.03,123.00,0.014094
796.6333,5.8050,62.30,123.00,0.013896
796.7203,5.8050,61.22,123.00,0.014189
796.8008,5.8050,62.03,123.00,0.014696
796.8857,5.8050,61.76,123.00,0.014053
796.9654,5.8050,61.76,123.00,0.013833
797.0479,5.8050,61.49,123.00,0.014103
797.1302,5.8050,61.76,123.00,0.013934
797.2112,5.8050,62.03,123.00,0.014007
797.2924,5.8050,62.03,123.00,0.013998
797.3768,5.8740,62.03,123.00,0.014217
797.4589,5.9430,62.03,123.00,0.013945
797.5421,5.9430,62.30,123.00,0.014670
797.6228,5.9430,61.76,123.00,0.014446
797.7068,5.9430,61.49,123.00,0.014357
797.7875,5.9430,62.03,123.00,0.014471
797.8698,5.9430,62.30,123.00,0.014140
797.9521,5.9430,62.03,123.00,0.014173
798.0363,5.9430,61.76,123.00,0.014090
798.1190,5.9430,61.76,122.50,0.014633
798.2035,5.9580,61.49,122.00,0.014773
798.2840,5.9730,61.76,122.00,0.013996
798.3682,5.9730,62.30,122.00,0.014115
798.4511,5.9730,61.76,122.50,0.014505
798.5339,5.9730,61.76,122.00,0.014377
798.6145,5.9730,61.76,122.00,0.014522
798.6984,5.9730,62.30,122.00,0.014101
798.7790,5.9730,62.30,122.00,0.013921
798.8634,5.9730,61.76,122.00,0.014293
798.9422,5.9730,61.76,122.00,0.013598
799.0230,5.9730,62.03,122.00,0.013694
799.1053,5.9730,62.30,122.00,0.014255
799.1894,5.9620,61.76,122.00,0.014087
799.2704,5.9510,62.30,122.00,0.014286
799.3524,5.9510,62.03,122.00,0.014273
799.4348,5.9510,62.30,122.00,0.014132
799.5190,5.9510,62.03,122.00,0.014298
799.5992,5.9510,62.03,122.00,0.014166
799.6835,5.9510,62.03,122.00,0.014129
799.7639,5.9510,62.03,122.00,0.014055
799.8482,5.9510,62.03,122.00,0.014209
799.9293,5.9510,62.03,122.00,0.014047
800.0126,5.9510,62.30,122.00,0.014410
800.0975,5.9510,61.76,122.00,0.014234
800.1874,5.9525,61.76,122.00,0.014860
800.2742,5.9540,61.76,121.50,0.015136
800.3647,5.9540,62.30,121.00,0.014925
800.4510,5.9540,62.30,121.00,0.015400
800.5413,5.9540,62.30,121.00,0.014604
800.6278,5.9540,62.30,121.00,0.015296
800.7159,5.9540,62.03,121.00,0.014847
800.8052,5.9540,61.76,121.00,0.015096
800.8925,5.9540,62.30,121.00,0.014793
800.9812,5.9540,62.03,121.00,0.015004
801.0688,5.9540,61.49,121.00,0.015266
801.1543,5.9540,62.03,121.00,0.014344
801.2434,5.7750,62.03,121.00,0.015039
801.3223,5.7750,62.30,121.00,0.013683
801.4052,5.7750,62.03,121.00,0.013811
801.4911,5.7750,62.30,121.00,0.014480
801.5809,5.7750,62.30,121.00,0.014633
801.6668,5.7750,61.22,121.00,0.014236
801.7570,5.7750,61.76,121.00,0.014727
801.8438,5.7750,61.49,121.00,0.014890
801.9345,5.7750,61.76,121.00,0.015007
802.0199,5.7750,61.76,121.00,0.014313
802.1046,5.7750,61.76,121.00,0.014230
802.1857,5.7750,62.03,121.00,0.013645
802.2664,5.7750,61.76,121.50,0.013481
802.3467,5.8700,62.30,122.00,0.013745
802.4286,5.8700,61.76,122.00,0.014362
802.5112,5.8700,62.30,122.00,0.014368
802.5941,5.8700,61.76,122.00,0.014219
802.6788,5.8700,62.30,122.00,0.014222
802.7618,5.8700,61.76,122.00,0.013993
802.8432,5.8700,62.03,122.00,0.014399
802.9308,5.8700,61.76,122.00,0.014472
803.0131,5.8700,61.76,122.00,0.014185
803.0987,5.8700,61.76,122.00,0.014137
803.1797,5.8700,62.03,122.00,0.014536
803.2643,5.8700,61.76,122.00,0.014413
803.3468,5.8700,62.03,122.00,0.014177
803.4319,5.8700,62.03,122.00,0.014266
803.5125,5.8700,62.03,122.00,0.014287
803.5958,5.8700,61.76,122.00,0.013571
803.6750,5.8700,62.30,122.00,0.013751
803.7561,5.8700,62.03,122.00,0.013876
803.8347,5.8700,62.03,122.00,0.013863
803.9185,5.8700,61.76,122.00,0.013987
803.9996,5.8700,62.03,122.00,0.014600
804.0822,5.8700,62.30,122.00,0.014466
804.1672,5.8700,62.30,122.00,0.014556
804.2568,5.8700,61.76,122.00,0.015513
804.3397,5.8700,62.30,122.00,0.014338
804.4300,5.8700,62.30,122.00,0.014632
804.5144,5.8700,61.49,122.00,0.014670
804.6041,5.8700,61.76,122.00,0.014178
804.6878,5.9010,61.76,122.00,0.014461
804.7722,5.9010,62.03,122.00,0.014185
804.8545,5.9010,62.03,122.00,0.014439
804.9390,5.9010,62.03,122.00,0.014205
805.0215,5.9010,62.30,122.00,0.014222
805.1083,5.9010,61.76,122.00,0.014054
805.1902,5.9010,61.49,122.00,0.014018
805.2765,5.9960,62.30,122.00,0.014370
805.3586,5.9960,62.03,122.00,0.014217
805.4434,5.9960,62.30,122.00,0.014250
805.5233,5.9960,62.30,122.00,0.014232
805.6060,5.9960,62.03,122.00,0.014568
805.6846,5.9960,62.03,122.00,0.013452
805.7677,5.9960,62.30,122.00,0.013570
805.8478,5.9960,62.03,122.00,0.013891
805.9325,5.9960,62.03,122.00,0.014532
806.0156,5.9960,62.30,122.00,0.014825
806.0999,5.9960,62.03,122.00,0.014149
806.1795,5.9960,61.76,122.00,0.014076
806.2622,5.9960,62.03,122.00,0.013825
806.3444,5.9960,62.30,122.00,0.014142
806.4299,5.9920,61.49,122.00,0.014564
806.5110,5.9920,62.30,122.00,0.014694
806.5939,5.9920,62.03,122.00,0.014790
806.6738,5.9920,62.30,122.00,0.014309
806.7588,5.9920,62.03,122.00,0.014087
806.8389,5.9920,62.30,122.00,0.014564
806.9229,5.9920,61.49,122.00,0.014144
807.0041,5.9920,62.30,122.00,0.014373
807.0869,5.9920,61.76,122.00,0.013440
807.1659,5.9920,61.49,122.00,0.013689
807.2465,5.9920,62.30,122.00,0.013922
807.3291,5.9675,62.30,122.00,0.014622
807.4110,5.9430,62.03,122.00,0.014106
807.4917,5.9430,61.49,122.00,0.014612
807.5762,5.9430,61.76,122.00,0.013851
807.6586,5.9430,62.03,122.00,0.013988
807.7410,5.9430,61.49,122.00,0.014464
807.8207,5.9430,62.03,122.00,0.013544
807.9031,5.9430,61.49,122.00,0.014405
807.9865,5.9430,62.03,122.00,0.014759
808.0710,5.9430,62.03,122.00,0.014446
808.1514,5.9430,62.30,122.00,0.014090
808.2379,5.9280,62.03,122.00,0.014289
808.3214,5.9280,61.76,122.00,0.014331
808.4043,5.9280,61.76,122.00,0.014208
808.4854,5.9280,62.03,122.00,0.013378
808.5665,5.9280,62.30,122.00,0.013694
808.6455,5.9280,61.76,122.00,0.013603
808.7271,5.9280,62.30,122.00,0.014074
808.8083,5.9280,62.03,122.00,0.014543
808.8953,5.9280,62.03,122.00,0.014325
808.9758,5.9280,61.76,122.00,0.014579
809.0601,5.9280,61.76,122.00,0.014347
809.1445,5.9280,62.30,122.00,0.014132
809.2265,5.9070,61.49,122.00,0.014040
809.3071,5.8860,62.30,122.00,0.014380
809.3915,5.8860,61.76,122.00,0.014749
809.4725,5.8860,62.03,122.00,0.014321
809.5551,5.8860,62.30,122.00,0.014455
809.6364,5.8860,61.22,122.00,0.014486
809.7198,5.8860,62.30,122.00,0.014604
809.8033,5.8860,62.03,122.00,0.014981
809.8871,5.8860,61.76,122.00,0.014428
809.9665,5.8860,62.30,122.00,0.013712
810.0478,5.8860,62.30,122.00,0.013856
810.1271,5.8860,61.76,122.00,0.014072
810.2109,5.8860,62.30,122.00,0.014376
810.2928,5.9510,61.76,122.00,0.015444
810.3793,5.9510,62.30,122.00,0.014083
810.4621,5.9510,61.22,122.00,0.014518
810.5468,5.9510,62.30,122.00,0.014192
810.6279,5.9510,61.76,122.00,0.014562
810.7149,5.9510,61.49,122.00,0.013880
810.7955,5.9510,62.30,122.00,0.014393
810.8782,5.9510,62.30,122.00,0.014531
810.9579,5.9510,62.30,122.00,0.013923
811.0402,5.9510,62.03,122.00,0.014045
811.1228,5.9510,61.76,122.00,0.014357
811.2039,5.9585,62.30,122.00,0.013768
811.2864,5.9660,62.30,122.00,0.013958
811.3667,5.9660,62.03,122.00,0.013421
811.4486,5.9660,62.03,122.00,0.014086
811.5294,5.9660,62.30,121.50,0.013839
811.6099,5.9660,62.03,121.00,0.014459
811.6959,5.9660,62.03,121.00,0.013966
811.7806,5.9660,62.03,121.00,0.014513
811.8635,5.9660,62.03,122.00,0.013796
811.9421,5.9660,62.03,122.00,0.013724
812.0232,5.9660,62.03,122.00,0.013866
812.1030,5.9660,62.30,122.00,0.013936
812.1882,5.9695,62.03,122.00,0.014351
812.2699,5.9730,61.49,122.00,0.014373
812.3503,5.9730,61.76,122.00,0.013831
812.4298,5.9730,62.03,122.00,0.014042
812.5120,5.9730,62.03,122.00,0.014714
812.5940,5.9730,62.30,122.00,0.013880
812.6766,5.9730,62.30,122.00,0.014556
812.7612,5.9730,62.03,122.00,0.014266
812.8432,5.9730,62.03,122.00,0.014341
812.9224,5.9730,62.03,122.00,0.013692
813.0031,5.9730,62.30,122.00,0.014311
813.0822,5.9730,62.30,122.00,0.014125
813.1640,5.9730,62.30,122.00,0.014402
813.2486,5.8860,62.30,122.00,0.013979
813.3310,5.8860,61.76,122.00,0.014307
813.4114,5.8860,62.30,121.50,0.014047
813.4959,5.8860,61.76,121.50,0.014609
813.5757,5.8860,62.30,121.00,0.014312
813.6583,5.8860,62.03,121.00,0.013662
813.7394,5.8860,61.76,121.50,0.013682
813.8224,5.8860,62.03,121.00,0.014049
813.9045,5.8860,62.30,121.50,0.013994
813.9864,5.8860,62.30,121.00,0.014010
814.0687,5.8860,62.03,121.00,0.014525
814.1546,5.8860,62.03,121.50,0.014072
814.2351,5.9185,62.03,121.00,0.014186
814.3181,5.9510,61.76,121.00,0.014323
814.3987,5.9510,62.03,121.00,0.014739
814.4829,5.9510,62.30,121.00,0.014496
814.5618,5.9510,62.30,121.00,0.013910
814.6422,5.9510,61.76,121.00,0.013779
814.7225,5.9510,62.30,121.00,0.014603
814.8042,5.9510,62.30,121.00,0.014038
814.8841,5.9510,62.30,121.00,0.014072
814.9708,5.9510,62.30,121.00,0.014395
815.0506,5.9510,61.76,121.00,0.013866
815.1321,5.9510,62.03,121.00,0.014187
815.2173,5.9620,62.30,121.00,0.014424
815.3010,5.9730,62.30,121.00,0.013912
815.3811,5.9730,62.03,121.00,0.013921
815.4635,5.9730,61.76,121.00,0.014271
815.5465,5.9730,62.03,121.00,0.014516
815.6302,5.9730,62.30,121.00,0.014509
815.7109,5.9730,62.03,121.00,0.014726
815.7929,5.9730,62.30,121.00,0.014350
815.8745,5.9730,62.30,121.00,0.013542
815.9552,5.9730,62.03,121.00,0.013842
816.0351,5.9730,61.76,121.00,0.014589
816.1173,5.9730,62.03,121.00,0.014294
816.1972,5.9730,62.03,121.00,0.013397
816.2779,5.9730,62.30,121.00,0.013738
816.3571,5.9730,62.30,121.00,0.014190
816.4378,5.9730,62.03,121.00,0.014052
816.5179,5.9730,62.30,121.00,0.014024
816.5994,5.9730,62.30,121.00,0.013993
816.6821,5.9730,62.30,121.00,0.014360
816.7641,5.9730,61.49,121.00,0.013857
816.8469,5.9730,62.03,121.00,0.014979
816.9308,5.9730,62.30,121.00,0.014208
817.0115,5.9730,62.30,121.00,0.014335
817.0959,5.9730,62.03,121.00,0.014066
817.1760,5.9730,62.30,121.00,0.014566
817.2607,5.9730,62.30,121.00,0.014378
817.3428,5.9505,62.30,121.00,0.014227
817.4257,5.9280,61.76,121.00,0.014001
817.5062,5.9280,62.30,121.00,0.014152
817.5877,5.9280,61.49,121.00,0.014235
817.6661,5.9280,62.30,121.00,0.013889
817.7466,5.9280,62.30,121.00,0.013659
817.8258,5.9280,62.30,121.00,0.014082
817.9111,5.9280,62.30,121.00,0.013982
817.9931,5.9280,61.76,121.00,0.013714
818.0743,5.9280,61.76,121.00,0.014429
818.1546,5.9280,62.30,121.00,0.014055
818.2369,5.8630,62.30,121.00,0.014064
818.3198,5.8630,62.30,121.00,0.014387
818.4024,5.8630,62.30,121.00,0.014835
818.4847,5.8630,62.30,121.00,0.014428
818.5664,5.8630,62.30,121.00,0.014155
818.6468,5.8630,62.03,121.00,0.014294
818.7289,5.8630,61.76,121.00,0.014728
818.8101,5.8630,62.03,121.00,0.014731
818.8922,5.8630,62.30,121.00,0.014258
818.9756,5.8630,62.03,121.00,0.014344
819.0586,5.8630,62.30,121.00,0.013718
819.1377,5.8630,62.30,121.00,0.013819
819.2184,5.8630,62.30,121.00,0.013978
819.3025,5.9180,62.03,121.00,0.014564
819.3866,5.9730,61.76,121.00,0.013964
819.4715,5.9730,62.30,121.00,0.014271
819.5541,5.9730,61.76,121.00,0.014168
819.6350,5.9730,62.03,121.00,0.014843
819.7189,5.9730,61.76,121.00,0.014557
819.7982,5.9730,62.30,121.00,0.014410
819.8800,5.9730,62.03,121.00,0.014252
819.9643,5.9730,61.76,121.00,0.013932
820.0484,5.9730,62.30,121.00,0.014467
820.1323,5.9730,62.30,121.00,0.014235
820.2164,5.9825,62.30,121.00,0.014390
820.2983,5.9920,62.03,121.00,0.015176
820.3826,5.9920,62.03,121.00,0.014013
820.4636,5.9920,62.30,121.00,0.014549
820.5476,5.9920,61.76,121.00,0.014212
820.6306,5.9920,62.03,121.00,0.014507
820.7121,5.9920,62.30,121.00,0.014010
820.7958,5.9920,62.03,121.00,0.014558
820.8802,5.9920,62.30,121.00,0.014308
820.9630,5.9920,62.30,121.00,0.014417
821.0468,5.9920,62.03,121.00,0.014284
821.1275,5.9920,62.03,120.50,0.014494
821.2126,5.9655,62.30,120.00,0.014540
821.2958,5.9390,62.30,120.00,0.014210
821.3823,5.9390,62.30,120.00,0.014552
821.4626,5.9390,62.03,120.00,0.014475
821.5474,5.9390,62.03,121.00,0.014683
821.6298,5.9390,61.76,120.00,0.013992
821.7137,5.9390,61.76,120.50,0.013949
821.7948,5.9390,62.30,121.00,0.014084
821.8784,5.9390,62.30,120.50,0.013884
821.9615,5.9390,62.30,120.00,0.014505
822.0437,5.9390,61.76,120.00,0.014241
822.1268,5.9390,62.03,120.00,0.014226
822.2111,5.9220,62.30,120.00,0.014056
822.2923,5.9050,62.30,120.00,0.014413
822.3738,5.9050,62.30,120.00,0.014117
822.4559,5.9050,62.30,120.50,0.014080
822.5403,5.9050,62.03,120.00,0.014376
822.6235,5.9050,62.03,120.00,0.014333
822.7057,5.9050,62.03,120.00,0.014301
822.7861,5.9050,62.03,120.00,0.014258
822.8686,5.9050,62.03,120.00,0.014163
822.9511,5.9050,62.30,120.00,0.014327
823.0359,5.9050,62.30,120.00,0.013923
823.1191,5.9050,62.30,120.00,0.014332
823.2030,5.9200,62.30,120.00,0.014135
823.2854,5.9350,62.30,120.00,0.014342
823.3681,5.9350,62.30,120.00,0.014630
823.4506,5.9350,62.30,120.00,0.014140
823.5348,5.9350,62.03,120.00,0.014363
823.6151,5.9350,62.30,120.00,0.014254
823.6971,5.9350,62.03,120.00,0.014228
823.7798,5.9350,61.76,120.00,0.014463
823.8637,5.9350,62.30,120.00,0.013982
823.9467,5.9350,62.03,120.50,0.014205
824.0307,5.9350,62.03,120.00,0.014263
824.1131,5.9350,62.03,120.00,0.014372
824.1958,5.9410,61.76,120.50,0.014837
824.2787,5.9470,62.30,120.00,0.014355
824.3611,5.9470,62.03,120.00,0.014754
824.4462,5.9470,62.30,120.00,0.015345
824.5333,5.9470,62.30,120.00,0.014837
824.6207,5.9470,62.03,120.00,0.014678
824.7070,5.9470,62.03,120.00,0.014338
824.7942,5.9470,62.30,120.00,0.015186
824.8838,5.9470,62.30,120.00,0.014644
824.9726,5.9470,62.03,120.00,0.014659
825.0611,5.9470,62.30,120.00,0.014904
825.1493,5.9470,62.03,120.00,0.014772
825.2398,5.7980,61.49,120.00,0.014790
825.3264,5.7980,62.03,120.00,0.014961
825.4170,5.7980,62.03,120.00,0.014602
825.5032,5.7980,62.30,120.00,0.014731
825.5940,5.7980,62.30,120.00,0.014894
825.6797,5.7980,62.30,120.00,0.015020
825.7673,5.7980,62.30,120.00,0.014450
825.8474,5.7980,62.03,120.00,0.014361
825.9322,5.7980,62.03,120.00,0.013795
826.0145,5.7980,61.76,120.00,0.013718
826.0950,5.7980,62.30,120.00,0.013816
826.1745,5.7980,62.03,120.00,0.014160
826.2559,5.7980,62.03,120.00,0.014175
826.3387,5.8740,62.30,120.00,0.014046
826.4228,5.8740,62.03,120.00,0.014165
826.5042,5.8740,62.30,120.00,0.014529
826.5881,5.8740,62.30,120.00,0.014313
826.6703,5.8740,61.76,120.00,0.013979
826.7507,5.8740,62.03,120.00,0.014135
826.8301,5.8740,62.03,120.00,0.013993
826.9108,5.8740,61.76,120.00,0.014157
826.9908,5.8740,61.76,120.00,0.014140
827.0728,5.8740,62.30,120.00,0.014694
827.1560,5.8740,62.03,120.00,0.014164
827.2424,5.9315,61.76,120.00,0.014027
827.3236,5.9890,62.30,120.00,0.014406
827.4077,5.9890,62.03,120.00,0.014520
827.4903,5.9890,61.76,120.00,0.014499
827.5719,5.9890,61.76,120.00,0.014031
827.6524,5.9890,62.30,120.00,0.014122
827.7392,5.9890,62.03,120.00,0.014668
827.8189,5.9890,61.76,120.00,0.014144
827.9033,5.9890,62.03,120.00,0.014397
827.9834,5.9890,61.49,120.00,0.014088
828.0658,5.9890,61.76,120.00,0.014097
828.1460,5.9890,62.03,120.00,0.014168
828.2308,5.9945,62.30,120.00,0.015070
828.3126,6.0000,62.03,120.00,0.014812
828.3954,6.0000,62.03,120.00,0.014465
828.4764,6.0000,62.30,120.00,0.014287
828.5587,6.0000,62.03,120.00,0.014421
828.6432,6.0000,62.03,120.00,0.014514
828.7277,6.0000,62.03,120.00,0.014458
828.8078,6.0000,62.30,119.50,0.014277
828.8920,6.0000,62.03,119.00,0.014514
828.9728,6.0000,62.30,119.00,0.014242
829.0566,6.0000,62.30,119.00,0.014093
829.1393,6.0000,62.30,119.00,0.014308
829.2227,6.0000,62.30,119.00,0.013584
829.3014,6.0000,62.30,119.00,0.013865
829.3841,6.0000,62.30,119.00,0.013735
829.4666,5.9810,62.30,119.00,0.014395
829.5510,5.9620,62.03,119.00,0.014121
829.6343,5.9620,61.49,119.00,0.014252
829.7191,5.9620,61.76,119.00,0.014049
829.8012,5.9620,62.30,119.00,0.014090
829.8867,5.9620,61.76,119.00,0.014169
829.9677,5.9620,62.03,119.00,0.014664
830.0527,5.9620,62.30,119.00,0.014548
830.1356,5.9620,62.03,119.00,0.014444
830.2205,5.9695,62.03,119.00,0.014127
830.3036,5.9770,62.30,119.50,0.015909
830.3881,5.9770,62.30,119.00,0.014311
830.4710,5.9770,61.76,120.00,0.014208
830.5569,5.9770,62.30,120.00,0.014637
830.6395,5.9770,61.22,120.00,0.014185
830.7217,5.9770,62.30,120.00,0.014066
830.8014,5.9770,61.76,120.00,0.013998
830.8843,5.9770,62.03,120.00,0.013865
830.9665,5.9770,61.76,119.50,0.014564
831.0489,5.9770,62.03,119.00,0.014461
831.1309,5.9770,61.76,119.00,0.013956
831.2116,5.9770,62.30,119.00,0.013438
831.2901,5.9770,62.03,119.00,0.013491
831.3751,5.9715,61.76,119.00,0.014544
831.4602,5.9660,62.30,119.00,0.014858
831.5503,5.9660,62.30,119.00,0.015151
831.6382,5.9660,62.30,119.50,0.014738
831.7269,5.9660,62.30,119.50,0.015308
831.8144,5.9660,62.30,119.00,0.014587
831.9051,5.9660,62.03,120.00,0.014988
831.9933,5.9660,62.03,120.00,0.014856
832.0824,5.9660,62.30,120.00,0.014767
832.1686,5.9660,62.03,120.00,0.014841
832.2600,5.7830,62.03,120.00,0.014127
