Timestamp (s),Power (W),Temperature (°C),Memory (MB),Inference Time (s)
0.1871,0.0000,50.46,124.00,0.025395
0.2734,0.0000,51.54,125.00,0.024691
0.3578,0.0000,51.00,125.00,0.024487
0.4446,0.0000,51.54,125.00,0.024539
0.5292,0.0000,51.54,125.00,0.024725
0.6148,0.0000,51.54,125.00,0.024546
0.6995,0.0000,51.81,125.00,0.024582
0.7856,3.3550,51.81,125.00,0.024711
0.8724,6.7100,52.08,125.00,0.024285
0.9597,6.7100,51.81,125.00,0.024886
1.0441,6.7100,52.08,125.00,0.024252
1.1318,6.7100,52.35,125.00,0.024704
1.2174,6.7100,52.08,125.00,0.025037
1.3036,6.7100,52.35,125.00,0.024756
1.3886,6.7100,52.35,125.00,0.024534
1.4748,6.7100,52.35,125.00,0.024031
1.5590,6.7100,52.62,125.00,0.024413
1.6438,6.7100,52.89,125.00,0.023816
1.7264,6.7100,52.35,125.00,0.023709
1.8107,6.8610,52.35,125.00,0.023761
1.8962,7.0120,52.89,125.00,0.024084
1.9814,7.0120,53.15,125.00,0.023953
2.0658,7.0120,52.89,125.00,0.024479
2.1506,7.0120,52.62,125.00,0.023662
2.2350,7.0120,52.62,125.00,0.025224
2.3197,7.0120,52.62,125.00,0.023793
2.4045,7.0120,52.62,125.00,0.023976
2.4903,7.0120,53.42,125.00,0.024338
2.5747,7.0120,52.62,125.00,0.024468
2.6607,7.0120,53.15,125.00,0.024287
2.7458,7.0120,53.15,125.00,0.025171
2.8330,6.6490,52.89,125.00,0.024900
2.9158,6.6490,52.62,125.00,0.023096
2.9999,6.6490,53.15,125.00,0.023221
3.0843,6.6490,53.42,125.00,0.024147
3.1706,6.6490,53.15,125.00,0.025020
3.2578,6.6490,52.89,125.00,0.025542
3.3496,6.6490,53.42,125.00,0.025767
3.4390,6.6490,53.42,125.00,0.024856
3.5288,6.6490,53.69,125.00,0.024928
3.6188,6.6490,53.15,125.00,0.025075
3.7085,6.6490,53.15,125.00,0.025445
3.7982,6.7025,53.69,125.00,0.025568
3.8877,6.7560,53.69,125.00,0.025716
3.9744,6.7560,53.69,125.00,0.025674
4.0636,6.7560,53.69,125.00,0.025372
4.1513,6.7560,53.69,125.00,0.024871
4.2366,6.7560,53.42,125.00,0.023341
4.3193,6.7560,53.69,125.00,0.023664
4.4061,6.7560,53.69,125.00,0.024351
4.4938,6.7560,53.69,125.00,0.026128
4.5852,6.7560,53.69,125.00,0.025298
4.6747,6.7560,53.69,125.00,0.025152
4.7667,6.7560,53.69,125.00,0.024953
4.8578,6.7560,53.69,125.00,0.025193
4.9495,6.7560,53.69,125.00,0.025178
5.0377,6.7560,53.96,125.00,0.025606
5.1302,6.7560,53.69,125.00,0.025846
5.2184,6.7560,53.69,125.00,0.026028
5.3076,6.7560,53.69,125.00,0.025838
5.3942,6.7560,53.69,125.00,0.025175
5.4833,6.7560,53.69,125.00,0.024441
5.5659,6.7560,53.96,125.00,0.023335
5.6507,6.7560,53.69,125.00,0.023606
5.7358,6.7560,53.69,125.00,0.023811
5.8278,6.8550,53.96,125.00,0.026090
5.9178,6.8550,53.96,125.00,0.025889
6.0063,6.8550,53.69,125.00,0.024873
6.0902,6.8550,53.69,125.00,0.023817
6.1788,6.8550,53.96,125.00,0.025413
6.2675,6.8550,53.69,125.00,0.025924
6.3581,6.8550,53.96,126.00,0.025907
6.4461,6.8550,53.69,126.00,0.026133
6.5357,6.8550,53.69,126.00,0.025530
6.6230,6.8550,53.69,126.00,0.025393
6.7133,6.8550,53.69,126.00,0.025332
6.8005,6.7845,53.69,126.00,0.024985
6.8933,6.7140,53.69,126.00,0.024972
6.9775,6.7140,53.96,126.00,0.024300
7.0637,6.7140,53.69,126.00,0.024853
7.1499,6.7140,53.69,126.00,0.025631
7.2360,6.7140,53.96,126.00,0.024420
7.3200,6.7140,53.96,126.00,0.024396
7.4064,6.7140,54.23,126.00,0.024506
7.4902,6.7140,53.69,126.00,0.023988
7.5764,6.7140,54.23,126.00,0.024501
7.6586,6.7140,54.23,126.00,0.023277
7.7426,6.7140,53.96,126.00,0.023206
7.8253,6.8645,54.23,126.00,0.023653
7.9115,7.0150,53.96,126.00,0.024469
7.9963,7.0150,53.96,126.00,0.024893
8.0825,7.0150,53.96,126.00,0.024564
8.1670,7.0150,53.96,126.00,0.024715
8.2533,7.0150,53.69,126.00,0.024844
8.3371,7.0150,53.69,126.00,0.024225
8.4236,7.0150,53.96,126.00,0.025038
8.5080,7.0150,53.96,126.00,0.025051
8.5944,7.0150,54.50,126.00,0.025017
8.6786,7.0150,53.96,126.00,0.024880
8.7654,6.8990,53.69,126.00,0.025113
8.8518,6.7830,54.50,126.00,0.024202
8.9381,6.7830,54.23,126.00,0.024825
9.0220,6.7830,54.23,126.00,0.024465
9.1101,6.7830,53.96,126.00,0.024980
9.1922,6.7830,54.23,126.00,0.023556
9.2763,6.7830,54.23,126.00,0.023535
9.3598,6.7830,54.23,126.00,0.024330
9.4466,6.7830,54.50,126.00,0.024524
9.5288,6.7830,54.50,126.00,0.023350
9.6147,6.7830,54.23,126.00,0.024338
9.6978,6.7830,54.23,126.00,0.024345
9.7844,6.8265,53.69,126.00,0.024845
9.8687,6.8700,54.77,126.00,0.024364
9.9548,6.8700,54.23,126.00,0.024222
10.0397,6.8700,54.50,126.50,0.025001
10.1287,6.8700,54.23,126.00,0.024863
10.2137,6.8700,54.50,126.00,0.024756
10.2988,6.8700,54.77,126.00,0.023485
10.3813,6.8700,54.77,126.00,0.023563
10.4659,6.8700,54.77,126.00,0.023388
10.5492,6.8700,54.50,126.00,0.023716
10.6339,6.8700,54.50,126.00,0.023486
10.7176,6.8700,54.77,126.00,0.024474
10.8040,6.7805,54.50,126.00,0.024306
10.8885,6.6910,54.23,126.00,0.023580
10.9739,6.6910,54.77,126.00,0.024271
11.0580,6.6910,54.50,126.00,0.024459
11.1442,6.6910,54.77,126.00,0.024747
11.2289,6.6910,54.77,126.00,0.024751
11.3153,6.6910,54.77,126.00,0.024492
11.3999,6.6910,55.04,126.00,0.024813
11.4856,6.6910,54.77,126.00,0.023915
11.5703,6.6910,54.23,126.00,0.024835
11.6566,6.6910,54.77,126.00,0.025149
11.7412,6.6910,54.50,126.00,0.025016
11.8277,6.7630,54.23,126.00,0.024548
11.9123,6.7630,54.77,126.00,0.024386
11.9986,6.7630,55.04,126.00,0.024627
12.0834,6.7630,54.50,126.00,0.024563
12.1687,6.7630,54.77,126.00,0.024331
12.2515,6.7630,54.77,126.00,0.023150
12.3354,6.7630,54.77,126.00,0.023477
12.4179,6.7630,54.77,126.00,0.023549
12.5031,6.7630,54.50,126.00,0.024700
12.5886,6.7630,54.77,126.00,0.023446
12.6730,6.7630,54.50,126.00,0.023558
12.7556,6.7630,54.50,126.00,0.023461
12.8425,6.8740,54.77,126.00,0.024494
12.9264,6.8740,54.77,126.00,0.024334
13.0125,6.8740,54.77,126.00,0.024607
13.0973,6.8740,54.77,126.00,0.024849
13.1832,6.8740,54.77,126.00,0.024965
13.2681,6.8740,54.77,126.00,0.023512
13.3519,6.8740,54.77,126.00,0.023442
13.4340,6.8740,54.77,126.00,0.023201
13.5186,6.8740,54.77,126.00,0.023687
13.6037,6.8740,54.77,126.00,0.024494
13.6892,6.8740,54.77,126.00,0.023994
13.7740,6.8720,54.77,126.00,0.024857
13.8599,6.8700,55.04,126.00,0.024188
13.9449,6.8700,54.77,126.00,0.024616
14.0310,6.8700,54.77,126.00,0.024495
14.1163,6.8700,54.50,126.00,0.024969
14.2018,6.8700,54.50,126.00,0.024275
14.2857,6.8700,54.77,126.00,0.024184
14.3714,6.8700,54.77,126.00,0.024406
14.4560,6.8700,55.04,126.00,0.024593
14.5407,6.8700,55.04,126.00,0.023496
14.6235,6.8700,54.77,126.00,0.023618
14.7082,6.8700,54.77,126.00,0.023909
14.7922,6.9065,54.77,126.00,0.024089
14.8788,6.9430,54.77,126.00,0.024407
14.9630,6.9430,54.77,126.00,0.024418
15.0499,6.9430,55.31,126.00,0.025681
15.1342,6.9430,54.77,125.50,0.024623
15.2202,6.9430,54.77,125.50,0.024774
15.3043,6.9430,54.77,125.00,0.024507
15.3906,6.9430,54.77,125.50,0.024812
15.4750,6.9430,54.77,125.50,0.025132
15.5619,6.9430,55.04,125.50,0.025499
15.6468,6.9430,54.77,125.50,0.025111
15.7328,6.9430,55.04,126.00,0.024832
15.8175,6.8475,54.77,126.00,0.024435
15.9030,6.7520,54.77,126.00,0.023304
15.9854,6.7520,55.04,126.00,0.023692
16.0695,6.7520,54.77,126.00,0.024029
16.1524,6.7520,54.23,126.00,0.024494
16.2427,6.7520,55.04,126.00,0.027142
16.3298,6.7520,54.77,126.00,0.026564
16.4173,6.7520,54.77,126.00,0.024985
16.5022,6.7520,54.77,126.00,0.024560
16.5884,6.7520,55.31,125.50,0.024646
16.6737,6.7520,54.77,125.00,0.025249
16.7622,6.7520,54.77,125.00,0.025045
16.8476,6.9510,54.77,125.50,0.024458
16.9365,6.9510,55.04,125.00,0.024425
17.0207,6.9510,55.31,125.50,0.023518
17.1060,6.9510,55.04,126.00,0.023807
17.1896,6.9510,54.77,126.00,0.024102
17.2771,6.9510,55.04,126.00,0.024479
17.3617,6.9510,55.04,125.50,0.024478
17.4485,6.9510,54.77,125.00,0.024803
17.5328,6.9510,55.04,125.00,0.024275
17.6200,6.9510,55.04,125.50,0.024979
17.7044,6.9510,55.04,125.50,0.024668
17.7902,6.9510,54.77,125.00,0.024506
17.8739,6.9510,54.77,125.00,0.023522
17.9577,6.9510,55.31,125.00,0.023255
18.0402,6.9510,55.58,125.00,0.023557
18.1252,6.9510,55.04,125.50,0.023915
18.2106,6.9510,55.04,125.50,0.024990
18.2964,6.9510,55.04,125.50,0.024218
18.3809,6.9510,55.31,125.50,0.024592
18.4673,6.9510,55.04,125.00,0.025039
18.5519,6.9510,55.58,125.00,0.024644
18.6382,6.9510,55.04,125.00,0.024422
18.7227,6.9510,55.04,125.00,0.025101
18.8087,6.9510,55.04,125.00,0.024612
18.8928,6.9510,55.31,125.00,0.024380
18.9795,6.9510,55.04,125.00,0.024374
19.0639,6.9510,55.04,125.00,0.023695
19.1505,6.9510,55.04,125.00,0.024662
19.2378,6.9510,55.31,125.00,0.025639
19.3234,6.9510,55.31,125.00,0.024357
19.4078,6.9510,55.04,125.00,0.024474
19.4944,6.9510,55.58,125.00,0.024796
19.5782,6.9510,55.04,125.00,0.024417
19.6651,6.9510,55.31,125.00,0.024669
19.7492,6.9510,55.04,125.00,0.024527
19.8351,6.8250,54.77,125.00,0.023167
19.9176,6.8250,55.84,125.00,0.023490
20.0026,6.8250,54.77,125.00,0.023336
20.0875,6.8250,55.04,125.00,0.025554
20.1734,6.8250,55.58,125.00,0.024920
20.2576,6.8250,55.31,125.00,0.024869
20.3419,6.8250,55.58,125.00,0.023050
20.4246,6.8250,55.31,125.00,0.023780
20.5089,6.8250,55.04,125.00,0.023416
20.5916,6.8250,55.04,125.00,0.023469
20.6755,6.8250,55.31,125.00,0.023462
20.7584,6.8250,54.77,125.50,0.024227
20.8439,6.9185,55.31,125.00,0.024508
20.9286,7.0120,55.58,125.00,0.024440
21.0151,7.0120,55.84,125.00,0.024721
21.1014,7.0120,55.31,125.50,0.024518
21.1978,7.0120,55.31,126.00,0.030447
21.2851,7.0120,55.58,126.00,0.025082
21.3973,7.0120,55.84,126.50,0.024447
21.4836,7.0120,55.31,127.00,0.025630
21.5764,7.0120,55.31,127.00,0.025004
21.6596,7.0120,55.04,127.00,0.023522
21.7442,7.0120,55.58,127.00,0.023657
21.8293,6.8555,55.58,127.00,0.024333
21.9156,6.6990,55.04,127.00,0.024949
22.0006,6.6990,55.58,127.00,0.024920
22.0875,6.6990,55.04,127.00,0.024707
22.1720,6.6990,55.58,127.00,0.024323
22.2579,6.6990,55.31,127.00,0.024330
22.3426,6.6990,55.04,127.00,0.024446
22.4288,6.6990,55.58,127.00,0.024480
22.5139,6.6990,55.04,127.00,0.025023
22.5996,6.6990,55.04,127.00,0.024482
22.6846,6.6990,55.58,127.00,0.023867
22.7719,6.6815,55.84,127.00,0.025005
22.8578,6.6640,55.58,127.00,0.024324
22.9442,6.6640,55.04,127.00,0.025285
23.0294,6.6640,55.04,127.00,0.025288
23.1159,6.6640,55.58,127.00,0.024649
23.2004,6.6640,55.84,127.00,0.024307
23.2859,6.6640,55.31,127.00,0.023848
23.3688,6.6640,55.84,127.50,0.023623
23.4532,6.6640,55.31,127.00,0.023367
23.5366,6.6640,55.84,127.00,0.023714
23.6213,6.6640,55.84,127.00,0.023231
23.7038,6.6640,55.04,127.00,0.023429
23.7882,6.6640,55.04,127.00,0.023983
23.8727,6.7900,55.84,127.00,0.025116
23.9594,6.9160,55.84,127.00,0.024293
24.0453,6.9160,55.58,127.00,0.025267
24.1307,6.9160,56.11,127.00,0.024017
24.2154,6.9160,55.04,127.00,0.024309
24.3024,6.9160,55.58,127.00,0.024797
24.3863,6.9160,55.58,127.00,0.024076
24.4723,6.9160,55.58,127.00,0.024313
24.5569,6.9160,55.84,127.00,0.024660
24.6432,6.9160,55.84,127.00,0.024386
24.7292,6.9160,55.04,127.00,0.024219
24.8156,6.8570,55.58,127.00,0.024541
24.9005,6.7980,55.58,127.00,0.024457
24.9869,6.7980,55.58,127.00,0.024906
25.0709,6.7980,55.84,127.00,0.024751
25.1576,6.7980,55.84,127.00,0.024045
25.2420,6.7980,55.58,127.00,0.024199
25.3279,6.7980,55.84,127.00,0.024219
25.4131,6.7980,55.31,127.00,0.024687
25.5002,6.7980,55.84,127.00,0.025044
25.5834,6.7980,55.84,127.00,0.023575
25.6671,6.7980,55.84,127.00,0.023394
25.7519,6.7980,55.84,127.00,0.023828
25.8366,6.7980,55.31,127.00,0.023397
25.9192,6.7980,55.84,127.00,0.023709
26.0040,6.7980,55.84,127.00,0.023763
26.0897,6.8225,55.84,127.00,0.024770
26.1743,6.8470,55.58,127.00,0.023403
26.2573,6.8470,55.84,127.00,0.023421
26.3428,6.8470,55.58,127.00,0.024478
26.4286,6.8470,55.84,127.00,0.024912
26.5172,6.8470,55.84,127.00,0.024881
26.6021,6.8470,55.84,127.00,0.024948
26.6878,6.8470,55.84,127.00,0.024015
26.7724,6.8855,55.58,127.00,0.024456
26.8612,6.9240,55.58,127.00,0.024605
26.9459,6.9240,55.84,127.00,0.024415
27.0319,6.9240,55.58,127.00,0.025029
27.1177,6.9240,55.84,127.00,0.024833
27.2040,6.9240,55.84,127.00,0.024097
27.2884,6.9240,55.84,127.00,0.024123
27.3764,6.9240,55.84,127.00,0.024314
27.4602,6.9240,56.11,127.00,0.023769
27.5448,6.9240,55.84,127.00,0.023349
27.6294,6.9240,55.84,127.00,0.024550
27.7149,6.9240,55.84,127.00,0.024398
27.7993,6.9240,54.77,127.00,0.024453
27.8859,6.9240,55.84,127.00,0.024805
27.9729,6.9240,55.58,127.00,0.024775
28.0595,6.9240,55.84,127.00,0.024754
28.1456,6.9240,55.58,127.00,0.025643
28.2323,6.9240,55.58,127.00,0.024343
28.3172,6.9240,55.84,127.00,0.024489
28.4056,6.9240,55.84,127.00,0.024255
28.4903,6.9240,55.84,127.00,0.024888
28.5775,6.9240,55.84,127.00,0.025275
28.6630,6.9240,55.31,127.00,0.024672
28.7497,6.9240,55.84,127.00,0.024482
28.8346,6.9240,55.84,127.00,0.024681
28.9217,6.9240,55.84,127.00,0.024995
29.0065,6.9240,55.84,127.00,0.024423
29.0942,6.8970,56.11,127.00,0.025536
29.1809,6.8700,55.84,127.00,0.024923
29.2673,6.8700,55.84,127.00,0.024781
29.3521,6.8700,55.84,127.00,0.024650
29.4388,6.8700,55.84,127.00,0.024240
29.5247,6.8700,55.58,127.00,0.024314
29.6102,6.8700,55.84,127.00,0.023693
29.6939,6.8700,55.84,127.00,0.024159
29.7795,6.9160,55.84,127.00,0.024682
29.8651,6.9620,55.84,127.00,0.024455
29.9512,6.9620,55.58,127.00,0.024032
30.0376,6.9620,55.84,127.00,0.025055
30.1247,6.9620,56.11,127.00,0.024346
30.2103,6.9620,56.11,127.00,0.024569
30.2954,6.9620,55.84,127.00,0.023330
30.3785,6.9620,55.84,127.00,0.023283
30.4627,6.9620,55.84,127.00,0.023205
30.5489,6.9620,55.84,127.00,0.024820
30.6352,6.9620,55.84,127.00,0.024227
30.7195,6.9620,55.84,127.00,0.024555
30.8072,7.0135,55.84,127.00,0.025334
30.8921,7.0650,55.84,127.00,0.024065
30.9783,7.0650,55.84,127.00,0.024063
31.0630,7.0650,55.84,127.00,0.024680
31.1496,7.0650,56.11,127.00,0.024150
31.2317,7.0650,55.84,127.00,0.023471
31.3160,7.0650,55.84,127.00,0.023458
31.3993,7.0650,56.38,127.00,0.023722
31.4849,7.0650,56.11,127.00,0.024601
31.5699,7.0650,55.84,127.00,0.024559
31.6559,7.0650,55.84,127.00,0.024333
31.7410,7.0650,56.11,127.00,0.024361
31.8269,7.0270,55.58,127.00,0.024504
31.9125,7.0270,55.84,127.00,0.024813
31.9980,7.0270,55.84,127.00,0.024270
32.0835,7.0270,55.84,127.00,0.024914
32.1699,7.0270,55.84,127.00,0.024309
32.2544,7.0270,56.11,127.00,0.024556
32.3417,7.0270,55.84,127.00,0.024871
32.4255,7.0270,55.84,127.00,0.024115
32.5107,7.0270,55.84,127.00,0.023992
32.5970,7.0270,56.11,127.00,0.024590
32.6831,7.0270,55.84,127.00,0.024240
32.8006,7.0250,56.11,136.50,0.054342
32.9454,7.0230,56.38,132.50,0.062852
33.0694,7.0230,55.84,134.50,0.043743
33.1506,7.0230,55.84,128.50,0.023108
33.2339,7.0230,56.11,129.00,0.024196
33.3326,7.0230,56.11,128.50,0.027355
33.4431,7.0230,55.84,129.00,0.026604
33.5413,7.0230,55.84,129.00,0.025887
33.6442,7.0230,55.84,129.00,0.032551
33.7726,6.8820,55.84,130.50,0.048856
33.9070,6.7410,56.38,131.00,0.049287
34.0389,6.7410,55.84,131.00,0.049835
34.1716,6.7410,56.11,131.00,0.050268
34.3323,6.7410,55.84,131.00,0.071562
34.4721,6.7410,55.84,131.00,0.057437
34.5962,6.7410,56.11,131.00,0.037725
34.7191,6.7410,56.11,132.00,0.049097
34.8326,6.7410,56.11,132.00,0.032397
35.0241,6.8360,56.38,132.00,0.074395
35.1875,6.8360,56.38,132.00,0.069217
35.3373,6.8360,55.84,133.00,0.059571
35.4620,6.8360,55.84,132.00,0.025114
35.5460,6.8360,55.84,132.00,0.024307
35.6326,6.8360,55.84,132.00,0.024927
35.7187,6.8360,55.84,132.00,0.025369
35.8055,6.6850,55.84,132.00,0.024679
35.8908,6.5340,55.84,132.00,0.024237
35.9779,6.5340,56.11,132.00,0.025245
36.0652,6.5340,55.84,132.00,0.024810
36.1529,6.5340,55.84,132.00,0.025019
36.2379,6.5340,55.84,132.00,0.024980
36.3237,6.5340,56.38,132.00,0.024601
36.4093,6.5340,55.84,132.00,0.024302
36.4957,6.5340,55.84,132.00,0.025099
36.5808,6.5340,55.84,132.00,0.024667
36.6652,6.5340,55.84,132.00,0.023532
36.7473,6.5340,55.84,132.00,0.023274
36.8317,6.5340,56.11,132.00,0.023283
36.9158,6.7880,56.65,132.00,0.024072
37.0024,7.0420,55.84,132.00,0.024479
37.0876,7.0420,55.84,132.00,0.024566
37.1737,7.0420,55.84,132.00,0.024359
37.2586,7.0420,56.11,132.00,0.024973
37.3449,7.0420,56.11,132.00,0.024514
37.4296,7.0420,55.84,132.00,0.024465
37.5156,7.0420,55.84,132.00,0.024244
37.5987,7.0420,56.11,132.00,0.023044
37.6840,7.0420,56.38,132.00,0.023288
37.7665,7.0420,56.65,132.00,0.023555
37.8538,6.8250,56.11,132.00,0.024867
37.9379,6.8250,56.38,132.00,0.024237
38.0278,6.8250,56.11,132.00,0.025345
38.1135,6.8250,56.65,132.00,0.024885
38.1996,6.8250,55.84,132.00,0.024327
38.2855,6.8250,56.11,132.00,0.024783
38.3707,6.8250,56.38,132.00,0.024115
38.4578,6.8250,56.11,132.00,0.025378
38.5459,6.8250,56.11,132.00,0.024510
38.6335,6.8250,56.38,132.00,0.024866
38.7192,6.8250,55.84,132.00,0.024550
38.8040,6.9395,56.11,132.00,0.025018
38.8887,7.0540,56.11,132.00,0.023002
38.9715,7.0540,56.38,132.00,0.023387
39.0569,7.0540,56.38,132.00,0.024070
39.1975,7.0540,56.11,132.50,0.071563
39.3264,7.0540,56.65,133.00,0.052705
39.4558,7.0540,56.11,133.00,0.038098
39.5494,7.0540,56.11,133.00,0.025938
39.6381,7.0540,56.11,133.00,0.025876
39.7284,7.0540,56.38,133.00,0.025793
39.8187,6.9585,56.11,133.00,0.026145
39.9101,6.8630,56.11,133.00,0.025317
39.9984,6.8630,55.84,133.00,0.024515
40.0895,6.8630,56.65,133.00,0.025545
40.1728,6.8630,56.38,133.00,0.023270
40.2590,6.8630,56.38,133.00,0.023791
40.3468,6.8630,56.11,133.00,0.024388
40.4376,6.8630,56.11,133.00,0.026112
40.5277,6.8630,56.11,133.00,0.025886
40.6171,6.8630,56.38,133.00,0.025573
40.7064,6.8630,55.84,133.00,0.025164
40.7968,6.8380,56.38,133.00,0.025090
40.8863,6.8130,56.11,133.00,0.025054
40.9713,6.8130,55.84,133.00,0.023649
41.0561,6.8130,55.84,133.00,0.024270
41.1445,6.8130,55.84,133.00,0.025544
41.2280,6.8130,56.11,133.00,0.023394
41.3136,6.8130,55.84,133.00,0.023679
41.3988,6.8130,56.38,133.00,0.023639
41.4892,6.8130,56.38,133.00,0.025684
41.5811,6.8130,56.11,133.00,0.025631
41.6712,6.8130,56.38,133.00,0.025393
41.7620,6.8130,56.11,133.00,0.025685
41.8517,6.7290,56.38,133.00,0.025261
41.9363,6.7290,56.11,133.00,0.023565
42.0207,6.7290,56.38,133.00,0.023187
42.1043,6.7290,56.11,133.00,0.023524
42.1929,6.7290,56.11,133.00,0.026017
42.2818,6.7290,56.11,133.00,0.025827
42.3728,6.7290,55.84,133.00,0.024834
42.4628,6.7290,56.38,133.00,0.025718
42.5527,6.7290,56.11,133.00,0.024844
42.6407,6.7290,56.38,133.00,0.024914
42.7290,6.7290,56.65,133.00,0.025032
42.8149,6.7980,56.92,133.00,0.024509
42.9021,6.7980,56.11,133.00,0.025186
42.9867,6.7980,56.65,133.00,0.024486
43.0723,6.7980,56.38,133.00,0.023850
43.1560,6.7980,56.38,133.00,0.023602
43.2421,6.7980,56.38,133.00,0.024694
43.3274,6.7980,56.38,133.00,0.024742
43.4135,6.7980,56.38,133.00,0.024645
43.4976,6.7980,56.65,133.00,0.024014
43.5842,6.7980,56.38,133.00,0.024580
43.6695,6.7980,56.38,133.00,0.024487
43.7580,6.7980,56.11,133.00,0.024415
43.8452,6.9810,56.11,133.00,0.024466
43.9312,6.9810,56.11,133.00,0.024822
44.0174,6.9810,56.38,133.00,0.025243
44.1051,6.9810,56.65,133.00,0.025579
44.1894,6.9810,56.11,133.00,0.023922
44.2756,6.9810,56.11,133.00,0.023891
44.3613,6.9810,56.65,133.00,0.024712
44.4474,6.9810,56.38,133.00,0.024721
44.5336,6.9810,56.65,133.00,0.025831
44.6199,6.9810,56.65,133.00,0.024383
44.7051,6.9810,56.11,133.00,0.024640
44.8302,6.8760,56.65,133.50,0.038879
44.9603,6.7710,56.92,134.00,0.046534
45.0710,6.7710,56.11,134.00,0.033762
45.1780,6.7710,56.38,134.00,0.025460
45.2636,6.7710,56.38,134.00,0.023426
45.3463,6.7710,56.65,134.00,0.023461
45.4318,6.7710,56.38,134.00,0.023406
45.5168,6.7710,56.65,134.00,0.024347
45.6047,6.7710,56.65,134.00,0.024907
45.6901,6.7710,56.11,134.00,0.024730
45.7785,6.8360,56.38,134.00,0.026015
45.8653,6.9010,56.38,134.00,0.025915
45.9531,6.9010,56.65,133.50,0.024903
46.0402,6.9010,56.65,134.00,0.024043
46.1271,6.9010,56.38,133.50,0.024146
46.2131,6.9010,56.38,133.50,0.024589
46.3002,6.9010,56.38,133.50,0.024957
46.3866,6.9010,56.11,133.50,0.024889
46.4889,6.9010,56.38,133.50,0.036419
46.5745,6.9010,56.11,133.00,0.024753
46.6602,6.9010,56.65,133.00,0.023982
46.7457,6.9010,56.65,133.50,0.024314
46.8331,6.8630,56.38,133.00,0.025337
46.9184,6.8630,56.38,133.00,0.024515
47.0046,6.8630,56.65,133.00,0.024373
47.0929,6.8630,56.38,133.00,0.025126
47.1798,6.8630,56.65,133.00,0.024817
47.2654,6.8630,56.65,133.00,0.025451
47.3515,6.8630,56.65,133.00,0.023960
47.4362,6.8630,56.11,133.00,0.024121
47.5229,6.8630,56.38,133.00,0.024937
47.6085,6.8630,56.92,133.00,0.024928
47.6944,6.8630,56.65,133.00,0.024035
47.7807,6.9525,56.38,133.00,0.025172
47.8681,7.0420,56.92,133.00,0.024739
47.9539,7.0420,56.11,133.00,0.025007
48.0405,7.0420,56.92,133.00,0.024334
48.1273,7.0420,56.92,133.00,0.024829
48.2141,7.0420,56.38,133.00,0.024928
48.2984,7.0420,56.65,133.00,0.024611
48.3854,7.0420,56.65,133.00,0.025035
48.4703,7.0420,56.65,133.00,0.024652
48.5569,7.0420,56.65,133.00,0.024539
48.6419,7.0420,56.38,133.00,0.024400
48.7282,7.0420,56.65,133.00,0.024743
48.8138,6.9025,56.92,133.00,0.024656
48.9013,6.7630,56.65,133.00,0.024706
48.9864,6.7630,56.38,133.00,0.024503
49.0728,6.7630,56.65,133.00,0.024422
49.1574,6.7630,56.38,132.50,0.024573
49.2435,6.7630,56.65,132.00,0.024715
49.3283,6.7630,56.92,132.50,0.024420
49.4145,6.7630,56.38,132.50,0.024878
49.4994,6.7630,56.92,132.50,0.024205
49.5861,6.7630,56.65,132.00,0.024508
49.6711,6.7630,56.92,132.00,0.024686
49.7582,6.7630,56.38,132.00,0.024946
49.8441,7.0730,56.92,132.00,0.024956
49.9305,7.0730,56.11,132.00,0.024368
50.0157,7.0730,56.65,132.00,0.024270
50.1028,7.0730,56.65,132.00,0.024813
50.1878,7.0730,56.65,132.00,0.024729
50.2750,7.0730,56.65,132.00,0.025524
50.3599,7.0730,56.65,132.00,0.024539
50.4457,7.0730,56.65,132.00,0.024315
50.5333,7.0730,56.38,132.00,0.025248
50.6192,7.0730,56.38,132.00,0.024214
50.7046,7.0730,56.92,132.00,0.024720
50.7910,6.9180,56.65,132.00,0.024945
50.8761,6.7630,56.65,132.00,0.024781
50.9621,6.7630,56.65,132.00,0.024372
51.0473,6.7630,56.92,132.00,0.025092
51.1341,6.7630,56.38,132.00,0.024833
51.2201,6.7630,56.65,132.00,0.025427
51.3072,6.7630,56.65,132.00,0.025086
51.3936,6.7630,56.65,132.00,0.025481
51.4804,6.7630,56.65,132.00,0.024845
51.5657,6.7630,56.65,132.00,0.024548
51.6520,6.7630,56.65,132.00,0.024497
51.7378,6.7630,56.92,132.00,0.024954
51.8253,7.0540,56.38,131.50,0.025628
51.9105,7.0540,56.92,131.50,0.025193
51.9976,7.0540,56.92,131.50,0.025399
52.0834,7.0540,56.38,131.50,0.024849
52.1703,7.0540,56.65,131.00,0.024587
52.2568,7.0540,56.38,131.00,0.025261
52.3445,7.0540,56.65,131.00,0.024871
52.4306,7.0540,56.65,131.00,0.025218
52.5183,7.0540,56.38,131.00,0.025685
52.6042,7.0540,56.92,131.00,0.025362
52.6925,7.0540,56.92,131.00,0.024128
52.7784,7.0250,56.92,131.00,0.025887
52.8655,6.9960,56.65,131.00,0.025286
52.9525,6.9960,56.92,131.00,0.024838
53.0546,6.9960,56.38,131.50,0.037050
53.1767,6.9960,56.92,132.50,0.041284
53.3320,6.9960,56.92,133.00,0.081408
53.4382,6.9960,56.65,133.50,0.024572
53.5252,6.9960,56.65,134.00,0.024701
53.6107,6.9960,56.65,134.00,0.024288
53.6969,6.9960,56.65,134.00,0.024485
53.7827,7.0230,56.92,134.00,0.025001
53.8698,7.0500,56.65,134.00,0.024753
53.9566,7.0500,56.65,134.00,0.024318
54.0415,7.0500,56.65,134.00,0.023489
54.1241,7.0500,56.65,134.00,0.023371
54.2087,7.0500,56.65,134.00,0.023203
54.2933,7.0500,56.65,134.00,0.024844
54.3796,7.0500,56.65,134.00,0.024370
54.4659,7.0500,56.65,134.00,0.025970
54.5519,7.0500,56.38,134.00,0.024334
54.6377,7.0500,57.19,134.00,0.024904
54.7227,7.0500,56.65,134.00,0.023614
54.8084,7.0005,56.92,134.00,0.024085
54.8953,6.9510,56.92,134.00,0.024824
54.9806,6.9510,56.65,134.00,0.024196
55.0678,6.9510,56.92,134.00,0.024308
55.1522,6.9510,56.92,134.00,0.024075
55.2391,6.9510,56.92,134.00,0.024457
55.3242,6.9510,56.92,134.00,0.023841
55.4131,6.9510,56.65,134.00,0.024666
55.4985,6.9510,56.92,134.00,0.024870
55.5834,6.9510,56.92,134.00,0.023190
55.6665,6.9510,56.92,134.00,0.023437
55.7519,6.9510,56.92,134.00,0.023603
55.8363,6.9735,57.19,134.00,0.024451
55.9233,6.9960,56.92,134.00,0.024153
56.0094,6.9960,57.19,134.00,0.024542
56.0961,6.9960,56.92,134.00,0.024802
56.1820,6.9960,56.92,134.00,0.024745
56.2682,6.9960,56.65,134.00,0.024003
56.3546,6.9960,56.92,134.00,0.024664
56.4413,6.9960,56.92,134.00,0.024118
56.5273,6.9960,56.65,134.00,0.023166
56.6126,6.9960,56.92,134.00,0.023673
56.6962,6.9960,56.65,134.00,0.024145
56.7830,6.9770,57.19,134.00,0.024737
56.8688,6.9580,56.92,134.00,0.024802
56.9546,6.9580,56.92,134.00,0.023844
57.0404,6.9580,56.92,134.00,0.024824
57.1273,6.9580,56.92,134.00,0.024892
57.2115,6.9580,56.92,134.00,0.023953
57.2978,6.9580,56.65,134.00,0.024176
57.3832,6.9580,56.92,134.00,0.024369
57.4692,6.9580,56.92,134.00,0.024401
57.5548,6.9580,57.46,134.00,0.025418
57.6413,6.9580,57.19,134.00,0.024774
57.7287,6.9580,56.92,134.00,0.024726
57.8155,6.8050,56.92,134.00,0.024306
57.9007,6.8050,57.19,134.00,0.024286
57.9874,6.8050,56.65,134.00,0.024031
58.0729,6.8050,57.46,134.00,0.024522
58.1594,6.8050,56.65,134.00,0.024585
58.2439,6.8050,56.38,134.00,0.024007
58.3305,6.8050,56.65,134.00,0.024702
58.4154,6.8050,57.46,134.00,0.024166
58.5045,6.8050,56.92,134.00,0.024580
58.5902,6.8050,56.92,134.00,0.024700
58.6766,6.8050,56.92,134.00,0.024443
58.7626,6.8050,56.92,134.00,0.024833
58.8499,6.9580,56.92,134.00,0.024366
58.9372,6.9580,56.65,134.00,0.024599
59.0228,6.9580,57.19,134.00,0.023974
59.1085,6.9580,56.92,134.00,0.024704
59.1967,6.9580,56.92,134.00,0.024770
59.2818,6.9580,56.92,134.00,0.024910
59.3683,6.9580,57.46,134.00,0.024090
59.4537,6.9580,56.92,134.00,0.024586
59.5405,6.9580,56.92,134.00,0.024120
59.6258,6.9580,57.19,134.00,0.024578
59.7119,6.9580,56.92,134.00,0.024518
59.7977,7.0190,56.92,134.00,0.024874
59.8846,7.0800,56.92,134.00,0.024554
59.9694,7.0800,56.92,134.00,0.024644
60.0578,7.0800,56.92,134.00,0.024570
60.1434,7.0800,56.92,134.00,0.024606
60.2292,7.0800,57.46,134.00,0.024403
60.3152,7.0800,56.92,134.00,0.024699
60.4019,7.0800,57.19,134.00,0.024350
60.4871,7.0800,56.92,134.00,0.024618
60.5740,7.0800,57.19,133.50,0.024423
60.6587,7.0800,56.92,133.00,0.024264
60.7445,7.0800,56.92,133.00,0.023950
60.8312,6.7520,57.19,133.00,0.025034
60.9181,6.7520,57.19,133.00,0.024816
61.0030,6.7520,56.92,133.00,0.024592
61.0904,6.7520,56.92,133.00,0.024705
61.1743,6.7520,57.46,133.00,0.023778
61.2614,6.7520,57.19,133.00,0.024774
61.3472,6.7520,56.92,133.00,0.025010
61.4341,6.7520,56.65,133.00,0.024957
61.5202,6.7520,56.92,133.00,0.024918
61.6055,6.7520,56.92,133.00,0.023090
61.6881,6.7520,56.92,133.00,0.023632
61.7726,6.7520,56.92,133.00,0.023304
61.8567,6.9010,56.92,133.00,0.024517
61.9443,7.0500,56.92,133.00,0.024895
62.0301,7.0500,56.92,133.00,0.025210
62.1159,7.0500,56.92,133.00,0.024203
62.2006,7.0500,57.19,133.00,0.024092
62.2877,7.0500,56.65,133.00,0.024600
62.3734,7.0500,56.92,133.00,0.024920
62.4583,7.0500,56.92,133.00,0.023162
62.5409,7.0500,57.19,133.00,0.023304
62.6262,7.0500,57.19,133.00,0.023275
62.7102,7.0500,56.92,133.00,0.024307
62.7974,7.0730,56.92,133.00,0.024844
62.8836,7.0960,56.92,133.00,0.025392
62.9698,7.0960,57.19,133.00,0.024793
63.0549,7.0960,56.92,133.00,0.025174
63.1418,7.0960,56.92,133.00,0.024372
63.2265,7.0960,56.92,133.00,0.023869
63.3138,7.0960,57.46,133.00,0.024513
63.4005,7.0960,56.92,133.00,0.024417
63.4875,7.0960,56.92,133.00,0.025148
63.5734,7.0960,57.46,133.00,0.025144
63.6593,7.0960,57.19,133.00,0.024613
63.7445,7.0960,56.92,133.00,0.024826
63.8318,6.7480,57.19,133.00,0.024183
63.9169,6.7480,57.73,133.00,0.024468
64.0042,6.7480,56.92,133.00,0.024996
64.0897,6.7480,57.19,133.00,0.024831
64.1769,6.7480,56.92,133.00,0.025041
64.2617,6.7480,56.92,133.00,0.024473
64.3486,6.7480,56.92,133.00,0.024729
64.4344,6.7480,57.19,133.00,0.024880
64.5213,6.7480,56.92,133.00,0.025235
64.6074,6.7480,57.19,133.00,0.024834
64.6921,6.7480,56.92,133.00,0.023227
64.7756,6.7480,57.19,133.00,0.023356
64.8668,6.7480,56.92,133.00,0.028963
64.9714,6.8875,56.65,131.00,0.024556
65.0581,7.0270,57.19,131.00,0.024596
65.1431,7.0270,57.19,131.00,0.024652
65.2293,7.0270,56.92,131.00,0.024832
65.3151,7.0270,57.19,131.00,0.025715
65.4010,7.0270,57.19,131.00,0.024317
65.4859,7.0270,57.46,131.00,0.024052
65.5724,7.0270,57.19,131.00,0.024361
65.6579,7.0270,57.19,131.00,0.024634
65.7445,7.0270,56.92,131.00,0.024955
65.8300,7.0190,56.65,131.00,0.024304
65.9157,7.0190,56.92,131.00,0.024465
65.9996,7.0190,56.92,131.00,0.023404
66.0846,7.0190,57.19,131.00,0.023959
66.1673,7.0190,57.19,131.00,0.023373
66.2533,7.0190,56.92,131.00,0.024547
66.3376,7.0190,57.73,131.00,0.024317
66.4225,7.0190,57.19,131.00,0.023754
66.5068,7.0190,57.19,131.00,0.024363
66.5928,7.0190,56.92,131.00,0.024738
66.6763,7.0190,57.46,131.00,0.023468
66.7612,7.0190,56.92,131.00,0.024055
66.8462,6.9485,57.46,131.00,0.024868
66.9330,6.8780,56.92,131.00,0.024584
67.0178,6.8780,57.19,131.00,0.024446
67.1056,6.8780,57.19,131.00,0.024571
67.1903,6.8780,57.19,131.00,0.024508
67.2777,6.8780,56.92,131.00,0.025131
67.3655,6.8780,56.92,131.00,0.025411
67.4524,6.8780,57.46,130.50,0.024734
67.5369,6.8780,57.19,130.50,0.024467
67.6241,6.8780,57.73,130.00,0.024632
67.7094,6.8780,56.92,130.50,0.024191
67.7983,6.9560,57.19,130.00,0.024808
67.8842,7.0340,56.92,130.00,0.024652
67.9714,7.0340,56.92,130.50,0.025653
68.0557,7.0340,57.73,131.00,0.024691
68.1439,7.0340,56.92,131.00,0.023891
68.2301,7.0340,57.19,131.00,0.026958
68.3165,7.0340,57.19,131.00,0.024830
68.4011,7.0340,57.19,131.00,0.024409
68.4871,7.0340,57.46,131.00,0.024214
68.5725,7.0340,57.46,131.00,0.024958
68.6586,7.0340,56.92,131.00,0.024166
68.7432,7.0340,57.46,131.00,0.024906
68.8293,7.0080,57.46,131.00,0.024185
68.9147,7.0080,57.19,131.00,0.024935
69.0013,7.0080,57.19,131.00,0.025228
69.0862,7.0080,56.92,131.00,0.024563
69.1717,7.0080,56.92,131.00,0.023185
69.2546,7.0080,57.19,131.00,0.023458
69.3387,7.0080,56.92,131.00,0.023432
69.4237,7.0080,57.73,131.00,0.024138
69.5099,7.0080,57.19,131.00,0.024383
69.5947,7.0080,57.73,131.00,0.024980
69.6813,7.0080,57.46,131.00,0.025061
69.7663,6.9795,57.46,131.00,0.024884
69.8531,6.9510,57.46,131.00,0.024681
69.9407,6.9510,57.73,131.00,0.024499
70.0272,6.9510,57.19,131.00,0.024588
70.1132,6.9510,57.73,131.00,0.025823
70.1994,6.9510,57.46,131.00,0.024234
70.2844,6.9510,57.46,131.00,0.024412
70.3676,6.9510,57.46,131.00,0.023199
70.4506,6.9510,57.46,131.00,0.023596
70.5356,6.9510,57.19,131.00,0.024019
70.6206,6.9510,57.46,131.00,0.024612
70.7074,6.9510,57.73,131.00,0.024700
70.7933,7.0250,57.46,131.00,0.024789
70.8792,7.0990,57.19,131.00,0.024534
70.9653,7.0990,57.73,131.00,0.025497
71.0521,7.0990,57.46,131.00,0.025198
71.1377,7.0990,57.73,131.00,0.025235
71.2273,7.0990,57.73,131.00,0.025068
71.3174,7.0990,57.73,131.00,0.025101
71.4072,7.0990,57.19,131.00,0.025181
71.4950,7.0990,57.19,131.00,0.025031
71.5846,7.0990,57.19,131.00,0.025353
71.6719,7.0990,57.73,131.00,0.024793
71.7555,7.0990,58.00,131.00,0.023658
71.8389,7.0990,57.19,131.00,0.023685
71.9238,7.0990,57.73,131.00,0.023459
72.0068,7.0990,57.19,131.00,0.023510
72.0915,7.0990,57.73,131.00,0.023520
72.1821,7.0990,57.73,131.00,0.025826
72.2666,7.0990,56.92,131.00,0.023558
72.3493,7.0990,56.92,131.00,0.023551
72.4385,7.0990,57.46,131.00,0.025114
72.5273,7.0990,58.00,131.00,0.025927
72.6153,7.0990,57.19,131.00,0.024070
72.7037,7.0990,56.92,131.00,0.025014
72.7937,7.0990,57.46,131.00,0.025465
72.8818,7.0990,57.73,131.00,0.025723
72.9685,6.9295,57.46,131.00,0.024871
73.0571,6.7600,57.73,131.00,0.024686
73.1422,6.7600,57.46,131.00,0.023452
73.2253,6.7600,57.73,131.00,0.023884
73.3113,6.7600,57.46,131.00,0.024476
73.3957,6.7600,57.19,131.00,0.024801
73.4812,6.7600,58.00,131.00,0.024255
73.5638,6.7600,56.92,131.00,0.023471
73.6483,6.7600,57.19,131.00,0.023425
73.7331,6.7600,58.00,130.50,0.024536
73.8181,6.9350,57.73,130.00,0.023495
73.9006,6.9350,57.46,130.00,0.023500
73.9866,6.9350,57.46,130.00,0.024619
74.0713,6.9350,57.46,130.00,0.024569
74.1576,6.9350,57.46,130.00,0.024551
74.2419,6.9350,57.46,130.00,0.024275
74.3288,6.9350,57.46,130.00,0.025029
74.4136,6.9350,57.46,130.00,0.025249
74.4993,6.9350,57.19,130.00,0.024129
74.5833,6.9350,57.73,130.00,0.024397
74.6702,6.9350,57.19,130.00,0.024522
74.7548,6.9350,57.46,130.00,0.024654
74.8418,6.8090,57.46,130.00,0.025011
74.9259,6.8090,58.00,130.00,0.024343
75.0139,6.8090,58.00,130.00,0.024000
75.0997,6.8090,57.46,130.00,0.024727
75.1868,6.8090,57.73,130.00,0.024840
75.2699,6.8090,58.00,130.00,0.023555
75.3553,6.8090,58.00,130.00,0.023995
75.4385,6.8090,57.73,130.00,0.023820
75.5242,6.8090,57.73,130.00,0.024374
75.6089,6.8090,58.00,130.00,0.024509
75.6976,6.8090,58.00,130.00,0.024498
75.7818,6.8090,57.73,130.00,0.023199
75.8658,6.8090,58.00,130.00,0.023574
75.9486,6.8090,58.00,130.00,0.024111
76.0344,6.8455,58.00,130.00,0.024571
76.1192,6.8820,57.46,130.00,0.024134
76.2064,6.8820,57.46,130.00,0.024539
76.2918,6.8820,57.73,130.00,0.024346
76.3778,6.8820,57.46,130.00,0.024860
76.4626,6.8820,57.46,130.00,0.024835
76.5484,6.8820,58.00,129.50,0.023934
76.6317,6.8820,58.00,129.00,0.023882
76.7184,6.8820,58.00,129.00,0.024456
76.8038,6.9030,58.00,129.00,0.024914
76.8908,6.9240,57.73,129.00,0.024877
76.9753,6.9240,58.00,129.00,0.024146
77.0626,6.9240,58.00,129.00,0.024978
77.1474,6.9240,57.46,129.00,0.024352
77.2364,6.9240,58.00,129.00,0.024529
77.3197,6.9240,58.00,129.00,0.023814
77.4041,6.9240,58.00,129.00,0.023731
77.4885,6.9240,58.00,129.00,0.024525
77.5750,6.9240,57.73,129.00,0.024459
77.6602,6.9240,58.00,129.00,0.024666
77.7458,6.9240,58.00,129.00,0.023571
77.8292,6.9240,58.00,129.00,0.023722
77.9163,7.0020,57.73,129.00,0.024960
78.0020,7.0800,57.19,129.00,0.024809
78.0908,7.0800,57.46,129.00,0.026379
78.1763,7.0800,58.00,129.00,0.024323
78.2630,7.0800,58.00,129.00,0.024792
78.3484,7.0800,58.00,129.00,0.024629
78.4345,7.0800,57.73,129.00,0.024678
78.5193,7.0800,58.00,129.00,0.024308
78.6062,7.0800,58.00,129.00,0.024940
78.6916,7.0800,58.00,129.00,0.023552
78.7757,7.0800,56.92,129.00,0.023868
78.8608,7.0800,57.73,129.00,0.024649
78.9474,6.8280,58.00,129.00,0.024533
79.0321,6.8280,58.27,129.00,0.024629
79.1182,6.8280,57.46,129.00,0.024222
79.2024,6.8280,57.46,129.00,0.023936
79.2893,6.8280,58.00,129.00,0.024538
79.3739,6.8280,57.46,129.00,0.024520
79.4597,6.8280,57.73,129.00,0.024412
79.5440,6.8280,58.00,128.50,0.024471
79.6304,6.8280,57.73,128.50,0.024038
79.7152,6.8280,57.46,128.50,0.024055
79.8019,6.8280,58.00,128.00,0.024369
79.8878,6.8280,58.00,128.50,0.024680
79.9744,6.8280,57.46,128.50,0.025058
80.0597,6.8280,58.00,128.50,0.024937
80.1467,6.8280,58.00,128.50,0.024923
80.2322,6.8280,58.00,128.00,0.024047
80.3209,6.8280,58.00,128.00,0.024389
80.4063,6.8280,58.00,128.00,0.024310
80.4915,6.8280,57.73,128.00,0.024380
80.5777,6.8280,58.00,128.00,0.025088
80.6639,6.8280,58.00,128.00,0.024510
80.7484,6.8280,58.00,128.00,0.023530
80.8328,6.8280,58.00,128.00,0.023485
80.9160,6.8280,58.00,128.00,0.023746
81.0029,6.8280,57.73,128.00,0.024876
81.0888,6.8280,58.00,128.00,0.024788
81.1758,6.8280,58.00,128.00,0.025080
81.2604,6.8280,58.00,128.00,0.024162
81.3464,6.8280,57.73,128.00,0.024630
81.4312,6.8280,58.00,128.00,0.025022
81.5209,6.8280,58.00,128.00,0.024992
81.6056,6.8280,58.00,128.00,0.025046
81.6931,6.8280,58.00,128.00,0.024983
81.7775,6.8490,57.46,128.00,0.024689
81.8643,6.8700,58.00,128.00,0.024340
81.9494,6.8700,57.46,128.00,0.024285
82.0349,6.8700,58.00,128.00,0.023526
82.1201,6.8700,58.00,128.00,0.024890
82.2065,6.8700,58.00,128.00,0.024549
82.2916,6.8700,58.00,128.00,0.024235
82.3777,6.8700,58.00,128.00,0.024451
82.4629,6.8700,58.00,128.00,0.024647
82.5496,6.8700,57.46,128.00,0.024340
82.6343,6.8700,58.00,128.00,0.024820
82.7209,6.8700,58.00,128.00,0.025027
82.8051,6.9295,58.27,127.50,0.024603
82.8936,6.9890,57.73,127.00,0.023895
82.9783,6.9890,58.00,127.00,0.024565
83.0649,6.9890,57.73,127.00,0.024381
83.1506,6.9890,58.00,127.00,0.024640
83.2373,6.9890,58.00,127.00,0.024797
83.3214,6.9890,58.27,127.50,0.024731
83.4077,6.9890,58.00,127.00,0.024592
83.4933,6.9890,58.00,127.00,0.024295
83.5775,6.9890,58.00,127.00,0.023342
83.6600,6.9890,58.00,127.00,0.023656
83.7453,6.9890,58.00,127.00,0.024021
83.8300,7.0540,57.73,127.00,0.024449
83.9159,7.0540,58.00,127.00,0.024635
84.0016,7.0540,58.00,127.00,0.025093
84.0882,7.0540,58.00,127.00,0.024897
84.1720,7.0540,58.00,127.00,0.024323
84.2587,7.0540,58.00,127.00,0.025056
84.3434,7.0540,57.73,127.00,0.024408
84.4291,7.0540,58.00,127.00,0.024491
84.5143,7.0540,58.27,127.00,0.024537
84.6006,7.0540,57.73,127.00,0.024398
84.6857,7.0540,58.00,127.00,0.025131
84.7730,7.0750,58.00,127.00,0.025020
84.8582,7.0960,58.00,127.00,0.024635
84.9422,7.0960,58.00,127.00,0.023199
85.0248,7.0960,57.73,127.00,0.023200
85.1094,7.0960,58.00,127.00,0.023632
85.1942,7.0960,58.00,127.00,0.024701
85.2815,7.0960,58.27,127.00,0.025340
85.3696,7.0960,58.00,127.00,0.025001
85.4582,7.0960,57.73,127.00,0.024455
85.5429,7.0960,57.73,127.00,0.024499
85.6267,7.0960,58.00,127.00,0.023381
85.7086,7.0960,57.73,127.00,0.023148
85.7935,7.0960,58.00,127.00,0.023895
85.8781,6.7670,58.00,127.00,0.024332
85.9634,6.7670,58.00,127.00,0.024163
86.0490,6.7670,58.27,127.00,0.024610
86.1327,6.7670,58.00,127.00,0.023292
86.2153,6.7670,58.00,127.00,0.023424
86.3005,6.7670,58.00,127.00,0.023640
86.3871,6.7670,58.00,127.00,0.024913
86.4751,6.7670,58.00,127.00,0.023662
86.5609,6.7670,58.00,127.00,0.025265
86.6500,6.7670,58.00,127.00,0.025454
86.7372,6.7670,58.00,127.00,0.025279
86.8280,6.9090,58.00,127.00,0.025966
86.9164,6.9090,58.00,127.00,0.025476
87.0058,6.9090,58.00,127.00,0.025532
87.0950,6.9090,58.00,127.00,0.025011
87.1843,6.9090,58.27,127.00,0.025179
87.2723,6.9090,58.00,127.00,0.025451
87.3628,6.9090,58.00,127.00,0.025467
87.4532,6.9090,58.00,127.00,0.025614
87.5434,6.9090,58.00,127.00,0.025824
87.6338,6.9090,58.00,127.00,0.025476
87.7258,6.9090,57.73,127.00,0.025533
87.8141,6.8630,58.27,127.00,0.025434
87.9043,6.8170,58.00,127.00,0.025068
87.9943,6.8170,58.27,127.00,0.025459
88.0848,6.8170,58.00,127.00,0.025572
88.1739,6.8170,58.00,127.00,0.025613
88.2665,6.8170,58.00,127.00,0.025976
88.3542,6.8170,58.00,127.00,0.025681
88.4423,6.8170,58.00,127.00,0.023534
88.5257,6.8170,57.73,127.00,0.023832
88.6124,6.8170,58.00,127.00,0.023779
88.7006,6.8170,58.00,127.00,0.025579
88.7896,6.7560,58.00,127.00,0.024785
88.8722,6.6950,58.53,127.00,0.023943
88.9572,6.6950,58.00,127.00,0.023777
89.0441,6.6950,58.00,127.00,0.025107
89.1376,6.6950,57.73,127.00,0.025063
89.2269,6.6950,58.00,127.00,0.025041
89.3161,6.6950,58.00,127.00,0.024877
89.4065,6.6950,58.00,127.00,0.025932
89.4989,6.6950,58.00,127.00,0.026063
89.5884,6.6950,58.00,127.00,0.025697
89.6779,6.6950,58.00,127.00,0.025437
89.7651,6.8020,58.00,127.00,0.025017
89.8547,6.9090,58.27,127.00,0.025139
89.9420,6.9090,58.00,127.00,0.025292
90.0313,6.9090,58.27,127.00,0.025307
90.1196,6.9090,58.00,127.00,0.025496
90.2093,6.9090,58.00,127.00,0.025587
90.2985,6.9090,57.46,127.00,0.025592
90.3885,6.9090,58.00,127.00,0.025361
90.4785,6.9090,58.00,127.00,0.026087
90.5681,6.9090,58.00,127.00,0.024944
90.6614,6.9090,58.00,127.00,0.025039
90.7536,6.9090,58.00,127.00,0.025515
90.8452,6.8510,58.00,127.00,0.025681
90.9371,6.8510,58.27,128.00,0.025204
91.0258,6.8510,58.00,128.00,0.025568
91.1128,6.8510,57.73,128.00,0.023331
91.1964,6.8510,58.00,128.00,0.023650
91.2816,6.8510,58.00,128.00,0.023578
91.3679,6.8510,58.00,128.00,0.024012
91.4582,6.8510,58.27,128.00,0.025802
91.5493,6.8510,58.00,128.00,0.025578
91.6396,6.8510,58.00,128.00,0.025721
91.7287,6.8510,58.27,128.00,0.025842
91.8199,6.8250,58.00,128.00,0.025423
91.9080,6.8250,58.00,128.00,0.024691
91.9985,6.8250,58.27,128.00,0.025031
92.0866,6.8250,58.27,128.00,0.025396
92.1740,6.8250,58.00,128.00,0.023326
92.2580,6.8250,58.00,128.00,0.023681
92.3439,6.8250,58.00,128.00,0.023314
92.4298,6.8250,58.00,128.00,0.025057
92.5204,6.8250,58.00,128.00,0.025068
92.6083,6.8250,58.00,128.00,0.025410
92.6983,6.8250,57.46,128.00,0.024784
92.7876,6.8420,58.00,128.00,0.025819
92.8786,6.8590,58.00,128.00,0.025154
92.9673,6.8590,58.27,128.00,0.026394
93.0578,6.8590,58.00,128.00,0.025827
93.1440,6.8590,58.27,128.00,0.023290
93.2284,6.8590,58.00,128.00,0.023515
93.3117,6.8590,58.00,128.00,0.023498
93.4015,6.8590,58.00,128.00,0.025698
93.4906,6.8590,58.00,128.00,0.025928
93.5814,6.8590,58.00,128.00,0.026516
93.6693,6.8590,58.00,128.00,0.025604
93.7616,6.8590,58.00,128.00,0.025395
93.8529,6.7750,58.00,128.00,0.024956
93.9450,6.7750,58.00,128.00,0.025346
94.0292,6.7750,58.00,128.00,0.023455
94.1147,6.7750,58.00,128.00,0.023859
94.2015,6.7750,58.27,128.00,0.025973
94.2934,6.7750,58.00,128.00,0.025483
94.3817,6.7750,58.00,128.00,0.025135
94.4722,6.7750,58.00,128.00,0.024823
94.5624,6.7750,58.00,128.00,0.025520
94.6554,6.7750,58.00,128.00,0.024992
94.7458,6.7750,58.27,128.00,0.024399
94.8372,6.7750,58.53,128.00,0.025297
94.9259,6.7750,58.00,128.00,0.025409
95.0165,6.7750,58.00,128.00,0.025631
95.1053,6.7750,58.00,128.00,0.025475
95.1912,6.7750,58.27,128.00,0.023484
95.2750,6.7750,58.00,128.00,0.023586
95.3606,6.7750,58.27,128.00,0.023805
95.4460,6.7750,58.27,128.00,0.024728
95.5323,6.7750,58.00,128.00,0.025066
95.6175,6.7750,58.27,128.00,0.024329
95.7015,6.7750,58.00,128.00,0.023072
95.7849,6.7750,58.27,128.00,0.023673
95.8705,6.7940,58.00,128.00,0.024417
95.9551,6.8130,58.00,128.00,0.023969
96.0419,6.8130,58.00,128.00,0.024960
96.1269,6.8130,58.00,128.00,0.024257
96.2136,6.8130,58.00,128.00,0.024598
96.2982,6.8130,58.27,128.00,0.024398
96.3848,6.8130,58.27,128.00,0.024495
96.4695,6.8130,58.53,128.00,0.024893
96.5551,6.8130,58.27,128.00,0.024350
96.6403,6.8130,58.00,128.00,0.024774
96.7261,6.8130,58.27,128.00,0.024295
96.8119,6.8090,58.00,128.00,0.024823
96.8989,6.8050,58.00,128.00,0.024403
96.9834,6.8050,58.27,128.00,0.024494
97.0694,6.8050,58.27,128.00,0.025143
97.1539,6.8050,58.00,128.00,0.024648
97.2395,6.8050,58.53,128.00,0.024236
97.3244,6.8050,58.00,128.00,0.024630
97.4106,6.8050,58.27,128.00,0.024295
97.4953,6.8050,58.27,128.00,0.023809
97.5800,6.8050,58.27,128.50,0.023826
97.6631,6.8050,58.27,128.00,0.023352
97.7475,6.8050,58.00,128.00,0.023360
97.8329,6.7900,58.00,128.00,0.023961
97.9197,6.7900,58.53,128.00,0.024641
98.0049,6.7900,58.00,128.00,0.024896
98.0917,6.7900,58.80,128.00,0.025127
98.1771,6.7900,58.27,128.00,0.024628
98.2630,6.7900,58.27,128.00,0.023922
98.3478,6.7900,58.27,128.00,0.024299
98.4349,6.7900,58.00,128.00,0.024643
98.5203,6.7900,58.53,128.00,0.024805
98.6066,6.7900,58.00,128.00,0.024843
98.6900,6.7900,58.00,128.00,0.023588
98.7739,6.7900,58.00,128.00,0.023421
98.8566,6.7900,58.27,128.00,0.023264
98.9434,6.8245,58.53,128.00,0.024773
99.0286,6.8590,58.27,128.00,0.024644
99.1158,6.8590,58.00,128.00,0.024860
99.1998,6.8590,58.27,128.00,0.023448
99.2845,6.8590,58.00,128.00,0.023957
99.3678,6.8590,58.27,128.00,0.023596
99.4540,6.8590,58.53,128.00,0.024573
99.5388,6.8590,58.27,128.00,0.024673
99.6252,6.8590,58.27,128.00,0.025386
99.7101,6.8590,58.27,128.00,0.024605
99.7963,6.8225,58.27,128.00,0.024369
99.8812,6.7860,58.80,128.00,0.024326
99.9670,6.7860,58.27,128.00,0.024600
100.0522,6.7860,58.53,128.00,0.024634
100.1414,6.7860,58.53,127.00,0.024926
100.2266,6.7860,58.27,127.00,0.024768
100.3136,6.7860,58.27,127.00,0.024273
100.3981,6.7860,58.27,127.00,0.024166
100.4848,6.7860,58.27,127.00,0.024354
100.5682,6.7860,58.27,127.00,0.023866
100.6529,6.7860,58.27,127.00,0.023651
100.7363,6.7860,58.53,127.00,0.023665
100.8225,6.9180,58.53,127.00,0.024166
100.9053,7.0500,58.27,127.00,0.023207
100.9900,7.0500,58.27,127.00,0.023386
101.0728,7.0500,58.27,127.00,0.023326
101.1590,7.0500,58.53,127.00,0.025067
101.2443,7.0500,58.00,127.00,0.024624
101.3315,7.0500,58.80,127.00,0.024673
101.4174,7.0500,58.80,127.00,0.024681
101.5040,7.0500,58.27,127.00,0.024346
101.5905,7.0500,58.27,127.00,0.025414
101.6772,7.0500,58.53,127.00,0.024765
101.7628,6.9010,58.27,127.00,0.025251
101.8496,6.7520,58.27,127.00,0.024651
101.9339,6.7520,58.53,127.00,0.024258
102.0202,6.7520,58.27,127.00,0.024402
102.1054,6.7520,58.00,127.00,0.024845
102.1929,6.7520,58.27,127.00,0.025010
102.2780,6.7520,58.27,127.00,0.024676
102.3644,6.7520,58.53,127.00,0.024588
102.4497,6.7520,58.27,127.00,0.024464
102.5366,6.7520,58.53,127.00,0.025178
102.6217,6.7520,58.53,127.00,0.024782
102.7093,6.7520,58.27,127.00,0.025753
102.7946,6.8570,58.27,127.00,0.025372
102.8816,6.9620,58.27,127.00,0.024830
102.9680,6.9620,58.27,127.00,0.024758
103.0551,6.9620,58.00,127.00,0.024581
103.1384,6.9620,58.00,127.00,0.023225
103.2233,6.9620,58.27,127.00,0.023388
103.3069,6.9620,58.53,126.50,0.024147
103.3928,6.9620,58.80,126.00,0.024085
103.4766,6.9620,58.27,126.00,0.024198
103.5640,6.9620,58.53,126.50,0.024942
103.6494,6.9620,58.80,127.00,0.025064
103.7348,6.9620,58.53,127.00,0.023621
103.8195,6.8685,58.27,127.00,0.024004
103.9057,6.7750,58.27,126.50,0.024429
103.9902,6.7750,58.80,126.50,0.023540
104.0757,6.7750,58.80,126.00,0.024120
104.1597,6.7750,58.53,126.00,0.023668
104.2495,6.7750,58.53,126.50,0.024839
104.3351,6.7750,58.53,126.00,0.025369
104.4223,6.7750,58.80,126.00,0.024986
104.5075,6.7750,58.80,126.00,0.024485
104.5949,6.7750,58.27,126.00,0.024555
104.6809,6.7750,58.27,126.00,0.025037
104.7682,6.8590,58.00,126.00,0.025023
104.8540,6.9430,58.80,126.00,0.024846
104.9394,6.9430,58.27,126.00,0.023725
105.0239,6.9430,58.80,126.00,0.023931
105.1097,6.9430,58.27,126.00,0.024844
105.1951,6.9430,58.27,126.00,0.024396
105.2822,6.9430,58.00,126.00,0.024650
105.3678,6.9430,58.80,126.00,0.024835
105.4557,6.9430,58.00,126.00,0.024809
105.5413,6.9430,58.80,126.00,0.024589
105.6290,6.9430,58.53,126.00,0.024627
105.7158,6.9430,58.00,126.00,0.025176
105.8042,6.8570,58.53,126.00,0.025277
105.8902,6.7710,59.07,126.00,0.024781
105.9774,6.7710,58.27,126.00,0.024745
106.0618,6.7710,58.53,126.00,0.023989
106.1462,6.7710,58.80,126.00,0.023974
106.2324,6.7710,59.07,126.00,0.024134
106.3197,6.7710,58.80,126.00,0.023571
106.4038,6.7710,58.80,126.00,0.023918
106.4895,6.7710,58.53,126.00,0.024163
106.5742,6.7710,58.53,126.00,0.024336
106.6603,6.7710,58.53,126.00,0.023657
106.7429,6.7710,58.53,126.00,0.023068
106.8282,6.7710,58.00,126.00,0.023779
106.9133,6.8590,58.00,126.00,0.024894
106.9990,6.9470,58.80,126.00,0.024381
107.0845,6.9470,58.53,126.00,0.025244
107.1706,6.9470,58.27,126.00,0.024127
107.2560,6.9470,58.53,126.00,0.023910
107.3409,6.9470,58.53,126.00,0.023123
107.4240,6.9470,58.80,126.00,0.023468
107.5084,6.9470,59.07,126.00,0.023708
107.5925,6.9470,58.80,126.00,0.024656
107.6790,6.9470,58.53,126.00,0.024402
107.7653,6.9890,58.80,126.00,0.025320
107.8525,7.0310,58.27,126.00,0.024654
107.9382,7.0310,58.27,125.50,0.024549
108.0248,7.0310,58.53,126.00,0.024578
108.1109,7.0310,58.80,125.50,0.025860
108.2005,7.0310,58.27,125.00,0.024952
108.2894,7.0310,58.27,125.00,0.025065
108.3796,7.0310,58.80,125.00,0.025137
108.4702,7.0310,59.07,125.00,0.025596
108.5615,7.0310,58.53,125.00,0.025315
108.6501,7.0310,58.53,125.00,0.026042
108.7379,7.0310,59.07,125.00,0.024366
108.8211,7.0310,58.53,125.00,0.023387
108.9067,7.0310,59.07,125.00,0.024019
108.9959,6.9260,58.27,125.00,0.024972
109.0863,6.8210,58.27,125.00,0.025427
109.1729,6.8210,58.80,125.00,0.024528
109.2645,6.8210,58.27,125.00,0.025481
109.3547,6.8210,59.07,125.00,0.025930
109.4469,6.8210,58.80,125.00,0.025590
109.5351,6.8210,58.80,125.00,0.025569
109.6254,6.8210,58.53,125.00,0.025119
109.7131,6.8210,58.80,125.00,0.025116
109.8034,6.8340,58.80,125.00,0.025789
109.8907,6.8470,58.27,125.00,0.023817
109.9748,6.8470,58.53,125.00,0.023405
110.0594,6.8470,58.80,125.00,0.024339
110.1494,6.8470,58.53,124.50,0.025172
110.2374,6.8470,58.80,124.00,0.025043
110.3297,6.8470,58.80,124.00,0.024973
110.4179,6.8470,58.53,124.00,0.025168
110.5070,6.8470,59.07,124.00,0.025030
110.5955,6.8470,58.80,124.00,0.026129
110.6858,6.8470,59.07,124.00,0.026151
110.7743,6.8110,58.27,124.00,0.025623
110.8639,6.7750,58.27,124.00,0.024893
110.9539,6.7750,59.07,124.00,0.024438
111.0454,6.7750,59.07,124.50,0.025935
111.1348,6.7750,59.07,124.50,0.025350
111.2251,6.7750,58.53,125.00,0.025385
111.3136,6.7750,58.27,125.00,0.025879
111.4037,6.7750,58.27,125.00,0.026058
111.4938,6.7750,58.80,125.00,0.025847
111.5856,6.7750,58.80,125.00,0.025663
111.6745,6.7750,58.80,125.00,0.025027
111.7661,6.7960,58.80,125.00,0.025474
111.8543,6.8170,59.07,125.00,0.025386
111.9406,6.8170,58.27,125.00,0.023026
112.0228,6.8170,58.53,125.00,0.023598
112.1084,6.8170,59.07,125.00,0.023503
112.1946,6.8170,58.80,125.00,0.024602
112.2851,6.8170,58.80,125.00,0.025394
112.3751,6.8170,58.80,125.00,0.025587
112.4665,6.8170,58.53,125.00,0.026112
112.5544,6.8170,58.80,125.00,0.025573
112.6448,6.8170,58.80,125.00,0.025790
112.7319,6.8170,58.53,125.00,0.025002
112.8192,6.8495,58.80,125.00,0.024992
112.9043,6.8820,58.27,125.00,0.024618
112.9910,6.8820,58.80,125.00,0.024717
113.0749,6.8820,58.80,125.00,0.024069
113.1618,6.8820,58.80,125.00,0.025122
113.2454,6.8820,58.53,125.00,0.024530
113.3316,6.8820,59.07,125.00,0.024442
113.4153,6.8820,58.80,125.00,0.024243
113.5012,6.8820,58.53,125.00,0.023937
113.5836,6.8820,58.53,125.00,0.023110
113.6709,6.8820,58.80,125.00,0.026230
113.7541,6.8820,59.07,125.50,0.023561
113.8405,6.8820,58.80,125.00,0.024728
113.9254,6.7520,58.80,126.00,0.023479
114.0101,6.7520,58.80,126.00,0.023285
114.0939,6.7520,58.53,126.00,0.023655
114.1832,6.7520,58.27,126.00,0.025910
114.2747,6.7520,59.07,125.50,0.025935
114.3662,6.7520,58.53,125.50,0.025559
114.4552,6.7520,59.34,125.50,0.025619
114.5448,6.7520,58.53,125.50,0.024986
114.6335,6.7520,58.53,125.00,0.025161
114.7263,6.7520,58.53,125.00,0.025748
114.8154,6.7785,58.53,125.00,0.025582
114.9059,6.8050,59.07,125.00,0.025509
114.9943,6.8050,58.53,125.50,0.025533
115.0868,6.8050,58.27,125.00,0.026230
115.1751,6.8050,58.53,125.00,0.025255
115.2658,6.8050,58.80,125.00,0.025558
115.3541,6.8050,58.53,125.00,0.025254
115.4450,6.8050,58.80,125.00,0.025649
115.5339,6.8050,58.80,125.00,0.025586
115.6202,6.8050,59.07,125.00,0.024069
115.7062,6.8050,58.80,125.50,0.024898
115.7971,6.8165,58.80,125.00,0.025498
115.8862,6.8280,58.80,125.00,0.025921
115.9759,6.8280,58.53,125.00,0.024942
116.0691,6.8280,59.07,125.00,0.025233
116.1589,6.8280,58.80,125.00,0.025072
116.2477,6.8280,58.80,125.00,0.025127
116.3375,6.8280,58.53,125.00,0.025386
116.4256,6.8280,58.80,125.50,0.026098
116.5150,6.8280,58.80,125.50,0.025728
116.6036,6.8280,58.53,125.00,0.025486
116.6938,6.8280,59.07,125.50,0.025365
116.7820,6.8395,58.80,125.50,0.025505
116.8719,6.8510,59.07,125.00,0.024540
116.9562,6.8510,59.07,125.00,0.023635
117.0439,6.8510,59.07,125.00,0.023756
117.1285,6.8510,58.53,125.00,0.024766
117.2148,6.8510,59.07,125.00,0.024745
117.2995,6.8510,58.80,125.00,0.024150
117.3866,6.8510,59.07,125.00,0.024775
117.4723,6.8510,59.07,125.00,0.024827
117.5597,6.8510,58.80,125.00,0.023167
117.6427,6.8510,59.07,125.00,0.023338
117.7270,6.8510,58.80,125.00,0.023483
117.8104,6.8510,58.53,125.00,0.024167
117.8980,6.8050,59.07,125.00,0.024718
117.9836,6.8050,58.53,125.00,0.023521
118.0682,6.8050,58.80,125.00,0.022907
118.1525,6.8050,59.07,125.00,0.023907
118.2412,6.8050,58.80,125.00,0.024897
118.3264,6.8050,59.07,125.00,0.024441
118.4129,6.8050,58.80,125.00,0.024220
118.4979,6.8050,59.07,125.00,0.024163
118.5843,6.8050,58.53,125.00,0.024848
118.6713,6.8050,58.80,125.00,0.025178
118.7568,6.8050,58.80,125.00,0.024402
118.8426,6.9160,59.07,125.00,0.024184
118.9296,6.9160,58.53,125.00,0.024323
119.0137,6.9160,58.80,125.00,0.024303
119.1014,6.9160,58.80,125.00,0.024827
119.1858,6.9160,59.07,125.00,0.024594
119.2701,6.9160,59.07,125.00,0.023199
119.3523,6.9160,58.53,125.00,0.022919
119.4378,6.9160,59.07,125.00,0.024176
119.5221,6.9160,58.80,125.00,0.024017
119.6066,6.9160,59.07,125.00,0.023393
119.6917,6.9160,59.07,125.00,0.023952
119.7773,6.9655,59.34,125.00,0.024432
119.8647,7.0150,58.80,125.00,0.024693
119.9511,7.0150,59.07,125.00,0.024284
120.0363,7.0150,58.53,125.00,0.024779
120.1245,7.0150,59.07,125.00,0.024443
120.2096,7.0150,59.07,125.00,0.024787
120.2965,7.0150,59.07,125.00,0.024559
120.3816,7.0150,58.27,125.00,0.024363
120.4683,7.0150,59.07,125.00,0.024175
120.5538,7.0150,59.07,124.50,0.024722
120.6396,7.0150,59.07,125.00,0.024164
120.7251,7.0150,58.80,125.00,0.024902
120.8111,7.0115,58.80,125.00,0.024171
120.8964,7.0080,58.27,125.00,0.024443
120.9830,7.0080,59.34,125.00,0.024182
121.0684,7.0080,58.80,125.00,0.024768
121.1550,7.0080,59.07,125.00,0.024397
121.2401,7.0080,59.07,124.50,0.024117
121.3276,7.0080,59.07,124.50,0.024828
121.4125,7.0080,59.07,124.00,0.024481
121.4969,7.0080,59.07,125.00,0.023124
121.5796,7.0080,58.80,125.00,0.023494
121.6643,7.0080,59.07,125.00,0.023723
121.7494,7.0080,59.07,124.50,0.024560
121.8368,6.8210,58.80,124.50,0.024952
121.9218,6.8210,59.07,124.50,0.024840
122.0082,6.8210,59.07,124.00,0.024207
122.0936,6.8210,59.07,124.50,0.024935
122.1802,6.8210,59.34,124.00,0.024528
122.2651,6.8210,59.07,124.50,0.023853
122.3517,6.8210,59.07,124.00,0.024529
122.4355,6.8210,59.07,124.00,0.023397
122.5199,6.8210,59.07,124.50,0.023251
122.6034,6.8210,58.80,125.00,0.023803
122.6897,6.8210,59.07,125.00,0.024969
122.7749,6.8550,59.34,125.00,0.024393
122.8623,6.8890,59.34,125.00,0.024800
122.9489,6.8890,59.07,125.00,0.024729
123.0354,6.8890,58.80,125.00,0.024181
123.1208,6.8890,58.80,124.50,0.024734
123.2069,6.8890,58.80,124.50,0.024644
123.2926,6.8890,59.07,125.00,0.024711
123.3811,6.8890,58.80,125.00,0.024685
123.4671,6.8890,59.07,125.00,0.025758
123.5536,6.8890,58.80,125.00,0.024534
123.6400,6.8890,59.07,125.00,0.024079
123.7268,6.8890,58.53,125.00,0.024398
123.8123,6.9750,58.80,125.00,0.024973
123.9001,7.0610,59.07,125.00,0.025254
123.9855,7.0610,59.07,124.50,0.024930
124.0714,7.0610,59.07,124.00,0.024390
124.1564,7.0610,59.07,124.50,0.024884
124.2399,7.0610,59.07,125.00,0.023350
124.3232,7.0610,59.34,125.00,0.023819
124.4087,7.0610,58.80,125.00,0.024465
124.4947,7.0610,59.07,125.00,0.025459
124.5808,7.0610,59.07,125.00,0.024158
124.6654,7.0610,59.07,124.50,0.024364
124.7543,7.0610,59.07,124.50,0.024756
124.8395,6.8130,59.34,125.00,0.024402
124.9258,6.8130,59.07,125.00,0.024662
125.0107,6.8130,58.80,125.00,0.024285
125.0977,6.8130,58.80,125.00,0.025021
125.1826,6.8130,59.07,125.00,0.024607
125.2698,6.8130,59.07,124.50,0.024857
125.3541,6.8130,59.07,124.00,0.024294
125.4414,6.8130,58.53,124.00,0.025110
125.5279,6.8130,59.07,125.00,0.024015
125.6124,6.8130,59.07,125.00,0.023561
125.6953,6.8130,59.07,125.00,0.023874
125.7819,6.9315,59.07,125.00,0.025003
125.8667,7.0500,59.07,125.00,0.024093
125.9527,7.0500,58.80,125.00,0.024359
126.0363,7.0500,59.07,124.50,0.023518
126.1207,7.0500,59.07,124.50,0.023269
126.2033,7.0500,59.34,124.00,0.023263
126.2901,7.0500,59.07,124.50,0.024938
126.3779,7.0500,58.80,124.50,0.025230
126.4651,7.0500,59.34,124.50,0.024669
126.5502,7.0500,59.07,124.50,0.024718
126.6366,7.0500,59.07,124.50,0.024332
126.7208,7.0500,59.07,124.00,0.023415
126.8079,7.0500,59.61,124.00,0.023538
126.8932,7.0500,58.80,124.50,0.024438
126.9793,7.0440,58.80,124.50,0.025092
127.0657,7.0380,59.07,124.50,0.025309
127.1511,7.0380,59.07,124.50,0.023088
127.2341,7.0380,59.07,124.50,0.023084
127.3189,7.0380,58.80,124.00,0.023412
127.4030,7.0380,59.07,124.00,0.024816
127.4910,7.0380,59.07,124.50,0.025231
127.5769,7.0380,59.07,124.00,0.024817
127.6628,7.0380,59.07,124.50,0.023923
127.7476,7.0380,59.07,124.50,0.023319
127.8331,7.0380,59.07,124.50,0.023569
127.9161,7.0380,59.07,124.00,0.023980
128.0050,7.0000,59.07,124.50,0.024595
128.0908,7.0000,59.07,124.00,0.025034
128.1767,7.0000,59.07,124.00,0.024509
128.2617,7.0000,59.07,124.50,0.024406
128.3477,7.0000,59.34,124.00,0.024222
128.4319,7.0000,59.07,124.00,0.024324
128.5184,7.0000,59.07,124.50,0.024612
128.6037,7.0000,59.34,124.50,0.025222
128.6897,7.0000,59.34,124.00,0.024281
128.7750,6.9275,59.07,124.00,0.024812
128.8617,6.8550,59.61,124.50,0.024171
128.9457,6.8550,59.07,124.50,0.023690
129.0302,6.8550,59.07,124.00,0.023688
129.1136,6.8550,59.34,124.50,0.024005
129.1997,6.8550,59.34,124.00,0.025254
129.2844,6.8550,59.07,124.00,0.024209
129.3729,6.8550,59.34,125.00,0.024329
129.4581,6.8550,59.07,125.00,0.024310
129.5453,6.8550,59.07,125.00,0.025000
129.6308,6.8550,59.07,125.00,0.024886
129.7176,6.8550,59.07,125.00,0.024228
129.8048,6.8110,59.61,125.00,0.024548
129.8915,6.7670,59.07,125.00,0.023975
129.9742,6.7670,59.07,125.00,0.023290
130.0587,6.7670,59.34,125.00,0.023317
130.1434,6.7670,59.61,124.50,0.024265
130.2301,6.7670,59.34,124.50,0.024698
130.3166,6.7670,59.07,124.50,0.024493
130.4027,6.7670,59.07,124.00,0.024083
130.4942,6.7670,59.34,125.00,0.027657
130.5862,6.7670,59.07,125.00,0.024745
130.6713,6.7670,59.07,125.00,0.024841
130.7590,6.7670,59.34,125.00,0.025257
130.8429,6.5990,59.07,125.00,0.023712
130.9272,6.5990,59.34,125.00,0.023236
131.0105,6.5990,59.07,125.00,0.023796
131.0999,6.5990,59.07,124.50,0.025170
131.1853,6.5990,59.07,124.00,0.024698
131.2715,6.5990,58.80,124.50,0.024723
131.3574,6.5990,59.61,125.00,0.025352
131.4436,6.5990,59.07,125.00,0.024594
131.5278,6.5990,59.07,125.00,0.024199
131.6144,6.5990,59.61,125.00,0.024667
131.6994,6.5990,59.34,125.00,0.024532
131.7866,6.8570,59.07,125.00,0.024889
131.8721,7.1150,59.34,124.50,0.024754
131.9612,7.1150,59.07,124.50,0.024787
132.0461,7.1150,59.34,124.50,0.024283
132.1329,7.1150,59.34,124.00,0.024271
132.2190,7.1150,59.07,124.50,0.025116
132.3056,7.1150,59.07,124.50,0.024356
132.3908,7.1150,59.34,124.50,0.025123
132.4788,7.1150,59.07,124.50,0.025593
132.5763,7.1150,59.07,124.00,0.027913
132.6628,7.1150,59.34,124.00,0.024569
132.7481,7.1150,59.07,124.50,0.024445
132.8358,6.4810,59.07,124.00,0.024879
132.9213,6.4810,59.34,124.50,0.023860
133.0086,6.4810,59.07,124.50,0.024055
133.0928,6.4810,59.07,124.50,0.023873
133.1794,6.4810,59.34,124.50,0.024384
133.2651,6.4810,59.07,125.00,0.024881
133.3515,6.4810,59.34,125.00,0.024150
133.4364,6.4810,59.07,125.00,0.024900
133.5225,6.4810,59.07,125.00,0.024702
133.6086,6.4810,59.07,125.00,0.024570
133.6955,6.4810,59.34,125.00,0.024888
133.7804,6.7980,59.34,125.00,0.024318
133.8673,7.1150,59.07,124.50,0.024493
133.9527,7.1150,59.34,124.50,0.024801
134.0392,7.1150,59.07,124.00,0.024566
134.1243,7.1150,59.34,124.50,0.024570
134.2113,7.1150,59.07,124.00,0.024469
134.2968,7.1150,59.61,124.50,0.024338
134.3963,7.1150,59.07,125.00,0.027923
134.4813,7.1150,59.07,125.00,0.024696
134.5667,7.1150,59.07,124.50,0.024293
134.6526,7.1150,59.07,124.00,0.024906
134.7384,7.1150,59.07,124.50,0.024660
134.8241,6.5760,59.07,124.50,0.024736
134.9128,6.5760,59.07,124.50,0.024443
134.9984,6.5760,60.15,124.50,0.024873
135.0862,6.5760,59.34,124.00,0.023782
135.1781,6.5760,59.07,124.00,0.026672
135.2655,6.5760,59.07,124.00,0.023576
135.3492,6.5760,59.34,125.00,0.024138
135.4335,6.5760,59.61,125.00,0.023886
135.5167,6.5760,59.07,125.00,0.023876
135.6033,6.5760,59.07,125.00,0.024459
135.6892,6.5760,59.07,125.00,0.024462
135.7735,6.5760,59.07,125.00,0.023431
135.8574,6.5760,59.07,125.00,0.024082
135.9419,6.5760,59.07,125.00,0.023646
136.0244,6.5760,59.61,124.50,0.023219
136.1084,6.5760,59.61,124.00,0.023263
136.1916,6.5760,59.88,124.00,0.023628
136.2763,6.5760,59.07,124.00,0.023543
136.3616,6.5760,59.34,124.50,0.025229
136.4482,6.5760,59.34,125.00,0.024920
136.5334,6.5760,59.34,125.00,0.024212
136.6283,6.5760,59.07,125.00,0.026869
136.7144,6.5760,59.07,125.00,0.024988
136.8012,6.5760,59.34,124.50,0.025023
136.8870,6.5760,59.07,124.50,0.025055
136.9739,6.5760,59.07,124.00,0.024518
137.0597,6.5400,59.34,124.50,0.025061
137.1471,6.5040,59.07,124.00,0.024266
137.2313,6.5040,59.07,124.00,0.023857
137.3178,6.5040,59.07,125.00,0.024763
137.4044,6.5040,59.07,125.00,0.024350
137.4915,6.5040,59.34,125.00,0.024863
137.5773,6.5040,59.07,125.00,0.024614
137.6644,6.5040,58.80,125.00,0.024803
137.7506,6.5040,59.61,125.00,0.025413
137.8387,6.8400,59.07,125.00,0.024995
137.9252,6.8400,59.34,125.00,0.025669
138.0118,6.8400,59.61,124.50,0.023653
138.0949,6.8400,59.07,124.50,0.023430
138.1809,6.8400,59.34,124.50,0.023605
138.2666,6.8400,59.34,124.00,0.025175
138.3519,6.8400,59.61,124.00,0.023714
138.4355,6.8400,59.07,124.50,0.023602
138.5205,6.8400,59.34,124.50,0.023739
138.6054,6.8400,59.34,125.00,0.024858
138.6927,6.8400,59.88,125.00,0.024977
138.7787,6.9085,59.88,125.00,0.024847
138.8667,6.9770,59.34,125.00,0.025004
138.9521,6.9770,59.34,125.00,0.024776
139.0520,6.9770,59.61,125.00,0.028337
139.1383,6.9770,59.34,124.50,0.024662
139.2241,6.9770,59.61,124.00,0.023829
139.3075,6.9770,59.88,124.50,0.023925
139.3933,6.9770,59.34,125.00,0.024623
139.4779,6.9770,59.61,125.00,0.024519
139.5650,6.9770,59.34,125.00,0.025224
139.6602,6.9770,59.07,125.00,0.028043
139.7499,6.9770,59.07,125.00,0.024718
139.8377,6.5310,59.34,125.00,0.024698
139.9244,6.5310,59.34,125.00,0.024630
140.0094,6.5310,59.34,125.00,0.024935
140.0989,6.5310,59.34,125.00,0.027341
140.1946,6.5310,59.07,125.00,0.026292
140.2820,6.5310,59.07,125.00,0.025433
140.3693,6.5310,59.34,125.00,0.024999
140.4562,6.5310,59.07,125.00,0.024997
140.5407,6.5310,59.07,124.50,0.024208
140.6251,6.5310,59.07,124.50,0.023548
140.7086,6.5310,59.61,124.50,0.023712
140.7939,6.5310,59.34,124.50,0.024178
140.8772,6.7670,59.07,124.00,0.023439
140.9609,6.7670,59.34,124.00,0.023253
141.0451,6.7670,59.34,124.00,0.024194
141.1316,6.7670,59.34,124.50,0.024667
141.2167,6.7670,59.34,124.50,0.024052
141.3054,6.7670,59.07,124.00,0.025090
141.3895,6.7670,59.61,124.00,0.023962
141.4733,6.7670,59.07,124.00,0.023360
141.5559,6.7670,59.07,124.00,0.023395
141.6433,6.7670,59.34,124.00,0.023813
141.7275,6.7670,59.07,124.50,0.023488
141.8131,6.7670,59.88,124.50,0.024258
141.9003,6.7670,59.61,124.50,0.024510
141.9899,6.8440,59.07,125.00,0.025016
142.0775,6.8440,59.34,125.00,0.025241
142.1672,6.8440,59.34,125.00,0.025461
142.2559,6.8440,59.88,125.00,0.025771
142.3456,6.8440,59.34,125.00,0.025966
142.4378,6.8440,59.07,125.00,0.025663
142.5324,6.8440,59.61,125.00,0.028609
142.6338,6.8440,59.07,125.00,0.027287
142.7277,6.8440,59.07,125.00,0.025081
142.8138,6.8440,59.07,124.50,0.024815
142.9052,6.2900,59.07,124.00,0.025644
142.9933,6.2900,59.61,124.50,0.025487
143.0852,6.2900,59.34,125.00,0.026394
143.1726,6.2900,59.61,125.00,0.025288
143.2635,6.2900,59.88,125.00,0.026367
143.3544,6.2900,59.07,125.00,0.025704
143.4451,6.2900,59.07,125.00,0.025673
143.5305,6.2900,59.34,125.00,0.023725
143.6156,6.2900,59.07,125.00,0.023259
143.6999,6.2900,59.07,125.00,0.023640
143.7896,6.5590,59.61,125.00,0.026443
143.8814,6.8280,59.88,124.50,0.025553
143.9724,6.8280,59.88,124.00,0.025427
144.0639,6.8280,59.34,124.00,0.026055
144.1546,6.8280,59.61,124.50,0.025907
144.2425,6.8280,59.61,125.00,0.025170
144.3327,6.8280,59.34,125.00,0.025570
144.4205,6.8280,59.61,125.00,0.025173
144.5125,6.8280,59.34,125.00,0.025083
144.5995,6.8280,59.61,125.00,0.024171
144.6905,6.8280,59.61,124.50,0.026750
144.7816,6.8280,59.61,124.00,0.023813
144.8694,6.8280,59.07,124.00,0.025358
144.9527,6.8280,59.34,124.50,0.023862
145.0381,6.8280,59.88,125.00,0.023626
145.1248,6.8280,59.34,124.50,0.024958
145.2157,6.8280,59.88,124.00,0.026206
145.3008,6.8280,59.07,125.00,0.023221
145.3905,6.8280,59.61,125.00,0.026633
145.4788,6.8280,59.07,125.00,0.023487
145.5654,6.8280,59.61,125.00,0.024006
145.6486,6.8280,59.34,125.00,0.023955
145.7340,6.8280,59.61,125.00,0.023701
145.8271,6.8280,59.34,125.00,0.028166
145.9235,6.6720,59.34,125.00,0.025704
146.0126,6.6720,59.07,125.00,0.026088
146.1067,6.6720,59.07,125.00,0.025865
146.1981,6.6720,59.07,124.50,0.025719
146.2881,6.6720,59.88,124.00,0.024743
146.3786,6.6720,59.07,124.00,0.025289
146.4698,6.6720,59.07,124.50,0.025162
146.5574,6.6720,59.07,125.00,0.024495
146.6474,6.6720,59.34,124.50,0.026474
146.7344,6.6720,59.07,124.50,0.024788
146.8216,6.6720,59.07,124.50,0.024413
146.9101,6.7695,59.34,125.00,0.025627
146.9988,6.8670,59.34,125.00,0.024723
147.0855,6.8670,59.07,125.00,0.025407
147.1722,6.8670,59.61,125.00,0.024738
147.2677,6.8670,59.34,125.00,0.027613
147.3553,6.8670,59.61,125.00,0.025058
147.4413,6.8670,59.07,125.00,0.025458
147.5276,6.8670,59.61,125.00,0.024551
147.6169,6.8670,59.88,125.00,0.027580
147.7121,6.8670,59.34,125.00,0.025069
147.8007,6.8630,59.34,125.00,0.025232
147.8951,6.8590,59.61,125.00,0.025267
147.9830,6.8590,59.61,125.00,0.025620
148.0733,6.8590,59.61,125.00,0.025944
148.1619,6.8590,59.61,125.00,0.025607
148.2514,6.8590,59.61,125.00,0.025168
148.3419,6.8590,60.15,124.50,0.025596
148.4323,6.8590,59.07,124.00,0.025150
148.5226,6.8590,59.07,124.00,0.025381
148.6128,6.8590,59.07,124.00,0.025207
148.7007,6.8590,59.61,125.00,0.025444
148.7961,6.8570,59.07,125.00,0.025773
148.8848,6.8550,59.34,125.00,0.025632
148.9783,6.8550,59.88,125.00,0.026093
149.0668,6.8550,59.61,125.00,0.026231
149.1563,6.8550,59.07,125.00,0.024910
149.2451,6.8550,59.34,125.00,0.025492
149.3394,6.8550,59.88,125.00,0.028392
149.4308,6.8550,59.34,125.00,0.023702
149.5152,6.8550,59.61,125.00,0.023479
149.6002,6.8550,59.61,125.00,0.025114
149.6883,6.8550,59.61,125.00,0.024970
149.7763,6.7025,60.15,125.00,0.025991
149.8674,6.5500,59.07,125.00,0.023583
149.9526,6.5500,59.34,125.00,0.024359
150.0435,6.5500,59.07,125.00,0.025736
150.1289,6.5500,59.34,125.00,0.024575
150.2160,6.5500,59.34,125.00,0.024987
150.3060,6.5500,60.15,125.00,0.025920
150.4097,6.5500,59.61,125.00,0.029501
150.4990,6.5500,59.61,125.00,0.025113
150.5931,6.5500,59.34,125.00,0.025375
150.6822,6.5500,59.61,125.00,0.025393
150.7745,6.5060,59.34,125.00,0.025965
150.8648,6.4620,59.07,125.00,0.025983
150.9555,6.4620,59.61,125.00,0.025814
151.0475,6.4620,59.34,125.00,0.026701
151.1357,6.4620,59.07,125.00,0.023863
151.2200,6.4620,59.07,125.00,0.023927
151.3190,6.4620,59.34,125.00,0.027525
151.4090,6.4620,59.07,125.00,0.024817
151.5129,6.4620,59.07,125.00,0.028369
151.6053,6.4620,59.34,125.00,0.025295
151.6983,6.4620,59.61,125.00,0.025700
151.7860,6.4105,59.34,125.00,0.024111
151.8709,6.3590,59.88,125.00,0.023881
151.9568,6.3590,59.34,125.00,0.024508
152.0469,6.3590,59.07,125.00,0.025701
152.1333,6.3590,59.34,125.00,0.023993
152.2274,6.3590,59.07,125.00,0.026895
152.3165,6.3590,59.61,125.00,0.025067
152.4028,6.3590,59.07,125.00,0.024101
152.4981,6.3590,59.34,125.00,0.027075
152.5916,6.3590,59.34,125.00,0.023439
152.6761,6.3590,59.07,125.00,0.024469
152.7607,6.3590,59.61,125.00,0.023265
152.8439,6.3590,59.34,125.00,0.023518
152.9386,6.3590,59.61,125.00,0.026915
153.0279,6.4545,59.07,125.00,0.025197
153.1270,6.5500,59.34,125.00,0.028026
153.2209,6.5500,59.07,125.00,0.025002
153.3116,6.5500,59.07,125.00,0.025156
153.4023,6.5500,59.61,125.00,0.025552
153.4944,6.5500,59.61,125.00,0.025267
153.5821,6.5500,59.07,125.00,0.025138
153.6751,6.5500,59.34,125.00,0.025926
153.7774,6.6760,59.34,125.00,0.028619
153.8672,6.8020,59.07,125.00,0.025528
153.9569,6.8020,59.88,125.00,0.024457
154.0504,6.8020,59.34,125.00,0.026435
154.1420,6.8020,59.07,125.00,0.024531
154.2345,6.8020,59.07,125.00,0.025569
154.3240,6.8020,59.34,125.00,0.026249
154.4141,6.8020,59.34,125.00,0.026542
154.5015,6.8020,59.61,125.00,0.025242
154.5906,6.8020,59.34,125.00,0.025165
154.6807,6.8020,59.34,125.00,0.024811
154.7845,6.8210,59.34,125.00,0.028727
154.8852,6.8400,59.34,125.00,0.028383
154.9761,6.8400,59.07,125.00,0.024811
155.0658,6.8400,59.34,125.00,0.025228
155.1559,6.8400,59.07,125.50,0.026336
155.2449,6.8400,59.07,126.00,0.025738
155.3346,6.8400,58.80,126.00,0.025833
155.4234,6.8400,59.61,126.00,0.025532
155.5144,6.8400,59.07,126.00,0.025748
155.6046,6.8400,59.61,126.00,0.025105
155.6964,6.8400,59.34,125.00,0.024848
155.7864,6.8170,59.61,126.00,0.025704
155.8761,6.7940,59.34,126.00,0.024512
155.9779,6.7940,59.07,126.00,0.028430
156.0732,6.7940,59.34,126.00,0.025576
156.1613,6.7940,59.34,126.00,0.025674
156.2520,6.7940,59.07,126.00,0.025832
156.3407,6.7940,59.07,126.00,0.025687
156.4331,6.7940,59.07,126.00,0.027915
156.5299,6.7940,59.34,126.00,0.024029
156.6151,6.7940,59.34,126.00,0.023480
156.6995,6.7940,59.34,125.50,0.023713
156.7885,6.5880,59.07,125.50,0.025497
156.8786,6.3820,59.07,126.00,0.026064
156.9775,6.3820,59.61,126.00,0.029317
157.0738,6.3820,59.07,126.00,0.025703
157.1649,6.3820,59.61,126.00,0.027469
157.2563,6.3820,59.07,125.50,0.024699
157.3437,6.3820,59.88,125.00,0.024993
157.4289,6.3820,59.34,125.50,0.024699
157.5153,6.3820,59.61,125.00,0.024444
157.5985,6.3820,59.61,125.00,0.023341
157.6827,6.3820,59.61,125.00,0.023384
157.7703,6.3820,59.61,125.00,0.026426
157.8624,6.6395,58.80,125.00,0.024238
157.9479,6.8970,59.07,125.00,0.024453
158.0360,6.8970,59.34,125.00,0.025013
158.1213,6.8970,60.15,125.50,0.024441
158.2082,6.8970,59.61,125.50,0.024864
158.2934,6.8970,59.07,125.50,0.025353
158.3793,6.8970,60.15,125.00,0.024050
158.4671,6.8970,59.07,125.00,0.027899
158.5644,6.8970,59.34,125.00,0.024561
158.6488,6.8970,59.34,125.00,0.024286
158.7331,6.8970,59.61,125.00,0.023302
158.8158,6.8970,59.34,125.00,0.023575
158.9104,6.8970,59.88,125.00,0.027442
158.9972,6.8970,59.07,125.00,0.023235
159.0863,6.8970,59.61,125.00,0.026246
159.1764,6.8970,59.34,125.00,0.023594
159.2633,6.8970,59.34,125.00,0.024300
159.3483,6.8970,59.07,125.00,0.024062
159.4374,6.8970,60.15,125.00,0.024991
159.5341,6.8970,59.61,125.00,0.027936
159.6313,6.8970,59.07,125.00,0.028504
159.7198,6.8970,59.34,125.00,0.024958
159.8065,6.8970,59.61,125.00,0.024105
159.8976,6.8970,59.61,125.00,0.027767
159.9931,6.8970,59.61,125.00,0.024576
160.0778,6.8970,59.07,125.00,0.024391
160.1632,6.8970,59.61,125.00,0.023318
160.2466,6.8970,59.88,125.00,0.023681
160.3313,6.8970,59.61,125.00,0.024049
160.4159,6.7120,59.61,125.00,0.024553
160.5068,6.5270,60.15,125.00,0.027367
160.6001,6.5270,59.34,125.00,0.023379
160.6846,6.5270,59.34,125.00,0.023280
160.7684,6.5040,59.07,125.00,0.024277
160.8576,6.4810,59.61,125.00,0.025311
160.9425,6.4810,59.88,125.00,0.024652
161.0346,6.4810,59.88,125.00,0.027424
161.1297,6.4810,59.61,125.00,0.028095
161.2217,6.4810,59.34,125.00,0.024348
161.3072,6.4810,59.34,125.00,0.024724
161.3950,6.4810,59.61,125.00,0.025237
161.4931,6.4810,59.88,125.00,0.027379
161.5801,6.4810,59.34,125.00,0.024877
161.6776,6.4810,59.61,125.00,0.027789
161.7653,6.4810,59.34,125.00,0.024896
161.8526,6.5570,59.88,125.00,0.024293
161.9378,6.5570,59.07,125.00,0.024004
162.0229,6.5570,60.15,125.00,0.024672
162.1107,6.5570,60.15,125.00,0.024917
162.1963,6.5570,60.15,125.00,0.025031
162.2838,6.5570,59.61,125.00,0.025502
162.3777,6.5570,59.61,125.00,0.028690
162.4661,6.5570,59.88,125.00,0.023729
162.5566,6.5570,59.88,125.00,0.027740
162.6480,6.5570,59.07,125.00,0.024413
162.7332,6.5570,59.34,125.00,0.024921
162.8202,6.3550,59.88,125.00,0.024999
162.9049,6.3550,59.61,125.00,0.024730
162.9920,6.3550,59.61,125.00,0.025080
163.0881,6.3550,59.34,125.00,0.028600
163.1778,6.3550,59.88,125.00,0.024220
163.2680,6.3550,59.61,125.00,0.027745
163.3597,6.3550,59.07,125.00,0.024710
163.4486,6.3550,59.34,125.00,0.028319
163.5444,6.3550,59.07,125.00,0.025174
163.6300,6.3550,59.61,125.00,0.025270
163.7167,6.3550,60.15,125.00,0.024763
163.8023,6.5210,59.61,125.00,0.024979
163.8984,6.6870,59.61,125.00,0.027740
163.9903,6.6870,59.61,125.00,0.025332
164.0798,6.6870,59.88,125.00,0.025725
164.1688,6.6870,59.61,125.00,0.025403
164.2607,6.6870,59.61,125.00,0.025546
164.3516,6.6870,59.34,125.00,0.027745
164.4546,6.6870,59.88,125.00,0.029890
164.5544,6.6870,59.88,125.00,0.027565
164.6456,6.6870,59.34,125.00,0.026843
164.7491,6.6870,59.61,125.00,0.029027
164.8417,6.3820,59.34,125.00,0.026333
164.9306,6.3820,59.61,125.00,0.026163
165.0209,6.3820,59.07,125.00,0.025067
165.1124,6.3820,59.34,125.00,0.025244
165.2025,6.3820,59.34,125.00,0.025777
165.3016,6.3820,59.34,125.00,0.029166
165.3990,6.3820,59.34,125.00,0.024859
165.4875,6.3820,59.07,125.00,0.025819
165.5824,6.3820,59.61,125.00,0.028990
165.6800,6.3820,59.88,125.00,0.025156
165.7683,6.4810,59.61,125.00,0.025179
165.8546,6.5800,60.15,125.00,0.024961
165.9415,6.5800,59.07,125.00,0.024671
166.0261,6.5800,59.61,125.00,0.024106
166.1121,6.5800,59.61,125.00,0.023263
166.1951,6.5800,59.61,125.00,0.023723
166.2817,6.5800,60.15,125.00,0.025548
166.3761,6.5800,59.61,125.00,0.027772
166.4711,6.5800,60.15,125.00,0.026389
166.5670,6.5800,59.61,125.00,0.026712
166.6532,6.5800,59.34,125.00,0.024092
166.7379,6.5800,59.88,125.00,0.024155
166.8240,6.5800,60.15,125.00,0.024238
166.9091,6.5800,59.61,125.00,0.024612
166.9952,6.5800,60.15,125.00,0.024630
167.0824,6.5800,60.15,125.00,0.026330
167.1843,6.5800,59.61,125.00,0.028180
167.2856,6.5800,59.34,125.00,0.027793
167.3794,6.5800,59.34,125.00,0.029664
167.4667,6.5800,60.15,125.00,0.024300
167.5560,6.5800,59.88,125.00,0.024966
167.6469,6.5800,59.07,125.00,0.025406
167.7384,6.5800,59.88,125.00,0.026918
167.8265,6.5800,59.34,125.00,0.023451
167.9116,6.5800,59.34,125.00,0.023564
167.9996,6.5800,59.07,125.00,0.025027
168.0920,6.5800,60.15,125.00,0.025340
168.1892,6.5800,59.34,125.00,0.026358
168.2746,6.5800,59.88,125.00,0.023468
168.3588,6.5800,59.88,125.00,0.024074
168.4509,6.5840,59.34,125.00,0.026355
168.5424,6.5880,59.61,125.00,0.025541
168.6320,6.5880,60.15,125.00,0.025040
168.7197,6.5880,59.88,125.00,0.025379
168.8106,6.6950,59.88,125.00,0.025183
168.9004,6.8020,59.61,125.00,0.025429
168.9897,6.8020,59.88,125.00,0.025149
169.0757,6.8020,60.15,125.00,0.023673
169.1615,6.8020,59.61,125.00,0.024561
169.2540,6.8020,59.88,125.00,0.029642
169.3600,6.8020,59.61,125.00,0.029438
169.4555,6.8020,59.88,125.00,0.025308
169.5467,6.8020,59.88,125.00,0.025827
169.6343,6.8020,59.88,125.00,0.024971
169.7239,6.8020,59.61,125.00,0.025148
169.8126,6.8265,59.88,125.00,0.025080
169.9032,6.8510,60.15,125.00,0.025200
170.0039,6.8510,59.88,125.00,0.028700
170.0985,6.8510,59.61,125.00,0.025904
170.1856,6.8510,59.61,125.00,0.025357
170.2846,6.8510,60.15,125.00,0.029517
170.3792,6.8510,59.88,125.00,0.025507
170.4702,6.8510,60.15,125.00,0.025878
170.5591,6.8510,59.34,125.00,0.024781
170.6492,6.8510,59.88,125.00,0.024920
170.7389,6.8510,59.61,125.00,0.025639
170.8444,6.5380,59.61,125.00,0.027597
170.9353,6.5380,59.34,125.00,0.025593
171.0255,6.5380,60.15,125.00,0.025699
171.1150,6.5380,59.61,125.00,0.025826
171.2188,6.5380,59.34,125.00,0.028963
171.3103,6.5380,59.61,126.00,0.025637
171.3990,6.5380,59.34,126.00,0.024441
171.4832,6.5380,59.61,126.00,0.024526
171.5732,6.5380,59.61,126.00,0.027756
171.6678,6.5380,59.61,126.00,0.027606
171.7636,6.6430,59.34,126.00,0.026242
171.8487,6.7480,59.88,126.00,0.025041
171.9434,6.7480,59.88,126.00,0.026215
172.0282,6.7480,59.34,126.00,0.024162
172.1136,6.7480,59.61,126.00,0.023828
172.1988,6.7480,59.88,126.00,0.024857
172.2852,6.7480,59.88,126.00,0.024384
172.3705,6.7480,59.88,126.00,0.024918
172.4566,6.7480,60.15,126.00,0.024131
172.5518,6.7480,59.34,126.00,0.028579
172.6389,6.7480,59.88,126.00,0.024752
172.7344,6.7480,59.61,126.00,0.028289
172.8266,6.4920,59.07,126.00,0.025007
172.9129,6.4920,59.34,126.00,0.024088
173.0053,6.4920,59.88,126.00,0.027372
173.0964,6.4920,59.88,126.00,0.024418
173.1830,6.4920,60.15,126.00,0.024205
173.2694,6.4920,59.61,126.00,0.024690
173.3573,6.4920,59.07,126.00,0.024612
173.4515,6.4920,59.88,126.00,0.028391
173.5508,6.4920,60.15,126.00,0.027915
173.6381,6.4920,59.34,126.00,0.024503
173.7291,6.4920,60.15,126.00,0.027190
173.8247,6.4390,59.61,126.00,0.026627
173.9157,6.3860,59.61,126.00,0.023473
174.0001,6.3860,60.15,126.00,0.025195
174.0967,6.3860,59.34,126.00,0.027898
174.1913,6.3860,60.15,126.00,0.027860
174.2784,6.3860,59.88,126.00,0.025012
174.3623,6.3860,59.34,126.00,0.024380
174.4487,6.3860,59.07,126.00,0.024549
174.5380,6.3860,59.88,126.00,0.027845
174.6325,6.3860,59.88,126.00,0.025061
174.7174,6.3860,59.61,126.00,0.024769
174.8033,6.4700,59.61,126.00,0.024142
174.8889,6.5540,59.61,126.00,0.025018
174.9856,6.5540,59.88,126.00,0.027384
175.0723,6.5540,60.15,126.00,0.024761
175.1575,6.5540,59.61,126.00,0.023514
175.2398,6.5540,59.34,126.00,0.023412
175.3269,6.5540,59.88,126.00,0.026341
175.4197,6.5540,60.15,126.00,0.026991
175.5057,6.5540,59.34,126.00,0.024337
175.5895,6.5540,59.61,127.00,0.024431
175.6829,6.5540,59.34,127.00,0.026412
175.7683,6.5540,59.88,127.00,0.023586
175.8584,6.5540,59.88,127.00,0.027094
175.9555,6.5540,59.34,127.00,0.027884
176.0481,6.5540,59.88,127.00,0.024646
176.1346,6.5540,60.15,127.00,0.026461
176.2320,6.5540,59.61,127.00,0.026753
176.3162,6.5540,59.61,127.00,0.024536
176.4017,6.5540,60.15,127.00,0.024231
176.4949,6.5540,59.07,127.00,0.027299
176.5953,6.5540,60.15,127.00,0.027647
176.6847,6.5540,59.34,127.00,0.024436
176.7701,6.5540,59.34,127.00,0.023828
176.8551,6.5540,60.15,127.00,0.026182
176.9516,6.5540,59.61,127.00,0.026896
177.0474,6.5540,59.61,127.00,0.027988
177.1465,6.6450,59.34,127.00,0.026986
177.2315,6.6450,59.61,127.00,0.024702
177.3181,6.6450,59.34,127.00,0.024566
177.4038,6.6450,59.61,127.00,0.024749
177.4962,6.6450,60.15,127.00,0.027421
177.5864,6.6450,59.07,127.00,0.024744
177.6738,6.6450,59.88,127.00,0.024907
177.7623,6.6450,59.34,127.00,0.027020
177.8529,6.6450,59.88,127.00,0.025990
177.9412,6.6450,60.15,127.00,0.025417
178.0438,6.6450,59.61,127.00,0.028887
178.1462,6.6450,59.34,127.00,0.028500
178.2366,6.6450,59.07,127.00,0.024421
178.3312,6.6450,59.61,127.00,0.027453
178.4219,6.6490,59.34,127.00,0.024225
178.5136,6.6490,59.61,127.00,0.027585
178.6044,6.6490,59.07,127.00,0.023884
178.6892,6.6490,59.61,127.00,0.024630
178.7768,6.5995,60.15,127.00,0.025472
178.8616,6.5500,59.61,127.00,0.024414
178.9566,6.5500,59.88,127.00,0.027382
179.0419,6.5500,59.61,127.00,0.024527
179.1382,6.5500,60.15,127.00,0.027893
179.2258,6.5500,59.61,127.00,0.024269
179.3126,6.5500,59.61,127.00,0.024800
179.4006,6.5500,59.61,127.00,0.028245
179.4991,6.5500,59.61,127.00,0.027807
179.5943,6.5500,59.61,127.00,0.026765
179.6800,6.5500,59.61,127.00,0.024262
179.7653,6.5500,59.61,127.00,0.025048
179.8520,6.5500,59.88,127.00,0.024532
179.9357,6.5500,60.15,127.00,0.023062
180.0267,6.5500,59.34,127.00,0.026571
180.1202,6.5500,59.61,127.00,0.027863
180.2123,6.5500,59.88,127.00,0.024452
180.2967,6.5500,60.15,127.00,0.024501
180.3809,6.5500,59.34,127.00,0.023126
180.4635,6.5500,59.34,127.00,0.023533
180.5483,6.5500,60.15,127.00,0.023767
180.6370,6.5500,60.15,127.00,0.027231
180.7309,6.5500,59.34,127.00,0.024853
180.8158,6.6875,60.15,127.00,0.024787
180.9026,6.8250,59.88,127.00,0.024698
180.9995,6.8250,59.88,127.00,0.027818
181.0860,6.8250,59.07,127.00,0.024213
181.1726,6.8250,60.15,127.00,0.024577
181.2585,6.8250,59.88,127.00,0.024774
181.3483,6.8250,60.15,127.00,0.028421
181.4381,6.8250,59.61,127.00,0.023275
181.5222,6.8250,60.15,127.00,0.025136
181.6198,6.8250,59.61,127.00,0.027490
181.7146,6.8250,59.61,127.00,0.027647
181.8151,6.5670,59.61,126.50,0.027167
181.8997,6.3090,59.61,126.00,0.024171
181.9964,6.3090,60.15,126.00,0.027319
182.0828,6.3090,59.34,126.00,0.024231
182.1754,6.3090,59.61,126.00,0.027837
182.2740,6.3090,59.61,126.00,0.027644
182.3654,6.3090,59.88,127.00,0.024807
182.4482,6.3090,59.88,127.00,0.023209
182.5327,6.3090,59.61,127.00,0.023555
182.6158,6.3090,59.34,126.50,0.023591
182.7114,6.3090,59.34,126.50,0.026943
182.7978,6.4600,59.61,126.00,0.024950
182.8905,6.6110,59.88,126.00,0.027453
182.9848,6.6110,59.61,126.00,0.028064
183.0839,6.6110,59.07,126.00,0.028502
183.1736,6.6110,59.34,126.00,0.024022
183.2593,6.6110,59.07,126.50,0.024693
183.3445,6.6110,60.15,126.00,0.025020
183.4398,6.6110,59.88,126.00,0.026492
183.5227,6.6110,59.61,126.00,0.023499
183.6147,6.6110,59.61,126.00,0.026808
183.7113,6.6110,59.61,126.00,0.027960
183.8008,6.6110,60.15,126.00,0.024499
183.8860,6.6110,59.34,126.00,0.024993
183.9722,6.6110,59.61,126.00,0.024535
184.0569,6.6110,59.88,126.00,0.024346
184.1437,6.6110,59.34,126.00,0.024740
184.2379,6.6110,59.61,126.00,0.028309
184.3266,6.6110,59.34,126.00,0.024846
184.4122,6.6110,59.34,126.00,0.024682
184.5043,6.6110,60.15,126.00,0.027609
184.6012,6.6110,59.88,126.00,0.027734
184.6936,6.6110,59.61,126.00,0.024711
184.7797,6.6110,59.61,126.00,0.026259
184.8746,6.6110,60.15,126.00,0.026248
184.9606,6.3895,59.61,126.00,0.024857
185.0474,6.1680,59.61,126.00,0.024576
185.1336,6.1680,60.15,126.00,0.025209
185.2289,6.1680,60.15,126.00,0.028382
185.3245,6.1680,59.88,126.00,0.028016
185.4244,6.1680,59.61,126.00,0.028626
185.5146,6.1680,59.61,126.00,0.024940
185.6017,6.1680,60.15,126.00,0.024888
185.6869,6.1680,60.15,126.00,0.024589
185.7742,6.0955,60.15,126.00,0.025294
185.8720,6.0230,60.15,126.00,0.028110
185.9602,6.0230,59.88,126.00,0.025156
186.0513,6.0230,59.88,126.00,0.026986
186.1397,6.0230,59.88,126.00,0.023757
186.2285,6.0230,59.61,126.00,0.027140
186.3218,6.0230,59.88,126.00,0.024947
186.4081,6.0230,59.88,126.00,0.024262
186.4951,6.0230,59.88,126.00,0.024556
186.5812,6.0230,59.61,126.00,0.025270
186.6809,6.0230,59.34,126.00,0.028109
186.7737,6.0230,60.15,126.00,0.026486
186.8676,6.0230,59.61,126.00,0.026707
186.9534,6.0230,59.88,126.00,0.023973
187.0421,6.5040,59.88,126.00,0.024976
187.1323,6.9850,59.88,126.00,0.027360
187.2302,6.9850,59.88,126.00,0.027030
187.3269,6.9850,59.88,126.00,0.027549
187.4234,6.9850,59.34,126.00,0.025833
187.5086,6.9850,59.88,126.00,0.024693
187.5950,6.9850,60.15,126.00,0.024274
187.6806,6.9850,60.15,126.00,0.025248
187.7673,6.9640,59.88,126.00,0.024938
187.8524,6.9430,60.15,126.00,0.024413
187.9446,6.9430,59.88,126.00,0.027494
188.0412,6.9430,59.07,126.00,0.027559
188.1347,6.9430,59.34,126.00,0.025043
188.2222,6.9430,60.15,126.00,0.025584
188.3208,6.9430,60.15,126.00,0.028337
188.4153,6.9430,60.15,126.00,0.027913
188.5142,6.9430,59.88,126.00,0.028203
188.6006,6.9430,59.88,126.00,0.025401
188.6935,6.9430,59.88,126.00,0.027392
188.7817,6.4370,60.15,126.00,0.024851
188.8732,5.9310,59.34,125.50,0.027834
188.9628,5.9310,59.07,125.50,0.024094
189.0487,5.9310,60.15,125.50,0.025066
189.1435,5.9310,59.61,125.50,0.026836
189.2377,5.9310,59.07,125.00,0.026909
189.3225,5.9310,59.61,126.00,0.024903
189.4170,5.9310,59.88,126.00,0.028055
189.5064,5.9310,59.61,126.00,0.024919
189.6054,5.9310,59.07,126.00,0.028753
189.7084,5.9310,60.42,126.00,0.028350
189.8047,6.1505,59.88,126.00,0.025070
189.8973,6.3700,59.88,126.00,0.025104
189.9883,6.3700,59.61,126.00,0.025207
190.0855,6.3700,59.34,126.00,0.029246
190.1829,6.3700,59.07,126.00,0.026105
190.2721,6.3700,59.88,126.00,0.025772
190.3613,6.3700,59.88,126.00,0.025243
190.4533,6.3700,60.15,126.00,0.025468
190.5575,6.3700,59.61,126.00,0.029122
190.6607,6.3700,59.61,126.00,0.028741
190.7451,6.3700,59.88,126.00,0.023204
190.8278,6.3700,59.34,126.00,0.023488
190.9197,6.3700,59.88,126.00,0.026870
191.0130,6.2385,59.34,126.00,0.025259
191.1089,6.1070,59.61,126.00,0.028608
191.2031,6.1070,59.34,125.50,0.025433
191.2958,6.1070,59.61,125.50,0.025621
191.3879,6.1070,59.88,125.50,0.027720
191.4926,6.1070,60.15,125.00,0.029175
191.5911,6.1070,59.88,125.00,0.027098
191.6814,6.1070,59.61,125.00,0.025954
191.7724,6.1070,59.61,125.00,0.026355
191.8753,6.4160,59.61,125.00,0.028337
191.9789,6.4160,60.15,125.50,0.028707
192.0720,6.4160,60.15,125.00,0.025994
192.1721,6.4160,59.61,125.00,0.028749
192.2774,6.4160,59.88,125.00,0.028927
192.3667,6.4160,59.88,125.00,0.024911
192.4703,6.4160,59.88,125.00,0.028735
192.5626,6.4160,59.88,125.00,0.025049
192.6539,6.4160,59.34,125.00,0.025502
192.7421,6.4160,59.34,126.00,0.024822
192.8326,6.4510,59.61,126.00,0.024814
192.9252,6.4510,59.88,125.50,0.025162
193.0182,6.4510,59.07,125.50,0.028510
193.1191,6.4510,59.88,125.00,0.029058
193.2177,6.4510,59.88,125.00,0.026698
193.3025,6.4510,60.15,125.50,0.023494
193.3883,6.4510,59.61,125.50,0.023825
193.4797,6.4510,60.15,125.00,0.026773
193.5722,6.4510,60.15,125.00,0.024796
193.6699,6.4510,59.88,125.00,0.028696
193.7705,6.3610,59.61,125.00,0.028358
193.8676,6.2710,59.88,125.00,0.027536
193.9643,6.2710,59.61,125.00,0.027786
194.0538,6.2710,59.88,125.00,0.024355
194.1412,6.2710,60.15,125.00,0.024885
194.2257,6.2710,59.88,125.00,0.024803
194.3107,6.2710,59.34,125.00,0.023281
194.3933,6.2710,59.61,125.00,0.023119
194.4779,6.2710,60.15,125.00,0.023697
194.5696,6.2710,60.15,125.00,0.028164
194.6664,6.2710,59.61,125.00,0.028440
194.7569,6.2710,59.88,125.00,0.024654
194.8461,6.8170,59.88,125.00,0.026956
194.9406,6.8170,59.34,125.00,0.027978
195.0386,6.8170,60.15,125.00,0.027396
195.1223,6.8170,59.88,125.00,0.024013
195.2158,6.8170,59.61,125.00,0.026050
195.3011,6.8170,60.15,125.00,0.023785
195.3920,6.8170,59.88,125.00,0.026999
195.4868,6.8170,60.15,125.00,0.027826
195.5847,6.8170,60.15,125.00,0.027576
195.6750,6.8170,59.61,125.00,0.024992
195.7616,6.8170,59.88,125.00,0.024446
195.8486,6.0800,59.61,125.00,0.024190
195.9332,6.0800,59.61,125.00,0.023286
196.0259,6.0800,59.61,125.00,0.026448
196.1126,6.0800,59.88,125.00,0.023774
196.2048,6.0800,59.34,125.00,0.027325
196.3009,6.0800,59.61,125.00,0.028084
196.3912,6.0800,59.61,124.50,0.025108
196.4773,6.0800,59.61,125.00,0.024443
196.5626,6.0800,60.15,125.00,0.024897
196.6602,6.0800,60.15,125.00,0.026932
196.7561,6.0800,60.15,125.00,0.027157
196.8536,6.5040,59.07,125.00,0.028002
196.9386,6.5040,59.61,125.00,0.024539
197.0345,6.5040,59.88,125.00,0.028176
197.1335,6.5040,59.34,125.00,0.027660
197.2317,6.5040,59.61,125.00,0.027647
197.3205,6.5040,59.34,125.00,0.024971
197.4087,6.5040,60.15,125.00,0.024563
197.4935,6.5040,59.88,125.00,0.024606
197.5827,6.5040,60.15,125.00,0.025631
197.6790,6.5040,59.61,125.00,0.027819
197.7778,6.6145,60.15,125.00,0.028078
197.8728,6.7250,59.61,125.00,0.027917
197.9589,6.7250,59.61,125.00,0.024309
198.0443,6.7250,59.88,125.00,0.025059
198.1353,6.7250,59.88,125.00,0.026158
198.2297,6.7250,59.34,125.00,0.026668
198.3209,6.7250,59.61,125.00,0.024793
198.4059,6.7250,59.88,125.00,0.024586
198.4933,6.7250,60.15,125.00,0.025452
198.5914,6.7250,59.88,125.00,0.027481
198.6883,6.7250,59.61,125.00,0.027667
198.7837,6.6605,59.88,125.00,0.028399
198.8809,6.5960,60.15,125.00,0.026441
198.9644,6.5960,59.88,125.00,0.023465
199.0561,6.5960,59.61,125.00,0.027447
199.1507,6.5960,59.34,125.00,0.027647
199.2414,6.5960,60.15,125.00,0.024561
199.3296,6.5960,59.34,125.00,0.027805
199.4264,6.5960,60.15,125.00,0.026065
199.5166,6.5960,59.61,125.00,0.024679
199.6009,6.5960,59.34,125.00,0.023287
199.6834,6.5960,59.61,125.00,0.023016
199.7680,6.5960,59.34,125.00,0.023656
199.8524,6.6720,59.88,125.00,0.024830
199.9394,6.7480,60.15,125.00,0.024654
200.0242,6.7480,59.88,124.50,0.025207
200.1106,6.7480,60.15,124.00,0.024042
200.2061,6.7480,59.88,124.50,0.026647
200.3046,6.7480,59.88,124.00,0.027887
200.3985,6.7480,59.88,124.50,0.027481
200.4867,6.7480,59.61,124.50,0.024800
200.5802,6.7480,59.34,124.50,0.027967
200.6805,6.7480,59.34,124.00,0.027842
200.7710,6.7480,60.15,124.00,0.024696
200.8640,6.7480,59.61,124.50,0.027471
200.9594,6.7480,59.88,124.50,0.028188
201.0529,6.7480,60.42,124.00,0.024873
201.1389,6.7480,59.07,124.50,0.025486
201.2361,6.7480,59.88,124.00,0.026072
201.3283,6.7480,59.88,124.00,0.026295
201.4138,6.7480,59.61,124.50,0.024064
201.5077,6.7480,60.15,125.00,0.029227
201.6002,6.7480,59.88,125.00,0.024888
201.6906,6.7480,59.88,125.00,0.024779
201.7857,6.7480,59.88,125.00,0.026334
201.8858,6.7480,60.15,125.00,0.027318
201.9919,6.7480,59.07,125.00,0.028426
202.0948,6.4390,59.88,125.00,0.027879
202.1925,6.4390,59.34,125.00,0.025332
202.2817,6.4390,59.34,125.00,0.025150
202.3724,6.4390,59.88,125.00,0.025030
202.4643,6.4390,59.88,125.00,0.027058
202.5678,6.4390,59.34,125.00,0.027786
202.6720,6.4390,59.61,125.00,0.028572
202.7796,6.1740,59.34,125.00,0.029682
202.8768,5.9090,59.88,125.00,0.025367
202.9684,5.9090,59.88,125.00,0.025919
203.0630,5.9090,60.15,125.00,0.026404
203.1666,5.9090,59.88,125.00,0.028974
203.2672,5.9090,59.61,125.00,0.029574
203.3714,5.9090,59.61,125.50,0.029279
203.4716,5.9090,59.61,126.00,0.028116
203.5564,5.9090,59.61,126.00,0.023544
203.6482,5.9090,59.61,126.00,0.026860
203.7344,5.9090,59.07,126.00,0.023976
203.8299,5.9395,59.34,126.00,0.028067
203.9325,5.9700,59.88,126.00,0.028264
204.0333,5.9700,59.61,126.00,0.028777
204.1259,5.9700,59.88,126.00,0.023472
204.2087,5.9700,59.61,126.00,0.023253
204.2945,5.9700,59.07,126.00,0.024392
204.3817,5.9700,59.61,126.00,0.025875
204.4716,5.9700,60.15,126.00,0.025675
204.5623,5.9700,60.15,126.00,0.025791
204.6601,5.9700,59.61,126.00,0.028692
204.7607,5.9700,59.61,126.00,0.028099
204.8534,6.8020,59.34,126.00,0.025139
204.9423,6.8020,59.34,126.00,0.025637
205.0317,6.8020,59.88,126.00,0.025341
205.1263,6.8020,60.42,126.00,0.028527
205.2277,6.8020,59.34,126.00,0.028172
205.3227,6.8020,59.61,126.00,0.025575
205.4193,6.8020,60.15,126.00,0.028973
205.5175,6.8020,60.15,126.00,0.026318
205.6078,6.8020,60.15,126.00,0.027271
205.7087,6.8020,59.88,126.00,0.029071
205.8114,6.8020,59.34,126.00,0.029673
205.9134,6.8020,59.88,126.00,0.028590
206.0022,6.8020,59.61,126.00,0.025804
206.1022,6.8020,59.61,126.00,0.029260
206.1927,6.8020,59.88,126.00,0.024812
206.2942,6.8020,59.61,126.00,0.027804
206.3852,6.8020,59.34,126.00,0.025196
206.4833,6.8020,59.34,126.00,0.028547
206.5771,6.8020,59.88,126.50,0.025489
206.6667,6.8020,59.61,127.00,0.025870
206.7630,6.8020,60.15,127.00,0.027841
206.8663,6.8020,60.15,127.00,0.028218
206.9619,6.8020,60.15,127.00,0.025771
207.0528,6.5100,60.15,127.00,0.028511
207.1497,6.2180,60.15,127.00,0.029431
207.2507,6.2180,60.15,127.00,0.026500
207.3422,6.2180,60.15,127.00,0.027222
207.4425,6.2180,59.07,127.00,0.028988
207.5458,6.2180,59.07,127.00,0.028828
207.6453,6.2180,59.88,127.00,0.028355
207.7366,6.2180,60.15,127.00,0.025300
207.8232,5.9390,59.34,127.00,0.024489
207.9270,5.9390,60.15,127.00,0.028583
208.0301,5.9390,59.61,127.00,0.028531
208.1211,5.9390,59.61,127.00,0.025022
208.2204,5.9390,59.34,127.00,0.028372
208.3240,5.9390,59.61,127.00,0.028688
208.4259,5.9390,60.15,127.00,0.028589
208.5296,5.9390,59.61,127.00,0.028968
208.6203,5.9390,59.88,127.00,0.025590
208.7107,5.9390,59.34,127.00,0.025360
208.8065,6.1930,59.88,127.00,0.028767
208.9111,6.4470,59.34,127.00,0.028264
209.0134,6.4470,59.07,127.00,0.029237
209.1110,6.4470,59.61,127.00,0.025856
209.2072,6.4470,59.61,127.00,0.028772
209.3047,6.4470,59.61,127.00,0.024770
209.3941,6.4470,59.61,127.00,0.026027
209.4838,6.4470,59.61,127.00,0.026327
209.5802,6.4470,59.88,127.00,0.026491
209.6784,6.4470,59.61,127.00,0.025792
209.7666,6.5115,59.61,127.00,0.025768
209.8713,6.5760,59.61,127.00,0.027997
209.9743,6.5760,59.34,127.00,0.028193
210.0661,6.5760,59.34,127.00,0.025730
210.1679,6.5760,59.07,127.00,0.028311
210.2622,6.5760,59.07,127.00,0.025643
210.3643,6.5760,59.88,127.00,0.028476
210.4560,6.5760,59.88,127.00,0.025187
210.5422,6.5760,60.15,127.00,0.023233
210.6272,6.5760,59.61,127.00,0.023473
210.7146,6.5760,60.15,127.00,0.026570
210.8133,6.5935,59.88,127.00,0.025463
210.9037,6.6110,59.61,127.00,0.026434
211.0067,6.6110,59.61,127.00,0.025770
211.0942,6.6110,59.07,127.00,0.023292
211.1795,6.6110,60.15,127.00,0.024020
211.2723,6.6110,60.15,127.00,0.026605
211.3743,6.6110,59.88,127.00,0.028450
211.4755,6.6110,60.15,127.00,0.028216
211.5796,6.6110,59.61,127.00,0.028245
211.6694,6.6110,59.88,127.00,0.025011
211.7633,6.6110,59.61,127.00,0.027825
211.8594,6.6110,59.88,127.00,0.028011
211.9590,6.6110,59.88,127.00,0.027716
212.0562,6.6110,59.88,127.00,0.027936
212.1485,6.6110,59.88,127.00,0.024535
212.2369,6.6110,59.61,127.00,0.027389
212.3372,6.6110,59.61,127.00,0.025304
212.4260,6.6110,59.61,127.00,0.025536
212.5170,6.6110,59.34,127.00,0.025615
212.6180,6.6110,59.88,127.00,0.028455
212.7046,6.6110,59.34,127.00,0.024389
212.8033,6.6110,59.88,127.00,0.028246
212.8955,6.6110,60.15,127.00,0.025968
212.9968,6.6110,59.88,127.00,0.028876
213.1004,6.6110,59.61,127.00,0.028911
213.1929,6.5460,59.88,127.00,0.026075
213.2928,6.5460,59.61,127.00,0.029321
213.3873,6.5460,60.15,127.00,0.025557
213.4778,6.5460,59.61,127.00,0.025326
213.5685,6.5460,59.88,127.00,0.025583
213.6667,6.5460,60.15,127.00,0.028050
213.7642,6.6450,59.88,127.00,0.025138
213.8572,6.7440,60.15,127.00,0.026835
213.9609,6.7440,59.34,127.00,0.028188
214.0562,6.7440,59.34,127.00,0.026532
214.1506,6.7440,59.07,127.00,0.026592
214.2403,6.7440,59.61,127.00,0.025234
214.3299,6.7440,59.61,127.00,0.026448
214.4311,6.7440,59.61,127.00,0.028856
214.5222,6.7440,60.15,127.00,0.026024
214.6131,6.7440,60.15,127.00,0.025757
214.7106,6.7440,60.15,127.00,0.028695
214.8054,6.6830,59.61,127.00,0.023294
214.8932,6.6220,59.88,127.00,0.026660
214.9918,6.6220,59.88,127.00,0.028260
215.0882,6.6220,60.15,127.00,0.023886
215.1786,6.6220,60.15,127.00,0.026222
215.2746,6.6220,59.88,127.00,0.027225
215.3705,6.6220,59.61,127.00,0.026797
215.4659,6.6220,60.15,127.00,0.026667
215.5659,6.6220,59.88,127.00,0.027874
215.6631,6.6220,59.88,127.00,0.028774
215.7544,6.6220,59.07,127.00,0.025774
215.8413,5.8780,59.88,127.00,0.023655
215.9352,5.8780,60.15,127.00,0.027185
216.0246,5.8780,60.15,127.00,0.024298
216.1224,5.8780,59.61,127.00,0.028663
216.2245,5.8780,60.15,127.00,0.028107
216.3282,5.8780,59.34,127.00,0.028272
216.4215,5.8780,60.15,127.00,0.024967
216.5160,5.8780,60.15,127.00,0.028250
216.6138,5.8780,59.61,127.00,0.025055
216.7073,5.8780,60.15,127.00,0.028265
216.8015,5.8780,60.15,127.00,0.025227
216.8884,5.8780,59.88,127.00,0.024697
216.9913,6.0365,59.61,127.00,0.029072
217.0964,6.1950,59.34,127.00,0.029404
217.2005,6.1950,59.88,127.00,0.029258
217.3030,6.1950,59.34,127.00,0.028585
217.4049,6.1950,59.88,127.00,0.029708
217.5076,6.1950,60.15,127.00,0.028786
217.6006,6.1950,59.88,127.00,0.026178
217.6883,6.1950,59.88,126.50,0.023539
217.7848,6.1950,59.61,126.00,0.028271
217.8879,6.2520,59.34,126.00,0.029282
217.9790,6.2520,59.07,126.50,0.026193
218.0817,6.2520,59.88,126.00,0.028221
218.1727,6.2520,59.61,126.50,0.024843
218.2732,6.2520,59.61,126.00,0.028386
218.3676,6.2520,59.61,126.00,0.024933
218.4675,6.2520,60.15,126.00,0.028286
218.5708,6.2520,60.15,126.00,0.028326
218.6745,6.2520,59.61,126.00,0.027188
218.7622,6.2520,60.15,126.00,0.023364
218.8520,6.2520,59.88,126.00,0.026741
218.9501,6.2080,59.07,126.00,0.026145
219.0469,6.1640,59.88,126.00,0.029226
219.1443,6.1640,59.88,126.00,0.026756
219.2349,6.1640,59.88,126.00,0.026166
219.3239,6.1640,60.15,126.00,0.026163
219.4269,6.1640,59.88,126.00,0.028630
219.5270,6.1640,59.34,126.00,0.029399
219.6303,6.1640,59.61,126.00,0.028229
219.7217,6.1640,60.15,126.00,0.025221
219.8123,6.0285,60.15,126.00,0.024807
219.9026,5.8930,59.88,126.00,0.025430
219.9945,5.8930,59.61,126.00,0.025650
220.0916,5.8930,60.15,126.00,0.028944
220.1952,5.8930,60.42,126.00,0.028286
220.2991,5.8930,60.15,126.00,0.028275
220.4045,5.8930,59.61,126.00,0.028515
220.5063,5.8930,59.88,126.00,0.028532
220.6008,5.8930,59.61,126.00,0.025272
220.6895,5.8930,59.61,126.00,0.025556
220.7868,6.1355,59.88,126.00,0.029270
220.8829,6.3780,60.15,126.00,0.025486
220.9764,6.3780,60.15,126.00,0.028524
221.0785,6.3780,59.88,123.50,0.026594
221.1692,6.3780,60.15,121.00,0.026192
221.2572,6.3780,60.15,121.00,0.026104
221.3596,6.3780,60.15,121.00,0.028847
221.4477,6.3780,60.15,121.00,0.025342
221.5505,6.3780,60.15,121.00,0.028471
221.6397,6.3780,59.61,121.00,0.025430
221.7393,6.3780,60.15,121.00,0.028695
221.8402,6.4050,59.34,121.00,0.028722
221.9321,6.4050,60.15,122.00,0.024650
222.0217,6.4050,60.15,122.00,0.027261
222.1143,6.4050,60.15,122.00,0.025085
222.1992,6.4050,59.34,122.00,0.025738
222.2919,6.4050,60.15,122.00,0.025136
222.3742,6.4050,59.61,122.00,0.023509
222.4712,6.4050,59.61,122.00,0.027352
222.5651,6.4050,60.15,122.00,0.027719
222.6614,6.4050,60.15,122.00,0.027716
222.7475,6.4050,59.34,122.00,0.024276
222.8340,6.2370,59.88,122.00,0.024516
222.9219,6.2370,59.88,122.00,0.028284
223.0205,6.2370,60.15,122.00,0.028492
223.1128,6.2370,60.15,122.00,0.025703
223.1995,6.2370,59.61,122.00,0.025234
223.2928,6.2370,60.15,122.00,0.027243
223.3906,6.2370,60.15,122.00,0.027565
223.4863,6.2370,59.61,122.00,0.027205
223.5822,6.2370,59.88,122.00,0.027409
223.6682,6.2370,59.61,122.00,0.024601
223.7613,6.2370,60.15,122.00,0.028128
223.8600,6.2750,59.61,122.00,0.028013
223.9488,6.2750,59.61,122.00,0.023441
224.0342,6.2750,59.61,122.00,0.026760
224.1302,6.2750,59.61,122.00,0.026150
224.2227,6.2750,60.15,122.00,0.026608
224.3085,6.2750,60.15,122.00,0.024331
224.3922,6.2750,60.42,122.00,0.024003
224.4878,6.2750,60.42,122.00,0.027179
224.5814,6.2750,59.88,122.00,0.027810
224.6776,6.2750,59.34,122.00,0.027904
224.7659,6.4430,60.42,122.00,0.025017
224.8563,6.6110,60.15,122.00,0.027633
224.9493,6.6110,59.88,122.00,0.024618
225.0361,6.6110,60.15,122.00,0.024890
225.1202,6.6110,60.15,122.00,0.024253
225.2157,6.6110,60.15,122.00,0.027265
225.3097,6.6110,59.88,122.00,0.028049
225.3966,6.6110,60.15,122.00,0.023974
225.4789,6.6110,60.15,122.00,0.023417
225.5668,6.6110,60.15,122.00,0.026254
225.6555,6.6110,60.15,122.00,0.023898
225.7418,6.6110,60.69,122.00,0.024850
225.8363,6.8250,60.15,123.00,0.027500
225.9302,6.8250,60.15,123.00,0.026310
226.0222,6.8250,59.88,123.00,0.026981
226.1160,6.8250,60.15,123.00,0.026363
226.2126,6.8250,60.15,123.00,0.028025
226.3065,6.8250,59.88,123.00,0.026495
226.3978,6.8250,59.88,123.00,0.026388
226.4863,6.8250,59.61,123.00,0.023437
226.5736,6.8250,60.15,123.00,0.027893
226.6711,6.8250,60.15,123.00,0.024673
226.7555,6.8250,60.15,123.00,0.024927
226.8541,6.5230,59.34,123.00,0.027330
226.9481,6.5230,59.61,123.00,0.027478
227.0349,6.5230,60.15,123.00,0.024280
227.1273,6.5230,60.15,123.00,0.027668
227.2254,6.5230,59.61,123.00,0.028117
227.3188,6.5230,60.42,123.00,0.027505
227.4110,6.5230,59.61,123.00,0.024820
227.4989,6.5230,59.88,123.00,0.026984
227.5954,6.5230,59.88,123.00,0.026045
227.6905,6.5230,59.88,123.00,0.026993
227.7842,6.5230,59.34,123.00,0.026558
227.8761,6.5230,59.88,123.00,0.026793
227.9722,6.4315,59.88,123.00,0.027273
228.0566,6.3400,60.15,123.00,0.024560
228.1532,6.3400,59.88,123.00,0.027838
228.2468,6.3400,59.61,123.00,0.027623
228.3364,6.3400,59.61,123.00,0.024801
228.4263,6.3400,60.15,123.00,0.028420
228.5205,6.3400,59.88,123.00,0.027581
228.6114,6.3400,59.88,123.00,0.024501
228.7000,6.3400,59.88,123.00,0.026684
228.7968,6.2520,59.88,123.00,0.027870
228.8922,6.1640,59.61,123.00,0.027030
228.9776,6.1640,59.88,123.50,0.025117
229.0717,6.1640,59.88,124.00,0.027967
229.1677,6.1640,59.61,124.00,0.027468
229.2629,6.1640,60.15,124.00,0.026319
229.3488,6.1640,60.15,124.00,0.023768
229.4390,6.1640,60.15,124.00,0.026684
229.5360,6.1640,59.61,124.00,0.027750
229.6325,6.1640,60.15,124.00,0.028161
229.7239,6.1640,60.15,124.00,0.024050
229.8084,6.1640,60.15,124.00,0.024033
229.9030,6.1640,60.15,124.00,0.027364
230.0039,5.9580,60.15,124.00,0.027549
230.0891,5.9580,59.61,124.00,0.024848
230.1873,5.9580,60.15,124.00,0.027622
230.2849,5.9580,60.15,124.00,0.028299
230.3805,5.9580,60.15,124.00,0.026182
230.4754,5.9580,60.42,124.00,0.026983
230.5702,5.9580,59.34,124.00,0.026113
230.6613,5.9580,59.34,124.00,0.024600
230.7512,5.9580,60.15,124.00,0.027848
230.8438,5.9120,59.88,124.00,0.024778
230.9294,5.9120,60.15,124.00,0.024738
231.0147,5.9120,60.15,124.00,0.024760
231.1120,5.9120,59.88,124.00,0.027298
231.2100,5.9120,59.61,124.00,0.028780
231.2973,5.9120,60.15,124.00,0.025120
231.3883,5.9120,59.88,124.00,0.027226
231.4878,5.9120,60.15,124.00,0.027397
231.5847,5.9120,60.15,124.00,0.028141
231.6750,5.9120,59.88,124.00,0.023361
231.7623,5.9120,59.34,124.00,0.025879
231.8536,5.9120,59.61,124.00,0.024414
231.9377,5.9120,59.61,124.00,0.024250
232.0228,5.9120,60.15,124.00,0.024675
232.1133,5.9120,60.15,124.00,0.026139
232.2104,5.9120,60.15,124.00,0.027656
232.3084,5.9120,60.15,124.00,0.028243
232.3998,5.9120,59.88,124.00,0.024560
232.4920,5.9120,59.34,124.00,0.027387
232.5877,5.9120,59.88,124.00,0.027575
232.6834,5.9120,59.61,124.00,0.027925
232.7795,5.9120,59.88,124.00,0.027830
232.8722,5.9120,59.61,124.00,0.024919
232.9595,5.9120,60.15,124.00,0.025867
233.0575,5.9120,59.61,124.00,0.028453
233.1539,5.9120,59.61,123.50,0.028179
233.2492,5.9120,59.61,123.00,0.027952
233.3458,5.9980,59.61,123.00,0.028331
233.4398,6.0840,59.34,123.50,0.027015
233.5261,6.0840,59.88,123.00,0.023671
233.6155,6.0840,59.34,123.00,0.026804
233.7063,6.0840,60.15,123.00,0.024532
233.7951,6.1145,60.15,123.00,0.027864
233.8887,6.1450,60.15,123.50,0.023903
233.9725,6.1450,59.61,123.50,0.024126
234.0672,6.1450,59.61,123.50,0.027468
234.1645,6.1450,59.07,124.00,0.028214
234.2606,6.1450,59.61,124.00,0.028134
234.3471,6.1450,59.34,124.00,0.024342
234.4404,6.1450,60.15,124.00,0.027980
234.5384,6.1450,59.88,124.00,0.028004
234.6291,6.1450,60.15,124.00,0.025163
234.7201,6.1450,60.15,123.50,0.027394
234.8181,6.2005,59.88,123.00,0.027883
234.9155,6.2560,59.88,123.50,0.027841
235.0087,6.2560,60.15,123.50,0.025260
235.0957,6.2560,59.88,123.00,0.025759
235.1919,6.2560,59.61,123.00,0.028065
235.2923,6.2560,59.34,123.00,0.028321
235.3777,6.2560,59.61,123.00,0.024107
235.4725,6.2560,60.15,123.00,0.028286
235.5704,6.2560,59.61,123.00,0.027526
235.6669,6.2560,59.61,123.00,0.027209
235.7653,6.2560,59.88,123.00,0.026335
235.8575,6.2560,60.15,123.00,0.026458
235.9503,6.2560,60.15,123.00,0.026125
236.0402,6.2560,59.61,123.00,0.024676
236.1289,6.2560,59.61,123.00,0.028012
236.2286,6.2560,59.61,123.00,0.028410
236.3245,6.2560,59.61,123.00,0.028377
236.4188,6.2560,59.88,123.00,0.026812
236.5121,6.2560,59.88,123.00,0.026804
236.6086,6.2560,60.15,123.00,0.027518
236.7028,6.2560,59.34,123.00,0.026353
236.7882,6.2560,59.07,123.00,0.023541
236.8713,6.2560,59.61,123.00,0.023476
236.9548,6.2560,60.15,123.00,0.023879
237.0414,6.2560,60.15,123.00,0.026614
237.1352,6.2560,60.15,123.00,0.027780
237.2327,6.2560,60.15,123.00,0.026026
237.3180,6.2560,60.15,123.00,0.025083
237.4142,6.2560,59.88,123.00,0.027238
237.5111,6.2560,60.15,123.00,0.027396
237.6089,6.2560,60.15,123.00,0.027933
237.7075,6.2560,60.15,123.00,0.027556
237.8032,6.2560,60.15,123.00,0.027569
237.9002,6.2560,60.15,123.00,0.027774
237.9953,6.2560,59.61,123.00,0.027575
238.0852,6.2560,59.61,123.00,0.025665
238.1773,6.2560,59.61,123.00,0.027678
238.2727,6.2560,59.88,123.00,0.028563
238.3680,6.2560,60.15,123.00,0.028095
238.4615,6.2560,59.61,123.00,0.024755
238.5469,6.2560,59.88,123.00,0.024587
238.6459,6.2560,60.15,123.00,0.027411
238.7437,6.2560,59.88,123.00,0.028149
238.8387,6.2560,59.88,123.00,0.027563
238.9240,6.2560,60.15,123.00,0.024229
239.0166,6.2560,59.61,123.00,0.027955
239.1057,6.2560,60.15,123.00,0.024530
239.1960,6.2560,60.15,123.00,0.028771
239.2935,6.2560,59.61,123.00,0.027893
239.3903,6.2560,60.15,123.00,0.028035
239.4830,6.2560,59.61,123.00,0.024731
239.5693,6.2560,59.88,123.50,0.025997
239.6649,6.2560,59.88,123.00,0.027646
239.7601,6.2560,59.61,123.00,0.028235
239.8557,6.2560,59.34,123.50,0.027982
239.9411,6.2560,59.34,123.00,0.024723
240.0343,6.2560,60.15,123.00,0.027728
240.1305,6.2560,60.15,123.00,0.029251
240.2197,6.2560,60.15,123.00,0.025059
240.3100,6.2560,60.15,123.00,0.028330
240.4012,6.2560,60.15,123.00,0.024432
240.4869,6.2560,59.88,123.00,0.025356
240.5855,6.2560,59.88,123.00,0.027989
240.6797,6.2560,60.15,123.00,0.027386
240.7647,6.2560,59.88,123.00,0.023965
240.8529,6.2560,60.15,123.00,0.025178
240.9479,6.2560,60.15,123.00,0.027915
241.0449,6.2560,59.61,123.00,0.027976
241.1343,6.2560,60.15,123.00,0.024667
241.2240,6.2560,60.15,123.00,0.027790
241.3195,6.2560,59.61,123.00,0.027417
241.4144,6.2560,60.15,123.00,0.026115
241.5076,6.2560,59.88,123.00,0.026412
241.6024,6.2560,60.15,123.00,0.026600
241.6996,6.2560,59.61,123.50,0.026078
241.7852,6.2560,59.61,123.50,0.024920
241.8792,6.2560,60.15,123.50,0.027782
241.9772,6.2560,59.34,123.00,0.028360
242.0702,6.2560,59.61,123.00,0.026382
242.1631,6.2560,60.15,123.00,0.027014
242.2505,6.2560,59.88,123.00,0.023647
242.3393,6.2560,60.15,123.00,0.027383
242.4360,6.2560,59.88,123.00,0.026271
242.5289,6.2560,59.88,123.00,0.027099
242.6283,6.2560,59.88,123.00,0.027048
242.7240,6.2560,59.34,123.00,0.027782
242.8248,6.2560,59.88,123.00,0.028061
242.9189,6.2560,60.15,123.00,0.027056
243.0027,6.2560,60.15,123.00,0.023319
243.0870,6.2560,59.88,123.00,0.024534
243.1829,6.2560,60.15,123.00,0.029287
243.2836,6.2560,60.15,123.00,0.028987
243.3841,6.2560,60.15,123.00,0.028782
243.4865,6.2560,59.88,123.00,0.029779
243.5819,6.2560,59.88,123.00,0.025325
243.6710,6.2560,59.34,123.50,0.026234
243.7652,6.2560,60.15,124.00,0.026327
243.8587,6.2560,60.15,124.00,0.027003
243.9605,6.2560,60.15,123.50,0.028748
244.0614,6.2560,59.88,123.50,0.028604
244.1634,6.2560,60.15,123.00,0.028902
244.2658,6.2560,59.07,123.50,0.027796
244.3629,6.2560,59.61,123.50,0.025110
244.4531,6.2560,60.15,123.50,0.027812
244.5514,6.2560,59.88,123.00,0.026294
244.6407,6.2560,60.15,123.00,0.025758
244.7441,6.2560,59.88,123.00,0.028696
244.8456,6.2560,59.61,123.00,0.027094
244.9285,6.2560,60.15,123.00,0.023288
245.0117,6.2560,60.15,123.00,0.023611
245.1030,6.2560,60.42,123.00,0.027308
245.2047,6.2560,60.15,123.00,0.028986
245.2995,6.2560,60.15,123.00,0.024805
245.3932,6.2560,59.61,123.00,0.028989
245.4950,6.2560,60.15,123.00,0.028566
245.5905,6.2560,59.34,123.00,0.026420
245.6814,6.2560,59.88,123.00,0.024157
245.7722,6.2560,59.88,123.00,0.027791
245.8713,6.2560,60.15,123.00,0.025496
245.9597,6.2560,59.88,123.00,0.026042
246.0592,6.2560,59.88,123.00,0.026599
246.1528,6.2560,59.88,123.00,0.026585
246.2532,6.2560,60.15,123.50,0.029120
246.3439,6.2560,59.61,123.50,0.027512
246.4465,6.2560,60.15,123.00,0.028667
246.5368,6.2560,59.61,123.50,0.024846
246.6352,6.2560,60.42,123.00,0.028535
246.7357,6.2560,60.15,123.00,0.028565
246.8366,6.2560,60.15,123.00,0.028176
246.9286,6.2560,60.15,123.00,0.025318
247.0252,6.2560,59.61,123.00,0.028685
247.1240,6.2560,60.15,123.00,0.027611
247.2196,6.2560,60.15,123.00,0.027906
247.3159,6.2560,60.15,123.00,0.028453
247.4135,6.2560,59.61,123.00,0.027253
247.5063,6.2560,59.88,123.00,0.025437
247.5937,6.2560,59.34,123.00,0.026247
247.6902,6.2560,59.61,123.00,0.028559
247.7893,6.2560,59.88,123.00,0.028633
247.8728,6.2560,59.34,123.00,0.024065
247.9645,6.2560,59.88,123.00,0.026523
248.0510,6.2560,60.15,123.00,0.023887
248.1426,6.2560,60.15,123.00,0.027832
248.2343,6.2560,60.15,123.00,0.023822
248.3235,6.2560,60.15,123.00,0.027544
248.4193,6.2560,60.15,123.00,0.025893
248.5048,6.2560,60.15,123.00,0.024282
248.5905,6.2560,60.15,123.50,0.024691
248.6870,6.2560,60.15,123.00,0.027564
248.7846,6.2560,60.15,123.50,0.028158
248.8802,6.2560,59.34,123.00,0.027503
248.9773,6.2560,60.15,123.00,0.027679
249.0711,6.2560,60.15,123.00,0.027107
249.1664,6.2560,60.15,123.00,0.027013
249.2558,6.2560,59.88,123.00,0.023981
249.3445,6.2560,60.15,123.00,0.028079
249.4440,6.2560,60.15,123.00,0.027774
249.5381,6.2560,60.15,123.00,0.025604
249.6225,6.2560,60.15,123.00,0.024029
249.7085,6.2560,60.15,123.00,0.025345
249.8049,6.2560,60.42,123.00,0.028035
249.8994,6.2560,60.42,123.50,0.027704
249.9968,6.2560,60.15,123.00,0.027179
250.0925,6.2560,60.15,123.00,0.028023
250.1888,6.2560,60.15,123.00,0.027938
250.2860,6.2560,59.88,123.00,0.027694
250.3813,6.2560,59.61,123.00,0.027813
250.4711,6.2560,59.61,123.00,0.024904
250.5606,6.2560,60.15,123.00,0.028593
250.6564,6.2560,60.15,123.00,0.028507
250.7516,6.2560,59.61,123.00,0.027578
250.8469,6.2560,60.15,123.00,0.026460
250.9323,6.2560,60.15,123.00,0.024379
251.0260,6.2560,60.15,123.00,0.027451
251.1268,6.2560,60.15,123.00,0.028877
251.2165,6.2560,60.15,123.00,0.025377
251.3164,6.2560,60.15,123.00,0.028463
251.4182,6.2560,60.15,123.00,0.028871
251.5196,6.2560,60.15,123.00,0.028742
251.6235,6.2560,60.15,123.00,0.028664
251.7144,6.2560,60.15,123.00,0.024922
251.8115,6.2560,59.61,123.00,0.029168
251.9145,6.2560,59.34,123.00,0.029777
252.0163,6.2560,60.15,123.50,0.029240
252.1095,6.2560,59.88,123.00,0.026154
252.1982,6.2560,59.88,123.00,0.026057
252.2929,6.2560,60.15,123.00,0.028839
252.3974,6.2560,59.88,123.00,0.029289
252.4990,6.2560,60.15,123.00,0.029144
252.6001,6.2560,60.15,123.00,0.028886
252.7053,6.2560,60.15,123.00,0.029699
252.8026,6.2560,60.15,123.00,0.025490
252.8949,6.2560,60.15,123.00,0.028442
252.9946,6.2560,60.15,123.00,0.026603
253.0861,6.2560,59.88,123.00,0.024443
253.1698,6.2560,59.61,123.00,0.023782
253.2562,6.2560,59.88,123.00,0.024980
253.3510,6.2560,59.61,123.00,0.027674
253.4491,6.2560,59.61,123.00,0.028231
253.5441,6.2560,60.15,123.00,0.027988
253.6416,6.2560,60.15,123.50,0.027804
253.7340,6.2560,59.61,123.50,0.026392
253.8223,6.2560,60.15,123.00,0.023799
253.9054,6.2560,59.88,123.00,0.023727
253.9913,6.2560,60.15,123.00,0.025131
254.0868,6.2560,60.15,123.00,0.026778
254.1815,6.2560,60.42,123.00,0.027913
254.2664,6.2560,60.15,123.00,0.023976
254.3592,6.2560,60.15,123.00,0.027489
254.4576,6.2560,60.15,123.00,0.027296
254.5504,6.2560,59.61,123.00,0.026385
254.6409,6.2560,60.15,123.00,0.024184
254.7339,6.2235,60.15,123.00,0.029559
254.8395,6.0540,60.15,123.00,0.027537
254.9398,6.0540,60.15,123.00,0.027864
255.0379,6.0540,60.15,123.00,0.027881
255.1363,6.0540,60.42,123.00,0.027664
255.2335,6.0540,59.61,123.00,0.027818
255.3261,6.0540,59.61,123.00,0.024590
255.4099,6.0540,59.61,123.00,0.023953
255.5041,6.0540,60.42,123.00,0.026780
255.5985,6.0540,59.61,123.00,0.027562
255.6968,6.0540,59.88,123.00,0.028163
255.7951,6.1225,60.15,123.00,0.028640
255.8914,6.1910,60.15,123.00,0.028219
255.9762,6.1910,59.61,123.00,0.023452
256.0598,6.1910,60.42,123.00,0.023628
256.1460,6.1910,60.15,123.00,0.026429
256.2392,6.1910,59.88,123.00,0.026720
256.3327,6.1910,59.61,123.00,0.025569
256.4187,6.1910,60.15,123.00,0.025026
256.5157,6.1910,60.15,123.00,0.028552
256.6089,6.1910,60.15,123.00,0.025367
256.7047,6.1910,60.15,123.00,0.028378
256.7934,6.1890,60.15,123.00,0.024903
256.8844,6.1870,60.15,123.50,0.027721
256.9797,6.1870,60.15,123.00,0.027629
257.0744,6.1870,59.88,123.00,0.027434
257.1704,6.1870,60.15,123.00,0.027721
257.2647,6.1870,60.15,123.00,0.027610
257.3644,6.1870,59.61,123.00,0.027657
257.4591,6.1870,59.88,123.00,0.027480
257.5548,6.1870,60.15,123.00,0.027828
257.6500,6.1870,59.88,123.00,0.026502
257.7430,6.1870,59.61,123.00,0.026685
257.8379,6.1870,59.61,123.00,0.026626
257.9314,6.1870,60.15,123.00,0.026748
258.0266,6.1870,59.88,123.00,0.027045
258.1214,6.1870,60.15,123.00,0.027895
258.2083,6.1870,60.15,123.00,0.024327
258.2996,6.1870,60.15,123.00,0.027299
258.3897,6.1870,60.15,123.50,0.024528
258.4778,6.1870,59.88,123.00,0.027654
258.5742,6.1870,60.15,123.00,0.027337
258.6687,6.1870,59.88,123.00,0.027031
258.7624,6.1870,60.15,123.00,0.026745
258.8484,6.1870,60.15,123.00,0.024873
258.9440,6.1870,59.88,123.00,0.028209
259.0422,6.1870,59.88,123.00,0.028559
259.1403,6.2560,60.15,123.00,0.028833
259.2346,6.3250,60.15,123.00,0.026821
259.3204,6.3250,59.88,123.00,0.023776
259.4116,6.3250,60.15,123.00,0.027151
259.5070,6.3250,60.15,123.00,0.027958
259.6021,6.3250,59.61,123.00,0.027845
259.6990,6.3250,59.88,123.00,0.027742
259.7969,6.1605,60.15,123.00,0.028389
259.8941,5.9960,60.15,123.00,0.027709
259.9904,5.9960,59.88,123.00,0.026355
260.0761,5.9960,59.61,123.00,0.024800
260.1719,5.9960,60.15,123.00,0.028327
260.2652,5.9960,60.15,123.00,0.026341
260.3584,5.9960,60.15,123.00,0.026456
260.4434,5.9960,59.61,123.00,0.023604
260.5283,5.9960,60.15,123.00,0.024447
260.6170,5.9960,60.15,123.00,0.027755
260.7124,5.9960,60.42,123.50,0.027938
260.8125,6.2060,60.42,124.00,0.028129
260.9113,6.4160,60.15,124.00,0.028472
261.0100,6.4160,59.88,124.00,0.027903
261.1058,6.4160,59.61,123.50,0.025719
261.1887,6.4160,60.15,123.50,0.023941
261.2724,6.4160,60.42,123.00,0.023803
261.3643,6.4160,59.88,123.00,0.027371
261.4577,6.4160,60.15,123.00,0.026411
261.5501,6.4160,59.88,123.00,0.026446
261.6383,6.4160,60.15,123.00,0.023386
261.7284,6.4160,59.88,123.00,0.027953
261.8244,6.1795,60.42,123.00,0.028520
261.9177,5.9430,60.15,123.00,0.026886
262.0109,5.9430,60.15,123.00,0.026530
262.1076,5.9430,59.88,123.00,0.028025
262.2049,5.9430,59.88,123.00,0.027583
262.3007,5.9430,60.15,123.00,0.026702
262.3961,5.9430,60.15,123.00,0.027586
262.4912,5.9430,60.15,123.00,0.027774
262.5842,5.9430,60.15,123.00,0.026329
262.6803,5.9430,60.15,123.00,0.027511
262.7787,5.9430,60.15,123.00,0.026384
262.8675,5.9430,60.15,123.00,0.023556
262.9561,5.9430,59.88,123.50,0.027044
263.0522,5.9430,59.07,123.00,0.028885
263.1484,5.9430,60.15,123.00,0.028048
263.2413,5.9430,60.15,124.00,0.025647
263.3298,5.9430,59.61,124.00,0.025177
263.4252,5.9430,60.15,123.50,0.027711
263.5221,5.9430,59.61,123.50,0.027032
263.6154,5.9430,60.15,123.50,0.027071
263.7100,5.9430,59.61,123.50,0.026936
263.8054,5.9430,59.34,123.50,0.028433
263.9036,5.9430,60.15,123.00,0.027702
264.0015,5.9430,60.15,123.50,0.027927
264.1000,5.9430,59.61,123.00,0.027876
264.1956,5.9430,60.15,123.00,0.028463
264.2895,5.9430,59.88,123.00,0.026843
264.3832,5.9430,59.61,123.00,0.027413
264.4795,5.9430,60.15,123.00,0.026676
264.5714,5.9430,60.15,123.00,0.025055
264.6593,5.9430,59.88,123.00,0.026196
264.7564,5.9430,60.15,123.00,0.027686
264.8520,6.1450,59.61,123.00,0.026840
264.9484,6.1450,60.15,123.00,0.027575
265.0339,6.1450,60.15,123.00,0.024622
265.1193,6.1450,59.88,123.00,0.024779
265.2055,6.1450,60.15,123.00,0.025384
265.2957,6.1450,60.42,123.00,0.028001
265.3908,6.1450,60.15,123.00,0.027317
265.4816,6.1450,60.15,123.00,0.023814
265.5677,6.1450,60.15,123.00,0.025443
265.6625,6.1450,60.15,123.00,0.027463
265.7601,6.1450,60.42,123.00,0.027867
265.8564,6.1450,60.15,123.00,0.027204
265.9510,6.1450,60.15,123.00,0.027518
266.0484,6.1450,59.88,123.00,0.027853
266.1434,6.1450,60.15,123.50,0.027627
266.2388,6.1450,60.15,123.00,0.027456
266.3355,6.1450,60.15,123.00,0.027195
266.4306,6.1450,60.15,123.00,0.028318
266.5276,6.1450,60.15,123.00,0.027454
266.6253,6.1450,59.61,123.00,0.028654
266.7209,6.1450,60.15,123.00,0.026248
266.8134,6.1450,59.88,123.00,0.026735
266.9070,6.1450,59.88,123.00,0.026803
267.0008,6.1450,60.15,123.00,0.024893
267.0866,6.1450,60.15,123.00,0.025029
267.1715,6.1450,59.88,123.00,0.024755
267.2698,5.9010,60.15,123.00,0.028219
267.3643,5.9010,60.15,123.00,0.027757
267.4603,5.9010,60.15,123.00,0.028569
267.5551,5.9010,60.15,123.50,0.028229
267.6436,5.9010,60.15,123.00,0.024450
267.7356,5.9010,60.15,123.00,0.027436
267.8338,6.0610,60.15,123.50,0.027675
267.9265,6.0610,60.15,123.00,0.026406
268.0159,6.0610,60.15,123.00,0.023151
268.1011,6.0610,60.42,123.00,0.024975
268.1984,6.0610,60.15,123.00,0.027798
268.2935,6.0610,60.42,123.00,0.028047
268.3883,6.0610,60.15,123.00,0.027921
268.4838,6.0610,59.61,123.00,0.028556
268.5799,6.0610,59.61,123.00,0.028263
268.6749,6.0610,59.61,123.00,0.027447
268.7678,6.0170,60.15,123.00,0.026443
268.8621,5.9730,60.15,123.00,0.027313
268.9572,5.9730,60.15,123.00,0.027397
269.0518,5.9730,59.61,123.00,0.027974
269.1474,5.9730,59.61,123.00,0.027459
269.2427,5.9730,60.15,123.00,0.027645
269.3418,5.9730,60.15,123.00,0.027651
269.4366,5.9730,59.88,123.00,0.027751
269.5334,5.9730,59.61,123.00,0.024834
269.6216,5.9730,60.15,123.00,0.025522
269.7200,5.9730,59.88,123.00,0.027619
269.8153,5.9730,60.15,123.00,0.027848
269.9125,5.9730,59.88,123.00,0.027142
269.9985,5.9730,60.15,123.50,0.024966
270.0918,5.9730,60.15,123.00,0.027819
270.1802,5.9730,60.15,123.00,0.023323
270.2706,5.9730,60.42,123.00,0.026496
270.3596,5.9730,60.15,123.00,0.023795
270.4470,5.9730,60.15,123.00,0.026500
270.5423,5.9730,60.15,123.00,0.026169
270.6278,5.9730,59.88,123.00,0.024848
270.7247,5.9730,60.15,123.00,0.027989
270.8223,5.9730,60.15,123.00,0.027781
270.9197,5.9730,60.15,123.00,0.028337
271.0163,5.9730,60.42,123.00,0.027220
271.1100,5.9730,60.15,123.00,0.026561
271.1966,5.9730,60.15,123.00,0.023327
271.2798,5.9730,60.15,123.00,0.023478
271.3682,6.2520,60.15,123.00,0.027871
271.4633,6.5310,60.15,123.00,0.027472
271.5597,6.5310,59.88,123.00,0.028212
271.6557,6.5310,60.15,123.00,0.028786
271.7537,6.5310,60.42,123.00,0.028170
271.8496,5.9810,60.15,123.00,0.028462
271.9445,5.9810,60.15,123.00,0.027388
272.0432,5.9810,59.61,123.00,0.027803
272.1298,5.9810,60.15,123.00,0.024391
272.2247,5.9810,60.42,123.00,0.027892
272.3133,5.9810,60.15,123.00,0.024732
272.4031,5.9810,60.15,123.00,0.027826
272.5011,5.9810,60.15,123.00,0.027924
272.5981,5.9810,60.15,123.50,0.027931
272.6960,5.9810,59.88,123.00,0.027915
272.7911,6.1965,59.88,123.00,0.027946
272.8868,6.4120,60.42,123.00,0.027306
272.9813,6.4120,59.88,123.00,0.027923
273.0773,6.4120,60.15,123.00,0.028188
273.1748,6.4120,59.88,123.00,0.028388
273.2721,6.4120,60.15,123.00,0.027025
273.3573,6.4120,60.15,123.00,0.024485
273.4517,6.4120,60.15,123.00,0.027569
273.5469,6.4120,60.15,123.00,0.027272
273.6361,6.4120,59.34,123.00,0.024726
273.7273,6.4120,60.15,123.00,0.028128
273.8232,6.4120,60.15,123.00,0.026815
273.9149,6.4120,60.15,123.00,0.024335
274.0033,6.2940,60.42,123.00,0.027302
274.1002,6.1760,59.88,123.00,0.027611
274.1955,6.1760,59.61,123.00,0.027494
274.2961,6.1760,60.15,123.00,0.028197
274.3921,6.1760,59.88,123.00,0.027691
274.4869,6.1760,60.15,123.00,0.027603
274.5847,6.1760,60.15,123.00,0.027585
274.6799,6.1760,60.15,123.00,0.027856
274.7802,6.0745,59.88,123.00,0.027693
274.8783,5.9730,59.88,123.00,0.028005
274.9768,5.9730,59.88,123.00,0.028132
275.0649,5.9730,60.15,123.00,0.024880
275.1579,5.9730,60.42,123.00,0.028154
275.2540,5.9730,59.61,123.00,0.028502
275.3505,5.9730,60.15,123.50,0.026680
275.4405,5.9730,60.15,123.00,0.023700
275.5270,5.9730,59.34,123.50,0.026522
275.6238,5.9730,60.15,123.00,0.027948
275.7171,5.9730,59.88,123.00,0.026344
275.8096,5.9730,59.88,123.00,0.026276
275.9026,5.9730,59.88,123.00,0.026399
276.0013,6.0895,60.15,123.00,0.027425
276.0966,6.2060,60.15,123.00,0.027470
276.1959,6.2060,60.15,123.00,0.027643
276.2961,6.2060,59.88,123.00,0.027769
276.3912,6.2060,59.88,123.00,0.027705
276.4888,6.2060,60.15,123.00,0.027645
276.5838,6.2060,59.61,123.00,0.027718
276.6798,6.2060,59.61,123.00,0.028115
276.7697,6.0785,60.15,123.00,0.025253
276.8601,5.9510,60.15,123.00,0.027909
276.9572,5.9510,60.42,123.00,0.027881
277.0535,5.9510,60.15,123.00,0.028538
277.1481,5.9510,60.15,123.00,0.027910
277.2480,5.9510,60.15,123.00,0.027302
277.3433,5.9510,60.15,123.00,0.026065
277.4298,5.9510,60.15,123.00,0.024417
277.5240,5.9510,60.15,123.50,0.027702
277.6174,5.9510,60.15,123.50,0.026552
277.7093,5.9510,60.15,123.50,0.026847
277.8024,5.9510,59.61,123.50,0.026229
277.8950,5.9510,60.15,123.00,0.027266
277.9939,5.9510,59.88,123.50,0.027820
278.0829,5.9510,60.15,123.00,0.024696
278.1710,5.9510,60.15,123.00,0.026280
278.2628,5.9510,60.15,123.00,0.026603
278.3607,5.9510,60.15,123.00,0.028008
278.4567,5.9510,60.15,123.00,0.027926
278.5511,5.9510,60.15,123.00,0.027496
278.6447,5.9510,60.15,123.00,0.027743
278.7289,5.9510,59.34,123.00,0.023401
278.8179,5.9510,59.88,123.00,0.026472
278.9138,5.9510,59.61,123.00,0.026679
279.0121,5.9510,60.15,123.00,0.027851
279.1002,5.9510,60.15,123.00,0.023338
279.1886,5.9510,59.61,123.00,0.026776
279.2833,5.9510,60.15,123.00,0.027162
279.3788,5.9510,60.15,123.00,0.027200
279.4800,5.9160,59.88,123.00,0.027682
279.5762,5.9160,60.15,123.00,0.027551
279.6738,5.9160,59.61,123.00,0.027597
279.7694,5.9235,60.15,123.00,0.028883
279.8658,5.9310,60.15,123.50,0.028163
279.9616,5.9310,60.15,123.50,0.027835
280.0491,5.9310,60.15,123.00,0.025670
280.1440,5.9310,59.61,123.00,0.029034
280.2393,5.9310,60.15,123.00,0.027705
280.3317,5.9310,60.15,123.00,0.026341
280.4261,5.9310,59.88,123.00,0.026705
280.5177,5.9310,60.42,123.00,0.026572
280.6118,5.9310,59.88,123.00,0.023426
280.6962,5.9310,60.15,123.00,0.025386
280.7884,5.9310,60.15,123.00,0.025657
280.8738,6.1220,60.15,123.00,0.025284
280.9664,6.3130,60.15,123.00,0.026439
281.0585,6.3130,60.15,123.00,0.026849
281.1532,6.3130,60.15,123.00,0.027554
281.2478,6.3130,60.15,123.50,0.028158
281.3362,6.3130,60.15,123.00,0.023577
281.4247,6.3130,60.15,123.00,0.028043
281.5229,6.3130,60.15,123.00,0.027514
281.6172,6.3130,60.15,123.00,0.028090
281.7113,6.3130,59.88,123.00,0.025489
281.7938,6.3130,60.15,123.00,0.023344
281.8893,6.3130,60.15,123.00,0.026869
281.9867,6.3055,60.15,123.00,0.029039
282.0887,6.2980,60.15,123.00,0.028294
282.1741,6.2980,59.88,123.00,0.024364
282.2696,6.2980,60.15,123.00,0.027478
282.3649,6.2980,60.15,123.00,0.026960
282.4636,6.2980,60.15,123.00,0.027959
282.5593,6.2980,60.15,123.50,0.028036
282.6577,6.2980,60.15,123.00,0.027568
282.7524,6.2980,59.61,123.50,0.028250
282.8450,5.9240,60.15,123.00,0.024198
282.9329,5.9240,59.61,123.50,0.027574
283.0300,5.9240,60.42,123.00,0.029107
283.1280,5.9240,60.42,123.00,0.028748
283.2244,5.9240,60.15,123.00,0.028018
283.3197,5.9240,60.15,123.00,0.028390
283.4169,5.9240,60.42,123.00,0.028230
283.5120,5.9240,60.15,123.00,0.027603
283.6078,5.9240,59.88,123.00,0.027673
283.7023,5.9240,59.88,123.00,0.027380
283.8002,5.9545,60.15,124.00,0.027558
283.8966,5.9850,60.15,124.00,0.027508
283.9941,5.9850,60.15,124.00,0.027726
284.0938,5.9850,59.61,124.00,0.027677
284.1932,5.9850,59.61,124.00,0.027457
284.2891,5.9850,59.34,124.00,0.028157
284.3856,5.9850,60.15,124.00,0.027076
284.4763,5.9850,59.34,124.00,0.024850
284.5676,5.9850,59.61,124.00,0.028161
284.6680,5.9850,60.15,124.00,0.028098
284.7701,6.1090,60.15,124.00,0.028905
284.8637,6.2330,59.61,124.00,0.024474
284.9550,6.2330,59.88,124.00,0.026283
285.0513,6.2330,59.61,124.00,0.028051
285.1485,6.2330,59.88,124.00,0.027628
285.2337,6.2330,60.42,124.00,0.024589
285.3346,6.2330,60.15,124.00,0.028493
285.4323,6.2330,60.15,124.00,0.026722
285.5333,6.2330,59.61,124.00,0.027633
285.6314,6.2330,59.88,124.00,0.027532
285.7367,6.2330,59.88,124.00,0.028445
285.8412,5.8510,60.15,124.00,0.028958
285.9384,5.8510,59.61,124.00,0.026550
286.0251,5.8510,59.88,124.00,0.023671
286.1204,5.8510,60.15,124.00,0.027863
286.2180,5.8510,60.15,124.00,0.025889
286.3102,5.8510,59.88,124.00,0.026586
286.4000,5.8510,60.15,124.00,0.024155
286.4901,5.8510,60.42,124.00,0.026781
286.5950,5.8510,60.15,124.50,0.029207
286.6952,5.8510,60.15,125.00,0.025353
286.7859,5.9140,59.88,125.00,0.027419
286.8893,5.9770,60.15,125.00,0.028604
286.9911,5.9770,59.88,125.00,0.028756
287.0931,5.9770,60.15,125.00,0.028338
287.1966,5.9770,59.88,125.00,0.028531
287.3013,5.9770,60.15,125.00,0.028912
287.3976,5.9770,60.15,125.00,0.026196
287.4904,5.9770,59.61,125.00,0.026341
287.5928,5.9770,60.15,125.00,0.028536
287.6961,5.9770,60.15,125.00,0.027767
287.7853,6.1220,59.61,125.00,0.025806
287.8882,6.2670,59.88,125.00,0.028554
287.9761,6.2670,60.15,125.00,0.025222
288.0783,6.2670,59.61,125.00,0.028735
288.1798,6.2670,60.15,125.00,0.028815
288.2741,6.2670,60.15,125.00,0.025372
288.3732,6.2670,60.15,125.00,0.028770
288.4784,6.2670,60.42,125.00,0.028603
288.5801,6.2670,60.15,125.00,0.028698
288.6859,6.2670,60.15,125.00,0.028645
288.7723,6.2670,59.88,125.00,0.023907
288.8658,6.2670,60.15,125.00,0.027401
288.9548,6.0685,60.15,125.00,0.023750
289.0443,5.8700,60.15,125.00,0.026559
289.1398,5.8700,60.15,125.00,0.026520
289.2386,5.8700,60.15,125.00,0.027687
289.3352,5.8700,59.88,125.00,0.026555
289.4307,5.8700,59.07,125.00,0.026786
289.5284,5.8700,60.15,125.00,0.027685
289.6325,5.8700,60.15,125.00,0.028540
289.7322,5.8700,60.15,125.00,0.027027
289.8241,5.8170,59.88,125.00,0.025800
289.9261,5.8170,60.15,125.00,0.029119
290.0298,5.8170,60.15,125.00,0.029493
290.1347,5.8170,59.88,125.00,0.029471
290.2380,5.8170,60.15,125.00,0.028393
290.3425,5.8170,60.15,125.00,0.028696
290.4443,5.8170,60.15,125.00,0.026593
290.5325,5.8170,60.15,125.00,0.024899
290.6361,5.8170,60.15,125.00,0.028306
290.7352,5.8170,60.15,125.00,0.026042
290.8304,5.8170,60.15,125.00,0.026659
290.9267,5.8170,60.15,125.00,0.026626
291.0313,5.9525,59.34,125.00,0.029349
291.1214,6.0880,59.88,125.00,0.025264
291.2257,6.0880,59.88,125.00,0.029310
291.3293,6.0880,60.15,125.00,0.029203
291.4348,6.0880,59.88,125.00,0.028807
291.5303,6.0880,59.61,125.50,0.025940
291.6326,6.0880,59.61,126.00,0.029054
291.7240,6.0880,59.88,126.00,0.025605
291.8106,6.1355,60.15,126.00,0.023141
291.9016,6.1830,60.15,126.00,0.026300
291.9987,6.1830,60.15,126.00,0.027092
292.0953,6.1830,59.88,126.00,0.025084
292.1812,6.1830,60.15,126.00,0.026164
292.2792,6.1830,60.15,126.00,0.026785
292.3787,6.1830,60.15,126.00,0.029204
292.4827,6.1830,60.42,126.00,0.029355
292.5777,6.1830,59.61,126.00,0.026461
292.6755,6.1830,59.88,126.00,0.026936
292.7744,6.0020,60.15,126.00,0.028556
292.8745,5.8210,60.15,126.00,0.026463
292.9706,5.8210,60.15,126.00,0.026497
293.0733,5.8210,60.15,126.00,0.028757
293.1767,5.8210,59.61,126.00,0.028593
293.2777,5.8210,59.61,126.00,0.028524
293.3786,5.8210,59.88,126.00,0.028911
293.4775,5.8210,59.88,126.00,0.027798
293.5790,5.8210,60.15,126.00,0.028038
293.6872,5.8210,59.88,126.00,0.030490
293.7936,5.8130,59.88,126.00,0.031187
293.8918,5.8050,59.88,126.00,0.027436
293.9877,5.8050,60.15,126.00,0.027406
294.0912,5.8050,60.15,126.00,0.029383
294.1956,5.8050,59.61,126.00,0.026819
294.2891,5.8050,60.15,126.00,0.025969
294.3772,5.8050,60.15,126.00,0.025947
294.4800,5.8050,60.15,126.00,0.028344
294.5821,5.8050,60.15,126.00,0.028730
294.6741,5.8050,60.15,126.00,0.025658
294.7744,5.9885,60.15,126.00,0.029064
294.8767,6.1720,60.15,126.00,0.028928
294.9779,6.1720,60.15,126.00,0.027889
295.0763,6.1720,59.61,126.00,0.026066
295.1694,6.1720,59.34,126.00,0.026225
295.2692,6.1720,59.88,126.00,0.028375
295.3702,6.1720,59.88,126.00,0.028288
295.4641,6.1720,60.15,126.00,0.025613
295.5520,6.1720,59.88,124.00,0.025223
295.6504,6.1720,59.88,122.00,0.028313
295.7489,6.1720,60.15,122.00,0.027102
295.8475,6.5920,59.88,122.00,0.027997
295.9418,6.5920,59.61,122.00,0.026810
296.0393,6.5920,60.15,122.00,0.026819
296.1350,6.5920,59.61,122.00,0.026026
296.2225,6.5920,60.15,122.00,0.025628
296.3217,6.5920,60.42,122.00,0.028448
296.4189,6.5920,59.61,122.00,0.028094
296.5050,6.5920,60.15,122.00,0.024907
296.6005,6.5920,60.15,122.00,0.027307
296.6958,6.5920,60.15,122.00,0.027637
296.7987,6.4810,59.88,122.00,0.029060
296.8910,6.3700,60.42,122.00,0.025424
296.9886,6.3700,60.15,122.00,0.028610
297.0920,6.3700,60.15,122.00,0.028045
297.1893,6.3700,59.88,122.00,0.027857
297.2845,6.3700,60.15,122.00,0.027560
297.3858,6.3700,59.88,122.00,0.027555
297.4838,6.3700,59.61,122.00,0.027632
297.5762,6.3700,60.15,122.00,0.024797
297.6656,6.3700,60.15,122.00,0.028324
297.7598,6.3700,60.15,122.00,0.026438
297.8546,6.3700,60.15,122.00,0.026352
297.9533,6.2425,59.34,122.00,0.027910
298.0488,6.1150,60.15,122.00,0.027218
298.1481,6.1150,60.15,122.00,0.027442
298.2452,6.1150,60.15,122.00,0.027149
298.3438,6.1150,60.15,122.00,0.027501
298.4416,6.1150,59.88,122.00,0.027581
298.5386,6.1150,59.88,122.00,0.027724
298.6355,6.1150,59.61,122.00,0.027464
298.7329,6.1150,59.88,122.00,0.027615
298.8202,6.0555,60.15,122.50,0.024996
298.9182,5.9960,60.15,123.00,0.029450
299.0194,5.9960,60.15,123.00,0.028835
299.1220,5.9960,60.15,123.00,0.026958
299.2153,5.9960,60.15,123.00,0.026509
299.3132,5.9960,59.88,123.00,0.026859
299.4103,5.9960,60.15,123.00,0.027885
299.5100,5.9960,59.88,123.00,0.027201
299.6033,5.9960,60.15,123.00,0.026436
299.7000,5.9960,60.15,123.00,0.026522
299.7909,5.9295,60.15,123.00,0.024533
299.8795,5.8630,60.15,123.00,0.024569
299.9654,5.8630,60.42,123.00,0.024547
300.0632,5.8630,60.15,123.00,0.027946
300.1599,5.8630,60.15,123.00,0.028285
300.2557,5.8630,60.15,123.00,0.027070
300.3515,5.8630,59.88,123.00,0.027842
300.4479,5.8630,60.15,123.00,0.027965
300.5362,5.8630,60.15,123.00,0.024843
300.6286,5.8630,60.15,123.00,0.027930
300.7258,5.8630,59.88,123.00,0.028104
300.8258,6.2830,60.42,123.00,0.027750
300.9220,6.2830,60.15,123.00,0.028272
301.0166,6.2830,60.69,123.00,0.024337
301.1055,6.2830,60.15,123.00,0.027343
301.2023,6.2830,59.61,123.00,0.027338
301.3001,6.2830,60.42,123.00,0.027747
301.3952,6.2830,60.15,123.00,0.025929
301.4790,6.2830,60.15,123.00,0.023506
301.5746,6.2830,60.15,123.00,0.026472
301.6697,6.2830,60.15,123.00,0.028315
301.7684,6.2830,60.42,123.00,0.028162
301.8686,6.1910,59.61,123.00,0.028255
301.9660,6.1910,60.15,123.00,0.028586
302.0641,6.1910,60.15,123.00,0.028119
302.1607,6.1910,60.15,123.00,0.027443
302.2537,6.1910,59.61,124.00,0.026144
302.3507,6.1910,59.88,124.00,0.026336
302.4457,6.1910,59.88,124.00,0.026495
302.5384,6.1910,60.15,124.00,0.024741
302.6266,6.1910,60.42,124.00,0.027020
302.7257,6.1910,60.15,124.00,0.028387
302.8217,6.0650,60.15,124.00,0.028404
302.9219,5.9390,60.15,124.00,0.028266
303.0188,5.9390,59.61,124.00,0.027546
303.1175,5.9390,60.15,124.00,0.028350
303.2027,5.9390,60.15,124.00,0.024937
303.2982,5.9390,60.15,124.00,0.028280
303.3946,5.9390,59.88,124.00,0.027731
303.4935,5.9390,60.15,124.00,0.027332
303.5933,5.9390,60.15,124.00,0.027658
303.6833,5.9390,60.15,124.00,0.024690
303.7750,5.9335,60.15,124.00,0.027961
303.8704,5.9280,60.15,124.00,0.026192
303.9645,5.9280,60.15,124.00,0.027301
304.0608,5.9280,60.15,124.00,0.028005
304.1583,5.9280,60.15,124.00,0.027416
304.2545,5.9280,60.15,124.00,0.027308
304.3520,5.9280,59.88,124.00,0.027511
304.4498,5.9280,60.15,124.00,0.027453
304.5437,5.9280,60.15,124.00,0.026450
304.6304,5.9280,60.15,124.00,0.024765
304.7274,5.9280,60.15,124.00,0.027388
304.8240,6.1225,59.88,124.00,0.027570
304.9222,6.3170,59.88,124.00,0.027983
305.0206,6.3170,60.15,124.00,0.027289
305.1181,6.3170,60.15,124.00,0.027854
305.2167,6.3170,60.42,124.00,0.026901
305.3116,6.3170,60.42,124.00,0.027406
305.4125,6.3170,60.15,124.50,0.027654
305.5073,6.3170,60.15,125.00,0.026915
305.6039,6.3170,60.42,125.00,0.027304
305.6994,6.3170,60.15,125.00,0.027594
305.7992,6.1130,60.15,125.00,0.028091
305.8962,5.9090,59.88,124.50,0.028593
305.9933,5.9090,60.15,124.00,0.027959
306.0862,5.9090,60.15,124.00,0.026411
306.1781,5.9090,60.15,124.00,0.023763
306.2661,5.9090,60.15,124.00,0.026033
306.3662,5.9090,60.15,124.00,0.028444
306.4597,5.9090,60.15,124.00,0.026837
306.5556,5.9090,59.34,124.00,0.027058
306.6501,5.9090,60.15,124.00,0.027188
306.7515,5.9090,59.88,124.00,0.027427
306.8477,5.8860,60.15,124.00,0.027549
306.9365,5.8860,59.88,124.00,0.024341
307.0283,5.8860,60.15,124.00,0.027745
307.1284,5.8860,59.88,124.00,0.027469
307.2245,5.8860,60.15,124.00,0.028063
307.3233,5.8860,59.61,124.00,0.026638
307.4185,5.8860,60.15,124.00,0.026629
307.5150,5.8860,59.88,124.00,0.026244
307.6087,5.8860,60.15,124.00,0.026273
307.7032,5.8860,59.61,124.00,0.026535
307.7983,5.8860,60.15,124.50,0.028647
307.8954,5.8860,60.15,124.00,0.027451
307.9908,5.8860,59.88,125.00,0.027900
308.0873,5.8860,60.15,125.00,0.026866
308.1724,5.8860,60.15,124.50,0.024597
308.2694,5.8860,60.15,124.50,0.027921
308.3675,5.8860,59.61,124.50,0.027653
308.4640,5.8860,60.42,124.00,0.027635
308.5508,5.8860,60.15,124.50,0.023579
308.6421,5.8860,60.42,124.50,0.026094
308.7398,5.8860,60.15,124.00,0.027979
308.8384,5.8860,60.15,124.00,0.027533
308.9362,5.8860,60.15,124.00,0.028682
309.0313,5.8860,60.15,124.00,0.026653
309.1242,5.8860,60.42,124.00,0.026476
309.2196,5.8860,60.15,124.00,0.026866
309.3165,6.0270,60.15,124.00,0.028184
309.4142,6.0270,60.15,124.00,0.027779
309.5118,6.0270,60.15,124.00,0.027800
309.6080,6.0270,59.88,124.00,0.027593
309.7025,6.0270,60.15,124.00,0.027184
309.7996,5.9790,59.88,124.00,0.027832
309.8960,5.9310,59.88,124.00,0.027918
309.9944,5.9310,60.15,124.00,0.027439
310.0925,5.9310,60.15,124.00,0.027916
310.1809,5.9310,60.15,124.00,0.024871
310.2705,5.9310,60.15,124.00,0.026285
310.3664,5.9310,60.15,124.00,0.026316
310.4593,5.9310,60.15,124.00,0.026423
310.5600,5.9310,60.15,124.00,0.027810
310.6560,5.9310,60.15,124.00,0.028505
310.7529,5.9310,60.42,124.00,0.027673
310.8451,5.9010,60.15,124.00,0.024248
310.9326,5.9010,60.15,124.00,0.025388
311.0304,5.9010,60.15,124.00,0.027317
311.1175,5.9010,60.15,124.00,0.024576
311.2116,5.9010,60.42,124.00,0.027449
311.3105,5.9010,60.42,124.00,0.027449
311.4079,5.9010,60.42,124.00,0.027970
311.4978,5.9010,60.15,124.00,0.025000
311.5899,5.9010,60.42,124.00,0.028286
311.6888,5.9010,60.15,124.00,0.027425
311.7847,5.9010,60.15,124.00,0.027980
311.8819,5.9010,60.15,124.00,0.027882
311.9799,5.9010,60.15,124.00,0.027855
312.0798,5.9010,60.15,124.00,0.027569
312.1794,5.9010,60.15,124.00,0.027118
312.2761,5.9010,60.15,124.00,0.027667
312.3702,5.9010,59.88,124.00,0.024516
312.4589,5.9010,60.42,124.00,0.025718
312.5548,5.9010,60.15,124.00,0.027606
312.6512,5.9010,59.88,124.00,0.027334
312.7375,5.9010,60.42,124.00,0.025131
312.8325,6.0840,60.42,124.00,0.027977
312.9301,6.2670,60.42,124.00,0.028723
313.0274,6.2670,60.15,124.00,0.028333
313.1249,6.2670,60.15,124.00,0.029562
313.2289,6.2670,60.42,124.00,0.029331
313.3314,6.2670,60.15,124.00,0.030005
313.4355,6.2670,60.15,124.00,0.029881
313.5390,6.2670,60.15,124.00,0.028985
313.6426,6.2670,60.15,124.00,0.029944
313.7471,6.2670,60.42,124.00,0.029274
313.8515,5.9350,59.88,124.00,0.027863
313.9436,5.9350,59.88,124.00,0.025949
314.0452,5.9350,60.15,124.00,0.029312
314.1444,5.9350,60.15,124.00,0.026190
314.2378,5.9350,59.88,124.00,0.027008
314.3345,5.9350,60.42,124.00,0.026469
314.4317,5.9350,60.15,124.00,0.028381
314.5372,5.9350,59.61,124.00,0.028598
314.6342,5.9350,60.15,124.00,0.026598
314.7229,5.9350,60.15,124.00,0.023212
314.8109,5.9350,59.61,124.00,0.026897
314.9114,5.8685,60.15,124.00,0.028510
315.0132,5.8020,60.15,124.00,0.028662
315.1199,5.8020,59.61,124.00,0.028608
315.2235,5.8020,59.34,124.00,0.029089
315.3255,5.8020,60.15,124.00,0.028857
315.4238,5.8020,60.15,124.00,0.028237
315.5294,5.8020,60.15,124.00,0.029051
315.6335,5.8020,60.15,124.00,0.029009
315.7381,5.8020,60.15,124.00,0.028005
315.8450,5.7480,60.15,124.00,0.028839
315.9428,5.7480,60.15,124.00,0.026122
316.0389,5.7480,60.15,124.00,0.026760
316.1383,5.7480,59.88,124.00,0.027364
316.2338,5.7480,60.15,124.00,0.025691
316.3292,5.7480,60.15,124.00,0.028543
316.4310,5.7480,60.15,124.00,0.029115
316.5315,5.7480,60.15,124.00,0.027899
316.6324,5.7480,60.42,124.00,0.028807
316.7308,5.7480,59.88,123.50,0.026586
316.8243,5.7480,60.15,124.00,0.026604
316.9228,5.7480,59.34,124.00,0.026720
317.0241,5.7480,60.15,123.50,0.029322
317.1278,5.7480,60.42,124.00,0.029361
317.2253,5.7480,60.42,124.00,0.028478
317.3161,5.7480,60.15,124.00,0.025973
317.4189,5.7480,60.42,124.00,0.028388
317.5209,5.7480,59.61,123.50,0.028933
317.6184,5.7480,59.88,124.00,0.026248
317.7141,5.7480,60.15,123.50,0.027029
317.8145,5.7480,60.42,124.00,0.028256
317.9162,5.7480,60.15,123.50,0.028353
318.0182,5.7480,60.15,123.50,0.028765
318.1201,5.7480,59.61,123.00,0.028603
318.2216,5.7480,59.61,123.00,0.028415
318.3253,5.7480,60.15,123.00,0.028277
318.4284,5.9660,60.15,123.00,0.028360
318.5325,5.9660,60.15,123.50,0.027896
318.6375,5.9660,60.15,124.00,0.027657
318.7264,5.9660,60.15,124.00,0.024946
318.8313,5.8250,60.15,124.00,0.027907
318.9246,5.8250,60.15,124.00,0.025224
319.0273,5.8250,60.42,124.00,0.028416
319.1328,5.8250,59.88,124.00,0.028242
319.2280,5.8250,60.15,124.00,0.026663
319.3237,5.8250,59.88,124.00,0.026970
319.4268,5.8250,59.88,124.00,0.028345
319.5175,5.8250,60.15,124.00,0.024869
319.6180,5.8250,60.15,124.00,0.028485
319.7203,5.8250,60.15,124.00,0.028439
319.8245,5.9870,60.15,124.00,0.028490
319.9295,6.1490,60.15,124.00,0.028954
320.0357,6.1490,60.42,124.00,0.028679
320.1376,6.1490,59.61,124.00,0.026712
320.2341,6.1490,60.15,124.00,0.027012
320.3281,6.1490,60.15,124.00,0.026847
320.4284,6.1490,60.15,124.00,0.028340
320.5276,6.1490,60.15,124.00,0.027856
320.6221,6.1490,60.15,124.00,0.026206
320.7154,6.1490,59.88,124.00,0.026679
320.8080,6.1490,60.15,124.00,0.024429
320.9004,5.9350,59.34,124.00,0.028215
320.9976,5.9350,60.15,124.00,0.027991
321.0927,5.9350,60.42,124.00,0.027777
321.1869,5.9350,60.42,124.00,0.024989
321.2725,5.9350,59.88,123.50,0.024622
321.3696,5.9350,60.15,123.00,0.028075
321.4653,5.9350,60.15,124.00,0.028092
321.5526,5.9350,60.15,124.00,0.024571
321.6455,5.9350,60.15,124.00,0.027618
321.7438,5.9350,60.15,124.00,0.027441
321.8397,6.2980,60.15,124.00,0.027777
321.9349,6.2980,60.15,124.00,0.027246
322.0325,6.2980,60.42,124.00,0.028481
322.1298,6.2980,60.15,124.00,0.028000
322.2260,6.2980,60.15,124.00,0.028743
322.3222,6.2980,60.15,124.00,0.027221
322.4203,6.2980,60.15,123.50,0.028093
322.5191,6.2980,60.15,124.00,0.027397
322.6147,6.2980,60.42,124.00,0.027962
322.7129,6.2980,60.15,124.00,0.024825
322.7990,6.1130,60.15,123.50,0.025333
322.8946,5.9280,60.42,124.00,0.025961
322.9881,5.9280,60.15,124.00,0.026581
323.0839,5.9280,60.15,124.00,0.027755
323.1790,5.9280,60.15,124.00,0.027759
323.2755,5.9280,60.15,124.00,0.027894
323.3735,5.9280,60.15,124.00,0.028246
323.4724,5.9280,60.15,124.00,0.028192
323.5654,5.9280,59.88,124.00,0.026497
323.6600,5.9280,59.61,124.00,0.026574
323.7552,5.9280,60.15,124.00,0.026432
323.8544,5.9510,60.42,124.00,0.027630
323.9487,5.9510,60.15,124.00,0.024400
324.0391,5.9510,60.15,124.00,0.027649
324.1331,5.9510,60.15,124.00,0.026310
324.2282,5.9510,60.15,124.00,0.026418
324.3246,5.9510,60.15,124.00,0.027131
324.4244,5.9510,60.15,124.00,0.027639
324.5183,5.9510,60.42,124.00,0.027202
324.6178,5.9510,60.15,124.00,0.028274
324.7154,5.9510,60.15,124.00,0.027536
324.8119,5.9280,59.88,124.00,0.027707
324.9096,5.9050,60.15,124.00,0.027673
325.0094,5.9050,60.15,124.00,0.028065
325.1078,5.9050,60.15,124.00,0.028507
325.2089,5.9050,60.15,124.00,0.027609
325.3042,5.9050,59.88,124.00,0.027856
325.4034,5.9050,59.88,124.00,0.027836
325.5004,5.9050,60.15,124.00,0.026995
325.5952,5.9050,60.15,124.00,0.026626
325.6917,5.9050,60.15,124.00,0.026953
325.7868,5.9050,60.15,124.00,0.026272
325.8762,5.9050,60.42,124.00,0.023273
325.9640,5.9050,60.15,124.00,0.026174
326.0592,5.9050,60.15,124.00,0.028049
326.1575,5.9050,60.15,124.00,0.027495
326.2523,5.9050,59.88,124.00,0.027708
326.3489,5.9050,59.88,124.00,0.027809
326.4444,5.9050,60.15,124.00,0.027737
326.5327,5.9050,59.88,124.00,0.024494
326.6273,5.9050,60.15,124.00,0.028070
326.7237,5.9050,60.42,124.00,0.027453
326.8187,5.9050,60.42,124.00,0.027058
326.9191,6.0290,60.15,124.00,0.027994
327.0140,6.1530,60.15,123.50,0.027181
327.1066,6.1530,60.42,124.00,0.024231
327.1993,6.1530,60.69,124.00,0.027454
327.2941,6.1530,60.15,124.00,0.026473
327.3869,6.1530,60.15,124.00,0.026609
327.4845,6.1530,60.42,124.00,0.027453
327.5778,6.1530,60.15,124.00,0.026255
327.6724,6.1530,60.42,124.00,0.026486
327.7654,6.1530,60.15,124.00,0.026417
327.8667,5.9350,60.42,124.00,0.027454
327.9512,5.9350,60.15,124.00,0.024030
328.0460,5.9350,60.15,124.00,0.026651
328.1425,5.9350,60.15,124.00,0.027131
328.2389,5.9350,60.15,124.00,0.027085
328.3366,5.9350,60.42,124.00,0.027628
328.4359,5.9350,60.15,124.00,0.027774
328.5316,5.9350,60.15,124.00,0.027662
328.6300,5.9350,60.15,124.00,0.027908
328.7275,5.9350,60.15,124.00,0.027418
328.8252,5.9240,59.61,124.00,0.027345
328.9211,5.9240,60.15,124.00,0.028348
329.0199,5.9240,60.15,124.00,0.027998
329.1154,5.9240,60.15,124.00,0.027647
329.2133,5.9240,60.15,124.00,0.027659
329.3098,5.9240,60.15,123.50,0.029514
329.4070,5.9240,60.42,123.00,0.027530
329.5046,5.9240,60.15,123.50,0.028041
329.6046,5.9240,60.15,123.00,0.027961
329.7018,5.9240,60.15,124.00,0.028720
329.7986,5.9315,60.42,124.00,0.027491
329.8954,5.9390,59.88,124.00,0.028071
329.9916,5.9390,60.15,124.00,0.027365
330.0868,5.9390,60.15,124.00,0.027220
330.1833,5.9390,59.61,124.00,0.027289
330.2793,5.9390,60.42,124.00,0.027765
330.3776,5.9390,60.15,124.00,0.027679
330.4626,5.9390,59.88,124.00,0.023417
330.5538,5.9390,60.15,124.00,0.026942
330.6488,5.9390,60.15,124.00,0.026793
330.7483,5.9390,60.15,124.00,0.027781
330.8466,6.3890,60.15,124.00,0.028031
330.9479,6.3890,60.15,124.00,0.027797
331.0451,6.3890,60.15,124.00,0.029490
331.1422,6.3890,60.15,124.00,0.026256
331.2349,6.3890,60.15,124.00,0.026538
331.3320,6.3890,59.88,124.00,0.026793
331.4288,6.3890,60.15,124.00,0.026734
331.5260,6.3890,60.15,124.00,0.027706
331.6229,6.3890,60.15,124.00,0.027564
331.7213,6.3890,60.15,124.00,0.027656
331.8184,6.1660,60.15,124.00,0.027465
331.9162,5.9430,60.42,123.50,0.027665
332.0116,5.9430,60.15,123.50,0.027620
332.1086,5.9430,60.15,123.00,0.027601
332.2027,5.9430,60.15,123.00,0.026421
332.2989,5.9430,60.15,124.00,0.026359
332.3928,5.9430,59.88,124.00,0.027031
332.4932,5.9430,60.15,124.00,0.027400
332.5887,5.9430,60.15,124.00,0.028397
332.6886,5.9430,60.15,124.00,0.028201
332.7862,5.9160,60.42,124.00,0.028233
332.8841,5.8890,59.88,124.00,0.027729
332.9793,5.8890,60.42,124.00,0.027919
333.0789,5.8890,60.15,124.00,0.026415
333.1719,5.8890,59.88,124.00,0.026428
333.2665,5.8890,60.15,124.00,0.026655
333.3617,5.8890,60.15,124.00,0.026368
333.4593,5.8890,59.88,124.00,0.027539
333.5526,5.8890,59.88,124.00,0.025151
333.6400,5.8890,60.69,124.00,0.024840
333.7360,5.8890,60.15,124.00,0.028075
333.8373,6.2180,60.15,124.00,0.027401
333.9331,6.2180,60.15,124.00,0.027828
334.0282,6.2180,60.15,124.00,0.027030
334.1224,6.2180,60.15,124.00,0.027124
334.2212,6.2180,60.15,124.00,0.028093
334.3199,6.2180,60.15,124.00,0.028445
334.4157,6.2180,60.15,123.50,0.026797
334.5117,6.2180,60.15,123.00,0.028442
334.6084,6.2180,60.15,123.50,0.027095
334.7016,6.2180,60.15,123.00,0.026569
334.7967,6.2180,60.15,123.50,0.027201
334.8896,6.2180,60.15,124.00,0.026730
334.9895,5.9470,60.15,124.00,0.027622
335.0860,5.9470,60.15,124.00,0.028304
335.1796,5.9470,60.15,124.00,0.024731
335.2673,5.9470,60.15,124.00,0.026491
335.3634,5.9470,59.88,124.00,0.027109
335.4592,5.9470,60.42,124.00,0.027796
335.5564,5.9470,60.42,124.00,0.028153
335.6526,5.9470,60.15,124.00,0.028410
335.7517,5.9470,59.61,124.00,0.027717
335.8472,6.0340,60.15,124.00,0.027338
335.9464,6.0340,60.15,124.00,0.026294
336.0397,6.0340,60.42,124.00,0.027087
336.1369,6.0340,60.15,124.00,0.026565
336.2355,6.0340,60.15,124.00,0.027419
336.3351,6.0340,60.69,124.00,0.027678
336.4321,6.0340,60.42,124.00,0.027379
336.5292,6.0340,60.15,124.00,0.027636
336.6268,6.0340,60.15,124.00,0.027639
336.7280,6.0340,60.15,124.00,0.027586
336.8232,6.0340,60.15,123.50,0.027349
336.9202,6.0340,60.15,123.00,0.027549
337.0106,6.0340,60.42,123.50,0.024062
337.1002,6.0340,60.42,123.00,0.026456
337.1958,6.0340,60.15,123.00,0.027889
337.2944,6.0340,60.15,123.00,0.027865
337.3905,6.0340,60.42,124.00,0.026854
337.4873,6.0340,60.15,124.00,0.026880
337.5826,6.0340,60.15,124.00,0.026827
337.6777,6.0340,60.15,124.00,0.026669
337.7718,6.0340,60.15,124.00,0.026939
337.8663,6.0340,60.15,124.00,0.026330
337.9588,6.0340,60.15,124.00,0.026554
338.0498,6.0340,60.42,124.00,0.023818
338.1401,5.9885,60.42,124.00,0.027506
338.2402,5.9430,60.15,124.00,0.028233
338.3363,5.9430,60.15,124.00,0.027946
338.4338,5.9430,60.42,124.00,0.028523
338.5319,5.9430,60.69,124.00,0.027887
338.6311,5.9430,60.15,124.00,0.028282
338.7262,5.9430,60.15,124.00,0.026651
338.8236,5.9430,60.15,124.00,0.026921
338.9179,5.9450,60.15,124.00,0.027328
339.0154,5.9470,60.15,124.00,0.027802
339.1111,5.9470,60.15,123.50,0.027379
339.2083,5.9470,60.15,123.00,0.027207
339.3040,5.9470,60.42,123.00,0.027773
339.4016,5.9470,60.15,123.00,0.027820
339.4969,5.9470,59.88,123.50,0.027619
339.5962,5.9470,60.15,123.00,0.027632
339.6928,5.9470,59.88,124.00,0.027862
339.7849,5.9335,60.42,124.00,0.024559
339.8781,5.9200,60.15,124.00,0.028201
339.9795,5.9200,60.42,124.00,0.027547
340.0781,5.9200,60.15,124.00,0.027990
340.1799,5.9200,60.15,124.00,0.028156
340.2764,5.9200,60.15,124.00,0.028043
340.3757,5.9200,60.15,124.00,0.028081
340.4724,5.9200,60.42,124.00,0.028716
340.5726,5.9200,60.15,124.00,0.028203
340.6688,5.9200,60.15,124.00,0.027965
340.7692,5.9180,60.42,124.00,0.028896
340.8635,5.9160,60.15,124.00,0.026664
340.9594,5.9160,60.15,124.00,0.027686
341.0535,5.9160,60.15,124.00,0.025574
341.1413,5.9160,60.69,124.00,0.024583
341.2346,5.9160,60.42,124.00,0.026676
341.3348,5.9160,60.15,124.00,0.027860
341.4327,5.9160,60.42,124.00,0.028208
341.5322,5.9160,60.15,124.00,0.027654
341.6305,5.9160,60.15,124.00,0.027753
341.7294,5.9160,60.15,123.50,0.027874
341.8279,5.8780,60.15,123.50,0.027539
341.9283,5.8780,60.15,123.00,0.028416
342.0153,5.8780,60.42,123.00,0.024179
342.1113,5.8780,60.15,124.00,0.028027
342.2072,5.8780,60.15,124.00,0.028198
342.3046,5.8780,60.15,124.00,0.027401
342.4009,5.8780,60.15,124.00,0.028004
342.5012,5.8780,60.15,124.00,0.028748
342.5931,5.8780,60.15,124.00,0.024810
342.6827,5.8780,60.15,124.00,0.027215
342.7806,6.0020,60.15,124.00,0.027866
342.8805,6.1260,60.42,124.00,0.027923
342.9769,6.1260,60.15,124.00,0.027531
343.0750,6.1260,60.42,124.00,0.028131
343.1687,6.1260,60.42,124.00,0.026207
343.2632,6.1260,60.15,124.00,0.026372
343.3564,6.1260,60.15,124.00,0.026756
343.4524,6.1260,60.15,124.00,0.027634
343.5469,6.1260,60.15,124.00,0.026357
343.6420,6.1260,60.69,124.00,0.026758
343.7360,6.1260,60.15,124.00,0.027418
343.8314,6.1260,60.15,124.00,0.026886
343.9288,6.0385,60.42,124.00,0.028427
344.0262,5.9510,60.42,124.00,0.027409
344.1237,5.9510,60.42,123.50,0.027828
344.2201,5.9510,60.15,123.00,0.027649
344.3173,5.9510,60.15,123.50,0.027443
344.4138,5.9510,60.15,123.00,0.027590
344.5107,5.9510,59.88,124.00,0.027469
344.6121,5.9510,60.15,124.00,0.027991
344.7075,5.9510,59.61,124.00,0.027667
344.8047,5.9410,59.88,124.00,0.027963
344.9045,5.9310,60.15,124.00,0.027059
345.0015,5.9310,60.15,124.00,0.027738
345.1007,5.9310,60.15,124.00,0.028219
345.2006,5.9310,60.15,124.00,0.027837
345.2975,5.9310,60.15,124.00,0.028218
345.3978,5.9310,60.15,124.00,0.027967
345.4966,5.9310,60.15,124.00,0.028254
345.5963,5.9310,59.88,124.00,0.027820
345.6958,5.9310,60.15,124.00,0.027633
345.7934,5.8780,60.15,124.00,0.028200
345.8945,5.8250,60.69,124.00,0.028912
345.9904,5.8250,59.88,124.00,0.027029
346.0887,5.8250,60.15,124.00,0.028887
346.1839,5.8250,60.15,124.00,0.026241
346.2775,5.8250,60.15,124.00,0.026650
346.3760,5.8250,60.15,124.00,0.027792
346.4711,5.8250,60.42,123.50,0.027486
346.5620,5.8250,60.42,123.50,0.024489
346.6518,5.8250,60.69,124.00,0.027063
346.7514,5.8250,59.88,124.00,0.028100
346.8477,6.2900,60.15,124.00,0.027792
346.9461,6.2900,60.42,124.00,0.027357
347.0447,6.2900,60.42,124.00,0.028718
347.1432,6.2900,60.42,124.00,0.027901
347.2406,6.2900,60.15,124.00,0.027661
347.3413,6.2900,60.15,124.00,0.027706
347.4385,6.2900,59.88,123.50,0.027817
347.5374,6.2900,60.15,123.00,0.028098
347.6332,6.2900,60.42,124.00,0.027810
347.7322,6.2900,60.42,124.00,0.027831
347.8275,5.8590,60.15,124.00,0.027659
347.9242,5.8590,60.15,124.00,0.027546
348.0196,5.8590,60.15,124.00,0.028017
348.1165,5.8590,60.15,124.00,0.027683
348.2137,5.8590,60.15,124.00,0.027445
348.3149,5.8590,60.42,124.00,0.027764
348.4130,5.8590,60.15,124.00,0.028215
348.5114,5.8590,60.15,124.00,0.027363
348.5993,5.8590,60.15,124.00,0.023577
348.6910,5.8590,59.88,124.00,0.026950
348.7879,5.8590,60.15,124.00,0.027481
348.8883,6.1640,60.15,124.00,0.028050
348.9844,6.1640,60.15,124.00,0.028022
349.0838,6.1640,59.88,124.00,0.027656
349.1821,6.1640,60.15,124.00,0.027824
349.2821,6.1640,60.15,124.00,0.028394
349.3807,6.1640,60.15,124.00,0.027850
349.4779,6.1640,60.15,124.00,0.027864
349.5755,6.1640,60.15,124.00,0.027569
349.6758,6.1640,60.15,124.00,0.027777
349.7762,6.0555,60.15,124.00,0.028303
349.8741,5.9470,60.15,124.00,0.026919
349.9679,5.9470,60.15,124.00,0.026755
350.0639,5.9470,60.15,124.00,0.026568
350.1501,5.9470,60.42,124.00,0.024288
350.2466,5.9470,60.69,124.00,0.027429
350.3456,5.9470,60.69,124.00,0.028283
350.4433,5.9470,60.42,124.00,0.028177
350.5389,5.9470,60.15,124.00,0.027373
350.6360,5.9470,60.42,124.00,0.027824
350.7306,5.9470,60.15,124.00,0.027145
350.8276,5.9470,60.15,124.00,0.026329
350.9216,5.9470,60.42,124.00,0.026609
351.0195,5.9620,60.15,123.50,0.028316
351.1160,5.9620,60.42,123.50,0.028482
351.2126,5.9620,60.15,123.00,0.027640
351.3081,5.9620,59.88,123.00,0.027467
351.4042,5.9620,60.15,123.00,0.027409
351.4996,5.9620,60.15,123.50,0.027148
351.5979,5.9620,60.15,124.00,0.026973
351.6926,5.9620,59.88,124.00,0.027407
351.7900,5.9450,60.15,124.00,0.025950
351.8760,5.9280,60.15,124.00,0.024348
351.9732,5.9280,60.42,124.00,0.027630
352.0694,5.9280,60.15,124.00,0.027227
352.1675,5.9280,60.15,124.00,0.027956
352.2630,5.9280,60.15,124.00,0.027782
352.3598,5.9280,60.15,124.00,0.027769
352.4576,5.9280,60.42,124.00,0.027954
352.5560,5.9280,60.15,124.00,0.027556
352.6514,5.9280,60.15,124.00,0.027708
352.7422,5.9280,60.15,124.00,0.024558
352.8328,6.0080,60.15,124.00,0.027320
352.9319,6.0080,60.15,124.00,0.027431
353.0277,6.0080,60.15,124.00,0.027586
353.1243,6.0080,60.15,124.00,0.027358
353.2197,6.0080,60.42,124.00,0.027454
353.3171,6.0080,60.15,124.00,0.027766
353.4127,6.0080,60.15,124.00,0.027904
353.5114,6.0080,60.42,124.00,0.027195
353.6070,6.0080,60.15,124.00,0.027631
353.7040,6.0080,60.15,124.00,0.027651
353.8013,5.9775,60.15,124.00,0.027900
353.8966,5.9470,60.15,124.00,0.026188
353.9898,5.9470,60.15,123.50,0.026464
354.0877,5.9470,60.69,124.00,0.027019
354.1825,5.9470,60.15,124.00,0.026997
354.2837,5.9470,60.15,124.00,0.027444
354.3791,5.9470,60.15,124.00,0.027671
354.4758,5.9470,60.15,124.00,0.027234
354.5710,5.9470,60.15,124.00,0.027351
354.6706,5.9470,60.15,124.00,0.027485
354.7681,5.9585,60.15,124.00,0.027855
354.8679,5.9700,60.42,124.00,0.027813
354.9629,5.9700,60.15,124.00,0.027565
355.0642,5.9700,60.15,124.00,0.027938
355.1588,5.9700,60.15,124.00,0.026278
355.2549,5.9700,59.88,124.00,0.026350
355.3510,5.9700,60.15,124.00,0.026478
355.4476,5.9700,60.15,124.00,0.027358
355.5415,5.9700,60.15,124.00,0.026469
355.6363,5.9700,60.15,124.00,0.026747
355.7316,5.9700,60.15,124.00,0.027646
355.8334,5.9490,60.15,124.00,0.028838
355.9269,5.9280,60.42,124.00,0.026456
356.0236,5.9280,60.15,124.00,0.026741
356.1179,5.9280,60.42,124.00,0.027261
356.2147,5.9280,60.15,124.00,0.027693
356.3104,5.9280,60.15,124.00,0.027199
356.4116,5.9280,60.15,124.00,0.027822
356.5065,5.9280,60.42,124.00,0.027457
356.6074,5.9280,60.42,124.00,0.027505
356.7023,5.9280,60.15,124.00,0.027332
356.8034,5.9450,60.42,124.00,0.027645
356.9009,5.9620,60.15,124.00,0.027141
356.9998,5.9620,60.15,124.00,0.027803
357.0942,5.9620,60.42,124.00,0.026941
357.1913,5.9620,60.15,124.00,0.026916
357.2883,5.9620,60.42,124.00,0.027778
357.3852,5.9620,60.15,124.00,0.028263
357.4799,5.9620,59.61,124.00,0.027536
357.5791,5.9620,60.15,124.00,0.027958
357.6765,5.9620,59.61,124.00,0.027865
357.7738,5.9370,60.42,124.00,0.028679
357.8681,5.9120,60.15,124.00,0.026442
357.9546,5.9120,60.42,124.00,0.024390
358.0534,5.9120,60.42,124.00,0.026820
358.1508,5.9120,60.69,124.00,0.026953
358.2471,5.9120,60.15,124.00,0.027568
358.3445,5.9120,60.15,124.00,0.027058
358.4377,5.9120,60.15,124.00,0.026551
358.5349,5.9120,60.42,124.00,0.026903
358.6304,5.9120,60.42,124.00,0.026532
358.7286,5.9120,60.15,124.00,0.027136
358.8278,5.8820,60.15,124.00,0.027136
358.9249,5.8820,60.15,124.00,0.027431
359.0224,5.8820,60.15,124.00,0.028042
359.1191,5.8820,60.15,124.00,0.027383
359.2165,5.8820,60.42,124.00,0.027828
359.3159,5.8820,60.42,124.00,0.028022
359.4120,5.8820,59.88,124.00,0.028593
359.5081,5.8820,60.15,124.00,0.027438
359.6046,5.8820,60.42,124.00,0.028037
359.7009,5.8820,60.42,124.00,0.028079
359.7976,5.9065,60.42,124.00,0.027951
359.8981,5.9310,60.42,124.00,0.026971
359.9958,5.9310,60.42,124.00,0.027710
360.0950,5.9310,60.15,124.00,0.027994
360.1922,5.9310,60.42,124.00,0.027850
360.2886,5.9310,60.42,124.00,0.027205
360.3844,5.9310,60.69,124.00,0.027798
360.4834,5.9310,60.15,124.00,0.027612
360.5811,5.9310,60.15,124.00,0.027739
360.6775,5.9310,60.15,124.00,0.027872
360.7727,5.9180,60.15,124.00,0.027446
360.8712,5.9050,60.42,124.00,0.028039
360.9670,5.9050,60.15,124.00,0.027656
361.0683,5.9050,60.15,124.00,0.028330
361.1645,5.9050,60.15,124.00,0.028619
361.2616,5.9050,60.15,124.00,0.028795
361.3574,5.9050,60.15,124.00,0.028968
361.4520,5.9050,59.88,124.00,0.026392
361.5451,5.9050,60.42,124.00,0.026558
361.6399,5.9050,60.15,124.00,0.026513
361.7324,5.9050,60.15,124.00,0.026280
361.8307,5.9295,60.15,123.50,0.027439
361.9268,5.9540,60.42,123.50,0.027609
362.0283,5.9540,59.88,124.00,0.027743
362.1233,5.9540,60.42,124.00,0.027426
362.2227,5.9540,60.15,124.00,0.030195
362.3204,5.9540,60.42,124.00,0.027270
362.4187,5.9540,60.15,124.00,0.026761
362.5133,5.9540,60.15,124.00,0.026541
362.6109,5.9540,60.15,124.00,0.026519
362.7080,5.9540,60.15,124.00,0.027732
362.7961,5.9425,60.42,124.00,0.024912
362.8932,5.9310,60.15,124.00,0.028764
362.9922,5.9310,60.15,124.00,0.027885
363.0898,5.9310,60.15,124.00,0.028310
363.1899,5.9310,60.15,124.00,0.027084
363.2839,5.9310,60.15,124.00,0.026328
363.3786,5.9310,60.15,124.00,0.026786
363.4711,5.9310,60.15,124.00,0.026130
363.5702,5.9310,60.15,124.00,0.027678
363.6671,5.9310,60.15,124.00,0.027148
363.7671,5.9275,60.69,124.00,0.028168
363.8644,5.9240,59.88,124.00,0.027254
363.9607,5.9240,60.15,124.00,0.028023
364.0555,5.9240,60.42,124.00,0.027358
364.1515,5.9240,60.15,124.00,0.026070
364.2362,5.9240,59.61,124.00,0.023447
364.3307,5.9240,60.42,124.00,0.026639
364.4268,5.9240,60.15,124.00,0.026839
364.5311,5.9240,60.15,124.00,0.028263
364.6337,5.9240,60.15,124.00,0.029212
364.7366,5.9240,60.42,124.00,0.029365
364.8409,5.9350,60.15,124.00,0.029064
364.9445,5.9350,60.42,124.00,0.029622
365.0469,5.9350,60.15,124.00,0.030035
365.1489,5.9350,60.42,124.00,0.029229
365.2502,5.9350,60.15,124.00,0.029405
365.3529,5.9350,60.42,124.00,0.029663
365.4584,5.9350,60.69,124.00,0.028230
365.5653,5.9350,60.15,124.00,0.030061
365.6680,5.9350,60.15,124.00,0.028442
365.7569,5.9350,60.42,124.00,0.025839
365.8618,5.8510,60.15,124.00,0.029089
365.9686,5.8510,60.42,124.00,0.029754
366.0742,5.8510,60.15,124.00,0.028979
366.1715,5.8510,60.15,124.00,0.026949
366.2661,5.8510,60.15,124.00,0.026617
366.3657,5.8510,59.88,124.00,0.028095
366.4718,5.8510,60.42,124.00,0.028861
366.5762,5.8510,60.15,124.00,0.029119
366.6827,5.8510,60.42,124.00,0.029135
366.7854,5.8800,59.61,124.00,0.029465
366.8862,5.9090,60.15,124.00,0.026674
366.9804,5.9090,60.42,124.00,0.026612
367.0781,5.9090,60.42,124.00,0.026503
367.1770,5.9090,60.15,124.00,0.028473
367.2813,5.9090,60.15,124.00,0.028963
367.3860,5.9090,60.15,124.00,0.028608
367.4884,5.9090,60.15,124.00,0.028960
367.5936,5.9090,60.15,124.00,0.028261
367.6818,5.9090,60.15,124.00,0.024716
367.7780,5.9090,60.15,124.00,0.026261
367.8716,5.9090,60.15,124.00,0.026282
367.9683,5.9090,60.69,124.00,0.026877
368.0715,6.1870,60.42,124.00,0.028755
368.1782,6.1870,59.88,124.00,0.029837
368.2821,6.1870,60.42,124.00,0.028470
368.3859,6.1870,60.15,124.00,0.028543
368.4876,6.1870,60.69,124.00,0.028386
368.5902,6.1870,60.42,124.00,0.028707
368.6810,6.1870,60.15,124.00,0.025557
368.7856,6.0555,60.15,124.00,0.029390
368.8880,5.9240,60.15,124.00,0.028428
368.9914,5.9240,60.42,124.00,0.028471
369.0847,5.9240,60.15,124.00,0.026585
369.1813,5.9240,60.15,124.00,0.027706
369.2808,5.9240,60.15,124.00,0.028659
369.3839,5.9240,60.15,124.00,0.028340
369.4914,5.9240,60.42,124.00,0.029470
369.5837,5.9240,60.42,124.00,0.025313
369.6823,5.9240,60.15,124.00,0.028391
369.7883,6.0230,60.15,124.00,0.029509
369.8948,6.1220,60.15,124.00,0.029078
369.9979,6.1220,60.15,124.00,0.028785
370.1026,6.1220,60.42,124.00,0.029262
370.2045,6.1220,60.42,124.00,0.029172
370.3065,6.1220,60.69,124.00,0.028508
370.4094,6.1220,60.15,124.00,0.029121
370.5076,6.1220,60.42,124.00,0.026182
370.6067,6.1220,60.15,124.00,0.027183
370.7058,6.1220,60.15,124.00,0.029027
370.8125,5.9525,60.15,124.00,0.028934
370.9176,5.7830,59.88,124.00,0.029149
371.0200,5.7830,60.42,124.00,0.027597
371.1162,5.7830,60.15,124.00,0.027663
371.2155,5.7830,60.15,124.00,0.027477
371.3024,5.7830,59.88,124.00,0.024965
371.3973,5.7830,60.15,124.00,0.028532
371.4925,5.7830,60.42,124.00,0.028040
371.5874,5.7830,60.15,124.00,0.026685
371.6816,5.7830,60.42,124.00,0.027403
371.7808,5.9925,60.42,124.00,0.027668
371.8763,6.2020,60.15,124.00,0.027196
371.9728,6.2020,60.42,124.00,0.027479
372.0688,6.2020,60.42,124.00,0.027756
372.1678,6.2020,60.15,124.00,0.027621
372.2630,6.2020,60.15,124.00,0.027105
372.3643,6.2020,59.88,124.00,0.027434
372.4577,6.2020,60.15,124.00,0.026412
372.5531,6.2020,60.42,124.00,0.027423
372.6483,6.2020,60.15,124.00,0.027697
372.7500,6.2020,60.42,124.00,0.028910
372.8539,5.9580,60.42,124.00,0.028790
372.9576,5.9580,60.15,124.00,0.027577
373.0611,5.9580,60.15,124.00,0.028819
373.1484,5.9580,60.42,124.00,0.023771
373.2442,5.9580,60.15,124.00,0.026273
373.3431,5.9580,60.42,124.00,0.027098
373.4431,5.9580,60.42,124.00,0.029339
373.5369,5.9580,60.42,124.00,0.024959
373.6377,5.9580,60.69,124.00,0.029050
373.7422,5.9580,60.42,124.00,0.029027
373.8465,6.1830,60.15,124.00,0.028923
373.9486,6.1830,60.15,124.00,0.028685
374.0481,6.1830,60.15,124.00,0.027729
374.1502,6.1830,60.15,124.00,0.028278
374.2489,6.1830,60.15,124.00,0.028412
374.3520,6.1830,60.15,124.00,0.028778
374.4574,6.1830,60.15,124.00,0.029065
374.5602,6.1830,60.15,124.00,0.028261
374.6646,6.1830,60.42,124.00,0.028732
374.7671,6.0460,60.15,124.00,0.029411
374.8716,5.9090,60.42,124.00,0.028876
374.9778,5.9090,60.42,124.00,0.029391
375.0801,5.9090,60.42,124.00,0.029142
375.1846,5.9090,60.15,124.00,0.029417
375.2903,5.9090,60.15,124.00,0.029596
375.3940,5.9090,59.88,124.00,0.029087
375.4979,5.9090,60.15,124.00,0.029239
375.6018,5.9090,60.15,124.50,0.029498
375.7070,5.9090,60.15,125.00,0.028877
375.8104,5.8475,60.15,125.00,0.029144
375.9075,5.7860,60.15,125.00,0.026739
376.0018,5.7860,59.88,125.00,0.026483
376.1038,5.7860,60.15,125.00,0.028670
376.2084,5.7860,60.15,125.00,0.029715
376.3141,5.7860,60.15,125.00,0.029609
376.4185,5.7860,60.42,125.00,0.029653
376.5238,5.7860,60.15,125.00,0.029133
376.6301,5.7860,60.42,125.00,0.029472
376.7340,5.7860,60.15,125.00,0.028635
376.8382,5.7370,60.15,125.00,0.029240
376.9356,5.7370,60.15,125.00,0.026947
377.0319,5.7370,60.15,125.00,0.027632
377.1336,5.7370,60.15,125.00,0.027341
377.2379,5.7370,59.88,125.00,0.028986
377.3396,5.7370,60.15,125.00,0.025654
377.4310,5.7370,60.15,125.00,0.025651
377.5199,5.7370,60.42,125.00,0.024042
377.6143,5.7370,60.42,125.00,0.027027
377.7123,5.7370,60.15,125.00,0.028230
377.8154,6.1455,60.42,125.00,0.027935
377.9179,6.5540,60.15,125.00,0.028397
378.0205,6.5540,60.15,125.00,0.027883
378.1268,6.5540,60.42,125.00,0.028734
378.2284,6.5540,60.15,125.00,0.028220
378.3323,6.5540,60.15,125.00,0.027858
378.4385,6.5540,60.42,125.00,0.028293
378.5426,6.5540,60.42,125.00,0.029001
378.6454,6.5540,60.42,125.00,0.028351
378.7446,6.5540,60.15,125.00,0.026322
378.8384,6.5540,60.15,125.00,0.026718
378.9348,6.5540,60.15,125.00,0.026833
379.0355,6.1950,60.15,125.00,0.028613
379.1314,5.8360,60.15,125.00,0.026568
379.2283,5.8360,60.42,125.00,0.026517
379.3304,5.8360,60.15,125.00,0.029072
379.4340,5.8360,60.69,125.00,0.028410
379.5375,5.8360,59.61,125.00,0.027979
379.6417,5.8360,60.15,125.00,0.028541
379.7387,5.8360,59.88,125.00,0.026451
379.8319,5.8360,60.15,125.00,0.026242
379.9284,5.8360,60.15,125.00,0.027400
380.0270,5.8630,60.15,125.00,0.027051
380.1275,5.8630,60.15,125.00,0.026817
380.2279,5.8630,60.15,125.00,0.028237
380.3325,5.8630,60.42,125.00,0.028397
380.4365,5.8630,60.15,125.00,0.028391
380.5430,5.8630,60.15,125.00,0.029379
380.6423,5.8630,60.15,125.50,0.027960
380.7474,5.8630,60.15,126.00,0.028545
380.8513,5.8630,60.15,126.00,0.028666
380.9545,5.8630,60.15,126.00,0.028383
381.0551,5.8630,60.15,126.00,0.028001
381.1561,5.8630,59.61,126.00,0.027715
381.2538,5.8630,60.69,126.00,0.027743
381.3531,5.8630,60.42,126.00,0.027325
381.4549,5.8630,60.15,126.00,0.027914
381.5526,5.8630,60.15,126.00,0.028075
381.6476,5.8630,60.42,126.00,0.027842
381.7447,5.8630,60.15,126.00,0.028035
381.8426,5.8630,59.61,126.00,0.027550
381.9399,5.8630,59.88,126.00,0.027588
382.0375,5.8630,60.15,126.00,0.027736
382.1348,5.8630,60.15,126.00,0.027839
382.2298,5.8630,60.15,126.00,0.027107
382.3270,5.8630,60.15,126.00,0.027535
382.4248,5.8630,60.15,126.00,0.027094
382.5240,5.8630,60.15,126.00,0.027811
382.6232,5.8630,60.15,126.00,0.026906
382.7181,5.8630,60.42,126.00,0.026290
382.8171,5.8630,60.15,126.00,0.027100
382.9140,5.8740,60.15,126.00,0.026480
383.0077,5.8740,60.42,126.00,0.026694
383.1066,5.8740,60.15,126.00,0.026371
383.2042,5.8740,60.15,126.00,0.027617
383.3034,5.8740,60.15,126.00,0.027838
383.3985,5.8740,60.15,126.00,0.027688
383.4950,5.8740,60.15,126.00,0.027233
383.5905,5.8740,60.15,126.00,0.026191
383.6872,5.8740,60.15,126.00,0.026740
383.7831,5.8740,60.15,126.00,0.026769
383.8799,5.9010,60.15,126.00,0.027771
383.9768,5.9280,60.15,126.00,0.027586
384.0717,5.9280,60.15,126.00,0.026142
384.1658,5.9280,60.15,126.50,0.026618
384.2625,5.9280,60.15,126.00,0.027131
384.3600,5.9280,60.69,126.00,0.027811
384.4573,5.9280,60.15,126.00,0.027791
384.5534,5.9280,60.15,126.00,0.027305
384.6518,5.9280,60.15,126.00,0.027031
384.7481,5.9280,60.69,126.00,0.027448
384.8454,5.9850,60.15,126.00,0.027317
384.9422,5.9850,60.42,126.00,0.026986
385.0381,5.9850,60.42,126.00,0.027300
385.1343,5.9850,60.69,126.00,0.028071
385.2367,5.9850,60.15,126.00,0.028021
385.3327,5.9850,60.42,126.00,0.028201
385.4297,5.9850,60.15,126.00,0.027876
385.5234,5.9850,60.15,126.00,0.026580
385.6188,5.9850,60.15,126.00,0.026530
385.7146,5.9850,60.15,126.00,0.026949
385.8122,5.9580,60.15,126.00,0.027544
385.9089,5.9310,60.42,126.00,0.027614
386.0074,5.9310,60.69,126.00,0.027259
386.1064,5.9310,60.15,126.00,0.027708
386.2071,5.9310,60.42,126.00,0.027693
386.3041,5.9310,60.15,126.00,0.027762
386.4035,5.9310,60.15,126.00,0.027569
386.4995,5.9310,60.15,126.00,0.028462
386.6054,5.9310,60.15,126.00,0.029088
386.7068,5.9310,60.15,126.00,0.028385
386.8076,5.9310,60.15,126.00,0.026993
386.9051,5.9310,60.15,126.00,0.027250
387.0036,5.9310,59.88,126.00,0.028590
387.1081,5.9310,60.15,126.00,0.028043
387.2039,5.9310,60.15,126.00,0.027283
387.2990,5.9310,60.15,126.00,0.027527
387.3995,5.9310,60.15,126.00,0.026897
387.5029,5.9310,60.15,126.00,0.028413
387.6053,5.9310,60.15,126.00,0.029248
387.7082,5.9310,60.15,126.00,0.028194
387.8121,5.9310,60.42,126.00,0.027298
387.9118,5.9310,60.15,122.00,0.026551
388.0072,5.9310,60.15,122.00,0.026704
388.1032,5.9310,60.42,122.00,0.026845
388.1997,5.7060,60.15,122.00,0.026003
388.2957,5.7060,59.88,122.50,0.028163
388.3992,5.7060,60.15,123.00,0.028942
388.5022,5.7060,60.15,123.00,0.029377
388.5950,5.7060,60.15,123.00,0.026133
388.6947,5.7060,60.15,123.00,0.027458
388.7964,5.7975,60.15,123.00,0.028844
388.8972,5.8890,60.15,123.00,0.025992
388.9901,5.8890,60.15,123.00,0.026460
389.0845,5.8890,60.42,123.00,0.023807
389.1713,5.8890,60.42,123.00,0.025986
389.2740,5.8890,60.15,123.00,0.028299
389.3787,5.8890,60.42,123.00,0.028833
389.4819,5.8890,60.15,123.00,0.028065
389.5874,5.8890,60.15,123.00,0.029055
389.6945,5.8890,60.42,123.00,0.028621
389.8028,5.8435,60.15,123.00,0.029622
389.9105,5.7980,60.42,123.00,0.029743
390.0163,5.7980,60.42,123.00,0.029025
390.1268,5.7980,60.42,123.00,0.030665
390.2293,5.7980,60.15,123.00,0.028675
390.3279,5.7980,59.61,123.00,0.026011
390.4216,5.7980,59.88,123.00,0.026388
390.5232,5.7980,60.15,123.00,0.027274
390.6310,5.7980,60.15,123.00,0.030867
390.7396,5.7980,60.15,123.00,0.029349
390.8472,5.8440,60.15,123.00,0.028325
390.9516,5.8440,60.15,123.00,0.029359
391.0602,5.8440,60.42,123.00,0.030327
391.1562,5.8440,60.42,123.00,0.026004
391.2499,5.8440,60.15,123.00,0.026434
391.3468,5.8440,60.15,123.00,0.026987
391.4445,5.8440,60.42,123.00,0.025404
391.5399,5.8440,60.15,123.00,0.027913
391.6426,5.8440,60.15,123.00,0.027976
391.7444,5.8440,60.15,123.00,0.028184
391.8481,6.0460,60.42,123.00,0.028073
391.9523,6.0460,60.15,123.50,0.029149
392.0533,6.0460,60.15,124.00,0.028945
392.1591,6.0460,60.15,124.00,0.028048
392.2596,6.0460,60.15,124.00,0.027832
392.3555,6.0460,60.15,124.00,0.027671
392.4520,6.0460,60.15,124.00,0.027017
392.5458,6.0460,60.42,124.00,0.026465
392.6439,6.0460,60.15,124.00,0.027276
392.7395,6.0460,60.42,124.00,0.027405
392.8383,6.0460,60.15,124.00,0.028047
392.9344,6.0460,60.42,124.00,0.027559
393.0365,6.0460,60.15,124.00,0.028602
393.1354,6.0460,60.15,124.00,0.027485
393.2339,6.0460,60.15,124.00,0.026323
393.3273,6.0460,60.15,124.00,0.026423
393.4241,6.0460,60.15,124.00,0.026278
393.5199,6.0460,60.15,124.00,0.028249
393.6191,6.0460,60.15,124.00,0.027530
393.7173,6.0460,60.15,124.00,0.028865
393.8157,6.0460,60.15,124.00,0.028279
393.9136,6.0460,60.42,124.00,0.027631
394.0099,6.0460,59.88,124.00,0.027123
394.1077,5.9660,60.15,124.00,0.028246
394.2067,5.8860,60.42,124.00,0.027648
394.3035,5.8860,60.15,124.00,0.027502
394.4009,5.8860,60.15,124.00,0.027509
394.5002,5.8860,60.15,124.00,0.027659
394.5964,5.8860,60.15,124.00,0.027359
394.6946,5.8860,60.42,124.00,0.027592
394.7961,5.8875,60.15,124.00,0.027678
394.8907,5.8890,60.15,124.00,0.026315
394.9870,5.8890,60.42,124.00,0.026331
395.0833,5.8890,59.88,124.00,0.026559
395.1835,5.8890,60.15,124.00,0.027127
395.2771,5.8890,60.15,124.00,0.026537
395.3717,5.8890,60.15,124.00,0.026190
395.4671,5.8890,60.15,124.00,0.026809
395.5685,5.8890,60.15,124.00,0.027817
395.6646,5.8890,60.42,124.00,0.028069
395.7646,5.9200,60.42,124.00,0.028367
395.8614,5.9510,60.42,124.00,0.028004
395.9581,5.9510,59.88,124.00,0.027551
396.0553,5.9510,60.15,124.00,0.026986
396.1510,5.9510,60.42,124.00,0.026366
396.2468,5.9510,60.15,124.00,0.027087
396.3472,5.9510,60.42,124.00,0.027353
396.4337,5.9510,60.42,124.00,0.024123
396.5292,5.9510,60.42,124.50,0.027930
396.6247,5.9510,60.15,125.00,0.027207
396.7244,5.9510,60.15,125.00,0.028061
396.8202,6.1455,60.42,125.00,0.026423
396.9163,6.3400,60.15,125.00,0.026724
397.0111,6.3400,60.15,125.00,0.027121
397.1089,6.3400,60.42,125.00,0.028103
397.2056,6.3400,60.15,125.00,0.028210
397.3048,6.3400,60.15,125.00,0.027991
397.4000,6.3400,60.42,125.00,0.027486
397.4996,6.3400,60.15,125.00,0.027193
397.5933,6.3400,60.15,125.00,0.026348
397.6895,6.3400,60.15,125.00,0.027793
397.7828,6.3400,60.15,126.00,0.026806
397.8863,5.9160,60.42,126.00,0.028206
397.9871,5.9160,60.15,126.00,0.029022
398.0917,5.9160,60.15,126.00,0.028255
398.1944,5.9160,60.15,126.00,0.028116
398.2992,5.9160,60.69,126.00,0.028368
398.4027,5.9160,60.15,126.00,0.028517
398.5055,5.9160,60.42,126.00,0.028753
398.6104,5.9160,60.15,126.00,0.028579
398.7108,5.9160,60.15,126.00,0.026502
398.8043,5.9160,60.15,126.00,0.027048
398.9002,5.9160,60.42,126.00,0.027317
398.9978,5.8835,59.88,126.00,0.028609
399.1032,5.8510,60.69,126.00,0.028011
399.2025,5.8510,60.15,126.00,0.028916
399.3080,5.8510,60.15,126.00,0.028899
399.4102,5.8510,60.15,126.00,0.029011
399.5145,5.8510,60.42,126.00,0.028476
399.6206,5.8510,60.42,126.00,0.029359
399.7234,5.8510,59.88,126.00,0.028805
399.8295,5.8645,60.69,126.00,0.028899
399.9339,5.8780,60.15,126.00,0.027611
400.0251,5.8780,60.69,126.00,0.027963
400.1311,5.8780,60.42,126.00,0.029188
400.2376,5.8780,60.15,126.00,0.028532
400.3409,5.8780,60.15,126.00,0.028416
400.4444,5.8780,60.15,126.00,0.028302
400.5477,5.8780,60.15,126.00,0.028231
400.6496,5.8780,60.42,126.00,0.028084
400.7530,5.8780,60.42,126.00,0.027722
400.8575,5.8630,60.42,126.00,0.027179
400.9559,5.8630,60.15,126.00,0.027873
401.0524,5.8630,60.15,126.00,0.027925
401.1511,5.8630,60.15,126.00,0.027674
401.2479,5.8630,60.15,126.00,0.027405
401.3434,5.8630,60.15,126.00,0.027415
401.4396,5.8630,60.15,126.00,0.027427
401.5361,5.8630,60.42,126.00,0.027563
401.6317,5.8630,60.15,126.00,0.027247
401.7276,5.8630,60.42,126.00,0.027523
401.8234,5.8990,60.15,126.00,0.027375
401.9196,5.9350,60.15,126.00,0.027883
402.0159,5.9350,60.42,126.00,0.027690
402.1160,5.9350,60.42,126.00,0.027721
402.2126,5.9350,60.15,126.00,0.028119
402.3088,5.9350,60.42,126.00,0.027919
402.4016,5.9350,60.42,126.00,0.026725
402.4946,5.9350,59.61,126.00,0.026209
402.5889,5.9350,60.69,126.00,0.026677
402.6873,5.9350,60.15,126.00,0.027766
402.7835,5.9330,60.15,126.00,0.027821
402.8811,5.9310,60.15,126.00,0.028748
402.9840,5.9310,60.42,126.00,0.028815
403.0860,5.9310,60.15,126.00,0.029088
403.1880,5.9310,60.15,126.00,0.028722
403.2901,5.9310,60.42,126.00,0.028794
403.3918,5.9310,60.15,126.00,0.028792
403.4935,5.9310,60.42,126.00,0.028271
403.5956,5.9310,60.42,126.00,0.028857
403.6994,5.9310,60.15,126.00,0.028709
403.7928,5.8165,60.42,126.00,0.024189
403.8790,5.7020,60.42,126.00,0.026365
403.9758,5.7020,60.42,126.00,0.027462
404.0726,5.7020,60.42,126.00,0.028091
404.1702,5.7020,60.42,126.00,0.028850
404.2638,5.7020,60.15,126.00,0.027551
404.3526,5.7020,60.42,126.00,0.024627
404.4486,5.7020,60.15,126.00,0.027467
404.5444,5.7020,60.95,126.00,0.027166
404.6388,5.7020,60.69,126.00,0.028047
404.7356,5.7020,60.42,126.00,0.028055
404.8313,6.2790,60.42,126.00,0.027448
404.9296,6.2790,60.15,126.00,0.027571
405.0242,6.2790,60.69,126.00,0.028263
405.1202,6.2790,60.42,126.00,0.027576
405.2144,6.2790,60.15,126.00,0.027407
405.3132,6.2790,60.15,126.00,0.027885
405.4072,6.2790,60.69,126.00,0.027920
405.5074,6.2790,60.15,126.00,0.027541
405.6030,6.2790,60.15,126.00,0.026578
405.6981,6.2790,60.15,126.00,0.026149
405.7900,6.2790,60.15,126.00,0.026617
405.8883,6.0880,60.15,127.00,0.028127
405.9833,5.8970,60.15,127.00,0.026490
406.0793,5.8970,60.69,127.00,0.026721
406.1724,5.8970,60.42,127.00,0.026759
406.2673,5.8970,60.42,127.00,0.026499
406.3619,5.8970,60.42,127.00,0.026635
406.4557,5.8970,60.69,127.00,0.026882
406.5505,5.8970,60.15,127.00,0.027424
406.6484,5.8970,60.15,127.00,0.027633
406.7434,5.8970,60.15,127.00,0.027722
406.8421,5.9770,60.42,127.00,0.027804
406.9366,5.9770,60.42,127.00,0.027727
407.0324,5.9770,60.42,127.00,0.027629
407.1360,5.9770,60.15,127.00,0.029215
407.2391,5.9770,60.15,127.00,0.029757
407.3421,5.9770,60.69,127.00,0.028932
407.4356,5.9770,60.15,127.00,0.026160
407.5308,5.9770,60.69,127.00,0.026810
407.6265,5.9770,60.15,127.00,0.027340
407.7242,5.9770,60.15,127.00,0.026337
407.8189,5.9770,60.42,127.00,0.026579
407.9169,5.9235,60.42,127.00,0.026701
408.0191,5.8700,60.42,127.00,0.026717
408.1146,5.8700,60.15,127.00,0.026483
408.2124,5.8700,60.15,127.00,0.026983
408.3119,5.8700,60.15,127.00,0.028362
408.4094,5.8700,60.69,127.00,0.028253
408.5062,5.8700,60.42,127.00,0.028733
408.6034,5.8700,60.15,127.00,0.028254
408.6981,5.8700,60.15,127.00,0.027452
408.7956,5.9045,60.42,127.00,0.027017
408.8907,5.9390,60.15,127.00,0.026618
408.9869,5.9390,60.15,127.00,0.026716
409.0817,5.9390,60.15,127.00,0.028141
409.1807,5.9390,60.15,127.00,0.028463
409.2754,5.9390,60.69,127.00,0.027804
409.3752,5.9390,60.15,127.00,0.028479
409.4704,5.9390,60.42,127.00,0.027996
409.5687,5.9390,60.15,127.00,0.027496
409.6659,5.9390,60.15,127.00,0.027614
409.7640,5.9505,60.69,127.00,0.027146
409.8591,5.9620,60.42,127.00,0.027162
409.9570,5.9620,60.42,127.00,0.027113
410.0516,5.9620,60.15,127.00,0.027875
410.1510,5.9620,60.42,127.00,0.027988
410.2466,5.9620,60.15,127.00,0.027887
410.3448,5.9620,60.42,127.00,0.027614
410.4442,5.9620,59.88,127.00,0.027486
410.5431,5.9620,60.42,127.00,0.026363
410.6286,5.9620,60.69,127.00,0.024657
410.7284,5.9620,60.15,127.00,0.027683
410.8238,5.8915,60.42,127.00,0.027808
410.9205,5.8210,60.42,127.00,0.027914
411.0160,5.8210,60.69,127.00,0.028312
411.1111,5.8210,60.15,127.00,0.026272
411.2078,5.8210,60.15,127.00,0.027405
411.3085,5.8210,60.42,127.00,0.027695
411.4039,5.8210,60.42,127.00,0.027585
411.5023,5.8210,60.15,127.00,0.027208
411.6001,5.8210,60.15,127.00,0.027447
411.6969,5.8210,60.42,127.00,0.027715
411.7946,5.8495,60.15,127.00,0.027661
411.8955,5.8780,60.42,127.00,0.027561
411.9936,5.8780,60.69,127.00,0.028255
412.0889,5.8780,60.42,127.00,0.025726
412.1803,5.8780,60.15,127.00,0.028401
412.2803,5.8780,60.42,127.00,0.028511
412.3827,5.8780,60.42,127.00,0.028454
412.4871,5.8780,60.42,127.00,0.028202
412.5878,5.8780,60.42,127.00,0.028807
412.6931,5.8780,60.15,127.00,0.029168
412.7960,5.8855,60.42,127.00,0.028949
412.9006,5.8930,60.15,127.00,0.028575
413.0033,5.8930,60.69,127.00,0.027976
413.1001,5.8930,60.42,127.00,0.027568
413.1972,5.8930,60.15,127.00,0.027909
413.2920,5.8930,60.42,127.00,0.027705
413.3909,5.8930,60.42,127.00,0.027966
413.4881,5.8930,60.15,127.00,0.028195
413.5844,5.8930,60.15,127.00,0.027756
413.6789,5.8930,60.15,127.00,0.027544
413.7760,5.9255,60.69,127.00,0.027777
413.8716,5.9580,60.42,127.00,0.026157
413.9657,5.9580,60.42,127.00,0.026321
414.0584,5.9580,60.95,127.00,0.026854
414.1563,5.9580,60.15,127.00,0.027452
414.2512,5.9580,60.15,127.00,0.028041
414.3472,5.9580,60.15,127.00,0.027314
414.4440,5.9580,60.42,127.00,0.028039
414.5416,5.9580,60.15,127.00,0.028067
414.6324,5.9580,60.15,127.00,0.023949
414.7225,5.9580,60.42,127.00,0.026072
414.8154,5.9580,60.42,127.00,0.026983
414.9102,6.0095,60.95,127.00,0.026442
415.0043,6.0610,60.15,127.00,0.026111
415.1033,6.0610,60.15,127.00,0.026735
415.1989,6.0610,60.69,127.00,0.027544
415.2963,6.0610,60.42,127.00,0.026613
415.3906,6.0610,60.15,127.00,0.026421
415.4870,6.0610,60.42,127.00,0.026363
415.5805,6.0610,60.42,127.00,0.027816
415.6775,6.0610,60.69,127.00,0.027862
415.7725,6.0610,60.15,127.00,0.028005
415.8686,6.0610,60.95,127.00,0.027425
415.9622,6.0610,60.42,127.00,0.027278
416.0605,6.0610,60.15,127.00,0.027898
416.1572,6.0610,60.42,127.00,0.027257
416.2576,6.0610,60.42,127.00,0.027527
416.3524,6.0610,60.42,127.00,0.028413
416.4511,6.0610,60.42,127.00,0.027859
416.5484,6.0610,60.15,127.00,0.027866
416.6453,6.0610,60.42,127.00,0.027933
416.7398,6.0610,60.15,127.00,0.028207
416.8366,6.0610,60.15,127.00,0.027772
416.9328,6.0610,60.42,127.50,0.027310
417.0296,6.0610,60.15,127.00,0.027662
417.1239,6.0610,60.69,127.00,0.027379
417.2201,6.0610,60.42,127.00,0.027488
417.3189,6.0610,60.42,127.00,0.027872
417.4157,6.0610,60.42,127.00,0.028031
417.5100,6.0610,60.42,127.00,0.027637
417.6064,6.0610,60.15,127.00,0.027401
417.7008,6.0610,60.42,127.00,0.027707
417.7972,6.0610,60.15,127.00,0.027833
417.8923,6.0020,60.42,127.00,0.029095
417.9917,5.9430,60.42,127.00,0.027834
418.0881,5.9430,60.42,127.00,0.027687
418.1827,5.9430,60.69,127.00,0.026312
418.2754,5.9430,60.42,127.00,0.026651
418.3727,5.9430,60.15,127.00,0.027553
418.4690,5.9430,60.15,127.00,0.027586
418.5683,5.9430,60.15,127.00,0.028235
418.6634,5.9430,60.42,127.00,0.027583
418.7626,5.9430,60.42,127.00,0.027775
418.8593,5.9620,60.42,127.00,0.026625
418.9567,5.9620,60.15,127.00,0.026971
419.0507,5.9620,60.42,127.00,0.027366
419.1514,5.9620,60.69,127.00,0.027557
419.2464,5.9620,60.42,127.00,0.027494
419.3453,5.9620,60.15,127.00,0.028208
419.4449,5.9620,59.88,127.00,0.028546
419.5476,5.9620,60.42,127.00,0.028529
419.6470,5.9620,60.42,127.00,0.029511
419.7494,5.9620,60.42,127.00,0.029129
419.8501,5.8320,60.15,127.00,0.028294
419.9535,5.8320,60.69,127.00,0.029147
420.0562,5.8320,60.42,127.00,0.028608
420.1585,5.8320,60.15,126.50,0.028427
420.2593,5.8320,60.15,126.00,0.028445
420.3646,5.8320,60.95,126.00,0.029423
420.4662,5.8320,60.42,126.00,0.029327
420.5629,5.8320,60.15,126.00,0.026373
420.6581,5.8320,60.15,126.00,0.026594
420.7574,5.8320,60.42,126.00,0.027399
420.8593,5.9660,60.42,126.00,0.028816
420.9623,5.9660,60.42,126.00,0.029293
421.0615,5.9660,59.88,126.00,0.026537
421.1562,5.9660,60.42,126.00,0.028100
421.2557,5.9660,60.15,126.00,0.027901
421.3533,5.9660,60.15,126.00,0.028556
421.4474,5.9660,60.42,126.00,0.026109
421.5428,5.9660,60.15,126.00,0.026616
421.6373,5.9660,60.15,126.00,0.026758
421.7359,5.9660,60.69,126.00,0.027454
421.8347,5.8700,60.69,126.00,0.027398
421.9321,5.8700,60.15,126.00,0.027565
422.0284,5.8700,60.15,126.00,0.027694
422.1275,5.8700,60.42,126.00,0.027524
422.2224,5.8700,60.15,126.00,0.026461
422.3152,5.8700,60.15,126.00,0.026577
422.4118,5.8700,60.15,126.00,0.026317
422.5071,5.8700,60.15,126.00,0.026636
422.6034,5.8700,60.15,126.00,0.026696
422.7002,5.8700,60.42,126.00,0.028158
422.7995,5.8990,60.15,126.00,0.028207
422.8955,5.9280,60.15,126.00,0.028318
422.9926,5.9280,60.15,126.00,0.028669
423.0879,5.9280,60.42,126.00,0.027651
423.1838,5.9280,60.42,126.00,0.027683
423.2795,5.9280,60.42,126.00,0.027495
423.3757,5.9280,60.42,126.00,0.027832
423.4728,5.9280,60.15,126.00,0.027567
423.5687,5.9280,60.42,125.50,0.027333
423.6653,5.9280,60.42,125.50,0.027867
423.7632,5.9280,60.42,125.00,0.027377
423.8613,5.9350,59.88,125.50,0.027605
423.9546,5.9350,60.15,126.00,0.026324
424.0497,5.9350,60.15,126.00,0.026425
424.1480,5.9350,60.42,126.00,0.027917
424.2437,5.9350,60.42,126.00,0.027778
424.3349,5.9350,60.69,126.00,0.023296
424.4191,5.9350,60.15,126.00,0.024256
424.5152,5.9350,60.69,126.00,0.026496
424.6119,5.9350,60.42,125.50,0.027234
424.7081,5.9350,60.15,125.00,0.027608
424.8037,5.9235,60.69,125.00,0.027412
424.9011,5.9120,60.15,125.00,0.027586
424.9966,5.9120,60.15,125.00,0.027920
425.0929,5.9120,60.42,125.00,0.027631
425.1874,5.9120,60.42,125.00,0.027167
425.2830,5.9120,60.42,125.00,0.027525
425.3798,5.9120,60.42,125.00,0.027652
425.4804,5.9120,60.69,125.00,0.027853
425.5774,5.9120,60.15,125.00,0.027587
425.6741,5.9120,59.88,125.00,0.028535
425.7711,5.9120,60.42,125.00,0.027604
425.8724,5.8860,60.69,125.00,0.028270
425.9684,5.8860,60.69,125.00,0.029109
426.0649,5.8860,60.15,125.00,0.026579
426.1623,5.8860,60.69,125.00,0.028470
426.2584,5.8860,60.15,125.00,0.027832
426.3532,5.8860,60.15,125.00,0.027678
426.4495,5.8860,60.15,125.00,0.027889
426.5447,5.8860,60.15,125.00,0.027597
426.6412,5.8860,60.15,125.00,0.027737
426.7366,5.8860,60.42,125.00,0.027967
426.8356,5.9580,60.69,125.00,0.027582
426.9306,5.9580,60.95,125.00,0.027868
427.0289,5.9580,60.42,125.00,0.027872
427.1293,5.9580,60.42,125.00,0.027549
427.2271,5.9580,60.15,125.00,0.027674
427.3241,5.9580,60.69,125.00,0.027713
427.4197,5.9580,60.42,125.00,0.027606
427.5178,5.9580,60.15,125.00,0.028679
427.6178,5.9580,60.42,125.00,0.027839
427.7142,5.9580,60.42,125.00,0.028697
427.8109,5.9350,60.42,125.00,0.027691
427.9083,5.9120,60.42,125.00,0.028291
428.0055,5.9120,60.15,125.00,0.028167
428.1032,5.9120,60.42,125.00,0.027304
428.1999,5.9120,60.69,125.00,0.027300
428.2979,5.9120,60.15,125.00,0.028120
428.3971,5.9120,60.42,125.00,0.028105
428.4929,5.9120,60.42,125.00,0.028060
428.5917,5.9120,60.15,125.00,0.027668
428.6895,5.9120,60.15,125.00,0.027717
428.7895,5.9005,60.42,125.00,0.028795
428.8879,5.8890,60.42,125.00,0.028075
428.9871,5.8890,60.42,125.00,0.027984
429.0829,5.8890,60.42,124.50,0.026602
429.1795,5.8890,60.42,124.50,0.026744
429.2760,5.8890,60.42,124.50,0.027832
429.3725,5.8890,60.42,125.00,0.028184
429.4680,5.8890,60.42,125.00,0.027567
429.5649,5.8890,60.42,125.00,0.027806
429.6609,5.8890,60.15,125.00,0.028473
429.7583,5.8890,60.42,125.00,0.028598
429.8571,5.9770,60.42,125.00,0.027844
429.9564,5.9770,60.42,125.00,0.028360
430.0533,5.9770,60.42,124.50,0.026795
430.1477,5.9770,60.15,124.50,0.026325
430.2419,5.9770,60.15,124.00,0.026959
430.3394,5.9770,60.42,124.00,0.027327
430.4345,5.9770,60.42,124.00,0.027675
430.5333,5.9770,60.15,124.50,0.027664
430.6293,5.9770,60.42,125.00,0.026497
430.7229,5.9770,60.42,125.00,0.026356
430.8195,5.9485,60.42,125.00,0.028012
430.9199,5.9200,60.42,125.00,0.027937
431.0160,5.9200,60.42,125.00,0.026839
431.1124,5.9200,60.69,125.00,0.026655
431.2061,5.9200,60.42,125.00,0.026925
431.3038,5.9200,60.69,124.50,0.027437
431.3976,5.9200,60.69,124.50,0.027193
431.4969,5.9200,60.42,124.00,0.028333
431.5941,5.9200,60.69,124.50,0.027318
431.6921,5.9200,60.42,124.00,0.027556
431.7926,5.9240,60.42,124.00,0.028643
431.8915,5.9280,60.15,124.00,0.027668
431.9862,5.9280,60.42,124.00,0.026975
432.0842,5.9280,60.15,124.00,0.027650
432.1793,5.9280,60.42,124.00,0.027564
432.2739,5.9280,60.69,125.00,0.026272
432.3670,5.9280,60.42,125.00,0.026569
432.4629,5.9280,60.42,125.00,0.026449
432.5604,5.9280,60.95,125.00,0.027951
432.6548,5.9280,60.15,125.00,0.026124
432.7502,5.9280,60.42,125.00,0.026652
432.8445,5.9280,60.69,125.00,0.026896
432.9429,5.9770,60.42,125.00,0.028243
433.0389,5.9770,60.42,124.50,0.027885
433.1357,5.9770,60.42,124.50,0.027649
433.2320,5.9770,60.42,125.00,0.027918
433.3269,5.9770,60.15,125.00,0.027958
433.4253,5.9770,60.15,125.00,0.027773
433.5207,5.9770,60.69,124.50,0.027757
433.6167,5.9770,60.42,124.00,0.027466
433.7116,5.9770,60.69,124.00,0.028004
433.8103,5.9750,60.42,124.00,0.027489
433.9075,5.9730,60.42,124.50,0.027493
434.0079,5.9730,60.42,124.00,0.027751
434.1037,5.9730,60.42,124.00,0.028010
434.2010,5.9730,60.42,124.00,0.028144
434.2966,5.9730,60.15,125.00,0.027940
434.3973,5.9730,60.69,125.00,0.027582
434.4923,5.9730,60.15,125.00,0.027707
434.5863,5.9730,60.69,125.00,0.026493
434.6814,5.9730,60.69,124.50,0.027073
434.7776,5.9350,60.15,125.00,0.028349
434.8742,5.8970,60.42,125.00,0.026867
434.9717,5.8970,60.42,125.00,0.027566
435.0674,5.8970,60.69,125.00,0.027771
435.1655,5.8970,60.15,125.00,0.027285
435.2603,5.8970,60.15,125.00,0.027405
435.3589,5.8970,60.42,124.50,0.027504
435.4545,5.8970,60.42,124.00,0.027400
435.5517,5.8970,60.15,124.00,0.026408
435.6466,5.8970,60.95,124.50,0.026627
435.7432,5.8970,60.69,124.50,0.027073
435.8402,5.9030,60.69,125.00,0.027518
435.9353,5.9090,60.42,125.00,0.026000
436.0283,5.9090,60.42,125.00,0.026483
436.1224,5.9090,60.42,125.00,0.026615
436.2173,5.9090,60.42,124.50,0.028172
436.3154,5.9090,60.69,124.00,0.027586
436.4138,5.9090,60.15,124.00,0.028511
436.5104,5.9090,60.42,124.00,0.028216
436.6049,5.9090,60.69,124.50,0.027298
436.7014,5.9090,60.42,125.00,0.027861
436.7957,5.9090,60.42,125.00,0.027375
436.8955,5.9090,60.69,125.00,0.027111
436.9906,5.9090,60.42,125.00,0.027492
437.0911,5.9090,60.42,125.00,0.027139
437.1887,5.9090,60.15,125.00,0.027728
437.2848,5.9090,60.95,125.00,0.027190
437.3839,5.9090,60.69,125.00,0.027217
437.4845,5.9090,60.15,125.00,0.028005
437.5802,5.9090,60.69,124.00,0.027782
437.6762,5.9090,60.69,124.00,0.027251
437.7739,5.9090,60.69,124.00,0.028232
437.8722,5.9090,60.42,124.00,0.027745
437.9701,5.9090,60.69,124.50,0.028584
438.0716,5.8765,60.69,124.00,0.028566
438.1670,5.8440,60.15,124.50,0.027910
438.2657,5.8440,60.15,124.50,0.028313
438.3614,5.8440,60.15,125.00,0.027910
438.4593,5.8440,60.69,125.00,0.027232
438.5552,5.8440,60.42,125.00,0.026900
438.6515,5.8440,60.42,125.00,0.026371
438.7473,5.8440,60.15,125.00,0.027550
438.8468,5.9010,60.42,124.50,0.027233
438.9465,5.9010,60.42,124.00,0.027327
439.0432,5.9010,60.42,124.00,0.028326
439.1399,5.9010,60.42,125.00,0.027812
439.2387,5.9010,60.69,125.00,0.027706
439.3355,5.9010,60.42,125.00,0.027626
439.4317,5.9010,60.42,125.00,0.027422
439.5275,5.9010,60.42,125.00,0.027818
439.6215,5.9010,60.69,124.50,0.026457
439.7147,5.9010,60.42,125.00,0.026724
439.8120,5.9010,60.69,125.00,0.027450
439.9079,5.9390,60.69,124.50,0.027809
440.0041,5.9390,60.15,124.00,0.028047
440.1011,5.9390,60.42,124.00,0.027497
440.1971,5.9390,60.42,124.50,0.027645
440.2944,5.9390,60.15,124.00,0.027500
440.3928,5.9390,60.15,124.00,0.027894
440.4875,5.9390,60.15,124.00,0.027250
440.5873,5.9390,60.42,124.00,0.027161
440.6835,5.9390,60.15,124.50,0.026272
440.7777,5.9390,60.15,124.50,0.026489
440.8709,5.9390,60.42,124.00,0.026900
440.9673,5.9430,60.42,124.50,0.028275
441.0631,5.9470,60.95,124.00,0.027341
441.1604,5.9470,60.42,124.50,0.028229
441.2546,5.9470,60.42,124.50,0.026499
441.3495,5.9470,60.42,124.50,0.027202
441.4429,5.9470,60.42,124.00,0.026859
441.5418,5.9470,60.69,124.00,0.028534
441.6398,5.9470,60.15,125.00,0.028494
441.7372,5.9470,60.15,125.00,0.028506
441.8336,5.8930,60.42,125.00,0.027942
441.9327,5.8930,60.42,125.00,0.028243
442.0286,5.8930,60.42,125.00,0.027943
442.1256,5.8930,60.69,125.00,0.027893
442.2219,5.8930,60.69,125.00,0.028201
442.3201,5.8930,60.42,125.00,0.027449
442.4164,5.8930,60.69,125.00,0.027924
442.5131,5.8930,60.15,125.00,0.027658
442.6102,5.8930,60.15,125.00,0.027397
442.7072,5.8930,60.42,125.00,0.026774
442.8043,5.9120,60.15,125.00,0.027915
442.9010,5.9310,60.95,125.00,0.027705
442.9976,5.9310,60.42,124.50,0.028469
443.0945,5.9310,60.42,124.50,0.027461
443.1916,5.9310,60.69,124.50,0.027814
443.2879,5.9310,60.42,124.00,0.027930
443.3817,5.9310,60.42,124.00,0.025208
443.4704,5.9310,60.69,124.00,0.026947
443.5660,5.9310,60.69,124.50,0.026488
443.6602,5.9310,60.95,124.50,0.026755
443.7538,5.9310,60.15,124.00,0.026873
443.8522,6.0860,60.42,124.00,0.027910
443.9508,6.2410,60.69,124.00,0.028031
444.0496,6.2410,60.69,125.00,0.028035
444.1445,6.2410,60.69,125.00,0.027694
444.2400,6.2410,60.95,125.00,0.027133
444.3336,6.2410,60.69,125.00,0.026753
444.4292,6.2410,60.69,125.00,0.028155
444.5238,6.2410,60.42,125.00,0.027734
444.6202,6.2410,60.15,125.00,0.027745
444.7153,6.2410,60.42,125.00,0.027687
444.8142,6.1015,60.69,125.00,0.028292
444.9120,5.9620,60.42,125.00,0.027997
445.0067,5.9620,60.42,125.00,0.026797
445.0995,5.9620,60.42,125.00,0.026764
445.1955,5.9620,60.42,125.00,0.026639
445.2920,5.9620,60.42,125.00,0.027429
445.3885,5.9620,60.15,125.00,0.027583
445.4824,5.9620,60.69,125.00,0.026347
445.5786,5.9620,60.42,124.50,0.026469
445.6713,5.9620,60.42,124.00,0.026488
445.7695,5.9525,60.69,124.00,0.027915
445.8666,5.9430,60.69,124.00,0.027382
445.9671,5.9430,60.42,124.00,0.027626
446.0641,5.9430,60.42,124.50,0.027722
446.1653,5.9430,60.69,124.00,0.028219
446.2605,5.9430,60.42,124.00,0.028487
446.3585,5.9430,60.15,124.00,0.027916
446.4535,5.9430,60.42,124.50,0.027986
446.5493,5.9430,60.42,124.00,0.028064
446.6462,5.9430,60.95,124.50,0.027827
446.7446,5.9430,60.42,125.00,0.027837
446.8423,5.9430,60.69,125.00,0.027602
446.9387,5.9430,60.42,125.00,0.027414
447.0312,5.9430,60.42,125.00,0.026652
447.1258,5.9430,60.69,125.00,0.026477
447.2203,5.9430,60.15,125.00,0.026321
447.3140,5.9430,60.69,125.00,0.026336
447.4082,5.9430,60.15,125.00,0.027734
447.5067,5.9430,60.69,125.00,0.027711
447.6041,5.9430,60.42,125.00,0.027828
447.6979,5.9430,60.42,125.00,0.026211
447.7906,5.9430,60.69,125.00,0.026479
447.8866,5.9430,60.69,125.00,0.026594
447.9848,5.9430,60.42,124.50,0.027659
448.0813,5.9430,60.42,124.00,0.028020
448.1806,5.9220,60.95,124.00,0.027998
448.2778,5.9010,60.69,124.00,0.028205
448.3722,5.9010,60.42,124.00,0.026962
448.4677,5.9010,60.69,124.00,0.026778
448.5603,5.9010,60.69,124.50,0.026510
448.6566,5.9010,60.15,125.00,0.026803
448.7505,5.9010,60.42,124.50,0.027235
448.8484,5.9370,60.69,124.00,0.027422
448.9441,5.9730,60.15,125.00,0.027470
449.0417,5.9730,60.42,125.00,0.027277
449.1374,5.9730,60.42,125.00,0.027798
449.2359,5.9730,60.15,125.00,0.027989
449.3324,5.9730,60.42,125.00,0.027113
449.4264,5.9730,60.42,125.00,0.026822
449.5194,5.9730,60.69,125.00,0.026780
449.6149,5.9730,60.42,125.00,0.027563
449.7082,5.9730,60.42,125.00,0.026175
449.8024,5.9730,60.69,125.00,0.026702
449.8960,5.9730,60.42,125.00,0.027498
449.9954,5.9370,60.42,125.00,0.027214
450.0901,5.9010,60.69,125.00,0.026953
450.1851,5.9010,60.15,125.00,0.027362
450.2785,5.9010,60.69,125.00,0.027202
450.3749,5.9010,60.69,124.50,0.026714
450.4708,5.9010,60.42,124.00,0.026469
450.5669,5.9010,60.42,124.50,0.026598
450.6629,5.9010,60.15,124.00,0.027160
450.7592,5.9010,60.69,124.00,0.028149
450.8542,5.9010,60.15,124.00,0.026721
450.9475,5.9010,60.42,124.00,0.026026
451.0408,5.9010,60.15,124.50,0.027224
451.1355,5.9010,60.42,124.50,0.026974
451.2280,5.9010,60.69,124.50,0.026340
451.3221,5.9010,60.69,124.00,0.026675
451.4145,5.9010,60.69,125.00,0.026384
451.5082,5.9010,60.69,125.00,0.026767
451.6018,5.9010,60.42,125.00,0.027484
451.6963,5.9010,60.42,125.00,0.026887
451.7909,5.9010,60.42,125.00,0.027940
451.8878,5.9010,60.15,125.00,0.027120
451.9826,5.9010,60.15,125.00,0.027302
452.0812,5.9010,60.15,125.00,0.028416
452.1741,5.9010,60.15,125.00,0.026120
452.2679,5.9010,60.42,125.00,0.026414
452.3630,5.9010,60.69,125.00,0.026768
452.4617,5.9180,60.69,125.00,0.027344
452.5594,5.9350,60.15,125.00,0.027446
452.6555,5.9350,60.15,125.00,0.027514
452.7505,5.9350,60.69,125.00,0.027767
452.8493,5.8970,60.42,125.00,0.027602
452.9453,5.8970,60.69,124.50,0.028259
453.0415,5.8970,60.42,124.50,0.027877
453.1367,5.8970,60.15,124.50,0.028002
453.2311,5.8970,61.22,124.00,0.026306
453.3263,5.8970,60.69,124.00,0.026522
453.4202,5.8970,60.69,124.00,0.026533
453.5175,5.8970,60.69,124.50,0.028932
453.6150,5.8970,60.15,125.00,0.027352
453.7124,5.8970,60.42,125.00,0.028122
453.8107,5.9125,60.69,125.00,0.028048
453.9085,5.9280,60.69,125.00,0.028161
454.0027,5.9280,60.42,125.00,0.026039
454.0959,5.9280,60.15,125.00,0.026540
454.1908,5.9280,60.15,125.00,0.027066
454.2880,5.9280,60.42,125.00,0.027573
454.3837,5.9280,60.42,125.00,0.027424
454.4789,5.9280,60.42,125.00,0.027648
454.5764,5.9280,60.15,125.00,0.026851
454.6710,5.9280,60.42,125.00,0.027375
454.7696,5.9280,60.42,125.00,0.027970
454.8654,5.9700,60.42,125.00,0.027771
454.9584,5.9700,60.42,125.00,0.025988
455.0526,5.9700,60.15,125.00,0.027820
455.1482,5.9700,60.42,125.00,0.028220
455.2427,5.9700,60.69,125.00,0.027395
455.3409,5.9700,60.69,124.50,0.027981
455.4378,5.9700,60.69,124.50,0.027603
455.5353,5.9700,60.69,124.00,0.027120
455.6312,5.9700,60.69,124.00,0.026801
455.7255,5.9700,60.69,124.00,0.026548
455.8188,5.9430,60.15,125.00,0.026888
455.9168,5.9160,60.42,125.00,0.028018
456.0123,5.9160,60.42,125.00,0.027520
456.1082,5.9160,60.69,125.00,0.027099
456.2020,5.9160,60.15,125.00,0.026518
456.2963,5.9160,60.15,125.00,0.026896
456.3921,5.9160,60.15,125.00,0.027259
456.4885,5.9160,60.69,125.00,0.028359
456.5831,5.9160,60.42,125.00,0.027259
456.6813,5.9160,60.42,125.00,0.027707
456.7767,5.9160,60.15,125.00,0.027881
456.8731,5.9160,60.42,125.00,0.027658
456.9685,5.9160,60.42,125.00,0.027378
457.0676,5.9160,60.69,125.00,0.028538
457.1626,5.9160,60.42,125.00,0.027816
457.2611,5.9160,60.15,125.00,0.027915
457.3564,5.9160,60.69,125.00,0.028259
457.4526,5.9160,60.42,125.00,0.027622
457.5496,5.9160,60.42,125.00,0.027267
457.6456,5.9160,60.42,125.00,0.027927
457.7442,5.9160,60.69,124.50,0.028384
457.8445,5.9160,60.42,124.00,0.028840
457.9474,5.9160,60.15,124.00,0.028388
458.0513,5.9160,60.42,124.00,0.028702
458.1526,5.9160,60.69,125.00,0.028740
458.2559,5.9160,60.15,125.00,0.028477
458.3547,5.9280,60.42,125.00,0.027743
458.4527,5.9280,60.42,125.00,0.028015
458.5482,5.9280,60.42,124.50,0.028075
458.6440,5.9280,60.69,124.00,0.027543
458.7391,5.9280,60.15,124.50,0.026479
458.8349,5.9280,60.69,125.00,0.026260
458.9283,5.9280,60.15,125.00,0.026776
459.0253,5.8970,60.69,125.00,0.028050
459.1202,5.8970,60.42,125.00,0.027258
459.2165,5.8970,60.15,125.00,0.027627
459.3163,5.8970,60.15,125.00,0.027656
459.4153,5.8970,60.15,125.00,0.027611
459.5136,5.8970,60.42,125.00,0.027812
459.6122,5.8970,60.42,125.00,0.027819
459.7092,5.8970,60.42,125.00,0.027947
459.8083,5.8950,60.69,125.00,0.027975
459.9054,5.8930,60.42,125.00,0.028475
460.0040,5.8930,60.42,125.00,0.027388
460.1001,5.8930,60.69,125.00,0.027839
460.1980,5.8930,60.69,124.50,0.028741
460.2939,5.8930,60.15,124.50,0.028220
460.3936,5.8930,60.42,124.50,0.028799
460.4902,5.8930,60.69,124.50,0.028540
460.5867,5.8930,60.42,124.50,0.026424
460.6829,5.8930,60.42,125.00,0.027367
460.7798,5.8930,60.15,125.00,0.026707
460.8758,5.9090,60.69,125.00,0.027797
460.9741,5.9090,60.42,125.00,0.028379
461.0717,5.9090,60.42,125.00,0.027545
461.1684,5.9090,60.42,125.00,0.027443
461.2654,5.9090,60.69,125.00,0.027701
461.3638,5.9090,60.69,125.00,0.027324
461.4561,5.9090,60.69,125.00,0.026390
461.5508,5.9090,60.42,125.00,0.026539
461.6481,5.9090,60.95,125.00,0.028037
461.7453,5.9090,60.42,125.00,0.026450
461.8383,5.9090,60.69,125.00,0.026588
461.9326,5.9090,60.42,125.00,0.026791
462.0287,5.9090,60.42,124.50,0.027344
462.1275,5.9090,60.42,124.00,0.027992
462.2227,5.9090,60.69,124.00,0.027784
462.3215,5.9090,60.42,124.00,0.028342
462.4176,5.9090,60.42,124.00,0.028527
462.5139,5.9090,60.42,124.00,0.028019
462.6084,5.9090,60.42,124.00,0.027561
462.7079,5.9090,60.42,124.00,0.027191
462.8054,5.9090,60.69,124.50,0.027686
462.9041,5.9810,60.42,124.00,0.027581
462.9992,5.9810,60.42,124.00,0.027799
463.1001,5.9810,60.42,124.50,0.027614
463.1952,5.9810,60.42,124.50,0.027502
463.2917,5.9810,60.69,124.50,0.027786
463.3886,5.9810,60.42,124.00,0.027389
463.4841,5.9810,60.69,124.00,0.027353
463.5788,5.9810,60.69,124.00,0.027555
463.6769,5.9810,60.69,124.50,0.027575
463.7693,5.9810,60.42,125.00,0.026307
463.8634,5.9810,60.69,125.00,0.027010
463.9603,5.9755,60.69,125.00,0.028246
464.0576,5.9700,60.69,125.00,0.028194
464.1527,5.9700,60.42,125.00,0.028004
464.2510,5.9700,60.42,125.00,0.027586
464.3481,5.9700,60.42,125.00,0.027436
464.4466,5.9700,60.42,125.00,0.027470
464.5446,5.9700,60.69,125.00,0.027615
464.6427,5.9700,60.42,125.00,0.027344
464.7381,5.9700,60.42,125.00,0.026455
464.8356,5.9620,60.69,125.00,0.027411
464.9324,5.9540,60.69,124.50,0.028168
465.0295,5.9540,60.42,124.00,0.028050
465.1258,5.9540,60.69,124.50,0.028136
465.2245,5.9540,60.69,125.00,0.027919
465.3197,5.9540,60.69,125.00,0.027626
465.4168,5.9540,60.42,125.00,0.028113
465.5112,5.9540,60.69,125.00,0.027272
465.6106,5.9540,60.69,125.00,0.027583
465.7101,5.9540,60.15,125.00,0.027791
465.8094,5.9295,60.42,125.00,0.028590
465.9084,5.9050,60.15,124.50,0.028474
466.0053,5.9050,60.69,124.00,0.027609
466.1006,5.9050,60.42,124.50,0.027281
466.1982,5.9050,60.69,125.00,0.028577
466.2920,5.9050,60.69,125.00,0.026467
466.3867,5.9050,60.15,125.00,0.026762
466.4825,5.9050,60.69,125.00,0.026790
466.5779,5.9050,60.69,125.00,0.026816
466.6709,5.9050,60.42,125.00,0.026319
466.7676,5.9050,60.42,125.00,0.026629
466.8617,5.9050,60.42,125.00,0.026678
466.9565,5.9050,60.42,125.00,0.026895
467.0543,5.9050,60.42,125.00,0.028646
467.1535,5.9050,60.69,125.00,0.027955
467.2496,5.9050,60.69,125.00,0.028249
467.3487,5.9050,60.42,125.00,0.028168
467.4486,5.9050,60.15,125.00,0.028111
467.5480,5.9050,60.42,125.00,0.028149
467.6441,5.9050,60.69,125.00,0.028180
467.7406,5.9050,60.42,125.00,0.027773
467.8406,5.9050,60.42,125.00,0.027936
467.9405,5.9580,60.42,125.00,0.028496
468.0379,5.9580,60.15,125.00,0.027938
468.1369,5.9580,60.69,125.00,0.027320
468.2317,5.9580,60.42,124.50,0.027091
468.3282,5.9580,60.42,124.00,0.027871
468.4229,5.9580,60.42,124.00,0.027658
468.5206,5.9580,60.42,124.50,0.026865
468.6156,5.9580,60.69,125.00,0.027872
468.7118,5.9580,60.69,125.00,0.027896
468.8065,5.9580,60.95,125.00,0.027044
468.9053,5.9580,60.42,125.00,0.027677
469.0035,5.9580,60.69,125.00,0.028710
469.0983,5.9580,60.42,125.00,0.026415
469.1909,5.9580,60.42,125.00,0.026549
469.2872,5.9580,60.69,125.00,0.026940
469.3837,5.9580,60.42,125.00,0.027917
469.4817,5.9580,60.69,125.00,0.027762
469.5764,5.9580,60.15,125.00,0.028122
469.6724,5.9580,60.42,125.00,0.027504
469.7719,5.9350,60.69,125.00,0.027655
469.8685,5.9120,60.69,125.00,0.027220
469.9677,5.9120,60.69,125.00,0.027235
470.0626,5.9120,60.15,125.00,0.026358
470.1576,5.9120,60.15,125.00,0.026283
470.2514,5.9120,60.15,125.00,0.026705
470.3479,5.9120,60.95,125.00,0.027502
470.4433,5.9120,60.42,124.50,0.027394
470.5387,5.9120,60.42,124.50,0.027742
470.6396,5.9120,60.69,125.00,0.027751
470.7366,5.9120,60.69,125.00,0.027219
470.8334,5.9310,60.42,125.00,0.027964
470.9264,5.9310,60.42,125.00,0.026455
471.0198,5.9310,60.69,125.00,0.026301
471.1152,5.9310,60.42,125.00,0.026395
471.2158,5.9310,60.69,125.00,0.028286
471.3104,5.9310,60.69,125.00,0.027483
471.4092,5.9310,60.15,125.00,0.027632
471.5045,5.9310,60.69,125.00,0.027821
471.6013,5.9310,60.69,125.00,0.027587
471.6976,5.9310,60.15,125.00,0.028107
471.7940,5.9310,60.69,125.00,0.026836
471.8918,5.9310,60.42,125.00,0.027270
471.9873,5.9310,60.69,125.00,0.026738
472.0913,5.9510,60.42,125.00,0.028941
472.1961,5.9510,60.15,125.00,0.028867
472.2972,5.9510,60.69,125.00,0.028723
472.4011,5.9510,60.69,125.00,0.028455
472.5027,5.9510,60.42,125.00,0.029195
472.6052,5.9510,60.15,125.00,0.028834
472.6938,5.9510,60.69,124.50,0.024993
472.7923,6.0765,60.69,124.50,0.028992
472.8945,6.2020,60.42,124.50,0.028965
472.9978,6.2020,60.69,124.50,0.029116
473.1006,6.2020,60.15,124.50,0.028643
473.2031,6.2020,60.69,125.00,0.029278
473.3060,6.2020,60.42,125.00,0.029358
473.4099,6.2020,60.42,125.00,0.029215
473.5145,6.2020,60.42,125.00,0.028313
473.6189,6.2020,60.42,125.00,0.028621
473.7240,6.2020,60.69,125.00,0.028872
473.8289,5.7750,60.42,125.00,0.028316
473.9266,5.7750,60.69,125.00,0.026284
474.0202,5.7750,60.15,125.00,0.026662
474.1167,5.7750,60.42,125.00,0.027200
474.2099,5.7750,60.42,124.50,0.026685
474.3060,5.7750,60.69,124.00,0.027354
474.4052,5.7750,60.42,125.00,0.029149
474.5095,5.7750,60.95,125.00,0.029207
474.6102,5.7750,60.15,125.00,0.029524
474.7072,5.7750,60.15,125.00,0.026854
474.8057,5.7750,60.42,125.00,0.028251
474.9097,5.9280,60.69,125.00,0.029199
475.0119,5.9280,60.15,125.00,0.028639
475.1184,5.9280,60.42,125.00,0.029774
475.2214,5.9280,60.42,125.00,0.029210
475.3259,5.9280,60.42,125.00,0.029144
475.4295,5.9280,60.42,125.00,0.029153
475.5331,5.9280,60.95,125.00,0.028839
475.6367,5.9280,60.69,125.00,0.029049
475.7407,5.9280,60.69,125.00,0.029728
475.8447,5.8130,60.69,125.00,0.029202
475.9504,5.8130,60.15,125.00,0.029354
476.0535,5.8130,60.69,125.00,0.029487
476.1522,5.8130,60.69,125.00,0.027629
476.2509,5.8130,60.42,125.00,0.026576
476.3460,5.8130,60.69,125.00,0.026939
476.4407,5.8130,60.69,125.00,0.026946
476.5378,5.8130,60.42,125.00,0.027816
476.6363,5.8130,60.15,125.00,0.027742
476.7310,5.8130,60.95,125.00,0.027326
476.8310,5.8970,60.42,125.00,0.027046
476.9265,5.8970,60.42,125.00,0.026535
477.0242,5.8970,60.42,125.00,0.027453
477.1265,5.8970,60.69,125.00,0.028695
477.2274,5.8970,60.42,125.00,0.028048
477.3277,5.8970,60.69,125.00,0.028337
477.4297,5.8970,60.42,125.00,0.028098
477.5326,5.8970,60.15,125.00,0.028264
477.6366,5.8970,60.69,125.00,0.028468
477.7418,5.8970,60.42,125.00,0.027917
477.8447,5.6990,60.42,125.00,0.028422
477.9381,5.6990,60.69,124.50,0.026425
478.0357,5.6990,60.42,125.00,0.026962
478.1351,5.6990,60.42,125.00,0.028902
478.2364,5.6990,60.42,125.00,0.028777
478.3424,5.6990,60.69,125.00,0.028903
478.4462,5.6990,60.42,125.00,0.028877
478.5520,5.6990,60.42,125.00,0.028673
478.6572,5.6990,60.42,125.00,0.028725
478.7595,5.6990,61.22,125.00,0.028564
478.8612,5.8250,60.42,125.00,0.028818
478.9664,5.8250,60.42,125.00,0.028668
479.0711,5.8250,60.42,125.00,0.028946
479.1745,5.8250,60.15,125.00,0.028682
479.2777,5.8250,60.42,125.00,0.028254
479.3817,5.8250,60.69,125.00,0.028805
479.4874,5.8250,60.42,125.00,0.028426
479.5920,5.8250,60.42,125.00,0.028818
479.6969,5.8250,60.42,125.00,0.028519
479.8027,5.8630,60.42,125.00,0.028661
479.9076,5.9010,60.69,125.00,0.028522
480.0118,5.9010,60.69,125.00,0.027910
480.1121,5.9010,60.15,125.00,0.027844
480.2172,5.9010,60.69,125.00,0.028525
480.3176,5.9010,60.69,125.00,0.028021
480.4196,5.9010,60.42,125.00,0.027443
480.5231,5.9010,60.69,125.00,0.027544
480.6280,5.9010,60.15,125.00,0.027988
480.7326,5.9010,60.42,125.00,0.028045
480.8375,5.8860,60.15,125.00,0.027828
480.9374,5.8860,60.42,125.00,0.028216
481.0383,5.8860,60.15,125.00,0.027858
481.1382,5.8860,60.15,125.00,0.026465
481.2307,5.8860,60.42,125.00,0.026319
481.3285,5.8860,60.15,125.00,0.027405
481.4264,5.8860,60.42,125.00,0.026911
481.5230,5.8860,60.42,125.00,0.026459
481.6192,5.8860,60.42,125.00,0.027124
481.7217,5.8860,60.42,125.00,0.028743
481.8234,5.8610,60.15,125.00,0.028709
481.9199,5.8360,60.15,125.00,0.027739
482.0148,5.8360,60.69,125.00,0.027321
482.1153,5.8360,60.15,125.00,0.027551
482.2110,5.8360,60.42,125.00,0.027956
482.3123,5.8360,60.69,125.00,0.027917
482.4080,5.8360,60.42,125.00,0.027866
482.5025,5.8360,60.42,125.00,0.026963
482.5951,5.8360,60.42,125.00,0.026323
482.6943,5.8360,60.42,125.00,0.028741
482.7994,5.8855,60.42,125.00,0.029232
482.8998,5.9350,60.95,125.00,0.028535
483.0012,5.9350,60.69,125.00,0.026437
483.0960,5.9350,60.69,125.00,0.026340
483.1901,5.9350,60.15,125.00,0.026661
483.2926,5.9350,60.15,125.00,0.028033
483.3957,5.9350,60.42,125.00,0.028112
483.4912,5.9350,60.69,125.00,0.026163
483.5848,5.9350,60.42,125.00,0.026630
483.6846,5.9350,60.42,125.00,0.028077
483.7878,5.9350,60.42,125.00,0.028730
483.8926,5.9350,60.15,125.00,0.028412
483.9940,5.9350,60.69,125.00,0.028434
484.0904,5.9350,60.69,125.00,0.026577
484.1841,5.9350,60.42,125.00,0.027255
484.2891,5.9350,60.42,125.00,0.028652
484.3903,5.9350,60.15,125.00,0.028543
484.4843,5.9350,60.42,125.00,0.026532
484.5780,5.9350,60.69,125.00,0.026556
484.6743,5.9350,60.69,125.00,0.027983
484.7736,5.9350,60.42,125.00,0.029776
484.8786,5.9350,60.42,125.00,0.029071
484.9784,5.9350,60.42,125.00,0.029486
485.0801,5.8970,60.69,125.00,0.029053
485.1814,5.8970,60.42,125.00,0.029059
485.2853,5.8970,60.69,125.00,0.029665
485.3913,5.8970,60.69,125.00,0.029048
485.4937,5.8970,60.42,125.00,0.027608
485.5899,5.8970,60.15,125.00,0.026959
485.6823,5.8970,60.69,125.00,0.026608
485.7786,5.8970,60.69,125.00,0.026266
485.8733,5.8550,60.69,125.00,0.028238
485.9710,5.8130,60.15,125.00,0.027668
486.0667,5.8130,60.42,125.00,0.026617
486.1618,5.8130,60.69,125.00,0.027107
486.2546,5.8130,60.15,125.00,0.026574
486.3537,5.8130,60.42,125.00,0.028128
486.4480,5.8130,60.42,125.00,0.027591
486.5469,5.8130,60.69,125.00,0.027613
486.6441,5.8130,60.69,125.00,0.028137
486.7403,5.8130,60.69,125.00,0.027633
486.8356,5.9350,60.42,125.00,0.027978
486.9330,5.9350,60.69,125.00,0.028102
487.0273,5.9350,60.42,125.00,0.027977
487.1251,5.9350,60.42,125.00,0.028224
487.2236,5.9350,60.15,125.00,0.027725
487.3212,5.9350,60.42,125.00,0.028322
487.4161,5.9350,60.42,125.00,0.028531
487.5111,5.9350,61.22,125.00,0.026295
487.6061,5.9350,60.69,125.00,0.026811
487.7025,5.9350,60.69,125.00,0.026619
487.7988,5.9350,60.42,125.00,0.027430
487.9003,5.9350,60.69,125.00,0.027537
487.9946,5.9350,60.42,125.00,0.027396
488.0959,5.9350,60.95,125.00,0.028001
488.1925,5.9350,60.15,125.00,0.027386
488.2894,5.9350,60.69,125.00,0.027707
488.3827,5.9350,60.69,125.00,0.027026
488.4812,5.9350,60.15,125.00,0.027457
488.5760,5.9350,60.42,125.00,0.027957
488.6722,5.9350,60.42,125.00,0.027000
488.7672,5.9350,60.42,125.00,0.027872
488.8647,5.9350,60.69,125.00,0.028108
488.9617,5.9350,60.15,125.00,0.028048
489.0564,5.9350,60.69,125.00,0.026630
489.1492,5.9350,60.42,125.00,0.026473
489.2440,5.9350,60.42,125.00,0.026834
489.3389,5.9350,60.95,125.00,0.027800
489.4352,5.9350,60.69,125.00,0.027433
489.5330,5.9350,60.42,125.00,0.026631
489.6272,5.9350,60.69,125.00,0.026430
489.7204,5.9350,60.42,125.00,0.026982
489.8170,5.9350,60.42,125.00,0.027586
489.9123,5.9350,60.69,125.00,0.027867
490.0087,5.9350,60.42,125.00,0.027429
490.1046,5.9350,60.95,124.50,0.026339
490.2023,5.9350,60.15,124.50,0.026822
490.2986,5.9350,60.15,125.00,0.027372
490.3949,5.9350,60.15,125.00,0.026291
490.4894,5.9350,60.95,125.00,0.026525
490.5847,5.9350,60.69,125.00,0.027536
490.6802,5.9350,60.42,125.00,0.028105
490.7821,5.9350,60.69,125.00,0.028433
490.8767,5.9350,60.42,125.00,0.027498
490.9764,5.9350,60.69,125.00,0.027749
491.0729,5.9350,60.42,125.00,0.026849
491.1693,5.9350,60.69,125.00,0.027601
491.2633,5.9350,60.69,125.00,0.027420
491.3595,5.9350,60.69,125.00,0.026195
491.4518,5.9350,60.69,125.00,0.026344
491.5485,5.9350,60.95,125.00,0.028121
491.6428,5.9350,60.42,125.00,0.027382
491.7403,5.9350,60.69,125.00,0.028312
491.8348,5.9350,60.42,125.00,0.027677
491.9317,5.9350,60.95,125.00,0.028089
492.0288,5.9350,60.69,125.00,0.028349
492.1288,5.9350,60.69,125.00,0.028895
492.2241,5.9350,60.95,125.00,0.028680
492.3223,5.9350,60.42,125.00,0.027304
492.4217,5.9350,60.69,125.00,0.028059
492.5198,5.9350,60.69,125.00,0.027616
492.6165,5.9350,60.42,125.00,0.027791
492.7133,5.9350,60.69,125.00,0.028131
492.8124,5.9350,60.95,125.00,0.027564
492.9090,5.9350,60.69,125.00,0.027591
493.0058,5.9350,60.69,125.00,0.027986
493.1005,5.9350,60.69,125.00,0.026715
493.1949,5.9350,60.42,125.00,0.026599
493.2927,5.9350,60.69,125.00,0.027636
493.3879,5.9350,60.69,125.00,0.027947
493.4891,5.9350,60.69,125.00,0.028459
493.5900,5.9350,60.69,125.00,0.028688
493.6964,5.9315,60.95,125.00,0.029248
493.7993,5.8325,60.95,125.00,0.028426
493.9025,5.7370,60.42,125.00,0.028492
494.0043,5.7370,60.42,125.00,0.029063
494.1075,5.7370,60.42,125.00,0.028762
494.2125,5.7370,60.69,125.00,0.028642
494.3128,5.7370,60.95,125.00,0.028390
494.4138,5.7370,60.42,125.00,0.028860
494.5166,5.7370,60.42,125.00,0.028427
494.6197,5.7370,60.95,125.00,0.028751
494.7216,5.7370,60.42,125.00,0.028967
494.8261,5.7370,60.69,125.00,0.028383
494.9277,5.7370,60.95,125.00,0.028885
495.0283,5.7370,60.42,125.00,0.028690
495.1321,5.7370,60.15,125.00,0.028754
495.2367,5.7370,60.42,125.00,0.028137
495.3372,5.7370,60.42,125.00,0.028414
495.4403,5.7370,60.42,125.00,0.028687
495.5413,5.7370,60.69,125.00,0.028629
495.6448,5.7370,60.69,125.00,0.028369
495.7465,5.7370,60.42,125.00,0.028337
495.8481,5.7370,60.42,125.00,0.028881
495.9471,5.7370,60.42,125.00,0.026578
496.0409,5.7370,60.42,125.00,0.027199
496.1397,5.7370,60.42,125.00,0.028605
496.2419,5.9580,60.69,125.00,0.029148
496.3454,5.9580,60.42,125.00,0.028982
496.4465,5.9580,60.69,125.00,0.029218
496.5491,5.9580,60.69,125.00,0.029530
496.6512,5.9580,60.95,125.00,0.028454
496.7536,5.9580,60.42,125.00,0.029289
496.8599,5.9580,60.69,125.00,0.029011
496.9628,5.9580,60.69,125.00,0.028540
497.0662,5.9580,60.42,125.00,0.029574
497.1702,5.9580,60.69,125.00,0.029319
497.2723,5.9580,60.69,125.00,0.027691
497.3706,5.9580,60.69,125.00,0.027727
497.4703,5.9580,60.69,125.00,0.028552
497.5659,5.9580,60.42,125.00,0.026579
497.6603,5.9580,60.42,125.00,0.027078
497.7604,5.9580,60.42,125.00,0.028538
497.8647,5.9350,60.69,125.00,0.029588
497.9690,5.9350,60.15,125.00,0.029779
498.0713,5.9350,60.42,125.00,0.027449
498.1733,5.9350,60.42,125.00,0.029083
498.2777,5.9350,60.42,125.00,0.029195
498.3840,5.9350,60.42,125.00,0.028883
498.4885,5.9350,60.42,125.00,0.028425
498.5920,5.9350,60.69,125.00,0.028217
498.6986,5.9350,60.95,125.00,0.028452
498.8037,5.9105,60.42,125.00,0.028849
498.9077,5.8860,60.69,125.00,0.027094
499.0131,5.8860,60.69,125.00,0.028869
499.1213,5.8860,60.69,125.00,0.029098
499.2276,5.8860,60.69,125.00,0.028864
499.3328,5.8860,60.69,126.00,0.028592
499.4379,5.8860,60.42,126.00,0.029172
499.5418,5.8860,60.69,126.00,0.028904
499.6445,5.8860,60.42,126.00,0.028998
499.7509,5.8860,60.69,126.00,0.028809
499.8609,5.7180,61.22,126.00,0.029257
499.9707,5.7180,60.69,126.00,0.029477
500.0814,5.7180,60.69,126.00,0.029199
500.1922,5.7180,60.15,126.00,0.029368
500.2976,5.7180,60.42,126.00,0.028009
500.4045,5.7180,60.69,126.00,0.030092
500.5125,5.7180,60.69,126.00,0.030375
500.6207,5.7180,60.42,126.00,0.029966
500.7322,5.7180,60.15,126.00,0.031145
500.8407,5.8510,60.15,126.00,0.028104
500.9393,5.8510,60.69,126.00,0.028105
501.0366,5.8510,60.15,126.00,0.028595
501.1363,5.8510,60.69,126.00,0.027803
501.2303,5.8510,60.15,126.00,0.026804
501.3273,5.8510,60.42,126.00,0.027079
501.4243,5.8510,60.42,126.00,0.028795
501.5247,5.8510,60.69,126.00,0.028104
501.6232,5.8510,60.42,126.00,0.027378
501.7187,5.8510,60.95,126.00,0.027282
501.8184,5.9160,60.69,126.00,0.027261
501.9165,5.9810,60.15,126.00,0.026889
502.0133,5.9810,60.42,126.00,0.026848
502.1119,5.9810,60.95,126.00,0.027663
502.2111,5.9810,60.69,126.00,0.027034
502.3114,5.9810,60.15,126.00,0.027413
502.4119,5.9810,60.42,126.00,0.027691
502.5073,5.9810,60.42,126.00,0.027528
502.6080,5.9810,60.42,126.00,0.027809
502.7055,5.9810,60.42,126.00,0.028065
502.8042,5.9315,60.42,126.00,0.027812
502.9008,5.8820,60.42,126.00,0.028222
503.0019,5.8820,60.42,126.00,0.028201
503.1000,5.8820,60.69,126.00,0.027877
503.1976,5.8820,60.69,126.00,0.028137
503.2983,5.8820,60.95,126.00,0.027416
503.3956,5.8820,60.42,126.00,0.027864
503.4913,5.8820,60.15,126.00,0.028033
503.5875,5.8820,60.42,126.00,0.026317
503.6808,5.8820,60.69,126.00,0.026551
503.7787,5.8820,60.42,126.00,0.026586
503.8738,5.9180,60.42,126.00,0.028168
503.9735,5.9540,60.42,126.00,0.027665
504.0723,5.9540,60.42,127.00,0.028331
504.1745,5.9540,60.42,127.00,0.028215
504.2755,5.9540,60.15,127.00,0.028371
504.3814,5.9540,60.42,127.00,0.028980
504.4851,5.9540,60.42,127.00,0.028162
504.5880,5.9540,60.42,127.00,0.027984
504.6934,5.9540,60.69,127.00,0.027880
504.7983,5.8780,60.69,127.00,0.028377
504.8973,5.8020,60.42,127.00,0.026319
504.9900,5.8020,60.42,127.00,0.026370
505.0866,5.8020,60.42,127.00,0.027287
505.1844,5.8020,60.42,127.00,0.028548
505.2849,5.8020,60.42,127.00,0.028214
505.3878,5.8020,60.69,127.00,0.028565
505.4876,5.8020,60.69,127.00,0.026283
505.5827,5.8020,60.42,127.00,0.026620
505.6786,5.8020,60.15,127.00,0.026942
505.7762,5.8020,60.15,127.00,0.027219
505.8745,5.8020,60.42,127.00,0.028123
505.9706,5.8020,60.42,127.00,0.028250
506.0749,5.8510,60.42,127.00,0.029035
506.1717,5.8510,60.69,127.00,0.027007
506.2708,5.8510,60.42,127.00,0.027605
506.3728,5.8510,60.42,127.00,0.028458
506.4766,5.8510,60.95,127.00,0.028380
506.5800,5.8510,60.69,127.00,0.028980
506.6839,5.8510,60.69,127.00,0.029142
506.7800,5.8510,60.42,127.00,0.026500
506.8754,5.8510,60.42,127.00,0.026700
506.9766,5.8320,60.42,127.00,0.028720
507.0816,5.8320,60.42,127.00,0.029080
507.1866,5.8320,60.69,127.00,0.029044
507.2919,5.8320,60.95,127.00,0.028763
507.3956,5.8320,60.15,127.00,0.029265
507.5008,5.8320,60.42,127.00,0.028863
507.6047,5.8320,60.69,127.00,0.029158
507.7083,5.8320,60.15,127.00,0.028837
507.8136,5.7940,60.69,127.00,0.028972
507.9179,5.7560,60.42,127.00,0.029057
508.0193,5.7560,60.42,127.00,0.028521
508.1214,5.7560,60.15,127.00,0.029133
508.2233,5.7560,60.69,127.00,0.027850
508.3203,5.7560,60.42,127.00,0.027887
508.4200,5.7560,60.69,127.00,0.028645
508.5253,5.7560,60.15,127.00,0.029069
508.6303,5.7560,60.42,127.00,0.028477
508.7342,5.7560,60.42,127.00,0.029192
508.8368,5.7440,60.69,127.00,0.029541
508.9406,5.7440,60.42,127.00,0.029374
509.0441,5.7440,60.69,127.00,0.029516
509.1464,5.7440,60.69,127.00,0.028874
509.2503,5.7440,60.42,127.00,0.029416
509.3541,5.7440,60.42,127.00,0.028522
509.4598,5.7440,60.42,127.00,0.028643
509.5654,5.7440,60.95,127.00,0.028896
509.6708,5.7440,60.15,127.00,0.028666
509.7681,5.7440,60.42,127.00,0.026568
509.8622,5.7440,60.69,127.00,0.027009
509.9601,5.7555,60.95,127.00,0.028395
510.0626,5.7670,60.42,127.00,0.029364
510.1669,5.7670,60.42,127.00,0.029134
510.2713,5.7670,60.69,127.00,0.029354
510.3749,5.7670,60.95,127.00,0.029008
510.4784,5.7670,60.69,127.00,0.029244
510.5812,5.7670,60.15,127.00,0.027607
510.6795,5.7670,60.69,127.00,0.027330
510.7770,5.7670,60.69,127.00,0.027621
510.8733,5.7670,60.69,127.00,0.027521
510.9658,5.7670,60.69,127.00,0.026436
511.0616,5.7670,60.69,127.00,0.027359
511.1576,5.7670,60.69,127.00,0.026554
511.2527,5.7670,60.69,126.50,0.027086
511.3459,5.7670,60.42,126.50,0.026302
511.4443,5.7670,60.69,126.50,0.027526
511.5392,5.7670,60.95,126.00,0.027467
511.6350,5.7670,60.69,126.50,0.027497
511.7325,5.7670,60.42,126.00,0.027835
511.8316,5.7670,60.15,127.00,0.027816
511.9271,5.7670,60.69,127.00,0.027587
512.0281,5.7670,60.69,127.00,0.027768
512.1235,5.7670,60.69,127.00,0.027742
512.2196,5.7670,60.69,127.00,0.026996
512.3146,5.7670,60.42,126.50,0.026580
512.4125,5.7670,60.15,126.00,0.027262
512.5107,5.7670,60.15,126.00,0.028452
512.6113,5.7670,60.95,126.00,0.028039
512.7038,5.7670,60.69,126.00,0.026158
512.7992,5.7670,60.95,126.00,0.026949
512.8968,5.8265,60.15,126.50,0.028051
512.9972,5.8860,60.69,126.00,0.027816
513.0920,5.8860,60.69,126.50,0.027434
513.1871,5.8860,60.42,126.00,0.026768
513.2828,5.8860,60.95,126.00,0.026885
513.3812,5.8860,60.15,126.00,0.027440
513.4779,5.8860,60.69,126.00,0.026849
513.5772,5.8860,60.69,126.00,0.028469
513.6751,5.8860,60.69,126.00,0.028008
513.7775,5.9280,60.42,126.00,0.028748
513.8736,5.9700,60.95,126.00,0.028222
513.9710,5.9700,60.42,126.00,0.026660
514.0676,5.9700,60.42,126.00,0.027112
514.1633,5.9700,60.42,126.00,0.027036
514.2594,5.9700,60.69,127.00,0.028188
514.3575,5.9700,60.42,126.50,0.028728
514.4556,5.9700,60.69,126.50,0.027810
514.5502,5.9700,60.69,126.50,0.026795
514.6432,5.9700,60.42,126.00,0.027062
514.7414,5.9700,60.42,126.00,0.027779
514.8390,5.9280,60.95,126.00,0.027665
514.9362,5.9280,60.69,126.00,0.026539
515.0308,5.9280,60.15,126.00,0.027140
515.1314,5.9280,60.42,126.00,0.026790
515.2302,5.9280,60.42,126.00,0.027320
515.3269,5.9280,60.42,126.00,0.027710
515.4237,5.9280,60.69,126.00,0.027659
515.5221,5.9280,60.42,126.00,0.027460
515.6171,5.9280,60.69,126.00,0.027873
515.7155,5.9280,60.95,126.00,0.027773
515.8106,5.9355,60.69,126.00,0.027509
515.9112,5.9430,60.69,126.00,0.027187
516.0088,5.9430,60.69,126.00,0.028120
516.1058,5.9430,60.69,126.00,0.028207
516.2027,5.9430,60.42,126.00,0.027754
516.2985,5.9430,60.42,126.00,0.026397
516.3951,5.9430,60.69,126.00,0.026429
516.4927,5.9430,60.69,126.00,0.027461
516.5880,5.9430,60.69,126.00,0.027871
516.6848,5.9430,60.69,126.00,0.027904
516.7847,5.9410,60.95,126.00,0.028024
516.8826,5.9390,60.42,126.00,0.026358
516.9796,5.9390,60.42,126.00,0.028220
517.0752,5.9390,60.69,126.00,0.027089
517.1716,5.9390,60.69,126.00,0.027752
517.2703,5.9390,60.42,126.00,0.027663
517.3696,5.9390,60.95,126.00,0.027250
517.4683,5.9390,60.42,126.00,0.027967
517.5616,5.9390,60.69,126.00,0.026322
517.6553,5.9390,60.95,126.00,0.026235
517.7483,5.9390,60.15,126.00,0.026648
517.8467,5.9465,60.69,126.00,0.028260
517.9437,5.9540,60.15,126.00,0.027700
518.0424,5.9540,60.42,125.50,0.027814
518.1396,5.9540,60.69,125.00,0.028158
518.2362,5.9540,60.42,126.00,0.028405
518.3296,5.9540,60.42,126.00,0.026222
518.4237,5.9540,60.42,125.50,0.026586
518.5186,5.9540,60.69,125.00,0.026523
518.6158,5.9540,60.69,125.50,0.027122
518.7095,5.9540,60.69,125.50,0.026543
518.8029,5.9540,60.69,125.50,0.026067
518.8978,5.9540,60.69,125.00,0.026611
518.9959,5.9620,60.69,126.00,0.028120
519.0964,5.9700,60.69,126.00,0.027864
519.1920,5.9700,60.42,126.00,0.027125
519.2888,5.9700,60.42,126.00,0.027266
519.3854,5.9700,60.69,126.00,0.027656
519.4801,5.9700,60.15,126.00,0.027622
519.5765,5.9700,60.95,126.00,0.028095
519.6741,5.9700,60.69,126.00,0.028210
519.7708,5.9830,60.69,126.00,0.028492
519.8681,5.9960,60.95,126.00,0.027646
519.9644,5.9960,60.15,126.00,0.027551
520.0594,5.9960,60.42,126.00,0.027451
520.1553,5.9960,60.42,126.00,0.027296
520.2501,5.9960,60.42,126.00,0.027284
520.3471,5.9960,60.95,126.00,0.027796
520.4430,5.9960,60.69,126.00,0.026658
520.5388,5.9960,60.42,126.00,0.026391
520.6339,5.9960,60.69,126.00,0.026450
520.7300,5.9960,60.95,126.00,0.027713
520.8250,5.9540,60.95,126.00,0.027509
520.9235,5.9120,60.69,126.00,0.027775
521.0189,5.9120,60.69,126.00,0.028064
521.1199,5.9120,60.42,125.00,0.027645
521.2158,5.9120,60.69,125.50,0.028294
521.3119,5.9120,60.15,125.00,0.027850
521.4072,5.9120,60.69,125.00,0.027961
521.5056,5.9120,60.42,125.50,0.027569
521.6052,5.9120,60.42,126.00,0.028423
521.7015,5.9120,60.42,126.00,0.027825
521.7966,5.9120,61.22,126.00,0.027779
521.8927,5.9120,60.42,126.00,0.027235
521.9880,5.9120,60.69,126.00,0.027589
522.0844,5.9120,60.69,126.00,0.027650
522.1813,5.9120,60.42,126.00,0.027085
522.2781,5.9120,60.69,126.00,0.027614
522.3733,5.9120,60.69,126.00,0.028066
522.4717,5.9120,60.69,126.00,0.027290
522.5687,5.9120,60.42,126.00,0.027488
522.6656,5.9120,60.42,125.50,0.028070
522.7615,5.9120,60.95,125.50,0.028210
522.8575,5.9120,60.69,125.00,0.027397
522.9509,5.9120,60.69,125.00,0.027150
523.0482,5.9120,60.69,125.00,0.027399
523.1428,5.9120,60.42,125.00,0.028204
523.2448,5.9050,60.42,125.00,0.028447
523.3383,5.9050,60.42,125.00,0.026790
523.4350,5.9050,60.42,125.00,0.027029
523.5303,5.9050,60.69,125.00,0.026794
523.6285,5.9050,60.69,125.00,0.027803
523.7231,5.9050,60.42,125.00,0.027350
523.8234,5.9200,60.69,125.00,0.027056
523.9192,5.9350,60.42,125.00,0.027732
524.0199,5.9350,60.95,125.00,0.027696
524.1148,5.9350,60.69,125.00,0.027575
524.2135,5.9350,60.69,125.00,0.027936
524.3081,5.9350,60.42,125.00,0.027262
524.4049,5.9350,60.69,125.00,0.028088
524.5000,5.9350,60.95,125.50,0.027733
524.5963,5.9350,60.69,125.00,0.027683
524.6935,5.9350,60.69,125.00,0.027964
524.7934,5.9445,60.42,125.00,0.029587
524.8896,5.9540,60.69,125.00,0.028313
524.9884,5.9540,60.95,125.00,0.027550
525.0839,5.9540,60.95,125.00,0.028287
525.1804,5.9540,61.22,125.00,0.027735
525.2747,5.9540,60.69,125.00,0.027309
525.3752,5.9540,60.69,125.00,0.027032
525.4702,5.9540,60.69,125.00,0.027630
525.5668,5.9540,60.95,125.00,0.028001
525.6636,5.9540,60.15,125.00,0.027604
525.7624,5.9540,60.42,125.00,0.026245
525.8549,5.9540,60.69,125.00,0.026369
525.9547,5.9505,60.69,125.00,0.027146
526.0526,5.9470,61.22,125.00,0.027949
526.1497,5.9470,60.42,125.00,0.028340
526.2445,5.9470,60.42,125.00,0.027661
526.3408,5.9470,60.69,124.50,0.026422
526.4338,5.9470,60.15,124.00,0.026787
526.5297,5.9470,60.95,124.00,0.028102
526.6268,5.9470,60.69,125.00,0.027550
526.7248,5.9470,60.95,125.00,0.027284
526.8238,5.9470,60.95,125.00,0.027459
526.9233,5.9470,60.42,125.00,0.028230
527.0197,5.9470,60.69,125.00,0.028186
527.1177,5.9470,60.95,125.00,0.027927
527.2131,5.9470,60.42,125.00,0.027941
527.3106,5.9470,60.69,125.00,0.027608
527.4098,5.9470,60.69,125.00,0.027384
527.5068,5.9470,60.69,125.00,0.027902
527.6042,5.9470,60.69,125.00,0.028217
527.7029,5.9470,60.69,125.00,0.027411
527.7985,5.9470,60.69,125.00,0.026823
527.8950,5.9470,60.42,125.00,0.026636
527.9920,5.9470,60.15,125.00,0.027542
528.0922,5.9145,60.69,125.00,0.028278
528.1890,5.8820,60.69,125.00,0.028152
528.2840,5.8820,60.95,125.00,0.026428
528.3801,5.8820,60.42,125.00,0.026884
528.4762,5.8820,60.69,125.00,0.027345
528.5723,5.8820,60.69,125.00,0.028352
528.6716,5.8820,60.95,125.00,0.027870
528.7679,5.8820,60.42,125.00,0.028705
528.8675,5.9700,60.69,125.00,0.027602
528.9618,5.9700,60.69,125.00,0.026848
529.0590,5.9700,60.42,125.00,0.026955
529.1528,5.9700,60.95,125.00,0.027116
529.2521,5.9700,61.22,125.00,0.027452
529.3499,5.9700,60.42,125.00,0.027998
529.4471,5.9700,60.95,125.00,0.028020
529.5444,5.9700,60.69,125.00,0.027667
529.6403,5.9700,60.69,125.00,0.027371
529.7349,5.9700,60.42,125.00,0.027472
529.8319,5.9390,60.69,125.00,0.026394
529.9271,5.9390,60.69,125.00,0.026895
530.0255,5.9390,60.95,125.00,0.028282
530.1201,5.9390,60.95,125.50,0.027311
530.2169,5.9390,60.42,125.00,0.028171
530.3122,5.9390,61.22,125.00,0.027868
530.4110,5.9390,60.95,125.00,0.028152
530.5068,5.9390,60.69,125.00,0.027998
530.6057,5.9390,60.42,125.00,0.028001
530.6999,5.9390,60.42,125.00,0.027326
530.7980,5.9255,60.69,125.00,0.027196
530.8932,5.9120,60.42,125.00,0.027749
530.9894,5.9120,60.69,125.00,0.027849
531.0844,5.9120,60.69,125.00,0.027676
531.1810,5.9120,60.95,125.00,0.028187
531.2759,5.9120,60.69,125.00,0.027304
531.3746,5.9120,60.95,125.00,0.027492
531.4723,5.9120,60.69,125.00,0.027914
531.5690,5.9120,60.42,125.00,0.027331
531.6642,5.9120,60.42,125.00,0.027418
531.7615,5.9120,60.95,125.00,0.028781
531.8595,5.9430,60.95,125.00,0.028630
531.9561,5.9430,60.42,125.00,0.027907
532.0539,5.9430,60.42,125.00,0.027617
532.1514,5.9430,60.69,125.00,0.028050
532.2467,5.9430,60.69,125.00,0.027483
532.3475,5.9430,60.69,125.00,0.027596
532.4454,5.9430,60.69,125.00,0.027633
532.5437,5.9430,60.95,125.00,0.027130
532.6403,5.9430,60.69,125.00,0.027266
532.7375,5.9430,60.69,125.00,0.027758
532.8337,5.9160,60.69,125.00,0.027996
532.9312,5.9160,60.42,125.00,0.027986
533.0284,5.9160,60.69,125.00,0.027571
533.1257,5.9160,60.69,125.00,0.027917
533.2232,5.9160,60.69,125.00,0.027915
533.3203,5.9160,60.69,125.00,0.027734
533.4172,5.9160,60.95,125.00,0.028247
533.5156,5.9160,60.69,125.00,0.027570
533.6131,5.9160,60.42,125.00,0.027664
533.7098,5.9160,60.42,125.00,0.028033
533.8077,5.9235,60.42,125.00,0.028311
533.9036,5.9310,60.69,125.00,0.026928
533.9983,5.9310,60.69,125.00,0.026930
534.0958,5.9310,60.69,126.00,0.026655
534.1908,5.9310,60.69,126.00,0.027102
534.2859,5.9310,60.15,126.00,0.026984
534.3808,5.9310,60.69,126.00,0.028161
534.4795,5.9310,61.22,126.00,0.027324
534.5763,5.9310,60.69,126.00,0.027529
534.6754,5.9310,60.95,126.00,0.027630
534.7725,5.9505,60.42,126.00,0.029473
534.8698,5.9700,60.69,126.00,0.028368
534.9675,5.9700,60.95,126.00,0.027933
535.0686,5.9700,60.95,126.00,0.029303
535.1695,5.9700,60.95,126.00,0.028786
535.2712,5.9700,60.42,126.00,0.027499
535.3683,5.9700,60.69,126.00,0.027596
535.4660,5.9700,60.69,126.00,0.026835
535.5590,5.9700,60.69,126.00,0.026702
535.6559,5.9700,60.69,126.00,0.027090
535.7537,5.9700,60.42,126.00,0.028992
535.8504,5.8890,60.69,126.00,0.027309
535.9434,5.8890,60.95,126.00,0.027009
536.0397,5.8890,60.95,126.00,0.027205
536.1366,5.8890,60.69,126.00,0.027853
536.2330,5.8890,60.95,126.00,0.027255
536.3263,5.8890,60.95,126.00,0.027365
536.4251,5.8890,60.42,126.00,0.027561
536.5192,5.8890,60.15,126.00,0.027624
536.6191,5.8890,60.69,126.00,0.027356
536.7167,5.8890,60.95,126.00,0.027792
536.8131,5.9310,60.95,126.00,0.027766
536.9073,5.9730,60.69,126.00,0.027356
537.0034,5.9730,60.95,126.00,0.027708
537.1001,5.9730,60.69,126.00,0.027539
537.1998,5.9730,60.95,126.00,0.027474
537.2960,5.9730,60.95,126.00,0.027617
537.3933,5.9730,60.69,126.00,0.028594
537.4872,5.9730,60.69,126.00,0.027740
537.5835,5.9730,60.69,126.00,0.027804
537.6800,5.9730,60.42,126.00,0.027680
537.7755,5.9715,60.69,126.00,0.027998
537.8729,5.9700,60.95,126.00,0.027976
537.9693,5.9700,60.42,126.00,0.027851
538.0630,5.9700,61.22,126.00,0.026385
538.1574,5.9700,60.95,126.00,0.026528
538.2497,5.9700,60.95,126.00,0.026685
538.3479,5.9700,60.69,126.00,0.027365
538.4430,5.9700,60.95,126.00,0.027390
538.5414,5.9700,60.69,126.00,0.027656
538.6332,5.9700,60.42,126.00,0.026736
538.7298,5.9700,60.69,126.00,0.027353
538.8237,5.9700,60.69,126.00,0.028034
538.9203,5.8780,60.42,126.00,0.027882
539.0147,5.8780,60.42,126.00,0.027915
539.1130,5.8780,60.95,126.00,0.027364
539.2096,5.8780,60.69,126.00,0.027977
539.3058,5.8780,61.22,126.00,0.027066
539.4017,5.8780,60.95,126.50,0.027478
539.4993,5.8780,60.95,127.00,0.027623
539.5929,5.8780,60.42,127.00,0.027255
539.6921,5.8780,60.95,127.00,0.028181
539.7888,5.8950,60.95,127.00,0.028344
539.8847,5.9120,60.69,127.00,0.027176
539.9787,5.9120,60.42,127.00,0.027550
540.0762,5.9120,60.69,127.00,0.027601
540.1721,5.9120,60.15,127.00,0.027614
540.2714,5.9120,60.95,127.00,0.027258
540.3658,5.9120,60.69,127.00,0.028126
540.4646,5.9120,61.22,127.00,0.028456
540.5590,5.9120,60.69,127.00,0.027679
540.6587,5.9120,60.15,127.00,0.028119
540.7558,5.9120,60.69,127.00,0.027821
540.8524,5.8890,60.69,127.00,0.027908
540.9487,5.8890,60.95,127.00,0.028006
541.0457,5.8890,60.95,127.00,0.026354
541.1377,5.8890,60.95,127.00,0.026417
541.2311,5.8890,60.42,127.00,0.026592
541.3276,5.8890,61.22,127.00,0.027495
541.4263,5.8890,60.42,127.00,0.026408
541.5183,5.8890,60.95,127.00,0.026386
541.6122,5.8890,61.22,127.00,0.026613
541.7077,5.8890,60.69,127.00,0.027585
541.8040,5.9215,60.69,127.00,0.027891
541.8991,5.9540,60.95,127.00,0.028294
542.0004,5.9540,60.69,127.00,0.028405
542.0946,5.9540,60.95,127.00,0.028373
542.1927,5.9540,60.15,127.00,0.027866
542.2855,5.9540,60.42,127.00,0.026510
542.3787,5.9540,60.69,127.00,0.026576
542.4702,5.9540,60.69,127.00,0.026126
542.5641,5.9540,60.42,127.00,0.026483
542.6562,5.9540,60.69,127.00,0.026772
542.7537,5.9540,61.22,127.00,0.027578
542.8486,5.9310,60.69,127.00,0.027802
542.9488,5.9310,60.69,127.00,0.028051
543.0445,5.9310,60.69,127.00,0.029012
543.1402,5.9310,60.42,127.00,0.027943
543.2364,5.9310,60.95,127.00,0.028044
543.3329,5.9310,61.22,127.00,0.028364
543.4282,5.9310,60.69,127.00,0.028255
543.5236,5.9310,60.42,127.00,0.027859
543.6214,5.9310,60.69,127.00,0.029012
543.7247,5.9310,60.42,127.00,0.028275
543.8278,5.9310,60.95,127.00,0.029058
543.9325,5.9310,60.42,127.00,0.028839
544.0325,5.9310,60.69,127.00,0.028276
544.1313,5.9310,60.69,127.00,0.026100
544.2246,5.9310,60.69,127.00,0.026479
544.3191,5.9310,60.95,127.00,0.026280
544.4137,5.9310,60.69,127.50,0.026389
544.5078,5.9310,60.95,127.00,0.026579
544.6027,5.9310,60.42,127.00,0.026778
544.7003,5.9310,60.95,127.00,0.028939
544.8022,5.9100,60.95,127.00,0.029525
544.9039,5.8890,60.69,127.00,0.028243
544.9992,5.8890,60.42,127.00,0.026848
545.0938,5.8890,60.95,127.00,0.026213
545.1863,5.8890,60.69,127.00,0.026642
545.2801,5.8890,60.69,127.00,0.026976
545.3783,5.8890,60.95,127.00,0.027848
545.4767,5.8890,60.42,127.00,0.028087
545.5702,5.8890,60.42,127.00,0.027158
545.6674,5.8890,60.95,127.00,0.027549
545.7630,5.8890,60.69,127.00,0.026319
545.8600,5.8990,60.69,127.00,0.026325
545.9548,5.9090,60.95,127.00,0.026346
546.0505,5.9090,60.42,127.00,0.027536
546.1466,5.9090,60.69,127.00,0.027265
546.2425,5.9090,60.42,127.00,0.027676
546.3392,5.9090,60.42,127.00,0.027253
546.4377,5.9090,60.69,127.00,0.028533
546.5317,5.9090,60.69,127.00,0.027403
546.6281,5.9090,60.69,127.00,0.027684
546.7244,5.9090,60.95,127.00,0.028156
546.8229,5.9280,60.95,127.00,0.027591
546.9196,5.9470,60.42,127.00,0.027347
547.0149,5.9470,60.69,127.00,0.026314
547.1099,5.9470,60.69,127.00,0.026658
547.2042,5.9470,60.69,127.00,0.026882
547.2978,5.9470,60.42,127.00,0.027679
547.3967,5.9470,60.42,127.00,0.027905
547.4899,5.9470,60.42,127.00,0.026628
547.5828,5.9470,60.69,127.00,0.025840
547.6779,5.9470,60.42,127.00,0.026886
547.7742,5.9390,60.42,127.00,0.028579
547.8707,5.9310,60.95,127.00,0.027837
547.9670,5.9310,60.95,127.00,0.027913
548.0628,5.9310,60.69,127.00,0.027535
548.1614,5.9310,60.42,127.00,0.028214
548.2568,5.9310,60.95,127.00,0.027214
548.3531,5.9310,60.42,127.00,0.027626
548.4498,5.9310,60.69,127.00,0.028292
548.5482,5.9310,61.22,127.00,0.028064
548.6426,5.9310,60.95,127.00,0.027584
548.7421,5.9310,60.95,127.00,0.027398
548.8414,5.9310,60.69,127.00,0.027832
548.9374,5.9310,61.22,127.00,0.027793
549.0311,5.9310,60.95,127.00,0.026554
549.1271,5.9310,60.42,127.00,0.026344
549.2188,5.9310,60.15,127.00,0.026060
549.3141,5.9310,60.69,127.00,0.026459
549.4065,5.9310,60.69,127.00,0.026665
549.5046,5.9310,60.69,127.00,0.027875
549.6007,5.9310,60.69,127.00,0.027490
549.6991,5.9310,60.69,127.00,0.027488
549.7972,5.9310,61.22,126.50,0.027576
549.8948,5.9310,60.69,126.50,0.028074
549.9923,5.9310,60.95,126.50,0.027893
550.0938,5.9310,61.22,126.50,0.028988
550.1984,5.9330,60.95,126.50,0.030723
550.2961,5.9350,60.95,126.00,0.026501
550.3887,5.9350,60.69,126.00,0.026256
550.4835,5.9350,60.69,126.50,0.026664
550.5831,5.9350,60.69,126.50,0.028106
550.6866,5.9350,60.95,126.00,0.027902
550.7894,5.8875,60.42,126.50,0.029964
550.8915,5.8400,60.42,126.00,0.026868
550.9874,5.8400,60.69,126.00,0.027205
551.0857,5.8400,60.42,126.50,0.028769
551.1895,5.8400,60.69,127.00,0.029063
551.2893,5.8400,60.42,127.00,0.028520
551.3919,5.8400,60.69,127.00,0.028786
551.4947,5.8400,61.22,127.00,0.028428
551.5993,5.8400,60.95,127.00,0.027903
551.7023,5.8400,60.69,127.00,0.028368
551.8046,5.9050,60.69,127.00,0.028406
551.9100,5.9700,60.69,127.00,0.028403
552.0146,5.9700,60.69,127.00,0.029270
552.1152,5.9700,60.42,127.00,0.028936
552.2145,5.9700,60.69,127.00,0.027429
552.3105,5.9700,60.69,127.00,0.026442
552.4032,5.9700,60.95,127.00,0.026350
552.5051,5.9700,60.42,127.00,0.028610
552.6068,5.9700,60.42,127.00,0.028196
552.7094,5.9700,60.69,126.50,0.028191
552.8141,5.8935,60.69,126.00,0.028076
552.9176,5.8170,60.69,126.50,0.027564
553.0218,5.8170,60.69,126.00,0.028140
553.1242,5.8170,60.42,126.00,0.028457
553.2288,5.8170,60.69,126.00,0.028364
553.3317,5.8170,60.95,126.00,0.028193
553.4362,5.8170,60.69,126.00,0.027875
553.5387,5.8170,60.42,126.00,0.028141
553.6439,5.8170,60.95,126.00,0.028751
553.7460,5.8170,60.69,126.00,0.028335
553.8485,5.9050,60.42,126.00,0.028292
553.9520,5.9050,60.42,126.50,0.028377
554.0552,5.9050,60.69,126.50,0.028441
554.1580,5.9050,60.42,126.50,0.029033
554.2592,5.9050,60.95,126.00,0.028128
554.3630,5.9050,60.15,126.00,0.029243
554.4623,5.9050,60.69,126.00,0.026418
554.5549,5.9050,60.69,127.00,0.026476
554.6510,5.9050,60.69,127.00,0.026917
554.7483,5.9050,60.95,127.00,0.027766
554.8470,5.8780,60.42,127.00,0.027613
554.9447,5.8780,60.42,127.00,0.028428
555.0429,5.8780,60.42,127.00,0.028006
555.1408,5.8780,60.95,127.00,0.027628
555.2369,5.8780,60.42,127.00,0.027552
555.3321,5.8780,60.42,127.00,0.027962
555.4280,5.8780,60.42,127.00,0.027806
555.5262,5.8780,60.69,127.00,0.027941
555.6244,5.8780,60.95,127.00,0.027734
555.7201,5.8780,60.42,127.00,0.028534
555.8166,5.8855,60.69,127.00,0.027709
555.9138,5.8930,60.95,127.00,0.026751
556.0075,5.8930,60.95,127.00,0.026171
556.1018,5.8930,60.42,127.00,0.026809
556.1958,5.8930,60.69,127.00,0.026408
556.2910,5.8930,60.69,127.00,0.026409
556.3877,5.8930,60.69,127.00,0.026563
556.4880,5.8930,60.69,127.00,0.027841
556.5842,5.8930,60.95,127.00,0.027480
556.6804,5.8930,60.42,127.00,0.028042
556.7779,5.9295,61.22,127.00,0.028579
556.8764,5.9660,60.69,127.00,0.027746
556.9723,5.9660,61.22,127.00,0.027056
557.0680,5.9660,60.42,127.00,0.027702
557.1653,5.9660,60.69,127.00,0.028139
557.2625,5.9660,60.95,127.00,0.027702
557.3614,5.9660,60.69,127.00,0.028033
557.4573,5.9660,60.95,127.00,0.028178
557.5561,5.9660,60.69,127.00,0.028426
557.6525,5.9660,60.95,127.00,0.028172
557.7513,5.9660,60.69,127.00,0.027641
557.8489,5.9660,61.22,127.00,0.028044
557.9480,5.9660,60.69,127.00,0.027851
558.0433,5.9660,60.42,127.00,0.027591
558.1407,5.9660,60.69,127.00,0.027769
558.2375,5.9660,60.42,127.50,0.027308
558.3356,5.9660,60.42,128.00,0.027522
558.4316,5.9660,60.95,128.00,0.027792
558.5275,5.9660,60.69,128.00,0.027715
558.6235,5.9660,60.42,128.00,0.027486
558.7193,5.9660,60.69,128.00,0.027452
558.8143,5.9660,60.95,128.00,0.027494
558.9138,5.9660,60.95,128.00,0.028173
559.0124,5.9660,60.95,128.00,0.028152
559.1098,5.9660,60.69,128.00,0.027960
559.2095,5.9660,60.42,128.00,0.027908
559.3079,5.9660,60.69,127.50,0.027623
559.4036,5.9660,60.95,127.00,0.028099
559.5043,5.9660,60.69,127.00,0.027888
559.5995,5.9660,60.69,127.50,0.027610
559.6980,5.9660,60.95,128.00,0.027904
559.7959,5.9660,60.95,128.00,0.028110
559.8909,5.9660,60.69,128.00,0.026171
559.9862,5.9660,60.95,128.00,0.026498
560.0804,5.9660,60.69,127.50,0.026740
560.1767,5.9660,60.69,127.00,0.027081
560.2753,5.9660,61.22,127.00,0.027565
560.3700,5.9660,60.42,127.00,0.027359
560.4682,5.9660,60.69,127.50,0.027739
560.5616,5.9660,60.95,127.50,0.026091
560.6553,5.9660,60.42,127.00,0.026137
560.7516,5.9660,61.22,127.00,0.028024
560.8478,5.9660,60.69,127.00,0.027850
560.9435,5.9545,60.69,127.00,0.028271
561.0425,5.9430,60.69,127.00,0.027463
561.1402,5.9430,61.22,127.00,0.027413
561.2366,5.9430,60.69,127.00,0.027269
561.3347,5.9430,60.95,127.00,0.028233
561.4334,5.9430,60.95,127.00,0.027745
561.5282,5.9430,60.69,127.00,0.027427
561.6240,5.9430,60.69,127.00,0.027470
561.7210,5.9430,60.69,127.00,0.027291
561.8165,5.9565,60.42,127.00,0.027130
561.9123,5.9700,60.95,127.00,0.027652
562.0112,5.9700,60.69,127.00,0.026602
562.1049,5.9700,60.95,127.00,0.026577
562.2007,5.9700,60.95,127.00,0.027741
562.2961,5.9700,61.22,127.00,0.028217
562.3923,5.9700,60.95,127.00,0.027754
562.4876,5.9700,60.95,127.00,0.028006
562.5821,5.9700,60.15,127.00,0.026452
562.6756,5.9700,60.42,127.00,0.026753
562.7699,5.9700,60.69,127.00,0.026735
562.8682,5.9700,60.69,127.00,0.028053
562.9668,5.9700,61.22,127.00,0.027626
563.0654,5.9700,61.22,127.00,0.028338
563.1681,5.9700,60.95,127.00,0.028475
563.2700,5.9700,60.69,127.00,0.028482
563.3721,5.9700,60.95,127.00,0.028386
563.4715,5.9700,60.95,127.00,0.026078
563.5682,5.9700,60.42,127.00,0.026614
563.6620,5.9700,60.69,127.00,0.026955
563.7649,5.9700,60.95,127.00,0.028403
563.8662,5.8050,60.95,127.00,0.028175
563.9667,5.8050,60.69,127.00,0.028431
564.0656,5.8050,61.22,127.00,0.027890
564.1633,5.8050,60.95,127.00,0.027338
564.2590,5.8050,60.95,127.00,0.027676
564.3556,5.8050,60.95,127.00,0.027767
564.4524,5.8050,60.69,127.00,0.027630
564.5480,5.8050,60.95,127.00,0.027450
564.6440,5.8050,60.69,127.00,0.028377
564.7420,5.8050,60.95,127.00,0.027528
564.8404,5.9470,60.95,127.00,0.028140
564.9377,5.9470,60.95,127.00,0.028584
565.0335,5.9470,60.69,127.00,0.028331
565.1377,5.9470,60.69,127.00,0.029086
565.2379,5.9470,60.69,127.00,0.029176
565.3419,5.9470,60.69,127.00,0.029325
565.4430,5.9470,61.22,127.00,0.029660
565.5399,5.9470,60.42,127.00,0.026525
565.6355,5.9470,60.95,127.00,0.027042
565.7331,5.9470,60.95,127.00,0.028452
565.8378,5.9010,60.42,127.00,0.029083
565.9397,5.9010,60.69,127.00,0.028049
566.0416,5.9010,60.95,127.00,0.027978
566.1360,5.9010,60.69,127.00,0.026518
566.2336,5.9010,61.22,127.00,0.028224
566.3378,5.9010,60.69,127.00,0.028153
566.4402,5.9010,60.69,127.00,0.028436
566.5400,5.9010,60.42,127.00,0.027951
566.6433,5.9010,60.69,127.00,0.028164
566.7483,5.9010,60.95,127.00,0.028181
566.8545,5.8050,60.69,127.00,0.028397
566.9550,5.8050,60.42,127.00,0.028000
567.0569,5.8050,60.69,127.00,0.028560
567.1601,5.8050,60.69,127.00,0.027625
567.2600,5.8050,60.69,127.00,0.027257
567.3547,5.8050,60.69,127.00,0.027362
567.4529,5.8050,60.95,127.00,0.027656
567.5485,5.8050,61.22,127.00,0.028029
567.6486,5.8050,60.69,126.50,0.028078
567.7432,5.8050,60.69,126.50,0.027569
567.8409,5.9200,60.69,126.50,0.027596
567.9358,5.9200,60.69,127.00,0.027770
568.0374,5.9200,60.69,127.00,0.027576
568.1339,5.9200,60.95,127.00,0.027616
568.2354,5.9200,60.69,127.00,0.028509
568.3384,5.9200,60.69,127.00,0.028557
568.4429,5.9200,60.69,127.00,0.028515
568.5437,5.9200,61.22,127.00,0.029043
568.6461,5.9200,60.69,127.00,0.026309
568.7421,5.9200,60.69,126.50,0.026460
568.8351,5.9200,60.42,126.50,0.026276
568.9305,5.9200,61.22,126.00,0.027432
569.0344,5.9200,60.42,126.00,0.029868
569.1381,5.9200,60.69,126.00,0.028292
569.2421,5.9200,60.95,126.00,0.029552
569.3465,5.9200,60.15,126.00,0.029026
569.4479,5.9200,60.69,126.00,0.028900
569.5514,5.9200,61.22,126.50,0.028599
569.6542,5.9200,60.95,126.50,0.028094
569.7589,5.9200,61.22,126.00,0.028608
569.8655,5.8700,60.69,126.00,0.029046
569.9695,5.8700,60.69,126.00,0.029330
570.0758,5.8700,60.95,126.00,0.029220
570.1785,5.8700,60.95,126.00,0.028784
570.2791,5.8700,60.42,126.00,0.028335
570.3803,5.8700,60.69,126.00,0.029277
570.4825,5.8700,60.42,124.00,0.028670
570.5867,5.8700,60.95,122.00,0.029309
570.6920,5.8700,60.95,122.00,0.028800
570.7948,5.8970,60.69,122.00,0.028634
570.8991,5.9240,60.69,122.00,0.028676
571.0037,5.9240,60.69,122.00,0.028510
571.1003,5.9240,60.69,122.00,0.026904
571.1942,5.9240,60.95,122.00,0.027549
571.2938,5.9240,60.42,122.00,0.029981
571.3991,5.9240,60.69,122.00,0.029130
571.5048,5.9240,60.95,122.00,0.028917
571.6084,5.9240,60.69,122.00,0.028729
571.7123,5.9240,61.22,122.00,0.028852
571.8155,5.8915,60.69,122.00,0.028583
571.9204,5.8590,60.69,122.00,0.029606
572.0233,5.8590,60.95,122.50,0.028937
572.1270,5.8590,60.42,123.00,0.028717
572.2303,5.8590,60.42,123.00,0.026957
572.3277,5.8590,60.69,123.00,0.026460
572.4230,5.8590,60.95,123.00,0.026901
572.5181,5.8590,60.69,123.00,0.026522
572.6108,5.8590,60.69,123.00,0.026637
572.7138,5.8590,60.69,123.00,0.028619
572.8099,5.8740,60.69,123.00,0.027051
572.9107,5.8890,60.95,123.00,0.027459
573.0129,5.8890,60.69,123.00,0.028292
573.1151,5.8890,60.95,123.00,0.027186
573.2169,5.8890,60.42,123.00,0.029567
573.3213,5.8890,60.69,123.00,0.028378
573.4242,5.8890,60.42,123.00,0.029504
573.5274,5.8890,60.69,123.00,0.028632
573.6314,5.8890,60.69,123.00,0.028925
573.7372,5.8890,60.95,123.00,0.028987
573.8317,5.8890,60.42,123.00,0.026307
573.9281,5.8890,60.69,123.00,0.028144
574.0337,5.7250,60.69,123.00,0.029236
574.1381,5.7250,60.42,123.00,0.029227
574.2318,5.7250,60.69,123.00,0.027344
574.3285,5.7250,60.69,123.00,0.027138
574.4288,5.7250,60.95,123.00,0.028558
574.5320,5.7250,60.95,123.00,0.028049
574.6352,5.7250,60.95,123.00,0.028076
574.7399,5.7250,60.69,123.00,0.028565
574.8432,5.7250,60.69,123.00,0.028389
574.9445,5.7250,60.42,123.00,0.028218
575.0505,5.7250,60.95,123.00,0.029392
575.1534,5.7250,60.42,123.00,0.029242
575.2582,5.7250,60.42,123.00,0.028497
575.3600,5.7250,60.95,123.00,0.028710
575.4607,5.7250,61.22,123.00,0.029014
575.5627,5.7250,60.69,123.00,0.028713
575.6661,5.7250,60.15,123.00,0.028709
575.7669,5.7250,61.22,123.00,0.026293
575.8643,5.7250,60.69,123.00,0.026431
575.9587,5.7250,60.69,123.00,0.027139
576.0620,5.7250,60.42,123.00,0.028260
576.1640,5.9660,60.95,123.00,0.026636
576.2593,5.9660,60.69,123.00,0.027798
576.3608,5.9660,60.95,123.00,0.028530
576.4647,5.9660,60.69,123.00,0.028372
576.5638,5.9660,60.42,123.00,0.027122
576.6688,5.9660,60.95,123.00,0.028201
576.7755,5.8570,60.95,123.00,0.028864
576.8808,5.7480,60.69,123.00,0.028449
576.9848,5.7480,60.69,123.00,0.028283
577.0858,5.7480,60.42,123.00,0.026181
577.1814,5.7480,60.69,123.50,0.026660
577.2801,5.7480,60.95,124.00,0.027405
577.3844,5.7480,60.42,124.00,0.028558
577.4849,5.7480,60.95,124.00,0.028402
577.5777,5.7480,60.42,124.00,0.025985
577.6761,5.7480,60.69,124.00,0.028071
577.7821,5.8510,60.42,124.00,0.028566
577.8797,5.9540,60.95,124.00,0.026840
577.9787,5.9540,60.42,124.00,0.028504
578.0776,5.9540,60.95,124.00,0.028053
578.1724,5.9540,60.69,124.00,0.027750
578.2682,5.9540,60.95,124.00,0.027567
578.3638,5.9540,60.95,124.00,0.028212
578.4621,5.9540,60.69,124.00,0.027979
578.5596,5.9540,60.95,124.00,0.027988
578.6570,5.9540,60.69,124.00,0.028695
578.7506,5.9540,60.69,124.00,0.026556
578.8483,5.9635,60.69,124.00,0.027873
578.9427,5.9730,61.22,124.00,0.026906
579.0445,5.9730,60.69,124.00,0.028480
579.1436,5.9730,60.69,124.00,0.027380
579.2409,5.9730,60.69,124.00,0.026013
579.3340,5.9730,60.95,124.00,0.026460
579.4285,5.9730,60.42,124.00,0.026762
579.5236,5.9730,61.22,124.00,0.027555
579.6197,5.9730,60.69,124.00,0.027585
579.7136,5.9730,60.69,124.00,0.026515
579.8077,5.9730,60.69,124.00,0.026515
579.9038,5.9730,60.69,124.00,0.027145
580.0001,5.9890,60.69,124.00,0.027055
580.0950,5.9890,60.69,124.00,0.026300
580.1914,5.9890,60.69,124.00,0.026575
580.2881,5.9890,60.95,124.00,0.027944
580.3871,5.9890,60.69,124.00,0.027883
580.4845,5.9890,60.42,124.00,0.027759
580.5807,5.9890,61.22,124.00,0.027809
580.6754,5.9890,60.95,124.00,0.027311
580.7723,5.9890,60.69,124.00,0.027859
580.8703,5.9890,60.69,124.50,0.027736
580.9712,5.9890,61.22,125.00,0.027685
581.0677,5.9890,61.22,125.00,0.027940
581.1672,5.9890,60.95,125.00,0.028159
581.2652,5.9890,60.95,125.00,0.027646
581.3638,5.9890,60.69,125.00,0.028260
581.4617,5.9890,60.69,124.50,0.027783
581.5585,5.9890,60.95,124.00,0.027706
581.6558,5.9890,60.69,124.00,0.027114
581.7509,5.9890,60.69,124.00,0.026502
581.8481,5.9775,60.69,124.00,0.028134
581.9482,5.9660,60.69,124.00,0.028246
582.0433,5.9660,61.22,124.00,0.027792
582.1469,5.9660,60.69,125.00,0.027982
582.2445,5.9660,61.22,125.00,0.028094
582.3419,5.9660,60.95,125.00,0.028360
582.4401,5.9660,60.69,125.00,0.028265
582.5392,5.9660,60.69,125.00,0.027945
582.6367,5.9660,60.42,125.00,0.028192
582.7330,5.9660,60.69,125.00,0.027530
582.8288,5.9410,60.95,125.00,0.028023
582.9284,5.9160,60.95,125.00,0.027782
583.0263,5.9160,61.22,125.00,0.026242
583.1227,5.9160,61.22,125.00,0.026374
583.2162,5.9160,61.22,125.00,0.026944
583.3119,5.9160,60.95,125.00,0.027617
583.4093,5.9160,60.69,125.00,0.027632
583.5081,5.9160,60.95,125.00,0.027942
583.6019,5.9160,60.69,125.00,0.026937
583.6966,5.9160,60.69,125.00,0.026980
583.7925,5.9370,60.69,125.00,0.028014
583.8915,5.9580,60.95,125.00,0.027565
583.9897,5.9580,60.95,125.00,0.028355
584.0880,5.9580,60.69,125.00,0.027920
584.1819,5.9580,60.95,125.00,0.026956
584.2787,5.9580,60.69,125.00,0.026670
584.3749,5.9580,60.95,125.00,0.027400
584.4761,5.9580,60.69,125.00,0.028173
584.5720,5.9580,60.69,125.00,0.027658
584.6715,5.9580,61.22,125.00,0.028023
584.7670,5.9315,60.69,125.00,0.027307
584.8632,5.9050,60.69,125.00,0.026749
584.9587,5.9050,60.69,125.00,0.026565
585.0561,5.9050,60.69,125.00,0.026789
585.1542,5.9050,60.69,125.00,0.027940
585.2562,5.9050,61.22,125.00,0.028245
585.3529,5.9050,60.42,125.00,0.027179
585.4479,5.9050,60.42,125.00,0.026920
585.5433,5.9050,60.42,125.00,0.027673
585.6438,5.9050,60.69,125.00,0.028423
585.7427,5.9050,60.69,126.00,0.029101
585.8472,5.9050,60.69,126.00,0.028461
585.9481,5.9050,60.69,126.00,0.028885
586.0514,5.9050,60.42,127.00,0.028329
586.1532,5.9050,60.69,127.00,0.029117
586.2568,5.9050,60.69,127.00,0.028413
586.3528,5.9050,60.42,127.00,0.026441
586.4492,5.9050,60.69,127.00,0.026732
586.5488,5.9050,60.42,127.00,0.029098
586.6471,5.9050,60.42,127.00,0.026787
586.7420,5.9050,60.69,127.00,0.026771
586.8374,5.9050,60.95,127.00,0.027094
586.9422,5.9160,60.69,127.00,0.028677
587.0432,5.9160,60.69,127.00,0.030220
587.1462,5.9160,60.95,127.00,0.028189
587.2459,5.9160,61.22,127.00,0.029138
587.3502,5.9160,60.69,127.00,0.028740
587.4510,5.9160,60.15,127.00,0.027793
587.5537,5.9160,60.42,127.00,0.028031
587.6526,5.9160,60.42,127.00,0.027300
587.7526,5.9160,60.69,127.00,0.028435
587.8501,5.8320,60.15,127.00,0.027106
587.9473,5.8320,60.69,127.00,0.027262
588.0447,5.8320,60.69,127.00,0.027344
588.1391,5.8320,60.69,127.00,0.026214
588.2347,5.8320,60.95,127.00,0.026419
588.3281,5.8320,60.69,127.00,0.026700
588.4254,5.8320,60.95,127.00,0.027855
588.5203,5.8320,60.95,127.00,0.027488
588.6193,5.8320,60.69,127.00,0.027629
588.7191,5.8320,60.42,127.00,0.027741
588.8189,5.8915,60.42,127.00,0.026448
588.9128,5.9510,60.95,127.00,0.026741
589.0071,5.9510,60.95,127.00,0.026223
589.1035,5.9510,60.69,127.00,0.027680
589.2032,5.9510,60.69,127.00,0.028052
589.2985,5.9510,60.95,127.00,0.026672
589.3950,5.9510,60.95,127.00,0.026446
589.4916,5.9510,60.69,127.00,0.027578
589.5906,5.9510,60.42,127.00,0.027769
589.6875,5.9510,60.15,127.00,0.027102
589.7849,5.9450,60.95,127.00,0.027681
589.8809,5.9390,60.95,127.00,0.027308
589.9797,5.9390,60.95,127.00,0.027240
590.0741,5.9390,60.95,127.00,0.026331
590.1713,5.9390,60.42,127.00,0.026493
590.2673,5.9390,60.95,127.00,0.026526
590.3652,5.9390,61.22,127.00,0.027925
590.4581,5.9390,60.69,127.00,0.026171
590.5550,5.9390,60.69,127.00,0.026485
590.6488,5.9390,60.95,127.00,0.027230
590.7480,5.9390,60.69,127.00,0.027856
590.8465,5.8780,60.69,127.00,0.027998
590.9436,5.8780,61.22,127.00,0.028178
591.0413,5.8780,60.42,127.00,0.029355
591.1392,5.8780,61.22,127.00,0.027530
591.2355,5.8780,61.22,127.00,0.028159
591.3362,5.8780,60.69,127.00,0.028269
591.4319,5.8780,60.95,127.00,0.027646
591.5287,5.8780,60.95,127.00,0.027007
591.6261,5.8780,61.22,127.00,0.027904
591.7274,5.8780,61.22,127.00,0.027245
591.8228,5.9145,60.69,127.00,0.027523
591.9206,5.9510,61.22,127.00,0.027383
592.0185,5.9510,60.69,127.00,0.027478
592.1193,5.9510,61.22,127.00,0.027280
592.2155,5.9510,60.95,127.00,0.028066
592.3132,5.9510,60.42,127.00,0.027578
592.4085,5.9510,60.95,127.00,0.027973
592.5069,5.9510,60.69,128.00,0.026621
592.6022,5.9510,60.69,128.00,0.026496
592.6979,5.9510,61.22,128.00,0.026870
592.7926,5.9510,60.95,128.00,0.027098
592.8869,5.9510,60.69,128.00,0.026156
592.9844,5.9315,60.95,128.00,0.028822
593.0851,5.9120,60.95,128.00,0.028320
593.1789,5.9120,60.69,128.00,0.027071
593.2762,5.9120,60.69,128.00,0.026580
593.3701,5.9120,60.42,128.00,0.027064
593.4716,5.9120,60.42,128.00,0.027237
593.5678,5.9120,60.69,128.00,0.028180
593.6642,5.9120,60.42,128.00,0.026693
593.7624,5.9120,60.69,128.00,0.027887
593.8628,5.8630,60.95,128.00,0.026435
593.9582,5.8630,60.95,128.00,0.026572
594.0532,5.8630,60.69,128.00,0.026342
594.1488,5.8630,60.69,128.00,0.027668
594.2456,5.8630,61.22,128.00,0.027795
594.3437,5.8630,60.42,128.00,0.027650
594.4424,5.8630,60.95,128.00,0.027690
594.5385,5.8630,60.95,128.00,0.027397
594.6368,5.8630,60.69,128.00,0.028198
594.7326,5.8630,60.95,128.00,0.027823
594.8311,5.9240,60.95,128.00,0.027819
594.9271,5.9240,60.42,128.00,0.028010
595.0248,5.9240,60.95,128.00,0.028008
595.1214,5.9240,60.69,128.00,0.027779
595.2184,5.9240,61.22,128.00,0.027143
595.3143,5.9240,60.95,128.00,0.027493
595.4133,5.9240,60.69,128.00,0.027677
595.5068,5.9240,60.69,128.00,0.026605
595.6014,5.9240,60.42,128.00,0.026435
595.6952,5.9240,61.22,128.00,0.026876
595.7955,5.9390,60.69,128.00,0.027881
595.8917,5.9540,61.22,128.00,0.027837
595.9895,5.9540,60.95,128.00,0.027801
596.0859,5.9540,60.69,128.00,0.028235
596.1834,5.9540,60.95,128.00,0.028110
596.2814,5.9540,60.95,128.00,0.027660
596.3837,5.9540,60.69,128.00,0.028327
596.4836,5.9540,60.69,128.00,0.027407
596.5806,5.9540,60.95,128.00,0.027534
596.6774,5.9540,60.95,128.00,0.028879
596.7774,5.9540,60.95,128.00,0.027846
596.8757,5.9160,60.95,128.00,0.027630
596.9722,5.9160,60.42,128.00,0.027016
597.0683,5.9160,61.22,128.00,0.028257
597.1677,5.9160,60.42,128.00,0.027376
597.2629,5.9160,60.69,128.00,0.027448
597.3617,5.9160,60.95,128.00,0.027206
597.4615,5.9160,60.69,128.00,0.027597
597.5611,5.9160,60.15,128.00,0.027066
597.6591,5.9160,60.95,128.00,0.027823
597.7587,5.9160,60.42,128.00,0.027663
597.8538,5.8320,61.22,128.00,0.026528
597.9505,5.8320,61.22,128.00,0.026248
598.0476,5.8320,60.69,128.00,0.027388
598.1456,5.8320,60.69,128.00,0.028350
598.2415,5.8320,60.95,128.00,0.027961
598.3381,5.8320,60.95,128.00,0.026143
598.4338,5.8320,61.22,128.00,0.026242
598.5311,5.8320,60.42,128.00,0.026765
598.6287,5.8320,61.22,128.00,0.027867
598.7296,5.8320,60.42,128.00,0.028129
598.8243,5.8320,60.95,128.00,0.027684
598.9237,5.8320,60.95,128.00,0.027549
599.0189,5.8320,60.95,128.00,0.027806
599.1165,5.8320,60.95,128.00,0.028063
599.2113,5.8320,60.42,128.00,0.027183
599.3077,5.8320,60.69,128.00,0.026953
599.4025,5.8320,61.22,128.00,0.027141
599.5006,5.8320,60.95,128.00,0.027859
599.5962,5.8320,61.22,128.00,0.027349
599.6956,5.8320,60.69,128.00,0.027690
599.7939,5.8320,60.69,128.00,0.028152
599.8963,5.9700,60.69,128.00,0.027790
599.9927,5.9700,60.42,128.00,0.027818
600.0916,5.9700,61.22,128.00,0.027586
600.1905,5.9700,60.69,128.00,0.027190
600.2878,5.9700,60.69,128.00,0.027589
600.3881,5.9700,60.95,128.00,0.027548
600.4829,5.9700,61.22,128.00,0.026266
600.5797,5.9700,60.69,128.00,0.026749
600.6757,5.9700,60.69,128.00,0.026792
600.7736,5.9700,60.69,128.00,0.028217
600.8715,5.9090,60.69,128.00,0.027963
600.9699,5.9090,60.69,128.00,0.028203
601.0675,5.9090,60.69,128.00,0.027854
601.1631,5.9090,60.69,128.00,0.027055
601.2587,5.9090,61.22,128.00,0.026853
601.3564,5.9090,60.42,128.00,0.027955
601.4543,5.9090,60.69,128.00,0.026509
601.5469,5.9090,60.95,128.00,0.026137
601.6432,5.9090,60.69,128.00,0.026649
601.7395,5.9090,60.69,128.00,0.028159
601.8417,5.9120,60.15,128.00,0.027521
601.9375,5.9120,60.95,128.00,0.027921
602.0362,5.9120,60.69,128.00,0.027273
602.1325,5.9120,60.95,128.00,0.026747
602.2318,5.9120,60.69,128.00,0.027753
602.3261,5.9120,60.95,127.50,0.026345
602.4219,5.9120,60.69,127.00,0.026834
602.5189,5.9120,60.69,127.00,0.027335
602.6184,5.9120,60.69,127.00,0.027615
602.7159,5.9120,60.69,127.00,0.027760
602.8132,5.9065,60.42,127.50,0.028306
602.9118,5.9010,60.95,127.00,0.027451
603.0115,5.9010,61.22,128.00,0.027433
603.1072,5.9010,60.69,128.00,0.027647
603.2040,5.9010,60.95,128.00,0.027407
603.3005,5.9010,60.69,128.00,0.026292
603.3957,5.9010,60.69,128.00,0.026504
603.4892,5.9010,60.42,128.00,0.026724
603.5860,5.9010,60.95,128.00,0.027673
603.6836,5.9010,60.69,128.00,0.027514
603.7806,5.9370,60.69,128.00,0.027946
603.8765,5.9730,60.95,128.00,0.027075
603.9732,5.9730,60.95,128.00,0.027446
604.0698,5.9730,60.95,128.00,0.027848
604.1667,5.9730,60.42,128.00,0.027195
604.2628,5.9730,60.69,127.50,0.028373
604.3629,5.9730,60.69,127.50,0.028249
604.4623,5.9730,60.95,127.00,0.028636
604.5593,5.9730,60.95,127.00,0.027734
604.6554,5.9730,60.69,127.00,0.027587
604.7553,5.9730,60.42,127.00,0.027874
604.8561,5.9010,60.95,127.00,0.028180
604.9510,5.9010,61.22,127.00,0.026160
605.0465,5.9010,60.95,127.00,0.026581
605.1429,5.9010,60.69,127.00,0.027851
605.2388,5.9010,61.22,127.00,0.027726
605.3350,5.9010,61.49,127.00,0.027136
605.4305,5.9010,60.69,127.00,0.027347
605.5296,5.9010,60.95,127.00,0.027432
605.6274,5.9010,60.95,127.00,0.027477
605.7270,5.9010,60.69,127.00,0.027650
605.8233,5.9275,60.69,127.50,0.028065
605.9206,5.9540,60.69,127.50,0.027772
606.0164,5.9540,60.69,127.50,0.027681
606.1149,5.9540,60.95,127.00,0.027177
606.2120,5.9540,60.95,127.50,0.027136
606.3100,5.9540,60.95,127.00,0.028471
606.4066,5.9540,60.69,127.50,0.028128
606.5041,5.9540,60.69,127.00,0.028080
606.5996,5.9540,60.95,127.00,0.027509
606.6996,5.9540,60.95,127.00,0.028131
606.7977,5.9425,61.22,127.00,0.027694
606.8993,5.9310,61.22,127.00,0.027706
606.9945,5.9310,60.95,127.00,0.027043
607.0938,5.9310,60.95,127.00,0.027270
607.1869,5.9310,60.69,127.00,0.026357
607.2826,5.9310,60.95,127.00,0.026384
607.3767,5.9310,60.69,127.00,0.027178
607.4733,5.9310,60.42,127.00,0.026394
607.5681,5.9310,60.69,127.00,0.026818
607.6643,5.9310,60.69,127.00,0.026941
607.7595,5.9310,60.69,127.00,0.027939
607.8586,5.9120,60.69,127.00,0.028176
607.9562,5.9120,61.22,127.00,0.027522
608.0561,5.9120,61.22,127.00,0.027757
608.1534,5.9120,60.95,127.00,0.027140
608.2511,5.9120,60.95,127.00,0.028030
608.3477,5.9120,60.95,127.00,0.028117
608.4450,5.9120,60.95,127.00,0.027866
608.5406,5.9120,60.95,127.00,0.027687
608.6383,5.9120,60.95,127.00,0.027875
608.7353,5.9120,60.69,127.00,0.027023
608.8347,5.9120,60.69,127.00,0.027221
608.9320,5.9120,61.22,127.00,0.027761
609.0283,5.9120,60.69,127.00,0.027138
609.1245,5.9120,60.95,127.00,0.026615
609.2195,5.9120,60.69,127.00,0.026230
609.3135,5.9120,60.95,127.00,0.026882
609.4107,5.9120,60.69,127.00,0.027552
609.5099,5.9120,60.69,127.00,0.027847
609.6121,5.9120,60.95,127.00,0.027375
609.7077,5.9120,60.69,127.00,0.027524
609.8081,5.9120,60.42,127.00,0.028320
609.9071,5.8320,60.95,127.00,0.027792
610.0049,5.8320,60.69,127.00,0.027187
610.0984,5.8320,60.69,126.50,0.026696
610.1962,5.8320,61.22,126.50,0.026864
610.2921,5.8320,61.22,127.00,0.027814
610.3869,5.8320,60.42,127.00,0.026313
610.4827,5.8320,60.95,127.00,0.026815
610.5786,5.8320,60.95,127.00,0.027055
610.6760,5.8320,61.22,127.00,0.027272
610.7727,5.9045,61.22,127.00,0.027617
610.8686,5.9770,60.95,127.00,0.027928
610.9670,5.9770,60.95,127.00,0.027021
611.0655,5.9770,60.69,127.00,0.027798
611.1638,5.9770,60.95,127.00,0.027025
611.2607,5.9770,61.22,127.00,0.027223
611.3556,5.9770,60.69,127.00,0.026381
611.4513,5.9770,61.22,127.00,0.026544
611.5472,5.9770,61.22,127.00,0.027434
611.6431,5.9770,60.95,127.00,0.028255
611.7432,5.9770,60.42,127.00,0.027872
611.8425,5.9010,61.22,127.00,0.027904
611.9404,5.9010,60.69,127.00,0.028068
612.0405,5.9010,60.69,127.00,0.028275
612.1409,5.9010,60.95,127.00,0.028492
612.2364,5.9010,61.22,127.00,0.027582
612.3361,5.9010,61.22,127.00,0.027945
612.4325,5.9010,60.95,127.00,0.028023
612.5300,5.9010,61.22,127.00,0.027520
612.6282,5.9010,61.22,127.00,0.027769
612.7248,5.9010,61.22,126.50,0.027076
612.8205,5.9105,61.22,127.00,0.027439
612.9205,5.9200,60.95,127.00,0.027717
613.0202,5.9200,60.95,127.00,0.027806
613.1196,5.9200,60.95,127.00,0.027302
613.2155,5.9200,60.95,127.00,0.027668
613.3127,5.9200,60.95,127.00,0.027756
613.4087,5.9200,60.69,127.00,0.027765
613.5081,5.9200,61.22,126.50,0.027676
613.6037,5.9200,60.69,126.00,0.027542
613.7009,5.9200,60.95,126.00,0.027404
613.7967,5.9295,60.95,126.50,0.027837
613.8962,5.9390,60.95,126.00,0.027745
613.9958,5.9390,60.95,126.50,0.027055
614.0940,5.9390,60.69,127.00,0.028205
614.1935,5.9390,60.69,127.00,0.027736
614.2925,5.9390,60.69,127.00,0.027762
614.3887,5.9390,60.95,126.50,0.028184
614.4884,5.9390,60.95,126.00,0.027689
614.5848,5.9390,60.69,126.00,0.027870
614.6838,5.9390,60.95,126.50,0.027773
614.7814,5.9390,60.95,126.50,0.027713
614.8787,5.9390,60.95,126.00,0.027485
614.9762,5.9390,60.69,126.00,0.027425
615.0758,5.9390,60.69,126.00,0.027468
615.1711,5.9390,61.22,126.50,0.027388
615.2679,5.9390,61.22,126.50,0.027016
615.3640,5.9390,60.69,126.00,0.027447
615.4634,5.9390,61.22,126.00,0.027318
615.5580,5.9390,60.42,126.00,0.027016
615.6575,5.9390,60.69,126.00,0.028071
615.7561,5.9390,61.22,126.00,0.027534
615.8559,5.9390,61.22,126.00,0.027816
615.9507,5.9390,61.22,126.00,0.026878
616.0469,5.9390,60.69,126.00,0.026699
616.1433,5.9390,60.95,126.00,0.027069
616.2441,5.8820,60.69,126.00,0.028071
616.3433,5.8820,60.95,126.00,0.028683
616.4428,5.8820,60.69,126.00,0.027175
616.5388,5.8820,60.95,126.00,0.026953
616.6387,5.8820,60.95,126.00,0.026580
616.7354,5.8820,60.95,126.00,0.027273
616.8338,5.8435,61.22,126.00,0.029034
616.9335,5.8050,60.95,126.00,0.028970
617.0315,5.8050,60.69,126.00,0.027495
617.1298,5.8050,61.22,126.00,0.027555
617.2288,5.8050,60.95,126.00,0.027298
617.3287,5.8050,60.42,126.00,0.026965
617.4248,5.8050,61.22,126.00,0.026919
617.5208,5.8050,60.69,126.00,0.026043
617.6161,5.8050,60.69,126.00,0.026780
617.7099,5.8050,60.95,126.00,0.026479
617.8066,5.8050,60.95,126.00,0.027533
617.9066,5.8050,61.22,126.00,0.027748
618.0036,5.8050,60.95,126.00,0.027791
618.1001,5.8050,60.95,126.00,0.027905
618.1996,5.8050,60.69,126.00,0.027537
618.2974,5.8050,60.95,126.00,0.027564
618.3973,5.8050,60.95,126.00,0.027801
618.4938,5.8050,61.22,126.00,0.028342
618.5935,5.8050,60.95,126.00,0.027899
618.6902,5.8050,61.22,126.00,0.028933
618.7877,5.8050,60.95,126.00,0.028516
618.8837,5.8050,60.69,126.00,0.028349
618.9820,5.8050,60.95,126.00,0.028484
619.0817,5.9810,60.95,126.00,0.028977
619.1813,5.9810,60.95,126.00,0.027764
619.2766,5.9810,60.95,126.00,0.027670
619.3793,5.9810,61.22,126.00,0.033986
619.4765,5.9810,61.22,126.00,0.027426
619.5749,5.9810,61.22,126.00,0.027549
619.6747,5.9810,60.95,126.00,0.028122
619.7760,5.9200,60.69,126.00,0.028070
619.8762,5.8590,61.22,126.00,0.027906
619.9749,5.8590,60.95,126.00,0.027749
620.0729,5.8590,61.22,126.00,0.028240
620.1729,5.8590,60.95,126.00,0.028229
620.2715,5.8590,60.95,126.00,0.028244
620.3692,5.8590,60.69,126.00,0.028027
620.4647,5.8590,60.95,126.00,0.027761
620.5637,5.8590,60.95,126.00,0.027711
620.6593,5.8590,61.22,126.00,0.027947
620.7574,5.8590,61.22,126.00,0.027813
620.8561,5.9350,60.69,126.00,0.027759
620.9537,5.9350,60.69,126.00,0.028390
621.0499,5.9350,61.22,126.00,0.026487
621.1465,5.9350,60.95,126.00,0.026371
621.2420,5.9350,60.95,126.00,0.026675
621.3389,5.9350,61.22,126.00,0.026758
621.4342,5.9350,60.69,126.00,0.026744
621.5323,5.9350,60.69,126.00,0.027625
621.6279,5.9350,61.22,126.50,0.028292
621.7265,5.9350,61.22,126.00,0.027380
621.8264,5.9200,60.69,126.00,0.027733
621.9243,5.9050,60.95,126.00,0.027443
622.0215,5.9050,60.69,126.00,0.027317
622.1186,5.9050,60.95,126.00,0.026641
622.2126,5.9050,60.69,126.00,0.026967
622.3089,5.9050,60.69,126.00,0.027316
622.4082,5.9050,61.22,126.00,0.027609
622.5088,5.9050,60.42,126.00,0.027330
622.6046,5.9050,60.69,126.00,0.028239
622.7033,5.9050,60.69,126.00,0.027484
622.8011,5.9180,60.69,126.00,0.028549
622.9009,5.9310,61.22,126.00,0.027813
623.0003,5.9310,61.49,126.00,0.028380
623.1002,5.9310,60.95,126.00,0.028197
623.2005,5.9310,61.22,126.00,0.028093
623.2991,5.9310,60.69,126.00,0.028587
623.3997,5.9310,60.69,126.00,0.028541
623.4958,5.9310,60.95,126.00,0.026623
623.5893,5.9310,61.22,126.00,0.026389
623.6841,5.9310,60.95,126.00,0.026651
623.7799,5.9445,60.42,126.00,0.027629
623.8800,5.9580,61.22,126.00,0.027621
623.9754,5.9580,60.95,126.00,0.027661
624.0725,5.9580,60.69,126.00,0.027996
624.1695,5.9580,61.22,126.00,0.028091
624.2689,5.9580,61.22,126.00,0.028099
624.3654,5.9580,60.95,126.00,0.027312
624.4631,5.9580,60.69,126.00,0.026649
624.5571,5.9580,60.69,126.00,0.026774
624.6564,5.9580,60.95,126.00,0.028288
624.7520,5.9580,61.22,126.00,0.027495
624.8502,5.8890,60.95,126.00,0.026297
624.9431,5.8890,61.22,126.00,0.026258
625.0379,5.8890,60.69,126.00,0.026408
625.1321,5.8890,60.95,126.00,0.027556
625.2292,5.8890,60.95,126.00,0.028146
625.3268,5.8890,60.69,126.00,0.027725
625.4278,5.8890,60.95,126.00,0.027594
625.5243,5.8890,60.95,126.00,0.026562
625.6200,5.8890,60.69,126.00,0.027179
625.7151,5.8890,60.69,126.00,0.027437
625.8125,5.9065,60.95,126.00,0.027769
625.9087,5.9240,60.69,126.00,0.027919
626.0074,5.9240,61.22,126.00,0.027561
626.1033,5.9240,60.69,126.00,0.027793
626.2004,5.9240,60.69,126.00,0.027810
626.2972,5.9240,60.95,126.00,0.026980
626.3965,5.9240,60.69,126.00,0.027979
626.4920,5.9240,60.95,126.00,0.027828
626.5913,5.9240,61.22,126.00,0.028123
626.6885,5.9240,60.95,126.00,0.027942
626.7902,5.9430,60.95,126.00,0.028085
626.8882,5.9620,60.95,126.00,0.028020
626.9851,5.9620,60.95,126.00,0.028447
627.0819,5.9620,60.95,126.00,0.029011
627.1784,5.9620,60.95,126.00,0.027720
627.2744,5.9620,61.22,126.00,0.027586
627.3707,5.9620,61.22,126.00,0.027571
627.4683,5.9620,61.22,126.00,0.026794
627.5674,5.9620,61.22,126.00,0.027647
627.6647,5.9620,60.95,126.00,0.027341
627.7634,5.9620,61.22,126.00,0.027369
627.8592,5.8860,60.69,126.00,0.027434
627.9567,5.8860,60.95,126.00,0.027953
628.0523,5.8860,60.95,126.00,0.027736
628.1467,5.8860,60.95,126.00,0.026514
628.2394,5.8860,60.69,126.00,0.026134
628.3343,5.8860,60.69,126.00,0.027046
628.4318,5.8860,60.69,126.00,0.027880
628.5308,5.8860,60.69,126.00,0.027823
628.6279,5.8860,60.95,126.00,0.027291
628.7271,5.8860,60.42,126.00,0.027977
628.8257,5.8840,60.69,126.00,0.027679
628.9257,5.8820,60.95,126.00,0.027970
629.0222,5.8820,60.95,126.00,0.028630
629.1187,5.8820,60.69,126.00,0.025809
629.2120,5.8820,60.95,126.00,0.026546
629.3063,5.8820,60.95,126.00,0.026444
629.4014,5.8820,61.22,126.00,0.027797
629.4981,5.8820,60.95,126.00,0.027113
629.5975,5.8820,60.69,126.00,0.027408
629.6969,5.8820,60.95,125.50,0.028128
629.7952,5.9390,60.69,125.50,0.028252
629.8923,5.9960,61.22,125.50,0.027584
629.9878,5.9960,60.95,125.00,0.027774
630.0869,5.9960,60.95,125.00,0.027549
630.1848,5.9960,60.95,126.00,0.027980
630.2838,5.9960,60.95,126.00,0.028210
630.3791,5.9960,60.95,126.00,0.027519
630.4766,5.9960,60.95,126.00,0.028297
630.5740,5.9960,60.95,125.50,0.028042
630.6711,5.9960,60.95,125.00,0.028335
630.7670,5.9620,61.22,125.00,0.027936
630.8643,5.9280,60.95,125.00,0.027763
630.9597,5.9280,60.69,125.50,0.027388
631.0556,5.9280,60.95,125.50,0.026948
631.1484,5.9280,61.22,126.00,0.026274
631.2433,5.9280,61.22,126.00,0.026846
631.3386,5.9280,60.95,126.00,0.027463
631.4364,5.9280,61.22,125.50,0.028279
631.5338,5.9280,61.22,125.00,0.027939
631.6305,5.9280,60.95,125.00,0.027774
631.7239,5.9280,60.95,125.50,0.026325
631.8184,5.9280,60.95,125.00,0.026706
631.9121,5.9280,60.95,125.50,0.027402
632.0117,5.9540,60.95,126.00,0.028403
632.1098,5.9540,61.22,125.50,0.028378
632.2074,5.9540,60.69,125.50,0.028556
632.3021,5.9540,60.69,125.00,0.027229
632.4009,5.9540,60.95,125.00,0.028092
632.4964,5.9540,60.95,125.00,0.028203
632.5951,5.9540,60.95,125.00,0.027096
632.6928,5.9540,60.95,125.50,0.028173
632.7914,5.9635,61.22,125.50,0.027314
632.8893,5.9730,60.69,125.00,0.027483
632.9881,5.9730,60.95,125.00,0.027348
633.0877,5.9730,60.95,125.00,0.027856
633.1852,5.9730,60.95,125.00,0.027900
633.2811,5.9730,60.95,125.00,0.028322
633.3800,5.9730,61.22,125.00,0.027680
633.4775,5.9730,61.22,126.00,0.028027
633.5762,5.9730,60.95,126.00,0.027605
633.6764,5.9730,61.22,125.50,0.027986
633.7704,5.9730,60.95,125.50,0.026255
633.8634,5.9730,61.22,125.50,0.026214
633.9598,5.9635,60.95,125.00,0.028209
634.0540,5.9540,61.22,125.00,0.026164
634.1507,5.9540,60.69,125.50,0.026382
634.2440,5.9540,61.22,126.00,0.026751
634.3413,5.9540,61.22,126.00,0.027833
634.4361,5.9540,61.22,125.50,0.026993
634.5320,5.9540,61.22,125.50,0.027102
634.6316,5.9540,61.22,125.50,0.027645
634.7282,5.9540,61.22,125.50,0.027269
634.8240,5.9540,61.22,125.00,0.027845
634.9218,5.9540,60.95,125.00,0.028382
635.0217,5.9540,60.69,125.00,0.027920
635.1194,5.9540,61.22,125.50,0.028177
635.2146,5.9540,61.22,126.00,0.027208
635.3153,5.9540,60.95,125.50,0.027451
635.4126,5.9540,60.69,125.00,0.027873
635.5119,5.9540,60.95,125.00,0.027666
635.6093,5.9540,61.22,125.50,0.027625
635.7076,5.9540,61.22,125.00,0.027665
635.8038,5.9330,61.22,125.00,0.028598
635.9029,5.9120,60.95,125.00,0.027450
636.0019,5.9120,60.69,125.00,0.029336
636.0991,5.9120,60.95,125.00,0.027786
636.1970,5.9120,60.69,125.00,0.028119
636.2944,5.9120,61.22,125.00,0.027862
636.3917,5.9120,61.22,125.50,0.028080
636.4885,5.9120,61.22,126.00,0.027325
636.5837,5.9120,60.95,125.50,0.027388
636.6813,5.9120,60.95,125.00,0.028026
636.7776,5.9370,60.95,125.50,0.028110
636.8743,5.9620,60.95,125.00,0.027330
636.9719,5.9620,60.95,125.00,0.027570
637.0713,5.9620,61.22,125.00,0.027701
637.1691,5.9620,60.95,125.00,0.027939
637.2651,5.9620,61.22,125.00,0.027208
637.3606,5.9620,61.22,125.00,0.027916
637.4585,5.9620,60.95,125.00,0.027193
637.5536,5.9620,61.22,125.50,0.027404
637.6519,5.9620,61.22,126.00,0.027362
637.7466,5.9620,60.95,126.00,0.027565
637.8427,5.9620,60.95,126.00,0.027755
637.9386,5.9620,61.22,126.00,0.026575
638.0354,5.9620,61.22,126.00,0.026746
638.1319,5.9620,60.95,126.00,0.027300
638.2294,5.9620,60.69,126.00,0.028139
638.3242,5.9620,60.69,126.00,0.027106
638.4232,5.9620,60.95,126.00,0.027342
638.5204,5.9620,60.95,126.00,0.027467
638.6161,5.9620,60.95,126.00,0.026621
638.7108,5.9620,60.69,126.00,0.026271
638.8064,5.9485,60.95,126.00,0.027781
638.9034,5.9350,60.69,126.00,0.027528
639.0003,5.9350,61.22,126.00,0.027355
639.1003,5.9350,60.95,126.00,0.027691
639.1952,5.9350,60.95,126.00,0.026794
639.2906,5.9350,60.95,126.00,0.027659
639.3921,5.9350,61.22,126.00,0.027890
639.4927,5.9350,60.95,126.00,0.028374
639.5945,5.9350,61.22,126.00,0.028279
639.6922,5.9350,60.95,126.00,0.028204
639.7946,5.9525,61.22,126.00,0.028609
639.8932,5.9700,60.69,126.00,0.027720
639.9932,5.9700,60.95,126.00,0.028391
640.0913,5.9700,60.69,125.50,0.027898
640.1904,5.9700,61.22,125.00,0.027254
640.2857,5.9700,60.95,125.00,0.028078
640.3846,5.9700,61.22,126.00,0.027831
640.4799,5.9700,60.95,126.00,0.027534
640.5745,5.9700,61.22,126.00,0.026349
640.6680,5.9700,61.22,126.00,0.026876
640.7655,5.9700,60.95,126.00,0.028284
640.8695,5.9120,60.69,126.00,0.028852
640.9737,5.9120,60.95,126.00,0.027627
641.0683,5.9120,61.22,126.00,0.027014
641.1636,5.9120,61.22,126.00,0.026194
641.2622,5.9120,60.95,126.00,0.027283
641.3662,5.9120,60.95,126.00,0.028632
641.4697,5.9120,60.95,126.00,0.028950
641.5719,5.9120,60.95,126.00,0.027918
641.6721,5.9120,60.69,126.00,0.029172
641.7741,5.9120,60.42,126.00,0.028594
641.8789,5.8250,60.69,126.00,0.028918
641.9799,5.8250,60.95,126.00,0.028064
642.0839,5.8250,60.42,126.00,0.028179
642.1878,5.8250,60.69,126.00,0.028790
642.2863,5.8250,60.95,126.00,0.027111
642.3827,5.8250,60.95,126.00,0.027654
642.4886,5.8250,60.95,126.00,0.028479
642.5902,5.8250,60.69,126.00,0.027903
642.6903,5.8250,60.95,126.00,0.027446
642.7885,5.8230,60.42,126.00,0.029079
642.8919,5.8210,61.22,126.00,0.025802
642.9856,5.8210,61.22,126.00,0.026352
643.0834,5.8210,61.22,126.00,0.028021
643.1827,5.8210,61.22,126.00,0.028643
643.2848,5.8210,60.95,126.00,0.028813
643.3863,5.8210,61.22,126.00,0.028310
643.4918,5.8210,60.95,126.00,0.028596
643.5954,5.8210,60.95,126.00,0.028972
643.7015,5.8210,60.95,126.00,0.029185
643.8013,5.8115,60.69,126.00,0.027961
643.8974,5.8020,60.69,126.00,0.027786
643.9963,5.8020,60.69,126.00,0.028089
644.0922,5.8020,61.22,126.00,0.028211
644.1900,5.8020,61.22,126.00,0.028564
644.2858,5.8020,60.95,126.00,0.028357
644.3830,5.8020,60.95,126.00,0.027956
644.4811,5.8020,60.95,126.00,0.027900
644.5780,5.8020,61.22,126.00,0.027302
644.6723,5.8020,60.95,126.00,0.026443
644.7685,5.8020,61.22,126.00,0.026951
644.8639,5.8590,61.22,126.00,0.027639
644.9616,5.9160,60.95,126.00,0.027939
645.0574,5.9160,61.22,126.00,0.028195
645.1515,5.9160,60.95,126.00,0.026076
645.2443,5.9160,60.69,126.00,0.026061
645.3395,5.9160,61.22,126.00,0.027173
645.4354,5.9160,61.22,126.00,0.028059
645.5304,5.9160,60.69,126.00,0.026156
645.6257,5.9160,61.22,126.00,0.026283
645.7228,5.9160,61.22,126.00,0.026576
645.8203,5.9220,60.69,126.00,0.027736
645.9203,5.9280,60.69,126.00,0.028006
646.0161,5.9280,61.22,126.00,0.028186
646.1135,5.9280,60.95,126.00,0.028010
646.2074,5.9280,61.22,126.00,0.026330
646.3021,5.9280,60.95,126.00,0.026695
646.3958,5.9280,60.95,126.00,0.026569
646.4926,5.9280,60.95,126.00,0.027467
646.5882,5.9280,61.22,126.00,0.027416
646.6880,5.9280,60.95,126.00,0.028020
646.7860,5.9545,61.22,126.00,0.027618
646.8881,5.9810,60.69,126.00,0.027950
646.9840,5.9810,60.95,126.00,0.027107
647.0836,5.9810,61.22,126.00,0.027675
647.1805,5.9810,60.95,126.00,0.028025
647.2795,5.9810,60.69,126.00,0.027184
647.3753,5.9810,60.95,126.00,0.027839
647.4728,5.9810,60.95,126.00,0.028165
647.5688,5.9810,61.22,126.00,0.028591
647.6668,5.9810,60.95,126.00,0.028325
647.7642,5.9810,60.95,126.00,0.027638
647.8628,5.9580,60.95,126.00,0.028410
647.9581,5.9580,60.95,126.00,0.027356
648.0576,5.9580,60.95,126.00,0.027642
648.1524,5.9580,60.69,126.00,0.027014
648.2514,5.9580,60.95,126.00,0.027386
648.3473,5.9580,60.42,126.00,0.027412
648.4476,5.9580,60.69,126.00,0.028254
648.5436,5.9580,61.22,126.00,0.027936
648.6418,5.9580,60.95,126.00,0.028099
648.7403,5.9580,61.22,126.00,0.028039
648.8379,5.9580,61.22,126.00,0.028175
648.9361,5.9580,60.95,126.00,0.027833
649.0362,5.9580,60.95,126.00,0.028080
649.1314,5.9580,60.42,126.00,0.027170
649.2292,5.9580,60.95,126.00,0.028311
649.3240,5.9580,60.95,126.00,0.027589
649.4207,5.9580,60.69,126.00,0.027501
649.5186,5.9580,61.22,126.00,0.028121
649.6201,5.9580,61.22,126.00,0.028276
649.7202,5.9580,60.95,126.00,0.027728
649.8202,5.9735,60.95,126.00,0.028439
649.9148,5.9890,60.69,126.00,0.026373
650.0115,5.9890,60.95,126.00,0.026760
650.1068,5.9890,61.22,126.00,0.026485
650.2079,5.9890,60.42,126.00,0.027654
650.3034,5.9890,61.22,126.00,0.026988
650.4006,5.9890,61.22,126.00,0.028231
650.4956,5.9890,61.22,126.00,0.027110
650.5954,5.9890,60.95,126.00,0.027856
650.6913,5.9890,60.95,126.00,0.027943
650.7949,5.9830,60.42,126.00,0.028442
650.8965,5.9770,60.95,126.00,0.028020
650.9992,5.9770,60.95,126.00,0.028295
651.1035,5.9770,60.69,126.00,0.028363
651.2090,5.9770,60.42,126.00,0.028282
651.3121,5.9770,61.22,126.00,0.028580
651.4140,5.9770,60.95,126.00,0.028699
651.5083,5.9770,60.42,126.00,0.026742
651.6051,5.9770,60.69,126.00,0.027306
651.7039,5.9770,60.95,126.00,0.029071
651.8080,5.9465,60.95,126.00,0.028939
651.9125,5.9160,60.42,126.00,0.028369
652.0190,5.9160,60.69,126.00,0.028685
652.1166,5.9160,61.22,126.00,0.027205
652.2127,5.9160,61.49,126.00,0.027935
652.3176,5.9160,60.42,126.00,0.028786
652.4222,5.9160,60.69,126.00,0.029068
652.5263,5.9160,60.95,126.00,0.028771
652.6306,5.9160,60.69,126.00,0.028998
652.7351,5.9160,60.95,126.00,0.029312
652.8388,5.8205,60.95,126.00,0.028412
652.9447,5.7250,60.95,126.00,0.028512
653.0479,5.7250,61.22,126.00,0.028477
653.1521,5.7250,60.95,126.00,0.028651
653.2588,5.7250,60.95,126.00,0.029910
653.3660,5.7250,60.42,126.00,0.027992
653.4706,5.7250,61.22,126.00,0.028467
653.5768,5.7250,60.95,126.00,0.028573
653.6790,5.7250,61.22,126.00,0.028004
653.7759,5.7250,60.95,126.00,0.027642
653.8746,5.7250,60.95,126.00,0.026606
653.9714,5.7250,60.69,126.00,0.026788
654.0729,5.7250,60.95,126.00,0.028771
654.1766,5.7250,60.69,126.00,0.028597
654.2799,5.7250,60.95,126.00,0.028870
654.3829,5.7250,60.95,126.00,0.028278
654.4881,5.7250,60.95,126.00,0.028126
654.5925,5.7250,61.22,126.00,0.028787
654.6972,5.7250,60.95,126.00,0.028749
654.8041,5.7250,60.69,126.00,0.029036
654.9095,5.7635,60.69,126.00,0.027886
655.0165,5.8020,60.69,126.00,0.028525
655.1175,5.8020,60.69,126.00,0.027370
655.2125,5.8020,60.69,126.00,0.027829
655.3165,5.8020,60.69,126.00,0.028253
655.4193,5.8020,60.69,126.00,0.027130
655.5151,5.8020,60.69,126.00,0.026818
655.6155,5.8020,60.95,126.00,0.026187
655.7148,5.8020,60.69,126.00,0.026421
655.8080,5.8020,60.69,126.00,0.026415
655.9037,5.8020,60.95,126.00,0.026705
656.0015,5.8075,60.69,126.00,0.029022
656.1005,5.8130,60.95,126.00,0.026386
656.1947,5.8130,60.95,126.00,0.026359
656.2931,5.8130,60.95,127.00,0.027188
656.3947,5.8130,60.95,127.00,0.029047
656.4990,5.8130,60.69,127.00,0.029090
656.6014,5.8130,60.69,127.00,0.029298
656.7075,5.8130,60.95,127.00,0.028510
656.8104,5.8300,60.95,127.00,0.028431
656.9131,5.8470,60.69,127.00,0.028790
657.0168,5.8470,60.69,127.00,0.028455
657.1228,5.8470,60.95,127.00,0.028097
657.2283,5.8470,60.95,127.00,0.028814
657.3337,5.8470,60.95,127.00,0.028379
657.4395,5.8470,60.69,127.00,0.028437
657.5428,5.8470,60.42,127.00,0.028295
657.6455,5.8470,60.69,127.00,0.028913
657.7501,5.8470,60.95,127.00,0.028741
657.8522,5.7600,60.95,127.00,0.028232
657.9563,5.7600,61.22,127.00,0.028493
658.0631,5.7600,61.49,127.00,0.028681
658.1656,5.7600,60.95,127.00,0.027411
658.2630,5.7600,61.22,127.00,0.027596
658.3612,5.7600,61.22,127.00,0.027827
658.4583,5.7600,61.22,127.00,0.027809
658.5559,5.7600,61.22,127.00,0.027650
658.6536,5.7600,60.95,127.00,0.028175
658.7483,5.7600,60.69,127.00,0.027804
658.8484,5.9660,60.69,127.00,0.027559
658.9445,5.9660,61.22,127.00,0.028232
659.0453,5.9660,60.69,127.00,0.029279
659.1499,5.9660,61.22,127.00,0.029530
659.2555,5.9660,61.22,127.00,0.028703
659.3618,5.9660,60.69,127.00,0.029639
659.4645,5.9660,60.69,127.00,0.028911
659.5667,5.9660,60.95,127.00,0.028919
659.6711,5.9660,60.95,127.00,0.029256
659.7741,5.8840,60.95,127.00,0.029307
659.8782,5.8020,60.69,127.00,0.028186
659.9717,5.8020,60.69,127.00,0.026716
660.0699,5.8020,60.69,127.00,0.027831
660.1723,5.8020,60.95,128.00,0.028131
660.2701,5.8020,60.95,128.00,0.027670
660.3721,5.8020,61.22,128.00,0.027853
660.4684,5.8020,60.95,128.00,0.028038
660.5683,5.8020,60.95,128.00,0.027674
660.6631,5.8020,61.22,128.00,0.026689
660.7632,5.8020,61.22,128.00,0.026684
660.8586,5.8020,60.95,128.00,0.026431
660.9564,5.8650,61.22,128.00,0.027479
661.0529,5.9280,61.22,128.00,0.027948
661.1534,5.9280,60.69,128.00,0.027778
661.2517,5.9280,60.95,128.00,0.027543
661.3513,5.9280,60.42,128.00,0.027147
661.4472,5.9280,60.95,128.00,0.026862
661.5441,5.9280,60.69,128.00,0.027101
661.6404,5.9280,61.22,128.00,0.027994
661.7402,5.9280,61.22,128.00,0.028112
661.8363,5.9280,61.22,128.00,0.027967
661.9370,5.9280,61.22,128.00,0.027706
662.0328,5.9280,60.95,128.00,0.027804
662.1321,5.9280,60.69,128.00,0.028158
662.2286,5.9280,60.69,128.00,0.028241
662.3293,5.9280,60.69,128.00,0.028487
662.4274,5.9280,60.95,128.50,0.027385
662.5270,5.9280,60.69,129.00,0.026736
662.6225,5.9280,60.69,129.00,0.026663
662.7253,5.9280,60.69,128.50,0.028942
662.8236,5.9280,60.95,128.00,0.028262
662.9231,5.9280,60.69,128.00,0.027548
663.0221,5.9280,61.22,128.00,0.028279
663.1244,5.9280,60.95,128.00,0.028001
663.2206,5.9280,60.69,128.00,0.028298
663.3201,5.9280,60.95,128.00,0.027771
663.4158,5.9280,61.22,128.00,0.027411
663.5141,5.9280,60.95,128.00,0.026965
663.6123,5.9280,61.22,128.00,0.027866
663.7117,5.9280,61.22,128.00,0.027692
663.8092,5.9280,60.69,128.00,0.027813
663.9086,5.9280,60.95,128.00,0.027707
664.0055,5.9430,60.95,128.00,0.028822
664.1032,5.9580,61.22,128.00,0.027736
664.1993,5.9580,60.69,128.00,0.027745
664.2967,5.9580,61.22,128.00,0.027801
664.3919,5.9580,60.95,128.00,0.027579
664.4912,5.9580,60.69,128.00,0.027718
664.5891,5.9580,60.95,128.00,0.027519
664.6909,5.9580,60.95,128.00,0.027950
664.7875,5.9620,60.95,128.50,0.028257
664.8873,5.9660,60.95,129.00,0.027910
664.9838,5.9660,60.95,129.00,0.027902
665.0846,5.9660,60.95,129.00,0.028316
665.1816,5.9660,61.22,128.50,0.028710
665.2823,5.9660,60.42,128.00,0.028572
665.3836,5.9660,60.42,128.00,0.028612
665.4845,5.9660,60.95,128.00,0.028426
665.5812,5.9660,60.95,128.50,0.028632
665.6787,5.9660,60.69,128.00,0.027182
665.7795,5.8820,60.95,128.00,0.028042
665.8765,5.7980,61.22,128.00,0.027091
665.9721,5.7980,61.22,128.00,0.027690
666.0723,5.7980,60.95,128.00,0.027917
666.1724,5.7980,60.95,128.00,0.027910
666.2704,5.7980,60.95,128.00,0.026657
666.3701,5.7980,60.95,128.00,0.027832
666.4670,5.7980,61.22,128.00,0.027567
666.5633,5.7980,60.95,128.00,0.027914
666.6646,5.7980,60.42,128.00,0.027137
666.7599,5.7980,60.95,128.00,0.027734
666.8601,5.9620,61.22,128.00,0.027904
666.9572,5.9620,60.95,128.00,0.027216
667.0529,5.9620,61.22,128.00,0.027680
667.1469,5.9620,60.95,128.00,0.026551
667.2437,5.9620,61.22,128.00,0.027578
667.3390,5.9620,60.95,128.00,0.026619
667.4346,5.9620,61.22,128.00,0.026886
667.5317,5.9620,60.95,128.00,0.028145
667.6293,5.9620,60.69,128.00,0.028449
667.7324,5.9620,60.95,128.00,0.028342
667.8370,5.8470,60.95,128.00,0.028774
667.9375,5.8470,60.69,128.00,0.029694
668.0412,5.8470,60.95,128.00,0.028881
668.1431,5.8470,60.95,128.00,0.028680
668.2474,5.8470,60.95,128.00,0.028143
668.3498,5.8470,61.22,128.00,0.029328
668.4532,5.8470,60.42,128.00,0.028869
668.5569,5.8470,61.22,128.00,0.029025
668.6622,5.8470,60.69,128.00,0.030310
668.7660,5.8470,60.95,128.00,0.029343
668.8673,5.7560,61.22,128.00,0.029532
668.9672,5.7560,60.69,128.00,0.026464
669.0622,5.7560,60.95,128.00,0.027296
669.1646,5.7560,60.95,128.00,0.028034
669.2683,5.7560,60.95,128.00,0.029057
669.3692,5.7560,61.22,128.00,0.028929
669.4742,5.7560,61.22,128.00,0.028598
669.5781,5.7560,60.95,128.00,0.028983
669.6822,5.7560,60.95,128.00,0.029687
669.7844,5.7385,60.95,128.00,0.029333
669.8895,5.7210,60.69,128.00,0.028798
669.9938,5.7210,60.69,128.00,0.029402
670.0962,5.7210,60.95,128.00,0.028626
670.1902,5.7210,60.69,128.00,0.026862
670.2879,5.7210,60.69,128.00,0.026765
670.3900,5.7210,60.69,128.00,0.028602
670.4952,5.7210,60.69,128.00,0.028455
670.5982,5.7210,60.95,128.00,0.028782
670.7012,5.7210,61.22,128.00,0.028719
670.8036,5.7615,60.69,128.00,0.028024
670.9030,5.8020,61.22,128.00,0.027472
670.9983,5.8020,60.69,128.00,0.027700
671.0963,5.8020,60.69,128.00,0.027406
671.1916,5.8020,61.22,128.00,0.027449
671.2905,5.8020,60.69,128.00,0.027484
671.3866,5.8020,60.95,128.00,0.027647
671.4872,5.8020,60.69,128.00,0.027121
671.5844,5.8020,60.69,128.00,0.027516
671.6819,5.8020,60.95,128.00,0.028236
671.7801,5.8400,60.95,128.00,0.028039
671.8772,5.8780,60.69,128.00,0.027807
671.9720,5.8780,60.42,128.00,0.027303
672.0712,5.8780,60.69,128.00,0.027569
672.1662,5.8780,61.22,128.00,0.027399
672.2661,5.8780,60.95,128.00,0.028181
672.3660,5.8780,60.95,128.00,0.027787
672.4651,5.8780,60.69,128.00,0.028286
672.5617,5.8780,60.95,128.00,0.028985
672.6590,5.8780,61.22,128.00,0.028073
672.7542,5.8780,60.69,128.00,0.027857
672.8520,5.9510,60.95,128.00,0.027668
672.9460,5.9510,60.95,128.00,0.026828
673.0428,5.9510,60.69,128.00,0.026617
673.1390,5.9510,61.22,128.00,0.026915
673.2385,5.9510,60.95,128.00,0.027607
673.3356,5.9510,60.95,128.00,0.027560
673.4354,5.9510,60.69,128.00,0.027811
673.5312,5.9510,61.22,128.00,0.027868
673.6262,5.9510,60.42,128.00,0.026553
673.7239,5.9510,60.95,128.00,0.027613
673.8225,5.9585,60.95,128.00,0.026364
673.9163,5.9660,60.95,128.00,0.026260
674.0121,5.9660,60.95,127.50,0.026778
674.1075,5.9660,60.69,127.00,0.027653
674.2042,5.9660,61.22,127.00,0.027159
674.3021,5.9660,60.69,127.50,0.027826
674.3991,5.9660,60.69,127.00,0.027721
674.4952,5.9660,61.22,127.00,0.028171
674.5928,5.9660,60.69,127.00,0.027997
674.6878,5.9660,60.95,127.00,0.027402
674.7852,5.9585,60.95,127.00,0.028172
674.8837,5.9510,60.95,127.00,0.027201
674.9828,5.9510,60.95,127.00,0.027431
675.0804,5.9510,60.95,127.00,0.027353
675.1796,5.9510,60.95,127.00,0.027377
675.2769,5.9510,61.22,127.50,0.027198
675.3757,5.9510,60.69,127.00,0.027326
675.4711,5.9510,61.22,127.50,0.027822
675.5686,5.9510,60.95,127.50,0.027703
675.6641,5.9510,60.95,127.00,0.027857
675.7638,5.9510,61.22,127.00,0.027843
675.8590,5.9770,60.95,127.00,0.026862
675.9549,5.9770,61.22,127.50,0.026195
676.0512,5.9770,61.22,127.00,0.027273
676.1501,5.9770,61.22,127.00,0.027902
676.2477,5.9770,61.22,127.00,0.027974
676.3452,5.9770,60.95,127.00,0.028245
676.4459,5.9770,61.22,127.00,0.029131
676.5457,5.9770,60.95,127.00,0.028085
676.6423,5.9770,60.95,127.00,0.028600
676.7438,5.9770,60.95,127.00,0.027849
676.8444,5.9310,60.95,127.00,0.027846
676.9441,5.9310,60.69,127.00,0.027722
677.0396,5.9310,60.95,127.00,0.027342
677.1370,5.9310,61.22,127.00,0.027460
677.2328,5.9310,61.22,127.00,0.027307
677.3312,5.9310,61.22,127.00,0.027776
677.4267,5.9310,60.42,127.00,0.027528
677.5262,5.9310,60.95,127.00,0.027331
677.6217,5.9310,61.22,127.00,0.027977
677.7161,5.9310,61.22,127.00,0.026365
677.8121,5.9310,60.69,127.00,0.026518
677.9103,5.9390,60.95,127.00,0.027620
678.0089,5.9470,60.69,127.00,0.028508
678.1110,5.9470,61.22,127.00,0.027156
678.2064,5.9470,61.22,127.00,0.027128
678.3057,5.9470,60.95,127.00,0.028285
678.4033,5.9470,60.95,127.00,0.027566
678.5024,5.9470,60.69,127.00,0.027969
678.5999,5.9470,60.95,127.00,0.028239
678.6975,5.9470,60.95,127.00,0.028373
678.7926,5.9620,61.22,127.00,0.027747
678.8915,5.9770,60.69,127.00,0.027433
678.9870,5.9770,60.95,127.00,0.028175
679.0846,5.9770,60.95,127.00,0.027709
679.1796,5.9770,60.69,127.00,0.027508
679.2778,5.9770,60.69,127.00,0.026475
679.3709,5.9770,60.69,127.00,0.026375
679.4673,5.9770,61.22,127.00,0.026293
679.5630,5.9770,61.22,127.00,0.027531
679.6602,5.9770,60.95,127.00,0.027904
679.7550,5.9770,60.95,127.00,0.027268
679.8527,5.9510,61.22,127.00,0.027604
679.9481,5.9510,60.95,127.00,0.027680
680.0453,5.9510,60.95,127.00,0.027789
680.1412,5.9510,60.95,127.00,0.028105
680.2379,5.9510,61.22,127.00,0.027606
680.3344,5.9510,60.95,127.00,0.027595
680.4315,5.9510,60.69,127.00,0.027776
680.5268,5.9510,60.95,127.00,0.027639
680.6257,5.9510,61.22,127.00,0.027787
680.7207,5.9510,61.22,127.00,0.027335
680.8186,5.9470,61.22,127.00,0.027732
680.9155,5.9430,60.95,127.00,0.027149
681.0177,5.9430,60.95,127.00,0.028171
681.1216,5.9430,60.95,127.00,0.028597
681.2262,5.9430,60.69,127.00,0.028109
681.3299,5.9430,61.22,127.00,0.028076
681.4354,5.9430,60.95,127.00,0.028233
681.5403,5.9430,60.95,127.00,0.027975
681.6462,5.9430,60.69,127.00,0.028877
681.7488,5.9430,60.95,127.00,0.028682
681.8542,5.7560,60.69,127.00,0.028857
681.9588,5.7560,60.69,127.00,0.029111
682.0629,5.7560,60.95,127.00,0.028632
682.1641,5.7560,60.95,127.00,0.028400
682.2651,5.7560,60.95,127.00,0.028395
682.3670,5.7560,60.95,127.00,0.029073
682.4661,5.7560,60.95,127.00,0.026106
682.5599,5.7560,60.69,127.00,0.026424
682.6590,5.7560,60.69,127.00,0.026390
682.7584,5.7560,60.95,127.00,0.028410
682.8658,5.9090,61.22,127.00,0.029067
682.9721,5.9090,60.69,127.00,0.028220
683.0777,5.9090,61.22,127.00,0.029452
683.1806,5.9090,61.22,127.00,0.028482
683.2852,5.9090,60.95,127.00,0.028446
683.3858,5.9090,61.22,127.00,0.028026
683.4875,5.9090,60.69,127.00,0.026757
683.5872,5.9090,60.95,127.00,0.026587
683.6813,5.9090,60.69,127.00,0.026777
683.7867,5.8190,60.69,127.00,0.028996
683.8924,5.7290,61.22,127.00,0.028359
683.9950,5.7290,61.22,127.00,0.027393
684.0999,5.7290,60.42,127.00,0.027449
684.1987,5.7290,60.69,127.00,0.027101
684.2952,5.7290,61.22,127.00,0.028108
684.3900,5.7290,60.69,127.00,0.026410
684.4825,5.7290,60.95,127.00,0.025918
684.5839,5.7290,60.95,127.00,0.027643
684.6781,5.7290,60.95,127.00,0.027120
684.7753,5.8190,60.95,127.00,0.027875
684.8731,5.9090,60.69,127.00,0.027610
684.9710,5.9090,60.95,127.00,0.027620
685.0670,5.9090,60.95,127.00,0.027424
685.1670,5.9090,60.95,127.00,0.027680
685.2665,5.9090,61.22,127.00,0.027570
685.3655,5.9090,60.95,127.00,0.027913
685.4626,5.9090,60.69,127.00,0.028063
685.5626,5.9090,60.69,127.00,0.028103
685.6573,5.9090,60.95,127.00,0.026747
685.7521,5.9090,60.69,127.00,0.026402
685.8474,5.9090,60.95,127.00,0.026779
685.9474,5.8970,60.69,127.00,0.027470
686.0433,5.8970,60.95,126.50,0.027708
686.1434,5.8970,60.95,126.00,0.026988
686.2408,5.8970,60.69,126.00,0.027538
686.3408,5.8970,60.69,126.00,0.027555
686.4373,5.8970,60.69,126.00,0.027528
686.5349,5.8970,60.95,126.00,0.026209
686.6304,5.8970,60.95,126.00,0.026217
686.7269,5.8970,61.22,126.00,0.027711
686.8243,5.9045,60.95,126.00,0.027598
686.9209,5.9120,60.69,126.00,0.026276
687.0139,5.9120,60.42,126.00,0.026394
687.1144,5.9120,61.22,126.00,0.026463
687.2120,5.9120,60.95,126.00,0.028042
687.3091,5.9120,60.95,126.00,0.027706
687.4053,5.9120,60.69,126.00,0.028177
687.5033,5.9120,60.95,126.00,0.028462
687.6000,5.9120,60.69,126.00,0.027455
687.6999,5.9120,60.42,126.00,0.027484
687.7987,5.9505,60.95,126.00,0.028155
687.8959,5.9890,60.95,126.00,0.027742
687.9913,5.9890,60.95,126.00,0.027026
688.0880,5.9890,60.69,126.00,0.027567
688.1829,5.9890,60.69,126.00,0.027163
688.2836,5.9890,60.95,126.00,0.027190
688.3773,5.9890,60.95,126.00,0.026781
688.4737,5.9890,61.22,126.00,0.027038
688.5696,5.9890,60.95,126.00,0.028401
688.6676,5.9890,60.69,126.00,0.027747
688.7627,5.9890,60.95,126.00,0.027306
688.8733,5.9310,60.95,126.00,0.039952
688.9706,5.9310,61.22,126.00,0.027222
689.0727,5.9310,60.95,126.00,0.028022
689.1687,5.9310,60.69,126.00,0.027899
689.2652,5.9310,60.69,126.00,0.027473
689.3609,5.9310,60.95,126.00,0.027432
689.4603,5.9310,60.95,126.00,0.028171
689.5562,5.9310,60.95,126.00,0.028069
689.6571,5.9310,60.95,126.00,0.028332
689.7554,5.9310,61.22,126.00,0.028234
689.8569,5.9430,60.95,126.00,0.027603
689.9533,5.9430,61.22,126.00,0.028118
690.0505,5.9430,61.22,126.00,0.027317
690.1466,5.9430,60.69,126.00,0.027614
690.2454,5.9430,61.22,126.00,0.028929
690.3398,5.9430,61.22,126.00,0.027232
690.4372,5.9430,60.95,126.00,0.027578
690.5336,5.9430,60.95,126.00,0.028006
690.6305,5.9430,61.22,126.00,0.027680
690.7293,5.9430,60.95,126.00,0.028207
690.8282,5.9470,60.95,126.00,0.027533
690.9241,5.9510,60.95,126.00,0.027924
691.0237,5.9510,60.95,126.00,0.026979
691.1179,5.9510,60.42,126.00,0.026488
691.2155,5.9510,60.95,126.00,0.026564
691.3123,5.9510,61.22,126.00,0.027986
691.4120,5.9510,61.22,126.00,0.027592
691.5081,5.9510,60.69,126.00,0.027693
691.6055,5.9510,60.42,126.00,0.027844
691.7005,5.9510,60.69,126.00,0.027704
691.8007,5.9510,60.69,126.00,0.028270
691.8943,5.9510,60.95,126.00,0.026598
691.9906,5.9510,60.69,125.50,0.026531
692.0869,5.9510,60.95,125.50,0.027019
692.1832,5.9510,60.95,125.50,0.026386
692.2795,5.9510,61.22,125.50,0.027500
692.3792,5.9510,61.22,126.00,0.027613
692.4752,5.9510,60.95,126.00,0.027853
692.5725,5.9510,60.95,126.00,0.027389
692.6686,5.9510,61.22,126.00,0.028002
692.7659,5.9510,60.69,126.00,0.027598
692.8641,5.9510,60.69,126.00,0.027964
692.9611,5.9510,60.42,126.00,0.027480
693.0583,5.9510,61.22,126.00,0.029807
693.1627,5.9510,61.22,126.00,0.029107
693.2657,5.9430,60.95,126.00,0.030025
693.3668,5.9350,60.69,126.00,0.026863
693.4627,5.9350,60.95,126.00,0.027462
693.5617,5.9350,60.69,126.00,0.027992
693.6646,5.9350,61.22,126.00,0.028524
693.7703,5.9350,60.69,126.00,0.028207
693.8719,5.7560,60.95,126.00,0.028177
693.9742,5.7560,61.22,126.00,0.027316
694.0715,5.7560,60.69,126.00,0.026389
694.1683,5.7560,60.69,126.00,0.027828
694.2734,5.7560,60.95,125.50,0.029444
694.3790,5.7560,61.22,125.00,0.028849
694.4848,5.7560,60.69,126.00,0.028796
694.5913,5.7560,60.69,126.00,0.029350
694.6935,5.7560,60.95,126.00,0.026517
694.7862,5.7560,61.22,125.50,0.026523
694.8841,5.7560,60.95,125.50,0.026167
694.9809,5.7560,60.95,126.00,0.029327
695.0877,5.7560,60.95,126.00,0.029484
695.1889,5.7560,60.69,126.00,0.028963
695.2945,5.7560,60.95,126.00,0.028775
695.4015,5.7560,61.22,126.00,0.029560
695.5064,5.7560,60.69,126.00,0.028574
695.6113,5.7560,60.95,126.00,0.028354
695.7167,5.7560,61.22,125.50,0.029663
695.8178,5.7790,61.22,125.00,0.029257
695.9203,5.8020,61.22,125.00,0.028452
696.0237,5.8020,60.69,125.00,0.028737
696.1269,5.8020,60.42,125.00,0.029339
696.2305,5.8020,61.22,125.00,0.028979
696.3373,5.8020,60.69,125.00,0.028906
696.4404,5.8020,61.22,125.00,0.028818
696.5454,5.8020,61.49,125.00,0.028734
696.6519,5.8020,60.95,125.50,0.028562
696.7580,5.8020,60.42,125.00,0.028589
696.8620,5.7560,60.95,125.00,0.027997
696.9587,5.7560,61.22,125.00,0.026511
697.0541,5.7560,60.95,125.50,0.027377
697.1528,5.7560,60.69,125.50,0.028261
697.2588,5.7560,61.22,125.00,0.029239
697.3616,5.7560,60.95,125.00,0.028765
697.4643,5.7560,61.22,125.00,0.028870
697.5669,5.7560,61.22,125.50,0.026227
697.6666,5.7560,61.22,125.00,0.026527
697.7630,5.7560,60.69,125.00,0.026972
697.8668,5.7960,60.95,125.00,0.028924
697.9687,5.8360,60.95,125.00,0.028723
698.0740,5.8360,60.95,125.00,0.029250
698.1776,5.8360,61.22,125.00,0.028259
698.2756,5.8360,60.95,125.50,0.028069
698.3740,5.8360,61.22,126.00,0.027450
698.4738,5.8360,61.22,125.50,0.028093
698.5679,5.8360,60.95,125.50,0.026535
698.6634,5.8360,60.95,125.00,0.026583
698.7579,5.8360,60.69,125.50,0.026733
698.8604,5.9050,60.69,126.00,0.027747
698.9576,5.9050,60.95,126.00,0.027629
699.0572,5.9050,60.95,126.00,0.027564
699.1552,5.9050,60.69,126.00,0.027397
699.2523,5.9050,60.69,126.00,0.027300
699.3469,5.9050,60.69,126.00,0.027213
699.4453,5.9050,61.22,126.00,0.027982
699.5424,5.9050,60.95,126.00,0.027272
699.6401,5.9050,60.69,126.00,0.027542
699.7353,5.9050,61.22,126.00,0.027308
699.8323,5.9105,60.69,126.00,0.027601
699.9304,5.9160,60.42,126.00,0.027518
700.0320,5.9160,60.95,126.00,0.027875
700.1322,5.9160,60.69,125.50,0.027428
700.2293,5.9160,60.95,125.00,0.028123
700.3271,5.9160,60.95,125.50,0.026834
700.4228,5.9160,60.95,125.50,0.026624
700.5188,5.9160,61.22,125.00,0.026840
700.6185,5.9160,61.22,125.00,0.027868
700.7176,5.9160,61.22,126.00,0.028409
700.8156,5.8780,61.22,125.50,0.028234
700.9106,5.8400,60.95,125.00,0.027512
701.0124,5.8400,60.95,125.00,0.028582
701.1076,5.8400,60.95,125.00,0.027571
701.2045,5.8400,60.95,126.00,0.027537
701.2989,5.8400,61.22,126.00,0.026279
701.3934,5.8400,60.69,126.00,0.026456
701.4862,5.8400,61.22,126.00,0.026265
701.5844,5.8400,61.22,126.00,0.027905
701.6799,5.8400,60.95,125.50,0.028157
701.7781,5.9010,61.49,126.00,0.028648
701.8754,5.9620,60.95,126.00,0.027476
701.9720,5.9620,60.95,126.00,0.026730
702.0662,5.9620,60.95,126.00,0.026623
702.1616,5.9620,60.95,126.00,0.026723
702.2568,5.9620,60.69,126.00,0.028078
702.3567,5.9620,60.95,126.00,0.027980
702.4541,5.9620,61.22,125.50,0.027857
702.5512,5.9620,60.95,125.00,0.027548
702.6486,5.9620,61.22,125.00,0.028040
702.7475,5.9620,60.95,125.00,0.028286
702.8435,5.9390,60.69,125.00,0.027949
702.9391,5.9390,60.95,125.00,0.026973
703.0371,5.9390,60.69,125.50,0.028329
703.1359,5.9390,61.22,125.00,0.027504
703.2355,5.9390,60.95,125.00,0.028007
703.3324,5.9390,60.95,125.00,0.027318
703.4312,5.9390,60.95,126.00,0.027023
703.5267,5.9390,60.95,126.00,0.026506
703.6193,5.9390,60.95,126.00,0.026242
703.7154,5.9390,60.95,126.00,0.027421
703.8108,5.9465,60.95,126.00,0.026907
703.9073,5.9540,60.95,126.00,0.027236
704.0023,5.9540,61.22,126.00,0.026720
704.1021,5.9540,60.69,126.00,0.026117
704.1948,5.9540,61.22,126.00,0.026654
704.2942,5.9540,61.22,126.00,0.028214
704.3906,5.9540,60.69,126.00,0.028328
704.4908,5.9540,60.95,126.00,0.029092
704.5926,5.9540,61.22,126.00,0.028686
704.6978,5.9540,60.95,126.00,0.029005
704.8004,5.8875,60.95,126.00,0.029327
704.9048,5.8210,61.22,126.00,0.028547
705.0089,5.8210,60.95,126.00,0.028481
705.1129,5.8210,61.22,126.00,0.028706
705.2161,5.8210,60.95,126.00,0.028219
705.3104,5.8210,61.22,126.00,0.026898
705.4070,5.8210,61.22,126.00,0.026652
705.5042,5.8210,61.22,126.00,0.027910
705.6040,5.8210,60.42,126.00,0.027281
705.6999,5.8210,60.95,126.50,0.027947
705.8003,5.9085,60.95,126.00,0.027699
705.8964,5.9960,60.95,126.00,0.027684
705.9958,5.9960,61.22,126.00,0.027723
706.0916,5.9960,61.22,126.00,0.027844
706.1935,5.9960,61.22,126.00,0.027530
706.2875,5.9960,60.95,126.00,0.027018
706.3837,5.9960,60.95,126.00,0.026994
706.4790,5.9960,60.69,126.00,0.028171
706.5761,5.9960,61.22,126.00,0.027629
706.6715,5.9960,60.95,126.00,0.027372
706.7677,5.9960,61.22,126.00,0.027352
706.8642,5.9580,60.69,126.00,0.028274
706.9612,5.9580,61.22,126.00,0.028207
707.0569,5.9580,61.49,126.00,0.028270
707.1564,5.9580,61.22,126.00,0.028257
707.2519,5.9580,61.22,126.00,0.027922
707.3489,5.9580,61.22,126.00,0.027516
707.4467,5.9580,60.95,126.00,0.027273
707.5449,5.9580,60.42,126.00,0.027026
707.6430,5.9580,61.22,126.00,0.027515
707.7402,5.9580,61.22,126.00,0.027421
707.8385,5.9430,61.22,126.00,0.027215
707.9396,5.9430,61.22,126.00,0.027342
708.0349,5.9430,60.95,126.00,0.027666
708.1363,5.9430,61.22,126.00,0.027725
708.2313,5.9430,60.95,126.00,0.027279
708.3280,5.9430,60.69,126.00,0.027396
708.4223,5.9430,60.95,126.00,0.027087
708.5203,5.9430,60.95,126.00,0.027823
708.6156,5.9430,60.69,126.00,0.027745
708.7103,5.9430,60.95,126.00,0.026488
708.8034,5.9430,60.69,126.00,0.026451
708.8982,5.9430,60.95,126.00,0.026672
708.9962,5.9730,60.95,126.00,0.028063
709.0952,5.9730,60.95,126.00,0.027836
709.1907,5.9730,61.49,126.00,0.027231
709.2914,5.9730,60.95,126.00,0.027447
709.3882,5.9730,60.69,126.00,0.026952
709.4862,5.9730,61.22,126.00,0.028024
709.5837,5.9730,61.22,126.00,0.027762
709.6803,5.9730,60.69,126.00,0.027162
709.7768,5.9540,60.69,126.00,0.028430
709.8735,5.9350,60.95,126.00,0.027314
709.9692,5.9350,61.22,126.00,0.027786
710.0663,5.9350,60.69,126.00,0.027243
710.1629,5.9350,60.95,126.00,0.027075
710.2590,5.9350,61.49,126.00,0.027032
710.3543,5.9350,60.69,126.00,0.026704
710.4483,5.9350,61.22,126.00,0.026119
710.5420,5.9350,60.69,126.00,0.026412
710.6391,5.9350,60.95,126.00,0.026638
710.7349,5.9350,60.95,126.00,0.026556
710.8331,5.9090,60.69,126.00,0.027730
710.9285,5.9090,60.95,126.00,0.027409
711.0254,5.9090,60.95,126.00,0.027720
711.1234,5.9090,60.95,126.00,0.027510
711.2201,5.9090,60.95,126.00,0.027271
711.3151,5.9090,60.95,126.00,0.027619
711.4127,5.9090,60.95,126.00,0.027848
711.5105,5.9090,61.22,126.00,0.027941
711.6114,5.9090,60.95,126.00,0.027546
711.7078,5.9090,60.69,126.00,0.027873
711.8068,5.9010,61.22,126.00,0.027566
711.9025,5.8930,61.22,126.00,0.027743
711.9999,5.8930,60.95,126.00,0.027811
712.0995,5.8930,60.95,126.00,0.027530
712.1967,5.8930,60.42,126.00,0.027485
712.2960,5.8930,61.22,126.00,0.028935
712.3923,5.8930,61.22,126.00,0.027539
712.4902,5.8930,60.95,125.50,0.028540
712.5919,5.8930,60.95,125.00,0.027822
712.6921,5.8930,61.22,125.00,0.028159
712.7917,5.8855,61.22,126.00,0.028162
712.8876,5.8780,61.22,126.00,0.027986
712.9847,5.8780,61.22,126.00,0.027488
713.0809,5.8780,60.95,126.00,0.026230
713.1759,5.8780,61.22,126.00,0.026445
713.2692,5.8780,60.95,125.50,0.026524
713.3674,5.8780,61.22,125.50,0.027786
713.4631,5.8780,60.69,125.00,0.027648
713.5608,5.8780,60.95,126.00,0.026617
713.6536,5.8780,61.22,126.00,0.026342
713.7508,5.8780,60.95,126.00,0.026656
713.8461,5.8780,60.69,126.00,0.026541
713.9435,5.8780,60.69,126.00,0.027046
714.0393,5.8780,60.95,126.00,0.026642
714.1365,5.8780,61.22,126.00,0.027767
714.2337,5.8780,60.95,126.00,0.028011
714.3307,5.8780,61.22,126.00,0.027484
714.4282,5.8780,61.22,126.00,0.028018
714.5292,5.8780,60.95,125.50,0.027513
714.6254,5.8780,61.49,125.00,0.027873
714.7243,5.8780,61.49,125.00,0.027557
714.8191,5.8780,61.22,125.50,0.027295
714.9184,5.8780,60.95,125.50,0.027381
715.0164,5.8700,60.69,125.50,0.027184
715.1166,5.8700,61.22,125.00,0.027760
715.2121,5.8700,61.22,125.00,0.027732
715.3099,5.8700,61.22,125.50,0.028232
715.4051,5.8700,60.95,126.00,0.027828
715.5008,5.8700,60.95,126.00,0.027229
715.5949,5.8700,61.22,125.50,0.026750
715.6934,5.8700,60.95,125.50,0.027673
715.7886,5.9275,61.22,125.00,0.027463
715.8875,5.9850,61.22,126.00,0.027321
715.9833,5.9850,61.22,126.00,0.028006
716.0806,5.9850,60.95,126.00,0.028104
716.1771,5.9850,60.95,126.00,0.028329
716.2759,5.9850,61.22,126.00,0.027493
716.3726,5.9850,61.22,126.00,0.028265
716.4726,5.9850,60.95,126.00,0.028371
716.5684,5.9850,61.22,126.00,0.028222
716.6662,5.9850,61.49,126.00,0.027770
716.7642,5.9850,61.22,126.00,0.027800
716.8637,5.9010,60.95,126.00,0.026453
716.9576,5.9010,61.22,126.00,0.026710
717.0555,5.9010,60.95,126.00,0.027500
717.1509,5.9010,60.95,126.00,0.027752
717.2488,5.9010,61.22,125.50,0.027991
717.3448,5.9010,60.95,125.50,0.027770
717.4428,5.9010,60.95,125.00,0.027879
717.5405,5.9010,60.42,125.00,0.027824
717.6399,5.9010,60.95,125.00,0.027848
717.7391,5.9010,61.22,125.50,0.027271
717.8397,5.9620,60.95,125.00,0.027992
717.9350,5.9620,60.95,125.50,0.027895
718.0359,5.9620,60.95,125.00,0.027369
718.1317,5.9620,60.95,126.00,0.027732
718.2313,5.9620,60.95,126.00,0.027932
718.3270,5.9620,60.69,126.00,0.028300
718.4266,5.9620,61.22,126.00,0.028039
718.5236,5.9620,61.22,126.00,0.026934
718.6184,5.9620,60.95,126.00,0.026678
718.7146,5.9620,61.22,126.00,0.026505
718.8150,5.9505,61.22,126.00,0.026381
718.9110,5.9390,60.69,126.00,0.026791
719.0091,5.9390,61.22,126.00,0.028222
719.1055,5.9390,60.69,126.00,0.028080
719.2026,5.9390,60.95,126.00,0.026590
719.2999,5.9390,61.22,126.00,0.027642
719.3989,5.9390,60.95,126.00,0.026927
719.4956,5.9390,60.95,125.50,0.027222
719.5929,5.9390,61.49,125.50,0.027712
719.6913,5.9390,60.95,125.50,0.027681
719.7899,5.9220,60.95,125.00,0.027243
719.8869,5.9050,61.22,125.00,0.028402
719.9842,5.9050,60.95,126.00,0.027433
720.0826,5.9050,61.22,126.00,0.028252
720.1817,5.9050,60.95,126.00,0.027166
720.2830,5.9050,61.22,126.00,0.027657
720.3848,5.9050,61.22,126.00,0.028047
720.4816,5.9050,61.22,126.00,0.028672
720.5792,5.9050,61.22,126.00,0.027954
720.6776,5.9050,61.22,126.00,0.027936
720.7798,5.9125,61.22,126.00,0.027844
720.8779,5.9200,60.95,126.00,0.028021
720.9746,5.9200,60.95,126.00,0.027780
721.0723,5.9200,60.95,126.00,0.028002
721.1719,5.9200,61.22,126.00,0.027659
721.2694,5.9200,61.22,126.00,0.027958
721.3686,5.9200,61.22,126.00,0.027897
721.4655,5.9200,61.22,126.00,0.026701
721.5627,5.9200,60.95,126.00,0.026822
721.6589,5.9200,61.22,126.00,0.026953
721.7599,5.9200,60.95,126.00,0.028745
721.8599,5.8820,61.22,126.00,0.027686
721.9558,5.8820,61.22,126.00,0.026893
722.0505,5.8820,61.22,125.50,0.026869
722.1498,5.8820,61.22,125.00,0.028347
722.2500,5.8820,60.95,125.50,0.027675
722.3530,5.8820,61.22,125.00,0.028418
722.4479,5.8820,60.95,125.50,0.026400
722.5441,5.8820,60.95,125.50,0.026943
722.6390,5.8820,61.22,125.50,0.027178
722.7398,5.8820,60.95,125.50,0.027324
722.8397,5.8930,60.95,126.00,0.028568
722.9380,5.8930,60.95,126.00,0.028115
723.0378,5.8930,60.95,126.00,0.030015
723.1405,5.8930,61.22,126.00,0.027966
723.2394,5.8930,60.95,126.00,0.028450
723.3365,5.8930,60.95,126.00,0.027915
723.4352,5.8930,61.22,126.00,0.028598
723.5347,5.8930,60.69,126.00,0.027524
723.6312,5.8930,61.22,126.00,0.027029
723.7287,5.8930,60.95,126.00,0.027541
723.8244,5.8930,60.95,126.00,0.027980
723.9251,5.8930,60.95,126.00,0.027441
724.0203,5.8930,61.22,126.00,0.027522
724.1174,5.8930,61.22,126.00,0.027558
724.2120,5.8930,60.95,126.00,0.027551
724.3095,5.8930,60.95,126.00,0.028390
724.4067,5.8930,61.22,126.00,0.027408
724.5074,5.8930,61.22,125.50,0.027581
724.6075,5.8930,61.22,125.00,0.027327
724.7046,5.8930,61.22,126.00,0.027509
724.8002,5.8930,60.69,126.00,0.027965
724.8971,5.8930,60.69,126.00,0.027526
724.9927,5.8930,61.49,126.00,0.027901
725.0923,5.8930,61.22,126.00,0.028287
725.1880,5.8860,61.49,126.00,0.026643
725.2834,5.8860,60.95,126.00,0.026644
725.3798,5.8860,61.22,126.00,0.027236
725.4773,5.8860,61.22,126.00,0.027489
725.5732,5.8860,60.95,126.00,0.027613
725.6730,5.8860,61.22,126.00,0.027586
725.7712,5.9105,60.95,126.00,0.027874
725.8691,5.9350,60.69,126.00,0.027614
725.9622,5.9350,61.22,126.00,0.026284
726.0594,5.9350,60.95,126.00,0.026693
726.1525,5.9350,61.22,126.00,0.026077
726.2495,5.9350,60.95,126.00,0.027974
726.3495,5.9350,61.22,126.00,0.027634
726.4467,5.9350,60.95,126.00,0.027909
726.5444,5.9350,61.22,126.00,0.027362
726.6439,5.9350,61.22,126.00,0.027713
726.7440,5.9350,60.95,125.50,0.028157
726.8414,5.8970,60.69,125.00,0.027674
726.9394,5.8970,60.69,126.00,0.027965
727.0381,5.8970,61.22,125.50,0.029385
727.1386,5.8970,61.22,125.00,0.028351
727.2357,5.8970,61.22,125.00,0.027787
727.3307,5.8970,61.22,125.00,0.027480
727.4302,5.8970,60.69,126.00,0.027507
727.5253,5.8970,60.95,126.00,0.027645
727.6238,5.8970,60.95,126.00,0.027424
727.7233,5.8970,60.95,126.00,0.027536
727.8209,5.8800,60.95,126.00,0.027391
727.9166,5.8630,60.95,126.00,0.027524
728.0155,5.8630,60.69,126.00,0.027354
728.1154,5.8630,60.95,126.00,0.027722
728.2149,5.8630,61.22,126.00,0.027616
728.3108,5.8630,61.22,126.00,0.027880
728.4119,5.8630,61.22,126.00,0.027448
728.5097,5.8630,60.69,126.00,0.027882
728.6071,5.8630,61.22,126.00,0.027832
728.7067,5.8630,61.22,126.00,0.027652
728.8083,5.8780,61.22,126.00,0.027714
728.9020,5.8930,60.95,126.00,0.025841
728.9989,5.8930,61.22,126.00,0.026159
729.0954,5.8930,61.22,125.50,0.027028
729.1920,5.8930,60.95,126.00,0.028116
729.2880,5.8930,61.22,126.00,0.027802
729.3879,5.8930,60.95,125.50,0.028204
729.4840,5.8930,60.95,125.50,0.028543
729.5837,5.8930,61.22,125.50,0.027800
729.6790,5.8930,60.95,125.00,0.027585
729.7792,5.8970,60.69,126.00,0.028551
729.8752,5.9010,60.95,126.00,0.027732
729.9735,5.9010,61.22,126.00,0.028006
730.0693,5.9010,60.69,126.00,0.027940
730.1667,5.9010,60.95,126.00,0.027402
730.2656,5.9010,61.22,126.00,0.028755
730.3673,5.9010,60.69,126.00,0.027427
730.4659,5.9010,61.22,126.00,0.027942
730.5675,5.9010,61.22,126.00,0.027647
730.6640,5.9010,61.22,126.00,0.028040
730.7687,5.8840,60.95,126.00,0.030998
730.8718,5.8670,61.22,126.00,0.027690
730.9757,5.8670,61.22,126.00,0.028949
731.0797,5.8670,60.95,126.00,0.028398
731.1841,5.8670,61.22,126.00,0.029179
731.2892,5.8670,60.69,126.00,0.028934
731.3920,5.8670,60.95,126.00,0.028229
731.4960,5.8670,60.69,126.00,0.028960
731.5968,5.8670,60.69,126.00,0.028187
731.7008,5.8670,61.22,126.00,0.028467
731.8057,5.7865,60.95,126.00,0.028200
731.9087,5.7060,60.95,126.00,0.027873
732.0142,5.7060,60.69,126.00,0.028869
732.1171,5.7060,61.22,126.00,0.028219
732.2199,5.7060,61.22,126.00,0.028031
732.3243,5.7060,60.95,126.00,0.028090
732.4287,5.7060,61.22,127.00,0.028030
732.5315,5.7060,60.95,127.00,0.027685
732.6350,5.7060,61.22,127.00,0.027909
732.7376,5.7060,60.95,127.00,0.027909
732.8417,5.7710,60.95,127.00,0.027668
732.9462,5.7710,60.95,127.00,0.028000
733.0498,5.7710,60.95,127.00,0.028546
733.1509,5.7710,60.69,127.00,0.026433
733.2465,5.7710,60.95,127.00,0.026742
733.3436,5.7710,60.95,127.00,0.026323
733.4472,5.7710,60.95,127.00,0.028526
733.5500,5.7710,60.69,127.00,0.028549
733.6527,5.7710,61.22,127.00,0.028338
733.7577,5.7710,60.69,127.00,0.027935
733.8642,5.8890,60.95,127.00,0.027807
733.9697,5.8890,60.95,127.00,0.027779
734.0737,5.8890,61.22,127.00,0.028168
734.1774,5.8890,60.95,127.00,0.028137
734.2808,5.8890,60.95,127.00,0.028267
734.3867,5.8890,60.95,127.00,0.028701
734.4909,5.8890,60.69,127.00,0.029063
734.5932,5.8890,61.22,127.00,0.028291
734.6968,5.8890,60.95,127.00,0.028872
734.8021,5.8665,60.95,127.00,0.028259
734.9198,5.8440,61.22,127.00,0.048938
735.0316,5.8440,60.95,127.00,0.046244
735.1297,5.8440,61.22,128.50,0.029022
735.2245,5.8440,61.22,129.00,0.028538
735.3243,5.8440,61.22,129.00,0.028013
735.4191,5.8440,61.22,129.00,0.028294
735.5164,5.8440,60.95,129.00,0.027713
735.6118,5.8440,60.95,129.00,0.027914
735.7093,5.8440,60.69,129.00,0.027379
735.8063,5.9050,60.69,129.00,0.028052
735.9034,5.9660,60.69,129.00,0.027148
735.9957,5.9660,60.42,129.00,0.026501
736.0912,5.9660,60.95,129.00,0.026097
736.1847,5.9660,60.69,129.00,0.026200
736.2825,5.9660,60.95,129.00,0.026561
736.3796,5.9660,61.22,129.00,0.027358
736.4761,5.9660,60.95,129.00,0.027673
736.5709,5.9660,61.22,129.00,0.027578
736.6725,5.9660,60.95,129.00,0.028225
736.7682,5.9390,60.69,129.00,0.028451
736.8685,5.9120,60.95,129.00,0.028278
736.9646,5.9120,60.95,129.00,0.027954
737.0643,5.9120,61.22,129.00,0.027800
737.1601,5.9120,61.22,129.00,0.027950
737.2603,5.9120,61.22,129.00,0.027711
737.3562,5.9120,60.95,129.00,0.027807
737.4524,5.9120,61.22,129.00,0.026886
737.5498,5.9120,61.22,129.00,0.027432
737.6461,5.9120,60.95,129.00,0.026953
737.7428,5.9120,60.95,129.00,0.027345
737.8403,5.9580,60.95,129.00,0.026977
737.9372,5.9580,60.95,129.00,0.027475
738.0351,5.9580,61.22,129.00,0.027711
738.1325,5.9580,61.22,129.00,0.028155
738.2297,5.9580,61.22,129.00,0.027771
738.3234,5.9580,60.95,129.00,0.027033
738.4213,5.9580,61.22,129.00,0.028226
738.5186,5.9580,60.42,129.00,0.027716
738.6172,5.9580,60.95,129.00,0.027696
738.7149,5.9580,60.95,129.00,0.027759
738.8093,5.9580,61.22,129.00,0.026256
738.9026,5.9580,60.95,129.00,0.026562
739.0000,5.9580,60.95,129.00,0.027950
739.0982,5.9010,61.22,129.00,0.027949
739.1999,5.9010,60.95,129.00,0.028116
739.2950,5.9010,60.95,129.00,0.027285
739.3919,5.9010,60.69,129.50,0.027640
739.4867,5.9010,60.42,130.00,0.027179
739.5830,5.9010,61.22,130.00,0.026955
739.6779,5.9010,61.22,130.00,0.026553
739.7791,5.8780,61.22,130.00,0.027597
739.8750,5.8550,61.49,130.00,0.027751
739.9719,5.8550,61.22,130.00,0.027235
740.0678,5.8550,60.95,130.00,0.028064
740.1728,5.8550,60.95,130.00,0.028307
740.2733,5.8550,60.95,130.00,0.028457
740.3780,5.8550,61.22,130.00,0.027887
740.4823,5.8550,61.22,130.00,0.028574
740.5822,5.8550,60.95,130.00,0.026776
740.6793,5.8550,60.42,130.00,0.027143
740.7828,5.7940,61.22,130.00,0.028963
740.8872,5.7330,60.95,130.00,0.028483
740.9914,5.7330,61.22,130.00,0.028122
741.0936,5.7330,60.95,130.00,0.028968
741.2011,5.7330,61.22,130.00,0.028981
741.3057,5.7330,60.95,130.00,0.028137
741.4093,5.7330,60.95,130.00,0.028992
741.5101,5.7330,61.22,130.00,0.028441
741.6133,5.7330,61.22,130.00,0.028886
741.7171,5.7330,60.95,130.00,0.028840
741.8217,5.8550,61.22,130.00,0.029195
741.9241,5.9770,61.22,130.00,0.028241
742.0247,5.9770,61.22,130.00,0.028575
742.1277,5.9770,61.22,130.00,0.028378
742.2321,5.9770,60.69,130.00,0.028107
742.3354,5.9770,60.95,130.00,0.028616
742.4395,5.9770,60.69,130.00,0.028054
742.5429,5.9770,60.95,130.00,0.028866
742.6474,5.9770,60.69,130.00,0.028563
742.7528,5.9770,61.22,130.00,0.029052
742.8573,5.7410,61.22,130.00,0.028062
742.9601,5.7410,60.95,130.00,0.028422
743.0645,5.7410,60.95,130.00,0.027945
743.1681,5.7410,60.95,130.00,0.028168
743.2738,5.7410,60.95,130.00,0.028439
743.3793,5.7410,60.69,130.00,0.028013
743.4840,5.7410,60.69,130.00,0.027916
743.5873,5.7410,61.22,130.00,0.026632
743.6800,5.7410,60.69,130.00,0.026382
743.7766,5.7410,60.95,130.00,0.027057
743.8756,5.7560,61.22,130.00,0.028832
743.9802,5.7710,60.95,130.00,0.028196
744.0850,5.7710,61.22,130.00,0.029053
744.1882,5.7710,61.22,130.00,0.028152
744.2922,5.7710,60.69,130.00,0.028422
744.3983,5.7710,61.22,130.00,0.028631
744.4966,5.7710,60.69,130.00,0.027695
744.5917,5.7710,60.95,130.00,0.027736
744.6920,5.7710,60.69,130.00,0.028204
744.7870,5.8380,60.95,130.00,0.028221
744.8860,5.9050,60.95,130.00,0.027221
744.9839,5.9050,61.22,130.00,0.027657
745.0809,5.9050,60.95,130.00,0.027294
745.1759,5.9050,61.22,130.00,0.027450
745.2728,5.9050,61.22,130.00,0.027873
745.3701,5.9050,61.22,130.00,0.028054
745.4677,5.9050,60.95,130.00,0.026544
745.5621,5.9050,61.22,130.00,0.026689
745.6592,5.9050,61.49,130.00,0.026748
745.7563,5.9050,60.69,130.00,0.028337
745.8514,5.9050,61.22,130.00,0.026436
745.9470,5.9050,61.22,130.00,0.026944
746.0491,5.8970,60.69,130.00,0.028537
746.1451,5.8890,60.95,130.00,0.027752
746.2449,5.8890,61.22,130.00,0.027517
746.3445,5.8890,61.22,130.00,0.027716
746.4431,5.8890,60.95,130.00,0.028019
746.5405,5.8890,60.95,130.00,0.027302
746.6400,5.8890,60.95,130.00,0.028064
746.7405,5.8890,61.22,130.00,0.028277
746.8427,5.8820,60.95,130.00,0.027798
746.9414,5.8820,60.95,130.00,0.028525
747.0396,5.8820,60.69,130.00,0.028578
747.1354,5.8820,61.22,130.00,0.027562
747.2363,5.8820,61.22,130.00,0.027605
747.3327,5.8820,60.95,130.00,0.028291
747.4326,5.8820,61.22,130.00,0.028723
747.5273,5.8820,60.95,130.00,0.027556
747.6263,5.8820,61.22,130.00,0.027663
747.7209,5.8820,61.22,130.00,0.027582
747.8161,5.8820,60.95,130.00,0.027019
747.9115,5.9085,60.95,130.00,0.028569
748.0132,5.9350,61.22,130.00,0.027537
748.1079,5.9350,61.22,130.00,0.027964
748.2036,5.9350,61.22,130.00,0.026099
748.2959,5.9350,60.69,130.00,0.026200
748.3903,5.9350,60.95,130.00,0.026671
748.4848,5.9350,61.22,130.00,0.027547
748.5832,5.9350,61.49,130.00,0.027384
748.6780,5.9350,60.95,130.00,0.026431
748.7722,5.9350,61.22,130.00,0.026376
748.8672,5.9390,61.22,130.00,0.027954
748.9623,5.9430,60.95,130.00,0.026489
749.0560,5.9430,61.22,130.00,0.026781
749.1506,5.9430,61.22,130.00,0.027081
749.2445,5.9430,61.22,130.00,0.027766
749.3437,5.9430,61.22,130.00,0.027956
749.4402,5.9430,61.22,130.00,0.027362
749.5359,5.9430,61.22,130.00,0.026415
749.6282,5.9430,60.95,130.00,0.026241
749.7232,5.9430,60.95,130.00,0.026493
749.8187,5.9430,61.22,129.50,0.026773
749.9154,5.9430,61.22,129.50,0.027941
750.0160,5.9260,61.22,129.00,0.028133
750.1125,5.9090,60.95,129.00,0.027722
750.2095,5.9090,60.95,129.00,0.027649
750.3070,5.9090,60.95,129.00,0.027837
750.4036,5.9090,60.95,129.00,0.027627
750.4998,5.9090,60.95,129.00,0.027264
750.5950,5.9090,61.22,129.00,0.027335
750.6954,5.9090,60.95,129.00,0.027337
750.7916,5.9300,61.22,129.00,0.028533
750.8886,5.9510,61.22,129.00,0.027882
750.9832,5.9510,61.22,129.00,0.027485
751.0804,5.9510,60.69,129.00,0.027868
751.1739,5.9510,60.95,129.00,0.026344
751.2704,5.9510,60.95,129.00,0.026372
751.3636,5.9510,61.22,129.00,0.026906
751.4623,5.9510,60.42,129.00,0.027602
751.5591,5.9510,61.22,129.00,0.027506
751.6563,5.9510,60.95,129.00,0.027443
751.7535,5.9510,60.95,129.00,0.027943
751.8509,5.9280,61.22,129.00,0.027422
751.9487,5.9280,60.95,129.00,0.027641
752.0481,5.9280,61.22,129.00,0.027698
752.1446,5.9280,60.95,129.00,0.026570
752.2393,5.9280,61.22,129.00,0.026390
752.3329,5.9280,60.95,129.00,0.027148
752.4318,5.9280,61.22,129.00,0.028437
752.5298,5.9280,61.22,129.00,0.028540
752.6267,5.9280,61.22,129.00,0.028119
752.7197,5.9280,61.22,129.00,0.026277
752.8152,5.9280,60.95,129.00,0.026438
752.9102,5.9280,61.22,129.00,0.026343
753.0069,5.9165,61.49,129.00,0.027225
753.1042,5.9050,61.22,129.00,0.027233
753.2039,5.9050,60.95,129.00,0.027597
753.3009,5.9050,60.95,129.00,0.027735
753.4005,5.9050,61.22,129.00,0.027599
753.5000,5.9050,61.22,129.00,0.027668
753.5973,5.9050,61.22,129.00,0.028403
753.6908,5.9050,61.22,129.00,0.026634
753.7882,5.9050,60.69,129.00,0.027064
753.8860,5.9010,60.95,129.00,0.027524
753.9837,5.9010,61.22,129.00,0.026547
754.0792,5.9010,60.95,129.00,0.026513
754.1769,5.9010,61.22,129.00,0.027472
754.2734,5.9010,61.22,129.00,0.028474
754.3700,5.9010,60.95,129.00,0.027773
754.4642,5.9010,61.76,129.00,0.027308
754.5593,5.9010,61.22,129.00,0.026353
754.6523,5.9010,61.22,129.00,0.026570
754.7493,5.9010,61.22,129.00,0.027474
754.8452,5.9310,60.95,129.00,0.027953
754.9423,5.9310,61.22,129.00,0.027487
755.0402,5.9310,60.95,129.00,0.028387
755.1399,5.9310,60.95,129.00,0.027531
755.2396,5.9310,61.49,129.00,0.027682
755.3345,5.9310,61.22,128.50,0.026572
755.4303,5.9310,60.95,128.00,0.026642
755.5276,5.9310,61.22,128.00,0.026868
755.6249,5.9310,61.49,128.00,0.028475
755.7248,5.9310,60.95,128.00,0.027907
755.8216,5.9025,60.95,128.00,0.028136
755.9202,5.8740,61.22,128.00,0.026838
756.0155,5.8740,60.95,128.00,0.027853
756.1122,5.8740,61.22,128.00,0.028253
756.2080,5.8740,60.95,128.00,0.028298
756.3058,5.8740,60.95,128.00,0.028191
756.4014,5.8740,61.22,128.00,0.028116
756.4984,5.8740,61.22,128.00,0.027006
756.5953,5.8740,61.22,128.00,0.027130
756.6934,5.8740,61.22,128.00,0.027691
756.7895,5.8950,61.49,128.00,0.028425
756.8917,5.9160,61.22,128.00,0.027436
756.9876,5.9160,61.22,128.00,0.028539
757.0836,5.9160,61.22,128.00,0.027194
757.1776,5.9160,61.22,128.00,0.026777
757.2748,5.9160,60.69,128.00,0.026884
757.3708,5.9160,61.22,128.00,0.026749
757.4718,5.9160,61.22,128.00,0.027841
757.5680,5.9160,61.22,128.00,0.028263
757.6665,5.9160,60.95,128.00,0.027268
757.7625,5.9160,61.22,128.00,0.026622
757.8601,5.9085,60.95,128.00,0.026829
757.9552,5.9010,61.22,128.00,0.027906
758.0520,5.9010,61.22,128.00,0.027147
758.1464,5.9010,61.22,128.00,0.027140
758.2472,5.9010,61.22,128.00,0.027247
758.3433,5.9010,61.22,128.00,0.028421
758.4404,5.9010,61.22,128.00,0.027479
758.5383,5.9010,61.22,128.00,0.027649
758.6405,5.9010,60.95,128.00,0.028159
758.7367,5.9010,61.22,128.00,0.026631
758.8313,5.9010,61.22,128.00,0.026583
758.9277,5.9010,60.69,128.00,0.026965
759.0249,5.9145,61.22,128.00,0.027718
759.1235,5.9280,61.22,128.00,0.027479
759.2209,5.9280,61.22,128.00,0.027842
759.3173,5.9280,61.22,128.00,0.027988
759.4125,5.9280,61.22,128.00,0.026816
759.5067,5.9280,61.22,128.00,0.026815
759.6043,5.9280,60.95,128.00,0.027163
759.7004,5.9280,61.49,128.00,0.028877
759.7992,5.9200,60.95,128.00,0.028762
759.8961,5.9120,61.22,128.00,0.028478
759.9936,5.9120,61.22,128.00,0.027971
760.0925,5.9120,61.22,128.00,0.028457
760.1925,5.9120,61.49,128.00,0.028276
760.2883,5.9120,60.95,128.00,0.028084
760.3861,5.9120,61.22,128.00,0.027536
760.4832,5.9120,61.22,128.00,0.027575
760.5839,5.9120,60.95,128.00,0.027889
760.6790,5.9120,61.22,128.00,0.027295
760.7768,5.9255,61.22,128.00,0.028682
760.8745,5.9390,61.22,128.00,0.027457
760.9734,5.9390,60.95,128.00,0.027658
761.0714,5.9390,61.22,128.00,0.027936
761.1683,5.9390,61.49,128.00,0.027664
761.2637,5.9390,61.22,128.00,0.027570
761.3623,5.9390,61.22,128.00,0.027694
761.4595,5.9390,61.22,128.00,0.027107
761.5575,5.9390,61.22,128.00,0.028174
761.6553,5.9390,61.22,128.00,0.027847
761.7548,5.9390,61.22,128.00,0.027807
761.8536,5.9200,61.22,128.00,0.027956
761.9540,5.9200,61.22,128.00,0.028478
762.0521,5.9200,61.49,128.00,0.028090
762.1501,5.9200,61.22,128.00,0.027939
762.2480,5.9200,61.22,128.00,0.028649
762.3432,5.9200,60.95,128.00,0.027323
762.4384,5.9200,60.69,128.00,0.026308
762.5352,5.9200,61.22,128.00,0.026655
762.6310,5.9200,61.22,128.00,0.026720
762.7271,5.9200,61.22,128.00,0.026922
762.8224,5.9125,61.22,128.00,0.027188
762.9192,5.9050,60.95,127.50,0.027983
763.0141,5.9050,61.49,127.50,0.027277
763.1131,5.9050,61.22,127.00,0.027921
763.2085,5.9050,60.95,127.50,0.028527
763.3073,5.9050,61.22,127.00,0.027755
763.4046,5.9050,60.95,128.00,0.027891
763.5007,5.9050,60.95,128.00,0.027319
763.5958,5.9050,61.49,127.50,0.027871
763.6921,5.9050,61.49,127.00,0.027288
763.7876,5.9050,60.95,127.00,0.026844
763.8841,5.9200,61.22,127.50,0.027459
763.9801,5.9350,61.22,127.00,0.027311
764.0759,5.9350,61.22,127.00,0.027144
764.1705,5.9350,61.49,127.50,0.027193
764.2686,5.9350,61.49,127.50,0.027483
764.3633,5.9350,61.49,127.50,0.027398
764.4624,5.9350,60.69,127.00,0.027858
764.5596,5.9350,61.22,127.00,0.027939
764.6562,5.9350,61.22,127.00,0.027604
764.7538,5.9350,61.22,127.00,0.027839
764.8503,5.9280,61.22,127.00,0.027279
764.9451,5.9280,61.22,127.00,0.028341
765.0438,5.9280,60.95,127.00,0.027687
765.1370,5.9280,61.22,127.00,0.026482
765.2312,5.9280,61.22,127.00,0.026437
765.3272,5.9280,61.22,127.00,0.027040
765.4233,5.9280,61.22,127.00,0.027467
765.5179,5.9280,60.95,127.00,0.027471
765.6149,5.9280,61.22,127.00,0.027711
765.7110,5.9280,61.22,127.00,0.027000
765.8092,5.9280,61.22,127.00,0.027657
765.9043,5.9280,61.22,127.00,0.027690
766.0005,5.9280,60.95,127.00,0.027421
766.0958,5.9280,61.22,127.00,0.028181
766.1944,5.9280,61.49,127.00,0.027801
766.2921,5.9280,61.49,127.00,0.027642
766.3867,5.9280,61.22,127.00,0.026499
766.4803,5.9280,61.22,127.00,0.026735
766.5774,5.9280,61.22,127.00,0.027926
766.6696,5.9280,61.22,127.00,0.026191
766.7672,5.9280,61.22,127.00,0.027352
766.8649,5.9280,61.22,127.00,0.028083
766.9643,5.9185,61.22,127.00,0.028086
767.0602,5.9090,61.22,127.00,0.028306
767.1568,5.9090,61.49,127.00,0.027217
767.2515,5.9090,61.76,127.00,0.027518
767.3484,5.9090,61.22,127.00,0.027435
767.4425,5.9090,61.22,127.00,0.027624
767.5427,5.9090,61.22,126.50,0.026426
767.6355,5.9090,61.49,127.00,0.026644
767.7299,5.9090,61.49,127.00,0.026501
767.8276,5.9090,61.22,127.00,0.027922
767.9239,5.9090,61.22,127.00,0.027442
768.0192,5.9090,61.22,127.00,0.027693
768.1189,5.9090,61.49,126.50,0.028094
768.2136,5.9090,61.76,126.50,0.026782
768.3081,5.9090,61.22,127.00,0.026438
768.4035,5.9090,61.49,127.00,0.027054
768.5002,5.9090,61.22,127.00,0.027804
768.5974,5.9090,60.95,127.00,0.027450
768.6942,5.9090,61.49,127.00,0.027439
768.7925,5.9090,61.22,127.00,0.028511
768.8912,5.9090,61.49,127.00,0.028325
768.9878,5.9310,61.49,127.00,0.027654
769.0875,5.9310,61.22,127.00,0.027571
769.1829,5.9310,61.22,127.00,0.027857
769.2824,5.9310,61.22,127.00,0.027636
769.3800,5.9310,61.49,127.00,0.027407
769.4794,5.9310,61.49,127.00,0.027134
769.5778,5.9310,61.22,127.00,0.028059
769.6759,5.9310,60.95,127.00,0.028066
769.7716,5.9310,61.22,127.00,0.027586
769.8719,5.9160,61.22,127.00,0.028131
769.9705,5.9160,61.22,127.00,0.027820
770.0696,5.9160,61.22,127.00,0.027795
770.1656,5.9160,60.95,127.00,0.028718
770.2631,5.9160,61.22,127.00,0.027922
770.3595,5.9160,60.95,127.00,0.028305
770.4597,5.9160,61.22,127.00,0.028304
770.5542,5.9160,61.22,127.00,0.027678
770.6501,5.9160,61.22,127.00,0.027110
770.7466,5.9160,61.22,127.00,0.029163
770.8441,5.9510,61.49,127.00,0.027004
770.9375,5.9510,61.22,127.00,0.026800
771.0327,5.9510,61.22,127.00,0.027055
771.1314,5.9510,61.22,127.00,0.027954
771.2308,5.9510,61.22,127.00,0.027810
771.3283,5.9510,61.22,127.00,0.027677
771.4275,5.9510,61.22,127.00,0.027553
771.5231,5.9510,60.95,127.00,0.027400
771.6205,5.9510,60.95,127.00,0.026918
771.7159,5.9510,61.22,127.00,0.027463
771.8133,5.9300,61.49,127.00,0.028091
771.9091,5.9090,60.95,127.00,0.028140
772.0086,5.9090,61.22,127.00,0.028085
772.1039,5.9090,61.22,127.00,0.027758
772.1999,5.9090,61.22,127.00,0.027202
772.2945,5.9090,61.22,127.00,0.027464
772.3967,5.9090,61.22,127.00,0.028405
772.4950,5.9090,61.22,127.00,0.028636
772.5950,5.9090,60.95,127.00,0.027724
772.6912,5.9090,61.22,127.00,0.027081
772.7875,5.8955,60.95,127.00,0.028432
772.8818,5.8820,61.22,127.00,0.026593
772.9767,5.8820,61.22,127.00,0.026962
773.0715,5.8820,60.95,127.00,0.027884
773.1685,5.8820,61.22,127.00,0.027257
773.2660,5.8820,61.22,127.00,0.027457
773.3635,5.8820,61.49,127.00,0.028242
773.4637,5.8820,60.95,127.00,0.027602
773.5604,5.8820,61.22,127.00,0.027691
773.6553,5.8820,61.22,127.00,0.027554
773.7576,5.8820,61.49,127.00,0.028313
773.8538,5.8630,61.22,127.00,0.028041
773.9511,5.8630,61.22,127.00,0.026721
774.0471,5.8630,61.76,127.00,0.027179
774.1478,5.8630,61.49,127.00,0.027440
774.2453,5.8630,61.22,127.00,0.027813
774.3446,5.8630,60.95,127.00,0.027827
774.4396,5.8630,61.22,127.00,0.028027
774.5360,5.8630,60.95,127.00,0.027804
774.6307,5.8630,61.22,127.00,0.027189
774.7291,5.8630,61.22,127.00,0.027655
774.8243,5.9085,61.22,127.00,0.027423
774.9238,5.9540,60.95,127.00,0.027479
775.0190,5.9540,61.22,127.00,0.027750
775.1162,5.9540,60.95,127.00,0.027534
775.2097,5.9540,61.22,127.00,0.026910
775.3036,5.9540,61.22,127.00,0.026447
775.3966,5.9540,61.22,127.00,0.026757
775.4936,5.9540,61.22,127.00,0.027875
775.5881,5.9540,61.22,127.00,0.027240
775.6832,5.9540,60.95,127.00,0.027325
775.7790,5.9540,61.22,127.00,0.026958
775.8783,5.9240,61.22,127.00,0.027823
775.9750,5.9240,61.49,127.00,0.027953
776.0724,5.9240,60.95,127.00,0.028015
776.1673,5.9240,61.22,127.00,0.027941
776.2642,5.9240,61.22,127.00,0.027802
776.3608,5.9240,60.95,127.00,0.027107
776.4588,5.9240,60.69,127.00,0.027125
776.5557,5.9240,61.22,127.00,0.027618
776.6517,5.9240,61.22,127.00,0.026752
776.7506,5.9240,60.95,127.00,0.026582
776.8485,5.9240,61.22,127.00,0.026967
776.9444,5.9375,60.95,127.00,0.028128
777.0419,5.9510,60.95,127.00,0.028223
777.1378,5.9510,61.22,127.00,0.028176
777.2373,5.9510,61.22,127.00,0.027550
777.3324,5.9510,61.22,127.00,0.027306
777.4320,5.9510,60.95,127.00,0.028051
777.5280,5.9510,61.22,127.00,0.027814
777.6283,5.9510,61.22,127.00,0.028229
777.7240,5.9510,61.22,127.00,0.028541
777.8248,5.9395,60.69,127.00,0.028477
777.9224,5.9280,61.22,127.00,0.027956
778.0243,5.9280,60.95,127.00,0.028686
778.1203,5.9280,60.69,127.00,0.027961
778.2178,5.9280,61.22,127.00,0.028034
778.3159,5.9280,61.22,127.00,0.028062
778.4133,5.9280,61.22,127.00,0.027911
778.5107,5.9280,60.95,127.00,0.027029
778.6113,5.9280,60.95,127.00,0.027432
778.7094,5.9280,61.22,127.00,0.027720
778.8078,5.9240,61.22,127.00,0.027786
778.9038,5.9200,61.22,127.00,0.027937
779.0013,5.9200,61.22,127.00,0.027837
779.0978,5.9200,61.49,127.00,0.028443
779.1939,5.9200,60.95,127.00,0.026747
779.2878,5.9200,60.95,127.00,0.027132
779.3834,5.9200,61.76,127.00,0.027142
779.4790,5.9200,61.22,127.00,0.027872
779.5766,5.9200,60.95,127.00,0.027885
779.6724,5.9200,60.95,127.00,0.028413
779.7686,5.9200,61.49,127.00,0.027976
779.8676,5.9200,61.22,127.00,0.028292
779.9668,5.9200,61.22,127.00,0.027591
780.0637,5.9200,61.22,127.00,0.028584
780.1606,5.9200,61.22,127.00,0.027790
780.2564,5.9200,61.22,127.00,0.027699
780.3538,5.9200,61.22,127.00,0.027886
780.4512,5.9200,61.22,127.00,0.026974
780.5483,5.9200,61.22,127.00,0.027047
780.6434,5.9200,61.22,127.00,0.027831
780.7431,5.9200,60.95,127.00,0.027901
780.8390,5.9200,61.22,127.00,0.027645
780.9364,5.9200,61.22,127.00,0.027878
781.0362,5.9200,60.95,127.00,0.027707
781.1372,5.9540,60.95,127.00,0.028522
781.2311,5.9540,61.22,127.00,0.026751
781.3264,5.9540,60.95,127.00,0.026615
781.4197,5.9540,61.49,127.00,0.026979
781.5154,5.9540,61.22,127.00,0.027311
781.6109,5.9540,61.22,127.00,0.026427
781.7077,5.9540,61.22,127.00,0.026362
781.8024,5.9390,61.22,127.00,0.027430
781.8991,5.9240,61.22,127.00,0.026440
781.9950,5.9240,61.22,127.00,0.027311
782.0957,5.9240,60.95,127.00,0.027438
782.1906,5.9240,61.22,127.00,0.027339
782.2889,5.9240,61.49,127.00,0.027533
782.3833,5.9240,60.95,127.00,0.027316
782.4802,5.9240,61.22,127.00,0.028079
782.5750,5.9240,60.95,127.00,0.027767
782.6721,5.9240,61.22,127.00,0.027854
782.7670,5.9240,61.22,127.00,0.027486
782.8636,5.9620,60.95,127.00,0.026977
782.9561,5.9620,60.95,127.00,0.026358
783.0519,5.9620,60.95,127.00,0.027290
783.1482,5.9620,61.22,126.50,0.028107
783.2443,5.9620,61.22,126.00,0.028015
783.3398,5.9620,61.22,126.00,0.028018
783.4387,5.9620,61.22,127.00,0.028008
783.5388,5.9620,61.22,127.00,0.027982
783.6363,5.9620,61.22,127.00,0.027726
783.7332,5.9620,61.22,126.50,0.026739
783.8270,5.9620,61.22,126.00,0.026466
783.9221,5.9620,61.49,127.00,0.026516
784.0202,5.9010,60.95,127.00,0.027556
784.1149,5.8400,60.95,127.00,0.027533
784.2123,5.8400,61.49,127.00,0.026471
784.3051,5.8400,61.22,127.00,0.026298
784.4010,5.8400,61.22,127.00,0.027447
784.4942,5.8400,61.22,127.00,0.026481
784.5916,5.8400,61.22,127.00,0.026850
784.6849,5.8400,61.22,127.00,0.026724
784.7830,5.8955,61.22,127.00,0.027836
784.8801,5.9510,61.49,127.00,0.027250
784.9763,5.9510,61.22,127.00,0.027629
785.0717,5.9510,61.49,127.00,0.027775
785.1682,5.9510,61.22,127.00,0.027824
785.2677,5.9510,60.95,127.00,0.027537
785.3657,5.9510,61.22,127.00,0.027974
785.4616,5.9510,61.22,127.00,0.027722
785.5601,5.9510,61.22,127.00,0.026811
785.6556,5.9510,61.49,127.00,0.027197
785.7529,5.9510,60.95,127.00,0.027492
785.8496,5.9390,61.22,127.00,0.027877
785.9525,5.9390,61.22,127.00,0.028356
786.0487,5.9390,60.95,127.00,0.027789
786.1442,5.9390,60.69,127.00,0.026674
786.2381,5.9390,61.22,127.00,0.026436
786.3397,5.9390,61.49,127.00,0.027532
786.4356,5.9390,61.22,127.00,0.027789
786.5353,5.9390,61.49,127.00,0.027888
786.6305,5.9390,60.69,127.00,0.027608
786.7280,5.9390,60.69,127.00,0.027751
786.8279,5.9545,60.95,127.00,0.028407
786.9274,5.9700,60.95,127.00,0.026840
787.0284,5.9700,60.95,127.00,0.028226
787.1364,5.9700,60.95,127.00,0.029153
787.2419,5.9700,60.95,127.00,0.029137
787.3469,5.9700,61.22,127.00,0.029546
787.4529,5.9700,61.22,127.00,0.029059
787.5601,5.9700,61.22,127.00,0.029299
787.6657,5.9700,60.95,127.00,0.029098
787.7736,5.9030,61.22,127.00,0.029674
787.8788,5.8360,61.49,127.50,0.028560
787.9825,5.8360,61.22,128.00,0.028903
788.0865,5.8360,61.22,128.00,0.028528
788.1904,5.8360,60.95,128.00,0.028824
788.2949,5.8360,61.22,128.00,0.028397
788.4004,5.8360,61.22,128.00,0.028333
788.5062,5.8360,60.95,128.00,0.028696
788.6114,5.8360,61.22,128.00,0.028700
788.7172,5.8360,60.95,128.00,0.028977
788.8217,5.7865,60.95,128.00,0.028687
788.9270,5.7370,60.95,128.00,0.027996
789.0328,5.7370,60.95,128.00,0.028548
789.1295,5.7370,61.22,128.00,0.026558
789.2234,5.7370,61.22,128.00,0.026588
789.3213,5.7370,61.22,128.00,0.028024
789.4265,5.7370,60.95,128.00,0.028177
789.5329,5.7370,60.95,128.00,0.028458
789.6368,5.7370,60.95,128.00,0.026384
789.7322,5.7370,61.22,128.00,0.026579
789.8267,5.7370,60.95,128.00,0.026680
789.9288,5.8035,61.49,128.00,0.028322
790.0334,5.8700,60.95,128.00,0.028803
790.1369,5.8700,61.22,128.00,0.028643
790.2382,5.8700,61.22,128.00,0.028581
790.3425,5.8700,61.22,128.00,0.029110
790.4483,5.8700,61.22,128.00,0.028446
790.5516,5.8700,61.22,128.00,0.028528
790.6555,5.8700,61.22,128.00,0.027979
790.7619,5.8700,61.22,128.00,0.029128
790.8662,5.8510,60.69,128.00,0.028151
790.9702,5.8510,60.95,128.00,0.028566
791.0741,5.8510,60.42,128.00,0.029348
791.1759,5.8510,60.95,128.00,0.027463
791.2721,5.8510,60.95,128.00,0.027563
791.3695,5.8510,61.22,128.00,0.027893
791.4727,5.8510,60.95,128.00,0.027381
791.5715,5.8510,61.49,128.00,0.027714
791.6670,5.8510,61.22,128.00,0.027719
791.7704,5.8510,61.22,128.00,0.028609
791.8724,5.8860,61.22,128.00,0.028768
791.9793,5.8860,61.22,128.00,0.029263
792.0824,5.8860,61.22,128.00,0.028614
792.1858,5.8860,60.95,128.00,0.028121
792.2921,5.8860,60.95,128.00,0.028515
792.3973,5.8860,61.22,128.00,0.028797
792.5024,5.8860,60.95,128.00,0.028289
792.6081,5.8860,60.95,128.00,0.028699
792.7051,5.8860,61.22,128.00,0.026555
792.7993,5.8860,60.95,128.00,0.026729
792.8978,5.8860,61.22,128.00,0.028193
792.9983,5.8860,60.69,128.00,0.026333
793.0950,5.8860,60.69,128.00,0.026726
793.1917,5.8860,61.22,128.00,0.026651
793.2902,5.8860,61.22,128.00,0.029508
793.3923,5.8860,61.49,128.00,0.029157
793.4951,5.8860,61.22,128.00,0.029330
793.6009,5.8860,60.95,128.00,0.028608
793.7068,5.8860,60.95,128.00,0.029166
793.8117,5.8745,61.22,128.00,0.028610
793.9135,5.8630,61.22,128.00,0.026388
794.0079,5.8630,61.22,128.00,0.026725
794.1073,5.8630,61.22,128.00,0.026762
794.2042,5.8630,61.49,128.00,0.027974
794.3039,5.8630,61.22,128.00,0.027375
794.4018,5.8630,60.69,128.00,0.027824
794.5008,5.8630,61.22,128.00,0.027451
794.5974,5.8630,61.22,128.00,0.028242
794.6942,5.8630,61.22,128.00,0.027378
794.7926,5.8860,61.22,128.00,0.027945
794.8903,5.9090,61.49,128.00,0.027682
794.9876,5.9090,61.22,128.00,0.027375
795.0887,5.9090,60.95,128.00,0.027961
795.1904,5.9090,60.95,128.00,0.028634
795.2962,5.9090,61.22,128.00,0.028391
795.4001,5.9090,61.49,128.00,0.028140
795.5069,5.9090,61.22,128.00,0.028473
795.6103,5.9090,60.69,128.00,0.028229
795.7150,5.9090,60.69,128.00,0.028217
795.8225,5.8820,61.22,128.00,0.028564
795.9212,5.8550,61.22,128.00,0.026230
796.0155,5.8550,60.95,128.00,0.026860
796.1119,5.8550,61.22,128.00,0.026972
796.2070,5.8550,61.22,128.00,0.026159
796.3025,5.8550,60.95,128.00,0.026537
796.3986,5.8550,60.95,128.00,0.026911
796.4999,5.8550,61.22,128.00,0.028431
796.6003,5.8550,60.69,128.00,0.028694
796.7049,5.8550,61.22,128.00,0.028821
796.8093,5.8685,60.95,128.00,0.029009
796.9112,5.8820,61.22,128.00,0.027931
797.0068,5.8820,61.22,128.00,0.027123
797.1064,5.8820,61.22,128.00,0.026587
797.2029,5.8820,61.22,128.00,0.026770
797.3001,5.8820,61.22,128.00,0.027268
797.4010,5.8820,61.49,128.00,0.028968
797.5072,5.8820,60.95,128.00,0.028726
797.6070,5.8820,61.49,128.00,0.028648
797.7136,5.8820,61.22,128.00,0.029328
797.8178,5.8095,61.22,128.00,0.028575
797.9231,5.7370,61.22,128.00,0.028477
798.0259,5.7370,60.95,128.00,0.028994
798.1319,5.7370,60.95,128.00,0.028388
798.2352,5.7370,61.49,128.00,0.028741
798.3415,5.7370,61.22,128.00,0.028936
798.4465,5.7370,61.22,128.00,0.028910
798.5487,5.7370,61.22,128.00,0.028949
798.6556,5.7370,60.69,128.00,0.028975
798.7542,5.7370,60.69,128.00,0.026871
798.8554,5.7370,61.22,128.00,0.027135
798.9611,5.7790,61.22,128.00,0.029020
799.0645,5.8210,60.95,128.00,0.026532
799.1591,5.8210,60.95,128.00,0.026447
799.2625,5.8210,61.22,128.00,0.028510
799.3646,5.8210,61.22,128.00,0.028401
799.4687,5.8210,61.22,128.00,0.028840
799.5722,5.8210,60.95,128.00,0.028611
799.6707,5.8210,61.49,128.00,0.027191
799.7741,5.7770,60.69,128.00,0.027752
799.8817,5.7330,60.95,128.00,0.029399
799.9879,5.7330,61.49,128.00,0.028764
800.0926,5.7330,60.69,128.00,0.028430
800.1959,5.7330,61.22,128.00,0.027641
800.2965,5.7330,61.22,128.00,0.028168
800.3963,5.7330,61.22,128.00,0.027842
800.4968,5.7330,61.22,128.00,0.028025
800.5977,5.7330,61.22,128.00,0.028192
800.6981,5.7330,60.95,128.00,0.028388
800.8007,5.8380,61.22,128.00,0.028397
800.8984,5.9430,61.22,128.00,0.026691
800.9946,5.9430,61.22,128.00,0.026865
801.0953,5.9430,60.95,128.00,0.026786
801.1961,5.9430,61.22,128.00,0.027992
801.2935,5.9430,61.49,128.00,0.028130
801.3924,5.9430,61.22,128.00,0.028722
801.4976,5.9430,61.22,127.50,0.029279
801.6053,5.9430,60.95,127.00,0.029088
801.7052,5.9430,60.95,127.00,0.026880
801.8037,5.8685,60.69,127.00,0.027676
801.9106,5.7940,61.22,128.00,0.029048
802.0142,5.7940,61.22,128.00,0.028609
802.1187,5.7940,60.69,128.00,0.028825
802.2169,5.7940,61.22,128.00,0.027379
802.3188,5.7940,61.22,128.00,0.028604
802.4248,5.7940,61.49,127.50,0.029374
802.5288,5.7940,61.22,127.00,0.028560
802.6355,5.7940,61.22,127.00,0.028961
802.7398,5.7940,61.22,127.00,0.028529
802.8472,5.8930,60.69,127.00,0.028731
802.9530,5.8930,60.95,127.00,0.029030
803.0609,5.8930,60.95,127.00,0.029271
803.1685,5.8930,61.22,127.00,0.029150
803.2729,5.8930,60.95,127.00,0.028774
803.3765,5.8930,61.22,127.00,0.028506
803.4817,5.8930,61.22,127.00,0.027293
803.5790,5.8930,60.69,127.00,0.026651
803.6747,5.8930,60.95,127.00,0.027200
803.7775,5.9010,61.22,127.00,0.029280
803.8815,5.9090,61.49,127.00,0.029093
803.9852,5.9090,60.95,127.00,0.028372
804.0882,5.9090,61.49,127.00,0.027190
804.1851,5.9090,61.49,127.00,0.027815
804.2833,5.9090,61.22,127.50,0.027962
804.3817,5.9090,60.95,127.00,0.028023
804.4889,5.9090,61.22,127.00,0.028732
804.5944,5.9090,60.95,127.00,0.027719
804.6972,5.9090,61.22,127.00,0.028480
804.8044,5.8265,60.95,127.00,0.028797
804.9123,5.7440,60.69,127.00,0.028685
805.0167,5.7440,60.69,127.00,0.028154
805.1242,5.7440,61.49,127.00,0.028215
805.2307,5.7440,60.95,127.00,0.028436
805.3366,5.7440,61.22,127.00,0.028528
805.4406,5.7440,60.95,127.00,0.028295
805.5444,5.7440,60.95,127.00,0.028085
805.6480,5.7440,61.22,127.00,0.028035
805.7516,5.7440,60.69,127.00,0.028220
805.8563,5.8930,60.95,127.00,0.028203
805.9609,5.8930,60.95,127.00,0.028664
806.0670,5.8930,60.95,127.00,0.028603
806.1728,5.8930,60.69,127.00,0.028012
806.2712,5.8930,60.95,127.00,0.027656
806.3680,5.8930,60.95,127.00,0.028100
806.4694,5.8930,61.49,127.00,0.027997
806.5681,5.8930,60.69,127.00,0.027840
806.6645,5.8930,61.22,127.00,0.027958
806.7654,5.8930,60.95,127.00,0.027415
806.8669,5.8510,60.69,127.00,0.027990
806.9653,5.8510,61.49,127.00,0.027207
807.0665,5.8510,60.95,127.00,0.027801
807.1651,5.8510,61.49,127.00,0.027832
807.2656,5.8510,61.22,127.00,0.027319
807.3615,5.8510,61.22,127.00,0.027826
807.4596,5.8510,61.22,127.00,0.027837
807.5549,5.8510,60.95,127.00,0.027478
807.6560,5.8510,60.95,127.00,0.028008
807.7513,5.8510,60.69,127.00,0.027029
807.8495,5.9470,61.22,127.00,0.027055
807.9487,5.9470,61.22,127.00,0.028159
808.0463,5.9470,61.22,127.00,0.027414
808.1447,5.9470,61.22,127.00,0.027537
808.2466,5.9470,60.95,127.00,0.027075
808.3446,5.9470,61.22,127.00,0.027294
808.4399,5.9470,61.22,127.00,0.026182
808.5349,5.9470,61.22,127.00,0.026636
808.6308,5.9470,61.49,127.00,0.027396
808.7275,5.9470,60.69,127.00,0.028025
808.8254,5.9410,60.95,127.00,0.027779
808.9246,5.9350,61.22,127.00,0.027403
809.0220,5.9350,61.22,127.00,0.026883
809.1196,5.9350,60.95,127.00,0.027346
809.2202,5.9350,60.69,127.00,0.027620
809.3155,5.9350,60.69,127.00,0.027611
809.4151,5.9350,60.95,127.00,0.026887
809.5115,5.9350,61.49,126.50,0.028231
809.6094,5.9350,61.49,126.00,0.027810
809.7072,5.9350,61.22,126.00,0.027365
809.8056,5.9275,60.95,126.00,0.028076
809.9016,5.9200,61.22,126.00,0.027723
810.0017,5.9200,61.22,126.00,0.028197
810.0979,5.9200,61.22,126.00,0.028145
810.1978,5.9200,61.22,126.00,0.028083
810.2966,5.9200,61.22,127.00,0.027789
810.3958,5.9200,61.22,127.00,0.027581
810.4919,5.9200,60.95,127.00,0.028178
810.5925,5.9200,60.95,127.00,0.028418
810.6867,5.9200,61.49,127.00,0.026600
810.7822,5.9200,61.22,127.00,0.026667
810.8784,5.9275,61.22,127.00,0.027861
810.9769,5.9350,61.49,127.00,0.027497
811.0720,5.9350,61.22,127.00,0.026422
811.1666,5.9350,61.22,127.00,0.026321
811.2626,5.9350,61.22,127.00,0.026481
811.3629,5.9350,61.22,127.00,0.027803
811.4605,5.9350,61.22,126.50,0.027116
811.5601,5.9350,61.22,126.00,0.027449
811.6614,5.9350,60.95,126.50,0.027888
811.7604,5.9350,61.22,126.00,0.027770
811.8599,5.8510,60.95,126.00,0.027770
811.9599,5.8510,61.22,126.00,0.028043
812.0569,5.8510,61.22,126.00,0.027380
812.1567,5.8510,61.22,126.00,0.027864
812.2561,5.8510,61.22,126.00,0.028080
812.3565,5.8510,61.22,126.00,0.028151
812.4535,5.8510,61.76,126.00,0.027895
812.5520,5.8510,61.22,126.50,0.026603
812.6463,5.8510,61.22,127.00,0.026980
812.7477,5.8510,61.22,126.50,0.027715
812.8481,5.9160,61.22,126.00,0.028093
812.9462,5.9160,60.69,126.00,0.026582
813.0430,5.9160,61.22,126.00,0.027318
813.1389,5.9160,61.22,126.50,0.026697
813.2359,5.9160,61.22,126.50,0.028381
813.3358,5.9160,60.69,126.00,0.027430
813.4324,5.9160,60.95,126.00,0.027616
813.5343,5.9160,60.95,126.00,0.027053
813.6313,5.9160,61.22,126.00,0.027808
813.7296,5.9160,61.49,126.00,0.028190
813.8309,5.9275,61.49,126.00,0.027775
813.9314,5.9390,60.95,126.00,0.027563
814.0266,5.9390,61.22,126.00,0.026576
814.1273,5.9390,61.22,126.00,0.027005
814.2234,5.9390,60.95,126.00,0.027544
814.3213,5.9390,61.22,126.00,0.028030
814.4150,5.9390,61.22,126.00,0.025933
814.5111,5.9390,61.22,126.00,0.026696
814.6077,5.9390,60.69,126.00,0.027281
814.7081,5.9390,61.22,126.00,0.028023
814.8078,5.9505,60.95,126.00,0.027576
814.9073,5.9620,60.95,126.00,0.026639
815.0028,5.9620,61.22,126.00,0.026724
815.1003,5.9620,61.22,126.00,0.026551
815.1965,5.9620,61.22,126.00,0.028361
815.2940,5.9620,61.22,126.00,0.027501
815.3898,5.9620,61.49,126.00,0.028147
815.4891,5.9620,61.22,126.00,0.027599
815.5844,5.9620,60.69,126.00,0.027368
815.6839,5.9620,61.22,126.00,0.027525
815.7793,5.9390,61.22,126.00,0.027558
815.8771,5.9160,61.22,126.00,0.027460
815.9723,5.9160,61.22,126.00,0.027332
816.0724,5.9160,60.95,126.00,0.027910
816.1677,5.9160,61.22,126.00,0.027607
816.2658,5.9160,61.22,126.00,0.028084
816.3624,5.9160,61.49,126.00,0.027244
816.4644,5.9160,60.95,126.00,0.027811
816.5599,5.9160,61.22,126.00,0.027342
816.6576,5.9160,61.22,126.00,0.027981
816.7528,5.9160,61.49,126.00,0.027743
816.8506,5.9240,61.22,126.00,0.027674
816.9484,5.9240,61.22,126.00,0.028120
817.0461,5.9240,61.22,126.00,0.026192
817.1398,5.9240,61.22,126.00,0.026514
817.2360,5.9240,60.95,126.00,0.027475
817.3311,5.9240,61.49,126.00,0.027395
817.4281,5.9240,61.22,126.00,0.026987
817.5221,5.9240,61.22,126.00,0.026397
817.6215,5.9240,61.22,126.00,0.027982
817.7167,5.9240,61.22,126.00,0.027332
817.8141,5.9315,61.22,126.00,0.027366
817.9131,5.9390,60.95,126.00,0.028119
818.0135,5.9390,61.22,126.00,0.028074
818.1097,5.9390,61.22,126.00,0.028036
818.2095,5.9390,61.22,126.00,0.027827
818.3078,5.9390,60.95,126.00,0.027851
818.4075,5.9390,61.22,126.00,0.027488
818.5031,5.9390,61.22,126.00,0.027313
818.6009,5.9390,60.95,126.00,0.027619
818.6949,5.9390,61.49,126.00,0.026309
818.7904,5.9390,61.22,126.00,0.026592
818.8845,5.9390,60.95,126.00,0.026860
818.9838,5.9390,61.22,126.00,0.027597
819.0802,5.9390,61.22,125.50,0.028456
819.1777,5.9390,61.22,125.00,0.027920
819.2733,5.9390,61.49,125.00,0.028235
819.3724,5.9390,60.95,125.00,0.027160
819.4696,5.9390,60.95,125.50,0.027203
819.5691,5.9390,61.22,125.50,0.027863
819.6644,5.9390,61.22,125.50,0.027187
819.7641,5.9390,61.22,125.00,0.027415
819.8641,5.9390,61.22,125.00,0.027474
819.9613,5.9390,61.22,125.00,0.027240
820.0577,5.9390,61.22,125.00,0.027924
820.1549,5.9390,61.76,126.00,0.027443
820.2510,5.9390,61.22,126.00,0.027595
820.3506,5.9390,61.22,125.50,0.027395
820.4489,5.9390,61.76,125.00,0.027420
820.5467,5.9390,61.22,125.00,0.027902
820.6422,5.9390,61.22,125.00,0.027153
820.7397,5.9390,61.49,125.00,0.026418
820.8352,5.9390,60.95,126.00,0.026945
820.9307,5.9390,61.22,126.00,0.026441
821.0294,5.9090,61.22,126.00,0.028051
821.1303,5.9090,61.22,126.00,0.026367
821.2248,5.9090,61.22,125.00,0.027207
821.3237,5.9090,61.22,125.00,0.027050
821.4186,5.9090,61.49,125.50,0.027724
821.5162,5.9090,61.22,125.50,0.027738
821.6141,5.9090,61.22,125.00,0.027515
821.7162,5.9090,61.49,125.00,0.027557
821.8156,5.9355,61.22,125.00,0.027410
821.9156,5.9620,61.22,125.00,0.027347
822.0117,5.9620,61.22,125.00,0.027943
822.1124,5.9620,61.49,125.00,0.028003
822.2120,5.9620,61.22,125.00,0.027540
822.3117,5.9620,60.95,125.00,0.027355
822.4071,5.9620,61.22,125.00,0.027490
822.5048,5.9620,60.95,125.00,0.027692
822.6026,5.9620,61.22,125.00,0.027430
822.7001,5.9620,61.22,125.00,0.027549
822.7968,5.9505,61.22,125.00,0.028100
822.8948,5.9390,61.22,125.00,0.027359
822.9938,5.9390,60.95,125.00,0.027363
823.0962,5.9390,61.22,125.00,0.027733
823.1964,5.9390,61.22,125.00,0.027602
823.2966,5.9390,61.49,125.00,0.028299
823.3949,5.9390,61.22,125.00,0.027981
823.4964,5.9390,61.22,125.00,0.028132
823.5928,5.9390,61.22,125.00,0.027988
823.6908,5.9390,61.22,125.00,0.027725
823.7913,5.8990,61.49,125.00,0.028710
823.8918,5.8590,61.22,125.00,0.028031
823.9862,5.8590,61.22,125.00,0.027142
824.0830,5.8590,61.22,125.00,0.027329
824.1801,5.8590,61.22,125.00,0.027221
824.2792,5.8590,61.49,125.00,0.027349
824.3760,5.8590,61.22,125.00,0.027267
824.4761,5.8590,61.22,125.00,0.027782
824.5716,5.8590,61.22,125.00,0.027514
824.6692,5.8590,61.22,125.00,0.027870
824.7653,5.8590,61.22,125.00,0.028085
824.8639,5.9310,61.49,125.00,0.028243
824.9614,5.9310,61.22,125.00,0.027589
825.0588,5.9310,61.22,125.00,0.027552
825.1565,5.9310,61.22,125.00,0.027880
825.2559,5.9310,61.22,125.00,0.027731
825.3509,5.9310,61.22,125.00,0.027341
825.4506,5.9310,61.22,125.00,0.027553
825.5489,5.9310,61.22,125.00,0.028071
825.6481,5.9310,60.95,125.00,0.027684
825.7459,5.9310,61.22,125.00,0.028235
825.8449,5.9010,61.49,125.00,0.026238
825.9386,5.9010,61.22,125.00,0.026423
826.0359,5.9010,61.22,125.00,0.026288
826.1311,5.9010,61.22,125.00,0.027176
826.2274,5.9010,61.22,125.00,0.026479
826.3234,5.9010,61.22,125.00,0.026171
826.4196,5.9010,61.22,125.00,0.026825
826.5140,5.9010,61.22,125.00,0.026249
826.6103,5.9010,61.49,125.00,0.027191
826.7039,5.9010,60.95,125.00,0.026486
826.8033,5.9010,61.22,125.00,0.027487
826.8997,5.9010,61.22,125.00,0.028141
827.0001,5.9010,61.22,125.00,0.027930
827.0979,5.9010,60.95,125.00,0.028228
827.1982,5.9010,61.22,125.00,0.028217
827.2934,5.9010,61.22,125.00,0.027413
827.3935,5.9010,61.22,125.00,0.028092
827.4894,5.9010,61.22,125.00,0.028486
827.5885,5.9010,60.95,125.00,0.029197
827.6842,5.9010,60.95,125.00,0.027756
827.7840,5.9010,61.22,125.00,0.027766
827.8804,5.9010,61.22,125.00,0.028276
827.9809,5.9010,60.95,125.00,0.027869
828.0811,5.9510,61.49,125.00,0.028396
828.1771,5.9510,61.49,125.00,0.026428
828.2707,5.9510,60.95,125.00,0.026652
828.3700,5.9510,60.95,125.00,0.027234
828.4670,5.9510,61.22,125.00,0.026616
828.5640,5.9510,61.22,125.00,0.027157
828.6599,5.9510,61.49,125.00,0.027557
828.7572,5.9510,61.49,125.00,0.027560
828.8541,5.9200,61.22,125.00,0.028191
828.9559,5.9200,61.22,125.00,0.027571
829.0543,5.9200,61.49,125.00,0.027763
829.1523,5.9200,61.22,125.00,0.027725
829.2507,5.9200,61.49,125.00,0.027752
829.3511,5.9200,61.49,125.00,0.027709
829.4449,5.9200,61.22,125.00,0.026828
829.5446,5.9200,61.22,125.00,0.027846
829.6383,5.9200,61.22,125.00,0.026660
829.7360,5.9200,61.22,125.00,0.026898
829.8325,5.9010,61.22,125.00,0.028045
829.9281,5.9010,61.49,125.00,0.026449
830.0221,5.9010,61.49,125.00,0.027273
830.1185,5.9010,61.49,125.00,0.026728
830.2164,5.9010,61.22,125.00,0.027701
830.3190,5.9010,60.95,125.00,0.027658
830.4147,5.9010,61.22,125.00,0.027519
830.5126,5.9010,61.22,125.00,0.027384
830.6096,5.9010,61.22,125.00,0.027967
830.7074,5.9010,61.22,125.00,0.027574
830.8049,5.9200,61.22,125.00,0.027434
830.9033,5.9390,61.22,125.00,0.027650
831.0013,5.9390,61.22,125.00,0.027653
831.1051,5.9390,61.22,125.00,0.028590
831.2086,5.9390,61.22,125.00,0.028531
831.3054,5.9390,60.69,125.00,0.026332
831.3995,5.9390,61.22,125.00,0.026876
831.4998,5.9390,60.95,125.00,0.027515
831.6014,5.9390,61.22,125.00,0.027259
831.7058,5.9390,61.22,125.00,0.028708
831.8114,5.8225,61.22,125.00,0.029575
831.9139,5.7060,61.22,125.00,0.028775
832.0132,5.7060,61.22,125.00,0.026654
832.1081,5.7060,61.22,125.00,0.026754
832.2088,5.7060,61.22,125.00,0.028344
832.3134,5.7060,61.49,125.00,0.029214
832.4192,5.7060,61.22,125.00,0.028823
832.5258,5.7060,61.22,125.00,0.029102
832.6323,5.7060,61.22,125.00,0.029080
832.7361,5.7060,61.49,125.00,0.028425
832.8397,5.7600,61.49,125.00,0.028083
832.9453,5.7600,60.95,125.00,0.027790
833.0500,5.7600,60.95,125.00,0.027865
833.1575,5.7600,61.22,125.00,0.028845
833.2594,5.7600,61.22,125.00,0.028397
833.3634,5.7600,61.22,125.00,0.028752
833.4639,5.7600,61.22,125.00,0.027684
833.5687,5.7600,61.22,125.00,0.028641
833.6726,5.7600,60.95,125.00,0.028600
833.7773,5.8210,61.22,125.00,0.029205
833.8750,5.8820,61.22,125.00,0.026686
833.9700,5.8820,60.95,125.00,0.026857
834.0683,5.8820,61.22,125.00,0.028760
834.1721,5.8820,61.22,125.00,0.028726
834.2784,5.8820,61.49,125.00,0.028457
834.3827,5.8820,60.95,125.00,0.027932
834.4844,5.8820,60.95,125.00,0.028895
834.5885,5.8820,61.22,125.00,0.028592
834.6919,5.8820,61.22,125.00,0.028936
834.7924,5.8820,60.95,125.00,0.026611
834.8875,5.8820,60.95,125.00,0.027463
834.9937,5.8820,60.95,125.00,0.028608
835.0957,5.8820,61.22,125.00,0.027289
835.2000,5.8820,61.22,125.00,0.028214
835.3063,5.8820,60.95,125.00,0.028201
835.4052,5.8820,60.95,125.00,0.026310
835.5020,5.8820,61.22,125.00,0.026990
835.6035,5.8820,61.22,125.00,0.026693
835.7092,5.8820,60.69,125.00,0.028482
835.8133,5.8820,61.22,125.00,0.028276
835.9184,5.8820,61.22,125.00,0.028121
836.0231,5.8820,61.22,125.00,0.028369
836.1236,5.8380,61.22,125.00,0.027956
836.2263,5.7940,61.22,125.00,0.027811
836.3278,5.7940,60.95,125.00,0.027952
836.4275,5.7940,61.22,125.00,0.027537
836.5231,5.7940,60.95,125.00,0.027755
836.6218,5.7940,61.22,125.00,0.028272
836.7174,5.7940,61.22,125.00,0.027751
836.8174,5.8475,61.22,125.00,0.027773
836.9135,5.9010,60.95,125.00,0.027972
837.0139,5.9010,61.22,125.00,0.028512
837.1146,5.9010,61.22,125.00,0.028136
837.2139,5.9010,60.95,125.00,0.027278
837.3118,5.9010,61.22,125.00,0.027811
837.4120,5.9010,60.95,125.00,0.027897
837.5075,5.9010,60.95,125.00,0.027501
837.6084,5.9010,61.22,125.00,0.028170
837.7045,5.9010,61.22,125.00,0.028559
837.8029,5.9390,60.95,125.00,0.027490
837.9025,5.9770,61.22,125.00,0.027236
837.9993,5.9770,61.22,125.00,0.026632
838.0925,5.9770,61.22,125.00,0.026431
838.1907,5.9770,61.22,125.00,0.026796
838.2884,5.9770,61.22,125.00,0.027771
838.3882,5.9770,61.22,125.00,0.028028
838.4817,5.9770,61.22,125.00,0.026328
838.5793,5.9770,61.22,125.00,0.026534
838.6743,5.9770,61.22,125.00,0.027486
838.7767,5.9600,61.49,125.00,0.028194
838.8731,5.9430,61.49,125.00,0.028039
838.9725,5.9430,60.95,125.00,0.027646
839.0685,5.9430,60.95,125.00,0.028168
839.1685,5.9430,61.22,125.00,0.028016
839.2647,5.9430,60.95,125.00,0.028404
839.3666,5.9430,61.49,125.00,0.027925
839.4642,5.9430,61.22,125.00,0.027822
839.5618,5.9430,60.95,125.00,0.027811
839.6598,5.9430,61.22,125.00,0.028244
839.7576,5.9430,60.95,125.00,0.027616
839.8549,5.9430,61.22,125.00,0.026728
839.9519,5.9430,61.22,125.00,0.027524
840.0468,5.9430,60.95,125.00,0.026941
840.1439,5.9430,61.22,125.00,0.026464
840.2376,5.9430,61.22,125.00,0.026490
840.3357,5.9430,61.22,125.00,0.027969
840.4354,5.9430,61.22,125.00,0.027799
840.5364,5.9430,61.22,125.00,0.028176
840.6333,5.9430,61.22,125.00,0.027858
840.7343,5.9430,61.22,125.00,0.028434
840.8356,5.9310,60.69,125.00,0.027698
840.9360,5.9310,61.22,125.00,0.027511
841.0323,5.9310,61.22,125.00,0.027857
841.1309,5.9310,61.22,125.00,0.026812
841.2269,5.9310,61.22,125.00,0.027483
841.3274,5.9310,61.22,125.00,0.027318
841.4220,5.9310,61.22,125.00,0.026746
841.5206,5.9310,60.95,125.00,0.026845
841.6200,5.9310,61.22,125.00,0.027543
841.7206,5.9310,61.22,125.00,0.027994
841.8195,5.8875,61.49,125.00,0.027959
841.9210,5.8440,61.49,125.00,0.028304
842.0187,5.8440,60.95,125.00,0.027908
842.1204,5.8440,61.49,125.00,0.027202
842.2161,5.8440,61.22,125.00,0.027836
842.3153,5.8440,60.95,125.00,0.027286
842.4100,5.8440,61.22,125.00,0.026514
842.5071,5.8440,61.49,125.00,0.026444
842.6028,5.8440,61.22,125.00,0.026634
842.7002,5.8440,61.49,125.00,0.027847
842.8003,5.8955,61.22,125.00,0.027926
842.8984,5.9470,61.22,125.00,0.027803
842.9989,5.9470,61.22,125.00,0.027792
843.0966,5.9470,60.95,125.00,0.027687
843.1922,5.9470,61.22,125.00,0.027594
843.2920,5.9470,61.22,125.00,0.027342
843.3867,5.9470,61.22,125.00,0.026991
843.4841,5.9470,61.49,125.00,0.027000
843.5821,5.9470,61.22,125.00,0.027884
843.6821,5.9470,61.22,125.00,0.028103
843.7816,5.9050,61.22,125.00,0.027652
843.8815,5.8630,61.49,125.00,0.028017
843.9769,5.8630,60.95,125.00,0.027995
844.0765,5.8630,61.22,125.00,0.027886
844.1765,5.8630,61.22,125.00,0.028002
844.2762,5.8630,61.49,125.00,0.027744
844.3718,5.8630,60.95,125.00,0.028011
844.4720,5.8630,61.22,125.00,0.027771
844.5691,5.8630,61.22,125.00,0.028655
844.6663,5.8630,60.95,125.00,0.027225
844.7624,5.8630,61.22,125.00,0.026783
844.8577,5.8630,61.22,125.00,0.026509
844.9537,5.8630,60.95,125.00,0.026540
845.0504,5.8630,61.22,125.00,0.027162
845.1495,5.9160,61.76,125.00,0.027664
845.2461,5.9160,61.22,125.00,0.026719
845.3401,5.9160,61.22,125.00,0.026566
845.4387,5.9160,61.76,125.00,0.026798
845.5375,5.9160,61.22,125.00,0.027587
845.6348,5.9160,61.22,125.00,0.028130
845.7326,5.9160,61.49,125.00,0.027806
845.8339,5.9430,61.22,125.00,0.028147
845.9336,5.9430,61.22,125.00,0.027601
846.0329,5.9430,61.22,125.00,0.027838
846.1303,5.9430,61.22,125.00,0.027485
846.2320,5.9430,61.49,125.00,0.027626
846.3282,5.9430,61.22,125.00,0.028301
846.4282,5.9430,61.22,125.00,0.027753
846.5263,5.9430,61.22,125.00,0.028039
846.6235,5.9430,61.22,125.00,0.027352
846.7196,5.9430,61.22,125.00,0.028268
846.8176,5.9430,61.22,125.00,0.027668
846.9157,5.9430,61.49,125.00,0.027532
847.0152,5.9430,61.49,125.00,0.027155
847.1158,5.9430,61.49,125.00,0.027511
847.2151,5.9430,61.22,125.00,0.027232
847.3118,5.9430,60.69,125.00,0.027015
847.4116,5.9430,61.22,125.00,0.027706
847.5102,5.9430,61.49,125.00,0.027970
847.6120,5.9430,61.49,125.00,0.027797
847.7079,5.9430,61.22,125.00,0.027836
847.8077,5.9430,60.95,125.00,0.027649
847.9034,5.9430,60.95,125.00,0.027491
848.0009,5.9430,61.22,125.00,0.027400
848.0967,5.9430,61.22,125.00,0.027261
848.1952,5.9620,61.22,125.00,0.027739
848.2895,5.9620,61.22,125.00,0.026672
848.3872,5.9620,61.49,125.00,0.026568
848.4839,5.9620,60.95,125.00,0.027490
848.5818,5.9620,61.22,125.00,0.028003
848.6803,5.9620,62.03,125.00,0.028469
848.7803,5.9390,61.22,125.00,0.027796
848.8767,5.9160,60.95,125.00,0.028166
848.9728,5.9160,61.22,125.00,0.026344
849.0664,5.9160,61.22,125.00,0.026895
849.1635,5.9160,61.22,125.00,0.027047
849.2611,5.9160,61.22,125.00,0.027327
849.3590,5.9160,61.49,125.00,0.027678
849.4541,5.9160,61.22,125.00,0.027297
849.5522,5.9160,61.22,125.00,0.028083
849.6472,5.9160,61.49,125.00,0.026905
849.7476,5.9160,61.49,125.00,0.028002
849.8462,5.9660,60.95,125.00,0.027578
849.9451,5.9660,61.76,125.00,0.026912
850.0407,5.9660,61.22,125.00,0.027730
850.1407,5.9660,61.22,125.00,0.027982
850.2360,5.9660,61.22,125.00,0.027544
850.3378,5.9660,61.22,125.00,0.027951
850.4358,5.9660,61.22,125.00,0.027768
850.5360,5.9660,61.49,125.00,0.027803
850.6354,5.9660,61.22,125.00,0.028354
850.7339,5.9660,61.22,125.00,0.028507
850.8301,5.9240,60.95,125.00,0.028497
850.9285,5.8820,61.22,125.00,0.027612
851.0248,5.8820,61.22,125.00,0.028050
851.1280,5.8820,61.22,125.00,0.028052
851.2218,5.8820,60.95,125.00,0.026940
851.3175,5.8820,60.95,125.00,0.026657
851.4119,5.8820,61.22,125.00,0.027530
851.5118,5.8820,61.22,125.00,0.027551
851.6079,5.8820,61.22,125.00,0.027482
851.7078,5.8820,61.22,125.00,0.027709
851.8035,5.8915,61.49,125.00,0.027864
851.9047,5.9010,61.22,125.00,0.027948
851.9997,5.9010,61.22,125.00,0.027115
852.0963,5.9010,61.22,125.00,0.026694
852.1939,5.9010,60.95,125.00,0.027553
852.2934,5.9010,61.22,125.00,0.027680
852.3888,5.9010,61.49,125.00,0.027596
852.4879,5.9010,61.22,125.00,0.027604
852.5867,5.9010,61.22,125.00,0.028213
852.6869,5.9010,61.22,125.00,0.027769
852.7834,5.9010,61.22,125.00,0.028071
852.8820,5.9010,61.22,125.00,0.028100
852.9806,5.9010,61.22,125.00,0.027928
853.0798,5.9010,60.95,125.00,0.028371
853.1747,5.9010,61.22,125.00,0.026767
853.2708,5.9010,61.76,125.00,0.026645
853.3683,5.9010,60.69,125.00,0.027226
853.4684,5.9010,61.22,125.00,0.027668
853.5666,5.9010,61.22,125.00,0.027456
853.6652,5.9010,61.22,125.00,0.027826
853.7631,5.9010,61.49,125.00,0.027102
853.8641,5.8760,60.95,125.00,0.027856
853.9618,5.8510,61.22,125.00,0.028189
854.0643,5.8510,61.22,125.00,0.027980
854.1611,5.8510,61.22,125.00,0.027815
854.2635,5.8510,61.22,125.00,0.027597
854.3598,5.8510,61.22,125.00,0.027758
854.4605,5.8510,61.22,125.00,0.028162
854.5557,5.8510,60.95,125.00,0.026535
854.6512,5.8510,61.49,125.00,0.026355
854.7449,5.8510,61.76,125.00,0.026400
854.8447,5.8685,61.22,125.00,0.028520
854.9425,5.8860,61.22,125.00,0.027463
855.0429,5.8860,61.22,125.00,0.028000
855.1392,5.8860,61.22,125.00,0.028075
855.2401,5.8860,61.22,125.00,0.028773
855.3346,5.8860,61.76,125.00,0.026809
855.4320,5.8860,60.95,125.00,0.026536
855.5260,5.8860,61.22,125.00,0.026710
855.6281,5.8860,61.22,125.00,0.027766
855.7244,5.8860,61.49,125.00,0.027312
855.8226,5.9260,61.49,125.00,0.027515
855.9174,5.9660,60.95,125.00,0.026493
856.0147,5.9660,61.22,125.00,0.026428
856.1102,5.9660,61.22,125.00,0.026530
856.2102,5.9660,61.22,125.00,0.027748
856.3060,5.9660,61.22,125.00,0.027578
856.4077,5.9660,61.22,125.00,0.027568
856.5054,5.9660,61.49,125.00,0.027604
856.6057,5.9660,61.76,125.00,0.027765
856.7007,5.9660,61.22,125.00,0.027328
856.8009,5.9125,61.22,125.00,0.027935
856.8952,5.8590,61.22,125.00,0.026179
856.9906,5.8590,61.22,125.00,0.026568
857.0870,5.8590,61.22,125.00,0.026674
857.1840,5.8590,61.49,125.00,0.027472
857.2783,5.8590,61.22,125.00,0.026367
857.3758,5.8590,61.22,125.00,0.026482
857.4700,5.8590,61.22,125.00,0.027286
857.5714,5.8590,61.22,125.00,0.027249
857.6677,5.8590,61.22,125.00,0.027813
857.7688,5.8760,61.22,125.00,0.026932
857.8653,5.8930,61.22,125.00,0.026380
857.9630,5.8930,60.95,125.00,0.026602
858.0591,5.8930,61.22,125.00,0.026563
858.1569,5.8930,61.22,125.00,0.027544
858.2516,5.8930,61.22,125.00,0.027182
858.3515,5.8930,60.95,125.00,0.027600
858.4475,5.8930,61.22,125.00,0.028186
858.5445,5.8930,61.22,125.00,0.027426
858.6424,5.8930,61.22,125.00,0.027290
858.7397,5.8930,61.22,125.00,0.027265
858.8357,5.9890,61.22,125.00,0.027912
858.9336,5.9890,61.49,125.00,0.028092
859.0295,5.9890,61.22,125.00,0.028080
859.1274,5.9890,61.22,125.00,0.026208
859.2228,5.9890,61.22,125.00,0.026848
859.3203,5.9890,61.22,125.00,0.026655
859.4154,5.9890,61.22,125.00,0.027381
859.5151,5.9890,61.76,125.00,0.027334
859.6110,5.9890,60.95,125.00,0.026432
859.7076,5.9890,61.22,125.00,0.027244
859.8055,5.9505,61.22,125.00,0.027913
859.9073,5.9120,61.22,125.00,0.027375
860.0033,5.9120,61.22,125.00,0.027942
860.1012,5.9120,61.22,125.00,0.027793
860.1988,5.9120,61.22,125.00,0.027496
860.3000,5.9120,61.22,125.00,0.028853
860.3980,5.9120,60.95,125.00,0.027694
860.4974,5.9120,61.22,125.00,0.027694
860.5927,5.9120,61.49,125.00,0.027355
860.6920,5.9120,61.22,125.00,0.027486
860.7876,5.9120,61.76,125.00,0.027106
860.8879,5.9120,61.22,125.00,0.027555
860.9833,5.9120,60.95,125.00,0.027367
861.0812,5.9120,60.95,125.00,0.028269
861.1764,5.9120,61.22,125.00,0.027803
861.2751,5.9120,61.22,125.00,0.028251
861.3714,5.9120,61.76,125.00,0.027480
861.4708,5.9120,61.49,125.00,0.027269
861.5665,5.9120,61.22,125.00,0.027635
861.6661,5.9120,61.22,125.00,0.027252
861.7638,5.9120,61.22,125.00,0.027003
861.8642,5.9350,60.95,125.00,0.027634
861.9616,5.9350,61.49,125.00,0.027883
862.0575,5.9350,61.22,125.00,0.026290
862.1510,5.9350,61.22,125.00,0.026767
862.2520,5.9350,61.22,125.00,0.027234
862.3479,5.9350,61.76,125.00,0.027976
862.4450,5.9350,61.49,125.00,0.027556
862.5404,5.9350,61.49,125.00,0.027792
862.6389,5.9350,61.22,125.00,0.026921
862.7361,5.9350,61.22,125.00,0.026844
862.8341,5.9960,61.49,125.00,0.027744
862.9320,5.9960,61.22,125.00,0.027766
863.0317,5.9960,61.22,125.00,0.027625
863.1273,5.9960,61.49,125.00,0.027112
863.2277,5.9960,61.49,125.00,0.028065
863.3239,5.9960,60.95,125.00,0.028052
863.4233,5.9960,61.49,125.00,0.027372
863.5215,5.9960,61.49,125.00,0.027946
863.6200,5.9960,60.95,125.00,0.026521
863.7134,5.9960,61.22,125.00,0.026443
863.8094,5.9960,61.49,125.00,0.026839
863.9037,5.9525,61.22,125.00,0.026797
864.0015,5.9090,61.22,125.00,0.026694
864.0977,5.9090,61.49,125.00,0.027891
864.1975,5.9090,61.22,125.00,0.027777
864.2953,5.9090,61.22,125.00,0.027619
864.3936,5.9090,61.22,125.00,0.028028
864.4915,5.9090,61.22,125.00,0.027457
864.5891,5.9090,61.76,125.00,0.027524
864.6866,5.9090,61.22,125.00,0.027159
864.7852,5.9105,61.49,125.00,0.028476
864.8839,5.9120,61.22,125.00,0.027933
864.9838,5.9120,61.22,125.00,0.027735
865.0792,5.9120,60.95,125.00,0.027223
865.1772,5.9120,60.95,125.00,0.028011
865.2720,5.9120,60.95,125.00,0.027260
865.3677,5.9120,61.22,125.00,0.026877
865.4630,5.9120,61.49,125.00,0.026429
865.5605,5.9120,61.22,125.00,0.027771
865.6580,5.9120,61.22,125.00,0.027519
865.7556,5.9120,61.22,125.00,0.027369
865.8564,5.9510,61.76,125.00,0.028027
865.9600,5.9510,61.49,125.00,0.028055
866.0634,5.9510,60.95,125.00,0.027841
866.1658,5.9510,61.22,125.00,0.028413
866.2678,5.9510,61.22,125.00,0.028403
866.3712,5.9510,61.49,125.00,0.028047
866.4769,5.9510,61.22,125.00,0.028205
866.5815,5.9510,61.49,125.00,0.028569
866.6830,5.9510,61.22,125.00,0.028135
866.7849,5.9510,61.22,125.00,0.026275
866.8792,5.9510,61.49,125.00,0.026893
866.9805,5.8840,61.22,125.00,0.028457
867.0866,5.8170,61.22,125.00,0.028190
867.1922,5.8170,61.22,125.00,0.028010
867.2965,5.8170,60.95,125.00,0.028082
867.4019,5.8170,61.22,125.00,0.028616
867.5034,5.8170,61.22,125.00,0.028136
867.6079,5.8170,61.49,125.00,0.028418
867.7118,5.8170,61.22,125.00,0.028485
867.8111,5.8170,61.22,125.00,0.026456
867.9052,5.8170,61.22,125.00,0.026576
868.0017,5.8170,61.22,125.00,0.026327
868.1088,5.7410,61.22,125.00,0.028722
868.2132,5.7410,60.69,125.00,0.028123
868.3167,5.7410,61.49,125.00,0.027912
868.4236,5.7410,60.95,125.00,0.028413
868.5265,5.7410,60.95,125.00,0.026594
868.6256,5.7410,61.22,125.00,0.027240
868.7245,5.7410,61.22,125.00,0.026800
868.8262,5.7410,61.22,125.00,0.027501
868.9271,5.7410,61.22,125.00,0.026542
869.0241,5.7410,60.95,125.00,0.027538
869.1217,5.7410,61.22,125.00,0.027027
869.2196,5.7410,60.95,125.00,0.027570
869.3174,5.7410,61.49,125.00,0.027879
869.4155,5.7410,61.22,125.00,0.027529
869.5151,5.7410,61.22,125.00,0.027372
869.6123,5.7410,61.22,125.00,0.027890
869.7094,5.7410,61.22,125.00,0.027192
869.8097,5.7410,61.22,125.00,0.027145
869.9093,5.7410,60.95,125.00,0.027583
870.0073,5.7410,61.22,125.00,0.027470
870.1052,5.7410,60.95,125.00,0.027843
870.2017,5.7410,61.22,125.00,0.028090
870.3012,5.7410,61.22,125.00,0.029507
870.3979,5.7410,61.22,125.00,0.028174
870.4965,5.8115,60.95,125.00,0.027977
870.5940,5.8820,61.22,125.00,0.028445
870.6915,5.8820,61.49,125.00,0.027009
870.7881,5.9105,61.22,125.00,0.028270
870.8884,5.9390,61.22,125.00,0.027867
870.9848,5.9390,61.22,125.00,0.028116
871.0831,5.9390,61.22,125.00,0.027152
871.1774,5.9390,61.22,125.00,0.026113
871.2737,5.9390,60.95,125.00,0.026639
871.3674,5.9390,60.95,125.00,0.026382
871.4669,5.9390,60.95,125.00,0.027034
871.5637,5.9390,61.22,125.00,0.027657
871.6635,5.9390,61.49,125.00,0.027390
871.7621,5.9390,61.22,125.00,0.027548
871.8606,5.9200,61.49,125.00,0.027628
871.9591,5.9200,61.22,125.00,0.027315
872.0578,5.9200,61.49,125.00,0.028324
872.1560,5.9200,61.22,125.00,0.027555
872.2563,5.9200,61.22,125.00,0.028068
872.3549,5.9200,61.22,125.00,0.027977
872.4528,5.9200,61.22,125.00,0.027601
872.5503,5.9200,61.22,125.00,0.028718
872.6520,5.9200,61.76,125.00,0.027818
872.7482,5.9200,61.22,125.00,0.027369
872.8488,5.9470,61.49,125.00,0.028012
872.9459,5.9470,61.76,125.00,0.028570
873.0475,5.9470,61.22,125.00,0.027482
873.1443,5.9470,61.22,125.00,0.028634
873.2415,5.9470,61.22,125.00,0.027550
873.3406,5.9470,61.22,125.00,0.028089
873.4399,5.9470,61.22,125.00,0.027514
873.5398,5.9470,60.95,125.00,0.027129
873.6394,5.9470,61.49,125.00,0.027594
873.7350,5.9470,61.22,125.00,0.026960
873.8307,5.9470,61.76,125.00,0.026545
873.9262,5.9470,61.22,125.00,0.027004
874.0277,5.9050,61.49,125.00,0.027516
874.1280,5.8630,61.22,125.00,0.028135
874.2296,5.8630,60.95,125.00,0.027483
874.3279,5.8630,60.95,125.00,0.027531
874.4286,5.8630,61.22,125.00,0.028033
874.5274,5.8630,60.95,125.00,0.027690
874.6278,5.8630,61.22,125.00,0.027890
874.7240,5.8630,61.49,125.00,0.027172
874.8235,5.8705,60.95,125.00,0.027486
874.9204,5.8780,61.22,125.00,0.028139
875.0175,5.8780,60.95,125.00,0.028147
875.1168,5.8780,60.95,125.00,0.028421
875.2144,5.8780,61.22,125.00,0.027478
875.3128,5.8780,61.22,125.00,0.027906
875.4126,5.8780,60.69,125.00,0.027915
875.5095,5.8780,60.95,125.00,0.028444
875.6044,5.8780,60.95,125.00,0.026684
875.7001,5.8780,61.22,125.00,0.027613
875.7975,5.8950,60.95,125.00,0.027376
875.8954,5.9120,61.22,125.00,0.026987
875.9918,5.9120,60.95,125.00,0.027306
876.0884,5.9120,61.49,125.00,0.027392
876.1874,5.9120,61.22,125.00,0.027246
876.2837,5.9120,61.22,125.00,0.027776
876.3827,5.9120,61.49,125.00,0.027259
876.4805,5.9120,61.22,125.00,0.027551
876.5798,5.9120,61.49,125.00,0.027527
876.6786,5.9120,61.22,125.00,0.027904
876.7783,5.9330,61.22,125.00,0.028548
876.8744,5.9540,61.49,125.00,0.027267
876.9718,5.9540,61.22,125.00,0.028188
877.0677,5.9540,61.22,125.00,0.027417
877.1644,5.9540,60.95,125.00,0.027476
877.2608,5.9540,61.49,125.00,0.027756
877.3581,5.9540,61.22,125.00,0.028136
877.4553,5.9540,61.76,125.00,0.026896
877.5525,5.9540,61.22,125.00,0.026647
877.6491,5.9540,61.22,125.00,0.028447
877.7486,5.9540,61.22,125.00,0.028242
877.8454,5.9090,61.49,125.00,0.028140
877.9454,5.9090,61.22,125.00,0.027677
878.0461,5.9090,61.49,126.00,0.028786
878.1517,5.9090,61.22,126.00,0.028261
878.2538,5.9090,61.22,126.00,0.028153
878.3557,5.9090,61.22,126.00,0.028097
878.4602,5.9090,61.22,126.00,0.028430
878.5619,5.9090,61.22,126.00,0.027682
878.6647,5.9090,61.22,126.00,0.026837
878.7663,5.9090,61.22,126.00,0.026215
878.8601,5.9090,60.95,126.00,0.026851
878.9576,5.9090,61.22,126.00,0.027507
879.0614,5.9240,60.95,126.00,0.028742
879.1637,5.9240,61.22,126.00,0.027675
879.2679,5.9240,61.49,126.00,0.027544
879.3735,5.9240,61.22,126.00,0.028112
879.4809,5.9240,61.49,126.00,0.028646
879.5864,5.9240,60.95,126.00,0.026835
879.6835,5.9240,61.22,126.00,0.027933
879.7911,5.8915,60.95,126.00,0.029367
879.8998,5.8590,61.22,126.00,0.028954
880.0031,5.8590,61.22,126.00,0.028462
880.1067,5.8590,61.22,126.00,0.028721
880.2044,5.8590,61.22,126.00,0.026853
880.3017,5.8590,61.22,126.00,0.028959
880.3997,5.8590,61.22,126.00,0.027612
880.5012,5.8590,60.95,126.00,0.027992
880.6042,5.8590,61.22,126.00,0.028095
880.7096,5.8590,61.22,126.50,0.027617
880.8144,5.9085,60.95,127.00,0.028376
880.9167,5.9580,61.22,127.00,0.028207
881.0239,5.9580,61.22,127.00,0.028615
881.1284,5.9580,60.95,127.00,0.028773
881.2329,5.9580,60.95,127.00,0.029357
881.3401,5.9580,60.95,127.00,0.028526
881.4465,5.9580,61.22,127.00,0.028787
881.5500,5.9580,60.95,127.00,0.028295
881.6518,5.9580,60.95,127.00,0.028499
881.7543,5.9580,61.22,127.00,0.029465
881.8593,5.8470,61.22,127.00,0.029058
881.9615,5.8470,61.22,127.00,0.029857
882.0653,5.8470,61.22,127.00,0.028636
882.1654,5.8470,61.22,127.00,0.027130
882.2693,5.8470,61.49,127.00,0.029869
882.3737,5.8470,61.22,127.00,0.029230
882.4762,5.8470,61.22,127.00,0.029047
882.5829,5.8470,60.95,127.00,0.029044
882.6893,5.8470,61.22,127.00,0.028901
882.7954,5.8185,60.95,127.00,0.029284
882.9017,5.7900,60.95,127.00,0.028895
883.0080,5.7900,61.22,127.00,0.029238
883.1060,5.7900,61.22,127.00,0.027581
883.2097,5.7900,60.95,127.00,0.028318
883.3131,5.7900,60.95,127.00,0.028453
883.4117,5.7900,61.22,127.00,0.026945
883.5077,5.7900,61.49,127.00,0.027492
883.6088,5.7900,61.22,127.00,0.028458
883.7106,5.7900,61.22,127.00,0.026413
883.8060,5.8110,61.22,127.00,0.028073
883.9046,5.8320,61.22,127.00,0.027509
884.0024,5.8320,60.69,127.00,0.027481
884.1031,5.8320,61.22,127.00,0.027488
884.2074,5.8320,61.22,127.00,0.029634
884.3121,5.8320,61.22,127.00,0.029087
884.4170,5.8320,61.22,127.00,0.029378
884.5219,5.8320,61.22,127.00,0.029648
884.6262,5.8320,60.95,127.00,0.029639
884.7293,5.8320,60.69,127.00,0.029221
884.8332,5.7900,61.22,127.00,0.029285
884.9375,5.7480,61.22,127.00,0.028155
885.0431,5.7480,60.95,127.00,0.029222
885.1490,5.7480,60.95,127.00,0.029186
885.2521,5.7480,61.22,127.00,0.028543
885.3541,5.7480,60.69,127.00,0.029132
885.4572,5.7480,61.49,127.00,0.028522
885.5596,5.7480,61.22,127.00,0.027978
885.6596,5.7480,61.22,127.00,0.027970
885.7554,5.7480,61.22,127.00,0.027474
885.8559,5.7600,61.22,127.00,0.028109
885.9515,5.7600,60.95,127.50,0.027526
886.0485,5.7600,61.22,128.00,0.027403
886.1483,5.7600,60.95,128.00,0.027882
886.2476,5.7600,61.22,128.00,0.027652
886.3417,5.7600,61.22,128.00,0.026546
886.4378,5.7600,61.22,128.00,0.026433
886.5307,5.7600,61.49,128.00,0.026513
886.6273,5.7600,61.49,128.00,0.027658
886.7254,5.7600,61.49,128.00,0.027758
886.8230,5.7600,60.95,128.00,0.026190
886.9175,5.9240,60.95,128.00,0.026301
887.0126,5.9240,61.22,128.00,0.026452
887.1107,5.9240,61.49,128.00,0.028970
887.2078,5.9240,60.95,129.00,0.028031
887.3023,5.9240,61.22,129.00,0.027266
887.3995,5.9240,60.95,129.00,0.028117
887.4965,5.9240,61.22,129.00,0.027949
887.5951,5.9240,60.95,129.00,0.027494
887.6905,5.9240,61.22,129.00,0.027656
887.7875,5.9220,60.95,129.00,0.028303
887.8832,5.9200,61.22,129.00,0.027666
887.9819,5.9200,61.22,129.00,0.027391
888.0789,5.9200,61.22,129.00,0.027167
888.1766,5.9200,61.76,129.00,0.026157
888.2698,5.9200,60.95,129.00,0.026755
888.3641,5.9200,60.95,129.00,0.026596
888.4585,5.9200,61.22,129.00,0.027384
888.5603,5.9200,61.22,129.00,0.028075
888.6549,5.9200,61.49,129.00,0.027670
888.7518,5.9200,61.22,129.00,0.027521
888.8486,5.9120,61.49,129.00,0.028106
888.9480,5.9120,60.95,129.00,0.027793
889.0436,5.9120,61.22,129.00,0.028147
889.1409,5.9120,61.49,129.00,0.027917
889.2373,5.9120,61.22,129.00,0.027338
889.3354,5.9120,61.49,129.00,0.027364
889.4326,5.9120,61.22,129.00,0.027792
889.5297,5.9120,61.22,129.00,0.028485
889.6279,5.9120,61.22,129.00,0.028100
889.7266,5.9120,61.22,129.00,0.027310
889.8233,5.9425,61.22,129.00,0.026902
889.9228,5.9730,61.49,129.00,0.026992
890.0215,5.9730,61.49,129.00,0.027453
890.1168,5.9730,61.49,129.00,0.027150
890.2117,5.9730,60.95,129.00,0.027221
890.3106,5.9730,60.95,129.00,0.027816
890.4075,5.9730,61.49,129.00,0.027541
890.5039,5.9730,61.49,129.00,0.027445
890.5985,5.9730,61.22,129.00,0.027108
890.6972,5.9730,60.95,129.00,0.027551
890.7953,5.9810,61.22,129.00,0.028167
890.8923,5.9890,60.95,129.00,0.027456
890.9866,5.9890,61.22,129.00,0.027771
891.0858,5.9890,61.22,129.00,0.028301
891.1793,5.9890,61.22,129.00,0.026764
891.2728,5.9890,61.49,129.00,0.026329
891.3675,5.9890,61.49,129.00,0.027869
891.4638,5.9890,60.95,129.00,0.027289
891.5578,5.9890,60.95,129.00,0.026864
891.6551,5.9890,60.95,129.00,0.027097
891.7500,5.9890,61.22,129.00,0.027370
891.8501,5.9620,61.22,129.00,0.027341
891.9453,5.9620,61.22,129.00,0.027818
892.0432,5.9620,61.22,129.00,0.027716
892.1417,5.9620,60.95,129.00,0.028248
892.2412,5.9620,61.22,129.00,0.027761
892.3359,5.9620,61.22,129.00,0.027418
892.4336,5.9620,61.22,129.00,0.028375
892.5275,5.9620,61.22,129.00,0.026608
892.6242,5.9620,61.22,129.00,0.026557
892.7220,5.9620,61.22,129.00,0.027912
892.8221,5.9465,61.22,129.00,0.028412
892.9233,5.9310,61.22,129.00,0.028372
893.0204,5.9310,60.95,129.00,0.027684
893.1177,5.9310,61.22,129.00,0.027127
893.2148,5.9310,61.49,129.00,0.027709
893.3124,5.9310,61.49,129.00,0.027968
893.4118,5.9310,61.22,129.00,0.027626
893.5070,5.9310,60.95,129.00,0.027327
893.6067,5.9310,61.22,129.00,0.027471
893.7044,5.9310,61.22,129.00,0.027145
893.8037,5.9180,61.22,129.00,0.027741
893.9003,5.9050,61.22,129.00,0.026962
893.9946,5.9050,61.22,129.00,0.026309
894.0873,5.9050,61.22,129.00,0.026895
894.1831,5.9050,61.49,129.00,0.027771
894.2789,5.9050,61.22,129.00,0.026557
894.3762,5.9050,61.22,129.00,0.026595
894.4726,5.9050,61.76,129.00,0.027088
894.5721,5.9050,61.49,129.00,0.027930
894.6677,5.9050,61.49,129.00,0.028062
894.7647,5.9050,61.22,129.50,0.027798
894.8600,5.8860,61.22,130.00,0.027615
894.9598,5.8860,61.22,130.00,0.027614
895.0594,5.8860,61.76,130.00,0.027956
895.1567,5.8860,61.49,130.00,0.027632
895.2516,5.8860,61.22,130.00,0.027589
895.3482,5.8860,61.22,130.00,0.027148
895.4420,5.8860,61.22,130.00,0.026995
895.5388,5.8860,61.22,130.00,0.026118
895.6337,5.8860,61.22,130.00,0.026530
895.7309,5.8860,61.49,130.00,0.026757
895.8287,5.8860,61.22,130.00,0.028122
895.9247,5.8860,61.22,130.00,0.027363
896.0222,5.8860,61.22,130.00,0.027396
896.1189,5.8860,61.22,130.00,0.027622
896.2160,5.8860,61.22,130.00,0.026206
896.3107,5.8860,61.22,130.00,0.026558
896.4066,5.8860,61.49,130.00,0.027394
896.5079,5.8860,61.22,130.00,0.027763
896.6035,5.8860,61.22,130.00,0.027662
896.6995,5.8860,61.49,130.00,0.027599
896.7972,5.8860,60.95,130.00,0.028502
896.8933,5.8860,61.22,129.50,0.027315
896.9863,5.8860,61.22,130.00,0.026553
897.0846,5.8860,60.95,130.00,0.027361
897.1788,5.8860,61.22,130.00,0.027145
897.2780,5.9165,60.95,130.00,0.027763
897.3757,5.9470,61.22,130.00,0.028071
897.4753,5.9470,60.95,130.00,0.027617
897.5717,5.9470,61.22,130.00,0.027366
897.6680,5.9470,61.49,129.50,0.027117
897.7634,5.9470,61.22,129.50,0.027675
897.8602,5.8820,61.22,129.00,0.027476
897.9550,5.8820,61.22,129.00,0.027632
898.0521,5.8820,60.95,129.00,0.027922
898.1480,5.8820,61.22,129.00,0.028271
898.2434,5.8820,61.49,129.00,0.027115
898.3417,5.8820,61.22,129.00,0.028221
898.4394,5.8820,61.22,129.00,0.027410
898.5344,5.8820,61.22,129.00,0.027567
898.6319,5.8820,61.22,129.00,0.027740
898.7265,5.8820,61.22,129.50,0.027044
898.8278,5.8955,61.76,129.00,0.027637
898.9253,5.9090,60.95,129.00,0.027287
899.0218,5.9090,61.22,129.00,0.027444
899.1196,5.9090,61.22,129.00,0.027265
899.2204,5.9090,61.22,129.00,0.026975
899.3152,5.9090,61.49,129.00,0.027380
899.4121,5.9090,61.22,129.00,0.027606
899.5102,5.9090,60.95,129.00,0.027390
899.6086,5.9090,61.76,129.00,0.027502
899.7046,5.9090,61.22,129.00,0.027796
899.8029,5.9315,61.22,129.00,0.026746
899.9012,5.9540,61.22,129.00,0.027841
900.0008,5.9540,61.49,129.00,0.028005
900.0985,5.9540,61.22,129.00,0.027634
900.1969,5.9540,61.22,129.00,0.028184
900.2932,5.9540,60.95,129.00,0.028396
900.3907,5.9540,61.22,129.00,0.027723
900.4877,5.9540,61.22,129.00,0.027881
900.5846,5.9540,60.95,129.00,0.027381
900.6803,5.9540,61.22,129.00,0.027543
900.7777,5.9620,61.22,129.00,0.027915
900.8729,5.9700,61.49,129.00,0.027527
900.9713,5.9700,61.22,129.00,0.027200
901.0703,5.9700,61.22,129.00,0.027845
901.1679,5.9700,61.22,129.00,0.027592
901.2632,5.9700,60.95,129.00,0.027859
901.3614,5.9700,61.22,129.00,0.028097
901.4568,5.9700,61.22,129.00,0.027006
901.5523,5.9700,61.22,129.00,0.026668
901.6462,5.9700,61.49,129.00,0.026795
901.7436,5.9700,61.22,129.00,0.027804
901.8436,5.9580,61.22,129.00,0.027541
901.9435,5.9580,61.22,129.00,0.027645
902.0402,5.9580,61.22,129.00,0.027716
902.1393,5.9580,61.22,129.00,0.028143
902.2338,5.9580,60.69,129.00,0.026698
902.3283,5.9580,61.49,129.00,0.026698
902.4247,5.9580,60.69,129.00,0.027359
902.5245,5.9580,61.22,129.00,0.028057
902.6198,5.9580,61.22,129.00,0.027185
902.7187,5.9580,60.95,129.00,0.027577
902.8165,5.9525,61.22,129.00,0.027052
902.9149,5.9470,61.76,129.00,0.026407
903.0094,5.9470,60.95,129.00,0.026568
903.1074,5.9470,61.49,129.00,0.026753
903.2027,5.9470,61.49,129.00,0.027609
903.3000,5.9470,61.22,129.00,0.027841
903.3955,5.9470,61.22,129.00,0.027575
903.4924,5.9470,61.22,129.00,0.027662
903.5867,5.9470,61.22,129.00,0.027362
903.6881,5.9470,61.22,129.00,0.027824
903.7855,5.9470,61.22,129.00,0.028643
903.8794,5.9470,61.22,129.00,0.026072
903.9752,5.9470,60.95,129.00,0.026734
904.0721,5.9470,61.22,128.50,0.026719
904.1674,5.9470,60.95,128.00,0.027739
904.2647,5.9470,61.22,128.50,0.027387
904.3602,5.9470,61.22,128.00,0.027734
904.4598,5.9470,61.22,128.50,0.027072
904.5555,5.9470,61.22,128.00,0.027517
904.6547,5.9470,61.22,128.00,0.027804
904.7516,5.9470,61.49,128.00,0.027422
904.8511,5.9310,61.22,128.00,0.026735
904.9469,5.9310,61.22,128.00,0.027599
905.0438,5.9310,61.22,128.00,0.027562
905.1387,5.9310,61.22,128.00,0.027055
905.2377,5.9310,61.49,128.00,0.027624
905.3334,5.9310,60.95,128.00,0.027994
905.4308,5.9310,61.49,128.00,0.027265
905.5277,5.9310,60.95,128.00,0.027512
905.6289,5.9310,61.22,128.00,0.027934
905.7271,5.9310,61.22,128.00,0.028327
905.8259,5.9310,61.22,128.00,0.029495
905.9241,5.9310,61.22,128.00,0.027982
906.0234,5.9310,61.22,128.00,0.027883
906.1166,5.9310,61.22,128.00,0.026111
906.2131,5.9310,61.22,128.00,0.026318
906.3076,5.9310,61.22,128.00,0.027353
906.4036,5.9310,61.49,128.00,0.027512
906.5002,5.9310,60.95,128.00,0.027330
906.5997,5.9310,61.22,128.00,0.027793
906.6946,5.9310,61.22,128.00,0.027286
906.7923,5.9485,61.22,128.00,0.028311
906.8885,5.9660,61.22,128.00,0.028069
906.9828,5.9660,61.49,128.00,0.026267
907.0784,5.9660,60.95,128.00,0.026494
907.1764,5.9660,61.22,128.00,0.026803
907.2702,5.9660,61.76,127.50,0.027191
907.3665,5.9660,60.95,127.50,0.028094
907.4641,5.9660,61.22,127.50,0.027802
907.5612,5.9660,61.22,127.00,0.027973
907.6581,5.9660,60.95,127.00,0.027148
907.7568,5.9660,61.49,127.00,0.027023
907.8510,5.9470,61.49,127.00,0.026297
907.9467,5.9470,61.22,128.00,0.027544
908.0437,5.9470,61.49,128.00,0.026845
908.1398,5.9470,60.95,128.00,0.027405
908.2351,5.9470,61.22,128.00,0.026371
908.3321,5.9470,61.22,128.00,0.026495
908.4272,5.9470,61.22,128.00,0.026469
908.5241,5.9470,60.95,128.00,0.027854
908.6193,5.9470,61.49,127.50,0.027579
908.7188,5.9470,61.76,127.50,0.027669
908.8158,5.9505,61.22,127.50,0.027624
908.9178,5.9540,61.76,127.00,0.027740
909.0142,5.9540,60.95,127.00,0.027154
909.1107,5.9540,61.22,127.00,0.026467
909.2037,5.9540,61.22,127.00,0.026514
909.2990,5.9540,61.22,127.00,0.027031
909.3974,5.9540,61.22,127.00,0.028458
909.4946,5.9540,61.22,127.00,0.027702
909.5917,5.9540,61.22,127.00,0.027438
909.6891,5.9540,61.22,127.00,0.027533
909.7847,5.9315,60.69,127.00,0.027807
909.8857,5.9090,61.49,127.00,0.027586
909.9802,5.9090,61.22,127.00,0.027576
910.0791,5.9090,60.95,127.00,0.027226
910.1760,5.9090,61.22,127.00,0.027158
910.2771,5.9090,61.22,127.00,0.027537
910.3722,5.9090,61.49,126.50,0.027417
910.4719,5.9090,61.76,126.00,0.027789
910.5663,5.9090,61.22,127.00,0.027158
910.6637,5.9090,61.49,126.50,0.027335
910.7581,5.9090,61.22,126.00,0.027471
910.8555,5.9090,61.22,126.00,0.027530
910.9484,5.9090,61.22,126.00,0.026246
911.0439,5.9090,60.95,126.00,0.027513
911.1384,5.9090,61.22,126.00,0.027835
911.2398,5.9090,61.22,126.00,0.027617
911.3352,5.9090,61.49,126.50,0.027712
911.4321,5.9090,60.95,126.00,0.027295
911.5276,5.9090,61.22,126.50,0.027550
911.6239,5.9090,61.22,126.00,0.027353
911.7183,5.9090,61.22,126.50,0.027422
911.8195,5.9200,61.22,126.00,0.027461
911.9151,5.9310,61.22,126.00,0.027375
912.0123,5.9310,61.22,126.00,0.027697
912.1076,5.9310,61.22,126.00,0.027399
912.2069,5.9310,61.49,126.00,0.027866
912.3041,5.9310,61.22,126.00,0.027674
912.4014,5.9310,61.49,126.00,0.027901
912.4955,5.9310,61.22,126.00,0.027155
912.5933,5.9310,61.22,126.00,0.027268
912.6886,5.9310,61.22,126.00,0.027931
912.7832,5.9310,61.22,126.00,0.026248
912.8796,5.9310,61.49,126.00,0.027356
912.9802,5.9430,61.76,126.00,0.027675
913.0757,5.9430,61.22,126.00,0.027540
913.1721,5.9430,61.22,126.00,0.027396
913.2674,5.9430,61.22,126.00,0.027580
913.3656,5.9430,61.49,126.00,0.027390
913.4599,5.9430,61.22,126.00,0.027425
913.5594,5.9430,61.22,126.00,0.027493
913.6545,5.9430,61.22,126.00,0.027781
913.7521,5.9430,61.22,126.00,0.026624
913.8454,5.9430,61.49,126.00,0.026554
913.9429,5.9430,61.22,126.00,0.027001
914.0390,5.9660,61.49,126.00,0.027714
914.1359,5.9660,61.22,126.00,0.027425
914.2326,5.9660,61.49,126.00,0.027685
914.3314,5.9660,61.49,126.00,0.027783
914.4268,5.9660,61.49,126.00,0.027927
914.5257,5.9660,61.22,126.00,0.028136
914.6233,5.9660,61.22,126.00,0.027636
914.7207,5.9660,61.22,126.00,0.028157
914.8183,5.9355,61.22,126.00,0.028237
914.9161,5.9050,61.22,126.00,0.027864
915.0140,5.9050,61.22,126.00,0.027584
915.1124,5.9050,61.22,126.00,0.027364
915.2071,5.9050,61.22,126.00,0.026972
915.3045,5.9050,61.49,126.00,0.027344
915.4021,5.9050,61.76,126.00,0.027772
915.5012,5.9050,61.22,126.00,0.027510
915.5967,5.9050,61.22,126.00,0.027848
915.6959,5.9050,61.22,126.00,0.027560
915.7912,5.9165,61.22,126.00,0.028136
915.8889,5.9280,61.22,126.00,0.027399
915.9822,5.9280,61.22,126.00,0.026851
916.0794,5.9280,60.95,126.00,0.026984
916.1752,5.9280,61.22,126.00,0.027824
916.2743,5.9280,60.95,126.00,0.028285
916.3717,5.9280,61.22,126.00,0.027946
916.4696,5.9280,60.95,126.00,0.028102
916.5658,5.9280,61.22,126.00,0.028107
916.6623,5.9280,60.95,126.00,0.027810
916.7606,5.9280,61.49,126.00,0.027841
916.8575,5.9620,61.49,126.00,0.027650
916.9503,5.9620,61.22,126.00,0.026724
917.0458,5.9620,61.22,126.00,0.026719
917.1411,5.9620,61.22,126.00,0.027614
917.2383,5.9620,61.22,126.00,0.027465
917.3355,5.9620,61.22,126.00,0.027663
917.4333,5.9620,61.22,126.00,0.027737
917.5309,5.9620,61.22,126.00,0.027884
917.6287,5.9620,61.22,126.00,0.027960
917.7235,5.9620,61.49,126.00,0.027636
917.8230,5.9545,61.22,126.00,0.028183
917.9197,5.9470,61.22,126.00,0.028021
918.0168,5.9470,61.49,126.00,0.027939
918.1122,5.9470,61.49,126.00,0.028116
918.2122,5.9470,61.49,126.00,0.027680
918.3083,5.9470,61.49,126.00,0.027735
918.4055,5.9470,61.22,126.00,0.027906
918.5024,5.9470,61.22,126.00,0.027085
918.5983,5.9470,61.49,126.00,0.026831
918.6908,5.9470,61.49,126.00,0.026598
918.7896,5.9565,61.49,126.00,0.028010
918.8866,5.9660,61.22,126.00,0.027284
918.9837,5.9660,61.22,126.00,0.026583
919.0780,5.9660,61.22,126.00,0.027337
919.1749,5.9660,60.95,126.00,0.026386
919.2700,5.9660,61.22,126.00,0.027221
919.3654,5.9660,61.49,126.00,0.026397
919.4586,5.9660,61.49,126.00,0.026880
919.5573,5.9660,61.22,126.00,0.028223
919.6574,5.9660,61.22,126.00,0.028044
919.7562,5.9660,61.49,126.00,0.028076
919.8527,5.9470,61.49,126.00,0.028348
919.9476,5.9470,61.49,126.00,0.026320
920.0412,5.9470,61.49,126.00,0.026943
920.1363,5.9470,61.22,126.00,0.026664
920.2328,5.9470,61.49,126.00,0.028197
920.3295,5.9470,60.95,126.00,0.027233
920.4276,5.9470,61.49,126.00,0.026926
920.5253,5.9470,60.95,126.00,0.027486
920.6231,5.9470,61.22,126.00,0.027518
920.7242,5.9470,60.95,126.00,0.027641
920.8204,5.9240,61.22,126.00,0.027696
920.9183,5.9010,61.22,126.00,0.027871
921.0185,5.9010,61.76,126.00,0.027918
921.1198,5.9010,61.49,126.00,0.027418
921.2148,5.9010,61.22,126.00,0.027188
921.3116,5.9010,60.95,126.00,0.027787
921.4072,5.9010,61.49,126.00,0.027657
921.5037,5.9010,61.22,126.00,0.027921
921.6002,5.9010,61.22,126.00,0.028450
921.6978,5.9010,61.22,126.00,0.028254
921.7953,5.9260,61.22,126.00,0.027929
921.8906,5.9510,61.49,126.00,0.026197
921.9843,5.9510,61.22,126.00,0.027011
922.0784,5.9510,61.49,126.00,0.026130
922.1715,5.9510,61.22,126.00,0.026817
922.2663,5.9510,61.49,126.00,0.026036
922.3591,5.9510,60.95,126.00,0.026458
922.4572,5.9510,61.49,126.00,0.026597
922.5507,5.9510,61.22,126.00,0.026560
922.6478,5.9510,61.22,126.00,0.026544
922.7475,5.9510,60.95,126.00,0.027819
922.8486,5.9730,61.49,126.00,0.028411
922.9479,5.9730,61.49,126.00,0.028829
923.0493,5.9730,61.22,126.00,0.029155
923.1523,5.9730,60.95,126.00,0.028971
923.2540,5.9730,61.22,126.00,0.028522
923.3529,5.9730,61.22,126.00,0.028442
923.4572,5.9730,61.22,126.00,0.028984
923.5582,5.9730,61.49,126.00,0.028441
923.6548,5.9730,61.22,126.00,0.026739
923.7514,5.9730,61.22,126.00,0.027066
923.8480,5.9730,61.22,126.00,0.028009
923.9481,5.8090,61.22,126.00,0.028896
924.0523,5.8090,61.49,126.00,0.029189
924.1545,5.8090,61.22,126.00,0.029852
924.2584,5.8090,60.95,126.00,0.029059
924.3638,5.8090,61.22,126.00,0.029137
924.4684,5.8090,61.22,126.00,0.030100
924.5716,5.8090,61.22,126.00,0.029595
924.6764,5.8090,61.49,126.00,0.028392
924.7813,5.8300,61.49,126.00,0.028975
924.8839,5.8510,61.22,126.00,0.028337
924.9909,5.8510,61.49,126.00,0.029232
925.0882,5.8510,61.22,126.00,0.026595
925.1875,5.8510,61.22,126.00,0.027769
925.2902,5.8510,61.49,126.00,0.028611
925.3958,5.8510,61.22,126.00,0.028687
925.4996,5.8510,61.22,126.00,0.028981
925.6025,5.8510,61.49,126.00,0.026197
925.7001,5.8510,60.95,126.00,0.027018
925.7953,5.8510,61.22,126.00,0.026620
925.8981,5.8415,61.22,126.00,0.028809
926.0036,5.8320,60.42,126.00,0.029014
926.1098,5.8320,61.49,126.00,0.029406
926.2130,5.8320,61.49,126.00,0.028615
926.3182,5.8320,61.22,126.00,0.029266
926.4240,5.8320,61.49,126.00,0.029004
926.5305,5.8320,61.22,126.00,0.028917
926.6311,5.8320,60.95,126.00,0.028718
926.7369,5.8320,61.22,126.00,0.028741
926.8414,5.7600,61.22,126.00,0.028243
926.9449,5.7600,60.95,126.00,0.028059
927.0473,5.7600,61.22,126.00,0.030129
927.1505,5.7600,60.95,126.00,0.028607
927.2537,5.7600,61.22,126.00,0.028265
927.3589,5.7600,60.95,126.00,0.028004
927.4632,5.7600,61.22,126.00,0.028650
927.5692,5.7600,61.22,126.00,0.028720
927.6734,5.7600,61.22,126.00,0.028583
927.7695,5.7600,61.22,126.00,0.026539
927.8636,5.7600,61.22,126.00,0.026737
927.9646,5.7600,60.95,126.00,0.028901
928.0701,5.7630,61.22,126.00,0.029173
928.1724,5.7630,60.95,126.00,0.029353
928.2759,5.7630,60.95,126.00,0.029014
928.3779,5.7630,60.95,126.00,0.026886
928.4735,5.7630,61.22,126.00,0.027144
928.5725,5.7630,61.22,126.00,0.027677
928.6705,5.7630,61.22,126.00,0.027966
928.7726,5.8360,61.22,126.00,0.028235
928.8709,5.9090,61.22,126.00,0.027869
928.9667,5.9090,61.22,126.00,0.026648
929.0654,5.9090,61.49,126.00,0.026831
929.1610,5.9090,61.22,126.00,0.028321
929.2587,5.9090,61.22,126.00,0.027287
929.3575,5.9090,61.22,126.00,0.027645
929.4550,5.9090,61.49,127.00,0.027730
929.5509,5.9090,61.22,126.50,0.027568
929.6477,5.9090,61.22,126.50,0.027312
929.7424,5.9090,61.22,126.00,0.027012
929.8407,5.9540,60.95,126.50,0.027926
929.9356,5.9540,61.22,126.00,0.027469
930.0327,5.9540,61.76,126.00,0.027529
930.1295,5.9540,61.22,126.00,0.027896
930.2270,5.9540,61.22,126.00,0.027940
930.3238,5.9540,61.22,126.00,0.027188
930.4247,5.9540,61.22,126.00,0.028404
930.5227,5.9540,61.22,126.00,0.028258
930.6201,5.9540,61.22,126.00,0.028061
930.7205,5.9540,61.22,126.00,0.028916
930.8263,5.9255,61.22,126.00,0.028287
930.9280,5.8970,61.22,126.00,0.028534
931.0340,5.8970,61.22,126.00,0.029389
931.1304,5.8970,61.22,126.00,0.026854
931.2264,5.8970,61.22,126.00,0.026845
931.3238,5.8970,61.22,126.00,0.026970
931.4203,5.8970,61.22,127.00,0.028266
931.5206,5.8970,61.49,127.00,0.027164
931.6161,5.8970,60.95,127.00,0.027710
931.7145,5.8970,61.22,127.00,0.027915
931.8178,5.8970,61.22,127.00,0.029423
931.9202,5.8970,61.22,127.00,0.029206
932.0213,5.8970,61.22,127.00,0.029565
932.1218,5.8970,61.49,127.00,0.027503
932.2208,5.8970,61.49,127.00,0.028189
932.3233,5.8970,61.22,127.00,0.027095
932.4296,5.8970,61.22,127.00,0.029108
932.5327,5.8970,60.95,127.00,0.028370
932.6377,5.8970,61.22,127.00,0.029396
932.7446,5.8970,61.49,127.00,0.028562
932.8507,5.8970,61.76,127.00,0.028718
932.9557,5.8970,61.22,127.00,0.029338
933.0621,5.8970,61.22,127.00,0.029385
933.1700,5.8550,61.22,127.00,0.029342
933.2773,5.8550,61.22,127.00,0.029559
933.3823,5.8550,61.49,127.00,0.028164
933.4885,5.8550,61.22,127.00,0.028840
933.5917,5.8550,60.95,127.00,0.027948
933.6955,5.8550,61.22,127.00,0.028684
933.7992,5.8780,61.22,127.00,0.028541
933.9036,5.9010,61.22,127.00,0.028819
934.0029,5.9010,61.22,127.00,0.026186
934.0982,5.9010,60.95,127.00,0.027125
934.1991,5.9010,60.95,127.00,0.027609
934.2987,5.9010,61.22,127.00,0.028770
934.4023,5.9010,61.49,127.00,0.028811
934.5066,5.9010,61.22,127.00,0.028547
934.6106,5.9010,61.49,127.00,0.028624
934.7147,5.9010,61.22,127.00,0.027926
934.8218,5.8265,61.49,127.00,0.029194
934.9231,5.7520,60.95,127.00,0.027229
935.0201,5.7520,61.22,127.00,0.027861
935.1198,5.7520,60.69,127.00,0.027827
935.2199,5.7520,61.22,127.00,0.027374
935.3163,5.7520,61.22,127.00,0.028144
935.4143,5.7520,61.49,127.00,0.026052
935.5082,5.7520,61.22,127.00,0.026438
935.6042,5.7520,60.95,127.00,0.026481
935.6997,5.7520,61.22,127.00,0.027154
935.7998,5.7520,61.22,127.00,0.027414
935.8991,5.7520,61.22,127.00,0.027076
935.9969,5.7520,61.22,127.00,0.027335
936.0954,5.7520,61.49,127.00,0.027420
936.1954,5.7520,61.22,127.00,0.027222
936.2915,5.7520,61.49,127.50,0.027385
936.3917,5.7520,60.95,128.00,0.027769
936.4871,5.7520,61.22,128.00,0.027605
936.5868,5.7520,61.22,128.00,0.027818
936.6867,5.7520,61.22,128.00,0.027889
936.7848,5.7520,61.22,128.00,0.028013
936.8819,5.7520,61.22,128.00,0.027132
936.9815,5.7520,61.22,128.00,0.027500
937.0797,5.7520,61.49,128.00,0.027542
937.1803,5.9120,61.22,128.00,0.028147
937.2766,5.9120,61.22,128.00,0.027614
937.3737,5.9120,61.22,128.00,0.027256
937.4718,5.9120,61.22,128.00,0.027967
937.5694,5.9120,61.22,128.00,0.027869
937.6653,5.9120,61.22,128.00,0.027422
937.7622,5.9120,61.22,128.00,0.027591
937.8625,5.9430,61.22,128.00,0.027820
937.9611,5.9430,61.22,128.00,0.028028
938.0576,5.9430,61.22,128.00,0.028578
938.1571,5.9430,61.22,128.00,0.027610
938.2514,5.9430,61.22,128.00,0.026860
938.3515,5.9430,61.22,128.00,0.027557
938.4477,5.9430,61.22,128.00,0.027987
938.5466,5.9430,61.49,128.00,0.026708
938.6429,5.9430,61.22,128.00,0.026448
938.7415,5.9430,61.22,128.00,0.027905
938.8357,5.9430,61.22,128.00,0.026622
938.9320,5.9430,61.22,128.00,0.026716
939.0286,5.9545,61.49,128.00,0.028445
939.1274,5.9660,61.22,128.00,0.027402
939.2267,5.9660,61.22,128.00,0.028259
939.3269,5.9660,61.22,128.00,0.027617
939.4245,5.9660,61.22,128.00,0.027692
939.5243,5.9660,61.49,128.00,0.027515
939.6219,5.9660,61.22,128.00,0.027752
939.7224,5.9660,61.22,128.00,0.028996
939.8187,5.9410,61.22,128.00,0.028201
939.9171,5.9160,60.95,128.00,0.028280
940.0144,5.9160,61.22,128.00,0.028175
940.1128,5.9160,61.22,128.00,0.027584
940.2084,5.9160,61.22,128.00,0.027478
940.3089,5.9160,61.49,128.00,0.028253
940.4066,5.9160,61.49,128.00,0.027148
940.5075,5.9160,60.95,128.00,0.027306
940.6033,5.9160,61.22,128.00,0.027488
940.7017,5.9160,61.22,129.00,0.027469
940.8005,5.9335,61.22,129.00,0.027033
940.8994,5.9510,61.49,129.00,0.027738
940.9998,5.9510,61.22,129.00,0.027816
941.1005,5.9510,61.49,129.00,0.028235
941.1994,5.9510,61.22,129.00,0.027748
941.2991,5.9510,61.22,129.00,0.027570
941.3973,5.9510,61.22,129.00,0.027306
941.4950,5.9510,61.49,129.00,0.027772
941.5906,5.9510,61.22,129.00,0.027460
941.6914,5.9510,61.22,129.00,0.027180
941.7908,5.9510,61.22,129.00,0.027757
941.8913,5.9510,61.22,129.00,0.027367
941.9867,5.9510,61.22,129.00,0.027559
942.0827,5.9510,61.22,129.00,0.026954
942.1790,5.9510,61.49,129.00,0.026460
942.2806,5.9510,61.49,129.00,0.028271
942.3791,5.9510,61.22,129.00,0.027525
942.4773,5.9510,61.22,129.00,0.027982
942.5724,5.9510,61.22,129.00,0.027765
942.6714,5.9510,61.49,129.00,0.028016
942.7715,5.9510,61.22,129.00,0.027668
942.8710,5.9390,60.95,129.00,0.027841
942.9669,5.9390,61.22,129.00,0.027718
943.0644,5.9390,61.76,129.00,0.027397
943.1616,5.9390,61.22,129.00,0.027099
943.2606,5.9390,61.22,129.00,0.028130
943.3567,5.9390,60.95,129.00,0.027427
943.4569,5.9390,61.22,129.00,0.027311
943.5531,5.9390,61.22,129.00,0.027737
943.6506,5.9390,61.22,129.00,0.027745
943.7460,5.9390,61.22,129.00,0.027193
943.8474,5.9920,61.22,129.00,0.027219
943.9447,5.9920,61.22,129.00,0.027236
944.0419,5.9920,60.42,129.00,0.027051
944.1400,5.9920,61.22,129.00,0.027726
944.2402,5.9920,61.49,129.00,0.028341
944.3367,5.9920,61.49,129.00,0.027917
944.4367,5.9920,61.49,129.00,0.028090
944.5321,5.9920,61.76,129.00,0.027681
944.6320,5.9920,61.22,129.00,0.028161
944.7282,5.9920,61.22,129.00,0.028363
944.8283,5.9560,60.95,129.00,0.027714
944.9246,5.9200,61.22,129.00,0.027807
945.0235,5.9200,61.49,128.50,0.027038
945.1200,5.9200,61.22,128.00,0.027677
945.2177,5.9200,61.76,128.00,0.026439
945.3115,5.9200,61.49,129.00,0.026352
945.4067,5.9200,61.22,129.00,0.026433
945.5041,5.9200,61.22,129.00,0.027333
945.6061,5.9200,61.22,129.00,0.027636
945.6992,5.9200,61.49,129.00,0.026238
945.7949,5.9200,60.95,129.00,0.026453
945.8917,5.9200,61.22,129.00,0.027139
945.9922,5.9280,61.49,129.00,0.027531
946.0861,5.9280,61.22,129.00,0.026398
946.1827,5.9280,61.22,129.00,0.026377
946.2759,5.9280,61.49,129.00,0.026283
946.3712,5.9280,61.49,129.00,0.026391
946.4814,5.9280,61.76,129.00,0.042804
946.5878,5.9280,61.22,129.00,0.027615
946.6820,5.9280,61.22,129.00,0.026595
946.7784,5.9280,61.76,129.00,0.026150
946.8768,5.9280,61.22,129.00,0.026642
946.9727,5.9295,61.22,129.00,0.026841
947.0717,5.9310,61.22,129.00,0.027817
947.1670,5.9310,61.49,129.00,0.026710
947.2641,5.9310,61.22,129.00,0.027259
947.3632,5.9310,60.95,129.00,0.027368
947.4583,5.9310,61.22,129.00,0.027207
947.5582,5.9310,61.76,129.00,0.027433
947.6559,5.9310,61.22,129.00,0.028037
947.7554,5.9310,61.22,129.00,0.027759
947.8512,5.9240,61.22,129.00,0.027489
947.9524,5.9240,61.22,129.00,0.027850
948.0502,5.9240,61.49,129.00,0.027461
948.1473,5.9240,61.49,129.00,0.027433
948.2426,5.9240,61.22,129.00,0.027598
948.3417,5.9240,61.49,129.00,0.028075
948.4395,5.9240,61.49,129.00,0.027452
948.5389,5.9240,61.22,129.00,0.027855
948.6365,5.9240,61.49,129.00,0.027796
948.7353,5.9240,61.49,128.50,0.027627
948.8309,5.9275,61.22,128.00,0.027820
948.9283,5.9310,61.22,128.00,0.027643
949.0233,5.9310,60.95,128.00,0.027966
949.1196,5.9310,60.95,128.00,0.027359
949.2147,5.9310,61.22,128.00,0.027113
949.3109,5.9310,61.49,128.50,0.027032
949.4109,5.9310,61.49,128.00,0.027692
949.5077,5.9310,61.49,128.00,0.027760
949.6030,5.9310,60.95,128.00,0.027774
949.6999,5.9310,61.49,128.50,0.027771
949.7966,5.9310,61.22,128.00,0.026335
949.8912,5.9310,61.22,128.00,0.026359
949.9849,5.9310,61.49,128.00,0.026693
950.0832,5.9310,61.22,128.50,0.027306
950.1790,5.9310,61.22,128.00,0.027898
950.2783,5.9310,60.95,128.00,0.027674
950.3752,5.9310,60.69,128.00,0.027946
950.4744,5.9310,61.22,128.00,0.027999
950.5719,5.9310,61.22,128.00,0.027909
950.6681,5.9310,61.22,128.00,0.027306
950.7677,5.9310,61.49,128.00,0.027774
950.8647,5.9310,61.49,128.00,0.027898
950.9601,5.9310,61.22,128.00,0.027469
951.0616,5.9310,61.22,128.00,0.027849
951.1610,5.9310,61.22,128.00,0.027420
951.2599,5.9140,61.22,128.00,0.027295
951.3577,5.8970,61.22,128.00,0.027622
951.4562,5.8970,61.49,128.00,0.027626
951.5508,5.8970,60.95,128.00,0.027169
951.6510,5.8970,61.22,128.00,0.026908
951.7476,5.8970,61.49,128.00,0.027149
951.8467,5.9010,61.49,128.00,0.026903
951.9447,5.9010,60.95,128.00,0.027593
952.0409,5.9010,61.49,128.00,0.027247
952.1367,5.9010,61.22,128.00,0.027913
952.2354,5.9010,61.22,128.00,0.027638
952.3326,5.9010,60.95,128.00,0.027010
952.4309,5.9010,60.95,128.00,0.027527
952.5263,5.9010,61.22,128.00,0.026563
952.6227,5.9010,61.22,128.00,0.026418
952.7195,5.9010,61.49,128.00,0.027655
952.8172,5.9085,61.22,128.00,0.028293
952.9136,5.9160,61.49,128.00,0.028671
953.0102,5.9160,61.22,128.00,0.027283
953.1081,5.9160,61.76,128.00,0.027411
953.2044,5.9160,61.76,128.00,0.027283
953.3021,5.9160,61.49,128.00,0.027840
953.4019,5.9160,61.76,128.00,0.028154
953.4979,5.9160,61.76,128.00,0.028190
953.5920,5.9160,61.76,128.00,0.026129
953.6856,5.9160,61.22,128.00,0.026103
953.7816,5.9370,61.22,128.00,0.028107
953.8798,5.9580,61.49,128.00,0.027365
953.9745,5.9580,61.22,128.00,0.026526
954.0682,5.9580,61.49,128.00,0.026773
954.1628,5.9580,60.95,128.00,0.026448
954.2560,5.9580,61.22,128.00,0.026573
954.3521,5.9580,60.95,128.00,0.027647
954.4478,5.9580,61.22,128.00,0.027432
954.5448,5.9580,61.22,128.00,0.027538
954.6421,5.9580,61.22,128.00,0.027365
