Timestamp (s),Power (W),Temperature (°C),Memory (MB),Inference Time (s)
0.2084,0.0000,60.42,118.50,0.023166
0.3163,0.0000,60.42,119.00,0.022033
0.4068,0.0000,60.42,119.00,0.020790
0.4932,0.0000,60.95,119.00,0.019547
0.5796,0.0000,60.69,119.00,0.020246
0.6684,0.0000,60.95,119.00,0.020951
0.7620,0.0000,60.95,119.00,0.021114
0.8540,0.0000,61.22,119.00,0.020107
0.9427,0.0000,61.22,119.00,0.020123
1.0404,5.8970,60.95,119.00,0.021752
1.1325,5.8970,60.95,119.00,0.021423
1.2260,5.8970,61.22,119.00,0.021421
1.3189,5.8970,61.22,119.00,0.021216
1.4137,5.8970,61.22,119.00,0.021278
1.5033,5.8970,61.22,119.00,0.019597
1.5889,5.8970,60.95,119.00,0.019621
1.6739,5.8970,61.22,119.00,0.019898
1.7625,5.8970,60.95,119.00,0.019545
1.8564,5.8970,61.49,119.00,0.021779
1.9538,5.8970,61.49,119.50,0.021739
2.0467,5.9160,60.95,120.00,0.021557
2.1392,5.9160,61.22,120.00,0.021428
2.2322,5.9160,61.49,120.00,0.021097
2.3286,5.9160,61.49,120.00,0.021321
2.4213,5.9160,61.22,120.00,0.021256
2.5180,5.9160,61.49,120.00,0.021681
2.6084,5.9160,60.95,120.00,0.021769
2.7029,5.9160,61.49,120.00,0.021109
2.7975,5.9160,60.95,120.00,0.020662
2.8950,5.9160,61.49,120.00,0.022943
2.9863,5.9160,61.22,120.00,0.020260
3.0795,5.9160,61.49,120.00,0.021078
3.1653,5.9160,61.49,120.00,0.020451
3.2566,5.9160,61.76,120.00,0.020632
3.3431,5.9160,61.49,120.00,0.020708
3.4309,5.9160,61.76,120.00,0.021044
3.5169,5.9160,61.22,120.00,0.020310
3.6068,5.9160,61.22,120.00,0.020408
3.6970,5.9160,61.22,120.00,0.020587
3.7845,5.9160,61.49,120.00,0.020752
3.8704,5.9160,61.49,120.00,0.020694
3.9607,5.9160,61.76,120.00,0.020745
4.0478,5.9160,61.22,120.00,0.021197
4.1362,5.9160,61.22,120.00,0.021165
4.2225,5.9160,61.22,120.00,0.020766
4.3145,5.9120,61.22,120.00,0.021299
4.4033,5.9120,61.49,120.00,0.020835
4.4937,5.9120,61.22,120.00,0.021080
4.5788,5.9120,61.22,120.00,0.019786
4.6659,5.9120,61.76,120.00,0.020223
4.7537,5.9120,61.76,120.00,0.020390
4.8492,5.9120,61.76,120.00,0.021081
4.9411,5.9120,61.22,120.00,0.021121
5.0381,5.8700,61.49,120.00,0.021317
5.1312,5.8700,61.22,120.00,0.022171
5.2260,5.8700,61.22,120.00,0.022230
5.3205,5.8700,61.49,120.00,0.021940
5.4166,5.8700,61.76,120.00,0.021772
5.5087,5.8700,61.49,120.00,0.021010
5.6048,5.8700,61.49,120.00,0.021885
5.6951,5.8700,61.22,120.00,0.021712
5.7923,5.8700,61.22,120.00,0.021837
5.8864,5.8700,61.22,120.00,0.021420
5.9782,5.8700,61.22,120.00,0.019709
6.0652,5.8700,61.49,120.00,0.019948
6.1514,5.8700,61.49,120.00,0.019773
6.2419,5.8700,61.76,120.00,0.023049
6.3390,5.8700,61.76,120.00,0.022217
6.4337,5.8700,61.49,120.00,0.021897
6.5267,5.8700,61.22,120.00,0.021227
6.6206,5.8700,61.76,120.00,0.022074
6.7169,5.8700,61.22,120.00,0.021885
6.8108,5.8700,61.22,120.00,0.022129
6.9066,5.8700,61.49,120.00,0.021228
6.9980,5.8700,61.49,120.00,0.020436
7.0919,5.8700,61.22,120.00,0.021182
7.1844,5.8700,61.49,120.00,0.021295
7.2785,5.8320,61.22,120.00,0.022203
7.3713,5.7940,61.49,120.00,0.021272
7.4649,5.7940,61.49,120.00,0.021518
7.5541,5.7940,61.49,120.00,0.021161
7.6473,5.7940,61.22,120.00,0.021440
7.7391,5.7940,61.22,120.00,0.021784
7.8341,5.7940,62.03,120.00,0.021148
7.9284,5.7940,61.76,120.00,0.021997
8.0221,5.8530,61.49,120.00,0.020778
8.1140,5.9120,61.76,120.00,0.020601
8.2074,5.9120,61.76,120.00,0.021724
8.3013,5.9120,61.22,120.00,0.021528
8.3957,5.9120,61.49,120.00,0.022069
8.4882,5.9120,61.49,120.00,0.021657
8.5842,5.9120,61.49,120.00,0.021533
8.6787,5.9120,61.22,120.00,0.021727
8.7749,5.9120,61.22,120.00,0.021664
8.8694,5.9120,61.49,120.00,0.021405
8.9629,5.9120,61.49,120.00,0.021376
9.0576,5.8470,61.76,120.00,0.021876
9.1513,5.8470,61.76,120.00,0.020979
9.2436,5.8470,61.22,120.00,0.021562
9.3406,5.8470,61.22,120.00,0.021161
9.4345,5.8470,61.76,120.00,0.022029
9.5292,5.8470,61.49,120.00,0.021507
9.6234,5.8470,61.49,120.00,0.021312
9.7147,5.8470,61.22,120.00,0.020187
9.8057,5.8470,61.76,120.00,0.021569
9.9015,5.8470,61.49,120.00,0.021332
9.9936,5.8225,61.76,120.00,0.021667
10.0899,5.7980,61.49,120.00,0.020799
10.1759,5.7980,61.76,120.00,0.019977
10.2633,5.7980,60.95,120.00,0.020334
10.3508,5.7980,61.22,120.00,0.020358
10.4469,5.7980,61.49,120.00,0.021732
10.5413,5.7980,61.49,120.00,0.021290
10.6356,5.7980,62.03,120.00,0.021528
10.7278,5.7980,61.22,120.00,0.021663
10.8219,5.7980,61.49,120.00,0.021698
10.9144,5.7980,61.49,120.00,0.021517
11.0097,5.8225,61.76,120.00,0.021597
11.0996,5.8470,61.76,120.00,0.021299
11.1970,5.8470,61.22,120.00,0.020972
11.2896,5.8470,61.49,120.00,0.021034
11.3862,5.8470,61.22,120.00,0.020944
11.4810,5.8470,61.76,120.00,0.021962
11.5753,5.8470,61.49,120.00,0.021910
11.6694,5.8470,61.49,120.00,0.021661
11.7659,5.8470,60.95,120.00,0.021140
11.8602,5.8470,61.49,120.00,0.021640
11.9534,5.8470,61.49,120.50,0.021430
12.0471,5.8050,61.49,121.00,0.021828
12.1398,5.8050,61.49,121.00,0.020589
12.2256,5.8050,61.49,120.50,0.020551
12.3178,5.8050,62.03,120.00,0.020886
12.4104,5.8050,61.49,120.00,0.021583
12.5052,5.8050,61.76,120.00,0.021824
12.5990,5.8050,61.49,120.00,0.021668
12.6950,5.8050,61.22,120.00,0.021687
12.7868,5.8050,61.76,120.00,0.021583
12.8813,5.8050,61.49,120.00,0.020956
12.9754,5.7880,61.76,120.00,0.021092
13.0725,5.7710,61.49,120.00,0.021649
13.1656,5.7710,61.22,120.00,0.021778
13.2544,5.7710,61.22,120.00,0.020296
13.3427,5.7710,61.76,120.00,0.020195
13.4357,5.7710,61.76,120.00,0.020935
13.5286,5.7710,61.76,120.00,0.020658
13.6166,5.7710,61.49,120.00,0.020753
13.7026,5.7710,61.76,120.00,0.020823
13.7901,5.7710,61.76,120.00,0.020736
13.8766,5.7710,61.49,120.00,0.021328
13.9663,5.7710,61.49,120.00,0.020209
14.0539,5.7710,61.49,120.00,0.019448
14.1427,5.7710,60.95,120.00,0.020297
14.2301,5.9090,61.49,120.00,0.020906
14.3223,5.9090,61.76,120.00,0.020741
14.4077,5.9090,61.76,120.00,0.020411
14.4991,5.9090,61.76,120.00,0.021416
14.5925,5.9090,61.49,120.00,0.021554
14.6836,5.9090,61.22,120.00,0.020093
14.7703,5.9090,62.03,120.00,0.019808
14.8558,5.9090,61.49,120.00,0.020028
14.9428,5.9090,61.49,120.00,0.020838
15.0354,6.0080,61.49,120.00,0.020735
15.1228,6.0080,61.22,120.00,0.020132
15.2104,6.0080,61.49,120.00,0.020416
15.2992,6.0080,61.49,120.00,0.021149
15.3853,6.0080,61.22,120.00,0.019802
15.4694,6.0080,61.76,120.00,0.019745
15.5597,6.0080,61.49,120.00,0.020185
15.6469,6.0080,61.76,120.00,0.020357
15.7343,6.0080,61.22,120.00,0.020574
15.8205,6.0080,61.76,120.00,0.020851
15.9080,6.0080,61.76,120.00,0.020503
15.9948,5.9450,61.22,120.00,0.021366
16.0890,5.8820,61.49,120.00,0.021251
16.1811,5.8820,62.03,120.00,0.021334
16.2731,5.8820,61.76,120.00,0.021517
16.3655,5.8820,61.49,120.00,0.021690
16.4618,5.8820,61.22,120.00,0.021821
16.5526,5.8820,62.03,120.00,0.021419
16.6478,5.8820,61.49,120.00,0.021399
16.7375,5.8820,61.76,120.00,0.021408
16.8312,5.8820,62.03,120.00,0.020963
16.9224,5.8820,61.76,120.00,0.020929
17.0184,5.8875,61.76,120.00,0.021328
17.1031,5.8930,61.22,120.00,0.019754
17.1894,5.8930,61.49,120.00,0.019642
17.2743,5.8930,61.76,120.00,0.019728
17.3622,5.8930,61.76,120.00,0.019290
17.4496,5.8930,61.22,120.00,0.022049
17.5366,5.8930,61.49,120.00,0.019367
17.6216,5.8930,61.22,120.00,0.020158
17.7102,5.8930,61.76,120.00,0.019832
17.8017,5.8930,61.22,120.00,0.021589
17.8932,5.8930,62.03,120.00,0.021458
17.9855,5.8835,61.76,120.00,0.021805
18.0773,5.8740,61.76,119.50,0.019459
18.1615,5.8740,62.30,120.00,0.019603
18.2506,5.8740,61.22,119.50,0.020234
18.3384,5.8740,61.49,119.00,0.021503
18.4344,5.8740,61.76,120.00,0.021557
18.5285,5.8740,61.22,120.00,0.021420
18.6235,5.8740,62.03,120.00,0.020954
18.7135,5.8740,61.49,120.00,0.020288
18.8057,5.8740,61.49,120.00,0.022129
18.9004,5.8740,61.49,120.00,0.021900
18.9961,5.8510,61.49,120.00,0.021793
19.0891,5.8280,61.22,120.00,0.021484
19.1804,5.8280,61.49,120.00,0.020873
19.2724,5.8280,61.76,120.00,0.021281
19.3680,5.8280,61.76,120.00,0.021433
19.4618,5.8280,61.49,120.00,0.021710
19.5567,5.8280,61.49,120.00,0.021776
19.6491,5.8280,61.22,120.00,0.021446
19.7390,5.8280,61.49,120.00,0.019947
19.8268,5.8280,61.76,120.00,0.020500
19.9163,5.8280,61.49,120.00,0.020487
20.0115,5.8320,61.49,120.00,0.021287
20.1083,5.8360,62.03,120.00,0.021514
20.1995,5.8360,61.49,120.00,0.021412
20.2968,5.8360,61.49,120.00,0.021115
20.3829,5.8360,62.03,119.50,0.020960
20.4721,5.8360,61.76,119.50,0.021218
20.5585,5.8360,61.76,119.50,0.021171
20.6450,5.8360,61.49,120.00,0.019660
20.7297,5.8360,61.49,119.50,0.020606
20.8161,5.8360,61.49,119.00,0.020155
20.9033,5.8360,61.49,119.50,0.020338
20.9908,5.8990,62.03,119.00,0.020580
21.0777,5.9620,61.22,119.50,0.020702
21.1670,5.9620,61.76,119.50,0.020657
21.2557,5.9620,61.76,119.50,0.021720
21.3450,5.9620,61.49,119.00,0.020045
21.4320,5.9620,61.49,119.00,0.019681
21.5187,5.9620,61.49,120.00,0.019799
21.6028,5.9620,61.76,120.00,0.020213
21.6902,5.9620,62.03,120.00,0.020604
21.7778,5.9620,61.76,120.00,0.020265
21.8703,5.9620,61.76,120.00,0.020875
21.9574,5.9620,62.30,120.00,0.020259
22.0429,5.9620,61.22,120.00,0.019850
22.1313,6.0270,61.76,119.50,0.020317
22.2208,6.0270,61.22,119.00,0.020627
22.3061,6.0270,61.22,119.50,0.020292
22.3981,6.0270,61.76,119.00,0.020858
22.4861,6.0270,61.76,119.00,0.020684
22.5749,6.0270,61.76,119.00,0.020501
22.6628,6.0270,62.03,119.00,0.020079
22.7507,6.0270,62.03,119.00,0.020365
22.8390,6.0270,61.76,119.00,0.020821
22.9284,6.0270,61.76,119.00,0.020635
23.0160,5.9890,61.76,119.00,0.020425
23.1079,5.9510,61.49,119.00,0.020373
23.1947,5.9510,61.49,119.00,0.021191
23.2874,5.9510,61.76,119.00,0.021023
23.3753,5.9510,61.76,119.50,0.020555
23.4667,5.9510,61.76,119.00,0.020385
23.5510,5.9510,61.49,119.50,0.019660
23.6375,5.9510,62.03,119.00,0.019850
23.7213,5.9510,61.49,119.00,0.019621
23.8087,5.9510,62.03,119.00,0.020721
23.8947,5.9510,61.76,119.50,0.020997
23.9820,5.9680,61.76,119.00,0.020498
24.0710,5.9850,61.22,119.00,0.020450
24.1591,5.9850,61.22,119.00,0.021101
24.2473,5.9850,61.76,119.00,0.020895
24.3370,5.9850,61.76,119.00,0.020434
24.4276,5.9850,61.76,119.00,0.021018
24.5156,5.9850,61.76,119.00,0.020626
24.6029,5.9850,61.49,119.50,0.020387
24.6909,5.9850,61.76,119.00,0.020682
24.7790,5.9850,61.76,119.00,0.020663
24.8663,5.9850,62.03,119.00,0.020702
24.9522,5.9850,62.30,119.00,0.020822
25.0385,5.9850,61.76,119.00,0.020137
25.1269,5.9850,61.49,119.00,0.020765
25.2167,5.9850,61.49,119.00,0.020770
25.3057,5.9850,61.49,119.00,0.020674
25.3934,5.9850,61.49,119.00,0.020953
25.4831,5.9850,61.76,119.00,0.020455
25.5723,5.9850,61.76,119.00,0.020291
25.6613,5.9850,62.03,119.00,0.021035
25.7514,5.9850,61.76,119.00,0.021096
25.8400,5.9850,61.49,119.00,0.020954
25.9282,5.9850,61.76,119.00,0.020802
26.0167,5.9850,62.03,119.00,0.020995
26.1043,5.9850,61.49,119.00,0.020414
26.1893,5.9850,61.22,119.00,0.019857
26.2761,5.9850,61.49,119.00,0.020122
26.3631,5.9850,61.76,119.00,0.020461
26.4514,5.9850,62.03,119.00,0.020611
26.5400,5.9830,61.76,119.00,0.020253
26.6286,5.9810,61.49,119.00,0.020840
26.7150,5.9810,61.49,119.00,0.020719
26.8047,5.9810,62.03,119.00,0.020737
26.8910,5.9810,61.49,119.00,0.020711
26.9835,5.9865,61.49,119.00,0.021435
27.0704,5.9920,62.30,119.00,0.020649
27.1570,5.9920,61.49,119.00,0.019831
27.2420,5.9920,61.76,119.00,0.020182
27.3304,5.9920,61.76,119.00,0.019916
27.4177,5.9920,61.49,119.00,0.020598
27.5093,5.9920,61.49,119.00,0.020854
27.5966,5.9920,61.76,119.00,0.020259
27.6842,5.9920,61.76,119.00,0.020906
27.7703,5.9920,61.76,119.00,0.020671
27.8578,5.9920,62.03,119.00,0.020612
27.9459,5.9920,61.76,119.00,0.020780
28.0380,5.9390,62.03,119.00,0.020782
28.1256,5.9390,62.03,119.00,0.020558
28.2151,5.9390,61.76,119.00,0.020537
28.3006,5.9390,61.49,119.00,0.020039
28.3865,5.9390,61.22,119.00,0.020097
28.4699,5.9390,61.49,119.00,0.019639
28.5585,5.9390,61.49,119.00,0.020568
28.6465,5.9390,62.30,119.00,0.020259
28.7338,5.9390,61.76,119.00,0.019473
28.8226,5.9390,61.76,119.00,0.020134
28.9124,5.9390,61.49,119.00,0.021478
29.0029,5.9410,61.49,119.00,0.020682
29.0908,5.9430,61.76,119.00,0.020803
29.1821,5.9430,61.49,119.00,0.021410
29.2719,5.9430,61.49,119.00,0.020475
29.3578,5.9430,61.76,119.00,0.020685
29.4491,5.9430,61.49,119.00,0.020616
29.5352,5.9430,62.03,119.00,0.020927
29.6227,5.9430,62.03,119.00,0.020713
29.7103,5.9430,61.76,119.00,0.020814
29.7979,5.9430,62.03,119.00,0.019908
29.8819,5.9430,61.49,119.00,0.019943
29.9722,5.9430,61.76,118.50,0.020530
30.0593,5.8590,62.03,118.50,0.020842
30.1470,5.8590,61.76,118.50,0.020436
30.2344,5.8590,62.03,119.00,0.020429
30.3228,5.8590,61.76,119.00,0.020782
30.4113,5.8590,62.03,119.00,0.021140
30.5007,5.8590,61.76,119.00,0.020364
30.5907,5.8590,61.49,119.00,0.020553
30.6787,5.8590,62.30,119.00,0.020893
30.7673,5.8590,61.49,118.50,0.021073
30.8545,5.8590,62.30,118.00,0.020385
30.9426,5.8590,62.03,119.00,0.020407
31.0330,5.9620,61.49,119.00,0.020921
31.1205,5.9620,61.76,119.00,0.021240
31.2080,5.9620,61.76,119.00,0.020603
31.2943,5.9620,61.49,119.00,0.019674
31.3807,5.9620,62.03,119.00,0.020623
31.4662,5.9620,61.76,119.00,0.020513
31.5551,5.9620,62.03,119.00,0.020003
31.6418,5.9620,61.76,119.00,0.020179
31.7317,5.9620,62.03,119.00,0.021071
31.8195,5.9620,61.76,119.00,0.020899
31.9066,5.9620,62.03,119.00,0.020803
31.9928,5.9675,61.49,119.00,0.021064
32.0827,5.9730,62.03,119.00,0.020525
32.1702,5.9730,61.22,119.00,0.020510
32.2596,5.9730,61.22,119.00,0.020495
32.3476,5.9730,62.03,119.00,0.020701
32.4349,5.9730,62.03,119.00,0.020670
32.5226,5.9730,61.49,119.00,0.020542
32.6141,5.9730,61.76,119.00,0.020391
32.7004,5.9730,61.76,119.00,0.021021
32.7864,5.9730,62.03,119.00,0.019915
32.8705,5.9730,61.49,119.00,0.020025
32.9600,5.9730,61.49,119.00,0.020802
33.0468,6.0040,61.76,118.50,0.020698
33.1364,6.0040,61.49,118.00,0.020762
33.2251,6.0040,61.76,118.00,0.021802
33.3153,6.0040,61.76,119.00,0.020673
33.4017,6.0040,62.03,119.00,0.020972
33.4907,6.0040,61.22,119.00,0.020323
33.5789,6.0040,61.22,119.00,0.020587
33.6667,6.0040,62.30,119.00,0.020578
33.7557,6.0040,61.49,119.00,0.020984
33.8429,6.0040,61.76,118.50,0.020523
33.9281,6.0040,61.49,118.00,0.020138
34.0159,5.9545,61.76,118.00,0.020266
34.1021,5.9050,62.03,118.00,0.021035
34.1876,5.9050,61.76,119.00,0.019650
34.2719,5.9050,61.76,118.50,0.019690
34.3578,5.9050,61.76,118.00,0.020399
34.4447,5.9050,61.49,118.50,0.020160
34.5324,5.9050,62.03,119.00,0.020379
34.6186,5.9050,61.76,119.00,0.021017
34.7082,5.9050,62.03,119.00,0.020762
34.7956,5.9050,61.76,119.00,0.020697
34.8819,5.9050,61.49,119.00,0.019989
34.9704,5.9050,62.03,119.00,0.020874
35.0586,5.9240,62.03,119.00,0.020384
35.1464,5.9240,61.76,119.00,0.020149
35.2363,5.9240,61.76,118.50,0.020636
35.3223,5.9240,62.03,119.00,0.020743
35.4123,5.9240,61.76,118.50,0.021378
35.4983,5.9240,61.76,118.00,0.021027
35.5899,5.9240,61.76,118.50,0.020730
35.6758,5.9240,61.22,119.00,0.020711
35.7633,5.9240,61.49,119.00,0.020386
35.8511,5.9240,62.30,119.00,0.020272
35.9385,5.9240,61.76,119.00,0.020593
36.0277,5.9540,62.03,119.00,0.021004
36.1149,5.9540,61.76,119.00,0.020204
36.2031,5.9540,61.76,119.00,0.020911
36.2895,5.9540,62.03,119.00,0.020023
36.3729,5.9540,61.76,119.00,0.019532
36.4591,5.9540,62.03,119.00,0.019594
36.5471,5.9540,61.49,119.00,0.020567
36.6350,5.9540,61.49,119.00,0.020597
36.7227,5.9540,61.49,119.00,0.020563
36.8126,5.9540,62.03,119.00,0.020663
36.8988,5.9540,62.03,119.00,0.020932
36.9868,5.9350,62.03,119.00,0.020899
37.0748,5.9160,61.49,119.00,0.020488
37.1665,5.9160,62.03,119.00,0.020922
37.2545,5.9160,61.76,119.00,0.020336
37.3437,5.9160,61.76,119.00,0.020782
37.4294,5.9160,61.76,119.00,0.020744
37.5190,5.9160,61.76,119.00,0.020405
37.6071,5.9160,62.03,119.00,0.020682
37.6948,5.9160,61.49,118.50,0.020911
37.7837,5.9160,61.76,118.00,0.021358
37.8754,5.9160,62.03,119.00,0.020745
37.9637,5.9160,61.76,119.00,0.021052
38.0537,5.9620,61.76,119.00,0.020200
38.1419,5.9620,62.03,119.00,0.020651
38.2286,5.9620,61.49,119.00,0.019752
38.3127,5.9620,61.76,119.00,0.019821
38.3985,5.9620,62.03,119.00,0.019935
38.4836,5.9620,62.03,119.00,0.020661
38.5703,5.9620,61.76,119.00,0.020291
38.6571,5.9620,61.76,119.00,0.021299
38.7442,5.9620,61.76,119.00,0.020359
38.8300,5.9620,62.03,119.00,0.020642
38.9212,5.9620,61.76,119.00,0.020200
39.0073,5.9620,61.76,119.00,0.019392
39.0946,5.9620,62.30,119.00,0.019593
39.1825,5.9620,61.22,119.00,0.019736
39.2739,5.9545,61.76,119.00,0.020576
39.3608,5.9470,61.76,119.00,0.020781
39.4478,5.9470,61.49,119.00,0.020234
39.5359,5.9470,61.49,119.00,0.020500
39.6258,5.9470,61.76,119.00,0.020845
39.7155,5.9470,62.03,119.00,0.020717
39.8038,5.9470,61.49,119.00,0.021241
39.8896,5.9470,61.76,119.00,0.020997
39.9791,5.9470,61.76,118.50,0.020960
40.0654,5.9580,61.49,119.00,0.020476
40.1554,5.9580,61.76,119.00,0.020961
40.2436,5.9580,61.76,118.50,0.021072
40.3310,5.9580,61.49,119.00,0.020615
40.4194,5.9580,61.76,119.00,0.020977
40.5061,5.9580,62.03,119.00,0.020312
40.5937,5.9580,61.76,119.00,0.020712
40.6813,5.9580,61.76,119.00,0.020570
40.7668,5.9580,61.76,119.00,0.020557
40.8569,5.9580,61.76,119.00,0.020927
40.9427,5.9580,62.30,119.00,0.020739
41.0307,5.9850,61.76,119.00,0.020553
41.1194,5.9850,61.49,119.00,0.021132
41.2057,5.9850,61.76,119.00,0.019710
41.2899,5.9850,61.76,119.00,0.019760
41.3761,5.9850,62.03,119.00,0.020101
41.4627,5.9850,61.49,119.00,0.020984
41.5501,5.9850,61.49,119.00,0.020188
41.6399,5.9850,61.76,119.00,0.021255
41.7265,5.9850,62.03,119.00,0.020010
41.8146,5.9850,61.49,119.00,0.019682
41.9011,5.9850,61.76,119.00,0.020011
41.9887,5.9850,62.03,119.00,0.020865
42.0796,5.8400,61.76,119.00,0.021014
42.1659,5.8400,61.49,119.00,0.020647
42.2565,5.8400,62.30,119.00,0.020995
42.3427,5.8400,61.22,119.00,0.020758
42.4326,5.8400,62.03,119.00,0.020579
42.5235,5.8400,61.76,119.00,0.020693
42.6111,5.8400,61.76,119.00,0.020412
42.7005,5.8400,62.03,119.00,0.021102
42.7919,5.8400,61.76,119.00,0.021475
42.8769,5.8400,61.22,119.00,0.019920
42.9637,5.8400,62.03,119.00,0.020166
43.0517,5.8400,61.76,119.00,0.020980
43.1398,5.8400,61.76,119.00,0.020567
43.2286,5.8400,61.76,119.00,0.020753
43.3173,5.8400,61.76,119.00,0.021286
43.4030,5.8400,62.03,119.00,0.020547
43.4954,5.8400,61.22,119.00,0.021034
43.5842,5.8400,61.49,119.00,0.020510
43.6748,5.8400,61.76,119.00,0.021439
43.7624,5.8400,62.03,119.00,0.020231
43.8504,5.8400,61.76,119.00,0.019658
43.9387,5.8400,62.30,119.00,0.019863
44.0284,5.8400,62.30,119.00,0.020726
44.1138,5.8400,61.76,119.00,0.020480
44.2033,5.8400,62.03,119.00,0.020871
44.2915,5.8855,61.76,119.00,0.020914
44.3798,5.9310,61.76,119.00,0.020808
44.4673,5.9310,61.76,119.00,0.020546
44.5540,5.9310,61.49,119.00,0.020371
44.6420,5.9310,61.76,119.00,0.020848
44.7300,5.9310,62.03,119.00,0.019381
44.8149,5.9310,61.49,119.00,0.020518
44.9028,5.9310,62.30,119.00,0.020241
44.9888,5.9085,62.03,119.00,0.020870
45.0806,5.8860,62.03,119.00,0.020530
45.1670,5.8860,61.76,119.00,0.020067
45.2576,5.8860,62.03,119.00,0.021266
45.3455,5.8860,62.03,119.00,0.020903
45.4347,5.8860,61.22,119.00,0.020639
45.5204,5.8860,61.76,119.00,0.020535
45.6078,5.8860,61.76,119.00,0.020861
45.6946,5.8860,62.30,119.00,0.019990
45.7824,5.8860,61.76,119.00,0.020728
45.8694,5.8860,61.76,119.00,0.021503
45.9563,5.8860,62.03,119.00,0.019742
46.0427,5.8860,61.76,119.00,0.019806
46.1313,5.8860,62.03,119.00,0.020665
46.2176,6.0270,61.49,119.00,0.020429
46.3073,6.0270,61.76,119.00,0.020502
46.3927,6.0270,62.03,119.00,0.020609
46.4806,6.0270,62.03,119.00,0.020995
46.5689,6.0270,61.22,119.00,0.020710
46.6563,6.0270,62.30,119.00,0.020638
46.7426,6.0270,61.49,119.00,0.021466
46.8324,6.0270,62.03,119.00,0.020574
46.9210,6.0270,62.03,119.00,0.020590
47.0083,5.9925,61.49,119.00,0.020728
47.0997,5.9580,62.30,119.00,0.021057
47.1869,5.9580,62.03,119.00,0.020346
47.2753,5.9580,61.49,119.00,0.020863
47.3623,5.9580,62.03,119.00,0.020746
47.4469,5.9580,62.30,119.00,0.020112
47.5344,5.9580,61.49,119.00,0.020684
47.6221,5.9580,62.03,119.00,0.020471
47.7122,5.9580,62.03,119.00,0.020660
47.7976,5.9580,61.49,119.00,0.020475
47.8868,5.9580,61.49,119.00,0.020553
47.9749,5.9275,61.49,119.00,0.020755
48.0629,5.8970,61.22,119.00,0.020560
48.1488,5.8970,61.49,119.00,0.020410
48.2361,5.8970,61.49,119.00,0.020846
48.3235,5.8970,61.49,119.00,0.020154
48.4107,5.8970,61.49,119.00,0.020941
48.4986,5.8970,61.76,119.00,0.020592
48.5857,5.8970,61.76,119.00,0.020467
48.6758,5.8970,62.03,119.00,0.020896
48.7632,5.8970,62.30,119.00,0.020675
48.8470,5.8970,61.76,119.00,0.019501
48.9324,5.8970,62.03,119.00,0.019828
49.0166,5.8970,61.76,119.00,0.019644
49.1030,5.9430,61.76,119.00,0.020307
49.1912,5.9890,61.76,119.00,0.020677
49.2787,5.9890,61.49,119.00,0.020109
49.3665,5.9890,61.76,119.00,0.019745
49.4538,5.9890,61.49,119.00,0.019664
49.5381,5.9890,62.03,119.00,0.020092
49.6256,5.9890,61.49,119.00,0.020756
49.7121,5.9890,61.76,119.00,0.021773
49.7996,5.9890,61.76,119.00,0.020701
49.8850,5.9890,62.03,119.00,0.020453
49.9793,5.9755,61.76,120.00,0.022548
50.0736,5.9620,61.49,120.00,0.021673
50.1698,5.9620,61.76,120.00,0.021925
50.2655,5.9620,62.30,120.00,0.021555
50.3611,5.9620,61.76,120.00,0.021185
50.4567,5.9620,61.76,120.00,0.021811
50.5520,5.9620,61.22,120.00,0.021296
50.6480,5.9620,61.49,120.00,0.022768
50.7429,5.9620,62.03,120.00,0.021394
50.8370,5.9620,61.22,120.00,0.022556
50.9305,5.9620,62.03,120.00,0.020045
51.0167,5.9620,61.49,120.00,0.020061
51.1118,5.9620,61.76,120.00,0.021163
51.2088,5.8820,62.30,120.00,0.021904
51.3048,5.8820,61.76,120.00,0.021819
51.3996,5.8820,61.49,120.00,0.021639
51.4949,5.8820,61.49,120.00,0.021455
51.5888,5.8820,61.49,120.00,0.021795
51.6855,5.8820,61.49,120.00,0.021487
51.7794,5.8820,62.03,120.00,0.022575
51.8737,5.8820,61.49,120.00,0.021311
51.9660,5.8820,61.49,120.00,0.021206
52.0621,5.8360,61.49,120.00,0.021319
52.1554,5.8360,61.22,120.50,0.019954
52.2435,5.8360,62.03,121.00,0.020132
52.3312,5.8360,61.22,121.00,0.019877
52.4243,5.8360,61.49,121.00,0.021446
52.5200,5.8360,61.49,121.00,0.021665
52.6140,5.8360,61.49,121.00,0.020688
52.7062,5.8360,61.76,121.00,0.020383
52.7937,5.8360,61.76,121.00,0.020456
52.8794,5.8360,62.03,121.00,0.020284
52.9667,5.8360,62.03,121.00,0.019849
53.0544,5.8360,61.76,121.00,0.019793
53.1425,5.8360,61.49,121.00,0.020406
53.2419,5.8740,61.49,121.00,0.022655
53.3362,5.8740,62.03,121.00,0.021295
53.4282,5.8740,62.03,121.00,0.020502
53.5248,5.8740,61.76,121.00,0.021672
53.6196,5.8740,62.03,121.00,0.021657
53.7114,5.8740,61.76,121.00,0.020831
53.7994,5.8740,61.49,121.00,0.020366
53.8949,5.8740,61.22,121.00,0.021001
53.9827,5.8815,62.03,121.00,0.021094
54.0703,5.8890,61.76,121.00,0.019731
54.1559,5.8890,61.76,121.00,0.020272
54.2451,5.8890,61.76,121.00,0.020875
54.3353,5.8890,61.49,121.00,0.020573
54.4260,5.8890,62.30,121.00,0.021017
54.5153,5.8890,61.76,121.00,0.020986
54.6042,5.8890,61.49,121.00,0.020579
54.6909,5.8890,61.76,121.00,0.020576
54.7804,5.8890,61.76,121.00,0.020281
54.8676,5.8890,61.76,121.00,0.020724
54.9584,5.8890,61.22,121.00,0.020691
55.0504,5.9660,61.49,121.00,0.021289
55.1400,5.9660,62.30,121.00,0.021157
55.2268,5.9660,61.49,121.00,0.021271
55.3185,5.9660,62.03,121.00,0.021151
55.4079,5.9660,61.76,121.00,0.020912
55.4994,5.9660,61.76,121.00,0.020979
55.5868,5.9660,61.49,121.00,0.020946
55.6756,5.9660,61.49,121.00,0.020881
55.7642,5.9660,61.76,121.00,0.020328
55.8515,5.9660,62.03,121.00,0.020094
55.9367,5.9660,61.49,121.00,0.020303
56.0248,5.9525,61.76,121.00,0.020891
56.1141,5.9390,61.49,121.00,0.020376
56.2046,5.9390,62.03,121.00,0.021187
56.2953,5.9390,62.03,121.00,0.020825
56.3859,5.9390,61.76,121.00,0.022363
56.4778,5.9390,61.49,121.00,0.021794
56.5726,5.9390,61.49,121.00,0.021742
56.6618,5.9390,61.76,121.00,0.019564
56.7494,5.9390,61.22,121.00,0.019885
56.8378,5.9390,61.76,121.00,0.020128
56.9282,5.9390,62.03,121.00,0.019871
57.0176,5.9180,61.49,121.00,0.019444
57.1092,5.8970,61.22,121.50,0.019803
57.1948,5.8970,61.76,122.00,0.019828
57.2847,5.8970,62.03,122.00,0.020318
57.3801,5.8970,61.22,122.00,0.020657
57.4756,5.8970,61.76,122.00,0.020949
57.5708,5.8970,61.49,122.00,0.021300
57.6654,5.8970,61.76,122.00,0.021777
57.7616,5.8970,61.49,122.00,0.021909
57.8562,5.8970,61.49,122.00,0.021749
57.9518,5.8970,61.49,122.00,0.021393
58.0482,5.7980,61.49,122.00,0.021698
58.1420,5.7980,61.22,122.00,0.022007
58.2386,5.7980,61.76,122.00,0.021612
58.3319,5.7980,61.49,122.00,0.021653
58.4292,5.7980,62.03,122.00,0.021209
58.5238,5.7980,61.49,122.00,0.021209
58.6124,5.7980,61.49,122.00,0.020587
58.6987,5.7980,61.49,122.00,0.020414
58.7869,5.7980,61.76,122.00,0.020633
58.8747,5.7980,61.49,122.00,0.021324
58.9634,5.7980,62.03,122.00,0.020791
59.0540,6.0190,62.03,122.00,0.021172
59.1420,6.0190,61.49,122.00,0.020504
59.2292,6.0190,61.49,122.00,0.021258
59.3194,6.0190,61.76,122.00,0.020827
59.4088,6.0190,61.76,122.00,0.020512
59.4980,6.0190,61.49,122.00,0.021365
59.5870,6.0190,61.49,122.00,0.020827
59.6749,6.0190,61.49,122.00,0.020731
59.7620,6.0190,62.03,122.00,0.020760
59.8554,6.0190,62.03,122.00,0.021230
59.9453,6.0190,61.22,122.00,0.021353
60.0356,5.9160,61.22,122.00,0.020284
60.1259,5.9160,61.76,122.00,0.020818
60.2148,5.9160,62.03,122.00,0.020984
60.3021,5.9160,61.76,122.00,0.020573
60.3901,5.9160,61.76,122.00,0.019780
60.4775,5.9160,61.76,122.00,0.020279
60.5681,5.9160,61.49,122.00,0.021028
60.6548,5.9160,61.76,122.00,0.020279
60.7422,5.9160,62.03,122.00,0.019862
60.8320,5.9160,62.03,122.00,0.021383
60.9230,5.9160,62.30,122.00,0.020798
61.0158,5.9125,61.49,122.00,0.021247
61.1047,5.9090,61.76,122.00,0.020841
61.1919,5.9090,61.49,122.00,0.021145
61.2832,5.9090,62.03,122.00,0.021188
61.3724,5.9090,62.30,122.00,0.020571
61.4656,5.9090,61.76,122.00,0.020829
61.5551,5.9090,62.03,122.00,0.020917
61.6488,5.9090,62.03,122.00,0.021383
61.7393,5.9090,62.03,122.00,0.019687
61.8280,5.9090,61.49,122.00,0.019804
61.9158,5.9090,61.76,122.00,0.021887
62.0120,5.8895,61.76,122.00,0.020581
62.1076,5.8700,61.76,122.00,0.022162
62.2035,5.8700,61.76,122.00,0.021656
62.2985,5.8700,61.49,122.00,0.021013
62.3915,5.8700,61.76,122.00,0.020363
62.4866,5.8700,61.76,122.00,0.021544
62.5746,5.8700,62.03,122.00,0.019488
62.6600,5.8700,61.22,122.00,0.019833
62.7500,5.8700,61.76,122.00,0.020358
62.8415,5.8700,61.76,122.00,0.021292
62.9367,5.8700,61.49,122.00,0.021708
63.0294,5.8700,62.03,122.00,0.021056
63.1250,5.8700,61.49,122.00,0.021070
63.2166,5.8700,61.76,122.00,0.020919
63.3133,5.8700,61.22,122.00,0.020665
63.4066,5.8700,62.03,122.00,0.021204
63.4936,5.8700,61.76,122.00,0.019520
63.5816,5.8700,61.76,123.00,0.020258
63.6748,5.8700,62.30,123.00,0.020346
63.7654,5.8700,61.22,123.00,0.021382
63.8621,5.8700,61.49,123.00,0.021433
63.9566,5.8700,61.22,123.00,0.021097
64.0530,5.8700,61.76,123.00,0.021360
64.1493,5.8700,61.49,123.00,0.021630
64.2442,5.8700,61.76,123.00,0.021292
64.3362,5.8700,61.76,123.00,0.020996
64.4319,5.8685,61.76,123.00,0.021373
64.5253,5.8670,61.49,123.00,0.020232
64.6147,5.8670,61.49,123.00,0.019445
64.7015,5.8670,61.49,123.00,0.020005
64.7931,5.8670,61.49,123.00,0.021729
64.8866,5.8670,61.49,123.00,0.021627
64.9810,5.8670,61.49,123.00,0.021166
65.0750,5.9160,61.22,123.00,0.022100
65.1673,5.9160,61.76,123.00,0.021527
65.2597,5.9160,61.49,123.00,0.020769
65.3574,5.9160,62.03,123.00,0.021363
65.4523,5.9160,61.76,123.00,0.021231
65.5462,5.9160,61.49,123.00,0.021505
65.6394,5.9160,61.49,123.00,0.021476
65.7330,5.9160,61.76,123.00,0.021378
65.8261,5.9160,61.49,123.00,0.021687
65.9228,5.9160,61.76,123.00,0.021171
66.0155,5.8685,61.76,123.00,0.021200
66.1135,5.8210,62.03,123.00,0.021391
66.2055,5.8210,61.22,123.00,0.022057
66.2987,5.8210,61.49,123.00,0.021254
66.3920,5.8210,61.76,123.00,0.020999
66.4816,5.8210,61.49,123.00,0.020388
66.5693,5.8210,62.03,123.00,0.020958
66.6608,5.8210,61.76,123.00,0.020839
66.7525,5.8210,61.22,123.00,0.020873
66.8442,5.8210,61.76,123.00,0.020582
66.9316,5.8210,62.03,123.00,0.020970
67.0233,5.8780,61.49,123.00,0.020713
67.1109,5.9350,61.49,123.00,0.020718
67.2004,5.9350,61.76,123.00,0.020681
67.2878,5.9350,61.49,123.00,0.020792
67.3784,5.9350,61.76,123.00,0.020644
67.4685,5.9350,61.49,123.00,0.020574
67.5604,5.9350,61.49,123.00,0.020857
67.6479,5.9350,62.03,123.00,0.020389
67.7377,5.9350,61.49,123.00,0.020977
67.8273,5.9350,61.22,123.00,0.020885
67.9160,5.9350,61.22,123.00,0.020482
68.0021,5.9525,61.76,123.00,0.020306
68.0923,5.9700,62.03,123.00,0.021236
68.1798,5.9700,61.22,123.00,0.021155
68.2711,5.9700,61.76,123.00,0.020573
68.3577,5.9700,61.22,123.00,0.020000
68.4467,5.9700,61.49,123.00,0.019465
68.5342,5.9700,61.76,123.00,0.019758
68.6243,5.9700,61.49,123.00,0.020208
68.7140,5.9700,61.49,123.00,0.020915
68.8023,5.9700,61.76,123.00,0.020827
68.8915,5.9700,62.03,123.00,0.020257
68.9838,5.9375,61.49,123.00,0.021318
69.0731,5.9050,61.76,123.00,0.020663
69.1645,5.9050,61.76,123.00,0.020749
69.2519,5.9050,62.03,123.00,0.020348
69.3429,5.9050,62.03,123.00,0.020350
69.4329,5.9050,61.76,123.00,0.020992
69.5267,5.9050,61.49,123.00,0.020968
69.6140,5.9050,62.03,123.00,0.020993
69.7070,5.9050,61.76,123.00,0.020755
69.7941,5.9050,61.76,123.00,0.020221
69.8877,5.9050,61.76,123.00,0.020666
69.9744,5.9050,62.03,123.00,0.020523
70.0643,5.9160,61.76,123.00,0.020624
70.1522,5.9160,62.03,123.00,0.020550
70.2445,5.9160,62.03,123.00,0.021215
70.3333,5.9160,61.76,123.00,0.020350
70.4278,5.9160,61.49,123.00,0.021442
70.5153,5.9160,61.49,123.00,0.020772
70.6061,5.9160,61.22,123.00,0.021322
70.6960,5.9160,61.76,123.50,0.020488
70.7819,5.9160,62.03,123.50,0.019498
70.8679,5.9160,61.76,123.50,0.020150
70.9546,5.9160,61.76,123.50,0.019671
71.0420,5.9125,62.30,123.00,0.020793
71.1318,5.9090,61.76,123.00,0.020745
71.2188,5.9090,62.03,123.00,0.020413
71.3105,5.9090,62.03,123.00,0.020454
71.3977,5.9090,62.03,123.00,0.020216
71.4866,5.9090,61.49,123.00,0.020712
71.5740,5.9090,61.76,123.00,0.019699
71.6628,5.9090,61.76,123.00,0.019469
71.7505,5.9090,61.76,123.00,0.020033
71.8391,5.9090,61.76,123.00,0.021188
71.9266,5.9090,61.76,123.00,0.020882
72.0150,5.8955,61.49,123.00,0.020517
72.1020,5.8820,61.76,123.00,0.019576
72.1904,5.8820,61.76,123.00,0.019595
72.2760,5.8820,62.03,123.00,0.020284
72.3625,5.8820,61.49,123.00,0.019425
72.4504,5.8820,61.49,123.00,0.020084
72.5379,5.8820,62.30,123.00,0.020371
72.6255,5.8820,61.49,123.00,0.020066
72.7140,5.8820,61.76,123.00,0.020999
72.8033,5.8820,61.49,123.00,0.020967
72.8945,5.8820,61.76,123.00,0.020657
72.9836,5.8990,61.76,123.00,0.020665
73.0755,5.9160,61.22,123.00,0.020822
73.1633,5.9160,62.30,123.00,0.021862
73.2516,5.9160,61.76,123.00,0.020313
73.3385,5.9160,61.76,123.00,0.019463
73.4276,5.9160,61.49,123.00,0.019681
73.5143,5.9160,62.03,123.00,0.019704
73.6026,5.9160,62.03,123.00,0.020271
73.6898,5.9160,61.76,123.00,0.020882
73.7810,5.9160,61.49,123.00,0.020880
73.8703,5.9160,61.49,123.00,0.020699
73.9584,5.9160,61.76,123.00,0.019926
74.0468,5.9310,61.76,123.00,0.021023
74.1361,5.9310,61.49,123.00,0.021110
74.2248,5.9310,62.03,123.00,0.020539
74.3149,5.9310,62.03,123.00,0.021110
74.4023,5.9310,61.76,122.50,0.020758
74.4908,5.9310,61.76,122.50,0.020531
74.5814,5.9310,61.49,122.00,0.020723
74.6719,5.9310,61.76,122.00,0.019887
74.7628,5.9310,61.76,122.50,0.021391
74.8515,5.9310,61.22,122.00,0.020951
74.9390,5.9310,62.03,122.00,0.020384
75.0306,5.9700,61.22,122.00,0.020381
75.1199,5.9700,61.76,122.00,0.021338
75.2113,5.9700,61.76,122.00,0.021171
75.2980,5.9700,61.49,122.00,0.020164
75.3905,5.9700,61.49,122.00,0.020874
75.4783,5.9700,62.30,122.00,0.020871
75.5671,5.9700,61.22,122.00,0.019897
75.6537,5.9700,61.76,122.50,0.020375
75.7444,5.9700,61.76,122.00,0.020224
75.8375,5.9700,61.76,122.00,0.021034
75.9294,5.9700,61.76,122.00,0.021824
76.0183,5.9700,61.22,122.00,0.020124
76.1063,5.9700,61.22,122.00,0.020185
76.1973,5.9700,62.03,122.00,0.021004
76.2867,5.9700,61.76,122.00,0.021306
76.3739,5.9700,61.76,122.00,0.020995
76.4637,5.9700,62.03,122.00,0.020725
76.5508,5.9700,61.76,122.00,0.020586
76.6405,5.9700,61.76,122.00,0.019463
76.7256,5.9700,61.76,122.00,0.019623
76.8126,5.9700,61.22,122.00,0.019909
76.8987,5.9700,61.76,122.00,0.020856
76.9867,5.9700,62.03,122.00,0.019717
77.0747,5.9700,61.76,122.00,0.019753
77.1630,5.9700,61.76,122.00,0.020389
77.2510,5.8860,61.76,122.00,0.020851
77.3427,5.8860,61.49,122.00,0.020525
77.4302,5.8860,62.30,122.00,0.020838
77.5225,5.8860,61.22,122.00,0.020334
77.6121,5.8860,61.49,122.00,0.020997
77.7025,5.8860,61.76,122.00,0.020389
77.7904,5.8860,62.03,122.00,0.021235
77.8798,5.8860,61.49,122.00,0.020984
77.9666,5.8860,62.03,122.00,0.021002
78.0560,5.9770,61.49,122.00,0.020673
78.1439,5.9770,61.49,122.00,0.021216
78.2313,5.9770,61.76,122.00,0.020365
78.3230,5.9770,62.03,122.00,0.020839
78.4127,5.9770,61.49,122.00,0.021360
78.5021,5.9770,62.03,122.00,0.020906
78.5929,5.9770,61.76,122.00,0.020783
78.6837,5.9770,62.03,122.00,0.020857
78.7722,5.9770,61.49,122.00,0.020597
78.8590,5.9770,61.22,122.00,0.020639
78.9481,5.9770,62.30,122.00,0.021624
79.0393,5.9580,61.76,122.00,0.020864
79.1279,5.9580,61.76,122.00,0.020833
79.2196,5.9580,62.03,121.50,0.020901
79.3116,5.9580,61.49,121.00,0.020994
79.4033,5.9580,61.49,121.50,0.020751
79.4950,5.9580,62.03,121.50,0.019958
79.5838,5.9580,62.03,121.00,0.020190
79.6745,5.9580,62.30,121.00,0.020601
79.7658,5.9580,62.03,121.00,0.020850
79.8542,5.9580,61.76,121.00,0.019550
79.9388,5.9580,61.76,121.00,0.019783
80.0252,5.9580,62.03,121.00,0.019700
80.1152,5.8970,61.76,121.00,0.021998
80.2042,5.8970,62.03,121.00,0.021007
80.2910,5.8970,62.03,121.00,0.020561
80.3824,5.8970,61.76,121.00,0.021098
80.4706,5.8970,61.49,121.00,0.020978
80.5599,5.8970,61.49,121.00,0.020836
80.6456,5.8970,61.22,121.00,0.019601
80.7354,5.8970,61.76,121.00,0.020339
80.8212,5.8970,61.22,121.00,0.020350
80.9135,5.8970,62.03,121.00,0.020637
81.0028,5.8970,61.49,121.00,0.020278
81.0927,5.8970,61.76,121.00,0.020835
81.1797,5.8970,62.03,121.00,0.020571
81.2701,5.8970,62.03,121.00,0.020696
81.3598,5.8970,61.22,121.00,0.021160
81.4475,5.8970,62.03,121.00,0.020337
81.5384,5.8970,61.76,121.00,0.020296
81.6296,5.8970,61.49,121.00,0.020609
81.7177,5.8970,62.03,121.00,0.020640
81.8078,5.8970,61.76,121.00,0.020496
81.8959,5.8970,61.76,121.00,0.021261
81.9841,5.9255,61.76,121.00,0.020973
82.0752,5.9540,61.49,121.00,0.021117
82.1668,5.9540,61.49,121.00,0.020730
82.2543,5.9540,62.03,121.00,0.020804
82.3414,5.9540,61.76,121.00,0.019505
82.4256,5.9540,61.76,121.00,0.019424
82.5159,5.9540,61.76,121.00,0.019989
82.6028,5.9540,61.22,121.00,0.021089
82.6937,5.9540,61.76,121.00,0.020750
82.7828,5.9540,61.49,121.00,0.021407
82.8726,5.9540,61.76,121.00,0.020178
82.9640,5.9540,62.03,121.00,0.020304
83.0546,5.9200,61.76,121.00,0.020384
83.1420,5.9200,61.49,121.00,0.020425
83.2307,5.9200,61.76,121.00,0.020822
83.3179,5.9200,61.76,121.00,0.020964
83.4080,5.9200,61.22,121.00,0.020715
83.4998,5.9200,61.22,121.00,0.021206
83.5905,5.9200,61.76,121.00,0.020525
83.6796,5.9200,62.03,121.00,0.020660
83.7667,5.9200,62.03,121.00,0.019444
83.8554,5.9200,61.22,120.50,0.020669
83.9431,5.9200,62.03,120.00,0.020050
84.0293,5.8890,62.03,120.50,0.019948
84.1183,5.8890,62.03,120.00,0.019582
84.2070,5.8890,61.22,120.00,0.020557
84.2948,5.8890,61.76,120.00,0.020453
84.3824,5.8890,61.76,120.00,0.019459
84.4693,5.8890,61.76,120.00,0.019715
84.5540,5.8890,61.76,120.00,0.019658
84.6415,5.8890,62.30,120.00,0.020386
84.7317,5.8890,61.49,120.00,0.020879
84.8225,5.8890,62.03,120.00,0.020700
84.9100,5.8890,61.76,120.00,0.019552
84.9968,5.8890,61.49,120.00,0.019708
85.0815,5.8890,61.49,120.00,0.019637
85.1703,5.9140,61.76,120.00,0.020909
85.2583,5.9390,62.03,120.50,0.020571
85.3480,5.9390,62.03,121.00,0.020091
85.4330,5.9390,62.03,120.50,0.019749
85.5218,5.9390,61.49,120.00,0.019649
85.6061,5.9390,61.49,120.50,0.019532
85.6942,5.9390,62.30,120.00,0.020717
85.7817,5.9390,61.49,120.00,0.020835
85.8707,5.9390,61.76,120.00,0.020505
85.9568,5.9390,61.49,120.00,0.019616
86.0440,5.9390,61.22,120.00,0.020333
86.1302,5.9390,61.49,120.00,0.020420
86.2194,5.9430,61.49,120.00,0.020531
86.3090,5.9430,62.03,120.00,0.020582
86.4001,5.9430,61.49,120.00,0.021179
86.4909,5.9430,61.49,120.00,0.020849
86.5824,5.9430,61.49,120.00,0.021309
86.6718,5.9430,62.03,120.00,0.021119
86.7597,5.9430,61.76,120.00,0.020689
86.8491,5.9430,61.49,120.00,0.021420
86.9391,5.9430,61.76,120.00,0.020578
87.0289,5.9565,61.76,120.00,0.021145
87.1182,5.9700,62.03,120.00,0.020615
87.2068,5.9700,61.76,120.00,0.020421
87.3021,5.9700,61.76,120.50,0.028533
87.3938,5.9700,61.76,121.00,0.030814
87.4844,5.9700,61.76,121.00,0.019944
87.5695,5.9700,61.49,121.00,0.020084
87.6601,5.9700,62.30,121.00,0.021495
87.7514,5.9700,61.22,121.00,0.020828
87.8381,5.9700,61.49,121.00,0.019945
87.9274,5.9700,62.03,121.00,0.020794
88.0158,5.9335,61.22,122.00,0.020744
88.1037,5.8970,61.76,122.00,0.021702
88.1921,5.8970,62.03,122.00,0.020494
88.2795,5.8970,61.76,122.00,0.021131
88.3661,5.8970,61.49,122.00,0.019833
88.4518,5.8970,61.76,122.00,0.019968
88.5385,5.8970,61.49,122.00,0.019788
88.6277,5.8970,61.76,122.00,0.020655
88.7190,5.8970,62.03,122.00,0.020520
88.8057,5.8970,62.03,122.00,0.020151
88.8951,5.8970,61.76,122.00,0.020895
88.9828,5.8970,61.49,122.00,0.020926
89.0733,5.8970,61.49,122.00,0.020340
89.1629,5.8970,61.76,122.00,0.020674
89.2523,5.8970,61.76,122.00,0.020624
89.3404,5.8970,61.22,121.50,0.021631
89.4282,5.8970,61.49,122.00,0.019828
89.5151,5.8970,61.76,122.00,0.020267
89.6039,5.8970,61.76,122.00,0.020524
89.6904,5.8970,61.49,122.00,0.020605
89.7805,5.8970,62.03,122.00,0.020468
89.8678,5.8970,62.03,122.00,0.020896
89.9590,5.8970,61.76,122.00,0.020776
90.0458,5.8970,62.30,122.00,0.020538
90.1348,5.8970,61.76,122.00,0.020312
90.2225,5.8970,61.76,122.00,0.020600
90.3116,5.9275,61.49,122.00,0.020626
90.4015,5.9580,61.49,122.00,0.020322
90.4920,5.9580,62.03,122.00,0.020096
90.5787,5.9580,61.22,122.00,0.020480
90.6699,5.9580,61.49,122.00,0.020851
90.7562,5.9580,61.76,122.00,0.019737
90.8462,5.9580,61.49,122.00,0.020096
90.9347,5.9580,61.76,122.00,0.020230
91.0254,5.9735,62.03,122.00,0.020502
91.1149,5.9890,61.49,122.00,0.020932
91.2076,5.9890,62.03,122.00,0.020686
91.2949,5.9890,61.49,122.00,0.020887
91.3834,5.9890,61.49,122.00,0.019676
91.4702,5.9890,62.03,122.00,0.019588
91.5574,5.9890,61.49,122.00,0.020112
91.6450,5.9890,61.22,122.00,0.019458
91.7321,5.9890,62.03,121.50,0.019598
91.8177,5.9890,61.76,121.50,0.019931
91.9059,5.9890,61.76,122.00,0.020794
91.9947,5.9890,61.76,122.00,0.020336
92.0833,5.8670,61.49,122.00,0.020504
92.1704,5.8670,61.49,122.00,0.021065
92.2597,5.8670,61.49,122.00,0.020607
92.3449,5.8670,61.49,122.00,0.019624
92.4316,5.8670,62.03,121.50,0.019831
92.5191,5.8670,61.49,121.00,0.020089
92.6078,5.8670,61.49,121.00,0.020439
92.6947,5.8670,62.03,121.50,0.020445
92.7879,5.8670,62.30,121.50,0.020386
92.8756,5.8670,61.49,122.00,0.021406
92.9643,5.8670,61.76,122.00,0.020849
93.0551,5.8670,61.76,122.00,0.019763
93.1452,5.8670,61.49,122.00,0.019874
93.2327,5.8670,62.03,121.50,0.021842
93.3227,5.8670,61.49,121.00,0.020280
93.4098,5.8670,61.76,121.00,0.020517
93.4971,5.8670,62.03,121.50,0.019744
93.5869,5.8670,62.03,121.50,0.020021
93.6734,5.8670,61.76,121.00,0.019676
93.7624,5.8670,62.03,121.50,0.020577
93.8510,5.8670,61.22,121.00,0.020760
93.9394,5.8670,61.49,121.00,0.020361
94.0280,5.8670,61.76,121.00,0.020326
94.1137,5.8670,61.49,121.00,0.019952
94.2023,5.8670,61.49,121.00,0.020139
94.2876,5.8670,61.49,121.00,0.019961
94.3737,5.8670,61.49,121.00,0.019713
94.4587,5.8670,61.76,121.00,0.019956
94.5487,5.8630,61.49,121.00,0.020487
94.6378,5.8590,61.49,121.00,0.020493
94.7262,5.8590,61.49,121.00,0.020725
94.8126,5.8590,61.76,121.00,0.020483
94.9029,5.8590,61.49,121.00,0.020388
94.9927,5.9295,62.03,121.00,0.020942
95.0830,6.0000,61.76,121.00,0.020517
95.1710,6.0000,62.03,121.00,0.021282
95.2599,6.0000,61.76,121.00,0.021030
95.3495,6.0000,62.03,121.00,0.019462
95.4375,6.0000,61.76,121.00,0.019332
95.5254,6.0000,61.76,121.00,0.019882
95.6163,6.0000,61.22,121.00,0.020887
95.7026,6.0000,61.76,121.00,0.020456
95.7909,6.0000,61.76,121.00,0.020328
95.8780,6.0000,62.03,121.00,0.020547
95.9668,6.0000,61.76,121.00,0.020923
96.0539,5.9540,61.49,121.00,0.020766
96.1441,5.9540,61.76,121.00,0.020514
96.2308,5.9540,61.49,121.00,0.020445
96.3191,5.9540,61.49,121.00,0.020524
96.4058,5.9540,61.76,121.00,0.020698
96.4964,5.9540,61.76,121.00,0.020272
96.5825,5.9540,62.03,121.00,0.020306
96.6743,5.9540,61.76,121.00,0.020023
96.7626,5.9540,62.03,121.00,0.020318
96.8516,5.9540,61.76,121.00,0.020885
96.9384,5.9540,62.03,121.00,0.020641
97.0303,5.8930,61.49,121.00,0.020442
97.1173,5.8930,61.22,121.00,0.020786
97.2065,5.8930,61.49,121.00,0.021103
97.2939,5.8930,62.03,121.00,0.020713
97.3830,5.8930,62.30,121.00,0.020916
97.4700,5.8930,61.49,121.00,0.020710
97.5576,5.8930,61.49,121.00,0.020222
97.6486,5.8930,62.30,121.00,0.020379
97.7363,5.8930,61.76,121.00,0.020335
97.8246,5.8930,62.03,121.00,0.020227
97.9146,5.8930,62.30,121.00,0.019876
98.0035,5.9085,61.49,121.00,0.020487
98.0924,5.9240,61.22,121.00,0.021101
98.1794,5.9240,62.03,121.00,0.020821
98.2676,5.9240,61.76,121.00,0.020372
98.3564,5.9240,61.76,121.00,0.020457
98.4466,5.9240,61.76,121.00,0.020281
98.5345,5.9240,61.49,121.00,0.020175
98.6230,5.9240,61.76,121.00,0.020219
98.7106,5.9240,62.03,121.00,0.020212
98.8030,5.9240,62.03,121.00,0.020530
98.8926,5.9240,62.03,121.00,0.020863
98.9862,5.9165,61.49,121.00,0.021174
99.0731,5.9090,61.49,121.00,0.020234
99.1646,5.9090,61.49,121.00,0.020102
99.2504,5.9090,62.03,121.00,0.020149
99.3394,5.9090,61.76,121.00,0.020877
99.4287,5.9090,61.76,121.00,0.020931
99.5191,5.9090,61.22,121.00,0.020220
99.6053,5.9090,61.76,121.00,0.019841
99.6950,5.9090,62.30,121.00,0.019908
99.7838,5.9090,61.76,121.00,0.021992
99.8748,5.9090,62.03,121.00,0.020704
99.9622,5.9090,62.03,121.00,0.020594
100.0526,5.8630,61.22,121.00,0.021114
100.1475,5.8630,61.76,121.00,0.021590
100.2392,5.8630,62.30,121.00,0.020885
100.3271,5.8630,61.22,121.00,0.020813
100.4162,5.8630,62.03,121.00,0.020975
100.5068,5.8630,61.49,121.00,0.022002
100.5963,5.8630,62.30,121.00,0.020971
100.6860,5.8630,61.76,121.00,0.020780
100.7750,5.8630,62.03,121.00,0.021168
100.8620,5.8630,61.22,121.00,0.020248
100.9492,5.8630,61.49,121.00,0.020057
101.0341,5.8630,61.22,121.00,0.019804
101.1214,5.8630,61.76,121.00,0.019999
101.2105,5.9105,61.22,121.00,0.020700
101.2996,5.9580,61.76,121.00,0.020601
101.3872,5.9580,61.49,121.00,0.021036
101.4759,5.9580,61.76,121.00,0.020966
101.5630,5.9580,62.03,121.00,0.020987
101.6520,5.9580,62.03,121.00,0.021155
101.7377,5.9580,61.76,121.00,0.019916
101.8264,5.9580,61.49,121.00,0.019874
101.9132,5.9580,61.49,121.00,0.019579
102.0024,5.9200,61.49,121.00,0.021129
102.0892,5.8820,62.03,121.00,0.020278
102.1827,5.8820,61.76,121.00,0.020664
102.2707,5.8820,61.76,121.00,0.020877
102.3626,5.8820,61.49,121.00,0.021512
102.4478,5.8820,61.76,121.00,0.020292
102.5345,5.8820,61.49,121.00,0.019940
102.6197,5.8820,62.03,121.00,0.019957
102.7088,5.8820,61.22,121.00,0.020914
102.7982,5.8820,61.49,121.00,0.021024
102.8889,5.8820,61.22,121.00,0.020550
102.9783,5.9050,61.76,121.00,0.021071
103.0674,5.9280,61.76,121.00,0.020903
103.1537,5.9280,61.49,121.00,0.020391
103.2427,5.9280,61.49,121.00,0.020677
103.3293,5.9280,62.03,121.00,0.020402
103.4190,5.9280,61.22,121.00,0.020425
103.5063,5.9280,61.76,121.00,0.020014
103.5948,5.9280,62.03,121.00,0.020982
103.6843,5.9280,62.03,121.00,0.021099
103.7773,5.9280,61.49,121.00,0.020425
103.8638,5.9280,61.22,121.00,0.020013
103.9548,5.9280,61.76,121.00,0.020745
104.0424,5.9470,61.49,121.00,0.020496
104.1331,5.9470,61.76,121.00,0.020800
104.2227,5.9470,61.76,121.00,0.021047
104.3109,5.9470,61.49,121.00,0.020345
104.4001,5.9470,61.22,121.00,0.020754
104.4880,5.9470,61.49,121.00,0.020019
104.5794,5.9470,61.49,121.00,0.020856
104.6679,5.9470,61.76,121.00,0.020190
104.7539,5.9470,61.49,121.00,0.019950
104.8426,5.9470,62.03,121.00,0.021035
104.9309,5.9470,61.76,121.00,0.019675
105.0189,5.9470,61.49,121.00,0.020056
105.1079,5.9470,61.76,121.00,0.020612
105.1985,5.8860,61.49,121.00,0.020015
105.2864,5.8860,62.03,121.00,0.020710
105.3755,5.8860,61.22,121.00,0.019381
105.4603,5.8860,61.76,121.00,0.019513
105.5470,5.8860,61.22,121.00,0.019988
105.6342,5.8860,62.03,121.00,0.021130
105.7226,5.8860,61.49,121.00,0.019767
105.8085,5.8860,62.03,121.00,0.020409
105.9013,5.8860,61.76,121.00,0.020514
105.9919,5.8860,61.76,121.00,0.020324
106.0827,5.8860,61.49,121.00,0.020564
106.1696,5.8860,61.76,121.00,0.020216
106.2592,5.8860,61.76,121.00,0.020650
106.3541,5.8860,61.76,121.00,0.020989
106.4436,5.8860,61.76,121.00,0.019511
106.5308,5.8860,61.76,121.00,0.019823
106.6201,5.8860,61.76,121.00,0.020031
106.7056,5.8860,61.76,121.00,0.019752
106.7956,5.8860,61.49,121.00,0.019981
106.8871,5.8860,61.49,121.00,0.021804
106.9841,5.8860,61.22,121.00,0.021552
107.0798,5.8860,62.03,121.00,0.021981
107.1779,5.8860,61.22,121.00,0.021990
107.2725,5.8860,61.76,121.00,0.021577
107.3677,5.8860,62.03,121.00,0.021824
107.4610,5.9315,61.22,121.00,0.021625
107.5569,5.9770,61.49,121.00,0.021269
107.6509,5.9770,61.49,121.00,0.021308
107.7438,5.9770,61.49,121.00,0.019931
107.8301,5.9770,61.49,121.00,0.020260
107.9234,5.9770,61.76,121.00,0.021372
108.0169,5.9390,61.76,121.00,0.021787
108.1100,5.9010,62.03,121.00,0.021323
108.2061,5.9010,61.49,121.00,0.022188
108.3034,5.9010,61.49,121.00,0.021847
108.3959,5.9010,62.03,121.00,0.021832
108.4935,5.9010,61.76,121.00,0.021558
108.5879,5.9010,61.76,121.00,0.021441
108.6821,5.9010,61.76,121.00,0.020595
108.7779,5.9010,61.22,121.00,0.021366
108.8686,5.9010,62.03,121.00,0.019666
108.9535,5.9010,61.76,121.00,0.019730
109.0407,5.9010,61.76,121.00,0.019824
109.1344,5.8780,62.03,121.00,0.021662
109.2305,5.8550,61.76,121.00,0.021522
109.3170,5.8550,61.49,121.00,0.019693
109.4065,5.8550,61.49,121.00,0.019759
109.4947,5.8550,61.76,121.00,0.019901
109.5899,5.8550,61.22,121.00,0.020865
109.6847,5.8550,61.49,121.00,0.021463
109.7823,5.8550,61.76,121.00,0.021773
109.8761,5.8550,61.22,121.00,0.021974
109.9702,5.8550,61.22,121.00,0.021206
110.0628,5.8050,62.30,121.00,0.021181
110.1513,5.8050,61.49,121.00,0.019628
110.2378,5.8050,61.22,121.00,0.020511
110.3317,5.8050,61.76,121.00,0.021566
110.4240,5.8050,61.49,121.00,0.021092
110.5186,5.8050,61.49,121.00,0.021029
110.6137,5.8050,61.76,121.00,0.021201
110.7088,5.8050,62.30,121.00,0.021847
110.8043,5.8050,61.76,119.00,0.021585
110.9003,5.8050,61.76,117.00,0.021859
110.9961,5.8510,61.76,117.00,0.021785
111.0892,5.8970,61.22,117.00,0.019560
111.1741,5.8970,61.22,117.00,0.019709
111.2620,5.8970,61.76,117.00,0.020184
111.3534,5.8970,61.49,117.00,0.021327
111.4508,5.8970,61.49,117.00,0.021095
111.5465,5.8970,61.49,117.00,0.020914
111.6388,5.8970,61.76,117.00,0.020627
111.7267,5.8970,61.76,117.00,0.019906
111.8135,5.8970,61.49,117.00,0.019501
111.9013,5.8970,61.76,117.00,0.019856
111.9927,5.8705,61.76,117.00,0.021369
112.0820,5.8440,61.76,117.00,0.020515
112.1694,5.8440,62.30,118.00,0.019706
112.2544,5.8440,62.03,118.00,0.019969
112.3419,5.8440,61.76,118.00,0.019849
112.4291,5.8440,61.76,118.00,0.020815
112.5199,5.8440,62.03,118.00,0.020848
112.6088,5.8440,61.49,118.00,0.020721
112.6997,5.8440,61.76,118.00,0.020598
112.7917,5.8440,61.49,118.00,0.021218
112.8803,5.8440,61.49,118.00,0.020505
112.9666,5.8440,62.30,118.00,0.020504
113.0579,5.9240,61.76,118.00,0.020715
113.1446,5.9240,61.76,118.00,0.020696
113.2334,5.9240,61.76,118.00,0.021201
113.3220,5.9240,61.22,118.00,0.020694
113.4122,5.9240,61.76,118.50,0.020848
113.4984,5.9240,61.22,119.00,0.020400
113.5869,5.9240,61.76,119.00,0.020207
113.6749,5.9240,61.76,119.00,0.020797
113.7636,5.9240,61.76,119.00,0.020937
113.8506,5.9240,61.49,119.00,0.020510
113.9379,5.9240,61.49,119.00,0.020179
114.0278,5.9350,61.22,119.00,0.020715
114.1178,5.9350,62.30,119.00,0.020379
114.2061,5.9350,62.03,119.00,0.020677
114.2959,5.9350,62.03,119.00,0.020259
114.3825,5.9350,61.49,119.00,0.020491
114.4750,5.9350,61.76,119.00,0.020739
114.5616,5.9350,61.49,119.00,0.021001
114.6517,5.9350,61.49,119.00,0.020900
114.7386,5.9350,61.76,119.00,0.020314
114.8268,5.9350,62.03,119.00,0.020492
114.9163,5.9350,61.76,119.00,0.020951
115.0040,5.9540,61.49,119.00,0.020228
115.0912,5.9730,61.76,119.00,0.020751
115.1789,5.9730,61.49,119.00,0.020325
115.2683,5.9730,62.03,119.00,0.020623
115.3586,5.9730,61.22,119.00,0.020439
115.4471,5.9730,61.49,119.00,0.020736
115.5353,5.9730,62.03,119.00,0.020274
115.6223,5.9730,61.76,119.00,0.020828
115.7111,5.9730,61.49,119.00,0.020621
115.7979,5.9730,61.49,119.00,0.020831
115.8859,5.9730,61.76,119.00,0.019949
115.9747,5.9730,62.30,119.00,0.019799
116.0615,5.9730,61.49,119.00,0.020070
116.1473,5.9730,61.76,119.00,0.020553
116.2348,5.9730,62.03,119.00,0.019444
116.3188,5.9730,61.76,119.00,0.019386
116.4058,5.9730,61.76,119.00,0.019837
116.4945,5.9730,61.76,119.00,0.020231
116.5833,5.9730,61.76,119.00,0.020862
116.6738,5.9730,62.03,119.00,0.020202
116.7666,5.9730,61.22,119.00,0.020176
116.8550,5.9730,61.49,119.00,0.020104
116.9413,5.9730,61.49,119.00,0.019524
117.0308,5.9730,61.76,119.00,0.020044
117.1179,5.9730,61.49,119.00,0.019742
117.2060,5.9730,61.49,119.00,0.019994
117.2928,5.9730,61.49,119.00,0.019529
117.3788,5.9730,61.76,119.00,0.020193
117.4689,5.9485,61.49,119.00,0.021311
117.5555,5.9240,62.03,119.00,0.020303
117.6469,5.9240,61.76,119.00,0.020713
117.7335,5.9240,61.76,119.00,0.020771
117.8237,5.9240,61.49,119.00,0.020400
117.9106,5.9240,61.76,119.00,0.020660
117.9996,5.9275,61.76,119.00,0.021036
118.0893,5.9310,61.49,119.00,0.020373
118.1795,5.9310,61.76,119.00,0.020587
118.2693,5.9310,61.49,119.50,0.021067
118.3601,5.9310,62.03,120.00,0.020385
118.4461,5.9310,61.76,120.00,0.020631
118.5336,5.9310,62.03,120.00,0.019868
118.6200,5.9310,61.76,120.00,0.021091
118.7102,5.9310,61.76,120.00,0.020412
118.7985,5.9310,62.03,120.00,0.020634
118.8901,5.9310,61.22,120.00,0.021893
118.9880,5.9390,61.22,120.00,0.022218
119.0828,5.9470,62.03,120.00,0.021235
119.1754,5.9470,61.76,120.00,0.021431
119.2721,5.9470,61.49,120.00,0.021650
119.3665,5.9470,61.76,120.00,0.021042
119.4636,5.9470,62.03,120.00,0.021257
119.5585,5.9470,62.03,120.00,0.021339
119.6513,5.9470,62.30,120.00,0.022318
119.7441,5.9470,61.49,120.00,0.021125
119.8386,5.9470,62.03,120.00,0.020457
119.9273,5.9470,62.30,120.00,0.020548
120.0158,5.9070,61.49,120.00,0.020428
120.1073,5.8670,62.03,120.00,0.020907
120.2002,5.8670,62.30,120.00,0.020994
120.2908,5.8670,61.76,120.00,0.020619
120.3799,5.8670,61.76,120.00,0.021078
120.4687,5.8670,62.03,120.00,0.020989
120.5598,5.8670,62.03,120.00,0.021004
120.6484,5.8670,61.76,120.00,0.020527
120.7365,5.8670,62.03,120.00,0.020545
120.8231,5.8670,62.03,120.00,0.020678
120.9107,5.8670,62.03,120.00,0.020037
120.9970,5.8955,61.22,120.00,0.020818
121.0888,5.9240,62.03,120.00,0.021169
121.1780,5.9240,61.49,120.00,0.020748
121.2701,5.9240,61.76,120.00,0.020621
121.3649,5.9240,61.49,120.00,0.020892
121.4622,5.9240,61.49,120.00,0.021886
121.5546,5.9240,61.22,120.00,0.021513
121.6514,5.9240,61.76,120.00,0.021673
121.7444,5.9240,61.76,120.00,0.019961
121.8363,5.9240,62.03,120.00,0.020676
121.9291,5.9240,61.76,120.00,0.021654
122.0273,5.8800,61.22,120.00,0.021581
122.1223,5.8360,61.49,120.00,0.021533
122.2190,5.8360,61.49,120.00,0.020773
122.3118,5.8360,62.30,120.00,0.021793
122.4080,5.8360,61.76,120.00,0.021485
122.5036,5.8360,61.76,120.00,0.020852
122.5997,5.8360,61.22,120.00,0.020852
122.6948,5.8360,61.49,120.00,0.021399
122.7906,5.8360,61.76,120.50,0.021276
122.8856,5.8360,61.49,121.00,0.021881
122.9816,5.8075,61.76,121.00,0.021558
123.0749,5.7790,61.22,121.00,0.021932
123.1697,5.7790,61.49,121.00,0.021399
123.2651,5.7790,61.76,120.50,0.021707
123.3536,5.7790,61.22,120.00,0.019790
123.4428,5.7790,61.49,120.00,0.020095
123.5389,5.7790,61.22,120.00,0.021600
123.6318,5.7790,61.76,120.00,0.020952
123.7268,5.7790,61.76,120.00,0.021110
123.8226,5.7790,61.49,120.00,0.021325
123.9184,5.7790,61.22,120.00,0.021248
124.0117,5.8325,61.49,120.00,0.021344
124.1082,5.8860,61.22,121.00,0.022143
124.2018,5.8860,61.49,121.00,0.021724
124.2972,5.8860,62.03,121.00,0.021739
124.3896,5.8860,60.95,121.00,0.021150
124.4778,5.8860,61.22,120.50,0.019749
124.5618,5.8860,61.49,120.50,0.019712
124.6499,5.8860,61.76,120.00,0.019688
124.7382,5.8860,61.76,120.50,0.019484
124.8282,5.8860,61.76,120.00,0.020247
124.9198,5.8860,61.76,120.50,0.021899
125.0125,5.8650,61.76,121.00,0.021114
125.1052,5.8440,61.49,121.00,0.021272
125.1946,5.8440,61.76,121.00,0.019645
125.2828,5.8440,62.03,121.00,0.019916
125.3707,5.8440,61.49,121.00,0.019785
125.4646,5.8440,61.76,121.00,0.020929
125.5626,5.8440,61.76,121.00,0.020930
125.6574,5.8440,61.49,121.00,0.021826
125.7535,5.8440,61.22,121.00,0.021507
125.8478,5.8440,61.76,121.00,0.021566
125.9440,5.8440,61.76,121.00,0.021686
126.0370,5.8440,61.49,121.00,0.021367
126.1341,5.8440,61.76,121.00,0.021606
126.2293,5.8440,61.49,121.00,0.022028
126.3255,5.8440,61.22,121.00,0.021310
126.4201,5.8440,61.76,121.00,0.021742
126.5062,5.8440,61.49,121.00,0.019658
126.5915,5.8440,61.76,121.00,0.019854
126.6785,5.8440,61.76,121.00,0.019828
126.7687,5.8440,62.03,121.00,0.021061
126.8596,5.8440,61.22,121.00,0.020971
126.9457,5.8440,61.22,121.00,0.020232
127.0358,5.8440,61.49,121.00,0.020316
127.1229,5.8455,62.03,121.00,0.021554
127.2121,5.8470,61.76,121.00,0.020525
127.2981,5.8470,62.03,121.00,0.020360
127.3900,5.8470,61.49,121.00,0.020428
127.4804,5.8470,61.76,121.00,0.020385
127.5705,5.8470,61.76,121.00,0.020407
127.6588,5.8470,61.49,121.00,0.020380
127.7470,5.8470,61.76,121.00,0.020788
127.8332,5.8470,62.30,121.00,0.020567
127.9234,5.8470,62.03,122.00,0.020316
128.0095,5.9310,62.03,122.00,0.020399
128.1008,6.0150,61.49,122.00,0.021111
128.1869,6.0150,61.22,122.00,0.020823
128.2750,6.0150,61.76,122.00,0.020818
128.3643,6.0150,61.49,122.00,0.021416
128.4519,6.0150,62.03,122.00,0.020303
128.5381,6.0150,61.76,122.00,0.020427
128.6271,6.0150,61.76,122.00,0.021162
128.7158,6.0150,61.49,122.00,0.021130
128.8070,6.0150,61.49,122.00,0.020889
128.8949,6.0150,61.76,122.00,0.020494
128.9874,5.9770,61.49,122.00,0.021085
129.0736,5.9390,61.76,122.00,0.020418
129.1619,5.9390,62.03,122.00,0.020617
129.2505,5.9390,61.49,122.00,0.020358
129.3393,5.9390,61.22,122.00,0.020590
129.4253,5.9390,61.22,122.00,0.020183
129.5148,5.9390,61.76,122.00,0.020222
129.6038,5.9390,61.22,122.00,0.020899
129.6897,5.9390,61.49,122.00,0.019706
129.7788,5.9390,61.76,122.00,0.020127
129.8659,5.9390,62.03,122.00,0.020046
129.9569,5.9390,62.03,122.00,0.021021
130.0472,5.9730,61.49,122.00,0.020436
130.1335,5.9730,61.76,122.00,0.020539
130.2236,5.9730,61.49,122.00,0.020722
130.3142,5.9730,61.49,122.00,0.020691
130.4025,5.9730,61.49,122.00,0.021009
130.4908,5.9730,61.22,122.00,0.020530
130.5808,5.9730,61.76,122.00,0.020303
130.6653,5.9730,61.49,122.00,0.019513
130.7522,5.9730,61.76,122.00,0.020348
130.8375,5.9730,61.76,122.00,0.020334
130.9279,5.9730,61.76,122.00,0.020989
131.0200,5.9600,62.03,122.00,0.021508
131.1070,5.9470,61.22,122.00,0.019589
131.1915,5.9470,61.49,122.00,0.019982
131.2782,5.9470,61.76,122.00,0.020266
131.3675,5.9470,61.76,122.00,0.020936
131.4556,5.9470,61.76,122.00,0.020820
131.5420,5.9470,62.03,122.00,0.020960
131.6328,5.9470,61.76,122.00,0.020540
131.7194,5.9470,61.22,122.00,0.020664
131.8077,5.9470,61.49,122.00,0.020457
131.8963,5.9470,62.03,122.00,0.021006
131.9867,5.9390,61.76,122.00,0.021187
132.0762,5.9310,61.49,122.00,0.020903
132.1623,5.9310,61.49,122.00,0.019565
132.2467,5.9310,62.03,122.00,0.019697
132.3328,5.9310,62.03,122.50,0.019720
132.4211,5.9310,61.76,123.00,0.020705
132.5113,5.9310,61.76,123.00,0.021008
132.6001,5.9310,62.03,123.00,0.021119
132.6879,5.9310,61.22,123.00,0.020909
132.7742,5.9310,61.76,123.00,0.020553
132.8629,5.9310,62.03,123.00,0.020939
132.9492,5.9310,61.49,123.00,0.020425
133.0397,5.9580,61.76,123.00,0.020212
133.1275,5.9580,61.76,123.00,0.020806
133.2195,5.9580,61.49,123.00,0.020778
133.3055,5.9580,62.03,123.00,0.019934
133.3913,5.9580,61.49,123.00,0.019808
133.4756,5.9580,62.30,123.00,0.019697
133.5629,5.9580,61.76,123.00,0.020603
133.6469,5.9580,62.03,123.00,0.019262
133.7353,5.9580,61.49,123.00,0.019624
133.8236,5.9580,62.03,123.00,0.020783
133.9120,5.9580,62.03,123.00,0.021197
133.9990,5.9350,61.49,123.00,0.021661
134.0867,5.9120,61.49,123.00,0.020427
134.1747,5.9120,61.49,123.00,0.020333
134.2658,5.9120,61.76,123.00,0.021048
134.3545,5.9120,61.76,123.00,0.020827
134.4437,5.9120,61.76,123.00,0.021286
134.5300,5.9120,62.03,123.00,0.020803
134.6203,5.9120,61.22,123.00,0.020722
134.7076,5.9120,61.49,123.00,0.021615
134.7956,5.9120,61.76,123.00,0.021034
134.8819,5.9120,62.30,123.00,0.020464
134.9706,5.9120,61.76,123.00,0.020547
135.0607,5.9700,61.76,123.00,0.020806
135.1519,5.9700,61.49,123.00,0.021377
135.2410,5.9700,61.49,123.00,0.021119
135.3320,5.9700,61.49,123.00,0.021006
135.4215,5.9700,61.76,123.00,0.021611
135.5125,5.9700,61.49,123.00,0.020848
135.5989,5.9700,62.30,123.00,0.020402
135.6879,5.9700,61.76,123.00,0.021034
135.7799,5.9700,61.76,123.00,0.021105
135.8708,5.9700,62.03,123.00,0.020711
135.9578,5.9700,61.49,123.00,0.020727
136.0487,5.9470,61.76,123.00,0.020421
136.1387,5.9470,61.49,123.00,0.021448
136.2276,5.9470,62.03,123.00,0.020984
136.3143,5.9470,61.49,123.00,0.020324
136.4028,5.9470,61.76,123.00,0.020939
136.4911,5.9470,61.22,123.00,0.020388
136.5801,5.9470,61.76,123.00,0.020898
136.6669,5.9470,62.03,122.50,0.020843
136.7542,5.9470,61.49,122.00,0.020480
136.8389,5.9470,62.30,122.00,0.019191
136.9254,5.9470,61.49,122.00,0.019765
137.0100,5.9470,61.76,122.00,0.019562
137.1007,5.9700,62.03,122.00,0.020756
137.1866,5.9700,61.76,122.00,0.020386
137.2747,5.9700,61.49,122.00,0.020637
137.3609,5.9700,62.30,122.00,0.020401
137.4510,5.9700,62.03,122.50,0.020343
137.5380,5.9700,61.49,122.50,0.020986
137.6260,5.9700,62.03,122.50,0.020644
137.7149,5.9700,61.22,122.00,0.020929
137.8048,5.9700,62.03,122.00,0.020453
137.8920,5.9700,62.03,122.50,0.021347
137.9811,5.9430,62.03,122.50,0.021834
138.0702,5.9160,61.76,122.50,0.020617
138.1600,5.9160,62.03,122.50,0.020807
138.2487,5.9160,61.49,122.00,0.020835
138.3366,5.9160,61.49,122.00,0.020642
138.4226,5.9160,62.30,122.00,0.020399
138.5108,5.9160,62.03,122.00,0.020280
138.5996,5.9160,61.76,122.50,0.020917
138.6872,5.9160,62.30,122.00,0.020373
138.7738,5.9160,61.49,122.50,0.020323
138.8644,5.9160,61.76,122.00,0.020978
138.9502,5.9160,62.03,122.50,0.020501
139.0384,5.9510,61.76,122.00,0.020321
139.1251,5.9510,61.49,122.00,0.020949
139.2128,5.9510,61.76,122.50,0.020481
139.2994,5.9510,61.76,122.00,0.020773
139.3873,5.9510,62.03,122.00,0.020419
139.4760,5.9510,61.76,122.00,0.020657
139.5668,5.9510,61.22,122.00,0.020908
139.6536,5.9510,61.76,122.50,0.020469
139.7390,5.9510,62.03,122.00,0.019411
139.8244,5.9510,61.22,122.50,0.020510
139.9120,5.9510,61.76,123.00,0.020156
139.9976,5.9510,62.03,123.00,0.019697
140.0864,5.9510,62.30,123.00,0.019695
140.1762,5.9510,61.76,123.00,0.020110
140.2669,5.9240,62.03,123.00,0.020463
140.3542,5.9240,62.03,123.00,0.020854
140.4429,5.9240,61.76,123.00,0.020679
140.5323,5.9240,62.03,123.00,0.020309
140.6225,5.9240,61.76,123.00,0.020149
140.7077,5.9240,61.76,123.00,0.019978
140.7968,5.9240,61.49,123.00,0.021257
140.8858,5.9240,62.03,123.00,0.020444
140.9751,5.9450,61.22,123.00,0.021010
141.0638,5.9660,61.49,123.00,0.021415
141.1550,5.9660,61.49,123.00,0.020909
141.2430,5.9660,61.76,123.00,0.021553
141.3401,5.9660,61.76,123.00,0.020973
141.4358,5.9660,61.49,123.00,0.021349
141.5325,5.9660,61.49,123.00,0.021548
141.6278,5.9660,61.76,123.00,0.022343
141.7257,5.9660,61.76,123.00,0.021836
141.8203,5.9660,61.76,123.00,0.021118
141.9176,5.9660,61.22,123.00,0.021534
142.0126,5.9355,61.76,123.00,0.021248
142.1080,5.9050,61.22,123.00,0.021064
142.2011,5.9050,61.76,123.00,0.021095
142.2956,5.9050,61.22,123.00,0.020757
142.3822,5.9050,61.76,123.00,0.020375
142.4735,5.9050,61.49,123.00,0.020243
142.5629,5.9050,62.30,123.00,0.020276
142.6524,5.9050,62.03,123.00,0.021023
142.7379,5.9050,61.76,123.00,0.019504
142.8245,5.9050,62.03,123.00,0.019680
142.9103,5.9050,61.22,123.00,0.020189
142.9971,5.9050,61.49,123.00,0.019496
143.0847,5.9050,61.49,123.00,0.019744
143.1734,5.9240,61.49,123.00,0.020089
143.2628,5.9240,61.49,123.00,0.021309
143.3521,5.9240,61.22,123.00,0.020786
143.4415,5.9240,61.76,123.00,0.020444
143.5300,5.9240,61.22,123.00,0.020599
143.6195,5.9240,61.22,123.00,0.020547
143.7082,5.9240,61.49,123.00,0.020741
143.7947,5.9240,61.22,123.00,0.020222
143.8833,5.9240,61.49,123.00,0.020525
143.9702,5.9240,61.76,123.00,0.020380
144.0639,5.9920,61.49,123.00,0.020875
144.1512,5.9920,61.49,123.00,0.020838
144.2402,5.9920,61.76,123.00,0.020953
144.3273,5.9920,61.76,123.00,0.020807
144.4156,5.9920,61.76,123.00,0.020525
144.5027,5.9920,62.03,123.00,0.020390
144.5911,5.9920,62.03,123.00,0.020742
144.6794,5.9920,61.76,123.00,0.021258
144.7676,5.9920,61.76,123.00,0.019954
144.8568,5.9920,61.49,123.00,0.020658
144.9484,5.9920,61.49,123.00,0.020784
145.0405,5.9850,62.03,123.00,0.020414
145.1289,5.9850,61.76,123.00,0.020646
145.2191,5.9850,61.22,123.00,0.020684
145.3108,5.9850,62.03,123.00,0.020588
145.4002,5.9850,61.49,123.00,0.020747
145.4915,5.9850,61.22,123.00,0.020521
145.5790,5.9850,61.49,123.00,0.020642
145.6674,5.9850,61.49,123.00,0.020561
145.7567,5.9850,61.49,123.00,0.020404
145.8482,5.9850,61.49,123.00,0.020210
145.9367,5.9850,61.22,123.00,0.020397
146.0315,5.9120,62.03,123.00,0.020674
146.1174,5.9120,61.49,123.00,0.020008
146.2053,5.9120,62.30,123.00,0.020532
146.2937,5.9120,61.76,123.00,0.019545
146.3829,5.9120,61.76,123.00,0.019997
146.4685,5.9120,61.76,123.00,0.019897
146.5589,5.9120,61.22,123.00,0.020458
146.6463,5.9120,61.76,123.00,0.020697
146.7485,5.9120,61.76,123.00,0.035355
146.8410,5.9120,61.49,123.00,0.021122
146.9318,5.9120,61.76,123.00,0.020399
147.0223,5.8855,61.49,123.00,0.020020
147.1110,5.8590,62.30,123.00,0.020433
147.2031,5.8590,62.03,123.00,0.020756
147.2897,5.8590,61.76,123.00,0.019423
147.3768,5.8590,61.76,123.00,0.019679
147.4629,5.8590,62.03,123.50,0.019642
147.5514,5.8590,61.76,124.00,0.020822
147.6426,5.8590,62.03,124.00,0.020374
147.7317,5.8590,61.76,124.00,0.020695
147.8218,5.8590,61.76,124.00,0.020662
147.9088,5.8590,61.22,124.00,0.020617
147.9983,5.8590,61.22,124.00,0.019574
148.0836,5.8590,61.49,124.00,0.019782
148.1700,5.8590,61.76,124.00,0.019573
148.2597,5.8915,61.49,124.00,0.021178
148.3511,5.9240,61.22,124.00,0.020926
148.4443,5.9240,61.76,124.00,0.021229
148.5355,5.9240,61.49,124.00,0.020536
148.6245,5.9240,61.76,124.00,0.020842
148.7147,5.9240,62.03,124.00,0.020530
148.8038,5.9240,61.49,124.00,0.020140
148.8967,5.9240,61.22,124.00,0.020880
148.9837,5.9105,61.76,124.00,0.021086
149.0744,5.8970,61.49,124.00,0.020684
149.1637,5.8970,61.49,124.00,0.020623
149.2521,5.8970,61.76,124.00,0.020005
149.3403,5.8970,61.76,124.00,0.020816
149.4285,5.8970,61.49,124.00,0.020500
149.5149,5.8970,61.76,124.00,0.020848
149.6034,5.8970,62.03,124.00,0.020736
149.6902,5.8970,61.76,124.00,0.020907
149.7795,5.8970,61.76,124.00,0.021129
149.8668,5.8970,61.76,124.00,0.021072
149.9557,5.8970,61.49,124.00,0.020803
150.0444,6.0080,61.76,124.00,0.020379
150.1359,6.0080,61.76,124.00,0.020912
150.2216,6.0080,61.22,124.00,0.020482
150.3119,6.0080,61.76,124.00,0.020628
150.3986,6.0080,62.30,124.00,0.020254
150.4900,6.0080,62.30,124.00,0.021137
150.5763,6.0080,61.49,123.50,0.020541
150.6643,6.0080,61.49,123.00,0.020551
150.7526,6.0080,61.76,123.00,0.020076
150.8429,6.0080,61.49,123.00,0.020540
150.9301,6.0080,61.76,123.00,0.020587
151.0185,5.9755,61.76,123.00,0.020578
151.1081,5.9430,62.03,123.00,0.020670
151.1979,5.9430,61.22,123.00,0.020477
151.2868,5.9430,61.76,123.00,0.020628
151.3742,5.9430,61.49,123.00,0.020387
151.4621,5.9430,61.49,123.00,0.021215
151.5507,5.9430,62.30,123.50,0.021046
151.6376,5.9430,61.49,123.00,0.020466
151.7276,5.9430,61.22,123.00,0.020635
151.8147,5.9430,61.76,123.50,0.020643
151.9059,5.9430,61.49,123.00,0.020727
151.9922,5.9390,61.76,123.00,0.020161
152.0838,5.9350,61.22,123.00,0.019710
152.1703,5.9350,61.76,123.00,0.020753
152.2611,5.9350,62.03,123.00,0.020800
152.3511,5.9350,61.22,123.00,0.021338
152.4406,5.9350,61.76,123.00,0.020949
152.5318,5.9350,62.30,123.00,0.020769
152.6207,5.9350,61.76,123.00,0.020688
152.7121,5.9350,62.03,123.00,0.020464
152.8028,5.9350,62.03,123.00,0.020572
152.8951,5.9350,62.30,123.00,0.021056
152.9880,5.9180,61.76,123.00,0.021305
153.0802,5.9010,61.49,123.00,0.020298
153.1708,5.9010,61.49,123.00,0.020244
153.2595,5.9010,61.49,123.00,0.020486
153.3497,5.9010,61.76,123.00,0.021665
153.4432,5.9010,61.76,123.00,0.022098
153.5345,5.9010,62.03,123.00,0.020221
153.6274,5.9010,61.76,123.00,0.021157
153.7227,5.9010,62.03,123.00,0.020979
153.8165,5.9010,62.03,123.50,0.021801
153.9139,5.9010,61.22,124.00,0.021658
154.0091,5.8970,61.76,124.00,0.021900
154.1066,5.8930,61.76,124.00,0.021531
154.1918,5.8930,61.76,124.00,0.019679
154.2811,5.8930,62.03,124.00,0.019755
154.3677,5.8930,61.76,124.00,0.020222
154.4625,5.8930,61.49,124.00,0.021351
154.5562,5.8930,61.49,124.00,0.021463
154.6504,5.8930,61.76,124.00,0.020541
154.7391,5.8930,61.76,124.00,0.020315
154.8303,5.8930,61.49,124.00,0.021128
154.9203,5.8930,61.22,124.00,0.020869
155.0107,5.8875,61.49,124.00,0.021001
155.0988,5.8820,62.03,124.00,0.020661
155.1890,5.8820,61.22,124.00,0.021078
155.2798,5.8820,61.22,124.00,0.021501
155.3707,5.8820,61.22,124.00,0.020197
155.4598,5.8820,61.76,124.00,0.020867
155.5517,5.8820,61.22,124.00,0.021010
155.6389,5.8820,61.76,124.00,0.020923
155.7282,5.8820,61.76,124.00,0.020724
155.8144,5.8820,61.22,124.00,0.020470
155.9050,5.8820,61.22,124.00,0.019867
155.9932,5.8820,61.49,124.00,0.019951
156.0843,5.9200,61.49,124.00,0.020075
156.1748,5.9580,61.49,124.00,0.020863
156.2644,5.9580,61.76,124.00,0.021043
156.3535,5.9580,61.76,124.00,0.020108
156.4414,5.9580,61.76,124.00,0.020040
156.5299,5.9580,62.03,124.00,0.020434
156.6176,5.9580,61.76,124.00,0.020023
156.7039,5.9580,62.03,124.00,0.020559
156.7923,5.9580,61.76,124.00,0.020780
156.8804,5.9580,61.76,124.00,0.021084
156.9725,5.9580,61.49,124.00,0.020683
157.0621,5.9010,61.22,124.00,0.020713
157.1529,5.9010,62.03,124.00,0.020499
157.2419,5.9010,62.03,124.00,0.020310
157.3288,5.9010,62.03,124.00,0.020093
157.4199,5.9010,62.03,124.00,0.020295
157.5077,5.9010,61.76,124.00,0.020219
157.5950,5.9010,61.76,124.00,0.020578
157.6831,5.9010,61.76,124.00,0.020208
157.7749,5.9010,61.22,124.00,0.020865
157.8623,5.9010,61.76,124.00,0.020214
157.9510,5.9010,62.30,124.00,0.020532
158.0375,5.9010,61.49,124.00,0.019475
158.1268,5.9010,61.49,124.00,0.019857
158.2149,5.9125,61.22,124.00,0.020902
158.3060,5.9240,61.76,124.00,0.021148
158.3954,5.9240,61.49,124.00,0.021189
158.4863,5.9240,62.03,124.00,0.020700
158.5776,5.9240,62.30,124.00,0.020425
158.6650,5.9240,61.76,124.00,0.020886
158.7560,5.9240,61.49,124.00,0.020461
158.8428,5.9240,61.49,124.00,0.021156
158.9340,5.9240,61.76,124.00,0.021171
159.0225,5.9220,61.76,124.00,0.019855
159.1143,5.9200,61.76,124.00,0.020284
159.2028,5.9200,61.49,124.00,0.020406
159.2940,5.9200,61.76,124.00,0.020366
159.3829,5.9200,62.03,124.00,0.020674
159.4722,5.9200,61.76,124.00,0.020630
159.5603,5.9200,61.49,124.00,0.021047
159.6528,5.9200,61.49,124.00,0.020969
159.7426,5.9200,62.03,124.00,0.021421
159.8320,5.9200,61.49,124.00,0.020754
159.9216,5.9200,62.03,124.00,0.021001
160.0118,5.9160,61.76,124.00,0.021298
160.0997,5.9120,62.03,124.50,0.021210
160.1908,5.9120,61.49,125.00,0.020491
160.2778,5.9120,61.49,125.00,0.020690
160.3681,5.9120,61.49,125.00,0.020144
160.4539,5.9120,61.76,125.00,0.019542
160.5423,5.9120,61.76,125.00,0.019721
160.6276,5.9120,61.22,125.00,0.019712
160.7176,5.9120,61.49,125.00,0.020335
160.8066,5.9120,61.76,125.00,0.020704
160.8947,5.9120,61.49,125.00,0.019964
160.9822,5.9390,61.76,125.00,0.020798
161.0718,5.9660,61.49,125.00,0.020617
161.1592,5.9660,61.22,125.00,0.020720
161.2480,5.9660,61.22,125.00,0.021119
161.3339,5.9660,62.03,125.00,0.020387
161.4227,5.9660,61.22,125.00,0.020360
161.5109,5.9660,61.76,125.00,0.020067
161.5996,5.9660,62.03,125.00,0.020993
161.6866,5.9660,61.76,125.00,0.020524
161.7736,5.9660,61.76,125.00,0.019500
161.8583,5.9660,61.76,125.00,0.019968
161.9457,5.9660,61.49,125.00,0.019920
162.0335,5.9390,61.76,125.00,0.020352
162.1215,5.9390,61.49,125.00,0.019756
162.2080,5.9390,62.30,125.00,0.019758
162.2958,5.9390,61.22,125.00,0.020274
162.3840,5.9390,61.76,125.00,0.020636
162.4742,5.9390,61.76,125.00,0.020416
162.5622,5.9390,62.03,125.00,0.020792
162.6502,5.9390,61.49,125.00,0.020423
162.7394,5.9390,61.76,125.00,0.020774
162.8290,5.9390,62.30,125.00,0.021347
162.9166,5.9390,61.49,125.00,0.019903
163.0041,5.9390,62.03,125.00,0.020474
163.0902,5.9390,61.49,125.00,0.020291
163.1833,5.9390,62.03,125.00,0.020646
163.2714,5.9390,61.76,124.50,0.021376
163.3626,5.9390,62.03,124.00,0.020432
163.4500,5.9390,62.03,124.50,0.021086
163.5388,5.9390,61.76,125.00,0.020103
163.6260,5.9390,62.03,124.50,0.020832
163.7143,5.9390,62.03,125.00,0.020085
163.8032,5.9390,61.49,125.00,0.020830
163.8905,5.9390,61.76,125.00,0.019661
163.9783,5.9390,62.30,125.00,0.020290
164.0668,5.9390,61.22,125.00,0.020121
164.1537,5.9390,61.49,124.50,0.020721
164.2448,5.9390,61.76,124.00,0.020918
164.3336,5.9390,61.22,124.50,0.019987
164.4215,5.9390,62.03,124.50,0.020129
164.5096,5.9390,61.49,124.00,0.020524
164.6002,5.9850,62.30,124.00,0.021126
164.6869,5.9850,61.76,124.00,0.020695
164.7754,5.9850,61.76,124.00,0.020793
164.8636,5.9850,61.22,124.00,0.021369
164.9511,5.9850,61.49,124.00,0.020215
165.0420,5.9010,61.49,124.00,0.021156
165.1304,5.9010,61.49,124.00,0.020543
165.2146,5.9010,62.03,124.00,0.019633
165.3027,5.9010,61.76,124.00,0.019960
165.3903,5.9010,61.49,124.00,0.019954
165.4795,5.9010,62.03,124.00,0.020746
165.5673,5.9010,61.76,124.00,0.021341
165.6561,5.9010,62.03,124.00,0.020889
165.7425,5.9010,61.76,124.00,0.020763
165.8304,5.9010,62.03,124.00,0.020625
165.9229,5.9010,61.22,124.00,0.020225
166.0119,5.9260,61.76,124.00,0.020838
166.0998,5.9510,62.03,124.00,0.021112
166.1880,5.9510,61.49,124.00,0.020925
166.2748,5.9510,61.22,124.00,0.020582
166.3642,5.9510,62.30,124.00,0.020554
166.4513,5.9510,61.76,124.00,0.020573
166.5419,5.9510,61.76,124.00,0.020414
166.6281,5.9510,62.30,124.00,0.020101
166.7197,5.9510,61.76,123.50,0.021405
166.8070,5.9510,61.49,124.00,0.021133
166.9007,5.9510,61.76,124.00,0.020868
166.9910,5.9355,61.76,124.00,0.020877
167.0827,5.9200,61.76,124.00,0.020429
167.1722,5.9200,61.49,124.00,0.021266
167.2640,5.9200,61.49,124.00,0.021130
167.3550,5.9200,62.03,124.00,0.020004
167.4442,5.9200,62.30,123.50,0.020311
167.5309,5.9200,61.49,123.00,0.020776
167.6212,5.9200,61.49,123.00,0.020565
167.7130,5.9200,61.76,123.00,0.020757
167.8039,5.9200,61.76,123.00,0.021032
167.8923,5.9200,61.49,123.50,0.020333
167.9828,5.9200,61.76,123.50,0.020352
168.0730,5.9010,61.76,123.50,0.020955
168.1625,5.9010,61.22,124.00,0.020478
168.2514,5.9010,61.49,124.00,0.020785
168.3403,5.9010,61.76,124.00,0.020575
168.4325,5.9010,62.03,124.00,0.021487
168.5229,5.9010,61.76,124.00,0.020613
168.6099,5.9010,61.76,124.00,0.019557
168.6984,5.9010,61.49,124.00,0.019455
168.7847,5.9010,61.76,124.00,0.019642
168.8756,5.9010,62.03,123.50,0.020661
168.9669,5.9010,61.76,123.00,0.020518
169.0599,5.9700,62.03,123.00,0.021030
169.1478,5.9700,62.03,123.50,0.021253
169.2403,5.9700,62.03,123.50,0.021809
169.3307,5.9700,61.76,123.00,0.020765
169.4179,5.9700,61.76,123.00,0.019431
169.5062,5.9700,61.49,123.00,0.019670
169.5957,5.9700,61.49,123.00,0.019850
169.6839,5.9700,62.03,123.00,0.020279
169.7751,5.9700,61.76,123.00,0.020679
169.8645,5.9700,61.76,123.00,0.020560
169.9563,5.9700,61.49,123.00,0.021210
170.0488,5.8930,61.76,123.00,0.020612
170.1403,5.8930,61.76,123.00,0.020507
170.2265,5.8930,61.49,123.00,0.020158
170.3172,5.8930,61.49,123.00,0.019970
170.4029,5.8930,61.76,123.00,0.019877
170.4893,5.8930,62.03,123.00,0.019794
170.5793,5.8930,61.76,123.00,0.019731
170.6710,5.8930,61.49,123.00,0.020725
170.7629,5.8930,62.03,123.00,0.019566
170.8500,5.8930,62.30,123.00,0.020144
170.9395,5.8930,61.49,123.00,0.020541
171.0283,5.8685,61.76,123.00,0.021046
171.1154,5.8440,62.03,123.00,0.020871
171.2028,5.8440,61.49,123.00,0.020347
171.2908,5.8440,61.76,123.00,0.020785
171.3797,5.8440,61.76,123.00,0.020503
171.4682,5.8440,61.22,123.00,0.021237
171.5594,5.8440,62.03,123.00,0.021111
171.6479,5.8440,62.30,123.00,0.020067
171.7382,5.8440,62.03,123.00,0.020833
171.8274,5.8440,61.76,123.00,0.021047
171.9155,5.8440,62.03,123.00,0.021068
172.0000,5.8440,61.49,123.00,0.019615
172.0871,5.8440,61.76,123.00,0.019842
172.1763,5.8955,61.49,123.00,0.020420
172.2676,5.9470,62.03,123.00,0.020690
172.3563,5.9470,61.22,123.00,0.020644
172.4467,5.9470,61.76,123.00,0.020436
172.5344,5.9470,61.76,123.00,0.020814
172.6233,5.9470,62.03,123.00,0.020581
172.7116,5.9470,61.76,123.00,0.019757
172.8010,5.9470,62.03,123.00,0.019799
172.8863,5.9470,61.76,123.00,0.019794
172.9753,5.9430,61.76,123.00,0.021007
173.0666,5.9390,61.76,123.00,0.019918
173.1532,5.9390,62.30,123.00,0.019766
173.2386,5.9390,62.03,123.00,0.020591
173.3264,5.9390,61.76,123.00,0.020440
173.4169,5.9390,61.76,123.00,0.021747
173.5101,5.9390,61.49,123.00,0.021366
173.6035,5.9390,61.76,123.00,0.020711
173.6978,5.9390,61.22,123.00,0.020816
173.7931,5.9390,61.76,122.50,0.020975
173.8900,5.9390,62.03,122.00,0.021607
173.9836,5.8930,61.22,122.00,0.022104
174.0810,5.8470,61.76,122.00,0.022083
174.1770,5.8470,61.49,122.00,0.022005
174.2716,5.8470,61.22,122.00,0.021771
174.3654,5.8470,61.49,122.00,0.021331
174.4604,5.8470,61.22,122.00,0.021696
174.5553,5.8470,61.22,122.00,0.021471
174.6525,5.8470,61.49,122.00,0.020494
174.7487,5.8470,61.49,122.00,0.021713
174.8458,5.8470,61.76,122.00,0.021606
174.9355,5.8470,61.22,122.00,0.020981
175.0262,5.8470,61.76,122.00,0.020026
175.1132,5.8470,61.76,122.00,0.020102
175.2036,5.8470,61.76,122.00,0.020201
175.2957,5.7710,61.76,122.00,0.020692
175.3927,5.7710,61.49,122.00,0.020968
175.4880,5.7710,61.76,122.00,0.021545
175.5826,5.7710,61.76,122.00,0.020926
175.6771,5.7710,61.76,122.00,0.021379
175.7756,5.7710,62.03,122.00,0.021369
175.8665,5.7710,61.22,122.00,0.021750
175.9645,5.7710,61.49,122.00,0.021774
176.0561,5.8130,61.76,122.00,0.020457
176.1462,5.8130,61.49,122.00,0.019939
176.2329,5.8130,61.22,122.00,0.019766
176.3255,5.8130,61.76,122.00,0.020315
176.4130,5.8130,61.22,122.00,0.021256
176.5044,5.8130,61.49,122.00,0.021332
176.5910,5.8130,61.76,122.00,0.020619
176.6788,5.8130,61.22,122.00,0.019876
176.7684,5.8130,61.49,122.00,0.020799
176.8602,5.8130,62.03,122.00,0.021200
176.9469,5.8130,61.76,122.00,0.020769
177.0383,5.9960,61.76,122.00,0.020265
177.1265,5.9960,61.76,122.00,0.019773
177.2131,5.9960,61.49,122.00,0.019654
177.3027,5.9960,61.22,122.00,0.019735
177.3940,5.9960,62.03,122.00,0.020491
177.4832,5.9960,62.03,122.00,0.020127
177.5760,5.9960,62.30,122.00,0.021247
177.6678,5.9960,61.76,122.00,0.020812
177.7610,5.9960,61.76,122.00,0.021167
177.8480,5.9960,61.49,122.00,0.021056
177.9388,5.9960,61.76,122.00,0.020274
178.0262,5.9370,61.49,122.00,0.020773
178.1153,5.8780,61.76,122.00,0.020777
178.2027,5.8780,61.76,121.50,0.020548
178.2919,5.8780,61.22,121.00,0.020780
178.3824,5.8780,61.22,121.50,0.020277
178.4697,5.8780,61.22,121.00,0.019386
178.5551,5.8780,61.76,121.00,0.020267
178.6474,5.8780,61.49,121.00,0.020852
178.7367,5.8780,61.76,121.50,0.020459
178.8276,5.8780,62.03,121.00,0.020512
178.9131,5.8780,61.76,121.00,0.019849
178.9995,5.8780,61.49,121.00,0.019615
179.0852,5.8780,62.03,121.00,0.019753
179.1737,5.8895,61.76,121.00,0.020144
179.2627,5.9010,61.76,121.00,0.020245
179.3498,5.9010,62.03,121.00,0.020115
179.4362,5.9010,61.22,121.00,0.020496
179.5309,5.9010,61.49,121.00,0.020207
179.6179,5.9010,61.76,121.00,0.020787
179.7082,5.9010,61.76,121.00,0.020616
179.7980,5.9010,61.76,121.00,0.021173
179.8876,5.9010,62.30,121.00,0.021007
179.9755,5.9010,61.76,121.00,0.020548
180.0673,5.8860,61.49,121.00,0.020663
180.1589,5.8860,61.76,121.00,0.021152
180.2507,5.8860,61.76,121.00,0.020512
180.3395,5.8860,61.49,121.00,0.020751
180.4321,5.8860,61.49,121.00,0.021164
180.5201,5.8860,62.03,121.00,0.020798
180.6110,5.8860,61.22,121.00,0.020671
180.7001,5.8860,61.76,121.00,0.021187
180.7891,5.8860,61.76,121.00,0.020775
180.8800,5.8860,61.49,121.00,0.021627
180.9711,5.8860,61.76,121.00,0.020329
181.0602,5.9580,61.22,121.00,0.020424
181.1508,5.9580,62.03,121.00,0.020515
181.2399,5.9580,62.03,121.00,0.021333
181.3302,5.9580,61.49,121.00,0.019997
181.4183,5.9580,61.49,121.00,0.020624
181.5064,5.9580,62.03,121.00,0.020975
181.5950,5.9580,61.49,121.00,0.020831
181.6883,5.9580,61.76,121.00,0.025328
181.8045,5.9580,61.22,121.00,0.052298
181.9188,5.9580,61.49,122.00,0.048433
182.0146,5.7385,61.22,122.00,0.031801
182.1034,5.5190,61.76,122.00,0.020116
182.1908,5.5190,61.49,123.00,0.019846
182.2787,5.5190,61.22,123.00,0.019998
182.3684,5.5190,62.03,123.00,0.021105
182.4571,5.5190,61.49,123.00,0.021185
182.5467,5.5190,61.76,123.00,0.020931
182.6377,5.5190,61.49,123.00,0.020681
182.7285,5.5190,62.03,123.00,0.021751
182.8200,5.5190,61.76,123.00,0.021043
182.9071,5.5190,61.49,123.00,0.020699
182.9962,5.7175,62.03,123.00,0.021274
183.0836,5.9160,61.49,123.00,0.020605
183.1720,5.9160,61.22,123.00,0.020658
183.2588,5.9160,61.49,123.00,0.020749
183.3482,5.9160,61.49,123.00,0.020902
183.4354,5.9160,61.76,123.00,0.020384
183.5245,5.9160,61.49,123.00,0.020775
183.6107,5.9160,61.76,123.00,0.020563
183.6995,5.9160,61.22,123.00,0.020779
183.7869,5.9160,61.76,123.00,0.020455
183.8758,5.9160,61.49,123.00,0.020582
183.9642,5.9160,61.76,123.00,0.021359
184.0554,6.0000,62.03,123.00,0.020880
184.1441,6.0000,61.76,123.00,0.020643
184.2354,6.0000,61.76,123.00,0.020719
184.3240,6.0000,61.76,123.00,0.020955
184.4123,6.0000,61.76,123.00,0.020647
184.4994,6.0000,62.03,123.00,0.020810
184.5915,6.0000,61.49,123.00,0.020281
184.6782,6.0000,61.49,123.00,0.020586
184.7689,6.0000,61.49,123.00,0.019579
184.8540,6.0000,61.49,123.00,0.019846
184.9423,6.0000,61.22,123.00,0.019473
185.0274,6.0000,60.95,123.00,0.019381
185.1189,5.9540,61.49,123.00,0.020422
185.2048,5.9540,61.49,123.00,0.020378
185.2981,5.9540,61.76,123.00,0.020679
185.3869,5.9540,62.03,123.00,0.020778
185.4746,5.9540,61.76,123.00,0.020210
185.5639,5.9540,61.49,123.00,0.021033
185.6543,5.9540,61.76,123.00,0.020692
185.7430,5.9540,61.22,123.00,0.020759
185.8312,5.9540,61.76,123.00,0.020110
185.9179,5.9540,61.49,123.00,0.020453
186.0065,5.9370,61.76,123.00,0.020940
186.0960,5.9200,61.49,123.00,0.021068
186.1843,5.9200,61.76,123.00,0.020517
186.2709,5.9200,61.22,123.00,0.020624
186.3573,5.9200,62.03,123.00,0.019685
186.4419,5.9200,61.76,123.00,0.019964
186.5323,5.9200,62.03,123.00,0.020979
186.6189,5.9200,61.76,123.00,0.020490
186.7064,5.9200,61.49,123.00,0.019972
186.7953,5.9200,61.76,123.00,0.020837
186.8881,5.9200,61.76,123.00,0.021065
186.9743,5.9200,61.76,123.00,0.020589
187.0630,5.9200,62.30,123.00,0.020400
187.1538,5.9200,62.03,123.00,0.020694
187.2423,5.9200,62.03,123.00,0.020856
187.3287,5.9200,61.22,123.00,0.020712
187.4169,5.9200,61.76,123.00,0.020372
187.5056,5.9200,61.49,123.00,0.020312
187.5963,5.9200,62.30,123.00,0.020995
187.6824,5.9200,61.76,123.00,0.020489
187.7725,5.9200,61.49,123.00,0.019558
187.8579,5.9200,62.30,123.00,0.020272
187.9465,5.9200,61.76,123.00,0.020180
188.0345,6.0080,61.49,123.00,0.019763
188.1220,6.0080,61.49,123.00,0.020444
188.2083,6.0080,62.30,123.50,0.020438
188.2995,6.0080,62.03,123.00,0.021322
188.3870,6.0080,61.49,123.50,0.019645
188.4758,6.0080,61.76,123.00,0.021075
188.5622,6.0080,61.49,123.00,0.020749
188.6508,6.0080,61.76,123.00,0.020728
188.7371,6.0080,61.76,123.00,0.020344
188.8233,6.0080,61.49,123.00,0.019601
188.9100,6.0080,62.03,123.00,0.019721
188.9982,6.0080,61.76,123.00,0.019405
189.0879,5.9775,62.30,123.00,0.021334
189.1762,5.9470,62.03,123.00,0.020576
189.2631,5.9470,61.76,123.00,0.020616
189.3499,5.9470,61.76,123.00,0.020231
189.4348,5.9470,61.49,123.00,0.019525
189.5212,5.9470,61.76,123.00,0.019668
189.6060,5.9470,61.49,123.00,0.019877
189.6986,5.9470,61.22,123.00,0.021312
189.7851,5.9470,62.03,123.00,0.020356
189.8738,5.9470,62.03,123.00,0.019705
189.9621,5.9470,61.76,123.00,0.020499
190.0531,5.9430,61.76,123.00,0.020973
190.1429,5.9430,62.03,123.00,0.020862
190.2355,5.9430,61.76,123.00,0.020792
190.3248,5.9430,61.76,123.00,0.020699
190.4150,5.9430,61.22,123.00,0.020354
190.5037,5.9430,61.76,123.00,0.020962
190.5943,5.9430,61.76,123.00,0.020568
190.6836,5.9430,61.49,123.00,0.021271
190.7695,5.9430,61.49,123.00,0.019433
190.8586,5.9430,61.49,123.00,0.019770
190.9456,5.9430,61.49,123.00,0.020339
191.0349,5.9770,61.49,123.00,0.021071
191.1229,5.9770,61.49,123.00,0.020328
191.2115,5.9770,62.03,123.00,0.020546
191.3021,5.9770,62.03,123.00,0.020831
191.3906,5.9770,61.76,123.00,0.020520
191.4788,5.9770,61.49,123.00,0.020542
191.5659,5.9770,61.22,123.00,0.020811
191.6562,5.9770,62.03,123.00,0.020597
191.7449,5.9770,61.76,123.00,0.020887
191.8375,5.9770,61.22,123.00,0.020660
191.9260,5.9770,61.22,123.00,0.020571
192.0165,5.9540,61.76,123.00,0.020844
192.1035,5.9310,61.49,123.00,0.021044
192.1938,5.9310,61.76,123.00,0.020654
192.2802,5.9310,62.03,123.00,0.020374
192.3712,5.9310,62.03,123.00,0.020853
192.4571,5.9310,61.49,123.00,0.019897
192.5432,5.9310,61.76,123.00,0.019732
192.6305,5.9310,61.49,122.50,0.019944
192.7185,5.9310,62.03,122.00,0.020847
192.8078,5.9310,61.49,122.00,0.020846
192.8981,5.9310,61.76,122.50,0.020834
192.9874,5.9600,62.03,122.00,0.021110
193.0799,5.9890,61.76,122.00,0.020280
193.1663,5.9890,61.76,122.00,0.020501
193.2563,5.9890,61.76,122.00,0.020210
193.3429,5.9890,62.30,122.00,0.020563
193.4354,5.9890,62.30,122.00,0.021086
193.5223,5.9890,62.30,122.00,0.020887
193.6093,5.9890,61.49,122.00,0.019943
193.6949,5.9890,62.30,122.00,0.020012
193.7820,5.9890,61.76,122.00,0.020165
193.8683,5.9890,62.03,122.00,0.020438
193.9588,5.9890,62.03,122.00,0.020181
194.0459,5.9585,61.76,122.00,0.020756
194.1346,5.9280,62.03,122.00,0.020599
194.2220,5.9280,61.76,122.00,0.020868
194.3130,5.9280,61.49,122.00,0.021016
194.4001,5.9280,62.03,122.00,0.021238
194.4866,5.9280,62.03,122.00,0.020016
194.5714,5.9280,61.49,122.00,0.019677
194.6580,5.9280,62.30,122.00,0.020111
194.7466,5.9280,62.03,122.00,0.020563
194.8347,5.9280,62.03,122.00,0.020597
194.9240,5.9280,62.30,122.00,0.020713
195.0121,5.9600,61.76,122.00,0.020526
195.0988,5.9920,61.49,122.00,0.020214
195.1893,5.9920,61.22,122.00,0.020116
195.2761,5.9920,61.76,122.00,0.020310
195.3676,5.9920,62.03,122.00,0.020956
195.4561,5.9920,61.49,122.00,0.020576
195.5444,5.9920,61.49,122.00,0.020779
195.6317,5.9920,61.49,122.00,0.021324
195.7225,5.9920,61.76,122.00,0.020433
195.8109,5.9920,62.03,122.00,0.020297
195.9002,5.9920,61.76,122.00,0.021291
195.9915,5.9615,61.49,122.00,0.021250
196.0884,5.9310,61.76,122.00,0.022114
196.1839,5.9310,61.76,122.00,0.021531
196.2789,5.9310,61.76,121.50,0.021399
196.3683,5.9310,61.76,121.50,0.019804
196.4546,5.9310,62.30,122.00,0.019536
196.5417,5.9310,61.49,122.00,0.020758
196.6347,5.9310,61.49,122.00,0.020890
196.7261,5.9310,61.76,122.00,0.020858
196.8225,5.9310,62.03,122.00,0.021232
196.9157,5.9310,62.03,122.00,0.021862
197.0101,5.9160,61.49,122.00,0.021450
197.1030,5.9010,61.49,122.00,0.021637
197.2040,5.9010,61.76,122.00,0.022538
197.2960,5.9010,62.03,122.00,0.020515
197.3891,5.9010,61.49,122.00,0.021458
197.4860,5.9010,62.03,122.00,0.021618
197.5840,5.9010,62.03,122.00,0.020915
197.6701,5.9010,61.49,122.00,0.020378
197.7590,5.9010,62.03,122.00,0.020353
197.8558,5.9010,61.76,122.00,0.022535
197.9560,5.9010,61.76,122.00,0.021703
198.0551,5.7790,61.76,122.00,0.022845
198.1538,5.7790,61.22,122.00,0.022201
198.2473,5.7790,61.76,121.50,0.022354
198.3440,5.7790,61.49,121.50,0.021681
198.4390,5.7790,61.49,121.00,0.021674
198.5339,5.7790,62.30,121.00,0.021242
198.6250,5.7790,61.76,121.00,0.021705
198.7199,5.7790,61.76,121.00,0.021482
198.8139,5.7790,61.76,121.00,0.022810
198.9020,5.7790,61.76,121.50,0.019793
198.9905,5.7790,61.22,122.00,0.020250
199.0804,5.7790,61.49,122.00,0.020925
199.1766,5.8360,61.76,121.50,0.021957
199.2717,5.8360,61.22,121.00,0.021260
199.3597,5.8360,62.03,121.00,0.020379
199.4485,5.8360,61.49,121.00,0.021086
199.5357,5.8360,61.76,121.50,0.021413
199.6245,5.8360,61.49,122.00,0.020957
199.7105,5.8360,61.49,122.00,0.020275
199.7992,5.8360,61.76,121.50,0.020684
199.8885,5.8360,62.03,121.50,0.020820
199.9794,5.8360,61.76,121.00,0.021389
200.0659,5.9430,62.03,121.00,0.019797
200.1525,5.9430,61.22,121.50,0.019948
200.2385,5.9430,61.49,121.00,0.020586
200.3291,5.9430,61.76,121.00,0.020697
200.4170,5.9430,61.22,121.00,0.019795
200.5034,5.9430,62.03,121.00,0.019855
200.5883,5.9430,62.30,121.00,0.019893
200.6759,5.9430,61.22,121.00,0.020562
200.7627,5.9430,61.49,121.00,0.020808
200.8507,5.9430,61.76,121.00,0.020262
200.9413,5.9430,61.49,121.00,0.020273
201.0345,5.9850,61.76,121.00,0.020655
201.1216,5.9850,62.03,121.00,0.020904
201.2101,5.9850,61.49,121.00,0.020720
201.2986,5.9850,61.49,121.00,0.020146
201.3892,5.9850,61.49,121.00,0.020631
201.4799,5.9850,61.76,121.00,0.020511
201.5676,5.9850,61.49,121.00,0.020314
201.6580,5.9850,61.76,121.00,0.019835
201.7487,5.9850,61.76,121.00,0.020662
201.8354,5.9850,61.76,121.00,0.021032
201.9229,5.9850,62.30,121.00,0.020287
202.0109,5.9370,61.76,121.00,0.021411
202.0990,5.8890,61.76,121.00,0.020428
202.1860,5.8890,62.03,121.00,0.020573
202.2743,5.8890,61.76,121.00,0.020236
202.3627,5.8890,61.76,121.00,0.020443
202.4497,5.8890,61.76,121.00,0.019685
202.5340,5.8890,61.76,121.00,0.019590
202.6222,5.8890,61.76,121.00,0.019661
202.7074,5.8890,62.03,121.00,0.020084
202.7932,5.8890,62.03,121.00,0.019553
202.8797,5.8890,61.49,121.00,0.020378
202.9715,5.8890,61.49,121.00,0.021336
203.0579,5.8890,61.22,121.00,0.019846
203.1459,5.8890,62.03,121.00,0.020304
203.2360,5.9600,61.76,121.00,0.020988
203.3276,6.0310,62.03,121.00,0.020823
203.4191,6.0310,61.76,121.00,0.021059
203.5081,6.0310,61.22,121.00,0.020496
203.5964,6.0310,62.30,121.00,0.019940
203.6873,6.0310,61.76,121.00,0.020573
203.7766,6.0310,61.76,121.00,0.020648
203.8660,6.0310,62.03,121.00,0.021006
203.9550,6.0310,61.49,121.00,0.020728
204.0463,5.9390,61.76,121.00,0.020750
204.1361,5.9390,61.49,121.00,0.021457
204.2245,5.9390,61.49,121.00,0.020602
204.3136,5.9390,61.76,121.00,0.020600
204.4024,5.9390,61.49,121.00,0.020036
204.4870,5.9390,61.49,121.00,0.019575
204.5743,5.9390,61.76,121.00,0.020014
204.6611,5.9390,61.76,121.00,0.020480
204.7517,5.9390,61.76,121.00,0.021188
204.8385,5.9390,61.76,121.00,0.020908
204.9298,5.9390,61.76,121.00,0.020711
205.0193,5.9315,62.30,121.00,0.020965
205.1087,5.9240,62.03,121.00,0.021101
205.1949,5.9240,61.76,121.00,0.020623
205.2842,5.9240,61.49,121.00,0.021072
205.3717,5.9240,62.03,121.00,0.021427
205.4603,5.9240,62.03,121.00,0.020510
205.5486,5.9240,61.76,121.00,0.020380
205.6397,5.9240,61.22,121.00,0.021110
205.7278,5.9240,61.49,121.00,0.020354
205.8182,5.9240,61.76,121.00,0.020571
205.9075,5.9240,62.03,121.00,0.020714
205.9936,5.9240,61.76,121.00,0.020070
206.0791,5.9240,62.03,121.00,0.020175
206.1675,5.9180,61.76,121.00,0.020474
206.2569,5.9120,62.03,121.00,0.020255
206.3470,5.9120,62.03,121.00,0.020512
206.4341,5.9120,61.49,121.00,0.021295
206.5245,5.9120,61.76,121.00,0.020327
206.6129,5.9120,62.03,121.00,0.020752
206.7037,5.9120,61.22,121.00,0.020743
206.7928,5.9120,61.76,121.00,0.021038
206.8839,5.9120,61.76,121.00,0.020848
206.9709,5.9120,62.03,121.00,0.020971
207.0604,5.9310,61.76,121.00,0.020525
207.1451,5.9310,62.03,121.00,0.019615
207.2340,5.9310,61.76,121.00,0.019766
207.3224,5.9310,61.49,121.00,0.020407
207.4107,5.9310,61.49,121.00,0.020658
207.4983,5.9310,61.76,121.00,0.020856
207.5908,5.9310,61.76,121.00,0.020522
207.6800,5.9310,62.03,121.00,0.021009
207.7687,5.9310,62.03,121.00,0.021159
207.8542,5.9310,62.30,121.00,0.020411
207.9419,5.9310,62.03,121.00,0.019522
208.0294,5.9310,62.03,121.00,0.020156
208.1180,5.8820,61.49,121.00,0.020274
208.2045,5.8820,61.49,121.00,0.020721
208.2924,5.8820,61.49,121.00,0.020453
208.3786,5.8820,61.49,121.00,0.020427
208.4652,5.8820,62.30,121.00,0.019691
208.5499,5.8820,61.49,121.00,0.019562
208.6386,5.8820,62.03,121.00,0.019871
208.7267,5.8820,61.22,121.00,0.020688
208.8171,5.8820,62.03,121.00,0.020366
208.9036,5.8820,61.76,121.00,0.020962
208.9918,5.9200,62.03,121.00,0.021046
209.0811,5.9580,61.76,121.00,0.020694
209.1733,5.9580,62.03,121.00,0.020672
209.2628,5.9580,61.49,121.00,0.020475
209.3510,5.9580,61.76,121.00,0.020723
209.4378,5.9580,61.76,121.00,0.020572
209.5255,5.9580,62.30,121.00,0.020188
209.6156,5.9580,61.49,121.00,0.021097
209.7039,5.9580,61.76,121.00,0.020947
209.7895,5.9580,61.22,121.00,0.019832
209.8779,5.9580,61.22,121.00,0.019740
209.9654,5.9580,61.49,121.00,0.020035
210.0536,5.9560,61.76,121.00,0.020644
210.1427,5.9540,61.22,121.00,0.020524
210.2320,5.9540,62.03,121.00,0.021330
210.3191,5.9540,61.49,121.00,0.020823
210.4087,5.9540,61.49,121.00,0.021092
210.5001,5.9540,62.03,121.00,0.020092
210.5921,5.9540,61.22,121.00,0.021174
210.6804,5.9540,61.76,121.00,0.021337
210.7711,5.9540,61.76,121.00,0.020361
210.8587,5.9540,61.49,121.00,0.020942
210.9479,5.9540,62.03,121.00,0.020500
211.0359,5.9200,62.03,121.00,0.021072
211.1268,5.9200,61.49,121.00,0.020733
211.2165,5.9200,61.76,121.00,0.020662
211.3047,5.9200,61.49,121.00,0.020568
211.3919,5.9200,61.76,121.00,0.021294
211.4840,5.9200,62.03,121.00,0.020766
211.5783,5.9200,62.03,121.00,0.021202
211.6756,5.9200,61.76,121.00,0.021951
211.7667,5.9200,61.76,121.00,0.019778
211.8555,5.9200,61.76,121.00,0.020542
211.9434,5.9200,61.76,121.00,0.021076
212.0361,5.8610,61.76,121.00,0.020517
212.1253,5.8020,61.49,121.00,0.020471
212.2162,5.8020,61.49,121.00,0.020858
212.3032,5.8020,62.30,121.00,0.020771
212.3919,5.8020,62.03,121.00,0.020336
212.4786,5.8020,62.03,121.00,0.021295
212.5674,5.8020,62.03,121.00,0.020866
212.6540,5.8020,61.76,121.00,0.020624
212.7425,5.8020,62.03,121.00,0.020978
212.8313,5.8020,61.76,121.00,0.020358
212.9194,5.8020,61.76,121.00,0.020520
213.0071,5.8820,62.30,121.00,0.020796
213.0982,5.9620,61.76,121.00,0.020950
213.1870,5.9620,61.76,121.00,0.020814
213.2764,5.9620,61.76,121.00,0.021447
213.3652,5.9620,61.49,121.00,0.021008
213.4534,5.9620,62.30,121.00,0.020975
213.5425,5.9620,61.76,121.00,0.020808
213.6306,5.9620,61.76,121.00,0.020518
213.7204,5.9620,61.22,121.00,0.020843
213.8062,5.9620,62.30,121.00,0.019415
213.8919,5.9620,62.03,121.00,0.020156
213.9788,5.9620,61.76,121.00,0.020345
214.0655,5.9810,62.30,121.00,0.020477
214.1530,6.0000,62.30,121.00,0.019567
214.2380,6.0000,61.49,121.00,0.019784
214.3264,6.0000,61.76,121.00,0.019647
214.4116,6.0000,62.03,121.00,0.019866
214.4979,6.0000,62.30,121.00,0.019698
214.5839,6.0000,61.76,121.00,0.020456
214.6720,6.0000,61.22,121.00,0.020642
214.7605,6.0000,61.76,121.00,0.020607
214.8532,6.0000,62.03,121.00,0.020223
214.9398,6.0000,61.76,121.00,0.020661
215.0315,5.9430,61.76,121.00,0.021004
215.1184,5.9430,61.49,121.00,0.020628
215.2092,5.9430,61.76,121.00,0.020509
215.2964,5.9430,62.03,121.00,0.020992
215.3878,5.9430,61.76,121.00,0.020870
215.4762,5.9430,61.49,121.00,0.019991
215.5673,5.9430,61.22,121.00,0.020102
215.6554,5.9430,61.49,121.00,0.020441
215.7469,5.9430,61.49,121.00,0.020466
215.8347,5.9430,61.49,121.00,0.021042
215.9226,5.9430,62.03,121.00,0.020635
216.0102,5.9160,61.76,121.00,0.021396
216.0975,5.8890,61.76,121.00,0.019720
216.1828,5.8890,62.03,121.00,0.020142
216.2717,5.8890,62.03,121.00,0.021086
216.3608,5.8890,61.76,121.00,0.020908
216.4529,5.8890,61.76,121.00,0.020269
216.5400,5.8890,61.49,121.00,0.021133
216.6285,5.8890,61.49,121.00,0.020952
216.7149,5.8890,62.03,121.00,0.020629
216.8054,5.8890,62.30,121.00,0.020200
216.8946,5.8890,62.03,121.00,0.021195
216.9878,5.9275,62.03,121.00,0.021100
217.0788,5.9660,61.49,121.00,0.020561
217.1676,5.9660,61.76,121.00,0.020760
217.2549,5.9660,61.49,121.00,0.020779
217.3416,5.9660,62.03,121.00,0.019452
217.4295,5.9660,61.22,121.00,0.019994
217.5182,5.9660,61.76,121.00,0.019991
217.6068,5.9660,61.22,121.00,0.021292
217.7000,5.9660,62.03,121.00,0.020958
217.7853,5.9660,61.76,121.00,0.020240
217.8740,5.9660,61.76,121.00,0.019743
217.9643,5.9660,62.03,121.00,0.020460
218.0532,5.8550,61.49,121.00,0.020948
218.1419,5.8550,61.76,121.00,0.020061
218.2306,5.8550,62.03,121.00,0.020856
218.3192,5.8550,62.03,121.00,0.020571
218.4074,5.8550,62.03,121.00,0.020492
218.4942,5.8550,61.49,121.00,0.020844
218.5853,5.8550,61.76,121.00,0.020737
218.6749,5.8550,61.49,121.00,0.021417
218.7636,5.8550,61.76,121.00,0.020715
218.8498,5.8550,62.30,121.00,0.020663
218.9405,5.8550,61.76,121.00,0.020924
219.0269,5.8855,62.03,121.00,0.020578
219.1156,5.9160,61.22,121.00,0.020618
219.2029,5.9160,61.49,121.00,0.020716
219.2919,5.9160,61.76,121.00,0.021328
219.3788,5.9160,62.03,121.00,0.020967
219.4720,5.9160,61.76,121.00,0.021285
219.5666,5.9160,61.49,121.00,0.021404
219.6589,5.9160,61.76,121.00,0.021651
219.7533,5.9160,62.30,121.00,0.022270
219.8495,5.9160,61.76,121.00,0.021787
219.9443,5.9160,62.03,121.00,0.021911
220.0372,5.9160,62.03,121.00,0.021267
220.1318,5.9160,61.76,121.00,0.022232
220.2280,5.9160,62.03,121.00,0.020220
220.3134,5.9160,61.76,121.00,0.019965
220.4028,5.9160,61.76,121.00,0.019898
220.4958,5.9160,61.76,121.00,0.020314
220.5922,5.9160,61.22,121.00,0.021530
220.6818,5.9160,61.76,121.00,0.019665
220.7707,5.9160,61.49,121.00,0.020839
220.8654,5.9160,61.49,121.00,0.020916
220.9562,5.9160,61.22,121.00,0.020710
221.0486,5.9160,61.49,121.00,0.021287
221.1399,5.9160,62.03,121.00,0.020511
221.2270,5.9160,61.49,121.00,0.020645
221.3160,5.9160,62.03,121.00,0.020257
221.4011,5.9160,61.76,121.00,0.019999
221.4909,5.9160,61.22,121.00,0.020313
221.5779,5.9160,62.03,121.00,0.020743
221.6680,5.9160,61.49,121.00,0.020430
221.7547,5.9160,62.03,121.00,0.020928
221.8436,5.9160,62.03,121.00,0.019277
221.9283,5.9160,62.03,121.00,0.019838
222.0145,5.9160,61.49,121.00,0.019690
222.1026,5.9160,61.76,121.00,0.020580
222.1906,5.9160,62.03,121.00,0.020432
222.2768,5.9160,62.03,121.00,0.019725
222.3627,5.9160,61.49,121.00,0.019686
222.4501,5.9160,61.76,121.00,0.020036
222.5398,5.9160,61.22,121.00,0.020826
222.6285,5.9160,61.49,121.00,0.020749
222.7202,5.9160,61.76,121.00,0.021013
222.8093,5.9160,61.49,121.00,0.020684
222.8990,5.9160,61.49,121.00,0.020569
222.9875,5.8875,61.76,121.00,0.021887
223.0785,5.8590,62.03,121.00,0.021138
223.1652,5.8590,61.76,121.00,0.020414
223.2540,5.8590,62.30,121.00,0.020541
223.3414,5.8590,61.49,121.00,0.020125
223.4300,5.8590,61.76,121.00,0.019735
223.5158,5.8590,61.76,121.00,0.020175
223.6028,5.8590,62.03,121.00,0.020012
223.6908,5.8590,61.76,121.00,0.020450
223.7788,5.8590,61.49,121.00,0.020388
223.8678,5.8590,61.49,121.00,0.020374
223.9591,5.8590,62.30,121.00,0.020993
224.0468,5.9125,61.76,121.00,0.021017
224.1364,5.9660,61.76,121.00,0.020864
224.2233,5.9660,62.30,121.00,0.020760
224.3122,5.9660,61.49,121.00,0.021347
224.3994,5.9660,61.76,121.00,0.021424
224.4877,5.9660,61.49,121.00,0.019906
224.5763,5.9660,61.76,121.00,0.020499
224.6677,5.9660,62.03,121.00,0.021460
224.7547,5.9660,61.76,121.00,0.020612
224.8433,5.9660,61.76,121.00,0.020531
224.9307,5.9660,62.03,121.00,0.021054
225.0197,5.9545,61.76,121.00,0.020904
225.1071,5.9430,61.76,121.00,0.020607
225.1965,5.9430,61.22,121.00,0.020858
225.2843,5.9430,61.76,121.00,0.021179
225.3756,5.9430,62.03,121.00,0.021132
225.4628,5.9430,61.76,121.00,0.020793
225.5545,5.9430,62.30,121.00,0.020898
225.6430,5.9430,61.49,121.00,0.021460
225.7304,5.9430,61.76,121.00,0.019720
225.8180,5.9430,61.76,121.00,0.019876
225.9057,5.9430,61.76,121.00,0.019890
225.9955,5.9105,62.03,121.00,0.021267
226.0875,5.8780,61.76,121.00,0.021184
226.1746,5.8780,61.22,121.00,0.020927
226.2642,5.8780,62.03,121.00,0.021130
226.3515,5.8780,62.03,121.00,0.020872
226.4427,5.8780,62.03,121.00,0.020836
226.5319,5.8780,62.03,121.00,0.020104
226.6200,5.8780,61.76,121.00,0.020695
226.7064,5.8780,61.76,121.00,0.020497
226.7950,5.8780,61.49,121.00,0.020499
226.8826,5.8780,62.30,121.00,0.021409
226.9747,5.8780,61.76,121.00,0.020190
227.0609,5.9620,61.49,121.00,0.019985
227.1474,5.9620,62.03,121.00,0.019872
227.2344,5.9620,61.76,121.00,0.019933
227.3217,5.9620,62.30,121.00,0.020404
227.4085,5.9620,61.49,121.00,0.020639
227.4990,5.9620,61.76,121.00,0.020493
227.5882,5.9620,61.49,121.00,0.020729
227.6762,5.9620,61.76,121.00,0.020609
227.7641,5.9620,61.76,121.00,0.019785
227.8551,5.9620,61.49,121.00,0.020666
227.9425,5.9620,61.49,121.00,0.021398
228.0318,5.9010,61.49,121.00,0.021093
228.1179,5.9010,61.76,121.00,0.020170
228.2065,5.9010,62.30,121.00,0.020792
228.2936,5.9010,62.03,121.00,0.021101
228.3855,5.9010,61.49,121.00,0.019972
228.4740,5.9010,61.76,121.00,0.020603
228.5620,5.9010,61.76,121.00,0.020391
228.6510,5.9010,62.03,121.00,0.020371
228.7390,5.9010,62.03,121.00,0.020334
228.8256,5.9010,62.30,121.00,0.020506
228.9147,5.9010,61.22,121.00,0.019617
228.9990,5.9010,61.76,121.00,0.019457
229.0855,5.9010,62.30,121.00,0.019824
229.1732,5.9010,61.22,121.00,0.020420
229.2621,5.9010,61.49,121.00,0.020453
229.3499,5.9010,61.76,121.00,0.021058
229.4386,5.9010,62.03,121.00,0.020479
229.5262,5.9010,61.76,121.00,0.019741
229.6130,5.9010,61.76,121.00,0.019739
229.6981,5.9010,61.76,121.00,0.020072
229.7901,5.9010,61.49,121.00,0.020931
229.8774,5.9010,61.76,121.00,0.021006
229.9680,5.9010,61.76,121.00,0.020684
230.0545,5.9010,61.49,121.00,0.020480
230.1436,5.9010,62.03,121.00,0.019661
230.2316,5.9010,61.76,121.00,0.020846
230.3179,5.9010,61.49,121.00,0.019800
230.4078,5.8855,61.22,121.00,0.021667
230.4987,5.8700,61.49,121.00,0.020930
230.5879,5.8700,62.03,121.00,0.020900
230.6759,5.8700,62.03,121.00,0.020758
230.7626,5.8700,61.76,121.00,0.020341
230.8509,5.8700,62.03,121.00,0.020939
230.9401,5.8700,61.76,121.00,0.020609
231.0310,5.9025,61.49,121.00,0.020832
231.1184,5.9350,61.76,121.00,0.021185
231.2062,5.9350,62.03,121.00,0.020490
231.2954,5.9350,62.03,121.00,0.020646
231.3840,5.9350,62.03,121.00,0.020642
231.4707,5.9350,61.76,121.00,0.020413
231.5583,5.9350,62.03,121.00,0.020047
231.6466,5.9350,61.76,121.00,0.020220
231.7347,5.9350,62.03,121.00,0.020328
231.8219,5.9350,61.49,121.00,0.020813
231.9122,5.9350,61.22,121.00,0.020875
232.0018,5.9330,61.22,121.00,0.021389
232.0904,5.9310,61.49,121.00,0.020599
232.1749,5.9310,61.76,121.00,0.019451
232.2614,5.9310,61.49,121.00,0.019477
232.3488,5.9310,61.76,121.00,0.019655
232.4381,5.9310,61.49,121.00,0.020645
232.5272,5.9310,62.03,121.00,0.020721
232.6144,5.9310,62.03,121.00,0.019736
232.7037,5.9310,61.76,121.00,0.020792
232.7911,5.9310,62.03,121.00,0.020044
232.8788,5.9310,61.76,121.00,0.020567
232.9687,5.9310,62.03,121.00,0.020589
233.0582,5.9280,62.03,121.00,0.020726
233.1465,5.9280,61.76,121.00,0.019753
233.2327,5.9280,62.03,121.00,0.020734
233.3225,5.9280,61.49,121.00,0.020608
233.4117,5.9280,61.76,121.00,0.020667
233.5002,5.9280,62.03,121.00,0.020381
233.5868,5.9280,61.76,121.00,0.020852
233.6754,5.9280,61.76,121.00,0.020975
233.7623,5.9280,62.03,121.00,0.019683
233.8509,5.9280,61.76,121.00,0.019810
233.9387,5.9280,62.03,121.00,0.020428
234.0283,5.9540,61.76,121.00,0.021004
234.1178,5.9540,61.76,121.00,0.020710
234.2104,5.9540,61.49,121.00,0.020285
234.2985,5.9540,62.03,121.00,0.020339
234.3921,5.9540,61.22,121.00,0.021342
234.4790,5.9540,62.30,121.00,0.020671
234.5676,5.9540,61.76,121.00,0.021042
234.6549,5.9540,61.49,121.00,0.021071
234.7433,5.9540,61.76,121.00,0.020985
234.8294,5.9540,61.76,121.00,0.020334
234.9177,5.9540,62.03,121.00,0.020465
235.0097,5.9845,61.49,121.00,0.021089
235.0984,6.0150,61.49,121.00,0.020705
235.1876,6.0150,61.76,121.00,0.021287
235.2759,6.0150,61.49,121.00,0.020918
235.3625,6.0150,62.03,121.00,0.021130
235.4508,6.0150,62.30,121.00,0.020637
235.5397,6.0150,62.03,121.00,0.020717
235.6278,6.0150,61.76,121.00,0.020893
235.7185,6.0150,61.76,121.00,0.020188
235.8059,6.0150,61.76,121.00,0.019813
235.8928,6.0150,61.76,121.00,0.019882
235.9815,6.0150,61.76,121.00,0.020045
236.0675,6.0150,61.49,121.00,0.020955
236.1562,5.8740,62.03,121.00,0.020919
236.2428,5.8740,61.76,121.00,0.020673
236.3309,5.8740,62.03,121.00,0.020250
236.4179,5.8740,62.03,121.00,0.020920
236.5085,5.8740,61.76,121.00,0.020920
236.5979,5.8740,61.76,121.00,0.021559
236.6861,5.8740,62.30,121.00,0.020651
236.7771,5.8740,62.03,121.00,0.020302
236.8683,5.8740,62.03,121.00,0.021216
236.9573,5.8740,62.30,121.00,0.020760
237.0465,5.9730,61.76,121.00,0.021015
237.1338,5.9730,61.76,121.00,0.021083
237.2204,5.9730,61.49,121.00,0.019657
237.3056,5.9730,61.49,121.00,0.019614
237.3946,5.9730,62.30,121.00,0.019985
237.4828,5.9730,61.76,121.00,0.020431
237.5724,5.9730,61.76,121.00,0.020059
237.6586,5.9730,61.49,121.50,0.020000
237.7451,5.9730,61.49,121.00,0.019615
237.8304,5.9730,62.03,121.00,0.019993
237.9174,5.9730,61.76,121.00,0.019487
238.0041,5.9730,61.76,121.00,0.019971
238.0902,5.9730,62.03,121.00,0.019630
238.1769,5.9730,61.49,121.00,0.020972
238.2655,5.9700,61.49,121.00,0.020708
238.3525,5.9700,62.03,121.00,0.020771
238.4426,5.9700,61.76,121.00,0.020363
238.5318,5.9700,62.03,121.00,0.020840
238.6203,5.9700,62.30,121.00,0.020563
238.7072,5.9700,61.76,121.00,0.020851
238.7993,5.9700,62.30,121.00,0.020394
238.8865,5.9700,61.76,121.00,0.020193
238.9741,5.9700,62.03,121.00,0.020251
239.0632,5.9770,61.22,121.00,0.020935
239.1505,5.9770,62.30,121.00,0.019720
239.2350,5.9770,62.03,121.00,0.019548
239.3214,5.9770,61.76,121.00,0.019710
239.4101,5.9770,62.30,121.00,0.020927
239.4986,5.9770,61.76,121.00,0.020444
239.5854,5.9770,61.49,121.00,0.020399
239.6762,5.9770,61.76,121.00,0.020368
239.7651,5.9770,61.76,121.00,0.020749
239.8559,5.9770,61.76,121.00,0.021110
239.9447,5.9770,61.49,121.00,0.020698
240.0370,5.9390,61.76,121.00,0.021476
240.1278,5.9390,61.76,121.00,0.022114
240.2193,5.9390,62.03,121.00,0.021124
240.3065,5.9390,61.76,121.00,0.020858
240.3965,5.9390,62.03,121.00,0.020991
240.4833,5.9390,61.76,121.00,0.020937
240.5747,5.9390,62.03,121.00,0.020997
240.6642,5.9390,62.03,121.00,0.021084
240.7557,5.9390,61.49,121.00,0.021197
240.8449,5.9390,62.03,121.00,0.020901
240.9363,5.9390,61.49,121.00,0.020853
241.0239,5.9390,62.03,121.00,0.021377
241.1119,5.9390,61.76,121.00,0.020451
241.1991,5.9390,62.03,121.00,0.020692
241.2906,5.9390,62.03,121.00,0.020703
241.3780,5.9390,61.76,121.00,0.020730
241.4670,5.9390,61.49,121.00,0.020101
241.5530,5.9390,62.03,121.00,0.020426
241.6427,5.9390,61.76,121.00,0.020653
241.7305,5.9390,61.76,121.00,0.020819
241.8202,5.9390,61.76,121.00,0.020944
241.9060,5.9390,61.49,121.00,0.020070
241.9951,5.9390,62.30,121.00,0.020140
242.0808,5.9390,62.30,121.00,0.020163
242.1700,5.9390,62.03,121.00,0.020661
242.2606,5.9770,62.03,121.00,0.020398
242.3523,5.9770,61.76,121.00,0.021168
242.4391,5.9770,62.03,121.00,0.021217
242.5276,5.9770,62.03,121.00,0.020594
242.6147,5.9770,61.76,121.00,0.020848
242.7037,5.9770,62.03,121.00,0.020880
242.7908,5.9770,61.76,121.00,0.020998
242.8814,5.9770,62.03,121.00,0.020935
242.9715,5.9770,61.76,121.00,0.021574
243.0598,5.9770,61.76,121.00,0.020818
243.1462,5.9770,61.76,121.00,0.020537
243.2350,5.9770,62.03,121.00,0.020974
243.3225,5.9770,62.03,121.00,0.021149
243.4116,5.9770,62.03,121.00,0.021211
243.4985,5.9770,61.22,121.00,0.020447
243.5870,5.9770,61.49,121.00,0.021136
243.6754,5.9770,62.03,121.00,0.020529
243.7625,5.9770,62.03,121.00,0.020087
243.8513,5.9770,62.30,121.00,0.020793
243.9425,5.9770,62.03,121.00,0.020822
244.0320,5.9750,62.03,121.00,0.021034
244.1205,5.9730,62.03,121.00,0.020818
244.2080,5.9730,61.76,121.00,0.020971
244.2958,5.9730,62.30,121.00,0.020012
244.3826,5.9730,61.76,121.00,0.020686
244.4730,5.9730,61.49,121.00,0.020348
244.5642,5.9730,61.76,121.00,0.020585
244.6547,5.9730,61.49,121.00,0.020564
244.7414,5.9730,62.03,121.00,0.020775
244.8320,5.9730,61.49,121.00,0.020468
244.9193,5.9730,61.49,121.00,0.019637
245.0058,5.9730,61.76,121.00,0.019760
245.0945,5.9730,61.76,121.00,0.019723
245.1833,5.9730,61.22,121.00,0.020313
245.2695,5.9730,62.03,121.00,0.020357
245.3593,5.9730,61.76,121.00,0.020799
245.4457,5.9730,61.76,121.00,0.020748
245.5384,5.9730,62.30,121.00,0.020945
245.6252,5.9730,61.49,121.00,0.020562
245.7189,5.9730,62.03,121.00,0.021500
245.8063,5.9730,61.49,121.00,0.021098
245.8988,5.9730,61.76,121.00,0.020273
245.9865,5.9730,61.76,121.00,0.020931
246.0744,5.9730,61.76,121.00,0.020457
246.1637,5.9730,61.76,121.00,0.020994
246.2520,5.9730,61.76,121.00,0.020638
246.3389,5.9350,61.76,121.00,0.020824
246.4282,5.8970,61.49,121.00,0.021027
246.5134,5.8970,62.03,121.00,0.019761
246.6024,5.8970,61.49,121.00,0.019897
246.6910,5.8970,62.30,121.00,0.019510
246.7781,5.8970,62.03,121.00,0.020110
246.8661,5.8970,61.76,121.00,0.019589
246.9544,5.8970,61.22,121.00,0.019818
247.0400,5.8970,62.03,121.00,0.019847
247.1267,5.8970,61.49,121.00,0.019934
247.2136,5.9920,62.03,121.00,0.020065
247.3023,5.9920,61.49,121.00,0.019674
247.3874,5.9920,62.03,121.00,0.019606
247.4754,5.9920,62.30,121.00,0.020504
247.5641,5.9920,62.30,121.00,0.020873
247.6520,5.9920,61.76,121.00,0.020382
247.7417,5.9920,61.49,121.00,0.019535
247.8300,5.9920,61.49,121.00,0.019809
247.9146,5.9920,62.30,121.00,0.019732
248.0015,5.9920,62.03,121.00,0.020106
248.0905,5.8860,61.22,121.00,0.020557
248.1828,5.8860,62.03,121.00,0.020389
248.2733,5.8860,62.03,121.00,0.021901
248.3596,5.8860,61.22,121.00,0.019844
248.4467,5.8860,61.76,121.00,0.020010
248.5330,5.8860,61.76,121.00,0.020113
248.6219,5.8860,62.30,121.00,0.020882
248.7097,5.8860,61.49,121.00,0.019806
248.7963,5.8860,62.03,121.00,0.020651
248.8843,5.8860,62.30,121.00,0.020521
248.9714,5.8860,62.03,121.00,0.020431
249.0636,5.9700,61.76,121.00,0.020960
249.1534,5.9700,62.03,121.00,0.021127
249.2451,5.9700,62.03,121.00,0.021440
249.3337,5.9700,62.03,121.00,0.020305
249.4226,5.9700,61.76,121.00,0.020086
249.5108,5.9700,61.76,121.00,0.020540
249.6034,5.9700,61.76,121.00,0.020469
249.6910,5.9700,62.03,121.00,0.020301
249.7789,5.9700,61.49,121.00,0.020916
249.8674,5.9700,61.49,121.00,0.021724
249.9646,5.9700,61.49,121.00,0.021846
250.0595,5.9700,62.03,121.00,0.021935
250.1555,5.9700,61.76,121.00,0.020608
250.2478,5.9700,61.76,121.00,0.021585
250.3428,5.9700,62.03,121.00,0.021123
250.4350,5.9700,61.76,121.00,0.021385
250.5310,5.9700,62.03,121.00,0.021430
250.6220,5.9700,61.76,121.00,0.022338
250.7123,5.9700,62.03,121.00,0.019575
250.7974,5.9700,61.49,121.00,0.020267
250.8925,5.9700,61.76,121.00,0.021859
250.9879,5.9700,61.49,121.00,0.022504
251.0840,5.9700,61.49,121.00,0.021329
251.1708,5.9700,61.76,121.00,0.019835
251.2577,5.9700,62.30,121.00,0.020023
251.3454,5.9700,61.49,121.00,0.020345
251.4384,5.9430,61.76,121.50,0.021362
251.5311,5.9430,61.76,121.50,0.021296
251.6253,5.9430,61.49,121.00,0.021048
251.7206,5.9430,61.49,121.00,0.021231
251.8166,5.9430,61.76,121.00,0.021657
251.9110,5.9430,61.76,121.00,0.021619
252.0058,5.8990,62.03,121.00,0.022214
252.0971,5.8550,61.76,121.00,0.021788
252.1865,5.8550,61.49,121.00,0.019572
252.2749,5.8550,61.49,121.00,0.020193
252.3633,5.8550,61.76,121.00,0.020483
252.4497,5.8550,61.76,121.00,0.019509
252.5373,5.8550,61.22,121.00,0.019932
252.6225,5.8550,61.76,121.00,0.019858
252.7131,5.8550,61.22,121.00,0.021314
252.8041,5.8550,61.76,121.00,0.021691
252.8979,5.8550,62.30,121.00,0.021312
252.9886,5.8550,61.76,121.00,0.020248
253.0831,5.9390,61.76,121.00,0.021462
253.1730,5.9390,61.22,121.00,0.020786
253.2682,5.9390,61.49,121.00,0.020334
253.3532,5.9390,62.03,121.00,0.020079
253.4422,5.9390,62.03,121.00,0.020008
253.5299,5.9390,61.76,121.00,0.020607
253.6176,5.9390,61.76,121.00,0.019961
253.7067,5.9390,61.76,121.00,0.020870
253.7945,5.9390,61.76,121.00,0.020331
253.8815,5.9390,62.30,121.00,0.020553
253.9746,5.9390,61.49,121.00,0.020938
254.0702,5.9090,61.76,121.00,0.021744
254.1647,5.9090,61.49,121.00,0.022109
254.2578,5.9090,61.76,121.00,0.021935
254.3525,5.9090,62.03,121.00,0.021731
254.4400,5.9090,61.49,121.00,0.020245
254.5281,5.9090,61.76,121.00,0.020422
254.6188,5.9090,62.03,121.00,0.021725
254.7129,5.9090,61.76,121.00,0.021248
254.8087,5.9090,61.22,121.00,0.021542
254.8983,5.9090,61.49,121.00,0.019738
254.9863,5.8840,61.76,121.00,0.020966
255.0758,5.8590,62.03,121.00,0.020960
255.1627,5.8590,61.76,121.00,0.020739
255.2524,5.8590,61.49,121.00,0.021515
255.3415,5.8590,61.76,121.00,0.020223
255.4321,5.8590,62.03,121.00,0.020489
255.5193,5.8590,61.76,121.00,0.020591
255.6099,5.8590,61.76,121.00,0.020652
255.6985,5.8590,61.76,121.00,0.020865
255.7867,5.8590,62.03,121.00,0.020688
255.8742,5.8590,62.30,121.00,0.020466
255.9645,5.8590,62.03,121.00,0.020529
256.0520,5.9540,61.49,121.00,0.021364
256.1395,5.9540,61.76,121.00,0.020170
256.2255,5.9540,62.03,121.00,0.020441
256.3144,5.9540,62.03,121.00,0.020779
256.4008,5.9540,61.49,121.00,0.020842
256.4904,5.9540,62.03,121.00,0.020099
256.5791,5.9540,61.49,121.00,0.020643
256.6703,5.9540,61.49,121.00,0.020932
256.7576,5.9540,61.76,121.00,0.019538
256.8459,5.9540,62.30,121.00,0.019558
256.9304,5.9540,61.76,121.00,0.019749
257.0176,5.9105,62.03,121.00,0.020389
257.1075,5.8670,62.03,121.00,0.020628
257.1958,5.8670,62.03,121.00,0.020555
257.2893,5.8670,61.49,121.00,0.021878
257.3853,5.8670,61.76,121.00,0.021127
257.4749,5.8670,61.49,121.00,0.021484
257.5707,5.8670,61.76,121.00,0.020683
257.6635,5.8670,61.76,121.00,0.021144
257.7599,5.8670,61.76,121.00,0.021858
257.8518,5.8670,62.03,121.00,0.021117
257.9487,5.8670,61.49,121.00,0.021789
258.0426,5.8280,61.76,121.00,0.021398
258.1300,5.8280,61.22,121.00,0.019545
258.2162,5.8280,61.49,121.00,0.020238
258.3063,5.8280,61.49,121.00,0.020083
258.4007,5.8280,61.76,121.00,0.022346
258.4952,5.8280,61.76,121.00,0.020909
258.5871,5.8280,61.22,121.00,0.020178
258.6764,5.8280,61.76,121.00,0.021262
258.7636,5.8280,61.76,121.00,0.020911
258.8545,5.8280,62.03,121.00,0.021056
258.9441,5.8280,61.76,121.00,0.020851
259.0344,5.9540,61.76,121.00,0.020096
259.1216,5.9540,61.49,121.00,0.020240
259.2103,5.9540,61.76,121.00,0.019855
259.2972,5.9540,62.03,121.00,0.021056
259.3906,5.9540,61.76,121.00,0.021012
259.4780,5.9540,62.03,121.00,0.020660
259.5667,5.9540,61.49,121.00,0.020512
259.6537,5.9540,62.03,121.00,0.020641
259.7425,5.9540,61.49,121.00,0.021236
259.8317,5.9540,61.76,121.00,0.021301
259.9228,5.9540,61.76,121.00,0.020195
260.0126,5.9410,62.30,121.00,0.020972
260.1032,5.9280,62.03,121.00,0.020608
260.1899,5.9280,61.49,121.00,0.020649
260.2783,5.9280,62.03,121.00,0.020044
260.3637,5.9280,62.03,121.00,0.020262
260.4509,5.9280,61.49,121.00,0.020466
260.5383,5.9280,61.76,121.50,0.020649
260.6258,5.9280,62.03,121.00,0.019823
260.7143,5.9280,61.76,121.00,0.019506
260.8027,5.9280,62.03,121.00,0.019706
260.8918,5.9280,62.03,121.00,0.021358
260.9794,5.9280,62.03,121.00,0.019630
261.0669,5.9280,61.76,121.00,0.019949
261.1559,5.9120,61.76,121.00,0.021004
261.2427,5.9120,61.76,121.00,0.020650
261.3306,5.9120,62.03,121.00,0.020417
261.4192,5.9120,62.03,121.00,0.020299
261.5075,5.9120,61.49,121.00,0.021056
261.5977,5.9120,61.76,121.00,0.020387
261.6860,5.9120,61.76,121.00,0.020495
261.7726,5.9120,61.76,121.00,0.020184
261.8630,5.9120,61.76,121.00,0.020257
261.9499,5.9120,62.03,121.00,0.020611
262.0397,5.9120,61.76,121.00,0.020149
262.1264,5.9120,61.22,121.00,0.020148
262.2176,5.9120,62.30,121.00,0.020618
262.3094,5.9120,62.03,121.50,0.020936
262.4010,5.9120,62.03,121.00,0.021231
262.4901,5.9120,61.49,121.00,0.020606
262.5814,5.9120,62.03,121.00,0.020603
262.6713,5.9120,62.03,122.00,0.020994
262.7607,5.9120,62.30,122.00,0.020992
262.8506,5.9120,62.03,122.00,0.020724
262.9397,5.9120,61.49,121.50,0.021266
263.0256,5.9120,62.03,121.50,0.019698
263.1138,5.9120,61.49,121.50,0.019536
263.1987,5.9120,61.76,121.50,0.019641
263.2863,5.9120,62.03,121.00,0.020180
263.3757,5.9120,61.49,121.00,0.021084
263.4647,5.9120,62.30,121.00,0.021142
263.5564,5.9085,61.22,121.00,0.020634
263.6473,5.9050,62.03,121.00,0.020156
263.7369,5.9050,61.76,121.00,0.021511
263.8250,5.9050,61.76,121.00,0.020242
263.9161,5.9050,62.03,121.00,0.020322
264.0029,5.9050,62.30,121.00,0.020484
264.0908,5.9050,62.03,121.00,0.020203
264.1800,5.8820,61.49,121.00,0.021041
264.2670,5.8820,61.76,121.00,0.020461
264.3539,5.8820,62.03,121.00,0.019513
264.4391,5.8820,61.49,121.00,0.020055
264.5276,5.8820,62.03,121.00,0.019766
264.6161,5.8820,62.03,121.00,0.020969
264.7043,5.8820,61.49,121.00,0.020350
264.7910,5.8820,61.76,121.00,0.020727
264.8796,5.8820,61.22,121.00,0.020717
264.9655,5.8820,62.03,121.50,0.020164
265.0541,5.9090,62.03,121.50,0.020613
265.1427,5.9090,61.49,121.50,0.020541
265.2317,5.9090,61.49,121.00,0.021135
265.3194,5.9090,62.03,121.00,0.021393
265.4105,5.9090,61.49,121.00,0.020976
265.4999,5.9090,61.76,121.50,0.021169
265.5921,5.9090,61.49,121.00,0.022109
265.6782,5.9090,61.76,121.00,0.019743
265.7666,5.9090,62.30,121.00,0.019691
265.8540,5.9090,62.03,121.00,0.019916
265.9439,5.9090,62.03,121.00,0.020294
266.0292,5.9090,61.76,121.00,0.019795
266.1155,5.9090,61.76,121.00,0.019586
266.2014,5.9090,62.30,121.00,0.020064
266.2916,6.0150,61.22,121.00,0.019645
266.3779,6.0150,61.49,121.00,0.019546
266.4651,6.0150,61.76,121.00,0.019863
266.5507,6.0150,62.03,121.00,0.020075
266.6396,6.0150,61.49,121.00,0.021217
266.7285,6.0150,61.76,121.00,0.020938
266.8163,6.0150,61.76,121.00,0.020639
266.9039,6.0150,62.30,121.00,0.020892
266.9927,6.0075,61.49,121.00,0.021057
267.0822,6.0000,62.03,121.00,0.020404
267.1758,6.0000,62.03,122.00,0.021333
267.2624,6.0000,62.30,122.00,0.020962
267.3506,6.0000,61.49,122.00,0.020645
267.4378,6.0000,62.03,122.00,0.021054
267.5263,6.0000,62.03,122.00,0.020875
267.6126,6.0000,61.76,122.00,0.020197
267.7035,6.0000,61.49,121.50,0.020956
267.7906,6.0000,62.03,121.00,0.020639
267.8792,6.0000,61.49,121.00,0.021211
267.9652,6.0000,62.03,121.00,0.019995
268.0549,6.0000,61.76,121.00,0.020500
268.1431,6.0000,62.30,121.00,0.020525
268.2351,5.9240,61.76,121.00,0.020879
268.3222,5.9240,62.30,121.00,0.020342
268.4123,5.9240,61.49,121.00,0.020650
268.5001,5.9240,62.03,121.00,0.021365
268.5915,5.9240,61.49,121.00,0.021017
268.6784,5.9240,62.03,121.00,0.020558
268.7674,5.9240,61.49,121.00,0.020943
268.8572,5.9240,61.76,121.00,0.020608
268.9465,5.9240,61.76,121.00,0.020972
269.0346,5.9620,62.03,121.00,0.019831
269.1219,5.9620,62.03,121.00,0.020087
269.2109,5.9620,61.76,121.00,0.020952
269.2996,5.9620,62.03,121.00,0.020582
269.3876,5.9620,61.49,121.00,0.021606
269.4758,5.9620,62.03,122.00,0.020896
269.5621,5.9620,61.76,122.00,0.020392
269.6505,5.9620,61.76,122.00,0.020565
269.7381,5.9620,62.30,122.00,0.019674
269.8265,5.9620,62.30,122.00,0.019711
269.9142,5.9620,62.03,122.00,0.020081
270.0030,5.9545,61.76,121.50,0.021134
270.0908,5.9470,61.76,121.50,0.021199
270.1805,5.9470,61.22,121.00,0.021457
270.2692,5.9470,62.03,121.00,0.020563
270.3596,5.9470,61.76,121.00,0.020415
270.4466,5.9470,62.03,121.00,0.020724
270.5343,5.9470,61.76,121.00,0.020232
270.6223,5.9470,62.03,121.00,0.020006
270.7103,5.9470,61.49,121.00,0.020233
270.8000,5.9470,61.76,121.00,0.021003
270.8860,5.9470,62.03,121.00,0.019461
270.9728,5.9470,61.22,121.00,0.019641
271.0590,5.9470,61.76,121.00,0.019653
271.1463,5.9715,62.03,121.00,0.020709
271.2371,5.9960,61.22,121.00,0.020484
271.3254,5.9960,62.03,121.00,0.020363
271.4138,5.9960,61.49,121.00,0.020679
271.5022,5.9960,61.22,121.00,0.020437
271.5898,5.9960,61.76,121.50,0.020229
271.6765,5.9960,61.76,121.00,0.020664
271.7673,5.9960,62.03,121.00,0.020545
271.8564,5.9960,62.03,122.00,0.020657
271.9443,5.9960,62.03,122.00,0.020408
272.0343,5.9730,62.03,122.00,0.020428
272.1222,5.9730,61.49,122.00,0.020306
272.2108,5.9730,62.03,122.00,0.020391
272.2991,5.9730,62.03,121.50,0.020390
272.3852,5.9730,61.76,121.00,0.020606
272.4766,5.9730,62.03,121.00,0.020789
272.5645,5.9730,61.76,121.00,0.020881
272.6558,5.9730,61.76,121.00,0.020892
272.7422,5.9730,61.49,121.00,0.020808
272.8339,5.9730,62.30,121.00,0.020901
272.9225,5.9730,61.49,121.00,0.020131
273.0157,5.9520,61.76,121.00,0.020659
273.1013,5.9310,61.76,121.00,0.020015
273.1901,5.9310,61.76,121.00,0.019932
273.2755,5.9310,61.76,121.00,0.020072
273.3644,5.9310,62.03,121.00,0.020673
273.4517,5.9310,62.03,121.00,0.021294
273.5398,5.9310,61.76,121.00,0.020542
273.6308,5.9310,61.76,121.00,0.020580
273.7199,5.9310,62.30,121.00,0.021213
273.8064,5.9310,61.76,121.00,0.020688
273.8949,5.9310,62.03,121.00,0.020875
273.9830,5.9445,62.30,121.50,0.021718
274.0712,5.9580,61.76,121.00,0.019982
274.1561,5.9580,62.03,121.00,0.019947
274.2453,5.9580,61.76,121.00,0.019640
274.3339,5.9580,61.76,121.50,0.020795
274.4228,5.9580,61.76,121.00,0.020462
274.5092,5.9580,61.49,121.00,0.020150
274.5962,5.9580,62.03,121.50,0.019763
274.6838,5.9580,61.49,121.50,0.019816
274.7722,5.9580,61.76,121.00,0.020222
274.8604,5.9580,62.03,121.00,0.020134
274.9508,5.9580,61.22,121.00,0.020325
275.0385,5.9810,62.30,121.00,0.020235
275.1268,5.9810,62.03,121.00,0.020239
275.2155,5.9810,61.76,121.00,0.021262
275.3046,5.9810,62.03,121.00,0.020731
275.3903,5.9810,62.03,121.00,0.020026
275.4777,5.9810,61.76,121.00,0.020009
275.5638,5.9810,62.03,121.00,0.020732
275.6521,5.9810,61.49,121.00,0.020470
275.7399,5.9810,61.22,121.00,0.021597
275.8280,5.9810,61.49,121.00,0.020714
275.9143,5.9810,62.03,121.00,0.020476
276.0049,5.9295,61.76,121.00,0.020134
276.0966,5.8780,62.03,121.00,0.020363
276.1869,5.8780,62.03,121.00,0.020482
276.2736,5.8780,61.76,121.00,0.020385
276.3642,5.8780,62.03,121.00,0.020451
276.4509,5.8780,61.22,122.00,0.021206
276.5436,5.8780,62.03,122.00,0.020851
276.6326,5.8780,62.03,121.50,0.020980
276.7236,5.8780,62.03,121.00,0.020619
276.8108,5.8780,61.76,121.50,0.020775
276.9025,5.8780,61.76,121.00,0.020853
276.9899,5.8780,62.30,121.00,0.020242
277.0790,5.8895,62.03,121.00,0.020781
277.1669,5.9010,61.76,121.00,0.020695
277.2565,5.9010,62.03,121.00,0.020909
277.3443,5.9010,61.76,121.00,0.020999
277.4354,5.9010,61.49,121.00,0.020661
277.5213,5.9010,61.76,121.00,0.019515
277.6099,5.9010,61.49,121.00,0.019586
277.6951,5.9010,62.03,121.00,0.019736
277.7818,5.9010,61.49,121.00,0.020127
277.8705,5.9010,62.30,121.00,0.020763
277.9586,5.9010,61.49,121.00,0.020246
278.0481,5.9580,62.03,121.00,0.021030
278.1393,5.9580,61.76,121.00,0.020799
278.2259,5.9580,61.49,121.00,0.020847
278.3163,5.9580,61.76,121.00,0.020006
278.4059,5.9580,61.76,121.00,0.020502
278.4949,5.9580,61.76,121.00,0.020746
278.5826,5.9580,61.76,121.00,0.021439
278.6737,5.9580,62.03,122.00,0.021171
278.7598,5.9580,61.49,122.00,0.020344
278.8511,5.9580,61.76,122.00,0.021634
278.9435,5.9580,61.76,121.50,0.021881
279.0399,5.9470,61.76,121.50,0.021881
279.1327,5.9470,61.49,121.00,0.021379
279.2265,5.9470,61.49,121.00,0.021053
279.3196,5.9470,61.49,121.00,0.021605
279.4160,5.9470,62.30,121.00,0.021167
279.5105,5.9470,61.22,121.00,0.020973
279.6074,5.9470,61.49,121.00,0.021637
279.7002,5.9470,61.49,121.00,0.022271
279.7944,5.9470,61.22,121.00,0.020668
279.8878,5.9470,61.49,121.00,0.021633
279.9831,5.8760,61.49,121.00,0.021843
280.0777,5.8050,62.03,121.00,0.021402
280.1734,5.8050,61.49,121.00,0.021608
280.2662,5.8050,62.03,121.00,0.021677
280.3539,5.8050,61.49,121.00,0.019631
280.4413,5.8050,61.49,121.00,0.019713
280.5309,5.8050,61.49,121.00,0.020211
280.6215,5.8050,61.22,121.00,0.021971
280.7144,5.8050,62.03,121.00,0.020261
280.8070,5.8050,61.76,121.00,0.021018
280.9023,5.8050,61.76,121.00,0.021639
280.9976,5.7955,61.49,121.00,0.022367
281.0889,5.7860,62.03,121.00,0.019462
281.1787,5.7860,61.76,121.00,0.019729
281.2670,5.7860,61.22,121.50,0.020073
281.3580,5.7860,61.49,122.00,0.021423
281.4522,5.7860,61.49,122.00,0.021118
281.5466,5.7860,61.49,122.00,0.021503
281.6412,5.7860,61.22,122.00,0.021524
281.7315,5.7860,61.49,121.50,0.021409
281.8276,5.7860,61.49,121.00,0.020298
281.9140,5.7860,61.49,121.00,0.019782
282.0015,5.7860,61.76,121.50,0.020089
282.0910,5.8185,62.30,121.50,0.021008
282.1811,5.8510,62.30,121.50,0.019607
282.2671,5.8510,62.30,121.00,0.020137
282.3542,5.8510,62.03,121.00,0.019917
282.4445,5.8510,61.76,121.00,0.021521
282.5401,5.8510,62.03,121.00,0.021685
282.6346,5.8510,62.03,121.00,0.021503
282.7295,5.8510,61.76,121.00,0.021459
282.8246,5.8510,61.22,121.00,0.022090
282.9191,5.8510,61.76,121.00,0.021308
283.0132,5.8340,61.49,121.00,0.021749
283.1071,5.8170,62.03,121.00,0.019959
283.1949,5.8170,61.22,121.00,0.020167
283.2869,5.8170,61.22,121.00,0.020128
283.3767,5.8170,62.03,121.00,0.021178
283.4719,5.8170,61.76,121.00,0.021380
283.5667,5.8170,61.76,121.00,0.020719
283.6555,5.8170,61.76,122.00,0.020679
283.7493,5.8170,61.49,122.00,0.020939
283.8431,5.8170,61.76,122.00,0.020159
283.9339,5.8170,61.76,122.00,0.019637
284.0294,5.8380,61.49,122.00,0.019660
284.1194,5.8590,61.22,121.50,0.019584
284.2071,5.8590,61.22,121.00,0.019853
284.2943,5.8590,62.03,121.00,0.021022
284.3897,5.8590,62.03,121.00,0.021297
284.4830,5.8590,61.76,121.00,0.021544
284.5811,5.8590,61.49,121.00,0.021511
284.6770,5.8590,61.76,121.00,0.022078
284.7681,5.8590,62.03,121.00,0.020239
284.8539,5.8590,61.76,121.00,0.020180
284.9460,5.8590,61.22,121.00,0.020688
285.0419,5.8090,62.03,121.00,0.022092
285.1371,5.8090,61.22,121.00,0.022008
285.2296,5.8090,61.76,121.00,0.021352
285.3243,5.8090,61.49,121.00,0.020729
285.4159,5.8090,61.49,121.00,0.021168
285.5104,5.8090,61.49,121.00,0.020805
285.6060,5.8090,61.22,121.00,0.021519
285.6990,5.8090,61.76,121.00,0.021955
285.7934,5.8090,61.76,121.00,0.021270
285.8893,5.8090,61.22,121.00,0.021583
285.9844,5.8015,61.76,122.00,0.021709
286.0797,5.7940,61.49,122.00,0.021359
286.1721,5.7940,61.22,122.00,0.021108
286.2691,5.7940,61.76,122.00,0.022002
286.3611,5.7940,62.03,122.00,0.021152
286.4564,5.7940,61.76,122.00,0.020780
286.5486,5.7940,61.49,121.50,0.020501
286.6453,5.7940,61.76,121.00,0.020557
286.7412,5.7940,61.22,121.00,0.021703
286.8363,5.7940,61.22,121.00,0.021835
286.9309,5.7940,61.76,121.00,0.021688
287.0284,5.8515,61.22,121.00,0.021701
287.1238,5.9090,61.49,121.00,0.021434
287.2164,5.9090,61.76,121.00,0.021498
287.3090,5.9090,61.76,121.00,0.021553
287.4042,5.9090,60.95,121.00,0.021635
287.4988,5.9090,61.22,121.00,0.021186
287.5921,5.9090,62.30,121.00,0.020206
287.6789,5.9090,61.76,121.00,0.020951
287.7681,5.9090,61.76,121.00,0.020563
287.8547,5.9090,61.49,121.00,0.020227
287.9444,5.9090,62.30,121.00,0.021530
288.0343,5.8890,61.76,121.00,0.020675
288.1280,5.8890,61.22,121.00,0.021715
288.2220,5.8890,61.49,121.00,0.021725
288.3174,5.8890,61.49,121.00,0.021541
288.4085,5.8890,61.76,121.00,0.022054
288.5019,5.8890,62.03,121.00,0.021081
288.5962,5.8890,61.76,121.50,0.021241
288.6917,5.8890,62.03,122.00,0.020643
288.7861,5.8890,61.76,122.00,0.021133
288.8823,5.8890,61.49,122.00,0.021705
288.9745,5.8890,61.76,122.00,0.021433
289.0728,5.8470,61.76,122.00,0.021896
289.1641,5.8470,61.76,121.50,0.020673
289.2552,5.8470,62.30,121.00,0.020793
289.3445,5.8470,61.76,121.00,0.020506
289.4361,5.8470,61.76,121.00,0.021131
289.5224,5.8470,61.76,121.00,0.020023
289.6090,5.8470,61.49,121.00,0.019562
289.6936,5.8470,61.76,121.00,0.019811
289.7867,5.8470,61.76,121.00,0.020997
289.8755,5.8470,62.03,121.00,0.020537
289.9642,5.8470,62.03,121.00,0.020864
290.0520,5.9090,62.30,121.00,0.021267
290.1418,5.9090,61.49,121.00,0.022023
290.2303,5.9090,62.03,121.00,0.020728
290.3189,5.9090,61.49,121.00,0.020508
290.4055,5.9090,61.76,121.00,0.020985
290.4965,5.9090,62.03,121.00,0.021016
290.5827,5.9090,61.49,121.00,0.020708
290.6756,5.9090,62.30,121.00,0.020792
290.7621,5.9090,62.30,121.00,0.020909
290.8502,5.9090,62.30,121.00,0.020169
290.9388,5.9090,62.03,122.00,0.020464
291.0285,5.9070,61.76,122.00,0.020772
291.1180,5.9050,62.03,122.00,0.020875
291.2070,5.9050,61.49,122.00,0.020500
291.2936,5.9050,61.76,122.00,0.020333
291.3818,5.9050,61.76,122.00,0.020494
291.4710,5.9050,61.76,121.50,0.020422
291.5595,5.9050,61.76,121.50,0.020480
291.6460,5.9050,62.03,121.50,0.020578
291.7342,5.9050,61.76,121.00,0.020513
291.8227,5.9050,61.76,121.00,0.020431
291.9103,5.9050,61.22,121.00,0.020477
291.9997,5.9525,61.49,121.00,0.020955
292.0902,6.0000,61.76,121.00,0.020653
292.1794,6.0000,62.03,121.00,0.020679
292.2668,6.0000,61.76,121.00,0.019722
292.3520,6.0000,61.76,121.00,0.019914
292.4385,6.0000,61.76,121.00,0.020004
292.5253,6.0000,61.49,121.00,0.020573
292.6162,6.0000,61.49,121.00,0.021106
292.7028,6.0000,62.03,121.00,0.020816
292.7913,6.0000,62.03,121.00,0.020578
292.8782,6.0000,61.49,121.00,0.021382
292.9669,6.0000,61.76,121.00,0.020546
293.0542,6.0000,62.30,121.00,0.020610
293.1422,6.0000,61.76,121.00,0.020532
293.2311,6.0000,62.03,121.50,0.021109
293.3197,6.0000,61.76,122.00,0.020982
293.4056,6.0000,62.03,122.00,0.020332
293.4944,6.0000,62.30,122.00,0.020952
293.5816,6.0000,61.76,122.00,0.021025
293.6721,6.0000,62.03,122.00,0.020380
293.7582,6.0000,62.03,121.50,0.020594
293.8493,6.0000,61.49,121.00,0.021042
293.9360,6.0000,62.03,121.00,0.021120
294.0265,5.9525,62.03,121.00,0.020366
294.1174,5.9050,61.76,121.00,0.020477
294.2053,5.9050,61.49,121.00,0.020659
294.2925,5.9050,61.22,121.00,0.020528
294.3830,5.9050,61.76,121.00,0.020953
294.4711,5.9050,61.49,121.00,0.020237
294.5599,5.9050,61.22,121.00,0.021209
294.6465,5.9050,62.03,121.00,0.020815
294.7350,5.9050,61.76,121.00,0.020510
294.8217,5.9050,62.03,121.00,0.020657
294.9105,5.9050,62.03,121.00,0.021019
294.9998,5.9620,61.76,121.00,0.020417
295.0882,6.0190,61.76,121.00,0.020454
295.1763,6.0190,61.76,121.00,0.020582
295.2649,6.0190,62.03,121.00,0.020814
295.3539,6.0190,62.03,121.50,0.020845
295.4446,6.0190,62.30,122.00,0.020852
295.5310,6.0190,61.76,122.00,0.021091
295.6225,6.0190,61.76,122.00,0.020990
295.7110,6.0190,61.49,122.00,0.020311
295.7980,6.0190,61.49,121.50,0.019457
295.8854,6.0190,61.49,121.50,0.019768
295.9739,6.0190,61.76,121.00,0.019499
296.0606,6.0190,61.76,121.50,0.021154
296.1516,5.8700,61.49,121.00,0.020755
296.2403,5.8700,61.49,121.50,0.020453
296.3306,5.8700,61.76,121.00,0.019742
296.4150,5.8700,62.30,121.00,0.019444
296.5023,5.8700,62.30,121.00,0.020191
296.5881,5.8700,61.76,121.00,0.020514
296.6787,5.8700,62.30,121.00,0.020276
296.7661,5.8700,62.03,121.00,0.019753
296.8551,5.8700,62.30,121.00,0.020329
296.9424,5.8700,62.03,121.00,0.020816
297.0345,6.0080,61.22,121.00,0.021146
297.1194,6.0080,62.30,121.00,0.019725
297.2057,6.0080,62.30,121.00,0.019605
297.2909,6.0080,62.30,121.00,0.019469
297.3777,6.0080,61.76,121.00,0.019631
297.4688,6.0080,61.76,121.00,0.020721
297.5573,6.0080,62.03,121.00,0.020778
297.6456,6.0080,62.30,121.00,0.020327
297.7356,6.0080,61.22,121.50,0.020160
297.8230,6.0080,61.22,122.00,0.021274
297.9118,6.0080,61.76,122.00,0.020908
298.0012,6.0080,61.76,122.00,0.020690
298.0911,6.0080,62.03,121.50,0.021226
298.1862,6.0080,62.03,121.50,0.021908
298.2810,6.0080,62.03,121.00,0.021294
298.3738,6.0080,61.22,121.50,0.021098
298.4707,6.0080,61.49,121.00,0.021316
298.5605,6.0080,62.03,121.50,0.020678
298.6525,6.0080,61.76,121.00,0.020655
298.7399,6.0080,61.49,121.00,0.020925
298.8281,6.0080,62.30,121.00,0.020226
298.9151,6.0080,61.76,121.00,0.020862
299.0043,6.0000,61.76,121.00,0.021039
299.0943,5.9920,61.76,121.00,0.020897
299.1879,5.9920,61.76,121.00,0.021208
299.2747,5.9920,61.49,121.00,0.020418
299.3680,5.9920,61.76,121.00,0.021207
299.4556,5.9920,61.49,121.00,0.020884
299.5441,5.9920,61.49,121.00,0.020232
299.6302,5.9920,62.03,121.00,0.020326
299.7180,5.9920,62.03,121.00,0.020324
299.8066,5.9920,61.49,121.50,0.020504
299.8956,5.9920,62.03,121.50,0.020969
299.9849,5.9615,62.30,122.00,0.020689
300.0777,5.9310,61.76,122.00,0.019526
300.1629,5.9310,61.49,122.00,0.019736
300.2505,5.9310,62.03,122.00,0.020499
300.3403,5.9310,61.49,121.50,0.021359
300.4319,5.9310,62.30,121.00,0.021286
300.5200,5.9310,62.03,121.50,0.021413
300.6083,5.9310,61.49,121.00,0.020356
300.6960,5.9310,62.03,121.00,0.021344
300.7870,5.9310,61.76,121.00,0.020757
300.8741,5.9310,61.49,121.00,0.020715
300.9638,5.9310,61.76,121.00,0.021315
301.0521,5.9510,62.03,121.00,0.021046
301.1434,5.9510,61.22,121.00,0.020896
301.2316,5.9510,61.49,121.00,0.021670
301.3227,5.9510,61.76,121.00,0.020546
301.4101,5.9510,62.30,121.00,0.020647
301.5002,5.9510,61.76,121.00,0.020247
301.5897,5.9510,62.03,121.00,0.020551
301.6784,5.9510,61.76,121.00,0.020903
301.7676,5.9510,62.03,121.00,0.020768
301.8584,5.9510,61.76,121.00,0.020913
301.9470,5.9510,61.49,121.00,0.020744
302.0354,5.9280,61.76,121.00,0.020788
302.1242,5.9280,61.49,121.50,0.020726
302.2118,5.9280,62.30,122.00,0.020280
302.3036,5.9280,61.22,122.00,0.021076
302.3919,5.9280,61.76,122.00,0.020880
302.4788,5.9280,61.76,122.00,0.020453
302.5676,5.9280,61.49,122.00,0.020942
302.6548,5.9280,62.03,122.00,0.020860
302.7432,5.9280,61.76,121.50,0.020611
302.8324,5.9280,62.30,121.00,0.020506
302.9209,5.9280,61.49,121.00,0.020556
303.0127,5.9315,61.22,121.50,0.020387
303.1041,5.9350,61.49,121.00,0.021008
303.1910,5.9350,61.49,121.00,0.020955
303.2774,5.9350,62.03,121.00,0.019773
303.3620,5.9350,62.03,121.00,0.019447
303.4489,5.9350,62.30,121.00,0.019821
303.5393,5.9350,61.49,121.00,0.020193
303.6277,5.9350,61.76,121.00,0.020991
303.7168,5.9350,62.03,121.50,0.020908
303.8067,5.9350,62.03,121.00,0.020550
303.8956,5.9350,61.76,121.00,0.020200
303.9837,5.9540,61.76,121.00,0.020714
304.0714,5.9730,61.76,121.00,0.020821
304.1620,5.9730,61.76,121.00,0.020555
304.2495,5.9730,62.03,121.00,0.020458
304.3398,5.9730,62.03,121.00,0.020069
304.4270,5.9730,62.03,121.50,0.020615
304.5161,5.9730,62.03,122.00,0.020623
304.6029,5.9730,61.76,122.00,0.020652
304.6915,5.9730,61.22,122.00,0.021220
304.7782,5.9730,61.76,122.00,0.020659
304.8662,5.9730,61.76,122.00,0.019961
304.9507,5.9730,62.30,121.50,0.019491
305.0371,5.9730,61.49,121.00,0.019563
305.1228,5.9730,62.30,121.00,0.020543
305.2117,5.9890,61.22,121.00,0.020933
305.2991,5.9890,61.49,121.00,0.020488
305.3872,5.9890,62.03,121.00,0.020730
305.4739,5.9890,62.03,121.00,0.020207
305.5624,5.9890,62.03,121.00,0.020338
305.6499,5.9890,62.03,121.00,0.020597
305.7389,5.9890,61.49,121.00,0.020796
305.8287,5.9890,62.03,121.00,0.020713
305.9197,5.9890,61.49,121.00,0.020900
306.0062,5.9700,62.03,121.00,0.020311
306.0969,5.9510,61.49,121.00,0.020190
306.1865,5.9510,62.03,121.00,0.020900
306.2745,5.9510,62.03,121.00,0.020198
306.3633,5.9510,62.03,121.00,0.020440
306.4537,5.9510,61.76,121.00,0.020538
306.5439,5.9510,61.76,121.00,0.021136
306.6341,5.9510,62.03,121.00,0.020646
306.7213,5.9510,61.76,121.00,0.020451
306.8122,5.9510,61.22,121.50,0.020842
306.8990,5.9510,61.49,122.00,0.020726
306.9879,5.9430,61.76,122.00,0.021158
307.0753,5.9350,61.76,122.00,0.021085
307.1655,5.9350,61.49,122.00,0.020732
307.2545,5.9350,61.76,121.50,0.020737
307.3424,5.9350,61.76,121.00,0.020562
307.4307,5.9350,61.76,121.50,0.020362
307.5196,5.9350,62.03,121.00,0.021317
307.6082,5.9350,61.76,121.50,0.020524
307.7013,5.9350,62.30,121.00,0.020589
307.7882,5.9350,62.03,121.00,0.020949
307.8786,5.9350,61.22,121.00,0.020346
307.9678,5.9350,61.76,121.00,0.021029
308.0583,5.9310,62.03,121.00,0.020082
308.1466,5.9310,62.30,121.00,0.020068
308.2374,5.9310,62.03,121.00,0.021010
308.3263,5.9310,62.03,121.00,0.020463
308.4188,5.9310,61.22,121.00,0.020805
308.5060,5.9310,62.03,121.00,0.020723
308.5942,5.9310,61.76,121.00,0.020453
308.6809,5.9310,62.03,121.00,0.020972
308.7708,5.9310,61.49,121.00,0.020087
308.8592,5.9310,62.03,121.00,0.020190
308.9479,5.9310,61.76,121.00,0.021134
309.0343,5.9715,62.03,121.00,0.020334
309.1228,6.0120,61.76,121.00,0.020304
309.2078,6.0120,62.03,122.00,0.019539
309.2943,6.0120,62.30,122.00,0.019618
309.3800,6.0120,62.30,122.00,0.019916
309.4676,6.0120,61.76,122.00,0.020940
309.5546,6.0120,62.30,121.50,0.020812
309.6430,6.0120,61.49,121.50,0.020856
309.7314,6.0120,61.76,121.50,0.020425
309.8203,6.0120,62.03,121.00,0.021168
309.9069,6.0120,62.03,121.00,0.020388
309.9948,5.9830,62.03,121.00,0.020539
310.0820,5.9540,61.22,121.00,0.020629
310.1708,5.9540,61.49,121.50,0.020803
310.2599,5.9540,61.76,121.50,0.021080
310.3509,5.9540,61.76,121.50,0.020945
310.4397,5.9540,61.76,121.00,0.020739
310.5301,5.9540,61.76,121.00,0.020936
310.6168,5.9540,62.03,121.00,0.020649
310.7063,5.9540,62.03,122.00,0.020080
310.7949,5.9540,61.49,121.50,0.020445
310.8839,5.9540,61.49,121.50,0.020938
310.9729,5.9540,61.49,121.50,0.020612
311.0641,5.9810,61.76,121.00,0.020515
311.1508,5.9810,62.03,121.00,0.020770
311.2387,5.9810,61.49,121.00,0.020746
311.3265,5.9810,61.49,121.00,0.019876
311.4147,5.9810,62.03,121.00,0.020210
311.5021,5.9810,61.76,121.00,0.019761
311.5915,5.9810,62.03,121.00,0.020692
311.6768,5.9810,62.30,121.00,0.020067
311.7636,5.9810,62.30,121.00,0.019452
311.8487,5.9810,61.22,121.00,0.020061
311.9359,5.9810,62.03,121.00,0.020419
312.0241,5.9465,61.22,121.50,0.020392
312.1132,5.9120,62.03,122.00,0.020751
312.1998,5.9120,62.30,121.50,0.020682
312.2882,5.9120,61.49,121.50,0.020710
312.3730,5.9120,62.30,121.50,0.019940
312.4596,5.9120,62.03,121.00,0.019847
312.5480,5.9120,62.03,121.50,0.019896
312.6340,5.9120,62.03,121.00,0.019701
312.7189,5.9120,62.30,121.00,0.019847
312.8059,5.9120,62.03,121.00,0.019966
312.8944,5.9120,62.30,121.00,0.020296
312.9833,5.9120,61.76,121.00,0.020786
313.0696,6.0230,62.30,121.50,0.019707
313.1576,6.0230,61.49,121.00,0.019611
313.2433,6.0230,62.03,121.00,0.020366
313.3311,6.0230,61.49,121.00,0.021186
313.4181,6.0230,61.76,121.00,0.020988
313.5064,6.0230,61.49,121.00,0.020924
313.5946,6.0230,62.30,121.00,0.020075
313.6824,6.0230,61.49,121.00,0.020442
313.7670,6.0230,61.49,121.00,0.019347
313.8538,6.0230,61.76,121.00,0.020031
313.9425,6.0230,62.03,121.00,0.020639
314.0301,5.9010,62.30,121.00,0.019693
314.1179,5.9010,62.03,121.00,0.020317
314.2063,5.9010,62.30,121.50,0.020528
314.2928,5.9010,62.03,122.00,0.019904
314.3831,5.9010,62.03,122.00,0.020328
314.4696,5.9010,61.49,121.50,0.020537
314.5581,5.9010,62.03,121.00,0.019691
314.6433,5.9010,61.49,121.00,0.020092
314.7298,5.9010,62.03,121.00,0.020142
314.8186,5.9010,62.03,121.00,0.020400
314.9066,5.9010,61.76,121.00,0.020270
314.9943,5.9580,61.76,121.00,0.021503
315.0875,6.0150,62.03,121.00,0.020859
315.1764,6.0150,61.22,121.00,0.020679
315.2667,6.0150,62.03,121.00,0.021087
315.3539,6.0150,62.03,121.50,0.020856
315.4408,6.0150,61.76,122.00,0.019584
315.5273,6.0150,61.49,121.50,0.019346
315.6142,6.0150,61.76,121.00,0.019767
315.7024,6.0150,62.03,121.00,0.020626
315.7950,6.0150,62.03,121.00,0.020618
315.8824,6.0150,61.49,121.00,0.020990
315.9704,6.0150,62.30,121.00,0.020462
316.0597,5.9470,61.49,121.00,0.020776
316.1473,5.9470,62.30,121.00,0.020469
316.2341,5.9470,61.49,121.00,0.019635
316.3224,5.9470,61.76,121.00,0.020108
316.4080,5.9470,62.30,121.00,0.020571
316.4960,5.9470,61.76,121.50,0.020062
316.5830,5.9470,62.30,122.00,0.020741
316.6716,5.9470,61.76,122.00,0.021126
316.7570,5.9470,62.30,122.00,0.019500
316.8485,5.9470,61.76,121.50,0.021235
316.9357,5.9470,61.49,121.00,0.020891
317.0253,5.9660,62.03,121.50,0.020231
317.1128,5.9850,61.76,121.50,0.020103
317.2027,5.9850,61.76,121.00,0.020545
317.2897,5.9850,62.03,121.00,0.020469
317.3820,5.9850,61.49,121.00,0.020826
317.4707,5.9850,61.76,121.00,0.020543
317.5596,5.9850,61.22,121.00,0.020878
317.6458,5.9850,61.49,121.50,0.020532
317.7383,5.9850,62.03,121.00,0.020696
317.8272,5.9850,61.49,121.50,0.020542
317.9151,5.9850,62.30,121.00,0.020432
318.0021,5.9660,62.03,121.00,0.020399
318.0914,5.9470,61.76,121.00,0.020541
318.1800,5.9470,61.49,121.00,0.020436
318.2686,5.9470,61.49,121.00,0.020502
318.3548,5.9470,61.49,121.00,0.020472
318.4425,5.9470,62.03,121.00,0.020209
318.5328,5.9470,61.76,121.00,0.021982
318.6241,5.9470,61.49,121.00,0.021345
318.7134,5.9470,61.76,121.00,0.021379
318.8038,5.9470,61.76,122.00,0.020271
318.8908,5.9470,61.22,122.00,0.020643
318.9807,5.9470,62.03,122.00,0.020622
319.0727,5.9010,61.76,121.50,0.020517
319.1632,5.9010,61.49,121.00,0.020844
319.2511,5.9010,61.49,121.50,0.020387
319.3404,5.9010,61.76,121.00,0.021248
319.4273,5.9010,61.76,121.00,0.020487
319.5182,5.9010,62.03,121.00,0.020472
319.6074,5.9010,62.03,121.00,0.020837
319.6963,5.9010,62.03,121.00,0.020846
319.7838,5.9010,61.76,121.00,0.020605
319.8725,5.9010,62.30,121.50,0.020448
319.9598,5.9010,61.76,121.50,0.021209
320.0511,5.9160,62.30,121.00,0.020655
320.1399,5.9160,61.76,121.00,0.022059
320.2297,5.9160,61.49,121.00,0.019852
320.3172,5.9160,61.76,121.00,0.019919
320.4069,5.9160,61.49,121.00,0.019772
320.4945,5.9160,62.03,121.00,0.020742
320.5829,5.9160,61.49,121.00,0.020330
320.6724,5.9160,62.30,121.00,0.020714
320.7599,5.9160,61.76,121.00,0.020251
320.8449,5.9160,61.76,121.00,0.020233
320.9326,5.9160,61.49,121.00,0.020276
321.0215,5.9235,62.30,121.00,0.020737
321.1107,5.9310,61.76,121.00,0.020476
321.1962,5.9310,61.76,121.50,0.019471
321.2831,5.9310,62.30,122.00,0.019495
321.3700,5.9310,61.49,122.00,0.019821
321.4583,5.9310,61.49,121.50,0.020683
321.5473,5.9310,61.76,121.00,0.020913
321.6360,5.9310,61.76,121.00,0.020944
321.7264,5.9310,62.03,121.00,0.020228
321.8150,5.9310,61.76,121.00,0.020741
321.9074,5.9310,61.76,121.00,0.021565
322.0009,5.9310,61.49,121.50,0.021488
322.0888,5.9310,62.03,121.50,0.020970
322.1768,5.9310,61.76,121.50,0.020219
322.2658,5.9310,61.76,121.50,0.021113
322.3560,5.9310,62.03,121.00,0.020551
322.4451,5.9310,62.30,121.00,0.020743
322.5352,5.9310,61.49,121.00,0.020496
322.6225,5.9310,62.03,121.00,0.019947
322.7116,5.9310,62.03,121.00,0.021283
322.7973,5.9310,61.49,121.00,0.019879
322.8857,5.9310,61.49,121.00,0.019660
322.9746,5.9310,61.49,121.00,0.019611
323.0621,5.9310,61.76,121.00,0.020528
323.1518,5.9510,62.03,121.00,0.020417
323.2425,5.9510,62.03,121.00,0.020574
323.3303,5.9510,62.03,121.00,0.020957
323.4171,5.9510,61.49,122.00,0.019664
323.5053,5.9510,61.49,122.00,0.019933
323.5959,5.9510,62.03,122.00,0.020821
323.6850,5.9510,62.03,122.00,0.020543
323.7766,5.9510,61.76,121.50,0.020948
323.8665,5.9510,62.03,121.50,0.021120
323.9559,5.9510,61.49,121.00,0.020581
324.0471,5.9390,62.03,121.00,0.021024
324.1386,5.9390,61.49,122.00,0.020806
324.2253,5.9390,62.03,122.00,0.020113
324.3185,5.9390,62.30,122.00,0.020710
324.4056,5.9390,62.30,121.50,0.019559
324.4937,5.9390,61.76,121.50,0.019662
324.5822,5.9390,61.76,121.50,0.020121
324.6714,5.9390,61.76,121.00,0.020846
324.7590,5.9390,61.76,121.50,0.021083
324.8479,5.9390,61.76,121.00,0.020623
324.9373,5.9390,62.03,121.00,0.020310
325.0317,5.9715,62.03,121.00,0.021234
325.1211,6.0040,61.76,121.00,0.020582
325.2148,6.0040,61.76,121.00,0.020513
325.3028,6.0040,61.76,121.00,0.020530
325.3915,6.0040,61.49,121.00,0.020881
325.4829,6.0040,61.49,121.00,0.020861
325.5723,6.0040,61.76,121.00,0.021304
325.6619,6.0040,62.03,121.00,0.020340
325.7510,6.0040,62.03,121.00,0.020916
325.8385,6.0040,62.30,122.00,0.020935
325.9286,6.0040,62.30,122.00,0.020281
326.0153,6.0040,62.30,122.00,0.020455
326.1039,6.0040,62.03,122.00,0.020643
326.1909,6.0040,61.76,121.50,0.021559
326.2781,6.0040,61.22,121.50,0.019964
326.3660,6.0040,61.49,121.00,0.020866
326.4557,6.0040,61.49,122.00,0.020350
326.5476,6.0040,61.76,122.00,0.020955
326.6379,6.0040,61.76,122.00,0.020354
326.7245,6.0040,61.76,122.00,0.020318
326.8161,6.0040,61.49,121.50,0.021152
326.9020,6.0040,61.49,121.00,0.020440
326.9910,6.0040,62.03,121.00,0.020900
327.0764,6.0040,61.76,122.00,0.019541
327.1630,6.0040,62.03,121.00,0.019340
327.2492,6.0040,61.49,121.00,0.020442
327.3391,6.0040,62.03,121.00,0.020148
327.4261,6.0040,62.30,121.00,0.020848
327.5161,6.0040,62.30,121.00,0.021315
327.6033,6.0040,62.03,121.00,0.020590
327.6950,6.0040,62.03,121.00,0.020766
327.7821,6.0040,61.76,121.00,0.020628
327.8727,6.0040,61.76,121.00,0.020642
327.9599,6.0040,61.76,121.00,0.019783
328.0479,6.0040,61.49,121.00,0.021116
328.1342,6.0040,61.49,121.50,0.020225
328.2259,5.9280,62.03,122.00,0.020549
328.3150,5.9280,61.76,122.00,0.020679
328.4037,5.9280,62.03,121.50,0.020813
328.4955,5.9280,62.03,121.50,0.023402
328.5896,5.9280,62.03,122.00,0.021250
328.6811,5.9280,62.03,122.00,0.021316
328.7800,5.9280,62.03,122.00,0.021693
328.8756,5.9280,61.76,122.00,0.021552
328.9719,5.9280,62.03,122.00,0.021464
329.0572,5.9280,61.76,122.00,0.019645
329.1474,5.9280,61.76,122.00,0.019785
329.2449,5.8050,61.76,122.00,0.021003
329.3425,5.8050,62.30,122.00,0.021318
329.4356,5.8050,61.49,122.00,0.021895
329.5334,5.8050,61.76,122.00,0.021969
329.6278,5.8050,61.76,122.00,0.021780
329.7258,5.8050,61.76,122.00,0.021934
329.8215,5.8050,61.76,122.00,0.021592
329.9173,5.8050,61.49,122.00,0.021354
330.0040,5.8050,61.76,122.00,0.020089
330.0917,5.8050,61.49,122.00,0.020159
330.1789,5.8050,61.49,122.00,0.020336
330.2761,5.8090,61.49,122.00,0.020580
330.3728,5.8090,61.76,122.00,0.021671
330.4701,5.8090,61.49,122.00,0.020905
330.5642,5.8090,61.76,122.00,0.021507
330.6620,5.8090,61.22,122.00,0.022000
330.7558,5.8090,61.49,122.00,0.021845
330.8528,5.8090,61.76,122.00,0.021311
330.9488,5.8090,61.76,122.00,0.022034
331.0424,5.9120,62.03,122.00,0.021317
331.1357,5.9120,61.49,122.00,0.021117
331.2322,5.9120,62.03,122.00,0.021487
331.3277,5.9120,61.76,122.00,0.021630
331.4251,5.9120,62.30,123.00,0.021647
331.5181,5.9120,62.03,123.00,0.021282
331.6132,5.9120,62.03,123.00,0.021173
331.7030,5.9120,61.76,123.00,0.020570
331.8002,5.9120,62.30,123.00,0.020640
331.8933,5.9120,61.76,123.00,0.021466
331.9893,5.8585,61.49,123.00,0.021470
332.0826,5.8050,61.49,123.00,0.021130
332.1776,5.8050,61.76,123.00,0.021720
332.2708,5.8050,61.49,123.00,0.021275
332.3686,5.8050,61.76,123.00,0.021584
332.4632,5.8050,61.49,123.00,0.021234
332.5594,5.8050,61.22,123.00,0.020550
332.6530,5.8050,61.49,123.00,0.021792
332.7479,5.8050,61.22,123.00,0.021944
332.8414,5.8050,61.49,123.00,0.021342
332.9371,5.8050,62.03,123.00,0.020734
333.0323,5.8035,61.22,123.00,0.020646
333.1290,5.8020,62.03,123.00,0.020818
333.2245,5.8020,62.03,123.00,0.021771
333.3146,5.8020,61.76,123.00,0.021178
333.4014,5.8020,61.76,123.00,0.020774
333.4943,5.8020,61.76,123.00,0.020625
333.5807,5.8020,61.76,123.00,0.020069
333.6718,5.8020,62.03,123.00,0.020677
333.7595,5.8020,61.22,124.00,0.020679
333.8499,5.8020,61.49,124.00,0.020449
333.9398,5.8020,62.30,124.00,0.020961
334.0315,5.8990,61.22,124.00,0.021140
334.1186,5.9960,61.22,124.00,0.020078
334.2051,5.9960,61.49,124.00,0.019428
334.2918,5.9960,61.49,124.00,0.020379
334.3795,5.9960,61.49,124.00,0.020396
334.4667,5.9960,61.76,124.00,0.020423
334.5602,5.9960,62.30,124.00,0.020447
334.6476,5.9960,62.03,124.00,0.021010
334.7360,5.9960,61.76,124.00,0.020681
334.8252,5.9960,61.22,124.00,0.020517
334.9159,5.9960,61.76,124.00,0.020369
335.0070,5.9715,61.49,124.00,0.020659
335.0976,5.9470,61.49,124.00,0.020631
335.1864,5.9470,62.03,124.00,0.020313
335.2772,5.9470,61.76,124.00,0.020548
335.3641,5.9470,61.76,124.00,0.020393
335.4522,5.9470,61.49,124.00,0.020356
335.5386,5.9470,61.76,124.00,0.020339
335.6299,5.9470,61.76,124.00,0.020762
335.7207,5.9470,61.76,124.00,0.020134
335.8117,5.9470,61.49,124.00,0.020756
335.8992,5.9470,61.76,124.00,0.020339
335.9881,5.9430,61.22,124.00,0.020700
336.0791,5.9390,61.76,124.00,0.021007
336.1691,5.9390,62.03,124.00,0.021142
336.2591,5.9390,62.03,124.00,0.020720
336.3483,5.9390,61.49,124.00,0.020780
336.4361,5.9390,61.22,124.00,0.020772
336.5267,5.9390,61.49,124.00,0.020213
336.6139,5.9390,61.49,124.00,0.020460
336.7051,5.9390,61.76,124.00,0.020680
336.7948,5.9390,61.49,124.00,0.021024
336.8838,5.9390,61.76,124.00,0.020517
336.9711,5.9390,61.76,124.00,0.020279
337.0601,5.9620,61.76,124.00,0.020348
337.1477,5.9620,61.49,124.00,0.020697
337.2397,5.9620,61.76,124.00,0.021196
337.3318,5.9620,61.76,124.00,0.020813
337.4224,5.9620,61.22,124.00,0.020286
337.5126,5.9620,61.22,124.00,0.021309
337.6040,5.9620,61.76,124.00,0.020897
337.6908,5.9620,61.76,124.00,0.020781
337.7823,5.9620,61.76,124.00,0.020988
337.8721,5.9620,61.49,124.00,0.020863
337.9616,5.9620,62.03,124.00,0.020520
338.0518,5.9730,61.49,124.00,0.020483
338.1405,5.9730,62.03,124.00,0.020729
338.2275,5.9730,61.76,124.00,0.020604
338.3182,5.9730,61.76,124.00,0.020388
338.4061,5.9730,61.22,124.00,0.020782
338.4985,5.9730,61.76,124.00,0.020306
338.5891,5.9730,61.49,124.00,0.021132
338.6798,5.9730,61.49,124.00,0.020837
338.7657,5.9730,61.76,124.00,0.019768
338.8546,5.9730,61.49,124.00,0.020108
338.9433,5.9730,61.76,124.00,0.020417
339.0324,5.9010,62.30,124.00,0.020702
339.1194,5.9010,61.76,124.00,0.021153
339.2101,5.9010,61.76,124.00,0.020920
339.3001,5.9010,61.76,124.00,0.021142
339.3920,5.9010,61.76,124.00,0.020876
339.4800,5.9010,62.03,124.00,0.021445
339.5719,5.9010,62.03,124.00,0.021288
339.6619,5.9010,61.76,124.00,0.020487
339.7539,5.9010,61.76,124.00,0.020673
339.8418,5.9010,62.03,124.00,0.020448
339.9304,5.9010,62.03,124.00,0.020378
340.0179,5.9010,61.49,124.00,0.020832
340.1066,5.9010,62.03,124.00,0.020641
340.1949,5.9010,61.76,124.00,0.020869
340.2878,5.9010,61.76,124.00,0.020509
340.3756,5.9010,62.03,124.00,0.020756
340.4643,5.9010,61.76,124.00,0.020586
340.5558,5.9010,62.03,124.00,0.020953
340.6469,5.9010,61.76,124.00,0.020472
340.7348,5.9010,62.03,124.00,0.021175
340.8259,5.9010,61.76,124.00,0.020653
340.9148,5.9010,61.76,124.00,0.020124
341.0074,5.9010,62.30,124.00,0.020900
341.0950,5.9010,61.76,124.00,0.020873
341.1870,5.9010,61.76,124.00,0.020986
341.2760,5.9240,62.03,124.00,0.020912
341.3681,5.9240,61.22,124.00,0.021098
341.4582,5.9240,61.76,124.00,0.021171
341.5468,5.9240,61.76,124.00,0.019950
341.6347,5.9240,61.76,124.00,0.020107
341.7274,5.9240,62.03,124.00,0.021127
341.8156,5.9240,61.76,124.00,0.021049
341.9030,5.9240,62.03,124.00,0.020218
341.9896,5.9240,61.76,124.00,0.020519
342.0775,5.9240,62.03,124.00,0.020225
342.1664,5.9350,61.49,124.00,0.021003
342.2559,5.9350,62.03,124.00,0.020862
342.3433,5.9350,61.76,124.00,0.020943
342.4355,5.9350,62.03,124.00,0.020883
342.5258,5.9350,62.03,124.00,0.021055
342.6185,5.9350,61.76,124.00,0.021047
342.7090,5.9350,62.30,124.00,0.021004
342.8006,5.9350,61.76,124.00,0.021124
342.8923,5.9350,61.76,124.00,0.020301
342.9834,5.9220,61.49,124.00,0.020619
343.0716,5.9090,61.76,124.00,0.020583
343.1620,5.9090,62.03,124.00,0.020195
343.2510,5.9090,61.22,124.00,0.019931
343.3371,5.9090,61.22,124.00,0.019396
343.4251,5.9090,61.49,124.00,0.019663
343.5117,5.9090,61.49,124.00,0.019787
343.5982,5.9090,61.76,124.00,0.021205
343.6863,5.9090,62.30,124.00,0.020190
343.7754,5.9090,62.30,124.00,0.020482
343.8647,5.9090,61.49,124.00,0.021007
343.9541,5.9090,61.49,124.00,0.020209
344.0434,5.9240,62.30,124.00,0.020621
344.1342,5.9240,61.49,124.00,0.019821
344.2207,5.9240,61.49,124.00,0.019807
344.3059,5.9240,61.76,124.00,0.019887
344.3939,5.9240,61.76,124.00,0.020573
344.4828,5.9240,61.49,124.00,0.020078
344.5741,5.9240,61.76,124.00,0.020996
344.6640,5.9240,62.03,123.50,0.021111
344.7517,5.9240,61.49,123.00,0.020528
344.8387,5.9240,62.30,123.50,0.019891
344.9259,5.9240,61.49,123.00,0.019729
345.0136,5.9240,61.76,123.50,0.020430
345.1076,5.9240,61.22,123.00,0.020747
345.1933,5.9240,61.22,123.50,0.020137
345.2827,5.9240,61.76,123.50,0.020353
345.3690,5.9240,62.03,123.00,0.020108
345.4621,5.9240,61.76,123.00,0.020835
345.5515,5.9240,61.76,123.00,0.021195
345.6430,5.9240,61.49,123.00,0.021205
345.7302,5.9240,62.30,123.50,0.020756
345.8201,5.9240,62.30,123.00,0.021313
345.9078,5.9240,61.76,123.50,0.020900
345.9995,5.9275,62.03,123.50,0.020674
346.0898,5.9310,61.76,123.50,0.020957
346.1794,5.9310,62.03,123.00,0.021069
346.2681,5.9310,61.76,123.00,0.019886
346.3561,5.9310,61.76,123.00,0.020270
346.4428,5.9310,61.49,123.50,0.020671
346.5323,5.9310,62.30,123.00,0.020957
346.6221,5.9310,62.03,123.00,0.021144
346.7114,5.9310,61.22,123.00,0.020972
346.7988,5.9310,61.76,123.00,0.020453
346.8875,5.9310,62.03,123.00,0.019964
346.9741,5.9310,62.03,123.00,0.020105
347.0624,5.9310,62.03,123.00,0.020268
347.1498,5.9770,62.03,123.00,0.020689
347.2398,5.9770,61.49,123.00,0.020821
347.3307,5.9770,61.49,123.00,0.020951
347.4233,5.9770,62.03,123.00,0.020870
347.5116,5.9770,61.76,123.00,0.020861
347.6005,5.9770,61.76,123.00,0.020334
347.6883,5.9770,61.76,123.00,0.020986
347.7798,5.9770,62.03,123.00,0.020823
347.8679,5.9770,61.49,123.00,0.021202
347.9596,5.9770,61.76,123.00,0.021267
348.0484,6.0080,62.03,123.00,0.021055
348.1403,6.0080,62.03,123.00,0.020664
348.2277,6.0080,61.76,123.00,0.021162
348.3198,6.0080,62.30,123.00,0.020950
348.4103,6.0080,62.03,123.00,0.021335
348.5016,6.0080,61.76,123.00,0.020663
348.5920,6.0080,61.76,123.00,0.021135
348.6824,6.0080,61.76,123.00,0.021040
348.7710,6.0080,62.03,123.00,0.021076
348.8607,6.0080,62.03,123.00,0.020725
348.9525,6.0080,62.30,123.00,0.020588
349.0431,5.9160,62.03,123.00,0.020103
349.1294,5.9160,61.76,123.00,0.019963
349.2156,5.9160,62.30,123.00,0.019806
349.3049,5.9160,62.03,123.00,0.020821
349.3990,5.9160,61.76,123.00,0.021380
349.4890,5.9160,61.22,123.00,0.021281
349.5750,5.9160,61.76,123.00,0.019398
349.6625,5.9160,61.49,123.00,0.019784
349.7497,5.9160,61.76,123.00,0.019664
349.8401,5.9160,61.76,123.00,0.020179
349.9314,5.9160,62.03,123.00,0.020397
350.0184,5.9220,61.76,123.00,0.020935
350.1071,5.9280,62.03,123.00,0.020561
350.1964,5.9280,62.30,123.00,0.020609
350.2879,5.9280,62.30,123.00,0.020951
350.3744,5.9280,61.76,123.00,0.019881
350.4612,5.9280,61.49,123.00,0.019699
350.5494,5.9280,61.49,123.00,0.020043
350.6395,5.9280,62.30,123.00,0.020977
350.7263,5.9280,61.76,123.00,0.020975
350.8199,5.9280,62.03,123.00,0.021324
350.9093,5.9280,61.49,123.00,0.020630
350.9989,5.9470,62.03,123.00,0.021535
351.0881,5.9660,62.03,123.00,0.021256
351.1789,5.9660,61.22,123.00,0.020667
351.2691,5.9660,61.76,123.00,0.020860
351.3645,5.9660,61.76,123.00,0.021287
351.4572,5.9660,61.76,123.00,0.021302
351.5549,5.9660,61.22,123.00,0.021759
351.6511,5.9660,61.76,123.00,0.021730
351.7457,5.9660,61.76,123.00,0.021476
351.8381,5.9660,61.76,123.00,0.021156
351.9345,5.9660,62.03,123.00,0.021510
352.0294,5.8780,61.49,123.00,0.021328
352.1269,5.7900,61.76,123.00,0.021445
352.2149,5.7900,61.76,123.00,0.019916
352.3041,5.7900,61.49,123.00,0.020480
352.3916,5.7900,61.76,123.00,0.020784
352.4882,5.7900,61.76,123.00,0.021242
352.5836,5.7900,61.22,123.00,0.021361
352.6801,5.7900,62.03,123.00,0.021566
352.7763,5.7900,61.49,123.00,0.022069
352.8720,5.7900,61.76,123.00,0.021690
352.9654,5.7900,62.03,123.00,0.021476
353.0606,5.8210,62.03,123.00,0.021730
353.1537,5.8210,62.30,123.00,0.021669
353.2488,5.8210,61.22,123.00,0.022492
353.3446,5.8210,62.03,123.00,0.021533
353.4385,5.8210,61.49,123.00,0.020942
353.5324,5.8210,61.49,123.00,0.021829
353.6271,5.8210,61.49,123.00,0.020789
353.7228,5.8210,62.03,123.00,0.021113
353.8196,5.8210,62.30,122.50,0.020984
353.9155,5.8210,61.49,122.00,0.021717
354.0103,5.8475,62.03,122.50,0.021553
354.1010,5.8740,62.03,122.00,0.019619
354.1955,5.8740,61.76,122.00,0.021061
354.2835,5.8740,61.76,122.00,0.020910
354.3782,5.8740,61.76,122.50,0.021769
354.4738,5.8740,61.49,123.00,0.022079
354.5703,5.8740,62.03,123.00,0.021731
354.6653,5.8740,61.49,122.50,0.021339
354.7608,5.8740,61.49,122.00,0.022502
354.8547,5.8740,62.30,122.00,0.020670
354.9480,5.8740,61.22,123.00,0.021076
355.0438,5.8970,61.76,122.50,0.021316
355.1380,5.8970,61.76,122.50,0.019787
355.2254,5.8970,61.76,122.00,0.020069
355.3139,5.8970,61.49,122.00,0.019986
355.4034,5.8970,61.49,122.00,0.020926
355.5009,5.8970,62.03,122.00,0.021202
355.5976,5.8970,62.03,122.00,0.021828
355.6932,5.8970,61.76,122.50,0.021354
355.7891,5.8970,62.03,122.00,0.022186
355.8811,5.8970,61.22,122.00,0.019850
355.9668,5.8970,61.49,122.00,0.020201
356.0572,5.8970,61.49,122.00,0.020108
356.1495,5.8625,61.49,122.00,0.022187
356.2460,5.8280,62.03,122.00,0.021359
356.3368,5.8280,62.30,122.00,0.021340
356.4319,5.8280,61.22,122.00,0.021599
356.5251,5.8280,61.49,122.00,0.021671
356.6211,5.8280,62.03,122.00,0.020661
356.7156,5.8280,61.49,122.00,0.022451
356.8034,5.8280,61.49,122.00,0.020089
356.8894,5.8280,61.76,122.00,0.020085
356.9789,5.8280,61.49,122.00,0.020430
357.0728,5.8020,61.49,122.00,0.021735
357.1665,5.8020,61.49,122.00,0.020085
357.2546,5.8020,61.76,122.50,0.020583
357.3436,5.8020,62.03,122.00,0.020513
357.4395,5.8020,61.76,122.50,0.022793
357.5372,5.8020,61.49,122.00,0.021843
357.6312,5.8020,61.49,122.00,0.021853
357.7271,5.8020,61.76,122.00,0.021485
357.8227,5.8020,62.03,122.00,0.021299
357.9196,5.8020,62.03,122.00,0.020921
358.0130,5.8055,61.49,122.00,0.021142
358.1094,5.8090,62.03,122.00,0.021250
358.2048,5.8090,61.76,122.00,0.021730
358.2933,5.8090,61.76,122.00,0.020705
358.3866,5.8090,61.76,122.00,0.021131
358.4810,5.8090,62.03,122.00,0.021095
358.5767,5.8090,61.49,122.00,0.021636
358.6747,5.8090,61.22,122.00,0.020925
358.7690,5.8090,61.76,122.00,0.022482
358.8674,5.8090,61.76,122.00,0.021957
358.9630,5.8090,61.49,122.00,0.021668
359.0560,5.8090,61.76,122.00,0.021366
359.1510,5.8090,61.76,122.00,0.020681
359.2490,5.8090,62.03,122.00,0.021161
359.3446,5.8090,62.03,122.00,0.021204
359.4420,5.8090,61.22,122.00,0.021421
359.5369,5.8090,61.76,122.00,0.021347
359.6332,5.8090,62.03,122.00,0.021525
359.7262,5.8090,61.22,122.00,0.019514
359.8133,5.8090,62.03,122.00,0.019498
359.9087,5.8090,61.49,122.00,0.021718
360.0053,5.8090,61.76,122.00,0.021601
360.0947,5.8090,61.49,122.00,0.019687
360.1827,5.8090,61.22,122.00,0.019403
360.2724,5.8090,62.03,122.00,0.020236
360.3689,5.8280,61.76,122.00,0.021052
360.4645,5.8470,61.49,122.00,0.021401
360.5622,5.8470,61.49,122.00,0.021889
360.6582,5.8470,61.49,122.00,0.021967
360.7560,5.8470,61.22,122.00,0.021747
360.8495,5.8470,61.76,122.00,0.021412
360.9408,5.8470,61.76,122.00,0.019748
361.0266,5.8470,62.03,122.00,0.020476
361.1146,5.8470,61.76,122.00,0.020105
361.2061,5.8360,61.22,122.00,0.022174
361.2973,5.8250,61.22,122.00,0.020200
361.3869,5.8250,62.30,122.00,0.020731
361.4807,5.8250,61.76,122.00,0.021694
361.5749,5.8250,61.76,122.00,0.022034
361.6692,5.8250,62.03,122.00,0.021497
361.7611,5.8250,62.57,122.00,0.021055
361.8564,5.8250,61.49,122.00,0.021655
361.9473,5.8250,61.49,122.00,0.021166
362.0441,5.8890,62.30,122.00,0.021607
362.1374,5.8890,61.49,122.00,0.021951
362.2305,5.8890,61.76,122.00,0.021115
362.3255,5.8890,61.76,122.00,0.021120
362.4228,5.8890,61.76,122.00,0.020752
362.5183,5.8890,61.22,122.00,0.021604
362.6126,5.8890,61.22,122.00,0.021422
362.7071,5.8890,61.49,122.00,0.021735
362.8031,5.8890,61.49,122.00,0.021802
362.8994,5.8890,61.76,122.00,0.021245
362.9931,5.8890,61.76,122.00,0.021201
363.0866,5.8890,61.22,122.00,0.021343
363.1815,5.8890,61.49,122.00,0.021430
363.2765,5.8890,61.76,122.00,0.021908
363.3702,5.8890,61.49,122.00,0.022060
363.4647,5.8890,61.22,122.00,0.021965
363.5594,5.8890,61.76,122.00,0.020941
363.6526,5.8890,61.76,122.00,0.021129
363.7504,5.8890,60.95,122.00,0.021210
363.8443,5.8890,62.03,122.00,0.021903
363.9424,5.8890,61.22,120.00,0.022138
364.0385,5.8890,62.03,118.00,0.021481
364.1333,5.8890,62.03,118.00,0.021080
364.2268,5.8890,61.49,118.00,0.021209
364.3213,5.8890,62.03,118.00,0.020927
364.4125,5.8395,61.49,118.00,0.020988
364.5107,5.7900,61.49,118.00,0.021245
364.6066,5.7900,61.22,118.00,0.021493
364.6972,5.7900,62.30,118.00,0.020175
364.7839,5.7900,62.03,118.00,0.020287
364.8741,5.7900,61.76,118.00,0.020284
364.9621,5.7900,62.03,118.00,0.019922
365.0504,5.7900,61.76,118.50,0.019594
365.1374,5.7900,61.22,119.00,0.020097
365.2275,5.7900,61.49,119.00,0.019835
365.3165,5.7900,61.76,119.00,0.019889
365.4127,5.9510,62.03,119.00,0.021736
365.5040,5.9510,61.49,119.00,0.021007
365.5997,5.9510,61.49,119.00,0.021161
365.6954,5.9510,62.03,119.00,0.021368
365.7935,5.9510,62.03,119.00,0.021912
365.8892,5.9510,62.03,119.00,0.021382
365.9864,5.8935,61.22,119.00,0.022444
366.0813,5.8360,62.30,119.00,0.021901
366.1792,5.8360,61.76,119.00,0.021753
366.2729,5.8360,61.49,119.00,0.021740
366.3679,5.8360,61.22,119.00,0.020866
366.4558,5.8360,61.49,119.00,0.021057
366.5478,5.8360,61.49,119.00,0.021315
366.6343,5.8360,61.49,119.00,0.019724
366.7222,5.8360,61.49,119.00,0.019845
366.8117,5.8360,61.76,119.00,0.021021
366.9022,5.8360,61.49,119.00,0.021275
366.9944,5.8855,62.30,119.00,0.021176
367.0843,5.9350,61.49,119.00,0.020657
367.1750,5.9350,62.03,119.00,0.020054
367.2694,5.9350,61.49,119.00,0.020732
367.3608,5.9350,62.03,119.00,0.020497
367.4519,5.9350,61.76,119.00,0.020357
367.5391,5.9350,61.49,119.00,0.020246
367.6313,5.9350,61.49,119.00,0.020969
367.7187,5.9350,61.76,119.00,0.020433
367.8103,5.9350,61.76,119.00,0.020259
367.8965,5.9350,61.49,119.00,0.019841
367.9838,5.9350,61.76,119.00,0.019978
368.0713,5.9350,61.49,119.00,0.020308
368.1588,5.9140,61.76,119.00,0.019531
368.2446,5.8930,61.22,119.00,0.019821
368.3353,5.8930,61.76,120.00,0.020662
368.4248,5.8930,61.22,120.00,0.020893
368.5151,5.8930,61.49,120.00,0.020462
368.6026,5.8930,61.76,120.00,0.021056
368.6919,5.8930,61.22,120.00,0.021402
368.7787,5.8930,61.22,120.00,0.020280
368.8682,5.8930,61.22,120.00,0.020718
368.9579,5.8930,62.30,120.00,0.020549
369.0467,6.0380,61.49,120.00,0.019543
369.1347,6.0380,62.03,120.00,0.019925
369.2212,6.0380,62.03,120.00,0.019725
369.3109,6.0380,61.76,120.00,0.020603
369.3992,6.0380,62.30,120.00,0.020446
369.4864,6.0380,61.22,120.00,0.020395
369.5758,6.0380,61.76,120.00,0.021178
369.6644,6.0380,62.03,120.00,0.020555
369.7560,6.0380,62.30,120.00,0.020848
369.8427,6.0380,62.03,120.00,0.020300
369.9329,6.0380,62.03,120.00,0.021041
370.0254,5.9790,62.03,120.00,0.020930
370.1156,5.9200,61.76,120.00,0.020975
370.2056,5.9200,62.30,120.00,0.020330
370.2969,5.9200,61.49,120.00,0.020434
370.3842,5.9200,62.03,120.00,0.021160
370.4740,5.9200,61.49,120.00,0.020923
370.5623,5.9200,61.76,120.00,0.020566
370.6520,5.9200,62.03,120.00,0.020441
370.7403,5.9200,61.76,120.00,0.021632
370.8302,5.9200,62.30,120.00,0.020545
370.9177,5.9200,61.76,120.00,0.020419
371.0115,5.9335,61.49,120.00,0.020699
371.0986,5.9470,62.03,120.00,0.020727
371.1879,5.9470,62.03,120.00,0.020731
371.2749,5.9470,62.03,120.00,0.020398
371.3663,5.9470,62.03,120.50,0.021230
371.4529,5.9470,61.76,121.00,0.020062
371.5421,5.9470,62.03,121.00,0.019288
371.6300,5.9470,61.49,121.00,0.019747
371.7185,5.9470,62.03,121.00,0.020517
371.8105,5.9470,61.76,121.00,0.020448
371.8997,5.9470,61.76,121.00,0.020845
371.9869,5.8915,62.30,121.00,0.020663
372.0775,5.8360,61.76,121.00,0.019609
372.1629,5.8360,62.30,121.00,0.020035
372.2499,5.8360,61.49,121.00,0.019562
372.3390,5.8360,61.22,121.00,0.021334
372.4277,5.8360,62.03,121.00,0.020344
372.5150,5.8360,62.30,121.00,0.020598
372.6025,5.8360,62.30,121.00,0.019573
372.6905,5.8360,62.03,121.00,0.019736
372.7782,5.8360,62.30,121.00,0.019686
372.8670,5.8360,62.03,121.00,0.019983
372.9562,5.8360,61.76,121.00,0.020968
373.0437,5.9580,61.76,121.00,0.020885
373.1329,5.9580,61.76,121.00,0.020714
373.2246,5.9580,61.76,121.00,0.020480
373.3138,5.9580,61.76,121.00,0.019391
373.4001,5.9580,62.03,121.00,0.020216
373.4883,5.9580,61.76,121.00,0.020414
373.5750,5.9580,61.76,121.00,0.020572
373.6635,5.9580,62.03,121.00,0.020424
373.7514,5.9580,62.03,121.00,0.021323
373.8393,5.9580,61.76,121.00,0.020081
373.9266,5.9580,62.30,121.00,0.021027
374.0176,5.9770,61.76,121.00,0.020834
374.1049,5.9960,61.49,121.00,0.020612
374.1983,5.9960,61.49,121.00,0.020477
374.2879,5.9960,61.76,121.00,0.021080
374.3788,5.9960,61.76,121.00,0.020267
374.4666,5.9960,62.30,122.00,0.020590
374.5585,5.9960,61.76,121.50,0.020290
374.6486,5.9960,61.76,121.00,0.020933
374.7386,5.9960,61.76,121.00,0.021430
374.8311,5.9960,61.76,121.00,0.020718
374.9203,5.9960,61.76,121.00,0.020310
375.0083,5.9960,61.76,121.00,0.020707
375.0989,5.9960,61.49,121.00,0.020467
375.1871,5.9960,62.30,121.00,0.020714
375.2795,5.9960,61.49,121.00,0.020834
375.3664,5.9960,61.76,121.00,0.020079
375.4539,5.9960,61.49,121.50,0.019717
375.5443,5.9960,62.30,121.50,0.021260
375.6375,5.9960,62.03,121.00,0.020278
375.7256,5.9960,61.49,121.00,0.020511
375.8151,5.9960,61.49,121.00,0.021208
375.9064,5.9960,62.03,122.00,0.021027
375.9964,5.9960,61.76,122.00,0.020593
376.0897,5.8930,62.03,122.00,0.020986
376.1790,5.8930,62.03,122.00,0.020210
376.2669,5.8930,62.03,121.50,0.020596
376.3561,5.8930,61.76,121.00,0.020459
376.4465,5.8930,62.03,121.50,0.020380
376.5397,5.8930,61.49,121.50,0.020830
376.6280,5.8930,61.49,122.00,0.021229
376.7159,5.8930,62.03,122.00,0.019942
376.8024,5.8930,61.49,122.00,0.020006
376.8923,5.8930,61.76,122.00,0.020573
376.9804,5.8930,61.76,122.00,0.021013
377.0715,5.8930,62.03,122.00,0.020492
377.1609,5.8930,61.76,122.00,0.020496
377.2543,5.8930,61.76,122.00,0.020171
377.3446,5.8930,61.76,122.00,0.020610
377.4355,5.8930,61.49,122.00,0.020960
377.5225,5.8930,62.03,121.50,0.020687
377.6119,5.8930,61.76,121.50,0.021575
377.6987,5.8930,62.30,122.00,0.021029
377.7882,5.8930,61.49,122.00,0.020719
377.8772,5.8930,61.76,122.00,0.020549
377.9710,5.8930,61.49,122.00,0.020980
378.0600,5.9200,61.76,122.00,0.020859
378.1507,5.9470,62.03,122.00,0.020382
378.2395,5.9470,61.49,122.00,0.020470
378.3331,5.9470,61.76,122.00,0.021238
378.4219,5.9470,62.03,122.00,0.020224
378.5111,5.9470,61.76,122.00,0.019751
378.5989,5.9470,62.03,121.50,0.020000
378.6880,5.9470,61.76,121.50,0.021095
378.7754,5.9470,62.30,121.50,0.020691
378.8671,5.9470,61.49,121.50,0.020780
378.9595,5.9470,62.03,121.00,0.021130
379.0513,5.8360,62.03,121.50,0.020740
379.1399,5.8360,61.76,122.00,0.020508
379.2319,5.8360,61.76,122.00,0.021129
379.3216,5.8360,61.49,122.00,0.020000
379.4160,5.8360,61.49,122.00,0.021611
379.5117,5.8360,61.76,122.00,0.021477
379.6085,5.8360,61.76,122.00,0.020749
379.6985,5.8360,61.76,122.00,0.020743
379.7863,5.8360,61.49,122.00,0.019987
379.8749,5.8360,61.49,122.00,0.020548
379.9642,5.8360,61.49,122.00,0.021127
380.0528,5.9960,62.30,122.00,0.020862
380.1485,5.9960,61.76,122.00,0.021991
380.2345,5.9960,61.22,122.00,0.019994
380.3224,5.9960,61.76,122.00,0.019968
380.4109,5.9960,62.03,122.00,0.020330
380.4986,5.9960,61.49,122.00,0.020065
380.5890,5.9960,61.49,122.00,0.021405
380.6781,5.9960,61.76,122.00,0.019717
380.7663,5.9960,61.22,122.00,0.020900
380.8581,5.9960,61.49,122.00,0.020166
380.9470,5.9960,61.49,122.00,0.020663
381.0385,5.9430,62.30,122.00,0.020762
381.1278,5.9430,62.03,122.00,0.020972
381.2186,5.9430,61.49,122.00,0.020840
381.3121,5.9430,61.76,122.00,0.021865
381.4079,5.9430,61.49,122.00,0.021735
381.5028,5.9430,61.22,122.00,0.021978
381.5991,5.9430,61.76,122.00,0.020418
381.6899,5.9430,62.03,122.00,0.021643
381.7857,5.9430,62.03,122.00,0.021661
381.8800,5.9430,62.03,122.00,0.020936
381.9771,5.8855,61.22,122.00,0.021275
382.0709,5.8280,61.76,122.00,0.020150
382.1575,5.8280,61.76,122.00,0.019589
382.2456,5.8280,61.76,122.00,0.019977
382.3372,5.8280,62.30,123.00,0.021411
382.4286,5.8280,61.22,123.00,0.021738
382.5256,5.8280,61.76,123.00,0.021291
382.6169,5.8280,62.03,123.00,0.021388
382.7093,5.8280,61.76,123.00,0.019803
382.7957,5.8280,61.76,123.00,0.020471
382.8859,5.8280,61.22,123.00,0.020252
382.9766,5.8280,61.49,123.00,0.020496
383.0670,5.8930,61.76,123.00,0.020156
383.1539,5.8930,61.76,123.00,0.020659
383.2476,5.8930,61.22,123.00,0.021264
383.3438,5.8930,61.49,123.00,0.021221
383.4404,5.8930,62.03,123.00,0.021315
383.5326,5.8930,61.76,123.00,0.021278
383.6296,5.8930,61.22,123.00,0.021049
383.7220,5.8930,61.22,123.00,0.021053
383.8194,5.8930,61.76,123.00,0.021207
383.9145,5.8930,62.03,123.00,0.021733
384.0116,5.8605,61.49,123.00,0.021552
384.1057,5.8280,61.76,123.00,0.022227
384.2011,5.8280,62.03,123.00,0.021674
384.2914,5.8280,62.03,123.00,0.020831
384.3788,5.8280,61.76,123.00,0.020006
384.4662,5.8280,62.30,123.00,0.020077
384.5550,5.8280,61.49,123.00,0.019675
384.6418,5.8280,62.03,123.00,0.020578
384.7328,5.8280,62.03,123.00,0.020596
384.8183,5.8280,61.49,123.00,0.019828
384.9085,5.8280,61.49,123.00,0.020129
384.9938,5.8280,61.76,123.00,0.019711
385.0828,5.8280,61.49,123.00,0.020021
385.1706,5.8280,61.22,123.00,0.020314
385.2684,5.8280,62.30,123.00,0.029489
385.3685,5.8280,61.49,123.00,0.037034
385.4627,5.8280,61.22,123.00,0.030113
385.5543,5.8280,61.22,123.00,0.028975
385.6381,5.8280,61.22,124.50,0.020764
385.7250,5.8280,61.49,125.00,0.020228
385.8159,5.8280,62.03,125.00,0.020552
385.9040,5.8280,61.76,125.00,0.021199
385.9951,5.8280,61.76,125.00,0.021168
386.0824,5.8280,62.03,125.00,0.020000
386.1702,5.8280,61.22,125.00,0.020448
386.2589,5.8280,61.22,125.00,0.019964
386.3480,5.8835,61.49,125.00,0.020038
386.4343,5.9390,62.03,125.00,0.019857
386.5214,5.9390,61.76,125.00,0.020175
386.6093,5.9390,61.49,125.00,0.020041
386.6998,5.9390,61.22,125.00,0.020719
386.7876,5.9390,61.22,125.00,0.020936
386.8766,5.9390,61.49,125.00,0.020799
386.9643,5.9390,61.49,125.00,0.020720
387.0561,5.9010,62.03,125.00,0.021398
387.1446,5.9010,61.49,125.00,0.020591
387.2343,5.9010,61.76,125.00,0.020995
387.3205,5.9010,61.49,125.00,0.019805
387.4073,5.9010,61.49,125.00,0.019587
387.4946,5.9010,61.76,125.00,0.019907
387.5842,5.9010,61.49,125.00,0.021737
387.6759,5.9010,62.03,125.00,0.020902
387.7668,5.9010,62.03,125.00,0.020690
387.8558,5.9010,61.76,125.00,0.021026
387.9426,5.9010,61.76,125.00,0.019747
388.0302,5.9010,62.03,125.00,0.020155
388.1174,5.9010,61.76,125.00,0.019979
388.2066,5.9065,61.76,125.00,0.020626
388.2950,5.9120,62.30,125.00,0.020190
388.3836,5.9120,61.22,125.00,0.020771
388.4717,5.9120,61.49,125.00,0.020936
388.5585,5.9120,61.49,125.00,0.021206
388.6490,5.9120,61.49,125.00,0.020479
388.7384,5.9120,61.49,125.00,0.020101
388.8318,5.9120,61.76,125.00,0.020799
388.9199,5.9120,61.76,125.00,0.021480
389.0079,5.9045,61.76,125.00,0.020682
389.0980,5.8970,62.03,125.00,0.020737
389.1863,5.8970,61.49,125.00,0.020377
389.2741,5.8970,61.76,125.00,0.020718
389.3635,5.8970,61.76,125.00,0.020800
389.4550,5.8970,61.76,125.00,0.020844
389.5437,5.8970,62.03,125.00,0.020763
389.6331,5.8970,61.49,125.00,0.020797
389.7221,5.8970,62.03,125.00,0.020484
389.8121,5.8970,61.76,125.00,0.021042
389.9010,5.8970,61.22,125.00,0.020347
389.9918,5.8970,61.76,125.00,0.021428
390.0790,5.9120,62.30,125.00,0.019803
390.1674,5.9120,62.30,125.00,0.020515
390.2572,5.9120,62.30,125.00,0.020699
390.3470,5.9120,61.22,125.00,0.020584
390.4354,5.9120,62.30,125.00,0.020519
390.5231,5.9120,61.76,125.00,0.020679
390.6141,5.9120,61.76,125.00,0.020931
390.7025,5.9120,61.76,125.00,0.021478
390.7936,5.9120,61.49,125.00,0.020164
390.8856,5.9120,61.22,125.00,0.020472
390.9744,5.9120,62.30,125.00,0.020736
391.0638,5.9390,62.30,125.00,0.020774
391.1518,5.9390,61.76,125.00,0.020453
391.2382,5.9390,62.30,125.00,0.020495
391.3271,5.9390,62.03,125.00,0.020837
391.4142,5.9390,62.03,125.00,0.019465
391.5035,5.9390,61.76,125.00,0.020093
391.5886,5.9390,61.76,126.00,0.019901
391.6766,5.9390,62.30,126.00,0.020737
391.7670,5.9390,62.30,126.00,0.020784
391.8557,5.9390,61.76,126.00,0.020781
391.9438,5.9390,62.03,126.00,0.020443
392.0299,5.9390,62.03,126.00,0.019546
392.1182,5.9390,61.49,126.00,0.019764
392.2070,5.9390,62.30,126.00,0.020836
392.2936,5.9390,62.03,126.00,0.021056
392.3814,5.9390,61.76,126.00,0.019790
392.4678,5.9390,61.22,126.00,0.020151
392.5584,5.9390,62.03,126.00,0.020756
392.6461,5.9390,61.49,126.00,0.020949
392.7371,5.9390,62.03,126.00,0.019943
392.8259,5.9390,62.03,126.00,0.020856
392.9153,5.9390,61.76,126.00,0.020949
393.0047,5.9335,62.03,126.00,0.020161
393.0952,5.9280,61.76,126.00,0.020113
393.1821,5.9280,61.76,126.00,0.020405
393.2730,5.9280,61.22,126.00,0.020835
393.3629,5.9280,62.03,126.00,0.020787
393.4521,5.9280,62.03,126.00,0.020494
393.5421,5.9280,61.49,126.00,0.021005
393.6328,5.9280,62.03,126.00,0.020625
393.7248,5.9280,61.76,126.00,0.021141
393.8165,5.9280,61.49,126.00,0.020668
393.9059,5.9280,61.76,126.00,0.019900
393.9955,5.9050,61.49,126.00,0.020950
394.0865,5.8820,62.03,126.00,0.021246
394.1739,5.8820,61.49,126.00,0.019497
394.2600,5.8820,61.49,126.00,0.020158
394.3473,5.8820,61.49,126.00,0.019979
394.4345,5.8820,62.03,126.00,0.020543
394.5261,5.8820,62.03,126.00,0.021112
394.6156,5.8820,61.49,126.00,0.020974
394.7075,5.8820,62.30,126.00,0.021384
394.7966,5.8820,61.76,126.00,0.020481
394.8868,5.8820,61.22,126.00,0.020086
394.9761,5.8955,62.03,126.00,0.020689
395.0691,5.9090,61.76,126.00,0.021267
395.1629,5.9090,61.22,126.00,0.021277
395.2526,5.9090,62.03,126.00,0.020774
395.3402,5.9090,62.30,126.00,0.020773
395.4322,5.9090,61.22,126.00,0.021041
395.5251,5.9090,62.03,126.00,0.020889
395.6150,5.9090,62.30,126.00,0.020849
395.7034,5.9090,61.49,126.00,0.020452
395.7954,5.9090,61.76,126.00,0.020526
395.8842,5.9090,62.03,126.00,0.020952
395.9728,5.9090,61.76,126.00,0.019780
396.0626,5.9090,61.76,126.00,0.019703
396.1503,5.9090,62.30,126.00,0.019741
396.2368,5.9090,62.30,126.00,0.020242
396.3275,5.9090,61.76,126.00,0.020480
396.4151,5.9090,61.49,126.00,0.020378
396.5039,5.9090,61.49,126.00,0.020407
396.5906,5.9090,61.49,126.00,0.020612
396.6821,5.9090,61.76,126.00,0.020952
396.7717,5.9090,61.76,126.00,0.020732
396.8638,5.9090,62.30,126.00,0.021245
396.9531,5.9090,61.76,126.00,0.020846
397.0464,5.9090,61.49,126.00,0.020460
397.1331,5.9090,61.76,126.00,0.020063
397.2238,5.9395,62.03,126.00,0.020747
397.3123,5.9700,62.03,126.00,0.021168
397.4036,5.9700,61.76,126.00,0.020983
397.4930,5.9700,61.22,126.00,0.020845
397.5866,5.9700,61.76,126.00,0.020396
397.6746,5.9700,62.03,126.00,0.021438
397.7642,5.9700,61.49,126.00,0.020587
397.8522,5.9700,62.03,126.00,0.020294
397.9413,5.9700,61.76,126.00,0.020584
398.0311,5.9430,61.76,126.00,0.020497
398.1235,5.9160,61.76,126.00,0.020843
398.2122,5.9160,61.49,126.00,0.021224
398.3024,5.9160,61.76,126.00,0.020797
398.3910,5.9160,61.49,126.00,0.020929
398.4840,5.9160,62.03,126.00,0.021493
398.5720,5.9160,61.76,126.00,0.020639
398.6635,5.9160,61.49,126.00,0.020470
398.7511,5.9160,62.03,126.00,0.020529
398.8432,5.9160,62.03,126.00,0.020550
398.9328,5.9160,62.03,126.00,0.020386
399.0241,5.9160,61.76,126.00,0.019974
399.1138,5.9160,62.03,126.00,0.019388
399.2027,5.9160,61.76,126.00,0.019972
399.2903,5.9160,62.03,126.00,0.019874
399.3781,5.9160,62.03,126.00,0.020634
399.4671,5.9160,62.30,126.00,0.020912
399.5558,5.9160,62.03,126.00,0.020657
399.6452,5.9160,61.22,126.00,0.020670
399.7366,5.9160,61.76,126.00,0.020798
399.8238,5.9160,61.76,126.00,0.021389
399.9149,5.9160,62.30,126.00,0.020087
400.0027,5.9160,61.49,126.00,0.020483
400.0937,5.9160,61.76,126.00,0.020335
400.1864,5.9160,61.76,126.00,0.020350
400.2797,5.9410,62.30,126.00,0.021819
400.3677,5.9660,61.76,126.00,0.020746
400.4562,5.9660,61.76,126.00,0.020732
400.5439,5.9660,61.49,126.00,0.021020
400.6335,5.9660,61.76,126.00,0.019397
400.7219,5.9660,61.76,125.00,0.019882
400.8107,5.9660,62.30,125.50,0.019789
400.9002,5.9660,61.76,125.00,0.021449
400.9920,5.9260,61.22,125.00,0.020624
401.0803,5.8860,61.76,125.50,0.020839
401.1718,5.8860,61.49,125.00,0.020490
401.2605,5.8860,62.03,125.00,0.021711
401.3500,5.8860,61.49,125.00,0.020904
401.4372,5.8860,62.03,125.00,0.020688
401.5249,5.8860,62.30,125.00,0.019866
401.6115,5.8860,61.76,125.00,0.020182
401.6989,5.8860,61.76,125.00,0.020557
401.7888,5.8860,61.49,125.00,0.020445
401.8784,5.8860,61.22,125.00,0.019854
401.9642,5.8860,61.49,125.00,0.020107
402.0520,5.8860,61.76,125.00,0.020116
402.1413,5.9125,61.49,125.00,0.020942
402.2358,5.9390,62.30,125.00,0.021074
402.3236,5.9390,61.76,125.00,0.019765
402.4106,5.9390,62.03,125.00,0.020124
402.4961,5.9390,61.22,125.00,0.019881
402.5872,5.9390,61.76,125.00,0.020678
402.6743,5.9390,62.03,125.00,0.020426
402.7666,5.9390,61.49,125.00,0.020414
402.8547,5.9390,62.30,125.00,0.020958
402.9467,5.9390,61.76,125.00,0.020886
403.0386,5.9160,61.76,125.00,0.021289
403.1273,5.9160,62.30,125.00,0.019742
403.2141,5.9160,61.76,125.00,0.020156
403.3012,5.9160,61.76,125.00,0.019828
403.3892,5.9160,62.03,125.00,0.020037
403.4806,5.9160,61.76,125.00,0.021053
403.5678,5.9160,61.76,125.00,0.021201
403.6591,5.9160,61.49,125.00,0.020741
403.7474,5.9160,61.49,125.00,0.020963
403.8412,5.9160,62.03,125.00,0.021052
403.9316,5.9160,61.76,125.00,0.020642
404.0231,5.9105,61.76,125.00,0.020705
404.1106,5.9050,62.03,125.00,0.020889
404.2012,5.9050,61.22,125.00,0.020221
404.2914,5.9050,61.76,125.00,0.020705
404.3838,5.9050,61.76,125.00,0.020812
404.4716,5.9050,61.76,125.00,0.020941
404.5611,5.9050,61.76,125.00,0.021143
404.6488,5.9050,62.30,125.00,0.021423
404.7401,5.9050,61.76,125.00,0.021241
404.8299,5.9050,61.76,125.00,0.020786
404.9173,5.9050,61.76,125.00,0.019678
405.0026,5.9050,61.49,125.00,0.019672
405.0914,5.9050,62.30,125.00,0.020469
405.1796,5.9470,62.03,125.00,0.020591
405.2720,5.9470,61.76,125.00,0.021386
405.3595,5.9470,62.03,125.00,0.020729
405.4490,5.9470,61.76,125.00,0.021260
405.5377,5.9470,61.49,124.00,0.020857
405.6276,5.9470,61.76,124.00,0.020814
405.7168,5.9470,62.30,124.50,0.020494
405.8051,5.9470,61.49,124.00,0.020685
405.8943,5.9470,61.49,124.00,0.020304
405.9825,5.9470,62.30,124.00,0.019546
406.0684,5.9470,62.30,124.00,0.020404
406.1582,5.9470,62.03,124.00,0.020065
406.2474,5.9470,62.30,124.00,0.020771
406.3345,5.9470,62.30,124.00,0.019249
406.4206,5.9470,61.76,124.00,0.019750
406.5081,5.9470,62.03,124.00,0.020203
406.5955,5.9470,62.30,124.00,0.020827
406.6847,5.9470,61.76,124.00,0.020947
406.7710,5.9470,61.76,124.00,0.020504
406.8604,5.9470,62.03,124.00,0.020076
406.9496,5.9470,62.03,124.00,0.020849
407.0386,5.9470,62.30,124.00,0.020501
407.1270,5.9470,62.03,124.00,0.021206
407.2161,5.9470,61.76,124.00,0.020220
407.3020,5.9470,62.03,124.00,0.019968
407.3915,5.9470,61.22,124.00,0.019882
407.4788,5.9680,61.49,124.00,0.020335
407.5717,5.9890,61.22,124.00,0.020778
407.6585,5.9890,62.03,124.00,0.020345
407.7480,5.9890,62.03,124.00,0.020914
407.8347,5.9890,62.03,124.00,0.020590
407.9243,5.9890,61.49,124.00,0.020879
408.0117,5.9660,62.03,124.00,0.021191
408.1011,5.9430,62.30,124.00,0.020662
408.1907,5.9430,61.49,124.00,0.020351
408.2797,5.9430,62.03,124.00,0.020451
408.3681,5.9430,61.49,124.00,0.020884
408.4575,5.9430,62.03,124.00,0.020329
408.5456,5.9430,61.49,124.00,0.019799
408.6343,5.9430,62.30,124.00,0.019525
408.7230,5.9430,61.76,124.00,0.020420
408.8127,5.9430,61.76,124.00,0.020491
408.9035,5.9430,61.76,124.00,0.020371
408.9952,5.8970,61.76,124.00,0.021112
409.0847,5.8510,61.49,124.00,0.020230
409.1715,5.8510,61.49,124.00,0.019832
409.2570,5.8510,61.49,124.00,0.019772
409.3453,5.8510,62.30,124.00,0.019531
409.4346,5.8510,62.03,124.00,0.019866
409.5216,5.8510,61.49,124.00,0.019377
409.6090,5.8510,62.03,123.00,0.019481
409.6981,5.8510,62.03,123.00,0.019595
409.7867,5.8510,61.49,123.00,0.020308
409.8747,5.8510,61.76,123.00,0.020242
409.9605,5.8510,61.76,123.00,0.020001
410.0490,5.8700,61.76,123.50,0.020770
410.1389,5.8890,61.76,123.50,0.020897
410.2310,5.8890,61.76,123.50,0.020725
410.3181,5.8890,61.76,123.50,0.020531
410.4074,5.8890,61.76,123.50,0.020533
410.4949,5.8890,61.76,123.50,0.020590
410.5863,5.8890,61.76,123.50,0.020349
410.6743,5.8890,62.03,123.00,0.021005
410.7643,5.8890,61.76,123.00,0.020445
410.8546,5.8890,61.49,123.00,0.020448
410.9467,5.8890,61.49,123.00,0.021291
411.0343,5.9025,62.03,123.00,0.020781
411.1261,5.9160,61.49,124.00,0.020033
411.2172,5.9160,62.03,123.50,0.020632
411.3108,5.9160,61.49,123.00,0.020352
411.4029,5.9160,61.76,123.00,0.020706
411.4925,5.9160,61.49,123.00,0.020421
411.5843,5.9160,62.30,123.50,0.020185
411.6733,5.9160,61.49,123.00,0.020331
411.7651,5.9160,61.49,123.00,0.020387
411.8572,5.9160,62.30,123.00,0.021225
411.9451,5.9160,62.30,123.00,0.020719
412.0354,5.9120,62.03,123.00,0.020953
412.1227,5.9120,61.76,123.50,0.020588
412.2101,5.9120,61.76,123.00,0.019938
412.2954,5.9120,61.76,123.00,0.019918
412.3831,5.9120,62.30,123.00,0.019449
412.4705,5.9120,61.76,123.00,0.020434
412.5594,5.9120,62.03,123.00,0.020555
412.6469,5.9120,62.30,123.00,0.020514
412.7357,5.9120,62.03,123.00,0.020305
412.8226,5.9120,62.03,123.00,0.020272
412.9141,5.9120,62.03,123.00,0.019673
413.0045,5.9120,61.22,123.00,0.020519
413.0961,5.9120,62.03,123.00,0.021215
413.1839,5.9120,62.03,123.00,0.020861
413.2755,5.9120,62.03,123.00,0.020902
413.3624,5.9120,61.76,123.00,0.020544
413.4515,5.9120,61.49,123.00,0.020429
413.5425,5.9120,62.03,123.00,0.021540
413.6310,5.9120,62.03,123.00,0.020206
413.7181,5.9120,62.30,123.00,0.020412
413.8119,5.9120,62.30,123.00,0.020904
413.8996,5.9120,61.49,123.00,0.020881
413.9914,5.9120,61.76,123.00,0.021255
414.0768,5.9120,62.03,123.00,0.019550
414.1661,5.9120,62.03,123.00,0.019902
414.2520,5.9120,62.03,123.00,0.020609
414.3428,5.9120,62.30,123.00,0.020685
414.4325,5.9700,62.30,123.00,0.021859
414.5297,5.9700,61.76,123.00,0.021311
414.6212,5.9700,61.76,123.00,0.021832
414.7164,5.9700,61.76,123.00,0.020931
414.8104,5.9700,62.30,123.00,0.021214
414.9052,5.9700,61.49,123.00,0.021277
414.9989,5.9145,61.49,123.00,0.022024
415.0947,5.8590,61.49,123.00,0.021696
415.1902,5.8590,61.22,123.00,0.022041
415.2883,5.8590,62.03,123.00,0.022358
415.3841,5.8590,61.76,123.00,0.022053
415.4796,5.8590,61.22,123.00,0.020977
415.5749,5.8590,61.76,123.00,0.021082
415.6721,5.8590,61.49,123.00,0.021343
415.7676,5.8590,61.76,123.00,0.021237
415.8625,5.8590,61.22,123.00,0.021166
415.9562,5.8590,62.03,123.00,0.021752
416.0525,5.8970,61.49,123.00,0.021212
416.1443,5.8970,62.03,123.00,0.021807
416.2397,5.8970,61.22,123.00,0.021550
416.3331,5.8970,61.76,123.00,0.021090
416.4290,5.8970,61.49,123.00,0.021536
416.5172,5.8970,61.76,123.00,0.020019
416.6091,5.8970,61.76,123.00,0.021444
416.7031,5.8970,61.49,123.00,0.020880
416.7981,5.8970,61.76,123.00,0.020906
416.8944,5.8970,61.76,123.00,0.021378
416.9932,5.8740,61.49,123.00,0.022292
417.0820,5.8510,61.76,123.00,0.020313
417.1707,5.8510,61.22,123.00,0.020150
417.2591,5.8510,61.49,123.00,0.019995
417.3548,5.8510,62.30,123.00,0.021481
417.4525,5.8510,61.76,123.00,0.021841
417.5503,5.8510,61.49,122.00,0.021845
417.6454,5.8510,61.76,122.00,0.021992
417.7389,5.8510,61.76,122.50,0.020520
417.8254,5.8510,61.49,122.50,0.020278
417.9149,5.8510,62.30,122.50,0.020188
418.0105,5.8550,61.76,122.50,0.022902
418.1086,5.8590,61.49,122.50,0.021939
418.2027,5.8590,61.76,122.50,0.022100
418.2983,5.8590,62.03,123.00,0.021243
418.3951,5.8590,62.30,123.00,0.021884
418.4935,5.8590,61.76,123.00,0.021502
418.5874,5.8590,61.49,123.00,0.021499
418.6789,5.8590,62.30,123.00,0.020800
418.7678,5.8590,61.49,123.00,0.021216
418.8580,5.8590,61.76,123.00,0.020767
418.9453,5.8590,61.76,123.00,0.020565
419.0364,5.9280,61.76,123.00,0.021068
419.1291,5.9280,61.76,123.00,0.021111
419.2232,5.9280,61.49,123.00,0.021156
419.3111,5.9280,61.76,123.00,0.020812
419.4029,5.9280,61.76,123.00,0.020496
419.4908,5.9280,61.49,123.00,0.020569
419.5827,5.9280,61.76,123.00,0.021040
419.6744,5.9280,61.49,123.00,0.020031
419.7678,5.9280,61.76,123.00,0.020254
419.8560,5.9280,61.76,122.50,0.020952
419.9495,5.9280,61.76,122.50,0.021628
420.0455,5.9240,61.76,122.00,0.021478
420.1394,5.9240,61.49,122.50,0.022190
420.2331,5.9240,61.76,123.00,0.021002
420.3306,5.9240,62.03,122.50,0.021480
420.4240,5.9240,61.49,122.50,0.021293
420.5194,5.9240,61.49,122.00,0.021016
420.6161,5.9240,61.22,122.00,0.021908
420.7124,5.9240,62.03,123.00,0.019781
420.7989,5.9240,62.30,123.00,0.020149
420.8878,5.9240,61.22,123.00,0.020099
420.9765,5.9240,61.76,123.00,0.020612
421.0685,5.8210,62.03,123.00,0.020945
421.1550,5.8210,61.76,123.00,0.020385
421.2478,5.8210,62.03,123.00,0.021600
421.3440,5.8210,62.03,123.00,0.022050
421.4409,5.8210,61.49,123.00,0.021481
421.5347,5.8210,61.76,123.00,0.021980
421.6273,5.8210,61.76,123.00,0.021285
421.7231,5.8210,61.22,123.00,0.021341
421.8206,5.8210,61.76,123.00,0.020496
421.9159,5.8210,61.49,123.00,0.021184
422.0116,5.8150,62.03,123.00,0.021194
422.1074,5.8090,61.49,123.00,0.021899
422.2052,5.8090,61.76,123.00,0.021514
422.2997,5.8090,62.03,123.00,0.022192
422.3969,5.8090,61.76,123.00,0.021009
422.4885,5.8090,61.49,123.00,0.021523
422.5855,5.8090,61.76,123.00,0.020957
422.6821,5.8090,61.76,123.00,0.021713
422.7707,5.8090,61.22,123.00,0.019722
422.8572,5.8090,61.22,123.00,0.020132
422.9549,5.8090,61.76,123.00,0.021254
423.0501,5.9010,61.22,123.00,0.020046
423.1472,5.9010,61.49,123.00,0.021251
423.2428,5.9010,61.76,123.50,0.021405
423.3401,5.9010,61.76,123.00,0.021448
423.4331,5.9010,61.49,123.00,0.021230
423.5300,5.9010,62.03,123.00,0.021836
423.6214,5.9010,61.22,123.00,0.022090
423.7177,5.9010,61.22,123.00,0.021980
423.8117,5.9010,61.49,123.00,0.021466
423.9070,5.9010,62.03,123.00,0.021566
424.0044,5.8840,61.76,123.00,0.021776
424.0979,5.8670,61.49,123.00,0.020035
424.1863,5.8670,61.49,123.00,0.019497
424.2795,5.8670,61.49,123.00,0.020819
424.3751,5.8670,61.76,123.00,0.021130
424.4731,5.8670,61.76,123.00,0.021114
424.5682,5.8670,62.03,123.00,0.022183
424.6656,5.8670,62.03,123.00,0.021346
424.7591,5.8670,61.49,123.00,0.021858
424.8549,5.8670,62.03,123.00,0.021635
424.9412,5.8670,61.76,123.00,0.019433
425.0315,5.8670,61.76,123.00,0.019744
425.1183,5.8670,61.76,123.00,0.019744
425.2161,5.8510,61.22,123.00,0.022307
425.3100,5.8510,61.49,123.00,0.022322
425.4071,5.8510,62.03,123.00,0.020883
425.5039,5.8510,62.03,123.00,0.021307
425.6009,5.8510,61.22,123.00,0.021475
425.6975,5.8510,62.03,123.00,0.021631
425.7925,5.8510,61.49,123.00,0.020677
425.8829,5.8510,61.49,123.00,0.020421
425.9757,5.8510,62.03,123.00,0.020909
426.0638,5.7900,61.49,123.00,0.020883
426.1554,5.7900,61.49,123.00,0.020725
426.2438,5.7900,61.49,123.00,0.021745
426.3346,5.7900,61.49,123.00,0.020494
426.4225,5.7900,62.30,123.00,0.020412
426.5116,5.7900,61.76,123.00,0.020797
426.5999,5.7900,62.03,123.00,0.021254
426.6916,5.7900,61.76,123.00,0.021040
426.7801,5.7900,61.49,123.00,0.021433
426.8716,5.7900,61.49,123.00,0.020956
426.9624,5.7900,61.49,123.00,0.021128
427.0524,5.9200,61.49,123.00,0.021293
427.1398,5.9200,61.76,123.00,0.020289
427.2326,5.9200,61.76,123.00,0.021780
427.3252,5.9200,61.49,123.00,0.021293
427.4207,5.9200,62.03,123.00,0.021461
427.5151,5.9200,61.49,123.00,0.021315
427.6143,5.9200,62.03,123.00,0.021867
427.7074,5.9200,61.76,123.00,0.021267
427.8046,5.9200,61.49,123.00,0.021156
427.9013,5.9200,61.49,123.00,0.021509
428.0000,5.8725,61.49,123.00,0.022492
428.0951,5.8250,61.22,123.00,0.020773
428.1895,5.8250,61.76,123.00,0.020902
428.2785,5.8250,61.76,123.00,0.021140
428.3713,5.8250,61.76,123.00,0.021074
428.4618,5.8250,61.76,123.00,0.020727
428.5548,5.8250,61.49,123.00,0.020657
428.6441,5.8250,61.49,123.00,0.020696
428.7347,5.8250,61.76,123.00,0.020873
428.8249,5.8250,61.76,123.00,0.020633
428.9190,5.8250,61.76,123.00,0.020025
429.0085,5.8745,61.49,123.00,0.020705
429.0973,5.9240,61.76,123.00,0.019913
429.1843,5.9240,62.30,123.00,0.020710
429.2767,5.9240,61.76,123.00,0.020667
429.3637,5.9240,61.49,123.00,0.020668
429.4551,5.9240,62.03,123.00,0.020273
429.5434,5.9240,61.49,123.00,0.020920
429.6356,5.9240,61.22,123.00,0.020872
429.7256,5.9240,61.76,122.50,0.020927
429.8185,5.9240,61.22,122.00,0.020522
429.9085,5.9240,62.03,122.50,0.020186
429.9998,5.9180,61.76,122.00,0.020838
430.0880,5.9120,62.03,122.50,0.020951
430.1800,5.9120,62.03,123.00,0.020591
430.2686,5.9120,62.03,123.00,0.020992
430.3615,5.9120,61.22,123.00,0.020783
430.4523,5.9120,61.76,123.00,0.021614
430.5448,5.9120,61.49,123.00,0.020944
430.6369,5.9120,62.03,123.00,0.021500
430.7292,5.9120,62.30,123.00,0.020229
430.8200,5.9120,61.22,123.00,0.020703
430.9102,5.9120,62.03,123.00,0.019803
430.9977,5.9120,61.76,123.00,0.020167
431.0869,5.9120,62.03,123.00,0.019982
431.1765,5.9105,62.03,122.50,0.021066
431.2679,5.9090,61.49,122.00,0.019916
431.3572,5.9090,61.49,122.00,0.020000
431.4459,5.9090,61.76,122.50,0.019596
431.5350,5.9090,61.22,122.50,0.020316
431.6234,5.9090,62.03,122.00,0.019850
431.7110,5.9090,61.76,122.00,0.020470
431.8030,5.9090,61.49,122.00,0.020438
431.8907,5.9090,61.49,122.00,0.020619
431.9801,5.9200,61.76,122.00,0.021229
432.0705,5.9310,61.22,122.00,0.020521
432.1594,5.9310,61.22,122.00,0.020093
432.2523,5.9310,62.03,122.50,0.021179
432.3444,5.9310,61.76,122.00,0.020861
432.4359,5.9310,62.30,122.00,0.020744
432.5276,5.9310,62.03,122.00,0.020548
432.6136,5.9310,61.49,122.50,0.019741
432.7032,5.9310,62.03,122.00,0.020248
432.7892,5.9310,61.22,122.50,0.019781
432.8805,5.9310,61.22,122.50,0.020495
432.9701,5.9310,61.49,122.00,0.020432
433.0633,6.0040,62.03,122.00,0.021092
433.1510,6.0040,61.49,122.00,0.020541
433.2431,6.0040,62.30,122.00,0.020986
433.3307,6.0040,62.30,122.00,0.020337
433.4224,6.0040,62.03,122.00,0.020450
433.5106,6.0040,61.49,122.00,0.020758
433.5995,6.0040,62.30,122.00,0.020471
433.6913,6.0040,61.76,122.00,0.020556
433.7790,6.0040,62.30,122.00,0.020079
433.8686,6.0040,62.03,122.00,0.020852
433.9609,6.0040,62.03,122.00,0.020814
434.0516,5.9580,61.49,122.00,0.020600
434.1416,5.9580,62.30,122.00,0.020621
434.2309,5.9580,62.03,122.00,0.020556
434.3206,5.9580,61.76,122.00,0.020686
434.4106,5.9580,62.03,122.00,0.020782
434.5004,5.9580,61.49,122.00,0.020596
434.5887,5.9580,61.76,122.00,0.021322
434.6804,5.9580,62.30,122.00,0.020919
434.7674,5.9580,61.76,122.00,0.020083
434.8587,5.9580,61.76,122.00,0.020487
434.9490,5.9580,62.30,122.00,0.021139
435.0427,5.9090,61.76,122.00,0.020416
435.1302,5.9090,62.30,122.00,0.020030
435.2197,5.9090,61.22,122.00,0.020699
435.3078,5.9090,62.03,122.00,0.021100
435.3988,5.9090,61.49,122.00,0.020476
435.4868,5.9090,61.49,122.00,0.020189
435.5763,5.9090,61.76,122.00,0.020808
435.6642,5.9090,62.03,122.00,0.021253
435.7550,5.9090,62.30,122.00,0.019655
435.8412,5.9090,62.03,122.00,0.019727
435.9332,5.9090,61.76,122.00,0.020483
436.0219,5.9490,62.03,122.00,0.021175
436.1123,5.9890,62.03,122.00,0.020844
436.1995,5.9890,62.03,122.00,0.020518
436.2926,5.9890,61.76,122.00,0.021364
436.3804,5.9890,61.76,122.00,0.021041
436.4697,5.9890,61.49,122.00,0.020438
436.5598,5.9890,61.76,122.00,0.021020
436.6499,5.9890,61.49,122.00,0.020623
436.7405,5.9890,61.76,122.00,0.021269
436.8347,5.9890,62.03,122.00,0.020805
436.9253,5.9890,62.03,122.00,0.020695
437.0189,5.9890,61.76,122.00,0.020602
437.1099,5.9890,62.03,122.00,0.020726
437.1995,5.9890,61.49,122.00,0.021201
437.2876,5.9890,62.30,122.00,0.020123
437.3777,5.9890,62.30,122.00,0.020140
437.4659,5.9890,61.76,122.00,0.020362
437.5564,5.9890,62.03,122.00,0.020868
437.6475,5.9890,61.76,122.00,0.020886
437.7373,5.9890,62.03,122.00,0.020194
437.8256,5.9890,61.49,122.00,0.020391
437.9160,5.9890,61.76,122.00,0.021013
438.0061,5.9890,62.03,122.00,0.019955
438.0977,5.9890,61.76,122.00,0.020425
438.1866,5.9120,61.76,122.00,0.020727
438.2758,5.9120,61.76,122.00,0.020538
438.3613,5.9120,61.76,122.00,0.019581
438.4536,5.9120,61.76,122.00,0.020227
438.5453,5.9120,61.76,122.00,0.020643
438.6393,5.9120,61.76,122.00,0.021001
438.7277,5.9120,62.03,122.00,0.021182
438.8185,5.9120,61.76,122.00,0.019936
438.9067,5.9120,61.49,122.00,0.020771
438.9986,5.9255,61.76,122.00,0.020873
439.0888,5.9390,61.49,122.00,0.020405
439.1783,5.9390,61.76,122.00,0.020695
439.2663,5.9390,61.76,122.00,0.020181
439.3537,5.9390,61.49,122.00,0.019773
439.4391,5.9390,61.76,122.00,0.019576
439.5264,5.9390,61.49,122.00,0.019715
439.6134,5.9390,61.76,122.00,0.020193
439.7057,5.9390,61.49,122.00,0.019345
439.7936,5.9390,61.76,122.00,0.019915
439.8819,5.9390,61.49,122.00,0.020746
439.9699,5.9390,61.49,122.00,0.020955
440.0605,5.9580,61.49,122.00,0.020915
440.1506,5.9580,61.76,122.00,0.020136
440.2389,5.9580,62.03,122.00,0.019765
440.3265,5.9580,62.30,122.00,0.019686
440.4150,5.9580,62.03,122.00,0.020504
440.5046,5.9580,62.03,122.00,0.020339
440.5943,5.9580,61.49,122.00,0.021031
440.6824,5.9580,61.49,122.00,0.019792
440.7696,5.9580,61.76,122.00,0.020087
440.8589,5.9580,62.03,122.00,0.020678
440.9515,5.9580,61.76,122.00,0.020674
441.0420,5.9310,62.30,122.00,0.020784
441.1320,5.9310,61.76,122.00,0.021056
441.2225,5.9310,62.03,122.00,0.020146
441.3126,5.9310,62.30,122.00,0.020814
441.4027,5.9310,62.30,122.00,0.021222
441.4904,5.9310,62.03,122.00,0.019899
441.5761,5.9310,61.49,122.00,0.019778
441.6639,5.9310,62.30,122.00,0.019946
441.7540,5.9310,61.22,122.00,0.021158
441.8429,5.9310,61.76,122.00,0.020738
441.9314,5.9310,61.76,122.00,0.020949
442.0207,5.9540,61.76,122.50,0.020908
442.1110,5.9770,61.76,122.00,0.021147
442.2004,5.9770,61.76,122.00,0.020392
442.2907,5.9770,61.76,122.00,0.020578
442.3787,5.9770,62.03,122.00,0.019501
442.4678,5.9770,61.76,122.00,0.020441
442.5600,5.9770,61.49,122.00,0.020461
442.6504,5.9770,61.76,122.00,0.020402
442.7423,5.9770,61.76,122.00,0.020465
442.8307,5.9770,61.76,122.00,0.021014
442.9228,5.9770,61.76,122.00,0.020873
443.0131,5.9430,62.03,122.00,0.020679
443.1029,5.9090,62.03,122.00,0.020260
443.1926,5.9090,62.03,122.00,0.019556
443.2829,5.9090,61.49,122.00,0.019536
443.3705,5.9090,61.76,122.00,0.019764
443.4585,5.9090,61.49,122.00,0.020324
443.5482,5.9090,62.03,122.00,0.020293
443.6394,5.9090,61.49,122.00,0.020922
443.7306,5.9090,61.76,122.00,0.020623
443.8209,5.9090,61.49,122.00,0.021184
443.9125,5.9090,62.03,122.00,0.020708
444.0029,5.9165,61.76,122.00,0.022279
444.0960,5.9240,61.76,122.00,0.021105
444.1830,5.9240,61.22,122.00,0.019817
444.2714,5.9240,62.03,122.00,0.020507
444.3589,5.9240,62.03,122.00,0.019935
444.4490,5.9240,61.49,122.50,0.020674
444.5403,5.9240,61.49,122.00,0.020704
444.6279,5.9240,62.03,122.00,0.020828
444.7218,5.9240,61.49,122.00,0.021141
444.8110,5.9240,61.49,122.00,0.020293
444.9007,5.9240,62.03,122.00,0.020681
444.9891,5.9315,61.76,122.00,0.021570
445.0790,5.9390,62.03,122.00,0.021260
445.1667,5.9390,61.49,122.00,0.020557
445.2558,5.9390,61.22,122.00,0.019936
445.3413,5.9390,61.49,122.00,0.019775
445.4305,5.9390,61.76,122.00,0.019610
445.5174,5.9390,61.49,122.00,0.020808
445.6111,5.9390,61.49,122.00,0.020700
445.7010,5.9390,61.76,122.00,0.020857
445.7928,5.9390,61.76,122.00,0.020953
445.8819,5.9390,61.76,122.00,0.020123
445.9689,5.9390,61.76,122.00,0.019798
446.0546,5.9390,61.76,122.00,0.019858
446.1431,5.9275,62.30,122.00,0.020110
446.2295,5.9160,61.49,122.00,0.019920
446.3190,5.9160,61.76,122.00,0.019392
446.4061,5.9160,62.30,122.00,0.020723
446.4949,5.9160,61.76,122.00,0.020328
446.5881,5.9160,62.03,122.00,0.020580
446.6786,5.9160,61.49,122.00,0.020928
446.7670,5.9160,62.03,122.00,0.021187
446.8587,5.9160,61.76,122.00,0.020395
446.9481,5.9160,62.30,122.00,0.020179
447.0371,5.9160,61.49,122.00,0.020043
447.1251,5.9160,62.30,122.00,0.020057
447.2149,5.9160,62.03,122.00,0.020051
447.3026,5.9160,62.03,122.00,0.021100
447.3903,5.9160,62.03,122.00,0.019572
447.4769,5.9160,62.03,122.00,0.019657
447.5673,5.9160,61.49,122.00,0.020748
447.6570,5.9160,61.76,122.00,0.020729
447.7469,5.9160,61.49,122.00,0.020531
447.8345,5.9160,61.49,122.00,0.020580
447.9254,5.9160,61.49,122.00,0.019620
448.0159,5.9160,62.03,122.00,0.020171
448.1031,5.9160,61.76,122.00,0.019678
448.1931,5.9350,62.03,122.00,0.020987
448.2825,5.9540,61.76,122.00,0.020528
448.3723,5.9540,61.49,122.00,0.020563
448.4634,5.9540,61.76,122.00,0.020383
448.5535,5.9540,62.30,122.00,0.021013
448.6430,5.9540,61.49,122.00,0.020552
448.7310,5.9540,61.76,122.00,0.020337
448.8237,5.9540,62.03,122.00,0.020955
448.9118,5.9540,62.30,122.00,0.020669
449.0038,5.9370,61.76,122.00,0.020649
449.0944,5.9200,61.49,122.00,0.020846
449.1863,5.9200,61.76,122.00,0.020780
449.2757,5.9200,61.76,122.00,0.021255
449.3666,5.9200,61.49,122.00,0.020169
449.4542,5.9200,62.03,122.00,0.020371
449.5435,5.9200,61.76,122.00,0.020106
449.6308,5.9200,62.03,122.00,0.020262
449.7227,5.9200,61.76,122.00,0.020445
449.8117,5.9200,62.30,122.00,0.020222
449.8988,5.9200,61.76,122.00,0.019706
449.9860,5.9200,61.76,122.00,0.020275
450.0777,5.9470,62.03,122.00,0.020183
450.1682,5.9470,61.76,122.00,0.021317
450.2589,5.9470,62.03,122.00,0.020739
450.3475,5.9470,61.49,122.00,0.021421
450.4379,5.9470,61.76,122.00,0.020853
450.5254,5.9470,61.76,122.00,0.020543
450.6171,5.9470,62.30,122.00,0.020513
450.7095,5.9470,62.30,122.00,0.021587
450.7985,5.9470,62.30,122.00,0.019964
450.8861,5.9470,62.03,122.00,0.020762
450.9789,5.9470,62.03,122.00,0.021266
451.0668,5.9470,62.03,122.00,0.019713
451.1551,5.9470,61.49,122.00,0.019685
451.2415,5.9470,62.03,122.00,0.019824
451.3321,5.9470,62.30,122.00,0.020388
451.4210,5.9470,62.03,122.00,0.021450
451.5114,5.9470,61.49,122.00,0.020921
451.6003,5.9470,62.03,122.00,0.021062
451.6920,5.9470,62.30,122.00,0.020780
451.7800,5.9470,61.76,122.00,0.020655
451.8716,5.9470,62.03,122.00,0.020610
451.9597,5.9470,62.03,122.00,0.020670
452.0505,5.9470,61.76,122.00,0.020783
452.1391,5.9470,62.03,122.00,0.021279
452.2307,5.9470,62.03,122.00,0.020897
452.3196,5.9470,61.76,122.00,0.021003
452.4111,5.9470,62.03,122.00,0.020555
452.5004,5.9470,61.76,122.00,0.021098
452.5949,5.9470,61.76,122.00,0.020576
452.6853,5.9470,61.49,122.00,0.020832
452.7775,5.9470,61.76,122.00,0.020789
452.8682,5.9470,62.03,122.00,0.020610
452.9606,5.9470,62.30,122.00,0.020935
453.0505,5.9350,62.03,122.00,0.019956
453.1384,5.9350,61.49,122.00,0.020012
453.2260,5.9350,61.76,122.00,0.020851
453.3171,5.9350,62.30,122.00,0.020981
453.4060,5.9350,62.30,122.00,0.020834
453.4972,5.9350,62.30,122.00,0.020657
453.5867,5.9350,61.76,122.00,0.021024
453.6761,5.9350,62.03,122.00,0.020672
453.7635,5.9350,61.49,122.00,0.020230
453.8557,5.9350,61.49,122.00,0.020831
453.9437,5.9350,61.76,122.00,0.020620
454.0351,5.9445,61.76,122.00,0.020795
454.1228,5.9540,62.03,122.00,0.020113
454.2102,5.9540,62.30,122.00,0.019600
454.2984,5.9540,61.76,122.00,0.019957
454.3880,5.9540,62.30,122.00,0.020535
454.4786,5.9540,62.03,122.00,0.020621
454.5685,5.9540,62.03,122.00,0.020984
454.6588,5.9540,62.03,122.00,0.020350
454.7514,5.9540,61.76,122.00,0.020906
454.8384,5.9540,61.76,122.00,0.020548
454.9263,5.9540,61.49,122.00,0.020062
455.0127,5.9540,61.76,122.00,0.019609
455.1021,5.9540,61.76,122.00,0.019672
455.1923,5.9140,61.76,122.00,0.020454
455.2872,5.8740,62.03,122.00,0.020831
455.3748,5.8740,61.49,122.00,0.020907
455.4664,5.8740,61.22,122.00,0.020569
455.5549,5.8740,61.76,122.00,0.021496
455.6452,5.8740,62.03,122.00,0.019827
455.7342,5.8740,62.30,122.00,0.019467
455.8222,5.8740,61.76,122.00,0.019934
455.9111,5.8740,61.76,122.00,0.020318
456.0004,5.9180,61.76,122.00,0.020989
456.0886,5.9620,62.30,122.00,0.020548
456.1822,5.9620,61.49,122.00,0.020786
456.2715,5.9620,61.76,122.00,0.020936
456.3628,5.9620,61.49,122.00,0.020756
456.4522,5.9620,61.49,122.00,0.020657
456.5440,5.9620,61.76,122.00,0.021074
456.6348,5.9620,61.49,122.00,0.020780
456.7259,5.9620,62.03,122.00,0.020234
456.8151,5.9620,62.03,122.00,0.020777
456.9089,5.9620,62.03,122.00,0.020726
457.0021,5.9450,62.03,122.00,0.020810
457.0939,5.9280,61.76,122.00,0.020873
457.1839,5.9280,62.30,122.00,0.020430
457.2758,5.9280,62.03,122.00,0.020349
457.3644,5.9280,61.76,122.00,0.020921
457.4556,5.9280,62.03,122.00,0.020480
457.5429,5.9280,62.03,122.00,0.020341
457.6344,5.9280,61.76,122.00,0.020684
457.7218,5.9280,61.49,122.00,0.020392
457.8111,5.9280,61.49,122.00,0.020348
457.8993,5.9280,62.03,122.00,0.020476
457.9909,5.9410,61.76,122.00,0.021208
458.0795,5.9540,62.30,122.00,0.021003
458.1703,5.9540,62.30,122.00,0.019981
458.2605,5.9540,62.03,122.00,0.020837
458.3490,5.9540,62.03,122.00,0.020251
458.4386,5.9540,61.76,122.00,0.020279
458.5281,5.9540,61.76,122.00,0.020571
458.6160,5.9540,61.76,122.00,0.020365
458.7076,5.9540,62.30,122.00,0.020842
458.7987,5.9540,62.30,122.00,0.020360
458.8885,5.9540,62.03,122.00,0.020861
458.9758,5.9540,61.76,122.00,0.020509
459.0657,5.9430,62.03,122.00,0.020684
459.1563,5.9430,62.03,122.00,0.020546
459.2464,5.9430,62.03,122.00,0.020715
459.3361,5.9430,62.30,122.00,0.020365
459.4276,5.9430,62.03,122.00,0.020859
459.5153,5.9430,61.49,122.00,0.020787
459.6068,5.9430,62.03,122.00,0.020146
459.6969,5.9430,61.76,122.00,0.020783
459.7883,5.9430,62.30,122.00,0.020617
459.8764,5.9430,62.30,122.00,0.020678
459.9678,5.9430,61.76,122.00,0.020450
460.0591,5.9160,62.30,122.00,0.020687
460.1509,5.9160,62.03,122.00,0.020417
460.2396,5.9160,61.76,122.00,0.021150
460.3311,5.9160,62.03,123.00,0.020396
460.4189,5.9160,62.03,122.00,0.020091
460.5086,5.9160,62.30,122.50,0.020838
460.5994,5.9160,61.76,122.00,0.021415
460.6887,5.9160,62.03,122.00,0.020586
460.7794,5.9160,61.49,122.00,0.020961
460.8683,5.9160,62.03,122.00,0.020617
460.9589,5.9160,61.49,122.00,0.020628
461.0518,5.9620,61.76,122.00,0.020990
461.1417,5.9620,62.03,122.00,0.020675
461.2330,5.9620,61.49,122.00,0.022069
461.3230,5.9620,62.03,122.00,0.020821
461.4138,5.9620,62.03,122.00,0.020754
461.5011,5.9620,61.76,122.00,0.019839
461.5910,5.9620,62.30,122.00,0.019580
461.6794,5.9620,61.76,122.00,0.020915
461.7698,5.9620,62.30,122.00,0.021119
461.8583,5.9620,61.49,122.00,0.019475
461.9458,5.9620,62.30,122.00,0.019889
462.0324,5.9620,62.03,122.00,0.020175
462.1252,5.9125,61.49,122.00,0.021958
462.2190,5.8630,62.03,122.00,0.021546
462.3166,5.8630,62.30,122.00,0.021445
462.4126,5.8630,61.76,122.00,0.021512
462.5093,5.8630,61.49,122.00,0.021700
462.6031,5.8630,62.03,122.00,0.021850
462.6990,5.8630,62.03,122.00,0.021877
462.7860,5.8630,61.49,122.00,0.020150
462.8756,5.8630,62.30,122.00,0.019852
462.9679,5.8630,61.76,122.00,0.021693
463.0645,5.8280,61.76,122.00,0.021916
463.1602,5.8280,62.03,122.00,0.021124
463.2492,5.8280,61.76,122.00,0.019984
463.3360,5.8280,61.22,122.00,0.020221
463.4267,5.8280,62.30,122.00,0.020212
463.5166,5.8280,61.49,122.00,0.021471
463.6078,5.8280,61.22,122.00,0.019731
463.6950,5.8280,61.76,122.00,0.020801
463.7876,5.8280,61.76,122.00,0.021315
463.8761,5.8280,61.49,122.00,0.021016
463.9665,5.8280,61.76,122.00,0.021303
464.0591,5.9390,62.03,122.00,0.020615
464.1507,5.9390,62.03,123.00,0.020201
464.2372,5.9390,62.03,123.00,0.020140
464.3287,5.9390,62.03,123.00,0.020894
464.4183,5.9390,61.76,123.00,0.020468
464.5107,5.9390,61.76,123.00,0.020482
464.6008,5.9390,61.76,123.00,0.020776
464.6929,5.9390,61.76,123.00,0.021521
464.7834,5.9390,61.49,123.00,0.020987
464.8724,5.9390,62.03,123.00,0.020678
464.9621,5.9390,61.76,123.00,0.020469
465.0534,5.9390,61.76,123.00,0.020694
465.1430,5.9390,62.03,123.00,0.020361
465.2332,5.9390,62.03,123.00,0.021492
465.3227,5.9390,62.30,123.00,0.020783
465.4107,5.9390,62.03,123.00,0.019825
465.4986,5.9390,62.03,123.00,0.019883
465.5863,5.9390,62.03,123.00,0.019595
465.6759,5.9390,61.76,123.00,0.020915
465.7666,5.9390,61.49,123.00,0.020384
465.8548,5.9390,62.03,123.00,0.019979
465.9479,5.9390,61.76,123.00,0.020133
466.0381,5.9390,61.49,123.00,0.021058
466.1297,5.9390,61.76,123.00,0.020671
466.2200,5.9390,62.03,123.00,0.020672
466.3116,5.9390,61.76,123.00,0.020133
466.3993,5.9335,61.76,123.00,0.020512
466.4894,5.9280,61.49,123.00,0.021400
466.5786,5.9280,61.76,123.00,0.020392
466.6702,5.9280,61.76,123.00,0.020551
466.7597,5.9280,61.76,123.00,0.020895
466.8510,5.9280,61.76,123.00,0.020383
466.9382,5.9280,62.03,123.00,0.020384
467.0267,5.9505,61.76,123.00,0.020318
467.1164,5.9730,62.03,123.00,0.020448
467.2079,5.9730,61.76,123.50,0.020916
467.2948,5.9730,62.30,124.00,0.020852
467.3840,5.9730,62.03,124.00,0.020606
467.4705,5.9730,61.76,124.00,0.020454
467.5598,5.9730,62.30,124.00,0.020571
467.6493,5.9730,61.49,124.00,0.020610
467.7405,5.9730,62.03,124.00,0.020927
467.8296,5.9730,61.49,124.00,0.021101
467.9211,5.9730,61.76,124.00,0.021193
468.0115,5.9540,61.22,124.00,0.021317
468.0999,5.9350,61.49,124.00,0.020488
468.1869,5.9350,61.49,124.00,0.020629
468.2782,5.9350,61.76,124.00,0.020923
468.3673,5.9350,61.49,124.00,0.020850
468.4587,5.9350,61.49,124.00,0.020852
468.5483,5.9350,62.30,124.00,0.020610
468.6396,5.9350,62.03,124.00,0.021058
468.7275,5.9350,62.03,124.00,0.021408
468.8159,5.9350,62.03,124.00,0.019861
468.9037,5.9350,62.03,124.00,0.020775
468.9942,5.9600,61.22,124.00,0.021322
469.0818,5.9850,61.76,124.00,0.020696
469.1733,5.9850,62.30,124.00,0.020959
469.2652,5.9850,62.30,124.00,0.021489
469.3546,5.9850,61.49,124.00,0.020277
469.4426,5.9850,62.30,124.00,0.020061
469.5335,5.9850,61.49,124.00,0.020434
469.6226,5.9850,61.49,124.00,0.019687
469.7106,5.9850,62.03,124.00,0.019707
469.8011,5.9850,62.03,124.00,0.019915
469.8977,5.9850,61.49,124.00,0.021553
469.9948,5.9295,61.49,124.00,0.022615
470.0970,5.8740,62.03,124.00,0.025029
470.1863,5.8740,61.49,124.00,0.019451
470.2740,5.8740,62.03,124.00,0.019793
470.3622,5.8740,61.49,124.00,0.020097
470.4563,5.8740,61.49,124.00,0.021868
470.5516,5.8740,62.03,124.00,0.021534
470.6474,5.8740,61.49,124.00,0.021972
470.7406,5.8740,61.49,124.00,0.021755
470.8382,5.8740,61.76,124.00,0.021713
470.9296,5.8740,61.76,124.00,0.021483
471.0245,5.8740,61.49,124.00,0.021205
471.1192,5.8740,61.49,124.00,0.021365
471.2173,5.8740,62.30,124.00,0.021252
471.3133,5.8740,61.76,124.00,0.021417
471.4115,5.8740,61.76,124.00,0.021780
471.5070,5.8740,61.49,124.00,0.021948
471.6059,5.8740,62.03,124.00,0.022016
471.7025,5.8740,62.03,124.00,0.021970
471.8003,5.8740,61.49,124.00,0.021404
471.8948,5.8740,61.76,124.00,0.020785
471.9834,5.8740,61.76,124.00,0.019482
472.0701,5.8740,61.49,124.00,0.019990
472.1606,5.8740,62.03,124.00,0.020911
472.2504,5.8740,61.49,124.00,0.019915
472.3377,5.8740,62.30,124.00,0.019720
472.4288,5.8130,62.03,124.00,0.022050
472.5281,5.7520,62.03,124.00,0.022024
472.6196,5.7520,61.49,124.00,0.020683
472.7101,5.7520,62.03,124.00,0.020929
472.8000,5.7520,62.30,124.00,0.020706
472.8911,5.7520,61.76,124.00,0.020858
472.9780,5.8415,61.49,124.00,0.020598
473.0682,5.9310,61.76,124.00,0.020623
473.1585,5.9310,62.03,124.00,0.020975
473.2482,5.9310,61.49,124.00,0.021380
473.3357,5.9310,61.49,124.00,0.020606
473.4241,5.9310,62.03,124.00,0.020105
473.5107,5.9310,61.76,124.00,0.020544
473.5989,5.9310,61.49,124.00,0.020434
473.6861,5.9310,61.76,124.00,0.020911
473.7752,5.9310,62.03,124.00,0.020407
473.8628,5.9310,61.49,124.00,0.021026
473.9549,5.9310,62.03,124.00,0.020535
474.0469,6.0080,62.03,124.00,0.020465
474.1381,6.0080,62.30,124.00,0.020482
474.2312,6.0080,61.76,124.00,0.021100
474.3202,6.0080,62.03,124.00,0.020603
474.4062,6.0080,61.49,124.00,0.020089
474.4939,6.0080,61.76,124.00,0.020170
474.5795,6.0080,62.03,124.00,0.020084
474.6685,6.0080,61.76,124.00,0.020769
474.7581,6.0080,61.76,124.00,0.020692
474.8492,6.0080,61.49,124.00,0.020437
474.9396,6.0080,61.76,124.00,0.021030
475.0292,5.9715,61.76,124.00,0.020575
475.1196,5.9350,61.76,124.00,0.020918
475.2103,5.9350,62.03,124.00,0.020704
475.2981,5.9350,61.76,124.00,0.020784
475.3876,5.9350,62.03,124.00,0.021126
475.4764,5.9350,61.49,124.00,0.020067
475.5669,5.9350,62.30,124.00,0.020062
475.6541,5.9350,61.76,124.00,0.020733
475.7427,5.9350,62.03,124.00,0.020308
475.8283,5.9350,61.49,124.00,0.019750
475.9149,5.9350,61.76,124.00,0.019604
476.0044,5.9295,61.76,124.00,0.021390
476.0959,5.9240,62.03,124.00,0.020862
476.1878,5.9240,62.03,124.00,0.020378
476.2786,5.9240,61.76,124.00,0.019984
476.3661,5.9240,61.22,124.00,0.019692
476.4534,5.9240,61.49,124.00,0.019714
476.5404,5.9240,62.03,124.00,0.020774
476.6324,5.9240,61.76,124.00,0.020309
476.7223,5.9240,61.49,124.00,0.020825
476.8105,5.9240,62.03,124.00,0.020571
476.9008,5.9240,62.30,124.00,0.020854
476.9923,5.9275,61.22,124.00,0.020710
477.0820,5.9310,61.76,124.00,0.020930
477.1729,5.9310,61.76,124.00,0.020910
477.2588,5.9310,61.76,124.00,0.019758
477.3458,5.9310,62.03,124.00,0.019601
477.4326,5.9310,61.49,124.00,0.019864
477.5218,5.9310,61.76,124.00,0.020281
477.6102,5.9310,62.03,124.00,0.020858
477.6997,5.9310,62.03,124.00,0.021148
477.7902,5.9310,61.76,124.00,0.020581
477.8843,5.9310,62.03,124.00,0.020750
477.9718,5.9310,61.76,123.50,0.020722
478.0607,5.9350,61.76,123.50,0.020652
478.1464,5.9350,61.76,123.50,0.019703
478.2340,5.9350,62.03,124.00,0.020046
478.3243,5.9350,62.30,124.00,0.021114
478.4134,5.9350,61.76,124.00,0.020402
478.5000,5.9350,61.49,124.00,0.020142
478.5914,5.9350,61.76,124.00,0.020748
478.6794,5.9350,61.49,124.00,0.020782
478.7671,5.9350,61.76,124.00,0.019393
478.8523,5.9350,62.03,124.00,0.019556
478.9393,5.9350,61.76,124.00,0.019423
479.0249,5.9350,61.76,124.00,0.019736
479.1173,6.0340,62.30,124.00,0.020341
479.2067,6.0340,62.03,124.00,0.020310
479.2963,6.0340,62.03,124.00,0.020609
479.3839,6.0340,61.76,124.00,0.021426
479.4722,6.0340,61.49,124.00,0.020301
479.5637,6.0340,62.03,124.00,0.020596
479.6524,6.0340,61.49,124.00,0.020811
479.7425,6.0340,61.76,124.00,0.020825
479.8324,6.0340,62.03,124.00,0.020620
479.9198,6.0340,62.03,124.00,0.021024
480.0110,5.9810,62.03,123.50,0.020811
480.1005,5.9280,62.03,123.50,0.020535
480.1925,5.9280,62.03,123.00,0.020580
480.2801,5.9280,62.03,123.00,0.021297
480.3687,5.9280,62.03,123.00,0.020702
480.4558,5.9280,62.03,123.00,0.020384
480.5454,5.9280,62.30,123.50,0.020442
480.6329,5.9280,61.49,123.00,0.020458
480.7243,5.9280,62.03,123.00,0.020885
480.8147,5.9280,61.49,123.00,0.021195
480.9055,5.9280,62.30,123.50,0.020327
480.9950,5.9470,62.03,123.00,0.020627
481.0892,5.9660,62.03,123.00,0.021096
481.1789,5.9660,62.03,123.00,0.020383
481.2687,5.9660,61.76,123.00,0.020738
481.3620,5.9660,62.30,124.00,0.021479
481.4599,5.9660,61.76,124.00,0.021329
481.5550,5.9660,62.30,123.50,0.021682
481.6528,5.9660,61.76,123.50,0.021304
481.7486,5.9660,62.03,123.00,0.021458
481.8452,5.9660,62.03,123.00,0.022336
481.9372,5.9660,62.03,123.50,0.021774
482.0358,5.8360,61.76,123.00,0.021428
482.1287,5.8360,61.76,123.00,0.020848
482.2253,5.8360,61.49,123.00,0.021589
482.3212,5.8360,61.76,123.00,0.022148
482.4171,5.8360,62.03,123.00,0.021937
482.5112,5.8360,62.03,123.00,0.021951
482.6049,5.8360,62.03,123.00,0.020821
482.6943,5.8360,61.76,123.00,0.019470
482.7827,5.8360,61.76,123.00,0.019933
482.8694,5.8360,61.76,123.00,0.019995
482.9601,5.8360,61.76,123.00,0.020273
483.0577,5.8630,62.03,123.00,0.021311
483.1527,5.8630,61.76,123.00,0.020763
483.2465,5.8630,62.03,123.00,0.021415
483.3427,5.8630,62.03,123.00,0.021946
483.4358,5.8630,61.76,123.00,0.021745
483.5342,5.8630,62.03,123.00,0.021988
483.6281,5.8630,61.76,123.00,0.021813
483.7246,5.8630,61.22,123.00,0.021514
483.8166,5.8630,61.76,123.00,0.021497
483.9146,5.8630,62.03,123.00,0.021263
484.0115,5.8630,61.22,123.00,0.021904
484.1085,5.8630,61.76,123.00,0.021467
484.2036,5.8630,61.22,123.00,0.022105
484.2967,5.8630,61.76,123.00,0.021560
484.3921,5.8630,61.76,123.00,0.021641
484.4873,5.8630,61.22,123.00,0.020910
484.5825,5.8630,61.76,123.00,0.021095
484.6809,5.8630,61.76,123.00,0.020880
484.7764,5.8630,61.76,123.00,0.021378
484.8725,5.8630,62.30,123.00,0.020113
484.9584,5.8630,61.76,123.00,0.019678
485.0475,5.8630,61.76,123.00,0.020008
485.1363,5.8630,61.76,123.00,0.021532
485.2353,5.8630,61.76,123.00,0.022990
485.3293,5.8630,61.76,123.00,0.022412
485.4248,5.8630,62.03,123.00,0.021897
485.5201,5.8630,61.76,123.00,0.021882
485.6114,5.8630,61.22,123.00,0.019521
485.6965,5.8630,62.03,123.00,0.019592
485.7848,5.8630,62.03,123.00,0.019969
485.8729,5.8630,61.76,123.00,0.019804
485.9650,5.8630,61.76,123.00,0.020947
486.0592,5.8630,61.76,123.00,0.020570
486.1519,5.8630,62.03,123.00,0.021655
486.2490,5.8630,61.76,123.00,0.022786
486.3455,5.8630,61.76,123.00,0.022105
486.4393,5.8630,62.03,123.00,0.021063
486.5377,5.8630,62.03,123.00,0.020780
486.6339,5.8630,61.49,123.00,0.020697
486.7260,5.8630,61.76,123.00,0.020656
486.8138,5.8630,61.49,123.00,0.020762
486.9034,5.8630,62.03,123.00,0.021147
486.9915,5.8630,61.76,123.00,0.021165
487.0828,5.9090,61.76,123.00,0.020842
487.1728,5.9090,61.76,123.00,0.020535
487.2645,5.9090,62.30,123.00,0.020585
487.3537,5.9090,61.76,123.00,0.020480
487.4465,5.9090,62.30,123.00,0.020359
487.5367,5.9090,61.49,123.00,0.020997
487.6274,5.9090,62.03,123.00,0.019672
487.7135,5.9090,61.76,123.00,0.020154
487.8041,5.9090,61.49,123.00,0.020185
487.8920,5.9090,62.03,123.00,0.021305
487.9838,5.9090,61.22,123.00,0.021136
488.0736,5.9850,61.76,123.00,0.020505
488.1625,5.9850,62.30,123.00,0.020303
488.2502,5.9850,62.03,123.00,0.020638
488.3416,5.9850,61.76,123.00,0.020611
488.4314,5.9850,61.76,123.00,0.020524
488.5237,5.9850,61.49,123.00,0.020741
488.6109,5.9850,62.03,123.00,0.020903
488.7001,5.9850,62.03,123.00,0.021057
488.7870,5.9850,61.76,123.00,0.020273
488.8785,5.9850,61.22,123.00,0.020859
488.9665,5.9850,61.22,123.00,0.020827
489.0581,5.8930,61.76,123.00,0.020396
489.1484,5.8930,62.03,123.00,0.020947
489.2464,5.8930,61.76,123.00,0.021369
489.3348,5.8930,61.49,122.50,0.020576
489.4273,5.8930,61.76,122.50,0.020969
489.5168,5.8930,61.76,122.50,0.020844
489.6075,5.8930,61.49,122.00,0.020280
489.6956,5.8930,62.03,122.00,0.021443
489.7830,5.8930,61.49,122.00,0.019460
489.8692,5.8930,62.03,122.50,0.020095
489.9597,5.8930,62.03,122.00,0.020231
490.0495,5.9275,61.49,122.50,0.020556
490.1401,5.9620,61.49,122.00,0.020835
490.2268,5.9620,61.76,122.50,0.020783
490.3154,5.9620,62.30,122.00,0.020272
490.4032,5.9620,61.76,122.00,0.020830
490.4949,5.9620,62.03,122.00,0.020604
490.5828,5.9620,61.22,123.00,0.021124
490.6742,5.9620,61.49,123.00,0.020633
490.7635,5.9620,61.76,123.00,0.020855
490.8520,5.9620,61.22,122.50,0.020340
490.9398,5.9620,61.76,122.50,0.020727
491.0314,5.9620,61.76,122.00,0.020601
491.1188,5.9620,61.76,122.00,0.020824
491.2124,5.9620,62.03,122.00,0.020464
491.3013,5.9620,61.49,122.00,0.019966
491.3900,5.9620,62.03,122.00,0.020411
491.4773,5.9620,62.03,122.00,0.020674
491.5714,5.9620,62.03,122.00,0.021032
491.6612,5.9620,62.03,122.00,0.020144
491.7521,5.9620,61.76,122.00,0.019956
491.8427,5.9620,61.76,122.00,0.020591
491.9346,5.9620,61.49,122.00,0.021212
492.0284,5.9620,62.03,122.00,0.021378
492.1256,5.8780,62.30,122.00,0.022102
492.2200,5.8780,62.03,122.00,0.021573
492.3159,5.8780,61.76,122.00,0.021556
492.4073,5.8780,61.76,122.00,0.020167
492.5004,5.8780,61.76,122.00,0.020849
492.5905,5.8780,62.03,122.00,0.019482
492.6779,5.8780,62.30,122.00,0.019715
492.7670,5.8780,62.30,122.00,0.020378
492.8608,5.8780,62.30,122.00,0.021527
492.9567,5.8780,61.76,122.00,0.021812
493.0544,5.9010,61.49,122.00,0.021690
493.1502,5.9010,61.76,122.00,0.021458
493.2402,5.9010,61.49,122.00,0.020940
493.3260,5.9010,62.03,122.00,0.019932
493.4145,5.9010,62.03,122.00,0.019880
493.5076,5.9010,61.76,122.00,0.021881
493.6047,5.9010,61.49,122.00,0.021149
493.7007,5.9010,61.76,122.00,0.021327
493.7966,5.9010,62.03,122.00,0.021576
493.8875,5.9010,61.76,122.00,0.019854
493.9780,5.9010,62.30,122.00,0.019937
494.0661,5.9010,61.76,122.00,0.020567
494.1606,5.8875,61.76,122.00,0.020450
494.2548,5.8740,61.49,122.00,0.021113
494.3536,5.8740,61.49,122.00,0.021646
494.4477,5.8740,62.30,122.00,0.021628
494.5478,5.8740,61.76,122.00,0.024715
494.6375,5.8740,61.49,122.00,0.021029
494.7269,5.8740,61.76,122.00,0.020729
494.8147,5.8740,62.03,122.00,0.020285
494.9042,5.8740,61.49,122.00,0.021067
494.9969,5.8875,62.03,122.00,0.021030
495.0897,5.9010,61.76,122.00,0.020658
495.1763,5.9010,62.30,122.00,0.020432
495.2674,5.9010,61.76,122.00,0.021009
495.3548,5.9010,62.03,122.00,0.020348
495.4453,5.9010,61.76,122.00,0.020542
495.5354,5.9010,61.76,122.00,0.020544
495.6270,5.9010,61.49,122.00,0.020735
495.7140,5.9010,62.03,122.00,0.020703
495.8021,5.9010,61.49,122.00,0.020063
495.8906,5.9010,61.76,122.00,0.021168
495.9835,5.9450,61.76,122.00,0.021480
496.0710,5.9890,61.76,122.00,0.020580
496.1591,5.9890,61.76,122.00,0.020144
496.2472,5.9890,61.49,122.00,0.020716
496.3359,5.9890,61.76,122.00,0.020520
496.4274,5.9890,61.76,122.00,0.020956
496.5162,5.9890,62.03,122.00,0.020777
496.6051,5.9890,61.76,122.00,0.020938
496.6959,5.9890,62.03,122.00,0.020789
496.7830,5.9890,61.49,122.00,0.020434
496.8725,5.9890,61.76,122.00,0.020741
496.9598,5.9890,62.30,122.00,0.020719
497.0522,5.9350,62.03,122.00,0.021018
497.1388,5.9350,62.03,122.00,0.020304
497.2304,5.9350,61.76,122.00,0.021163
497.3176,5.9350,61.49,122.00,0.020603
497.4101,5.9350,62.03,122.50,0.020183
497.4973,5.9350,62.03,123.00,0.020266
497.5880,5.9350,61.76,123.00,0.020431
497.6748,5.9350,62.30,123.00,0.020517
497.7637,5.9350,61.76,123.00,0.021045
497.8527,5.9350,61.76,123.00,0.020640
497.9434,5.9350,62.03,123.00,0.020671
498.0350,6.0000,62.30,123.00,0.020434
498.1260,6.0000,62.03,123.00,0.020779
498.2149,6.0000,62.30,123.00,0.020327
498.3057,6.0000,61.22,123.00,0.020360
498.3954,6.0000,61.76,123.00,0.021031
498.4865,6.0000,62.03,123.00,0.020905
498.5763,6.0000,61.49,123.00,0.020814
498.6648,6.0000,61.76,123.00,0.020669
498.7540,6.0000,61.76,123.00,0.020676
498.8428,6.0000,62.03,123.00,0.020857
498.9296,6.0000,61.76,123.00,0.020171
499.0188,5.9695,62.03,123.00,0.020472
499.1116,5.9390,61.49,123.00,0.020977
499.2031,5.9390,62.03,123.00,0.020862
499.2925,5.9390,62.30,123.00,0.020395
499.3829,5.9390,61.76,123.00,0.020247
499.4700,5.9390,61.76,123.00,0.020595
499.5611,5.9390,62.03,123.00,0.021220
499.6478,5.9390,61.49,123.00,0.020549
499.7382,5.9390,62.30,123.00,0.020296
499.8284,5.9390,61.49,123.00,0.021142
499.9199,5.9390,61.76,123.00,0.021207
500.0079,5.9240,62.30,123.00,0.020485
500.0992,5.9090,62.03,123.00,0.020599
500.1867,5.9090,62.03,123.00,0.020817
500.2762,5.9090,61.76,123.00,0.020110
500.3611,5.9090,61.76,123.00,0.019804
500.4509,5.9090,61.76,123.00,0.020513
500.5380,5.9090,61.49,123.00,0.019563
500.6246,5.9090,61.22,123.00,0.019632
500.7102,5.9090,62.03,123.00,0.019738
500.7999,5.9090,62.03,123.00,0.020844
500.8916,5.9090,61.49,123.00,0.020922
500.9801,5.9090,61.76,123.00,0.020187
501.0685,6.0190,62.03,123.00,0.020995
501.1590,6.0190,61.76,123.00,0.020760
501.2463,6.0190,62.03,123.00,0.020847
501.3344,6.0190,62.03,123.00,0.019870
501.4215,6.0190,62.03,123.00,0.019718
501.5111,6.0190,62.03,123.00,0.020441
501.6028,6.0190,62.03,123.00,0.020491
501.6905,6.0190,61.76,122.50,0.020368
501.7792,6.0190,62.03,122.00,0.020508
501.8685,6.0190,61.76,122.00,0.019382
501.9536,6.0190,61.49,122.00,0.019614
502.0469,5.9580,61.49,123.00,0.021265
502.1343,5.8970,61.49,123.00,0.020332
502.2237,5.8970,61.76,123.00,0.021214
502.3097,5.8970,62.03,123.00,0.019470
502.3989,5.8970,62.30,123.00,0.020084
502.4865,5.8970,61.76,123.00,0.019749
502.5799,5.8970,61.76,122.50,0.020550
502.6670,5.8970,61.49,122.00,0.020820
502.7544,5.8970,61.76,122.00,0.019867
502.8417,5.8970,61.76,122.00,0.020029
502.9325,5.8970,61.76,122.00,0.020818
503.0201,5.9105,61.76,122.00,0.020612
503.1101,5.9240,61.49,122.00,0.019601
503.1971,5.9240,61.76,122.00,0.020945
503.2887,5.9240,61.22,122.00,0.020946
503.3774,5.9240,62.30,122.00,0.019974
503.4681,5.9240,61.76,122.00,0.020470
503.5539,5.9240,62.30,122.00,0.019451
503.6426,5.9240,62.03,122.00,0.019624
503.7280,5.9240,61.49,122.00,0.019935
503.8185,5.9240,62.03,122.00,0.020901
503.9078,5.9240,61.49,122.00,0.020328
504.0001,5.9600,62.03,122.00,0.021802
504.0904,5.9960,61.22,122.00,0.020684
504.1838,5.9960,61.76,122.00,0.020884
504.2763,5.9960,61.76,122.00,0.022173
504.3671,5.9960,61.49,122.00,0.020883
504.4544,5.9960,62.03,122.50,0.019748
504.5422,5.9960,61.49,122.00,0.020200
504.6302,5.9960,61.49,122.00,0.020013
504.7190,5.9960,62.03,122.00,0.020603
504.8056,5.9960,62.30,122.00,0.019752
504.8923,5.9960,61.76,122.00,0.019645
504.9788,5.9960,61.76,122.00,0.020747
505.0666,5.9960,61.76,122.00,0.020575
505.1551,5.9890,62.03,122.00,0.021608
505.2454,5.9890,62.03,122.00,0.021401
505.3349,5.9890,62.03,122.00,0.020282
505.4262,5.9890,61.22,122.00,0.020446
505.5157,5.9890,61.49,122.00,0.020793
505.6071,5.9890,61.49,122.00,0.020530
505.6942,5.9890,62.30,122.00,0.020475
505.7869,5.9890,62.30,122.00,0.020216
505.8789,5.9890,62.03,122.00,0.020759
505.9669,5.9890,61.49,122.00,0.019964
506.0539,5.9090,62.30,122.00,0.020384
506.1439,5.9090,61.49,122.00,0.020532
506.2335,5.9090,62.30,122.00,0.020696
506.3266,5.9090,61.49,122.00,0.020663
506.4162,5.9090,62.30,122.00,0.021212
506.5059,5.9090,61.76,122.00,0.019858
506.5934,5.9090,61.22,122.00,0.019820
506.6831,5.9090,61.49,122.00,0.019719
506.7709,5.9090,62.03,122.00,0.020847
506.8641,5.9090,61.22,122.00,0.020640
506.9522,5.9090,62.03,122.00,0.021272
507.0419,5.8820,62.03,122.00,0.020763
507.1322,5.8820,61.76,122.00,0.021778
507.2215,5.8820,62.03,122.00,0.020931
507.3129,5.8820,61.76,122.00,0.020580
507.4039,5.8820,61.49,122.00,0.020874
507.4958,5.8820,62.30,122.00,0.020347
507.5874,5.8820,62.03,122.00,0.021439
507.6767,5.8820,61.76,122.00,0.020602
507.7697,5.8820,61.76,122.00,0.020485
507.8587,5.8820,62.03,122.00,0.020648
507.9461,5.8820,61.76,122.00,0.019549
508.0333,5.8820,62.30,122.00,0.019489
508.1229,5.8820,61.22,122.00,0.019932
508.2121,5.9030,62.03,122.00,0.021262
508.3035,5.9240,61.49,122.00,0.020915
508.3929,5.9240,61.76,122.00,0.020815
508.4837,5.9240,61.49,122.00,0.020849
508.5709,5.9240,61.76,122.00,0.020781
508.6626,5.9240,61.22,122.00,0.021098
508.7521,5.9240,62.03,122.00,0.020334
508.8430,5.9240,61.76,122.00,0.020540
508.9319,5.9240,61.76,122.00,0.020246
509.0229,5.9335,62.03,122.00,0.020465
509.1146,5.9430,61.76,122.00,0.020341
509.2028,5.9430,61.76,122.00,0.020206
509.2903,5.9430,61.22,122.00,0.020668
509.3794,5.9430,61.76,122.00,0.020600
509.4691,5.9430,62.03,122.00,0.020640
509.5634,5.9430,61.22,122.00,0.021044
509.6509,5.9430,61.76,122.00,0.020633
509.7399,5.9430,62.03,122.00,0.020458
509.8292,5.9430,61.49,122.00,0.020558
509.9217,5.9430,61.76,122.00,0.020645
510.0141,5.9125,61.76,122.00,0.021209
510.1029,5.8820,62.03,122.00,0.020130
510.1902,5.8820,61.76,122.00,0.020802
510.2789,5.8820,62.03,122.00,0.020434
510.3674,5.8820,62.30,122.00,0.021471
510.4565,5.8820,61.49,122.00,0.020458
510.5460,5.8820,62.03,122.00,0.019822
510.6360,5.8820,61.76,122.00,0.020401
510.7218,5.8820,62.30,122.00,0.019721
510.8137,5.8820,61.76,122.00,0.020761
510.9039,5.8820,61.76,121.50,0.020560
510.9954,5.8820,62.03,121.00,0.021001
511.0822,5.8820,62.03,121.50,0.019956
511.1695,5.8820,61.76,121.00,0.019903
511.2587,5.8820,62.03,121.50,0.020464
511.3474,5.8820,61.76,121.50,0.020555
511.4343,5.8820,62.03,122.00,0.020170
511.5226,5.8820,62.03,122.00,0.020182
511.6108,5.8820,62.30,122.00,0.020929
511.7028,5.8820,61.22,121.50,0.021205
511.7906,5.8820,62.03,121.00,0.020607
511.8803,5.8820,62.03,121.00,0.020854
511.9682,5.8820,61.76,122.00,0.021169
512.0601,5.8820,61.76,122.00,0.020685
512.1478,5.8820,62.03,122.00,0.020871
512.2391,5.8820,62.03,122.00,0.020589
512.3273,5.9355,61.76,122.00,0.021297
512.4196,5.9890,61.76,122.00,0.020768
512.5095,5.9890,61.22,122.00,0.020908
512.6046,5.9890,62.30,122.00,0.021958
512.6985,5.9890,62.30,122.00,0.021440
512.7934,5.9890,62.30,121.50,0.021322
512.8898,5.9890,62.03,121.00,0.021742
512.9859,5.9355,62.03,121.00,0.021337
513.0808,5.8820,62.03,121.00,0.021751
513.1788,5.8820,61.22,121.00,0.021965
513.2723,5.8820,61.76,121.00,0.021352
513.3641,5.8820,61.76,121.00,0.020680
513.4542,5.8820,61.76,121.00,0.021020
513.5465,5.8820,61.76,121.00,0.021410
513.6339,5.8820,61.49,121.00,0.020279
513.7234,5.8820,62.30,121.00,0.020519
513.8110,5.8820,61.49,121.00,0.020696
513.8998,5.8820,61.49,121.00,0.020423
513.9870,5.8820,62.30,121.00,0.020593
514.0759,5.9470,61.49,121.00,0.020199
514.1615,5.9470,61.76,121.00,0.019575
514.2504,5.9470,62.03,121.00,0.019608
514.3385,5.9470,61.49,121.50,0.020069
514.4268,5.9470,61.76,121.00,0.020425
514.5153,5.9470,61.76,121.00,0.020270
514.6067,5.9470,62.03,121.00,0.020931
514.6935,5.9470,62.30,121.00,0.020310
514.7842,5.9470,61.76,121.00,0.020118
514.8721,5.9470,62.03,121.00,0.021792
514.9592,5.9470,62.03,121.00,0.019535
515.0470,5.9470,62.30,121.00,0.019856
515.1384,5.9470,62.03,121.00,0.019724
515.2301,5.9540,61.76,121.00,0.021093
515.3251,5.9540,61.76,121.00,0.021667
515.4194,5.9540,61.76,121.00,0.021874
515.5148,5.9540,62.30,121.00,0.021306
515.6082,5.9540,61.49,121.00,0.021264
515.6994,5.9540,61.49,121.00,0.020605
515.7901,5.9540,62.03,121.00,0.021522
515.8833,5.9540,61.76,121.00,0.021682
515.9785,5.9025,62.30,121.00,0.021669
516.0719,5.8510,62.03,121.00,0.019551
516.1577,5.8510,62.03,121.00,0.019617
516.2508,5.8510,61.76,121.00,0.020606
516.3405,5.8510,61.49,121.00,0.020998
516.4327,5.8510,61.76,121.00,0.020482
516.5203,5.8510,62.03,121.00,0.020757
516.6117,5.8510,61.76,121.00,0.020773
516.7003,5.8510,61.76,121.00,0.020317
516.7914,5.8510,61.49,121.00,0.020798
516.8794,5.8510,61.76,121.00,0.021061
516.9680,5.8510,61.76,121.00,0.020659
517.0576,5.9510,62.30,121.00,0.020407
517.1485,5.9510,62.03,121.00,0.020323
517.2357,5.9510,61.49,121.00,0.020703
517.3252,5.9510,61.76,121.00,0.020458
517.4148,5.9510,62.03,121.00,0.020635
517.5040,5.9510,62.30,121.00,0.020759
517.5905,5.9510,61.76,121.00,0.020270
517.6795,5.9510,61.76,121.00,0.020708
517.7671,5.9510,61.76,121.00,0.020924
517.8582,5.9510,62.30,121.00,0.021007
517.9476,5.9510,61.76,121.00,0.020520
518.0346,5.9510,61.49,121.00,0.019933
518.1201,5.9510,61.22,121.00,0.019940
518.2108,5.9605,62.30,121.00,0.020453
518.3016,5.9700,61.76,121.00,0.021587
518.3964,5.9700,62.03,121.00,0.021535
518.4817,5.9700,62.03,121.00,0.019358
518.5774,5.9700,61.49,121.00,0.021993
518.6717,5.9700,61.76,121.00,0.021474
518.7678,5.9700,61.76,121.00,0.021251
518.8614,5.9700,62.03,121.00,0.021198
518.9567,5.9700,62.03,121.00,0.021693
519.0518,5.8250,61.76,121.00,0.021976
519.1495,5.8250,62.03,121.00,0.021383
519.2453,5.8250,62.30,121.00,0.021732
519.3407,5.8250,62.03,121.00,0.021501
519.4359,5.8250,61.76,121.00,0.021687
519.5343,5.8250,61.22,121.00,0.021778
519.6284,5.8250,61.76,121.00,0.022177
519.7225,5.8250,61.76,121.00,0.020616
519.8174,5.8250,62.03,121.00,0.021294
519.9131,5.8250,61.49,121.00,0.021181
520.0051,5.8150,61.49,121.00,0.021327
520.1033,5.8050,61.49,121.00,0.021711
520.1976,5.8050,62.03,121.00,0.021529
520.2936,5.8050,62.03,121.00,0.020549
520.3810,5.8050,61.76,121.00,0.020302
520.4757,5.8050,62.30,121.00,0.021147
520.5654,5.8050,61.76,121.00,0.020551
520.6581,5.8050,61.76,121.00,0.021323
520.7484,5.8050,61.76,121.00,0.021399
520.8422,5.8050,61.49,121.00,0.020374
520.9288,5.8050,61.49,121.00,0.020334
521.0201,5.8740,61.49,121.00,0.020911
521.1094,5.9430,61.76,121.00,0.020198
521.1981,5.9430,61.76,121.00,0.020171
521.2867,5.9430,61.76,121.00,0.021365
521.3798,5.9430,61.76,121.00,0.020837
521.4670,5.9430,61.76,121.00,0.021209
521.5576,5.9430,61.76,121.00,0.020314
521.6452,5.9430,61.22,121.00,0.019670
521.7345,5.9430,62.03,121.00,0.020646
521.8228,5.9430,62.30,121.00,0.021302
521.9093,5.9430,62.03,121.00,0.019449
521.9972,5.9430,62.03,121.00,0.019892
522.0868,5.9430,62.03,121.00,0.020000
522.1765,5.9890,62.03,121.00,0.020538
522.2674,5.9890,61.76,121.00,0.020691
522.3565,5.9890,62.30,121.00,0.020715
522.4456,5.9890,61.76,120.50,0.020454
522.5330,5.9890,62.03,120.50,0.020825
522.6238,5.9890,62.03,120.00,0.020587
522.7134,5.9890,61.76,120.50,0.020668
522.8023,5.9890,62.03,120.50,0.020490
522.8915,5.9890,62.03,120.00,0.020561
522.9825,5.9600,61.76,120.00,0.020407
523.0711,5.9310,61.49,120.00,0.019626
523.1574,5.9310,61.49,120.50,0.019296
523.2471,5.9310,61.76,120.50,0.019696
523.3349,5.9310,61.76,120.00,0.020735
523.4236,5.9310,62.03,120.50,0.021321
523.5122,5.9310,61.76,120.00,0.020718
523.5987,5.9310,61.49,120.50,0.020306
523.6899,5.9310,62.30,120.50,0.020801
523.7796,5.9310,61.76,120.00,0.020978
523.8679,5.9310,62.30,120.50,0.020519
523.9556,5.9310,62.03,120.00,0.020888
524.0470,5.9280,62.30,120.00,0.020824
524.1351,5.9280,61.76,120.50,0.021490
524.2255,5.9280,62.30,120.00,0.020092
524.3153,5.9280,61.76,120.50,0.020732
524.4040,5.9280,62.03,120.00,0.020475
524.4915,5.9280,61.76,120.00,0.020924
524.5849,5.9280,62.03,120.00,0.020772
524.6756,5.9280,62.03,120.00,0.021454
524.7641,5.9280,61.76,120.00,0.020577
524.8531,5.9280,62.03,120.00,0.020378
524.9464,5.9280,62.03,120.00,0.020301
525.0360,5.9120,62.30,120.00,0.020147
525.1286,5.9120,61.76,120.00,0.020359
525.2155,5.9120,62.30,120.00,0.020319
525.3067,5.9120,62.30,120.00,0.020281
525.3943,5.9120,61.76,120.00,0.020741
525.4878,5.9120,62.30,120.00,0.020902
525.5750,5.9120,62.03,120.00,0.020725
525.6639,5.9120,61.49,120.00,0.021163
525.7533,5.9120,62.03,120.00,0.020449
525.8442,5.9120,61.76,120.00,0.020894
525.9309,5.9120,62.30,120.00,0.020317
526.0201,5.9120,61.49,120.00,0.020959
526.1070,5.9120,62.03,120.00,0.020576
526.1958,5.9120,61.76,120.00,0.020891
526.2835,5.9120,62.03,120.00,0.020960
526.3719,5.9120,62.30,120.00,0.020056
526.4586,5.9120,62.30,120.00,0.020333
526.5467,5.9120,62.30,120.00,0.020181
526.6336,5.9120,62.03,120.00,0.020091
526.7240,5.9120,62.30,120.00,0.020435
526.8118,5.9120,62.03,120.00,0.021214
526.9034,5.9120,61.76,120.00,0.021521
526.9934,5.9120,62.03,120.00,0.021482
527.0867,5.9120,62.30,120.00,0.020533
527.1736,5.9120,62.30,120.00,0.020462
527.2646,5.9120,61.76,120.00,0.020865
527.3514,5.9120,61.76,120.00,0.020437
527.4426,5.9120,62.30,120.00,0.020784
527.5304,5.9510,62.03,120.00,0.020500
527.6185,5.9510,61.76,120.00,0.020040
527.7068,5.9510,62.03,120.00,0.020119
527.7951,5.9510,62.30,120.00,0.020421
527.8819,5.9510,61.76,120.00,0.020641
527.9749,5.9510,62.03,120.00,0.020447
528.0626,5.9010,61.76,120.00,0.020601
528.1529,5.9010,62.03,120.00,0.020576
528.2421,5.9010,62.03,120.00,0.020760
528.3314,5.9010,62.03,120.00,0.021250
528.4185,5.9010,62.03,120.00,0.021011
528.5091,5.9010,61.22,120.00,0.020328
528.5985,5.9010,61.76,120.00,0.020633
528.6894,5.9010,61.76,120.00,0.020431
528.7763,5.9010,62.03,120.00,0.020552
528.8636,5.9010,62.03,120.00,0.019774
528.9518,5.9010,61.49,120.00,0.020054
529.0423,5.9180,62.03,120.00,0.021106
529.1324,5.9350,61.22,120.00,0.020758
529.2197,5.9350,62.30,120.00,0.019902
529.3081,5.9350,61.76,120.00,0.021449
529.3959,5.9350,62.30,120.00,0.020377
529.4831,5.9350,62.03,120.00,0.020680
529.5697,5.9350,61.22,120.00,0.019376
529.6553,5.9350,61.76,120.00,0.019922
529.7432,5.9350,61.76,120.00,0.020415
529.8305,5.9350,61.76,120.00,0.021073
529.9215,5.9350,61.76,120.00,0.020872
530.0138,5.9370,62.30,120.00,0.021122
530.1050,5.9390,62.30,120.00,0.020595
530.1945,5.9390,61.76,120.00,0.021011
530.2854,5.9390,61.76,120.00,0.020648
530.3748,5.9390,61.22,120.00,0.020753
530.4653,5.9390,62.30,120.00,0.020168
530.5549,5.9390,62.30,120.00,0.020991
530.6440,5.9390,62.03,120.00,0.021100
530.7363,5.9390,62.03,120.00,0.021475
530.8327,5.9390,62.03,120.00,0.021686
530.9240,5.9390,61.76,120.00,0.021837
531.0222,5.9335,61.49,120.00,0.021234
531.1167,5.9280,62.03,120.00,0.021911
531.2140,5.9280,61.76,120.00,0.021556
531.3082,5.9280,62.03,120.00,0.022057
531.4061,5.9280,61.49,120.00,0.021352
531.5005,5.9280,62.03,120.00,0.021804
531.5968,5.9280,61.76,120.00,0.021272
531.6901,5.9280,62.03,119.50,0.020906
531.7816,5.9280,62.03,119.00,0.019959
531.8713,5.9280,61.22,119.50,0.020574
531.9606,5.9280,61.22,119.00,0.020633
532.0521,5.9030,62.03,119.00,0.021711
532.1488,5.8780,61.49,119.00,0.020563
532.2350,5.8780,61.76,119.00,0.019634
532.3267,5.8780,61.76,119.00,0.020228
532.4143,5.8780,61.49,119.50,0.020320
532.5064,5.8780,62.03,119.50,0.020201
532.5992,5.8780,62.03,119.50,0.021857
532.6898,5.8780,61.76,119.50,0.020611
532.7773,5.8780,61.49,119.50,0.020059
532.8675,5.8780,62.30,119.50,0.020575
532.9584,5.8780,62.03,119.00,0.020009
533.0469,5.8780,61.76,119.00,0.020023
533.1344,5.8780,61.49,119.50,0.019966
533.2300,5.8800,61.76,120.00,0.022023
533.3246,5.8820,62.30,119.50,0.022049
533.4231,5.8820,62.03,119.50,0.021889
533.5194,5.8820,61.76,119.00,0.021682
533.6129,5.8820,61.76,119.50,0.021970
533.7092,5.8820,62.03,119.00,0.021590
533.8034,5.8820,62.03,119.00,0.021645
533.8991,5.8820,61.76,119.00,0.021291
533.9974,5.8435,61.22,119.00,0.021396
534.0925,5.8050,61.76,119.00,0.021522
534.1899,5.8050,61.76,119.00,0.021607
534.2830,5.8050,61.49,119.00,0.021204
534.3782,5.8050,61.49,119.00,0.021446
534.4728,5.8050,61.49,119.00,0.022074
534.5680,5.8050,61.49,119.00,0.021046
534.6614,5.8050,61.49,119.00,0.021133
534.7586,5.8050,61.76,119.00,0.020861
534.8529,5.8050,61.49,119.00,0.021714
534.9482,5.8050,61.22,119.00,0.021634
535.0430,5.7920,61.76,119.00,0.021982
535.1415,5.7790,62.30,119.00,0.021549
535.2351,5.7790,61.76,119.00,0.019238
535.3241,5.7790,61.76,119.00,0.020173
535.4149,5.7790,62.03,119.00,0.021813
535.5133,5.7790,62.03,120.00,0.021884
535.6087,5.7790,62.03,120.00,0.021821
535.6975,5.7790,61.49,119.50,0.020014
535.7863,5.7790,61.76,119.50,0.019727
535.8763,5.7790,61.49,119.50,0.020942
535.9710,5.7790,62.03,119.00,0.020729
536.0678,5.8280,61.76,119.00,0.021712
536.1636,5.8280,61.22,119.00,0.021374
536.2611,5.8280,62.03,119.00,0.021419
536.3522,5.8280,62.30,119.00,0.021386
536.4485,5.8280,61.49,119.00,0.020666
536.5427,5.8280,62.03,119.00,0.021856
536.6398,5.8280,61.49,119.00,0.021294
536.7353,5.8280,61.49,119.00,0.021826
536.8309,5.8280,61.49,119.00,0.021728
536.9268,5.8280,62.03,119.00,0.020714
537.0235,5.8395,61.49,119.00,0.020997
537.1148,5.8510,61.76,119.00,0.019776
537.2027,5.8510,62.03,119.00,0.019980
537.2929,5.8510,61.76,119.00,0.020855
537.3865,5.8510,61.76,119.00,0.021424
537.4795,5.8510,61.22,119.00,0.021069
537.5762,5.8510,61.49,119.00,0.021299
537.6703,5.8510,61.49,119.00,0.021853
537.7675,5.8510,61.76,119.00,0.021445
537.8618,5.8510,61.22,119.50,0.021724
537.9574,5.8510,61.49,120.00,0.021628
538.0503,5.8550,62.03,120.00,0.019893
538.1378,5.8550,61.76,120.00,0.019907
538.2251,5.8550,61.22,119.50,0.020118
538.3173,5.8550,62.03,119.00,0.020731
538.4110,5.8550,61.49,119.00,0.021169
538.5065,5.8550,61.49,119.00,0.021114
538.5984,5.8550,62.03,119.50,0.021361
538.6940,5.8550,62.03,119.00,0.021949
538.7903,5.8550,61.76,119.00,0.021941
538.8860,5.8550,61.76,119.00,0.021747
538.9787,5.8550,62.03,119.00,0.021496
539.0744,5.8360,61.76,119.00,0.020854
539.1672,5.8360,61.76,119.00,0.020986
539.2649,5.8360,61.49,119.00,0.020751
539.3588,5.8360,61.22,119.00,0.021522
539.4460,5.8360,62.03,119.00,0.019619
539.5345,5.8360,62.03,119.00,0.019837
539.6222,5.8360,61.76,119.00,0.019739
539.7109,5.8360,62.03,119.00,0.021230
539.8093,5.8360,62.03,119.00,0.021378
539.9029,5.8360,61.76,119.00,0.021742
539.9990,5.8360,61.49,119.00,0.022033
540.0925,5.8360,61.76,119.00,0.020597
540.1838,5.8360,62.03,119.00,0.020890
540.2714,5.8360,61.76,119.00,0.021057
540.3634,5.8360,61.22,119.50,0.021363
540.4555,5.8360,62.03,120.00,0.020699
540.5465,5.8360,62.03,120.00,0.020309
540.6365,5.8360,61.76,120.00,0.020642
540.7261,5.8360,61.76,120.00,0.019949
540.8148,5.8360,62.03,120.00,0.020055
540.9035,5.8360,61.49,120.00,0.020652
540.9920,5.8550,61.49,120.00,0.021413
541.0821,5.8740,62.03,120.00,0.020893
541.1701,5.8740,61.76,120.00,0.020876
541.2626,5.8740,61.49,120.00,0.021014
541.3505,5.8740,61.49,119.50,0.020973
541.4405,5.8740,62.03,119.50,0.020938
541.5281,5.8740,61.22,119.50,0.020515
541.6197,5.8740,61.76,119.00,0.020817
541.7082,5.8740,62.03,120.00,0.021369
541.8003,5.8740,61.76,120.00,0.021614
541.8879,5.8740,61.76,120.00,0.021070
541.9797,5.8740,61.49,120.00,0.021217
542.0703,5.9620,62.03,120.00,0.020961
542.1601,5.9620,61.76,119.50,0.021287
542.2481,5.9620,61.76,119.00,0.020867
542.3381,5.9620,61.49,119.50,0.020965
542.4305,5.9620,61.76,119.00,0.021137
542.5203,5.9620,61.22,119.00,0.021195
542.6094,5.9620,61.49,119.00,0.020420
542.7009,5.9620,62.03,120.00,0.020919
542.7898,5.9620,61.49,120.00,0.020588
542.8803,5.9620,61.76,120.00,0.020735
542.9684,5.9620,62.03,120.00,0.021133
543.0581,5.9350,61.49,120.00,0.019712
543.1440,5.9350,62.30,120.00,0.020119
543.2311,5.9350,62.03,120.00,0.020114
543.3206,5.9350,61.76,120.00,0.020764
543.4111,5.9350,62.03,120.00,0.020355
543.5010,5.9350,61.76,120.00,0.020694
543.5919,5.9350,61.49,120.00,0.020813
543.6787,5.9350,62.30,119.50,0.020292
543.7704,5.9350,61.49,120.00,0.020634
543.8581,5.9350,61.76,120.00,0.020530
543.9517,5.9350,61.49,120.00,0.021163
544.0426,5.9660,62.03,120.00,0.021010
544.1321,5.9660,61.76,120.00,0.020880
544.2189,5.9660,61.76,120.00,0.020273
544.3106,5.9660,61.49,120.00,0.020733
544.3981,5.9660,62.03,120.00,0.020483
544.4892,5.9660,61.76,119.50,0.020823
544.5788,5.9660,61.76,119.00,0.020829
544.6676,5.9660,62.30,119.00,0.020723
544.7551,5.9660,62.03,119.50,0.021015
544.8465,5.9660,61.76,119.50,0.020885
544.9338,5.9660,61.76,119.00,0.019644
545.0211,5.9660,62.03,120.00,0.019782
545.1065,5.9660,61.49,120.00,0.019652
545.1960,5.9755,62.03,119.50,0.021569
545.2840,5.9850,61.76,120.00,0.020591
545.3732,5.9850,61.76,120.00,0.021080
545.4631,5.9850,62.30,120.00,0.020984
545.5524,5.9850,62.03,119.50,0.020876
545.6399,5.9850,61.76,119.00,0.020737
545.7309,5.9850,61.76,119.00,0.020655
545.8183,5.9850,62.03,119.00,0.020576
545.9077,5.9850,62.03,119.50,0.020981
545.9987,5.9640,62.30,120.00,0.020609
546.0910,5.9430,62.30,120.00,0.020751
546.1785,5.9430,62.30,120.00,0.020699
546.2698,5.9430,61.49,120.00,0.020790
546.3602,5.9430,62.03,120.00,0.021258
546.4489,5.9430,61.22,120.00,0.020340
546.5384,5.9430,61.49,120.00,0.019893
546.6281,5.9430,61.76,120.00,0.021089
546.7161,5.9430,61.76,120.00,0.020556
546.8059,5.9430,61.76,120.00,0.019575
546.8921,5.9430,62.03,119.50,0.020145
546.9790,5.9430,62.03,119.50,0.019487
547.0671,5.9410,62.30,119.00,0.021566
547.1584,5.9390,61.49,119.00,0.020567
547.2450,5.9390,61.76,119.50,0.019781
547.3337,5.9390,62.30,119.00,0.019429
547.4219,5.9390,61.49,119.50,0.019778
547.5121,5.9390,61.76,120.00,0.020635
547.6001,5.9390,62.03,120.00,0.021314
547.6907,5.9390,61.22,120.00,0.020307
547.7774,5.9390,61.49,120.00,0.020056
547.8686,5.9390,61.76,120.00,0.020872
547.9585,5.9390,61.76,120.00,0.020706
548.0507,5.9310,62.03,120.00,0.021014
548.1384,5.9310,61.22,120.00,0.020973
548.2280,5.9310,61.76,120.00,0.020997
548.3159,5.9310,61.76,120.00,0.020875
548.4077,5.9310,62.30,120.00,0.021107
548.4945,5.9310,61.76,120.00,0.020056
548.5861,5.9310,62.30,120.00,0.020634
548.6747,5.9310,62.30,120.00,0.021250
548.7624,5.9310,61.76,120.00,0.019920
548.8511,5.9310,62.03,120.00,0.020387
548.9390,5.9310,61.22,120.00,0.020390
549.0292,5.9200,61.22,120.00,0.021470
549.1233,5.9090,61.76,120.00,0.020934
549.2117,5.9090,61.49,119.50,0.021338
549.3035,5.9090,62.03,119.50,0.020531
549.3916,5.9090,62.30,119.50,0.021263
549.4828,5.9090,61.76,119.00,0.020580
549.5732,5.9090,62.30,119.00,0.020688
549.6669,5.9090,61.76,119.00,0.020537
549.7552,5.9090,61.76,119.50,0.020729
549.8467,5.9090,61.76,120.00,0.020275
549.9348,5.9090,62.03,120.00,0.020935
550.0248,5.8990,61.22,120.00,0.020845
550.1168,5.8890,62.03,120.00,0.020679
550.2062,5.8890,61.49,120.00,0.020975
550.2948,5.8890,62.03,120.00,0.020109
550.3839,5.8890,62.03,120.00,0.020118
550.4712,5.8890,61.76,120.00,0.020356
550.5602,5.8890,61.76,120.00,0.020702
550.6478,5.8890,62.03,120.00,0.021146
550.7391,5.8890,61.76,120.00,0.020842
550.8266,5.8890,62.30,120.00,0.020839
550.9187,5.8890,62.03,120.00,0.021108
551.0069,5.9085,62.30,120.00,0.021133
551.0973,5.9280,62.30,119.50,0.021559
551.1850,5.9280,62.03,119.00,0.020781
551.2763,5.9280,62.03,119.00,0.020805
551.3636,5.9280,61.76,119.50,0.020983
551.4518,5.9280,61.76,119.00,0.020336
551.5408,5.9280,62.30,119.50,0.020407
551.6277,5.9280,62.03,119.00,0.019910
551.7156,5.9280,61.49,119.00,0.020082
551.8020,5.9280,61.76,119.00,0.019534
551.8917,5.9280,61.49,119.50,0.020475
551.9804,5.9280,62.30,119.00,0.020820
552.0697,5.9730,61.76,119.00,0.019628
552.1583,5.9730,61.49,119.00,0.019712
552.2441,5.9730,61.49,119.00,0.020058
552.3333,5.9730,62.03,119.00,0.021347
552.4229,5.9730,62.03,120.00,0.020603
552.5119,5.9730,61.49,120.00,0.020794
552.6008,5.9730,62.30,120.00,0.020109
552.6906,5.9730,62.03,120.00,0.019905
552.7774,5.9730,61.76,120.00,0.020185
552.8688,5.9730,62.03,120.00,0.021135
552.9583,5.9730,62.03,120.00,0.020582
553.0484,5.8970,61.76,120.00,0.020372
553.1388,5.8970,62.03,120.00,0.021056
553.2316,5.8970,61.49,120.00,0.021292
553.3190,5.8970,62.03,120.00,0.021073
553.4083,5.8970,61.76,120.00,0.020701
553.4956,5.8970,62.03,120.00,0.020506
553.5849,5.8970,62.30,120.00,0.021122
553.6747,5.8970,62.03,120.00,0.021006
553.7634,5.8970,62.30,120.00,0.020578
553.8551,5.8970,61.76,120.00,0.020677
553.9443,5.8970,61.76,119.50,0.020798
554.0329,5.9200,62.03,119.00,0.021115
554.1244,5.9200,61.76,119.00,0.020861
554.2200,5.9200,61.22,119.00,0.021213
554.3173,5.9200,61.76,119.00,0.020963
554.4098,5.9200,62.03,119.00,0.020599
554.4990,5.9200,61.76,120.00,0.020594
554.5882,5.9200,61.76,120.00,0.021341
554.6802,5.9200,61.76,120.00,0.021220
554.7707,5.9200,62.03,120.00,0.020972
554.8629,5.9200,61.22,120.00,0.021182
554.9507,5.9200,61.76,120.00,0.020644
555.0418,5.9200,61.76,120.00,0.020243
555.1315,5.9200,61.76,120.00,0.020700
555.2233,5.9200,61.22,120.00,0.020892
555.3116,5.9200,61.76,120.00,0.021140
555.4025,5.9200,61.49,120.00,0.020298
555.4924,5.9200,62.03,120.00,0.020875
555.5841,5.9200,61.76,120.00,0.020590
555.6719,5.9200,61.76,120.00,0.021065
555.7638,5.9200,61.49,120.00,0.020887
555.8518,5.9200,62.03,120.00,0.020819
555.9430,5.9200,61.76,120.00,0.020664
556.0314,5.9200,62.03,120.00,0.020584
556.1230,5.9200,61.76,120.00,0.020632
556.2161,5.9200,61.76,120.00,0.020631
556.3080,5.9200,61.76,119.50,0.021431
556.3991,5.9200,61.76,119.50,0.021712
556.4905,5.9200,61.76,119.00,0.020578
556.5773,5.9200,62.03,119.50,0.020219
556.6676,5.9200,62.03,119.00,0.020718
556.7544,5.9200,62.03,119.00,0.020839
556.8437,5.9200,61.76,119.00,0.020961
556.9292,5.9200,62.03,119.50,0.019800
557.0185,5.9200,62.03,119.00,0.019919
557.1039,5.9200,62.03,119.00,0.020025
557.1926,5.9810,61.76,119.00,0.019890
557.2799,5.9810,61.76,120.00,0.021100
557.3678,5.9810,61.49,120.00,0.019808
557.4575,5.9810,61.49,120.00,0.020519
557.5483,5.9810,62.30,120.00,0.020291
557.6364,5.9810,61.49,120.00,0.021077
557.7257,5.9810,61.76,120.00,0.021057
557.8131,5.9810,62.30,120.00,0.020842
557.9043,5.9810,62.03,120.00,0.020197
557.9921,5.9695,61.49,120.00,0.021112
558.0837,5.9580,62.30,120.00,0.021127
558.1757,5.9580,61.49,120.00,0.021535
558.2705,5.9580,62.30,120.00,0.021822
558.3635,5.9580,62.03,120.00,0.021414
558.4601,5.9580,62.30,120.00,0.021279
558.5559,5.9580,61.76,120.00,0.021861
558.6489,5.9580,62.30,120.00,0.022037
558.7394,5.9580,61.76,120.00,0.020932
558.8370,5.9580,61.76,119.50,0.021229
558.9301,5.9580,62.03,119.00,0.020917
559.0275,5.8875,61.49,119.00,0.021733
559.1218,5.8170,61.76,119.00,0.021727
559.2175,5.8170,62.30,119.50,0.021655
559.3127,5.8170,62.30,120.00,0.021298
559.4096,5.8170,62.30,120.00,0.020958
559.5056,5.8170,61.76,120.00,0.021506
559.6013,5.8170,61.76,120.00,0.021928
559.6954,5.8170,62.03,120.00,0.021337
559.7903,5.8170,61.49,120.00,0.021566
559.8846,5.8170,61.76,120.00,0.022088
559.9829,5.8630,62.03,120.00,0.022385
560.0790,5.9090,61.76,120.00,0.021641
560.1719,5.9090,62.03,120.00,0.021689
560.2631,5.9090,62.03,120.00,0.019222
560.3521,5.9090,62.03,120.00,0.020200
560.4386,5.9090,61.76,120.00,0.019611
560.5311,5.9090,61.76,120.00,0.020712
560.6223,5.9090,61.49,120.00,0.019561
560.7097,5.9090,62.30,120.00,0.020496
560.7964,5.9090,61.22,120.00,0.020139
560.8933,5.9090,61.76,120.00,0.021492
560.9876,5.9050,62.03,120.00,0.021734
561.0829,5.9010,61.76,120.00,0.021125
561.1767,5.9010,62.03,120.00,0.021365
561.2739,5.9010,62.03,119.50,0.023299
561.3697,5.9010,62.03,119.00,0.021723
561.4659,5.9010,62.03,119.50,0.021914
561.5597,5.9010,61.49,119.00,0.021515
561.6554,5.9010,61.49,119.00,0.021335
561.7519,5.9010,62.30,119.00,0.021688
561.8468,5.9010,61.76,119.00,0.021154
561.9422,5.9010,61.76,119.50,0.020694
562.0409,5.8210,61.49,120.00,0.021323
562.1367,5.8210,62.03,120.00,0.021815
562.2335,5.8210,61.22,120.00,0.021421
562.3279,5.8210,61.49,120.00,0.021106
562.4235,5.8210,61.22,120.00,0.020943
562.5191,5.8210,61.49,120.00,0.020663
562.6106,5.8210,61.76,120.00,0.020831
562.6968,5.8210,61.76,120.00,0.019764
562.7862,5.8210,62.03,120.00,0.019616
562.8742,5.8210,61.49,120.00,0.019769
562.9637,5.8210,61.76,120.00,0.020858
563.0535,5.8400,61.76,120.00,0.020814
563.1444,5.8400,62.03,120.00,0.020540
563.2324,5.8400,61.76,120.00,0.020852
563.3234,5.8400,62.03,120.00,0.020638
563.4098,5.8400,61.49,120.00,0.019940
563.4998,5.8400,62.30,120.00,0.021344
563.5867,5.8400,61.49,120.00,0.020400
563.6784,5.8400,62.03,120.00,0.020567
563.7649,5.8400,61.22,119.50,0.019768
563.8543,5.8400,62.03,119.00,0.019933
563.9420,5.8400,61.49,119.00,0.019535
564.0343,5.8780,61.76,119.00,0.021240
564.1222,5.9160,61.76,119.00,0.020531
564.2142,5.9160,61.76,119.00,0.021093
564.3034,5.9160,62.03,119.50,0.019889
564.3899,5.9160,61.76,120.00,0.019295
564.4786,5.9160,61.76,120.00,0.020355
564.5701,5.9160,61.49,120.00,0.020530
564.6588,5.9160,61.76,120.00,0.020205
564.7524,5.9160,61.76,120.00,0.020345
564.8424,5.9160,61.76,120.00,0.021262
564.9299,5.9160,61.76,120.00,0.019717
565.0177,5.9160,61.22,120.00,0.019743
565.1074,5.9160,61.22,120.00,0.019897
565.1973,5.9120,62.03,120.00,0.020417
565.2919,5.9120,61.76,120.00,0.021136
565.3830,5.9120,61.22,120.00,0.020199
565.4723,5.9120,61.76,120.00,0.020821
565.5623,5.9120,62.30,120.00,0.020900
565.6547,5.9120,61.49,120.00,0.020766
565.7402,5.9120,62.03,120.00,0.019607
565.8271,5.9120,61.76,120.00,0.019750
565.9147,5.9120,61.49,120.00,0.021003
566.0085,5.9350,61.76,120.00,0.020803
566.1017,5.9580,61.49,120.00,0.021442
566.1965,5.9580,61.49,120.00,0.020993
566.2829,5.9580,61.49,120.00,0.020320
566.3717,5.9580,61.76,120.00,0.020602
566.4650,5.9580,61.49,120.00,0.020841
566.5568,5.9580,61.49,120.00,0.020438
566.6437,5.9580,61.22,120.00,0.020192
566.7325,5.9580,61.76,120.00,0.020786
566.8197,5.9580,61.76,121.00,0.020925
566.9082,5.9580,62.03,121.00,0.020235
566.9963,5.9485,61.49,121.00,0.020871
567.0879,5.9390,62.03,121.00,0.020601
567.1756,5.9390,61.76,121.00,0.020756
567.2671,5.9390,61.76,121.00,0.020338
567.3590,5.9390,61.76,121.00,0.021068
567.4495,5.9390,62.03,121.00,0.019458
567.5383,5.9390,62.03,121.00,0.019565
567.6258,5.9390,61.49,121.00,0.019534
567.7150,5.9390,61.76,121.00,0.020282
567.8074,5.9390,62.03,121.00,0.021105
567.8956,5.9390,61.76,121.00,0.020824
567.9841,5.9390,62.03,121.00,0.019799
568.0701,5.9390,62.03,121.00,0.020205
568.1594,5.9160,62.03,121.00,0.021061
568.2470,5.8930,61.22,121.00,0.020533
568.3370,5.8930,61.49,121.00,0.020883
568.4266,5.8930,61.22,121.00,0.020653
568.5201,5.8930,61.76,121.00,0.020216
568.6071,5.8930,61.49,121.00,0.020557
568.6958,5.8930,61.49,121.00,0.021103
568.7846,5.8930,61.49,121.00,0.021712
568.8756,5.8930,61.76,121.00,0.020937
568.9629,5.8930,62.03,121.00,0.020440
569.0519,5.9770,61.76,121.00,0.020424
569.1436,5.9770,62.03,121.00,0.020804
569.2373,5.9770,61.76,121.00,0.021280
569.3249,5.9770,61.76,121.00,0.021280
569.4154,5.9770,62.03,121.00,0.020222
569.5029,5.9770,62.30,121.00,0.020664
569.5949,5.9770,62.30,121.00,0.020697
569.6819,5.9770,61.76,121.00,0.020378
569.7742,5.9770,62.30,121.00,0.020993
569.8610,5.9770,61.76,121.00,0.020725
569.9537,5.9770,62.03,121.00,0.020472
570.0443,5.9660,61.76,121.00,0.020693
570.1360,5.9660,62.03,121.00,0.021154
570.2236,5.9660,61.49,122.00,0.020662
570.3127,5.9660,61.49,122.00,0.021242
570.4025,5.9660,62.30,122.00,0.020397
570.4909,5.9660,61.76,122.00,0.020613
570.5805,5.9660,61.76,122.00,0.020405
570.6718,5.9660,62.03,122.00,0.020907
570.7627,5.9660,62.03,122.00,0.020702
570.8558,5.9660,61.22,122.00,0.020914
570.9427,5.9660,62.03,122.00,0.020466
571.0349,5.9450,61.76,122.00,0.020963
571.1235,5.9240,61.49,122.00,0.020853
571.2117,5.9240,61.49,122.00,0.020594
571.2988,5.9240,62.30,122.00,0.020408
571.3885,5.9240,61.76,122.00,0.020825
571.4790,5.9240,61.76,122.00,0.021053
571.5709,5.9240,62.30,122.00,0.020350
571.6616,5.9240,62.03,122.00,0.020702
571.7540,5.9240,62.03,122.00,0.020993
571.8426,5.9240,62.03,122.00,0.020922
571.9352,5.9240,61.76,122.00,0.020641
572.0210,5.9240,61.76,122.00,0.019569
572.1104,5.9240,61.49,122.00,0.019619
572.1989,5.9240,61.49,122.00,0.020264
572.2915,5.9960,61.49,122.00,0.021046
572.3822,5.9960,62.30,122.00,0.021011
572.4742,5.9960,61.49,122.00,0.020960
572.5632,5.9960,62.03,122.00,0.020729
572.6570,5.9960,61.49,122.00,0.020603
572.7470,5.9960,61.76,122.00,0.020388
572.8366,5.9960,61.76,122.00,0.020888
572.9267,5.9960,61.49,122.00,0.021053
573.0163,5.9600,62.30,122.00,0.021199
573.1067,5.9240,62.30,122.00,0.020941
573.1987,5.9240,62.03,122.00,0.021085
573.2870,5.9240,61.76,122.00,0.021077
573.3799,5.9240,61.76,122.00,0.021035
573.4671,5.9240,61.49,122.00,0.020213
573.5583,5.9240,62.30,122.00,0.020961
573.6507,5.9240,61.49,122.00,0.020602
573.7425,5.9240,61.76,122.00,0.020512
573.8306,5.9240,61.49,123.00,0.021131
573.9221,5.9240,61.49,123.00,0.020421
574.0138,5.9410,61.76,123.00,0.020407
574.1065,5.9580,62.30,123.00,0.019741
574.1942,5.9580,61.76,123.00,0.020023
574.2851,5.9580,61.49,123.00,0.020103
574.3754,5.9580,62.03,123.00,0.021020
574.4654,5.9580,61.49,123.00,0.020746
574.5559,5.9580,61.76,123.00,0.020966
574.6481,5.9580,62.03,123.00,0.020779
574.7384,5.9580,61.76,123.00,0.020809
574.8279,5.9580,61.76,123.00,0.020900
574.9165,5.9580,61.76,123.00,0.020721
575.0077,5.9580,61.49,123.00,0.020609
575.0961,5.9580,62.30,123.00,0.021018
575.1875,5.9580,62.03,123.00,0.020793
575.2744,5.9580,61.49,123.00,0.020674
575.3613,5.9580,61.49,123.00,0.019458
575.4464,5.9580,61.22,123.00,0.019795
575.5383,5.9580,61.49,123.00,0.019821
575.6254,5.9580,61.49,123.00,0.020343
575.7174,5.9580,62.30,123.00,0.019902
575.8082,5.9580,62.03,123.00,0.021353
575.8994,5.9580,62.03,123.00,0.021156
575.9869,5.9255,61.49,123.00,0.021109
576.0751,5.8930,61.49,123.00,0.020267
576.1682,5.8930,61.49,123.00,0.021351
576.2682,5.8930,61.76,123.00,0.025515
576.3638,5.8930,62.03,123.00,0.022180
576.4600,5.8930,62.03,123.00,0.022041
576.5567,5.8930,62.03,123.00,0.021910
576.6537,5.8930,61.76,123.00,0.021162
576.7476,5.8930,62.03,123.00,0.021391
576.8459,5.8930,61.49,123.00,0.021843
576.9426,5.8930,61.49,122.50,0.021671
577.0378,5.8360,61.76,122.00,0.020693
577.1269,5.8360,61.49,122.50,0.020535
577.2162,5.8360,62.03,123.00,0.020911
577.3038,5.8360,61.76,123.00,0.020915
577.3925,5.8360,61.49,123.00,0.020599
577.4815,5.8360,61.49,123.00,0.020530
577.5723,5.8360,61.76,123.00,0.020409
577.6598,5.8360,62.03,122.50,0.020864
577.7480,5.8360,62.03,122.00,0.020439
577.8349,5.8360,61.49,122.00,0.020876
577.9261,5.8360,61.76,122.50,0.020417
578.0142,5.9065,61.49,122.00,0.020886
578.1036,5.9770,62.03,122.00,0.020961
578.1915,5.9770,62.03,122.00,0.020858
578.2807,5.9770,61.76,123.00,0.020525
578.3728,5.9770,61.76,122.50,0.021049
578.4623,5.9770,61.76,122.50,0.020947
578.5494,5.9770,61.76,122.50,0.020401
578.6376,5.9770,61.76,122.00,0.019927
578.7273,5.9770,61.49,122.00,0.020767
578.8173,5.9770,61.76,122.00,0.020194
578.9044,5.9770,61.76,122.00,0.020540
578.9950,5.9905,62.30,122.00,0.020509
579.0829,6.0040,61.49,122.00,0.020944
579.1746,6.0040,62.03,122.00,0.020980
579.2616,6.0040,62.03,122.00,0.020488
579.3576,6.0040,61.76,122.00,0.021723
579.4525,6.0040,62.30,122.00,0.021693
579.5484,6.0040,62.03,122.00,0.020931
579.6426,6.0040,61.76,122.00,0.022044
579.7368,6.0040,61.22,122.00,0.022423
579.8317,6.0040,61.49,122.00,0.022160
579.9284,6.0040,60.95,122.00,0.020835
580.0244,5.9775,62.03,122.00,0.021578
580.1209,5.9510,61.49,122.00,0.021863
580.2155,5.9510,61.22,122.00,0.021976
580.3128,5.9510,61.22,122.00,0.021967
580.4083,5.9510,61.76,122.00,0.021851
580.5057,5.9510,62.03,122.00,0.021492
580.5985,5.9510,62.03,122.00,0.020968
580.6877,5.9510,61.76,122.00,0.020697
580.7753,5.9510,61.49,122.00,0.021041
580.8670,5.9510,61.76,122.00,0.020637
580.9543,5.9510,61.49,122.00,0.020411
581.0410,5.9510,61.76,122.00,0.019492
581.1282,5.9510,61.49,122.00,0.019822
581.2188,5.9510,61.76,122.00,0.020248
581.3063,5.9510,61.22,122.00,0.020368
581.3953,5.9510,62.03,122.00,0.021027
581.4822,5.9510,61.76,122.00,0.020509
581.5721,5.9510,62.03,122.00,0.021087
581.6614,5.9510,61.49,122.00,0.020824
581.7544,5.9510,61.22,122.00,0.020393
581.8423,5.9510,61.49,122.00,0.021042
581.9302,5.9510,61.22,122.00,0.020059
582.0193,5.9510,61.76,122.00,0.020649
582.1127,5.9510,61.76,122.00,0.020317
582.2022,5.9510,61.49,122.00,0.020616
582.2928,5.9510,61.22,122.00,0.021285
582.3849,5.9510,61.49,122.00,0.021033
582.4777,5.9620,61.49,122.00,0.020586
582.5679,5.9620,62.03,122.00,0.021053
582.6578,5.9620,62.03,122.00,0.020292
582.7481,5.9620,61.76,122.00,0.020656
582.8394,5.9620,61.49,122.00,0.020496
582.9293,5.9620,61.76,122.00,0.021059
583.0198,5.9485,61.76,122.00,0.020678
583.1069,5.9350,61.76,122.00,0.020183
583.1976,5.9350,61.76,122.00,0.020550
583.2931,5.9350,62.30,122.00,0.021393
583.3895,5.9350,62.03,122.00,0.021243
583.4843,5.9350,62.30,122.00,0.021533
583.5795,5.9350,61.76,122.00,0.021777
583.6728,5.9350,61.76,122.00,0.021944
583.7688,5.9350,61.76,122.00,0.021755
583.8618,5.9350,61.22,122.00,0.021386
583.9563,5.9350,62.03,122.00,0.021065
584.0526,5.9310,61.76,122.00,0.022114
584.1482,5.9310,61.49,122.00,0.021976
584.2412,5.9310,61.49,122.00,0.021864
584.3386,5.9310,62.03,122.00,0.021750
584.4340,5.9310,61.76,122.00,0.021383
584.5286,5.9310,61.76,122.00,0.020909
584.6148,5.9310,62.03,122.00,0.019942
584.7020,5.9310,61.49,122.00,0.019887
584.7920,5.9310,62.03,122.00,0.021137
584.8866,5.9310,61.76,122.00,0.021423
584.9813,5.9295,62.03,122.00,0.021362
585.0771,5.9280,61.76,122.00,0.021459
585.1703,5.9280,61.76,122.00,0.021667
585.2694,5.9280,62.03,122.00,0.021314
585.3604,5.9280,61.76,122.00,0.020842
585.4551,5.9280,61.76,122.00,0.020992
585.5484,5.9280,61.49,122.00,0.021014
585.6415,5.9280,61.49,122.00,0.021636
585.7322,5.9280,61.49,122.00,0.021497
585.8291,5.9280,61.76,122.00,0.021083
585.9226,5.9280,61.49,121.50,0.021164
586.0157,5.9295,61.49,121.00,0.021758
586.1080,5.9310,61.49,121.00,0.021075
586.2053,5.9310,61.76,121.00,0.021272
586.2983,5.9310,61.49,121.00,0.021999
586.3945,5.9310,62.30,121.00,0.021215
586.4795,5.9310,61.76,121.50,0.019553
586.5693,5.9310,61.76,121.00,0.019682
586.6573,5.9310,62.03,121.00,0.020594
586.7538,5.9310,61.76,121.00,0.021344
586.8474,5.9310,61.76,121.50,0.021415
586.9445,5.9310,61.76,122.00,0.021434
587.0402,5.8630,61.76,122.00,0.021229
587.1376,5.8630,61.49,122.00,0.021452
587.2304,5.8630,61.76,122.00,0.021283
587.3196,5.8630,61.49,122.00,0.020507
587.4065,5.8630,61.49,122.00,0.020516
587.4951,5.8630,61.49,122.00,0.020114
587.5825,5.8630,61.49,122.00,0.020991
587.6742,5.8630,61.76,122.00,0.021023
587.7615,5.8630,61.76,122.00,0.020491
587.8529,5.8630,61.76,121.50,0.020972
587.9416,5.8630,61.76,121.00,0.020528
588.0355,5.9355,61.49,121.00,0.020843
588.1224,6.0080,61.49,121.00,0.020267
588.2123,6.0080,61.76,121.00,0.020832
588.2996,6.0080,62.03,121.50,0.021052
588.3936,6.0080,61.22,121.00,0.020794
588.4834,6.0080,61.49,121.00,0.020856
588.5747,6.0080,61.49,121.00,0.020777
588.6639,6.0080,62.03,121.00,0.021061
588.7525,6.0080,61.76,121.00,0.020584
588.8390,6.0080,61.49,121.00,0.020229
588.9323,6.0080,61.22,121.00,0.020524
589.0202,5.9965,62.03,121.00,0.020867
589.1113,5.9850,61.76,121.00,0.020874
589.1984,5.9850,61.76,121.00,0.020644
589.2920,5.9850,61.49,121.00,0.021032
589.3793,5.9850,61.76,121.00,0.021115
589.4688,5.9850,61.49,121.00,0.021358
589.5542,5.9850,62.30,121.00,0.019598
589.6417,5.9850,61.49,121.00,0.019595
589.7299,5.9850,62.03,121.00,0.020434
589.8231,5.9850,62.03,121.00,0.020904
589.9103,5.9850,61.76,121.50,0.020457
590.0013,5.9775,62.03,121.00,0.020766
590.0884,5.9700,61.76,121.00,0.020227
590.1797,5.9700,61.22,121.00,0.021243
590.2685,5.9700,61.49,121.00,0.020520
590.3588,5.9700,61.49,121.00,0.020240
590.4480,5.9700,61.76,121.00,0.020963
590.5390,5.9700,61.76,121.00,0.020859
590.6262,5.9700,62.30,121.00,0.020585
590.7143,5.9700,61.76,121.00,0.020108
590.8038,5.9700,62.03,121.00,0.020887
590.8929,5.9700,62.03,121.00,0.020847
590.9794,5.9700,62.03,121.00,0.020481
591.0683,5.9755,61.76,121.00,0.020925
591.1580,5.9810,61.22,121.00,0.020467
591.2502,5.9810,62.03,121.00,0.021951
591.3381,5.9810,62.03,121.00,0.020844
591.4310,5.9810,61.49,121.00,0.020440
591.5199,5.9810,61.76,121.00,0.020363
591.6088,5.9810,61.76,121.00,0.020904
591.6958,5.9810,62.03,121.00,0.020643
591.7878,5.9810,62.30,121.00,0.020931
591.8747,5.9810,61.49,121.00,0.020085
591.9622,5.9810,62.03,121.00,0.020325
592.0502,5.9810,62.30,121.00,0.020006
592.1389,5.9675,61.76,121.00,0.021243
592.2261,5.9540,62.30,121.00,0.020301
592.3164,5.9540,61.49,121.00,0.020284
592.4045,5.9540,61.49,121.00,0.021127
592.4960,5.9540,62.03,121.00,0.021065
592.5855,5.9540,61.76,121.00,0.020462
592.6761,5.9540,61.76,121.00,0.020136
592.7629,5.9540,62.03,121.00,0.020361
592.8514,5.9540,61.76,121.00,0.020328
592.9386,5.9540,61.49,121.00,0.020899
593.0274,5.9845,62.03,121.00,0.020643
593.1149,6.0150,61.49,121.00,0.020728
593.2041,6.0150,62.03,121.00,0.021116
593.2916,6.0150,62.30,121.00,0.020946
593.3825,6.0150,62.03,121.00,0.020512
593.4693,6.0150,61.76,121.00,0.020484
593.5580,6.0150,61.22,121.00,0.019626
593.6465,6.0150,62.03,120.50,0.020601
593.7369,6.0150,62.03,120.00,0.020229
593.8242,6.0150,61.22,120.00,0.021110
593.9132,6.0150,61.49,120.50,0.021003
594.0023,5.9310,61.49,120.50,0.020867
594.0938,5.8470,61.76,120.00,0.020768
594.1835,5.8470,61.76,120.00,0.021271
594.2723,5.8470,62.03,120.50,0.020912
594.3608,5.8470,62.30,121.00,0.019855
594.4517,5.8470,61.49,121.00,0.020970
594.5393,5.8470,61.76,121.00,0.021072
594.6281,5.8470,61.49,121.00,0.021159
594.7163,5.8470,61.76,121.00,0.020999
594.8077,5.8470,62.03,121.00,0.020828
594.9000,5.8470,61.76,121.00,0.020785
594.9917,5.8815,61.76,121.00,0.021322
595.0816,5.9160,61.49,121.00,0.020581
595.1708,5.9160,62.30,121.00,0.020694
595.2603,5.9160,62.30,121.00,0.020818
595.3478,5.9160,62.03,121.00,0.019457
595.4329,5.9160,62.30,121.00,0.019999
595.5221,5.9160,61.49,121.00,0.019825
595.6132,5.9160,62.30,121.00,0.020802
595.7018,5.9160,61.49,121.00,0.019354
595.7895,5.9160,61.76,121.00,0.020106
595.8798,5.9160,61.49,121.00,0.021041
595.9716,5.9160,61.76,121.00,0.020903
596.0633,5.8890,61.76,120.50,0.020895
596.1534,5.8890,61.76,120.00,0.020972
596.2442,5.8890,62.03,120.00,0.020525
596.3341,5.8890,62.03,120.00,0.020958
596.4258,5.8890,62.03,120.00,0.020604
596.5169,5.8890,61.76,120.00,0.020556
596.6060,5.8890,61.76,120.50,0.020666
596.6940,5.8890,61.76,121.00,0.020697
596.7827,5.8890,61.22,121.00,0.020432
596.8703,5.8890,62.30,121.00,0.020714
596.9598,5.8890,61.76,121.00,0.021162
597.0473,5.9580,62.30,121.00,0.020528
597.1395,5.9580,62.03,121.00,0.021245
597.2284,5.9580,61.49,120.50,0.020260
597.3159,5.9580,62.03,120.00,0.020277
597.4019,5.9580,61.49,120.50,0.020044
597.4900,5.9580,62.03,120.00,0.020475
597.5774,5.9580,61.49,120.50,0.020407
597.6679,5.9580,61.49,120.00,0.020202
597.7553,5.9580,62.30,120.50,0.020836
597.8484,5.9580,61.22,120.00,0.020070
597.9379,5.9580,62.03,120.00,0.020774
598.0310,5.9430,61.76,120.00,0.020580
598.1230,5.9280,62.30,120.00,0.020741
598.2140,5.9280,61.22,120.00,0.020749
598.2997,5.9280,61.22,120.00,0.019852
598.3866,5.9280,62.03,120.00,0.019514
598.4770,5.9280,62.03,120.00,0.021671
598.5682,5.9280,62.30,120.00,0.020820
598.6554,5.9280,61.76,120.00,0.020441
598.7434,5.9280,61.49,120.00,0.020685
598.8324,5.9280,62.03,120.00,0.020649
598.9238,5.9280,62.03,120.00,0.021036
599.0104,5.9295,62.30,120.00,0.020383
599.0994,5.9310,61.76,120.00,0.020761
599.1862,5.9310,61.76,120.00,0.020510
599.2776,5.9310,62.03,120.00,0.020847
599.3674,5.9310,62.30,120.00,0.020724
599.4563,5.9310,61.49,120.00,0.020813
599.5437,5.9310,62.03,120.00,0.020931
599.6351,5.9310,61.76,120.00,0.020648
599.7249,5.9310,62.30,120.00,0.020955
599.8177,5.9310,62.03,120.00,0.020417
599.9077,5.9310,61.76,120.00,0.021703
599.9939,5.9310,61.76,120.50,0.019582
600.0788,5.9310,62.03,120.00,0.019783
600.1693,5.9390,61.76,120.00,0.020949
600.2657,5.9470,62.03,120.00,0.021667
600.3617,5.9470,62.03,120.00,0.021150
600.4562,5.9470,61.76,120.00,0.021827
600.5538,5.9470,62.03,120.00,0.021261
600.6482,5.9470,62.03,120.00,0.021989
600.7465,5.9470,62.03,120.00,0.021481
600.8435,5.9470,62.03,120.00,0.022243
600.9399,5.9470,61.22,120.00,0.021654
601.0367,5.8170,61.76,120.00,0.020974
601.1279,5.8170,61.49,120.00,0.020182
601.2145,5.8170,62.30,120.00,0.020529
601.3069,5.8170,62.03,120.00,0.020096
601.3993,5.8170,61.76,120.00,0.020783
601.4861,5.8170,61.76,120.00,0.019585
601.5712,5.8170,61.76,120.00,0.019509
601.6585,5.8170,61.76,120.50,0.020045
601.7527,5.8170,61.76,120.00,0.022591
601.8479,5.8170,62.03,120.00,0.021494
601.9432,5.8170,62.03,120.00,0.021125
602.0413,5.8670,62.03,120.00,0.020906
602.1369,5.8670,61.76,120.00,0.021630
602.2333,5.8670,61.76,120.50,0.021512
602.3294,5.8670,62.03,120.00,0.022417
602.4190,5.8670,61.22,120.00,0.020099
602.5063,5.8670,62.30,120.00,0.020209
602.5989,5.8670,61.49,120.00,0.020989
602.6920,5.8670,62.03,120.00,0.021546
602.7897,5.8670,61.49,120.00,0.021671
602.8850,5.8670,61.76,120.00,0.021561
602.9833,5.8190,61.22,120.00,0.022055
603.0752,5.7710,61.76,120.00,0.021983
603.1705,5.7710,61.76,120.00,0.021330
603.2636,5.7710,61.49,120.50,0.021459
603.3588,5.7710,61.49,120.00,0.021811
603.4538,5.7710,61.49,120.00,0.021223
603.5494,5.7710,61.49,120.00,0.021472
603.6443,5.7710,62.03,120.00,0.021473
603.7395,5.7710,61.76,120.00,0.021225
603.8332,5.7710,61.22,120.00,0.021384
603.9303,5.7710,62.03,120.00,0.020964
604.0260,5.8130,61.76,120.00,0.021632
604.1239,5.8550,61.49,120.00,0.021516
604.2207,5.8550,61.49,120.00,0.022442
604.3140,5.8550,62.30,120.00,0.020919
604.4019,5.8550,61.76,120.00,0.020544
604.4940,5.8550,61.76,120.50,0.020561
604.5822,5.8550,61.49,121.00,0.020069
604.6702,5.8550,61.76,120.50,0.019910
604.7575,5.8550,61.49,120.00,0.020387
604.8491,5.8550,61.76,120.00,0.019822
604.9357,5.8550,61.49,120.50,0.020410
605.0238,5.8550,61.76,120.00,0.020341
605.1119,5.8495,61.76,120.00,0.020980
605.2021,5.8440,61.76,120.00,0.020851
605.2946,5.8440,61.76,120.00,0.020566
605.3864,5.8440,62.03,120.00,0.021004
605.4768,5.8440,62.03,120.00,0.020943
605.5722,5.8440,61.76,120.00,0.021500
605.6628,5.8440,61.76,120.50,0.021520
605.7532,5.8440,61.49,120.50,0.021181
605.8439,5.8440,62.03,120.00,0.021109
605.9354,5.8440,62.03,120.00,0.020740
606.0255,5.8685,61.76,120.00,0.020781
606.1139,5.8930,61.76,120.00,0.019874
606.2023,5.8930,61.49,120.00,0.020340
606.2923,5.8930,62.30,120.00,0.020845
606.3839,5.8930,61.22,120.00,0.020097
606.4737,5.8930,61.22,120.00,0.020737
606.5611,5.8930,61.49,120.50,0.020138
606.6513,5.8930,62.03,120.00,0.020167
606.7373,5.8930,61.49,120.50,0.020156
606.8286,5.8930,61.76,121.00,0.020672
606.9204,5.8930,61.76,121.00,0.020249
607.0103,5.8720,61.76,121.00,0.020810
607.0988,5.8510,62.03,120.50,0.020662
607.1882,5.8510,61.49,120.00,0.020883
607.2750,5.8510,62.03,120.00,0.020511
607.3659,5.8510,62.03,120.00,0.020403
607.4555,5.8510,61.76,120.00,0.021111
607.5448,5.8510,61.49,120.00,0.020817
607.6347,5.8510,62.03,120.00,0.020919
607.7227,5.8510,62.30,120.00,0.020190
607.8148,5.8510,62.30,120.00,0.020434
607.9074,5.8510,62.30,120.00,0.020424
607.9949,5.8895,61.76,120.00,0.021109
608.0878,5.9280,62.03,120.50,0.020251
608.1749,5.9280,61.76,120.00,0.020976
608.2636,5.9280,61.76,120.00,0.020724
608.3523,5.9280,61.49,120.00,0.020317
608.4431,5.9280,61.22,120.00,0.020677
608.5304,5.9280,61.49,120.00,0.020802
608.6194,5.9280,61.22,120.00,0.021382
608.7069,5.9280,61.49,120.00,0.020854
608.7962,5.9280,61.76,120.50,0.020918
608.8830,5.9280,62.03,120.00,0.020705
608.9741,5.9280,61.76,120.00,0.020947
609.0639,5.9510,62.03,120.00,0.020670
609.1519,5.9510,62.03,120.50,0.020327
609.2383,5.9510,61.76,120.50,0.020149
609.3251,5.9510,62.30,120.50,0.019538
609.4123,5.9510,61.49,120.00,0.019398
609.5003,5.9510,62.30,120.00,0.020687
609.5878,5.9510,61.76,120.00,0.020722
609.6788,5.9510,62.03,120.00,0.020402
609.7660,5.9510,62.03,120.50,0.020979
609.8587,5.9510,61.49,120.00,0.020165
609.9491,5.9510,62.03,120.00,0.021424
610.0408,5.8970,61.76,120.00,0.020883
610.1301,5.8970,61.49,120.00,0.020639
610.2187,5.8970,62.30,120.00,0.020551
610.3064,5.8970,62.03,120.00,0.020644
610.3958,5.8970,62.30,120.00,0.021113
610.4829,5.8970,62.03,120.00,0.020892
610.5734,5.8970,62.30,120.00,0.020388
610.6604,5.8970,61.76,120.00,0.020767
610.7524,5.8970,61.76,120.00,0.020166
610.8387,5.8970,62.30,120.00,0.020183
610.9269,5.8970,62.03,120.00,0.019888
611.0144,5.9335,62.30,120.00,0.020345
611.1037,5.9700,61.49,120.00,0.020700
611.1927,5.9700,61.76,120.00,0.020604
611.2837,5.9700,62.03,120.00,0.020553
611.3710,5.9700,62.03,120.00,0.020723
611.4599,5.9700,61.76,120.00,0.020529
611.5469,5.9700,62.03,120.00,0.020447
611.6350,5.9700,61.49,120.00,0.019767
611.7204,5.9700,62.03,120.50,0.019492
611.8068,5.9700,62.03,120.50,0.019512
611.8938,5.9700,62.03,120.00,0.020843
611.9842,5.9700,62.03,120.00,0.020237
612.0726,5.9540,61.76,120.00,0.020865
612.1633,5.9540,62.03,120.00,0.020780
612.2535,5.9540,61.49,120.00,0.021441
612.3443,5.9540,61.49,120.00,0.020160
612.4343,5.9540,62.30,120.00,0.021243
612.5221,5.9540,61.49,120.00,0.020247
612.6099,5.9540,62.03,120.00,0.019537
612.6964,5.9540,62.03,120.00,0.019689
612.7819,5.9540,62.03,120.00,0.019974
612.8707,5.9540,61.76,120.00,0.020853
612.9578,5.9540,62.03,120.00,0.020782
613.0476,6.0120,62.03,120.00,0.020951
613.1341,6.0120,62.03,120.00,0.020029
613.2229,6.0120,61.76,120.00,0.019367
613.3094,6.0120,61.49,120.00,0.020097
613.3999,6.0120,61.76,120.00,0.020967
613.4920,6.0120,61.49,120.50,0.020340
613.5830,6.0120,62.03,120.50,0.020402
613.6709,6.0120,62.03,120.50,0.020787
613.7614,6.0120,61.76,120.50,0.020757
613.8514,6.0120,61.76,120.00,0.020648
613.9408,6.0120,61.76,120.00,0.020965
614.0284,5.9680,61.76,120.50,0.020326
614.1218,5.9240,61.49,120.00,0.020293
614.2124,5.9240,61.76,120.00,0.020999
614.3017,5.9240,62.03,120.00,0.020641
614.3909,5.9240,62.30,120.00,0.020566
614.4798,5.9240,61.76,120.00,0.020892
614.5689,5.9240,62.03,120.00,0.020613
614.6598,5.9240,62.30,120.00,0.020591
614.7477,5.9240,62.03,120.00,0.021004
614.8361,5.9240,62.30,120.00,0.020634
614.9280,5.9240,61.49,120.00,0.020940
615.0182,5.9545,61.76,120.00,0.020901
615.1057,5.9850,61.76,120.00,0.020405
615.1951,5.9850,62.03,120.00,0.020764
615.2825,5.9850,61.49,120.50,0.020598
615.3713,5.9850,61.76,120.00,0.020626
615.4608,5.9850,62.03,120.00,0.021119
615.5531,5.9850,62.03,120.00,0.020320
615.6425,5.9850,62.03,120.00,0.020931
615.7357,5.9850,62.03,120.00,0.021036
615.8220,5.9850,61.49,120.00,0.020248
615.9109,5.9850,61.49,120.00,0.020751
616.0010,5.9755,62.30,120.00,0.021384
616.0921,5.9660,62.03,120.00,0.020610
616.1810,5.9660,62.03,120.00,0.019972
616.2715,5.9660,61.76,120.00,0.019753
616.3587,5.9660,62.03,120.00,0.020751
616.4490,5.9660,61.76,120.50,0.020164
616.5405,5.9660,62.30,120.00,0.020407
616.6323,5.9660,62.30,120.00,0.021044
616.7197,5.9660,61.76,120.00,0.021004
616.8102,5.9660,61.49,120.00,0.020904
616.8992,5.9660,61.76,120.50,0.020729
616.9923,5.9600,61.76,120.00,0.021002
617.0812,5.9540,61.49,120.00,0.020083
617.1703,5.9540,61.49,120.00,0.020413
617.2602,5.9540,61.49,120.00,0.020449
617.3511,5.9540,61.76,120.00,0.020482
617.4388,5.9540,61.76,120.00,0.021389
617.5279,5.9540,61.76,120.50,0.020707
617.6147,5.9540,61.76,120.00,0.020295
617.7078,5.9540,61.49,120.00,0.020217
617.7929,5.9540,61.49,120.00,0.019663
617.8826,5.9540,61.49,120.00,0.019966
617.9696,5.9540,61.76,120.00,0.020872
618.0586,5.9310,62.30,120.00,0.020345
618.1469,5.9310,62.30,120.00,0.021184
618.2388,5.9310,61.76,120.50,0.020904
618.3247,5.9310,61.49,120.00,0.019657
618.4111,5.9310,61.22,120.00,0.019521
618.4985,5.9310,62.03,120.50,0.019905
618.5891,5.9310,61.76,120.00,0.020645
618.6767,5.9310,61.22,120.00,0.020893
618.7682,5.9310,62.30,120.00,0.020819
618.8555,5.9310,61.76,120.00,0.020888
618.9445,5.9310,62.03,120.00,0.020787
619.0346,5.9960,61.76,120.00,0.020254
619.1260,5.9960,61.76,120.00,0.020904
619.2154,5.9960,61.76,120.00,0.020736
619.3039,5.9960,61.76,120.00,0.020466
619.3898,5.9960,61.49,120.00,0.020005
619.4802,5.9960,62.03,120.00,0.020687
619.5672,5.9960,62.03,120.00,0.020633
619.6589,5.9960,61.76,120.00,0.021128
619.7482,5.9960,61.76,120.00,0.020397
619.8395,5.9960,62.03,120.00,0.020845
619.9248,5.9960,61.76,120.50,0.019643
620.0137,5.9960,61.49,120.00,0.019552
620.1047,5.9430,62.30,120.00,0.020692
620.1970,5.9430,62.03,120.00,0.021225
620.2826,5.9430,61.76,121.00,0.019737
620.3689,5.9430,62.30,121.00,0.019730
620.4545,5.9430,62.03,120.50,0.019836
620.5428,5.9430,61.76,120.00,0.020647
620.6290,5.9430,62.03,120.00,0.019759
620.7158,5.9430,62.03,120.00,0.019759
620.8012,5.9430,62.03,120.00,0.019766
620.8915,5.9430,62.30,120.00,0.020514
620.9787,5.9470,61.49,121.00,0.020492
621.0707,5.9510,62.30,121.00,0.021043
621.1583,5.9510,62.03,120.50,0.020817
621.2488,5.9510,62.30,120.00,0.021903
621.3404,5.9510,61.76,120.00,0.020482
621.4300,5.9510,61.76,120.00,0.021044
621.5194,5.9510,62.30,120.50,0.021173
621.6079,5.9510,62.03,120.00,0.020374
621.6961,5.9510,62.03,120.00,0.020510
621.7868,5.9510,61.49,120.00,0.020447
621.8765,5.9510,62.30,120.00,0.020663
621.9654,5.9510,61.76,120.00,0.020828
622.0551,5.9700,61.76,120.00,0.020710
622.1442,5.9700,61.76,120.00,0.021123
622.2322,5.9700,62.03,120.00,0.021519
622.3229,5.9700,61.49,120.00,0.020399
622.4138,5.9700,61.76,120.00,0.020593
622.5074,5.9700,61.76,120.50,0.020960
622.5965,5.9700,62.03,121.00,0.020877
622.6865,5.9700,62.30,120.50,0.021317
622.7754,5.9700,62.03,120.00,0.020409
622.8643,5.9700,62.03,120.00,0.020691
622.9519,5.9700,61.76,120.00,0.021128
623.0436,5.9700,62.03,120.00,0.020847
623.1303,5.9700,61.76,120.00,0.020504
623.2194,5.9700,61.76,121.00,0.020741
623.3060,5.9700,61.76,121.00,0.020432
623.3947,5.9700,61.49,121.00,0.020668
623.4815,5.9700,61.76,120.00,0.020396
623.5718,5.9700,62.30,120.50,0.020317
623.6588,5.9700,61.49,120.50,0.020492
623.7475,5.9700,62.03,120.50,0.020590
623.8347,5.9700,62.03,120.00,0.020686
623.9279,5.9700,62.03,120.00,0.021058
624.0157,5.9700,61.49,120.00,0.019883
624.1032,5.9700,62.30,120.00,0.020392
624.1950,5.9810,62.03,120.00,0.020322
624.2857,5.9810,62.03,120.00,0.020559
624.3721,5.9810,62.30,120.00,0.019987
624.4622,5.9810,62.30,120.00,0.020249
624.5509,5.9810,62.30,120.00,0.020471
624.6400,5.9810,61.49,120.50,0.020585
624.7290,5.9810,61.76,120.00,0.020769
624.8196,5.9810,62.30,120.00,0.020427
624.9066,5.9810,62.03,120.00,0.020172
624.9961,5.9525,61.76,120.00,0.021278
625.0814,5.9240,62.03,120.50,0.019433
625.1709,5.9240,61.49,120.00,0.020194
625.2586,5.9240,61.76,120.50,0.021242
625.3480,5.9240,62.03,120.00,0.020497
625.4358,5.9240,62.03,120.00,0.021098
625.5268,5.9240,61.49,121.00,0.020623
625.6149,5.9240,62.03,121.00,0.020813
625.7043,5.9240,61.76,121.00,0.020716
625.7938,5.9240,61.76,121.00,0.020302
625.8830,5.9240,61.76,120.50,0.020914
625.9746,5.9240,62.30,120.50,0.020537
626.0660,5.9240,61.22,120.50,0.020498
626.1522,5.9240,61.22,120.00,0.019643
626.2383,5.9240,62.03,120.00,0.019332
626.3269,5.9240,62.03,120.00,0.020169
626.4152,5.9240,61.76,120.00,0.020590
626.5038,5.9240,61.76,120.00,0.021482
626.5960,5.9240,61.49,120.00,0.020129
626.6814,5.9240,61.49,120.00,0.019281
626.7687,5.9240,61.76,120.00,0.019957
626.8544,5.9240,61.22,120.00,0.019821
626.9446,5.9240,61.49,120.00,0.019665
627.0303,5.9240,62.03,120.50,0.019928
627.1178,5.9240,61.49,120.00,0.019804
627.2030,5.9240,62.03,120.00,0.019197
627.2897,5.9240,62.03,121.00,0.019540
627.3777,5.9240,61.76,121.00,0.020262
627.4706,5.9240,61.49,120.50,0.020900
627.5601,5.9240,61.49,120.00,0.021158
627.6510,5.9240,61.49,120.00,0.020699
627.7381,5.9240,62.30,120.50,0.020139
627.8254,5.9240,62.03,120.00,0.020304
627.9140,5.9240,61.49,120.50,0.019973
628.0010,5.9240,61.76,120.50,0.019665
628.0874,5.9240,61.76,120.50,0.020347
628.1740,5.9240,62.30,120.50,0.019743
628.2614,5.9240,61.76,120.50,0.020350
628.3508,5.9450,61.49,120.00,0.021144
628.4412,5.9660,61.76,120.00,0.020940
628.5323,5.9660,62.03,120.00,0.020480
628.6197,5.9660,62.03,120.00,0.021058
628.7073,5.9660,61.49,120.00,0.019488
628.7949,5.9660,61.76,120.00,0.020128
628.8829,5.9660,61.76,120.00,0.020751
628.9695,5.9660,61.76,120.00,0.019738
629.0583,5.9660,61.76,120.00,0.019625
629.1437,5.9660,61.76,120.00,0.019578
629.2329,5.9525,61.22,120.00,0.021923
629.3221,5.9390,61.76,120.00,0.020384
629.4105,5.9390,61.49,120.50,0.019523
629.4981,5.9390,62.30,120.00,0.019727
629.5861,5.9390,61.76,120.00,0.020606
629.6762,5.9390,61.22,121.00,0.020447
629.7650,5.9390,62.03,121.00,0.021184
629.8516,5.9390,61.76,120.50,0.020226
629.9427,5.9390,62.03,120.00,0.020908
630.0307,5.9545,61.76,120.00,0.020979
630.1221,5.9700,62.03,120.00,0.020647
630.2094,5.9700,61.22,120.00,0.020624
630.2999,5.9700,62.03,120.00,0.020265
630.3881,5.9700,62.30,120.00,0.021132
630.4743,5.9700,61.76,120.00,0.019665
630.5599,5.9700,61.22,120.50,0.020126
630.6467,5.9700,61.49,120.50,0.019947
630.7345,5.9700,62.03,120.50,0.021170
630.8238,5.9700,61.49,120.00,0.019811
630.9105,5.9700,61.76,120.50,0.020534
631.0034,5.9870,62.03,120.00,0.020658
631.0935,6.0040,61.49,120.50,0.020977
631.1823,6.0040,61.76,120.00,0.019643
631.2704,6.0040,61.76,120.00,0.019842
631.3614,6.0040,61.49,120.00,0.021137
631.4485,6.0040,61.76,120.00,0.020807
631.5365,6.0040,62.03,120.50,0.020610
631.6233,6.0040,61.76,120.00,0.020618
631.7143,6.0040,61.49,120.00,0.020922
631.8052,6.0040,62.03,120.00,0.020190
631.8916,6.0040,62.03,120.00,0.019711
631.9778,6.0040,62.30,120.00,0.020357
632.0692,5.9660,61.22,121.00,0.021001
632.1572,5.9280,61.49,121.00,0.021224
632.2464,5.9280,62.03,120.50,0.019647
632.3339,5.9280,61.76,120.00,0.019715
632.4212,5.9280,61.76,120.00,0.019879
632.5097,5.9280,61.76,120.00,0.020408
632.6003,5.9280,61.49,120.00,0.020556
632.6882,5.9280,61.76,120.00,0.021139
632.7764,5.9280,61.49,121.00,0.020437
632.8658,5.9280,62.03,121.00,0.020567
632.9550,5.9280,61.76,121.00,0.020863
633.0444,5.9280,62.03,120.50,0.021443
633.1315,5.9280,61.76,120.00,0.020039
633.2190,5.9280,62.30,120.50,0.019719
633.3074,5.9280,62.03,120.00,0.020490
633.3944,5.9280,62.30,120.00,0.020694
633.4853,5.9280,61.49,120.00,0.020587
633.5744,5.9280,62.30,120.00,0.020465
633.6640,5.9280,61.49,120.00,0.021195
633.7532,5.9280,61.76,120.00,0.021003
633.8461,5.9280,61.76,120.00,0.020641
633.9349,5.9280,62.03,120.00,0.019875
634.0267,5.9280,62.30,120.00,0.020871
634.1163,5.9280,62.03,120.50,0.020890
634.2030,5.9280,61.76,120.00,0.019703
634.2911,5.9280,61.76,120.00,0.020193
634.3811,5.9280,62.03,120.00,0.019839
634.4670,5.9280,61.49,121.00,0.020265
634.5538,5.9280,62.03,121.00,0.019475
634.6431,5.9315,61.49,120.50,0.021258
634.7346,5.9350,61.76,120.00,0.020534
634.8220,5.9350,61.76,120.50,0.021062
634.9115,5.9350,61.76,120.00,0.020473
634.9986,5.9315,61.76,120.00,0.021061
635.0883,5.9280,62.30,120.00,0.020737
635.1758,5.9280,62.30,120.50,0.020801
635.2647,5.9280,62.03,120.50,0.020756
635.3544,5.9280,62.03,120.50,0.021199
635.4459,5.9280,62.03,120.00,0.021004
635.5359,5.9280,61.49,120.50,0.021168
635.6261,5.9280,61.76,120.50,0.020349
635.7150,5.9280,61.76,120.00,0.020242
635.8064,5.9280,61.76,120.00,0.020622
635.8936,5.9280,62.03,120.00,0.020190
635.9820,5.9280,62.30,120.00,0.020479
636.0722,5.9390,62.03,120.00,0.020366
636.1636,5.9390,62.03,120.00,0.020922
636.2499,5.9390,62.30,120.00,0.020590
636.3399,5.9390,61.49,120.00,0.020505
636.4268,5.9390,62.03,120.00,0.020268
636.5185,5.9390,62.03,120.00,0.021159
636.6060,5.9390,62.03,120.00,0.020377
636.6947,5.9390,61.49,120.00,0.020429
636.7843,5.9390,62.03,120.00,0.021021
636.8754,5.9390,61.76,120.00,0.020933
636.9645,5.9390,62.03,120.00,0.020787
637.0559,5.9240,61.76,120.00,0.020377
637.1427,5.9240,61.76,120.50,0.021145
637.2321,5.9240,61.76,120.00,0.020806
637.3206,5.9240,61.76,120.00,0.020979
637.4114,5.9240,61.49,120.50,0.020823
637.5033,5.9240,61.76,120.00,0.021162
637.5938,5.9240,61.76,120.50,0.021831
637.6851,5.9240,62.30,121.00,0.020890
637.7760,5.9240,62.30,121.00,0.020082
637.8664,5.9240,61.76,121.00,0.020729
637.9555,5.9240,62.03,121.00,0.020469
638.0443,5.9200,61.49,120.50,0.020893
638.1360,5.9200,61.76,120.50,0.021026
638.2261,5.9200,62.03,120.00,0.021152
638.3165,5.9200,62.30,120.00,0.020773
638.4048,5.9200,61.49,120.00,0.021010
638.4950,5.9200,62.30,120.00,0.019955
638.5808,5.9200,61.76,120.00,0.020139
638.6701,5.9200,61.76,120.00,0.019797
638.7596,5.9200,61.22,120.00,0.020771
638.8508,5.9200,61.76,120.50,0.020602
638.9400,5.9200,61.76,120.00,0.020749
639.0289,5.8740,62.03,120.00,0.020505
639.1155,5.8280,62.03,121.00,0.020612
639.2019,5.8280,62.03,121.00,0.019781
639.2895,5.8280,62.03,121.00,0.019926
639.3816,5.8280,61.76,121.00,0.020363
639.4708,5.8280,61.76,121.00,0.020432
639.5598,5.8280,62.03,120.50,0.020733
639.6494,5.8280,61.49,120.00,0.020919
639.7384,5.8280,62.03,120.00,0.021106
639.8277,5.8280,62.30,120.00,0.020851
639.9191,5.8280,61.76,120.00,0.020744
640.0064,5.9025,61.76,120.00,0.020602
640.0955,5.9770,62.03,121.00,0.020570
640.1829,5.9770,62.03,120.50,0.020779
640.2724,5.9770,62.03,120.00,0.021194
640.3619,5.9770,61.22,120.00,0.021092
640.4507,5.9770,61.49,120.00,0.020463
640.5376,5.9770,61.49,120.00,0.020495
640.6269,5.9770,61.49,120.00,0.021024
640.7140,5.9770,62.03,120.00,0.020636
640.8070,5.9770,62.30,120.00,0.020485
640.8946,5.9770,62.03,120.00,0.020973
640.9866,5.9540,61.49,120.00,0.021226
641.0772,5.9310,62.30,120.50,0.021201
641.1663,5.9310,61.49,120.00,0.021125
641.2542,5.9310,62.03,120.00,0.020892
641.3475,5.9310,61.76,120.00,0.020838
641.4365,5.9310,61.76,120.00,0.020681
641.5274,5.9310,62.03,120.50,0.020627
641.6145,5.9310,61.76,120.50,0.020318
641.7050,5.9310,61.49,120.00,0.020401
641.7927,5.9310,62.03,120.00,0.019668
641.8824,5.9310,62.03,120.00,0.020698
641.9674,5.9310,62.30,120.50,0.019673
642.0565,5.9200,61.49,120.00,0.021078
642.1455,5.9090,61.76,120.00,0.020490
642.2348,5.9090,62.03,120.00,0.020719
642.3218,5.9090,61.49,120.00,0.020573
642.4105,5.9090,61.49,120.00,0.020475
642.4979,5.9090,62.30,120.00,0.020729
642.5909,5.9090,61.76,120.00,0.020648
642.6804,5.9090,62.30,120.00,0.021156
642.7721,5.9090,62.03,120.00,0.021071
642.8597,5.9090,61.49,120.00,0.021351
642.9484,5.9090,62.30,120.00,0.020967
643.0385,5.9700,61.49,120.00,0.021031
643.1271,5.9700,61.76,120.00,0.020416
643.2128,5.9700,61.49,120.00,0.020304
643.3018,5.9700,61.49,120.00,0.019739
643.3869,5.9700,62.03,121.00,0.019652
643.4762,5.9700,62.30,120.50,0.020954
643.5626,5.9700,61.76,120.50,0.020100
643.6515,5.9700,62.03,120.50,0.020990
643.7383,5.9700,62.30,120.50,0.020595
643.8292,5.9700,61.76,121.00,0.020382
643.9161,5.9700,61.76,121.00,0.020219
644.0034,5.9700,61.76,121.00,0.019624
644.0889,5.9700,62.03,120.50,0.019901
644.1795,5.9775,61.76,120.00,0.020898
644.2674,5.9850,61.49,120.50,0.020468
644.3547,5.9850,62.30,120.50,0.019712
644.4399,5.9850,61.76,120.50,0.019796
644.5310,5.9850,61.76,120.00,0.020682
644.6178,5.9850,62.30,120.00,0.020609
644.7066,5.9850,62.30,120.00,0.020654
644.7944,5.9850,61.76,120.00,0.020740
644.8846,5.9850,61.49,120.00,0.020065
644.9720,5.9850,61.76,120.00,0.020970
645.0612,5.9850,62.03,120.50,0.021326
645.1501,5.9850,61.49,121.00,0.020472
645.2409,5.9850,62.03,121.00,0.021594
645.3300,5.9850,61.76,121.00,0.020397
645.4180,5.9850,62.03,121.00,0.019826
645.5067,5.9850,61.76,121.00,0.020373
645.5958,5.9850,62.03,121.00,0.020361
645.6836,5.9850,61.76,121.00,0.021660
645.7719,5.9850,62.03,121.00,0.020085
645.8616,5.9850,61.76,121.00,0.020081
645.9545,5.9850,61.76,121.00,0.020227
646.0469,5.9850,62.03,121.00,0.021402
646.1369,5.9850,62.30,121.00,0.020053
646.2274,5.9850,61.76,121.00,0.021365
646.3164,5.9850,61.76,121.00,0.020545
646.4040,5.9850,61.76,121.00,0.021023
646.4915,5.9850,62.30,121.00,0.019664
646.5774,5.9850,62.30,121.00,0.019950
646.6670,5.9850,62.30,121.00,0.019980
646.7563,5.9850,61.22,122.00,0.020211
646.8468,5.9850,61.49,122.00,0.020307
646.9340,5.9850,61.76,122.00,0.020339
647.0234,5.9870,61.76,122.00,0.021216
647.1113,5.9890,62.30,122.00,0.021028
647.2004,5.9890,62.03,122.00,0.020786
647.2877,5.9890,61.76,122.00,0.020887
647.3786,5.9890,61.76,122.00,0.020332
647.4676,5.9890,61.49,122.00,0.020096
647.5586,5.9890,62.30,122.00,0.020318
647.6459,5.9890,61.76,122.00,0.020705
647.7344,5.9890,62.30,122.00,0.020132
647.8216,5.9890,62.03,122.00,0.020473
647.9132,5.9890,62.30,122.00,0.020578
648.0009,5.9890,62.03,122.00,0.020904
648.0905,5.9890,62.03,122.00,0.020537
648.1782,5.9890,62.03,122.00,0.020821
648.2692,5.9890,61.49,122.00,0.020399
648.3591,5.9890,61.76,122.00,0.020723
648.4480,5.9890,62.03,122.00,0.020933
648.5350,5.9890,62.30,122.00,0.020680
648.6247,5.9890,62.03,122.00,0.020919
648.7138,5.9890,62.03,122.00,0.020274
648.8027,5.9890,61.76,122.00,0.020825
648.8895,5.9890,61.76,122.00,0.020392
648.9782,5.9890,62.30,122.00,0.020492
649.0660,5.9890,61.76,122.00,0.020987
649.1567,5.9890,61.76,122.00,0.020455
649.2442,5.9890,61.76,122.00,0.020555
649.3354,5.9890,61.22,122.00,0.020336
649.4223,5.9890,61.76,122.00,0.020586
649.5091,5.9890,61.76,122.00,0.019584
649.5968,5.9890,62.03,122.00,0.019748
649.6859,5.9890,62.03,122.00,0.019672
649.7737,5.9890,61.76,122.00,0.020990
649.8625,5.9890,61.49,122.00,0.020237
649.9504,5.9890,62.03,122.00,0.020624
650.0397,5.9890,61.76,122.00,0.020947
650.1271,5.9890,62.30,122.00,0.020890
650.2158,5.9890,62.03,123.00,0.020703
650.3056,5.9890,61.49,123.00,0.020724
650.3972,5.9890,61.76,123.00,0.020284
650.4854,5.9890,62.03,123.00,0.021176
650.5753,5.9890,62.03,123.00,0.020606
650.6629,5.9890,62.03,123.00,0.020812
650.7561,5.9890,62.03,123.00,0.021437
650.8466,5.9890,62.30,123.00,0.020835
650.9364,5.9890,62.30,123.00,0.021067
651.0225,5.9890,62.30,123.00,0.019930
651.1101,5.9890,61.76,123.00,0.019852
651.1988,5.9890,62.03,123.00,0.020560
651.2869,5.9890,61.76,123.00,0.020111
651.3746,5.9660,61.49,123.00,0.020819
651.4666,5.9430,61.76,123.00,0.020288
651.5562,5.9430,62.30,123.00,0.020235
651.6477,5.9430,62.03,123.00,0.021010
651.7374,5.9430,61.49,123.00,0.020599
651.8311,5.9430,62.03,123.00,0.020735
651.9191,5.9430,61.76,123.00,0.020594
652.0115,5.9085,62.03,123.00,0.020997
652.1003,5.8740,61.76,123.00,0.021247
652.1878,5.8740,61.22,123.00,0.019925
652.2744,5.8740,62.03,123.00,0.020601
652.3620,5.8740,62.30,123.00,0.020155
652.4519,5.8740,61.76,123.00,0.021228
652.5433,5.8740,62.03,123.00,0.020514
652.6326,5.8740,62.03,123.00,0.020603
652.7241,5.8740,61.76,123.00,0.020302
652.8124,5.8740,61.76,123.00,0.021310
652.9047,5.8740,61.76,123.00,0.021007
652.9976,5.9045,62.03,123.00,0.021091
653.0948,5.9350,61.49,123.00,0.021485
653.1894,5.9350,61.76,123.00,0.021633
653.2869,5.9350,61.22,123.00,0.021242
653.3815,5.9350,62.30,123.00,0.021842
653.4794,5.9350,62.03,123.00,0.021327
653.5737,5.9350,62.03,123.00,0.022318
653.6694,5.9350,61.76,123.00,0.021630
653.7613,5.9350,62.03,123.00,0.021367
653.8573,5.9350,61.76,123.00,0.021451
653.9512,5.9350,61.22,123.00,0.021143
654.0481,5.8130,61.49,123.00,0.021986
654.1434,5.8130,61.76,123.00,0.021839
654.2397,5.8130,62.30,123.00,0.021988
654.3358,5.8130,61.76,123.00,0.021359
654.4310,5.8130,62.03,123.00,0.021508
654.5233,5.8130,62.03,123.00,0.020926
654.6122,5.8130,61.49,123.00,0.020640
654.7019,5.8130,61.49,123.00,0.021201
654.7910,5.8130,61.22,123.00,0.020305
654.8788,5.8130,61.22,123.00,0.020796
654.9680,5.8130,61.49,123.00,0.020925
655.0584,5.9920,61.49,123.00,0.021195
655.1482,5.9920,61.76,123.00,0.021138
655.2358,5.9920,62.03,123.00,0.021042
655.3275,5.9920,61.49,123.00,0.020891
655.4189,5.9920,61.76,123.00,0.020723
655.5083,5.9920,62.30,123.00,0.021070
655.5957,5.9920,61.22,123.00,0.020796
655.6853,5.9920,62.30,123.00,0.020757
655.7750,5.9920,61.22,123.00,0.020792
655.8641,5.9920,61.22,123.00,0.020852
655.9510,5.9920,62.30,123.00,0.020766
656.0401,5.9960,62.03,123.00,0.020248
656.1268,5.9960,62.30,123.00,0.020082
656.2161,5.9960,62.03,123.00,0.021084
656.3039,5.9960,62.03,123.00,0.021008
656.3946,5.9960,61.49,123.00,0.020241
656.4825,5.9960,61.49,123.00,0.020398
656.5710,5.9960,61.76,123.00,0.020319
656.6583,5.9960,62.03,123.00,0.020255
656.7516,5.9960,61.49,123.00,0.020778
656.8406,5.9960,61.76,123.00,0.020921
656.9343,5.9960,62.03,123.00,0.020285
657.0215,5.9655,61.76,123.00,0.020354
657.1134,5.9350,61.49,123.00,0.020737
657.2030,5.9350,61.76,123.00,0.019963
657.2934,5.9350,61.22,123.00,0.020140
657.3823,5.9350,61.76,123.00,0.020193
657.4747,5.9350,61.76,123.00,0.020764
657.5633,5.9350,62.30,123.00,0.021538
657.6525,5.9350,62.30,123.00,0.020700
657.7446,5.9350,61.49,123.00,0.020306
657.8368,5.9350,61.76,123.00,0.020815
657.9269,5.9350,62.03,123.00,0.020806
658.0202,5.9120,61.76,123.00,0.021402
658.1106,5.8890,61.76,123.00,0.021080
658.2001,5.8890,61.76,123.00,0.020391
658.2907,5.8890,61.76,123.00,0.020728
658.3778,5.8890,62.30,123.00,0.019520
658.4665,5.8890,61.76,123.00,0.019940
658.5548,5.8890,61.76,123.00,0.020475
658.6413,5.8890,62.03,123.00,0.019600
658.7316,5.8890,62.03,123.00,0.020198
658.8175,5.8890,61.49,123.00,0.019682
658.9059,5.8890,61.76,122.50,0.020638
658.9964,5.8950,62.03,122.00,0.021659
659.0870,5.9010,61.49,122.00,0.020231
659.1781,5.9010,62.03,122.00,0.020806
659.2670,5.9010,61.76,122.00,0.020684
659.3566,5.9010,61.49,122.00,0.020465
659.4478,5.9010,61.49,123.00,0.020630
659.5345,5.9010,61.49,123.00,0.019788
659.6257,5.9010,62.03,123.00,0.020473
659.7135,5.9010,61.76,122.50,0.021323
659.8048,5.9010,61.76,122.00,0.020597
659.8956,5.9010,61.49,122.50,0.020181
659.9846,5.8970,61.76,122.00,0.020737
660.0761,5.8930,62.03,122.00,0.020455
660.1676,5.8930,61.22,122.00,0.020840
660.2550,5.8930,61.76,123.00,0.020619
660.3447,5.8930,62.03,122.50,0.020773
660.4339,5.8930,61.76,122.50,0.020335
660.5234,5.8930,61.76,122.00,0.020724
660.6106,5.8930,62.03,122.50,0.020957
660.7002,5.8930,62.03,122.00,0.020835
660.7880,5.8930,61.49,122.50,0.021071
660.8766,5.8930,62.30,122.00,0.020450
660.9680,5.8930,62.03,122.00,0.020384
661.0553,5.8930,62.03,122.00,0.020150
661.1415,5.8930,61.76,122.00,0.020371
661.2308,5.9660,62.03,122.00,0.020873
661.3156,5.9660,62.30,122.00,0.019594
661.4027,5.9660,62.30,122.00,0.019823
661.4903,5.9660,61.76,122.00,0.019676
661.5810,5.9660,62.30,122.00,0.019943
661.6693,5.9660,61.76,122.50,0.019802
661.7609,5.9660,62.03,122.00,0.019750
661.8508,5.9660,62.03,122.50,0.020108
661.9414,5.9660,61.76,122.50,0.020267
662.0310,5.9295,61.22,122.50,0.020760
662.1229,5.8930,62.03,122.00,0.020779
662.2129,5.8930,62.30,122.00,0.021037
662.3067,5.8930,61.22,122.00,0.020284
662.3948,5.8930,61.76,122.00,0.020819
662.4850,5.8930,62.30,122.00,0.021260
662.5755,5.8930,62.30,122.00,0.021433
662.6669,5.8930,62.03,122.00,0.020736
662.7548,5.8930,62.30,122.00,0.021013
662.8439,5.8930,62.30,122.00,0.020766
662.9311,5.8930,61.76,122.00,0.020629
663.0225,5.9085,62.03,122.00,0.020426
663.1099,5.9240,61.76,122.00,0.020524
663.1995,5.9240,61.49,122.00,0.021164
663.2871,5.9240,62.03,122.00,0.020966
663.3760,5.9240,61.76,122.00,0.020576
663.4628,5.9240,62.03,122.00,0.020280
663.5546,5.9240,61.22,122.00,0.021028
663.6423,5.9240,61.49,122.00,0.020439
663.7337,5.9240,61.22,122.00,0.020907
663.8232,5.9240,61.49,122.00,0.020502
663.9149,5.9240,62.03,122.00,0.020882
664.0052,5.9240,61.49,122.00,0.020832
664.0955,5.9240,62.03,122.00,0.019732
664.1827,5.9240,62.03,122.00,0.019967
664.2707,5.9240,61.49,122.00,0.020287
664.3596,5.9240,62.03,122.00,0.020844
664.4483,5.9240,62.30,122.00,0.020561
664.5382,5.9240,62.03,122.00,0.020835
664.6282,5.9240,61.76,122.00,0.019603
664.7136,5.9240,61.76,122.00,0.020283
664.8008,5.9240,62.03,122.00,0.019952
664.8873,5.9240,62.30,122.00,0.020970
664.9763,5.9240,62.03,122.00,0.020401
665.0664,5.9540,62.30,122.00,0.020647
665.1548,5.9540,62.30,122.00,0.020356
665.2437,5.9540,61.49,122.00,0.021740
665.3326,5.9540,62.30,122.00,0.020269
665.4239,5.9540,62.30,122.00,0.020687
665.5156,5.9540,61.76,122.00,0.020737
665.6048,5.9540,61.76,122.00,0.020471
665.6960,5.9540,62.03,122.00,0.020635
665.7838,5.9540,62.03,122.00,0.021048
665.8745,5.9540,62.30,122.00,0.020287
665.9614,5.9540,61.76,122.00,0.020437
666.0506,5.9540,61.22,122.00,0.020652
666.1382,5.9540,62.30,122.00,0.020410
666.2278,5.9540,61.22,122.00,0.021104
666.3149,5.9540,61.49,122.00,0.020678
666.4038,5.9540,62.30,122.00,0.020293
666.4910,5.9540,62.03,122.00,0.020264
666.5801,5.9540,61.49,122.00,0.020167
666.6678,5.9540,62.30,122.00,0.021236
666.7588,5.9540,61.76,122.00,0.020286
666.8458,5.9540,62.30,122.00,0.020946
666.9336,5.9540,61.76,122.00,0.019992
667.0193,5.9540,61.76,122.00,0.019605
667.1077,5.9540,61.22,122.00,0.020383
667.1969,5.9540,61.49,122.00,0.020708
667.2886,5.9540,61.49,122.00,0.020894
667.3789,6.0080,61.76,122.00,0.020822
667.4725,6.0080,62.30,122.00,0.020308
667.5625,6.0080,61.49,122.00,0.020730
667.6551,6.0080,62.30,122.00,0.021059
667.7453,6.0080,61.49,122.00,0.020657
667.8384,6.0080,61.76,122.00,0.020312
667.9259,6.0080,62.30,122.00,0.020642
668.0161,5.9640,61.49,122.00,0.021402
668.1093,5.9200,61.76,122.00,0.021482
668.2003,5.9200,61.76,121.50,0.020767
668.2902,5.9200,62.30,121.50,0.020369
668.3806,5.9200,62.30,122.00,0.021271
668.4708,5.9200,62.03,122.00,0.020846
668.5603,5.9200,61.49,122.00,0.020880
668.6524,5.9200,61.76,122.00,0.020422
668.7445,5.9200,61.49,122.00,0.020803
668.8320,5.9200,61.76,122.00,0.020733
668.9215,5.9200,62.30,122.00,0.020768
669.0101,5.9145,62.03,122.00,0.021314
669.1029,5.9090,62.30,122.00,0.020746
669.1933,5.9090,62.30,122.00,0.020728
669.2836,5.9090,61.49,122.00,0.021024
669.3717,5.9090,62.30,122.00,0.020153
669.4631,5.9090,62.30,122.00,0.020548
669.5514,5.9090,61.76,122.00,0.020892
669.6438,5.9090,61.76,122.00,0.021539
669.7316,5.9090,61.49,121.50,0.020882
669.8226,5.9090,62.03,121.50,0.020234
669.9155,5.9090,61.49,121.00,0.021714
670.0074,5.9240,61.49,121.50,0.020916
670.0996,5.9390,61.76,121.50,0.020821
670.1882,5.9390,62.03,121.50,0.020227
670.2754,5.9390,61.49,122.00,0.020527
670.3648,5.9390,62.30,121.50,0.021131
670.4517,5.9390,62.03,121.50,0.020311
670.5439,5.9390,62.30,121.00,0.020548
670.6319,5.9390,62.30,121.00,0.019384
670.7188,5.9390,61.76,121.00,0.019313
670.8053,5.9390,62.30,121.50,0.020238
670.8967,5.9390,61.76,122.00,0.020262
670.9863,5.9045,62.30,122.00,0.020811
671.0783,5.8700,62.30,122.00,0.021102
671.1678,5.8700,62.30,122.00,0.020836
671.2564,5.8700,62.03,122.00,0.020455
671.3444,5.8700,62.03,122.00,0.021010
671.4348,5.8700,62.03,122.00,0.020343
671.5225,5.8700,62.30,121.50,0.020444
671.6095,5.8700,61.76,121.00,0.019875
671.6988,5.8700,62.03,121.00,0.019824
671.7863,5.8700,62.03,121.00,0.020289
671.8745,5.8700,61.76,121.50,0.021078
671.9678,5.8700,62.30,121.00,0.020873
672.0554,5.9280,62.30,121.00,0.020495
672.1478,5.9280,61.76,121.00,0.021115
672.2358,5.9280,62.03,121.00,0.020933
672.3265,5.9280,61.76,121.50,0.020497
672.4144,5.9280,62.03,121.00,0.021244
672.5024,5.9280,62.30,121.00,0.019561
672.5909,5.9280,61.76,121.00,0.020112
672.6782,5.9280,62.03,121.00,0.019849
672.7667,5.9280,61.49,121.00,0.020592
672.8548,5.9280,62.03,121.00,0.019958
672.9422,5.9280,61.49,121.00,0.019582
673.0296,5.9280,62.03,121.00,0.019750
673.1183,5.8975,61.22,121.00,0.020215
673.2068,5.8670,61.76,121.00,0.019863
673.2930,5.8670,61.76,121.00,0.019905
673.3825,5.8670,61.22,121.00,0.020065
673.4716,5.8670,61.49,121.00,0.020138
673.5627,5.8670,62.30,121.00,0.020329
673.6490,5.8670,61.49,121.00,0.019630
673.7382,5.8670,62.03,121.00,0.019842
673.8264,5.8670,61.49,121.00,0.019979
673.9178,5.8670,61.76,121.00,0.021065
674.0076,5.8610,61.76,121.00,0.021225
674.0974,5.8550,61.76,121.00,0.019534
674.1844,5.8550,62.03,121.00,0.019394
674.2714,5.8550,61.76,121.00,0.019480
674.3582,5.8550,61.76,121.00,0.020653
674.4482,5.8550,61.76,121.00,0.021200
674.5352,5.8550,61.76,121.00,0.020399
674.6266,5.8550,61.22,121.00,0.021123
674.7133,5.8550,62.30,121.00,0.019821
674.8027,5.8550,62.03,121.00,0.019771
674.8889,5.8550,62.30,121.00,0.020132
674.9782,5.8550,62.03,121.00,0.020710
675.0663,5.9090,62.03,121.00,0.020766
675.1581,5.9090,61.22,121.00,0.020875
675.2462,5.9090,62.03,121.00,0.021010
675.3348,5.9090,61.22,121.00,0.020322
675.4223,5.9090,62.03,121.00,0.020381
675.5107,5.9090,62.03,121.00,0.020222
675.6021,5.9090,61.49,121.00,0.020559
675.6902,5.9090,61.76,121.00,0.019405
675.7781,5.9090,62.03,121.00,0.019943
675.8677,5.9090,62.03,121.00,0.020179
675.9551,5.9090,61.49,121.00,0.020941
676.0443,5.9470,62.03,121.00,0.020371
676.1302,5.9470,62.03,121.00,0.019555
676.2176,5.9470,62.03,121.00,0.019933
676.3037,5.9470,61.76,121.00,0.019869
676.3918,5.9470,62.30,121.00,0.020087
676.4808,5.9470,61.76,121.00,0.020015
676.5720,5.9470,62.30,121.00,0.021085
676.6617,5.9470,61.76,121.00,0.020735
676.7552,5.9470,62.03,121.00,0.021087
676.8448,5.9470,62.03,121.00,0.020447
676.9343,5.9470,62.30,120.50,0.021155
677.0224,5.9280,61.76,120.50,0.020595
677.1120,5.9090,62.03,121.00,0.020572
677.2011,5.9090,61.49,121.00,0.020152
677.2906,5.9090,62.30,121.00,0.020466
677.3778,5.9090,61.49,121.00,0.020664
677.4720,5.9090,61.76,121.00,0.021008
677.5591,5.9090,61.76,121.00,0.020160
677.6528,5.9090,61.49,121.00,0.021182
677.7430,5.9090,61.76,121.00,0.021425
677.8340,5.9090,61.76,121.00,0.020198
677.9237,5.9090,62.03,121.00,0.020689
678.0142,5.9165,62.03,121.00,0.020080
678.1023,5.9240,61.22,121.00,0.020761
678.1931,5.9240,62.03,121.00,0.019990
678.2828,5.9240,61.49,121.00,0.020575
678.3709,5.9240,61.49,121.00,0.019904
678.4590,5.9240,61.76,121.00,0.020777
678.5478,5.9240,61.76,121.00,0.020294
678.6353,5.9240,62.03,121.00,0.020661
678.7268,5.9240,61.49,121.00,0.021114
678.8166,5.9240,61.49,121.00,0.021040
678.9057,5.9240,61.76,121.00,0.020562
678.9958,5.9485,61.76,121.00,0.021086
679.0860,5.9730,61.76,121.00,0.019718
679.1738,5.9730,61.76,121.00,0.020213
679.2623,5.9730,62.30,121.00,0.020941
679.3523,5.9730,61.76,121.00,0.020456
679.4413,5.9730,61.22,121.00,0.020848
679.5309,5.9730,61.76,121.00,0.020578
679.6218,5.9730,62.03,121.00,0.020247
679.7098,5.9730,62.30,121.00,0.020742
679.8019,5.9730,61.76,121.00,0.021215
679.8915,5.9730,62.30,120.50,0.021182
679.9832,5.9730,61.76,120.00,0.020826
680.0762,5.9160,61.76,121.00,0.021352
680.1669,5.9160,61.76,121.00,0.020000
680.2531,5.9160,62.03,121.00,0.019911
680.3431,5.9160,61.76,121.00,0.020043
680.4301,5.9160,61.49,121.00,0.020463
680.5237,5.9160,61.22,121.00,0.020902
680.6129,5.9160,61.76,121.00,0.020480
680.7016,5.9160,62.03,120.50,0.019420
680.7874,5.9160,62.03,120.50,0.019717
680.8756,5.9160,61.76,120.00,0.020207
680.9653,5.9160,61.76,120.00,0.020750
681.0588,5.9770,62.03,120.00,0.020562
681.1464,5.9770,61.76,120.50,0.020432
681.2376,5.9770,61.76,120.00,0.020874
681.3278,5.9770,62.30,120.00,0.021230
681.4186,5.9770,62.03,120.00,0.020588
681.5064,5.9770,61.22,120.00,0.020336
681.5958,5.9770,61.76,120.50,0.020817
681.6836,5.9770,61.76,120.50,0.021072
681.7757,5.9770,62.30,120.00,0.020830
681.8658,5.9770,61.49,120.50,0.020609
681.9581,5.9770,61.76,120.00,0.020863
682.0513,5.9470,61.76,120.00,0.020846
682.1426,5.9470,61.49,120.00,0.020410
682.2308,5.9470,61.76,120.00,0.020789
682.3204,5.9470,61.76,120.00,0.020845
682.4095,5.9470,62.03,120.00,0.019894
682.4997,5.9470,62.03,120.00,0.020186
682.5865,5.9470,62.03,120.50,0.020309
682.6758,5.9470,62.03,120.00,0.020740
682.7661,5.9470,61.76,120.00,0.020747
682.8591,5.9470,61.49,120.00,0.020266
682.9451,5.9470,61.49,120.00,0.019662
683.0348,5.9470,61.22,120.00,0.019814
683.1217,5.9470,62.03,120.00,0.020108
683.2122,5.8740,61.76,120.00,0.021435
683.2990,5.8740,62.30,120.00,0.020402
683.3880,5.8740,61.22,120.00,0.019952
683.4753,5.8740,62.03,120.00,0.020340
683.5670,5.8740,62.03,120.00,0.020785
683.6542,5.8740,61.49,120.00,0.020374
683.7428,5.8740,61.49,120.00,0.020546
683.8307,5.8740,61.49,120.00,0.020826
683.9196,5.8740,61.76,120.00,0.020808
684.0103,5.9350,61.76,120.00,0.021933
684.1025,5.9960,61.76,120.00,0.021323
684.1940,5.9960,62.30,120.00,0.019582
684.2818,5.9960,62.03,120.00,0.019969
684.3702,5.9960,62.03,120.00,0.020068
684.4637,5.9960,62.03,120.00,0.021717
684.5494,5.9960,62.03,120.00,0.019864
684.6373,5.9960,62.03,120.00,0.020015
684.7246,5.9960,61.76,120.00,0.020715
684.8197,5.9960,62.03,120.00,0.021432
684.9140,5.9960,61.76,120.00,0.022013
685.0094,5.9620,62.03,120.00,0.021641
685.1032,5.9280,61.49,120.00,0.021412
685.2005,5.9280,62.03,120.00,0.021271
685.2926,5.9280,61.76,120.00,0.021466
685.3902,5.9280,61.49,120.00,0.021318
685.4831,5.9280,61.22,120.00,0.021507
685.5811,5.9280,62.03,120.00,0.022442
685.6763,5.9280,61.49,120.00,0.021256
685.7736,5.9280,61.76,120.00,0.021406
685.8677,5.9280,61.76,120.00,0.021426
685.9585,5.9280,62.03,120.00,0.020968
686.0538,5.8820,62.30,120.00,0.021125
686.1473,5.8820,61.49,120.00,0.020318
686.2429,5.8820,61.22,120.00,0.021408
686.3407,5.8820,62.03,120.00,0.021295
686.4326,5.8820,61.49,120.00,0.021966
686.5295,5.8820,61.76,120.00,0.020855
686.6255,5.8820,61.76,120.00,0.021573
686.7228,5.8820,61.22,120.00,0.020863
686.8172,5.8820,61.49,120.00,0.021822
686.9146,5.8820,61.76,120.00,0.021343
687.0106,5.8990,62.30,120.00,0.021484
687.1070,5.9160,61.22,120.00,0.021422
687.2004,5.9160,61.76,120.00,0.021333
687.2960,5.9160,62.03,120.00,0.021425
687.3895,5.9160,61.76,120.00,0.021364
687.4869,5.9160,61.22,120.00,0.021425
687.5809,5.9160,61.76,120.00,0.021487
687.6744,5.9160,61.76,120.00,0.019643
687.7620,5.9160,61.49,120.00,0.019710
687.8512,5.9160,62.03,120.00,0.020564
687.9438,5.9160,61.49,120.00,0.022073
688.0417,5.9390,62.30,120.00,0.020726
688.1358,5.9390,61.49,120.00,0.022041
688.2340,5.9390,61.49,120.00,0.021396
688.3294,5.9390,61.22,120.00,0.021013
688.4226,5.9390,61.49,120.00,0.021449
688.5180,5.9390,61.22,120.00,0.021087
688.6149,5.9390,61.49,120.00,0.021222
688.7110,5.9390,61.49,120.00,0.021527
688.8081,5.9390,61.76,120.00,0.021473
688.9036,5.9390,61.49,120.00,0.021777
689.0011,5.9160,61.76,120.00,0.022420
689.0942,5.8930,62.03,120.00,0.020960
689.1900,5.8930,62.03,120.00,0.021239
689.2850,5.8930,61.76,120.00,0.020344
689.3769,5.8930,61.76,120.00,0.021013
689.4668,5.8930,61.76,120.00,0.020909
689.5581,5.8930,61.76,120.00,0.020533
689.6463,5.8930,61.49,120.00,0.019856
689.7339,5.8930,61.49,120.00,0.019962
689.8198,5.8930,62.03,120.00,0.020134
689.9111,5.8930,60.95,120.00,0.020649
689.9994,5.8700,61.76,120.00,0.021249
690.0913,5.8470,62.30,120.00,0.020818
690.1784,5.8470,61.76,120.00,0.020394
690.2700,5.8470,61.22,120.00,0.019750
690.3560,5.8470,61.49,120.00,0.019823
690.4434,5.8470,61.76,120.00,0.019588
690.5297,5.8470,61.76,120.00,0.020620
690.6201,5.8470,61.76,120.00,0.020308
690.7096,5.8470,61.76,120.00,0.020477
690.7988,5.8470,62.03,120.00,0.019461
690.8850,5.8470,61.76,120.00,0.019881
690.9759,5.8470,61.49,120.00,0.020474
691.0653,5.9700,61.22,120.00,0.020327
691.1588,5.9700,61.76,120.00,0.020597
691.2461,5.9700,62.03,120.00,0.020589
691.3353,5.9700,61.49,120.00,0.020530
691.4236,5.9700,61.76,120.00,0.021060
691.5154,5.9700,62.03,120.00,0.020771
691.6035,5.9700,61.76,120.00,0.021371
691.6920,5.9700,62.30,120.00,0.019855
691.7791,5.9700,61.49,120.00,0.019436
691.8699,5.9700,61.49,120.00,0.020418
691.9599,5.9700,61.49,120.00,0.021037
692.0510,5.9700,61.76,120.00,0.020235
692.1387,5.9700,62.30,120.00,0.020620
692.2294,5.9700,61.76,120.00,0.020774
692.3187,5.9700,61.49,120.00,0.020595
692.4081,5.9700,61.22,120.00,0.021110
692.4953,5.9700,62.03,120.00,0.020525
692.5861,5.9700,62.03,120.00,0.020624
692.6754,5.9700,61.76,120.00,0.020460
692.7664,5.9700,61.76,120.00,0.020204
692.8563,5.9700,61.76,120.00,0.020491
692.9454,5.9700,62.30,120.00,0.020346
693.0358,5.9700,61.76,120.00,0.021103
693.1274,5.9700,62.03,120.00,0.021215
693.2190,5.9700,61.76,120.00,0.020632
693.3163,5.9700,61.22,120.00,0.021635
693.4107,5.9700,61.49,120.00,0.020454
693.5041,5.9160,62.03,120.00,0.021203
693.5945,5.9160,61.76,120.00,0.019947
693.6888,5.9160,61.76,120.00,0.020619
693.7844,5.9160,62.30,120.00,0.021648
693.8781,5.9160,61.49,120.00,0.021139
693.9693,5.9160,62.03,120.00,0.021472
694.0659,5.7940,61.76,120.00,0.021781
694.1567,5.7940,61.49,120.00,0.019878
694.2465,5.7940,61.76,120.00,0.019714
694.3337,5.7940,61.76,120.00,0.020632
694.4305,5.7940,61.49,120.00,0.021622
694.5212,5.7940,61.76,120.00,0.021082
694.6145,5.7940,61.76,120.00,0.021497
694.7080,5.7940,62.30,120.00,0.021263
694.8065,5.7940,62.03,120.00,0.021515
694.8994,5.7940,62.03,120.00,0.021600
694.9955,5.8360,61.76,120.00,0.021986
695.0917,5.8780,62.30,120.00,0.021329
695.1878,5.8780,61.22,120.00,0.021591
695.2843,5.8780,61.49,120.50,0.021890
695.3804,5.8780,61.49,121.00,0.021750
695.4723,5.8780,61.49,121.00,0.021522
695.5691,5.8780,61.49,121.00,0.020901
695.6660,5.8780,61.22,121.00,0.021725
695.7622,5.8780,61.76,121.00,0.021684
695.8549,5.8780,61.76,121.00,0.021505
695.9524,5.8780,61.76,121.00,0.021425
696.0469,5.7980,61.49,121.00,0.021224
696.1440,5.7980,61.22,121.00,0.020983
696.2379,5.7980,61.49,121.00,0.022181
696.3355,5.7980,61.49,121.00,0.022017
696.4320,5.7980,61.76,121.00,0.021812
696.5270,5.7980,61.49,121.00,0.021414
696.6234,5.7980,61.49,121.00,0.021277
696.7210,5.7980,61.76,121.00,0.021015
696.8136,5.7980,61.22,122.00,0.021726
696.9082,5.7980,61.76,122.00,0.021587
697.0041,5.8610,61.76,122.00,0.021570
697.0984,5.9240,61.22,122.00,0.020194
697.1880,5.9240,61.49,122.00,0.020518
697.2795,5.9240,62.03,122.00,0.020944
697.3670,5.9240,61.49,122.00,0.020558
697.4567,5.9240,62.03,122.00,0.021132
697.5441,5.9240,62.03,122.00,0.020853
697.6339,5.9240,61.76,122.00,0.020574
697.7244,5.9240,61.76,122.00,0.021268
697.8157,5.9240,61.76,122.00,0.020926
697.9023,5.9240,61.76,122.00,0.020412
697.9921,5.9240,61.49,122.00,0.019989
698.0800,5.9315,62.30,122.00,0.021417
698.1715,5.9390,61.49,122.00,0.020818
698.2584,5.9390,61.49,122.00,0.020343
698.3484,5.9390,61.76,122.00,0.020687
698.4390,5.9390,61.76,122.00,0.020895
698.5284,5.9390,62.03,122.00,0.020961
698.6158,5.9390,62.03,122.00,0.020977
698.7074,5.9390,61.76,122.00,0.020244
698.7950,5.9390,61.49,122.00,0.021000
698.8869,5.9390,62.03,122.00,0.020674
698.9750,5.9390,61.76,122.00,0.020719
699.0674,5.9810,61.76,122.00,0.020745
699.1547,5.9810,61.22,122.00,0.020787
699.2442,5.9810,61.76,122.00,0.021133
699.3326,5.9810,61.49,122.00,0.020855
699.4216,5.9810,61.76,122.00,0.020232
699.5120,5.9810,61.76,122.00,0.021216
699.6022,5.9810,61.76,122.00,0.021081
699.6906,5.9810,62.03,122.00,0.020908
699.7794,5.9810,61.76,122.00,0.019801
699.8649,5.9810,62.03,122.00,0.019899
699.9550,5.9810,62.03,122.00,0.020150
700.0443,5.9810,61.76,122.00,0.020716
700.1325,5.9810,61.76,122.00,0.020483
700.2228,5.9810,62.03,122.00,0.021714
700.3123,5.9810,61.76,122.00,0.021061
700.4001,5.9810,62.03,122.00,0.020527
700.4906,5.9810,62.03,122.00,0.020352
700.5834,5.9810,62.30,122.00,0.021666
700.6795,5.9810,62.03,122.00,0.020048
700.7758,5.9810,61.49,122.00,0.022794
700.8717,5.9810,61.76,123.00,0.021769
700.9645,5.9810,62.03,123.00,0.020936
701.0620,5.9810,62.03,123.00,0.021077
701.1576,5.9810,61.49,123.00,0.021319
701.2550,5.9810,61.76,123.00,0.020714
701.3431,5.9810,61.49,123.00,0.020558
701.4323,5.9810,61.49,123.00,0.020436
701.5217,5.9810,61.49,123.00,0.020468
701.6133,5.9105,61.76,123.00,0.020878
701.7028,5.8400,61.76,123.00,0.019920
701.7909,5.8400,61.49,123.00,0.019859
701.8806,5.8400,61.49,123.00,0.020146
701.9776,5.8400,62.03,123.00,0.021516
702.0735,5.8400,62.30,123.00,0.021043
702.1723,5.8400,61.76,123.00,0.021705
702.2673,5.8400,62.30,123.00,0.022072
702.3638,5.8400,61.76,123.00,0.020048
702.4503,5.8400,61.76,123.00,0.020183
702.5405,5.8400,61.49,123.00,0.020715
702.6351,5.8400,61.76,123.00,0.021442
702.7334,5.8400,62.03,123.00,0.021943
702.8287,5.8400,61.49,123.00,0.021672
702.9261,5.8400,61.76,123.00,0.021831
703.0219,5.8400,61.76,123.00,0.021708
703.1167,5.8400,61.76,123.00,0.021387
703.2075,5.8020,61.76,123.00,0.020249
703.2963,5.8020,61.76,123.00,0.020417
703.3848,5.8020,61.76,123.00,0.021042
703.4801,5.8020,61.49,123.00,0.021340
703.5724,5.8020,61.49,123.00,0.021978
703.6693,5.8020,61.76,123.00,0.020813
703.7629,5.8020,61.76,123.00,0.021590
703.8597,5.8020,61.49,123.00,0.021340
703.9555,5.8020,61.49,123.00,0.022113
704.0525,5.7790,61.22,123.00,0.021932
704.1443,5.7790,61.49,123.00,0.021253
704.2383,5.7790,61.49,123.00,0.021035
704.3359,5.7790,61.76,123.00,0.021583
704.4338,5.7790,61.49,123.00,0.021286
704.5294,5.7790,61.49,123.00,0.021262
704.6226,5.7790,61.76,123.00,0.021738
704.7160,5.7790,61.49,124.00,0.021110
704.8130,5.7790,61.22,124.00,0.021003
704.9040,5.7790,62.03,124.00,0.021157
705.0019,5.8245,61.76,124.00,0.021527
705.0964,5.8700,61.49,124.00,0.021605
705.1946,5.8700,61.76,124.00,0.021524
705.2890,5.8700,61.49,124.00,0.021674
705.3862,5.8700,61.49,124.00,0.021708
705.4772,5.8700,61.49,124.00,0.021494
705.5726,5.8700,61.49,124.00,0.021283
705.6670,5.8700,61.76,124.00,0.020824
705.7649,5.8700,61.76,124.00,0.021458
705.8587,5.8700,62.03,124.00,0.021472
705.9553,5.8700,62.03,124.00,0.020494
706.0481,5.8475,62.03,124.00,0.021376
706.1439,5.8250,61.76,124.00,0.021563
706.2406,5.8250,61.76,124.00,0.021757
706.3387,5.8250,61.76,124.00,0.021554
706.4326,5.8250,61.49,123.50,0.020882
706.5280,5.8250,61.49,124.00,0.021156
706.6236,5.8250,61.49,124.00,0.021241
706.7209,5.8250,61.76,124.00,0.021026
706.8162,5.8250,61.76,124.00,0.021250
706.9121,5.8250,62.03,124.00,0.021399
707.0022,5.8250,61.22,124.00,0.019717
707.0895,5.8250,61.76,123.50,0.019432
707.1797,5.8420,61.22,123.50,0.022086
707.2779,5.8590,61.76,123.50,0.021116
707.3716,5.8590,61.49,123.00,0.021199
707.4617,5.8590,61.49,123.00,0.019691
707.5471,5.8590,62.30,123.50,0.019321
707.6364,5.8590,61.49,123.50,0.020077
707.7310,5.8590,61.22,123.00,0.022069
707.8262,5.8590,61.76,124.00,0.021431
707.9195,5.8590,61.22,124.00,0.021213
708.0172,5.8760,61.76,124.00,0.020965
708.1116,5.8930,61.22,124.00,0.019713
708.2017,5.8930,61.49,124.00,0.020332
708.2926,5.8930,61.22,124.00,0.020690
708.3826,5.8930,61.76,124.00,0.021003
708.4695,5.8930,61.76,124.00,0.019677
708.5573,5.8930,61.76,124.00,0.019928
708.6433,5.8930,61.76,124.00,0.019454
708.7348,5.8930,62.30,123.50,0.020762
708.8227,5.8930,61.76,123.00,0.020781
708.9144,5.8930,61.76,123.00,0.020945
709.0045,5.9220,61.76,123.00,0.020720
709.0957,5.9510,61.76,123.50,0.020237
709.1848,5.9510,62.30,124.00,0.020491
709.2743,5.9510,62.03,124.00,0.020701
709.3623,5.9510,62.03,124.00,0.021006
709.4509,5.9510,61.22,124.00,0.019694
709.5379,5.9510,61.76,123.50,0.019787
709.6260,5.9510,61.76,123.00,0.019811
709.7159,5.9510,61.49,123.50,0.020984
709.8071,5.9510,61.49,123.50,0.020432
709.8989,5.9510,61.49,123.00,0.020103
709.9908,5.9510,61.49,123.00,0.020676
710.0836,5.9510,61.76,123.00,0.020917
710.1747,5.9510,61.76,123.00,0.020256
710.2680,5.9510,61.49,123.50,0.021289
710.3600,5.9510,61.76,123.50,0.021041
710.4467,5.9510,62.03,123.50,0.020141
710.5360,5.9510,62.03,123.00,0.020625
710.6227,5.9510,61.76,123.00,0.019842
710.7109,5.9510,62.30,123.00,0.019937
710.7997,5.9510,61.76,123.00,0.021002
710.8895,5.9510,61.76,123.00,0.020434
710.9799,5.9510,62.03,123.00,0.021067
711.0709,5.9510,61.22,123.00,0.021128
711.1602,5.9510,62.03,123.00,0.021547
711.2507,5.9510,61.49,123.00,0.021120
711.3428,5.9510,61.76,123.00,0.020297
711.4319,5.9510,61.49,123.00,0.020765
711.5199,5.9510,61.49,123.00,0.021371
711.6112,5.9510,61.76,123.00,0.020529
711.6983,5.9510,62.30,123.00,0.020632
711.7888,5.9510,61.76,123.00,0.020954
711.8814,5.9510,62.30,123.00,0.020525
711.9732,5.9510,61.49,123.00,0.019893
712.0626,5.9280,61.22,123.00,0.020487
712.1514,5.9280,61.76,123.00,0.019894
712.2377,5.9280,61.76,123.00,0.020367
712.3306,5.9280,62.03,123.00,0.020245
712.4182,5.9280,61.49,123.00,0.020892
712.5076,5.9280,62.03,123.00,0.020753
712.5956,5.9280,61.76,123.00,0.020548
712.6872,5.9280,61.76,123.00,0.020666
712.7774,5.9280,61.49,123.00,0.020734
712.8706,5.9280,62.03,123.00,0.020872
712.9656,5.9280,61.76,123.00,0.021257
713.0622,5.8550,62.03,123.00,0.021617
713.1578,5.8550,61.49,123.00,0.021401
713.2554,5.8550,62.03,123.00,0.020997
713.3491,5.8550,62.03,123.00,0.021193
713.4427,5.8550,61.49,123.00,0.021444
713.5379,5.8550,62.03,123.00,0.021283
713.6336,5.8550,61.49,123.00,0.021915
713.7284,5.8550,62.30,123.00,0.021653
713.8235,5.8550,61.76,123.00,0.020860
713.9119,5.8550,62.03,123.00,0.020503
714.0033,5.8855,62.03,123.00,0.020580
714.0918,5.9160,62.03,123.00,0.020676
714.1829,5.9160,61.76,123.00,0.020371
714.2734,5.9160,61.76,123.00,0.020242
714.3666,5.9160,62.30,123.00,0.020162
714.4545,5.9160,61.49,123.00,0.020800
714.5439,5.9160,61.49,123.00,0.020550
714.6319,5.9160,62.03,123.00,0.020880
714.7261,5.9160,62.03,123.00,0.020676
714.8191,5.9160,62.03,123.00,0.020580
714.9117,5.9160,62.30,123.00,0.021133
714.9999,5.9160,62.03,123.00,0.020809
715.0894,5.9160,62.30,123.00,0.020344
715.1810,5.9160,62.03,123.00,0.021086
715.2748,5.9160,61.49,123.00,0.020704
715.3644,5.9160,62.03,123.00,0.020454
715.4566,5.9160,61.76,123.00,0.021094
715.5446,5.9160,61.49,123.00,0.021059
715.6344,5.9160,62.03,123.00,0.020783
715.7247,5.9160,61.49,123.00,0.020749
715.8146,5.9160,61.49,123.00,0.019978
715.9013,5.9160,61.49,123.00,0.020045
715.9896,5.9160,61.76,123.00,0.019863
716.0838,5.8170,61.76,123.00,0.021160
716.1765,5.8170,62.03,123.00,0.020659
716.2645,5.8170,61.76,123.00,0.020573
716.3589,5.8170,62.03,123.00,0.020752
716.4467,5.8170,61.49,123.00,0.020565
716.5390,5.8170,62.03,123.00,0.020910
716.6270,5.8170,62.03,123.00,0.020492
716.7190,5.8170,61.76,123.00,0.020952
716.8063,5.8170,62.03,123.00,0.020748
716.8969,5.8170,61.49,123.00,0.021010
716.9878,5.8645,62.03,123.00,0.020925
717.0795,5.9120,61.76,123.00,0.020755
717.1662,5.9120,61.76,122.50,0.020015
717.2542,5.9120,61.76,122.00,0.020042
717.3418,5.9120,61.76,123.00,0.020280
717.4344,5.9120,62.30,123.00,0.021039
717.5231,5.9120,62.03,123.00,0.021046
717.6160,5.9120,61.76,123.00,0.020908
717.7045,5.9120,61.49,123.00,0.020862
717.7946,5.9120,62.30,123.00,0.019819
717.8813,5.9120,61.49,123.00,0.019910
717.9728,5.9120,62.03,123.00,0.020895
718.0635,5.9240,62.03,122.50,0.020772
718.1549,5.9240,61.76,122.00,0.020472
718.2422,5.9240,61.49,122.50,0.020728
718.3337,5.9240,62.30,122.00,0.020505
718.4248,5.9240,61.49,122.00,0.021089
718.5163,5.9240,61.76,122.00,0.020809
718.6047,5.9240,62.30,122.00,0.021175
718.6935,5.9240,62.30,122.50,0.020467
718.7850,5.9240,62.30,122.00,0.020571
718.8785,5.9240,62.03,122.50,0.020133
718.9666,5.9240,62.03,122.50,0.020835
719.0566,5.9090,61.22,122.00,0.020734
719.1442,5.9090,61.76,122.00,0.020567
719.2336,5.9090,61.76,122.00,0.020314
719.3214,5.9090,61.22,122.00,0.020860
719.4146,5.9090,61.49,122.00,0.020289
719.5046,5.9090,61.76,122.50,0.020682
719.5963,5.9090,62.30,122.50,0.020483
719.6866,5.9090,62.30,122.00,0.020595
719.7758,5.9090,62.03,122.00,0.020287
719.8642,5.9090,62.30,122.50,0.020872
719.9539,5.9090,61.49,122.00,0.020745
720.0427,5.8780,61.76,122.00,0.020846
720.1324,5.8780,61.49,122.00,0.021049
720.2239,5.8780,62.30,122.00,0.022491
720.3122,5.8780,61.76,122.00,0.019882
720.4006,5.8780,61.76,122.00,0.020783
720.4908,5.8780,61.76,122.00,0.021220
720.5795,5.8780,62.03,122.00,0.020726
720.6716,5.8780,61.49,122.00,0.021211
720.7592,5.8780,61.76,122.00,0.020905
720.8500,5.8780,61.49,122.00,0.021201
720.9410,5.8780,61.76,122.00,0.020774
721.0353,5.8935,62.03,122.00,0.020929
721.1248,5.9090,62.03,122.00,0.020432
721.2168,5.9090,61.76,122.00,0.021098
721.3078,5.9090,61.49,122.00,0.019819
721.3943,5.9090,61.49,122.00,0.019544
721.4810,5.9090,62.03,122.00,0.019607
721.5692,5.9090,62.03,122.00,0.020617
721.6603,5.9090,62.30,122.00,0.021556
721.7511,5.9090,61.49,122.00,0.020415
721.8396,5.9090,62.03,122.00,0.020751
721.9308,5.9090,61.76,122.00,0.020517
722.0220,5.9165,62.30,122.00,0.020922
722.1148,5.9240,61.76,122.00,0.020829
722.2075,5.9240,61.22,122.00,0.021132
722.2998,5.9240,62.03,122.00,0.021169
722.3899,5.9240,62.03,122.00,0.020365
722.4820,5.9240,61.76,122.00,0.020883
722.5689,5.9240,61.76,122.00,0.019886
722.6572,5.9240,61.49,122.00,0.019922
722.7443,5.9240,62.30,122.00,0.019956
722.8344,5.9240,61.49,122.00,0.021048
722.9223,5.9240,62.03,122.00,0.020508
723.0127,5.9545,62.03,122.00,0.021021
723.1039,5.9850,62.03,122.00,0.021066
723.1928,5.9850,61.76,122.00,0.020702
723.2801,5.9850,61.76,122.00,0.019910
723.3723,5.9850,62.03,122.00,0.021024
723.4599,5.9850,62.03,122.00,0.020436
723.5495,5.9850,61.76,122.00,0.020742
723.6372,5.9850,61.49,122.00,0.020554
723.7308,5.9850,61.76,122.00,0.020707
723.8182,5.9850,61.49,122.00,0.020450
723.9064,5.9850,62.30,122.00,0.019720
723.9949,5.9640,62.03,122.00,0.021076
724.0875,5.9430,61.76,122.00,0.020875
724.1797,5.9430,61.49,122.00,0.020969
724.2696,5.9430,61.76,122.00,0.019579
724.3585,5.9430,62.30,122.00,0.020134
724.4476,5.9430,62.03,122.00,0.020921
724.5349,5.9430,61.49,122.00,0.020920
724.6244,5.9430,61.49,122.00,0.021014
724.7126,5.9430,61.22,122.00,0.021159
724.8064,5.9430,62.03,122.00,0.020238
724.8926,5.9430,61.22,122.00,0.019819
724.9813,5.9430,61.76,122.00,0.020229
725.0676,5.9430,61.76,122.00,0.019548
725.1597,5.9700,61.76,122.00,0.020824
725.2471,5.9700,61.76,122.00,0.020616
725.3388,5.9700,61.76,122.00,0.020686
725.4285,5.9700,61.76,122.00,0.020473
725.5175,5.9700,61.76,122.00,0.020507
725.6076,5.9700,61.76,121.50,0.020634
725.6987,5.9700,62.03,121.00,0.020602
725.7860,5.9700,62.03,121.50,0.020405
725.8780,5.9700,62.03,122.00,0.020632
725.9657,5.9700,61.76,122.00,0.021157
726.0556,5.9280,61.49,122.00,0.020831
726.1431,5.9280,61.49,122.00,0.020746
726.2322,5.9280,61.76,121.50,0.020464
726.3201,5.9280,62.30,122.00,0.020511
726.4116,5.9280,62.03,122.00,0.020462
726.4991,5.9280,62.03,122.00,0.020593
726.5926,5.9280,61.76,122.00,0.020781
726.6810,5.9280,61.76,122.00,0.021122
726.7717,5.9280,62.03,122.00,0.020227
726.8594,5.9280,61.76,122.00,0.021129
726.9508,5.9280,62.03,122.00,0.020733
727.0383,5.9810,62.03,121.50,0.020115
727.1269,5.9810,61.76,121.00,0.020142
727.2166,5.9810,61.76,121.50,0.020205
727.3103,5.9810,61.49,121.00,0.020608
727.3980,5.9810,61.22,121.00,0.020796
727.4871,5.9810,62.03,121.00,0.020708
727.5738,5.9810,62.30,121.00,0.019436
727.6614,5.9810,62.03,121.00,0.019911
727.7471,5.9810,61.76,121.00,0.019862
727.8351,5.9810,61.49,121.00,0.020631
727.9247,5.9810,61.76,121.00,0.020378
728.0159,5.9600,61.49,121.00,0.020605
728.1044,5.9390,62.30,121.00,0.020881
728.1942,5.9390,62.03,121.00,0.020674
728.2828,5.9390,62.03,121.00,0.021139
728.3751,5.9390,61.76,121.00,0.020670
728.4677,5.9390,62.03,121.00,0.020975
728.5575,5.9390,61.76,121.50,0.020014
728.6440,5.9390,61.49,121.50,0.020122
728.7324,5.9390,61.76,121.50,0.020632
728.8230,5.9390,62.03,121.00,0.021009
728.9111,5.9390,61.49,121.00,0.020103
728.9989,5.9675,62.03,121.50,0.021166
729.0907,5.9960,61.76,121.00,0.020499
729.1782,5.9960,62.30,121.00,0.020181
729.2678,5.9960,61.49,121.00,0.020978
729.3551,5.9960,61.76,121.00,0.020429
729.4442,5.9960,62.30,121.00,0.020815
729.5310,5.9960,62.03,121.00,0.020581
729.6224,5.9960,61.76,121.00,0.020968
729.7101,5.9960,61.76,121.00,0.020707
729.7988,5.9960,62.30,121.00,0.020515
729.8881,5.9960,62.03,121.00,0.020161
729.9785,5.9960,61.76,121.00,0.019799
730.0653,5.9960,61.76,121.00,0.020317
730.1554,5.9960,61.49,121.00,0.020517
730.2464,5.9960,61.49,121.00,0.020962
730.3360,5.9960,61.76,121.00,0.020229
730.4235,5.9960,61.76,121.00,0.020656
730.5132,5.9960,62.03,121.00,0.020502
730.6020,5.9960,62.03,121.00,0.021008
730.6919,5.9960,62.03,121.00,0.020962
730.7799,5.9960,62.03,121.00,0.021234
730.8714,5.9960,61.49,121.00,0.020832
730.9593,5.9960,61.76,121.00,0.020872
731.0509,5.9960,62.03,121.00,0.020697
731.1386,5.9960,62.03,121.00,0.020818
731.2311,5.9960,62.03,121.00,0.021355
731.3209,5.9960,61.49,121.00,0.020743
731.4126,5.9960,61.76,121.00,0.021019
731.5002,5.9865,61.76,121.00,0.020384
731.5925,5.9770,62.03,121.00,0.020816
731.6804,5.9770,61.22,121.00,0.020679
731.7728,5.9770,62.03,121.00,0.021223
731.8603,5.9770,61.76,121.00,0.021224
731.9496,5.9770,61.49,121.00,0.020327
732.0388,5.9280,61.76,121.00,0.020952
732.1284,5.9280,61.76,121.00,0.020899
732.2151,5.9280,62.03,121.00,0.019823
732.3022,5.9280,62.03,121.00,0.019719
732.3901,5.9280,62.03,121.00,0.019942
732.4804,5.9280,61.76,121.00,0.020566
732.5654,5.9280,62.03,121.00,0.019517
732.6535,5.9280,61.76,121.50,0.019884
732.7392,5.9280,62.03,121.00,0.019562
732.8310,5.9280,62.30,121.00,0.020840
732.9181,5.9280,61.49,121.00,0.020368
733.0101,5.8990,62.30,121.00,0.020912
733.0989,5.8700,61.76,121.00,0.020033
733.1862,5.8700,62.03,121.00,0.019599
733.2755,5.8700,62.03,121.00,0.020685
733.3665,5.8700,61.49,121.00,0.020551
733.4545,5.8700,62.03,121.00,0.020735
733.5438,5.8700,61.76,121.00,0.020845
733.6321,5.8700,61.49,121.00,0.021602
733.7231,5.8700,61.76,121.00,0.021044
733.8130,5.8700,62.30,121.00,0.020823
733.9063,5.8700,61.76,121.00,0.020783
733.9944,5.9045,61.49,121.00,0.020857
734.0835,5.9390,62.03,121.00,0.020244
734.1706,5.9390,61.76,121.00,0.020186
734.2599,5.9390,61.49,121.00,0.020851
734.3471,5.9390,62.30,121.00,0.020626
734.4386,5.9390,61.76,121.00,0.020299
734.5284,5.9390,62.03,121.00,0.020801
734.6174,5.9390,62.03,121.00,0.020358
734.7076,5.9390,62.03,121.00,0.020764
734.7991,5.9390,61.76,121.00,0.020950
734.8863,5.9390,61.76,121.00,0.020238
734.9762,5.9390,61.76,121.00,0.021133
735.0693,5.9350,61.76,121.50,0.021200
735.1639,5.9350,62.03,122.00,0.020290
735.2516,5.9350,61.76,122.00,0.020910
735.3432,5.9350,62.03,122.00,0.020857
735.4289,5.9350,62.30,122.00,0.019739
735.5188,5.9350,61.76,122.00,0.019981
735.6066,5.9350,61.49,122.00,0.020153
735.6986,5.9350,61.76,122.00,0.020793
735.7864,5.9350,61.76,122.00,0.021069
735.8745,5.9350,62.03,122.00,0.019464
735.9616,5.9350,62.30,122.00,0.020437
736.0496,5.9430,62.03,122.00,0.020188
736.1406,5.9510,61.49,122.00,0.020427
736.2310,5.9510,62.03,122.00,0.021121
736.3215,5.9510,62.30,122.00,0.021464
736.4126,5.9510,61.49,122.00,0.021652
736.5027,5.9510,61.76,122.00,0.021189
736.5949,5.9510,62.30,122.00,0.020562
736.6856,5.9510,61.76,122.00,0.021549
736.7836,5.9510,61.76,122.00,0.022084
736.8770,5.9510,62.30,122.00,0.021186
736.9754,5.9510,62.03,122.00,0.021814
737.0694,5.9010,62.03,122.50,0.021534
737.1648,5.9010,62.03,123.00,0.021109
737.2587,5.9010,61.49,123.00,0.021212
737.3561,5.9010,61.76,123.00,0.021267
737.4494,5.9010,61.22,123.00,0.020943
737.5454,5.9010,61.76,123.00,0.021933
737.6388,5.9010,61.22,123.00,0.021494
737.7345,5.9010,61.49,123.00,0.019868
737.8216,5.9010,61.76,123.00,0.019470
737.9136,5.9010,62.03,123.00,0.021652
738.0075,5.8725,62.30,123.00,0.021808
738.1038,5.8440,61.76,123.00,0.021845
738.1965,5.8440,61.76,123.00,0.021465
738.2888,5.8440,61.76,123.00,0.021394
738.3839,5.8440,61.76,123.00,0.021667
738.4742,5.8440,62.03,123.00,0.020550
738.5649,5.8440,61.76,123.00,0.021919
738.6575,5.8440,61.49,123.00,0.021452
738.7523,5.8440,61.76,123.00,0.020949
738.8492,5.8440,61.22,123.00,0.020682
738.9441,5.8440,61.49,123.00,0.021299
739.0397,5.8440,61.49,123.00,0.021764
739.1350,5.8440,61.49,123.00,0.021782
739.2318,5.8440,61.76,123.00,0.021281
739.3265,5.8440,61.76,123.00,0.021220
739.4211,5.8440,62.03,123.00,0.020992
739.5146,5.8440,61.49,123.00,0.021904
739.6119,5.8440,61.49,123.00,0.021391
739.7078,5.8440,61.76,123.00,0.021557
739.8026,5.8440,61.22,123.00,0.021516
739.8903,5.8440,61.76,123.00,0.019539
739.9781,5.8440,61.76,123.00,0.019949
740.0657,5.8440,62.03,123.00,0.019438
740.1589,5.7980,62.03,123.00,0.020100
740.2464,5.7980,61.49,123.00,0.019484
740.3338,5.7980,62.30,123.00,0.019762
740.4225,5.7980,61.22,123.00,0.020570
740.5111,5.7980,62.03,123.00,0.020211
740.5978,5.7980,62.03,123.00,0.020429
740.6885,5.7980,61.22,123.00,0.020055
740.7740,5.7980,61.76,123.00,0.019644
740.8620,5.7980,61.76,123.00,0.019844
740.9498,5.7980,61.76,123.00,0.020658
741.0419,5.8820,62.03,123.00,0.020581
741.1331,5.8820,62.03,123.00,0.020646
741.2277,5.8820,62.30,123.00,0.021346
741.3188,5.8820,62.03,123.00,0.021336
741.4105,5.8820,62.30,123.00,0.020369
741.4995,5.8820,61.76,123.00,0.021552
741.5909,5.8820,62.03,123.50,0.020525
741.6788,5.8820,61.22,124.00,0.020957
741.7703,5.8820,61.76,124.00,0.020655
741.8585,5.8820,62.03,124.00,0.020963
741.9504,5.8820,61.76,124.00,0.020657
742.0389,5.9700,62.03,124.00,0.020546
742.1304,5.9700,61.76,124.00,0.020793
742.2180,5.9700,61.49,124.00,0.020598
742.3080,5.9700,62.03,124.00,0.021219
742.3975,5.9700,61.49,124.00,0.020485
742.4918,5.9700,61.49,124.00,0.021225
742.5817,5.9700,62.03,124.00,0.020728
742.6708,5.9700,61.49,124.00,0.020643
742.7582,5.9700,61.76,124.00,0.020586
742.8469,5.9700,61.22,124.00,0.020393
742.9364,5.9700,61.49,124.00,0.020345
743.0275,5.9375,61.76,124.00,0.020487
743.1149,5.9050,61.76,124.00,0.020446
743.2042,5.9050,62.30,124.00,0.020700
743.2945,5.9050,61.49,124.00,0.020999
743.3866,5.9050,62.03,124.00,0.021112
743.4745,5.9050,62.03,124.00,0.020530
743.5661,5.9050,61.49,124.00,0.020614
743.6543,5.9050,62.30,124.00,0.021121
743.7445,5.9050,61.49,124.00,0.021352
743.8326,5.9050,62.03,124.00,0.020925
743.9265,5.9050,62.30,124.00,0.020297
744.0174,5.9240,62.30,124.00,0.020872
744.1073,5.9430,61.76,124.00,0.020399
744.1948,5.9430,62.03,124.00,0.020621
744.2840,5.9430,62.03,124.00,0.020908
744.3711,5.9430,61.49,124.00,0.019816
744.4578,5.9430,62.03,124.00,0.019676
744.5453,5.9430,62.03,124.00,0.019654
744.6338,5.9430,61.76,124.00,0.020790
744.7209,5.9430,62.03,124.00,0.020086
744.8098,5.9430,61.49,124.00,0.019575
744.8982,5.9430,61.76,124.00,0.020013
744.9865,5.9430,62.03,124.00,0.020472
745.0736,5.9430,62.03,124.00,0.020073
745.1667,5.9430,62.03,124.00,0.020674
745.2565,5.9430,61.76,124.00,0.020470
745.3466,5.9430,61.49,124.00,0.020166
745.4339,5.9430,61.76,124.00,0.020538
745.5237,5.9430,61.76,124.00,0.021116
745.6133,5.9430,62.03,124.00,0.020747
745.7040,5.9430,62.03,124.00,0.021038
745.7969,5.9430,61.76,124.00,0.021472
745.8894,5.9430,62.03,124.00,0.019819
745.9775,5.9430,61.76,124.00,0.020061
746.0661,5.9430,61.76,124.00,0.020102
746.1604,5.9430,61.22,124.00,0.021416
746.2573,5.9390,61.49,124.00,0.022751
746.3528,5.9350,61.76,124.00,0.022161
746.4496,5.9350,62.03,124.00,0.021723
746.5410,5.9350,62.03,124.00,0.021518
746.6375,5.9350,62.03,124.00,0.021177
746.7306,5.9350,61.49,124.00,0.020676
746.8285,5.9350,62.03,124.00,0.021731
746.9211,5.9350,61.49,124.00,0.021359
747.0169,5.9200,61.76,124.00,0.022202
747.1125,5.9050,61.49,124.00,0.021596
747.2071,5.9050,62.03,124.00,0.021038
747.3029,5.9050,61.49,124.00,0.021283
747.4000,5.9050,62.03,124.00,0.021224
747.4914,5.9050,62.30,124.00,0.021110
747.5869,5.9050,62.30,124.00,0.021591
747.6802,5.9050,61.76,124.00,0.021451
747.7771,5.9050,62.03,124.00,0.021864
747.8685,5.9050,61.76,124.00,0.019857
747.9560,5.9050,61.76,124.00,0.020038
748.0440,5.9050,61.76,124.00,0.019981
748.1337,5.9050,61.49,124.00,0.019684
748.2219,5.9050,62.03,124.00,0.020119
748.3205,5.9050,62.03,124.00,0.021715
748.4129,5.9050,61.76,124.00,0.020866
748.5100,5.9050,61.49,124.00,0.021440
748.6052,5.9050,62.03,124.00,0.021551
748.7018,5.9050,62.03,124.00,0.021459
748.7930,5.9050,61.76,124.00,0.021330
748.8887,5.9050,61.22,124.00,0.021363
748.9834,5.9050,61.76,124.00,0.021118
749.0764,5.9050,61.76,124.00,0.021444
749.1700,5.8630,61.49,124.00,0.021791
749.2663,5.8210,61.76,124.00,0.021593
749.3545,5.8210,61.49,124.00,0.020923
749.4444,5.8210,61.76,124.00,0.021181
749.5321,5.8210,61.49,124.00,0.020658
749.6238,5.8210,62.03,124.00,0.020924
749.7111,5.8210,61.49,124.00,0.020482
749.8054,5.8210,61.76,124.00,0.020721
749.8946,5.8210,62.03,124.00,0.020475
749.9845,5.8210,61.76,124.00,0.020895
750.0759,5.8475,61.49,124.00,0.021716
750.1717,5.8740,62.03,124.00,0.021446
750.2650,5.8740,62.30,123.00,0.021153
750.3590,5.8740,61.49,123.00,0.020183
750.4505,5.8740,61.76,123.00,0.020479
750.5402,5.8740,61.22,123.00,0.020831
750.6254,5.8740,61.49,123.00,0.019568
750.7127,5.8740,61.22,123.00,0.019566
750.7981,5.8740,62.03,123.00,0.019486
750.8881,5.8740,61.76,123.00,0.020855
750.9762,5.8740,61.76,123.00,0.020482
751.0653,5.9120,62.03,123.00,0.020437
751.1550,5.9120,61.49,123.00,0.020598
751.2443,5.9120,62.03,123.00,0.020879
751.3322,5.9120,61.49,123.00,0.021113
751.4244,5.9120,61.49,123.00,0.021420
751.5122,5.9120,61.49,123.00,0.020867
751.6013,5.9120,62.03,123.00,0.020628
751.6913,5.9120,62.30,123.00,0.020554
751.7831,5.9120,61.76,123.00,0.021022
751.8707,5.9120,62.03,123.00,0.020526
751.9601,5.9120,62.30,123.00,0.020641
752.0474,5.9700,62.03,123.00,0.020328
752.1375,5.9700,62.03,123.00,0.021032
752.2265,5.9700,61.76,123.00,0.020234
752.3206,5.9700,61.76,123.00,0.020909
752.4111,5.9700,61.76,123.00,0.021229
752.5022,5.9700,62.03,123.00,0.020771
752.5924,5.9700,61.49,123.00,0.021314
752.6835,5.9700,61.76,123.00,0.020563
752.7709,5.9700,61.76,123.00,0.020326
752.8600,5.9700,62.03,123.00,0.020537
752.9475,5.9700,61.49,123.00,0.020895
753.0389,5.9540,62.30,123.00,0.020471
753.1282,5.9540,61.76,123.00,0.020962
753.2197,5.9540,62.03,123.00,0.021198
753.3063,5.9540,62.30,123.00,0.019603
753.3935,5.9540,61.76,123.00,0.019778
753.4798,5.9540,61.76,123.00,0.020385
753.5680,5.9540,62.30,123.00,0.020584
753.6553,5.9540,61.76,123.00,0.020443
753.7450,5.9540,62.03,123.00,0.020210
753.8367,5.9540,62.03,123.00,0.020742
753.9283,5.9540,61.76,123.00,0.020900
754.0156,5.9200,61.76,123.00,0.020355
754.1046,5.8860,61.76,123.00,0.020445
754.1899,5.8860,61.49,123.00,0.019486
754.2799,5.8860,61.49,123.00,0.019969
754.3671,5.8860,62.03,123.00,0.019448
754.4539,5.8860,61.76,123.00,0.019698
754.5397,5.8860,61.76,123.00,0.020291
754.6273,5.8860,61.76,123.00,0.020627
754.7135,5.8860,62.30,123.00,0.019640
754.8021,5.8860,62.30,123.00,0.019517
754.8911,5.8860,62.03,123.00,0.020576
754.9799,5.9450,62.03,122.50,0.020505
755.0691,6.0040,61.76,122.00,0.020421
755.1593,6.0040,61.76,122.00,0.020369
755.2477,6.0040,61.76,122.00,0.021681
755.3366,6.0040,62.03,122.50,0.020425
755.4278,6.0040,61.76,122.00,0.020139
755.5162,6.0040,62.03,122.50,0.020233
755.6039,6.0040,61.22,123.00,0.021078
755.6944,6.0040,62.03,123.00,0.020137
755.7814,6.0040,61.76,123.00,0.019309
755.8690,6.0040,61.49,123.00,0.019351
755.9548,6.0040,62.03,123.00,0.020208
756.0449,5.9770,61.76,123.00,0.019967
756.1342,5.9770,61.49,123.00,0.020947
756.2225,5.9770,62.03,123.00,0.019957
756.3127,5.9770,62.03,123.00,0.020959
756.4018,5.9770,61.76,123.00,0.019685
756.4875,5.9770,62.30,123.00,0.020036
756.5744,5.9770,61.49,123.00,0.020036
756.6622,5.9770,61.49,123.00,0.019572
756.7515,5.9770,61.76,123.00,0.020632
756.8401,5.9770,61.22,123.00,0.021333
756.9318,5.9770,61.76,123.00,0.021498
757.0211,5.9770,61.76,122.50,0.020847
757.1141,5.9770,62.30,122.00,0.020924
757.2041,5.9770,61.49,122.00,0.021207
757.2931,5.9770,62.30,122.00,0.020802
757.3829,5.9770,61.76,122.50,0.021288
757.4722,5.9770,61.76,122.00,0.020592
757.5591,5.9770,62.03,122.00,0.020232
757.6486,5.9770,62.30,122.00,0.020713
757.7408,5.9770,62.30,122.00,0.020768
757.8320,5.9770,62.03,122.00,0.020314
757.9215,5.9770,61.49,122.00,0.020939
758.0145,5.9770,61.22,122.00,0.020654
758.1025,5.9770,62.03,122.00,0.021057
758.1913,5.9770,61.76,122.00,0.020798
758.2798,5.9390,61.76,122.00,0.020946
758.3687,5.9390,61.76,122.50,0.020943
758.4583,5.9390,61.76,123.00,0.020962
758.5505,5.9390,61.76,123.00,0.019926
758.6406,5.9390,61.76,123.00,0.020695
758.7319,5.9390,62.03,122.50,0.021209
758.8209,5.9390,62.03,122.50,0.020338
758.9119,5.9390,61.76,122.00,0.019991
758.9991,5.9085,62.03,122.00,0.020668
759.0910,5.8780,61.76,122.00,0.020709
759.1781,5.8780,61.76,122.00,0.020447
759.2673,5.8780,61.76,122.00,0.020907
759.3537,5.8780,61.49,122.00,0.019955
759.4437,5.8780,62.03,122.00,0.020782
759.5309,5.8780,61.76,122.00,0.020543
759.6204,5.8780,62.03,122.00,0.020825
759.7098,5.8780,62.30,122.00,0.020443
759.7987,5.8780,61.49,122.00,0.020267
759.8886,5.8780,61.76,122.00,0.021022
759.9778,5.8780,61.76,122.00,0.020760
760.0684,5.9050,61.76,122.00,0.020979
760.1594,5.9050,61.49,122.00,0.020477
760.2467,5.9050,61.49,122.00,0.021055
760.3359,5.9050,61.76,122.00,0.020801
760.4237,5.9050,61.49,122.00,0.021448
760.5142,5.9050,61.49,122.00,0.020404
760.6013,5.9050,61.76,122.00,0.020287
760.6925,5.9050,61.22,122.00,0.020806
760.7798,5.9050,62.03,122.00,0.020435
760.8699,5.9050,61.76,122.00,0.019820
760.9571,5.9050,61.76,122.00,0.020396
761.0507,5.9200,61.76,122.00,0.020466
761.1410,5.9200,61.22,122.00,0.020828
761.2319,5.9200,62.03,122.00,0.020823
761.3198,5.9200,61.49,122.00,0.020828
761.4105,5.9200,62.30,122.00,0.020317
761.4984,5.9200,62.03,122.00,0.021029
761.5869,5.9200,61.76,122.00,0.020134
761.6762,5.9200,61.76,122.00,0.020385
761.7660,5.9200,61.49,122.00,0.019655
761.8535,5.9200,61.22,122.00,0.020162
761.9424,5.9200,61.76,122.00,0.019746
762.0315,5.9275,61.49,122.00,0.021025
762.1211,5.9350,62.03,122.00,0.019574
762.2087,5.9350,62.03,122.00,0.020612
762.2998,5.9350,61.76,122.00,0.020774
762.3911,5.9350,61.76,122.00,0.020452
762.4824,5.9350,61.49,122.00,0.021031
762.5724,5.9350,62.03,122.00,0.020742
762.6635,5.9350,62.03,122.00,0.020571
762.7506,5.9350,61.76,122.00,0.020249
762.8423,5.9350,61.49,122.00,0.020353
762.9301,5.9350,62.03,122.00,0.020699
763.0192,5.9315,61.76,122.00,0.020145
763.1071,5.9280,61.22,122.00,0.020848
763.1940,5.9280,62.03,122.00,0.019598
763.2906,5.9280,61.76,122.00,0.030737
763.3777,5.9280,62.03,122.00,0.019465
763.4662,5.9280,61.76,122.00,0.020254
763.5577,5.9280,61.76,122.00,0.020774
763.6471,5.9280,61.49,122.00,0.020288
763.7362,5.9280,61.49,122.00,0.020413
763.8234,5.9280,61.22,122.00,0.020317
763.9124,5.9280,62.03,122.00,0.020751
763.9999,5.9295,62.30,122.00,0.021057
764.0913,5.9310,61.49,122.00,0.020389
764.1805,5.9310,61.76,122.00,0.020675
764.2720,5.9310,61.76,122.00,0.021026
764.3599,5.9310,61.49,122.00,0.021167
764.4508,5.9310,61.76,122.00,0.020267
764.5383,5.9310,61.76,121.50,0.020539
764.6274,5.9310,61.76,121.00,0.021048
764.7149,5.9310,61.76,121.50,0.020487
764.8038,5.9310,61.49,122.00,0.020511
764.8930,5.9310,61.76,122.00,0.020420
764.9840,5.9580,61.76,122.00,0.021002
765.0708,5.9850,61.76,122.00,0.019951
765.1620,5.9850,62.03,122.00,0.020354
765.2521,5.9850,61.76,122.00,0.021067
765.3416,5.9850,61.49,122.00,0.020906
765.4309,5.9850,61.22,122.00,0.020456
765.5201,5.9850,62.03,122.00,0.020934
765.6070,5.9850,61.49,122.00,0.020629
765.6960,5.9850,61.76,122.00,0.020400
765.7826,5.9850,61.76,122.00,0.020192
765.8727,5.9850,61.76,122.00,0.020136
765.9629,5.9850,62.03,122.00,0.021310
766.0534,5.9850,61.49,122.00,0.020313
766.1389,5.9850,61.76,122.00,0.019844
766.2262,5.9850,62.03,122.00,0.019997
766.3159,5.9850,61.49,122.00,0.021039
766.4052,5.9850,62.03,122.00,0.020937
766.4926,5.9850,62.03,122.00,0.020798
766.5842,5.9850,61.76,121.50,0.021014
766.6722,5.9850,62.03,121.00,0.020916
766.7636,5.9850,61.49,121.50,0.021069
766.8531,5.9850,61.76,121.00,0.020620
766.9437,5.9850,62.30,121.00,0.020466
767.0337,5.9850,61.76,121.00,0.020883
767.1228,5.9850,62.03,121.00,0.020814
767.2103,5.9850,61.22,121.50,0.020570
767.3001,5.9850,62.03,121.00,0.021106
767.3917,5.9240,62.03,121.00,0.021211
767.4837,5.9240,62.30,121.00,0.021400
767.5717,5.9240,62.03,121.00,0.020951
767.6637,5.9240,62.03,121.00,0.021136
767.7515,5.9240,62.03,121.00,0.021072
767.8409,5.9240,61.76,122.00,0.021018
767.9310,5.9240,62.30,122.00,0.021040
768.0231,5.9260,61.49,121.50,0.020773
768.1145,5.9280,61.76,121.00,0.020843
768.2065,5.9280,61.49,121.00,0.020866
768.2945,5.9280,61.49,121.50,0.020833
768.3838,5.9280,61.76,121.00,0.020648
768.4722,5.9280,61.76,121.00,0.020834
768.5598,5.9280,61.76,121.00,0.019858
768.6457,5.9280,61.49,121.00,0.019914
768.7346,5.9280,61.76,121.00,0.019628
768.8243,5.9280,62.30,121.00,0.020796
768.9154,5.9280,61.49,121.00,0.020429
769.0020,5.9240,61.76,121.00,0.019982
769.0916,5.9200,61.76,121.00,0.020719
769.1788,5.9200,61.76,121.00,0.020700
769.2703,5.9200,61.49,121.00,0.020281
769.3586,5.9200,61.76,121.00,0.021289
769.4472,5.9200,61.49,121.00,0.019886
769.5349,5.9200,61.76,121.00,0.020031
769.6222,5.9200,62.03,121.00,0.019403
769.7114,5.9200,61.49,121.00,0.020854
769.7999,5.9200,62.03,121.00,0.020673
769.8858,5.9200,61.76,121.00,0.020041
769.9750,5.9200,61.49,121.00,0.019540
770.0629,5.9200,62.03,121.00,0.019902
770.1527,5.9200,61.49,121.00,0.021440
770.2447,5.9200,61.49,121.00,0.020867
770.3347,5.9200,62.03,121.00,0.019767
770.4229,5.9200,62.30,121.00,0.020158
770.5142,5.9200,62.03,121.00,0.020908
770.6012,5.9200,61.76,121.00,0.020212
770.6904,5.9200,61.49,121.00,0.020308
770.7799,5.9200,62.30,121.00,0.020960
770.8711,5.9200,61.76,121.00,0.020650
770.9578,5.9200,61.76,121.00,0.020156
771.0515,5.9200,61.76,121.00,0.020763
771.1369,5.9200,61.76,121.00,0.019865
771.2266,5.9200,62.03,121.00,0.020132
771.3148,5.9200,62.03,121.00,0.020398
771.4073,5.9390,61.76,121.00,0.021075
771.4988,5.9390,62.03,121.00,0.020301
771.5916,5.9390,61.22,121.00,0.020585
771.6795,5.9390,62.03,121.00,0.021053
771.7679,5.9390,61.76,121.00,0.020461
771.8553,5.9390,62.03,121.00,0.020914
771.9440,5.9390,62.03,121.00,0.020126
772.0295,5.9390,61.76,121.00,0.020208
772.1172,5.9390,61.22,121.00,0.019893
772.2098,5.9465,62.03,121.00,0.021810
772.2989,5.9540,62.03,121.00,0.020436
772.3865,5.9540,61.49,121.00,0.020047
772.4758,5.9540,61.76,121.00,0.020842
772.5648,5.9540,61.76,121.00,0.020804
772.6564,5.9540,62.30,121.00,0.020833
772.7438,5.9540,61.76,121.00,0.020482
772.8324,5.9540,62.03,121.00,0.020690
772.9201,5.9540,61.76,121.00,0.020792
773.0111,5.9275,62.30,121.00,0.020676
773.0991,5.9010,62.03,121.00,0.020818
773.1906,5.9010,62.03,121.00,0.020599
773.2794,5.9010,61.49,121.00,0.021491
773.3677,5.9010,62.03,121.00,0.020266
773.4569,5.9010,62.30,121.00,0.020398
773.5482,5.9010,61.76,121.00,0.020867
773.6354,5.9010,61.49,121.00,0.020744
773.7269,5.9010,61.49,121.00,0.020545
773.8143,5.9010,61.76,121.00,0.020111
773.9058,5.9010,62.30,121.00,0.020667
773.9949,5.9200,61.76,121.00,0.021737
774.0878,5.9390,61.76,121.00,0.020974
774.1758,5.9390,61.49,121.00,0.020873
774.2674,5.9390,61.76,121.00,0.020909
774.3550,5.9390,61.76,121.00,0.020597
774.4447,5.9390,61.49,121.00,0.020325
774.5358,5.9390,61.76,121.00,0.021433
774.6270,5.9390,62.03,121.00,0.020594
774.7170,5.9390,61.49,121.00,0.020874
774.8090,5.9390,62.30,121.00,0.021115
774.8974,5.9390,61.76,121.00,0.021216
774.9885,5.9410,61.76,121.00,0.020694
775.0787,5.9430,61.76,121.00,0.020872
775.1701,5.9430,62.30,121.00,0.020526
775.2599,5.9430,62.30,121.00,0.020990
775.3506,5.9430,62.30,121.00,0.020625
775.4399,5.9430,61.49,121.00,0.020514
775.5309,5.9430,61.49,121.00,0.020316
775.6184,5.9430,61.49,121.00,0.020312
775.7094,5.9430,62.03,121.00,0.020664
775.7973,5.9430,61.49,121.00,0.019298
775.8866,5.9430,62.03,121.00,0.019888
775.9748,5.9430,62.03,121.00,0.019871
776.0633,5.9315,62.03,121.00,0.020319
776.1508,5.9200,62.03,121.00,0.020520
776.2419,5.9200,61.49,121.00,0.020954
776.3319,5.9200,61.22,121.00,0.020924
776.4227,5.9200,61.76,121.00,0.020448
776.5128,5.9200,62.03,121.00,0.021143
776.6037,5.9200,61.76,121.00,0.020777
776.6900,5.9200,61.49,121.00,0.020077
776.7788,5.9200,61.49,121.00,0.019479
776.8642,5.9200,61.49,121.00,0.019626
776.9521,5.9200,61.22,121.00,0.020175
777.0403,5.8890,61.49,121.00,0.020867
777.1298,5.8890,61.49,121.00,0.020639
777.2200,5.8890,61.49,121.00,0.019784
777.3083,5.8890,62.30,121.00,0.020319
777.3949,5.8890,62.03,121.00,0.020233
777.4823,5.8890,62.03,121.00,0.020147
777.5706,5.8890,62.03,121.00,0.020125
777.6586,5.8890,61.22,121.00,0.020257
777.7481,5.8890,62.03,121.00,0.020466
777.8396,5.8890,62.03,121.00,0.020628
777.9278,5.8890,61.49,121.00,0.021263
778.0188,5.8970,61.22,121.00,0.020126
778.1059,5.9050,61.22,121.00,0.020158
778.1939,5.9050,61.22,121.00,0.019982
778.2817,5.9050,61.76,121.00,0.019908
778.3744,5.9050,61.22,121.00,0.019967
778.4620,5.9050,61.49,121.00,0.020917
778.5549,5.9050,61.49,121.00,0.020239
778.6457,5.9050,61.76,121.00,0.021039
778.7346,5.9050,61.76,121.00,0.020328
778.8217,5.9050,61.49,121.00,0.020276
778.9127,5.9050,62.03,121.00,0.020403
779.0003,5.9050,62.03,121.00,0.021331
779.0910,5.9050,62.03,121.00,0.020122
779.1787,5.9050,62.30,121.00,0.020759
779.2688,5.9050,61.76,121.00,0.021133
779.3586,5.9050,62.03,121.00,0.020816
779.4470,5.9050,61.49,121.00,0.020170
779.5362,5.9050,61.76,121.00,0.020623
779.6274,5.9050,62.03,121.00,0.020957
779.7150,5.9050,62.30,121.00,0.020740
779.8034,5.9050,61.76,121.00,0.020095
779.8905,5.9050,61.49,121.00,0.020749
779.9801,5.9050,61.76,121.00,0.020960
780.0676,5.9050,62.30,121.00,0.020084
780.1570,5.9050,61.76,121.00,0.019972
780.2436,5.9050,62.03,121.00,0.021026
780.3317,5.9050,61.76,121.00,0.020768
780.4195,5.9050,62.03,121.00,0.020963
780.5073,5.9050,62.03,121.00,0.020372
780.5963,5.9260,61.76,121.00,0.020237
780.6911,5.9470,61.76,121.00,0.021117
780.7790,5.9470,61.76,121.00,0.020758
780.8677,5.9470,61.76,121.00,0.020476
780.9569,5.9470,61.76,121.00,0.020727
781.0510,5.9240,61.76,121.00,0.020690
781.1378,5.9240,61.49,121.00,0.020177
781.2277,5.9240,61.76,121.00,0.021272
781.3176,5.9240,61.76,121.00,0.020749
781.4064,5.9240,61.49,121.00,0.020516
781.4938,5.9240,61.76,121.00,0.020695
781.5835,5.9240,62.03,121.00,0.020953
781.6716,5.9240,61.49,121.00,0.021434
781.7626,5.9240,61.76,121.00,0.020550
781.8488,5.9240,61.22,121.00,0.019495
781.9379,5.9240,61.22,121.00,0.019623
782.0253,5.9240,61.76,121.00,0.019906
782.1158,5.9355,61.22,121.00,0.020844
782.2042,5.9470,61.49,121.00,0.020918
782.2946,5.9470,61.76,121.00,0.020250
782.3817,5.9470,61.22,121.00,0.020889
782.4748,5.9470,62.30,121.00,0.020526
782.5621,5.9470,62.03,121.00,0.020853
782.6505,5.9470,61.76,121.00,0.020615
782.7383,5.9470,61.49,121.00,0.020734
782.8274,5.9470,62.03,121.00,0.020842
782.9145,5.9470,61.76,121.00,0.020644
783.0078,5.9775,61.49,121.00,0.020798
783.0974,6.0080,61.76,121.00,0.020791
783.1864,6.0080,62.03,121.00,0.020310
783.2737,6.0080,61.76,121.00,0.020654
783.3678,6.0080,61.49,121.00,0.021192
783.4548,6.0080,61.22,121.00,0.020476
783.5441,6.0080,61.49,121.00,0.020655
783.6302,6.0080,62.30,121.00,0.019909
783.7182,6.0080,61.76,121.00,0.020190
783.8071,6.0080,61.76,121.00,0.020641
783.8944,6.0080,62.30,121.00,0.020064
783.9825,6.0080,61.76,121.00,0.019970
784.0769,5.9600,61.49,121.00,0.021096
784.1671,5.9120,61.49,121.00,0.020465
784.2591,5.9120,61.76,121.00,0.020737
784.3461,5.9120,61.76,121.00,0.020372
784.4341,5.9120,62.03,121.00,0.020578
784.5226,5.9120,61.22,121.00,0.020473
784.6142,5.9120,62.03,121.00,0.020808
784.7026,5.9120,62.03,121.00,0.021089
784.7947,5.9120,62.03,121.00,0.019827
784.8820,5.9120,62.03,121.00,0.020480
784.9706,5.9120,62.03,121.00,0.020645
785.0596,5.9240,61.76,121.00,0.021250
785.1508,5.9240,61.76,121.00,0.020649
785.2426,5.9240,61.76,121.00,0.021909
785.3348,5.9240,62.03,121.00,0.021326
785.4229,5.9240,61.76,121.00,0.021109
785.5126,5.9240,62.30,121.00,0.020767
785.6031,5.9240,62.03,121.00,0.020469
785.6950,5.9240,62.03,121.00,0.020708
785.7832,5.9240,61.76,121.00,0.021008
785.8726,5.9240,61.76,121.00,0.020853
785.9629,5.9240,62.03,121.00,0.020526
786.0534,5.9200,61.76,121.00,0.020389
786.1417,5.9200,61.22,121.00,0.020874
786.2350,5.9200,62.30,121.00,0.020618
786.3239,5.9200,62.30,121.00,0.020432
786.4150,5.9200,61.76,121.00,0.020507
786.5021,5.9200,62.03,121.00,0.020928
786.5928,5.9200,61.76,121.00,0.020564
786.6804,5.9200,61.22,121.00,0.020640
786.7703,5.9200,62.03,121.00,0.019723
786.8582,5.9200,62.03,121.00,0.019977
786.9455,5.9200,61.49,121.00,0.020156
787.0341,5.9065,61.76,121.00,0.020131
787.1238,5.8930,61.22,121.00,0.020837
787.2111,5.8930,62.03,121.00,0.020645
787.2984,5.8930,62.03,121.00,0.019590
787.3871,5.8930,61.76,121.00,0.020037
787.4750,5.8930,61.76,121.00,0.019978
787.5614,5.8930,62.03,121.00,0.020154
787.6523,5.8930,61.76,121.00,0.020646
787.7382,5.8930,62.03,121.00,0.019947
787.8269,5.8930,61.22,121.00,0.020494
787.9164,5.8930,62.03,121.00,0.020524
788.0070,5.9315,61.76,121.00,0.019917
788.0936,5.9700,61.76,121.00,0.019651
788.1830,5.9700,61.76,121.00,0.020036
788.2693,5.9700,62.03,121.00,0.020104
788.3605,5.9700,62.30,121.00,0.020793
788.4483,5.9700,61.49,121.00,0.020914
788.5395,5.9700,62.03,121.00,0.020463
788.6287,5.9700,61.49,121.00,0.020936
788.7157,5.9700,62.30,121.00,0.019387
788.8012,5.9700,62.03,121.00,0.019650
788.8891,5.9700,61.76,121.00,0.020027
788.9791,5.9700,62.30,121.00,0.020888
789.0713,5.9430,61.76,121.00,0.020591
789.1629,5.9430,62.03,121.00,0.020490
789.2528,5.9430,61.49,121.00,0.021125
789.3399,5.9430,61.49,121.00,0.020885
789.4310,5.9430,61.76,121.00,0.020325
789.5178,5.9430,61.76,121.00,0.020297
789.6078,5.9430,62.57,121.00,0.020233
789.6955,5.9430,61.49,121.00,0.020694
789.7848,5.9430,61.76,121.00,0.020719
789.8764,5.9430,62.30,121.00,0.020596
789.9677,5.9430,61.49,121.00,0.021167
790.0555,5.9430,61.49,121.00,0.020790
790.1470,5.9430,61.49,121.00,0.020362
790.2376,5.9430,61.76,121.00,0.022043
790.3287,5.9430,61.76,121.00,0.020156
790.4181,5.9430,61.49,121.00,0.020826
790.5070,5.9430,61.76,121.00,0.020805
790.5943,5.9430,62.03,121.00,0.020554
790.6841,5.9430,61.22,121.00,0.021218
790.7716,5.9430,62.03,121.00,0.021114
790.8629,5.9430,61.49,121.00,0.020578
790.9525,5.9430,61.76,121.00,0.020447
791.0418,6.0150,62.03,121.00,0.020616
791.1314,6.0150,61.76,121.00,0.020702
791.2224,6.0150,61.49,121.00,0.020247
791.3105,6.0150,61.76,121.00,0.020699
791.4001,6.0150,61.49,121.00,0.020676
791.4876,6.0150,62.30,121.00,0.020675
791.5782,6.0150,61.49,121.00,0.020533
791.6638,6.0150,62.03,121.00,0.020183
791.7507,6.0150,62.03,121.00,0.019801
791.8374,6.0150,61.76,121.00,0.020482
791.9266,6.0150,62.03,121.00,0.020449
792.0168,5.9675,61.49,121.00,0.020760
792.1060,5.9200,62.03,121.00,0.020228
792.1949,5.9200,61.22,121.00,0.020098
792.2876,5.9200,61.49,121.00,0.020703
792.3764,5.9200,62.30,121.00,0.019891
792.4665,5.9200,62.30,121.00,0.020028
792.5549,5.9200,62.03,121.00,0.020281
792.6436,5.9200,62.03,121.00,0.020342
792.7340,5.9200,61.76,121.00,0.021337
792.8226,5.9200,61.76,121.00,0.020293
792.9119,5.9200,62.03,121.00,0.020454
793.0037,5.9220,62.03,121.00,0.021206
793.0912,5.9240,61.49,121.00,0.020214
793.1781,5.9240,61.76,121.00,0.019510
793.2662,5.9240,62.03,121.00,0.019884
793.3549,5.9240,62.03,121.00,0.019521
793.4433,5.9240,61.49,121.00,0.021212
793.5343,5.9240,61.49,121.00,0.020278
793.6221,5.9240,62.30,121.00,0.020821
793.7106,5.9240,62.03,121.00,0.020199
793.7979,5.9240,62.03,121.00,0.020353
793.8889,5.9240,61.49,121.00,0.020627
793.9823,5.9295,61.76,121.00,0.021925
794.0721,5.9350,61.76,121.00,0.020801
794.1619,5.9350,61.49,121.00,0.020668
794.2545,5.9350,61.76,121.00,0.020393
794.3420,5.9350,61.22,121.00,0.020913
794.4317,5.9350,61.76,121.00,0.021271
794.5174,5.9350,61.49,121.00,0.019622
794.6067,5.9350,61.76,121.00,0.019836
794.6961,5.9350,62.30,121.00,0.020517
794.7849,5.9350,61.49,121.00,0.020678
794.8705,5.9350,62.03,121.00,0.019968
794.9573,5.9350,62.03,121.00,0.019641
795.0485,5.9085,61.76,121.00,0.021533
795.1404,5.8820,62.03,121.00,0.020669
795.2303,5.8820,62.03,121.00,0.020909
795.3194,5.8820,62.03,121.00,0.020801
795.4069,5.8820,61.76,121.00,0.020644
795.4957,5.8820,61.76,121.00,0.020735
795.5873,5.8820,62.30,121.00,0.020867
795.6758,5.8820,61.76,121.00,0.020497
795.7650,5.8820,61.49,121.00,0.020276
795.8571,5.8820,62.03,121.00,0.021663
795.9445,5.8820,62.03,121.00,0.020594
796.0337,5.9240,61.76,121.00,0.020323
796.1242,5.9240,61.22,121.00,0.021317
796.2164,5.9240,61.76,121.00,0.021341
796.3045,5.9240,61.76,121.00,0.020379
796.3935,5.9240,61.76,121.00,0.020066
796.4826,5.9240,62.03,121.00,0.020157
796.5745,5.9240,62.30,121.00,0.021035
796.6623,5.9240,61.76,121.00,0.020499
796.7511,5.9240,62.30,121.00,0.020527
796.8411,5.9240,62.30,121.00,0.020360
796.9327,5.9240,62.03,121.00,0.021114
797.0225,5.9260,62.03,121.00,0.021100
797.1143,5.9280,62.03,121.00,0.020572
797.2015,5.9280,62.03,121.00,0.020292
797.2922,5.9280,61.76,121.00,0.020781
797.3794,5.9280,61.76,121.00,0.020065
797.4665,5.9280,61.76,121.00,0.020074
797.5529,5.9280,62.03,121.00,0.020221
797.6439,5.9280,62.03,121.00,0.020793
797.7307,5.9280,61.49,121.00,0.020329
797.8207,5.9280,61.22,121.00,0.020895
797.9079,5.9280,61.76,121.00,0.020868
797.9999,5.9220,61.76,121.00,0.021028
798.0876,5.9160,62.03,121.00,0.020532
798.1764,5.9160,61.76,121.00,0.020329
798.2643,5.9160,61.76,121.00,0.020911
798.3536,5.9160,61.76,121.00,0.020698
798.4428,5.9160,61.49,121.00,0.020029
798.5324,5.9160,62.03,121.00,0.020539
798.6195,5.9160,62.03,121.00,0.020758
798.7104,5.9160,61.76,121.00,0.020317
798.7999,5.9160,62.03,121.00,0.020865
798.8866,5.9160,62.03,121.00,0.019561
798.9748,5.9160,61.76,121.00,0.020034
799.0660,5.9310,61.76,121.00,0.019982
799.1556,5.9310,62.30,121.00,0.020097
799.2444,5.9310,61.76,121.00,0.020835
799.3324,5.9310,62.03,121.00,0.021049
799.4226,5.9310,61.76,121.00,0.020181
799.5127,5.9310,62.30,121.00,0.020918
799.6030,5.9310,61.76,121.00,0.020378
799.6935,5.9310,61.49,121.00,0.021508
799.7845,5.9310,61.22,121.00,0.020622
799.8749,5.9310,62.30,122.00,0.020693
799.9641,5.9310,61.76,122.00,0.021131
800.0553,5.9050,61.49,122.00,0.021026
800.1466,5.9050,62.03,122.00,0.020504
800.2358,5.9050,61.76,122.00,0.020787
800.3231,5.9050,62.30,122.00,0.020034
800.4090,5.9050,62.30,122.00,0.019761
800.4984,5.9050,61.49,122.00,0.019821
800.5866,5.9050,61.49,122.00,0.020004
800.6753,5.9050,62.03,122.00,0.020935
800.7610,5.9050,62.03,122.00,0.019739
800.8511,5.9050,61.76,122.00,0.020127
800.9405,5.9050,61.49,122.00,0.020598
801.0302,5.9410,61.49,122.00,0.020010
801.1199,5.9770,62.03,122.00,0.020517
801.2115,5.9770,61.76,122.00,0.020661
801.2997,5.9770,62.30,122.00,0.020827
801.3912,5.9770,62.03,122.00,0.020770
801.4787,5.9770,62.30,122.00,0.020329
801.5681,5.9770,62.30,122.00,0.021218
801.6563,5.9770,62.03,122.00,0.020885
801.7468,5.9770,61.76,122.00,0.021571
801.8348,5.9770,61.49,122.00,0.020988
801.9265,5.9770,61.49,122.00,0.020285
802.0150,5.9810,61.76,122.00,0.020671
802.1037,5.9850,61.76,122.00,0.019840
802.1947,5.9850,62.03,122.00,0.020126
802.2825,5.9850,62.30,122.00,0.020263
802.3705,5.9850,62.30,122.00,0.020955
802.4627,5.9850,62.03,122.00,0.021204
802.5504,5.9850,62.03,122.00,0.020485
802.6390,5.9850,61.76,122.00,0.020651
802.7260,5.9850,61.76,122.00,0.020643
802.8143,5.9850,61.76,122.00,0.020268
802.9034,5.9850,62.30,122.00,0.020249
802.9938,5.9695,61.76,122.00,0.020492
803.0843,5.9540,62.03,122.00,0.020856
803.1750,5.9540,61.49,122.00,0.020656
803.2625,5.9540,61.49,122.50,0.020933
803.3526,5.9540,61.76,123.00,0.020222
803.4428,5.9540,61.49,123.00,0.021023
803.5318,5.9540,61.76,123.00,0.021092
803.6188,5.9540,62.30,123.00,0.020286
803.7097,5.9540,61.49,123.00,0.020441
803.7993,5.9540,61.76,123.00,0.020961
803.8880,5.9540,61.76,123.00,0.020669
803.9779,5.9540,61.76,123.00,0.020675
804.0670,5.9160,62.30,123.00,0.020549
804.1541,5.9160,62.03,123.00,0.020660
804.2438,5.9160,61.76,123.00,0.021143
804.3325,5.9160,61.76,123.00,0.020231
804.4234,5.9160,62.03,123.00,0.020929
804.5127,5.9160,61.49,123.00,0.020889
804.6038,5.9160,62.30,123.00,0.020835
804.6906,5.9160,62.30,123.00,0.020739
804.7797,5.9160,61.76,123.00,0.020445
804.8696,5.9160,61.49,123.00,0.021132
804.9628,5.9160,61.76,123.00,0.020627
805.0505,5.9920,62.03,123.00,0.020036
805.1420,5.9920,62.30,123.00,0.020918
805.2321,5.9920,62.03,123.00,0.021894
805.3250,5.9920,62.30,123.00,0.021539
805.4202,5.9920,62.03,123.00,0.021690
805.5144,5.9920,61.49,123.00,0.020583
805.6035,5.9920,61.76,123.00,0.020069
805.6935,5.9920,61.49,123.00,0.020167
805.7813,5.9920,62.03,123.00,0.019500
805.8767,5.9920,61.76,123.00,0.020654
805.9696,5.9920,61.49,123.00,0.021221
806.0573,5.9920,62.03,123.00,0.019570
806.1452,5.9920,61.49,123.00,0.020572
806.2419,5.9235,62.03,123.00,0.021398
806.3350,5.8550,62.30,123.00,0.020925
806.4330,5.8550,61.49,123.00,0.020947
806.5288,5.8550,61.49,123.00,0.021048
806.6245,5.8550,61.76,123.00,0.021645
806.7190,5.8550,61.76,123.00,0.020955
806.8171,5.8550,62.03,123.00,0.021273
806.9124,5.8550,61.76,123.00,0.021414
807.0091,5.8380,62.03,123.00,0.021171
807.1027,5.8210,62.03,123.00,0.020859
807.1972,5.8210,61.49,123.00,0.020957
807.2920,5.8210,61.49,123.00,0.021611
807.3878,5.8210,62.03,123.00,0.020759
807.4834,5.8210,62.03,123.00,0.021697
807.5787,5.8210,61.76,123.00,0.021776
807.6723,5.8210,62.30,123.00,0.021870
807.7668,5.8210,61.49,123.00,0.020764
807.8607,5.8210,61.76,123.00,0.020278
807.9502,5.8210,62.03,123.00,0.019818
808.0381,5.8210,61.76,124.00,0.019725
808.1309,5.8150,61.49,124.00,0.021883
808.2242,5.8090,61.76,124.00,0.021222
808.3208,5.8090,62.03,124.00,0.020733
808.4169,5.8090,62.03,124.00,0.021497
808.5138,5.8090,61.49,124.00,0.021538
808.6074,5.8090,61.49,124.00,0.022092
808.7039,5.8090,61.76,124.00,0.021285
808.7996,5.8090,61.76,124.00,0.021764
808.8887,5.8090,61.76,124.00,0.019941
808.9738,5.8090,61.49,124.00,0.019589
809.0627,5.8090,62.03,124.00,0.020021
809.1520,5.8245,62.30,124.00,0.021496
809.2500,5.8400,62.03,124.00,0.021848
809.3390,5.8400,61.76,124.00,0.020856
809.4299,5.8400,61.49,124.00,0.020470
809.5251,5.8400,61.76,124.00,0.022187
809.6188,5.8400,62.03,124.00,0.019812
809.7085,5.8400,62.30,124.00,0.020589
809.8036,5.8400,61.22,124.00,0.021415
809.8967,5.8400,62.03,124.00,0.021867
809.9926,5.8590,61.76,124.00,0.021942
810.0878,5.8780,61.49,124.00,0.021329
810.1830,5.8780,61.49,124.00,0.021324
810.2754,5.8780,61.76,124.00,0.021757
810.3698,5.8780,61.22,124.00,0.020862
810.4622,5.8780,61.22,124.00,0.020684
810.5572,5.8780,61.76,124.00,0.021547
810.6509,5.8780,62.03,124.00,0.021924
810.7470,5.8780,61.76,124.00,0.021680
810.8369,5.8780,61.76,124.00,0.020041
810.9281,5.8780,61.76,124.00,0.020291
811.0236,5.8800,62.03,124.00,0.021754
811.1190,5.8820,61.76,124.00,0.021755
811.2123,5.8820,62.03,124.00,0.021696
811.3076,5.8820,62.03,124.00,0.021469
811.4014,5.8820,62.03,124.00,0.021863
811.4966,5.8820,62.03,124.00,0.021828
811.5902,5.8820,62.03,124.00,0.021711
811.6848,5.8820,61.22,124.00,0.020914
811.7774,5.8820,61.22,124.00,0.021818
811.8737,5.8820,61.49,124.00,0.021885
811.9696,5.8820,61.49,124.00,0.021731
812.0650,5.8820,62.03,124.00,0.020849
812.1610,5.8820,61.76,124.00,0.021327
812.2579,5.8820,61.22,124.00,0.022512
812.3537,5.8820,62.03,124.00,0.021940
812.4527,5.8820,62.30,124.00,0.022071
812.5458,5.8820,61.76,124.00,0.021388
812.6433,5.8820,62.30,124.00,0.022261
812.7372,5.8820,61.49,124.00,0.021548
812.8349,5.8820,61.76,124.00,0.021660
812.9287,5.8820,61.76,124.00,0.021527
813.0249,5.8800,61.49,124.00,0.021894
813.1189,5.8780,62.30,124.00,0.021709
813.2168,5.8780,62.30,124.00,0.022248
813.3111,5.8780,61.76,124.00,0.022133
813.4059,5.8780,61.76,124.00,0.020945
813.4992,5.8780,62.03,124.00,0.021376
813.5965,5.8780,61.22,124.00,0.020982
813.6917,5.8780,61.76,124.00,0.021731
813.7891,5.8780,61.76,124.00,0.021732
813.8845,5.8780,61.49,124.00,0.021968
813.9814,5.8780,61.76,124.00,0.021530
814.0765,5.8780,61.49,124.00,0.021701
814.1672,5.8780,62.30,124.00,0.020427
814.2546,5.8780,61.49,124.00,0.019926
814.3430,5.8780,61.76,124.00,0.019820
814.4363,5.8780,61.49,124.50,0.021868
814.5332,5.8780,61.22,125.00,0.020926
814.6260,5.8780,61.49,125.00,0.020640
814.7190,5.8780,61.76,125.00,0.021008
814.8142,5.8780,61.49,125.00,0.021521
814.9075,5.8780,62.03,125.00,0.021658
815.0035,5.8780,62.30,125.00,0.022022
815.0980,5.8780,61.76,125.00,0.019467
815.1861,5.8780,61.49,125.00,0.020207
815.2780,5.8780,61.49,125.00,0.019970
815.3703,5.8590,61.76,125.00,0.021873
815.4643,5.8400,62.03,125.00,0.022060
815.5597,5.8400,61.49,125.00,0.021363
815.6543,5.8400,61.76,125.00,0.020969
815.7475,5.8400,62.03,125.00,0.021411
815.8447,5.8400,61.76,125.00,0.021660
815.9396,5.8400,61.22,125.00,0.021463
816.0355,5.8435,61.76,125.00,0.021930
816.1306,5.8470,62.03,125.00,0.021226
816.2270,5.8470,61.76,125.00,0.020719
816.3183,5.8470,62.03,125.00,0.019506
816.4054,5.8470,61.49,125.00,0.019525
816.4938,5.8470,61.76,125.00,0.020611
816.5890,5.8470,61.22,125.00,0.021422
816.6817,5.8470,61.49,125.00,0.020965
816.7764,5.8470,61.22,125.00,0.021055
816.8715,5.8470,61.76,125.00,0.021186
816.9690,5.8470,61.49,125.00,0.021639
817.0640,5.8670,61.76,125.00,0.022847
817.1599,5.8670,61.76,125.00,0.022037
817.2552,5.8670,61.76,125.00,0.021248
817.3496,5.8670,61.76,125.00,0.020659
817.4455,5.8670,61.76,125.00,0.021289
817.5424,5.8670,61.76,125.00,0.021458
817.6371,5.8670,61.22,125.00,0.020951
817.7291,5.8670,61.76,125.00,0.019443
817.8176,5.8670,62.03,125.00,0.020049
817.9124,5.8670,61.76,125.00,0.020908
818.0042,5.8170,61.22,125.00,0.021304
818.1003,5.7670,61.49,125.00,0.019583
818.1921,5.7670,61.49,125.00,0.021977
818.2864,5.7670,62.03,125.00,0.021749
818.3805,5.7670,61.76,125.00,0.020881
818.4747,5.7670,61.22,125.00,0.020594
818.5647,5.7670,61.76,125.00,0.020830
818.6537,5.7670,62.03,125.00,0.020185
818.7440,5.7670,61.49,125.00,0.021278
818.8325,5.7670,61.49,125.00,0.020546
818.9221,5.7670,62.03,125.00,0.020876
819.0142,5.8605,61.76,125.00,0.020905
819.1022,5.9540,62.03,125.00,0.020572
819.1910,5.9540,61.22,125.00,0.020201
819.2790,5.9540,62.03,125.00,0.020990
819.3702,5.9540,61.22,125.00,0.020334
819.4556,5.9540,61.76,125.00,0.019498
819.5425,5.9540,62.03,125.00,0.019850
819.6305,5.9540,61.49,125.00,0.019839
819.7190,5.9540,62.30,125.00,0.020606
819.8069,5.9540,62.03,125.00,0.020540
819.8951,5.9540,62.30,125.00,0.020378
819.9855,5.9350,62.30,125.00,0.020825
820.0799,5.9160,61.22,125.00,0.020961
820.1668,5.9160,61.76,125.00,0.020731
820.2566,5.9160,62.30,125.00,0.021478
820.3438,5.9160,62.30,125.00,0.020534
820.4354,5.9160,61.76,125.00,0.020885
820.5225,5.9160,62.03,125.00,0.020266
820.6139,5.9160,61.76,125.00,0.021136
820.7039,5.9160,62.30,125.00,0.020939
820.7951,5.9160,62.03,125.00,0.020780
820.8829,5.9160,61.76,126.00,0.020908
820.9714,5.9160,61.49,126.00,0.020055
821.0598,5.9730,62.03,126.00,0.021174
821.1480,5.9730,62.30,126.00,0.020295
821.2356,5.9730,61.49,126.00,0.020982
821.3239,5.9730,61.49,126.00,0.020334
821.4116,5.9730,62.03,126.00,0.020403
821.5019,5.9730,62.03,126.00,0.020278
821.5910,5.9730,62.03,126.00,0.020637
821.6790,5.9730,61.49,126.00,0.019681
821.7642,5.9730,61.76,126.00,0.019763
821.8511,5.9730,61.76,126.00,0.019708
821.9377,5.9730,62.03,126.00,0.020486
822.0285,5.9695,62.30,126.00,0.020486
822.1185,5.9660,62.03,126.00,0.021303
822.2100,5.9660,61.76,126.00,0.021063
822.2979,5.9660,62.03,126.00,0.020895
822.3868,5.9660,62.03,126.00,0.021082
822.4742,5.9660,61.76,126.00,0.020565
822.5645,5.9660,61.76,126.00,0.019912
822.6525,5.9660,61.76,126.00,0.021015
822.7439,5.9660,62.30,125.50,0.020949
822.8312,5.9660,61.76,125.50,0.020509
822.9202,5.9660,62.03,125.50,0.020444
823.0097,5.9375,61.76,125.00,0.020303
823.0986,5.9090,62.30,125.00,0.020522
823.1849,5.9090,61.76,125.00,0.020157
823.2750,5.9090,61.76,125.00,0.020294
823.3611,5.9090,61.49,125.00,0.020401
823.4555,5.9090,61.76,125.00,0.021586
823.5448,5.9090,62.30,125.50,0.020369
823.6353,5.9090,61.76,125.00,0.020077
823.7249,5.9090,62.03,125.50,0.020743
823.8146,5.9090,61.49,125.00,0.020824
823.9044,5.9090,61.76,125.00,0.020965
823.9959,5.9240,62.30,125.50,0.021196
824.0874,5.9390,61.49,125.50,0.020632
824.1808,5.9390,62.03,125.00,0.020738
824.2713,5.9390,62.03,125.00,0.021568
824.3599,5.9390,62.03,125.00,0.020564
824.4488,5.9390,61.49,125.00,0.020306
824.5400,5.9390,62.03,125.00,0.020715
824.6266,5.9390,61.76,125.00,0.020161
824.7163,5.9390,61.49,125.00,0.020308
824.8038,5.9390,62.03,125.00,0.020823
824.8953,5.9390,62.03,125.00,0.021044
824.9858,5.9465,61.76,125.00,0.021346
825.0760,5.9540,61.76,125.00,0.020611
825.1657,5.9540,61.76,125.00,0.020777
825.2581,5.9540,62.03,125.00,0.020872
825.3481,5.9540,61.76,125.00,0.020855
825.4380,5.9540,61.76,125.00,0.020595
825.5257,5.9540,61.76,125.00,0.020469
825.6150,5.9540,62.30,125.00,0.020803
825.7029,5.9540,62.03,125.00,0.020841
825.7916,5.9540,61.76,125.00,0.020538
825.8813,5.9540,61.76,125.00,0.020358
825.9717,5.9540,61.76,125.00,0.021278
826.0599,5.9160,62.30,125.00,0.020583
826.1524,5.9160,62.03,125.00,0.020561
826.2427,5.9160,61.49,125.00,0.020589
826.3323,5.9160,62.03,125.00,0.020302
826.4202,5.9160,62.30,125.00,0.020726
826.5103,5.9160,62.03,125.00,0.020759
826.5986,5.9160,62.30,125.00,0.020960
826.6880,5.9160,62.30,125.00,0.021223
826.7737,5.9160,62.03,125.00,0.019598
826.8618,5.9160,62.03,125.00,0.020635
826.9508,5.9160,61.22,125.00,0.020260
827.0392,5.9160,62.03,125.00,0.020680
827.1269,5.9160,61.76,125.00,0.021174
827.2183,5.9160,62.03,125.00,0.020455
827.3059,5.9160,61.76,125.00,0.020525
827.3956,5.9160,62.30,125.00,0.020842
827.4855,5.9160,61.76,124.50,0.020759
827.5794,5.9160,61.76,124.50,0.021148
827.6707,5.9160,61.76,124.50,0.020074
827.7619,5.9160,62.03,124.50,0.020389
827.8518,5.9160,61.76,124.00,0.021013
827.9394,5.9160,62.03,124.00,0.019587
828.0251,5.9160,61.76,124.50,0.020070
828.1156,5.9160,61.76,124.50,0.020657
828.2026,5.8970,61.76,124.00,0.019487
828.2902,5.8970,61.76,124.00,0.019806
828.3752,5.8970,62.03,124.00,0.019540
828.4640,5.8970,62.30,124.00,0.021316
828.5494,5.8970,62.03,124.00,0.019515
828.6386,5.8970,61.76,124.00,0.019578
828.7279,5.8970,62.30,124.00,0.020441
828.8182,5.8970,62.30,124.00,0.020426
828.9079,5.8970,62.03,124.00,0.020956
828.9971,5.9220,62.03,124.50,0.020932
829.0875,5.9470,61.76,124.00,0.021265
829.1765,5.9470,62.30,124.00,0.020636
829.2644,5.9470,62.03,124.00,0.021095
829.3543,5.9470,61.76,124.00,0.019632
829.4400,5.9470,62.03,124.00,0.019696
829.5290,5.9470,62.30,124.00,0.019576
829.6154,5.9470,62.03,124.00,0.020419
829.7043,5.9470,62.03,124.00,0.020669
829.7910,5.9470,62.03,124.00,0.020135
829.8795,5.9470,62.30,124.00,0.020307
829.9659,5.9470,62.03,124.00,0.019840
830.0579,5.9390,62.03,124.00,0.020470
830.1452,5.9390,61.76,124.00,0.019587
830.2374,5.9390,61.76,124.00,0.020308
830.3257,5.9390,61.76,124.00,0.020798
830.4149,5.9390,61.49,124.00,0.020619
830.5020,5.9390,61.76,124.00,0.020578
830.5957,5.9390,62.03,124.00,0.020674
830.6826,5.9390,62.30,124.00,0.020743
830.7748,5.9390,62.03,124.00,0.019866
830.8637,5.9390,61.49,124.00,0.020464
830.9516,5.9390,61.49,124.00,0.020033
831.0394,5.9275,62.03,124.00,0.020940
831.1291,5.9160,61.76,124.00,0.021005
831.2163,5.9160,62.03,124.00,0.020875
831.3071,5.9160,62.30,124.00,0.020334
831.3948,5.9160,62.30,124.00,0.021175
831.4842,5.9160,61.49,124.00,0.020944
831.5697,5.9160,61.49,124.00,0.019842
831.6596,5.9160,62.30,124.00,0.020598
831.7496,5.9160,62.03,124.00,0.021177
831.8385,5.9160,62.03,124.00,0.020458
831.9241,5.9160,62.30,124.00,0.020257
832.0153,5.9275,62.03,124.00,0.020952
832.1046,5.9390,62.03,124.00,0.020098
832.1946,5.9390,62.03,124.00,0.019734
832.2823,5.9390,61.76,123.50,0.019948
832.3715,5.9390,62.30,123.00,0.019931
832.4626,5.9390,62.03,123.00,0.020509
832.5519,5.9390,61.76,123.00,0.021185
832.6438,5.9390,62.03,123.00,0.020909
832.7322,5.9390,62.03,123.00,0.020458
832.8201,5.9390,62.03,123.00,0.020988
832.9107,5.9390,61.76,123.00,0.020371
832.9972,5.9390,62.03,123.50,0.019686
833.0859,5.9390,62.03,123.00,0.019574
833.1725,5.9255,62.03,123.00,0.021016
833.2641,5.9120,62.03,123.00,0.020731
833.3510,5.9120,62.03,123.50,0.020340
833.4401,5.9120,61.49,124.00,0.020257
833.5269,5.9120,62.03,123.50,0.020425
833.6161,5.9120,62.30,123.50,0.020708
833.7040,5.9120,62.03,123.50,0.020056
833.7911,5.9120,61.76,123.00,0.019840
833.8776,5.9120,61.76,123.50,0.020544
833.9687,5.9120,61.76,123.00,0.020912
834.0585,5.8860,61.76,123.50,0.020617
834.1470,5.8860,62.30,123.50,0.020268
834.2350,5.8860,62.03,123.50,0.020820
834.3241,5.8860,61.49,123.50,0.020674
834.4134,5.8860,61.76,123.00,0.020315
834.5027,5.8860,62.03,123.50,0.020744
834.5929,5.8860,62.03,123.50,0.020505
834.6821,5.8860,62.03,123.00,0.020900
834.7702,5.8860,62.03,123.50,0.020766
834.8598,5.8860,62.03,123.00,0.020838
834.9472,5.8860,62.30,123.00,0.020273
835.0393,5.9620,62.03,123.00,0.020681
835.1269,5.9620,62.03,123.00,0.021289
835.2159,5.9620,61.76,123.00,0.020776
835.3063,5.9620,62.03,123.00,0.021009
835.3950,5.9620,62.03,123.00,0.020285
835.4837,5.9620,62.03,123.00,0.020959
835.5751,5.9620,62.30,123.00,0.020736
835.6636,5.9620,62.30,123.00,0.020994
835.7559,5.9620,61.49,123.00,0.021240
835.8441,5.9620,62.30,123.00,0.021221
835.9340,5.9620,62.03,123.00,0.021067
836.0236,5.9505,62.03,123.00,0.020772
836.1159,5.9390,62.03,123.00,0.021334
836.2035,5.9390,62.30,123.00,0.021245
836.2947,5.9390,61.22,123.00,0.020844
836.3825,5.9390,62.03,123.00,0.020525
836.4736,5.9390,62.03,123.00,0.020455
836.5619,5.9390,62.03,123.00,0.020842
836.6516,5.9390,62.03,123.00,0.020826
836.7397,5.9390,62.30,123.00,0.021097
836.8284,5.9390,61.76,123.00,0.020483
836.9187,5.9390,62.03,123.00,0.021159
837.0107,5.9335,61.49,123.00,0.020734
837.0971,5.9280,62.03,123.00,0.019642
837.1860,5.9280,62.03,123.00,0.019540
837.2724,5.9280,62.03,123.00,0.020384
837.3633,5.9280,62.30,123.00,0.020930
837.4522,5.9280,62.03,123.00,0.020697
837.5408,5.9280,62.03,123.00,0.020881
837.6304,5.9280,61.49,123.00,0.020841
837.7187,5.9280,62.03,123.00,0.020183
837.8061,5.9280,61.49,123.00,0.020786
837.8952,5.9280,62.03,123.00,0.020892
837.9828,5.9280,62.03,123.00,0.020573
838.0741,5.9920,62.30,123.00,0.019987
838.1641,5.9920,62.30,123.00,0.021002
838.2550,5.9920,62.03,123.00,0.020568
838.3448,5.9920,62.03,123.00,0.020942
838.4341,5.9920,62.03,123.00,0.020695
838.5242,5.9920,62.30,123.00,0.020772
838.6127,5.9920,62.30,123.00,0.020430
838.7003,5.9920,61.76,123.00,0.020581
838.7917,5.9920,62.30,123.00,0.020475
838.8787,5.9920,61.76,123.00,0.020386
838.9676,5.9920,62.03,123.00,0.020619
839.0579,5.9350,61.49,123.00,0.020464
839.1456,5.9350,61.49,123.00,0.019714
839.2314,5.9350,62.03,123.00,0.019831
839.3196,5.9350,61.76,123.00,0.020671
839.4079,5.9350,61.76,123.00,0.021204
839.4960,5.9350,62.03,123.00,0.020200
839.5862,5.9350,61.76,123.00,0.021408
839.6748,5.9350,62.03,123.00,0.020731
839.7629,5.9350,61.76,123.00,0.020849
839.8510,5.9350,62.03,123.00,0.019956
839.9391,5.9350,62.03,123.00,0.021229
840.0305,5.9430,62.03,123.00,0.020619
840.1182,5.9510,61.49,123.00,0.020706
840.2077,5.9510,62.30,123.00,0.021238
840.2995,5.9510,62.03,123.00,0.021222
840.3875,5.9510,61.76,123.00,0.020402
840.4746,5.9510,61.49,123.00,0.020753
840.5640,5.9510,61.76,123.00,0.020461
840.6517,5.9510,61.76,123.00,0.020962
840.7433,5.9510,62.30,123.00,0.020989
840.8314,5.9510,61.49,123.00,0.021004
840.9197,5.9510,62.03,123.00,0.020224
841.0054,5.9510,62.30,123.00,0.019842
841.0967,5.9375,61.76,123.00,0.020933
841.1870,5.9240,62.30,123.00,0.020536
841.2795,5.9240,62.30,123.00,0.020972
841.3671,5.9240,62.03,123.00,0.020746
841.4580,5.9240,61.76,123.00,0.020782
841.5476,5.9240,61.76,123.00,0.020616
841.6360,5.9240,61.49,123.00,0.020132
841.7248,5.9240,62.03,123.00,0.019943
841.8118,5.9240,62.03,123.00,0.019829
841.8970,5.9240,61.76,123.00,0.019747
841.9874,5.9240,61.76,123.00,0.020622
842.0774,5.9510,61.76,122.50,0.020730
842.1680,5.9510,61.76,122.00,0.020240
842.2588,5.9510,61.76,122.00,0.021038
842.3476,5.9510,61.22,122.00,0.020321
842.4396,5.9510,62.30,122.00,0.020819
842.5284,5.9510,61.76,123.00,0.020834
842.6149,5.9510,62.03,122.50,0.020440
842.7085,5.9510,62.03,122.00,0.020928
842.7980,5.9510,61.76,122.00,0.020858
842.8866,5.9510,62.03,122.00,0.020146
842.9761,5.9510,61.76,122.50,0.020165
843.0651,5.9350,62.30,122.00,0.020741
843.1545,5.9350,61.76,122.50,0.020583
843.2450,5.9350,61.49,122.00,0.020463
843.3323,5.9350,62.03,122.50,0.020579
843.4250,5.9350,62.03,122.50,0.020329
843.5124,5.9350,61.22,122.00,0.020258
843.6021,5.9350,62.03,122.50,0.020539
843.6904,5.9350,62.03,122.00,0.020630
843.7817,5.9350,62.30,122.00,0.020504
843.8696,5.9350,61.22,122.00,0.020676
843.9602,5.9350,61.22,122.00,0.020278
844.0481,5.9370,61.76,122.00,0.021072
844.1404,5.9390,61.76,122.00,0.021704
844.2274,5.9390,62.03,122.00,0.020537
844.3164,5.9390,61.49,122.00,0.020986
844.4061,5.9390,62.30,122.00,0.021042
844.4972,5.9390,61.49,122.00,0.021102
844.5865,5.9390,61.76,122.00,0.020652
844.6752,5.9390,62.03,122.00,0.021009
844.7811,5.9390,61.76,123.00,0.028677
844.8734,5.9390,62.03,123.00,0.019902
844.9634,5.9390,62.30,122.50,0.020631
845.0556,5.9730,61.49,122.00,0.020904
845.1437,5.9730,61.49,122.00,0.020853
845.2354,5.9730,61.49,122.00,0.020574
845.3279,5.9730,61.22,122.00,0.020904
845.4190,5.9730,61.76,122.00,0.020801
845.5067,5.9730,61.76,122.50,0.020695
845.5973,5.9730,62.03,122.00,0.020535
845.6862,5.9730,61.76,122.00,0.020046
845.7774,5.9730,61.76,122.00,0.020745
845.8661,5.9730,61.76,122.00,0.020422
845.9551,5.9730,61.76,122.00,0.020839
846.0479,5.9200,61.76,122.00,0.020434
846.1396,5.9200,61.22,122.00,0.021226
846.2282,5.9200,61.49,122.00,0.021127
846.3194,5.9200,62.03,122.00,0.020828
846.4075,5.9200,62.03,122.00,0.020654
846.4991,5.9200,61.76,122.00,0.020811
846.5909,5.9200,62.30,122.00,0.020464
846.6793,5.9200,61.76,122.00,0.019551
846.7649,5.9200,62.30,122.00,0.019662
846.8553,5.9200,62.30,122.00,0.019976
846.9433,5.9200,62.03,122.00,0.020521
847.0363,5.9200,62.03,122.00,0.020368
847.1239,5.9200,61.76,122.00,0.020659
847.2127,5.9200,62.03,122.00,0.020863
847.3009,5.9200,61.76,122.00,0.019391
847.3899,5.9200,61.76,122.00,0.019722
847.4784,5.9200,62.30,122.00,0.019504
847.5671,5.9200,61.76,122.00,0.021166
847.6571,5.9200,61.49,122.00,0.020283
847.7460,5.9200,62.30,122.00,0.020448
847.8351,5.9200,62.03,122.00,0.020660
847.9268,5.9200,61.76,122.00,0.020562
848.0171,5.9200,62.03,122.00,0.020247
848.1064,5.9200,61.76,122.00,0.020158
848.1945,5.9545,62.03,122.00,0.021127
848.2847,5.9890,61.76,122.00,0.020781
848.3738,5.9890,61.49,122.00,0.020098
848.4692,5.9890,61.49,122.00,0.021664
848.5649,5.9890,61.76,122.00,0.020739
848.6533,5.9890,61.49,122.00,0.020029
848.7417,5.9890,61.76,122.00,0.019759
848.8294,5.9890,61.49,122.00,0.019516
848.9241,5.9890,62.03,122.00,0.021605
849.0229,5.9890,61.49,122.00,0.021333
849.1156,5.9890,62.03,122.00,0.021404
849.2103,5.9890,62.03,122.00,0.021259
849.3043,5.9890,62.03,122.00,0.020854
849.3975,5.9890,61.76,122.00,0.020856
849.4908,5.9890,61.76,122.00,0.021226
849.5831,5.9890,61.76,122.00,0.021451
849.6762,5.9890,61.76,122.00,0.021796
849.7736,5.9890,62.03,122.00,0.021786
849.8674,5.9890,61.76,122.00,0.021580
849.9649,5.9890,62.03,122.00,0.020766
850.0603,5.9890,61.76,122.00,0.020701
850.1572,5.9890,61.49,122.00,0.021044
850.2508,5.9890,61.22,122.00,0.019842
850.3399,5.9890,62.03,122.00,0.020159
850.4287,5.9890,61.76,122.00,0.021228
850.5223,5.9890,61.76,122.00,0.019923
850.6105,5.9890,62.03,122.00,0.019984
850.7038,5.9890,61.76,122.00,0.021511
850.7994,5.9890,61.49,122.00,0.021312
850.8966,5.9890,61.76,122.00,0.021617
850.9885,5.9890,61.22,122.00,0.021385
851.0843,5.8820,61.22,122.00,0.020631
851.1771,5.8820,61.76,122.00,0.021624
851.2764,5.8820,61.49,122.00,0.022083
851.3751,5.8820,61.76,121.50,0.022767
851.4749,5.8820,62.03,121.00,0.022283
851.5742,5.8820,61.76,121.00,0.022318
851.6742,5.8820,61.49,121.50,0.021523
851.7704,5.8820,61.22,121.50,0.021133
851.8599,5.8820,61.76,121.50,0.021114
851.9453,5.8820,61.76,122.00,0.019622
852.0335,5.8820,61.76,122.00,0.020336
852.1239,5.7520,62.03,122.00,0.021417
852.2153,5.7520,61.76,122.00,0.020954
852.3071,5.7520,61.49,122.00,0.020879
852.3964,5.7520,61.76,122.00,0.020848
852.4814,5.7520,61.76,122.00,0.019521
852.5697,5.7520,61.49,122.00,0.020112
852.6587,5.7520,62.03,122.00,0.020294
852.7481,5.7520,61.76,122.00,0.020606
852.8358,5.7520,62.03,122.00,0.021222
852.9271,5.7520,62.03,122.00,0.020343
853.0168,5.8245,62.03,122.00,0.020790
853.1089,5.8970,61.49,122.00,0.021245
853.1986,5.8970,62.03,122.00,0.019875
853.2900,5.8970,61.22,122.00,0.021022
853.3760,5.8970,61.76,122.00,0.019699
853.4629,5.8970,61.49,122.00,0.019541
853.5492,5.8970,62.03,122.00,0.019998
853.6382,5.8970,62.03,122.00,0.019723
853.7238,5.8970,61.49,122.00,0.020198
853.8109,5.8970,61.76,122.00,0.020204
853.8981,5.8970,61.22,122.00,0.020440
853.9857,5.8970,61.76,122.00,0.019846
854.0734,5.8970,61.22,122.00,0.019898
854.1607,5.9465,61.49,122.00,0.019900
854.2506,5.9960,62.03,122.00,0.020195
854.3405,5.9960,62.03,122.00,0.020778
854.4308,5.9960,62.03,122.00,0.021070
854.5222,5.9960,62.03,122.00,0.020647
854.6102,5.9960,61.49,122.00,0.020938
854.7015,5.9960,62.03,122.00,0.020792
854.7911,5.9960,61.22,122.00,0.020465
854.8828,5.9960,61.49,122.00,0.020820
854.9695,5.9960,61.49,122.00,0.020128
855.0600,5.9310,61.76,122.00,0.020633
855.1480,5.9310,61.49,123.00,0.021031
855.2373,5.9310,61.76,123.00,0.020293
855.3253,5.9310,62.30,123.00,0.020882
855.4166,5.9310,61.76,123.00,0.020644
855.5084,5.9310,62.03,123.00,0.020481
855.5997,5.9310,62.30,123.00,0.020818
855.6867,5.9310,61.76,123.00,0.020177
855.7761,5.9310,61.76,123.00,0.020757
855.8637,5.9310,62.03,123.00,0.021171
855.9502,5.9310,61.76,123.00,0.019494
856.0357,5.9310,61.76,123.00,0.019772
856.1237,5.9310,61.76,123.00,0.020614
856.2116,5.9850,62.30,123.00,0.020502
856.3029,5.9850,62.03,123.00,0.020323
856.3906,5.9850,62.03,123.00,0.021022
856.4800,5.9850,62.03,123.00,0.020979
856.5675,5.9850,62.30,123.00,0.020830
856.6584,5.9850,61.49,123.00,0.020406
856.7460,5.9850,62.30,123.00,0.020817
856.8358,5.9850,62.30,123.00,0.021031
856.9281,5.9850,62.03,123.00,0.021226
857.0189,5.9755,61.22,123.00,0.020213
857.1048,5.9660,62.30,123.00,0.019631
857.1938,5.9660,62.03,123.00,0.019634
857.2852,5.9660,61.76,123.00,0.020357
857.3762,5.9660,62.03,123.00,0.020524
857.4645,5.9660,61.76,123.00,0.020789
857.5557,5.9660,62.03,123.00,0.020344
857.6437,5.9660,62.03,123.00,0.021164
857.7347,5.9660,62.03,123.00,0.020175
857.8220,5.9660,62.30,123.00,0.020329
857.9138,5.9660,61.76,123.00,0.020649
858.0027,5.9735,62.30,123.00,0.021198
858.0945,5.9810,62.03,123.00,0.020855
858.1816,5.9810,61.76,123.00,0.020442
858.2732,5.9810,61.76,123.00,0.020899
858.3612,5.9810,62.30,123.00,0.021139
858.4498,5.9810,61.76,123.00,0.020017
858.5373,5.9810,62.03,123.00,0.020579
858.6263,5.9810,61.76,123.00,0.020231
858.7144,5.9810,62.03,123.00,0.020686
858.8058,5.9810,61.49,123.00,0.020867
858.8958,5.9810,62.03,123.00,0.020750
858.9878,5.9640,62.03,123.00,0.021489
859.0759,5.9470,61.49,123.00,0.021036
859.1665,5.9470,61.76,123.00,0.020199
859.2540,5.9470,61.76,123.00,0.020635
859.3431,5.9470,61.76,123.00,0.020431
859.4355,5.9470,62.03,123.00,0.020794
859.5269,5.9470,61.49,123.00,0.020553
859.6189,5.9470,61.76,123.00,0.020829
859.7069,5.9470,62.03,123.00,0.020040
859.7965,5.9470,61.76,123.00,0.021782
859.8907,5.9470,61.76,123.00,0.021146
859.9863,5.9470,61.76,123.00,0.020833
860.0781,5.9470,62.03,123.00,0.019943
860.1663,5.9470,61.76,123.00,0.019976
860.2569,5.9470,61.76,123.00,0.021275
860.3504,5.9470,61.49,123.00,0.021519
860.4470,5.9470,62.03,123.00,0.020882
860.5425,5.9470,62.03,123.00,0.021334
860.6351,5.9470,62.03,123.00,0.019534
860.7217,5.9470,61.76,123.00,0.019692
860.8110,5.9470,62.30,123.00,0.020086
860.9037,5.9470,62.03,123.00,0.021524
861.0004,5.9470,61.49,123.00,0.021952
861.0959,5.9470,61.76,123.00,0.022114
861.1918,5.9470,62.30,123.00,0.022164
861.2890,5.9470,61.76,123.00,0.021698
861.3875,5.8280,61.76,123.00,0.021263
861.4831,5.8280,61.49,123.00,0.021332
861.5802,5.8280,62.03,123.00,0.021209
861.6755,5.8280,61.22,123.00,0.021194
861.7731,5.8280,61.76,123.00,0.021281
861.8688,5.8280,61.49,123.00,0.021423
861.9667,5.8280,61.49,123.00,0.021546
862.0636,5.7750,62.03,123.00,0.021669
862.1587,5.7750,61.49,123.00,0.021600
862.2525,5.7750,61.76,123.00,0.021589
862.3487,5.7750,62.30,123.00,0.020861
862.4438,5.7750,61.49,123.50,0.021479
862.5396,5.7750,62.03,123.00,0.021698
862.6342,5.7750,61.22,123.50,0.021340
862.7289,5.7750,61.49,124.00,0.021430
862.8218,5.7750,61.76,123.50,0.020952
862.9139,5.7750,61.49,123.50,0.019644
863.0019,5.7750,61.49,123.50,0.019546
863.0904,5.7750,62.03,123.50,0.019922
863.1835,5.8095,61.22,123.50,0.021444
863.2778,5.8440,62.03,123.50,0.021121
863.3733,5.8440,61.49,123.00,0.021380
863.4699,5.8440,61.76,123.00,0.021078
863.5591,5.8440,61.22,123.00,0.020603
863.6505,5.8440,61.76,123.00,0.019752
863.7391,5.8440,61.22,123.50,0.019170
863.8267,5.8440,62.03,124.00,0.019535
863.9166,5.8440,61.76,123.50,0.020430
864.0149,5.8440,61.76,123.00,0.021682
864.1060,5.8440,61.49,123.00,0.020805
864.1985,5.8440,61.76,123.00,0.021059
864.2855,5.8440,61.49,123.00,0.020167
864.3737,5.8440,61.76,123.00,0.019919
864.4616,5.8440,61.76,123.00,0.020128
864.5499,5.8440,62.03,123.00,0.020203
864.6382,5.8440,61.49,123.00,0.021167
864.7276,5.8440,61.76,123.00,0.020636
864.8159,5.8440,61.49,123.00,0.020988
864.9070,5.8440,61.76,123.00,0.020678
864.9985,5.8800,61.49,123.00,0.020464
865.0906,5.9160,62.03,123.00,0.021020
865.1788,5.9160,61.76,123.00,0.021202
865.2709,5.9160,61.49,123.00,0.020693
865.3571,5.9160,61.22,123.00,0.019673
865.4462,5.9160,61.49,123.00,0.019602
865.5345,5.9160,61.76,123.00,0.020298
865.6243,5.9160,61.76,123.00,0.020648
865.7119,5.9160,61.49,123.00,0.020901
865.8029,5.9160,62.03,123.00,0.020468
865.8928,5.9160,61.49,123.00,0.020546
865.9840,5.9275,62.03,123.00,0.020691
866.0716,5.9390,62.03,123.00,0.020477
866.1624,5.9390,61.76,123.00,0.020383
866.2491,5.9390,62.30,123.00,0.019452
866.3383,5.9390,62.03,123.00,0.019386
866.4243,5.9390,61.76,123.00,0.019816
866.5151,5.9390,62.03,123.00,0.020906
866.6046,5.9390,61.76,123.00,0.020284
866.6955,5.9390,62.03,123.00,0.020164
866.7828,5.9390,62.03,123.00,0.020569
866.8704,5.9390,61.49,123.00,0.020153
866.9582,5.9390,61.49,123.00,0.020221
867.0464,5.9390,62.03,123.00,0.020359
867.1339,5.9200,61.76,123.00,0.020320
867.2229,5.9200,61.22,123.00,0.020977
867.3108,5.9200,62.03,123.00,0.020539
867.3999,5.9200,61.76,123.00,0.020916
867.4887,5.9200,62.03,123.00,0.020207
867.5804,5.9200,62.30,123.00,0.020941
867.6717,5.9200,62.03,123.00,0.020888
867.7622,5.9200,62.30,123.00,0.019988
867.8496,5.9200,62.03,123.00,0.019665
867.9371,5.9200,61.49,123.00,0.020090
868.0260,5.9200,62.30,123.00,0.020609
868.1162,5.8860,61.76,123.00,0.021065
868.2047,5.8860,62.03,123.00,0.020055
868.2937,5.8860,61.49,123.00,0.019494
868.3814,5.8860,61.22,123.00,0.019713
868.4692,5.8860,61.49,123.00,0.020462
868.5595,5.8860,61.76,123.00,0.021184
868.6509,5.8860,61.49,123.00,0.020552
868.7371,5.8860,61.76,123.00,0.020009
868.8257,5.8860,61.76,123.00,0.019450
868.9116,5.8860,61.76,123.00,0.019935
869.0016,5.8860,62.03,123.00,0.019305
869.0895,5.8860,62.03,123.00,0.019799
869.1793,5.8860,62.30,123.00,0.019848
869.2675,5.8860,62.30,122.50,0.021182
869.3582,5.8860,61.76,122.50,0.020575
869.4478,5.8860,62.03,123.00,0.020730
869.5363,5.8860,61.76,123.00,0.020356
869.6262,5.8860,61.49,123.00,0.020502
869.7151,5.8860,61.49,123.00,0.020172
869.8040,5.8860,62.30,123.00,0.020459
869.8907,5.8860,62.03,123.00,0.019829
869.9788,5.8860,62.03,123.00,0.020285
870.0672,5.8860,62.30,123.00,0.020627
870.1550,5.8860,62.03,123.00,0.020616
870.2461,5.8860,61.76,122.50,0.020627
870.3335,5.8860,61.76,122.00,0.020241
870.4241,5.8860,61.22,122.00,0.020420
870.5149,5.9470,62.30,122.00,0.021131
870.6057,5.9470,62.03,122.00,0.020266
870.6931,5.9470,61.76,122.00,0.020296
870.7838,5.9470,62.03,122.00,0.019934
870.8711,5.9470,62.03,122.00,0.020519
870.9605,5.9470,61.76,122.00,0.020744
871.0532,5.9280,62.03,122.00,0.021124
871.1435,5.9280,61.76,122.00,0.020088
871.2331,5.9280,61.76,122.00,0.020463
871.3239,5.9280,62.03,122.00,0.020195
871.4115,5.9280,62.03,122.00,0.020578
871.5020,5.9280,61.76,122.00,0.019737
871.5918,5.9280,62.03,122.00,0.020630
871.6829,5.9280,61.76,122.00,0.020493
871.7743,5.9280,61.49,122.00,0.020234
871.8653,5.9280,61.49,122.00,0.020069
871.9543,5.9280,61.76,122.00,0.019436
872.0413,5.9280,62.03,122.00,0.019612
872.1302,5.9315,61.22,122.00,0.020674
872.2215,5.9350,61.76,122.00,0.020535
872.3106,5.9350,62.03,122.00,0.020163
872.4001,5.9350,62.03,122.00,0.020726
872.4918,5.9350,61.76,122.00,0.021092
872.5800,5.9350,62.03,122.00,0.020160
872.6670,5.9350,62.03,122.00,0.020693
872.7563,5.9350,62.03,122.00,0.020992
872.8445,5.9350,62.03,122.00,0.019401
872.9320,5.9350,61.49,122.00,0.019644
873.0198,5.9350,62.03,122.00,0.019831
873.1079,5.9350,61.76,122.00,0.021023
873.1956,5.9920,62.03,122.00,0.020663
873.2879,5.9920,62.03,122.00,0.021242
873.3759,5.9920,62.03,122.00,0.021242
873.4679,5.9920,61.76,122.00,0.020988
873.5562,5.9920,62.30,122.00,0.021335
873.6479,5.9920,61.49,122.00,0.020914
873.7378,5.9920,62.03,122.00,0.020703
873.8274,5.9920,62.03,122.00,0.021065
873.9156,5.9920,61.49,122.00,0.020878
874.0098,5.9905,61.22,122.00,0.021149
874.0990,5.9890,62.03,122.00,0.020357
874.1865,5.9890,62.03,122.00,0.020018
874.2749,5.9890,62.30,122.00,0.020164
874.3625,5.9890,62.03,122.00,0.019772
874.4495,5.9890,62.03,122.00,0.020020
874.5386,5.9890,62.03,122.00,0.020867
874.6267,5.9890,61.76,122.00,0.020576
874.7158,5.9890,61.22,122.00,0.020026
874.8037,5.9890,61.76,122.00,0.021208
874.8954,5.9890,61.49,122.00,0.020784
874.9826,5.9890,61.76,122.00,0.020024
875.0744,5.9730,62.03,122.00,0.020703
875.1624,5.9730,61.76,122.00,0.020992
875.2536,5.9730,61.76,122.00,0.020562
875.3436,5.9730,62.30,122.00,0.020869
875.4322,5.9730,62.30,122.00,0.020470
875.5205,5.9730,61.76,122.00,0.020679
875.6097,5.9730,61.76,122.00,0.020512
875.6993,5.9730,61.76,122.00,0.020354
875.7884,5.9730,62.03,122.00,0.020456
875.8765,5.9730,62.03,122.00,0.021133
875.9673,5.9730,61.49,122.00,0.020525
876.0576,5.9850,61.22,122.00,0.020697
876.1469,5.9850,61.76,122.00,0.021131
876.2339,5.9850,62.03,122.00,0.020365
876.3228,5.9850,62.30,122.00,0.020411
876.4103,5.9850,62.03,121.50,0.020501
876.5012,5.9850,62.30,121.00,0.022586
876.5890,5.9850,62.30,122.00,0.020507
876.6800,5.9850,62.30,122.00,0.020534
876.7700,5.9850,62.30,122.00,0.021044
876.8590,5.9850,61.76,122.00,0.020601
876.9459,5.9850,62.30,121.50,0.020165
877.0355,5.9310,62.30,121.00,0.020431
877.1275,5.9310,62.30,121.00,0.020744
877.2164,5.9310,62.03,121.00,0.020832
877.3041,5.9310,62.03,121.00,0.020812
877.3940,5.9310,61.49,121.00,0.019645
877.4815,5.9310,61.49,121.50,0.019895
877.5693,5.9310,62.30,121.50,0.019881
877.6553,5.9310,62.30,121.50,0.020004
877.7442,5.9310,61.76,122.00,0.020528
877.8335,5.9310,62.03,122.00,0.020411
877.9269,5.9310,62.03,122.00,0.020594
878.0171,5.9025,61.76,122.00,0.020423
878.1070,5.8740,62.03,122.00,0.020744
878.1967,5.8740,62.30,122.00,0.020583
878.2880,5.8740,62.03,122.00,0.020954
878.3755,5.8740,62.30,121.00,0.020372
878.4661,5.8740,61.49,121.00,0.020275
878.5538,5.8740,61.49,121.00,0.020441
878.6473,5.8740,61.49,121.00,0.020945
878.7340,5.8740,62.03,121.00,0.020390
878.8250,5.8740,61.49,121.00,0.019986
878.9150,5.8740,61.49,121.00,0.021005
879.0043,5.8970,62.03,121.00,0.020729
879.0942,5.9200,62.03,121.00,0.019528
879.1812,5.9200,61.22,121.00,0.019572
879.2689,5.9200,62.03,121.00,0.019490
879.3584,5.9200,61.76,121.00,0.019798
879.4462,5.9200,61.49,121.00,0.019722
879.5349,5.9200,61.49,121.00,0.020534
879.6230,5.9200,62.03,121.00,0.020777
879.7118,5.9200,61.76,121.00,0.020447
879.7990,5.9200,62.03,121.00,0.020703
879.8900,5.9200,61.49,121.00,0.020552
879.9797,5.9200,62.03,121.00,0.020954
880.0715,5.9090,61.76,121.50,0.020794
880.1584,5.9090,61.76,121.00,0.020213
880.2497,5.9090,62.30,121.00,0.021038
880.3355,5.9090,62.30,121.00,0.020029
880.4222,5.9090,61.76,121.00,0.019607
880.5105,5.9090,62.03,121.00,0.019602
880.6041,5.9090,61.76,121.00,0.021144
880.6927,5.9090,62.03,121.00,0.020053
880.7826,5.9090,62.03,121.00,0.020143
880.8720,5.9090,62.03,121.00,0.020859
880.9613,5.9090,62.03,121.00,0.020675
881.0504,5.8890,61.76,121.00,0.020544
881.1400,5.8890,61.22,121.00,0.020695
881.2280,5.8890,61.76,121.00,0.020968
881.3216,5.8890,62.03,121.00,0.020632
881.4122,5.8890,61.49,121.00,0.021461
881.5042,5.8890,62.03,121.00,0.020928
881.5966,5.8890,62.30,121.00,0.020624
881.6897,5.8890,62.03,121.00,0.020333
881.7802,5.8890,61.49,121.00,0.020722
881.8680,5.8890,61.76,121.00,0.020068
881.9536,5.8890,61.22,121.00,0.019686
882.0477,5.8875,62.30,121.00,0.021141
882.1405,5.8860,62.03,121.00,0.020800
882.2298,5.8860,61.76,121.00,0.020368
882.3213,5.8860,62.30,121.50,0.020316
882.4097,5.8860,61.76,121.00,0.019887
882.4970,5.8860,61.76,121.50,0.019734
882.5859,5.8860,61.22,121.00,0.019600
882.6713,5.8860,61.76,121.00,0.019739
882.7598,5.8860,61.76,121.00,0.020121
882.8466,5.8860,62.03,121.00,0.020247
882.9362,5.8860,62.30,121.00,0.020839
883.0284,5.9490,62.03,121.00,0.020735
883.1197,6.0120,61.76,121.00,0.021106
883.2064,6.0120,61.76,121.00,0.020677
883.2958,6.0120,61.76,121.00,0.020986
883.3813,6.0120,62.30,121.00,0.019696
883.4701,6.0120,61.76,121.00,0.019454
883.5579,6.0120,61.49,121.00,0.019687
883.6467,6.0120,62.03,121.00,0.020203
883.7365,6.0120,62.03,121.00,0.020816
883.8278,6.0120,61.49,121.00,0.020895
883.9154,6.0120,61.76,121.00,0.021191
884.0046,5.9945,61.76,121.00,0.020653
884.0903,5.9770,62.30,121.00,0.019382
884.1775,5.9770,61.76,121.00,0.019530
884.2662,5.9770,61.76,121.00,0.020221
884.3592,5.9770,62.03,121.00,0.021046
884.4544,5.9770,61.49,121.00,0.021587
884.5496,5.9770,62.03,121.00,0.021719
884.6406,5.9770,61.76,121.00,0.021543
884.7376,5.9770,61.76,121.00,0.021383
884.8304,5.9770,61.76,121.50,0.021286
884.9274,5.9770,61.49,121.50,0.021260
885.0211,5.9025,61.76,121.00,0.021249
885.1192,5.8280,62.30,121.00,0.021533
885.2150,5.8280,61.49,121.00,0.021419
885.3103,5.8280,61.49,121.00,0.020798
885.4035,5.8280,61.49,121.00,0.021427
885.4986,5.8280,62.03,121.00,0.021097
885.5916,5.8280,61.49,121.00,0.021176
885.6887,5.8280,61.76,121.00,0.020945
885.7799,5.8280,62.03,121.00,0.021056
885.8735,5.8280,62.03,121.00,0.022063
885.9679,5.8280,61.76,121.00,0.021567
886.0630,5.8320,61.49,121.00,0.020997
886.1567,5.8320,61.76,121.00,0.021302
886.2546,5.8320,61.76,121.00,0.021820
886.3471,5.8320,61.76,121.00,0.020438
886.4367,5.8320,62.03,121.00,0.020815
886.5265,5.8320,61.49,121.00,0.020995
886.6155,5.8320,61.49,121.00,0.020352
886.7029,5.8320,62.30,121.00,0.020411
886.7948,5.8320,62.30,121.00,0.020471
886.8825,5.8320,62.03,121.00,0.021075
886.9723,5.8320,61.76,121.00,0.021259
887.0605,5.9850,62.30,121.00,0.020492
887.1538,5.9850,62.03,121.00,0.020488
887.2427,5.9850,61.76,121.00,0.020308
887.3322,5.9850,61.76,121.00,0.020348
887.4194,5.9850,62.03,121.00,0.020925
887.5085,5.9850,61.49,121.00,0.020873
887.5958,5.9850,61.76,121.00,0.020835
887.6871,5.9850,61.49,121.00,0.020713
887.7762,5.9850,61.76,121.00,0.021484
887.8671,5.9850,61.49,121.00,0.020252
887.9531,5.9850,61.22,121.00,0.019786
888.0422,5.9850,61.76,121.00,0.019567
888.1286,5.9850,62.03,121.00,0.020537
888.2211,5.9920,61.76,121.00,0.021267
888.3134,5.9920,62.03,121.00,0.021208
888.4039,5.9920,62.03,121.00,0.021108
888.4963,5.9920,61.76,121.00,0.021386
888.5881,5.9920,61.76,121.00,0.021065
888.6761,5.9920,61.76,121.00,0.020375
888.7680,5.9920,62.03,121.00,0.021016
888.8581,5.9920,61.49,121.00,0.020551
888.9479,5.9920,61.49,121.00,0.021016
889.0367,5.9280,61.49,121.00,0.021110
889.1288,5.9280,61.76,121.00,0.021022
889.2186,5.9280,61.49,121.00,0.020796
889.3154,5.9280,61.22,121.00,0.021624
889.4106,5.9280,62.03,121.00,0.021525
889.5031,5.9280,61.22,121.00,0.020586
889.5910,5.9280,61.76,121.00,0.020080
889.6800,5.9280,61.49,121.00,0.020298
889.7711,5.9280,61.76,121.00,0.021084
889.8666,5.9280,61.76,121.00,0.021864
889.9614,5.9280,61.49,121.00,0.021084
890.0573,5.9050,62.30,121.00,0.021702
890.1521,5.9050,62.03,121.00,0.020814
890.2452,5.9050,61.76,121.00,0.021336
890.3388,5.9050,61.49,121.00,0.021478
890.4361,5.9050,61.76,121.00,0.021560
890.5314,5.9050,61.49,121.00,0.021386
890.6289,5.9050,62.30,121.00,0.022299
890.7222,5.9050,61.76,121.00,0.021615
890.8167,5.9050,61.76,121.00,0.021217
890.9120,5.9050,61.49,121.00,0.021187
891.0080,5.9050,61.49,121.00,0.021811
891.1025,5.9050,62.03,121.00,0.021730
891.1949,5.9050,61.76,121.00,0.021074
891.2909,5.9050,61.76,121.00,0.021465
891.3874,5.9050,61.22,121.00,0.021593
891.4831,5.9050,61.49,121.00,0.021690
891.5795,5.9050,61.49,121.00,0.021680
891.6754,5.9050,61.22,121.00,0.021903
891.7717,5.9050,61.22,121.00,0.021581
891.8647,5.9050,61.76,121.00,0.020930
891.9614,5.9050,61.49,121.00,0.022558
892.0561,5.9050,61.49,121.00,0.022044
892.1518,5.8840,62.03,121.00,0.020782
892.2385,5.8630,61.76,121.00,0.019779
892.3262,5.8630,61.76,121.00,0.019606
892.4125,5.8630,61.49,121.00,0.020249
892.5017,5.8630,61.76,121.00,0.020680
892.5913,5.8630,61.76,121.00,0.020786
892.6802,5.8630,61.76,121.50,0.020314
892.7659,5.8630,61.76,121.00,0.019994
892.8531,5.8630,61.76,121.00,0.019748
892.9403,5.8630,62.03,121.00,0.020547
893.0292,5.8955,61.22,121.00,0.020570
893.1178,5.9280,61.76,121.00,0.020706
893.2107,5.9280,61.22,121.00,0.020021
893.2972,5.9280,61.76,121.00,0.019704
893.3867,5.9280,61.76,121.00,0.019554
893.4746,5.9280,62.30,121.00,0.020813
893.5639,5.9280,62.30,121.00,0.021042
893.6541,5.9280,61.76,121.00,0.021014
893.7421,5.9280,62.03,121.00,0.019875
893.8307,5.9280,61.76,121.00,0.020061
893.9195,5.9280,62.03,121.00,0.020549
894.0071,5.9280,61.76,121.00,0.020128
894.0938,5.9280,62.03,121.00,0.019610
894.1802,5.9280,62.03,121.00,0.020176
894.2725,5.9050,62.03,121.00,0.020607
894.3599,5.9050,61.76,121.00,0.021096
894.4502,5.9050,61.49,121.00,0.019931
894.5400,5.9050,62.03,121.00,0.020346
894.6310,5.9050,62.03,121.00,0.020474
894.7206,5.9050,62.03,121.00,0.020813
894.8117,5.9050,61.76,121.00,0.020623
894.8979,5.9050,61.49,121.00,0.019967
894.9880,5.9050,62.30,121.00,0.020314
895.0742,5.9050,62.30,121.00,0.020308
895.1637,5.9730,61.76,121.00,0.020606
895.2525,5.9730,62.03,121.00,0.021209
895.3422,5.9730,62.03,121.00,0.020978
895.4315,5.9730,61.49,121.00,0.020478
895.5226,5.9730,61.49,121.00,0.020280
895.6103,5.9730,61.76,121.00,0.020822
895.6994,5.9730,61.76,121.00,0.020859
895.7848,5.9730,62.03,121.00,0.019850
895.8739,5.9730,61.49,121.50,0.019759
895.9624,5.9730,62.03,121.00,0.019942
896.0498,5.9730,61.76,121.00,0.019577
896.1357,5.9730,61.22,121.00,0.019834
896.2264,5.9730,61.22,121.00,0.021634
896.3215,5.9730,62.03,121.00,0.021267
896.4170,5.9730,61.49,121.00,0.021765
896.5124,5.9730,61.76,121.00,0.021511
896.6076,5.9730,61.49,121.00,0.021464
896.6938,5.9730,61.76,121.00,0.019940
896.7823,5.9730,62.03,121.00,0.019688
896.8702,5.9730,62.03,121.00,0.020299
896.9649,5.9730,61.76,121.00,0.020453
897.0543,5.9730,61.49,121.00,0.019943
897.1437,5.9730,61.76,121.00,0.019701
897.2294,5.9730,62.30,121.00,0.019563
897.3231,5.9100,61.76,121.00,0.021019
897.4093,5.8470,61.76,121.00,0.019588
897.4997,5.8470,62.03,121.50,0.019917
897.5858,5.8470,61.49,121.00,0.019926
897.6742,5.8470,61.22,121.00,0.020422
897.7602,5.8470,61.49,121.00,0.019528
897.8506,5.8470,61.22,121.00,0.020463
897.9369,5.8470,62.30,121.00,0.019976
898.0264,5.8470,61.22,121.00,0.019947
898.1137,5.9620,62.03,121.00,0.019879
898.2035,5.9620,61.76,121.00,0.020331
898.2898,5.9620,62.30,121.00,0.019949
898.3773,5.9620,61.76,121.00,0.019848
898.4636,5.9620,62.03,121.00,0.020034
898.5523,5.9620,62.03,121.00,0.020477
898.6434,5.9620,61.76,121.00,0.020484
898.7324,5.9620,62.03,121.50,0.020594
898.8244,5.9620,61.49,121.50,0.021391
898.9135,5.9620,61.49,121.00,0.020357
898.9998,5.9620,62.03,121.00,0.020203
899.0916,5.9620,61.76,121.00,0.021312
899.1780,5.9620,61.76,121.00,0.020141
899.2656,5.9620,61.49,121.00,0.019854
899.3551,5.9620,62.03,121.00,0.020997
899.4441,5.9620,62.03,121.00,0.020697
899.5318,5.9620,61.49,121.00,0.021297
899.6220,5.9620,61.76,121.00,0.020262
899.7136,5.9620,61.76,121.00,0.020632
899.8029,5.9620,62.30,121.00,0.020833
899.8905,5.9620,61.76,121.00,0.020464
899.9798,5.9620,62.30,121.00,0.020952
900.0677,5.9620,61.76,121.00,0.020951
900.1566,5.9620,61.76,121.00,0.020530
