Timestamp (s),Power (W),Temperature (°C),Memory (MB),Inference Time (s)
0.1944,0.0000,60.15,120.50,0.008967
0.2831,4.4700,60.69,121.00,0.008528
0.3584,4.4700,60.15,121.00,0.008343
0.4343,4.4700,60.42,121.00,0.008445
0.5115,4.4700,60.15,121.00,0.008769
0.5884,4.4700,61.22,121.00,0.008940
0.6643,4.4700,60.42,121.00,0.009185
0.7434,4.4700,60.69,121.00,0.008394
0.8230,4.4700,60.95,121.00,0.008401
0.8999,4.4700,61.22,121.00,0.008874
0.9754,4.4700,60.95,121.00,0.008429
1.0525,4.4700,60.42,121.00,0.008452
1.1281,4.4700,60.95,121.00,0.008425
1.2073,4.4700,60.69,121.00,0.008671
1.2859,5.9810,60.95,121.00,0.008779
1.3668,5.9810,60.95,121.00,0.008365
1.4422,5.9810,60.95,121.00,0.008424
1.5227,5.9810,61.22,121.00,0.007950
1.5999,5.9810,60.69,121.00,0.008780
1.6763,5.9810,61.22,121.00,0.008831
1.7502,5.9810,60.95,121.00,0.007900
1.8274,5.9810,60.95,121.00,0.008191
1.9034,5.9810,60.69,121.00,0.008046
1.9800,5.9810,60.95,121.00,0.008398
2.0565,5.9810,61.22,121.00,0.008131
2.1391,5.9810,61.22,121.00,0.008425
2.2201,5.9545,60.95,121.00,0.009222
2.3042,5.9280,60.95,121.00,0.008726
2.3848,5.9280,61.22,121.00,0.008482
2.4668,5.9280,61.22,121.00,0.008717
2.5430,5.9280,61.22,121.00,0.008082
2.6177,5.9280,61.22,121.00,0.008327
2.6960,5.9280,61.22,121.00,0.008836
2.7762,5.9280,61.49,121.00,0.008805
2.8580,5.9280,61.22,121.00,0.008530
2.9400,5.9280,61.49,121.00,0.008675
3.0204,5.9280,61.49,121.00,0.008368
3.1045,5.9280,61.22,121.00,0.008407
3.1831,5.9280,61.22,121.00,0.008904
3.2649,5.8890,61.22,121.00,0.008395
3.3461,5.8890,61.22,121.00,0.009133
3.4282,5.8890,61.22,121.00,0.008869
3.5094,5.8890,61.22,121.00,0.008420
3.5908,5.8890,61.22,122.00,0.008444
3.6708,5.8890,60.95,122.00,0.009020
3.7533,5.8890,61.22,122.00,0.009056
3.8348,5.8890,60.95,122.00,0.008674
3.9127,5.8890,61.22,122.00,0.007953
3.9881,5.8890,61.22,122.00,0.008234
4.0644,5.8890,61.22,122.00,0.008738
4.1384,5.8890,61.22,122.00,0.008563
4.2153,5.9045,61.22,122.00,0.009272
4.2902,5.9200,61.22,122.00,0.008434
4.3710,5.9200,61.22,122.00,0.008522
4.4471,5.9200,61.22,121.50,0.008191
4.5217,5.9200,61.22,121.00,0.008054
4.5992,5.9200,61.49,121.00,0.008263
4.6747,5.9200,61.49,121.00,0.008227
4.7498,5.9200,61.22,121.00,0.008760
4.8290,5.9200,61.49,121.00,0.008596
4.9053,5.9200,61.22,122.00,0.008370
4.9820,5.9200,61.22,122.00,0.008133
5.0580,5.9200,61.22,122.00,0.008373
5.1352,5.9200,61.22,121.50,0.008337
5.2110,5.9200,61.22,121.50,0.008280
5.2883,5.9620,61.22,121.00,0.008897
5.3630,5.9620,61.22,121.00,0.008432
5.4411,5.9620,61.49,121.00,0.008669
5.5177,5.9620,61.22,121.00,0.008224
5.5967,5.9620,61.22,121.00,0.008785
5.6714,5.9620,61.22,121.00,0.008099
5.7459,5.9620,61.49,121.00,0.007974
5.8189,5.9620,61.22,121.50,0.007912
5.8989,5.9620,60.69,121.00,0.008667
5.9752,5.9620,61.22,121.00,0.008464
6.0512,5.9620,61.22,121.50,0.008394
6.1288,5.9620,61.49,121.00,0.008521
6.2080,5.9620,61.49,121.00,0.008704
6.2830,5.8930,61.49,121.00,0.008601
6.3600,5.8930,61.22,121.00,0.008929
6.4364,5.8930,60.95,121.00,0.008522
6.5123,5.8930,61.49,121.00,0.007975
6.5869,5.8930,61.22,121.00,0.008460
6.6632,5.8930,61.49,121.00,0.008337
6.7381,5.8930,61.22,121.00,0.008765
6.8147,5.8930,61.22,121.00,0.008737
6.8909,5.8930,60.95,121.00,0.008026
6.9719,5.8930,61.22,121.00,0.008700
7.0475,5.8930,61.22,121.00,0.009119
7.1244,5.8930,62.03,121.00,0.008903
7.2000,5.8930,61.49,121.00,0.008745
7.2823,5.8780,61.76,121.00,0.008728
7.3598,5.8780,61.49,121.00,0.008728
7.4370,5.8780,61.76,121.00,0.008948
7.5142,5.8780,61.76,121.00,0.008553
7.5911,5.8780,61.76,121.00,0.008662
7.6681,5.8780,61.22,121.00,0.008604
7.7466,5.8780,61.76,121.00,0.008658
7.8214,5.8780,61.49,121.00,0.008717
7.9024,5.8780,61.22,121.00,0.008843
7.9791,5.8780,61.49,121.00,0.008414
8.0554,5.8780,61.22,121.00,0.008626
8.1303,5.8780,60.95,121.00,0.008789
8.2113,5.9125,61.22,121.00,0.008886
8.2869,5.9470,61.22,121.00,0.008805
8.3640,5.9470,61.22,121.00,0.008757
8.4434,5.9470,61.49,121.00,0.008732
8.5204,5.9470,61.76,121.00,0.008674
8.5960,5.9470,61.49,121.00,0.009019
8.6745,5.9470,61.22,120.50,0.008987
8.7517,5.9470,61.76,120.50,0.008712
8.8271,5.9470,61.49,120.50,0.008628
8.9029,5.9470,61.22,121.00,0.008105
8.9776,5.9470,61.49,120.50,0.007991
9.0510,5.9470,61.22,121.00,0.008236
9.1258,5.9470,61.22,121.00,0.007963
9.2020,5.9470,61.49,121.00,0.008418
9.2810,5.8860,61.22,121.00,0.008626
9.3583,5.8860,61.49,121.00,0.008912
9.4355,5.8860,61.22,121.00,0.008603
9.5113,5.8860,61.22,121.00,0.008139
9.5880,5.8860,61.76,121.00,0.008557
9.6651,5.8860,61.76,121.00,0.008894
9.7432,5.8860,61.22,121.00,0.008550
9.8205,5.8860,61.76,120.00,0.008549
9.8991,5.8860,61.22,120.00,0.008501
9.9758,5.8860,61.76,120.50,0.008722
10.0525,5.8860,61.22,120.00,0.008446
10.1297,5.8860,61.49,120.00,0.008501
10.2084,5.8860,61.49,120.00,0.009120
10.2832,5.8860,61.22,120.00,0.008932
10.3599,5.8860,61.22,120.00,0.008595
10.4340,5.8860,62.03,120.00,0.008158
10.5115,5.8860,61.76,120.00,0.008815
10.5908,5.8860,61.49,120.00,0.009011
10.6672,5.8860,61.49,120.00,0.008532
10.7444,5.8860,61.22,120.00,0.009039
10.8207,5.8860,62.30,120.00,0.008225
10.9001,5.8860,61.49,120.00,0.008873
10.9787,5.8860,62.03,120.00,0.008632
11.0537,5.8860,62.03,120.00,0.008900
11.1329,5.8860,61.22,120.00,0.008869
11.2074,5.8860,61.22,120.00,0.008681
11.2860,5.9030,61.22,120.00,0.008464
11.3610,5.9200,61.49,120.00,0.008358
11.4392,5.9200,61.76,120.00,0.008400
11.5163,5.9200,61.49,120.00,0.008786
11.5945,5.9200,61.76,120.00,0.008349
11.6717,5.9200,61.22,120.00,0.009060
11.7482,5.9200,61.22,120.00,0.008942
11.8234,5.9200,61.49,120.00,0.009046
11.9017,5.9200,61.49,120.00,0.008457
11.9786,5.9200,61.22,120.00,0.008267
12.0555,5.9200,61.22,120.00,0.008355
12.1306,5.9200,61.22,120.00,0.007967
12.2058,5.9200,61.76,120.00,0.008174
12.2828,5.9200,61.22,120.00,0.008818
12.3594,5.9200,61.76,120.00,0.008882
12.4338,5.9200,61.49,120.00,0.008343
12.5126,5.9200,61.76,120.00,0.008651
12.5918,5.9200,61.22,120.00,0.009042
12.6702,5.9200,61.49,120.00,0.008818
12.7466,5.9200,61.76,120.00,0.008612
12.8231,5.9200,61.49,120.00,0.008393
12.8985,5.9200,61.22,120.00,0.008878
12.9742,5.9200,61.22,120.00,0.008308
13.0513,5.9200,61.49,120.00,0.008651
13.1315,5.9200,61.22,120.00,0.008239
13.2068,5.9200,61.49,120.00,0.008621
13.2881,5.9540,61.49,120.00,0.008885
13.3672,5.9540,61.22,120.00,0.008807
13.4427,5.9540,61.49,120.00,0.008157
13.5192,5.9540,61.22,120.00,0.008605
13.5965,5.9540,61.49,120.00,0.008328
13.6708,5.9540,61.22,120.00,0.008293
13.7485,5.9540,61.22,120.00,0.008034
13.8253,5.9540,62.30,120.00,0.008478
13.9030,5.9540,61.49,120.00,0.008232
13.9792,5.9540,61.22,120.00,0.008161
14.0555,5.9540,61.22,119.50,0.008654
14.1307,5.9540,61.49,119.50,0.009144
14.2056,5.9540,61.76,120.00,0.008010
14.2817,5.9540,61.76,119.50,0.008089
14.3615,5.9330,61.76,119.00,0.008358
14.4380,5.9120,61.49,119.00,0.008567
14.5165,5.9120,61.76,119.00,0.008492
14.5951,5.9120,61.76,119.00,0.008445
14.6710,5.9120,61.49,119.00,0.008312
14.7467,5.9120,62.03,119.00,0.007971
14.8221,5.9120,61.76,119.00,0.008447
14.8965,5.9120,61.49,119.00,0.008406
14.9719,5.9120,61.49,119.00,0.008241
15.0486,5.9120,61.22,119.00,0.008543
15.1271,5.9120,61.49,119.00,0.008654
15.2023,5.9120,61.22,119.00,0.008584
15.2789,5.9240,61.76,119.00,0.008469
15.3541,5.9240,61.49,119.00,0.008425
15.4309,5.9240,61.76,119.00,0.008542
15.5059,5.9240,61.49,119.00,0.008618
15.5822,5.9240,61.49,119.00,0.008576
15.6599,5.9240,61.49,119.00,0.008895
15.7378,5.9240,61.22,119.00,0.008515
15.8128,5.9240,61.49,119.00,0.008897
15.8910,5.9240,61.22,119.00,0.008377
15.9656,5.9240,61.49,119.00,0.008628
16.0446,5.9240,61.22,119.00,0.008542
16.1237,5.9240,61.49,119.00,0.008709
16.2001,5.9240,61.49,119.00,0.008780
16.2748,5.8970,61.49,119.00,0.008398
16.3507,5.8970,61.76,119.00,0.008214
16.4261,5.8970,61.49,119.00,0.008045
16.5033,5.8970,61.49,119.00,0.008296
16.5802,5.8970,61.76,119.00,0.008384
16.6561,5.8970,61.76,119.00,0.008862
16.7318,5.8970,62.03,119.00,0.009498
16.8086,5.8970,61.49,119.00,0.008759
16.8829,5.8970,61.22,119.00,0.008271
16.9596,5.8970,61.22,119.00,0.008978
17.0363,5.8970,61.22,119.00,0.008968
17.1128,5.8970,61.22,119.00,0.008821
17.1912,5.8970,61.76,119.00,0.008501
17.2677,5.9510,61.76,119.00,0.008298
17.3405,5.9510,61.22,119.00,0.008214
17.4151,5.9510,61.76,119.00,0.008051
17.4918,5.9510,61.49,119.00,0.008414
17.5719,5.9510,61.76,119.00,0.008641
17.6516,5.9510,61.49,119.00,0.009003
17.7285,5.9510,61.22,119.00,0.008987
17.8030,5.9510,61.76,119.00,0.008422
17.8823,5.9510,61.22,119.00,0.008995
17.9598,5.9510,61.76,119.00,0.008967
18.0355,5.9510,61.76,119.00,0.008373
18.1147,5.9510,61.49,119.00,0.008532
18.1915,5.9510,61.76,119.00,0.008691
18.2669,5.8970,61.22,119.00,0.008670
18.3475,5.8970,61.49,119.00,0.008447
18.4231,5.8970,61.49,119.00,0.008420
18.4977,5.8970,61.76,119.00,0.008035
18.5740,5.8970,61.22,119.00,0.008558
18.6517,5.8970,61.22,119.00,0.008685
18.7264,5.8970,61.76,119.00,0.008318
18.8029,5.8970,61.22,119.00,0.008721
18.8807,5.8970,61.49,118.50,0.008955
18.9597,5.8970,61.22,119.00,0.008508
19.0368,5.8970,61.76,119.00,0.008474
19.1157,5.8970,61.22,119.00,0.008897
19.1899,5.8970,61.49,119.00,0.008056
19.2677,5.8970,61.22,119.00,0.008261
19.3415,5.8970,61.49,119.00,0.007979
19.4197,5.9390,61.22,119.00,0.009123
19.4999,5.9390,61.49,118.00,0.008874
19.5752,5.9390,61.22,118.50,0.008047
19.6522,5.9390,61.49,119.00,0.008142
19.7284,5.9390,61.76,118.50,0.008537
19.8039,5.9390,61.49,118.50,0.008021
19.8787,5.9390,60.95,118.00,0.008228
19.9519,5.9390,61.49,118.00,0.008067
20.0268,5.9390,61.76,118.00,0.008453
20.1028,5.9390,61.49,118.50,0.009350
20.1788,5.9390,61.76,118.00,0.007956
20.2558,5.9450,61.49,119.00,0.008879
20.3328,5.9510,61.76,119.00,0.008727
20.4074,5.9510,61.49,119.00,0.008525
20.4871,5.9510,61.76,119.00,0.008225
20.5626,5.9510,61.22,118.50,0.008924
20.6394,5.9510,61.22,118.00,0.008761
20.7134,5.9510,61.22,118.00,0.008288
20.7909,5.9510,62.03,119.00,0.007983
20.8645,5.9510,61.76,119.00,0.008300
20.9391,5.9510,61.49,119.00,0.008293
21.0128,5.9510,61.76,119.00,0.008427
21.0919,5.9510,61.49,119.00,0.009083
21.1668,5.9510,61.49,119.00,0.008559
21.2440,5.9395,61.49,118.50,0.008794
21.3234,5.9280,61.76,118.00,0.008544
21.4019,5.9280,61.76,118.50,0.008742
21.4789,5.9280,61.22,118.00,0.008163
21.5592,5.9280,61.76,118.00,0.008441
21.6370,5.9280,61.76,118.00,0.008677
21.7147,5.9280,61.22,118.00,0.008088
21.7896,5.9280,61.76,118.00,0.008523
21.8683,5.9280,61.22,118.00,0.008882
21.9426,5.9280,61.76,118.00,0.008332
22.0191,5.9280,61.49,118.00,0.008272
22.0958,5.9280,61.22,118.00,0.008356
22.1738,5.9280,62.30,118.00,0.008612
22.2481,5.9240,61.76,118.00,0.008152
22.3289,5.9200,61.22,118.00,0.008320
22.4040,5.9200,61.49,118.00,0.008678
22.4840,5.9200,61.76,118.00,0.009081
22.5665,5.9200,61.22,118.00,0.009065
22.6494,5.9200,62.03,118.00,0.009082
22.7329,5.9200,61.49,118.00,0.008945
22.8179,5.9200,61.22,118.00,0.009346
22.9001,5.9200,62.03,118.00,0.009005
22.9794,5.9200,61.76,118.00,0.008911
23.0571,5.9200,61.76,118.00,0.008854
23.1342,5.9200,61.22,118.00,0.008690
23.2123,5.9200,61.76,118.00,0.008456
23.2919,5.9200,61.49,118.00,0.009045
23.3667,5.9200,61.22,118.00,0.008582
23.4443,5.9200,61.49,118.00,0.009024
23.5193,5.9200,61.49,118.00,0.008440
23.5962,5.9200,61.49,118.00,0.008920
23.6712,5.9200,61.49,118.00,0.008812
23.7498,5.9200,61.22,118.00,0.008814
23.8252,5.9200,61.49,118.00,0.008613
23.9040,5.9200,61.76,118.00,0.008749
23.9833,5.9200,61.49,118.00,0.008399
24.0671,5.9200,61.22,118.00,0.008361
24.1479,5.9200,61.49,118.00,0.008932
24.2326,5.9200,61.22,118.00,0.008827
24.3136,5.9200,61.22,118.00,0.008921
24.3973,5.8610,61.76,118.00,0.008506
24.4765,5.8020,61.76,118.00,0.008467
24.5607,5.8020,61.49,118.00,0.008422
24.6384,5.8020,61.49,118.00,0.009011
24.7219,5.8020,61.49,118.00,0.009085
24.7989,5.8020,61.49,118.00,0.008986
24.8757,5.8020,60.95,118.00,0.007911
24.9492,5.8020,61.49,118.00,0.008098
25.0249,5.8020,62.03,118.00,0.008010
25.1046,5.8020,61.22,118.00,0.008873
25.1853,5.8020,61.22,118.00,0.009176
25.2680,5.8670,61.49,118.00,0.008783
25.3521,5.8670,62.03,118.00,0.008707
25.4326,5.8670,61.49,118.00,0.009133
25.5149,5.8670,61.49,118.00,0.008714
25.5951,5.8670,61.49,118.00,0.008816
25.6755,5.8670,61.76,118.00,0.008951
25.7523,5.8670,61.49,118.00,0.008759
25.8299,5.8670,61.49,118.00,0.008169
25.9069,5.8670,61.22,119.00,0.008588
25.9845,5.8670,61.22,119.00,0.008198
26.0601,5.8670,61.76,119.00,0.008329
26.1349,5.8670,61.49,119.00,0.007997
26.2102,5.8670,61.76,119.00,0.008368
26.2908,5.9350,61.22,119.00,0.008575
26.3672,5.9350,61.76,119.00,0.008636
26.4442,5.9350,61.49,119.00,0.008357
26.5202,5.9350,61.49,119.00,0.008721
26.5967,5.9350,61.49,119.00,0.008182
26.6739,5.9350,61.22,119.00,0.008229
26.7554,5.9350,61.76,119.00,0.008316
26.8317,5.9350,60.95,119.00,0.008485
26.9082,5.9350,61.76,119.00,0.008236
26.9878,5.9350,61.49,119.00,0.008799
27.0651,5.9350,61.49,119.00,0.008435
27.1437,5.9350,61.76,119.00,0.008434
27.2229,5.9120,61.49,119.00,0.008244
27.3026,5.8890,61.22,119.00,0.008789
27.3801,5.8890,61.49,119.00,0.008953
27.4581,5.8890,61.49,119.00,0.008976
27.5369,5.8890,62.03,119.00,0.008844
27.6121,5.8890,61.49,119.00,0.008090
27.6888,5.8890,61.49,119.00,0.008480
27.7672,5.8890,61.49,119.00,0.008596
27.8448,5.8890,61.22,119.00,0.008713
27.9205,5.8890,61.22,119.00,0.008627
27.9987,5.8890,61.22,119.00,0.008535
28.0794,5.8890,61.22,119.00,0.008621
28.1562,5.8890,61.22,119.00,0.008355
28.2302,5.8890,62.30,119.00,0.008208
28.3075,5.8890,61.76,119.00,0.008609
28.3830,5.8950,61.49,119.00,0.008569
28.4604,5.9010,61.76,119.00,0.008762
28.5391,5.9010,61.49,119.00,0.008981
28.6192,5.9010,61.76,119.00,0.008483
28.6991,5.9010,61.22,119.00,0.008552
28.7761,5.9010,61.22,119.00,0.008417
28.8570,5.9010,61.22,119.00,0.008911
28.9354,5.9010,61.49,119.00,0.008184
29.0093,5.9010,61.76,120.00,0.007964
29.0880,5.9010,61.76,120.00,0.008141
29.1636,5.9010,61.22,120.00,0.008811
29.2407,5.9010,61.49,120.00,0.008606
29.3219,5.9010,61.76,120.00,0.008670
29.3990,5.9010,61.22,120.00,0.008544
29.4755,5.9010,62.03,120.00,0.008536
29.5525,5.9010,61.49,120.00,0.008771
29.6331,5.9010,61.76,120.00,0.009107
29.7128,5.9010,61.76,120.00,0.008898
29.7890,5.9010,61.49,120.00,0.008836
29.8715,5.9010,61.49,120.00,0.008779
29.9483,5.9010,61.76,120.00,0.008975
30.0267,5.9010,61.76,120.00,0.008285
30.1062,5.9010,61.49,120.00,0.009871
30.1880,5.9010,61.49,120.00,0.008999
30.2635,5.9010,60.95,120.00,0.008575
30.3433,5.9010,61.22,120.00,0.008543
30.4182,5.9010,62.03,120.00,0.008344
30.4959,5.9010,61.76,120.00,0.008453
30.5738,5.9010,61.76,120.00,0.008624
30.6509,5.9010,61.49,120.00,0.008600
30.7313,5.9010,61.22,120.00,0.008502
30.8129,5.9010,61.22,120.00,0.008571
30.8907,5.9010,61.22,120.00,0.008588
30.9714,5.9010,61.76,120.00,0.008592
31.0491,5.9010,61.49,120.00,0.008757
31.1281,5.9010,61.22,120.00,0.008902
31.2033,5.9010,61.49,120.00,0.008408
31.2812,5.9010,61.49,120.00,0.008820
31.3578,5.9010,61.76,120.00,0.008282
31.4368,5.9010,60.95,120.00,0.009032
31.5147,5.8820,62.03,120.00,0.009245
31.5952,5.8630,62.03,120.00,0.008808
31.6704,5.8630,61.49,120.00,0.008521
31.7481,5.8630,61.22,120.00,0.008654
31.8275,5.8630,61.49,120.00,0.008610
31.9078,5.8630,61.22,120.00,0.008846
31.9838,5.8630,61.22,120.00,0.008906
32.0607,5.8630,62.03,120.00,0.008124
32.1410,5.8630,61.49,120.00,0.008290
32.2183,5.8780,61.49,120.00,0.008792
32.2953,5.8930,61.22,120.00,0.008618
32.3772,5.8930,61.76,120.00,0.008658
32.4559,5.8930,61.22,120.00,0.008821
32.5362,5.8930,61.49,120.00,0.008517
32.6121,5.8930,61.22,120.00,0.008762
32.6912,5.8930,62.03,120.00,0.008192
32.7687,5.8930,61.22,120.00,0.008341
32.8493,5.8930,61.49,120.00,0.008712
32.9269,5.8930,61.49,120.00,0.008806
33.0070,5.8930,61.22,121.00,0.008599
33.0852,5.8930,62.03,121.00,0.008605
33.1645,5.8930,61.22,121.00,0.008529
33.2435,5.8605,61.22,121.00,0.008954
33.3232,5.8280,61.49,121.00,0.008494
33.3997,5.8280,61.22,121.00,0.008729
33.4796,5.8280,61.49,121.00,0.008285
33.5537,5.8280,62.30,121.00,0.008224
33.6322,5.8280,61.49,121.00,0.008229
33.7087,5.8280,61.22,121.00,0.008525
33.7874,5.8280,61.49,121.00,0.008335
33.8621,5.8280,61.49,121.00,0.008143
33.9381,5.8280,61.22,121.00,0.008458
34.0154,5.8280,61.49,121.00,0.008832
34.0935,5.8280,61.22,121.00,0.008860
34.1709,5.8280,61.22,121.00,0.008149
34.2477,5.8280,61.22,121.00,0.008501
34.3240,5.8665,60.95,121.00,0.008668
34.4033,5.9050,61.22,121.00,0.008557
34.4801,5.9050,62.03,121.00,0.008880
34.5602,5.9050,61.76,121.00,0.008329
34.6381,5.9050,61.76,121.00,0.008415
34.7162,5.9050,61.49,121.00,0.008461
34.7954,5.9050,61.49,120.50,0.008884
34.8742,5.9050,61.22,120.00,0.008142
34.9499,5.9050,62.03,121.00,0.008085
35.0273,5.9050,61.49,120.50,0.008318
35.1028,5.9050,61.22,120.50,0.008637
35.1834,5.9050,61.76,121.00,0.008083
35.2584,5.9050,61.76,121.00,0.007969
35.3342,5.9050,62.30,121.00,0.008080
35.4124,5.8930,61.22,121.00,0.009084
35.4900,5.8930,62.03,121.00,0.008792
35.5683,5.8930,61.49,121.00,0.009044
35.6481,5.8930,61.49,121.00,0.008667
35.7258,5.8930,61.76,121.00,0.008148
35.8047,5.8930,61.22,121.00,0.008436
35.8826,5.8930,61.76,121.00,0.008674
35.9603,5.8930,61.22,121.00,0.008600
36.0357,5.8930,61.22,121.00,0.008640
36.1163,5.8930,61.49,121.00,0.008863
36.1931,5.8930,61.76,121.00,0.008963
36.2729,5.9010,61.49,121.00,0.008628
36.3506,5.9010,61.76,121.00,0.008408
36.4270,5.9010,61.76,121.00,0.008179
36.5010,5.9010,61.22,121.00,0.008044
36.5790,5.9010,61.22,121.00,0.007952
36.6546,5.9010,61.49,121.00,0.008172
36.7343,5.9010,61.22,121.00,0.008740
36.8122,5.9010,62.03,121.00,0.008694
36.8890,5.9010,61.22,120.00,0.008438
36.9665,5.9010,61.76,120.00,0.008563
37.0478,5.9010,61.22,120.50,0.008377
37.1237,5.9010,61.76,121.00,0.008528
37.2014,5.9010,61.22,121.00,0.009057
37.2787,5.9065,61.22,121.00,0.008170
37.3598,5.9120,61.49,121.00,0.008996
37.4373,5.9120,61.76,120.50,0.008733
37.5195,5.9120,61.49,121.00,0.008629
37.5961,5.9120,62.03,120.50,0.008807
37.6725,5.9120,61.76,120.00,0.008325
37.7530,5.9120,61.49,120.00,0.008788
37.8351,5.9120,61.76,120.00,0.008473
37.9105,5.9120,61.49,120.00,0.008468
37.9909,5.9120,61.49,120.00,0.009099
38.0663,5.9120,61.22,120.00,0.008333
38.1450,5.9120,61.49,120.00,0.008171
38.2232,5.9295,61.22,120.00,0.008405
38.3028,5.9470,61.49,120.00,0.008182
38.3794,5.9470,61.49,120.00,0.008175
38.4561,5.9470,61.76,120.00,0.008400
38.5323,5.9470,62.03,120.00,0.009040
38.6094,5.9470,61.49,120.00,0.008272
38.6881,5.9470,61.49,120.00,0.008856
38.7674,5.9470,61.22,120.00,0.008157
38.8445,5.9470,61.76,120.00,0.008438
38.9246,5.9470,61.22,120.00,0.008477
39.0051,5.9470,61.49,120.00,0.008545
39.0839,5.9470,61.76,120.00,0.008604
39.1637,5.9470,61.22,120.00,0.008498
39.2454,5.9070,61.76,120.00,0.008381
39.3232,5.8670,61.49,120.50,0.008357
39.4032,5.8670,62.03,121.00,0.008472
39.4799,5.8670,61.22,120.50,0.008770
39.5570,5.8670,61.22,120.00,0.009066
39.6352,5.8670,61.49,120.00,0.008159
39.7152,5.8670,61.49,120.00,0.008587
39.7929,5.8670,61.49,120.00,0.008922
39.8725,5.8670,62.30,120.00,0.008754
39.9484,5.8670,61.76,120.00,0.008404
40.0274,5.8670,61.76,120.00,0.008404
40.1062,5.8670,61.22,120.00,0.009512
40.1858,5.8670,62.03,120.00,0.008830
40.2637,5.9280,61.49,120.00,0.008866
40.3410,5.9280,61.49,120.00,0.008756
40.4167,5.9280,61.49,120.00,0.008451
40.4982,5.9280,61.49,120.00,0.008751
40.5747,5.9280,61.49,120.00,0.007965
40.6535,5.9280,61.49,120.00,0.008381
40.7324,5.9280,61.22,120.00,0.008522
40.8119,5.9280,61.22,120.00,0.008603
40.8881,5.9280,61.76,120.00,0.008738
40.9651,5.9280,61.22,120.00,0.008042
41.0434,5.9280,61.49,120.00,0.008505
41.1233,5.9280,61.76,120.00,0.008685
41.1979,5.9280,61.22,120.00,0.008307
41.2739,5.9280,61.76,120.00,0.008125
41.3507,5.9260,62.03,120.00,0.008465
41.4275,5.9240,61.49,120.00,0.008567
41.5017,5.9240,61.76,120.00,0.007975
41.5782,5.9240,61.76,120.00,0.008101
41.6527,5.9240,61.22,120.00,0.008361
41.7337,5.9240,61.49,120.00,0.008445
41.8105,5.9240,61.49,120.00,0.008792
41.8914,5.9240,61.22,120.00,0.008277
41.9675,5.9240,61.49,120.00,0.008456
42.0465,5.9240,61.49,120.00,0.007956
42.1222,5.9240,61.49,120.00,0.008503
42.2020,5.9240,61.76,120.00,0.008556
42.2788,5.9580,61.76,120.00,0.008391
42.3562,5.9580,61.49,120.00,0.008698
42.4327,5.9580,61.22,120.00,0.008683
42.5130,5.9580,61.76,120.00,0.008775
42.5908,5.9580,61.76,120.00,0.008862
42.6713,5.9580,61.49,120.00,0.008810
42.7492,5.9580,61.22,120.00,0.008713
42.8280,5.9580,61.76,120.00,0.008516
42.9042,5.9580,62.03,120.00,0.009082
42.9819,5.9580,61.22,120.00,0.008415
43.0591,5.9580,61.49,120.00,0.008190
43.1388,5.9580,61.76,120.00,0.008468
43.2142,5.9580,62.03,120.00,0.007947
43.2929,5.9580,61.49,120.00,0.008673
43.3733,5.9540,61.22,120.00,0.008745
43.4535,5.9540,61.76,120.00,0.008614
43.5327,5.9540,62.03,120.00,0.009015
43.6120,5.9540,61.49,120.00,0.008529
43.6886,5.9540,61.49,120.00,0.008841
43.7645,5.9540,61.76,120.00,0.008103
43.8385,5.9540,61.76,120.00,0.008054
43.9150,5.9540,61.76,120.00,0.008213
43.9894,5.9540,61.76,120.00,0.008682
44.0683,5.9540,61.76,120.00,0.008680
44.1472,5.9540,61.49,120.00,0.009292
44.2276,5.9620,61.22,120.00,0.008409
44.3023,5.9700,61.22,120.00,0.008058
44.3795,5.9700,61.22,120.00,0.008646
44.4545,5.9700,61.49,120.00,0.008469
44.5367,5.9700,61.76,120.00,0.008647
44.6157,5.9700,62.30,120.00,0.008937
44.6959,5.9700,61.22,119.50,0.008974
44.7720,5.9700,62.03,119.50,0.008417
44.8528,5.9700,61.22,119.00,0.008481
44.9328,5.9700,61.76,119.50,0.008863
45.0127,5.9700,61.76,120.00,0.009201
45.0886,5.9700,60.95,120.00,0.008611
45.1679,5.9700,62.03,120.00,0.008558
45.2478,5.9030,61.22,120.00,0.008456
45.3278,5.8360,61.22,120.00,0.008580
45.4078,5.8360,61.49,120.00,0.009125
45.4854,5.8360,62.03,120.00,0.008831
45.5636,5.8360,61.22,120.00,0.008663
45.6407,5.8360,61.49,120.00,0.008553
45.7209,5.8360,61.49,120.00,0.008552
45.7999,5.8360,61.49,120.00,0.008259
45.8753,5.8360,61.76,120.00,0.008625
45.9526,5.8360,61.49,120.00,0.008580
46.0272,5.8360,61.49,119.50,0.008295
46.1022,5.8360,61.49,119.00,0.007924
46.1792,5.8360,61.49,119.00,0.008176
46.2569,5.8550,61.49,119.00,0.008926
46.3322,5.8740,61.76,119.00,0.008804
46.4121,5.8740,62.03,119.00,0.008676
46.4894,5.8740,61.76,119.00,0.008854
46.5715,5.8740,61.49,119.00,0.008566
46.6475,5.8740,61.76,119.00,0.008703
46.7273,5.8740,61.76,120.00,0.008353
46.8063,5.8740,61.22,119.00,0.008731
46.8862,5.8740,61.49,119.00,0.008078
46.9656,5.8740,61.76,119.00,0.008673
47.0446,5.8740,62.03,119.00,0.008276
47.1253,5.8740,61.76,119.00,0.008592
47.2075,5.8740,62.03,119.00,0.008659
47.2861,5.8970,61.49,119.00,0.008737
47.3635,5.8970,61.76,119.00,0.008656
47.4428,5.8970,61.49,119.00,0.009227
47.5225,5.8970,62.03,119.00,0.008541
47.5984,5.8970,61.22,119.00,0.008597
47.6791,5.8970,61.76,119.00,0.009008
47.7543,5.8970,61.76,119.00,0.008565
47.8319,5.8970,61.49,119.00,0.008528
47.9131,5.8970,61.49,119.00,0.008821
47.9955,5.8970,61.76,119.00,0.008725
48.0723,5.8970,61.49,119.00,0.009480
48.1505,5.8970,62.03,119.00,0.008719
48.2264,5.8820,61.49,119.00,0.008772
48.3062,5.8670,61.76,119.00,0.008626
48.3823,5.8670,61.76,119.00,0.008332
48.4619,5.8670,61.49,119.00,0.008412
48.5404,5.8670,61.49,119.00,0.008641
48.6186,5.8670,61.49,119.00,0.008462
48.6971,5.8670,61.76,119.00,0.008976
48.7745,5.8670,61.22,119.00,0.008435
48.8517,5.8670,61.49,119.00,0.008623
48.9320,5.8670,61.49,119.00,0.008712
49.0109,5.8670,61.49,119.00,0.008935
49.0877,5.8670,61.76,119.00,0.008441
49.1630,5.8670,61.49,119.00,0.008533
49.2403,5.8670,61.22,119.00,0.007974
49.3174,5.8670,61.49,119.00,0.008132
49.3983,5.8470,61.22,119.00,0.008664
49.4760,5.8470,61.49,119.00,0.008852
49.5545,5.8470,61.22,119.00,0.008766
49.6307,5.8470,61.76,119.00,0.008732
49.7108,5.8470,61.76,119.00,0.008933
49.7894,5.8470,61.49,119.00,0.008678
49.8722,5.8470,61.22,119.00,0.008313
49.9467,5.8470,61.76,119.00,0.008037
50.0249,5.8470,61.49,119.00,0.008584
50.1043,5.8470,61.76,119.00,0.009871
50.1834,5.8470,61.76,119.00,0.008042
50.2654,5.9090,61.76,119.00,0.008780
50.3442,5.9090,61.49,119.00,0.008524
50.4223,5.9090,61.22,119.00,0.008077
50.5007,5.9090,61.49,119.00,0.009077
50.5782,5.9090,61.76,119.00,0.008627
50.6564,5.9090,61.22,119.00,0.008650
50.7370,5.9090,61.49,119.00,0.008485
50.8205,5.9090,61.22,119.00,0.008734
50.9022,5.9090,61.49,119.00,0.008318
50.9787,5.9090,61.76,119.00,0.007920
51.0542,5.9090,61.49,119.00,0.008667
51.1332,5.9090,61.76,119.00,0.008581
51.2068,5.9090,61.49,119.00,0.008254
51.2875,5.8470,61.22,119.00,0.008641
51.3635,5.8470,61.49,119.00,0.008590
51.4431,5.8470,61.22,119.00,0.008825
51.5190,5.8470,61.76,119.00,0.008130
51.5962,5.8470,62.30,119.00,0.008499
51.6723,5.8470,61.22,119.00,0.009091
51.7521,5.8470,61.22,119.00,0.009018
51.8262,5.8470,61.49,119.00,0.008561
51.9058,5.8470,62.03,119.00,0.008684
51.9799,5.8470,61.22,119.00,0.009118
52.0569,5.8470,61.49,119.00,0.008733
52.1303,5.8470,61.22,119.00,0.008229
52.2079,5.8470,61.49,119.00,0.008895
52.2823,5.9660,61.49,119.00,0.008581
52.3639,5.9660,61.22,119.00,0.008577
52.4381,5.9660,61.49,119.00,0.008484
52.5153,5.9660,61.76,119.00,0.008501
52.5901,5.9660,62.30,119.00,0.008718
52.6700,5.9660,61.49,119.00,0.008939
52.7438,5.9660,61.22,119.00,0.008595
52.8235,5.9660,61.76,119.00,0.008979
52.8969,5.9660,62.03,119.00,0.008360
52.9742,5.9660,61.22,119.00,0.008652
53.0505,5.9660,61.49,119.00,0.008007
53.1300,5.9660,61.49,119.00,0.008585
53.2044,5.9660,62.03,119.00,0.008987
53.2840,5.9730,61.76,119.00,0.008824
53.3575,5.9730,61.49,119.00,0.008429
53.4352,5.9730,61.76,119.00,0.008721
53.5123,5.9730,61.76,119.00,0.009257
53.5909,5.9730,62.03,119.00,0.008327
53.6679,5.9730,61.49,119.00,0.009036
53.7490,5.9730,62.03,119.00,0.008487
53.8276,5.9730,62.03,119.00,0.008787
53.9045,5.9730,62.03,119.00,0.008704
53.9792,5.9730,61.22,119.00,0.008799
54.0568,5.9730,61.22,119.00,0.008563
54.1315,5.9730,61.76,119.00,0.008870
54.2117,5.9730,61.49,119.00,0.008844
54.2915,5.9350,62.03,119.00,0.008902
54.3720,5.9350,61.76,119.00,0.009218
54.4488,5.9350,61.49,119.00,0.008902
54.5262,5.9350,61.49,119.00,0.008479
54.6027,5.9350,61.49,119.00,0.008355
54.6806,5.9350,61.22,119.00,0.008667
54.7540,5.9350,61.49,119.00,0.008204
54.8295,5.9350,61.76,119.00,0.008137
54.9024,5.9350,61.76,119.00,0.008284
54.9780,5.9350,61.22,119.00,0.008011
55.0551,5.9350,61.49,119.50,0.008722
55.1341,5.9350,61.49,120.00,0.008787
55.2135,5.9160,61.22,120.00,0.009185
55.2907,5.8970,61.76,120.00,0.008520
55.3675,5.8970,62.03,120.00,0.008904
55.4447,5.8970,61.49,120.00,0.008834
55.5188,5.8970,62.03,120.00,0.008555
55.5964,5.8970,62.03,120.00,0.008932
55.6704,5.8970,61.22,120.00,0.008742
55.7523,5.8970,61.22,120.00,0.009032
55.8283,5.8970,61.49,120.00,0.008933
55.9070,5.8970,61.22,120.00,0.008300
55.9816,5.8970,61.49,120.00,0.008160
56.0595,5.8970,61.49,120.00,0.008189
56.1329,5.8970,61.49,120.00,0.008224
56.2124,5.8800,61.76,120.00,0.008922
56.2870,5.8630,61.76,120.00,0.008649
56.3664,5.8630,61.76,120.00,0.008965
56.4422,5.8630,61.49,120.00,0.008672
56.5192,5.8630,61.49,120.00,0.008782
56.5928,5.8630,61.76,120.00,0.008620
56.6726,5.8630,61.22,120.00,0.008658
56.7467,5.8630,61.22,120.00,0.008585
56.8223,5.8630,61.22,120.00,0.008144
56.8970,5.8630,61.22,120.00,0.008284
56.9750,5.8630,61.22,120.00,0.008282
57.0498,5.8630,61.22,120.00,0.008972
57.1311,5.8630,61.22,120.00,0.008537
57.2076,5.8630,62.03,120.00,0.008793
57.2867,5.9540,61.76,120.00,0.008198
57.3631,5.9540,61.49,120.00,0.008660
57.4407,5.9540,61.49,120.00,0.008642
57.5147,5.9540,61.49,120.00,0.008403
57.5917,5.9540,61.49,120.00,0.008595
57.6662,5.9540,61.76,120.00,0.008873
57.7462,5.9540,61.49,120.00,0.008914
57.8209,5.9540,61.76,120.00,0.008887
57.9002,5.9540,62.03,120.00,0.008841
57.9765,5.9540,61.76,120.00,0.008539
58.0536,5.9540,62.03,120.00,0.008139
58.1263,5.9540,61.49,120.00,0.008230
58.2023,5.9540,61.49,120.00,0.008435
58.2788,5.9540,62.03,120.00,0.008033
58.3614,5.9240,61.49,120.00,0.009145
58.4377,5.9240,61.22,120.00,0.008663
58.5153,5.9240,61.49,120.00,0.008025
58.5885,5.9240,61.76,120.00,0.008163
58.6671,5.9240,61.49,120.00,0.008356
58.7430,5.9240,61.22,120.00,0.008526
58.8203,5.9240,61.49,120.00,0.008761
58.8945,5.9240,61.49,120.00,0.008499
58.9742,5.9240,62.03,120.00,0.008798
59.0501,5.9240,61.49,120.00,0.008670
59.1321,5.9240,61.22,120.00,0.008903
59.2085,5.9240,61.22,120.00,0.008405
59.2883,5.9240,61.49,120.00,0.008887
59.3663,5.9240,61.22,120.00,0.008280
59.4440,5.9240,61.49,120.00,0.008516
59.5183,5.9240,61.49,120.00,0.008435
59.5979,5.9240,61.76,120.00,0.008635
59.6738,5.9240,61.76,120.00,0.008420
59.7519,5.9240,61.76,120.00,0.008722
59.8286,5.9240,61.76,120.00,0.008551
59.9078,5.9240,62.03,120.00,0.008716
59.9836,5.9240,61.76,120.00,0.008472
60.0606,5.9240,61.22,120.00,0.008656
60.1349,5.9240,61.22,120.00,0.008378
60.2162,5.9240,61.76,120.00,0.008837
60.2903,5.9240,61.76,120.00,0.008144
60.3697,5.9375,61.22,120.00,0.008730
60.4443,5.9510,61.49,120.00,0.008604
60.5218,5.9510,62.03,120.00,0.008311
60.5985,5.9510,61.49,120.00,0.008681
60.6764,5.9510,61.76,120.00,0.008638
60.7501,5.9510,61.76,120.00,0.008308
60.8275,5.9510,61.49,120.00,0.008458
60.9034,5.9510,61.49,120.00,0.008291
60.9788,5.9510,61.49,120.00,0.008145
61.0519,5.9510,61.49,120.00,0.008244
61.1312,5.9510,61.49,120.00,0.008535
61.2080,5.9510,61.22,120.00,0.008911
61.2862,5.8590,61.49,120.00,0.008522
61.3609,5.8590,62.03,120.00,0.008316
61.4410,5.8590,62.03,120.00,0.008596
61.5152,5.8590,61.49,120.00,0.008795
61.5945,5.8590,61.22,120.00,0.008367
61.6702,5.8590,61.22,120.00,0.008096
61.7481,5.8590,61.49,120.00,0.008730
61.8228,5.8590,61.76,120.00,0.008689
61.9001,5.8590,61.76,120.00,0.008594
61.9745,5.8590,61.49,120.00,0.008983
62.0537,5.8590,61.22,120.00,0.008849
62.1323,5.8590,61.49,120.00,0.008826
62.2091,5.8590,61.76,120.00,0.008376
62.2841,5.9660,61.49,120.00,0.008559
62.3632,5.9660,61.76,120.00,0.008621
62.4369,5.9660,61.22,120.00,0.008646
62.5143,5.9660,61.76,120.00,0.008516
62.5908,5.9660,61.76,120.00,0.008371
62.6686,5.9660,61.76,120.00,0.009147
62.7451,5.9660,61.49,120.00,0.008811
62.8244,5.9660,61.49,120.00,0.008402
62.8985,5.9660,61.22,120.00,0.008252
62.9774,5.9660,61.49,120.00,0.008341
63.0514,5.9660,61.22,120.00,0.008485
63.1273,5.9660,61.49,120.00,0.008022
63.2004,5.9660,61.49,120.00,0.008241
63.2793,5.9660,62.03,120.00,0.008562
63.3562,5.9810,61.76,120.00,0.008952
63.4337,5.9960,61.49,120.00,0.008221
63.5113,5.9960,61.49,120.00,0.008550
63.5903,5.9960,61.49,119.50,0.008342
63.6663,5.9960,61.76,119.00,0.008403
63.7434,5.9960,61.49,119.50,0.007989
63.8180,5.9960,61.22,119.00,0.008684
63.8974,5.9960,61.22,119.50,0.008579
63.9720,5.9960,61.49,120.00,0.009122
64.0516,5.9960,61.22,120.00,0.008503
64.1274,5.9960,61.49,120.00,0.008385
64.2070,5.9960,62.03,120.00,0.008560
64.2841,5.9540,61.76,120.00,0.008791
64.3608,5.9540,61.76,120.00,0.008314
64.4388,5.9540,61.22,120.00,0.008268
64.5143,5.9540,61.76,120.00,0.007963
64.5916,5.9540,61.22,120.00,0.008245
64.6682,5.9540,61.49,120.00,0.008131
64.7436,5.9540,61.22,119.00,0.008519
64.8226,5.9540,61.22,119.50,0.008281
64.9003,5.9540,61.49,120.00,0.008250
64.9795,5.9540,61.76,120.00,0.008788
65.0560,5.9540,61.49,120.00,0.008972
65.1364,5.9540,61.49,120.00,0.008889
65.2118,5.9045,61.76,120.00,0.008061
65.2919,5.8550,62.03,120.00,0.008706
65.3681,5.8550,61.49,119.00,0.008588
65.4459,5.8550,62.03,119.00,0.008445
65.5221,5.8550,61.76,119.50,0.008177
65.5995,5.8550,61.22,119.00,0.008097
65.6724,5.8550,61.49,119.50,0.007996
65.7496,5.8550,61.22,119.00,0.008353
65.8280,5.8550,61.49,119.00,0.008740
65.9048,5.8550,61.49,119.50,0.008698
65.9805,5.8550,61.49,120.00,0.008174
66.0579,5.8550,61.49,119.00,0.008487
66.1357,5.8550,61.22,120.00,0.008650
66.2128,5.8550,61.49,120.00,0.008672
66.2866,5.9160,61.49,120.00,0.008166
66.3643,5.9160,61.22,120.00,0.008444
66.4390,5.9160,61.49,120.00,0.009010
66.5207,5.9160,61.49,120.00,0.008600
66.5946,5.9160,61.22,120.00,0.008478
66.6741,5.9160,61.49,119.00,0.008504
66.7485,5.9160,61.22,120.00,0.008507
66.8277,5.9160,61.49,120.00,0.008661
66.9030,5.9160,61.49,120.00,0.008101
66.9788,5.9160,61.22,120.00,0.008188
67.0518,5.9160,61.76,120.00,0.008674
67.1314,5.9160,61.22,120.00,0.008610
67.2073,5.9160,61.76,120.00,0.008241
67.2829,5.9160,61.76,120.00,0.008204
67.3594,5.8800,61.22,120.00,0.008489
67.4402,5.8440,61.22,119.50,0.009200
67.5166,5.8440,61.76,119.50,0.008372
67.5948,5.8440,61.49,119.00,0.008179
67.6682,5.8440,61.49,119.50,0.008339
67.7467,5.8440,61.76,119.00,0.008178
67.8232,5.8440,61.22,119.00,0.008557
67.9032,5.8440,61.76,119.00,0.008548
67.9788,5.8440,62.03,119.00,0.008779
68.0583,5.8440,61.22,119.50,0.008600
68.1315,5.8440,61.22,119.00,0.008338
68.2079,5.8440,61.76,119.00,0.008540
68.2855,5.8630,61.49,119.50,0.009016
68.3672,5.8820,61.76,119.00,0.008804
68.4413,5.8820,61.22,119.00,0.008762
68.5230,5.8820,62.03,119.00,0.008559
68.5975,5.8820,61.49,119.00,0.007957
68.6765,5.8820,62.03,119.00,0.008451
68.7506,5.8820,61.49,119.00,0.008535
68.8274,5.8820,61.49,119.00,0.008619
68.9032,5.8820,62.30,119.00,0.008234
68.9826,5.8820,61.76,119.00,0.008700
69.0570,5.8820,61.22,119.00,0.008633
69.1362,5.8820,61.49,119.00,0.008507
69.2105,5.9145,61.76,119.00,0.008824
69.2879,5.9470,61.49,119.00,0.008101
69.3634,5.9470,62.03,119.00,0.008379
69.4405,5.9470,61.49,119.00,0.008503
69.5170,5.9470,61.76,119.00,0.008706
69.5964,5.9470,61.49,119.00,0.008417
69.6710,5.9470,62.30,119.00,0.008878
69.7482,5.9470,61.49,119.00,0.008741
69.8246,5.9470,61.22,119.00,0.008682
69.9039,5.9470,61.49,119.00,0.008732
69.9804,5.9470,61.49,119.00,0.008888
70.0581,5.9470,61.49,119.00,0.008608
70.1347,5.9470,61.49,119.00,0.008660
70.2131,5.9125,62.30,119.00,0.009087
70.2902,5.8780,61.76,119.00,0.008753
70.3679,5.8780,61.22,119.00,0.008842
70.4445,5.8780,61.76,119.00,0.009175
70.5238,5.8780,61.49,119.00,0.008696
70.6004,5.8780,61.76,119.00,0.009037
70.6800,5.8780,61.76,119.00,0.008939
70.7557,5.8780,61.49,119.00,0.008768
70.8354,5.8780,61.76,119.00,0.008469
70.9105,5.8780,62.03,119.00,0.007910
70.9862,5.8780,61.22,119.00,0.007998
71.0591,5.8780,61.49,119.00,0.008059
71.1363,5.8780,61.22,119.00,0.009167
71.2107,5.8780,61.76,119.00,0.009084
71.2913,5.8740,61.76,119.00,0.008861
71.3669,5.8740,61.76,119.00,0.008926
71.4450,5.8740,61.49,119.00,0.008607
71.5223,5.8740,61.49,119.00,0.009022
71.6042,5.8740,61.76,119.00,0.008868
71.6835,5.8740,61.49,119.00,0.008645
71.7634,5.8740,61.76,119.00,0.008775
71.8397,5.8740,61.49,119.00,0.008691
71.9191,5.8740,61.49,119.00,0.008714
71.9942,5.8740,61.76,119.00,0.008357
72.0745,5.8740,61.22,119.00,0.008502
72.1508,5.8740,61.22,119.00,0.008296
72.2281,5.8300,61.22,119.00,0.008651
72.3092,5.7860,61.22,119.00,0.008897
72.3900,5.7860,61.76,119.00,0.008852
72.4673,5.7860,61.49,119.00,0.009010
72.5478,5.7860,61.22,119.00,0.009175
72.6247,5.7860,61.49,119.00,0.008487
72.7072,5.7860,61.76,119.00,0.008537
72.7838,5.7860,61.22,119.00,0.008771
72.8638,5.7860,61.76,119.00,0.008666
72.9409,5.7860,61.76,119.00,0.008738
73.0207,5.7860,61.49,119.00,0.008361
73.0938,5.7860,61.22,119.00,0.008045
73.1721,5.7860,62.03,119.00,0.007965
73.2453,5.7860,61.49,119.00,0.008128
73.3234,5.7860,61.76,119.00,0.008095
73.3992,5.8360,61.76,119.00,0.008254
73.4764,5.8860,61.49,119.00,0.008212
73.5501,5.8860,61.76,119.00,0.008294
73.6266,5.8860,62.03,119.00,0.008516
73.7040,5.8860,61.76,119.00,0.008660
73.7833,5.8860,61.76,119.00,0.008510
73.8599,5.8860,61.22,119.00,0.008503
73.9395,5.8860,61.49,119.00,0.008343
74.0145,5.8860,62.03,119.00,0.008624
74.0942,5.8860,61.76,119.00,0.008762
74.1727,5.8860,61.49,119.00,0.008238
74.2557,5.8890,61.49,119.00,0.008921
74.3303,5.8890,61.76,119.00,0.008538
74.4127,5.8890,61.49,119.00,0.008672
74.4894,5.8890,61.49,119.00,0.008557
74.5712,5.8890,61.76,118.50,0.008404
74.6481,5.8890,61.76,118.00,0.008857
74.7260,5.8890,61.49,118.00,0.008868
74.8029,5.8890,61.49,118.50,0.008518
74.8805,5.8890,62.03,118.00,0.008511
74.9547,5.8890,61.22,119.00,0.008646
75.0370,5.8890,61.49,119.00,0.008358
75.1145,5.8890,61.49,119.00,0.008254
75.1968,5.8890,61.49,119.00,0.008465
75.2719,5.9540,61.49,119.00,0.007980
75.3522,5.9540,61.76,119.00,0.008938
75.4258,5.9540,62.03,119.00,0.008004
75.5047,5.9540,61.76,118.50,0.008353
75.5779,5.9540,61.49,118.50,0.008186
75.6592,5.9540,61.22,118.00,0.008532
75.7355,5.9540,61.22,118.00,0.008169
75.8121,5.9540,62.03,118.00,0.008191
75.8882,5.9540,61.49,118.50,0.008900
75.9667,5.9540,61.22,118.00,0.008276
76.0436,5.9540,61.76,118.00,0.008829
76.1242,5.9540,61.49,118.00,0.009029
76.1984,5.9540,61.49,118.00,0.008360
76.2793,5.8970,61.76,118.00,0.008669
76.3585,5.8970,61.49,119.00,0.008945
76.4395,5.8970,61.22,118.00,0.009045
76.5140,5.8970,61.22,118.50,0.008516
76.5942,5.8970,61.49,118.00,0.008590
76.6713,5.8970,61.76,118.50,0.008934
76.7485,5.8970,61.49,118.00,0.008193
76.8234,5.8970,61.49,118.00,0.008522
76.9035,5.8970,61.76,118.00,0.008703
76.9780,5.8970,61.49,118.00,0.008675
77.0560,5.8970,62.03,118.50,0.008867
77.1305,5.8970,61.22,118.50,0.008707
77.2085,5.8970,61.76,118.00,0.009205
77.2825,5.8970,61.49,118.00,0.008273
77.3590,5.8970,62.03,118.00,0.008178
77.4332,5.8970,62.03,118.00,0.008337
77.5106,5.8970,61.49,118.00,0.008868
77.5870,5.8970,62.03,118.00,0.008336
77.6633,5.8970,61.76,118.00,0.008030
77.7370,5.8970,61.49,118.00,0.008236
77.8161,5.8970,61.22,118.00,0.008419
77.8927,5.8970,61.49,118.00,0.008380
77.9729,5.8970,61.22,118.00,0.008904
78.0469,5.8970,61.76,118.00,0.008298
78.1250,5.8970,61.49,118.00,0.008775
78.1999,5.8970,61.76,118.00,0.008789
78.2794,5.8700,61.76,118.00,0.008361
78.3550,5.8700,61.22,118.00,0.008304
78.4320,5.8700,61.49,118.00,0.008527
78.5074,5.8700,61.76,118.00,0.008212
78.5840,5.8700,62.03,118.00,0.008481
78.6602,5.8700,61.22,118.00,0.008893
78.7400,5.8700,61.76,118.00,0.008943
78.8150,5.8700,61.49,118.00,0.008726
78.8947,5.8700,61.22,118.00,0.008563
78.9717,5.8700,61.76,118.00,0.008991
79.0515,5.8700,61.49,118.00,0.008739
79.1267,5.8700,61.76,118.00,0.008787
79.2044,5.8700,61.49,118.00,0.008699
79.2816,5.9770,61.76,118.00,0.007993
79.3582,5.9770,61.76,118.00,0.008105
79.4321,5.9770,61.22,118.00,0.008307
79.5108,5.9770,61.49,118.00,0.007997
79.5878,5.9770,61.22,118.00,0.008602
79.6677,5.9770,61.76,118.00,0.008665
79.7419,5.9770,61.49,118.00,0.008365
79.8203,5.9770,61.49,118.00,0.008382
79.8950,5.9770,61.49,118.00,0.008612
79.9751,5.9770,62.03,118.00,0.008688
80.0512,5.9770,61.49,118.00,0.008231
80.1284,5.9770,61.22,118.00,0.008402
80.2025,5.9770,61.76,118.00,0.008475
80.2853,5.9200,61.76,118.00,0.008453
80.3626,5.9200,61.49,118.00,0.008685
80.4407,5.9200,61.76,118.00,0.008762
80.5153,5.9200,61.49,118.00,0.008494
80.5937,5.9200,61.76,118.00,0.008512
80.6707,5.9200,62.03,118.00,0.008392
80.7489,5.9200,62.03,118.00,0.008833
80.8232,5.9200,61.22,118.00,0.008508
80.9031,5.9200,61.49,118.00,0.008659
80.9800,5.9200,61.49,118.00,0.009169
81.0578,5.9200,61.76,118.00,0.008733
81.1349,5.9200,62.30,118.00,0.008650
81.2127,5.8970,61.49,118.00,0.008638
81.2922,5.8740,62.03,118.00,0.008826
81.3753,5.8740,61.49,118.00,0.008613
81.4527,5.8740,61.22,118.00,0.008867
81.5324,5.8740,61.22,118.00,0.008312
81.6072,5.8740,61.76,118.00,0.008798
81.6847,5.8740,61.76,118.00,0.008532
81.7576,5.8740,61.49,118.00,0.008034
81.8334,5.8740,61.76,118.00,0.007960
81.9062,5.8740,61.49,118.00,0.008023
81.9826,5.8740,62.03,118.00,0.008289
82.0612,5.8740,61.49,118.00,0.008962
82.1381,5.8740,61.49,118.00,0.008644
82.2152,5.8740,61.76,118.00,0.008162
82.2907,5.8740,61.49,118.00,0.007972
82.3639,5.8740,61.76,118.00,0.008267
82.4402,5.8740,62.30,118.00,0.008814
82.5133,5.8740,61.49,118.00,0.007973
82.5919,5.8630,61.22,118.00,0.008940
82.6659,5.8630,61.49,118.00,0.008757
82.7427,5.8630,61.76,117.00,0.008212
82.8168,5.8630,61.76,117.50,0.008458
82.8953,5.8630,61.76,118.00,0.008263
82.9720,5.8630,61.49,118.00,0.008537
83.0509,5.8630,61.76,118.00,0.008476
83.1275,5.8630,61.49,118.00,0.008430
83.2073,5.8630,62.03,118.00,0.008942
83.2838,5.8630,61.76,118.00,0.008983
83.3656,5.8630,61.76,118.00,0.008313
83.4397,5.8630,61.76,118.00,0.008751
83.5201,5.8630,61.49,118.00,0.009573
83.5956,5.8630,61.22,117.00,0.008456
83.6735,5.8630,61.49,117.00,0.008292
83.7537,5.8630,61.49,117.00,0.008598
83.8373,5.8630,61.49,117.50,0.010144
83.9178,5.8630,61.76,118.00,0.008972
83.9995,5.8630,61.76,118.00,0.008642
84.0803,5.8630,61.49,118.00,0.008494
84.1664,5.8630,61.49,118.00,0.009161
84.2465,5.8630,61.49,118.00,0.008760
84.3292,5.8630,62.03,118.00,0.008464
84.4108,5.8630,61.49,118.00,0.008860
84.4950,5.8630,61.22,118.50,0.008911
84.5788,5.7600,61.22,119.00,0.009244
84.6619,5.7600,61.76,119.00,0.008862
84.7438,5.7600,61.76,119.00,0.008808
84.8290,5.7600,61.49,119.00,0.009102
84.9105,5.7600,62.03,119.00,0.008846
84.9961,5.7600,61.22,119.00,0.008716
85.0767,5.7600,61.49,119.00,0.009480
85.1617,5.7600,61.49,119.00,0.008697
85.2399,5.8020,61.22,119.00,0.009047
85.3223,5.8440,61.22,119.00,0.009910
85.3984,5.8440,61.76,119.00,0.008798
85.4760,5.8440,61.49,119.00,0.008964
85.5536,5.8440,61.76,120.00,0.008528
85.6314,5.8440,62.30,120.00,0.008592
85.7097,5.8440,61.76,120.00,0.008792
85.7888,5.8440,62.03,120.00,0.008643
85.8667,5.8440,61.49,120.00,0.008562
85.9434,5.8440,61.22,120.00,0.008582
86.0189,5.8440,61.22,120.00,0.008496
86.0937,5.8440,61.76,120.00,0.007911
86.1712,5.8440,61.49,120.00,0.008042
86.2473,5.8440,62.03,120.00,0.008156
86.3253,5.8820,61.49,120.00,0.009147
86.4037,5.9200,61.49,120.00,0.008427
86.4800,5.9200,61.49,120.00,0.008157
86.5570,5.9200,61.22,120.00,0.008164
86.6324,5.9200,61.22,120.00,0.008016
86.7082,5.9200,61.49,120.00,0.008288
86.7846,5.9200,61.76,120.00,0.008524
86.8628,5.9200,61.76,120.00,0.008264
86.9387,5.9200,61.76,120.00,0.008844
87.0205,5.9200,61.49,120.00,0.009093
87.0995,5.9200,61.49,120.00,0.008332
87.1836,5.9200,61.49,120.00,0.009243
87.2677,5.8820,61.76,120.00,0.008833
87.3514,5.8820,61.76,120.00,0.008351
87.4330,5.8820,61.22,120.00,0.008964
87.5158,5.8820,61.76,120.00,0.009080
87.5984,5.8820,61.49,120.00,0.009045
87.6793,5.8820,61.49,120.00,0.008235
87.7549,5.8820,61.76,120.00,0.008379
87.8312,5.8820,61.22,120.00,0.008241
87.9068,5.8820,61.49,120.00,0.008492
87.9857,5.8820,61.49,120.00,0.008498
88.0666,5.8820,61.76,120.00,0.008475
88.1480,5.8820,62.03,120.00,0.008452
88.2237,5.8285,61.76,120.00,0.008712
88.3010,5.7750,62.03,120.00,0.008737
88.3759,5.7750,61.22,120.00,0.008059
88.4558,5.7750,61.76,120.00,0.008898
88.5325,5.7750,62.03,120.00,0.008383
88.6110,5.7750,61.76,120.00,0.008268
88.6872,5.7750,61.76,120.00,0.008131
88.7678,5.7750,61.49,120.00,0.008450
88.8418,5.7750,61.49,120.00,0.007928
88.9194,5.7750,61.49,120.00,0.007953
88.9952,5.7750,61.22,120.00,0.008213
89.0757,5.7750,61.49,120.00,0.008893
89.1551,5.7750,61.49,120.00,0.008658
89.2329,5.7750,61.49,120.00,0.009085
89.3069,5.7750,61.76,120.00,0.008286
89.3825,5.7750,61.22,120.00,0.008142
89.4600,5.7750,61.49,120.00,0.009348
89.5387,5.7750,62.03,120.00,0.008817
89.6166,5.7750,61.22,120.00,0.008766
89.6969,5.7750,61.49,120.00,0.008904
89.7745,5.7750,61.76,120.00,0.008493
89.8519,5.7750,61.49,120.00,0.008919
89.9313,5.7750,61.49,120.00,0.008647
90.0088,5.7750,61.76,120.00,0.008665
90.0891,5.7750,61.76,120.00,0.008817
90.1671,5.7750,62.03,120.00,0.008505
90.2432,5.7750,61.22,120.00,0.008502
90.3204,5.7750,61.22,120.00,0.008408
90.3952,5.7750,61.76,120.00,0.008459
90.4740,5.7750,62.03,120.00,0.008452
90.5513,5.7750,61.76,120.00,0.008428
90.6270,5.7750,61.22,120.00,0.007964
90.7027,5.9050,61.76,120.00,0.008464
90.7799,5.9050,61.22,120.00,0.008399
90.8550,5.9050,61.49,120.00,0.008645
90.9344,5.9050,61.76,120.00,0.009068
91.0112,5.9050,61.76,120.00,0.008355
91.0888,5.9050,61.76,120.00,0.008299
91.1634,5.9050,61.49,120.00,0.008499
91.2423,5.8780,61.76,120.00,0.008461
91.3187,5.8510,62.03,120.00,0.008053
91.3941,5.8510,61.22,120.00,0.008178
91.4695,5.8510,61.76,120.00,0.008060
91.5474,5.8510,61.49,120.00,0.008599
91.6245,5.8510,61.76,120.00,0.008281
91.7034,5.8510,62.03,120.00,0.008425
91.7784,5.8510,61.22,120.00,0.008373
91.8576,5.8510,61.22,120.00,0.008586
91.9346,5.8510,61.49,120.00,0.008606
92.0117,5.8510,61.22,120.00,0.008419
92.0884,5.8510,61.49,120.00,0.008553
92.1672,5.8510,61.76,120.00,0.008238
92.2429,5.8665,61.22,120.00,0.008611
92.3205,5.8820,61.22,120.00,0.008978
92.3962,5.8820,61.49,120.00,0.008905
92.4754,5.8820,61.76,120.00,0.008234
92.5509,5.8820,62.03,120.00,0.008950
92.6318,5.8820,61.22,120.00,0.008862
92.7067,5.8820,61.76,120.00,0.008362
92.7833,5.8820,61.22,120.00,0.008429
92.8607,5.8820,61.76,120.00,0.008977
92.9394,5.8820,61.76,120.00,0.008370
93.0163,5.8820,61.49,120.00,0.008436
93.0930,5.8820,61.49,120.00,0.008476
93.1720,5.8820,61.76,121.00,0.008579
93.2488,5.8820,61.49,121.00,0.008791
93.3259,5.8820,61.22,121.00,0.008503
93.4027,5.8820,61.22,121.00,0.008550
93.4788,5.8820,61.49,121.00,0.008323
93.5558,5.8820,61.49,121.00,0.008752
93.6304,5.8820,61.76,121.00,0.008490
93.7062,5.8820,61.49,121.00,0.008368
93.7805,5.8820,62.03,121.00,0.008277
93.8568,5.8820,61.49,121.00,0.008806
93.9341,5.8820,61.22,121.00,0.008630
94.0131,5.8820,61.49,121.00,0.008493
94.0929,5.8820,61.49,121.00,0.008388
94.1717,5.8820,61.76,121.00,0.008820
94.2475,5.8820,61.76,121.00,0.009050
94.3282,5.8820,61.76,121.00,0.008992
94.4030,5.8820,61.49,121.00,0.008452
94.4817,5.8820,61.49,121.00,0.008583
94.5602,5.8820,61.49,121.00,0.008837
94.6396,5.8820,61.76,121.00,0.008775
94.7155,5.8360,61.76,121.00,0.008711
94.7924,5.8360,61.49,121.00,0.008756
94.8702,5.8360,61.49,121.00,0.008985
94.9466,5.8360,61.76,121.00,0.008619
95.0245,5.8360,61.22,121.00,0.009086
95.1039,5.8360,61.76,121.00,0.008773
95.1792,5.8360,61.49,121.00,0.008812
95.2582,5.9540,61.76,121.00,0.008539
95.3349,5.9540,61.76,121.00,0.008494
95.4118,5.9540,61.76,121.00,0.008500
95.4873,5.9540,61.49,121.00,0.008851
95.5641,5.9540,61.76,121.00,0.008272
95.6421,5.9540,61.76,121.00,0.008503
95.7189,5.9540,62.03,121.00,0.008451
95.7962,5.9540,62.03,121.00,0.008349
95.8731,5.9540,61.49,121.00,0.008643
95.9483,5.9540,61.22,121.00,0.008808
96.0262,5.9540,61.76,121.00,0.008565
96.1031,5.9540,61.22,121.00,0.008439
96.1823,5.9540,61.76,121.00,0.008357
96.2581,5.9160,61.76,121.00,0.008735
96.3395,5.8780,61.49,121.00,0.008730
96.4129,5.8780,61.76,121.00,0.008039
96.4887,5.8780,61.49,121.00,0.008304
96.5652,5.8780,61.49,121.00,0.008308
96.6433,5.8780,61.76,121.00,0.008212
96.7179,5.8780,61.76,121.00,0.008203
96.7942,5.8780,61.76,120.00,0.008056
96.8688,5.8780,61.76,120.00,0.008824
96.9442,5.8780,61.76,120.00,0.008092
97.0189,5.8780,61.76,120.50,0.008660
97.0948,5.8780,61.49,120.00,0.008532
97.1701,5.8780,62.03,121.00,0.008604
97.2498,5.8800,61.76,121.00,0.008665
97.3269,5.8820,61.76,121.00,0.008753
97.4078,5.8820,61.76,121.00,0.008451
97.4830,5.8820,61.49,121.00,0.008717
97.5619,5.8820,61.49,121.00,0.008330
97.6410,5.8820,62.03,121.00,0.008338
97.7191,5.8820,61.49,121.00,0.008353
97.7947,5.8820,61.49,121.00,0.008492
97.8763,5.8820,61.76,120.50,0.009061
97.9554,5.8820,61.22,120.00,0.008608
98.0323,5.8820,61.76,120.00,0.008939
98.1077,5.8820,61.22,120.00,0.008686
98.1845,5.8820,61.76,120.50,0.008866
98.2581,5.8820,62.03,120.00,0.008228
98.3358,5.8820,61.22,120.00,0.008374
98.4098,5.8820,61.49,120.50,0.008145
98.4885,5.8820,61.76,120.00,0.008891
98.5631,5.8820,61.76,120.00,0.008364
98.6424,5.8820,61.49,120.00,0.008910
98.7198,5.8820,61.76,120.00,0.008355
98.7964,5.8820,61.49,120.00,0.008554
98.8722,5.8820,61.76,120.00,0.008673
98.9488,5.8820,61.76,120.50,0.008516
99.0237,5.8820,61.49,120.50,0.008471
99.1002,5.8820,61.22,120.00,0.008593
99.1781,5.8820,61.49,120.00,0.008754
99.2569,5.8820,61.49,120.00,0.008459
99.3322,5.8820,61.49,120.00,0.008720
99.4106,5.8820,62.03,120.00,0.008115
99.4868,5.8820,61.49,121.00,0.008299
99.5617,5.8820,61.22,121.00,0.008104
99.6390,5.8820,61.49,121.00,0.008450
99.7186,5.8820,61.76,120.50,0.008861
99.7958,5.8820,61.22,120.00,0.008843
99.8723,5.8820,61.76,120.00,0.008497
99.9474,5.8820,62.03,120.00,0.008214
100.0268,5.8820,61.22,120.00,0.008646
100.1040,5.8820,62.03,120.00,0.008754
100.1870,5.8820,61.49,120.00,0.008611
100.2675,5.7860,61.76,120.00,0.008483
100.3452,5.7860,61.76,120.00,0.009236
100.4221,5.7860,61.76,120.00,0.008558
100.4997,5.7860,61.49,120.00,0.008726
100.5751,5.7860,61.76,120.00,0.008704
100.6515,5.7860,61.49,120.00,0.008542
100.7271,5.7860,61.49,120.00,0.008801
100.8040,5.7860,61.76,120.00,0.008944
100.8789,5.7860,61.22,120.00,0.008279
100.9583,5.7860,61.49,120.00,0.008916
101.0354,5.7860,62.03,120.00,0.008285
101.1144,5.7860,61.76,120.00,0.008852
101.1896,5.7860,61.22,120.00,0.008491
101.2696,5.9090,62.03,120.00,0.008671
101.3473,5.9090,61.22,120.00,0.008541
101.4240,5.9090,61.49,120.00,0.008987
101.4975,5.9090,62.03,120.00,0.008158
101.5730,5.9090,62.03,120.00,0.008093
101.6511,5.9090,62.03,120.00,0.008020
101.7322,5.9090,61.49,120.00,0.008789
101.8098,5.9090,61.49,120.00,0.008621
101.8888,5.9090,61.76,120.00,0.008721
101.9643,5.9090,62.03,120.00,0.008929
102.0439,5.9090,61.49,120.00,0.008780
102.1215,5.9090,61.76,120.00,0.008422
102.2027,5.9090,61.49,120.00,0.008159
102.2781,5.8670,61.22,120.00,0.008522
102.3544,5.8670,61.76,120.00,0.008464
102.4299,5.8670,61.76,120.00,0.008248
102.5059,5.8670,62.30,120.00,0.008327
102.5830,5.8670,61.22,120.00,0.008453
102.6594,5.8670,62.30,120.00,0.008310
102.7349,5.8670,61.49,120.00,0.008297
102.8112,5.8670,62.30,120.00,0.008520
102.8863,5.8670,61.22,120.00,0.008247
102.9627,5.8670,61.22,120.00,0.008274
103.0382,5.8670,61.22,120.00,0.008204
103.1154,5.8670,61.76,120.00,0.008552
103.1912,5.8670,61.49,120.00,0.008791
103.2704,5.9090,61.49,120.00,0.008405
103.3480,5.9090,61.76,120.00,0.008681
103.4263,5.9090,61.49,120.00,0.008526
103.5030,5.9090,61.76,120.00,0.008200
103.5789,5.9090,61.49,120.00,0.008870
103.6557,5.9090,61.22,120.00,0.008450
103.7324,5.9090,61.76,120.00,0.008498
103.8101,5.9090,61.49,120.00,0.008252
103.8873,5.9090,62.03,120.00,0.008550
103.9630,5.9090,61.49,120.00,0.008655
104.0390,5.9090,61.49,120.00,0.008386
104.1161,5.9090,61.49,120.00,0.008189
104.1926,5.9090,61.76,120.00,0.008480
104.2676,5.9580,61.49,120.00,0.008573
104.3451,5.9580,61.49,120.00,0.008841
104.4246,5.9580,61.76,120.00,0.008443
104.5053,5.9580,61.22,120.00,0.008574
104.5838,5.9580,61.49,120.00,0.008827
104.6634,5.9580,61.76,120.00,0.008660
104.7406,5.9580,61.22,120.00,0.008670
104.8197,5.9580,61.22,120.00,0.008646
104.8954,5.9580,61.49,120.00,0.008680
104.9726,5.9580,62.30,120.00,0.008486
105.0480,5.9580,61.49,120.00,0.008647
105.1280,5.9580,62.03,120.00,0.008941
105.2066,5.9580,61.49,120.00,0.008688
105.2869,5.9120,61.22,120.00,0.008457
105.3619,5.9120,62.30,120.00,0.008152
105.4384,5.9120,62.30,120.00,0.008140
105.5161,5.9120,61.76,120.00,0.008691
105.5951,5.9120,61.22,120.00,0.008636
105.6730,5.9120,61.76,120.00,0.008898
105.7505,5.9120,61.49,120.00,0.008592
105.8284,5.9120,61.22,120.00,0.009261
105.9046,5.9120,61.49,120.00,0.008265
105.9828,5.9120,61.22,120.00,0.008990
106.0600,5.9120,61.49,120.00,0.008818
106.1371,5.9120,61.49,120.00,0.008369
106.2185,5.8780,61.76,120.00,0.009233
106.2940,5.8440,61.22,120.00,0.008470
106.3755,5.8440,61.76,120.00,0.008676
106.4510,5.8440,62.03,119.00,0.008832
106.5310,5.8440,61.76,119.00,0.008228
106.6083,5.8440,61.76,119.00,0.008274
106.6848,5.8440,61.49,119.00,0.008529
106.7648,5.8440,61.49,119.00,0.008625
106.8440,5.8440,61.76,119.00,0.008813
106.9188,5.8440,61.76,119.50,0.008561
106.9998,5.8440,61.49,119.00,0.009075
107.0800,5.8440,61.76,119.00,0.008949
107.1595,5.8440,61.22,119.00,0.008941
107.2350,5.8840,61.76,119.00,0.008539
107.3127,5.9240,61.22,119.00,0.008668
107.3926,5.9240,61.76,119.00,0.008657
107.4717,5.9240,61.76,119.50,0.008690
107.5498,5.9240,61.76,120.00,0.008246
107.6316,5.9240,61.49,120.00,0.008714
107.7074,5.9240,61.49,120.00,0.008650
107.7867,5.9240,61.49,119.50,0.008655
107.8621,5.9240,61.76,119.00,0.008620
107.9434,5.9240,61.49,119.50,0.008584
108.0209,5.9240,61.49,119.00,0.008386
108.1000,5.9240,61.49,119.00,0.008798
108.1786,5.9240,61.49,119.00,0.008879
108.2566,5.8280,61.22,119.00,0.008773
108.3322,5.8280,61.76,119.00,0.008771
108.4098,5.8280,61.76,119.00,0.009171
108.4880,5.8280,61.49,119.00,0.009045
108.5668,5.8280,61.49,119.00,0.008439
108.6455,5.8280,61.49,119.00,0.009067
108.7277,5.8280,61.49,119.00,0.008887
108.8034,5.8280,61.49,119.00,0.008467
108.8831,5.8280,61.76,119.00,0.008703
108.9591,5.8280,61.76,119.00,0.008268
109.0381,5.8280,61.22,119.00,0.008860
109.1149,5.8280,62.03,119.00,0.008300
109.1899,5.8280,61.22,119.00,0.007962
109.2663,5.8280,61.49,119.00,0.008410
109.3424,5.8280,61.76,119.00,0.008334
109.4207,5.8780,61.49,119.00,0.008746
109.4996,5.8780,61.22,119.00,0.008657
109.5744,5.8780,61.22,119.00,0.008217
109.6513,5.8780,61.76,119.00,0.008757
109.7272,5.8780,61.76,119.00,0.008620
109.8044,5.8780,62.03,119.00,0.008407
109.8819,5.8780,61.22,119.00,0.008171
109.9587,5.8780,61.22,119.00,0.008774
110.0360,5.8780,61.76,119.00,0.008793
110.1120,5.8780,61.49,119.00,0.008761
110.1891,5.8780,61.49,119.00,0.008179
110.2684,5.9010,61.76,119.00,0.009118
110.3439,5.9010,62.30,119.00,0.008559
110.4207,5.9010,61.49,119.00,0.008427
110.4977,5.9010,61.76,119.00,0.008670
110.5763,5.9010,62.03,119.00,0.008785
110.6522,5.9010,61.22,119.00,0.009099
110.7332,5.9010,61.22,119.00,0.008807
110.8089,5.9010,61.76,119.00,0.008557
110.8884,5.9010,61.76,119.00,0.009007
110.9683,5.9010,61.22,119.00,0.008505
111.0458,5.9010,62.03,119.00,0.007980
111.1216,5.9010,61.49,119.00,0.008401
111.1978,5.9010,61.49,119.00,0.007983
111.2769,5.8840,61.49,119.00,0.008552
111.3531,5.8670,61.76,119.00,0.008676
111.4302,5.8670,61.49,119.00,0.008406
111.5057,5.8670,61.76,119.00,0.008084
111.5825,5.8670,61.22,119.00,0.008652
111.6634,5.8670,61.49,119.00,0.008540
111.7429,5.8670,61.49,119.00,0.008264
111.8207,5.8670,62.30,119.00,0.008945
111.9006,5.8670,61.49,119.00,0.008309
111.9794,5.8670,61.22,119.00,0.008392
112.0571,5.8670,61.49,119.00,0.008738
112.1361,5.8670,61.49,119.00,0.008773
112.2107,5.8725,62.30,119.00,0.008538
112.2884,5.8780,61.76,119.00,0.009004
112.3643,5.8780,61.49,119.00,0.008334
112.4436,5.8780,61.76,119.00,0.008734
112.5199,5.8780,61.76,119.00,0.008973
112.5999,5.8780,61.49,119.00,0.009072
112.6759,5.8780,61.49,119.00,0.008826
112.7554,5.8780,61.49,119.00,0.008747
112.8311,5.8780,61.49,119.00,0.008540
112.9080,5.8780,61.76,119.00,0.008000
112.9826,5.8780,61.22,119.00,0.008412
113.0592,5.8780,62.03,119.00,0.008863
113.1374,5.8780,61.76,119.00,0.009063
113.2173,5.8950,61.49,119.00,0.008923
113.2955,5.9120,61.22,119.00,0.008306
113.3728,5.9120,61.22,119.00,0.008631
113.4536,5.9120,61.22,119.00,0.009202
113.5357,5.9120,61.49,119.00,0.008755
113.6111,5.9120,61.49,119.00,0.008204
113.6913,5.9120,61.49,119.00,0.008564
113.7695,5.9120,61.22,119.00,0.008543
113.8511,5.9120,61.49,119.00,0.008603
113.9259,5.9120,61.49,119.00,0.008077
114.0047,5.9120,62.03,119.00,0.008398
114.0795,5.9120,61.49,119.00,0.008408
114.1561,5.9120,61.76,119.00,0.008461
114.2349,5.9120,61.49,119.00,0.008282
114.3111,5.9120,61.76,119.00,0.008559
114.3863,5.9120,61.49,118.50,0.008754
114.4667,5.8550,61.76,118.00,0.008741
114.5429,5.8550,62.03,118.00,0.009002
114.6222,5.8550,61.22,118.50,0.008684
114.6991,5.8550,61.22,119.00,0.008397
114.7782,5.8550,61.49,119.00,0.008499
114.8562,5.8550,62.03,119.00,0.008791
114.9355,5.8550,61.22,119.00,0.008859
115.0111,5.8550,61.76,119.00,0.008800
115.0887,5.8550,61.22,118.50,0.009142
115.1639,5.8550,61.76,118.00,0.008727
115.2409,5.8645,61.49,118.00,0.009057
115.3187,5.8740,61.22,118.00,0.008838
115.3964,5.8740,61.22,118.00,0.009038
115.4744,5.8740,61.22,118.00,0.008887
115.5555,5.8740,61.22,118.00,0.008975
115.6354,5.8740,61.49,119.00,0.008582
115.7125,5.8740,61.22,119.00,0.009113
115.7899,5.8740,61.22,118.00,0.008782
115.8671,5.8740,62.03,118.00,0.008182
115.9473,5.8740,61.22,118.00,0.008609
116.0239,5.8740,61.49,118.00,0.008561
116.1022,5.8740,62.03,118.00,0.008795
116.1791,5.8740,61.49,118.00,0.008630
116.2552,5.9090,61.22,118.00,0.008677
116.3342,5.9090,62.03,118.00,0.008330
116.4120,5.9090,61.49,118.00,0.008899
116.4884,5.9090,62.03,118.00,0.008811
116.5640,5.9090,61.49,118.00,0.008735
116.6406,5.9090,61.22,118.00,0.008170
116.7155,5.9090,61.76,118.00,0.008557
116.7925,5.9090,61.49,118.00,0.008095
116.8663,5.9090,61.22,118.00,0.008259
116.9438,5.9090,61.76,118.00,0.008196
117.0185,5.9090,62.03,118.00,0.008516
117.0972,5.9090,61.76,118.00,0.008575
117.1746,5.9090,62.03,118.00,0.008462
117.2519,5.8470,62.03,118.00,0.008221
117.3257,5.8470,61.49,118.00,0.008155
117.4032,5.8470,61.76,118.00,0.008171
117.4782,5.8470,61.49,118.00,0.008053
117.5579,5.8470,61.49,118.00,0.008551
117.6356,5.8470,61.49,118.00,0.008525
117.7124,5.8470,61.76,118.00,0.008439
117.7881,5.8470,61.76,118.00,0.008713
117.8667,5.8470,61.76,118.00,0.008370
117.9427,5.8470,61.49,118.00,0.008643
118.0218,5.8470,61.49,118.00,0.008637
118.0994,5.8470,61.22,118.00,0.008618
118.1764,5.8470,61.22,118.00,0.008173
118.2551,5.8930,61.49,118.00,0.008938
118.3326,5.8930,62.03,118.00,0.008809
118.4098,5.8930,61.22,118.00,0.007957
118.4883,5.8930,61.22,118.00,0.008254
118.5625,5.8930,61.22,118.00,0.008260
118.6391,5.8930,61.76,118.00,0.008145
118.7149,5.8930,61.76,118.00,0.008430
118.7924,5.8930,62.03,118.00,0.008412
118.8707,5.8930,62.03,118.00,0.008778
118.9469,5.8930,62.03,118.00,0.008254
119.0214,5.8930,61.22,118.00,0.008257
119.1010,5.8930,61.49,118.00,0.008771
119.1764,5.8930,61.49,118.00,0.008547
119.2567,5.9010,61.76,118.00,0.008690
119.3369,5.9010,61.76,118.00,0.008547
119.4173,5.9010,61.22,118.00,0.009024
119.4957,5.9010,61.49,118.50,0.009035
119.5747,5.9010,61.49,119.00,0.008591
119.6507,5.9010,61.22,118.50,0.009165
119.7271,5.9010,61.49,118.00,0.008603
119.8053,5.9010,61.49,118.00,0.008831
119.8844,5.9010,61.49,118.00,0.008835
119.9614,5.9010,61.22,118.00,0.008331
120.0405,5.9010,61.49,118.00,0.008093
120.1160,5.9010,62.03,118.00,0.008622
120.1993,5.9010,61.76,118.00,0.008779
120.2774,5.9160,62.03,118.00,0.008869
120.3542,5.9160,61.22,118.00,0.008424
120.4318,5.9160,61.22,118.00,0.008697
120.5108,5.9160,61.49,118.00,0.008593
120.5907,5.9160,61.22,118.00,0.008953
120.6679,5.9160,61.49,118.00,0.009122
120.7434,5.9160,61.49,118.00,0.008929
120.8222,5.9160,61.76,118.00,0.008766
120.8995,5.9160,61.49,118.50,0.008997
120.9750,5.9160,61.49,118.00,0.008018
121.0495,5.9160,61.49,118.50,0.007981
121.1280,5.9160,61.76,118.00,0.008644
121.2032,5.9160,61.49,118.00,0.008460
121.2793,5.9160,61.49,118.00,0.008305
121.3555,5.9140,61.76,118.00,0.008357
121.4363,5.9120,62.03,118.00,0.008993
121.5119,5.9120,61.22,118.00,0.008575
121.5934,5.9120,61.76,118.00,0.008638
121.6714,5.9120,61.22,118.00,0.008381
121.7479,5.9120,61.22,118.00,0.008034
121.8280,5.9120,61.76,118.00,0.009034
121.9074,5.9120,61.76,118.00,0.008459
121.9822,5.9120,62.03,118.00,0.008250
122.0596,5.9120,61.22,118.00,0.008754
122.1374,5.9120,61.76,118.00,0.008698
122.2172,5.8910,61.76,118.00,0.008810
122.2944,5.8700,61.22,118.00,0.008553
122.3710,5.8700,61.76,118.00,0.007942
122.4476,5.8700,61.76,118.00,0.008425
122.5236,5.8700,61.49,118.00,0.008460
122.5987,5.8700,61.49,118.00,0.008289
122.6737,5.8700,61.76,118.00,0.007994
122.7473,5.8700,61.22,118.50,0.007980
122.8226,5.8700,61.49,118.00,0.007917
122.8982,5.8700,61.76,118.00,0.008640
122.9752,5.8700,62.03,118.00,0.008486
123.0516,5.8700,62.30,118.50,0.008432
123.1274,5.8700,61.49,118.00,0.008122
123.2044,5.8700,62.30,118.00,0.008218
123.2851,5.8820,61.22,118.00,0.009235
123.3627,5.8820,61.22,118.00,0.008626
123.4383,5.8820,61.76,118.00,0.008275
123.5129,5.8820,61.22,118.00,0.008396
123.5880,5.8820,61.76,118.00,0.008116
123.6669,5.8820,61.49,118.00,0.008676
123.7440,5.8820,61.22,118.00,0.008766
123.8194,5.8820,61.49,118.00,0.008625
123.8961,5.8820,61.49,118.00,0.008559
123.9720,5.8820,61.76,118.00,0.009009
124.0488,5.8820,61.22,118.00,0.008533
124.1268,5.8820,61.76,118.00,0.008938
124.2034,5.8820,61.49,118.00,0.008554
124.2815,5.9120,61.76,118.00,0.008661
124.3591,5.9120,61.76,118.00,0.008874
124.4349,5.9120,62.03,118.00,0.008696
124.5104,5.9120,61.49,118.00,0.008334
124.5872,5.9120,61.49,118.00,0.008359
124.6640,5.9120,61.22,118.00,0.008753
124.7400,5.9120,61.49,118.00,0.008914
124.8189,5.9120,61.49,118.50,0.008368
124.8954,5.9120,62.03,118.50,0.008206
124.9709,5.9120,62.03,118.00,0.008129
125.0474,5.9120,61.49,118.00,0.008136
125.1242,5.9120,61.49,118.00,0.008055
125.2033,5.9120,61.76,118.00,0.008986
125.2839,5.8780,61.49,118.50,0.008886
125.3618,5.8780,61.49,119.00,0.008179
125.4380,5.8780,61.76,119.00,0.007998
125.5166,5.8780,62.03,118.00,0.008384
125.5948,5.8780,61.49,118.00,0.008513
125.6703,5.8780,62.03,118.00,0.008266
125.7476,5.8780,61.22,118.00,0.008960
125.8229,5.8780,61.76,118.00,0.008666
125.8999,5.8780,61.49,118.00,0.008873
125.9749,5.8780,61.22,118.00,0.008839
126.0527,5.8780,61.22,118.00,0.008955
126.1302,5.8780,61.22,118.00,0.008625
126.2071,5.8780,61.49,118.00,0.008277
126.2837,5.9160,61.76,118.00,0.008867
126.3609,5.9160,61.76,118.00,0.008765
126.4385,5.9160,61.76,118.00,0.008934
126.5159,5.9160,61.49,118.00,0.008758
126.5908,5.9160,62.03,118.00,0.008286
126.6669,5.9160,62.03,118.00,0.007993
126.7432,5.9160,62.03,118.00,0.008203
126.8206,5.9160,61.76,118.50,0.007987
126.8972,5.9160,61.76,118.00,0.008518
126.9767,5.9160,62.03,118.00,0.008834
127.0595,5.9160,61.49,118.00,0.008723
127.1435,5.9160,61.49,118.00,0.009279
127.2265,5.8340,61.22,118.00,0.008975
127.3101,5.7520,61.76,118.00,0.008636
127.3908,5.7520,61.49,118.00,0.008240
127.4766,5.7520,61.49,118.00,0.009118
127.5554,5.7520,61.22,118.00,0.009210
127.6396,5.7520,61.76,118.00,0.008878
127.7212,5.7520,61.22,118.00,0.008852
127.8038,5.7520,61.22,118.00,0.008730
127.8868,5.7520,60.95,118.00,0.008930
127.9719,5.7520,61.76,118.00,0.008928
128.0518,5.7520,61.49,118.00,0.008377
128.1306,5.7520,61.49,118.00,0.008840
128.2132,5.7675,61.49,118.00,0.009162
128.2969,5.7830,61.49,118.00,0.008752
128.3767,5.7830,61.22,118.00,0.009251
128.4627,5.7830,61.76,118.00,0.008925
128.5393,5.7830,61.76,118.00,0.008397
128.6162,5.7830,61.22,118.00,0.008488
128.6978,5.7830,61.22,118.00,0.008781
128.7802,5.7830,61.22,118.00,0.009460
128.8614,5.7830,61.22,118.00,0.009103
128.9401,5.7830,61.76,118.00,0.008055
129.0144,5.7830,61.49,118.00,0.008203
129.0915,5.7830,61.49,118.00,0.008332
129.1732,5.7830,61.76,118.00,0.008701
129.2568,5.8470,61.22,118.00,0.008755
129.3394,5.8470,61.22,118.00,0.008310
129.4266,5.8470,61.49,118.00,0.010205
129.5083,5.8470,61.22,118.00,0.009025
129.5932,5.8470,61.49,118.00,0.008950
129.6767,5.8470,61.22,118.50,0.008827
129.7599,5.8470,61.76,118.00,0.008945
129.8434,5.8470,61.49,118.00,0.009037
129.9230,5.8470,62.03,118.00,0.008225
129.9997,5.8470,61.49,118.00,0.008255
130.0759,5.8470,61.22,118.00,0.008016
130.1523,5.8470,61.49,118.00,0.008061
130.2333,5.8700,61.22,118.00,0.009063
130.3164,5.8930,61.22,118.00,0.009429
130.4003,5.8930,61.22,118.00,0.009516
130.4776,5.8930,61.22,118.00,0.008880
130.5595,5.8930,61.22,118.00,0.008654
130.6411,5.8930,61.22,118.00,0.008820
130.7211,5.8930,61.49,118.00,0.008828
130.8012,5.8930,61.22,118.50,0.008651
130.8867,5.8930,61.22,118.00,0.009053
130.9680,5.8930,61.22,118.00,0.009145
131.0483,5.8930,61.49,118.00,0.008844
131.1321,5.8930,61.22,118.00,0.009282
131.2154,5.8930,61.22,118.00,0.009241
131.2920,5.8820,61.49,118.00,0.009257
131.3717,5.8820,61.22,118.00,0.008987
131.4472,5.8820,61.49,118.00,0.008625
131.5268,5.8820,61.49,118.00,0.008573
131.6041,5.8820,61.22,118.00,0.008075
131.6800,5.8820,61.22,118.50,0.008507
131.7538,5.8820,61.49,118.00,0.008021
131.8322,5.8820,61.49,118.00,0.008168
131.9077,5.8820,61.76,118.00,0.009251
131.9848,5.8820,61.49,118.00,0.008863
132.0606,5.8820,61.49,118.00,0.009079
132.1390,5.8820,61.22,118.00,0.008148
132.2148,5.8820,61.76,118.00,0.008462
132.2914,5.8820,61.76,118.00,0.008547
132.3680,5.8820,61.49,118.00,0.008579
132.4446,5.8820,62.03,118.00,0.008691
132.5200,5.8820,61.49,118.00,0.008836
132.5991,5.8820,61.76,118.00,0.008707
132.6731,5.8820,61.76,118.00,0.008095
132.7509,5.8820,61.22,118.00,0.008177
132.8271,5.8820,61.49,118.50,0.008386
132.9030,5.8820,61.22,118.00,0.008675
132.9803,5.8820,61.22,118.50,0.008562
133.0570,5.8820,61.76,118.00,0.008813
133.1321,5.8820,61.76,118.00,0.008518
133.2118,5.8820,61.22,118.00,0.008841
133.2897,5.8820,61.22,118.00,0.008948
133.3683,5.8820,62.03,118.00,0.008497
133.4475,5.8820,61.49,118.00,0.008982
133.5335,5.9730,61.22,118.50,0.008677
133.6137,5.9730,61.49,118.00,0.008859
133.6966,5.9730,61.22,118.00,0.009245
133.7786,5.9730,61.49,118.00,0.008690
133.8559,5.9730,62.03,118.00,0.008519
133.9320,5.9730,61.22,118.00,0.008892
134.0111,5.9730,61.49,118.00,0.008526
134.0893,5.9730,61.76,118.00,0.008744
134.1686,5.9730,61.49,118.00,0.008320
134.2443,5.8780,61.76,118.00,0.008532
134.3226,5.7830,61.22,118.00,0.008627
134.4007,5.7830,61.76,118.00,0.008507
134.4781,5.7830,61.49,118.00,0.008269
134.5555,5.7830,61.49,118.00,0.008764
134.6361,5.7830,61.49,118.00,0.008926
134.7109,5.7830,61.49,118.00,0.008271
134.7880,5.7830,61.76,118.00,0.008895
134.8633,5.7830,61.76,118.00,0.008536
134.9401,5.7830,61.76,118.00,0.008849
135.0172,5.7830,61.22,118.00,0.008582
135.0981,5.7830,61.22,118.00,0.008444
135.1750,5.7830,61.22,118.00,0.008379
135.2525,5.8075,62.03,118.00,0.008723
135.3307,5.8320,61.49,118.00,0.008643
135.4081,5.8320,61.49,118.00,0.008919
135.4831,5.8320,61.76,118.00,0.008387
135.5602,5.8320,61.49,118.00,0.008654
135.6359,5.8320,61.49,118.00,0.008886
135.7124,5.8320,61.49,118.00,0.008557
135.7904,5.8320,61.76,118.00,0.008211
135.8683,5.8320,61.22,118.00,0.008871
135.9437,5.8320,62.30,118.00,0.008654
136.0238,5.8320,61.22,118.00,0.008719
136.0986,5.8320,61.49,118.00,0.008346
136.1756,5.8320,61.76,118.00,0.008448
136.2517,5.8700,61.49,118.00,0.008729
136.3282,5.8700,62.03,118.00,0.008307
136.4061,5.8700,61.76,118.00,0.008445
136.4852,5.8700,61.49,118.00,0.008677
136.5629,5.8700,60.95,118.00,0.008520
136.6424,5.8700,61.76,118.00,0.008618
136.7175,5.8700,61.49,118.00,0.008452
136.7958,5.8700,61.22,118.00,0.008025
136.8715,5.8700,61.22,118.00,0.008103
136.9473,5.8700,61.76,118.00,0.008219
137.0216,5.8700,61.76,118.00,0.008162
137.1003,5.8700,61.76,118.00,0.008342
137.1757,5.8700,61.49,118.00,0.008594
137.2548,5.8835,61.49,118.00,0.008585
137.3322,5.8970,62.30,118.00,0.008891
137.4149,5.8970,61.76,118.00,0.009479
137.4985,5.8970,61.22,119.00,0.008753
137.5793,5.8970,61.49,118.00,0.008809
137.6546,5.8970,61.76,118.00,0.008485
137.7322,5.8970,61.49,118.00,0.008785
137.8090,5.8970,61.49,118.00,0.008450
137.8884,5.8970,61.49,118.00,0.008630
137.9639,5.8970,61.76,118.00,0.008476
138.0404,5.8970,61.49,118.00,0.008527
138.1182,5.8970,61.49,118.00,0.008631
138.1954,5.8970,61.49,118.00,0.008648
138.2712,5.9470,61.49,118.00,0.008579
138.3487,5.9470,61.49,118.00,0.008509
138.4224,5.9470,61.76,118.00,0.008025
138.4982,5.9470,62.03,118.00,0.008430
138.5750,5.9470,62.03,118.00,0.008278
138.6531,5.9470,61.76,118.00,0.008395
138.7331,5.9470,61.76,118.00,0.008909
138.8127,5.9470,61.49,118.00,0.008889
138.8904,5.9470,61.22,118.00,0.008602
138.9688,5.9470,61.76,118.00,0.008349
139.0462,5.9470,61.76,118.00,0.008384
139.1238,5.9470,61.22,118.00,0.009151
139.1990,5.9470,61.76,118.00,0.008951
139.2772,5.8780,61.49,118.00,0.008583
139.3568,5.8780,61.22,118.00,0.008563
139.4333,5.8780,61.49,118.50,0.008734
139.5117,5.8780,61.22,119.00,0.008905
139.5918,5.8780,61.76,118.00,0.009035
139.6677,5.8780,61.49,118.00,0.009210
139.7451,5.8780,61.49,118.00,0.008666
139.8223,5.8780,62.03,118.00,0.008280
139.8990,5.8780,61.49,118.00,0.008374
139.9746,5.8780,61.76,118.00,0.008435
140.0542,5.8780,61.76,118.00,0.008705
140.1320,5.8780,61.49,118.00,0.009733
140.2112,5.8780,61.49,118.00,0.008556
140.2850,5.8780,61.49,118.50,0.008267
140.3631,5.8780,61.22,118.00,0.008342
140.4378,5.8780,61.76,118.00,0.008629
140.5160,5.8780,62.30,118.00,0.008073
140.5897,5.8780,61.22,118.00,0.008144
140.6678,5.8780,61.76,118.00,0.008080
140.7445,5.8780,61.49,118.00,0.008003
140.8232,5.8780,61.49,118.00,0.008466
140.9034,5.8780,61.22,118.00,0.008940
140.9787,5.8780,61.76,118.00,0.008142
141.0549,5.8780,61.76,118.00,0.008034
141.1307,5.8780,61.22,118.00,0.008015
141.2079,5.8780,61.49,118.00,0.008713
141.2850,5.8780,61.49,118.00,0.008556
141.3600,5.8780,61.22,118.00,0.008689
141.4389,5.8780,61.49,118.00,0.008390
141.5171,5.8780,61.49,118.00,0.008757
141.5966,5.8780,61.22,119.00,0.008427
141.6719,5.8760,61.22,118.00,0.008343
141.7520,5.8740,61.76,118.00,0.008542
141.8320,5.8740,61.22,118.00,0.008826
141.9108,5.8740,61.22,118.00,0.008313
141.9845,5.8740,61.76,118.00,0.007980
142.0603,5.8740,61.22,118.00,0.008072
142.1342,5.8740,61.22,118.00,0.007959
142.2108,5.8740,61.22,118.00,0.008409
142.2894,5.9240,61.76,118.50,0.008635
142.3688,5.9240,61.49,118.00,0.008689
142.4440,5.9240,61.22,118.00,0.008591
142.5233,5.9240,62.03,118.00,0.008738
142.6011,5.9240,61.49,118.00,0.008855
142.6794,5.9240,61.76,118.00,0.008355
142.7553,5.9240,61.49,118.00,0.008379
142.8324,5.9240,61.22,118.00,0.008523
142.9086,5.9240,61.49,118.00,0.009145
142.9879,5.9240,61.49,118.00,0.008605
143.0627,5.9240,61.22,118.00,0.008273
143.1421,5.9240,61.76,118.00,0.008797
143.2204,5.9220,61.22,118.00,0.009279
143.3002,5.9200,61.49,118.00,0.008974
143.3789,5.9200,61.49,118.00,0.008204
143.4564,5.9200,61.76,118.00,0.008553
143.5360,5.9200,61.49,118.00,0.008742
143.6148,5.9200,61.76,118.00,0.008629
143.6925,5.9200,61.76,118.00,0.008588
143.7714,5.9200,61.49,118.00,0.008551
143.8464,5.9200,61.22,118.00,0.008396
143.9256,5.9200,61.76,118.00,0.008432
144.0007,5.9200,61.49,118.00,0.008540
144.0795,5.9200,61.49,118.00,0.008424
144.1597,5.9200,61.22,118.00,0.008648
144.2372,5.9105,61.49,118.00,0.009023
144.3134,5.9010,61.22,118.00,0.008013
144.3909,5.9010,61.49,118.00,0.008217
144.4660,5.9010,61.22,118.00,0.008431
144.5452,5.9010,61.22,118.00,0.008760
144.6226,5.9010,61.49,118.00,0.008598
144.6993,5.9010,62.03,118.00,0.008189
144.7745,5.9010,61.22,118.00,0.008621
144.8524,5.9010,61.49,118.00,0.008907
144.9298,5.9010,61.22,118.50,0.008387
145.0071,5.9010,61.22,118.00,0.008589
145.0823,5.9010,61.76,118.00,0.008444
145.1594,5.9010,62.03,118.00,0.008767
145.2354,5.9010,61.49,118.00,0.008334
145.3111,5.9010,62.30,118.00,0.008207
145.3864,5.9010,61.49,118.00,0.008771
145.4668,5.8890,61.22,118.00,0.008629
145.5420,5.8890,61.49,118.00,0.008269
145.6181,5.8890,61.76,118.50,0.008275
145.6953,5.8890,61.22,118.00,0.008781
145.7748,5.8890,61.76,118.00,0.008799
145.8504,5.8890,61.22,118.00,0.008423
145.9290,5.8890,61.76,118.00,0.008331
146.0064,5.8890,61.49,118.00,0.008602
146.0828,5.8890,61.76,118.50,0.007907
146.1566,5.8890,61.76,118.00,0.008284
146.2323,5.8890,61.49,118.00,0.008388
146.3063,5.8890,61.22,118.00,0.008024
146.3860,5.8680,61.49,118.00,0.008918
146.4642,5.8470,61.76,118.00,0.008828
146.5431,5.8470,61.76,118.00,0.008504
146.6183,5.8470,61.76,118.00,0.008518
146.6993,5.8470,62.03,118.00,0.008550
146.7746,5.8470,61.49,118.00,0.008306
146.8514,5.8470,61.76,118.50,0.008501
146.9275,5.8470,61.76,118.00,0.008631
147.0050,5.8470,61.49,118.00,0.008837
147.0804,5.8470,61.49,118.00,0.008375
147.1574,5.8470,61.22,118.00,0.008130
147.2411,5.8875,61.49,119.00,0.012689
147.3244,5.9280,61.49,119.00,0.009187
147.4066,5.9280,62.03,119.00,0.008402
147.4926,5.9280,61.49,119.00,0.008605
147.5704,5.9280,61.76,119.00,0.008353
147.6465,5.9280,61.49,119.00,0.008309
147.7269,5.9280,61.49,119.00,0.008841
147.8033,5.9280,61.76,119.00,0.008597
147.8789,5.9280,61.76,119.00,0.008613
147.9574,5.9280,61.76,119.00,0.008586
148.0355,5.9280,61.49,119.00,0.008857
148.1137,5.9280,61.49,119.00,0.008764
148.1914,5.9280,61.22,119.00,0.008494
148.2703,5.8210,61.49,119.00,0.008514
148.3460,5.8210,61.76,119.00,0.008545
148.4245,5.8210,61.49,119.00,0.009140
148.5018,5.8210,61.22,119.00,0.008353
148.5758,5.8210,61.76,119.00,0.008005
148.6499,5.8210,61.49,119.00,0.008011
148.7267,5.8210,61.22,119.50,0.007986
148.8023,5.8210,61.49,120.00,0.008508
148.8801,5.8210,61.49,120.00,0.008667
148.9563,5.8210,61.76,120.00,0.008529
149.0326,5.8210,61.49,120.00,0.009126
149.1085,5.8210,61.76,120.00,0.008751
149.1849,5.8210,61.22,120.00,0.008605
149.2634,5.9310,61.49,120.00,0.008931
149.3394,5.9310,61.49,120.00,0.008863
149.4151,5.9310,61.76,120.00,0.008588
149.4974,5.9310,61.49,120.00,0.009012
149.5790,5.9310,61.49,120.00,0.008845
149.6550,5.9310,62.03,120.00,0.008384
149.7330,5.9310,61.76,120.00,0.008779
149.8122,5.9310,61.49,120.00,0.008776
149.8953,5.9310,62.03,120.00,0.009079
149.9790,5.9310,61.49,120.00,0.009359
150.0598,5.9310,62.03,120.00,0.008830
150.1414,5.9310,61.76,120.00,0.008851
150.2242,5.9100,61.76,120.00,0.008284
150.3053,5.8890,61.49,120.00,0.008932
150.3838,5.8890,62.03,120.00,0.009111
150.4665,5.8890,61.49,120.00,0.009305
150.5476,5.8890,61.76,120.00,0.008754
150.6301,5.8890,61.22,120.00,0.009117
150.7112,5.8890,61.22,120.00,0.008983
150.7935,5.8890,61.49,120.00,0.009138
150.8736,5.8890,61.22,120.00,0.008671
150.9510,5.8890,61.76,120.00,0.008073
151.0253,5.8890,61.49,120.00,0.008295
151.1045,5.8890,61.49,120.00,0.008198
151.1875,5.8890,61.22,120.00,0.009177
151.2699,5.8670,61.49,120.00,0.008481
151.3533,5.8670,61.76,120.00,0.008332
151.4371,5.8670,62.03,120.00,0.008879
151.5150,5.8670,61.49,120.00,0.008794
151.5903,5.8670,61.76,120.00,0.008092
151.6648,5.8670,61.76,120.00,0.008553
151.7393,5.8670,61.49,120.00,0.008141
151.8168,5.8670,61.22,120.00,0.008301
151.8925,5.8670,60.95,120.00,0.008204
151.9679,5.8670,61.49,120.00,0.008581
152.0423,5.8670,61.49,120.00,0.007966
152.1165,5.8670,61.22,120.00,0.008041
152.1912,5.8670,61.76,120.00,0.008172
152.2655,5.8670,61.49,120.00,0.008019
152.3442,5.9730,61.22,120.00,0.008943
152.4204,5.9730,61.22,120.00,0.008905
152.5006,5.9730,61.76,120.00,0.008542
152.5803,5.9730,62.03,120.00,0.008547
152.6612,5.9730,61.49,120.00,0.010455
152.7424,5.9730,61.76,121.00,0.008678
152.8259,5.9730,62.03,121.00,0.009201
152.9080,5.9730,61.76,121.00,0.008864
152.9911,5.9730,61.49,121.00,0.008283
153.0721,5.9730,61.76,121.00,0.008951
153.1555,5.9730,61.49,121.00,0.008655
153.2391,5.8740,61.49,121.00,0.009467
153.3200,5.7750,61.22,121.00,0.008591
153.4027,5.7750,61.49,121.00,0.008469
153.4873,5.7750,61.49,121.00,0.008999
153.5661,5.7750,61.22,121.00,0.009272
153.6499,5.7750,62.03,121.00,0.008965
153.7319,5.7750,61.76,121.00,0.008843
153.8079,5.7750,61.22,121.00,0.007971
153.8824,5.7750,61.22,121.00,0.008224
153.9609,5.7750,62.03,121.00,0.008458
154.0395,5.7750,61.49,121.00,0.008826
154.1219,5.7750,61.76,121.00,0.008577
154.2022,5.7750,61.76,121.00,0.009044
154.2867,5.7860,61.22,121.00,0.008813
154.3668,5.7860,61.22,121.00,0.008886
154.4515,5.7860,61.22,121.00,0.009020
154.5346,5.7860,61.22,121.00,0.008624
154.6099,5.7860,61.22,121.00,0.008069
154.6865,5.7860,61.76,121.00,0.008314
154.7619,5.7860,61.22,121.00,0.008070
154.8384,5.7860,61.22,121.00,0.008770
154.9213,5.7860,61.76,121.00,0.008977
155.0047,5.7860,61.49,121.00,0.009040
155.0873,5.7860,61.49,121.00,0.008861
155.1701,5.7860,61.49,121.00,0.009461
155.2513,5.7860,61.76,121.00,0.008826
155.3337,5.7860,61.49,121.00,0.008784
155.4131,5.7860,61.49,121.00,0.008930
155.4964,5.7860,61.49,121.00,0.008435
155.5786,5.7860,61.22,121.00,0.008789
155.6609,5.7860,61.49,121.00,0.008484
155.7445,5.7860,61.22,121.00,0.008703
155.8228,5.7860,61.49,121.00,0.008735
155.8987,5.7860,62.03,121.00,0.008592
155.9725,5.7860,61.76,121.00,0.008339
156.0473,5.7860,61.49,121.00,0.008186
156.1215,5.7860,61.49,121.00,0.008339
156.2002,5.7860,61.76,121.00,0.009133
156.2799,5.8550,60.95,121.00,0.008889
156.3552,5.9240,61.49,121.00,0.008181
156.4307,5.9240,61.49,121.00,0.008289
156.5069,5.9240,61.49,121.00,0.008919
156.5823,5.9240,61.49,121.00,0.008140
156.6609,5.9240,61.22,121.00,0.008648
156.7353,5.9240,61.22,121.00,0.008645
156.8114,5.9240,61.49,121.00,0.008563
156.8871,5.9240,61.49,121.00,0.008682
156.9631,5.9240,61.49,121.00,0.008461
157.0385,5.9240,61.49,121.00,0.008662
157.1143,5.9240,61.49,121.00,0.008353
157.1893,5.9240,61.49,121.00,0.008540
157.2662,5.9890,61.22,121.00,0.008809
157.3430,5.9890,61.76,121.00,0.008583
157.4198,5.9890,61.76,121.00,0.008968
157.4995,5.9890,61.22,121.00,0.008409
157.5798,5.9890,62.03,121.00,0.008380
157.6559,5.9890,61.49,121.00,0.009306
157.7324,5.9890,61.76,121.00,0.008965
157.8072,5.9890,61.22,121.00,0.008284
157.8876,5.9890,61.49,121.00,0.008493
157.9653,5.9890,61.76,121.00,0.009112
158.0435,5.9890,61.76,121.00,0.008630
158.1184,5.9890,61.76,121.00,0.008772
158.1944,5.9890,61.76,121.00,0.008430
158.2703,5.8890,61.76,121.00,0.008455
158.3512,5.8890,62.03,121.00,0.008617
158.4260,5.8890,61.76,121.00,0.008529
158.5038,5.8890,61.76,121.00,0.008511
158.5815,5.8890,61.76,121.00,0.009281
158.6601,5.8890,61.49,121.00,0.009267
158.7433,5.8890,61.76,121.00,0.008957
158.8262,5.8890,61.76,121.00,0.008456
158.9022,5.8890,61.76,121.00,0.008201
158.9806,5.8890,61.49,121.00,0.008836
159.0586,5.8890,61.49,122.00,0.008893
159.1365,5.8890,61.22,122.00,0.008512
159.2099,5.8890,62.03,122.00,0.008072
159.2863,5.8890,61.76,122.00,0.008043
159.3597,5.8890,61.49,122.00,0.007945
159.4353,5.8930,61.22,122.00,0.008718
159.5101,5.8970,61.22,122.00,0.007952
159.5872,5.8970,62.03,122.00,0.008317
159.6629,5.8970,61.76,122.00,0.008131
159.7382,5.8970,61.76,122.00,0.008432
159.8158,5.8970,61.49,122.00,0.008604
159.8922,5.8970,61.76,122.00,0.009043
159.9675,5.8970,61.76,122.00,0.008494
160.0429,5.8970,61.49,122.00,0.008120
160.1181,5.8970,61.22,122.00,0.008528
160.1961,5.8970,61.49,122.00,0.008751
160.2714,5.8820,61.49,122.00,0.008653
160.3494,5.8820,61.22,122.00,0.008493
160.4267,5.8820,61.49,122.00,0.008434
160.5077,5.8820,62.03,122.00,0.008624
160.5836,5.8820,61.49,122.00,0.008190
160.6585,5.8820,61.49,122.00,0.008353
160.7318,5.8820,61.49,122.00,0.007985
160.8067,5.8820,61.22,122.00,0.008293
160.8826,5.8820,61.49,122.00,0.008503
160.9592,5.8820,61.49,122.00,0.008579
161.0345,5.8820,61.76,122.00,0.008786
161.1106,5.8820,61.49,122.00,0.008364
161.1885,5.8820,61.76,122.00,0.008851
161.2648,5.9160,62.03,122.00,0.008643
161.3404,5.9160,61.22,122.00,0.009063
161.4162,5.9160,61.22,122.00,0.008068
161.4902,5.9160,61.49,122.00,0.008009
161.5648,5.9160,61.22,122.00,0.008140
161.6391,5.9160,61.22,122.00,0.008080
161.7145,5.9160,61.76,122.00,0.008412
161.7897,5.9160,61.49,122.00,0.008772
161.8682,5.9160,62.30,122.00,0.008775
161.9450,5.9160,61.49,122.00,0.008483
162.0258,5.9160,62.03,122.00,0.008150
162.1049,5.9160,61.22,122.00,0.008277
162.1795,5.9160,61.22,122.00,0.008234
162.2560,5.9160,61.49,122.00,0.008640
162.3318,5.8475,62.03,122.00,0.008806
162.4113,5.7790,61.22,122.00,0.008435
162.4863,5.7790,62.03,122.00,0.008133
162.5615,5.7790,61.76,122.00,0.008651
162.6390,5.7790,61.22,122.00,0.008332
162.7155,5.7790,61.76,122.00,0.008130
162.7918,5.7790,61.49,122.00,0.008721
162.8673,5.7790,61.49,122.00,0.008903
162.9431,5.7790,61.76,122.00,0.008142
163.0194,5.7790,62.03,122.00,0.008272
163.0953,5.7790,61.22,122.00,0.008149
163.1731,5.7790,61.76,122.00,0.008665
163.2503,5.8970,61.49,122.00,0.008657
163.3281,5.8970,61.22,122.00,0.008874
163.4060,5.8970,61.22,122.00,0.008397
163.4831,5.8970,61.49,122.00,0.008537
163.5592,5.8970,61.49,122.00,0.008635
163.6342,5.8970,61.76,122.00,0.008854
163.7149,5.8970,61.22,122.00,0.008170
163.7945,5.8970,61.49,122.00,0.008783
163.8733,5.8970,61.49,122.00,0.008535
163.9528,5.8970,61.49,121.50,0.008644
164.0286,5.8970,61.49,121.00,0.008489
164.1041,5.8970,62.03,121.00,0.008576
164.1824,5.8970,61.76,121.00,0.008524
164.2578,5.8550,62.03,121.50,0.008291
164.3363,5.8550,61.22,121.50,0.008884
164.4146,5.8550,62.03,121.00,0.008718
164.4907,5.8550,61.22,121.00,0.008268
164.5663,5.8550,61.76,121.50,0.008420
164.6429,5.8550,61.49,121.00,0.008661
164.7184,5.8550,62.03,121.00,0.008566
164.7968,5.8550,61.22,121.00,0.008329
164.8714,5.8550,61.49,121.00,0.008251
164.9480,5.8550,61.76,121.00,0.009095
165.0272,5.8550,61.76,121.00,0.008806
165.1038,5.8550,62.03,121.00,0.008715
165.1786,5.8550,62.03,121.00,0.008396
165.2557,5.9120,62.30,121.00,0.009072
165.3305,5.9120,61.22,121.00,0.008599
165.4068,5.9120,61.22,121.00,0.008643
165.4869,5.9120,61.49,121.00,0.008449
165.5649,5.9120,61.76,121.00,0.008516
165.6422,5.9120,61.76,121.00,0.008611
165.7184,5.9120,61.76,121.00,0.008452
165.7959,5.9120,61.76,121.00,0.008816
165.8742,5.9120,61.76,121.00,0.008667
165.9522,5.9120,61.49,121.00,0.008978
166.0303,5.9120,61.49,121.00,0.008524
166.1056,5.9120,61.22,121.00,0.008282
166.1840,5.9120,62.03,121.00,0.008644
166.2600,5.9050,61.76,121.00,0.008912
166.3362,5.9050,62.03,121.00,0.008817
166.4130,5.9050,61.49,121.00,0.008426
166.4883,5.9050,61.49,121.00,0.008028
166.5622,5.9050,61.49,121.00,0.008264
166.6389,5.9050,62.03,121.00,0.008172
166.7138,5.9050,61.76,121.00,0.008246
166.7916,5.9050,61.76,121.00,0.008409
166.8659,5.9050,61.76,121.00,0.008028
166.9450,5.9050,61.49,121.00,0.008189
167.0198,5.9050,61.22,121.00,0.008389
167.0998,5.9050,61.76,121.00,0.008661
167.1752,5.9050,61.49,121.00,0.008681
167.2504,5.9050,61.49,121.00,0.008551
167.3273,5.9050,61.76,121.00,0.008450
167.4079,5.8210,61.49,121.00,0.008832
167.4832,5.8210,61.76,121.00,0.008853
167.5583,5.8210,61.49,121.00,0.007920
167.6341,5.8210,62.03,121.00,0.008094
167.7094,5.8210,61.76,121.00,0.008288
167.7841,5.8210,61.22,121.00,0.008231
167.8600,5.8210,62.03,121.00,0.008621
167.9336,5.8210,62.30,121.00,0.008125
168.0106,5.8210,61.49,120.00,0.007946
168.0845,5.8210,61.22,120.50,0.008064
168.1601,5.8210,62.03,120.00,0.008333
168.2359,5.8780,61.76,120.00,0.008846
168.3123,5.9350,61.49,120.00,0.008778
168.3895,5.9350,61.76,120.00,0.008894
168.4669,5.9350,61.49,120.50,0.008079
168.5430,5.9350,61.49,120.00,0.008141
168.6188,5.9350,61.49,120.00,0.008332
168.6955,5.9350,61.49,120.00,0.008437
168.7741,5.9350,62.03,120.00,0.008805
168.8515,5.9350,61.49,120.50,0.008771
168.9279,5.9350,61.49,121.00,0.008462
169.0062,5.9350,62.03,121.00,0.008986
169.0842,5.9350,61.76,120.00,0.008243
169.1575,5.9350,61.22,120.00,0.008368
169.2341,5.9350,62.03,120.00,0.008024
169.3102,5.9350,61.49,120.00,0.008345
169.3894,5.9390,61.76,120.00,0.008815
169.4667,5.9430,61.76,120.00,0.008341
169.5430,5.9430,61.49,120.00,0.008553
169.6210,5.9430,61.76,120.00,0.008887
169.6993,5.9430,61.76,120.00,0.008560
169.7740,5.9430,61.22,120.00,0.008618
169.8525,5.9430,61.49,120.00,0.008463
169.9273,5.9430,61.76,120.00,0.008646
170.0041,5.9430,61.76,120.00,0.009166
170.0794,5.9430,61.76,120.00,0.008725
170.1573,5.9430,61.76,120.00,0.008524
170.2309,5.9430,61.76,120.00,0.008195
170.3058,5.9430,61.49,120.00,0.008066
170.3817,5.9430,61.22,120.00,0.008157
170.4600,5.9485,61.76,120.00,0.008836
170.5351,5.9540,61.22,120.00,0.008364
170.6100,5.9540,61.76,120.00,0.008284
170.6879,5.9540,61.76,120.00,0.008086
170.7625,5.9540,61.76,120.00,0.008127
170.8397,5.9540,61.22,120.00,0.008528
170.9160,5.9540,61.22,120.00,0.008675
170.9909,5.9540,61.49,120.00,0.008669
171.0721,5.9540,61.76,120.00,0.008992
171.1522,5.9540,61.49,120.00,0.009025
171.2305,5.9105,62.03,120.00,0.008675
171.3072,5.8670,61.49,120.00,0.008233
171.3825,5.8670,61.49,120.00,0.008303
171.4600,5.8670,61.49,120.00,0.009180
171.5355,5.8670,61.49,120.00,0.008095
171.6121,5.8670,62.30,119.50,0.008174
171.6875,5.8670,62.03,119.00,0.008445
171.7630,5.8670,61.76,119.00,0.008721
171.8454,5.8670,61.49,119.00,0.009052
171.9226,5.8670,61.76,119.00,0.008755
171.9990,5.8670,61.49,119.00,0.008412
172.0763,5.8670,61.49,119.50,0.008777
172.1524,5.8670,61.22,119.00,0.008707
172.2274,5.8975,61.76,119.00,0.008508
172.3063,5.9280,61.22,119.00,0.008553
172.3843,5.9280,61.22,119.00,0.009331
172.4603,5.9280,61.49,119.00,0.008549
172.5352,5.9280,61.49,119.00,0.008334
172.6114,5.9280,61.76,119.00,0.008715
172.6869,5.9280,61.49,119.00,0.008604
172.7632,5.9280,61.22,119.00,0.008853
172.8380,5.9280,61.76,119.00,0.008340
172.9161,5.9280,61.49,119.00,0.008940
172.9916,5.9280,61.76,119.00,0.008975
173.0681,5.9280,61.49,119.00,0.008864
173.1470,5.9280,61.76,119.00,0.008383
173.2254,5.9280,61.76,119.00,0.008925
173.3030,5.9280,62.03,119.00,0.008581
173.3834,5.9280,62.03,119.00,0.008609
173.4595,5.9280,61.22,119.00,0.008885
173.5355,5.9280,61.76,119.00,0.008448
173.6115,5.9280,62.03,119.00,0.008979
173.6881,5.9280,61.22,119.00,0.009065
173.7677,5.9280,61.22,119.00,0.008770
173.8465,5.9280,61.22,119.00,0.008565
173.9245,5.9280,61.76,119.00,0.008670
174.0003,5.9280,61.76,119.00,0.008484
174.0783,5.9280,62.03,119.00,0.008682
174.1594,5.9280,61.22,119.00,0.008653
174.2349,5.9240,61.76,119.00,0.008520
174.3137,5.9200,61.76,119.00,0.008461
174.3903,5.9200,61.22,119.00,0.008218
174.4666,5.9200,61.49,119.00,0.008193
174.5445,5.9200,61.76,119.00,0.008423
174.6209,5.9200,61.49,119.00,0.008764
174.6961,5.9200,61.76,119.00,0.008392
174.7745,5.9200,61.49,119.00,0.008381
174.8537,5.9200,61.22,119.00,0.008797
174.9321,5.9200,61.22,119.00,0.008757
175.0091,5.9200,62.03,119.00,0.008397
175.0876,5.9200,61.49,119.00,0.008789
175.1625,5.9200,61.76,119.00,0.008587
175.2407,5.9220,61.76,119.00,0.008260
175.3158,5.9240,61.49,119.00,0.008451
175.3940,5.9240,61.49,119.00,0.008571
175.4717,5.9240,61.49,119.00,0.009289
175.5496,5.9240,61.49,119.00,0.008318
175.6248,5.9240,61.76,119.00,0.008474
175.7011,5.9240,61.76,119.00,0.008557
175.7764,5.9240,61.22,119.00,0.008856
175.8546,5.9240,61.22,119.00,0.008413
175.9307,5.9240,61.49,119.00,0.007942
176.0074,5.9240,62.03,119.00,0.008207
176.0848,5.9240,62.03,119.00,0.008738
176.1610,5.9240,61.76,119.00,0.008665
176.2376,5.9240,61.49,119.00,0.008283
176.3124,5.9240,61.49,119.00,0.008185
176.3864,5.9240,61.76,119.00,0.008225
176.4636,5.9240,61.76,119.00,0.008593
176.5394,5.9240,61.76,119.00,0.008527
176.6155,5.9240,61.76,119.00,0.008826
176.6908,5.9240,61.49,119.00,0.008538
176.7675,5.9240,61.76,119.00,0.008821
176.8433,5.9240,61.76,119.00,0.008391
176.9181,5.9240,61.76,119.00,0.008268
176.9926,5.9240,61.49,119.00,0.008519
177.0727,5.9240,61.49,119.00,0.008657
177.1499,5.9240,61.49,119.00,0.008574
177.2269,5.9240,61.49,119.00,0.008279
177.3029,5.9240,61.49,119.00,0.008222
177.3784,5.9240,61.49,119.00,0.008499
177.4565,5.9240,62.03,119.00,0.009547
177.5328,5.8700,61.49,119.00,0.008444
177.6126,5.8700,61.22,119.00,0.008729
177.6908,5.8700,62.03,118.50,0.008378
177.7682,5.8700,61.49,119.00,0.008396
177.8471,5.8700,61.49,119.00,0.008544
177.9239,5.8700,62.30,119.00,0.008121
178.0031,5.8700,62.03,119.00,0.008801
178.0819,5.8700,61.22,119.00,0.008212
178.1628,5.8700,62.03,119.00,0.008366
178.2412,5.8570,61.22,119.00,0.008834
178.3203,5.8440,61.22,119.00,0.008900
178.3998,5.8440,61.76,119.00,0.008849
178.4820,5.8440,61.76,119.00,0.009130
178.5580,5.8440,61.49,119.00,0.008371
178.6345,5.8440,61.76,119.00,0.008438
178.7098,5.8440,61.49,119.00,0.008307
178.7941,5.8440,61.76,119.00,0.008499
178.8740,5.8440,61.22,119.00,0.008979
178.9550,5.8440,61.49,119.00,0.007954
179.0295,5.8440,61.49,119.00,0.008058
179.1084,5.8440,61.76,119.00,0.008173
179.1862,5.8440,61.76,119.00,0.008870
179.2691,5.8360,61.49,119.00,0.008831
179.3511,5.8360,61.22,118.50,0.009325
179.4358,5.8360,61.76,118.50,0.009184
179.5198,5.8360,62.03,118.50,0.009164
179.6047,5.8360,61.22,118.00,0.009455
179.6874,5.8360,61.49,119.00,0.008716
179.7698,5.8360,61.49,119.00,0.008889
179.8529,5.8360,62.03,119.00,0.008915
179.9373,5.8360,61.76,119.00,0.009161
180.0198,5.8360,61.76,119.00,0.009042
180.1017,5.8360,61.22,119.00,0.008779
180.1856,5.8360,61.22,119.00,0.009078
180.2680,5.7180,61.49,119.00,0.009233
180.3508,5.7180,61.49,119.00,0.008773
180.4344,5.7180,61.76,119.00,0.008513
180.5149,5.7180,61.22,119.00,0.008934
180.5997,5.7180,61.22,119.00,0.009234
180.6801,5.7180,61.22,119.00,0.008869
180.7603,5.7180,61.49,119.00,0.008806
180.8376,5.7180,61.49,119.00,0.008335
180.9151,5.7180,61.49,119.00,0.008373
180.9914,5.7180,61.76,119.00,0.008336
181.0701,5.7180,61.22,119.00,0.008681
181.1455,5.7180,61.49,119.00,0.008876
181.2222,5.7180,61.76,119.00,0.008858
181.3035,5.8510,61.49,119.00,0.008960
181.3828,5.8510,62.03,119.00,0.008647
181.4628,5.8510,61.22,119.00,0.008762
181.5479,5.8510,61.22,119.00,0.008901
181.6291,5.8510,61.22,119.00,0.008845
181.7110,5.8510,61.49,119.00,0.008723
181.7914,5.8510,61.49,119.00,0.008423
181.8762,5.8510,62.03,119.00,0.008762
181.9597,5.8510,61.49,119.00,0.009388
182.0415,5.8510,61.49,119.00,0.008654
182.1225,5.8510,61.49,119.00,0.009335
182.2024,5.8510,61.22,119.00,0.008729
182.2860,5.8740,61.49,119.00,0.008982
182.3689,5.8740,61.22,119.00,0.009137
182.4530,5.8740,61.49,119.00,0.008714
182.5351,5.8740,61.22,119.00,0.008997
182.6171,5.8740,61.76,119.00,0.009259
182.7020,5.8740,61.22,119.00,0.009267
182.7853,5.8740,61.76,119.00,0.008853
182.8703,5.8740,61.22,119.00,0.009243
182.9460,5.8740,61.22,119.00,0.008038
183.0222,5.8740,61.22,119.00,0.008238
183.0980,5.8740,61.76,119.00,0.008110
183.1766,5.8740,61.22,119.00,0.008859
183.2595,5.8280,61.22,119.00,0.008875
183.3440,5.8280,61.49,119.00,0.009654
183.4238,5.8280,61.22,119.00,0.008807
183.5075,5.8280,61.76,119.00,0.008432
183.5881,5.8280,61.49,119.00,0.009105
183.6701,5.8280,61.22,119.00,0.008754
183.7493,5.8280,60.69,119.50,0.009323
183.8318,5.8280,61.76,120.00,0.008816
183.9142,5.8280,61.49,120.00,0.008377
183.9968,5.8280,61.49,120.00,0.009149
184.0738,5.8280,61.22,120.00,0.008044
184.1511,5.8280,61.49,120.00,0.008166
184.2275,5.8280,61.22,120.00,0.008347
184.3067,5.8280,61.49,120.00,0.008855
184.3889,5.7980,61.49,120.00,0.009162
184.4714,5.7980,61.76,120.00,0.008108
184.5472,5.7980,61.22,120.00,0.008127
184.6232,5.7980,61.49,120.00,0.008304
184.6984,5.7980,61.49,120.00,0.008174
184.7803,5.7980,62.03,120.00,0.008315
184.8550,5.7980,61.49,120.00,0.008556
184.9309,5.7980,61.22,120.00,0.008423
185.0070,5.7980,61.49,120.00,0.008634
185.0865,5.7980,61.49,120.00,0.008377
185.1673,5.7980,61.76,120.00,0.008757
185.2514,5.8115,61.22,120.00,0.008838
185.3314,5.8250,61.49,120.00,0.008613
185.4124,5.8250,61.22,120.00,0.009215
185.4868,5.8250,61.49,120.00,0.008330
185.5672,5.8250,61.49,120.00,0.008561
185.6449,5.8250,61.22,120.00,0.009074
185.7291,5.8250,61.22,120.00,0.008527
185.8110,5.8250,61.49,120.00,0.008556
185.8951,5.8250,61.22,120.00,0.008924
185.9762,5.8250,61.49,120.00,0.008914
186.0586,5.8250,61.76,120.00,0.009150
186.1388,5.8250,61.76,120.00,0.008877
186.2206,5.7695,61.22,120.00,0.009005
186.2988,5.7140,61.22,120.00,0.008618
186.3755,5.7140,62.03,120.00,0.008169
186.4506,5.7140,61.49,120.00,0.008616
186.5276,5.7140,60.95,120.00,0.009029
186.6047,5.7140,61.22,120.00,0.008623
186.6835,5.7140,61.76,120.00,0.008443
186.7606,5.7140,62.03,120.00,0.008726
186.8396,5.7140,61.49,120.00,0.008843
186.9169,5.7140,61.49,120.00,0.008676
186.9962,5.7140,61.22,121.00,0.008810
187.0711,5.7140,61.49,121.00,0.008496
187.1481,5.7140,61.76,121.00,0.009017
187.2279,5.7805,62.03,121.00,0.008907
187.3082,5.8470,61.76,121.00,0.009194
187.3854,5.8470,61.76,121.00,0.008869
187.4664,5.8470,62.03,121.00,0.008756
187.5440,5.8470,61.76,121.00,0.008650
187.6205,5.8470,62.03,121.00,0.008467
187.6964,5.8470,61.22,121.00,0.009147
187.7753,5.8470,61.76,121.00,0.008848
187.8506,5.8470,61.76,121.00,0.008594
187.9278,5.8470,61.49,121.00,0.008731
188.0052,5.8470,61.22,121.00,0.008795
188.0844,5.8470,61.76,121.00,0.008550
188.1644,5.8470,61.49,121.00,0.008356
188.2440,5.8720,62.30,121.00,0.008242
188.3210,5.8970,61.76,121.00,0.008351
188.3998,5.8970,61.49,121.00,0.009105
188.4746,5.8970,61.22,121.00,0.008516
188.5507,5.8970,61.22,121.00,0.008657
188.6275,5.8970,61.76,121.00,0.008257
188.7035,5.8970,61.49,121.00,0.008791
188.7784,5.8970,61.22,121.00,0.008633
188.8553,5.8970,62.03,121.00,0.008049
188.9338,5.8970,61.22,121.00,0.008148
189.0126,5.8970,61.49,121.00,0.008627
189.0894,5.8970,61.49,121.00,0.009031
189.1657,5.8970,61.22,121.00,0.008425
189.2434,5.8550,62.30,121.00,0.008499
189.3206,5.8130,61.76,121.00,0.009246
189.3991,5.8130,61.76,121.00,0.008356
189.4760,5.8130,61.49,121.00,0.008597
189.5509,5.8130,61.76,121.00,0.008445
189.6310,5.8130,61.49,121.00,0.008607
189.7054,5.8130,61.49,121.00,0.008723
189.7839,5.8130,61.49,121.00,0.008449
189.8632,5.8130,61.76,121.00,0.008511
189.9398,5.8130,61.76,121.00,0.008558
190.0194,5.8130,61.49,121.00,0.008625
190.0964,5.8130,61.49,121.00,0.008689
190.1760,5.8130,61.49,121.00,0.008742
190.2553,5.8645,61.22,121.00,0.008752
190.3308,5.9160,61.49,121.00,0.008303
190.4084,5.9160,61.49,121.00,0.008956
190.4840,5.9160,61.49,121.00,0.009096
190.5633,5.9160,61.49,121.00,0.008758
190.6387,5.9160,61.49,121.00,0.008719
190.7154,5.9160,61.22,121.00,0.008585
190.7910,5.9160,61.49,121.00,0.008643
190.8674,5.9160,61.22,121.00,0.008029
190.9433,5.9160,61.49,121.00,0.008165
191.0187,5.9160,61.49,121.00,0.008147
191.0927,5.9160,61.76,121.00,0.008390
191.1719,5.9160,61.76,121.00,0.008776
191.2474,5.8950,61.76,122.00,0.008978
191.3248,5.8740,61.76,122.00,0.008550
191.4004,5.8740,61.76,122.00,0.008575
191.4801,5.8740,61.49,122.00,0.008964
191.5539,5.8740,61.76,122.00,0.008136
191.6317,5.8740,62.03,122.00,0.008443
191.7066,5.8740,61.49,122.00,0.008635
191.7848,5.8740,61.49,122.00,0.008230
191.8594,5.8740,61.76,122.00,0.008484
191.9358,5.8740,61.22,122.00,0.008298
192.0125,5.8740,61.76,122.00,0.008637
192.0888,5.8740,61.49,122.00,0.008550
192.1625,5.8740,61.49,122.00,0.008157
192.2372,5.8740,61.22,122.00,0.008104
192.3111,5.8740,61.76,122.00,0.008226
192.3862,5.8930,61.49,122.00,0.008101
192.4631,5.9120,62.30,122.00,0.008191
192.5393,5.9120,61.49,122.00,0.008265
192.6185,5.9120,62.03,122.00,0.008605
192.6943,5.9120,61.76,122.00,0.008221
192.7718,5.9120,61.76,122.00,0.008606
192.8486,5.9120,61.22,122.00,0.008792
192.9218,5.9120,61.76,122.00,0.008203
192.9991,5.9120,61.22,122.00,0.008198
193.0755,5.9120,61.22,122.00,0.008480
193.1542,5.9120,61.22,122.00,0.008618
193.2301,5.9120,61.76,122.00,0.008366
193.3075,5.9120,61.49,122.00,0.008376
193.3846,5.8740,61.76,122.00,0.008275
193.4639,5.8740,61.49,122.00,0.008778
193.5403,5.8740,62.03,122.00,0.008565
193.6163,5.8740,61.76,122.00,0.008322
193.6959,5.8740,61.49,121.50,0.008811
193.7730,5.8740,61.49,121.00,0.008969
193.8477,5.8740,61.76,122.00,0.008407
193.9263,5.8740,61.49,122.00,0.008373
194.0041,5.8740,61.49,122.00,0.009037
194.0826,5.8740,61.49,122.00,0.008437
194.1595,5.8740,61.49,122.00,0.008615
194.2368,5.8740,61.22,122.00,0.008901
194.3160,5.8740,61.22,122.00,0.008745
194.3945,5.8740,61.22,121.50,0.008726
194.4711,5.8740,61.49,121.00,0.008073
194.5458,5.8740,61.49,121.50,0.008021
194.6220,5.8740,61.76,121.50,0.007981
194.6993,5.8740,61.49,121.00,0.008175
194.7724,5.8740,61.49,121.50,0.008045
194.8479,5.8740,61.49,121.50,0.008394
194.9219,5.8740,61.22,121.50,0.008352
195.0001,5.8740,61.76,121.00,0.008854
195.0789,5.8740,61.49,121.00,0.008146
195.1560,5.8740,62.03,121.00,0.008925
195.2314,5.8740,61.49,121.50,0.009183
195.3071,5.8740,61.49,121.00,0.008422
195.3822,5.8740,62.03,121.00,0.008312
195.4595,5.8740,61.22,121.00,0.008283
195.5359,5.8740,61.49,121.50,0.008038
195.6110,5.8740,62.03,121.00,0.008328
195.6880,5.8780,61.49,121.00,0.008799
195.7672,5.8820,61.49,121.00,0.008795
195.8422,5.8820,61.22,121.50,0.008568
195.9204,5.8820,61.76,121.00,0.008370
195.9975,5.8820,61.49,121.00,0.008698
196.0783,5.8820,61.76,121.00,0.008571
196.1551,5.8820,61.76,121.00,0.008838
196.2314,5.8705,61.22,121.00,0.008390
196.3086,5.8590,61.76,121.50,0.008414
196.3879,5.8590,61.49,121.00,0.008785
196.4627,5.8590,61.22,121.00,0.008544
196.5387,5.8590,61.49,121.00,0.008215
196.6157,5.8590,61.76,121.00,0.008382
196.6920,5.8590,61.76,121.00,0.008844
196.7676,5.8590,61.49,121.00,0.008848
196.8438,5.8590,61.22,121.00,0.008445
196.9206,5.8590,61.76,121.00,0.008188
196.9995,5.8590,61.49,121.50,0.008806
197.0748,5.8590,61.76,121.50,0.008778
197.1533,5.8590,61.76,121.00,0.008326
197.2267,5.8590,61.22,121.00,0.008236
197.3017,5.8590,61.49,121.00,0.007962
197.3757,5.8590,61.49,122.00,0.008390
197.4519,5.8590,61.76,122.00,0.008497
197.5289,5.8590,61.22,122.00,0.009121
197.6073,5.8590,61.49,121.50,0.008258
197.6826,5.8590,61.49,121.00,0.008524
197.7590,5.8590,61.49,121.50,0.008481
197.8343,5.8590,61.76,122.00,0.008776
197.9110,5.8590,61.76,121.00,0.008514
197.9882,5.8590,61.49,121.00,0.008838
198.0646,5.8590,61.49,121.00,0.008632
198.1407,5.8590,61.22,121.00,0.008199
198.2150,5.8590,61.49,121.00,0.008075
198.2884,5.8590,61.76,121.00,0.008140
198.3666,5.8590,61.76,121.00,0.008329
198.4426,5.8590,62.03,121.00,0.008161
198.5173,5.8590,61.22,121.00,0.008227
198.5906,5.8590,61.76,121.00,0.007996
198.6662,5.8590,61.76,121.00,0.008505
198.7418,5.9160,61.49,121.00,0.008847
198.8201,5.9160,61.49,121.00,0.008389
198.8945,5.9160,61.76,121.00,0.008427
198.9731,5.9160,61.49,121.00,0.008430
199.0501,5.9160,61.76,121.00,0.008747
199.1310,5.9160,61.49,121.00,0.008571
199.2079,5.9160,62.30,121.00,0.008812
199.2872,5.8470,61.76,121.00,0.008528
199.3647,5.8470,61.22,121.00,0.008757
199.4434,5.8470,61.22,121.00,0.008999
199.5230,5.8470,61.76,121.00,0.008891
199.5991,5.8470,61.76,121.00,0.008432
199.6761,5.8470,61.49,121.00,0.008713
199.7528,5.8470,61.76,121.00,0.008911
199.8281,5.8470,61.49,121.00,0.008813
199.9046,5.8470,61.76,121.00,0.008836
199.9817,5.8470,61.76,121.00,0.008864
200.0631,5.8470,61.22,121.00,0.008665
200.1369,5.8470,61.22,121.00,0.008361
200.2138,5.8470,61.76,121.00,0.008102
200.2905,5.8470,61.49,121.00,0.008658
200.3689,5.9310,61.76,121.00,0.008612
200.4445,5.9310,61.76,121.00,0.009430
200.5225,5.9310,61.49,121.00,0.008474
200.6002,5.9310,61.22,121.00,0.009084
200.6769,5.9310,62.03,121.00,0.008772
200.7518,5.9310,61.22,121.00,0.008728
200.8287,5.9310,61.49,121.00,0.008542
200.9045,5.9310,61.22,121.00,0.008858
200.9837,5.9310,62.03,121.00,0.008580
201.0577,5.9310,61.49,121.00,0.007951
201.1349,5.9310,61.49,121.00,0.008243
201.2113,5.9310,62.30,121.00,0.008623
201.2884,5.9255,62.03,121.00,0.009028
201.3659,5.9200,61.49,121.00,0.008526
201.4455,5.9200,61.49,121.00,0.008637
201.5226,5.9200,61.49,121.00,0.008885
201.6009,5.9200,61.49,121.00,0.008331
201.6754,5.9200,61.76,121.00,0.008498
201.7563,5.9200,61.49,121.00,0.008675
201.8314,5.9200,61.49,121.00,0.008594
201.9077,5.9200,61.49,121.00,0.008448
201.9833,5.9200,61.49,121.00,0.008584
202.0641,5.9200,61.49,120.50,0.008718
202.1388,5.9200,61.76,120.00,0.008724
202.2159,5.9085,61.76,120.00,0.008918
202.2957,5.8970,61.22,120.00,0.008739
202.3746,5.8970,61.49,120.00,0.008560
202.4542,5.8970,61.76,120.00,0.008464
202.5317,5.8970,61.76,120.00,0.009022
202.6074,5.8970,61.49,120.00,0.008708
202.6865,5.8970,61.22,121.00,0.008565
202.7623,5.8970,61.49,121.00,0.008492
202.8432,5.8970,61.49,121.00,0.008506
202.9184,5.8970,62.03,121.00,0.008800
202.9962,5.8970,61.49,121.00,0.008827
203.0763,5.8970,61.22,121.00,0.009002
203.1553,5.8970,62.03,121.00,0.008471
203.2332,5.8950,61.49,121.00,0.008910
203.3128,5.8930,62.03,121.00,0.008574
203.3906,5.8930,61.76,121.00,0.008477
203.4681,5.8930,61.22,121.00,0.009111
203.5446,5.8930,61.76,121.00,0.008946
203.6214,5.8930,61.49,121.00,0.008545
203.6989,5.8930,61.76,121.00,0.008408
203.7786,5.8930,61.49,121.00,0.008501
203.8561,5.8930,61.49,121.00,0.008727
203.9357,5.8930,61.76,121.00,0.008812
204.0112,5.8930,61.49,120.50,0.008603
204.0902,5.8930,62.03,120.00,0.008302
204.1660,5.8930,61.22,120.00,0.008553
204.2437,5.8930,61.22,120.00,0.008027
204.3166,5.8930,61.76,120.00,0.007986
204.3920,5.8930,62.03,120.00,0.008175
204.4667,5.8930,61.76,120.50,0.008518
204.5430,5.8930,62.30,120.50,0.008418
204.6180,5.8930,61.76,120.50,0.008396
204.6964,5.8930,61.76,121.00,0.008539
204.7753,5.8930,61.76,120.00,0.008483
204.8539,5.8930,61.22,120.00,0.008537
204.9307,5.8930,61.49,120.50,0.008686
205.0106,5.8930,61.76,120.00,0.008317
205.0878,5.8930,61.76,120.00,0.008677
205.1639,5.8930,61.49,120.00,0.008673
205.2390,5.8930,61.76,120.50,0.008601
205.3188,5.8930,61.76,120.00,0.008233
205.3942,5.9120,61.76,120.50,0.008564
205.4712,5.9120,61.49,120.00,0.008497
205.5486,5.9120,61.49,120.00,0.008672
205.6278,5.9120,61.49,120.50,0.008277
205.7053,5.9120,61.49,120.50,0.008990
205.7841,5.9120,61.76,120.00,0.009208
205.8611,5.9120,61.49,120.00,0.008753
205.9397,5.9120,61.76,120.50,0.008500
206.0140,5.9120,61.76,120.50,0.008351
206.0917,5.9120,61.76,120.50,0.007987
206.1671,5.9120,62.30,120.00,0.008273
206.2421,5.9120,61.49,120.00,0.007987
206.3179,5.9120,61.76,120.00,0.008437
206.3991,5.8860,61.22,120.00,0.008677
206.4757,5.8860,61.49,120.00,0.008393
206.5505,5.8860,61.49,120.00,0.008129
206.6238,5.8860,61.49,120.00,0.008187
206.6992,5.8860,61.76,120.00,0.008350
206.7758,5.8860,61.49,120.00,0.008547
206.8545,5.8860,61.49,120.00,0.008247
206.9317,5.8860,61.22,120.00,0.009130
207.0074,5.8860,61.49,120.00,0.008620
207.0828,5.8860,61.49,120.00,0.008691
207.1634,5.8860,61.49,120.00,0.008552
207.2406,5.8860,61.49,120.00,0.009323
207.3165,5.8860,61.49,120.00,0.008426
207.3924,5.8860,61.76,120.00,0.008023
207.4683,5.8860,61.76,120.00,0.008045
207.5488,5.8860,61.49,120.00,0.008843
207.6323,5.8860,61.49,120.00,0.009087
207.7082,5.8860,61.49,120.00,0.008013
207.7856,5.8860,61.49,120.00,0.008003
207.8599,5.8860,61.22,120.00,0.008002
207.9357,5.8860,61.49,120.00,0.008214
208.0153,5.8860,61.49,120.00,0.009256
208.0982,5.8860,61.49,120.00,0.009048
208.1778,5.8860,62.03,120.00,0.008188
208.2552,5.8860,61.22,120.00,0.008502
208.3317,5.8860,61.22,120.00,0.008841
208.4156,5.8470,61.49,120.00,0.008640
208.4965,5.8470,61.49,120.00,0.009085
208.5757,5.8470,61.22,120.00,0.008045
208.6506,5.8470,61.22,120.00,0.008871
208.7282,5.8470,62.03,120.00,0.008626
208.8073,5.8470,61.49,120.00,0.008680
208.8901,5.8470,61.76,120.00,0.009007
208.9674,5.8470,61.49,120.00,0.008811
209.0490,5.8470,61.49,120.00,0.008654
209.1283,5.8470,61.49,120.00,0.008349
209.2133,5.8470,61.49,120.00,0.009153
209.2912,5.8470,61.49,120.00,0.008539
209.3661,5.8470,61.49,120.00,0.008075
209.4453,5.8470,61.49,120.00,0.008218
209.5259,5.8470,61.76,120.00,0.008840
209.6066,5.8470,61.22,120.00,0.008938
209.6887,5.8470,61.49,120.00,0.008460
209.7689,5.8470,61.49,120.00,0.008538
209.8515,5.8470,61.76,120.00,0.008735
209.9302,5.8470,61.49,120.00,0.008512
210.0147,5.8470,61.22,120.00,0.008931
210.0952,5.8470,61.49,120.00,0.009047
210.1775,5.8470,61.49,120.00,0.008404
210.2607,5.7480,61.22,120.00,0.008519
210.3445,5.7480,61.49,120.00,0.009218
210.4248,5.7480,61.76,120.00,0.008704
210.5074,5.7480,61.22,120.00,0.008964
210.5873,5.7480,61.49,120.00,0.008495
210.6722,5.7480,61.76,120.00,0.008908
210.7524,5.7480,61.76,120.00,0.008899
210.8351,5.7480,61.22,120.00,0.009096
210.9178,5.7480,61.76,120.00,0.009084
211.0000,5.7480,61.49,120.00,0.008720
211.0831,5.7480,61.22,120.00,0.008772
211.1627,5.7480,61.49,120.00,0.008529
211.2444,5.7710,61.76,120.00,0.009460
211.3291,5.7940,61.49,120.00,0.008487
211.4093,5.7940,60.95,120.00,0.009086
211.4911,5.7940,61.22,120.00,0.008495
211.5712,5.7940,61.49,120.00,0.008667
211.6503,5.7940,61.49,120.00,0.008419
211.7294,5.7940,61.76,120.00,0.009087
211.8081,5.7940,61.22,119.50,0.008921
211.8829,5.7940,61.49,119.00,0.008671
211.9596,5.7940,61.49,120.00,0.008410
212.0346,5.7940,61.22,120.00,0.008671
212.1097,5.7940,61.49,120.00,0.008142
212.1829,5.7940,61.76,120.00,0.007964
212.2581,5.7940,61.49,120.00,0.007920
212.3326,5.8760,61.76,120.00,0.008528
212.4118,5.9580,61.49,119.00,0.008706
212.4890,5.9580,61.49,119.50,0.008538
212.5661,5.9580,61.22,119.00,0.008999
212.6435,5.9580,61.49,119.00,0.008938
212.7217,5.9580,62.03,119.00,0.008536
212.7991,5.9580,61.76,119.00,0.008582
212.8757,5.9580,61.49,119.00,0.008709
212.9528,5.9580,61.22,119.00,0.008920
213.0321,5.9580,61.49,119.00,0.009032
213.1070,5.9580,61.22,119.00,0.008687
213.1840,5.9580,61.22,119.50,0.008807
213.2638,5.9120,61.76,119.00,0.008843
213.3430,5.9120,61.76,119.00,0.008800
213.4200,5.9120,61.49,119.00,0.008723
213.4976,5.9120,61.49,119.00,0.008396
213.5750,5.9120,61.76,119.00,0.008837
213.6533,5.9120,61.76,120.00,0.008614
213.7337,5.9120,61.22,120.00,0.008212
213.8109,5.9120,61.49,119.00,0.008030
213.8878,5.9120,61.49,119.00,0.008569
213.9686,5.9120,61.49,119.00,0.008242
214.0502,5.9120,61.76,119.00,0.008734
214.1371,5.9120,61.22,119.00,0.008806
214.2191,5.7900,61.76,119.00,0.009632
214.3027,5.6680,61.49,119.00,0.008323
214.3789,5.6680,61.22,120.00,0.008552
214.4587,5.6680,61.49,120.00,0.008792
214.5395,5.6680,61.49,120.00,0.008544
214.6186,5.6680,61.22,120.00,0.008493
214.6960,5.6680,61.49,120.00,0.009028
214.7760,5.6680,62.03,120.00,0.009134
214.8510,5.6680,61.49,120.00,0.008205
214.9269,5.6680,61.76,120.00,0.008204
215.0023,5.6680,61.22,120.00,0.008064
215.0813,5.6680,61.76,120.00,0.008758
215.1606,5.6680,61.76,120.00,0.009112
215.2393,5.7770,61.49,120.00,0.008888
215.3186,5.8860,61.49,120.00,0.008853
215.3987,5.8860,61.76,120.00,0.008841
215.4757,5.8860,62.03,120.00,0.008494
215.5543,5.8860,61.76,120.00,0.008412
215.6349,5.8860,61.76,120.00,0.008767
215.7158,5.8860,61.76,120.00,0.009078
215.7924,5.8860,61.76,120.00,0.008507
215.8754,5.8860,61.76,120.00,0.008658
215.9540,5.8860,61.49,120.00,0.008515
216.0346,5.8860,61.76,120.00,0.009021
216.1155,5.8860,61.76,120.00,0.008602
216.1941,5.8860,62.03,120.00,0.008849
216.2699,5.7480,61.76,120.00,0.008027
216.3495,5.7480,61.22,120.00,0.008251
216.4265,5.7480,61.49,120.00,0.007959
216.5072,5.7480,61.22,120.00,0.008570
216.5830,5.7480,61.49,120.00,0.008194
216.6630,5.7480,61.49,120.00,0.007980
216.7382,5.7480,61.49,120.00,0.007904
216.8151,5.7480,61.22,120.00,0.008266
216.8904,5.7480,61.76,120.00,0.008117
216.9693,5.7480,61.49,120.00,0.009059
217.0484,5.7480,61.22,120.00,0.008859
217.1296,5.7480,62.03,120.00,0.009089
217.2061,5.7480,61.22,120.00,0.008777
217.2873,5.8210,61.49,120.00,0.008652
217.3679,5.8210,61.49,120.00,0.008918
217.4529,5.8210,61.76,120.00,0.008840
217.5365,5.8210,61.22,120.00,0.009163
217.6212,5.8210,61.76,120.00,0.009088
217.7052,5.8210,61.76,120.00,0.008535
217.7894,5.8210,61.49,120.00,0.008929
217.8731,5.8210,61.49,120.00,0.008663
217.9574,5.8210,61.22,120.00,0.008756
218.0357,5.8210,61.49,120.00,0.008250
218.1163,5.8210,61.49,120.00,0.008236
218.1919,5.8210,61.49,120.00,0.008444
218.2745,5.8210,61.49,120.00,0.008849
218.3592,5.6990,61.76,120.00,0.008891
218.4457,5.6990,61.22,120.00,0.009009
218.5221,5.6990,61.22,120.00,0.007999
218.5999,5.6990,61.49,120.00,0.008091
218.6759,5.6990,61.49,120.00,0.008600
218.7558,5.6990,61.49,120.00,0.008834
218.8402,5.6990,61.22,120.00,0.008804
218.9203,5.6990,61.76,120.00,0.008512
218.9990,5.6990,61.22,120.00,0.008505
219.0798,5.6990,61.22,120.00,0.008636
219.1566,5.6990,62.03,120.00,0.009020
219.2398,5.7790,61.76,120.00,0.008770
219.3192,5.8590,61.49,120.00,0.008859
219.3996,5.8590,61.22,120.00,0.008575
219.4767,5.8590,61.22,120.00,0.008707
219.5568,5.8590,61.76,120.00,0.008482
219.6374,5.8590,61.49,120.00,0.008847
219.7150,5.8590,61.22,120.00,0.008290
219.7908,5.8590,61.76,120.00,0.008493
219.8672,5.8590,61.76,120.00,0.008157
219.9441,5.8590,61.49,120.00,0.009045
220.0225,5.8590,61.22,121.00,0.008809
220.1016,5.8590,61.22,121.00,0.007992
220.1779,5.8590,61.49,121.00,0.007930
220.2541,5.8590,61.76,121.00,0.008249
220.3306,5.8590,61.49,121.00,0.007953
220.4088,5.8860,61.22,121.00,0.008633
220.4862,5.8860,62.03,121.00,0.008124
220.5618,5.8860,61.22,121.00,0.008135
220.6394,5.8860,61.22,121.00,0.008309
220.7157,5.8860,61.76,121.00,0.008776
220.7940,5.8860,61.49,121.00,0.008564
220.8714,5.8860,61.22,121.00,0.008228
220.9515,5.8860,61.76,121.00,0.008438
221.0286,5.8860,61.76,121.00,0.008344
221.1068,5.8860,61.49,121.00,0.008426
221.1839,5.8860,61.49,121.00,0.009035
221.2604,5.8860,61.76,121.00,0.008142
221.3392,5.8860,61.22,121.00,0.008178
221.4160,5.8860,61.49,121.00,0.008292
221.4940,5.8280,61.22,121.00,0.008102
221.5716,5.8280,61.49,121.00,0.008209
221.6464,5.8280,61.76,121.00,0.007948
221.7235,5.8280,61.49,121.00,0.008397
221.8002,5.8280,61.49,121.00,0.008883
221.8809,5.8280,61.22,121.00,0.008908
221.9600,5.8280,61.22,121.00,0.008983
222.0397,5.8280,61.22,121.00,0.008486
222.1169,5.8280,61.49,121.00,0.008578
222.1954,5.8280,61.49,121.00,0.008625
222.2753,5.8170,61.22,121.00,0.008834
222.3552,5.8170,61.49,121.00,0.008806
222.4319,5.8170,62.03,121.00,0.008803
222.5094,5.8170,61.49,121.00,0.008118
222.5862,5.8170,61.49,121.00,0.008112
222.6640,5.8170,61.22,121.00,0.008445
222.7420,5.8170,61.22,121.00,0.008712
222.8207,5.8170,61.49,121.00,0.008825
222.8963,5.8170,61.22,121.00,0.008448
222.9747,5.8170,61.76,121.00,0.008701
223.0510,5.8170,61.22,121.00,0.008301
223.1295,5.8170,61.49,121.00,0.008733
223.2082,5.8170,61.22,121.00,0.008454
223.2859,5.8170,61.22,121.00,0.008258
223.3644,5.8170,61.76,121.00,0.008005
223.4450,5.8170,61.22,121.00,0.008571
223.5256,5.8170,61.49,121.00,0.008210
223.6040,5.8170,61.22,121.00,0.009086
223.6805,5.8170,61.22,121.00,0.008559
223.7638,5.8170,62.03,121.00,0.008845
223.8427,5.8170,61.22,120.00,0.008410
223.9208,5.8170,61.76,121.00,0.009027
223.9999,5.8170,61.49,121.00,0.008933
224.0801,5.8170,61.22,121.00,0.008713
224.1565,5.8170,61.22,121.00,0.008361
224.2366,5.8170,62.03,121.00,0.008543
224.3154,5.8170,61.76,121.00,0.008516
224.3941,5.8170,61.49,121.00,0.008516
224.4710,5.8170,61.49,121.00,0.008955
224.5551,5.9010,61.49,121.00,0.008559
224.6342,5.9010,61.49,121.00,0.008939
224.7153,5.9010,61.49,121.00,0.008733
224.7927,5.9010,61.76,121.00,0.008896
224.8739,5.9010,61.49,121.00,0.008496
224.9526,5.9010,61.49,121.00,0.008514
225.0311,5.9010,61.76,121.00,0.008741
225.1081,5.9010,61.49,121.00,0.008840
225.1863,5.9010,61.76,121.00,0.008417
225.2663,5.8780,61.76,120.00,0.008500
225.3443,5.8780,61.49,120.00,0.008548
225.4239,5.8780,61.22,120.00,0.009189
225.5001,5.8780,61.22,120.00,0.008135
225.5749,5.8780,61.49,120.00,0.008536
225.6553,5.8780,61.76,120.00,0.008395
225.7319,5.8780,62.03,120.00,0.008959
225.8110,5.8780,61.76,120.00,0.008672
225.8907,5.8780,61.49,120.00,0.008894
225.9688,5.8780,61.49,120.00,0.008831
226.0492,5.8780,61.76,120.00,0.008315
226.1270,5.8780,62.03,120.00,0.008201
226.2059,5.8780,61.22,120.50,0.008625
226.2850,5.9310,62.03,121.00,0.008916
226.3635,5.9310,61.22,121.00,0.008460
226.4448,5.9310,61.76,120.50,0.008640
226.5261,5.9310,61.49,120.00,0.008516
226.6044,5.9310,61.49,121.00,0.008543
226.6845,5.9310,61.49,120.00,0.009075
226.7622,5.9310,61.76,120.00,0.008632
226.8391,5.9310,61.22,120.00,0.008569
226.9193,5.9310,61.49,120.00,0.008537
226.9976,5.9310,61.76,120.00,0.008495
227.0762,5.9310,61.49,120.00,0.008724
227.1552,5.9310,61.76,120.00,0.008689
227.2337,5.9180,61.49,120.00,0.008725
227.3157,5.9050,62.03,120.00,0.008863
227.3950,5.9050,61.22,120.00,0.008973
227.4719,5.9050,61.49,120.00,0.008915
227.5499,5.9050,61.76,120.00,0.008435
227.6274,5.9050,61.49,120.00,0.008352
227.7084,5.9050,61.49,120.00,0.009041
227.7865,5.9050,61.22,120.00,0.008713
227.8670,5.9050,61.22,120.00,0.008354
227.9460,5.9050,61.76,120.00,0.008475
228.0266,5.9050,61.76,120.00,0.008635
228.1029,5.9050,61.49,120.00,0.008673
228.1838,5.9050,61.76,120.00,0.008789
228.2600,5.8670,61.22,120.00,0.008509
228.3410,5.8670,61.76,120.00,0.008691
228.4199,5.8670,61.22,120.00,0.008439
228.5010,5.8670,61.76,120.00,0.008710
228.5818,5.8670,61.49,120.00,0.008549
228.6628,5.8670,61.22,120.00,0.008666
228.7424,5.8670,61.49,120.00,0.008696
228.8234,5.8670,61.76,120.00,0.008769
228.9013,5.8670,61.22,120.00,0.008990
228.9800,5.8670,61.22,120.00,0.008568
229.0599,5.8670,61.49,120.00,0.008611
229.1571,5.8670,61.49,121.00,0.008430
229.2313,5.8670,61.22,121.00,0.008294
229.3086,5.8670,61.49,121.00,0.008694
229.3861,5.8705,61.49,121.00,0.008475
229.4641,5.8740,61.49,121.00,0.008938
229.5391,5.8740,61.49,121.00,0.008812
229.6160,5.8740,61.49,121.00,0.008704
229.6910,5.8740,61.76,121.00,0.008138
229.7681,5.8740,61.76,121.00,0.008985
229.8444,5.8740,61.49,121.00,0.008733
229.9208,5.8740,61.49,121.00,0.008613
229.9960,5.8740,61.76,121.00,0.008303
230.0729,5.8740,61.22,121.00,0.008640
230.1508,5.8740,62.03,121.00,0.008686
230.2281,5.8990,61.76,121.00,0.008680
230.3041,5.9240,61.49,121.00,0.008169
230.3804,5.9240,61.22,121.00,0.008778
230.4564,5.9240,61.22,121.00,0.008667
230.5351,5.9240,61.49,121.00,0.008664
230.6123,5.9240,61.49,121.00,0.008163
230.6886,5.9240,61.49,121.00,0.008717
230.7669,5.9240,61.22,121.00,0.008921
230.8427,5.9240,61.76,121.00,0.008451
230.9203,5.9240,61.49,121.00,0.008069
230.9967,5.9240,61.22,121.00,0.008739
231.0723,5.9240,61.49,121.00,0.008784
231.1511,5.9240,60.95,121.00,0.008238
231.2294,5.9485,61.49,121.00,0.008500
231.3084,5.9730,61.22,121.00,0.009155
231.3840,5.9730,61.76,121.00,0.009124
231.4604,5.9730,61.49,121.00,0.008812
231.5360,5.9730,61.49,121.00,0.008417
231.6128,5.9730,61.22,121.00,0.008429
231.6888,5.9730,61.76,121.00,0.008594
231.7694,5.9730,61.76,121.00,0.008578
231.8471,5.9730,61.22,121.00,0.008527
231.9231,5.9730,61.49,121.00,0.008378
231.9982,5.9730,61.49,121.00,0.008304
232.0754,5.9730,61.76,121.00,0.008040
232.1499,5.9730,61.22,121.00,0.008181
232.2269,5.9730,61.76,121.00,0.008100
232.3031,5.9730,61.49,121.00,0.008934
232.3791,5.9730,61.76,120.00,0.008310
232.4552,5.9730,61.76,120.00,0.008525
232.5360,5.9730,61.49,120.00,0.009019
232.6163,5.9730,61.49,120.00,0.008872
232.6928,5.9730,61.22,120.00,0.008861
232.7705,5.9730,61.49,120.00,0.008692
232.8491,5.9730,61.49,120.00,0.008702
232.9291,5.9730,62.30,120.00,0.008494
233.0072,5.9730,61.76,120.00,0.008606
233.0833,5.9730,61.22,120.50,0.008991
233.1599,5.9730,61.49,121.00,0.008947
233.2348,5.9730,61.22,121.00,0.008082
233.3096,5.9730,61.22,121.00,0.008168
233.3864,5.9730,61.22,121.00,0.008220
233.4641,5.9730,61.49,120.00,0.008770
233.5403,5.9730,62.03,120.00,0.009157
233.6163,5.9730,61.22,120.00,0.008611
233.6946,5.9730,61.49,120.00,0.008806
233.7712,5.9730,61.22,120.00,0.008692
233.8492,5.9730,61.49,120.50,0.008683
233.9249,5.9730,61.49,120.50,0.008621
234.0024,5.9730,61.22,120.00,0.008471
234.0812,5.9730,61.49,120.00,0.008958
234.1611,5.9730,61.22,120.00,0.008616
234.2390,5.9730,62.03,120.00,0.008494
234.3169,5.9730,61.22,120.50,0.008489
234.3953,5.9730,61.76,120.00,0.008398
234.4759,5.9730,61.49,120.00,0.008914
234.5538,5.9730,61.22,120.00,0.008559
234.6326,5.9730,61.76,120.00,0.008739
234.7085,5.9730,61.22,120.00,0.008470
234.7865,5.9730,61.49,120.00,0.008715
234.8625,5.9730,62.30,120.00,0.008433
234.9385,5.9730,61.76,120.00,0.008542
235.0150,5.9730,62.03,120.00,0.008551
235.0904,5.9730,61.49,120.00,0.008448
235.1666,5.9730,62.03,120.00,0.008357
235.2448,5.9505,61.76,120.00,0.008659
235.3240,5.9280,61.76,120.00,0.008561
235.3994,5.9280,61.76,120.50,0.008835
235.4802,5.9280,62.03,120.00,0.008898
235.5560,5.9280,61.22,120.00,0.008837
235.6327,5.9280,62.03,120.00,0.008450
235.7105,5.9280,61.49,120.00,0.008538
235.7893,5.9280,61.49,120.00,0.008779
235.8677,5.9280,61.22,120.00,0.008986
235.9436,5.9280,61.76,120.00,0.008783
236.0219,5.9280,61.49,120.00,0.008749
236.0999,5.9280,61.49,120.00,0.008551
236.1752,5.9280,61.49,120.00,0.008489
236.2541,5.8400,61.49,120.00,0.008284
236.3320,5.8400,61.49,120.00,0.008624
236.4074,5.8400,61.22,120.00,0.008275
236.4823,5.8400,61.49,120.00,0.008380
236.5569,5.8400,61.76,120.00,0.008033
236.6310,5.8400,61.76,120.00,0.008183
236.7082,5.8400,61.76,120.00,0.008804
236.7852,5.8400,61.76,120.00,0.007958
236.8594,5.8400,61.76,120.00,0.008035
236.9341,5.8400,61.76,120.00,0.008392
237.0109,5.8400,62.03,120.00,0.008071
237.0861,5.8400,61.22,120.00,0.008291
237.1622,5.8400,61.49,120.00,0.008078
237.2399,5.8550,61.49,120.00,0.008501
237.3164,5.8700,61.76,120.00,0.008714
237.3923,5.8700,61.49,120.00,0.008643
237.4714,5.8700,61.49,120.00,0.008725
237.5470,5.8700,61.22,120.00,0.008458
237.6259,5.8700,61.22,120.00,0.008806
237.7041,5.8700,61.22,120.00,0.008566
237.7824,5.8700,61.49,120.00,0.008323
237.8609,5.8700,61.49,120.00,0.008589
237.9362,5.8700,61.49,120.00,0.008070
238.0107,5.8700,61.49,120.00,0.008482
238.0859,5.8700,61.76,120.00,0.008203
238.1635,5.8700,61.76,120.00,0.008722
238.2395,5.8815,61.49,120.00,0.008371
238.3179,5.8930,61.49,120.00,0.008469
238.3966,5.8930,61.49,120.00,0.008438
238.4750,5.8930,61.76,120.00,0.008886
238.5509,5.8930,61.49,120.00,0.008959
238.6261,5.8930,62.03,120.00,0.008483
238.7048,5.8930,61.22,120.00,0.008377
238.7835,5.8930,61.76,120.00,0.008763
238.8642,5.8930,60.95,120.00,0.008798
238.9388,5.8930,61.49,120.00,0.008016
239.0138,5.8930,61.76,120.00,0.007914
239.0896,5.8930,61.49,120.00,0.008867
239.1687,5.8930,61.76,120.00,0.008682
239.2459,5.8930,61.76,120.00,0.008382
239.3248,5.9010,61.76,120.00,0.008483
239.4002,5.9010,61.22,120.00,0.008415
239.4799,5.9010,61.49,119.00,0.008551
239.5560,5.9010,61.49,120.00,0.008763
239.6341,5.9010,61.76,120.00,0.008583
239.7119,5.9010,62.03,120.00,0.008568
239.7882,5.9010,61.76,120.00,0.008996
239.8675,5.9010,61.76,120.00,0.008230
239.9417,5.9010,61.49,120.00,0.008034
240.0179,5.9010,61.76,120.00,0.007968
240.0949,5.9010,61.76,119.00,0.008396
240.1725,5.9010,61.76,120.00,0.008599
240.2486,5.8915,61.49,119.00,0.008180
240.3230,5.8820,61.49,119.50,0.008093
240.3985,5.8820,61.76,119.00,0.008478
240.4735,5.8820,61.22,119.00,0.007983
240.5516,5.8820,61.49,119.00,0.008579
240.6267,5.8820,61.76,119.50,0.008308
240.7060,5.8820,61.49,120.00,0.008725
240.7846,5.8820,61.49,119.50,0.008881
240.8607,5.8820,61.49,120.00,0.008489
240.9371,5.8820,60.95,120.00,0.009005
241.0157,5.8820,61.76,120.00,0.008815
241.0915,5.8820,61.49,120.00,0.009143
241.1678,5.8820,61.49,120.00,0.008711
241.2434,5.9050,61.76,120.00,0.008663
241.3209,5.9280,61.76,120.00,0.009446
241.4013,5.9280,61.49,119.50,0.008865
241.4802,5.9280,61.76,119.00,0.008846
241.5559,5.9280,61.76,119.50,0.008856
241.6324,5.9280,61.76,119.00,0.008951
241.7080,5.9280,61.49,119.00,0.008754
241.7846,5.9280,61.49,119.00,0.008511
241.8621,5.9280,61.49,119.50,0.008512
241.9386,5.9280,61.49,119.50,0.008603
242.0196,5.9280,62.03,119.00,0.009398
242.0969,5.9280,61.49,119.00,0.008930
242.1727,5.9280,61.22,119.00,0.008863
242.2495,5.9280,61.49,119.00,0.008657
242.3277,5.9280,61.49,119.00,0.008652
242.4039,5.9280,61.76,119.00,0.008652
242.4822,5.9280,61.49,119.00,0.009005
242.5585,5.9280,61.49,119.00,0.008271
242.6346,5.9280,61.76,119.00,0.008084
242.7093,5.9280,61.49,119.00,0.008338
242.7855,5.9280,61.49,119.00,0.008144
242.8632,5.9280,61.76,119.50,0.008618
242.9384,5.9280,61.22,119.00,0.008649
243.0156,5.9280,61.76,119.00,0.008780
243.0919,5.9280,61.49,119.00,0.008665
243.1681,5.9280,61.76,119.00,0.008670
243.2487,5.9280,61.76,119.00,0.008743
243.3279,5.9280,61.76,119.00,0.008611
243.4041,5.9280,62.03,119.00,0.008605
243.4809,5.9280,61.22,119.00,0.008583
243.5580,5.9280,61.76,119.00,0.008224
243.6360,5.9280,61.49,119.00,0.008435
243.7139,5.9280,61.49,119.00,0.008753
243.7906,5.9280,62.03,119.00,0.007996
243.8647,5.9280,62.03,119.00,0.008148
243.9416,5.9280,61.49,119.00,0.008398
244.0163,5.9280,62.03,119.00,0.008451
244.0953,5.9280,61.49,119.00,0.008557
244.1710,5.9280,61.49,119.00,0.008546
244.2468,5.8875,61.76,119.00,0.008182
244.3276,5.8470,62.03,119.00,0.008476
244.4021,5.8470,61.49,119.00,0.008193
244.4776,5.8470,61.76,119.00,0.008379
244.5549,5.8470,61.49,119.00,0.008199
244.6312,5.8470,61.49,119.00,0.008356
244.7057,5.8470,61.49,119.00,0.008065
244.7824,5.8470,61.49,119.00,0.008391
244.8574,5.8470,61.22,119.00,0.008235
244.9314,5.8470,61.49,119.00,0.008239
245.0067,5.8470,62.03,119.00,0.008307
245.0821,5.8470,62.03,119.00,0.008677
245.1629,5.8470,61.76,119.00,0.008430
245.2386,5.8760,61.76,119.00,0.008534
245.3161,5.9050,61.22,119.00,0.009077
245.3908,5.9050,61.22,119.00,0.008425
245.4679,5.9050,61.49,119.00,0.008012
245.5435,5.9050,61.76,119.00,0.008731
245.6200,5.9050,61.76,119.00,0.008872
245.6981,5.9050,62.03,119.00,0.008950
245.7761,5.9050,61.49,119.00,0.008627
245.8520,5.9050,61.49,119.00,0.008626
245.9280,5.9050,61.49,119.00,0.008154
246.0087,5.9050,61.22,119.00,0.009312
246.0873,5.9050,61.76,119.00,0.008555
246.1637,5.9050,61.49,119.00,0.008886
246.2408,5.9050,61.22,119.00,0.008787
246.3195,5.9050,61.76,119.00,0.008838
246.3963,5.9050,61.76,119.00,0.008478
246.4750,5.9050,62.30,119.00,0.009060
246.5522,5.9050,61.76,119.00,0.008954
246.6281,5.9050,61.22,119.00,0.008967
246.7068,5.9050,61.22,119.00,0.008424
246.7837,5.9050,61.76,119.00,0.009259
246.8605,5.9050,62.03,119.00,0.008601
246.9369,5.9050,61.76,119.00,0.008677
247.0158,5.9050,61.49,119.00,0.008510
247.0909,5.9050,62.03,119.00,0.008200
247.1674,5.9050,62.03,119.00,0.008226
247.2439,5.9030,61.49,119.00,0.008621
247.3197,5.9010,61.49,119.00,0.008254
247.3960,5.9010,61.76,119.00,0.009097
247.4742,5.9010,61.49,119.00,0.008458
247.5526,5.9010,61.49,119.00,0.008340
247.6310,5.9010,61.76,119.00,0.008463
247.7092,5.9010,61.76,119.00,0.008790
247.7888,5.9010,61.76,119.00,0.008712
247.8646,5.9010,61.22,119.00,0.008521
247.9435,5.9010,62.30,119.00,0.008582
248.0234,5.9010,62.03,119.00,0.008572
248.1041,5.9010,62.03,119.00,0.008966
248.1799,5.9010,61.76,119.00,0.009017
248.2567,5.7900,61.22,119.00,0.008391
248.3327,5.7900,61.49,119.00,0.008598
248.4113,5.7900,61.49,119.00,0.008661
248.4868,5.7900,61.49,119.00,0.008781
248.5656,5.7900,62.03,119.00,0.008886
248.6445,5.7900,61.22,119.00,0.008626
248.7233,5.7900,61.49,119.00,0.008671
248.7994,5.7900,62.03,119.00,0.008657
248.8789,5.7900,61.22,119.00,0.008581
248.9553,5.7900,61.49,119.00,0.008520
249.0314,5.7900,61.49,119.00,0.008472
249.1072,5.7900,61.22,119.00,0.008659
249.1837,5.7900,61.76,119.00,0.008746
249.2597,5.7900,61.76,119.00,0.009044
249.3361,5.7900,61.76,119.00,0.008256
249.4155,5.7900,61.49,119.00,0.008594
249.4928,5.7900,61.49,119.00,0.008806
249.5708,5.7900,61.49,119.00,0.008404
249.6477,5.7900,61.49,119.00,0.008835
249.7231,5.7900,61.76,119.00,0.008530
249.8036,5.7900,61.49,119.00,0.008530
249.8786,5.7900,61.76,119.00,0.008448
249.9549,5.7900,61.49,119.00,0.008687
250.0308,5.7900,62.03,119.00,0.008572
250.1071,5.7900,61.22,119.00,0.008666
250.1826,5.7900,61.49,119.00,0.008238
250.2587,5.7900,61.49,119.00,0.008792
250.3343,5.7900,61.22,119.00,0.008666
250.4107,5.7900,61.76,119.00,0.008777
250.4886,5.7900,62.03,119.00,0.008556
250.5664,5.7900,61.49,119.00,0.008472
250.6440,5.7900,61.76,119.00,0.008725
250.7202,5.7900,61.49,119.00,0.008879
250.7991,5.9470,61.76,119.00,0.008746
250.8794,5.9470,62.03,119.00,0.008612
250.9560,5.9470,61.76,119.00,0.009076
251.0344,5.9470,61.22,119.00,0.008527
251.1100,5.9470,61.49,119.00,0.008292
251.1881,5.9470,61.49,119.00,0.008729
251.2649,5.9120,61.76,119.00,0.008753
251.3428,5.9120,61.22,119.00,0.008464
251.4181,5.9120,61.49,119.00,0.008291
251.4972,5.9120,61.76,119.00,0.008834
251.5718,5.9120,61.22,119.00,0.008400
251.6479,5.9120,61.49,119.00,0.008469
251.7261,5.9120,61.22,119.00,0.008405
251.8030,5.9120,61.49,119.00,0.008697
251.8787,5.9120,61.76,119.00,0.008729
251.9546,5.9120,61.76,119.00,0.008401
252.0326,5.9120,61.49,119.00,0.008581
252.1094,5.9120,61.22,119.00,0.009075
252.1861,5.9120,61.76,119.00,0.008323
252.2634,5.9120,61.76,119.00,0.008146
252.3384,5.9120,62.03,119.00,0.008346
252.4155,5.9085,61.49,119.00,0.008862
252.4918,5.9050,62.03,119.00,0.008726
252.5679,5.9050,62.03,119.00,0.008398
252.6440,5.9050,61.76,119.00,0.008584
252.7234,5.9050,61.22,119.00,0.008813
252.7995,5.9050,61.76,119.00,0.008736
252.8781,5.9050,61.22,119.00,0.008607
252.9575,5.9050,61.22,119.00,0.008447
253.0363,5.9050,61.76,119.00,0.008199
253.1148,5.9050,61.49,119.00,0.008803
253.1931,5.9050,61.49,119.00,0.008840
253.2695,5.9335,62.03,119.00,0.009240
253.3468,5.9620,61.49,119.00,0.008427
253.4254,5.9620,61.49,119.00,0.009352
253.5040,5.9620,61.22,119.00,0.008718
253.5794,5.9620,61.49,119.00,0.008508
253.6553,5.9620,61.49,119.00,0.008301
253.7337,5.9620,61.22,119.00,0.008767
253.8086,5.9620,61.49,119.00,0.008225
253.8832,5.9620,62.03,119.00,0.008339
253.9581,5.9620,61.76,119.00,0.008131
254.0354,5.9620,61.22,119.00,0.008629
254.1119,5.9620,61.76,119.00,0.009087
254.1875,5.9620,61.76,119.00,0.008188
254.2642,5.8930,61.49,119.00,0.008331
254.3407,5.8930,61.22,119.00,0.008524
254.4194,5.8930,62.03,119.00,0.008817
254.4971,5.8930,61.49,119.00,0.008230
254.5718,5.8930,61.49,119.00,0.008290
254.6484,5.8930,61.76,119.00,0.008101
254.7266,5.8930,62.30,119.00,0.008654
254.8046,5.8930,62.03,119.00,0.008323
254.8805,5.8930,61.76,119.00,0.008168
254.9563,5.8930,61.76,119.00,0.008647
255.0324,5.8930,62.30,119.00,0.008566
255.1102,5.8930,61.49,119.00,0.008500
255.1873,5.8930,61.49,119.00,0.008146
255.2657,5.9470,61.49,119.00,0.008978
255.3437,5.9470,62.30,119.00,0.008602
255.4194,5.9470,61.49,119.00,0.008391
255.4955,5.9470,61.76,119.00,0.008269
255.5720,5.9470,61.76,119.00,0.008944
255.6480,5.9470,61.76,119.00,0.008839
255.7239,5.9470,61.76,119.00,0.008747
255.8000,5.9470,61.22,119.00,0.008514
255.8779,5.9470,62.03,119.00,0.008449
255.9521,5.9470,61.49,119.00,0.007901
256.0265,5.9470,61.49,119.00,0.008219
256.1050,5.9470,61.22,119.00,0.008581
256.1822,5.9470,61.22,119.00,0.008468
256.2634,5.9770,62.03,119.00,0.008680
256.3389,5.9770,61.22,119.50,0.008141
256.4146,5.9770,62.03,119.50,0.008110
256.4902,5.9770,62.03,119.00,0.008129
256.5688,5.9770,61.76,119.00,0.008564
256.6488,5.9770,61.22,119.00,0.008317
256.7277,5.9770,62.30,119.00,0.008807
256.8035,5.9770,61.76,119.00,0.008947
256.8803,5.9770,61.49,119.00,0.008898
256.9559,5.9770,62.03,119.00,0.008627
257.0353,5.9770,62.03,119.00,0.008104
257.1099,5.9770,62.03,119.00,0.008159
257.1877,5.9770,61.49,119.00,0.008444
257.2629,5.9445,61.76,119.00,0.008731
257.3406,5.9120,61.22,119.00,0.008479
257.4191,5.9120,61.49,119.00,0.008822
257.4959,5.9120,62.03,119.00,0.008551
257.5743,5.9120,61.22,119.00,0.008827
257.6513,5.9120,62.03,119.00,0.008243
257.7261,5.9120,61.22,119.00,0.008177
257.8035,5.9120,61.49,119.00,0.008383
257.8835,5.9120,61.22,119.00,0.008635
257.9599,5.9120,61.49,119.00,0.008644
258.0363,5.9120,61.22,119.00,0.008128
258.1170,5.9120,62.03,119.00,0.008646
258.1952,5.9120,61.49,119.00,0.008634
258.2724,5.7710,62.03,119.00,0.009107
258.3511,5.7710,61.49,119.00,0.008867
258.4261,5.7710,61.49,119.00,0.007961
258.5028,5.7710,61.49,119.50,0.008203
258.5774,5.7710,61.22,119.00,0.008282
258.6554,5.7710,62.30,119.00,0.008696
258.7315,5.7710,62.30,119.00,0.008487
258.8106,5.7710,61.49,119.00,0.008968
258.8870,5.7710,62.03,119.00,0.008474
258.9628,5.7710,61.76,119.00,0.008499
259.0400,5.7710,61.76,119.00,0.008919
259.1155,5.7710,62.03,119.00,0.008498
259.1921,5.7710,62.03,119.00,0.008399
259.2743,5.8970,62.03,119.00,0.008915
259.3510,5.8970,61.76,119.00,0.008965
259.4313,5.8970,62.03,119.00,0.008715
259.5070,5.8970,62.30,119.00,0.008307
259.5831,5.8970,61.76,119.00,0.008702
259.6632,5.8970,61.76,119.00,0.008333
259.7429,5.8970,61.76,119.00,0.008787
259.8211,5.8970,61.76,119.00,0.008522
259.8995,5.8970,61.49,119.00,0.008718
259.9801,5.8970,61.76,119.00,0.008846
260.0559,5.8970,61.22,119.00,0.008881
260.1311,5.8970,61.49,119.00,0.008046
260.2075,5.8970,61.49,119.00,0.008374
260.2834,5.8970,61.22,119.00,0.008964
260.3593,5.8780,61.49,119.00,0.008828
260.4361,5.8590,61.49,119.00,0.008464
260.5169,5.8590,61.49,119.00,0.008770
260.5981,5.8590,61.49,119.00,0.008719
260.6743,5.8590,61.76,119.00,0.008490
260.7542,5.8590,61.76,119.50,0.008656
260.8313,5.8590,61.49,119.00,0.008709
260.9070,5.8590,61.76,119.00,0.008498
260.9827,5.8590,61.49,119.00,0.008944
261.0587,5.8590,61.76,119.00,0.008556
261.1347,5.8590,61.49,119.00,0.008367
261.2114,5.9220,61.76,119.00,0.008542
261.2881,5.9850,61.49,119.00,0.009055
261.3622,5.9850,61.22,119.00,0.007993
261.4377,5.9850,61.76,119.00,0.008482
261.5127,5.9850,61.22,119.00,0.008465
261.5866,5.9850,61.22,119.00,0.008055
261.6628,5.9850,61.76,119.00,0.008376
261.7403,5.9850,61.76,119.00,0.008153
261.8146,5.9850,61.76,119.00,0.007905
261.8914,5.9850,61.76,119.00,0.008222
261.9659,5.9850,61.76,119.00,0.007970
262.0407,5.9850,61.22,119.00,0.008296
262.1157,5.9850,61.76,119.00,0.008318
262.1927,5.9850,61.76,119.00,0.008556
262.2712,5.9470,61.76,119.00,0.008425
262.3470,5.9470,61.49,119.00,0.008729
262.4244,5.9470,61.49,119.00,0.009280
262.5021,5.9470,61.22,119.00,0.008207
262.5789,5.9470,61.49,119.50,0.007915
262.6563,5.9470,61.76,119.00,0.008326
262.7342,5.9470,61.49,119.00,0.008506
262.8098,5.9470,61.22,119.00,0.008241
262.8877,5.9470,61.49,119.00,0.008376
262.9643,5.9470,61.49,119.00,0.008542
263.0432,5.9470,61.49,119.00,0.008611
263.1211,5.9470,62.03,119.00,0.008615
263.1999,5.9470,61.76,119.00,0.008992
263.2753,5.9160,62.03,119.00,0.008183
263.3501,5.9160,62.03,119.00,0.008290
263.4267,5.9160,61.49,119.00,0.008227
263.5018,5.9160,61.76,119.00,0.008093
263.5800,5.9160,62.03,119.00,0.008802
263.6578,5.9160,62.03,119.00,0.008283
263.7342,5.9160,61.49,119.00,0.008566
263.8150,5.9160,61.49,119.00,0.008316
263.8915,5.9160,61.76,119.00,0.008463
263.9696,5.9160,61.49,119.00,0.008648
264.0475,5.9160,61.76,119.00,0.008736
264.1236,5.9160,61.49,119.00,0.008358
264.1993,5.9160,62.03,119.00,0.008423
264.2769,5.8970,61.49,119.00,0.008857
264.3551,5.8970,61.49,119.00,0.008618
264.4313,5.8970,61.76,119.00,0.008326
264.5066,5.8970,61.49,119.00,0.008144
264.5855,5.8970,61.76,119.00,0.008533
264.6635,5.8970,61.22,119.00,0.008844
264.7404,5.8970,61.22,119.00,0.008945
264.8165,5.8970,61.76,119.00,0.008781
264.8941,5.8970,61.49,119.00,0.008001
264.9706,5.8970,61.49,119.00,0.008130
265.0462,5.8970,61.76,119.00,0.008068
265.1237,5.8970,62.30,119.00,0.008751
265.2001,5.8970,62.03,119.00,0.008986
265.2765,5.9700,61.76,119.00,0.008584
265.3513,5.9700,61.76,119.00,0.007997
265.4278,5.9700,61.76,119.00,0.008560
265.5055,5.9700,62.30,119.00,0.008374
265.5826,5.9700,61.76,119.00,0.008691
265.6592,5.9700,61.76,119.00,0.008454
265.7374,5.9700,62.03,119.00,0.008771
265.8166,5.9700,62.03,119.00,0.009197
265.8920,5.9700,61.22,119.00,0.008585
265.9677,5.9700,61.76,119.00,0.008222
266.0459,5.9700,61.22,119.00,0.008661
266.1239,5.9700,61.22,119.00,0.008375
266.1984,5.9700,61.49,119.00,0.008199
266.2742,5.9700,62.03,119.00,0.008287
266.3533,5.9605,62.30,119.00,0.008857
266.4323,5.9510,61.22,119.00,0.008647
266.5074,5.9510,61.49,119.00,0.008307
266.5826,5.9510,61.76,119.00,0.008194
266.6575,5.9510,61.76,119.00,0.008353
266.7363,5.9510,61.76,119.00,0.008527
266.8141,5.9510,62.03,119.00,0.008482
266.8908,5.9510,61.49,119.00,0.008460
266.9688,5.9510,61.22,119.00,0.008558
267.0480,5.9510,61.22,119.00,0.008960
267.1231,5.9510,61.49,119.00,0.008208
267.1977,5.9510,61.49,119.00,0.007934
267.2742,5.9510,61.76,119.00,0.008087
267.3546,5.9145,61.76,119.00,0.008846
267.4315,5.8780,62.03,119.00,0.008978
267.5079,5.8780,61.76,119.00,0.008762
267.5833,5.8780,61.49,119.00,0.008157
267.6599,5.8780,61.49,119.00,0.008748
267.7381,5.8780,61.49,119.00,0.008555
267.8165,5.8780,61.76,119.00,0.008737
267.8944,5.8780,62.03,119.00,0.008616
267.9756,5.8780,61.49,119.00,0.008799
268.0514,5.8780,61.49,119.00,0.008748
268.1266,5.8780,61.49,119.00,0.008374
268.2007,5.8780,61.22,119.00,0.008128
268.2768,5.8820,61.76,119.00,0.008414
268.3551,5.8860,61.76,119.00,0.008538
268.4315,5.8860,61.49,119.00,0.008998
268.5099,5.8860,62.03,119.00,0.008803
268.5885,5.8860,61.76,119.00,0.008548
268.6666,5.8860,61.76,119.00,0.008564
268.7429,5.8860,61.49,119.00,0.008773
268.8185,5.8860,61.22,119.00,0.008609
268.8955,5.8860,61.22,119.00,0.008317
268.9719,5.8860,61.22,119.00,0.008689
269.0511,5.8860,61.76,119.00,0.009028
269.1278,5.8860,61.49,119.00,0.009149
269.2048,5.8860,61.49,119.00,0.008847
269.2807,5.8860,62.03,119.00,0.008783
269.3617,5.8860,61.76,119.00,0.008778
269.4381,5.8860,61.76,119.00,0.008613
269.5169,5.8860,61.76,119.00,0.008817
269.5971,5.8860,62.03,119.00,0.008442
269.6726,5.8860,62.03,119.00,0.008053
269.7473,5.8860,61.22,119.00,0.008437
269.8231,5.8860,61.22,119.00,0.008631
269.8991,5.8860,61.76,119.00,0.009007
269.9751,5.8860,61.49,119.00,0.008220
270.0527,5.8860,61.76,119.00,0.008230
270.1320,5.8860,62.03,119.00,0.008802
270.2074,5.8860,61.49,119.00,0.008616
270.2842,5.8860,62.03,119.00,0.008829
270.3596,5.8860,61.49,119.00,0.008673
270.4383,5.8780,61.49,119.00,0.008946
270.5150,5.8700,61.49,119.00,0.008398
270.5915,5.8700,61.76,119.00,0.008216
270.6671,5.8700,62.03,119.00,0.008536
270.7442,5.8700,61.76,119.00,0.008564
270.8206,5.8700,61.76,119.00,0.008901
270.8989,5.8700,61.49,119.00,0.008288
270.9750,5.8700,61.22,119.00,0.008524
271.0524,5.8700,61.76,119.00,0.008763
271.1283,5.8700,61.76,119.00,0.009109
271.2055,5.8700,61.76,119.00,0.008092
271.2818,5.8700,61.49,119.00,0.008101
271.3622,5.9005,62.03,119.00,0.009088
271.4381,5.9310,61.49,119.00,0.008552
271.5144,5.9310,62.03,119.00,0.008394
271.5899,5.9310,61.76,119.00,0.008384
271.6667,5.9310,61.76,119.00,0.008646
271.7449,5.9310,61.49,119.00,0.008581
271.8229,5.9310,61.49,119.00,0.008273
271.9009,5.9310,61.76,119.00,0.008507
271.9795,5.9310,61.22,119.00,0.008535
272.0599,5.9310,61.49,119.00,0.009010
272.1351,5.9310,61.76,119.00,0.007939
272.2096,5.9310,61.22,119.00,0.008159
272.2869,5.9310,61.76,119.00,0.008144
272.3645,5.9310,61.49,119.00,0.008449
272.4437,5.8470,61.76,119.00,0.009130
272.5198,5.8470,61.49,119.00,0.008827
272.5959,5.8470,61.49,119.00,0.008174
272.6760,5.8470,61.49,119.00,0.008931
272.7547,5.8470,61.76,119.50,0.008253
272.8306,5.8470,61.49,119.00,0.008440
272.9074,5.8470,61.49,119.00,0.008586
272.9850,5.8470,61.49,119.00,0.008628
273.0654,5.8470,61.76,119.00,0.008577
273.1432,5.8470,61.49,119.00,0.008811
273.2221,5.8760,62.03,119.00,0.008864
273.2998,5.9050,61.49,119.00,0.008564
273.3764,5.9050,61.49,119.00,0.008348
273.4559,5.9050,61.22,119.00,0.009296
273.5323,5.9050,61.49,119.00,0.008775
273.6108,5.9050,61.76,119.00,0.008689
273.6881,5.9050,61.76,119.00,0.009167
273.7627,5.9050,61.76,119.50,0.007968
273.8380,5.9050,61.49,119.00,0.008051
273.9149,5.9050,62.03,119.00,0.008171
273.9932,5.9050,61.22,119.00,0.008740
274.0709,5.9050,61.49,119.00,0.008463
274.1518,5.9050,61.22,119.00,0.008625
274.2288,5.9085,61.76,119.00,0.008706
274.3108,5.9120,61.76,119.00,0.008790
274.3873,5.9120,61.76,119.00,0.009231
274.4668,5.9120,61.49,119.00,0.008440
274.5430,5.9120,61.76,119.00,0.008366
274.6201,5.9120,61.76,119.00,0.008644
274.6988,5.9120,61.22,119.00,0.009403
274.7764,5.9120,61.22,119.00,0.008711
274.8515,5.9120,61.76,119.00,0.008396
274.9280,5.9120,61.76,119.00,0.008735
275.0066,5.9120,61.22,119.00,0.008497
275.0827,5.9120,61.76,119.00,0.008486
275.1590,5.9120,61.49,119.00,0.008389
275.2360,5.9120,62.03,119.00,0.008693
275.3166,5.9120,61.76,119.00,0.008818
275.3997,5.9120,61.76,119.00,0.009051
275.4807,5.9120,61.49,119.00,0.008699
275.5630,5.9120,61.76,119.00,0.008483
275.6443,5.9120,61.76,119.00,0.009200
275.7288,5.9120,61.49,119.00,0.009178
275.8120,5.9120,62.03,119.00,0.008997
275.8945,5.9120,61.22,119.00,0.008929
275.9777,5.9120,61.49,119.00,0.008684
276.0612,5.9120,61.49,119.00,0.008548
276.1449,5.9120,61.22,119.00,0.009446
276.2270,5.8875,61.49,119.00,0.008501
276.3091,5.8630,62.03,119.00,0.008772
276.3885,5.8630,60.95,119.00,0.007948
276.4638,5.8630,61.22,119.00,0.008517
276.5405,5.8630,61.49,119.00,0.008238
276.6244,5.8630,62.03,119.00,0.009492
276.7070,5.8630,61.49,119.00,0.008702
276.7900,5.8630,61.76,119.00,0.008784
276.8718,5.8630,61.76,119.00,0.008977
276.9547,5.8630,61.22,119.00,0.009045
277.0390,5.8630,61.49,119.00,0.009076
277.1222,5.8630,61.76,119.00,0.008687
277.2069,5.8630,61.49,119.00,0.008963
277.2887,5.7060,61.49,119.00,0.009001
277.3721,5.7060,61.22,119.00,0.008890
277.4514,5.7060,61.22,119.00,0.008122
277.5280,5.7060,61.22,119.00,0.008369
277.6030,5.7060,61.49,119.00,0.008249
277.6822,5.7060,61.49,119.00,0.008842
277.7626,5.7060,61.49,119.00,0.008447
277.8449,5.7060,61.22,119.00,0.008827
277.9243,5.7060,61.49,119.00,0.008829
278.0093,5.7060,61.22,119.00,0.009032
278.0928,5.7060,61.76,119.00,0.008756
278.1773,5.7060,61.49,119.00,0.009212
278.2593,5.8050,61.22,119.00,0.009078
278.3438,5.8050,61.76,119.00,0.009098
278.4191,5.8050,61.49,119.00,0.008501
278.5002,5.8050,61.49,119.00,0.008846
278.5809,5.8050,61.22,119.00,0.008446
278.6639,5.8050,61.49,119.00,0.008723
278.7448,5.8050,61.49,119.00,0.008502
278.8267,5.8050,61.49,119.00,0.008770
278.9085,5.8050,62.03,119.00,0.009457
278.9925,5.8050,61.49,119.00,0.008665
279.0757,5.8050,61.22,119.00,0.008895
279.1599,5.8050,61.49,119.00,0.009009
279.2438,5.7920,61.49,119.00,0.009224
279.3283,5.7790,61.22,119.00,0.008875
279.4119,5.7790,61.22,119.00,0.009164
279.4961,5.7790,61.49,119.00,0.009124
279.5792,5.7790,61.22,119.00,0.008596
279.6637,5.7790,61.49,119.00,0.008647
279.7449,5.7790,61.76,119.00,0.008920
279.8280,5.7790,61.22,119.00,0.009248
279.9092,5.7790,61.22,119.00,0.008929
279.9873,5.7790,61.22,119.00,0.008417
280.0634,5.7790,61.22,119.00,0.008480
280.1433,5.7790,61.22,119.50,0.008458
280.2279,5.8035,61.22,119.00,0.009157
280.3113,5.8280,61.22,119.50,0.009067
280.3955,5.8280,61.22,119.00,0.008721
280.4791,5.8280,61.49,119.00,0.008510
280.5613,5.8280,61.22,119.00,0.009055
280.6450,5.8280,61.22,119.00,0.008604
280.7243,5.8280,61.76,119.00,0.008876
280.8059,5.8280,61.49,119.00,0.008936
280.8886,5.8280,61.22,119.00,0.008595
280.9725,5.8280,61.76,119.00,0.009146
281.0538,5.8280,61.49,119.00,0.008920
281.1372,5.8280,61.49,119.00,0.008503
281.2195,5.8625,62.03,119.00,0.009020
281.3027,5.8970,61.22,119.00,0.008807
281.3859,5.8970,61.76,119.00,0.008822
281.4659,5.8970,61.22,119.00,0.007989
281.5417,5.8970,61.49,119.00,0.008285
281.6210,5.8970,61.49,119.00,0.008199
281.7033,5.8970,61.22,119.00,0.009156
281.7854,5.8970,61.22,119.00,0.008849
281.8685,5.8970,61.49,119.00,0.009206
281.9523,5.8970,61.22,119.00,0.009299
282.0331,5.8970,61.22,119.00,0.008528
282.1175,5.8970,61.76,119.50,0.008346
282.1991,5.8970,61.49,119.00,0.009495
282.2839,5.6950,61.22,119.00,0.009463
282.3669,5.6950,61.22,119.00,0.008635
282.4482,5.6950,61.76,119.00,0.008046
282.5235,5.6950,61.22,119.00,0.008624
282.5994,5.6950,61.22,119.00,0.008503
282.6748,5.6950,61.22,119.00,0.008278
282.7512,5.6950,61.49,119.00,0.008239
282.8270,5.6950,61.49,119.00,0.008514
282.9045,5.6950,61.49,119.00,0.009090
282.9827,5.6950,61.49,119.00,0.008670
283.0604,5.6950,61.22,119.00,0.008699
283.1363,5.6950,61.49,119.00,0.009022
283.2118,5.6950,61.76,119.00,0.008245
283.2862,5.6950,61.49,119.00,0.007950
283.3664,5.6950,61.49,119.00,0.008613
283.4445,5.6950,61.49,119.00,0.009693
283.5222,5.9310,61.22,119.00,0.008573
283.6037,5.9310,61.22,119.00,0.009574
283.6828,5.9310,61.49,119.00,0.008966
283.7594,5.9310,61.49,119.00,0.008142
283.8367,5.9310,61.49,119.00,0.008494
283.9126,5.9310,61.49,119.00,0.008334
283.9933,5.9310,62.03,120.00,0.008978
284.0762,5.9310,61.22,120.00,0.008811
284.1616,5.9310,61.49,120.00,0.008940
284.2438,5.9045,61.76,120.00,0.008950
284.3284,5.8780,61.49,120.00,0.009086
284.4113,5.8780,61.22,120.00,0.009421
284.4923,5.8780,61.22,120.00,0.008598
284.5656,5.8780,61.49,120.00,0.007898
284.6418,5.8780,62.03,120.00,0.008086
284.7163,5.8780,61.49,120.00,0.008089
284.7961,5.8780,61.22,120.00,0.008818
284.8766,5.8780,61.22,120.00,0.009069
284.9608,5.8780,61.22,120.00,0.008840
285.0412,5.8780,61.76,120.00,0.008834
285.1240,5.8780,61.49,120.00,0.009286
285.2045,5.8780,61.76,120.00,0.008790
285.2872,5.7480,61.49,120.00,0.009101
285.3679,5.7480,62.03,120.00,0.008820
285.4532,5.7480,61.49,120.00,0.009995
285.5283,5.7480,61.49,120.00,0.008231
285.6043,5.7480,61.49,120.00,0.008226
285.6790,5.7480,61.76,120.00,0.008496
285.7597,5.7480,61.49,120.00,0.008974
285.8421,5.7480,61.49,120.00,0.008833
285.9221,5.7480,61.49,120.00,0.008180
285.9997,5.7480,61.49,120.00,0.008302
286.0800,5.7480,61.76,120.00,0.008761
286.1574,5.7480,60.95,120.00,0.008585
286.2354,5.7480,61.49,120.00,0.008528
286.3128,5.7480,61.22,120.00,0.008533
286.3935,5.7480,61.22,120.00,0.008553
286.4713,5.7480,61.49,120.00,0.008598
286.5479,5.7480,61.49,120.00,0.008797
286.6233,5.7480,61.76,120.00,0.008695
286.6993,5.7480,61.76,120.00,0.008419
286.7763,5.7480,61.76,120.00,0.008517
286.8551,5.7480,61.49,120.00,0.008263
286.9324,5.7480,61.22,120.00,0.008344
287.0092,5.7480,61.49,120.00,0.008741
287.0847,5.7480,61.49,120.00,0.008515
287.1630,5.7480,61.49,120.00,0.008411
287.2405,5.8110,61.22,120.00,0.008420
287.3219,5.8740,61.76,120.00,0.008615
287.3994,5.8740,62.03,120.00,0.008739
287.4780,5.8740,61.49,120.00,0.008677
287.5529,5.8740,61.22,120.00,0.008192
287.6320,5.8740,61.76,120.00,0.008852
287.7075,5.8740,61.76,120.00,0.008511
287.7848,5.8740,61.49,120.00,0.008803
287.8642,5.8740,61.49,120.00,0.008362
287.9413,5.8740,61.22,120.00,0.008730
288.0194,5.8740,61.49,120.00,0.008613
288.0971,5.8740,61.22,120.00,0.008750
288.1751,5.8740,61.76,120.50,0.008808
288.2522,5.8780,61.22,121.00,0.008793
288.3306,5.8820,61.49,121.00,0.008708
288.4093,5.8820,61.76,121.00,0.008604
288.4858,5.8820,61.76,121.00,0.007989
288.5635,5.8820,61.22,121.00,0.008068
288.6403,5.8820,61.49,121.00,0.008615
288.7190,5.8820,62.03,121.00,0.008304
288.7971,5.8820,61.49,121.00,0.008758
288.8752,5.8820,61.76,121.00,0.008277
288.9521,5.8820,61.49,121.00,0.008676
289.0281,5.8820,61.49,121.00,0.008194
289.1069,5.8820,61.22,121.00,0.008148
289.1816,5.8820,61.22,121.00,0.008158
289.2575,5.8820,61.76,121.00,0.008239
289.3349,5.8820,61.22,121.00,0.008462
289.4101,5.8645,61.76,121.00,0.008581
289.4898,5.8470,61.76,121.00,0.008677
289.5677,5.8470,61.49,121.00,0.008962
289.6446,5.8470,61.76,121.00,0.008580
289.7194,5.8470,61.76,121.00,0.008290
289.7960,5.8470,61.49,121.00,0.008544
289.8706,5.8470,61.76,121.00,0.008230
289.9515,5.8470,61.49,121.00,0.008931
290.0255,5.8470,61.76,121.00,0.008016
290.1023,5.8470,61.49,121.00,0.008090
290.1767,5.8470,61.22,121.00,0.008224
290.2518,5.8815,61.76,121.00,0.008291
290.3278,5.9160,61.76,121.00,0.008899
290.4047,5.9160,62.03,121.00,0.008552
290.4830,5.9160,61.76,121.00,0.008805
290.5598,5.9160,61.22,121.00,0.008549
290.6347,5.9160,62.30,121.00,0.008306
290.7119,5.9160,62.03,121.00,0.009135
290.7873,5.9160,61.22,121.00,0.008726
290.8659,5.9160,61.49,121.00,0.008859
290.9409,5.9160,61.49,121.00,0.008545
291.0195,5.9160,61.49,121.00,0.008755
291.0933,5.9160,61.22,121.00,0.008035
291.1685,5.9160,61.49,121.00,0.008331
291.2470,5.9160,61.76,121.00,0.008229
291.3240,5.8815,61.76,121.00,0.009004
291.4046,5.8470,61.22,121.00,0.008561
291.4829,5.8470,61.49,121.00,0.008148
291.5571,5.8470,61.49,121.00,0.008226
291.6348,5.8470,61.49,121.00,0.008158
291.7125,5.8470,61.76,121.00,0.008796
291.7911,5.8470,61.76,121.00,0.008361
291.8666,5.8470,61.22,121.00,0.008393
291.9430,5.8470,61.76,121.00,0.008770
292.0185,5.8470,61.49,121.00,0.008669
292.0970,5.8470,61.76,121.00,0.008663
292.1742,5.8470,61.76,121.00,0.008464
292.2544,5.8930,61.22,121.00,0.009656
292.3299,5.8930,61.49,121.00,0.008603
292.4083,5.8930,61.22,121.00,0.008687
292.4840,5.8930,61.49,121.00,0.008796
292.5607,5.8930,61.76,121.00,0.008740
292.6363,5.8930,61.76,121.00,0.008662
292.7123,5.8930,61.76,121.00,0.008692
292.7878,5.8930,61.49,121.00,0.008657
292.8644,5.8930,61.49,121.00,0.008897
292.9398,5.8930,62.30,121.00,0.008745
293.0179,5.8930,62.03,121.00,0.008488
293.0951,5.8930,61.76,121.00,0.008239
293.1742,5.8930,61.49,121.00,0.008978
293.2514,5.8990,61.76,121.00,0.008307
293.3303,5.9050,61.76,121.00,0.008393
293.4083,5.9050,61.49,121.00,0.009019
293.4871,5.9050,61.76,121.00,0.008347
293.5627,5.9050,61.76,121.00,0.008837
293.6394,5.9050,61.76,121.00,0.009014
293.7175,5.9050,61.22,120.50,0.008446
293.7969,5.9050,61.49,121.00,0.008622
293.8753,5.9050,62.03,121.00,0.008050
293.9505,5.9050,61.49,121.00,0.008258
294.0271,5.9050,61.49,121.00,0.008158
294.1052,5.9050,61.76,121.00,0.008940
294.1827,5.9050,61.49,121.00,0.008453
294.2622,5.8590,62.03,121.00,0.008904
294.3388,5.8590,61.22,121.00,0.008110
294.4142,5.8590,61.49,121.00,0.008630
294.4918,5.8590,61.22,121.00,0.008723
294.5685,5.8590,61.76,121.00,0.008752
294.6485,5.8590,61.76,121.00,0.009054
294.7266,5.8590,61.49,121.00,0.008916
294.8035,5.8590,61.49,121.00,0.008257
294.8801,5.8590,61.22,121.00,0.008591
294.9602,5.8590,61.76,121.00,0.008780
295.0382,5.8590,61.49,121.00,0.008298
295.1165,5.8590,61.49,121.00,0.009034
295.1924,5.8590,62.03,121.00,0.008567
295.2661,5.8590,61.76,121.00,0.007957
295.3438,5.8590,61.76,121.00,0.008556
295.4179,5.8590,61.22,120.50,0.008424
295.4960,5.8590,61.49,120.00,0.008782
295.5711,5.8590,61.76,120.00,0.008758
295.6491,5.8590,61.49,120.00,0.008508
295.7268,5.8590,61.22,120.00,0.008829
295.8080,5.8590,61.76,121.00,0.008708
295.8835,5.8590,61.49,121.00,0.008348
295.9622,5.8590,61.49,121.00,0.008350
296.0399,5.8590,61.76,121.00,0.008962
296.1164,5.8590,61.49,121.00,0.008404
296.1937,5.8590,61.76,121.00,0.008210
296.2723,5.8590,61.22,120.50,0.008446
296.3514,5.8590,61.49,121.00,0.008383
296.4277,5.8590,61.49,121.00,0.008561
296.5044,5.8590,61.76,121.00,0.008143
296.5796,5.8590,62.03,121.00,0.008293
296.6565,5.8590,61.49,121.00,0.008687
296.7351,5.8700,61.22,121.00,0.008363
296.8099,5.8700,61.76,121.00,0.008133
296.8868,5.8700,62.03,120.50,0.008096
296.9606,5.8700,61.49,120.50,0.008111
297.0359,5.8700,61.76,120.50,0.008425
297.1102,5.8700,61.49,120.00,0.007981
297.1870,5.8700,61.22,120.50,0.008220
297.2633,5.8700,62.03,120.50,0.008381
297.3408,5.8700,62.03,120.00,0.008743
297.4150,5.8360,61.22,120.00,0.008038
297.4904,5.8360,61.22,120.00,0.008240
297.5649,5.8360,61.49,120.00,0.008633
297.6400,5.8360,61.49,120.00,0.008798
297.7158,5.8360,61.49,120.00,0.008888
297.7918,5.8360,61.49,120.50,0.008631
297.8680,5.8360,61.76,121.00,0.008862
297.9442,5.8360,61.49,121.00,0.008779
298.0199,5.8360,61.49,121.00,0.008534
298.0962,5.8360,61.49,121.00,0.008190
298.1769,5.8360,62.30,121.00,0.008890
298.2561,5.9280,61.76,121.00,0.008909
298.3337,5.9280,61.49,121.00,0.008739
298.4118,5.9280,61.76,121.00,0.008774
298.4900,5.9280,61.22,121.00,0.008831
298.5661,5.9280,62.03,121.00,0.008399
298.6437,5.9280,61.22,121.00,0.008651
298.7209,5.9280,61.22,121.00,0.008662
298.7977,5.9280,62.03,121.00,0.008568
298.8763,5.9280,61.76,121.00,0.009112
298.9526,5.9280,61.76,121.00,0.009177
299.0290,5.9280,61.22,121.00,0.008697
299.1088,5.9280,61.49,121.00,0.008414
299.1876,5.9280,61.49,121.00,0.008977
299.2629,5.9280,61.22,121.00,0.008763
299.3413,5.9280,61.22,121.00,0.008631
299.4191,5.9280,61.22,121.00,0.008085
299.4946,5.9280,61.22,121.00,0.008217
299.5713,5.9280,62.03,121.00,0.008173
299.6472,5.9280,61.49,121.00,0.008754
299.7250,5.9280,61.76,121.50,0.008674
299.8036,5.9280,62.03,122.00,0.008841
299.8794,5.9280,61.76,122.00,0.008509
299.9558,5.9280,61.76,122.00,0.008888
300.0352,5.9280,61.49,122.00,0.008477
300.1126,5.9280,61.76,122.00,0.008523
300.1872,5.9280,61.76,122.00,0.008207
300.2651,5.9280,61.22,122.00,0.008640
300.3422,5.9280,61.49,122.00,0.008181
300.4194,5.9280,61.22,122.00,0.008108
300.4944,5.9280,61.22,122.00,0.008246
300.5721,5.9280,61.49,122.00,0.008159
300.6462,5.9280,62.03,122.00,0.007957
300.7210,5.9280,61.49,122.00,0.008077
300.8019,5.8990,61.49,122.00,0.009224
300.8782,5.8700,61.76,122.00,0.008063
300.9550,5.8700,61.49,122.00,0.008318
301.0299,5.8700,62.03,122.00,0.008176
301.1072,5.8700,61.76,122.00,0.008461
301.1835,5.8700,61.76,122.00,0.008460
301.2593,5.8700,61.49,122.00,0.008719
301.3363,5.8700,61.49,122.00,0.009088
301.4106,5.8700,61.76,122.00,0.008469
301.4861,5.8700,61.49,122.00,0.007941
301.5615,5.8700,61.22,122.00,0.008078
301.6446,5.8700,61.76,122.00,0.008941
301.7211,5.8700,61.22,122.00,0.008191
301.7995,5.8700,61.76,122.00,0.008358
301.8748,5.8700,61.76,122.00,0.008274
301.9552,5.8700,61.49,122.00,0.008816
302.0310,5.8700,61.49,122.00,0.008370
302.1068,5.8700,62.03,122.00,0.008251
302.1854,5.8700,61.76,122.00,0.009013
302.2683,5.8210,62.03,121.00,0.009146
302.3494,5.8210,62.03,121.50,0.008725
302.4306,5.8210,62.03,121.00,0.008645
302.5080,5.8210,61.49,121.00,0.008303
302.5900,5.8210,61.49,122.00,0.009049
302.6736,5.8210,61.49,122.00,0.008832
302.7557,5.8210,61.76,122.00,0.008972
302.8349,5.8210,61.49,122.00,0.008199
302.9129,5.8210,61.49,122.00,0.008368
302.9897,5.8210,61.76,122.00,0.008157
303.0703,5.8210,61.76,122.00,0.008150
303.1467,5.8210,61.49,122.00,0.007935
303.2219,5.8210,61.76,122.00,0.008147
303.2986,5.8210,61.49,122.00,0.008246
303.3757,5.8210,61.49,121.50,0.008473
303.4557,5.8630,61.49,121.00,0.009222
303.5344,5.8630,61.49,121.00,0.008505
303.6103,5.8630,62.03,121.00,0.008742
303.6869,5.8630,61.22,121.00,0.008529
303.7672,5.8630,61.76,121.00,0.008784
303.8439,5.8630,61.22,121.00,0.008853
303.9239,5.8630,62.03,121.00,0.009024
304.0021,5.8630,61.22,122.00,0.008275
304.0827,5.8630,61.49,121.00,0.008830
304.1586,5.8630,61.22,121.00,0.008637
304.2365,5.8440,61.22,121.00,0.008632
304.3165,5.8250,61.76,121.00,0.008767
304.3941,5.8250,61.49,121.00,0.008502
304.4724,5.8250,62.03,121.00,0.008287
304.5461,5.8250,61.49,121.00,0.008073
304.6209,5.8250,61.49,121.00,0.008083
304.6951,5.8250,61.22,121.00,0.008075
304.7711,5.8250,61.22,121.00,0.008633
304.8474,5.8250,61.76,121.00,0.008140
304.9221,5.8250,61.22,121.00,0.008143
305.0000,5.8250,61.49,121.50,0.008196
305.0762,5.8250,61.49,121.00,0.008625
305.1522,5.8250,61.49,121.00,0.009161
305.2306,5.8360,61.22,121.00,0.008572
305.3066,5.8470,62.03,121.00,0.008438
305.3870,5.8470,61.76,121.00,0.008490
305.4624,5.8470,61.49,121.00,0.008304
305.5380,5.8470,61.22,121.00,0.008344
305.6165,5.8470,61.22,121.00,0.008392
305.6947,5.8470,61.49,121.00,0.008359
305.7724,5.8470,62.03,121.00,0.008523
305.8494,5.8470,61.76,121.00,0.008750
305.9255,5.8470,62.30,121.00,0.008817
306.0040,5.8470,61.22,121.00,0.008621
306.0844,5.8470,62.03,121.00,0.008338
306.1672,5.8470,62.03,121.00,0.008648
306.2511,5.8760,62.03,121.00,0.009041
306.3332,5.9050,62.03,121.00,0.008564
306.4148,5.9050,61.76,121.00,0.008886
306.4946,5.9050,62.30,121.00,0.008593
306.5760,5.9050,62.03,121.00,0.008615
306.6607,5.9050,61.49,121.00,0.009353
306.7351,5.9050,61.76,121.00,0.008232
306.8110,5.9050,61.49,121.00,0.008292
306.8883,5.9050,61.76,121.00,0.008076
306.9670,5.9050,62.03,121.00,0.008147
307.0426,5.9050,61.49,121.00,0.008350
307.1192,5.9050,62.03,121.00,0.008350
307.1990,5.9050,61.49,121.00,0.008902
307.2798,5.8820,62.03,121.00,0.008598
307.3587,5.8820,61.22,121.00,0.008932
307.4352,5.8820,61.76,121.00,0.008657
307.5135,5.8820,61.76,121.00,0.008256
307.5925,5.8820,61.76,121.00,0.008720
307.6692,5.8820,61.49,121.00,0.009096
307.7487,5.8820,61.76,121.00,0.008791
307.8241,5.8820,61.49,121.00,0.008357
307.8985,5.8820,61.22,121.00,0.007998
307.9754,5.8820,61.49,121.00,0.008206
308.0504,5.8820,61.49,121.00,0.008229
308.1287,5.8820,61.76,121.00,0.008187
308.2049,5.8820,61.76,121.00,0.008708
308.2812,5.9310,61.22,121.00,0.008794
308.3599,5.9310,61.49,121.00,0.008299
308.4361,5.9310,61.49,121.00,0.008434
308.5145,5.9310,61.76,121.00,0.008782
308.5904,5.9310,61.76,121.00,0.008467
308.6671,5.9310,61.22,121.00,0.008047
308.7421,5.9310,61.22,121.00,0.008261
308.8199,5.9310,62.30,121.00,0.008465
308.8999,5.9310,61.49,121.00,0.008711
308.9758,5.9310,62.03,121.00,0.008357
309.0536,5.9310,61.22,121.00,0.008250
309.1344,5.9310,61.76,121.00,0.008731
309.2123,5.9005,61.22,121.00,0.008974
309.2918,5.8700,61.49,121.00,0.009266
309.3673,5.8700,61.22,121.00,0.008447
309.4463,5.8700,61.49,121.00,0.008379
309.5268,5.8700,62.03,121.00,0.008901
309.6030,5.8700,61.76,121.00,0.008615
309.6790,5.8700,62.03,121.00,0.008796
309.7554,5.8700,61.49,121.00,0.008482
309.8321,5.8700,61.22,121.00,0.009161
309.9083,5.8700,61.49,121.00,0.008733
309.9846,5.8700,62.30,121.00,0.008862
310.0622,5.8700,61.49,121.00,0.008012
310.1389,5.8700,62.03,121.00,0.008303
310.2132,5.8700,61.76,121.00,0.008138
310.2880,5.8700,61.22,121.00,0.008373
310.3662,5.9390,61.76,121.00,0.008555
310.4424,5.9390,61.22,121.00,0.008837
310.5237,5.9390,61.76,121.00,0.008909
310.5993,5.9390,62.03,120.50,0.008666
310.6759,5.9390,62.03,120.00,0.008464
310.7517,5.9390,61.76,120.00,0.008842
310.8282,5.9390,61.49,121.00,0.008746
310.9039,5.9390,61.49,121.00,0.008640
310.9828,5.9390,61.76,121.00,0.008571
311.0636,5.9390,61.22,121.00,0.008936
311.1394,5.9390,61.22,121.00,0.008095
311.2202,5.9140,61.22,120.50,0.008431
311.2994,5.8890,61.49,120.00,0.008422
311.3797,5.8890,61.49,120.00,0.008795
311.4563,5.8890,61.76,120.00,0.008804
311.5339,5.8890,61.76,120.00,0.008599
311.6106,5.8890,61.49,120.00,0.008383
311.6889,5.8890,61.49,120.00,0.008904
311.7653,5.8890,61.76,120.50,0.009182
311.8431,5.8890,61.76,121.00,0.008337
311.9194,5.8890,62.03,120.50,0.008387
311.9973,5.8890,62.03,120.00,0.008870
312.0757,5.8890,61.49,120.00,0.008860
312.1510,5.8890,61.49,121.00,0.008022
312.2259,5.8890,61.49,120.00,0.008045
312.3029,5.8890,61.49,120.00,0.008160
312.3780,5.8890,61.76,120.00,0.008025
312.4561,5.8930,61.76,120.50,0.008719
312.5353,5.8970,61.76,120.00,0.008764
312.6101,5.8970,61.76,120.00,0.008174
312.6875,5.8970,61.76,120.00,0.007990
312.7632,5.8970,61.76,120.00,0.008641
312.8421,5.8970,61.49,120.00,0.008391
312.9181,5.8970,62.03,120.00,0.008701
312.9968,5.8970,62.03,120.00,0.008822
313.0745,5.8970,61.49,120.50,0.008398
313.1517,5.8970,61.76,120.00,0.008855
313.2303,5.8740,61.76,120.00,0.008576
313.3071,5.8510,61.49,120.00,0.008506
313.3863,5.8510,61.22,120.00,0.009103
313.4637,5.8510,61.49,120.00,0.008794
313.5403,5.8510,61.22,120.00,0.008808
313.6193,5.8510,61.22,120.00,0.008678
313.6949,5.8510,62.03,120.00,0.008327
313.7698,5.8510,61.22,120.00,0.008155
313.8469,5.8510,61.76,120.00,0.008416
313.9248,5.8510,61.22,120.00,0.008415
314.0030,5.8510,61.22,120.00,0.008597
314.0801,5.8510,61.49,120.00,0.009088
314.1576,5.8510,61.49,120.00,0.008724
314.2373,5.8530,61.49,120.00,0.008975
314.3154,5.8550,61.22,120.00,0.008192
314.3941,5.8550,61.76,120.00,0.008355
314.4709,5.8550,61.49,120.00,0.008839
314.5473,5.8550,61.76,120.00,0.008061
314.6221,5.8550,61.76,120.00,0.008230
314.6995,5.8550,62.03,120.00,0.008311
314.7753,5.8550,61.76,120.00,0.008598
314.8523,5.8550,62.03,120.00,0.008669
314.9283,5.8550,61.49,120.00,0.008945
315.0041,5.8550,61.76,120.00,0.008085
315.0811,5.8550,62.03,120.00,0.008213
315.1570,5.8550,61.49,120.00,0.008358
315.2340,5.8550,61.76,120.00,0.008034
315.3110,5.8550,61.49,120.00,0.008206
315.3886,5.8970,61.76,120.00,0.008838
315.4712,5.9390,61.49,120.00,0.008526
315.5515,5.9390,61.22,120.00,0.008844
315.6299,5.9390,61.76,120.00,0.008690
315.7058,5.9390,61.76,120.00,0.008205
315.7847,5.9390,61.49,120.00,0.008732
315.8623,5.9390,61.76,120.00,0.008602
315.9387,5.9390,61.22,120.00,0.008476
316.0171,5.9390,61.22,120.00,0.008600
316.0949,5.9390,61.76,120.00,0.008468
316.1707,5.9390,61.76,120.00,0.008457
316.2469,5.9200,62.30,120.00,0.008339
316.3235,5.9010,62.03,120.00,0.008662
316.3998,5.9010,61.49,120.00,0.008849
316.4783,5.9010,61.76,120.00,0.009083
316.5543,5.9010,61.76,120.00,0.008336
316.6307,5.9010,61.49,120.00,0.008266
316.7108,5.9010,61.49,120.00,0.008327
316.7894,5.9010,62.03,120.00,0.008683
316.8673,5.9010,61.76,120.00,0.008214
316.9422,5.9010,61.76,120.00,0.008348
317.0187,5.9010,61.76,120.00,0.008686
317.0970,5.9010,61.76,120.00,0.008775
317.1751,5.9010,62.03,120.00,0.008564
317.2558,5.8935,61.49,120.00,0.008923
317.3348,5.8860,61.76,120.00,0.008495
317.4110,5.8860,61.49,120.00,0.008884
317.4879,5.8860,61.49,120.00,0.008805
317.5618,5.8860,61.49,120.00,0.008062
317.6390,5.8860,61.49,120.00,0.008070
317.7151,5.8860,61.49,119.00,0.008726
317.7934,5.8860,62.03,119.50,0.008723
317.8711,5.8860,61.49,120.00,0.008803
317.9479,5.8860,61.76,120.00,0.009024
318.0280,5.8860,62.03,120.00,0.008771
318.1043,5.8860,61.49,120.00,0.008265
318.1822,5.8860,61.76,120.00,0.008423
318.2591,5.8860,61.76,120.00,0.008153
318.3362,5.8510,61.22,120.00,0.008751
318.4117,5.8510,61.49,120.00,0.007985
318.4858,5.8510,61.49,120.00,0.007977
318.5628,5.8510,61.76,119.00,0.008236
318.6374,5.8510,61.22,119.00,0.008235
318.7121,5.8510,61.49,119.00,0.008120
318.7863,5.8510,61.49,119.00,0.008397
318.8649,5.8510,61.49,119.00,0.008491
318.9393,5.8510,61.76,119.50,0.008337
319.0165,5.8510,61.49,120.00,0.008245
319.0915,5.8510,61.22,120.00,0.008866
319.1675,5.8510,61.49,120.00,0.008705
319.2437,5.8510,62.03,119.00,0.009020
319.3190,5.8970,61.76,119.50,0.008288
319.3953,5.9430,61.22,119.00,0.008597
319.4759,5.9430,62.03,119.50,0.008614
319.5512,5.9430,61.22,119.00,0.008516
319.6274,5.9430,62.30,119.00,0.008183
319.7051,5.9430,61.49,119.00,0.008607
319.7827,5.9430,61.76,119.00,0.008047
319.8572,5.9430,61.49,120.00,0.008102
319.9341,5.9430,61.76,119.00,0.008294
320.0106,5.9430,62.03,119.50,0.008292
320.0914,5.9430,61.49,119.00,0.008623
320.1702,5.9430,61.49,119.00,0.009236
320.2470,5.9050,61.76,119.00,0.009054
320.3253,5.8670,62.30,119.00,0.008672
320.4062,5.8670,61.49,119.00,0.008620
320.4822,5.8670,61.49,119.00,0.008696
320.5573,5.8670,61.49,119.00,0.008212
320.6320,5.8670,61.49,119.00,0.008537
320.7074,5.8670,61.49,119.50,0.007996
320.7840,5.8670,61.22,119.00,0.008068
320.8589,5.8670,62.03,119.00,0.008031
320.9337,5.8670,61.49,119.00,0.008273
321.0122,5.8670,61.76,119.00,0.008846
321.0912,5.8670,61.76,119.00,0.008226
321.1689,5.8670,61.76,119.00,0.008620
321.2469,5.8670,61.76,119.00,0.008348
321.3224,5.8670,61.76,119.00,0.008164
321.3992,5.8670,61.76,119.00,0.008286
321.4749,5.8670,61.76,119.00,0.008339
321.5506,5.8670,61.76,119.00,0.008500
321.6271,5.8670,62.03,119.00,0.008428
321.7026,5.8670,61.49,119.00,0.008805
321.7786,5.8670,61.49,119.00,0.008503
321.8540,5.8670,62.03,119.00,0.008293
321.9305,5.8670,61.76,119.00,0.008719
322.0064,5.8670,61.76,119.00,0.008531
322.0826,5.8670,61.76,119.00,0.008265
322.1590,5.8670,62.30,119.00,0.008292
322.2355,5.8975,61.22,119.00,0.008634
322.3106,5.9280,61.76,119.00,0.007863
322.3858,5.9280,62.03,119.00,0.008254
322.4611,5.9280,61.22,119.00,0.008731
322.5394,5.9280,61.22,119.00,0.008635
322.6199,5.9280,61.49,119.00,0.009069
322.6962,5.9280,61.49,119.00,0.008878
322.7743,5.9280,61.76,119.00,0.008799
322.8515,5.9280,61.76,119.00,0.008871
322.9300,5.9280,61.76,119.00,0.008747
323.0065,5.9280,61.76,119.00,0.008414
323.0824,5.9280,61.76,119.00,0.008386
323.1635,5.9280,61.76,119.00,0.008869
323.2401,5.9185,61.22,119.00,0.008679
323.3192,5.9090,62.03,119.00,0.008831
323.3954,5.9090,61.49,119.00,0.008763
323.4726,5.9090,61.76,119.00,0.008682
323.5499,5.9090,61.49,119.00,0.008304
323.6282,5.9090,61.22,119.00,0.008803
323.7064,5.9090,61.22,119.00,0.008813
323.7850,5.9090,61.49,119.00,0.008778
323.8633,5.9090,62.03,119.00,0.008679
323.9423,5.9090,61.76,119.00,0.008462
324.0220,5.9090,61.76,119.00,0.008473
324.0985,5.9090,61.49,119.00,0.008537
324.1744,5.9090,62.03,119.00,0.008340
324.2506,5.8935,61.49,119.00,0.008153
324.3273,5.8780,61.22,119.00,0.008384
324.4077,5.8780,61.76,119.00,0.008248
324.4889,5.8780,61.76,119.00,0.008922
324.5673,5.8780,61.76,119.00,0.008735
324.6451,5.8780,61.76,119.00,0.008552
324.7230,5.8780,62.03,119.00,0.008307
324.7990,5.8780,61.49,119.00,0.008510
324.8772,5.8780,61.49,119.00,0.008806
324.9554,5.8780,61.22,119.00,0.008838
325.0317,5.8780,61.49,119.00,0.008591
325.1119,5.8780,61.76,119.00,0.008721
325.1883,5.8780,61.22,119.00,0.008481
325.2653,5.8550,61.49,119.00,0.009109
325.3439,5.8550,61.49,119.00,0.008645
325.4200,5.8550,62.03,119.00,0.008695
325.4968,5.8550,61.76,119.00,0.008591
325.5753,5.8550,61.76,119.00,0.008918
325.6515,5.8550,61.76,119.00,0.008813
325.7263,5.8550,61.49,119.00,0.007914
325.8033,5.8550,62.03,119.00,0.008149
325.8779,5.8550,61.76,119.00,0.008406
325.9554,5.8550,60.95,118.00,0.008586
326.0299,5.8550,61.22,118.00,0.007972
326.1094,5.8550,61.49,118.00,0.008204
326.1846,5.8550,61.76,118.00,0.008461
326.2632,5.9010,61.49,118.00,0.008445
326.3390,5.9010,61.76,118.00,0.008489
326.4153,5.9010,61.76,118.00,0.008774
326.4936,5.9010,61.49,118.00,0.008856
326.5717,5.9010,62.03,118.00,0.008593
326.6499,5.9010,61.49,118.00,0.008776
326.7277,5.9010,61.49,118.00,0.008545
326.8035,5.9010,61.76,118.00,0.008616
326.8797,5.9010,61.76,118.00,0.008229
326.9535,5.9010,61.22,118.00,0.008023
327.0309,5.9010,61.22,118.00,0.008244
327.1056,5.9010,61.49,118.50,0.008087
327.1822,5.9010,62.03,119.00,0.008646
327.2587,5.9310,61.22,119.00,0.008805
327.3372,5.9310,61.76,119.00,0.008570
327.4151,5.9310,61.49,118.00,0.008938
327.4910,5.9310,61.49,118.00,0.008594
327.5692,5.9310,61.22,118.00,0.008672
327.6471,5.9310,61.49,118.00,0.008104
327.7225,5.9310,61.76,118.00,0.008380
327.7978,5.9310,61.49,118.50,0.008181
327.8748,5.9310,61.49,119.00,0.008435
327.9510,5.9310,61.49,119.00,0.008926
328.0277,5.9310,61.49,118.50,0.009056
328.1035,5.9310,61.49,119.00,0.008116
328.1795,5.9310,61.76,119.00,0.008622
328.2572,5.8470,61.49,119.00,0.008996
328.3353,5.8470,61.49,119.00,0.008748
328.4143,5.8470,61.49,119.00,0.008853
328.4920,5.8470,61.49,118.50,0.008029
328.5702,5.8470,61.76,118.00,0.008706
328.6511,5.8470,61.49,118.00,0.008607
328.7321,5.8470,61.49,118.00,0.008689
328.8101,5.8470,61.76,118.00,0.008059
328.8872,5.8470,61.49,118.00,0.008361
328.9643,5.8470,61.76,119.00,0.008383
329.0429,5.8470,61.76,118.00,0.008324
329.1184,5.8470,61.76,118.50,0.008696
329.1945,5.8470,61.49,118.00,0.008346
329.2708,5.8590,61.22,118.00,0.008229
329.3470,5.8590,61.22,118.00,0.008724
329.4239,5.8590,61.76,118.00,0.009542
329.5046,5.8590,62.03,118.00,0.008434
329.5806,5.8590,61.49,118.00,0.008781
329.6590,5.8590,61.22,118.00,0.008409
329.7348,5.8590,62.03,118.00,0.008161
329.8121,5.8590,61.76,118.00,0.008535
329.8911,5.8590,61.22,119.00,0.008841
329.9695,5.8590,62.03,119.00,0.008451
330.0469,5.8590,61.49,119.00,0.008536
330.1296,5.8590,61.22,119.00,0.008609
330.2122,5.8590,61.76,119.00,0.009036
330.2947,5.7370,61.76,119.00,0.008613
330.3771,5.7370,61.22,118.50,0.009058
330.4593,5.7370,61.76,118.00,0.008636
330.5426,5.7370,61.76,118.00,0.009004
330.6269,5.7370,61.22,118.00,0.008960
330.7098,5.7370,61.49,118.00,0.009024
330.7922,5.7370,61.49,118.00,0.009217
330.8712,5.7370,61.49,119.00,0.008897
330.9537,5.7370,61.49,119.00,0.008828
331.0342,5.7370,61.49,119.00,0.009208
331.1169,5.7370,61.76,119.00,0.008963
331.1997,5.7370,61.76,119.00,0.009075
331.2814,5.7600,61.49,119.00,0.008746
331.3619,5.7600,61.49,119.00,0.009008
331.4431,5.7600,61.49,119.00,0.009234
331.5261,5.7600,61.49,119.00,0.008529
331.6084,5.7600,61.76,119.00,0.009122
331.6914,5.7600,61.49,119.00,0.009123
331.7730,5.7600,61.22,119.00,0.008620
331.8515,5.7600,61.49,119.00,0.008948
331.9310,5.7600,61.49,119.00,0.008472
332.0070,5.7600,61.49,119.00,0.008723
332.0880,5.7600,61.22,119.00,0.008449
332.1638,5.7600,61.22,119.00,0.008528
332.2406,5.8190,61.76,119.00,0.008199
332.3181,5.8780,61.49,119.00,0.008442
332.3952,5.8780,62.03,119.00,0.008367
332.4704,5.8780,61.76,119.00,0.008592
332.5459,5.8780,62.03,119.00,0.007922
332.6199,5.8780,61.49,119.00,0.007980
332.6961,5.8780,61.22,119.00,0.008167
332.7721,5.8780,61.22,119.00,0.009073
332.8488,5.8780,61.49,119.00,0.008738
332.9271,5.8780,61.49,119.00,0.008430
333.0040,5.8780,61.49,119.00,0.008834
333.0841,5.8780,62.03,119.00,0.008727
333.1642,5.8780,61.49,119.50,0.008986
333.2393,5.8780,61.76,120.00,0.008153
333.3153,5.8780,61.49,120.00,0.008032
333.3907,5.8780,61.76,120.00,0.008791
333.4711,5.8780,61.76,120.00,0.008309
333.5468,5.8780,61.49,120.00,0.008597
333.6240,5.8780,61.49,120.00,0.008538
333.6985,5.8780,62.03,120.00,0.008172
333.7742,5.8780,61.49,120.00,0.008157
333.8491,5.8780,61.22,120.00,0.008156
333.9248,5.8780,61.76,120.00,0.008013
334.0020,5.8780,61.76,120.00,0.008288
334.0806,5.8780,61.49,120.00,0.008339
334.1589,5.8780,61.49,120.00,0.008799
334.2339,5.8780,61.49,120.00,0.007950
334.3102,5.8780,61.22,120.00,0.008539
334.3870,5.8780,62.03,120.00,0.008951
334.4622,5.8780,61.76,120.00,0.008266
334.5418,5.9045,61.22,120.00,0.008995
334.6203,5.9310,61.49,120.00,0.009153
334.6968,5.9310,61.22,120.00,0.008445
334.7745,5.9310,61.22,120.00,0.008761
334.8539,5.9310,61.76,120.00,0.008425
334.9318,5.9310,61.22,120.00,0.008813
335.0085,5.9310,61.76,120.00,0.008759
335.0859,5.9310,61.76,120.00,0.008618
335.1662,5.9310,61.49,120.00,0.008423
335.2407,5.9310,61.76,120.00,0.008465
335.3160,5.9310,61.22,120.00,0.008316
335.3974,5.8890,61.49,120.00,0.008808
335.4740,5.8890,61.76,120.00,0.008467
335.5512,5.8890,61.22,120.00,0.008352
335.6317,5.8890,61.49,120.00,0.008348
335.7092,5.8890,61.22,120.00,0.009009
335.7883,5.8890,61.76,120.50,0.008873
335.8640,5.8890,61.22,121.00,0.008735
335.9426,5.8890,61.76,121.00,0.008737
336.0201,5.8890,61.49,121.00,0.009097
336.0980,5.8890,62.03,121.00,0.008440
336.1753,5.8890,61.76,121.00,0.008493
336.2558,5.8890,61.49,121.00,0.008499
336.3313,5.8890,62.03,121.00,0.008801
336.4066,5.8890,61.49,121.00,0.008029
336.4828,5.8890,61.22,121.00,0.007989
336.5580,5.8890,61.49,121.00,0.008099
336.6358,5.8890,61.49,121.00,0.008837
336.7122,5.8890,62.03,121.00,0.008495
336.7873,5.8890,61.49,121.00,0.008687
336.8634,5.8890,61.76,121.00,0.008672
336.9391,5.8890,61.76,121.00,0.008861
337.0204,5.8890,61.76,121.00,0.008572
337.0966,5.8890,61.76,121.00,0.008679
337.1728,5.8890,61.49,121.00,0.008406
337.2485,5.8890,61.76,122.00,0.008067
337.3245,5.8890,61.22,122.00,0.008294
337.4001,5.8890,61.49,122.00,0.009310
337.4835,5.8890,61.76,122.00,0.009223
337.5648,5.9160,61.49,122.00,0.008386
337.6444,5.9430,61.76,122.00,0.008498
337.7211,5.9430,61.76,122.00,0.008528
337.7999,5.9430,61.76,122.00,0.008619
337.8749,5.9430,61.49,122.00,0.008547
337.9520,5.9430,61.76,122.00,0.008659
338.0288,5.9430,61.49,122.00,0.008276
338.1063,5.9430,61.49,122.00,0.008521
338.1815,5.9430,61.49,122.00,0.008449
338.2579,5.9430,61.76,122.00,0.008369
338.3351,5.9430,61.49,122.00,0.008508
338.4140,5.9430,61.49,122.00,0.008850
338.4904,5.9430,61.76,122.00,0.008490
338.5668,5.9430,61.76,122.00,0.008370
338.6442,5.9430,61.22,122.00,0.008420
338.7202,5.9430,61.49,122.00,0.008052
338.7939,5.9430,61.76,122.00,0.008359
338.8693,5.9430,61.76,122.00,0.008596
338.9424,5.9430,61.49,122.00,0.008085
339.0229,5.9430,61.49,122.00,0.008375
339.0982,5.9430,61.49,122.00,0.008424
339.1745,5.9430,61.76,122.00,0.008473
339.2522,5.9430,61.49,122.00,0.009001
339.3292,5.9430,61.22,122.00,0.008944
339.4059,5.9430,61.76,122.00,0.008210
339.4840,5.9430,61.76,122.00,0.008396
339.5613,5.9065,61.49,122.00,0.008754
339.6408,5.8700,62.03,122.00,0.008465
339.7157,5.8700,61.49,122.00,0.008509
339.7925,5.8700,61.76,122.00,0.008775
339.8679,5.8700,61.49,122.00,0.008961
339.9443,5.8700,61.49,122.00,0.008352
340.0235,5.8700,61.49,122.00,0.008455
340.0994,5.8700,61.22,122.00,0.008176
340.1751,5.8700,61.49,122.00,0.008170
340.2506,5.8700,61.22,122.00,0.007954
340.3268,5.8700,61.22,122.00,0.008128
340.4075,5.8990,61.49,122.00,0.008337
340.4869,5.9280,62.03,122.00,0.008245
340.5631,5.9280,62.03,122.00,0.008443
340.6378,5.9280,61.49,122.00,0.008405
340.7162,5.9280,61.76,122.00,0.008208
340.7953,5.9280,61.49,122.00,0.008514
340.8723,5.9280,62.03,122.00,0.008878
340.9523,5.9280,61.49,122.00,0.009543
341.0286,5.9280,61.22,122.00,0.008632
341.1037,5.9280,61.22,122.00,0.008239
341.1803,5.9280,61.76,122.00,0.009032
341.2552,5.8970,61.49,122.00,0.008243
341.3317,5.8970,62.03,122.00,0.008643
341.4050,5.8970,62.03,122.00,0.008163
341.4805,5.8970,61.22,122.00,0.008141
341.5537,5.8970,61.22,122.00,0.008239
341.6324,5.8970,61.49,122.00,0.008634
341.7094,5.8970,62.03,122.00,0.008750
341.7883,5.8970,61.76,122.00,0.008203
341.8633,5.8970,62.03,122.00,0.008317
341.9399,5.8970,61.49,122.00,0.008700
342.0149,5.8970,61.76,122.00,0.008597
342.0915,5.8970,61.49,122.00,0.008719
342.1689,5.8970,62.03,122.00,0.008950
342.2514,5.9240,61.49,122.00,0.008677
342.3340,5.9510,62.03,122.00,0.008667
342.4178,5.9510,61.49,122.00,0.008902
342.5000,5.9510,61.49,122.00,0.009082
342.5840,5.9510,61.49,122.00,0.008749
342.6646,5.9510,61.49,122.00,0.008585
342.7466,5.9510,61.76,122.00,0.007965
342.8200,5.9510,62.03,122.00,0.008185
342.8963,5.9510,61.76,122.00,0.009011
342.9713,5.9510,61.76,122.00,0.008399
343.0551,5.9510,61.22,122.00,0.009013
343.1348,5.9510,61.49,122.00,0.008561
343.2182,5.8895,62.03,122.00,0.008954
343.2990,5.8280,62.03,122.00,0.008731
343.3811,5.8280,61.76,122.00,0.008842
343.4617,5.8280,61.49,122.00,0.008756
343.5457,5.8280,61.76,122.00,0.008920
343.6285,5.8280,61.76,122.00,0.009197
343.7068,5.8280,61.22,122.00,0.008530
343.7862,5.8280,61.49,122.50,0.008455
343.8676,5.8280,62.03,123.00,0.008728
343.9454,5.8280,61.49,123.00,0.008904
344.0240,5.8280,61.22,123.00,0.008693
344.0984,5.8280,62.03,123.00,0.008306
344.1794,5.8280,61.49,123.00,0.008379
344.2552,5.7830,61.49,123.00,0.008414
344.3352,5.7830,61.49,123.00,0.008304
344.4132,5.7830,61.76,123.00,0.008867
344.4923,5.7830,62.03,123.00,0.009104
344.5690,5.7830,61.76,123.00,0.008546
344.6479,5.7830,61.49,123.00,0.008781
344.7258,5.7830,62.03,123.00,0.008729
344.8048,5.7830,61.22,123.00,0.008467
344.8801,5.7830,61.76,123.00,0.008765
344.9558,5.7830,61.22,123.00,0.008119
345.0299,5.7830,62.03,123.00,0.008185
345.1079,5.7830,61.22,123.00,0.008430
345.1820,5.7830,61.22,123.00,0.008681
345.2634,5.9090,62.03,123.00,0.008399
345.3385,5.9090,61.76,123.00,0.008456
345.4170,5.9090,61.76,123.00,0.008536
345.4948,5.9090,61.49,123.00,0.008829
345.5703,5.9090,61.49,123.00,0.007979
345.6443,5.9090,61.22,123.00,0.007997
345.7195,5.9090,61.22,123.00,0.008220
345.7966,5.9090,61.76,123.00,0.008320
345.8756,5.9090,61.49,123.00,0.008631
345.9532,5.9090,61.49,123.00,0.009090
346.0299,5.9090,61.22,123.00,0.008714
346.1073,5.9090,61.49,123.00,0.008721
346.1883,5.9090,61.76,123.00,0.009093
346.2643,5.8895,61.76,122.50,0.008988
346.3431,5.8700,61.49,122.00,0.008486
346.4191,5.8700,61.22,122.00,0.009063
346.5002,5.8700,61.22,122.00,0.008786
346.5745,5.8700,61.49,122.50,0.008618
346.6553,5.8700,61.49,122.00,0.008505
346.7301,5.8700,61.49,122.00,0.008384
346.8118,5.8700,61.49,122.00,0.009170
346.8894,5.8700,61.22,122.50,0.009082
346.9690,5.8700,62.03,122.00,0.008907
347.0442,5.8700,61.49,122.00,0.008885
347.1207,5.8700,61.49,122.00,0.008826
347.1993,5.8700,61.49,122.00,0.008477
347.2769,5.8860,62.03,122.00,0.008917
347.3514,5.8860,61.49,122.00,0.008471
347.4288,5.8860,61.49,122.00,0.008733
347.5045,5.8860,61.76,122.00,0.008788
347.5829,5.8860,61.76,122.00,0.008707
347.6597,5.8860,61.22,122.00,0.008577
347.7371,5.8860,61.49,122.00,0.008729
347.8136,5.8860,61.76,122.00,0.008304
347.8925,5.8860,61.49,122.00,0.008595
347.9673,5.8860,61.22,122.00,0.008667
348.0466,5.8860,61.22,122.00,0.008592
348.1237,5.8860,61.49,122.00,0.008822
348.2018,5.8860,61.49,122.00,0.008790
348.2793,5.8510,61.22,122.00,0.008588
348.3562,5.8510,61.76,122.00,0.008883
348.4358,5.8510,61.22,122.00,0.008482
348.5110,5.8510,62.30,122.00,0.008035
348.5847,5.8510,62.03,122.00,0.008194
348.6594,5.8510,61.49,122.00,0.008021
348.7355,5.8510,61.49,122.00,0.008323
348.8127,5.8510,61.22,122.00,0.008461
348.8881,5.8510,61.76,122.00,0.008610
348.9637,5.8510,61.22,122.00,0.007954
349.0378,5.8510,61.76,122.00,0.008349
349.1160,5.8510,61.22,122.00,0.008533
349.1958,5.8510,61.76,122.00,0.008441
349.2719,5.9390,61.22,122.00,0.007985
349.3457,5.9390,61.49,122.00,0.008072
349.4246,5.9390,62.03,122.00,0.009416
349.4991,5.9390,61.76,122.00,0.008699
349.5795,5.9390,61.49,122.00,0.008403
349.6563,5.9390,61.76,122.00,0.008826
349.7332,5.9390,61.49,122.00,0.008730
349.8081,5.9390,61.49,122.00,0.008170
349.8848,5.9390,61.22,122.00,0.008801
349.9600,5.9390,62.30,122.00,0.008841
350.0377,5.9390,61.76,122.00,0.008370
350.1152,5.9390,61.49,122.00,0.008580
350.1947,5.9390,61.49,122.00,0.008567
350.2705,5.9050,62.03,122.00,0.008464
350.3490,5.9050,62.03,122.00,0.008540
350.4261,5.9050,61.76,122.00,0.008431
350.5031,5.9050,61.22,122.00,0.008739
350.5785,5.9050,61.49,122.00,0.008854
350.6551,5.9050,62.03,122.00,0.008684
350.7309,5.9050,61.22,122.00,0.008653
350.8080,5.9050,62.03,121.50,0.008749
350.8840,5.9050,61.76,121.50,0.009223
350.9626,5.9050,62.03,121.00,0.008698
351.0401,5.9050,61.76,121.00,0.008695
351.1157,5.9050,61.76,121.00,0.007954
351.1917,5.9050,61.49,121.00,0.008348
351.2675,5.9050,61.22,121.00,0.008564
351.3457,5.8700,62.03,121.00,0.008649
351.4233,5.8700,61.49,121.00,0.008041
351.4994,5.8700,61.22,122.00,0.008060
351.5751,5.8700,61.76,121.00,0.008637
351.6502,5.8700,61.22,121.50,0.008398
351.7270,5.8700,62.03,121.00,0.008726
351.8024,5.8700,61.49,121.00,0.008567
351.8788,5.8700,61.49,121.00,0.008518
351.9579,5.8700,61.49,121.00,0.008476
352.0391,5.8700,61.49,121.00,0.008708
352.1138,5.8700,61.76,121.00,0.008153
352.1912,5.8700,61.49,121.00,0.008203
352.2668,5.8700,61.49,121.00,0.008270
352.3419,5.8700,61.49,121.00,0.007991
352.4197,5.8875,61.22,121.00,0.008934
352.4968,5.9050,61.49,121.00,0.008639
352.5720,5.9050,61.76,121.00,0.008719
352.6494,5.9050,61.76,121.00,0.008842
352.7264,5.9050,62.03,121.00,0.008614
352.8031,5.9050,61.49,121.00,0.008489
352.8771,5.9050,61.76,121.00,0.008107
352.9523,5.9050,61.49,121.00,0.007992
353.0261,5.9050,61.76,121.00,0.008550
353.1038,5.9050,61.22,121.00,0.008416
353.1788,5.9050,62.30,121.00,0.008644
353.2560,5.8800,61.22,121.00,0.008692
353.3332,5.8550,62.03,121.00,0.008242
353.4125,5.8550,61.76,121.00,0.008440
353.4900,5.8550,61.49,121.00,0.008621
353.5669,5.8550,61.49,121.00,0.008307
353.6444,5.8550,61.49,121.00,0.008623
353.7230,5.8550,61.76,121.00,0.008396
353.7978,5.8550,61.76,121.00,0.008310
353.8770,5.8550,61.49,121.00,0.008776
353.9520,5.8550,61.76,121.00,0.008670
354.0274,5.8550,61.22,121.00,0.008277
354.1011,5.8550,61.49,121.00,0.008293
354.1765,5.8550,61.22,121.00,0.008230
354.2510,5.8550,62.30,121.00,0.008482
354.3301,5.8550,61.49,121.00,0.008443
354.4095,5.8550,62.03,121.00,0.008825
354.4878,5.8550,61.76,121.00,0.008535
354.5624,5.8550,61.22,121.00,0.008256
354.6397,5.8550,61.49,121.00,0.008880
354.7175,5.8550,61.49,121.00,0.008572
354.7995,5.8550,61.22,121.00,0.008632
354.8748,5.8550,61.49,120.50,0.008734
354.9523,5.8550,61.76,120.50,0.008737
355.0320,5.8550,61.76,120.50,0.008585
355.1133,5.8550,61.49,120.00,0.008652
355.1866,5.8550,61.49,120.00,0.008145
355.2623,5.8550,61.22,120.50,0.008267
355.3382,5.8550,61.76,121.00,0.008236
355.4186,5.8550,61.22,120.50,0.010202
355.5011,5.8550,61.22,120.00,0.008799
355.5842,5.8550,61.76,120.00,0.008916
355.6651,5.8550,61.49,120.00,0.008660
355.7512,5.8530,61.76,120.00,0.008559
355.8313,5.8510,61.76,120.00,0.008551
355.9170,5.8510,61.49,120.00,0.008997
355.9998,5.8510,61.76,120.00,0.008997
356.0818,5.8510,61.49,120.00,0.008901
356.1624,5.8510,61.22,120.00,0.008660
356.2481,5.8665,61.22,120.00,0.008957
356.3308,5.8820,61.22,120.00,0.008280
356.4133,5.8820,61.49,120.00,0.008837
356.4902,5.8820,61.49,120.00,0.008026
356.5675,5.8820,61.22,120.00,0.008266
356.6421,5.8820,61.49,120.00,0.008159
356.7253,5.8820,61.49,120.00,0.008820
356.7992,5.8820,61.49,120.00,0.008033
356.8761,5.8820,61.76,120.00,0.008075
356.9511,5.8820,61.22,120.00,0.008270
357.0329,5.8820,61.22,120.00,0.008999
357.1152,5.8820,61.76,120.00,0.009022
357.1959,5.8820,61.49,120.00,0.008640
357.2765,5.7140,61.49,120.00,0.008609
357.3610,5.7140,61.49,120.00,0.008627
357.4398,5.7140,60.95,120.00,0.009253
357.5213,5.7140,61.49,120.00,0.008906
357.6014,5.7140,61.49,120.00,0.008662
357.6843,5.7140,61.22,120.00,0.008985
357.7648,5.7140,61.49,120.00,0.008939
357.8487,5.7140,61.22,120.00,0.008522
357.9236,5.7140,61.49,120.00,0.008499
358.0005,5.7140,61.22,120.00,0.008376
358.0751,5.7140,62.03,120.00,0.008737
358.1531,5.7140,62.03,120.00,0.008987
358.2290,5.7595,61.49,120.00,0.008517
358.3085,5.8050,61.22,120.00,0.008293
358.3834,5.8050,61.49,120.00,0.008141
358.4601,5.8050,61.22,120.00,0.008136
358.5374,5.8050,61.49,120.00,0.008653
358.6165,5.8050,61.49,120.00,0.008522
358.6961,5.8050,61.49,120.00,0.008347
358.7753,5.8050,61.76,120.00,0.009010
358.8538,5.8050,61.22,120.00,0.009123
358.9374,5.8050,61.49,120.00,0.008798
359.0209,5.8050,61.76,120.00,0.008641
359.1038,5.8050,61.22,120.00,0.008882
359.1836,5.8050,62.03,120.00,0.008799
359.2674,5.8130,60.95,120.00,0.008907
359.3480,5.8130,61.76,120.00,0.008685
359.4331,5.8130,61.49,120.00,0.008382
359.5111,5.8130,61.49,120.00,0.008707
359.5884,5.8130,61.49,120.00,0.008622
359.6633,5.8130,61.22,120.00,0.008544
359.7409,5.8130,61.76,120.00,0.008696
359.8177,5.8130,61.22,120.00,0.008869
359.8990,5.8130,61.22,120.00,0.008583
359.9775,5.8130,61.49,120.00,0.009050
360.0549,5.8130,61.49,120.00,0.008015
360.1300,5.8130,61.49,120.00,0.008025
360.2083,5.8130,61.49,121.00,0.008215
360.2829,5.8130,61.22,121.00,0.008286
360.3581,5.8130,61.22,121.00,0.008151
360.4365,5.8130,60.95,121.00,0.008040
360.5150,5.8130,61.22,121.00,0.008640
360.5920,5.8130,61.22,121.00,0.008943
360.6714,5.8130,61.49,121.00,0.008972
360.7489,5.8130,61.49,121.00,0.008340
360.8291,5.8130,61.76,121.00,0.008550
360.9069,5.8130,61.22,121.00,0.008626
360.9855,5.8130,62.30,121.00,0.008813
361.0602,5.8130,61.76,121.00,0.008475
361.1376,5.8130,61.76,121.00,0.008267
361.2120,5.8130,61.76,121.00,0.008553
361.2882,5.8130,61.76,121.00,0.008379
361.3621,5.8130,61.49,121.00,0.008376
361.4390,5.8475,61.49,121.00,0.008599
361.5151,5.8820,61.76,121.00,0.008756
361.5917,5.8820,60.95,121.00,0.007967
361.6680,5.8820,61.22,121.00,0.008245
361.7438,5.8820,61.76,121.00,0.008347
361.8199,5.8820,61.49,121.00,0.008746
361.8966,5.8820,61.76,121.00,0.008571
361.9742,5.8820,61.22,121.00,0.008698
362.0558,5.8820,61.76,121.00,0.008768
362.1359,5.8820,62.03,121.00,0.008839
362.2153,5.8630,61.76,121.00,0.008504
362.2958,5.8440,61.49,121.00,0.008648
362.3734,5.8440,61.76,121.00,0.008743
362.4509,5.8440,62.03,121.00,0.008485
362.5287,5.8440,61.22,121.00,0.008586
362.6042,5.8440,61.22,121.00,0.008338
362.6838,5.8440,61.49,121.00,0.008978
362.7599,5.8440,61.22,121.00,0.008969
362.8353,5.8440,61.49,121.00,0.008141
362.9109,5.8440,61.22,121.00,0.008240
362.9861,5.8440,61.76,121.00,0.008009
363.0603,5.8440,61.49,121.00,0.008944
363.1363,5.8440,61.22,121.00,0.008460
363.2108,5.8440,61.76,121.00,0.008393
363.2877,5.8470,62.03,121.00,0.008521
363.3640,5.8470,61.76,121.00,0.009154
363.4438,5.8470,61.76,121.00,0.008490
363.5230,5.8470,61.76,121.00,0.008074
363.6009,5.8470,61.76,121.00,0.008826
363.6798,5.8470,61.76,121.00,0.008260
363.7559,5.8470,61.76,121.00,0.007949
363.8303,5.8470,61.76,121.00,0.008237
363.9071,5.8470,61.76,121.00,0.008340
363.9868,5.8470,61.49,121.00,0.008835
364.0694,5.8470,61.49,121.00,0.008752
364.1508,5.8470,61.22,121.00,0.008654
364.2283,5.8470,61.49,121.00,0.008628
364.3034,5.8470,61.22,121.00,0.008320
364.3810,5.8470,61.76,121.00,0.008271
364.4548,5.8470,61.76,121.00,0.008137
364.5334,5.8470,61.49,121.00,0.008014
364.6112,5.8470,61.49,121.00,0.008547
364.6883,5.8470,61.76,121.00,0.008646
364.7664,5.8470,61.76,121.00,0.008236
364.8433,5.8470,61.76,121.00,0.008359
364.9181,5.8470,61.76,121.00,0.008255
364.9967,5.8470,61.76,121.00,0.008465
365.0718,5.8470,61.76,121.00,0.008897
365.1510,5.8470,61.49,121.00,0.008626
365.2312,5.8470,61.49,121.00,0.008521
365.3127,5.8470,61.22,121.00,0.008270
365.3920,5.8930,62.30,121.00,0.009089
365.4735,5.8930,61.49,121.00,0.008623
365.5525,5.8930,61.49,121.00,0.008756
365.6358,5.8930,61.49,121.00,0.008967
365.7144,5.8930,61.49,121.00,0.009339
365.7983,5.8930,61.49,121.00,0.008484
365.8766,5.8930,61.22,121.00,0.009242
365.9591,5.8930,61.49,121.00,0.008840
366.0406,5.8930,61.76,121.00,0.009406
366.1233,5.8930,61.76,121.00,0.009081
366.2043,5.8930,61.22,121.00,0.008571
366.2846,5.8020,61.22,121.00,0.008790
366.3595,5.8020,61.49,121.00,0.008375
366.4391,5.8020,61.49,121.00,0.008454
366.5170,5.8020,61.49,121.00,0.008694
366.5959,5.8020,61.76,121.00,0.008584
366.6702,5.8020,61.76,121.00,0.008291
366.7513,5.8020,61.22,121.00,0.008487
366.8270,5.8020,61.22,121.00,0.008713
366.9045,5.8020,61.22,121.00,0.008309
366.9847,5.8020,61.76,120.00,0.008850
367.0618,5.8020,61.76,120.00,0.008686
367.1390,5.8020,61.49,120.00,0.008372
367.2191,5.8265,61.22,120.00,0.008742
367.2929,5.8510,61.22,120.00,0.007949
367.3689,5.8510,62.03,120.00,0.008447
367.4426,5.8510,61.76,121.00,0.008400
367.5212,5.8510,61.22,120.50,0.008414
367.5979,5.8510,61.49,120.00,0.008687
367.6792,5.8510,61.49,120.00,0.008758
367.7546,5.8510,61.76,121.00,0.008395
367.8324,5.8510,61.76,121.00,0.008129
367.9075,5.8510,61.22,121.00,0.008222
367.9854,5.8510,61.49,121.00,0.008180
368.0651,5.8510,61.22,121.00,0.008733
368.1423,5.8510,61.76,120.00,0.008363
368.2200,5.8510,61.49,120.00,0.008479
368.2981,5.8510,61.76,120.50,0.008044
368.3746,5.8510,61.76,120.00,0.007997
368.4513,5.8510,61.22,120.00,0.008132
368.5271,5.8510,61.22,121.00,0.008647
368.6044,5.8510,61.22,121.00,0.008060
368.6810,5.8510,61.76,121.00,0.008508
368.7576,5.8510,61.76,121.00,0.008287
368.8328,5.8510,61.49,121.00,0.008559
368.9128,5.8510,61.22,120.00,0.008975
368.9905,5.8510,61.22,120.00,0.008763
369.0675,5.8510,61.49,120.00,0.008550
369.1426,5.8510,61.49,120.00,0.008296
369.2220,5.8510,62.03,120.00,0.008812
369.2998,5.8510,61.49,120.00,0.008860
369.3793,5.8530,61.76,120.00,0.008319
369.4563,5.8550,61.22,120.50,0.008956
369.5355,5.8550,61.49,120.00,0.008875
369.6123,5.8550,61.49,120.00,0.008510
369.6922,5.8550,61.49,120.00,0.008776
369.7685,5.8550,61.22,120.50,0.009023
369.8446,5.8550,61.49,120.00,0.008080
369.9194,5.8550,62.03,120.00,0.008019
369.9960,5.8550,62.03,120.50,0.008201
370.0713,5.8550,61.22,121.00,0.008786
370.1488,5.8550,61.49,120.00,0.008814
370.2274,5.8625,61.22,120.00,0.008691
370.3080,5.8700,61.49,120.00,0.008693
370.3860,5.8700,61.49,120.00,0.008560
370.4674,5.8700,61.49,120.00,0.008570
370.5437,5.8700,61.49,120.50,0.008982
370.6230,5.8700,61.22,120.00,0.008590
370.6989,5.8700,62.03,120.00,0.008444
370.7774,5.8700,62.03,120.00,0.009250
370.8546,5.8700,62.03,120.00,0.007980
370.9305,5.8700,61.49,120.00,0.008368
371.0073,5.8700,61.22,120.00,0.008381
371.0833,5.8700,61.49,120.00,0.008133
371.1594,5.8700,61.49,120.00,0.008836
371.2365,5.8570,62.03,120.00,0.008636
371.3149,5.8440,61.49,120.00,0.008588
371.3951,5.8440,61.49,120.00,0.008752
371.4731,5.8440,61.22,120.00,0.008940
371.5534,5.8440,62.03,120.00,0.008901
371.6311,5.8440,61.22,120.00,0.008704
371.7121,5.8440,61.22,120.00,0.008809
371.7923,5.8440,61.76,120.00,0.008570
371.8747,5.8440,61.76,120.00,0.008865
371.9553,5.8440,61.76,120.00,0.008941
372.0397,5.8440,61.49,120.00,0.009062
372.1139,5.8440,61.49,120.00,0.008047
372.1919,5.8440,61.22,120.00,0.008005
372.2661,5.8440,61.76,120.00,0.008005
372.3487,5.8455,61.22,120.00,0.008714
372.4307,5.8470,62.03,120.00,0.008877
372.5120,5.8470,62.03,120.00,0.008841
372.5942,5.8470,61.76,120.00,0.009162
372.6762,5.8470,61.49,120.00,0.008659
372.7512,5.8470,61.22,120.00,0.008617
372.8311,5.8470,61.49,120.00,0.008698
372.9058,5.8470,61.76,120.00,0.008174
372.9856,5.8470,62.03,120.00,0.008683
373.0625,5.8470,61.22,120.00,0.008152
373.1381,5.8470,61.76,120.00,0.008110
373.2124,5.8470,61.22,120.00,0.008118
373.2880,5.8470,61.49,120.00,0.008189
373.3651,5.9050,61.76,120.00,0.008361
373.4448,5.9050,61.49,120.00,0.008389
373.5234,5.9050,61.49,120.00,0.008755
373.6022,5.9050,61.22,120.00,0.008656
373.6793,5.9050,61.49,120.00,0.008572
373.7601,5.9050,61.49,120.00,0.009016
373.8406,5.9050,61.49,120.00,0.008637
373.9189,5.9050,61.49,120.00,0.008592
373.9950,5.9050,61.76,120.00,0.008734
374.0800,5.9050,61.49,120.00,0.008846
374.1547,5.9050,61.76,120.00,0.008262
374.2308,5.9050,61.76,120.00,0.008561
374.3127,5.8090,61.49,120.00,0.008655
374.3963,5.8090,61.76,120.00,0.008611
374.4713,5.8090,61.76,120.00,0.008203
374.5469,5.8090,61.76,120.00,0.007971
374.6232,5.8090,61.49,120.50,0.007933
374.7031,5.8090,61.76,121.00,0.008659
374.7799,5.8090,61.49,121.00,0.008635
374.8595,5.8090,61.49,121.00,0.008801
374.9348,5.8090,61.76,121.00,0.008650
375.0110,5.8090,61.49,121.00,0.008512
375.0865,5.8090,61.49,121.00,0.008786
375.1629,5.8090,61.22,121.00,0.008575
375.2431,5.8720,61.49,121.00,0.008739
375.3232,5.9350,62.03,121.00,0.008745
375.3992,5.9350,61.49,121.00,0.008907
375.4765,5.9350,61.22,121.00,0.008686
375.5518,5.9350,61.22,121.00,0.008593
375.6281,5.9350,61.49,121.00,0.008357
375.7057,5.9350,61.49,121.00,0.008619
375.7843,5.9350,61.49,121.00,0.008551
375.8613,5.9350,62.03,121.00,0.008235
375.9406,5.9350,61.22,121.00,0.008577
376.0198,5.9350,61.49,121.00,0.008625
376.0962,5.9350,62.03,121.00,0.008480
376.1699,5.9350,61.22,121.00,0.007919
376.2472,5.9350,61.49,121.00,0.008068
376.3213,5.9350,61.49,121.00,0.008034
376.4001,5.9010,61.49,121.00,0.008599
376.4780,5.8670,62.03,121.00,0.008455
376.5565,5.8670,61.49,121.00,0.008217
376.6315,5.8670,61.22,121.00,0.008475
376.7080,5.8670,61.76,121.00,0.008502
376.7856,5.8670,61.49,121.00,0.008574
376.8623,5.8670,61.76,121.00,0.008530
376.9393,5.8670,62.03,121.00,0.008345
377.0159,5.8670,61.49,121.00,0.008312
377.0908,5.8670,61.22,121.00,0.008401
377.1677,5.8670,61.49,121.00,0.008477
377.2434,5.8820,61.49,121.00,0.008816
377.3221,5.8970,61.76,121.00,0.008142
377.4018,5.8970,61.49,121.00,0.008496
377.4809,5.8970,61.49,121.00,0.008600
377.5560,5.8970,61.49,121.00,0.008354
377.6331,5.8970,62.30,121.00,0.008577
377.7105,5.8970,61.76,121.00,0.008593
377.7913,5.8970,62.30,121.00,0.008598
377.8690,5.8970,61.49,121.00,0.008529
377.9486,5.8970,61.76,121.00,0.008372
378.0245,5.8970,61.49,121.00,0.008634
378.1034,5.8970,61.22,121.00,0.008919
378.1839,5.8970,61.76,121.00,0.008889
378.2662,5.8360,61.22,121.00,0.009049
378.3425,5.8360,61.49,121.00,0.008871
378.4185,5.8360,61.22,121.00,0.008004
378.4954,5.8360,61.22,121.00,0.008202
378.5718,5.8360,61.22,121.00,0.008762
378.6467,5.8360,62.03,121.00,0.008667
378.7241,5.8360,61.76,121.00,0.008626
378.7989,5.8360,61.49,121.00,0.008322
378.8753,5.8360,60.95,121.00,0.008338
378.9500,5.8360,61.22,121.00,0.008139
379.0269,5.8360,61.49,121.00,0.008647
379.1024,5.8360,61.22,121.00,0.008593
379.1784,5.8360,61.49,121.00,0.008348
379.2541,5.9700,61.22,121.00,0.008035
379.3330,5.9700,61.76,121.00,0.008898
379.4080,5.9700,61.49,121.00,0.009064
379.4853,5.9700,61.76,121.00,0.008710
379.5625,5.9700,61.76,121.00,0.008310
379.6393,5.9700,61.49,121.00,0.008939
379.7170,5.9700,61.76,121.00,0.009062
379.7961,5.9700,61.76,121.00,0.008804
379.8757,5.9700,61.76,121.00,0.009004
379.9528,5.9700,61.49,121.00,0.008630
380.0307,5.9700,61.76,121.00,0.008453
380.1080,5.9700,61.49,121.00,0.009013
380.1865,5.9700,61.22,121.00,0.009810
380.2631,5.8130,61.49,121.00,0.008079
380.3394,5.8130,61.49,121.00,0.008452
380.4164,5.8130,62.03,121.00,0.008958
380.4959,5.8130,61.49,121.00,0.008483
380.5708,5.8130,62.03,121.00,0.008231
380.6474,5.8130,61.22,121.00,0.008429
380.7260,5.8130,61.22,121.00,0.008610
380.8029,5.8130,61.76,121.00,0.008281
380.8817,5.8130,61.22,121.00,0.008595
380.9576,5.8130,61.76,121.00,0.007962
381.0345,5.8130,61.22,121.00,0.007880
381.1083,5.8130,61.22,121.00,0.008048
381.1835,5.8130,61.76,121.00,0.008008
381.2578,5.8130,62.03,121.00,0.008626
381.3348,5.8280,61.76,121.00,0.008551
381.4102,5.8280,61.22,121.00,0.008253
381.4899,5.8280,61.76,121.00,0.008711
381.5681,5.8280,61.22,121.00,0.008904
381.6452,5.8280,61.76,120.50,0.009097
381.7223,5.8280,61.22,120.00,0.008564
381.7995,5.8280,62.03,120.50,0.007841
381.8739,5.8280,61.49,120.00,0.008051
381.9494,5.8280,61.22,120.00,0.008325
382.0234,5.8280,62.03,120.00,0.008251
382.1000,5.8280,61.76,120.00,0.008726
382.1755,5.8280,61.76,120.00,0.008544
382.2544,5.8625,61.76,120.00,0.008669
382.3311,5.8970,61.49,120.00,0.008478
382.4089,5.8970,61.76,120.00,0.007974
382.4834,5.8970,61.49,120.00,0.008302
382.5583,5.8970,61.49,120.00,0.007979
382.6349,5.8970,62.03,120.00,0.008126
382.7112,5.8970,61.76,120.00,0.008478
382.7890,5.8970,61.76,120.00,0.008657
382.8659,5.8970,61.49,120.50,0.008707
382.9432,5.8970,61.22,120.00,0.008341
383.0202,5.8970,61.49,120.00,0.009184
383.0960,5.8970,61.22,120.00,0.008988
383.1728,5.8970,61.76,120.00,0.008793
383.2486,5.8895,61.76,120.00,0.009045
383.3280,5.8820,61.22,120.00,0.009026
383.4032,5.8820,61.76,120.00,0.008578
383.4799,5.8820,61.22,120.00,0.008664
383.5558,5.8820,61.49,120.00,0.008888
383.6312,5.8820,61.49,120.00,0.008032
383.7073,5.8820,61.49,120.00,0.008248
383.7822,5.8820,61.22,120.00,0.008113
383.8585,5.8820,61.76,120.00,0.008604
383.9352,5.8820,61.49,120.00,0.008669
384.0128,5.8820,61.49,120.00,0.008370
384.0910,5.8820,61.49,120.00,0.008201
384.1673,5.8820,61.22,120.00,0.008283
384.2445,5.8855,61.49,120.00,0.009091
384.3222,5.8890,61.49,120.00,0.008524
384.4005,5.8890,62.03,120.00,0.008530
384.4754,5.8890,61.22,120.00,0.008694
384.5507,5.8890,62.03,120.00,0.008336
384.6295,5.8890,61.49,120.00,0.008005
384.7073,5.8890,61.76,120.00,0.008357
384.7846,5.8890,61.22,120.00,0.008723
384.8624,5.8890,61.49,120.00,0.008006
384.9366,5.8890,61.22,120.00,0.008322
385.0119,5.8890,62.03,120.00,0.008119
385.0862,5.8890,61.49,120.00,0.008362
385.1633,5.8890,61.49,120.00,0.008519
385.2390,5.8910,61.22,120.00,0.008368
385.3165,5.8930,61.49,120.00,0.009115
385.3943,5.8930,61.49,120.00,0.009040
385.4716,5.8930,61.49,119.50,0.008642
385.5482,5.8930,61.76,120.00,0.008061
385.6235,5.8930,61.49,120.00,0.008208
385.6998,5.8930,61.49,119.50,0.008010
385.7788,5.8930,61.22,119.00,0.008798
385.8563,5.8930,62.03,119.50,0.008759
385.9349,5.8930,61.49,120.00,0.008592
386.0110,5.8930,61.76,120.00,0.008207
386.0859,5.8930,61.49,120.00,0.008088
386.1649,5.8930,61.22,120.00,0.008470
386.2440,5.8815,61.22,120.00,0.009581
386.3201,5.8700,61.76,120.00,0.009018
386.3967,5.8700,61.22,120.00,0.008678
386.4715,5.8700,61.76,120.00,0.008378
386.5469,5.8700,62.03,120.00,0.008368
386.6211,5.8700,61.49,120.00,0.008343
386.6997,5.8700,61.22,120.00,0.008776
386.7752,5.8700,61.49,119.50,0.008754
386.8519,5.8700,61.22,119.00,0.008881
386.9264,5.8700,61.76,119.00,0.008534
387.0037,5.8700,61.22,119.00,0.007944
387.0793,5.8700,61.49,119.00,0.007926
387.1569,5.8700,61.22,119.00,0.008327
387.2312,5.8950,61.49,119.00,0.008485
387.3084,5.9200,61.76,119.00,0.008587
387.3878,5.9200,61.22,119.50,0.008533
387.4646,5.9200,61.49,119.00,0.008684
387.5404,5.9200,61.49,119.00,0.008808
387.6190,5.9200,61.49,119.00,0.008533
387.6942,5.9200,62.30,119.00,0.008366
387.7751,5.9200,61.49,119.00,0.008440
387.8508,5.9200,61.49,119.00,0.008711
387.9334,5.9200,61.22,119.00,0.009009
388.0160,5.9200,61.76,119.00,0.008770
388.1000,5.9200,62.03,119.00,0.009076
388.1823,5.9200,61.22,119.00,0.008750
388.2670,5.8890,61.76,120.00,0.008941
388.3497,5.8890,61.22,119.50,0.008940
388.4334,5.8890,61.22,119.00,0.008859
388.5136,5.8890,61.49,119.50,0.008440
388.5957,5.8890,61.49,119.00,0.008811
388.6771,5.8890,61.49,119.50,0.010190
388.7543,5.8890,61.22,119.00,0.008162
388.8321,5.8890,61.22,119.00,0.008647
388.9164,5.8890,61.49,119.00,0.009203
388.9973,5.8890,61.76,119.00,0.008948
389.0824,5.8890,61.49,119.00,0.009101
389.1639,5.8890,61.49,119.00,0.008504
389.2495,5.8375,61.49,119.00,0.009083
389.3327,5.7860,61.49,119.00,0.008436
389.4178,5.7860,61.76,119.00,0.008769
389.4969,5.7860,61.22,120.00,0.008625
389.5816,5.7860,61.22,120.00,0.008349
389.6632,5.7860,61.22,120.00,0.008442
389.7458,5.7860,61.22,120.00,0.008514
389.8291,5.7860,61.76,120.00,0.008743
389.9122,5.7860,61.49,120.00,0.009356
389.9920,5.7860,61.49,120.00,0.008044
390.0718,5.7860,61.76,120.00,0.008570
390.1490,5.7860,61.76,120.00,0.008700
390.2308,5.8150,61.49,120.00,0.008449
390.3073,5.8440,61.49,120.00,0.009024
390.3835,5.8440,61.22,120.00,0.008282
390.4586,5.8440,61.76,120.00,0.008524
390.5378,5.8440,61.22,120.00,0.008548
390.6179,5.8440,61.76,120.00,0.008672
390.6947,5.8440,61.22,120.00,0.008449
390.7704,5.8440,61.22,120.00,0.008202
390.8496,5.8440,61.22,120.00,0.008861
390.9243,5.8440,61.22,120.00,0.008253
391.0044,5.8440,61.49,120.00,0.008956
391.0798,5.8440,61.76,120.00,0.008704
391.1593,5.8440,61.49,120.00,0.008641
391.2388,5.8705,61.22,120.00,0.008661
391.3199,5.8970,61.76,120.00,0.008759
391.3957,5.8970,62.03,120.00,0.008899
391.4722,5.8970,61.49,120.00,0.008779
391.5486,5.8970,61.76,120.00,0.008847
391.6252,5.8970,61.22,120.00,0.008799
391.7023,5.8970,61.76,120.00,0.008386
391.7822,5.8970,61.49,120.00,0.008992
391.8593,5.8970,61.76,120.00,0.008829
391.9377,5.8970,61.49,120.00,0.008188
392.0169,5.8970,62.03,120.00,0.008489
392.0984,5.8970,61.49,120.00,0.008538
392.1756,5.8970,61.76,120.00,0.008982
392.2555,5.9090,61.22,120.00,0.009067
392.3308,5.9090,61.76,121.00,0.008510
392.4083,5.9090,61.49,121.00,0.008418
392.4839,5.9090,61.49,121.00,0.008975
392.5635,5.9090,61.76,121.00,0.008794
392.6389,5.9090,61.76,121.00,0.008488
392.7158,5.9090,61.49,121.00,0.008592
392.7918,5.9090,61.76,121.00,0.009036
392.8681,5.9090,61.76,121.00,0.008606
392.9421,5.9090,61.49,121.00,0.008127
393.0176,5.9090,62.03,121.00,0.007966
393.0941,5.9090,61.22,121.00,0.008435
393.1711,5.9090,61.22,121.00,0.008618
393.2466,5.9300,61.49,121.00,0.008708
393.3247,5.9510,61.22,121.00,0.008674
393.4049,5.9510,61.49,121.00,0.008959
393.4849,5.9510,61.49,121.00,0.009066
393.5619,5.9510,61.49,121.00,0.008508
393.6409,5.9510,62.03,121.00,0.008736
393.7187,5.9510,61.76,121.00,0.008039
393.7942,5.9510,61.49,121.00,0.008175
393.8708,5.9510,61.76,121.00,0.008238
393.9514,5.9510,61.76,121.00,0.008517
394.0289,5.9510,61.49,121.00,0.008429
394.1079,5.9510,61.76,121.00,0.008633
394.1834,5.9510,61.49,121.00,0.008759
394.2610,5.7940,61.49,121.00,0.008436
394.3391,5.7940,61.49,121.00,0.008709
394.4212,5.7940,61.22,121.00,0.008860
394.5006,5.7940,61.76,121.00,0.008348
394.5801,5.7940,61.22,121.00,0.008493
394.6599,5.7940,61.49,121.00,0.008467
394.7378,5.7940,61.76,121.00,0.009096
394.8153,5.7940,61.49,121.00,0.008993
394.8946,5.7940,61.22,121.00,0.008650
394.9722,5.7940,61.22,121.00,0.008610
395.0511,5.7940,61.49,121.00,0.008293
395.1282,5.7940,61.49,121.00,0.007990
395.2033,5.7940,61.76,121.00,0.008174
395.2776,5.7940,61.22,121.00,0.008157
395.3564,5.8320,61.76,121.00,0.008238
395.4342,5.8700,61.76,121.00,0.008383
395.5119,5.8700,61.49,121.00,0.008592
395.5898,5.8700,61.22,121.00,0.008667
395.6666,5.8700,61.49,121.00,0.008474
395.7430,5.8700,61.49,121.00,0.008522
395.8206,5.8700,61.76,121.00,0.008836
395.8988,5.8700,61.49,121.00,0.008578
395.9786,5.8700,61.49,121.00,0.008557
396.0552,5.8700,61.22,121.00,0.008755
396.1351,5.8700,61.76,121.00,0.008480
396.2127,5.8475,61.22,121.00,0.008542
396.2917,5.8250,61.22,121.00,0.008341
396.3688,5.8250,61.49,121.00,0.008238
396.4470,5.8250,61.49,121.00,0.008306
396.5234,5.8250,61.49,121.00,0.008254
396.5994,5.8250,61.49,121.00,0.008214
396.6775,5.8250,62.03,121.00,0.008414
396.7600,5.8250,61.49,121.00,0.009319
396.8383,5.8250,61.49,121.00,0.008682
396.9159,5.8250,61.49,121.00,0.008586
396.9939,5.8250,61.76,121.00,0.008531
397.0701,5.8250,61.22,121.00,0.008156
397.1477,5.8250,61.76,121.00,0.008939
397.2232,5.8250,61.22,120.00,0.008019
397.2973,5.8250,61.76,120.00,0.008289
397.3782,5.8420,61.49,120.50,0.008699
397.4546,5.8590,61.22,120.50,0.008599
397.5312,5.8590,61.49,121.00,0.008015
397.6055,5.8590,61.49,121.00,0.008125
397.6818,5.8590,61.22,121.00,0.008138
397.7597,5.8590,61.76,120.50,0.008759
397.8391,5.8590,61.76,120.00,0.008497
397.9194,5.8590,61.49,120.00,0.008406
397.9999,5.8590,61.49,120.00,0.008988
398.0782,5.8590,61.76,120.00,0.008599
398.1601,5.8590,61.49,120.00,0.008811
398.2362,5.8630,61.76,121.00,0.008469
398.3183,5.8670,61.22,121.00,0.008541
398.3944,5.8670,61.22,121.00,0.008606
398.4721,5.8670,61.49,121.00,0.008564
398.5504,5.8670,61.49,121.00,0.008659
398.6301,5.8670,61.76,120.00,0.008601
398.7063,5.8670,61.49,120.50,0.008754
398.7832,5.8670,62.03,120.00,0.008681
398.8591,5.8670,61.76,120.50,0.008455
398.9384,5.8670,61.49,120.00,0.008589
399.0183,5.8670,61.22,120.00,0.008591
399.0957,5.8670,61.49,120.00,0.008688
399.1721,5.8670,61.76,120.00,0.008968
399.2494,5.8570,61.49,120.00,0.008843
399.3272,5.8470,61.49,120.00,0.008320
399.4062,5.8470,61.76,120.00,0.008794
399.4848,5.8470,61.49,120.00,0.008739
399.5659,5.8470,61.49,120.00,0.008688
399.6439,5.8470,61.76,120.00,0.008725
399.7235,5.8470,61.76,120.00,0.008268
399.8008,5.8470,61.76,120.00,0.008629
399.8802,5.8470,62.03,120.00,0.008413
399.9584,5.8470,61.22,120.00,0.008576
400.0358,5.8470,61.49,120.00,0.008847
400.1111,5.8470,62.03,120.00,0.008000
400.1874,5.8470,61.76,120.00,0.008832
400.2625,5.8130,61.76,120.50,0.008224
400.3402,5.8130,62.03,120.00,0.008117
400.4159,5.8130,61.49,120.00,0.008686
400.4952,5.8130,61.49,120.00,0.008574
400.5710,5.8130,61.49,120.00,0.009041
400.6477,5.8130,61.76,120.00,0.008645
400.7269,5.8130,61.49,120.00,0.008335
400.8042,5.8130,61.22,120.00,0.008237
400.8797,5.8130,61.49,120.00,0.008851
400.9592,5.8130,61.76,120.00,0.008882
401.0348,5.8130,61.22,120.00,0.008540
401.1119,5.8130,61.76,120.00,0.008172
401.1918,5.8130,61.76,120.00,0.008527
401.2684,5.8970,61.76,120.00,0.007996
401.3426,5.8970,61.76,120.00,0.007955
401.4184,5.8970,61.76,120.00,0.008319
401.4926,5.8970,61.22,120.00,0.008264
401.5683,5.8970,61.22,120.00,0.008129
401.6426,5.8970,61.76,120.00,0.008416
401.7221,5.8970,61.22,120.00,0.008706
401.8002,5.8970,61.22,120.00,0.008844
401.8776,5.8970,61.49,120.00,0.008654
401.9526,5.8970,61.49,120.00,0.008239
402.0326,5.8970,62.03,120.00,0.008296
402.1080,5.8970,61.49,120.00,0.008933
402.1850,5.8970,61.49,120.00,0.008557
402.2638,5.9120,61.76,120.00,0.008982
402.3430,5.9120,61.49,120.00,0.008614
402.4205,5.9120,62.03,120.00,0.008545
402.5021,5.9120,61.22,120.00,0.008992
402.5857,5.9120,61.22,120.00,0.008884
402.6710,5.9120,61.76,120.00,0.008751
402.7520,5.9120,61.76,120.00,0.009135
402.8367,5.9120,61.22,120.00,0.008668
402.9184,5.9120,61.49,120.00,0.009353
403.0012,5.9120,61.49,120.00,0.008663
403.0852,5.9120,61.49,120.00,0.009057
403.1703,5.9120,61.76,120.00,0.008743
403.2526,5.8645,61.76,120.00,0.009166
403.3386,5.8170,61.49,120.00,0.008929
403.4174,5.8170,61.49,120.00,0.009085
403.5003,5.8170,61.49,120.00,0.009185
403.5807,5.8170,61.22,120.00,0.008471
403.6635,5.8170,61.49,120.00,0.008940
403.7408,5.8170,61.49,120.00,0.008019
403.8193,5.8170,62.03,120.00,0.008372
403.8968,5.8170,61.22,120.00,0.008486
403.9783,5.8170,61.49,120.00,0.008289
404.0611,5.8170,61.49,120.00,0.008929
404.1407,5.8170,61.49,120.00,0.008220
404.2143,5.8170,61.49,120.00,0.008226
404.2911,5.8170,61.49,120.00,0.008259
404.3674,5.8170,61.49,120.00,0.009051
404.4488,5.8090,60.95,119.00,0.008335
404.5265,5.8090,61.22,120.00,0.008647
404.6042,5.8090,61.22,120.00,0.008671
404.6823,5.8090,61.49,120.00,0.008759
404.7623,5.8090,61.49,120.00,0.009001
404.8398,5.8090,61.49,120.00,0.008414
404.9185,5.8090,61.49,120.00,0.008456
404.9944,5.8090,61.22,120.00,0.008623
405.0741,5.8090,61.22,119.00,0.008470
405.1517,5.8090,61.76,119.00,0.008862
405.2313,5.8245,61.22,119.00,0.008454
405.3118,5.8400,61.22,119.00,0.008356
405.3921,5.8400,61.49,119.00,0.008824
405.4718,5.8400,61.22,120.00,0.008442
405.5515,5.8400,61.49,120.00,0.008864
405.6269,5.8400,61.49,120.00,0.008447
405.7044,5.8400,61.49,119.50,0.008776
405.7796,5.8400,61.49,120.00,0.008491
405.8596,5.8400,61.76,120.00,0.008960
405.9389,5.8400,61.49,120.00,0.008297
406.0168,5.8400,61.49,120.00,0.008801
406.0930,5.8400,61.22,120.00,0.008846
406.1721,5.8400,61.22,120.00,0.008437
406.2475,5.8245,61.22,120.00,0.008415
406.3278,5.8090,61.49,119.00,0.008520
406.4024,5.8090,61.76,119.50,0.008325
406.4817,5.8090,61.76,119.50,0.008415
406.5592,5.8090,61.22,119.50,0.008421
406.6358,5.8090,61.76,119.00,0.008461
406.7141,5.8090,61.49,119.00,0.008749
406.7915,5.8090,61.49,119.00,0.008448
406.8666,5.8090,61.49,119.00,0.008348
406.9455,5.8090,61.22,119.00,0.008289
407.0238,5.8090,61.76,119.00,0.009070
407.1008,5.8090,61.76,119.00,0.008630
407.1803,5.8090,61.76,119.00,0.008471
407.2599,5.8550,61.49,119.00,0.008458
407.3392,5.8550,62.03,119.00,0.008409
407.4166,5.8550,62.03,119.00,0.008776
407.4927,5.8550,61.22,119.00,0.009234
407.5713,5.8550,61.49,119.00,0.008746
407.6463,5.8550,62.03,119.00,0.008407
407.7229,5.8550,61.49,119.00,0.008363
407.8000,5.8550,61.22,119.00,0.008698
407.8777,5.8550,61.49,119.00,0.008660
407.9526,5.8550,61.76,119.50,0.008066
408.0304,5.8550,61.49,119.00,0.007972
408.1073,5.8550,61.76,119.00,0.008214
408.1842,5.8550,61.22,119.50,0.008815
408.2649,5.8550,61.22,119.00,0.009021
408.3441,5.8550,61.49,119.00,0.009049
408.4219,5.8550,61.76,119.00,0.008452
408.5011,5.8550,61.22,119.00,0.008579
408.5807,5.8550,61.76,119.00,0.008427
408.6626,5.8550,61.76,119.00,0.008928
408.7374,5.8550,61.22,119.00,0.008522
408.8144,5.8550,61.49,119.00,0.008209
408.8897,5.8550,62.30,119.00,0.008188
408.9686,5.8550,61.22,119.00,0.008354
409.0451,5.8550,62.03,119.00,0.008210
409.1201,5.8550,61.49,119.00,0.007947
409.1947,5.8550,61.76,119.00,0.008558
409.2705,5.8550,61.76,119.00,0.008353
409.3490,5.8800,61.76,119.00,0.008563
409.4294,5.9050,61.49,119.00,0.009201
409.5076,5.9050,61.22,119.00,0.008515
409.5852,5.9050,61.22,119.00,0.008733
409.6627,5.9050,61.49,119.00,0.008564
409.7402,5.9050,61.49,119.00,0.008349
409.8158,5.9050,62.03,119.00,0.008617
409.8930,5.9050,61.49,119.00,0.009111
409.9703,5.9050,61.49,119.00,0.008580
410.0467,5.9050,61.76,119.00,0.008489
410.1220,5.9050,61.76,119.00,0.008286
410.1996,5.9050,61.76,119.00,0.008904
410.2759,5.9090,61.76,119.00,0.008919
410.3552,5.9090,61.76,119.00,0.008438
410.4317,5.9090,61.49,119.00,0.008807
410.5090,5.9090,62.03,119.00,0.009064
410.5862,5.9090,62.03,119.00,0.008253
410.6632,5.9090,61.49,119.00,0.008752
410.7429,5.9090,60.95,119.00,0.008895
410.8260,5.9090,61.76,119.00,0.008854
410.9072,5.9090,61.22,119.00,0.008716
410.9873,5.9090,61.49,119.00,0.008435
411.0656,5.9090,61.49,119.00,0.008661
411.1454,5.9090,61.22,119.00,0.008606
411.2242,5.8495,61.22,119.00,0.009060
411.3041,5.7900,61.49,119.00,0.008792
411.3843,5.7900,61.49,119.00,0.008933
411.4638,5.7900,61.49,119.00,0.008807
411.5394,5.7900,61.76,119.00,0.008080
411.6152,5.7900,61.49,119.00,0.008204
411.6896,5.7900,61.22,119.00,0.008227
411.7665,5.7900,62.03,119.00,0.008527
411.8445,5.7900,61.76,119.00,0.008883
411.9228,5.7900,61.76,119.00,0.007987
411.9990,5.7900,61.76,119.00,0.008297
412.0754,5.7900,61.22,119.00,0.008112
412.1503,5.7900,61.49,119.00,0.008070
412.2262,5.7900,61.76,119.00,0.008021
412.3029,5.7900,61.22,119.00,0.008165
412.3782,5.7900,61.22,119.00,0.007939
412.4543,5.8860,61.22,118.00,0.008748
412.5308,5.8860,61.49,118.00,0.008788
412.6068,5.8860,61.49,118.00,0.008273
412.6843,5.8860,61.22,118.00,0.008432
412.7602,5.8860,61.49,118.00,0.009013
412.8398,5.8860,61.22,118.00,0.008966
412.9152,5.8860,61.49,118.00,0.008528
412.9955,5.8860,62.03,118.00,0.008512
413.0700,5.8860,61.49,118.00,0.008165
413.1517,5.8860,62.03,118.00,0.008342
413.2274,5.8895,61.76,118.00,0.008755
413.3044,5.8930,61.76,118.00,0.008492
413.3794,5.8930,62.30,118.00,0.008503
413.4564,5.8930,61.76,118.00,0.008527
413.5321,5.8930,61.22,119.00,0.009198
413.6083,5.8930,61.76,119.00,0.008303
413.6873,5.8930,61.22,119.00,0.008569
413.7644,5.8930,61.76,119.00,0.008464
413.8441,5.8930,61.76,119.00,0.008872
413.9227,5.8930,62.03,119.00,0.008589
414.0013,5.8930,62.30,118.00,0.008829
414.0776,5.8930,62.03,118.50,0.008523
414.1546,5.8930,61.22,119.00,0.008170
414.2296,5.8930,61.76,118.50,0.008228
414.3045,5.8835,61.76,118.00,0.008032
414.3837,5.8740,61.49,118.00,0.009019
414.4579,5.8740,61.22,118.00,0.008045
414.5362,5.8740,61.22,118.50,0.008210
414.6132,5.8740,61.76,118.00,0.008672
414.6910,5.8740,61.49,118.50,0.008398
414.7665,5.8740,61.76,119.00,0.008687
414.8463,5.8740,61.76,118.00,0.008378
414.9241,5.8740,61.76,118.00,0.008841
415.0033,5.8740,61.22,118.00,0.008608
415.0806,5.8740,61.76,118.00,0.008299
415.1593,5.8740,61.49,118.00,0.008209
415.2326,5.8740,61.49,118.00,0.007989
415.3083,5.8740,61.76,118.00,0.008115
415.3831,5.8740,61.76,118.00,0.008449
415.4595,5.8895,61.22,118.00,0.008372
415.5354,5.9050,61.22,118.00,0.008502
415.6120,5.9050,61.22,118.00,0.008396
415.6899,5.9050,61.49,118.00,0.008662
415.7713,5.9050,61.76,118.00,0.008808
415.8464,5.9050,61.49,118.50,0.008689
415.9242,5.9050,61.49,118.00,0.008834
416.0014,5.9050,61.49,118.00,0.008090
416.0806,5.9050,61.76,118.50,0.008807
416.1581,5.9050,61.49,118.00,0.008465
416.2351,5.9010,61.22,118.00,0.008422
416.3114,5.8970,61.49,118.00,0.008384
416.3902,5.8970,61.22,118.00,0.008274
416.4660,5.8970,62.03,118.00,0.008441
416.5426,5.8970,61.49,118.00,0.008276
416.6181,5.8970,61.76,118.00,0.008334
416.6955,5.8970,61.22,118.00,0.008475
416.7688,5.8970,61.49,118.00,0.007994
416.8446,5.8970,61.49,118.00,0.008493
416.9188,5.8970,61.76,118.00,0.008399
416.9954,5.8970,62.03,118.00,0.008439
417.0719,5.8970,61.22,118.00,0.008893
417.1488,5.8970,62.03,118.00,0.008610
417.2282,5.8895,62.03,118.00,0.008517
417.3058,5.8820,61.76,118.00,0.008317
417.3835,5.8820,61.76,118.00,0.008634
417.4610,5.8820,61.76,118.00,0.009010
417.5363,5.8820,62.03,118.00,0.008320
417.6151,5.8820,61.76,118.00,0.008093
417.6918,5.8820,61.49,118.00,0.008690
417.7672,5.8820,62.03,118.00,0.008162
417.8420,5.8820,61.76,118.00,0.007949
417.9197,5.8820,61.76,118.00,0.008884
417.9950,5.8820,61.22,118.00,0.008858
418.0715,5.8820,61.76,118.00,0.008549
418.1493,5.8820,61.22,118.00,0.008942
418.2309,5.9065,61.76,118.00,0.008460
418.3079,5.9310,61.76,118.00,0.008252
418.3833,5.9310,61.49,118.00,0.008021
418.4579,5.9310,61.76,118.00,0.008243
418.5337,5.9310,61.22,118.00,0.008193
418.6122,5.9310,61.22,118.00,0.008860
418.6885,5.9310,62.03,118.00,0.008613
418.7645,5.9310,61.49,118.00,0.008517
418.8432,5.9310,61.49,118.00,0.008022
418.9179,5.9310,61.49,118.00,0.008074
418.9953,5.9310,61.22,118.00,0.007921
419.0698,5.9310,61.76,118.00,0.008231
419.1462,5.9310,61.76,118.00,0.008508
419.2231,5.9310,61.22,118.00,0.008193
419.2982,5.9310,61.76,118.00,0.008142
419.3749,5.9310,61.49,118.00,0.008542
419.4511,5.9310,62.03,118.00,0.008151
419.5272,5.9310,61.76,118.00,0.008910
419.6067,5.9310,61.49,118.00,0.008663
419.6819,5.9310,62.03,118.00,0.008651
419.7591,5.9310,61.76,118.00,0.008446
419.8374,5.9310,62.03,118.00,0.008512
419.9147,5.9310,61.76,118.00,0.008490
419.9930,5.9310,61.76,118.00,0.008784
420.0719,5.9310,61.22,118.00,0.008446
420.1487,5.9310,62.03,118.00,0.009008
420.2266,5.9310,61.49,118.00,0.008893
420.3046,5.9310,61.22,118.00,0.008445
420.3839,5.9310,61.49,118.00,0.008335
420.4606,5.9045,61.49,118.00,0.009286
420.5403,5.8780,61.22,118.00,0.008795
420.6152,5.8780,62.03,118.00,0.008661
420.6926,5.8780,61.22,118.00,0.009132
420.7702,5.8780,61.49,118.00,0.008368
420.8492,5.8780,61.76,118.00,0.008646
420.9264,5.8780,61.49,118.00,0.008782
421.0033,5.8780,61.76,118.00,0.008629
421.0793,5.8780,61.76,118.00,0.008616
421.1565,5.8780,61.76,118.00,0.008620
421.2343,5.8780,61.76,118.00,0.009073
421.3109,5.8780,62.03,118.00,0.008368
421.3864,5.8780,61.76,118.00,0.008207
421.4664,5.8780,61.76,118.00,0.008520
421.5439,5.8780,61.49,118.00,0.008788
421.6208,5.8780,62.03,118.00,0.008880
421.7003,5.8780,61.22,118.00,0.008758
421.7788,5.8780,61.22,118.00,0.008358
421.8569,5.8780,61.22,118.00,0.008422
421.9357,5.8780,61.76,118.00,0.008887
422.0112,5.8780,61.76,118.00,0.008559
422.0907,5.8780,61.76,118.00,0.008866
422.1682,5.8780,62.30,118.00,0.008793
422.2471,5.8780,61.76,118.00,0.008366
422.3275,5.8780,61.49,118.00,0.008683
422.4041,5.8780,61.49,118.00,0.008320
422.4822,5.8780,61.22,118.00,0.008552
422.5600,5.9430,61.76,118.00,0.008542
422.6353,5.9430,61.49,118.00,0.008384
422.7120,5.9430,61.22,118.00,0.008589
422.7877,5.9430,61.49,118.00,0.008480
422.8647,5.9430,61.76,118.00,0.008547
422.9400,5.9430,61.76,118.00,0.008713
423.0193,5.9430,61.49,118.00,0.008837
423.0996,5.9430,61.76,118.00,0.008911
423.1763,5.9430,61.22,118.00,0.008445
423.2517,5.9315,61.76,118.00,0.008264
423.3298,5.9200,61.49,118.00,0.008096
423.4040,5.9200,61.22,118.00,0.008287
423.4804,5.9200,61.76,118.00,0.008557
423.5555,5.9200,61.76,118.00,0.007956
423.6311,5.9200,61.49,118.00,0.008270
423.7059,5.9200,61.49,118.00,0.008024
423.7811,5.9200,62.03,118.00,0.008046
423.8591,5.9200,61.49,118.00,0.008448
423.9365,5.9200,61.49,118.00,0.008961
424.0142,5.9200,61.49,118.00,0.008155
424.0939,5.9200,61.76,118.00,0.008555
424.1719,5.9200,61.49,118.00,0.008444
424.2521,5.8990,61.76,118.00,0.008390
424.3299,5.8780,61.76,118.00,0.008224
424.4052,5.8780,61.49,118.00,0.007957
424.4795,5.8780,61.49,118.00,0.008110
424.5560,5.8780,61.49,118.00,0.008278
424.6301,5.8780,61.49,118.00,0.008498
424.7068,5.8780,61.76,118.00,0.008297
424.7841,5.8780,61.76,118.00,0.008809
424.8593,5.8780,61.49,118.00,0.008054
424.9334,5.8780,62.30,118.00,0.008404
425.0115,5.8780,61.76,118.00,0.008182
425.0872,5.8780,61.22,118.00,0.008454
425.1647,5.8780,61.49,118.00,0.008828
425.2431,5.9030,61.49,118.00,0.008886
425.3230,5.9280,61.76,118.00,0.008308
425.4008,5.9280,61.49,118.00,0.008574
425.4808,5.9280,61.76,118.00,0.008487
425.5565,5.9280,61.22,118.00,0.008362
425.6360,5.9280,60.95,118.00,0.009036
425.7122,5.9280,61.22,118.00,0.008513
425.7885,5.9280,61.22,118.00,0.008283
425.8669,5.9280,61.49,118.00,0.009222
425.9442,5.9280,61.76,118.00,0.008956
426.0204,5.9280,62.03,118.00,0.008555
426.0971,5.9280,61.49,118.00,0.008273
426.1771,5.9280,61.49,118.00,0.008793
426.2549,5.9355,61.76,118.00,0.009022
426.3324,5.9430,62.03,118.00,0.008627
426.4119,5.9430,61.76,118.00,0.008643
426.4899,5.9430,61.76,118.00,0.008384
426.5672,5.9430,61.76,118.00,0.008353
426.6424,5.9430,61.76,118.00,0.008198
426.7183,5.9430,61.22,118.00,0.008382
426.7955,5.9430,61.76,118.00,0.008167
426.8723,5.9430,62.03,118.00,0.008499
426.9505,5.9430,61.22,118.00,0.008996
427.0297,5.9430,61.22,118.00,0.008609
427.1073,5.9430,61.76,118.00,0.008251
427.1864,5.9430,61.49,118.00,0.008333
427.2644,5.8970,62.03,118.00,0.008393
427.3438,5.8970,61.49,118.00,0.008729
427.4194,5.8970,61.76,118.00,0.008754
427.4965,5.8970,61.76,118.00,0.008594
427.5727,5.8970,61.76,118.00,0.008321
427.6502,5.8970,61.49,118.00,0.008638
427.7278,5.8970,61.49,118.00,0.008978
427.8075,5.8970,61.49,118.00,0.008582
427.8827,5.8970,61.49,118.00,0.008250
427.9586,5.8970,61.22,118.00,0.008202
428.0331,5.8970,61.76,118.00,0.008834
428.1115,5.8970,61.22,118.00,0.008491
428.1875,5.8970,61.76,118.00,0.009265
428.2669,5.9050,62.03,118.00,0.008265
428.3448,5.9050,61.49,118.00,0.008288
428.4241,5.9050,61.22,118.00,0.008757
428.4998,5.9050,61.76,118.00,0.008771
428.5762,5.9050,62.03,118.00,0.008196
428.6540,5.9050,62.03,118.00,0.008584
428.7338,5.9050,61.76,118.00,0.008692
428.8139,5.9050,62.03,118.00,0.008444
428.8906,5.9050,61.76,118.00,0.008493
428.9677,5.9050,62.30,118.00,0.008310
429.0474,5.9050,61.76,118.00,0.008500
429.1239,5.9050,61.49,118.00,0.008891
429.2017,5.9050,62.03,118.00,0.008666
429.2800,5.8740,61.22,118.00,0.008450
429.3615,5.8740,61.22,118.00,0.008492
429.4394,5.8740,61.49,118.00,0.008743
429.5190,5.8740,61.76,118.00,0.008245
429.5947,5.8740,61.76,118.00,0.008641
429.6747,5.8740,61.76,118.00,0.008666
429.7523,5.8740,61.76,118.00,0.008141
429.8324,5.8740,61.22,118.00,0.008687
429.9095,5.8740,61.49,118.00,0.008294
429.9874,5.8740,61.22,118.00,0.008333
430.0653,5.8740,61.76,118.00,0.008766
430.1442,5.8740,62.03,118.00,0.008679
430.2203,5.8760,62.03,118.00,0.009151
430.3004,5.8780,62.30,118.00,0.008759
430.3804,5.8780,62.03,118.00,0.008423
430.4594,5.8780,62.03,118.00,0.008509
430.5371,5.8780,61.22,118.00,0.008661
430.6143,5.8780,61.76,118.00,0.008494
430.6920,5.8780,62.03,118.00,0.008889
430.7714,5.8780,61.49,118.00,0.008778
430.8488,5.8780,61.49,118.00,0.008312
430.9311,5.8780,61.49,118.00,0.008178
431.0108,5.8780,61.22,118.00,0.008208
431.0884,5.8780,61.76,118.00,0.008554
431.1639,5.8780,61.49,118.00,0.008878
431.2449,5.8665,61.49,118.00,0.008675
431.3229,5.8550,61.76,118.00,0.008260
431.4020,5.8550,61.22,118.00,0.008503
431.4797,5.8550,61.22,118.00,0.008343
431.5613,5.8550,61.22,118.00,0.008472
431.6369,5.8550,61.49,118.00,0.008958
431.7160,5.8550,61.22,118.00,0.008661
431.7913,5.8550,61.22,118.00,0.008410
431.8690,5.8550,61.76,118.00,0.009033
431.9488,5.8550,61.76,118.00,0.008332
432.0296,5.8550,61.49,118.00,0.008571
432.1041,5.8550,61.76,118.00,0.008009
432.1800,5.8550,61.22,118.00,0.008058
432.2540,5.8550,61.49,118.00,0.008199
432.3309,5.8550,61.22,118.00,0.008686
432.4074,5.9280,61.76,118.00,0.008485
432.4865,5.9280,61.49,118.00,0.008241
432.5646,5.9280,61.76,118.00,0.008727
432.6460,5.9280,61.76,118.00,0.008715
432.7238,5.9280,62.03,118.00,0.008655
432.8011,5.9280,62.03,118.00,0.008868
432.8790,5.9280,61.49,118.00,0.008293
432.9563,5.9280,61.76,118.00,0.008329
433.0324,5.9280,61.49,118.00,0.008896
433.1118,5.9280,61.76,118.00,0.008862
433.1865,5.9280,61.49,118.00,0.008299
433.2641,5.8470,61.76,118.00,0.008385
433.3393,5.8470,61.76,118.00,0.008625
433.4159,5.8470,61.49,118.00,0.008546
433.4918,5.8470,61.22,118.00,0.008438
433.5702,5.8470,61.76,118.00,0.008094
433.6446,5.8470,62.03,118.00,0.008145
433.7240,5.8470,61.76,118.00,0.008787
433.8042,5.8470,61.49,118.00,0.008952
433.8836,5.8470,61.76,118.00,0.008767
433.9590,5.8470,61.76,118.00,0.008717
434.0363,5.8470,61.76,118.00,0.008396
434.1114,5.8470,61.76,118.00,0.008517
434.1888,5.8470,62.30,118.00,0.008511
434.2674,5.8090,61.49,118.00,0.008503
434.3443,5.8090,61.49,118.00,0.009068
434.4251,5.8090,61.49,118.00,0.008766
434.5023,5.8090,61.22,118.00,0.008480
434.5768,5.8090,61.49,118.00,0.008224
434.6562,5.8090,61.49,118.00,0.008771
434.7370,5.8090,61.49,118.00,0.008864
434.8185,5.8090,61.22,118.00,0.008701
434.8939,5.8090,61.76,118.00,0.008420
434.9696,5.8090,62.03,118.00,0.008225
435.0444,5.8090,61.76,118.00,0.008523
435.1223,5.8090,61.22,118.00,0.008399
435.1975,5.8090,61.49,118.00,0.008597
435.2745,5.8090,61.49,118.00,0.008585
435.3499,5.8090,61.22,118.00,0.008665
435.4277,5.8090,62.03,118.00,0.008833
435.5024,5.8090,61.49,118.00,0.008429
435.5843,5.8090,62.03,118.00,0.008907
435.6624,5.8090,61.76,118.00,0.008493
435.7419,5.8090,61.49,118.00,0.008574
435.8200,5.8090,61.76,118.00,0.008747
435.8999,5.8090,61.49,118.00,0.008909
435.9756,5.8090,61.22,118.00,0.009024
436.0546,5.8090,61.76,118.00,0.008234
436.1312,5.8090,60.95,118.00,0.008465
436.2072,5.8090,61.76,118.00,0.008255
436.2818,5.8090,61.76,118.00,0.008302
436.3647,5.8090,61.49,118.00,0.008700
436.4425,5.8090,61.76,118.00,0.008544
436.5238,5.8090,61.49,118.00,0.008627
436.6000,5.8090,61.49,118.00,0.008576
436.6804,5.8740,61.22,118.00,0.009099
436.7556,5.8740,61.76,118.00,0.008527
436.8358,5.8740,61.76,118.00,0.008744
436.9116,5.8740,61.22,118.00,0.008592
436.9889,5.8740,61.76,118.00,0.008604
437.0645,5.8740,61.49,118.00,0.008684
437.1442,5.8740,62.03,118.00,0.008862
437.2227,5.8780,61.22,118.00,0.008657
437.3004,5.8820,61.76,118.00,0.008367
437.3783,5.8820,61.76,118.00,0.008432
437.4581,5.8820,61.49,118.00,0.008134
437.5353,5.8820,61.49,118.00,0.008397
437.6118,5.8820,61.49,118.00,0.008581
437.6864,5.8820,61.49,118.00,0.008426
437.7677,5.8820,62.03,118.00,0.008617
437.8440,5.8820,61.22,118.00,0.008934
437.9240,5.8820,62.03,118.00,0.009053
438.0002,5.8820,61.49,118.00,0.008801
438.0801,5.8820,62.03,118.00,0.008781
438.1556,5.8820,62.03,118.00,0.008543
438.2348,5.8610,61.49,118.00,0.008729
438.3153,5.8400,61.49,118.00,0.008716
438.3911,5.8400,62.03,118.00,0.007973
438.4651,5.8400,61.76,118.00,0.008294
438.5431,5.8400,61.76,118.00,0.008357
438.6175,5.8400,61.49,118.00,0.008306
438.6968,5.8400,61.76,118.00,0.008934
438.7744,5.8400,62.03,118.00,0.008566
438.8560,5.8400,61.49,118.00,0.008610
438.9347,5.8400,61.76,118.00,0.008731
439.0113,5.8400,61.49,118.00,0.008334
439.0887,5.8400,61.49,118.00,0.008629
439.1690,5.8400,61.49,118.00,0.008993
439.2470,5.8665,62.03,118.00,0.008158
439.3243,5.8930,61.76,118.00,0.008533
439.4036,5.8930,61.76,118.00,0.008656
439.4831,5.8930,61.49,118.00,0.008718
439.5588,5.8930,61.22,118.00,0.008751
439.6384,5.8930,61.22,118.00,0.008280
439.7138,5.8930,61.22,118.00,0.008658
439.7928,5.8930,62.03,118.00,0.008371
439.8708,5.8930,61.22,118.00,0.008742
439.9476,5.8930,61.49,118.00,0.008540
440.0226,5.8930,61.76,118.00,0.008217
440.0986,5.8930,61.49,118.00,0.008045
440.1748,5.8930,61.22,118.00,0.008168
440.2501,5.8930,61.22,118.00,0.008147
440.3275,5.8930,61.49,118.00,0.008631
440.4070,5.9120,61.76,118.00,0.008814
440.4865,5.9120,61.76,118.00,0.008333
440.5640,5.9120,61.76,118.00,0.008440
440.6397,5.9120,61.76,118.50,0.008414
440.7189,5.9120,61.49,118.00,0.008549
440.7936,5.9120,61.76,118.00,0.008258
440.8709,5.9120,61.76,118.00,0.008747
440.9460,5.9120,61.22,118.00,0.008217
441.0243,5.9120,61.49,118.00,0.008990
441.1025,5.9120,61.76,118.00,0.008953
441.1789,5.9120,61.76,118.00,0.008686
441.2601,5.9730,62.03,118.00,0.008886
441.3391,5.9730,61.76,118.00,0.008646
441.4167,5.9730,62.03,118.00,0.008696
441.4959,5.9730,61.49,118.00,0.008760
441.5734,5.9730,61.49,118.00,0.008602
441.6504,5.9730,61.76,118.00,0.008545
441.7298,5.9730,62.03,118.00,0.008592
441.8072,5.9730,61.49,118.00,0.008008
441.8835,5.9730,61.49,118.00,0.008738
441.9620,5.9730,61.76,118.00,0.008481
442.0421,5.9730,61.76,118.00,0.008554
442.1193,5.9730,61.76,118.00,0.008440
442.1949,5.9730,61.49,118.00,0.008926
442.2728,5.8510,61.76,118.00,0.008476
442.3508,5.8510,62.03,118.00,0.008563
442.4284,5.8510,61.22,118.00,0.009195
442.5037,5.8510,61.49,118.00,0.008372
442.5832,5.8510,62.03,118.50,0.008409
442.6593,5.8510,61.76,118.00,0.008641
442.7367,5.8510,61.76,118.00,0.008757
442.8124,5.8510,62.30,118.00,0.008246
442.8919,5.8510,61.49,118.00,0.008281
442.9703,5.8510,61.76,118.00,0.008597
443.0479,5.8510,61.76,118.00,0.008921
443.1235,5.8510,61.49,118.00,0.008773
443.2010,5.8510,62.03,118.00,0.008591
443.2786,5.8860,62.30,118.00,0.008492
443.3584,5.8860,61.49,118.00,0.008592
443.4347,5.8860,61.76,118.00,0.008473
443.5120,5.8860,61.76,118.00,0.008194
443.5859,5.8860,61.76,118.00,0.007951
443.6623,5.8860,61.49,118.00,0.008338
443.7390,5.8860,61.49,118.00,0.008287
443.8143,5.8860,62.30,118.00,0.008188
443.8881,5.8860,61.76,118.00,0.008128
443.9647,5.8860,62.03,118.00,0.008850
444.0447,5.8860,61.22,118.00,0.008705
444.1234,5.8860,61.76,118.00,0.008400
444.1985,5.8860,61.49,118.00,0.008616
444.2805,5.8130,61.76,118.00,0.008578
444.3562,5.8130,61.49,118.00,0.008848
444.4356,5.8130,61.76,118.00,0.008825
444.5113,5.8130,61.22,118.00,0.008465
444.5912,5.8130,61.22,118.00,0.008531
444.6690,5.8130,61.76,118.00,0.008947
444.7478,5.8130,61.49,118.00,0.008443
444.8278,5.8130,61.22,118.00,0.008652
444.9064,5.8130,61.76,118.00,0.007996
444.9818,5.8130,62.03,118.00,0.008023
445.0581,5.8130,62.30,118.00,0.008114
445.1386,5.8130,61.76,118.00,0.008864
445.2157,5.8130,61.76,118.00,0.009050
445.2912,5.8550,61.49,118.00,0.008391
445.3687,5.8550,61.49,118.00,0.008348
445.4473,5.8550,61.76,118.00,0.008066
445.5268,5.8550,61.22,118.00,0.008562
445.6039,5.8550,61.49,118.00,0.008536
445.6832,5.8550,61.49,118.00,0.008789
445.7584,5.8550,61.22,118.00,0.008343
445.8399,5.8550,62.03,118.00,0.008571
445.9158,5.8550,62.30,118.00,0.008920
445.9920,5.8550,61.49,118.00,0.007947
446.0660,5.8550,62.03,118.00,0.008224
446.1418,5.8550,62.03,118.00,0.008291
446.2169,5.8550,61.76,118.00,0.008630
446.2958,5.8800,62.03,118.00,0.008394
446.3719,5.9050,61.49,118.00,0.008589
446.4472,5.9050,62.03,118.00,0.008246
446.5208,5.9050,61.49,118.00,0.008396
446.5964,5.9050,61.22,118.00,0.008174
446.6712,5.9050,61.49,118.00,0.008438
446.7473,5.9050,61.22,118.00,0.008238
446.8231,5.9050,62.03,118.00,0.008052
446.8989,5.9050,61.76,118.00,0.007993
446.9761,5.9050,61.49,118.00,0.008671
447.0558,5.9050,61.49,118.00,0.008832
447.1317,5.9050,61.76,118.00,0.008599
447.2078,5.9050,62.30,118.00,0.008494
447.2839,5.8630,62.03,118.00,0.008718
447.3638,5.8630,61.76,118.00,0.009008
447.4448,5.8630,62.03,118.00,0.009472
447.5271,5.8630,62.30,118.00,0.009131
447.6080,5.8630,61.76,118.00,0.009080
447.6911,5.8630,61.49,118.00,0.009375
447.7716,5.8630,61.49,118.00,0.009064
447.8482,5.8630,61.76,118.00,0.008560
447.9244,5.8630,61.76,118.00,0.008465
448.0033,5.8630,62.30,118.00,0.008487
448.0800,5.8630,62.30,118.00,0.008662
448.1590,5.8630,61.49,118.00,0.008389
448.2343,5.9010,61.76,118.00,0.008439
448.3145,5.9390,61.76,118.00,0.008733
448.3949,5.9390,61.76,118.00,0.009043
448.4745,5.9390,61.49,118.00,0.009094
448.5501,5.9390,61.49,118.00,0.008616
448.6283,5.9390,61.76,118.00,0.008803
448.7031,5.9390,61.49,118.00,0.008568
448.7821,5.9390,61.49,118.00,0.008388
448.8601,5.9390,62.30,118.00,0.008980
448.9391,5.9390,61.22,118.00,0.008521
449.0146,5.9390,61.22,118.00,0.008578
449.0924,5.9390,61.76,118.00,0.008305
449.1670,5.9390,61.22,118.00,0.007962
449.2429,5.9390,61.76,118.00,0.007908
449.3178,5.9390,61.76,118.00,0.008096
449.3944,5.9390,62.03,118.00,0.008428
449.4758,5.9430,61.49,118.00,0.008990
449.5562,5.9430,61.76,118.00,0.008528
449.6316,5.9430,62.03,118.00,0.008692
449.7114,5.9430,61.76,118.00,0.008784
449.7895,5.9430,61.49,118.00,0.009526
449.8667,5.9430,61.76,118.00,0.008682
449.9430,5.9430,61.49,118.00,0.008907
450.0201,5.9430,61.49,118.00,0.008730
450.0963,5.9430,62.30,118.00,0.009013
450.1760,5.9430,61.49,118.00,0.008618
450.2507,5.9180,61.49,118.00,0.007970
450.3276,5.8930,62.30,118.00,0.008395
450.4016,5.8930,62.03,118.00,0.008005
450.4778,5.8930,61.22,118.00,0.008065
450.5557,5.8930,61.76,118.00,0.008677
450.6324,5.8930,61.49,118.00,0.008365
450.7089,5.8930,62.03,118.00,0.008709
450.7880,5.8930,62.03,118.00,0.008720
450.8633,5.8930,61.49,118.00,0.008507
450.9407,5.8930,61.22,118.00,0.008410
451.0242,5.8930,61.76,118.50,0.013984
451.1035,5.8930,61.76,118.00,0.008347
451.1778,5.8930,61.22,118.50,0.007931
451.2555,5.8930,61.49,119.00,0.008272
451.3368,5.9025,61.49,119.00,0.009404
451.4176,5.9120,61.76,119.00,0.008044
451.4923,5.9120,61.49,119.00,0.008095
451.5711,5.9120,61.76,119.00,0.008242
451.6493,5.9120,62.03,119.00,0.008986
451.7319,5.9120,61.76,119.00,0.008991
451.8116,5.9120,61.49,119.00,0.008646
451.8932,5.9120,61.22,119.00,0.007996
451.9667,5.9120,61.76,119.00,0.008381
452.0424,5.9120,62.30,119.00,0.007941
452.1189,5.9120,61.76,119.00,0.008188
452.1998,5.9120,61.22,119.00,0.009150
452.2813,5.8740,61.49,119.00,0.008801
452.3613,5.8740,61.49,119.00,0.008974
452.4440,5.8740,61.49,119.00,0.009142
452.5283,5.8740,62.30,119.00,0.008489
452.6088,5.8740,61.76,119.00,0.009024
452.6943,5.8740,61.22,119.00,0.009135
452.7765,5.8740,61.49,119.00,0.009089
452.8557,5.8740,62.03,119.00,0.008843
452.9330,5.8740,61.76,119.00,0.009001
453.0120,5.8740,62.03,119.00,0.008239
453.0862,5.8740,61.22,119.00,0.008336
453.1637,5.8740,61.49,119.00,0.008244
453.2392,5.8740,61.49,119.00,0.008265
453.3160,5.9010,61.76,119.00,0.008717
453.3919,5.9280,61.49,119.00,0.008712
453.4723,5.9280,62.03,119.00,0.008844
453.5478,5.9280,61.76,119.00,0.008729
453.6272,5.9280,61.49,119.00,0.008512
453.7008,5.9280,61.49,119.00,0.008137
453.7761,5.9280,61.76,119.00,0.008177
453.8513,5.9280,61.76,119.00,0.007980
453.9287,5.9280,61.76,119.00,0.008275
454.0027,5.9280,61.76,119.00,0.008400
454.0791,5.9280,61.76,119.00,0.008345
454.1540,5.9280,61.76,120.00,0.008405
454.2351,5.9010,61.76,120.00,0.008686
454.3101,5.8740,62.03,120.00,0.008459
454.3862,5.8740,61.76,120.00,0.008373
454.4639,5.8740,62.03,120.00,0.008679
454.5422,5.8740,61.22,120.00,0.008534
454.6185,5.8740,61.76,120.00,0.008275
454.6954,5.8740,61.49,120.00,0.008743
454.7705,5.8740,61.49,120.00,0.008415
454.8467,5.8740,61.76,120.00,0.008834
454.9233,5.8740,62.30,120.00,0.008644
455.0008,5.8740,61.49,120.00,0.008709
455.0753,5.8740,61.49,120.00,0.008257
455.1514,5.8740,61.76,120.00,0.008364
455.2266,5.8740,61.49,120.00,0.007931
455.3018,5.8740,62.03,120.00,0.008347
455.3750,5.8740,61.76,120.00,0.008151
455.4567,5.8990,62.03,120.00,0.008847
455.5371,5.9240,61.49,120.00,0.009171
455.6161,5.9240,61.76,120.00,0.008305
455.6966,5.9240,61.49,120.00,0.008958
455.7803,5.9240,62.30,120.00,0.009093
455.8577,5.9240,61.49,120.00,0.008070
455.9339,5.9240,62.30,120.00,0.008130
456.0102,5.9240,61.76,120.00,0.008447
456.0922,5.9240,61.49,120.00,0.009079
456.1662,5.9240,62.03,120.00,0.007991
456.2417,5.9240,61.76,120.00,0.008120
456.3203,5.9240,62.03,120.00,0.008219
456.4013,5.9050,61.22,120.00,0.009043
456.4814,5.8860,61.76,120.00,0.008908
456.5636,5.8860,61.76,120.00,0.009104
456.6433,5.8860,61.49,120.00,0.009012
456.7228,5.8860,61.76,120.00,0.008794
456.8037,5.8860,61.76,120.00,0.009097
456.8854,5.8860,61.49,120.00,0.008679
456.9633,5.8860,61.49,120.00,0.008391
457.0460,5.8860,61.22,120.00,0.008554
457.1259,5.8860,61.76,120.00,0.008724
457.2097,5.8860,61.22,120.00,0.008581
457.2930,5.8280,61.76,120.00,0.008740
457.3778,5.8280,61.49,120.00,0.009190
457.4596,5.8280,61.22,120.00,0.009020
457.5424,5.8280,61.76,120.00,0.009243
457.6227,5.8280,61.49,120.00,0.008934
457.7030,5.8280,61.22,120.00,0.008939
457.7819,5.8280,62.03,120.00,0.008981
457.8659,5.8280,61.22,120.00,0.008465
457.9488,5.8280,61.76,120.00,0.008987
458.0302,5.8280,61.22,120.00,0.008749
458.1127,5.8280,61.22,120.00,0.008704
458.1955,5.8280,61.49,120.00,0.009105
458.2763,5.8670,61.22,120.50,0.008482
458.3595,5.8670,61.76,121.00,0.009050
458.4403,5.8670,61.22,121.00,0.008989
458.5229,5.8670,61.49,121.00,0.009109
458.6037,5.8670,61.22,121.00,0.008855
458.6885,5.8670,61.76,121.00,0.008844
458.7683,5.8670,61.49,121.00,0.008846
458.8510,5.8670,61.76,121.00,0.008750
458.9312,5.8670,61.22,121.00,0.008945
459.0151,5.8670,61.49,121.00,0.008925
459.0948,5.8670,61.49,121.00,0.008712
459.1780,5.8670,61.76,121.00,0.008838
459.2589,5.7410,61.76,121.00,0.009061
459.3423,5.7410,61.22,121.00,0.009737
459.4226,5.7410,61.22,121.00,0.008738
459.5050,5.7410,61.76,121.00,0.008587
459.5834,5.7410,61.22,121.00,0.008817
459.6679,5.7410,61.22,121.00,0.008694
459.7504,5.7410,61.76,121.00,0.009187
459.8322,5.7410,61.22,121.00,0.008147
459.9081,5.7410,61.76,121.00,0.008773
459.9848,5.7410,61.49,121.00,0.008863
460.0637,5.7410,61.76,121.00,0.009230
460.1453,5.7410,61.49,121.00,0.009212
460.2221,5.7410,62.03,121.00,0.008422
460.3000,5.7410,61.22,121.00,0.008220
460.3789,5.7410,62.30,121.00,0.008263
460.4640,5.8210,61.76,121.00,0.008850
460.5444,5.8210,61.76,121.00,0.008568
460.6261,5.8210,62.03,121.00,0.008551
460.7074,5.8210,61.49,121.00,0.008705
460.7913,5.8210,61.22,121.00,0.008707
460.8678,5.8210,61.22,121.00,0.007924
460.9434,5.8210,61.22,121.00,0.008110
461.0173,5.8210,61.76,121.00,0.008204
461.0965,5.8210,61.49,121.00,0.008634
461.1766,5.8210,61.76,121.00,0.008574
461.2612,5.9050,60.95,121.00,0.008158
461.3403,5.9050,61.49,121.00,0.007977
461.4157,5.9050,61.49,121.00,0.008225
461.4912,5.9050,61.76,121.00,0.008377
461.5678,5.9050,61.49,121.00,0.008006
461.6478,5.9050,61.22,121.00,0.009033
461.7335,5.9050,61.76,121.00,0.008969
461.8168,5.9050,62.03,121.00,0.009053
461.9004,5.9050,61.22,121.00,0.008119
461.9742,5.9050,61.22,121.00,0.008113
462.0546,5.9050,61.22,121.00,0.008139
462.1313,5.9050,61.49,120.50,0.008600
462.2114,5.9050,61.49,121.00,0.008741
462.2867,5.9050,61.22,121.00,0.008229
462.3642,5.9050,61.49,121.00,0.008616
462.4437,5.9050,61.49,121.00,0.008510
462.5242,5.9050,61.49,121.00,0.009043
462.5996,5.9050,61.76,121.00,0.009035
462.6789,5.9050,61.22,121.00,0.008383
462.7566,5.9050,61.22,121.00,0.008464
462.8360,5.9050,61.49,121.00,0.008586
462.9108,5.9050,61.76,121.00,0.008765
462.9897,5.9050,61.76,121.00,0.008652
463.0695,5.9050,61.49,121.00,0.009138
463.1508,5.9050,61.49,121.00,0.008761
463.2279,5.9050,61.49,121.00,0.008696
463.3038,5.9050,61.76,121.00,0.008342
463.3792,5.9050,61.49,121.00,0.008168
463.4598,5.9050,61.49,121.00,0.008650
463.5342,5.9050,62.30,121.00,0.008078
463.6134,5.9050,61.22,120.00,0.008746
463.6882,5.9050,61.22,120.50,0.008560
463.7676,5.9315,61.49,120.00,0.009025
463.8428,5.9580,61.49,120.00,0.008569
463.9243,5.9580,61.22,120.00,0.008780
464.0018,5.9580,61.22,120.00,0.008402
464.0805,5.9580,62.03,120.00,0.008337
464.1556,5.9580,61.49,120.00,0.008681
464.2324,5.9140,61.76,121.00,0.008506
464.3078,5.8700,61.76,121.00,0.008691
464.3848,5.8700,61.49,121.00,0.008614
464.4603,5.8700,61.49,121.00,0.008757
464.5364,5.8700,62.03,121.00,0.008280
464.6118,5.8700,61.22,121.00,0.008658
464.6886,5.8700,61.49,121.00,0.008680
464.7660,5.8700,61.76,121.00,0.008531
464.8451,5.8700,61.22,121.00,0.008461
464.9206,5.8700,62.03,121.00,0.008591
465.0006,5.8700,61.49,120.50,0.008733
465.0764,5.8700,61.76,120.00,0.008819
465.1555,5.8700,61.49,120.00,0.008272
465.2308,5.8930,61.49,121.00,0.008536
465.3118,5.9160,61.49,120.00,0.008483
465.3874,5.9160,61.49,120.00,0.008546
465.4667,5.9160,61.49,120.00,0.008652
465.5419,5.9160,61.22,120.50,0.008222
465.6240,5.9160,61.22,120.00,0.008600
465.6993,5.9160,61.49,120.00,0.008713
465.7764,5.9160,62.03,120.00,0.008683
465.8522,5.9160,61.49,120.00,0.008653
465.9309,5.9160,61.76,120.00,0.008391
466.0063,5.9160,61.22,120.00,0.008846
466.0872,5.9160,61.22,120.50,0.008809
466.1628,5.9160,62.03,120.00,0.008378
466.2400,5.9025,61.76,120.00,0.008496
466.3156,5.8890,61.49,120.50,0.008825
466.3948,5.8890,61.49,120.00,0.008664
466.4704,5.8890,61.76,120.00,0.009029
466.5472,5.8890,61.22,120.00,0.008529
466.6230,5.8890,61.22,120.50,0.008675
466.7022,5.8890,61.22,120.00,0.008635
466.7791,5.8890,61.76,120.00,0.008744
466.8563,5.8890,61.76,120.00,0.008559
466.9322,5.8890,61.76,120.00,0.008737
467.0092,5.8890,61.76,120.00,0.007951
467.0850,5.8890,61.76,120.00,0.008194
467.1604,5.8890,61.76,120.00,0.007997
467.2349,5.8890,61.22,120.00,0.008414
467.3143,5.8970,62.03,120.00,0.008697
467.3908,5.9050,62.03,120.00,0.008428
467.4679,5.9050,61.49,120.00,0.008419
467.5433,5.9050,61.49,120.00,0.008771
467.6225,5.9050,61.49,120.00,0.008842
467.7000,5.9050,61.76,120.00,0.008807
467.7799,5.9050,61.76,120.00,0.009070
467.8550,5.9050,61.76,120.00,0.008838
467.9337,5.9050,61.76,120.00,0.008583
468.0133,5.9050,61.49,120.00,0.008673
468.0922,5.9050,61.76,120.00,0.008552
468.1674,5.9050,61.76,120.00,0.008383
468.2471,5.8915,61.76,120.00,0.008718
468.3255,5.8780,62.03,120.00,0.009193
468.4045,5.8780,61.76,120.00,0.008472
468.4795,5.8780,62.03,120.00,0.008491
468.5588,5.8780,62.03,120.00,0.008391
468.6348,5.8780,61.76,120.00,0.008095
468.7104,5.8780,61.49,120.00,0.008165
468.7867,5.8780,61.49,120.00,0.008117
468.8674,5.8780,61.76,120.00,0.008654
468.9446,5.8780,61.49,120.00,0.008298
469.0231,5.8780,61.49,120.00,0.007999
469.0989,5.8780,61.49,120.00,0.008289
469.1743,5.8780,61.22,120.00,0.008016
469.2498,5.8780,61.76,120.00,0.008094
469.3269,5.8280,61.76,120.00,0.008203
469.4024,5.8280,62.30,120.00,0.009006
469.4794,5.8280,61.76,120.00,0.008664
469.5566,5.8280,61.76,120.00,0.008336
469.6352,5.8280,62.03,120.00,0.008398
469.7128,5.8280,61.76,120.00,0.008823
469.7895,5.8280,61.22,120.00,0.008580
469.8648,5.8280,62.30,120.00,0.008022
469.9439,5.8280,61.22,120.00,0.008740
470.0186,5.8280,61.22,120.00,0.008565
470.0953,5.8280,62.30,120.00,0.008409
470.1730,5.8280,62.03,120.00,0.008478
470.2528,5.8930,62.30,120.00,0.008247
470.3283,5.9580,61.76,120.00,0.008591
470.4076,5.9580,62.03,120.00,0.008606
470.4862,5.9580,61.49,120.00,0.009069
470.5631,5.9580,61.49,120.00,0.008384
470.6388,5.9580,61.49,120.00,0.008552
470.7184,5.9580,61.49,120.00,0.008865
470.7963,5.9580,62.30,120.00,0.009049
470.8760,5.9580,61.49,120.00,0.009091
470.9514,5.9580,61.76,120.00,0.008724
471.0287,5.9580,61.49,120.00,0.008612
471.1066,5.9580,61.49,120.00,0.008877
471.1841,5.9580,62.03,120.00,0.008997
471.2630,5.9580,61.49,120.00,0.008657
471.3405,5.9580,61.76,120.00,0.008651
471.4182,5.9580,61.76,120.00,0.008347
471.4953,5.9580,61.76,120.00,0.008719
471.5702,5.9580,61.76,119.50,0.008011
471.6464,5.9580,61.22,119.00,0.008319
471.7233,5.9580,61.49,119.00,0.008440
471.7998,5.9580,61.22,119.00,0.008488
471.8799,5.9580,61.49,119.50,0.008917
471.9570,5.9580,61.76,120.00,0.008682
472.0323,5.9580,62.03,120.00,0.008045
472.1121,5.9580,61.49,120.00,0.009104
472.1879,5.9580,62.03,120.00,0.009024
472.2677,5.9580,62.03,119.50,0.008926
472.3433,5.9580,61.76,120.00,0.008750
472.4209,5.9580,61.49,120.00,0.008732
472.4988,5.9580,61.22,120.00,0.008615
472.5753,5.9580,61.76,120.00,0.008026
472.6522,5.9580,61.49,120.00,0.008855
472.7308,5.9580,61.49,120.00,0.008311
472.8059,5.9580,61.49,120.00,0.008439
472.8837,5.9580,61.76,119.00,0.008986
472.9632,5.9580,61.49,119.00,0.008320
473.0404,5.9580,61.49,119.50,0.008676
473.1156,5.9580,61.49,119.00,0.008579
473.1929,5.9580,61.76,119.00,0.008638
473.2684,5.9580,61.76,119.00,0.008689
473.3474,5.9580,61.49,119.50,0.008452
473.4269,5.8955,61.76,119.00,0.009097
473.5045,5.9280,61.49,119.00,0.008436
473.5788,5.9280,61.76,119.00,0.008144
473.6545,5.9280,61.76,119.00,0.008234
473.7312,5.9280,61.22,119.00,0.008527
473.8104,5.9280,61.22,119.00,0.008570
473.8859,5.9280,62.03,119.00,0.008304
473.9650,5.9280,62.03,119.50,0.008811
474.0423,5.9280,61.76,119.00,0.008256
474.1193,5.9280,62.30,119.00,0.008340
474.1972,5.9280,61.49,119.00,0.008776
474.2774,5.9010,61.76,119.00,0.009050
474.3551,5.9010,62.03,119.00,0.008801
474.4327,5.9010,61.22,119.00,0.008512
474.5110,5.9010,61.49,119.50,0.008042
474.5874,5.9010,61.22,119.00,0.008245
474.6640,5.9010,61.49,119.00,0.008257
474.7406,5.9010,62.03,119.00,0.008606
474.8187,5.9010,61.49,119.00,0.008321
474.8950,5.9010,61.49,119.00,0.008046
474.9717,5.9010,62.03,119.50,0.008523
475.0473,5.9010,61.49,119.00,0.008235
475.1220,5.9010,62.30,119.00,0.008301
475.1999,5.9010,61.49,119.00,0.007999
475.2745,5.9010,61.49,119.00,0.008214
475.3505,5.9010,61.49,119.00,0.008210
475.4254,5.9010,61.76,119.00,0.008388
475.5077,5.8630,61.76,119.00,0.008806
475.5828,5.8630,61.49,119.00,0.008623
475.6588,5.8630,61.49,119.00,0.008238
475.7361,5.8630,61.49,119.00,0.008745
475.8131,5.8630,61.49,119.00,0.009033
475.8907,5.8630,61.76,119.00,0.008409
475.9676,5.8630,62.03,119.00,0.008408
476.0430,5.8630,61.22,119.00,0.008826
476.1200,5.8630,61.76,119.00,0.008914
476.1945,5.8630,61.22,119.00,0.008410
476.2722,5.9010,62.30,119.00,0.008449
476.3498,5.9010,61.76,119.00,0.009027
476.4282,5.9010,61.76,119.00,0.008464
476.5019,5.9010,62.30,119.00,0.008317
476.5792,5.9010,61.76,119.00,0.008189
476.6535,5.9010,61.76,119.00,0.008374
476.7338,5.9010,61.76,119.00,0.008120
476.8072,5.9010,61.49,119.00,0.008238
476.8821,5.9010,61.49,119.00,0.007938
476.9584,5.9010,61.49,119.00,0.008136
477.0343,5.9010,61.49,119.00,0.008209
477.1111,5.9010,61.22,119.00,0.008166
477.1917,5.9010,61.22,119.00,0.008569
477.2662,5.9090,61.76,119.00,0.007947
477.3434,5.9090,62.03,119.00,0.008204
477.4192,5.9090,61.22,119.00,0.008236
477.4952,5.9090,61.49,119.00,0.008317
477.5710,5.9090,61.76,119.00,0.008070
477.6462,5.9090,61.49,119.00,0.008009
477.7202,5.9090,62.03,119.00,0.008469
477.7989,5.9090,61.76,119.00,0.008676
477.8749,5.9090,61.22,119.00,0.009017
477.9508,5.9090,62.30,119.00,0.008257
478.0273,5.9090,61.22,119.00,0.008383
478.1062,5.9090,61.49,119.00,0.008620
478.1843,5.9090,62.03,119.00,0.008909
478.2601,5.8670,61.49,119.00,0.007940
478.3356,5.8670,61.49,119.00,0.008268
478.4107,5.8670,61.22,119.00,0.008299
478.4882,5.8670,61.76,119.00,0.009085
478.5646,5.8670,61.49,119.00,0.008537
478.6390,5.8670,61.76,119.00,0.008334
478.7168,5.8670,61.49,119.00,0.008871
478.7921,5.8670,62.03,119.00,0.008651
478.8709,5.8670,62.03,119.00,0.008899
478.9463,5.8670,61.76,119.00,0.008193
479.0235,5.8670,61.76,119.00,0.008750
479.0977,5.8670,62.03,119.00,0.007949
479.1755,5.8670,61.22,119.00,0.008356
479.2493,5.8670,61.76,119.00,0.008139
479.3302,5.8670,61.22,119.00,0.008343
479.4086,5.9050,61.49,119.00,0.009023
479.4874,5.9050,61.49,119.00,0.008350
479.5625,5.9050,61.49,119.00,0.008532
479.6393,5.9050,61.76,119.00,0.008451
479.7139,5.9050,61.49,119.00,0.008216
479.7904,5.9050,62.03,119.00,0.008199
479.8665,5.9050,61.76,119.00,0.008846
479.9430,5.9050,61.22,119.00,0.008355
480.0185,5.9050,61.22,119.00,0.008504
480.0942,5.9050,61.76,119.00,0.007944
480.1697,5.9050,61.49,119.00,0.008261
480.2474,5.9050,62.03,118.00,0.007942
480.3243,5.9050,61.76,118.00,0.008156
480.4024,5.9240,62.30,118.00,0.009195
480.4799,5.9240,62.03,118.00,0.008835
480.5592,5.9240,61.49,118.00,0.008703
480.6344,5.9240,61.76,118.00,0.008563
480.7122,5.9240,61.76,118.00,0.009119
480.7914,5.9240,62.03,118.00,0.008412
480.8712,5.9240,61.22,118.00,0.008287
480.9469,5.9240,61.76,118.00,0.008755
481.0260,5.9240,62.30,118.00,0.008120
481.1056,5.9240,61.49,118.00,0.008525
481.1870,5.9240,61.76,118.50,0.008247
481.2677,5.8930,62.03,118.00,0.009070
481.3443,5.8930,62.03,118.00,0.008716
481.4192,5.8930,61.76,118.00,0.008511
481.4991,5.8930,62.03,118.00,0.008475
481.5768,5.8930,61.49,118.00,0.008485
481.6560,5.8930,61.76,118.00,0.008708
481.7314,5.8930,61.76,118.50,0.008637
481.8086,5.8930,61.76,118.50,0.008738
481.8865,5.8930,61.49,118.00,0.008458
481.9656,5.8930,61.22,118.00,0.008549
482.0429,5.8930,61.22,118.00,0.008805
482.1189,5.8930,61.76,118.50,0.008198
482.1925,5.8930,62.30,118.50,0.008046
482.2687,5.8930,61.49,118.00,0.008637
482.3437,5.8685,61.76,118.00,0.008611
482.4236,5.8440,61.49,118.00,0.008889
482.4985,5.8440,62.30,118.00,0.008435
482.5793,5.8440,61.76,118.50,0.008265
482.6546,5.8440,61.22,118.50,0.008605
482.7312,5.8440,61.49,118.50,0.008576
482.8083,5.8440,61.76,118.50,0.008487
482.8870,5.8440,61.49,118.00,0.008331
482.9647,5.8440,62.03,118.00,0.009108
483.0441,5.8440,61.76,118.00,0.008881
483.1185,5.8440,62.03,118.00,0.008391
483.1947,5.8440,62.03,118.00,0.008230
483.2694,5.8440,61.49,118.00,0.008037
483.3472,5.8440,61.76,118.00,0.008475
483.4232,5.8440,61.49,118.00,0.008431
483.4993,5.8440,61.49,118.00,0.008588
483.5767,5.8440,61.76,118.00,0.009021
483.6533,5.8440,61.49,118.00,0.008903
483.7301,5.8440,61.49,118.00,0.008394
483.8067,5.8440,61.49,118.00,0.008345
483.8828,5.8440,62.03,118.00,0.008937
483.9590,5.8440,62.03,118.00,0.008446
484.0386,5.8440,61.49,118.00,0.008418
484.1202,5.8440,61.76,118.00,0.008653
484.1978,5.8440,61.49,118.00,0.009220
484.2770,5.8440,61.76,118.00,0.008764
484.3523,5.8440,62.03,118.00,0.008988
484.4271,5.8440,61.76,118.00,0.008003
484.5029,5.8440,61.76,118.00,0.007913
484.5779,5.8440,61.76,118.00,0.008012
484.6534,5.8440,62.30,118.00,0.007951
484.7283,5.8440,61.76,118.00,0.008039
484.8018,5.8440,61.76,118.00,0.007973
484.8801,5.8440,62.03,118.00,0.008596
484.9555,5.8440,61.49,118.00,0.008837
485.0304,5.8440,61.49,118.00,0.008214
485.1061,5.8440,61.76,118.00,0.007975
485.1834,5.8440,61.22,118.00,0.007988
485.2604,5.8440,61.49,118.00,0.008477
485.3395,5.8440,62.03,118.00,0.008711
485.4159,5.8440,61.76,118.00,0.009131
485.4956,5.8440,61.49,118.00,0.008683
485.5711,5.8440,61.49,118.00,0.008438
485.6503,5.8440,62.03,118.00,0.008436
485.7266,5.8440,61.76,118.00,0.008764
485.8078,5.8440,61.22,118.00,0.008630
485.8832,5.8440,61.76,118.00,0.008723
485.9604,5.8440,61.22,118.00,0.008382
486.0382,5.8440,61.49,118.00,0.008796
486.1190,5.8440,61.76,118.00,0.008540
486.1941,5.8440,61.76,118.00,0.008630
486.2715,5.8670,61.22,118.00,0.008001
486.3450,5.8670,61.76,118.00,0.008079
486.4201,5.8670,61.49,118.00,0.008011
486.4940,5.8670,61.49,118.00,0.008065
486.5747,5.8670,61.76,118.00,0.008768
486.6505,5.8670,62.03,118.00,0.008312
486.7279,5.8670,61.76,118.00,0.008247
486.8019,5.8670,62.30,118.00,0.008163
486.8809,5.8670,61.49,118.00,0.008456
486.9554,5.8670,61.76,118.00,0.008528
487.0340,5.8670,61.76,118.00,0.008332
487.1118,5.8670,61.76,118.00,0.008797
487.1900,5.8670,61.49,118.00,0.008109
487.2684,5.8550,61.49,118.00,0.009059
487.3463,5.8550,61.76,118.00,0.008322
487.4216,5.8550,61.22,118.00,0.008708
487.5010,5.8550,61.22,118.00,0.009089
487.5763,5.8550,61.49,118.00,0.008593
487.6549,5.8550,62.03,118.00,0.008538
487.7300,5.8550,61.76,118.00,0.008399
487.8091,5.8550,61.49,118.00,0.008886
487.8845,5.8550,62.30,118.00,0.008521
487.9619,5.8550,61.76,118.00,0.008564
488.0387,5.8550,61.76,118.00,0.008538
488.1143,5.8550,62.03,118.00,0.008092
488.1910,5.8550,61.76,118.00,0.008863
488.2664,5.8550,61.22,118.00,0.008312
488.3433,5.8705,62.03,118.00,0.008490
488.4210,5.8860,61.76,118.00,0.009024
488.4965,5.8860,61.49,118.00,0.008858
488.5734,5.8860,61.22,118.00,0.008708
488.6471,5.8860,61.49,118.00,0.008237
488.7227,5.8860,62.30,118.00,0.008325
488.7990,5.8860,61.22,118.00,0.008378
488.8769,5.8860,62.03,118.00,0.008702
488.9518,5.8860,61.49,118.00,0.008406
489.0281,5.8860,61.76,118.00,0.008611
489.1060,5.8860,61.49,118.00,0.008884
489.1846,5.8860,61.76,118.00,0.008738
489.2619,5.9350,62.03,118.00,0.008379
489.3428,5.9350,62.03,118.00,0.008690
489.4201,5.9350,61.76,118.00,0.008958
489.4989,5.9350,62.03,118.00,0.008262
489.5764,5.9350,61.49,118.00,0.009020
489.6529,5.9350,61.49,118.00,0.008703
489.7304,5.9350,61.22,118.00,0.008249
489.8095,5.9350,61.49,118.00,0.008722
489.8850,5.9350,62.03,118.00,0.008708
489.9626,5.9350,61.49,118.00,0.007990
490.0388,5.9350,61.49,118.00,0.007998
490.1142,5.9350,62.03,118.00,0.008314
490.1910,5.9350,61.49,118.00,0.008816
490.2746,5.9090,61.49,118.00,0.008729
490.3500,5.9090,61.49,118.00,0.008476
490.4289,5.9090,61.22,118.00,0.008314
490.5065,5.9090,61.76,118.00,0.008619
490.5842,5.9090,61.49,118.00,0.009087
490.6578,5.9090,62.03,118.00,0.007960
490.7349,5.9090,61.49,118.00,0.007938
490.8109,5.9090,62.03,118.00,0.008313
490.8867,5.9090,61.76,118.00,0.008440
490.9605,5.9090,61.49,118.00,0.008000
491.0354,5.9090,61.49,118.00,0.008331
491.1126,5.9090,62.03,118.00,0.008661
491.1895,5.9090,61.49,118.00,0.008634
491.2674,5.9310,61.76,118.00,0.008595
491.3444,5.9310,61.76,118.00,0.008636
491.4207,5.9310,61.76,118.00,0.008964
491.4982,5.9310,62.03,118.00,0.008709
491.5759,5.9310,61.76,118.00,0.008615
491.6531,5.9310,61.76,118.00,0.008830
491.7288,5.9310,62.03,118.00,0.009103
491.8076,5.9310,62.03,118.00,0.008951
491.8825,5.9310,61.49,118.00,0.008616
491.9599,5.9310,61.49,118.00,0.008580
492.0374,5.9310,61.76,118.00,0.008240
492.1148,5.9310,61.76,118.00,0.008060
492.1910,5.9310,61.76,118.00,0.008324
492.2669,5.9310,61.22,118.00,0.008430
492.3439,5.9160,62.03,118.00,0.008478
492.4231,5.9010,61.76,118.00,0.008464
492.4990,5.9010,61.76,118.00,0.008678
492.5752,5.9010,61.49,118.00,0.008401
492.6489,5.9010,62.03,118.00,0.008526
492.7271,5.9010,61.49,118.00,0.008388
492.8052,5.9010,61.22,118.00,0.008705
492.8823,5.9010,61.76,118.00,0.008457
492.9578,5.9010,62.03,118.00,0.008388
493.0366,5.9010,61.49,118.00,0.008830
493.1116,5.9010,61.22,118.00,0.008499
493.1905,5.9010,61.22,118.00,0.008251
493.2665,5.8970,61.49,118.00,0.008640
493.3478,5.8970,61.76,118.00,0.008746
493.4230,5.8970,61.76,118.00,0.009124
493.5018,5.8970,61.49,118.00,0.008390
493.5792,5.8970,61.49,118.00,0.008483
493.6561,5.8970,62.03,118.00,0.008730
493.7316,5.8970,61.76,118.00,0.009045
493.8096,5.8970,61.76,118.00,0.008327
493.8838,5.8970,62.03,118.00,0.008268
493.9597,5.8970,62.03,118.00,0.008287
494.0340,5.8970,61.76,118.00,0.008133
494.1089,5.8970,62.03,118.00,0.008031
494.1828,5.8970,61.49,118.00,0.008064
494.2589,5.9120,62.03,118.00,0.008023
494.3357,5.9120,61.76,118.00,0.008369
494.4154,5.9120,61.22,118.00,0.008875
494.4905,5.9120,61.76,118.00,0.009044
494.5679,5.9120,62.03,118.00,0.008957
494.6432,5.9120,61.76,118.00,0.008452
494.7203,5.9120,61.49,118.00,0.008526
494.7993,5.9120,61.76,118.00,0.008632
494.8771,5.9120,62.03,118.00,0.008805
494.9553,5.9120,61.49,118.00,0.008503
495.0321,5.9120,61.76,118.00,0.008329
495.1073,5.9120,61.76,118.00,0.008358
495.1847,5.9120,61.49,118.00,0.008435
495.2626,5.9350,62.03,118.00,0.008166
495.3376,5.9350,61.49,118.00,0.008140
495.4139,5.9350,61.49,118.00,0.007922
495.4933,5.9350,62.03,118.00,0.009010
495.5677,5.9350,61.76,118.00,0.008271
495.6445,5.9350,61.49,118.00,0.008613
495.7204,5.9350,61.22,118.00,0.008978
495.7971,5.9350,62.30,118.00,0.008776
495.8725,5.9350,62.03,118.00,0.009132
495.9508,5.9350,61.76,118.00,0.008389
496.0262,5.9350,62.03,118.00,0.008625
496.1031,5.9350,61.49,118.00,0.008585
496.1804,5.9350,61.76,118.00,0.008260
496.2601,5.9350,61.22,118.00,0.008614
496.3373,5.9350,62.03,118.00,0.008645
496.4166,5.9350,61.49,118.00,0.008919
496.4918,5.9350,61.49,118.00,0.008686
496.5683,5.9350,61.49,118.00,0.008295
496.6431,5.9350,61.76,118.00,0.008662
496.7230,5.9350,62.03,118.00,0.008655
496.8030,5.9350,62.30,118.00,0.008968
496.8834,5.9350,61.76,118.00,0.009096
496.9640,5.9350,61.76,118.00,0.008961
497.0481,5.9350,61.49,118.00,0.008775
497.1287,5.9350,61.49,118.00,0.009249
497.2107,5.9350,61.76,118.00,0.008922
497.2913,5.9350,61.49,118.00,0.008244
497.3706,5.9350,61.76,118.00,0.008511
497.4544,5.9350,61.76,118.00,0.008665
497.5375,5.9350,61.76,118.00,0.008789
497.6184,5.9350,61.76,118.00,0.008495
497.7017,5.8530,61.76,118.00,0.008728
497.7781,5.7710,61.49,118.00,0.008299
497.8579,5.7710,62.03,118.00,0.008471
497.9385,5.7710,61.49,118.00,0.008720
498.0223,5.7710,61.49,118.00,0.008529
498.1047,5.7710,61.76,118.00,0.008604
498.1870,5.7710,61.76,118.00,0.008591
498.2671,5.7440,62.03,118.00,0.008903
498.3477,5.7440,61.49,118.00,0.008676
498.4233,5.7440,61.22,118.00,0.008248
498.5001,5.7440,61.22,118.00,0.007976
498.5740,5.7440,61.49,118.00,0.007916
498.6500,5.7440,62.03,118.00,0.008100
498.7282,5.7440,61.49,118.00,0.008156
498.8081,5.7440,61.76,118.00,0.008954
498.8912,5.7440,61.76,118.00,0.009354
498.9720,5.7440,61.22,118.00,0.009616
499.0519,5.7440,61.22,118.00,0.007962
499.1277,5.7440,61.49,118.00,0.008015
499.2020,5.7440,61.76,118.00,0.008348
499.2834,5.7440,61.76,118.00,0.008484
499.3601,5.7440,62.30,118.00,0.008381
499.4433,5.7440,62.03,118.00,0.008765
499.5237,5.7440,61.22,118.00,0.008774
499.6088,5.7440,61.76,118.00,0.009128
499.6869,5.7440,61.76,118.00,0.009252
499.7693,5.7440,61.49,118.00,0.008618
499.8513,5.7440,61.76,118.00,0.008749
499.9342,5.7440,61.22,118.00,0.008955
500.0149,5.7440,61.49,118.00,0.009012
500.0964,5.7440,61.76,118.00,0.008768
500.1788,5.7440,61.76,118.00,0.008536
500.2620,5.7440,61.76,118.00,0.008734
500.3426,5.7440,61.22,118.00,0.008873
500.4194,5.7440,61.76,118.00,0.008273
500.4939,5.7440,61.22,118.00,0.008224
500.5719,5.7440,61.76,118.00,0.008223
500.6500,5.7440,61.22,118.00,0.009096
500.7345,5.7955,62.03,118.00,0.008932
500.8175,5.8470,61.49,118.00,0.008746
500.9002,5.8470,61.76,118.00,0.009418
500.9795,5.8470,61.49,118.00,0.008877
501.0628,5.8470,61.49,118.00,0.008959
501.1427,5.8470,61.49,118.00,0.008758
501.2256,5.8110,62.03,118.00,0.009094
501.3067,5.7750,61.76,118.00,0.008791
501.3883,5.7750,61.22,118.00,0.008912
501.4718,5.7750,61.22,118.00,0.009466
501.5524,5.7750,61.76,118.00,0.009171
501.6337,5.7750,61.49,118.00,0.009015
501.7172,5.7750,61.22,118.00,0.008906
501.7958,5.7750,61.22,118.00,0.008711
501.8793,5.7750,61.49,118.00,0.008888
501.9623,5.7750,61.76,118.00,0.008961
502.0437,5.7750,61.76,118.00,0.009319
502.1243,5.7750,61.22,118.00,0.008728
502.2066,5.7750,61.22,118.00,0.008547
502.2880,5.7860,61.22,118.00,0.009142
502.3699,5.7860,61.22,118.00,0.008526
502.4481,5.7860,61.49,118.00,0.008850
502.5274,5.7860,61.22,118.00,0.008682
502.6046,5.7860,61.49,118.00,0.008336
502.6821,5.7860,62.03,118.00,0.008622
502.7581,5.7860,61.49,118.00,0.008035
502.8359,5.7860,62.03,118.00,0.008395
502.9109,5.7860,61.76,118.00,0.008286
502.9886,5.7860,62.03,118.00,0.008269
503.0645,5.7860,61.49,118.00,0.008886
503.1433,5.7860,61.76,118.00,0.008395
503.2180,5.7860,62.03,118.00,0.008016
503.2957,5.7860,61.76,118.00,0.007934
503.3717,5.7860,61.76,118.00,0.008355
503.4470,5.7860,61.49,118.00,0.008159
503.5235,5.7860,61.76,118.00,0.008303
503.6008,5.7860,61.76,118.00,0.008658
503.6756,5.7860,62.03,118.00,0.008397
503.7528,5.7860,62.30,118.00,0.008670
503.8300,5.7860,61.76,118.00,0.008579
503.9091,5.7860,62.30,118.00,0.008687
503.9865,5.7860,61.49,118.00,0.008847
504.0633,5.7860,61.49,118.00,0.008547
504.1432,5.7860,61.49,118.00,0.008415
504.2203,5.8510,62.30,118.00,0.009234
504.2969,5.9160,61.49,118.00,0.008663
504.3759,5.9160,61.49,118.00,0.008784
504.4534,5.9160,61.76,118.00,0.008759
504.5319,5.9160,61.49,118.00,0.008390
504.6070,5.9160,61.49,118.00,0.008596
504.6834,5.9160,61.76,118.00,0.008475
504.7629,5.9160,61.49,118.00,0.008443
504.8398,5.9160,61.22,118.00,0.008334
504.9154,5.9160,62.03,118.00,0.008699
504.9921,5.9160,62.03,118.00,0.008603
505.0668,5.9160,61.22,118.00,0.008715
505.1480,5.9160,61.49,118.00,0.008844
505.2235,5.9235,61.49,118.00,0.008889
505.3009,5.9310,61.49,118.00,0.008981
505.3761,5.9310,61.76,118.00,0.008915
505.4560,5.9310,61.49,118.00,0.009458
505.5319,5.9310,62.03,118.00,0.008790
505.6086,5.9310,61.49,118.00,0.008597
505.6834,5.9310,61.49,118.00,0.008334
505.7594,5.9310,62.30,118.00,0.008254
505.8339,5.9310,62.03,118.00,0.007996
505.9135,5.9310,61.76,118.00,0.008307
505.9935,5.9310,62.03,118.00,0.008549
506.0715,5.9310,61.76,118.00,0.008187
506.1459,5.9310,61.76,118.00,0.008422
506.2215,5.9310,61.76,118.00,0.008053
506.2978,5.8400,61.22,118.00,0.008418
506.3792,5.8400,61.76,118.00,0.008609
506.4553,5.8400,61.76,118.00,0.008537
506.5309,5.8400,61.76,118.00,0.008420
506.6068,5.8400,62.03,118.00,0.008279
506.6819,5.8400,61.76,118.00,0.008151
506.7580,5.8400,62.03,118.00,0.008232
506.8346,5.8400,62.03,118.00,0.008542
506.9100,5.8400,61.76,118.00,0.008498
506.9893,5.8400,61.76,118.00,0.008647
507.0660,5.8400,61.22,118.00,0.008595
507.1473,5.8400,61.49,118.00,0.008841
507.2222,5.8800,61.49,118.00,0.008574
507.3016,5.9200,61.76,118.00,0.008188
507.3773,5.9200,62.03,118.00,0.008710
507.4559,5.9200,62.30,118.00,0.008662
507.5312,5.9200,61.76,118.00,0.008512
507.6082,5.9200,61.76,118.00,0.008297
507.6831,5.9200,61.76,118.00,0.008670
507.7605,5.9200,62.30,118.00,0.009278
507.8350,5.9200,61.76,118.00,0.008305
507.9104,5.9200,61.49,118.00,0.008021
507.9841,5.9200,62.03,118.00,0.008360
508.0599,5.9200,61.76,118.00,0.008455
508.1368,5.9200,62.30,118.00,0.008644
508.2165,5.9525,61.22,118.00,0.009190
508.2916,5.9850,61.76,118.00,0.008035
508.3670,5.9850,61.76,118.00,0.008358
508.4435,5.9850,61.76,118.00,0.008505
508.5206,5.9850,62.03,118.00,0.009248
508.5955,5.9850,61.22,118.00,0.008711
508.6749,5.9850,61.22,118.00,0.008494
508.7501,5.9850,61.49,118.00,0.008478
508.8275,5.9850,61.49,118.00,0.008117
508.9018,5.9850,61.49,118.00,0.008301
508.9770,5.9850,61.49,118.00,0.008025
509.0518,5.9850,61.76,118.00,0.009072
509.1288,5.9850,61.76,118.00,0.008686
509.2034,5.9850,62.30,118.00,0.008126
509.2829,5.8820,61.49,118.00,0.008944
509.3599,5.8820,61.76,118.00,0.008456
509.4401,5.8820,61.49,118.00,0.008933
509.5154,5.8820,61.49,118.00,0.008820
509.5911,5.8820,61.22,118.00,0.008188
509.6668,5.8820,61.22,118.00,0.007919
509.7427,5.8820,62.30,118.00,0.008436
509.8165,5.8820,61.22,118.00,0.008142
509.8928,5.8820,61.22,118.00,0.008996
509.9672,5.8820,62.03,118.00,0.008466
510.0463,5.8820,61.49,118.00,0.008414
510.1241,5.8820,61.76,118.00,0.008685
510.2034,5.8820,61.76,118.00,0.008900
510.2795,5.9010,62.03,118.00,0.008403
510.3549,5.9010,61.76,118.00,0.008241
510.4304,5.9010,61.76,118.00,0.008728
510.5069,5.9010,61.76,118.00,0.008703
510.5820,5.9010,61.76,118.00,0.008476
510.6608,5.9010,61.22,118.00,0.008757
510.7354,5.9010,61.49,118.00,0.008744
510.8164,5.9010,61.76,118.00,0.008975
510.8911,5.9010,61.76,118.00,0.008783
510.9680,5.9010,61.76,118.00,0.008606
511.0431,5.9010,61.76,118.00,0.008684
511.1219,5.9010,62.30,118.00,0.008454
511.1994,5.9010,62.03,118.00,0.008903
511.2809,5.8860,62.30,118.00,0.008727
511.3559,5.8860,61.76,118.00,0.008615
511.4365,5.8860,61.49,118.00,0.008811
511.5157,5.8860,61.76,118.00,0.008809
511.5930,5.8860,61.76,118.00,0.009463
511.6681,5.8860,61.76,118.00,0.009018
511.7465,5.8860,61.76,118.00,0.008503
511.8235,5.8860,61.76,118.00,0.008842
511.9038,5.8860,61.22,118.00,0.008637
511.9810,5.8860,61.22,118.00,0.008515
512.0607,5.8860,61.76,118.00,0.008972
512.1363,5.8860,61.49,118.00,0.008842
512.2147,5.8685,62.30,118.00,0.008730
512.2904,5.8510,62.03,118.00,0.008434
512.3674,5.8510,61.76,118.00,0.008574
512.4422,5.8510,61.22,118.00,0.008175
512.5187,5.8510,61.76,118.00,0.008109
512.5941,5.8510,61.22,118.00,0.008513
512.6758,5.8510,62.03,118.00,0.009025
512.7525,5.8510,61.22,118.00,0.008336
512.8316,5.8510,62.03,118.00,0.008540
512.9069,5.8510,62.30,118.00,0.008707
512.9833,5.8510,61.76,118.00,0.008553
513.0604,5.8510,61.76,118.00,0.008328
513.1397,5.8510,62.30,118.00,0.008582
513.2188,5.8700,61.22,118.00,0.009011
513.2955,5.8890,62.03,118.00,0.008244
513.3707,5.8890,62.03,118.00,0.008592
513.4500,5.8890,61.49,118.00,0.008662
513.5279,5.8890,62.03,118.00,0.008940
513.6039,5.8890,61.22,118.00,0.007953
513.6781,5.8890,61.76,118.00,0.008166
513.7535,5.8890,61.49,118.00,0.008131
513.8282,5.8890,62.30,118.00,0.008646
513.9074,5.8890,61.76,118.00,0.008803
513.9848,5.8890,61.76,118.00,0.008359
514.0635,5.8890,62.03,118.00,0.008577
514.1408,5.8890,61.49,118.00,0.008688
514.2205,5.8740,61.22,118.00,0.009359
514.2986,5.8590,61.49,118.00,0.008733
514.3752,5.8590,61.49,118.00,0.008405
514.4506,5.8590,61.76,118.00,0.008601
514.5272,5.8590,62.03,118.00,0.008481
514.6015,5.8590,61.76,118.00,0.008089
514.6787,5.8590,62.03,118.00,0.008502
514.7558,5.8590,61.49,118.00,0.008508
514.8331,5.8590,61.49,118.00,0.008999
514.9110,5.8590,61.22,118.00,0.009123
514.9879,5.8590,62.03,118.00,0.008870
515.0674,5.8590,61.49,118.00,0.008734
515.1438,5.8590,61.76,118.00,0.008626
515.2185,5.8590,61.49,118.00,0.008737
515.2963,5.8440,62.03,118.00,0.008830
515.3731,5.8440,62.03,118.00,0.008663
515.4497,5.8440,61.76,118.00,0.008576
515.5272,5.8440,61.76,118.00,0.008572
515.6061,5.8440,61.76,118.00,0.008574
515.6852,5.8440,62.03,118.00,0.008466
515.7621,5.8440,61.49,118.00,0.008700
515.8392,5.8440,62.30,118.00,0.008781
515.9179,5.8440,61.76,118.00,0.008827
515.9962,5.8440,62.03,118.00,0.009113
516.0728,5.8440,61.49,118.00,0.008597
516.1479,5.8440,62.03,118.00,0.008527
516.2277,5.8705,61.49,118.00,0.008913
516.3055,5.8970,62.30,118.00,0.008377
516.3845,5.8970,61.76,118.00,0.008031
516.4590,5.8970,61.76,118.00,0.008636
516.5357,5.8970,62.03,118.00,0.008503
516.6113,5.8970,62.03,118.00,0.008720
516.6913,5.8970,61.76,118.00,0.008713
516.7675,5.8970,62.30,118.00,0.008877
516.8471,5.8970,62.03,118.00,0.008549
516.9251,5.8970,61.22,118.00,0.008699
517.0041,5.8970,61.76,118.00,0.008335
517.0834,5.8970,61.49,118.00,0.008935
517.1601,5.8970,61.22,118.00,0.008803
517.2379,5.8875,61.76,118.00,0.008552
517.3172,5.8780,62.03,118.00,0.008681
517.3940,5.8780,61.49,118.00,0.008550
517.4719,5.8780,61.76,118.00,0.009033
517.5490,5.8780,61.49,118.00,0.008573
517.6264,5.8780,61.76,118.00,0.008614
517.7044,5.8780,61.49,118.00,0.008472
517.7832,5.8780,61.49,118.00,0.008589
517.8583,5.8780,61.49,118.00,0.008492
517.9354,5.8780,61.76,118.00,0.008882
518.0161,5.8780,61.49,118.00,0.008965
518.0928,5.8780,61.76,118.00,0.008637
518.1704,5.8780,62.03,118.00,0.008339
518.2470,5.8665,62.03,118.00,0.008493
518.3270,5.8550,61.49,118.00,0.008526
518.4045,5.8550,61.22,118.00,0.008359
518.4833,5.8550,62.03,118.00,0.009007
518.5649,5.8550,62.03,118.00,0.008442
518.6428,5.8550,61.76,118.00,0.008802
518.7204,5.8550,61.76,118.00,0.008940
518.7965,5.8550,61.76,118.00,0.009234
518.8761,5.8550,61.49,118.00,0.008866
518.9515,5.8550,61.76,118.00,0.008560
519.0308,5.8550,61.49,118.00,0.008697
519.1069,5.8550,61.49,118.00,0.009115
519.1821,5.8550,62.03,118.00,0.007907
519.2583,5.8550,61.22,118.00,0.008228
519.3347,5.8740,62.03,118.00,0.008488
519.4105,5.8930,61.49,118.00,0.008608
519.4929,5.8930,61.76,118.00,0.008896
519.5699,5.8930,61.76,118.00,0.008719
519.6464,5.8930,62.03,118.00,0.008509
519.7235,5.8930,61.76,118.00,0.008482
519.8025,5.8930,61.49,118.00,0.008850
519.8794,5.8930,61.76,118.00,0.008108
519.9546,5.8930,62.03,118.00,0.008238
520.0306,5.8930,62.03,118.00,0.008418
520.1081,5.8930,61.76,118.00,0.008392
520.1830,5.8930,62.03,118.00,0.008220
520.2633,5.8740,61.76,118.00,0.008542
520.3408,5.8740,61.76,118.00,0.008626
520.4201,5.8740,61.76,118.00,0.008622
520.4957,5.8740,61.76,118.00,0.009052
520.5746,5.8740,62.30,118.00,0.008433
520.6522,5.8740,61.76,118.00,0.008929
520.7311,5.8740,61.22,118.00,0.008307
520.8084,5.8740,61.49,118.00,0.009118
520.8872,5.8740,61.49,118.00,0.008611
520.9631,5.8740,61.22,118.00,0.008330
521.0418,5.8740,61.76,118.00,0.008729
521.1189,5.8740,61.49,118.00,0.008694
521.1981,5.8740,61.76,118.00,0.008869
521.2763,5.9010,62.03,118.00,0.009211
521.3546,5.9010,61.76,118.00,0.008086
521.4298,5.9010,61.22,118.00,0.008048
521.5062,5.9010,61.76,118.00,0.007943
521.5804,5.9010,61.49,118.00,0.008206
521.6570,5.9010,61.76,118.00,0.008588
521.7341,5.9010,62.03,118.00,0.008408
521.8151,5.9010,61.22,118.00,0.008602
521.8907,5.9010,61.76,118.00,0.008756
521.9671,5.9010,61.76,118.00,0.008141
522.0430,5.9010,61.76,118.00,0.008435
522.1197,5.9010,61.49,118.00,0.008955
522.1944,5.9010,61.49,118.00,0.008331
522.2746,5.9580,61.49,118.00,0.008465
522.3498,5.9580,62.03,118.00,0.008392
522.4268,5.9580,61.49,118.00,0.008890
522.5049,5.9580,62.03,118.00,0.008785
522.5834,5.9580,61.76,118.00,0.008328
522.6586,5.9580,61.76,118.00,0.008323
522.7366,5.9580,61.22,118.00,0.009267
522.8114,5.9580,62.03,118.00,0.008521
522.8903,5.9580,61.76,118.00,0.008525
522.9671,5.9580,61.49,118.00,0.008502
523.0441,5.9580,61.49,118.00,0.009125
523.1192,5.9580,62.03,118.00,0.008637
523.1953,5.9580,61.76,118.00,0.008155
523.2709,5.9580,61.76,118.00,0.008351
523.3463,5.9580,62.03,118.00,0.008125
523.4207,5.9580,62.03,118.50,0.008476
523.4957,5.9580,62.03,119.00,0.008067
523.5705,5.9580,61.76,119.00,0.008152
523.6467,5.9580,61.76,119.00,0.008623
523.7251,5.9580,61.76,119.00,0.008770
523.8028,5.9580,61.76,119.00,0.008281
523.8802,5.9580,61.49,119.00,0.008221
523.9557,5.9580,62.30,119.00,0.008606
524.0310,5.9580,61.76,119.00,0.008245
524.1059,5.9580,62.03,119.00,0.008066
524.1808,5.9580,62.03,119.00,0.008217
524.2562,5.9580,61.76,119.00,0.008625
524.3346,5.9580,61.76,119.00,0.008643
524.4123,5.9125,62.03,119.00,0.008725
524.4940,5.8670,61.49,119.00,0.008595
524.5759,5.8670,62.03,119.00,0.009185
524.6547,5.8670,61.76,119.00,0.008688
524.7314,5.8670,61.76,119.00,0.008353
524.8062,5.8670,62.03,119.00,0.008209
524.8818,5.8670,62.03,119.00,0.008426
524.9586,5.8670,61.49,119.00,0.007957
525.0339,5.8670,62.03,119.00,0.007965
525.1103,5.8670,62.03,119.00,0.007903
525.1863,5.8670,61.49,119.00,0.008186
525.2646,5.9160,62.03,119.00,0.008400
525.3428,5.9160,61.76,119.00,0.008304
525.4207,5.9160,61.76,119.00,0.008234
525.4977,5.9160,61.76,119.00,0.008377
525.5763,5.9160,61.49,119.00,0.009024
525.6550,5.9160,61.76,119.00,0.008386
525.7305,5.9160,62.30,119.00,0.008403
525.8095,5.9160,61.22,119.00,0.008758
525.8874,5.9160,61.76,119.00,0.008587
525.9663,5.9160,61.22,119.00,0.008615
526.0421,5.9160,61.76,120.00,0.008276
526.1190,5.9160,61.49,120.00,0.008615
526.1968,5.9160,61.76,120.00,0.008471
526.2746,5.9090,61.49,120.00,0.009135
526.3507,5.9090,62.03,120.00,0.008606
526.4289,5.9090,61.76,120.00,0.008499
526.5067,5.9090,61.76,120.00,0.008240
526.5828,5.9090,62.03,120.00,0.008711
526.6588,5.9090,61.76,120.00,0.008558
526.7354,5.9090,61.76,120.00,0.008291
526.8160,5.9090,61.76,120.00,0.008624
526.8950,5.9090,62.03,120.00,0.008520
526.9712,5.9090,61.76,120.00,0.008788
527.0474,5.9090,62.03,120.00,0.008283
527.1253,5.9090,62.03,120.00,0.008308
527.2061,5.9090,62.03,120.00,0.008802
527.2829,5.8550,61.22,120.00,0.008330
527.3618,5.8550,61.76,120.00,0.008718
527.4426,5.8550,61.76,120.00,0.009088
527.5193,5.8550,61.76,120.00,0.008354
527.5994,5.8550,61.49,120.00,0.008535
527.6778,5.8550,62.30,120.00,0.008381
527.7566,5.8550,61.76,120.00,0.009351
527.8357,5.8550,61.76,120.00,0.009087
527.9159,5.8550,61.76,120.00,0.009116
527.9925,5.8550,61.76,120.00,0.008673
528.0713,5.8550,61.49,120.00,0.008728
528.1494,5.8550,61.49,120.00,0.008315
528.2305,5.8740,61.22,120.00,0.009412
528.3070,5.8930,61.22,120.00,0.008216
528.3832,5.8930,61.22,120.00,0.008703
528.4628,5.8930,62.30,120.00,0.009098
528.5407,5.8930,61.22,120.00,0.008235
528.6195,5.8930,61.49,120.00,0.008539
528.6960,5.8930,62.03,120.00,0.008788
528.7749,5.8930,61.76,120.00,0.008658
528.8515,5.8930,61.76,120.00,0.008750
528.9282,5.8930,61.76,120.00,0.008487
529.0081,5.8930,61.76,120.00,0.008222
529.0839,5.8930,61.49,120.00,0.008548
529.1582,5.8930,61.76,120.00,0.008091
529.2338,5.8930,62.30,120.00,0.008039
529.3114,5.8930,61.76,120.00,0.008316
529.3887,5.8930,61.22,120.00,0.008784
529.4681,5.8930,61.49,120.00,0.009143
529.5471,5.8930,61.49,120.00,0.008513
529.6253,5.8930,61.76,120.00,0.008350
529.7042,5.8930,61.49,120.00,0.008394
529.7831,5.8930,62.03,120.50,0.008438
529.8604,5.8930,61.22,121.00,0.009155
529.9386,5.8930,62.03,121.00,0.008780
530.0156,5.8930,62.03,121.00,0.008717
530.0932,5.8930,61.76,121.00,0.008510
530.1708,5.8930,62.30,121.00,0.008012
530.2462,5.8930,61.76,121.00,0.008036
530.3218,5.8930,61.76,121.00,0.007999
530.3976,5.8930,61.76,121.00,0.008202
530.4775,5.9010,61.49,121.00,0.009035
530.5569,5.9090,61.49,121.00,0.008528
530.6384,5.9090,62.03,121.00,0.008528
530.7136,5.9090,61.76,121.00,0.008360
530.7909,5.9090,61.22,121.00,0.008254
530.8675,5.9090,62.03,121.00,0.008196
530.9435,5.9090,61.76,121.00,0.008648
531.0194,5.9090,61.76,121.00,0.008501
531.0983,5.9090,62.03,121.00,0.008756
531.1770,5.9090,61.76,121.00,0.008536
531.2577,5.9355,62.30,121.00,0.008388
531.3367,5.9620,61.76,121.00,0.008650
531.4154,5.9620,61.76,121.00,0.008635
531.4939,5.9620,61.76,121.00,0.008660
531.5703,5.9620,61.76,121.00,0.008300
531.6458,5.9620,61.49,121.00,0.008018
531.7208,5.9620,61.76,121.00,0.008175
531.7955,5.9620,62.03,121.00,0.008374
531.8728,5.9620,61.76,121.00,0.008171
531.9513,5.9620,61.49,121.00,0.008562
532.0282,5.9620,62.03,121.00,0.009068
532.1037,5.9620,61.76,121.00,0.008566
532.1838,5.9620,62.03,121.00,0.008470
532.2627,5.8700,61.22,121.00,0.008327
532.3395,5.8700,61.76,121.00,0.008723
532.4156,5.8700,61.22,121.00,0.008842
532.4917,5.8700,61.49,121.00,0.008249
532.5684,5.8700,61.76,121.00,0.008675
532.6472,5.8700,62.03,121.00,0.008642
532.7245,5.8700,62.03,121.00,0.008170
532.7990,5.8700,61.76,121.00,0.007940
532.8746,5.8700,61.76,121.00,0.008093
532.9501,5.8700,61.76,121.00,0.008243
533.0282,5.8700,61.76,121.00,0.008669
533.1071,5.8700,61.76,121.00,0.008490
533.1872,5.8700,61.49,121.00,0.008684
533.2668,5.9050,61.76,121.00,0.008803
533.3440,5.9050,61.76,121.00,0.008931
533.4241,5.9050,61.76,121.00,0.009360
533.5034,5.9050,61.49,121.00,0.008919
533.5805,5.9050,62.03,121.00,0.008579
533.6593,5.9050,61.76,121.00,0.008246
533.7365,5.9050,61.76,121.00,0.008394
533.8174,5.9050,61.49,121.00,0.008512
533.8968,5.9050,61.22,121.00,0.008982
533.9758,5.9050,61.76,121.00,0.008938
534.0549,5.9050,61.49,121.00,0.008525
534.1309,5.9050,61.76,121.00,0.008440
534.2084,5.9050,61.76,121.00,0.008849
534.2842,5.9050,61.49,121.00,0.008652
534.3598,5.9050,61.49,121.00,0.008309
534.4358,5.9050,61.49,121.00,0.008667
534.5130,5.9050,61.76,121.00,0.008798
534.5916,5.9050,61.76,121.00,0.008694
534.6714,5.9050,62.30,121.00,0.008925
534.7504,5.9050,62.03,121.00,0.008821
534.8273,5.9050,62.03,121.00,0.008803
534.9042,5.9050,61.76,121.00,0.008966
534.9844,5.9050,62.30,121.00,0.009147
535.0633,5.9050,61.49,121.00,0.008814
535.1407,5.9050,62.30,121.00,0.008390
535.2202,5.9050,61.76,121.00,0.008857
535.2998,5.9050,61.22,121.00,0.008487
535.3769,5.9050,61.76,121.00,0.009012
535.4571,5.9050,61.76,121.00,0.008828
535.5340,5.9050,61.49,121.00,0.008005
535.6111,5.9050,61.76,121.00,0.007952
535.6858,5.9050,61.76,121.00,0.008032
535.7641,5.9030,62.03,121.00,0.008403
535.8407,5.9010,61.76,121.00,0.008492
535.9199,5.9010,61.22,121.00,0.009032
535.9957,5.9010,62.03,121.00,0.008530
536.0720,5.9010,61.49,121.00,0.008276
536.1511,5.9010,62.30,121.00,0.009115
536.2277,5.9030,61.22,121.00,0.008988
536.3034,5.9050,61.76,121.00,0.008261
536.3820,5.9050,61.49,121.00,0.008447
536.4590,5.9050,62.03,121.00,0.008080
536.5351,5.9050,61.49,121.00,0.008298
536.6106,5.9050,61.76,121.00,0.008352
536.6886,5.9050,61.22,121.00,0.008254
536.7634,5.9050,61.49,121.00,0.008128
536.8384,5.9050,62.30,121.00,0.007987
536.9137,5.9050,61.76,121.00,0.008440
536.9906,5.9050,62.30,121.00,0.009015
537.0660,5.9050,61.49,121.00,0.008207
537.1438,5.9050,61.76,121.00,0.008373
537.2190,5.9050,61.76,121.00,0.008153
537.2947,5.9050,61.22,121.00,0.008342
537.3723,5.8510,62.03,121.00,0.008948
537.4521,5.8510,61.49,121.00,0.008835
537.5267,5.8510,61.76,121.00,0.008113
537.6023,5.8510,61.76,121.00,0.008082
537.6795,5.8510,62.03,121.00,0.008590
537.7573,5.8510,61.22,121.00,0.008656
537.8354,5.8510,61.22,121.00,0.008541
537.9122,5.8510,61.76,121.00,0.008908
537.9873,5.8510,61.22,121.00,0.008362
538.0624,5.8510,61.49,121.00,0.008071
538.1400,5.8510,61.49,121.00,0.008389
538.2195,5.8570,61.76,120.50,0.008901
538.2980,5.8630,61.49,120.00,0.008634
538.3763,5.8630,61.22,120.50,0.008439
538.4543,5.8630,61.76,120.50,0.008538
538.5306,5.8630,61.76,120.00,0.008196
538.6112,5.8630,62.03,120.00,0.008655
538.6886,5.8630,61.76,120.00,0.008915
538.7650,5.8630,61.49,120.00,0.008875
538.8413,5.8630,61.49,120.00,0.008380
538.9182,5.8630,61.49,121.00,0.008248
538.9992,5.8630,61.76,121.00,0.008596
539.0757,5.8630,62.03,120.50,0.008825
539.1514,5.8630,62.03,120.00,0.008456
539.2309,5.8630,61.49,120.00,0.007968
539.3061,5.8630,61.76,120.00,0.008298
539.3822,5.8630,62.03,120.00,0.008418
539.4584,5.8630,61.49,120.00,0.008324
539.5342,5.8630,62.30,120.00,0.008618
539.6113,5.8630,62.03,120.00,0.008660
539.6880,5.8630,62.03,120.50,0.008926
539.7679,5.8630,62.03,120.00,0.009023
539.8462,5.8630,61.76,120.00,0.008783
539.9248,5.8630,61.49,120.00,0.008456
540.0019,5.8630,61.76,120.00,0.008062
540.0775,5.8630,61.76,120.00,0.008133
540.1530,5.8630,62.30,120.00,0.008618
540.2318,5.8630,62.30,120.00,0.008759
540.3101,5.8630,62.03,120.00,0.008877
540.3886,5.8630,61.49,120.00,0.008588
540.4633,5.8630,61.76,120.00,0.008055
540.5384,5.8630,62.03,120.00,0.008161
540.6196,5.8665,61.49,120.00,0.009068
540.6989,5.8700,61.76,120.00,0.008369
540.7769,5.8700,62.03,120.00,0.008468
540.8559,5.8700,61.49,120.00,0.008481
540.9327,5.8700,62.03,120.00,0.008499
541.0120,5.8700,61.76,120.00,0.008645
541.0895,5.8700,61.76,120.00,0.008371
541.1663,5.8700,62.03,120.00,0.008361
541.2447,5.8700,61.49,120.00,0.008772
541.3242,5.8700,62.03,120.00,0.008918
541.4024,5.8700,62.30,120.00,0.008568
541.4802,5.8700,61.76,120.00,0.008759
541.5570,5.8700,61.76,120.00,0.009087
541.6331,5.8700,61.76,120.00,0.008682
541.7111,5.8700,61.76,120.00,0.008434
541.7915,5.8700,61.76,120.00,0.008444
541.8675,5.8700,61.22,120.00,0.008225
541.9441,5.8700,61.76,120.00,0.008659
542.0200,5.8700,61.76,120.00,0.008498
542.0965,5.8700,61.22,120.00,0.008399
542.1749,5.8700,61.22,120.00,0.008704
542.2541,5.8700,61.76,120.00,0.008566
542.3326,5.8700,61.22,120.00,0.008416
542.4112,5.8700,62.03,120.00,0.008670
542.4875,5.8700,61.22,120.00,0.008527
542.5665,5.8700,62.03,120.00,0.008733
542.6462,5.9510,62.03,120.00,0.008623
542.7248,5.9510,61.76,120.00,0.008570
542.8038,5.9510,62.03,119.50,0.008823
542.8802,5.9510,61.49,119.50,0.008783
542.9559,5.9510,61.76,119.00,0.008580
543.0326,5.9510,62.03,119.50,0.008366
543.1085,5.9510,61.76,120.00,0.008279
543.1870,5.9510,61.22,120.00,0.008377
543.2634,5.8890,61.76,120.00,0.008328
543.3403,5.8890,61.49,119.50,0.008556
543.4160,5.8890,61.22,119.50,0.008505
543.4926,5.8890,62.30,120.00,0.008381
543.5712,5.8890,61.76,120.00,0.008559
543.6515,5.8890,61.76,120.00,0.008307
543.7274,5.8890,61.49,120.00,0.008560
543.8086,5.8890,61.22,120.00,0.008620
543.8877,5.8890,61.49,120.00,0.009000
543.9641,5.8890,61.76,120.00,0.008476
544.0404,5.8890,61.49,120.00,0.008568
544.1211,5.8890,61.49,119.00,0.008340
544.1996,5.8890,61.76,119.00,0.008887
544.2781,5.8360,62.30,119.00,0.008329
544.3571,5.8360,61.76,119.00,0.008697
544.4323,5.8360,61.22,119.00,0.008299
544.5067,5.8360,62.03,119.00,0.008106
544.5819,5.8360,61.76,119.00,0.008160
544.6600,5.8360,61.49,119.00,0.008543
544.7389,5.8360,62.03,119.00,0.008406
544.8139,5.8360,61.76,119.00,0.008023
544.8921,5.8360,61.49,119.50,0.009338
544.9672,5.8360,62.03,120.00,0.008284
545.0431,5.8360,61.22,120.00,0.008243
545.1241,5.8360,62.03,120.00,0.009233
545.2033,5.8360,61.49,120.00,0.008517
545.2825,5.9280,61.49,120.00,0.008689
545.3605,5.9280,61.49,120.00,0.008299
545.4398,5.9280,61.49,120.00,0.008714
545.5199,5.9280,62.03,120.00,0.008868
545.5998,5.9280,62.30,120.00,0.008790
545.6852,5.9280,61.22,120.00,0.009122
545.7685,5.9280,61.49,120.00,0.008666
545.8506,5.9280,61.76,120.00,0.008947
545.9326,5.9280,62.03,120.00,0.008965
546.0165,5.9280,61.49,120.00,0.009185
546.0966,5.9280,61.49,120.00,0.009202
546.1785,5.9280,61.49,120.00,0.008911
546.2616,5.8740,61.76,121.00,0.008533
546.3423,5.8740,61.22,121.00,0.008873
546.4185,5.8740,61.49,121.00,0.008276
546.4991,5.8740,61.49,121.00,0.008536
546.5739,5.8740,61.22,121.00,0.008113
546.6507,5.8740,61.76,121.00,0.008051
546.7276,5.8740,61.76,121.00,0.008324
546.8074,5.8740,61.22,121.00,0.008327
546.8831,5.8740,61.76,121.00,0.007962
546.9606,5.8740,61.76,121.00,0.008887
547.0386,5.8740,61.49,121.00,0.008678
547.1165,5.8740,61.49,121.00,0.008389
547.1919,5.8740,61.49,121.00,0.008467
547.2706,5.8360,61.76,121.00,0.008853
547.3466,5.8360,61.76,121.00,0.008406
547.4263,5.8360,61.76,121.00,0.008590
547.5043,5.8360,61.49,121.00,0.008304
547.5824,5.8360,61.76,121.00,0.008795
547.6583,5.8360,62.03,121.00,0.008462
547.7360,5.8360,61.49,121.00,0.008387
547.8138,5.8360,61.49,121.00,0.008875
547.8907,5.8360,61.76,121.00,0.008384
547.9712,5.8360,61.49,121.00,0.008703
548.0483,5.8360,61.76,121.00,0.008913
548.1238,5.8360,62.30,121.00,0.008326
548.2031,5.8360,62.30,121.00,0.008272
548.2802,5.8515,61.49,121.00,0.009069
548.3621,5.8670,61.49,121.00,0.008624
548.4405,5.8670,61.49,121.00,0.009024
548.5205,5.8670,61.22,121.00,0.008806
548.6009,5.8670,62.03,121.00,0.008320
548.6806,5.8670,61.22,121.00,0.008595
548.7589,5.8670,61.76,121.00,0.008567
548.8370,5.8670,61.22,121.00,0.008652
548.9131,5.8670,62.30,121.00,0.008979
548.9899,5.8670,62.03,121.00,0.008495
549.0663,5.8670,61.49,121.00,0.008690
549.1438,5.8670,61.49,121.00,0.008606
549.2199,5.8670,62.03,121.00,0.009207
549.2999,5.8670,61.76,121.00,0.008736
549.3756,5.8670,61.49,121.00,0.008716
549.4541,5.8670,62.03,121.00,0.009410
549.5326,5.8670,61.22,121.00,0.008313
549.6115,5.8670,61.76,121.00,0.008486
549.6898,5.8670,61.22,121.00,0.008244
549.7680,5.8670,61.76,121.00,0.008852
549.8444,5.8670,61.76,121.00,0.008693
549.9212,5.8670,62.03,121.00,0.008735
550.0018,5.8670,61.49,121.00,0.009116
550.0800,5.8670,61.49,121.00,0.008902
550.1582,5.8670,61.49,121.00,0.009017
550.2405,5.8670,61.76,121.00,0.008939
550.3164,5.8670,61.49,121.00,0.008985
550.3971,5.8670,61.49,121.00,0.008591
550.4751,5.8670,61.76,121.00,0.008410
550.5523,5.8670,62.03,121.00,0.008506
550.6305,5.8670,61.22,121.00,0.008380
550.7107,5.8670,61.49,121.00,0.009079
550.7867,5.8670,61.22,121.00,0.008662
550.8641,5.8670,62.30,121.50,0.008585
550.9401,5.8670,62.30,122.00,0.008782
551.0195,5.8670,61.76,122.00,0.008441
551.0961,5.8670,61.76,122.00,0.008452
551.1740,5.8670,62.03,122.00,0.008520
551.2513,5.8670,61.76,122.00,0.008644
551.3286,5.8670,61.22,122.00,0.008759
551.4043,5.8670,62.03,122.00,0.008812
551.4806,5.8670,61.22,122.00,0.007995
551.5560,5.8670,62.03,122.00,0.007952
551.6357,5.8670,61.49,122.00,0.008835
551.7137,5.8670,61.76,122.00,0.008593
551.7905,5.8670,61.22,122.00,0.008533
551.8660,5.8670,61.76,122.00,0.008138
551.9474,5.8670,61.76,122.00,0.008252
552.0239,5.8670,61.22,122.00,0.008610
552.1030,5.8670,61.49,122.00,0.008290
552.1773,5.8670,61.76,122.00,0.008394
552.2538,5.8670,61.22,122.00,0.008396
552.3308,5.8670,62.03,122.00,0.008200
552.4113,5.9160,61.76,122.00,0.008545
552.4869,5.9160,61.49,122.00,0.008523
552.5651,5.9160,62.03,122.00,0.008795
552.6434,5.9160,61.76,122.00,0.008250
552.7230,5.9160,61.22,122.00,0.008780
552.8011,5.9160,61.49,122.00,0.008846
552.8825,5.9160,61.49,122.00,0.008341
552.9585,5.9160,61.76,122.00,0.008674
553.0391,5.9160,61.76,122.00,0.008636
553.1180,5.9160,61.49,122.00,0.008436
553.1947,5.9160,61.76,122.00,0.008547
553.2719,5.8590,61.22,122.00,0.008588
553.3522,5.8590,61.76,122.00,0.008907
553.4294,5.8590,61.22,122.00,0.009274
553.5099,5.8590,62.30,122.00,0.008924
553.5862,5.8590,61.49,122.00,0.008502
553.6660,5.8590,62.03,122.00,0.008812
553.7419,5.8590,62.30,122.00,0.008797
553.8220,5.8590,62.03,122.00,0.008781
553.8994,5.8590,61.76,122.00,0.008187
553.9754,5.8590,61.49,122.00,0.008160
554.0501,5.8590,61.49,122.00,0.008333
554.1314,5.8590,61.76,122.00,0.008785
554.2077,5.8590,61.22,122.00,0.008973
554.2858,5.8630,61.76,122.00,0.008394
554.3633,5.8630,62.03,122.00,0.008471
554.4405,5.8630,61.22,122.00,0.008875
554.5186,5.8630,61.49,122.00,0.008736
554.5958,5.8630,61.76,122.00,0.008508
554.6741,5.8630,61.76,122.00,0.008558
554.7515,5.8630,61.76,122.00,0.008545
554.8316,5.8630,61.49,122.00,0.008452
554.9111,5.8630,61.76,122.00,0.008514
554.9870,5.8630,61.76,122.00,0.008878
555.0648,5.8630,61.76,122.00,0.008652
555.1425,5.8630,62.03,122.00,0.008626
555.2206,5.8685,61.49,122.00,0.009168
555.3013,5.8740,61.76,122.00,0.008782
555.3807,5.8740,61.76,122.00,0.008593
555.4571,5.8740,61.76,122.00,0.008960
555.5373,5.8740,61.76,122.00,0.008712
555.6153,5.8740,62.30,122.00,0.008390
555.6927,5.8740,61.76,122.00,0.008570
555.7715,5.8740,62.03,122.00,0.008690
555.8485,5.8740,61.22,122.00,0.008610
555.9279,5.8740,61.49,122.00,0.008862
556.0050,5.8740,62.03,122.00,0.008468
556.0837,5.8740,62.03,122.00,0.008500
556.1636,5.8740,61.49,122.00,0.008781
556.2414,5.8665,61.49,122.00,0.008409
556.3197,5.8590,61.76,122.00,0.008198
556.3941,5.8590,61.76,122.00,0.008188
556.4710,5.8590,62.30,122.00,0.008370
556.5457,5.8590,62.03,122.00,0.008032
556.6235,5.8590,62.03,122.00,0.008663
556.6994,5.8590,61.49,122.00,0.008227
556.7796,5.8590,62.03,122.00,0.008376
556.8585,5.8590,61.76,122.00,0.008480
556.9386,5.8590,61.49,122.00,0.008868
557.0145,5.8590,61.22,122.00,0.008479
557.0948,5.8590,61.49,122.00,0.009014
557.1702,5.8590,61.49,122.00,0.007983
557.2464,5.8590,62.03,122.00,0.008022
557.3237,5.8590,61.76,122.00,0.008355
557.3996,5.8590,62.03,122.00,0.008148
557.4791,5.9160,61.49,122.00,0.008640
557.5568,5.9160,61.49,122.00,0.008692
557.6350,5.9160,61.22,122.00,0.009095
557.7130,5.9160,61.22,122.00,0.008974
557.7910,5.9160,62.03,122.00,0.008683
557.8710,5.9160,61.76,122.00,0.008447
557.9458,5.9160,62.30,122.00,0.008085
558.0240,5.9160,61.76,121.50,0.008365
558.0994,5.9160,62.30,121.00,0.007987
558.1766,5.9160,62.03,121.50,0.008641
558.2554,5.9200,61.49,121.50,0.008669
558.3337,5.9240,61.49,122.00,0.008153
558.4113,5.9240,61.49,122.00,0.008426
558.4912,5.9240,61.49,122.00,0.008789
558.5673,5.9240,61.76,122.00,0.008896
558.6472,5.9240,61.76,122.00,0.008529
558.7277,5.9240,61.49,122.00,0.008655
558.8075,5.9240,61.22,121.00,0.008688
558.8846,5.9240,61.76,121.00,0.009033
558.9638,5.9240,61.49,121.00,0.008822
559.0427,5.9240,61.49,121.00,0.008693
559.1204,5.9240,62.03,121.00,0.008553
559.2001,5.9240,61.76,122.00,0.008859
559.2806,5.7670,61.76,122.00,0.008950
559.3578,5.7670,61.49,122.00,0.009009
559.4358,5.7670,61.76,121.50,0.008485
559.5157,5.7670,61.49,121.00,0.008555
559.5963,5.7670,61.76,121.00,0.009015
559.6746,5.7670,62.03,121.00,0.008539
559.7552,5.7670,61.76,121.00,0.008780
559.8328,5.7670,61.76,121.00,0.008180
559.9115,5.7670,61.49,121.00,0.008307
559.9881,5.7670,62.03,121.00,0.009130
560.0663,5.7670,61.49,121.00,0.008711
560.1473,5.7670,62.03,121.00,0.008864
560.2252,5.7670,61.76,121.00,0.008299
560.3022,5.7670,61.49,121.00,0.008030
560.3793,5.7670,61.76,121.00,0.008247
560.4586,5.8110,62.03,121.00,0.008683
560.5394,5.8550,61.76,121.00,0.008676
560.6162,5.8550,61.49,121.00,0.008684
560.6959,5.8550,61.49,121.00,0.008614
560.7742,5.8550,61.22,121.00,0.008407
560.8528,5.8550,61.22,121.00,0.008723
560.9285,5.8550,61.76,121.00,0.008925
561.0067,5.8550,61.76,121.00,0.008526
561.0823,5.8550,61.76,121.00,0.008479
561.1595,5.8550,61.76,121.00,0.008343
561.2380,5.8835,62.03,121.00,0.008647
561.3160,5.9120,62.30,121.00,0.008277
561.3921,5.9120,61.76,121.00,0.008799
561.4724,5.9120,61.49,121.00,0.008626
561.5509,5.9120,61.76,121.00,0.008405
561.6287,5.9120,61.76,121.00,0.009244
561.7048,5.9120,61.49,121.00,0.008835
561.7849,5.9120,62.03,121.00,0.008874
561.8644,5.9120,62.03,121.00,0.008639
561.9405,5.9120,61.76,121.00,0.008184
562.0149,5.9120,62.30,121.00,0.008216
562.0906,5.9120,61.49,121.00,0.007987
562.1659,5.9120,61.76,121.00,0.008042
562.2423,5.9200,61.76,121.00,0.008631
562.3210,5.9280,61.76,121.00,0.009130
562.3988,5.9280,62.03,121.00,0.008584
562.4797,5.9280,62.30,121.00,0.008646
562.5584,5.9280,61.76,121.00,0.008995
562.6368,5.9280,62.03,121.00,0.008802
562.7145,5.9280,61.76,121.00,0.008244
562.7918,5.9280,61.76,121.00,0.009158
562.8719,5.9280,61.76,121.00,0.008721
562.9530,5.9280,62.03,121.00,0.008701
563.0358,5.9280,61.76,121.00,0.009129
563.1121,5.9280,61.76,121.00,0.008852
563.1921,5.9280,61.76,121.00,0.008720
563.2713,5.7520,61.49,121.00,0.008306
563.3475,5.7520,62.03,121.00,0.008055
563.4231,5.7520,61.49,121.00,0.008436
563.5005,5.7520,61.76,121.00,0.008790
563.5794,5.7520,61.49,121.00,0.008315
563.6600,5.7520,61.76,121.00,0.009090
563.7385,5.7520,61.76,121.00,0.008273
563.8184,5.7520,61.76,121.00,0.008672
563.8958,5.7520,61.76,121.00,0.008918
563.9761,5.7520,61.76,121.00,0.008849
564.0572,5.7520,62.30,121.00,0.008465
564.1393,5.7520,61.76,121.00,0.008874
564.2160,5.7920,61.76,121.00,0.008909
564.2945,5.8320,61.49,121.00,0.008441
564.3710,5.8320,61.22,121.00,0.008870
564.4496,5.8320,61.49,121.00,0.008927
564.5274,5.8320,61.49,121.00,0.008510
564.6072,5.8320,61.22,121.00,0.008447
564.6854,5.8320,61.76,121.00,0.008683
564.7610,5.8320,61.76,121.00,0.008237
564.8374,5.8320,61.76,121.00,0.007942
564.9164,5.8320,61.49,121.00,0.008162
564.9930,5.8320,62.03,121.00,0.008258
565.0732,5.8320,62.30,121.00,0.008628
565.1514,5.8320,61.76,121.00,0.008420
565.2292,5.8340,61.49,121.00,0.008979
565.3082,5.8360,61.76,120.50,0.008816
565.3859,5.8360,61.76,120.00,0.008484
565.4645,5.8360,62.03,120.00,0.008227
565.5428,5.8360,62.03,120.00,0.008190
565.6185,5.8360,61.76,120.00,0.008727
565.6961,5.8360,62.03,120.00,0.008780
565.7752,5.8360,61.49,120.00,0.008736
565.8527,5.8360,61.76,120.00,0.008548
565.9293,5.8360,62.03,120.00,0.009561
566.0079,5.8360,61.49,120.00,0.008037
566.0831,5.8360,61.76,120.00,0.008173
566.1594,5.8360,61.22,120.00,0.007962
566.2350,5.8360,62.03,120.00,0.008388
566.3187,5.8890,61.49,121.00,0.010312
566.3939,5.8890,61.49,121.00,0.008157
566.4741,5.8890,61.49,121.00,0.008677
566.5542,5.8890,61.22,121.00,0.009289
566.6362,5.8890,61.76,121.00,0.008219
566.7135,5.8890,61.76,121.00,0.008222
566.7954,5.8890,61.49,121.00,0.008652
566.8714,5.8890,62.03,122.00,0.008927
566.9488,5.8890,62.03,122.00,0.008724
567.0290,5.8890,62.03,122.00,0.009107
567.1085,5.8890,61.76,122.00,0.008527
567.1831,5.8890,61.22,122.00,0.008550
567.2608,5.8670,62.03,122.00,0.008199
567.3365,5.8670,61.49,122.00,0.008696
567.4141,5.8670,61.76,122.00,0.008583
567.4933,5.8670,62.30,122.00,0.008499
567.5752,5.8670,61.76,122.00,0.008668
567.6525,5.8670,61.49,122.00,0.008686
567.7319,5.8670,62.03,122.00,0.008542
567.8068,5.8670,62.03,122.00,0.008338
567.8851,5.8670,61.76,122.00,0.008933
567.9626,5.8670,61.22,122.00,0.008436
568.0406,5.8670,62.03,122.00,0.008708
568.1160,5.8670,62.03,122.00,0.008993
568.1949,5.8670,61.76,122.00,0.008024
568.2719,5.8670,61.76,122.00,0.008109
568.3516,5.8670,61.76,122.00,0.008860
568.4274,5.8670,62.30,122.00,0.008863
568.5075,5.8670,61.22,122.00,0.008620
568.5829,5.8670,61.49,122.00,0.008449
568.6600,5.8670,62.03,122.00,0.008138
568.7392,5.8670,62.03,122.00,0.008465
568.8197,5.8670,61.49,122.00,0.008825
568.8944,5.8670,61.22,122.00,0.008304
568.9733,5.8670,62.30,122.00,0.008442
569.0484,5.8670,61.76,122.00,0.008610
569.1261,5.8670,62.03,122.00,0.008429
569.2038,5.8670,62.30,122.00,0.008910
569.2834,5.8670,61.49,122.00,0.008649
569.3608,5.8670,62.03,122.00,0.008796
569.4444,5.8780,61.76,122.00,0.008999
569.5218,5.8780,61.49,122.00,0.008431
569.6016,5.8780,62.30,122.00,0.008284
569.6764,5.8780,61.76,122.00,0.008857
569.7561,5.8780,61.49,122.00,0.008625
569.8323,5.8780,61.49,122.00,0.009112
569.9118,5.8780,61.49,122.00,0.008633
569.9866,5.8780,61.76,122.00,0.008847
570.0645,5.8780,61.76,122.00,0.008517
570.1403,5.8780,61.76,122.00,0.008922
570.2182,5.8915,61.49,122.00,0.009187
570.2959,5.9050,61.76,122.00,0.008641
570.3735,5.9050,61.76,122.00,0.008522
570.4512,5.9050,61.22,122.00,0.008694
570.5291,5.9050,62.03,122.00,0.008579
570.6068,5.9050,62.03,122.00,0.008394
570.6865,5.9050,61.49,122.00,0.008596
570.7622,5.9050,61.49,122.00,0.008666
570.8389,5.9050,61.49,122.00,0.008192
570.9135,5.9050,61.49,122.00,0.008663
570.9914,5.9050,61.49,122.00,0.008072
571.0684,5.9050,61.49,122.00,0.008323
571.1462,5.9050,61.49,122.00,0.008643
571.2234,5.9050,61.76,122.00,0.008527
571.2992,5.9050,62.03,122.00,0.008041
571.3733,5.9050,61.76,122.00,0.008291
571.4524,5.9050,61.76,122.00,0.008674
571.5300,5.9050,61.22,122.00,0.008228
571.6075,5.9050,61.49,122.00,0.008466
571.6833,5.9050,61.76,122.00,0.008982
571.7608,5.9050,62.03,122.00,0.008749
571.8350,5.9050,62.03,122.00,0.007957
571.9155,5.9050,62.03,122.00,0.008642
571.9933,5.9050,62.03,122.00,0.008871
572.0700,5.9050,61.76,122.00,0.008066
572.1483,5.9050,61.76,122.00,0.009228
572.2288,5.9050,61.76,122.00,0.008704
572.3050,5.9050,61.49,122.00,0.008435
572.3823,5.9050,61.49,122.00,0.008612
572.4601,5.8510,61.76,122.00,0.009258
572.5373,5.8510,62.03,122.00,0.008899
572.6124,5.8510,61.49,122.00,0.008207
572.6882,5.8510,61.76,122.00,0.008162
572.7642,5.8510,62.03,122.00,0.008194
572.8401,5.8510,61.76,122.00,0.008154
572.9149,5.8510,61.76,122.00,0.008730
572.9938,5.8510,61.76,122.00,0.008600
573.0690,5.8510,61.49,122.00,0.008770
573.1512,5.8510,62.03,122.00,0.008646
573.2293,5.8455,61.22,122.00,0.008844
573.3111,5.8400,62.03,122.00,0.008411
573.3887,5.8400,61.76,122.00,0.008595
573.4687,5.8400,61.76,122.00,0.008735
573.5460,5.8400,62.30,122.00,0.008556
573.6261,5.8400,61.22,122.00,0.008675
573.7026,5.8400,61.76,122.00,0.008212
573.7781,5.8400,61.76,122.00,0.008028
573.8521,5.8400,61.49,122.00,0.008478
573.9313,5.8400,61.76,122.00,0.008881
574.0083,5.8400,61.49,122.00,0.008373
574.0871,5.8400,61.49,122.00,0.008609
574.1617,5.8400,61.22,122.00,0.008111
574.2370,5.8400,62.03,122.00,0.008233
574.3114,5.8400,61.76,122.00,0.008367
574.3890,5.8400,61.49,122.00,0.008504
574.4654,5.8250,62.30,122.00,0.009077
574.5424,5.8250,61.76,122.00,0.008897
574.6173,5.8250,61.76,122.00,0.008370
574.6962,5.8250,61.76,122.00,0.008757
574.7737,5.8250,61.76,122.00,0.008718
574.8525,5.8250,61.49,122.00,0.008481
574.9291,5.8250,61.76,122.00,0.008133
575.0082,5.8250,61.22,122.00,0.008589
575.0877,5.8250,61.76,122.00,0.008373
575.1650,5.8250,61.76,122.00,0.008836
575.2392,5.8250,61.76,122.00,0.008312
575.3189,5.8250,62.03,122.00,0.008248
575.3926,5.8250,62.03,122.00,0.008114
575.4683,5.8250,61.76,122.00,0.007977
575.5479,5.8250,62.03,122.00,0.008732
575.6266,5.8250,61.76,122.00,0.008410
575.7026,5.8250,62.03,122.00,0.008672
575.7821,5.8250,61.76,122.00,0.008818
575.8594,5.8250,61.76,122.00,0.008882
575.9365,5.8250,62.03,122.00,0.009151
576.0124,5.8250,61.76,122.00,0.008636
576.0917,5.8250,61.22,122.00,0.008940
576.1666,5.8250,61.76,122.00,0.008349
576.2442,5.8250,61.76,122.00,0.008941
576.3194,5.8250,62.03,122.00,0.008342
576.3953,5.8250,62.03,122.00,0.008014
576.4698,5.8250,62.03,122.00,0.008192
576.5482,5.8250,61.49,122.00,0.008704
576.6240,5.8650,61.76,122.00,0.009519
576.7035,5.9050,61.76,122.00,0.008816
576.7788,5.9050,61.49,122.00,0.008625
576.8568,5.9050,62.03,122.00,0.008819
576.9322,5.9050,62.30,122.00,0.008363
577.0118,5.9050,61.76,122.00,0.008939
577.0896,5.9050,61.76,122.00,0.008524
577.1699,5.9050,61.76,122.00,0.008982
577.2473,5.9030,62.03,122.00,0.008084
577.3240,5.9010,61.22,122.00,0.008164
577.3993,5.9010,61.22,122.00,0.008183
577.4763,5.9010,61.76,122.00,0.008321
577.5555,5.9010,61.76,122.00,0.008727
577.6326,5.9010,61.76,122.00,0.008898
577.7101,5.9010,61.76,122.00,0.008704
577.7867,5.9010,61.76,122.00,0.008815
577.8641,5.9010,61.22,122.00,0.008662
577.9407,5.9010,62.30,122.00,0.008222
578.0165,5.9010,61.76,122.00,0.008682
578.0935,5.9010,61.76,122.00,0.008600
578.1706,5.9010,61.76,121.50,0.008106
578.2480,5.9010,62.03,121.00,0.008011
578.3219,5.9010,61.76,121.00,0.008133
578.3998,5.9010,62.03,121.00,0.008203
578.4758,5.9540,61.49,121.00,0.008671
578.5525,5.9540,62.03,121.00,0.008258
578.6262,5.9540,62.03,121.00,0.008063
578.7015,5.9540,62.03,121.00,0.007966
578.7755,5.9540,61.49,121.00,0.008443
578.8512,5.9540,62.03,121.00,0.008347
578.9253,5.9540,62.03,121.00,0.008346
579.0038,5.9540,61.49,121.00,0.008553
579.0790,5.9540,61.76,121.00,0.008501
579.1587,5.9540,61.49,121.50,0.008745
579.2367,5.9370,61.76,122.00,0.009011
579.3161,5.9200,61.22,122.00,0.008752
579.3911,5.9200,62.03,122.00,0.008289
579.4687,5.9200,61.76,121.00,0.008789
579.5439,5.9200,61.76,121.00,0.008719
579.6213,5.9200,61.76,121.00,0.008665
579.6993,5.9200,61.76,121.00,0.008466
579.7754,5.9200,61.76,121.00,0.008330
579.8507,5.9200,61.76,121.00,0.008816
579.9277,5.9200,61.22,121.00,0.008448
580.0074,5.9200,61.76,121.00,0.008583
580.0839,5.9200,61.49,121.00,0.008428
580.1582,5.9200,61.22,121.00,0.008308
580.2343,5.9200,62.03,121.00,0.008467
580.3126,5.9145,62.03,121.00,0.008400
580.3923,5.9090,61.49,121.00,0.008662
580.4705,5.9090,61.76,121.00,0.008892
580.5471,5.9090,62.03,121.00,0.008506
580.6250,5.9090,62.03,121.00,0.008807
580.7027,5.9090,62.03,121.00,0.008509
580.7779,5.9090,61.49,121.00,0.008296
580.8551,5.9090,61.76,121.00,0.008691
580.9329,5.9090,62.03,121.00,0.008635
581.0117,5.9090,62.03,121.00,0.008543
581.0950,5.9090,62.03,121.00,0.009346
581.1803,5.9090,62.03,121.00,0.009301
581.2642,5.9050,62.03,121.00,0.009140
581.3496,5.9050,61.76,121.00,0.008732
581.4275,5.9050,61.49,121.00,0.008737
581.5050,5.9050,61.76,121.00,0.008071
581.5822,5.9050,61.76,121.00,0.008168
581.6623,5.9050,61.49,121.00,0.008751
581.7441,5.9050,61.76,121.00,0.008785
581.8293,5.9050,62.03,121.00,0.008164
581.9134,5.9050,61.76,121.00,0.009058
581.9936,5.9050,62.03,121.00,0.008065
582.0709,5.9050,61.22,121.00,0.008337
582.1499,5.9050,61.49,121.00,0.008244
582.2303,5.9050,61.76,121.00,0.009066
582.3154,5.9050,61.49,121.00,0.009146
582.3989,5.9050,61.22,121.00,0.009074
582.4839,5.9050,61.49,121.00,0.008890
582.5675,5.9050,61.22,121.00,0.009051
582.6509,5.9050,61.76,121.00,0.008767
582.7338,5.9050,61.49,121.00,0.008839
582.8171,5.9050,61.76,121.00,0.008787
582.8975,5.9050,61.49,121.00,0.008677
582.9785,5.9050,61.22,121.00,0.008836
583.0613,5.9050,62.03,121.00,0.008525
583.1441,5.9050,61.76,121.00,0.009178
583.2262,5.9050,61.76,121.00,0.008673
583.3036,5.9050,61.49,121.00,0.008405
583.3781,5.9050,61.76,121.00,0.008005
583.4544,5.9050,61.49,121.00,0.008709
583.5310,5.9050,61.49,121.00,0.008489
583.6083,5.8150,61.76,121.00,0.009402
583.6850,5.7250,61.49,121.00,0.008801
583.7618,5.7250,61.76,121.00,0.008707
583.8386,5.7250,61.49,121.00,0.008162
583.9145,5.7250,61.49,121.00,0.008239
583.9890,5.7250,61.49,121.00,0.008289
584.0671,5.7250,61.49,121.00,0.008489
584.1445,5.7250,61.49,121.00,0.008605
584.2234,5.8090,61.49,121.00,0.008768
584.2999,5.8930,61.49,121.00,0.008928
584.3770,5.8930,62.03,121.00,0.008817
584.4523,5.8930,61.49,121.00,0.008322
584.5318,5.8930,61.76,121.00,0.008884
584.6115,5.8930,62.30,120.50,0.008343
584.6912,5.8930,61.49,120.00,0.008547
584.7684,5.8930,61.76,120.00,0.008931
584.8477,5.8930,61.76,120.00,0.008789
584.9226,5.8930,61.49,120.00,0.008175
584.9992,5.8930,62.03,120.00,0.008533
585.0747,5.8930,61.76,120.50,0.008820
585.1523,5.8930,61.76,121.00,0.008616
585.2273,5.9010,61.76,121.00,0.008288
585.3045,5.9090,61.76,121.00,0.008225
585.3782,5.9090,61.76,121.00,0.008173
585.4543,5.9090,61.49,121.00,0.008051
585.5311,5.9090,61.76,121.00,0.008506
585.6113,5.9090,62.03,121.00,0.008857
585.6870,5.9090,62.03,121.00,0.008725
585.7664,5.9090,61.49,121.00,0.008502
585.8422,5.9090,61.22,121.00,0.008624
585.9202,5.9090,61.76,120.00,0.009040
585.9965,5.9090,61.49,120.00,0.008599
586.0761,5.9090,62.03,120.00,0.009033
586.1513,5.9090,62.03,120.50,0.008314
586.2269,5.9090,61.76,120.00,0.008173
586.3028,5.9090,61.76,120.00,0.008106
586.3791,5.9090,62.03,120.50,0.008527
586.4566,5.9090,62.30,120.00,0.008382
586.5334,5.9090,61.76,120.00,0.008771
586.6109,5.9090,61.76,120.00,0.008934
586.6879,5.9090,61.76,120.00,0.008692
586.7629,5.9090,61.76,120.00,0.008501
586.8424,5.9090,61.49,120.00,0.009121
586.9200,5.9090,61.49,120.00,0.008687
586.9965,5.9090,62.03,120.00,0.008766
587.0721,5.9090,61.76,120.00,0.008694
587.1489,5.9090,61.76,120.00,0.008620
587.2241,5.9090,61.22,121.00,0.008753
587.3037,5.9090,62.30,120.00,0.008691
587.3786,5.9090,61.22,120.00,0.008258
587.4562,5.9090,61.49,120.00,0.008807
587.5354,5.9090,61.49,120.00,0.009118
587.6128,5.8935,62.03,120.00,0.008758
587.6887,5.8780,61.76,120.00,0.008860
587.7665,5.8780,61.76,120.00,0.008526
587.8424,5.8780,61.22,120.00,0.008396
587.9194,5.8780,61.76,120.00,0.008711
587.9940,5.8780,61.49,120.50,0.007917
588.0750,5.8780,61.49,120.00,0.008323
588.1515,5.8780,62.03,120.00,0.008259
588.2290,5.9105,61.76,120.00,0.008751
588.3066,5.9430,61.22,120.00,0.008615
588.3840,5.9430,61.76,120.00,0.008724
588.4640,5.9430,61.76,120.00,0.008927
588.5412,5.9430,61.76,120.00,0.008920
588.6162,5.9430,62.03,120.00,0.008683
588.6959,5.9430,61.49,120.00,0.008945
588.7731,5.9430,61.49,120.00,0.008750
588.8519,5.9430,61.49,120.00,0.008600
588.9263,5.9430,61.22,120.00,0.007955
589.0020,5.9430,61.76,120.00,0.008114
589.0784,5.9430,61.22,120.00,0.008088
589.1546,5.9430,62.03,120.00,0.008239
589.2325,5.9485,61.49,120.00,0.009041
589.3113,5.9540,61.49,120.00,0.008658
589.3866,5.9540,61.49,120.00,0.008737
589.4641,5.9540,61.49,120.00,0.008852
589.5392,5.9540,62.03,120.00,0.008826
589.6166,5.9540,62.03,120.00,0.008492
589.6921,5.9540,61.76,120.00,0.008698
589.7713,5.9540,62.30,120.00,0.008962
589.8487,5.9540,61.49,120.00,0.008586
589.9258,5.9540,62.03,120.00,0.008583
590.0036,5.9540,61.49,120.00,0.008884
590.0805,5.9540,61.76,120.00,0.008466
590.1558,5.9540,61.76,120.00,0.008706
590.2357,5.9235,61.49,120.00,0.009111
590.3108,5.8930,61.76,120.00,0.008615
590.3866,5.8930,61.49,120.00,0.008290
590.4629,5.8930,61.76,120.00,0.008572
590.5388,5.8930,61.76,120.00,0.008605
590.6150,5.8930,61.22,120.00,0.008188
590.6922,5.8930,61.76,120.00,0.008751
590.7673,5.8930,61.76,119.50,0.008454
590.8446,5.8930,61.76,119.00,0.008647
590.9197,5.8930,61.22,119.00,0.008664
590.9985,5.8930,61.49,120.00,0.008912
591.0758,5.8930,61.49,120.00,0.008548
591.1554,5.8930,61.76,120.00,0.008846
591.2328,5.9085,61.76,120.00,0.008685
591.3114,5.9240,61.49,120.00,0.008198
591.3866,5.9240,62.30,120.00,0.008360
591.4678,5.9240,61.49,120.00,0.008574
591.5473,5.9240,61.76,120.00,0.008637
591.6239,5.9240,61.49,120.00,0.008906
591.6989,5.9240,62.03,120.00,0.008400
591.7784,5.9240,62.03,120.00,0.008589
591.8559,5.9240,61.49,120.00,0.008916
591.9354,5.9240,61.76,120.00,0.008955
592.0140,5.9240,61.76,120.00,0.008830
592.0913,5.9240,62.30,120.00,0.008217
592.1670,5.9240,62.03,120.00,0.008754
592.2452,5.8800,61.22,120.00,0.008898
592.3229,5.8360,61.76,120.00,0.008607
592.4002,5.8360,61.76,120.00,0.008758
592.4771,5.8360,61.76,119.00,0.008328
592.5565,5.8360,61.49,119.00,0.008403
592.6321,5.8360,61.22,119.00,0.008928
592.7110,5.8360,62.03,119.00,0.008469
592.7869,5.8360,62.03,119.00,0.008496
592.8642,5.8360,61.22,119.00,0.008446
592.9410,5.8360,62.03,119.00,0.009583
593.0181,5.8360,62.03,120.00,0.008578
593.0961,5.8360,61.49,120.00,0.008291
593.1770,5.8360,62.03,120.00,0.008600
593.2531,5.8950,61.76,120.00,0.008810
593.3353,5.9540,61.76,120.00,0.008708
593.4144,5.9540,61.49,120.00,0.008623
593.4941,5.9540,61.76,120.00,0.008862
593.5729,5.9540,62.03,120.00,0.008853
593.6501,5.9540,61.76,120.00,0.008807
593.7263,5.9540,61.49,120.00,0.008502
593.8042,5.9540,61.76,120.00,0.008674
593.8797,5.9540,61.49,120.00,0.008772
593.9594,5.9540,61.49,120.00,0.008739
594.0365,5.9540,61.76,120.00,0.008654
594.1154,5.9540,61.49,120.00,0.008341
594.1940,5.9540,62.30,120.00,0.008876
594.2724,5.8700,61.76,120.00,0.008904
594.3489,5.8700,62.30,120.00,0.008711
594.4291,5.8700,61.76,120.00,0.008939
594.5073,5.8700,62.30,120.00,0.008670
594.5870,5.8700,61.76,120.00,0.007909
594.6657,5.8700,61.49,120.00,0.008618
594.7483,5.8700,61.76,120.00,0.008820
594.8244,5.8700,61.22,120.00,0.008490
594.9020,5.8700,61.76,120.00,0.008608
594.9800,5.8700,61.22,120.00,0.008660
595.0599,5.8700,61.49,120.00,0.008582
595.1360,5.8700,61.22,120.00,0.008904
595.2186,5.8510,61.22,120.00,0.008972
595.2958,5.8320,61.49,120.00,0.009530
595.3750,5.8320,61.76,120.00,0.008332
595.4537,5.8320,61.49,120.00,0.008873
595.5342,5.8320,62.03,120.00,0.009193
595.6151,5.8320,61.49,120.00,0.008521
595.6983,5.8320,61.22,120.00,0.008726
595.7754,5.8320,61.49,120.00,0.008473
595.8553,5.8320,62.03,120.00,0.008699
595.9314,5.8320,62.03,120.00,0.008809
596.0097,5.8320,61.22,120.00,0.008739
596.0884,5.8320,61.76,120.00,0.008502
596.1659,5.8320,61.49,120.00,0.008278
596.2467,5.8380,61.76,120.00,0.008807
596.3249,5.8440,62.03,120.00,0.008950
596.3999,5.8440,62.03,120.00,0.008021
596.4762,5.8440,61.76,120.50,0.007976
596.5512,5.8440,61.76,121.00,0.007981
596.6274,5.8440,61.49,121.00,0.007953
596.7046,5.8440,61.76,121.00,0.008787
596.7811,5.8440,61.22,121.00,0.008205
596.8564,5.8440,62.03,121.00,0.008181
596.9323,5.8440,62.03,121.00,0.008308
597.0077,5.8440,61.22,121.00,0.008424
597.0881,5.8440,61.76,121.00,0.008707
597.1640,5.8440,62.03,121.00,0.008874
597.2454,5.8650,62.30,121.00,0.009242
597.3266,5.8860,61.76,121.00,0.008605
597.4074,5.8860,61.49,121.00,0.008482
597.4884,5.8860,61.22,121.00,0.008509
597.5707,5.8860,62.03,121.00,0.009105
597.6542,5.8860,62.03,121.00,0.009123
597.7376,5.8860,60.95,121.00,0.008673
597.8166,5.8860,61.76,121.00,0.009145
597.9006,5.8860,62.03,121.00,0.009211
597.9823,5.8860,61.76,121.00,0.009088
598.0658,5.8860,61.49,121.00,0.009001
598.1499,5.8860,61.22,121.00,0.008578
598.2318,5.8860,61.49,121.00,0.008369
598.3065,5.8860,61.76,121.00,0.008070
598.3859,5.8860,61.76,121.00,0.008217
598.4640,5.8055,61.76,121.00,0.008723
598.5419,5.7250,61.22,121.00,0.008428
598.6185,5.7250,62.30,121.00,0.008843
598.6956,5.7250,61.49,121.00,0.008933
598.7721,5.7250,61.76,121.00,0.009178
598.8495,5.7250,61.22,121.00,0.008579
598.9259,5.7250,61.49,121.00,0.008117
599.0040,5.7250,61.76,121.00,0.008007
599.0789,5.7250,61.76,121.00,0.008133
599.1554,5.7250,61.76,121.00,0.008231
599.2315,5.7975,61.76,121.00,0.008646
599.3110,5.8700,62.03,121.00,0.008383
599.3868,5.8700,61.49,121.50,0.008689
599.4644,5.8700,61.49,122.00,0.008507
599.5449,5.8700,61.22,122.00,0.008740
599.6227,5.8700,61.76,122.00,0.008520
599.6988,5.8700,61.76,122.00,0.008293
599.7817,5.8700,62.30,122.00,0.008484
599.8597,5.8700,62.03,122.00,0.008855
599.9399,5.8700,61.49,122.00,0.008779
600.0160,5.8700,62.30,122.00,0.008230
600.0940,5.8700,61.49,122.00,0.008556
600.1717,5.8700,61.22,122.00,0.009112
600.2573,5.8875,61.49,122.00,0.009187
600.3367,5.9050,61.76,122.00,0.008981
600.4193,5.9050,61.49,122.00,0.008701
600.4990,5.9050,61.22,122.00,0.008034
600.5765,5.9050,61.76,122.00,0.008031
600.6534,5.9050,61.76,122.00,0.008052
600.7308,5.9050,61.49,122.00,0.008460
600.8071,5.9050,62.03,122.00,0.008472
600.8888,5.9050,61.76,122.00,0.008255
600.9697,5.9050,61.49,122.00,0.009071
601.0455,5.9050,61.22,122.00,0.008011
601.1248,5.9050,61.49,122.00,0.008455
601.2023,5.9050,61.76,122.00,0.008441
601.2791,5.7520,62.03,122.00,0.008666
601.3594,5.7520,62.03,122.00,0.008571
601.4367,5.7520,61.22,122.00,0.009071
601.5163,5.7520,61.49,122.00,0.008855
601.5953,5.7520,61.49,122.00,0.008384
601.6724,5.7520,61.76,122.00,0.008396
601.7516,5.7520,61.22,122.00,0.008897
601.8314,5.7520,61.49,122.00,0.008400
601.9069,5.7520,61.49,122.00,0.008297
601.9846,5.7520,62.03,122.00,0.008799
602.0648,5.7520,61.49,122.00,0.008235
602.1420,5.7520,61.49,122.00,0.008645
602.2207,5.8170,62.03,122.00,0.008980
602.3002,5.8820,61.76,122.00,0.008108
602.3799,5.8820,61.49,122.00,0.009276
602.4597,5.8820,61.76,122.00,0.008870
602.5386,5.8820,61.49,122.00,0.008785
602.6188,5.8820,61.49,122.00,0.008884
602.6952,5.8820,61.49,122.00,0.008615
602.7753,5.8820,61.49,122.00,0.008475
602.8524,5.8820,61.76,122.00,0.008675
602.9314,5.8820,61.76,122.00,0.009022
603.0103,5.8820,61.22,122.00,0.008752
603.0917,5.8820,61.76,122.00,0.008710
603.1683,5.8820,61.76,122.00,0.008479
603.2485,5.8475,61.49,122.00,0.008261
603.3271,5.8130,61.22,122.00,0.008467
603.4060,5.8130,62.03,122.00,0.008343
603.4833,5.8130,62.03,122.00,0.008289
603.5619,5.8130,61.76,122.00,0.008298
603.6402,5.8130,62.03,122.00,0.008753
603.7198,5.8130,62.03,122.00,0.008505
603.7943,5.8130,61.76,122.00,0.008121
603.8710,5.8130,61.49,122.00,0.008320
603.9464,5.8130,61.76,122.00,0.008369
604.0235,5.8130,61.49,122.00,0.008455
604.0987,5.8130,61.22,122.00,0.008450
604.1782,5.8130,61.22,122.00,0.008616
604.2542,5.9280,62.30,122.00,0.008007
604.3306,5.9280,62.03,122.00,0.008177
604.4077,5.9280,61.76,122.00,0.008431
604.4839,5.9280,61.76,122.00,0.008097
604.5597,5.9280,61.49,122.00,0.008610
604.6350,5.9280,61.76,121.50,0.007967
604.7094,5.9280,62.03,122.00,0.007977
604.7860,5.9280,61.76,122.00,0.008668
604.8616,5.9280,61.76,122.00,0.008034
604.9377,5.9280,62.03,122.00,0.007984
605.0153,5.9280,61.22,122.00,0.008494
605.0921,5.9280,61.76,122.00,0.008566
605.1684,5.9280,61.49,122.00,0.008559
605.2490,5.9295,61.76,122.00,0.008681
605.3302,5.9310,62.03,121.50,0.008807
605.4060,5.9310,61.76,121.50,0.007912
605.4834,5.9310,61.76,121.00,0.008056
605.5590,5.9310,61.49,122.00,0.008086
605.6336,5.9310,62.03,121.00,0.007985
605.7126,5.9310,61.22,121.00,0.008608
605.7902,5.9310,61.22,121.00,0.008520
605.8678,5.9310,61.22,121.00,0.008876
605.9464,5.9310,62.30,121.00,0.008599
606.0235,5.9310,61.76,121.00,0.008496
606.1008,5.9310,61.49,121.00,0.008084
606.1790,5.9310,62.03,121.50,0.008159
606.2545,5.9310,61.22,121.00,0.008371
606.3326,5.8440,61.49,121.00,0.008461
606.4110,5.8440,61.76,121.00,0.008584
606.4893,5.8440,61.22,121.00,0.008650
606.5679,5.8440,61.76,121.00,0.008532
606.6484,5.8440,62.03,121.50,0.008477
606.7267,5.8440,62.03,122.00,0.008571
606.8052,5.8440,62.30,121.00,0.008936
606.8797,5.8440,61.49,121.00,0.008072
606.9593,5.8440,61.49,121.00,0.008108
607.0370,5.8440,61.22,121.00,0.008385
607.1194,5.8440,61.49,121.00,0.008691
607.1958,5.8440,62.03,121.00,0.008914
607.2764,5.8970,61.49,121.00,0.009190
607.3518,5.8970,61.49,121.00,0.008435
607.4343,5.8970,62.03,121.00,0.008680
607.5145,5.8970,62.30,121.00,0.009135
607.5925,5.8970,62.03,121.00,0.008416
607.6709,5.8970,62.03,121.00,0.008526
607.7508,5.8970,62.03,121.00,0.008347
607.8319,5.8970,61.76,121.00,0.009047
607.9118,5.8970,61.49,121.00,0.008865
607.9893,5.8970,61.49,121.00,0.008949
608.0696,5.8970,61.76,121.00,0.009059
608.1471,5.8970,61.49,121.00,0.008531
608.2273,5.9065,62.03,121.00,0.008888
608.3088,5.9160,62.30,121.00,0.008423
608.3888,5.9160,62.30,121.00,0.008546
608.4675,5.9160,61.76,121.00,0.008642
608.5462,5.9160,61.76,121.00,0.008728
608.6219,5.9160,62.03,121.00,0.008056
608.6988,5.9160,61.76,121.00,0.008194
608.7740,5.9160,61.76,121.00,0.008056
608.8511,5.9160,61.49,121.00,0.008333
608.9287,5.9160,61.22,121.00,0.008762
609.0088,5.9160,61.49,121.00,0.008472
609.0873,5.9160,61.76,121.00,0.008629
609.1670,5.9160,62.03,121.00,0.009027
609.2439,5.8815,61.76,121.00,0.009146
609.3215,5.8470,61.49,121.00,0.008026
609.3961,5.8470,61.76,121.00,0.008288
609.4754,5.8470,61.49,121.00,0.008277
609.5545,5.8470,61.22,121.00,0.008560
609.6323,5.8470,62.03,121.00,0.008781
609.7114,5.8470,61.49,121.00,0.008847
609.7924,5.8470,61.76,121.00,0.009139
609.8685,5.8470,61.49,121.00,0.008999
609.9556,5.8470,61.76,121.00,0.009176
610.0373,5.8470,62.03,121.00,0.009056
610.1227,5.8470,62.03,121.00,0.008779
610.2054,5.8470,61.22,121.00,0.009146
610.2882,5.8320,61.49,121.00,0.007972
610.3673,5.8320,61.49,121.00,0.008254
610.4480,5.8320,61.76,121.00,0.008162
610.5284,5.8320,61.49,121.00,0.009132
610.6065,5.8320,61.76,121.00,0.008297
610.6827,5.8320,61.49,121.00,0.008456
610.7632,5.8320,61.49,121.00,0.008460
610.8404,5.8320,61.76,121.00,0.008475
610.9206,5.8320,62.03,121.00,0.008468
610.9992,5.8320,61.76,121.00,0.008985
611.0764,5.8320,61.76,121.00,0.008427
611.1522,5.8320,61.76,121.00,0.008353
611.2298,5.8360,62.03,121.00,0.008688
611.3135,5.8400,61.22,121.00,0.008859
611.3921,5.8400,61.76,121.00,0.008527
611.4682,5.8400,61.22,121.00,0.008454
611.5464,5.8400,61.76,121.00,0.008478
611.6235,5.8400,61.49,121.00,0.008570
611.7031,5.8400,61.49,121.00,0.008544
611.7817,5.8400,61.49,121.00,0.008823
611.8599,5.8400,62.03,121.00,0.008028
611.9348,5.8400,61.49,121.00,0.008159
612.0108,5.8400,61.49,121.00,0.008165
612.0890,5.8400,62.03,121.00,0.009065
612.1649,5.8400,61.22,121.00,0.008044
612.2394,5.8400,61.76,121.00,0.008503
612.3155,5.8400,61.49,121.00,0.008192
612.3911,5.8610,61.49,121.00,0.008716
612.4703,5.8820,61.49,121.00,0.008428
612.5470,5.8820,61.76,121.00,0.008440
612.6292,5.8820,61.49,121.00,0.008587
612.7082,5.8820,62.03,121.00,0.009354
612.7887,5.8820,61.49,121.00,0.008765
612.8672,5.8820,61.76,121.00,0.008864
612.9440,5.8820,61.49,121.00,0.008227
613.0195,5.8820,62.03,121.00,0.008158
613.0985,5.8820,61.49,121.00,0.008318
613.1750,5.8820,61.22,121.00,0.008524
613.2554,5.8780,61.76,121.00,0.008363
613.3317,5.8740,61.49,121.00,0.008532
613.4092,5.8740,61.76,121.00,0.008238
613.4902,5.8740,61.22,120.00,0.008339
613.5678,5.8740,61.49,120.00,0.008853
613.6435,5.8740,62.03,120.50,0.008820
613.7240,5.8740,61.49,120.00,0.008723
613.7998,5.8740,61.49,120.50,0.008320
613.8793,5.8740,61.49,121.00,0.008412
613.9589,5.8740,61.76,121.00,0.008372
614.0406,5.8740,62.03,121.00,0.008411
614.1210,5.8740,62.03,120.50,0.008547
614.2038,5.8740,61.76,120.00,0.009057
614.2790,5.8740,61.76,120.00,0.008127
614.3557,5.8740,62.03,120.00,0.008482
614.4322,5.8740,62.03,120.00,0.008333
614.5130,5.8740,62.03,120.00,0.008385
614.5890,5.8740,61.22,120.00,0.008898
614.6686,5.8740,61.22,120.00,0.009147
614.7474,5.8740,61.76,121.00,0.008752
614.8247,5.8740,62.30,120.50,0.008633
614.9027,5.8740,61.49,120.00,0.008698
614.9799,5.8740,61.49,120.00,0.008818
615.0550,5.8740,61.76,120.00,0.008144
615.1326,5.8740,61.22,120.00,0.008314
615.2074,5.8740,61.49,120.00,0.008441
615.2864,5.8740,61.76,120.50,0.008647
615.3613,5.8740,61.49,120.00,0.008120
615.4398,5.8740,61.22,120.00,0.008365
615.5156,5.8915,61.49,120.50,0.008708
615.5965,5.9090,62.03,120.00,0.008558
615.6722,5.9090,61.76,120.00,0.008526
615.7517,5.9090,61.76,120.00,0.008920
615.8267,5.9090,61.49,120.00,0.008417
615.9043,5.9090,61.76,120.00,0.008481
615.9828,5.9090,62.30,120.00,0.008771
616.0601,5.9090,61.49,120.00,0.008183
616.1355,5.9090,62.03,120.00,0.008377
616.2150,5.9090,61.22,120.00,0.008389
616.2910,5.8590,61.76,120.00,0.008014
616.3703,5.8590,61.76,120.00,0.008715
616.4471,5.8590,62.03,120.00,0.008621
616.5278,5.8590,61.76,120.00,0.009085
616.6034,5.8590,61.49,120.00,0.008643
616.6831,5.8590,62.03,120.00,0.008622
616.7588,5.8590,61.76,120.50,0.008520
616.8386,5.8590,61.49,120.00,0.008601
616.9178,5.8590,61.49,120.00,0.008262
616.9959,5.8590,62.30,120.00,0.008110
617.0731,5.8590,61.76,120.00,0.008533
617.1547,5.8590,61.76,120.00,0.008633
617.2307,5.8420,62.03,120.00,0.008833
617.3082,5.8250,62.03,120.00,0.008749
617.3838,5.8250,62.03,120.00,0.008352
617.4630,5.8250,61.22,120.00,0.008328
617.5400,5.8250,61.49,120.00,0.009244
617.6204,5.8250,61.76,120.00,0.009189
617.6988,5.8250,61.49,120.00,0.008662
617.7767,5.8250,61.76,120.00,0.008829
617.8558,5.8250,62.03,120.00,0.008732
617.9351,5.8250,61.76,120.00,0.008602
618.0121,5.8250,61.76,120.00,0.008931
618.0914,5.8250,61.76,120.00,0.008774
618.1694,5.8250,61.76,120.00,0.008627
618.2496,5.8230,61.76,120.00,0.008703
618.3275,5.8210,62.03,120.00,0.008745
618.4063,5.8210,61.76,120.00,0.008023
618.4815,5.8210,61.22,120.00,0.008330
618.5604,5.8210,61.22,120.00,0.008100
618.6373,5.8210,61.76,120.00,0.008743
618.7182,5.8210,61.49,120.00,0.008720
618.7947,5.8210,61.22,120.00,0.008450
618.8746,5.8210,62.30,120.00,0.008369
618.9526,5.8210,61.76,120.00,0.008538
619.0302,5.8210,61.49,120.00,0.008356
619.1091,5.8210,61.49,120.00,0.008681
619.1867,5.8210,62.03,120.00,0.008443
619.2672,5.8890,62.03,120.00,0.008342
619.3440,5.8890,62.30,120.00,0.008137
619.4186,5.8890,62.03,120.00,0.008141
619.4953,5.8890,61.76,120.00,0.008193
619.5725,5.8890,62.30,120.00,0.008319
619.6499,5.8890,61.76,120.00,0.008379
619.7279,5.8890,61.76,119.50,0.008771
619.8088,5.8890,61.76,119.00,0.008384
619.8871,5.8890,62.03,119.00,0.008585
619.9643,5.8890,61.76,119.00,0.008285
620.0424,5.8890,61.49,119.50,0.008514
620.1247,5.8890,62.03,120.00,0.008853
620.2003,5.8890,61.76,120.00,0.008663
620.2803,5.8970,61.22,120.00,0.009074
620.3564,5.8970,61.49,119.50,0.008759
620.4363,5.8970,62.03,119.00,0.008890
620.5119,5.8970,61.22,119.00,0.008830
620.5914,5.8970,62.03,119.50,0.008603
620.6718,5.8970,61.49,120.00,0.008659
620.7514,5.8970,61.49,120.00,0.008973
620.8317,5.8970,62.03,120.00,0.008573
620.9108,5.8970,61.22,120.00,0.008616
620.9859,5.8970,61.49,120.00,0.008352
621.0621,5.8970,62.03,120.00,0.008063
621.1406,5.8970,61.49,120.00,0.008578
621.2203,5.9010,61.76,120.00,0.008687
621.2988,5.9050,61.76,120.00,0.008558
621.3800,5.9050,62.30,120.00,0.008812
621.4584,5.9050,62.03,120.00,0.008490
621.5372,5.9050,61.76,120.00,0.008868
621.6165,5.9050,61.49,119.50,0.008780
621.6963,5.9050,61.49,119.00,0.008572
621.7728,5.9050,61.22,119.00,0.008929
621.8508,5.9050,61.49,119.00,0.008883
621.9281,5.9050,62.30,119.00,0.008207
622.0055,5.9050,61.22,119.00,0.008491
622.0814,5.9050,61.49,119.00,0.008518
622.1614,5.9050,61.49,119.00,0.008482
622.2390,5.9050,61.76,119.50,0.008161
622.3150,5.9050,61.22,119.00,0.008374
622.3913,5.9050,62.03,119.00,0.008426
622.4680,5.9050,61.49,119.00,0.008220
622.5437,5.9050,61.76,119.00,0.008269
622.6241,5.9050,61.76,119.00,0.008894
622.7060,5.9050,61.49,119.00,0.008862
622.7902,5.9050,62.03,119.00,0.008639
622.8707,5.9050,61.49,119.00,0.008261
622.9479,5.9050,61.49,119.00,0.008091
623.0269,5.9050,61.49,119.00,0.007971
623.1079,5.9050,62.03,119.00,0.008967
623.1913,5.9050,61.49,119.00,0.009138
623.2769,5.9050,62.03,119.00,0.008990
623.3604,5.9050,61.22,119.00,0.008398
623.4442,5.9050,61.49,119.00,0.009093
623.5272,5.8685,61.49,119.00,0.008949
623.6137,5.8320,61.49,119.00,0.009221
623.6961,5.8320,61.49,119.00,0.009279
623.7803,5.8320,61.76,119.00,0.009609
623.8646,5.8320,61.49,119.00,0.009206
623.9497,5.8320,61.22,119.00,0.008741
624.0340,5.8320,61.76,119.00,0.008914
624.1207,5.8320,61.22,120.00,0.008715
624.2022,5.8320,61.49,120.00,0.008590
624.2866,5.6600,61.76,119.00,0.008458
624.3706,5.6600,61.76,119.00,0.008528
624.4590,5.6600,61.49,119.00,0.009178
624.5442,5.6600,61.49,119.50,0.008165
624.6275,5.6600,61.76,120.00,0.008705
624.7136,5.6600,62.03,120.00,0.009525
624.8026,5.6600,61.49,119.50,0.009050
624.8885,5.6600,61.49,119.00,0.009708
624.9773,5.6600,61.49,119.00,0.009022
625.0595,5.6600,62.03,119.00,0.008238
625.1393,5.6600,61.22,119.00,0.008153
625.2145,5.6600,61.76,119.00,0.008551
625.2927,5.6600,61.76,119.00,0.008507
625.3771,5.6380,61.76,119.00,0.009034
625.4619,5.6380,61.22,119.00,0.008948
625.5388,5.6380,61.22,119.00,0.008542
625.6193,5.6380,62.30,119.00,0.008600
625.6968,5.6380,62.03,119.00,0.008553
625.7793,5.6380,61.49,119.00,0.008610
625.8630,5.6380,61.76,119.00,0.008447
625.9477,5.6380,61.49,119.00,0.009377
626.0270,5.6380,61.49,119.00,0.008081
626.1044,5.6380,62.03,119.00,0.008397
626.1823,5.6380,61.76,120.00,0.008208
626.2614,5.6380,61.76,120.00,0.009257
626.3456,5.7020,61.49,120.00,0.009200
626.4255,5.7020,62.03,119.00,0.008616
626.5032,5.7020,61.76,119.00,0.008418
626.5826,5.7020,61.49,119.00,0.008756
626.6646,5.7020,61.22,120.00,0.009168
626.7462,5.7020,61.76,120.00,0.008478
626.8292,5.7020,61.22,120.00,0.008989
626.9127,5.7020,61.76,120.00,0.008888
626.9943,5.7020,61.49,120.00,0.008971
627.0781,5.7020,61.49,119.50,0.008856
627.1600,5.7020,62.30,119.00,0.009301
627.2457,5.7615,62.03,119.00,0.008932
627.3271,5.8210,61.22,119.00,0.008998
627.4124,5.8210,61.76,119.00,0.008644
627.4911,5.8210,61.76,120.00,0.008200
627.5684,5.8210,61.49,120.00,0.008196
627.6448,5.8210,61.22,120.00,0.008319
627.7246,5.8210,62.03,119.50,0.008350
627.8075,5.8210,61.76,119.00,0.008595
627.8932,5.8210,61.22,119.00,0.008951
627.9745,5.8210,62.03,119.00,0.009192
628.0571,5.8210,62.03,119.00,0.008794
628.1389,5.8210,61.49,119.00,0.009257
628.2207,5.7655,62.03,119.00,0.009216
628.3007,5.7100,62.03,119.50,0.008864
628.3852,5.7100,61.22,119.50,0.008743
628.4643,5.7100,61.22,119.00,0.008582
628.5483,5.7100,61.22,119.00,0.008950
628.6295,5.7100,61.76,119.00,0.008264
628.7128,5.7100,61.76,119.50,0.008956
628.7935,5.7100,61.49,119.50,0.008624
628.8785,5.7100,61.76,120.00,0.009068
628.9595,5.7100,61.49,120.00,0.008725
629.0464,5.7100,61.22,120.00,0.009236
629.1284,5.7100,61.76,120.00,0.008767
629.2149,5.7175,61.22,119.50,0.009612
629.2992,5.7250,61.76,119.50,0.009270
629.3840,5.7250,61.49,119.00,0.008914
629.4643,5.7250,61.76,119.50,0.008280
629.5423,5.7250,61.22,120.00,0.008999
629.6202,5.7250,62.03,120.00,0.008844
629.6984,5.7250,61.49,120.00,0.009002
629.7742,5.7250,61.76,120.00,0.008572
629.8569,5.7250,61.76,120.00,0.008851
629.9345,5.7250,61.49,119.50,0.008245
630.0123,5.7250,61.49,119.50,0.008508
630.0908,5.7250,62.03,119.00,0.008956
630.1685,5.7250,61.76,119.50,0.008525
630.2482,5.7785,61.49,119.00,0.009073
630.3276,5.8320,61.76,119.50,0.008221
630.4035,5.8320,61.49,119.50,0.008687
630.4830,5.8320,61.49,119.00,0.008873
630.5594,5.8320,61.76,119.00,0.008485
630.6388,5.8320,61.49,119.50,0.008855
630.7147,5.8320,61.76,120.00,0.008409
630.7925,5.8320,61.49,119.00,0.008254
630.8726,5.8320,61.49,120.00,0.009479
630.9570,5.8320,61.49,120.00,0.008790
631.0385,5.8320,61.76,120.00,0.009387
631.1238,5.8320,61.22,120.00,0.008936
631.2022,5.8320,61.76,120.00,0.009043
631.2793,5.8320,61.76,120.00,0.008361
631.3560,5.7830,62.03,120.00,0.008843
631.4360,5.7830,61.22,120.00,0.008466
631.5151,5.7830,61.49,120.00,0.008598
631.5951,5.7830,61.76,120.00,0.008613
631.6709,5.7830,61.49,120.00,0.008635
631.7521,5.7830,61.76,120.00,0.008715
631.8289,5.7830,61.22,120.00,0.008989
631.9084,5.7830,61.49,120.00,0.008422
631.9879,5.7830,61.49,120.00,0.009130
632.0672,5.7830,61.76,121.00,0.008426
632.1432,5.7830,61.22,121.00,0.008416
632.2233,5.8095,61.22,121.00,0.008690
632.2982,5.8360,61.76,121.00,0.008003
632.3756,5.8360,61.76,121.00,0.008375
632.4538,5.8360,61.22,121.00,0.008536
632.5318,5.8360,61.49,121.00,0.008263
632.6082,5.8360,62.03,121.00,0.008021
632.6885,5.8360,61.49,121.00,0.008183
632.7645,5.8360,61.49,121.00,0.008229
632.8448,5.8360,61.76,121.00,0.008691
632.9255,5.8360,61.22,121.00,0.008567
633.0075,5.8360,61.22,121.00,0.008060
633.0829,5.8360,62.30,121.00,0.008551
633.1607,5.8360,62.03,121.00,0.008776
633.2393,5.8705,61.76,121.00,0.008646
633.3194,5.9050,61.49,121.00,0.008794
633.3952,5.9050,61.76,121.00,0.008629
633.4765,5.9050,61.76,121.00,0.009005
633.5529,5.9050,62.03,121.00,0.008780
633.6316,5.9050,62.30,121.00,0.009060
633.7075,5.9050,61.76,121.00,0.008195
633.7869,5.9050,62.03,121.00,0.008188
633.8629,5.9050,61.49,121.00,0.008130
633.9418,5.9050,61.49,121.00,0.008273
634.0194,5.9050,61.76,121.00,0.008497
634.0992,5.9050,62.03,121.00,0.008639
634.1764,5.9050,61.49,121.00,0.008579
634.2527,5.9050,61.49,121.00,0.008449
634.3327,5.7980,62.03,121.00,0.008853
634.4126,5.7980,62.03,121.00,0.009085
634.4917,5.7980,62.30,121.00,0.008815
634.5713,5.7980,61.49,121.00,0.008073
634.6470,5.7980,62.03,121.00,0.008170
634.7273,5.7980,61.76,121.00,0.008676
634.8028,5.7980,61.76,121.00,0.008447
634.8806,5.7980,61.49,121.00,0.008313
634.9559,5.7980,62.03,121.00,0.008579
635.0331,5.7980,62.30,121.00,0.008633
635.1107,5.7980,61.76,121.00,0.008676
635.1904,5.7980,61.49,121.00,0.008419
635.2703,5.9090,61.76,121.00,0.008677
635.3469,5.9090,62.30,121.00,0.008346
635.4250,5.9090,62.03,121.00,0.008593
635.5052,5.9090,61.49,121.00,0.008286
635.5839,5.9090,62.03,121.00,0.008871
635.6643,5.9090,61.76,121.00,0.009037
635.7400,5.9090,61.49,121.00,0.008441
635.8158,5.9090,62.03,121.00,0.008173
635.8901,5.9090,61.76,121.00,0.008030
635.9665,5.9090,61.49,121.00,0.008031
636.0433,5.9090,62.30,121.00,0.008067
636.1194,5.9090,61.76,121.00,0.008326
636.1984,5.9090,61.76,121.00,0.008862
636.2767,5.8630,61.76,122.00,0.008605
636.3546,5.8630,61.76,122.00,0.008255
636.4306,5.8630,61.76,122.00,0.008451
636.5071,5.8630,62.03,122.00,0.008260
636.5838,5.8630,61.76,122.00,0.008133
636.6598,5.8630,61.76,122.00,0.008696
636.7364,5.8630,61.76,122.00,0.008241
636.8153,5.8630,61.76,122.00,0.008791
636.8946,5.8630,61.76,122.00,0.008658
636.9702,5.8630,61.76,122.00,0.008451
637.0545,5.8630,61.76,122.00,0.008482
637.1363,5.8630,62.03,122.00,0.009165
637.2213,5.8630,61.49,122.00,0.009033
637.3031,5.8740,61.49,122.00,0.008506
637.3799,5.8740,61.49,122.00,0.008148
637.4554,5.8740,62.03,122.00,0.008208
637.5376,5.8740,61.22,122.00,0.008781
637.6215,5.8740,61.22,122.00,0.009049
637.7040,5.8740,61.22,122.00,0.009190
637.7886,5.8740,62.03,122.00,0.009681
637.8735,5.8740,61.49,122.00,0.008965
637.9543,5.8740,61.22,122.00,0.008626
638.0401,5.8740,61.49,122.00,0.009121
638.1231,5.8740,61.76,122.00,0.008699
638.2041,5.8740,62.03,122.00,0.008162
638.2790,5.8740,61.49,122.00,0.007995
638.3574,5.8740,61.76,122.00,0.008070
638.4344,5.8740,61.76,122.00,0.008104
638.5202,5.8470,61.22,122.00,0.008525
638.6041,5.8470,61.49,122.00,0.009129
638.6878,5.8470,61.76,122.00,0.009274
638.7684,5.8470,61.49,122.00,0.008951
638.8513,5.8470,62.03,122.00,0.009165
638.9332,5.8470,61.22,122.00,0.008924
639.0173,5.8470,61.22,122.00,0.009231
639.1010,5.8470,62.30,122.00,0.008520
639.1843,5.8470,61.49,122.00,0.009239
639.2702,5.7790,61.76,122.00,0.009173
639.3557,5.7790,62.03,122.00,0.008945
639.4379,5.7790,61.22,122.00,0.009438
639.5222,5.7790,61.49,122.00,0.008520
639.6044,5.7790,61.76,122.00,0.008455
639.6882,5.7790,61.49,122.00,0.008995
639.7740,5.7790,61.49,122.00,0.009392
639.8550,5.7790,61.76,122.00,0.008942
639.9388,5.7790,61.49,122.00,0.009044
640.0229,5.7790,62.03,122.00,0.008916
640.1053,5.7790,62.03,122.00,0.009098
640.1868,5.7790,61.49,122.00,0.008126
640.2712,5.7465,62.03,122.00,0.009196
640.3574,5.7140,61.49,122.00,0.008741
640.4386,5.7140,61.22,122.00,0.008886
640.5218,5.7140,61.22,123.00,0.007952
640.5987,5.7140,61.49,123.00,0.008045
640.6786,5.7140,61.49,123.00,0.008027
640.7589,5.7140,61.22,123.00,0.008217
640.8445,5.7140,61.76,123.00,0.008651
640.9280,5.7140,61.76,122.00,0.009116
641.0120,5.7140,61.49,122.00,0.009365
641.0933,5.7140,61.22,122.00,0.009170
641.1771,5.7140,61.76,122.00,0.008962
641.2615,5.7290,61.76,122.50,0.008546
641.3448,5.7290,61.49,122.00,0.008291
641.4236,5.7290,61.49,122.00,0.009326
641.5009,5.7290,61.49,122.50,0.008165
641.5813,5.7290,61.22,122.50,0.008535
641.6668,5.7290,61.49,122.50,0.008678
641.7516,5.7290,61.49,122.00,0.008748
641.8384,5.7290,61.22,122.00,0.008932
641.9204,5.7290,62.03,122.50,0.009141
642.0046,5.7290,61.49,123.00,0.008831
642.0869,5.7290,61.49,123.00,0.008850
642.1713,5.7290,61.22,123.00,0.008688
642.2482,5.6870,62.03,122.50,0.008268
642.3296,5.6450,61.76,122.00,0.008466
642.4090,5.6450,61.49,122.00,0.008373
642.4909,5.6450,61.76,122.00,0.008634
642.5702,5.6450,61.49,122.00,0.008382
642.6503,5.6450,61.76,122.50,0.008957
642.7297,5.6450,61.49,123.00,0.009067
642.8107,5.6450,62.03,123.00,0.008630
642.8880,5.6450,61.49,122.50,0.008522
642.9670,5.6450,61.76,122.00,0.008701
643.0467,5.6450,61.49,122.00,0.008710
643.1268,5.6450,61.49,122.00,0.008101
643.2080,5.6450,61.49,122.00,0.008493
643.2875,5.6450,61.76,122.00,0.008239
643.3627,5.6450,61.49,122.00,0.008384
643.4400,5.6450,61.76,122.00,0.008471
643.5182,5.7865,61.49,122.00,0.008613
643.5998,5.9280,62.30,122.00,0.008666
643.6785,5.9280,61.49,122.00,0.008523
643.7590,5.9280,61.76,122.00,0.008682
643.8358,5.9280,61.76,122.00,0.008789
643.9148,5.9280,61.49,122.00,0.008674
643.9922,5.9280,61.49,122.00,0.008814
644.0731,5.9280,62.03,122.00,0.008590
644.1514,5.9280,62.03,122.00,0.008219
644.2301,5.9280,61.22,122.00,0.008574
644.3074,5.9280,61.49,122.00,0.008441
644.3859,5.9280,62.30,122.00,0.008534
644.4634,5.9280,61.49,122.00,0.008961
644.5450,5.9280,62.03,122.00,0.008660
644.6212,5.9280,61.49,122.00,0.008132
644.6995,5.9280,61.76,122.00,0.008309
644.7766,5.9280,61.49,122.00,0.007988
644.8537,5.9280,61.76,122.00,0.008283
644.9318,5.9280,61.49,122.00,0.008169
645.0122,5.9280,61.76,122.00,0.008718
645.0933,5.9280,62.03,122.00,0.008523
645.1714,5.9280,61.49,122.00,0.008603
645.2509,5.9280,62.03,122.00,0.008513
645.3290,5.9280,61.22,122.00,0.008804
645.4074,5.9280,61.49,122.00,0.008360
645.4863,5.9280,61.76,122.00,0.008387
645.5672,5.9280,62.03,122.00,0.008498
645.6477,5.9280,61.49,122.00,0.008559
645.7250,5.9280,61.49,122.00,0.008840
645.8072,5.9280,61.76,122.00,0.008641
645.8858,5.9280,61.49,122.00,0.008663
645.9642,5.9280,61.49,122.00,0.008802
646.0410,5.9280,62.30,122.00,0.008592
646.1231,5.9280,61.49,122.00,0.008228
646.1982,5.9280,61.49,122.00,0.008049
646.2751,5.9280,61.49,122.00,0.008146
646.3524,5.8820,61.49,122.00,0.008424
646.4365,5.8360,62.03,122.00,0.009107
646.5181,5.8360,61.49,122.00,0.008779
646.5964,5.8360,62.03,122.00,0.008593
646.6751,5.8360,61.76,122.00,0.008600
646.7561,5.8360,61.49,122.00,0.008822
646.8325,5.8360,61.76,122.00,0.008396
646.9149,5.8360,61.49,122.00,0.008395
646.9943,5.8360,61.22,122.00,0.008661
647.0725,5.8360,62.03,122.00,0.008277
647.1515,5.8360,61.76,122.00,0.008814
647.2329,5.8380,62.03,122.00,0.008842
647.3110,5.8400,62.03,122.00,0.008859
647.3907,5.8400,61.76,122.00,0.008076
647.4663,5.8400,61.49,122.00,0.007969
647.5435,5.8400,61.76,122.00,0.008277
647.6186,5.8400,61.49,122.00,0.007974
647.6995,5.8400,61.49,122.00,0.009027
647.7763,5.8400,61.76,122.00,0.008238
647.8591,5.8400,61.76,122.00,0.008623
647.9362,5.8400,61.76,122.00,0.008496
648.0147,5.8400,61.49,122.00,0.008443
648.0942,5.8400,61.76,122.00,0.008776
648.1747,5.8400,62.30,122.00,0.008627
648.2503,5.8400,61.76,122.00,0.008198
648.3315,5.8400,62.30,122.00,0.008232
648.4077,5.8400,62.03,122.00,0.008650
648.4897,5.8400,61.76,122.00,0.008710
648.5718,5.8400,61.76,122.00,0.009060
648.6553,5.8400,61.22,122.00,0.008581
648.7401,5.8400,61.22,122.00,0.009221
648.8252,5.8400,61.49,121.50,0.008756
648.9052,5.8400,62.03,122.00,0.008897
648.9872,5.8400,61.76,122.00,0.008682
649.0670,5.8400,61.22,122.00,0.008011
649.1444,5.8400,61.22,122.00,0.008302
649.2205,5.8400,61.22,122.00,0.008166
649.2988,5.8400,61.22,122.00,0.008221
649.3800,5.7710,61.76,122.00,0.008934
649.4666,5.7020,61.49,122.00,0.009132
649.5490,5.7020,61.49,122.00,0.008536
649.6329,5.7020,61.49,122.00,0.008527
649.7171,5.7020,61.76,122.00,0.008685
649.8035,5.7020,62.03,122.00,0.008545
649.8873,5.7020,61.49,122.00,0.008366
649.9725,5.7020,61.49,122.00,0.009293
650.0545,5.7020,62.03,122.00,0.008952
650.1371,5.7020,61.76,122.00,0.008850
650.2205,5.7310,61.22,121.50,0.009514
650.3046,5.7600,61.22,121.00,0.008412
650.3851,5.7600,61.49,121.00,0.009203
650.4672,5.7600,61.76,121.00,0.008562
650.5499,5.7600,61.49,121.00,0.009010
650.6367,5.7600,61.49,121.00,0.009144
650.7189,5.7600,61.76,121.00,0.009049
650.8029,5.7600,61.22,121.00,0.008580
650.8850,5.7600,61.76,121.00,0.008765
650.9695,5.7600,61.49,121.00,0.008734
651.0484,5.7600,61.49,121.00,0.008210
651.1294,5.7600,61.49,121.00,0.008665
651.2120,5.7600,61.22,121.50,0.009095
651.2958,5.8360,61.49,121.00,0.008526
651.3787,5.8360,61.49,121.00,0.008375
651.4654,5.8360,61.76,121.00,0.008364
651.5472,5.8360,61.22,121.00,0.009088
651.6322,5.8360,61.49,121.00,0.009308
651.7159,5.8360,61.49,121.00,0.009117
651.7988,5.8360,62.03,121.00,0.008614
651.8828,5.8360,61.22,121.00,0.009179
651.9675,5.8360,61.49,121.00,0.008895
652.0488,5.8360,62.03,121.00,0.008853
652.1310,5.8360,61.76,121.00,0.008163
652.2060,5.8360,61.49,121.00,0.008283
652.2828,5.8360,61.49,121.00,0.007949
652.3641,5.8440,61.49,121.00,0.009408
652.4499,5.8440,61.49,121.00,0.009111
652.5325,5.8440,62.03,121.00,0.009122
652.6155,5.8440,61.22,121.00,0.008866
652.6941,5.8440,61.76,121.00,0.008195
652.7711,5.8440,61.49,121.00,0.008102
652.8460,5.8440,61.49,121.00,0.008100
652.9281,5.8440,61.76,121.00,0.008597
653.0086,5.8440,61.22,121.00,0.009157
653.0951,5.8440,61.49,121.00,0.009090
653.1770,5.8440,61.76,121.00,0.008854
653.2627,5.7830,62.03,121.00,0.008895
653.3438,5.7830,61.22,121.00,0.008767
653.4278,5.7830,61.76,121.00,0.008667
653.5115,5.7830,61.22,121.00,0.008530
653.5962,5.7830,61.49,121.00,0.009208
653.6761,5.7830,61.76,121.00,0.008658
653.7612,5.7830,61.49,121.00,0.008985
653.8427,5.7830,61.76,121.00,0.008946
653.9248,5.7830,61.76,121.00,0.008742
654.0064,5.7830,62.03,121.00,0.008816
654.0900,5.7830,61.76,121.00,0.009231
654.1719,5.7830,61.76,121.00,0.009076
654.2587,5.7390,61.76,121.00,0.008836
654.3402,5.6950,61.76,121.00,0.008755
654.4272,5.6950,61.76,121.00,0.009474
654.5109,5.6950,62.03,121.00,0.009029
654.5933,5.6950,61.49,121.00,0.008557
654.6770,5.6950,61.22,121.00,0.008661
654.7605,5.6950,61.76,121.00,0.008657
654.8420,5.6950,61.49,121.00,0.008530
654.9261,5.6950,61.22,121.00,0.009187
655.0078,5.6950,61.76,120.50,0.008747
655.0937,5.6950,61.76,121.00,0.009189
655.1751,5.6950,61.49,121.00,0.008635
655.2539,5.6950,61.49,121.00,0.008503
655.3317,5.6950,61.49,121.00,0.008480
655.4164,5.6930,61.76,121.00,0.008475
655.4988,5.6910,61.22,121.00,0.008563
655.5822,5.6910,61.76,121.00,0.008592
655.6635,5.6910,61.76,121.00,0.008404
655.7475,5.6910,61.49,121.00,0.009308
655.8282,5.6910,61.49,121.00,0.008447
655.9118,5.6910,62.03,121.00,0.008986
655.9959,5.6910,61.49,121.00,0.009025
656.0795,5.6910,61.76,121.00,0.009048
656.1564,5.6910,61.22,121.00,0.008058
656.2367,5.6910,61.22,121.00,0.008307
656.3175,5.7290,61.76,121.00,0.009129
656.3985,5.7670,61.49,121.00,0.008255
656.4738,5.7670,61.49,121.00,0.008218
656.5519,5.7670,61.76,120.00,0.008106
656.6289,5.7670,61.49,120.00,0.009551
656.7148,5.7670,61.76,120.00,0.008541
656.7901,5.7670,61.22,120.50,0.007976
656.8703,5.7670,61.22,120.00,0.008443
656.9481,5.7670,61.49,120.00,0.008588
657.0291,5.7670,61.22,120.50,0.008548
657.1133,5.7670,61.49,120.00,0.008533
657.1981,5.7670,61.22,120.00,0.009056
657.2748,5.8510,61.76,120.50,0.008729
657.3549,5.8510,61.49,120.00,0.008524
657.4329,5.8510,61.49,120.00,0.008360
657.5136,5.8510,61.76,121.00,0.008750
657.5907,5.8510,61.49,121.00,0.008706
657.6705,5.8510,61.22,121.00,0.008630
657.7481,5.8510,61.49,121.00,0.008705
657.8308,5.8510,61.49,121.00,0.007972
657.9069,5.8510,61.22,121.00,0.008822
657.9888,5.8510,61.49,120.00,0.008556
658.0681,5.8510,62.03,120.00,0.008988
658.1479,5.8510,61.49,120.00,0.008534
658.2268,5.8510,61.49,120.00,0.008593
658.3039,5.8510,61.22,120.00,0.008446
658.3821,5.8510,61.49,120.00,0.008850
658.4603,5.8510,61.22,120.00,0.008550
658.5366,5.8510,62.03,120.50,0.009028
658.6165,5.8510,61.76,120.00,0.009093
658.6926,5.8510,61.49,120.00,0.008482
658.7703,5.8510,61.22,120.00,0.008690
658.8467,5.8510,62.03,120.00,0.009079
658.9277,5.8510,61.76,120.00,0.008819
659.0042,5.8510,61.76,120.00,0.009092
659.0833,5.8510,62.03,120.00,0.008360
659.1628,5.8510,61.76,120.00,0.008410
659.2409,5.8510,61.22,120.00,0.008680
659.3159,5.8510,61.49,120.00,0.008494
659.3948,5.8510,61.76,120.00,0.008380
659.4698,5.8510,61.49,120.00,0.008522
659.5467,5.8340,62.03,120.50,0.008623
659.6271,5.8170,62.03,120.00,0.008909
659.7047,5.8170,61.49,120.00,0.008842
659.7826,5.8170,61.49,120.00,0.008611
659.8638,5.8170,61.76,120.00,0.008754
659.9396,5.8170,61.49,120.00,0.008435
660.0191,5.8170,61.22,120.00,0.008729
660.0981,5.8170,61.76,120.00,0.008713
660.1794,5.8170,61.22,120.50,0.008476
660.2597,5.8170,61.49,120.00,0.008711
660.3403,5.8170,61.76,120.00,0.008948
660.4168,5.8170,61.22,120.00,0.009031
660.4984,5.8170,61.49,120.00,0.008850
660.5750,5.8170,61.76,120.00,0.008791
660.6569,5.8170,62.03,120.00,0.009032
660.7379,5.8170,61.76,120.00,0.008412
660.8195,5.8170,62.03,120.00,0.008503
660.9037,5.8170,61.76,120.00,0.009035
660.9871,5.8170,61.49,120.00,0.008636
661.0722,5.8170,61.49,120.00,0.009218
661.1526,5.8170,61.49,120.00,0.008489
661.2363,5.8170,61.76,120.00,0.009379
661.3232,5.8170,61.76,119.50,0.008739
661.4048,5.8170,61.76,119.00,0.009258
661.4910,5.8170,61.22,120.00,0.008819
661.5732,5.8170,61.76,120.00,0.008832
661.6564,5.8170,61.49,120.00,0.008693
661.7357,5.8170,62.03,120.00,0.008801
661.8161,5.8170,61.49,120.00,0.008717
661.8989,5.8170,61.49,120.00,0.008952
661.9841,5.8170,61.49,120.00,0.009093
662.0654,5.8170,61.76,120.00,0.008689
662.1484,5.8170,61.49,120.00,0.009002
662.2304,5.7730,61.22,120.00,0.009553
662.3173,5.7290,62.03,120.00,0.008767
662.4011,5.7290,61.22,120.00,0.009035
662.4847,5.7290,61.22,120.00,0.009207
662.5662,5.7290,61.49,120.00,0.008821
662.6483,5.7290,61.22,120.00,0.009035
662.7302,5.7290,61.22,120.00,0.009000
662.8120,5.7290,61.49,120.00,0.008963
662.8911,5.7290,61.76,120.00,0.009411
662.9709,5.7290,62.03,120.00,0.008482
663.0469,5.7290,61.49,120.00,0.008381
663.1293,5.7290,61.22,120.00,0.008662
663.2071,5.7290,61.49,120.00,0.008240
663.2844,5.7290,61.49,120.00,0.008164
663.3606,5.7785,61.22,120.00,0.008375
663.4384,5.8280,61.76,119.50,0.008612
663.5141,5.8280,62.03,120.00,0.008222
663.5918,5.8280,61.76,120.00,0.008007
663.6657,5.8280,62.03,120.00,0.007978
663.7441,5.8280,61.22,120.00,0.009259
663.8226,5.8280,62.03,120.00,0.008770
663.9002,5.8280,62.03,120.00,0.008777
663.9763,5.8280,61.49,120.00,0.007952
664.0548,5.8280,62.03,120.00,0.008110
664.1321,5.8280,61.49,120.00,0.008994
664.2128,5.8280,62.30,120.00,0.008473
664.2914,5.8130,61.22,120.00,0.008974
664.3713,5.8130,61.76,120.00,0.008578
664.4467,5.8130,61.22,120.00,0.008127
664.5235,5.8130,62.03,119.50,0.008342
664.5984,5.8130,61.76,120.00,0.008358
664.6768,5.8130,61.22,119.00,0.008631
664.7560,5.8130,61.76,119.50,0.008853
664.8350,5.8130,61.22,119.00,0.008218
664.9101,5.8130,61.22,119.00,0.008290
664.9879,5.8130,62.03,119.00,0.008600
665.0650,5.8130,61.76,119.00,0.008782
665.1442,5.8130,61.22,119.00,0.008647
665.2236,5.8400,62.03,119.00,0.008810
665.3040,5.8670,61.76,119.00,0.008725
665.3814,5.8670,62.03,119.50,0.008886
665.4613,5.8670,61.22,120.00,0.008843
665.5390,5.8670,62.30,120.00,0.008784
665.6208,5.8670,61.49,120.00,0.008788
665.6995,5.8670,61.49,120.00,0.008735
665.7793,5.8670,61.49,120.00,0.008695
665.8564,5.8670,61.49,120.00,0.008579
665.9368,5.8670,61.49,120.00,0.009009
666.0127,5.8670,61.76,120.00,0.008496
666.0964,5.8670,61.49,120.00,0.009003
666.1759,5.8670,61.22,120.00,0.008841
666.2543,5.8170,61.22,120.00,0.008653
666.3322,5.7670,61.76,120.00,0.008803
666.4105,5.7670,61.49,120.00,0.008473
666.4859,5.7670,62.30,120.00,0.008081
666.5637,5.7670,61.49,120.00,0.008005
666.6400,5.7670,62.03,120.00,0.008602
666.7205,5.7670,61.22,120.00,0.009294
666.7997,5.7670,61.76,120.00,0.008380
666.8803,5.7670,62.30,120.00,0.008825
666.9587,5.7670,61.76,120.00,0.008712
667.0379,5.7670,61.49,120.00,0.008484
667.1141,5.7670,62.03,120.00,0.008078
667.1909,5.7670,62.03,120.00,0.008146
667.2706,5.8700,61.76,120.00,0.008562
667.3487,5.8700,62.03,120.00,0.008392
667.4268,5.8700,61.49,120.00,0.008810
667.5077,5.8700,61.49,120.00,0.009119
667.5833,5.8700,61.76,120.00,0.008160
667.6604,5.8700,61.76,120.00,0.008505
667.7369,5.8700,61.76,120.00,0.008753
667.8147,5.8700,61.76,120.00,0.008950
667.8909,5.8700,61.22,120.00,0.008729
667.9697,5.8700,61.76,120.00,0.008413
668.0480,5.8700,61.76,120.00,0.008916
668.1274,5.8700,62.03,120.00,0.008527
668.2060,5.8700,61.76,120.00,0.008192
668.2869,5.8700,62.03,120.00,0.008133
668.3637,5.8700,61.49,120.00,0.008400
668.4431,5.9025,62.03,120.00,0.009088
668.5203,5.9350,62.03,120.00,0.008505
668.5999,5.9350,61.76,120.00,0.008478
668.6794,5.9350,61.49,120.00,0.008666
668.7559,5.9350,62.03,120.00,0.008161
668.8313,5.9350,62.03,120.00,0.008436
668.9115,5.9350,61.49,120.00,0.008707
668.9911,5.9350,61.49,120.00,0.008323
669.0714,5.9350,61.76,120.00,0.008001
669.1499,5.9350,61.49,120.00,0.008500
669.2285,5.8720,61.76,120.00,0.009075
669.3070,5.8090,61.49,120.00,0.008857
669.3849,5.8090,62.30,120.00,0.008497
669.4640,5.8090,61.49,120.00,0.009021
669.5399,5.8090,62.03,120.00,0.008016
669.6152,5.8090,61.49,120.00,0.008220
669.6910,5.8090,61.49,120.00,0.008056
669.7685,5.8090,62.03,120.00,0.008562
669.8492,5.8090,61.76,120.00,0.008616
669.9271,5.8090,62.03,120.00,0.008698
670.0067,5.8090,62.03,120.00,0.008882
670.0832,5.8090,61.76,120.00,0.008653
670.1635,5.8090,61.49,120.00,0.008627
670.2398,5.8395,62.03,120.00,0.009244
670.3166,5.8700,62.03,120.00,0.008120
670.3908,5.8700,61.49,120.00,0.007903
670.4667,5.8700,61.22,120.00,0.007992
670.5438,5.8700,61.76,120.00,0.008698
670.6236,5.8700,61.49,119.50,0.008553
670.6993,5.8700,62.03,119.50,0.008690
670.7792,5.8700,61.49,119.50,0.008498
670.8551,5.8700,61.76,119.50,0.008423
670.9324,5.8700,61.76,119.50,0.007932
671.0104,5.8700,61.49,119.50,0.008443
671.0903,5.8700,61.76,120.00,0.008455
671.1687,5.8700,62.03,120.00,0.009036
671.2484,5.8700,61.76,120.00,0.008583
671.3256,5.8700,61.76,120.00,0.008238
671.4065,5.8700,61.76,120.00,0.008566
671.4885,5.8490,61.76,120.00,0.009158
671.5717,5.8280,61.22,120.00,0.008739
671.6525,5.8280,61.49,120.00,0.008238
671.7401,5.8280,61.49,120.00,0.008898
671.8234,5.8280,61.49,120.00,0.009352
671.9065,5.8280,61.49,120.00,0.008729
671.9884,5.8280,62.30,120.00,0.009297
672.0721,5.8280,61.49,120.00,0.009001
672.1500,5.8280,61.76,120.00,0.007959
672.2313,5.8280,61.22,120.00,0.008338
672.3080,5.8280,61.76,120.00,0.008402
672.3906,5.8395,61.22,120.00,0.008400
672.4672,5.8510,61.22,120.00,0.008739
672.5475,5.8510,61.49,120.00,0.008530
672.6310,5.8510,61.49,120.00,0.008566
672.7118,5.8510,61.49,120.00,0.008653
672.7911,5.8510,61.76,120.00,0.008715
672.8722,5.8510,61.49,120.00,0.008945
672.9511,5.8510,61.76,120.00,0.008544
673.0319,5.8510,61.76,120.00,0.007985
673.1087,5.8510,61.22,120.00,0.008504
673.1890,5.8510,61.49,120.00,0.008521
673.2707,5.8630,62.03,120.00,0.008460
673.3510,5.8630,61.22,120.00,0.008371
673.4310,5.8630,61.22,120.00,0.009462
673.5094,5.8630,61.76,120.00,0.008560
673.5912,5.8630,61.49,120.00,0.008604
673.6746,5.8630,62.03,120.00,0.008679
673.7542,5.8630,61.49,120.00,0.008547
673.8357,5.8630,61.22,120.00,0.008919
673.9126,5.8630,61.49,120.00,0.008801
673.9913,5.8630,61.76,120.00,0.008352
674.0669,5.8630,61.49,120.00,0.008187
674.1448,5.8630,61.76,120.00,0.008436
674.2242,5.8515,61.49,120.00,0.008795
674.3040,5.8400,61.76,120.00,0.008790
674.3813,5.8400,61.76,120.00,0.008643
674.4624,5.8400,61.76,120.00,0.008183
674.5393,5.8400,61.76,120.00,0.008566
674.6189,5.8400,61.49,120.00,0.008630
674.6979,5.8400,61.76,120.00,0.008820
674.7774,5.8400,61.76,120.00,0.009018
674.8542,5.8400,61.76,120.00,0.008602
674.9357,5.8400,62.03,120.00,0.008498
675.0150,5.8400,62.03,120.00,0.008363
675.0934,5.8400,61.49,120.00,0.008269
675.1723,5.8400,61.76,120.00,0.008641
675.2541,5.8590,61.76,120.00,0.008469
675.3317,5.8780,61.76,120.00,0.008744
675.4121,5.8780,61.49,120.00,0.008451
675.4914,5.8780,61.49,120.00,0.008692
675.5697,5.8780,61.76,120.00,0.008137
675.6468,5.8780,61.76,120.00,0.008117
675.7265,5.8780,61.76,120.00,0.008018
675.8027,5.8780,61.76,120.00,0.008251
675.8862,5.8780,61.49,120.00,0.008705
675.9674,5.8780,61.76,120.00,0.008405
676.0474,5.8780,62.03,120.00,0.008366
676.1240,5.8780,62.03,120.00,0.008964
676.2021,5.8780,61.49,120.00,0.008249
676.2791,5.8780,61.49,120.00,0.008584
676.3604,5.8835,61.49,120.00,0.008641
676.4405,5.8890,61.22,120.00,0.008739
676.5237,5.8890,61.76,120.00,0.008757
676.6035,5.8890,62.03,120.00,0.008746
676.6820,5.8890,62.30,120.00,0.008428
676.7586,5.8890,61.76,120.00,0.008303
676.8355,5.8890,61.76,120.00,0.008420
676.9106,5.8890,61.76,120.00,0.008165
676.9877,5.8890,61.49,120.00,0.008289
677.0648,5.8890,61.49,120.00,0.008458
677.1458,5.8890,62.30,120.00,0.008987
677.2250,5.8740,61.22,120.00,0.008859
677.3037,5.8590,61.76,120.00,0.008369
677.3822,5.8590,62.03,120.00,0.008584
677.4659,5.8590,61.76,120.00,0.009027
677.5432,5.8590,61.49,120.00,0.008853
677.6206,5.8590,61.76,120.00,0.008782
677.6966,5.8590,61.22,120.00,0.008449
677.7768,5.8590,62.03,120.00,0.008399
677.8556,5.8590,61.49,120.00,0.008615
677.9364,5.8590,62.03,120.00,0.008999
678.0152,5.8590,61.49,120.00,0.008701
678.0956,5.8590,62.03,120.00,0.008880
678.1748,5.8590,61.49,120.00,0.008704
678.2557,5.8435,61.76,120.00,0.008838
678.3328,5.8280,62.03,120.00,0.008522
678.4106,5.8280,61.49,120.00,0.008298
678.4863,5.8280,61.76,120.00,0.008140
678.5634,5.8280,62.03,120.00,0.008118
678.6398,5.8280,62.03,120.00,0.008402
678.7183,5.8280,61.49,120.00,0.008293
678.7981,5.8280,61.76,120.00,0.008987
678.8761,5.8280,62.03,120.00,0.008502
678.9556,5.8280,62.30,120.00,0.008904
679.0361,5.8280,61.49,120.00,0.008825
679.1153,5.8280,61.49,120.00,0.008637
679.1959,5.8280,61.76,120.00,0.008618
679.2751,5.9050,62.03,120.00,0.008502
679.3577,5.9050,61.22,120.00,0.008272
679.4369,5.9050,61.76,120.00,0.008442
679.5193,5.9050,61.49,120.00,0.008237
679.5961,5.9050,61.49,120.00,0.008973
679.6747,5.9050,61.76,120.00,0.008757
679.7520,5.9050,62.03,120.00,0.008871
679.8328,5.9050,61.49,120.00,0.008577
679.9109,5.9050,61.22,120.00,0.008234
679.9875,5.9050,61.49,120.00,0.008341
680.0630,5.9050,62.03,120.00,0.008449
680.1406,5.9050,61.22,120.00,0.008572
680.2174,5.9050,61.76,120.00,0.008558
680.2957,5.8280,61.76,120.00,0.008507
680.3747,5.8280,61.49,120.00,0.008982
680.4545,5.8280,61.22,120.00,0.008338
680.5310,5.8280,61.76,120.00,0.008318
680.6113,5.8280,61.76,120.00,0.008643
680.6878,5.8280,61.49,120.00,0.008159
680.7707,5.8280,61.49,120.00,0.008237
680.8481,5.8280,61.76,120.00,0.008784
680.9260,5.8280,61.49,120.00,0.008450
681.0047,5.8280,61.49,120.00,0.008500
681.0829,5.8280,61.49,120.00,0.008606
681.1613,5.8280,62.03,120.00,0.008439
681.2429,5.8415,62.03,120.00,0.008915
681.3211,5.8550,61.49,120.00,0.008509
681.4018,5.8550,61.76,120.00,0.008328
681.4792,5.8550,61.22,120.00,0.008594
681.5605,5.8550,61.49,120.00,0.008585
681.6388,5.8550,61.76,120.00,0.008256
681.7179,5.8550,61.76,120.00,0.008121
681.7934,5.8550,61.76,120.00,0.008006
681.8760,5.8550,61.49,120.00,0.008978
681.9546,5.8550,61.22,120.00,0.008197
682.0353,5.8550,62.30,120.00,0.008601
682.1119,5.8550,62.03,120.00,0.008630
682.1929,5.8550,61.22,120.00,0.008793
682.2704,5.8550,61.49,120.00,0.008312
682.3486,5.8550,62.03,120.00,0.008560
682.4271,5.8610,61.22,120.00,0.008666
682.5060,5.8670,61.49,120.00,0.008494
682.5852,5.8670,62.03,120.00,0.008976
682.6677,5.8670,61.76,120.00,0.009195
682.7473,5.8670,61.76,120.00,0.008593
682.8281,5.8670,61.49,120.00,0.008747
682.9075,5.8670,61.49,120.00,0.008614
682.9868,5.8670,61.49,120.00,0.008672
683.0645,5.8670,61.76,120.00,0.008572
683.1473,5.8670,61.22,120.00,0.008619
683.2247,5.8725,61.49,120.00,0.008223
683.3072,5.8780,61.76,120.00,0.008568
683.3871,5.8780,61.76,120.00,0.008657
683.4662,5.8780,61.76,120.00,0.008732
683.5455,5.8780,62.03,120.00,0.008675
683.6273,5.8780,61.76,120.00,0.008883
683.7068,5.8780,61.76,120.00,0.008562
683.7880,5.8780,61.49,120.00,0.008709
683.8679,5.8780,61.22,120.00,0.009018
683.9493,5.8780,62.03,120.00,0.008970
684.0283,5.8780,61.22,120.00,0.008387
684.1092,5.8780,61.49,120.00,0.008556
684.1869,5.8780,61.76,120.00,0.008968
684.2683,5.8280,61.76,120.00,0.008523
684.3473,5.8280,61.22,120.00,0.008733
684.4301,5.8280,61.49,120.00,0.008825
684.5070,5.8280,61.49,120.00,0.008560
684.5878,5.8280,61.76,120.00,0.009007
684.6641,5.8280,61.49,120.00,0.008850
684.7424,5.8280,62.03,120.00,0.008401
684.8190,5.8280,62.30,120.00,0.008789
684.8977,5.8280,61.22,120.00,0.008852
684.9749,5.8280,61.76,120.00,0.008667
685.0555,5.8280,61.49,120.00,0.008801
685.1329,5.8280,62.03,120.00,0.008757
685.2136,5.8280,61.49,120.00,0.008382
685.2959,5.8550,61.49,120.00,0.008728
685.3766,5.8550,61.49,120.00,0.008295
685.4585,5.8550,61.76,120.00,0.008791
685.5381,5.8550,61.49,120.00,0.008605
685.6151,5.8550,61.22,120.00,0.008810
685.6922,5.8550,61.49,120.00,0.007979
685.7677,5.8550,61.49,120.00,0.007953
685.8446,5.8550,62.30,120.00,0.008262
685.9209,5.8550,61.22,120.00,0.008865
686.0032,5.8550,61.22,120.00,0.008510
686.0781,5.8550,61.49,120.00,0.007923
686.1552,5.8550,61.49,120.00,0.008015
686.2313,5.8550,62.03,120.00,0.008807
686.3101,5.8475,61.49,120.00,0.008443
686.3915,5.8400,61.22,120.00,0.008572
686.4709,5.8400,61.76,120.00,0.008300
686.5466,5.8400,61.49,120.00,0.008236
686.6245,5.8400,62.30,120.00,0.008425
686.7032,5.8400,61.49,120.00,0.008424
686.7840,5.8400,62.03,120.00,0.008890
686.8611,5.8400,61.76,120.00,0.008996
686.9408,5.8400,62.30,120.00,0.008462
687.0188,5.8400,61.22,120.00,0.008603
687.0991,5.8400,62.03,120.00,0.008360
687.1769,5.8400,61.49,120.00,0.008365
687.2580,5.8250,62.30,120.00,0.008428
687.3352,5.8250,61.22,120.00,0.008672
687.4141,5.8250,62.30,120.00,0.008950
687.4916,5.8250,61.22,120.00,0.008692
687.5723,5.8250,61.76,120.00,0.008394
687.6485,5.8250,61.76,120.00,0.008105
687.7313,5.8250,61.49,120.00,0.008232
687.8101,5.8250,61.76,120.00,0.008505
687.8886,5.8250,61.76,120.00,0.008494
687.9673,5.8250,61.76,120.00,0.008532
688.0463,5.8250,62.03,120.00,0.007907
688.1218,5.8250,61.49,120.00,0.008088
688.1985,5.8250,61.22,120.00,0.007913
688.2742,5.8250,61.49,120.00,0.008241
688.3521,5.8460,61.22,120.00,0.008853
688.4314,5.8670,61.76,120.00,0.008878
688.5098,5.8670,61.76,120.00,0.008430
688.5867,5.8670,62.03,120.00,0.008733
688.6648,5.8670,62.30,120.00,0.008352
688.7417,5.8670,61.22,120.00,0.008246
688.8231,5.8670,61.49,120.00,0.008549
688.8988,5.8670,61.22,120.00,0.008184
688.9763,5.8670,62.03,120.00,0.008224
689.0532,5.8670,62.30,120.00,0.008837
689.1315,5.8670,61.76,120.00,0.008554
689.2087,5.8670,61.76,120.00,0.008534
689.2866,5.8670,61.49,120.00,0.008483
689.3674,5.8670,61.76,120.00,0.008490
689.4464,5.8670,61.76,120.00,0.008681
689.5232,5.8670,61.76,120.00,0.008698
689.6004,5.8670,61.49,120.00,0.008195
689.6788,5.8670,61.76,120.00,0.008304
689.7590,5.8670,61.49,120.00,0.008198
689.8364,5.8670,61.49,120.00,0.008878
689.9156,5.8670,61.49,120.00,0.009082
689.9940,5.8670,61.76,120.00,0.008257
690.0755,5.8670,61.49,120.00,0.008684
690.1525,5.8670,61.76,120.00,0.008737
690.2350,5.8670,61.49,120.00,0.008633
690.3141,5.8670,62.03,120.00,0.008342
690.3922,5.8670,61.49,120.00,0.008250
690.4711,5.8670,61.49,120.00,0.008309
690.5481,5.8670,61.76,120.00,0.008291
690.6235,5.8670,61.76,120.00,0.008259
690.7011,5.8670,61.22,120.00,0.008298
690.7819,5.8670,61.76,120.00,0.008687
690.8602,5.8670,61.76,120.00,0.008872
690.9374,5.8670,61.76,120.00,0.009099
691.0152,5.8670,62.03,120.00,0.008493
691.0943,5.8670,62.03,120.00,0.008487
691.1750,5.8670,61.76,120.00,0.008745
691.2524,5.8670,61.49,120.00,0.008551
691.3315,5.8970,62.03,120.00,0.008723
691.4110,5.8970,62.03,120.00,0.008692
691.4891,5.8970,61.76,120.00,0.008903
691.5682,5.8970,62.03,120.00,0.008792
691.6487,5.8970,61.49,120.00,0.008616
691.7279,5.8970,61.76,120.00,0.008798
691.8066,5.8970,61.76,120.00,0.008537
691.8858,5.8970,61.76,119.50,0.008968
691.9664,5.8970,61.49,120.00,0.008577
692.0454,5.8970,61.49,120.00,0.008381
692.1282,5.8970,61.49,120.00,0.008888
692.2048,5.8970,61.76,120.00,0.008631
692.2837,5.8700,61.49,120.00,0.008476
692.3605,5.8700,61.22,120.00,0.008256
692.4431,5.8700,61.76,120.00,0.008559
692.5224,5.8700,62.30,120.00,0.008748
692.6013,5.8700,62.03,120.00,0.008754
692.6784,5.8700,61.22,120.00,0.008498
692.7591,5.8700,61.76,120.00,0.008660
692.8361,5.8700,61.22,120.00,0.008437
692.9168,5.8700,61.22,120.00,0.008615
692.9957,5.8700,61.76,120.00,0.008220
693.0765,5.8700,61.49,120.00,0.008348
693.1554,5.8700,62.03,120.00,0.008502
693.2365,5.8875,62.03,120.00,0.008636
693.3146,5.9050,61.49,120.00,0.008880
693.3958,5.9050,61.22,120.00,0.009027
693.4733,5.9050,61.76,120.00,0.009176
693.5513,5.9050,61.49,120.00,0.008225
693.6310,5.9050,61.76,120.00,0.008715
693.7108,5.9050,62.03,120.00,0.008245
693.7858,5.9050,61.22,120.00,0.007985
693.8630,5.9050,61.22,120.00,0.008087
693.9433,5.9050,61.49,120.00,0.008588
694.0246,5.9050,61.49,120.00,0.008457
694.1064,5.9050,61.76,120.00,0.008889
694.1868,5.9050,62.03,120.00,0.008844
694.2681,5.8890,61.76,120.00,0.008363
694.3459,5.8890,61.22,120.00,0.008314
694.4258,5.8890,61.49,120.00,0.008910
694.5038,5.8890,61.76,120.00,0.008642
694.5821,5.8890,61.49,120.00,0.008154
694.6593,5.8890,61.49,120.00,0.008251
694.7358,5.8890,62.03,120.00,0.008396
694.8135,5.8890,62.30,120.00,0.008030
694.8914,5.8890,61.22,120.00,0.008419
694.9687,5.8890,61.76,120.00,0.008320
695.0467,5.8890,62.03,120.00,0.008456
695.1270,5.8890,62.03,120.00,0.008265
695.2081,5.8890,61.76,120.00,0.008012
695.2887,5.8890,61.49,120.00,0.008249
695.3645,5.8890,61.49,120.00,0.008381
695.4438,5.8890,61.76,120.00,0.008439
695.5215,5.8890,61.49,120.00,0.008013
695.6005,5.8890,61.49,120.00,0.008423
695.6762,5.8890,61.49,120.00,0.008082
695.7541,5.8890,61.49,120.00,0.008576
695.8316,5.8890,61.76,119.50,0.008685
695.9121,5.8890,61.76,120.00,0.008842
695.9890,5.8890,61.22,120.00,0.008729
696.0684,5.8890,62.30,120.00,0.008327
696.1478,5.8890,61.76,120.00,0.008517
696.2283,5.8700,61.49,120.00,0.008177
696.3074,5.8510,62.03,120.00,0.008732
696.3849,5.8510,61.49,120.00,0.007972
696.4624,5.8510,61.76,120.00,0.008181
696.5403,5.8510,61.22,120.00,0.008486
696.6186,5.8510,61.49,120.00,0.008524
696.6993,5.8510,61.76,120.00,0.008761
696.7765,5.8510,61.49,119.50,0.008974
696.8568,5.8510,61.22,119.50,0.008686
696.9344,5.8510,61.76,120.00,0.008060
697.0113,5.8510,61.76,120.00,0.008270
697.0869,5.8510,61.22,120.00,0.008383
697.1673,5.8510,61.76,120.00,0.008852
697.2443,5.8550,62.03,120.00,0.008592
697.3250,5.8590,61.76,120.00,0.008652
697.4038,5.8590,62.03,120.00,0.008719
697.4818,5.8590,61.49,120.00,0.008334
697.5604,5.8590,61.76,120.00,0.008256
697.6391,5.8590,62.03,120.00,0.008228
697.7167,5.8590,62.03,120.00,0.008120
697.7969,5.8590,61.76,120.00,0.008538
697.8763,5.8590,62.03,120.00,0.008605
697.9554,5.8590,62.03,120.00,0.008903
698.0320,5.8590,61.49,120.00,0.008427
698.1106,5.8590,61.22,120.00,0.008427
698.1918,5.8590,62.03,120.00,0.008727
698.2709,5.9240,61.76,120.00,0.008604
698.3479,5.9240,61.76,120.00,0.009050
698.4257,5.9240,61.49,120.00,0.008329
698.5031,5.9240,61.49,120.00,0.008505
698.5834,5.9240,62.03,120.00,0.008469
698.6608,5.9240,62.03,120.00,0.008114
698.7404,5.9240,61.76,120.00,0.008478
698.8165,5.9240,62.03,120.00,0.008276
698.8993,5.9240,61.76,120.00,0.008700
698.9769,5.9240,61.76,120.00,0.008618
699.0603,5.9240,61.76,120.00,0.008968
699.1399,5.9240,62.03,120.00,0.008523
699.2187,5.8955,61.76,120.00,0.008952
699.2999,5.8670,61.49,120.00,0.008834
699.3815,5.8670,61.22,120.00,0.009016
699.4591,5.8670,62.03,120.00,0.008601
699.5390,5.8670,61.22,120.00,0.007995
699.6148,5.8670,62.03,120.00,0.008462
699.6923,5.8670,61.49,120.00,0.008772
699.7690,5.8670,62.03,120.00,0.008657
699.8519,5.8670,61.76,120.00,0.008806
699.9312,5.8670,61.22,120.00,0.008678
700.0118,5.8670,61.22,120.00,0.008967
700.0877,5.8670,61.49,120.00,0.007977
700.1671,5.8670,61.22,120.00,0.008320
700.2422,5.8670,61.49,120.00,0.008071
700.3198,5.8670,61.22,120.00,0.008651
700.3999,5.8320,61.76,120.00,0.008719
700.4780,5.8320,62.03,120.00,0.008344
700.5572,5.8320,61.76,120.00,0.008584
700.6354,5.8320,61.76,120.00,0.008224
700.7173,5.8320,61.76,120.00,0.008702
700.7975,5.8320,61.22,120.00,0.008623
700.8751,5.8320,62.03,120.00,0.008923
700.9558,5.8320,61.49,120.00,0.008924
701.0355,5.8320,61.49,120.00,0.009127
701.1124,5.8320,62.03,120.00,0.008432
701.1878,5.8320,61.76,120.00,0.008414
701.2647,5.8320,62.03,120.00,0.008240
701.3439,5.8495,62.03,120.00,0.008818
701.4219,5.8670,61.49,120.00,0.008809
701.4974,5.8670,62.30,120.00,0.008090
701.5745,5.8670,61.76,120.00,0.008141
701.6503,5.8670,62.03,120.00,0.008274
701.7315,5.8670,61.76,120.00,0.008734
701.8087,5.8670,61.76,120.00,0.008604
701.8892,5.8670,62.03,120.00,0.008718
701.9690,5.8670,61.22,120.00,0.008558
702.0513,5.8670,61.49,120.00,0.008617
702.1282,5.8670,61.76,120.00,0.008557
702.2055,5.8670,61.22,120.00,0.007990
702.2812,5.8670,62.03,120.00,0.008167
702.3584,5.8670,61.49,120.00,0.008111
702.4340,5.8670,62.03,120.00,0.008235
702.5127,5.8890,62.03,120.00,0.008512
702.5921,5.8890,61.76,120.00,0.008898
702.6707,5.8890,61.22,120.00,0.008481
702.7480,5.8890,61.76,120.00,0.008685
702.8317,5.8890,61.76,120.00,0.008997
702.9080,5.8890,62.03,120.00,0.008414
702.9862,5.8890,61.49,120.00,0.008245
703.0676,5.8890,61.49,120.00,0.008902
703.1460,5.8890,61.76,120.00,0.008492
703.2235,5.8890,62.30,120.00,0.009071
703.3024,5.8020,61.49,120.00,0.008448
703.3798,5.8020,61.76,120.00,0.008978
703.4581,5.8020,62.03,120.00,0.008481
703.5346,5.8020,61.49,120.00,0.008640
703.6154,5.8020,61.49,120.00,0.008551
703.6967,5.8020,61.76,120.00,0.008817
703.7789,5.8020,61.49,120.00,0.008528
703.8563,5.8020,61.76,120.00,0.009153
703.9351,5.8020,62.03,120.00,0.008539
704.0120,5.8020,61.49,120.00,0.008422
704.0923,5.8020,62.30,120.00,0.008334
704.1718,5.8020,61.76,120.00,0.008730
704.2526,5.8150,62.30,120.00,0.008668
704.3322,5.8280,62.03,120.00,0.008114
704.4133,5.8280,62.03,120.00,0.008677
704.4930,5.8280,62.03,120.00,0.008503
704.5752,5.8280,61.49,120.00,0.008390
704.6548,5.8280,61.49,120.00,0.008873
704.7355,5.8280,61.49,120.00,0.008954
704.8126,5.8280,61.76,120.00,0.008520
704.8910,5.8280,62.03,120.00,0.008553
704.9683,5.8280,61.22,120.00,0.009084
705.0462,5.8280,61.49,120.00,0.008329
705.1234,5.8280,61.49,120.00,0.008593
705.2040,5.8280,62.03,120.00,0.008928
705.2808,5.8280,62.03,120.00,0.008513
705.3612,5.8280,62.03,120.00,0.008786
705.4383,5.8280,61.49,120.00,0.008555
705.5202,5.8280,61.76,120.00,0.008925
705.5996,5.8280,61.76,120.00,0.008720
705.6788,5.8280,61.49,120.00,0.008666
705.7557,5.8280,61.49,120.00,0.008489
705.8363,5.8280,62.30,120.00,0.008683
705.9154,5.8280,61.49,120.00,0.008523
705.9961,5.8280,61.22,120.00,0.008756
706.0712,5.8280,61.76,120.00,0.008317
706.1487,5.8280,62.03,120.00,0.008415
706.2272,5.8280,61.22,120.00,0.008506
706.3077,5.8280,61.76,120.00,0.008652
706.3846,5.8280,61.22,120.00,0.008625
706.4661,5.8490,61.76,120.00,0.008579
706.5434,5.8700,61.49,120.00,0.008553
706.6247,5.8700,62.30,120.00,0.009164
706.7037,5.8700,61.76,120.00,0.008880
706.7818,5.8700,61.49,120.00,0.008373
706.8585,5.8700,61.49,120.00,0.008599
706.9390,5.8700,61.22,120.00,0.008480
707.0182,5.8700,61.76,120.00,0.008665
707.0964,5.8700,61.76,120.00,0.008468
707.1752,5.8700,62.03,120.00,0.008710
707.2557,5.8455,61.49,120.00,0.008758
707.3326,5.8210,62.03,120.00,0.008380
707.4154,5.8210,61.76,120.00,0.008566
707.4923,5.8210,61.49,120.00,0.008390
707.5734,5.8210,61.76,120.00,0.008905
707.6522,5.8210,61.76,120.00,0.008950
707.7334,5.8210,62.03,120.00,0.009236
707.8105,5.8210,61.76,120.00,0.008612
707.8888,5.8210,62.03,120.00,0.008462
707.9702,5.8210,62.30,120.00,0.008777
708.0506,5.8210,61.76,120.00,0.008266
708.1274,5.8210,62.03,120.00,0.008291
708.2046,5.8210,61.76,120.00,0.008525
708.2803,5.8210,61.22,120.00,0.008212
708.3578,5.8210,61.49,120.00,0.008393
708.4355,5.9010,62.03,120.00,0.008404
708.5161,5.9010,61.76,120.00,0.008171
708.5982,5.9010,61.76,120.00,0.008704
708.6768,5.9010,62.30,120.00,0.008463
708.7557,5.9010,61.49,120.00,0.008779
708.8358,5.9010,61.76,120.00,0.008523
708.9157,5.9010,61.49,120.00,0.009075
708.9967,5.9010,61.76,120.00,0.008697
709.0746,5.9010,62.03,120.00,0.008078
709.1513,5.9010,61.76,120.00,0.008107
709.2269,5.9010,62.03,120.00,0.008093
709.3041,5.9010,61.76,120.00,0.008082
709.3835,5.8440,61.76,120.00,0.008457
709.4629,5.8440,61.49,120.00,0.008673
709.5416,5.8440,61.22,120.00,0.008533
709.6226,5.8440,62.03,120.00,0.008545
709.6985,5.8440,61.49,120.00,0.008417
709.7773,5.8440,61.49,120.00,0.009029
709.8563,5.8440,61.22,120.00,0.008786
709.9351,5.8440,62.03,120.00,0.008451
710.0120,5.8440,61.76,120.00,0.008234
710.0928,5.8440,61.49,120.00,0.008618
710.1723,5.8440,62.30,120.00,0.008887
710.2510,5.8170,61.49,120.00,0.008656
710.3324,5.7900,61.76,120.00,0.009372
710.4104,5.7900,61.76,120.00,0.008730
710.4879,5.7900,61.76,120.00,0.009106
710.5658,5.7900,61.76,120.00,0.008175
710.6433,5.7900,61.76,120.00,0.008888
710.7257,5.7900,61.76,120.00,0.008662
710.8055,5.7900,61.49,120.00,0.008853
710.8847,5.7900,62.03,120.00,0.008719
710.9648,5.7900,62.30,120.00,0.009198
711.0480,5.7900,61.76,120.00,0.009021
711.1275,5.7900,61.22,120.00,0.008735
711.2071,5.7900,61.49,120.00,0.009008
711.2846,5.7480,61.49,120.00,0.008511
711.3674,5.7480,61.76,120.00,0.008453
711.4450,5.7480,61.49,120.00,0.008828
711.5282,5.7480,61.22,120.00,0.008883
711.6073,5.7480,62.03,120.00,0.008563
711.6868,5.7480,61.76,120.00,0.008854
711.7626,5.7480,61.22,120.00,0.008230
711.8402,5.7480,61.76,120.00,0.008159
711.9161,5.7480,62.03,120.00,0.008305
711.9939,5.7480,61.49,120.00,0.008513
712.0757,5.7480,62.03,120.00,0.008607
712.1542,5.7480,61.49,120.00,0.008586
712.2346,5.7480,62.03,120.00,0.008154
712.3121,5.7480,61.76,120.00,0.008132
712.3919,5.8130,61.76,120.00,0.009469
712.4760,5.8780,61.22,120.00,0.009079
712.5548,5.8780,61.22,120.00,0.008401
712.6354,5.8780,61.76,120.00,0.008351
712.7125,5.8780,61.76,120.00,0.008851
712.7954,5.8780,61.49,120.00,0.008755
712.8726,5.8780,61.22,120.00,0.009079
712.9494,5.8780,61.49,120.00,0.007968
713.0267,5.8780,62.03,120.00,0.008125
713.1045,5.8780,61.76,120.00,0.008423
713.1821,5.8780,62.30,120.00,0.009156
713.2631,5.8510,62.03,120.00,0.008623
713.3403,5.8510,61.49,120.00,0.008765
713.4184,5.8510,61.76,120.00,0.008329
713.4947,5.8510,61.49,120.00,0.008305
713.5720,5.8510,61.76,120.00,0.008510
713.6474,5.8510,62.03,120.00,0.008013
713.7258,5.8510,62.30,120.00,0.008422
713.8033,5.8510,61.49,120.00,0.008797
713.8833,5.8510,61.76,120.00,0.008383
713.9619,5.8510,61.76,120.00,0.008636
714.0401,5.8510,61.22,120.00,0.008775
714.1193,5.8510,61.22,120.00,0.009012
714.1999,5.8510,62.30,120.00,0.008939
714.2795,5.8740,61.22,120.00,0.008939
714.3580,5.8740,61.22,120.00,0.008143
714.4378,5.8740,62.03,120.00,0.008447
714.5167,5.8740,61.49,120.00,0.008772
714.5955,5.8740,62.30,120.00,0.008432
714.6740,5.8740,61.76,120.00,0.008645
714.7515,5.8740,61.76,120.00,0.008598
714.8322,5.8740,61.49,120.00,0.009043
714.9109,5.8740,62.03,120.00,0.008491
714.9912,5.8740,61.76,120.00,0.008368
715.0685,5.8740,61.76,120.00,0.008562
715.1469,5.8740,61.76,120.00,0.008506
715.2241,5.8815,62.03,120.00,0.008715
715.3052,5.8890,61.49,120.00,0.008950
715.3824,5.8890,62.03,120.00,0.008257
715.4632,5.8890,61.49,120.00,0.008540
715.5418,5.8890,61.49,120.00,0.008155
715.6188,5.8890,61.22,120.00,0.007983
715.6950,5.8890,61.76,120.00,0.008415
715.7757,5.8890,62.03,120.00,0.009013
715.8532,5.8890,61.76,120.00,0.008753
715.9314,5.8890,61.76,120.00,0.008519
716.0086,5.8890,61.49,120.00,0.008660
716.0867,5.8890,61.76,120.00,0.008735
716.1659,5.8890,61.49,120.00,0.008521
716.2449,5.8890,62.03,120.00,0.008568
716.3213,5.8890,62.03,120.00,0.008488
716.4015,5.8890,62.03,120.00,0.008538
716.4805,5.8890,61.49,120.00,0.008514
716.5640,5.8890,62.03,120.00,0.009098
716.6440,5.8890,61.76,120.00,0.009068
716.7221,5.8890,61.76,120.00,0.008368
716.7981,5.8890,61.76,120.00,0.008110
716.8755,5.8890,62.03,120.00,0.007934
716.9522,5.8890,62.30,120.00,0.008753
717.0303,5.8890,61.49,120.00,0.008255
717.1077,5.8890,61.49,120.00,0.008685
717.1869,5.8890,62.30,120.00,0.008702
717.2660,5.8890,61.76,120.00,0.008610
717.3446,5.8890,62.03,120.00,0.008498
717.4240,5.8890,61.49,120.00,0.009177
717.5020,5.8890,61.49,120.00,0.008214
717.5777,5.8890,61.49,120.00,0.008203
717.6551,5.8890,62.03,120.00,0.008050
717.7337,5.8890,61.76,120.00,0.008280
717.8132,5.8890,61.76,120.00,0.008594
717.8949,5.8890,61.22,120.00,0.008391
717.9759,5.8890,61.76,120.00,0.008650
718.0549,5.8890,61.76,120.00,0.008585
718.1363,5.8890,62.30,120.00,0.008925
718.2162,5.8890,61.76,120.00,0.008707
718.2999,5.9390,62.03,120.00,0.008829
718.3769,5.9390,61.76,120.00,0.008620
718.4598,5.9390,62.03,120.00,0.008402
718.5367,5.9390,62.30,120.00,0.008244
718.6150,5.9390,61.76,120.00,0.008412
718.6917,5.9390,61.49,120.00,0.008493
718.7721,5.9390,61.76,120.00,0.008732
718.8486,5.9390,61.22,120.00,0.008445
718.9271,5.9390,62.30,120.00,0.008682
719.0043,5.9390,62.30,120.00,0.008671
719.0822,5.9390,61.49,120.00,0.008195
719.1619,5.9390,61.49,120.00,0.008639
719.2432,5.9485,61.76,120.00,0.008728
719.3213,5.9580,61.49,120.00,0.009131
719.3998,5.9580,61.76,120.00,0.009042
719.4789,5.9580,61.76,120.00,0.008474
719.5593,5.9580,61.49,120.00,0.008461
719.6363,5.9580,62.30,120.00,0.008832
719.7169,5.9580,62.03,120.00,0.008487
719.7958,5.9580,61.49,120.00,0.008766
719.8765,5.9580,61.76,120.00,0.008813
719.9514,5.9580,62.30,120.00,0.007999
720.0312,5.9580,61.76,120.00,0.008486
720.1068,5.9580,61.49,120.00,0.008069
720.1877,5.9580,62.03,120.00,0.008811
720.2679,5.8815,61.22,120.00,0.008836
720.3469,5.8050,62.30,120.00,0.009020
720.4237,5.8050,62.03,120.00,0.009045
720.5046,5.8050,61.76,120.00,0.008766
720.5830,5.8050,61.76,120.00,0.008514
720.6614,5.8050,61.76,120.00,0.008421
720.7403,5.8050,62.30,120.00,0.008457
720.8233,5.8050,62.30,120.00,0.008373
720.9042,5.8050,62.03,120.00,0.008239
720.9871,5.8050,61.76,120.00,0.008470
721.0639,5.8050,61.22,120.00,0.008935
721.1426,5.8050,61.49,120.00,0.008554
721.2223,5.7995,61.76,120.00,0.009128
721.3037,5.7940,61.76,120.00,0.008890
721.3807,5.7940,62.30,120.00,0.008574
721.4639,5.7940,61.76,120.00,0.008509
721.5428,5.7940,61.22,120.00,0.008555
721.6234,5.7940,61.76,120.00,0.008337
721.7026,5.7940,61.76,120.00,0.008983
721.7821,5.7940,61.49,120.00,0.008238
721.8610,5.7940,61.76,120.00,0.008993
721.9436,5.7940,62.30,120.00,0.008661
722.0229,5.7940,62.03,120.00,0.008427
722.1039,5.7940,61.76,120.00,0.008646
722.1807,5.7940,62.03,120.00,0.008401
722.2637,5.8020,61.49,120.00,0.008596
722.3426,5.8020,61.49,120.00,0.008120
722.4232,5.8020,61.76,120.00,0.008573
722.5009,5.8020,61.76,120.00,0.008847
722.5794,5.8020,61.76,120.00,0.008871
722.6582,5.8020,61.49,120.00,0.008537
722.7392,5.8020,62.03,120.00,0.008811
722.8163,5.8020,61.49,120.00,0.008533
722.8989,5.8020,62.03,120.00,0.008337
722.9761,5.8020,61.76,120.00,0.008551
723.0591,5.8020,61.76,120.00,0.008390
723.1364,5.8020,61.49,120.00,0.008745
723.2171,5.8705,62.03,120.00,0.009147
723.2955,5.9390,62.03,120.00,0.008786
723.3742,5.9390,62.03,120.00,0.008598
723.4510,5.9390,61.76,120.00,0.008500
723.5316,5.9390,61.22,120.00,0.008587
723.6085,5.9390,61.76,120.00,0.008593
723.6895,5.9390,61.49,120.00,0.008470
723.7690,5.9390,61.76,120.00,0.008573
723.8522,5.9390,62.30,120.00,0.008980
723.9310,5.9390,62.03,120.00,0.008512
724.0084,5.9390,61.22,120.00,0.008181
724.0839,5.9390,62.03,120.00,0.008074
724.1611,5.9390,61.76,120.00,0.008470
724.2395,5.9390,61.76,120.00,0.008538
724.3210,5.9390,62.03,120.00,0.008620
724.3998,5.9390,61.76,120.00,0.008696
724.4765,5.9390,61.76,120.00,0.008199
724.5519,5.9390,61.76,120.00,0.007974
724.6309,5.9390,62.03,120.00,0.008011
724.7071,5.9390,62.03,120.00,0.008626
724.7875,5.9390,61.49,120.00,0.008696
724.8632,5.9390,61.22,120.00,0.008276
724.9397,5.9390,61.22,120.00,0.007958
725.0150,5.9390,61.49,120.00,0.008009
725.0939,5.9390,61.49,120.00,0.008912
725.1710,5.9390,61.49,120.00,0.008452
725.2499,5.9390,61.49,120.00,0.008326
725.3308,5.9390,61.76,120.00,0.008320
725.4099,5.9390,62.03,120.00,0.008709
725.4897,5.9390,61.49,120.00,0.008887
725.5709,5.9390,61.49,120.00,0.008290
725.6468,5.9390,61.49,120.00,0.008357
725.7248,5.9200,62.03,120.00,0.008610
725.8070,5.9010,62.03,120.00,0.008407
725.8878,5.9010,62.03,120.00,0.008847
725.9670,5.9010,62.03,120.00,0.008499
726.0472,5.9010,62.30,120.00,0.008412
726.1247,5.9010,62.03,120.00,0.008795
726.2074,5.9010,61.76,120.00,0.008556
726.2871,5.8400,61.76,120.00,0.008240
726.3698,5.8400,61.76,120.00,0.008779
726.4470,5.8400,62.30,120.00,0.008840
726.5244,5.8400,61.76,120.00,0.008153
726.6001,5.8400,62.30,120.00,0.008443
726.6791,5.8400,61.76,120.00,0.008358
726.7572,5.8400,61.49,120.00,0.008730
726.8396,5.8400,61.22,120.00,0.008519
726.9159,5.8400,61.49,120.00,0.008322
726.9944,5.8400,61.49,120.00,0.008283
727.0716,5.8400,62.03,120.00,0.008671
727.1502,5.8400,61.76,120.00,0.008539
727.2266,5.8400,62.03,120.00,0.008109
727.3053,5.8400,62.30,120.00,0.008538
727.3849,5.8400,61.76,120.00,0.008698
727.4661,5.8400,62.03,120.00,0.008598
727.5437,5.8400,61.22,120.00,0.009125
727.6264,5.8400,61.76,120.00,0.008585
727.7033,5.8400,61.76,120.00,0.008934
727.7839,5.8400,62.03,120.00,0.008581
727.8610,5.8400,61.49,120.00,0.008843
727.9418,5.8400,61.76,120.00,0.008767
728.0238,5.8400,62.03,120.00,0.008914
728.1048,5.8400,61.76,120.00,0.008915
728.1837,5.8400,61.49,120.00,0.008871
728.2638,5.8400,62.30,120.00,0.008068
728.3399,5.8400,61.76,120.00,0.008449
728.4174,5.8400,61.76,120.00,0.008198
728.4940,5.8400,61.49,120.00,0.008326
728.5756,5.8340,61.49,120.00,0.008771
728.6551,5.8280,61.49,120.00,0.008580
728.7363,5.8280,62.03,120.00,0.008312
728.8148,5.8280,61.76,120.00,0.008056
728.8920,5.8280,61.76,120.00,0.008343
728.9674,5.8280,61.76,120.00,0.008118
729.0470,5.8280,61.76,120.00,0.008088
729.1230,5.8280,62.03,120.00,0.008308
729.2022,5.8280,62.03,120.00,0.008365
729.2840,5.8740,61.76,120.00,0.008883
729.3625,5.8740,62.03,120.00,0.008623
729.4434,5.8740,62.03,120.00,0.008094
729.5201,5.8740,62.03,120.00,0.008104
729.5962,5.8740,62.03,120.00,0.008538
729.6774,5.8740,61.22,120.00,0.008707
729.7548,5.8740,61.76,120.00,0.008604
729.8356,5.8740,61.49,120.00,0.008895
729.9127,5.8740,61.76,120.00,0.008648
729.9939,5.8740,62.03,120.00,0.008780
730.0709,5.8740,62.03,120.00,0.008540
730.1513,5.8740,61.76,120.00,0.008769
730.2277,5.8665,61.49,120.00,0.008220
730.3118,5.8590,61.22,120.00,0.008713
730.3907,5.8590,61.76,120.00,0.008193
730.4719,5.8590,62.03,120.00,0.008620
730.5483,5.8590,61.76,120.00,0.008454
730.6295,5.8590,61.49,120.00,0.008513
730.7089,5.8590,61.76,120.00,0.008616
730.7912,5.8590,61.76,120.00,0.008553
730.8680,5.8590,61.76,120.00,0.008602
730.9497,5.8590,62.03,120.00,0.008936
731.0265,5.8590,62.03,120.00,0.008528
731.1046,5.8590,61.22,120.00,0.008510
731.1841,5.8590,61.49,120.00,0.008834
731.2635,5.9090,61.76,120.00,0.008344
731.3400,5.9090,61.49,120.00,0.008359
731.4188,5.9090,61.22,120.00,0.008757
731.4965,5.9090,61.76,120.00,0.008663
731.5750,5.9090,61.76,120.00,0.008711
731.6522,5.9090,61.76,120.00,0.008854
731.7330,5.9090,61.76,120.00,0.008612
731.8118,5.9090,62.03,120.00,0.008765
731.8907,5.9090,61.22,120.00,0.008739
731.9679,5.9090,62.03,120.00,0.008372
732.0480,5.9090,62.03,120.00,0.008622
732.1232,5.9090,61.76,120.00,0.008048
732.2000,5.9090,62.30,120.00,0.008094
732.2758,5.9090,61.49,120.00,0.008348
732.3533,5.9090,61.76,120.00,0.008174
732.4334,5.8860,61.76,120.00,0.008756
732.5141,5.8860,61.76,120.00,0.008763
732.5950,5.8860,61.76,120.00,0.008056
732.6760,5.8860,61.22,120.00,0.008785
732.7548,5.8860,61.76,120.00,0.008534
732.8359,5.8860,61.76,120.00,0.008619
732.9132,5.8860,61.22,120.00,0.008622
732.9918,5.8860,61.76,120.00,0.008341
733.0711,5.8860,61.76,120.00,0.008655
733.1519,5.8860,61.22,120.00,0.008513
733.2333,5.8535,62.03,120.00,0.008701
733.3152,5.8210,61.22,120.00,0.008714
733.3948,5.8210,61.76,120.00,0.008836
733.4748,5.8210,61.49,120.00,0.008982
733.5525,5.8210,61.22,120.00,0.008547
733.6362,5.8210,62.30,120.00,0.008839
733.7159,5.8210,61.76,120.00,0.008854
733.7994,5.8210,61.49,120.00,0.008674
733.8794,5.8210,62.03,120.00,0.008634
733.9584,5.8210,61.49,120.00,0.008339
734.0358,5.8210,61.76,120.00,0.008644
734.1184,5.8210,62.03,120.00,0.008226
734.1982,5.8210,61.76,120.00,0.008920
734.2798,5.8670,61.49,120.00,0.008674
734.3581,5.8670,61.76,120.00,0.008152
734.4350,5.8670,61.49,120.00,0.008011
734.5108,5.8670,61.76,120.00,0.008248
734.5888,5.8670,61.76,120.00,0.008367
734.6679,5.8670,61.76,120.00,0.008470
734.7466,5.8670,61.76,120.00,0.008454
734.8240,5.8670,62.03,120.00,0.008567
734.9044,5.8670,61.76,120.00,0.009161
734.9840,5.8670,62.30,120.00,0.008480
735.0648,5.8670,61.49,120.00,0.008590
735.1416,5.8670,61.76,120.00,0.008485
735.2232,5.8610,61.76,120.00,0.008836
735.3031,5.8550,61.49,120.00,0.008804
735.3820,5.8550,61.76,120.00,0.008827
735.4639,5.8550,62.03,120.00,0.008563
735.5449,5.8550,61.49,120.00,0.008766
735.6254,5.8550,61.49,120.00,0.009136
735.7068,5.8550,61.76,120.00,0.008811
735.7842,5.8550,61.49,120.00,0.008947
735.8658,5.8550,62.03,120.00,0.008208
735.9461,5.8550,62.03,120.00,0.008981
736.0271,5.8550,61.22,120.00,0.008672
736.1047,5.8550,61.76,120.00,0.008554
736.1878,5.8550,61.76,120.00,0.008465
736.2684,5.8740,61.76,120.00,0.008210
736.3516,5.8740,61.76,120.00,0.008541
736.4295,5.8740,61.76,120.00,0.009025
736.5111,5.8740,62.03,120.00,0.008543
736.5881,5.8740,62.03,120.00,0.008798
736.6693,5.8740,62.03,120.00,0.008949
736.7503,5.8740,61.49,120.00,0.008610
736.8286,5.8740,62.03,120.00,0.008724
736.9075,5.8740,61.76,120.00,0.008169
736.9842,5.8740,61.22,120.00,0.008138
737.0618,5.8740,61.76,120.00,0.008012
737.1399,5.8740,61.49,120.00,0.008616
737.2171,5.8435,61.76,120.00,0.009035
737.2983,5.8130,62.03,120.00,0.008674
737.3755,5.8130,62.30,120.00,0.008631
737.4534,5.8130,62.30,120.00,0.008000
737.5310,5.8130,61.49,120.00,0.008192
737.6108,5.8130,61.76,120.00,0.008324
737.6898,5.8130,62.03,120.00,0.008382
737.7717,5.8130,61.76,120.00,0.008801
737.8514,5.8130,61.76,120.00,0.008582
737.9301,5.8130,61.76,120.00,0.008300
738.0073,5.8130,61.49,120.00,0.008335
738.0882,5.8130,62.30,120.00,0.008673
738.1671,5.8130,62.03,120.00,0.008506
738.2459,5.8110,62.03,120.00,0.008851
738.3235,5.8090,62.03,120.00,0.008581
738.4014,5.8090,61.76,120.00,0.008024
738.4793,5.8090,61.76,120.00,0.008058
738.5582,5.8090,61.22,120.00,0.007916
738.6342,5.8090,61.49,120.00,0.008257
738.7116,5.8090,62.30,120.00,0.008147
738.7871,5.8090,61.49,120.00,0.008137
738.8673,5.8090,61.76,120.00,0.008525
738.9442,5.8090,61.76,120.00,0.008440
739.0273,5.8090,61.76,120.00,0.008524
739.1066,5.8090,61.76,120.00,0.008823
739.1878,5.8090,62.30,120.00,0.008788
739.2683,5.8700,62.03,120.00,0.009262
739.3474,5.8700,62.30,120.00,0.008818
739.4268,5.8700,61.22,120.00,0.008413
739.5088,5.8700,61.76,120.00,0.008525
739.5885,5.8700,61.49,120.00,0.008600
739.6720,5.8700,62.03,120.00,0.008808
739.7547,5.8700,61.76,120.00,0.008875
739.8374,5.8700,61.76,121.00,0.008801
739.9142,5.8700,61.22,121.00,0.007982
739.9910,5.8700,61.76,121.00,0.008243
740.0664,5.8700,61.49,121.00,0.008596
740.1463,5.8700,61.49,121.00,0.008452
740.2280,5.8625,61.22,121.00,0.008890
740.3104,5.8550,61.49,121.00,0.008717
740.3920,5.8550,61.49,121.00,0.008985
740.4742,5.8550,61.49,121.00,0.008338
740.5550,5.8550,61.76,121.00,0.008885
740.6357,5.8550,62.03,121.00,0.009085
740.7169,5.8550,61.22,121.00,0.008560
740.8013,5.8550,61.49,121.00,0.009238
740.8827,5.8550,61.49,121.00,0.009126
740.9640,5.8550,61.49,121.00,0.009331
741.0471,5.8550,61.76,121.00,0.009065
741.1299,5.8550,62.03,121.00,0.009096
741.2087,5.8550,61.76,121.00,0.008759
741.2923,5.8860,62.03,121.00,0.009048
741.3765,5.8860,62.03,121.00,0.009485
741.4640,5.8860,62.30,121.00,0.009109
741.5476,5.8860,61.49,121.00,0.009057
741.6328,5.8860,61.49,121.00,0.009103
741.7159,5.8860,61.49,121.00,0.008731
741.8009,5.8860,62.03,121.00,0.008402
741.8832,5.8860,62.03,121.00,0.008883
741.9671,5.8860,61.76,121.00,0.008792
742.0488,5.8860,61.49,121.00,0.008703
742.1317,5.8860,61.49,121.00,0.009035
742.2119,5.8860,61.22,121.00,0.008812
742.2944,5.8020,61.49,121.00,0.008643
742.3754,5.8020,61.76,121.00,0.008950
742.4612,5.8020,61.49,121.00,0.008943
742.5429,5.8020,61.76,121.00,0.009108
742.6252,5.8020,62.30,121.00,0.008395
742.7026,5.8020,61.76,121.00,0.008445
742.7835,5.8020,61.22,121.00,0.008967
742.8591,5.8020,61.76,121.00,0.008358
742.9357,5.8020,61.76,121.00,0.008088
743.0101,5.8020,61.49,121.00,0.008103
743.0921,5.8020,61.76,121.00,0.009351
743.1704,5.8020,61.49,121.00,0.008055
743.2546,5.8555,61.76,121.00,0.008773
743.3378,5.9090,61.49,121.50,0.008690
743.4193,5.9090,61.49,122.00,0.008960
743.5035,5.9090,61.49,122.00,0.008954
743.5842,5.9090,61.49,122.00,0.008401
743.6684,5.9090,61.76,122.00,0.009182
743.7521,5.9090,61.76,122.00,0.009318
743.8343,5.9090,61.49,122.00,0.008789
743.9175,5.9090,61.76,122.00,0.008648
743.9952,5.9090,61.49,122.00,0.007924
744.0721,5.9090,61.49,122.00,0.008129
744.1471,5.9090,62.03,122.00,0.008066
744.2271,5.9090,62.03,122.00,0.008782
744.3096,5.9120,61.49,122.00,0.009268
744.3943,5.9120,61.22,122.00,0.008656
744.4785,5.9120,61.49,122.00,0.008904
744.5642,5.9120,61.22,122.00,0.008178
744.6449,5.9120,61.76,122.00,0.008699
744.7308,5.9120,61.49,122.00,0.008676
744.8128,5.9120,61.76,122.00,0.008415
744.8963,5.9120,61.22,122.00,0.009189
744.9742,5.9120,62.03,122.00,0.008098
745.0536,5.9120,61.22,122.00,0.008660
745.1302,5.9120,61.49,122.00,0.008757
745.2084,5.9120,61.22,122.00,0.008547
745.2871,5.8930,61.76,122.00,0.008852
745.3703,5.8930,61.49,122.00,0.008657
745.4514,5.8930,61.49,122.00,0.008958
745.5302,5.8930,61.49,122.00,0.008455
745.6081,5.8930,61.49,122.00,0.008303
745.6910,5.8930,61.49,122.00,0.008172
745.7668,5.8930,61.76,122.00,0.008642
745.8482,5.8930,61.76,122.00,0.009449
745.9275,5.8930,61.76,122.00,0.008955
746.0075,5.8930,61.76,122.00,0.008435
746.0823,5.8930,61.49,122.00,0.008026
746.1599,5.8930,61.22,122.00,0.008414
746.2369,5.8930,61.49,122.00,0.008717
746.3145,5.8395,61.76,122.00,0.008505
746.3912,5.7860,61.49,122.00,0.008822
746.4688,5.7860,61.76,122.00,0.008365
746.5474,5.7860,61.22,122.00,0.008729
746.6274,5.7860,61.49,122.00,0.008840
746.7057,5.7860,62.03,122.00,0.009017
746.7871,5.7860,61.49,122.00,0.008598
746.8629,5.7860,61.76,122.00,0.008662
746.9407,5.7860,62.03,122.00,0.008488
747.0190,5.7860,61.22,122.00,0.008407
747.0955,5.7860,61.49,122.00,0.008635
747.1711,5.7860,61.76,122.00,0.008562
747.2513,5.7860,62.03,122.00,0.008503
747.3266,5.7860,61.49,122.00,0.008302
747.4053,5.7860,61.49,122.00,0.008829
747.4835,5.7860,61.49,123.00,0.008825
747.5625,5.7860,62.03,123.00,0.008838
747.6405,5.7860,62.03,123.00,0.008502
747.7207,5.7860,61.76,123.00,0.008641
747.8022,5.7860,61.49,123.00,0.008932
747.8824,5.7860,61.76,123.00,0.008476
747.9583,5.7860,62.03,123.00,0.008484
748.0360,5.7860,61.76,123.00,0.008804
748.1137,5.7860,62.03,123.00,0.008818
748.1908,5.7860,62.03,123.00,0.008561
748.2669,5.7860,61.76,123.00,0.008407
748.3462,5.7860,61.49,123.00,0.008425
748.4228,5.7860,62.03,123.00,0.008229
748.4987,5.7860,62.03,123.00,0.008067
748.5762,5.7860,61.49,122.00,0.008827
748.6559,5.7860,61.76,123.00,0.008634
748.7339,5.7860,61.22,123.00,0.008799
748.8129,5.7860,61.76,123.00,0.008458
748.8904,5.7860,61.22,122.50,0.008545
748.9680,5.7860,62.03,122.50,0.008366
749.0435,5.7860,61.76,123.00,0.008433
749.1207,5.7860,62.03,122.00,0.008513
749.1989,5.7860,62.30,122.00,0.009036
749.2794,5.7860,61.76,122.00,0.008610
749.3616,5.9310,61.49,122.50,0.008759
749.4409,5.9310,61.76,123.00,0.008780
749.5162,5.9310,61.76,123.00,0.008488
749.5960,5.9310,61.49,123.00,0.008548
749.6741,5.9310,61.76,123.00,0.008936
749.7557,5.9310,62.03,123.00,0.008694
749.8311,5.9310,61.22,123.00,0.008673
749.9080,5.9310,61.76,123.00,0.008601
749.9867,5.9310,62.03,123.00,0.008750
750.0641,5.9310,61.49,123.00,0.008917
750.1416,5.9310,61.76,123.00,0.008608
750.2221,5.9120,61.76,123.00,0.009230
750.2989,5.8930,61.49,123.00,0.008111
750.3781,5.8930,61.49,123.00,0.008412
750.4543,5.8930,61.76,123.00,0.008471
750.5347,5.8930,61.76,123.00,0.008665
750.6110,5.8930,61.76,123.00,0.008766
750.6882,5.8930,61.49,123.00,0.008056
750.7622,5.8930,61.76,122.50,0.008201
750.8381,5.8930,61.49,122.50,0.008143
750.9136,5.8930,61.76,122.50,0.008490
750.9960,5.8930,62.03,122.00,0.008717
751.0709,5.8930,61.49,122.00,0.008013
751.1473,5.8930,61.49,122.00,0.008214
751.2231,5.8930,62.03,122.00,0.008261
751.3038,5.8930,61.76,122.00,0.008593
751.3803,5.8820,62.30,123.00,0.008490
751.4626,5.8820,62.30,123.00,0.008616
751.5404,5.8820,62.03,123.00,0.008082
751.6190,5.8820,62.03,122.00,0.008133
751.6941,5.8820,61.76,122.00,0.008141
751.7713,5.8820,61.49,123.00,0.008495
751.8480,5.8820,61.22,122.50,0.008669
751.9257,5.8820,62.03,122.00,0.008622
752.0043,5.8820,62.03,122.00,0.008815
752.0834,5.8820,62.03,122.00,0.008457
752.1592,5.8820,61.76,123.00,0.008580
752.2399,5.8875,61.49,122.00,0.008615
752.3185,5.8930,61.49,122.50,0.008918
752.3960,5.8930,61.49,122.00,0.008991
752.4735,5.8930,62.03,122.00,0.008749
752.5527,5.8930,61.49,122.00,0.008168
752.6305,5.8930,61.49,122.00,0.008598
752.7084,5.8930,61.76,122.00,0.008533
752.7868,5.8930,62.03,122.00,0.009057
752.8643,5.8930,61.76,122.00,0.008598
752.9403,5.8930,61.49,122.00,0.008568
753.0190,5.8930,61.22,122.00,0.008327
753.0978,5.8930,61.22,122.00,0.008970
753.1770,5.8930,62.30,122.00,0.008449
753.2547,5.8930,61.49,122.00,0.008449
753.3353,5.8930,61.76,122.00,0.008513
753.4117,5.8930,62.03,122.50,0.008578
753.4919,5.8930,62.03,122.50,0.008211
753.5698,5.8930,61.49,122.00,0.008373
753.6479,5.8930,61.22,122.00,0.009053
753.7231,5.8930,61.76,122.00,0.008072
753.8029,5.8930,61.76,122.00,0.008133
753.8798,5.8930,62.03,122.00,0.008541
753.9604,5.8930,61.22,122.00,0.009388
754.0366,5.8930,61.76,122.00,0.008743
754.1146,5.8930,61.76,122.00,0.008879
754.1898,5.8930,61.49,122.00,0.008155
754.2712,5.8280,61.49,122.00,0.008452
754.3458,5.8280,62.30,122.00,0.008184
754.4233,5.8280,61.76,122.00,0.007938
754.4988,5.8280,62.03,122.00,0.008548
754.5753,5.8280,61.76,122.00,0.008571
754.6509,5.8280,61.49,122.00,0.008763
754.7282,5.8280,62.03,122.00,0.008753
754.8041,5.8280,61.76,122.00,0.008564
754.8808,5.8280,61.76,122.00,0.008499
754.9570,5.8280,61.49,122.00,0.009070
755.0343,5.8280,61.49,122.00,0.008557
755.1111,5.8280,61.76,122.00,0.008498
755.1921,5.8280,62.30,122.00,0.008438
755.2666,5.8280,61.76,122.00,0.008133
755.3427,5.8280,61.22,122.00,0.008366
755.4194,5.8280,62.30,122.00,0.008095
755.4993,5.8685,61.76,122.00,0.008292
755.5755,5.9090,61.49,122.00,0.009177
755.6525,5.9090,61.76,122.00,0.008562
755.7284,5.9090,61.49,122.00,0.008240
755.8114,5.9090,62.30,122.00,0.008687
755.8874,5.9090,61.76,122.00,0.008175
755.9649,5.9090,61.49,122.00,0.008790
756.0437,5.9090,62.03,122.00,0.008425
756.1219,5.9090,62.03,122.00,0.008561
756.1965,5.9090,61.76,122.00,0.008229
756.2750,5.9090,61.49,122.00,0.008074
756.3516,5.9090,61.22,122.00,0.008337
756.4312,5.9145,61.22,122.00,0.008384
756.5104,5.9200,61.49,122.00,0.009062
756.5884,5.9200,62.30,122.00,0.008359
756.6682,5.9200,62.03,122.00,0.008477
756.7477,5.9200,61.49,122.00,0.008317
756.8261,5.9200,62.30,122.00,0.008913
756.9039,5.9200,62.30,122.00,0.008777
756.9802,5.9200,61.49,122.00,0.008833
757.0584,5.9200,61.76,122.00,0.008439
757.1323,5.9200,62.03,122.00,0.008068
757.2085,5.9200,61.49,122.00,0.008404
757.2839,5.9090,62.03,122.00,0.008169
757.3644,5.9090,61.49,122.00,0.008326
757.4408,5.9090,61.76,122.00,0.008039
757.5166,5.9090,62.03,122.00,0.008107
757.5920,5.9090,61.76,122.00,0.008032
757.6678,5.9090,61.22,122.00,0.008169
757.7439,5.9090,61.76,122.00,0.008816
757.8239,5.9090,61.76,122.00,0.008619
757.8999,5.9090,62.03,122.00,0.008518
757.9779,5.9090,62.30,122.00,0.008165
758.0540,5.9090,61.76,122.00,0.008681
758.1347,5.9090,62.03,122.00,0.008811
758.2109,5.9090,62.03,122.00,0.008517
758.2915,5.9390,61.76,122.00,0.008838
758.3700,5.9390,61.49,122.00,0.008066
758.4503,5.9390,61.22,122.00,0.008234
758.5267,5.9390,61.76,122.00,0.008071
758.6027,5.9390,62.03,122.00,0.008081
758.6796,5.9390,61.76,122.00,0.008243
758.7595,5.9390,61.49,122.00,0.008930
758.8379,5.9390,62.03,122.00,0.008558
758.9140,5.9390,61.49,122.00,0.008074
758.9908,5.9390,61.49,122.00,0.008318
759.0669,5.9390,61.22,122.00,0.008528
759.1448,5.9390,61.49,122.00,0.008562
759.2240,5.9220,61.49,121.50,0.009060
759.3000,5.9050,61.49,121.00,0.008655
759.3801,5.9050,62.03,121.50,0.008981
759.4559,5.9050,61.49,121.00,0.008281
759.5364,5.9050,61.76,121.50,0.008913
759.6194,5.9050,61.49,121.00,0.008648
759.7026,5.9050,61.76,121.00,0.009370
759.7862,5.9050,61.76,122.00,0.008987
759.8688,5.9050,61.49,122.00,0.008659
759.9459,5.9050,61.49,122.00,0.007950
760.0249,5.9050,62.30,122.00,0.008605
760.1037,5.9050,61.76,122.00,0.008337
760.1843,5.9050,61.76,122.00,0.007911
760.2641,5.9050,61.76,121.50,0.009136
760.3490,5.8280,61.76,121.50,0.008297
760.4311,5.8280,61.49,121.00,0.008966
760.5115,5.8280,61.49,121.00,0.008820
760.5880,5.8280,62.03,121.00,0.008551
760.6678,5.8280,61.76,121.50,0.008991
760.7447,5.8280,61.22,121.50,0.008902
760.8236,5.8280,62.30,121.50,0.008778
760.9033,5.8280,62.03,121.50,0.008698
760.9858,5.8280,61.76,121.00,0.008646
761.0655,5.8280,61.76,121.00,0.008417
761.1441,5.8280,62.03,121.00,0.008262
761.2199,5.8245,61.49,121.00,0.008845
761.2962,5.8210,61.76,121.00,0.008027
761.3710,5.8210,61.22,121.00,0.008336
761.4472,5.8210,61.76,121.00,0.008335
761.5220,5.8210,61.49,121.00,0.007981
761.6006,5.8210,61.76,121.00,0.008574
761.6742,5.8210,61.76,121.00,0.008129
761.7498,5.8210,61.22,121.50,0.007983
761.8274,5.8210,61.22,121.00,0.008630
761.9044,5.8210,61.76,121.00,0.008565
761.9834,5.8210,61.49,121.00,0.008136
762.0606,5.8210,61.49,121.00,0.008436
762.1360,5.8210,61.49,121.00,0.008591
762.2163,5.8590,62.03,121.00,0.008471
762.2944,5.8970,62.03,121.00,0.008632
762.3727,5.8970,61.49,121.00,0.008845
762.4513,5.8970,62.03,121.00,0.008422
762.5313,5.8970,61.49,121.00,0.008561
762.6075,5.8970,61.49,121.00,0.008328
762.6844,5.8970,61.76,121.00,0.008224
762.7597,5.8970,61.76,121.00,0.008556
762.8383,5.8970,61.49,121.00,0.008924
762.9147,5.8970,61.49,121.00,0.008417
762.9947,5.8970,62.30,121.00,0.008148
763.0707,5.8970,61.76,121.00,0.008643
763.1517,5.8970,61.49,121.00,0.008888
763.2308,5.8930,61.76,121.00,0.008826
763.3082,5.8890,61.76,121.00,0.008557
763.3861,5.8890,62.03,121.00,0.008133
763.4664,5.8890,61.22,121.00,0.008436
763.5422,5.8890,61.49,121.00,0.008860
763.6198,5.8890,62.30,121.00,0.008625
763.6963,5.8890,61.49,121.00,0.008841
763.7769,5.8890,61.22,121.00,0.008903
763.8576,5.8890,62.03,121.00,0.008396
763.9398,5.8890,61.76,121.00,0.008588
764.0142,5.8890,62.03,121.00,0.007995
764.0915,5.8890,62.03,121.00,0.008558
764.1686,5.8890,61.49,121.00,0.008694
764.2494,5.8890,61.49,121.00,0.008152
764.3233,5.8890,61.49,121.00,0.008159
764.4020,5.9470,62.03,121.00,0.008209
764.4814,5.9470,61.49,121.00,0.008580
764.5599,5.9470,61.49,121.00,0.008863
764.6377,5.9470,61.49,121.00,0.008411
764.7169,5.9470,61.49,121.00,0.008468
764.7946,5.9470,61.49,121.00,0.008923
764.8747,5.9470,61.76,121.00,0.008444
764.9532,5.9470,61.76,121.00,0.008592
765.0353,5.9470,61.22,121.00,0.008592
765.1113,5.9470,61.76,121.00,0.008302
765.1914,5.9470,61.22,121.00,0.008517
765.2682,5.8250,62.03,121.00,0.008139
765.3484,5.8250,61.76,121.00,0.008262
765.4257,5.8250,61.76,121.00,0.010039
765.5073,5.8250,62.30,121.00,0.008502
765.5829,5.8250,61.76,121.00,0.008630
765.6609,5.8250,61.22,121.00,0.008649
765.7421,5.8250,61.76,121.00,0.008690
765.8198,5.8250,61.22,121.00,0.008735
765.8995,5.8250,61.22,121.00,0.008333
765.9794,5.8250,62.03,121.00,0.008474
766.0564,5.8250,62.03,121.00,0.008706
766.1355,5.8250,61.76,121.00,0.009007
766.2117,5.8250,61.49,121.00,0.008598
766.2903,5.9240,62.30,121.00,0.008513
766.3662,5.9240,62.03,121.00,0.008677
766.4465,5.9240,61.49,121.00,0.008605
766.5272,5.9240,61.76,121.00,0.008616
766.6050,5.9240,62.30,121.00,0.008811
766.6840,5.9240,62.03,121.00,0.008664
766.7642,5.9240,61.49,121.00,0.008361
766.8401,5.9240,61.76,121.00,0.008908
766.9196,5.9240,61.49,121.00,0.008440
766.9949,5.9240,61.49,121.00,0.008516
767.0717,5.9240,61.49,121.00,0.008410
767.1460,5.9240,62.03,121.00,0.008438
767.2225,5.9240,61.76,120.00,0.008023
767.2983,5.9240,61.49,120.00,0.008501
767.3795,5.9430,61.49,120.00,0.008561
767.4561,5.9430,62.03,120.50,0.009062
767.5362,5.9430,61.49,120.50,0.008664
767.6141,5.9430,61.76,120.50,0.008504
767.6934,5.9430,61.49,120.50,0.008573
767.7714,5.9430,62.30,120.50,0.008762
767.8508,5.9430,62.30,120.00,0.008256
767.9274,5.9430,61.49,120.00,0.008783
768.0057,5.9430,62.03,121.00,0.008793
768.0841,5.9430,61.49,121.00,0.008940
768.1631,5.9430,61.76,121.00,0.008547
768.2432,5.9450,62.03,121.00,0.008518
768.3257,5.9470,61.76,121.00,0.008727
768.4031,5.9470,61.76,121.00,0.008574
768.4827,5.9470,61.76,121.00,0.008512
768.5580,5.9470,62.03,121.00,0.008487
768.6359,5.9470,61.49,121.00,0.008121
768.7106,5.9470,61.49,120.50,0.008593
768.7900,5.9470,62.03,120.00,0.008388
768.8654,5.9470,61.76,120.00,0.008683
768.9423,5.9470,61.76,120.00,0.008670
769.0180,5.9470,61.76,120.00,0.008370
769.0944,5.9470,61.76,120.00,0.008227
769.1686,5.9470,62.03,120.00,0.008359
769.2445,5.9470,62.03,120.00,0.008167
769.3244,5.8510,61.49,120.00,0.008250
769.4039,5.8510,62.03,120.00,0.008466
769.4823,5.8510,61.49,120.00,0.008588
769.5637,5.8510,62.03,120.00,0.008431
769.6399,5.8510,62.03,120.00,0.008747
769.7194,5.8510,61.76,120.50,0.008622
769.7951,5.8510,61.49,120.50,0.008406
769.8717,5.8510,61.49,120.00,0.008244
769.9475,5.8510,61.76,120.50,0.008944
770.0270,5.8510,61.76,120.00,0.008433
770.1032,5.8510,62.03,120.00,0.008416
770.1806,5.8510,61.76,120.50,0.008639
770.2563,5.9045,61.76,120.00,0.008675
770.3368,5.9580,61.49,120.00,0.008514
770.4180,5.9580,61.76,120.00,0.009109
770.4951,5.9580,61.22,120.00,0.008524
770.5728,5.9580,61.76,120.00,0.008075
770.6529,5.9580,61.49,120.00,0.008631
770.7315,5.9580,61.76,120.00,0.008822
770.8106,5.9580,61.49,120.00,0.008601
770.8885,5.9580,62.30,120.00,0.008799
770.9685,5.9580,62.03,120.00,0.008707
771.0446,5.9580,61.49,120.00,0.008708
771.1265,5.9580,61.22,120.00,0.008404
771.2031,5.9580,61.76,120.00,0.008630
771.2838,5.8590,61.49,120.00,0.008643
771.3586,5.8590,61.76,120.00,0.008271
771.4376,5.8590,62.03,120.00,0.008708
771.5151,5.8590,61.22,120.00,0.008233
771.5921,5.8590,62.30,120.00,0.008352
771.6680,5.8590,62.03,120.00,0.008698
771.7484,5.8590,62.03,120.00,0.009099
771.8249,5.8590,61.49,120.00,0.008722
771.9040,5.8590,62.03,120.00,0.008158
771.9801,5.8590,61.76,120.00,0.008644
772.0593,5.8590,61.22,120.00,0.008331
772.1348,5.8590,61.49,120.00,0.008709
772.2125,5.8590,62.30,120.00,0.008292
772.2904,5.9280,61.76,120.00,0.008382
772.3686,5.9280,61.76,120.00,0.008679
772.4450,5.9280,61.76,120.00,0.008644
772.5209,5.9280,61.49,120.00,0.007963
772.5957,5.9280,61.49,120.00,0.007911
772.6714,5.9280,62.03,120.00,0.008214
772.7467,5.9280,61.76,120.00,0.008509
772.8235,5.9280,61.49,120.00,0.008259
772.8987,5.9280,62.03,120.00,0.007958
772.9764,5.9280,62.03,120.00,0.008595
773.0517,5.9280,61.76,120.00,0.008479
773.1308,5.9280,61.76,120.00,0.008267
773.2078,5.9280,62.30,120.00,0.008762
773.2843,5.9390,61.49,120.00,0.008270
773.3589,5.9390,62.03,120.00,0.008457
773.4371,5.9390,61.49,120.00,0.008567
773.5157,5.9390,62.03,120.00,0.009271
773.5928,5.9390,61.49,120.00,0.008689
773.6713,5.9390,62.30,120.00,0.008583
773.7514,5.9390,61.76,120.00,0.008661
773.8280,5.9390,61.76,120.00,0.008009
773.9045,5.9390,61.49,120.00,0.008247
773.9811,5.9390,61.49,120.00,0.009077
774.0609,5.9390,62.03,120.00,0.008752
774.1398,5.9390,61.49,120.00,0.008752
774.2201,5.9240,61.76,120.00,0.008670
774.2995,5.9090,61.76,120.00,0.008520
774.3789,5.9090,61.49,120.00,0.008366
774.4576,5.9090,61.76,120.00,0.008716
774.5354,5.9090,62.03,120.00,0.008435
774.6160,5.9090,61.49,120.00,0.008667
774.6963,5.9090,61.76,120.00,0.008747
774.7722,5.9090,61.49,120.00,0.008143
774.8519,5.9090,61.49,120.00,0.008661
774.9280,5.9090,61.22,120.00,0.008969
775.0105,5.9090,61.22,120.00,0.008786
775.0873,5.9090,61.76,120.00,0.008487
775.1658,5.9090,61.76,120.00,0.007925
775.2429,5.9090,62.03,119.00,0.008095
775.3195,5.9090,61.76,120.00,0.008254
775.3970,5.8630,61.76,120.00,0.008633
775.4753,5.8170,61.76,120.00,0.008958
775.5507,5.8170,61.76,120.00,0.008019
775.6270,5.8170,61.76,120.00,0.008577
775.7053,5.8170,61.76,120.00,0.008707
775.7858,5.8170,61.76,120.00,0.008688
775.8664,5.8170,61.49,120.00,0.008497
775.9440,5.8170,61.22,120.00,0.008601
776.0218,5.8170,61.49,120.00,0.008361
776.1022,5.8170,61.49,120.00,0.008323
776.1789,5.8170,61.76,120.00,0.008574
776.2591,5.7860,62.57,120.00,0.008652
776.3346,5.7860,61.49,120.00,0.008605
776.4102,5.7860,61.22,120.00,0.007922
776.4872,5.7860,61.49,119.50,0.008007
776.5639,5.7860,61.49,119.50,0.008260
776.6406,5.7860,61.49,119.50,0.008725
776.7172,5.7860,62.30,119.50,0.008035
776.7955,5.7860,62.30,119.00,0.008674
776.8753,5.7860,61.22,119.00,0.008904
776.9513,5.7860,61.76,119.00,0.008869
777.0294,5.7860,61.76,119.00,0.008564
777.1052,5.7860,61.76,119.00,0.008565
777.1842,5.7860,61.22,119.50,0.008749
777.2613,5.9470,61.22,119.50,0.008872
777.3406,5.9470,61.76,119.50,0.008476
777.4187,5.9470,62.30,119.00,0.008522
777.4966,5.9470,61.76,120.00,0.008608
777.5739,5.9470,61.49,120.00,0.008254
777.6557,5.9470,61.49,120.00,0.008639
777.7360,5.9470,61.76,120.00,0.008762
777.8158,5.9470,61.76,120.00,0.008784
777.8960,5.9470,62.30,120.00,0.008776
777.9757,5.9470,61.49,120.00,0.008767
778.0518,5.9470,61.22,120.00,0.008684
778.1329,5.9470,61.76,119.50,0.008712
778.2087,5.9470,61.49,119.00,0.008743
778.2869,5.8860,61.76,119.00,0.008809
778.3631,5.8860,61.76,119.50,0.008599
778.4423,5.8860,62.03,119.00,0.009299
778.5184,5.8860,61.76,119.00,0.008692
778.6023,5.8860,61.76,119.00,0.008285
778.6837,5.8860,61.49,119.00,0.008515
778.7664,5.8860,62.03,119.00,0.008473
778.8504,5.8860,62.03,119.50,0.008987
778.9351,5.8860,61.22,120.00,0.008950
779.0169,5.8860,61.22,119.50,0.008812
779.1003,5.8860,61.76,119.00,0.009183
779.1839,5.8860,61.49,119.00,0.008810
779.2681,5.8860,61.49,119.00,0.009261
779.3510,5.8860,62.03,119.00,0.009079
779.4347,5.8860,61.76,120.00,0.008413
779.5116,5.8860,61.49,119.50,0.008683
779.5913,5.8860,61.49,119.00,0.008725
779.6696,5.8860,62.03,120.00,0.008887
779.7463,5.8860,61.76,120.00,0.008219
779.8227,5.8860,61.49,120.00,0.008831
779.8998,5.8860,61.49,120.00,0.008458
779.9764,5.8860,61.76,120.00,0.008670
780.0569,5.8860,61.49,120.00,0.008650
780.1355,5.8860,61.22,120.00,0.008583
780.2127,5.8860,61.76,120.00,0.008408
780.2948,5.8860,61.76,120.00,0.008249
780.3730,5.8860,62.03,120.00,0.008970
780.4487,5.8860,61.49,119.50,0.008461
780.5278,5.8860,61.76,119.00,0.008356
780.6030,5.8860,61.76,119.00,0.008639
780.6832,5.8990,61.76,119.00,0.008862
