Timestamp (s),Power (W),Temperature (°C),Memory (MB),Inference Time (s)
0.1806,0.0000,49.93,127.50,0.026696
0.2665,0.0000,50.73,128.50,0.026243
0.3517,2.2290,50.46,129.00,0.026766
0.4370,4.4580,50.73,129.00,0.025524
0.5211,4.4580,51.00,129.00,0.025878
0.6068,4.4580,51.00,129.00,0.025985
0.6920,4.4580,51.54,129.00,0.026188
0.7776,4.4580,51.54,129.00,0.026132
0.8631,4.4580,51.54,129.00,0.027016
0.9500,4.4580,51.27,129.00,0.026757
1.0354,4.4580,51.81,129.00,0.026973
1.1223,4.4580,51.54,129.00,0.026552
1.2075,5.7290,51.81,129.00,0.026355
1.2947,7.0000,51.54,129.00,0.026955
1.3803,7.0000,51.54,129.00,0.026899
1.4666,7.0000,52.08,129.00,0.026818
1.5515,7.0000,52.62,129.00,0.026337
1.6380,7.0000,52.08,129.00,0.026095
1.7247,7.0000,51.81,129.00,0.026221
1.8112,7.0000,52.62,129.00,0.026384
1.8968,7.0000,52.35,129.00,0.026963
1.9834,7.0000,52.62,129.00,0.026302
2.0683,7.0000,52.35,129.00,0.026473
2.1559,7.0000,52.35,129.00,0.026709
2.2409,6.8670,52.08,129.00,0.026081
2.3265,6.8670,52.62,129.00,0.025739
2.4107,6.8670,52.62,129.00,0.025568
2.4958,6.8670,52.62,129.00,0.025506
2.5810,6.8670,52.35,129.00,0.026412
2.6682,6.8670,52.89,129.00,0.026862
2.7530,6.8670,52.89,129.00,0.025836
2.8402,6.8670,52.62,129.00,0.026641
2.9258,6.8670,52.62,129.00,0.026572
3.0127,6.8670,52.62,129.00,0.026608
3.0983,6.8670,53.15,129.00,0.026976
3.1854,6.9090,52.62,129.00,0.026957
3.2708,6.9510,52.89,129.00,0.026601
3.3566,6.9510,52.89,129.00,0.025181
3.4410,6.9510,52.89,129.00,0.026155
3.5274,6.9510,53.15,129.00,0.026245
3.6114,6.9510,53.15,129.00,0.025009
3.6961,6.9510,53.42,129.00,0.025276
3.7798,6.9510,53.15,129.00,0.025572
3.8658,6.9510,53.42,129.00,0.025998
3.9512,6.9510,53.42,129.00,0.026409
4.0390,6.9510,53.42,129.00,0.025530
4.1217,6.9510,53.15,129.00,0.025318
4.2058,6.9510,52.89,129.00,0.025306
4.2914,6.9510,53.69,129.00,0.025777
4.3785,7.0570,53.69,129.00,0.026219
4.4641,7.0570,53.15,129.00,0.027041
4.5512,7.0570,53.69,129.00,0.026122
4.6371,7.0570,53.69,129.00,0.026674
4.7238,7.0570,53.42,129.00,0.026970
4.8085,7.0570,53.69,129.00,0.025463
4.8944,7.0570,53.42,129.00,0.025565
4.9784,7.0570,53.42,129.00,0.026196
5.0648,7.0570,53.42,129.00,0.026416
5.1510,7.0570,53.69,129.00,0.027000
5.2375,7.0570,53.15,129.00,0.026174
5.3204,7.0570,53.69,129.00,0.025299
5.4063,7.0570,53.69,129.00,0.025926
5.4915,7.0570,53.42,129.00,0.026846
5.5788,7.0570,53.69,129.00,0.026524
5.6653,7.0570,53.69,129.00,0.026633
5.7525,7.0570,53.69,129.00,0.026998
5.8367,7.0570,53.69,129.00,0.025882
5.9234,7.0570,53.69,129.00,0.026394
6.0087,7.0570,53.42,129.00,0.026117
6.0954,7.0570,53.69,129.00,0.026663
6.1814,7.0570,53.69,129.00,0.026810
6.2687,7.0570,53.69,129.00,0.027328
6.3531,7.0570,53.42,129.00,0.025429
6.4379,7.0570,53.69,129.00,0.025439
6.5234,7.0570,53.69,129.00,0.025751
6.6095,6.8740,53.69,129.00,0.025089
6.6932,6.8740,53.69,129.00,0.026262
6.7802,6.8740,53.42,129.00,0.027039
6.8653,6.8740,53.96,129.00,0.026514
6.9518,6.8740,53.69,129.00,0.025942
7.0372,6.8740,53.96,129.00,0.026678
7.1237,6.8740,53.69,129.00,0.027085
7.2092,6.9750,53.69,129.00,0.026689
7.2967,7.0760,53.69,129.00,0.027145
7.3818,7.0760,53.69,129.00,0.027010
7.4686,7.0760,53.96,129.00,0.026421
7.5547,7.0760,53.69,129.00,0.026689
7.6429,7.0760,53.96,129.00,0.025655
7.7263,7.0760,53.69,129.00,0.025444
7.8107,7.0760,53.69,129.00,0.025367
7.8954,7.0760,53.69,129.00,0.026738
7.9826,7.0760,53.96,129.00,0.026252
8.0696,7.0760,53.96,130.00,0.025502
8.1543,7.0760,53.69,130.00,0.025594
8.2373,7.0760,53.96,130.00,0.025370
8.3243,6.9370,53.69,130.00,0.027313
8.4123,6.7980,53.69,130.00,0.026936
8.4999,6.7980,53.69,130.00,0.027303
8.5851,6.7980,53.96,130.00,0.026025
8.6721,6.7980,53.69,130.00,0.026152
8.7585,6.7980,53.69,130.00,0.026866
8.8451,6.7980,53.69,130.00,0.026439
8.9306,6.7980,53.96,130.00,0.026910
9.0167,6.7980,53.96,130.00,0.026071
9.1017,6.7980,53.96,130.00,0.026189
9.1892,6.8990,54.23,130.00,0.026855
9.2751,7.0000,53.96,129.50,0.026362
9.3621,7.0000,53.96,129.00,0.026793
9.4481,7.0000,53.96,129.00,0.027086
9.5345,7.0000,53.69,129.00,0.026661
9.6194,7.0000,53.69,129.00,0.026167
9.7049,7.0000,54.23,129.50,0.025445
9.7883,7.0000,53.96,129.50,0.025537
9.8756,7.0000,54.50,129.00,0.027175
9.9613,7.0000,54.50,129.50,0.027039
10.0482,7.0000,54.23,130.00,0.026736
10.1362,7.0000,54.23,130.00,0.026433
10.2235,6.9125,54.50,130.00,0.026589
10.3096,6.8250,53.69,130.00,0.026662
10.3963,6.8250,54.23,130.00,0.026649
10.4836,6.8250,54.23,129.50,0.026546
10.5708,6.8250,53.96,129.00,0.026737
10.6573,6.8250,53.96,129.50,0.026957
10.7439,6.8250,53.96,129.00,0.026468
10.8297,6.8250,53.96,129.00,0.026157
10.9137,6.8250,53.96,129.00,0.025143
10.9972,6.8250,53.96,129.00,0.025064
11.0819,6.8250,54.50,129.00,0.025210
11.1679,6.8250,54.50,129.00,0.026906
11.2551,6.7980,53.96,129.00,0.026562
11.3409,6.7980,53.96,129.00,0.026010
11.4279,6.7980,54.50,129.00,0.026462
11.5135,6.7980,53.96,129.00,0.026307
11.6004,6.7980,54.23,129.00,0.026853
11.6850,6.7980,53.96,129.00,0.026220
11.7703,6.7980,54.23,129.00,0.025573
11.8548,6.7980,53.96,129.00,0.025969
11.9392,6.7980,54.23,129.00,0.025400
12.0237,6.7980,54.23,129.00,0.026757
12.1110,6.7980,54.23,129.00,0.027119
12.1961,6.7980,54.23,129.00,0.026693
12.2826,6.7980,54.23,129.00,0.026460
12.3682,6.7980,54.50,129.00,0.026760
12.4550,6.7980,54.23,129.00,0.026669
12.5400,6.7980,54.23,129.00,0.026417
12.6248,6.7980,53.96,129.00,0.025211
12.7089,6.7980,53.96,129.00,0.025790
12.7947,6.7980,54.23,129.00,0.026305
12.8799,6.7980,53.69,129.00,0.026389
12.9657,6.7980,54.50,129.00,0.025898
13.0511,6.7980,53.96,129.00,0.026840
13.1398,6.7980,54.50,129.00,0.026623
13.2257,6.7980,54.50,129.00,0.027011
13.3123,6.7980,54.23,129.00,0.026702
13.3962,6.7980,54.50,129.00,0.025362
13.4813,6.7980,54.50,128.50,0.025893
13.5670,6.7980,54.50,128.50,0.026977
13.6552,7.0570,53.96,128.50,0.026928
13.7398,7.0570,54.23,128.50,0.024985
13.8246,7.0570,53.96,128.50,0.025781
13.9085,7.0570,54.23,128.50,0.025661
13.9973,7.0570,54.50,127.00,0.027778
14.0807,7.0570,54.23,125.00,0.025620
14.1673,7.0570,54.50,125.00,0.025539
14.2515,7.0570,54.50,125.00,0.025625
14.3415,6.8440,53.96,125.00,0.027738
14.4300,6.8440,54.50,125.50,0.027074
14.5205,6.8440,54.50,126.00,0.027037
14.6095,6.8440,54.50,126.00,0.027026
14.6999,6.8440,54.77,126.00,0.027562
14.7893,6.8440,54.50,126.00,0.027529
14.8805,6.8440,54.77,126.00,0.027329
14.9714,6.8440,54.50,126.00,0.027607
15.0614,6.8440,54.50,126.00,0.027546
15.1500,6.8440,54.23,126.00,0.027027
15.2418,6.8210,54.77,126.00,0.027330
15.3320,6.8210,54.77,126.00,0.027875
15.4228,6.8210,54.50,126.00,0.027777
15.5132,6.8210,54.50,126.00,0.027858
15.6026,6.8210,54.77,126.00,0.026463
15.6928,6.8210,55.04,126.00,0.027589
15.7813,6.8210,54.50,126.00,0.025072
15.8647,6.8210,54.50,126.00,0.025640
15.9511,6.8210,54.50,126.00,0.025689
16.0390,6.8210,54.23,126.00,0.027890
16.1317,6.8210,54.23,126.00,0.027605
16.2206,6.8495,54.50,126.00,0.028705
16.3133,6.8780,53.96,126.00,0.027877
16.4014,6.8780,53.96,126.00,0.027255
16.4919,6.8780,54.77,126.00,0.027452
16.5814,6.8780,54.77,126.00,0.026913
16.6720,6.8780,54.23,126.00,0.027224
16.7612,6.8780,54.50,126.00,0.027228
16.8488,6.8780,54.77,126.00,0.026760
16.9347,6.8780,54.77,126.00,0.027215
17.0232,6.8780,54.50,126.50,0.028406
17.1089,6.8780,54.23,127.00,0.027265
17.1958,6.8760,54.77,127.00,0.026757
17.2864,6.8740,54.50,127.00,0.026816
17.3775,6.8740,54.77,127.00,0.026777
17.4685,6.8740,54.50,127.00,0.027616
17.5581,6.8740,54.77,127.00,0.026999
17.6481,6.8740,54.77,127.00,0.026900
17.7365,6.8740,54.23,127.00,0.026724
17.8214,6.8740,54.50,127.00,0.026534
17.9082,6.8740,54.77,127.00,0.025641
17.9939,6.8740,54.77,127.00,0.026535
18.0805,6.8740,54.77,127.00,0.026909
18.1677,6.8740,54.50,127.00,0.026349
18.2553,7.0570,54.77,127.00,0.026894
18.3401,7.0570,54.77,127.00,0.026807
18.4273,7.0570,54.77,127.00,0.026845
18.5127,7.0570,55.04,127.00,0.026199
18.5998,7.0570,54.77,127.00,0.026969
18.6851,7.0570,54.50,127.00,0.026415
18.7719,7.0570,54.77,127.00,0.026998
18.8588,7.0570,54.77,127.00,0.026231
18.9452,7.0570,55.58,127.00,0.026385
19.0304,7.0570,54.77,127.00,0.026341
19.1169,7.0570,55.04,127.00,0.026015
19.2029,7.0535,55.04,127.00,0.026738
19.2921,7.0500,54.50,127.00,0.026773
19.3772,7.0500,54.23,127.00,0.026675
19.4645,7.0500,54.77,127.00,0.026863
19.5505,7.0500,54.77,127.00,0.026954
19.6352,7.0500,54.50,127.00,0.025437
19.7191,7.0500,54.77,127.00,0.025585
19.8041,7.0500,54.77,127.00,0.025600
19.8913,7.0500,54.77,127.00,0.027343
19.9802,7.0500,55.04,127.00,0.026904
20.0660,7.0500,55.31,127.00,0.026684
20.1543,7.0500,55.04,127.00,0.026824
20.2406,6.9350,55.31,127.00,0.026839
20.3276,6.9350,55.04,127.00,0.026629
20.4113,6.9350,54.77,127.00,0.025499
20.4964,6.9350,54.77,127.00,0.025555
20.5812,6.9350,55.04,127.00,0.025966
20.6681,6.9350,54.50,128.00,0.026287
20.7549,6.9350,55.04,128.00,0.026980
20.8426,6.9350,54.77,128.00,0.026948
20.9281,6.9350,55.04,128.00,0.026578
21.0154,6.9350,55.04,128.00,0.026681
21.1004,6.9350,54.50,128.00,0.026530
21.1877,6.9715,54.77,128.00,0.026595
21.2730,7.0080,54.77,128.00,0.026047
21.3602,7.0080,54.77,128.00,0.026941
21.4462,7.0080,54.50,128.00,0.026707
21.5332,7.0080,55.04,128.00,0.026495
21.6187,7.0080,55.04,128.00,0.026692
21.7057,7.0080,54.77,128.00,0.026588
21.7910,7.0080,54.77,128.00,0.026699
21.8775,7.0080,55.31,128.00,0.026767
21.9634,7.0080,55.04,128.00,0.027055
22.0507,7.0080,55.31,128.00,0.027246
22.1364,7.0080,55.31,128.00,0.027053
22.2234,7.0270,54.50,128.00,0.026541
22.3091,7.0460,54.77,128.00,0.026495
22.4005,7.0460,54.77,128.00,0.027581
22.4894,7.0460,55.04,128.00,0.027430
22.5744,7.0460,55.04,128.00,0.025232
22.6617,7.0460,55.04,128.00,0.028171
22.7524,7.0460,55.04,128.00,0.027655
22.8406,7.0460,55.04,128.00,0.027024
22.9274,7.0460,55.04,128.00,0.026539
23.0161,7.0460,55.31,128.00,0.027029
23.1054,7.0460,54.77,128.00,0.026634
23.1940,6.9600,55.04,128.00,0.027616
23.2838,6.8740,54.77,128.00,0.027208
23.3691,6.8740,55.31,128.00,0.025189
23.4549,6.8740,54.77,128.00,0.025598
23.5387,6.8740,55.31,128.00,0.026000
23.6245,6.8740,54.77,128.00,0.025971
23.7098,6.8740,55.31,128.00,0.026314
23.7957,6.8740,55.31,128.00,0.026076
23.8794,6.8740,54.77,128.00,0.025523
23.9641,6.8740,55.31,128.00,0.025236
24.0472,6.8740,55.31,128.00,0.025402
24.1320,6.8740,54.77,128.00,0.025239
24.2170,6.8570,54.77,128.00,0.027056
24.3040,6.8400,55.31,128.00,0.026840
24.3895,6.8400,54.77,128.00,0.026688
24.4760,6.8400,55.04,128.00,0.026463
24.5622,6.8400,55.31,128.00,0.026716
24.6499,6.8400,55.04,128.00,0.026706
24.7355,6.8400,55.31,128.00,0.026768
24.8227,6.8400,55.04,128.00,0.027149
24.9083,6.8400,55.31,128.00,0.026738
24.9954,6.8400,55.58,128.00,0.026541
25.0803,6.8400,55.31,128.00,0.026415
25.1672,6.8400,54.77,128.00,0.025940
25.2555,6.8400,55.31,128.00,0.026454
25.3430,6.8400,55.04,128.00,0.026305
25.4286,6.8400,55.04,128.00,0.026800
25.5164,6.8400,55.31,128.00,0.026857
25.6019,6.8400,54.77,128.00,0.026419
25.6892,6.8400,55.04,128.00,0.026381
25.7762,6.8400,55.84,128.00,0.026931
25.8637,6.8400,55.31,128.00,0.026870
25.9493,6.8400,55.31,128.00,0.026752
26.0353,6.8400,55.04,128.00,0.025741
26.1187,6.8400,55.58,128.00,0.025528
26.2041,6.8400,54.77,128.00,0.025415
26.2898,6.8265,55.04,128.00,0.026551
26.3777,6.8130,55.31,128.00,0.026659
26.4635,6.8130,55.31,128.00,0.026391
26.5507,6.8130,55.04,128.00,0.027146
26.6359,6.8130,55.04,128.00,0.026640
26.7233,6.8130,55.04,128.00,0.026792
26.8091,6.8130,55.31,128.00,0.026056
26.8959,6.8130,55.58,128.00,0.026279
26.9815,6.8130,54.77,128.00,0.026456
27.0690,6.8130,55.04,128.00,0.026965
27.1553,6.8130,55.58,128.00,0.027168
27.2433,6.9240,55.58,128.00,0.026923
27.3296,6.9240,55.58,128.00,0.026546
27.4173,6.9240,55.58,128.00,0.026691
27.5030,6.9240,55.58,128.00,0.026166
27.5921,6.9240,55.04,128.00,0.026617
27.6769,6.9240,55.58,128.00,0.026149
27.7629,6.9240,55.58,128.00,0.026212
27.8475,6.9240,55.04,128.00,0.026528
27.9349,6.9240,55.04,128.00,0.026358
28.0208,6.9240,55.58,128.00,0.026523
28.1084,6.9240,55.58,128.00,0.026712
28.1946,6.8935,55.31,128.00,0.027286
28.2823,6.8630,55.58,128.00,0.027364
28.3677,6.8630,55.84,128.00,0.026403
28.4552,6.8630,55.84,128.00,0.026602
28.5416,6.8630,55.31,128.00,0.027493
28.6286,6.8630,55.58,128.00,0.026402
28.7158,6.8630,55.58,128.00,0.027754
28.8032,6.8630,55.04,128.00,0.026849
28.8894,6.8630,55.31,128.00,0.027053
28.9764,6.8630,55.58,128.00,0.025738
29.0620,6.8630,55.31,128.00,0.026536
29.1494,6.8630,55.31,128.00,0.026954
29.2361,6.9960,55.04,128.00,0.026927
29.3235,6.9960,55.84,128.00,0.027135
29.4093,6.9960,55.84,128.00,0.026833
29.4974,6.9960,55.58,128.00,0.026733
29.5830,6.9960,55.58,128.00,0.026726
29.6705,6.9960,55.31,128.00,0.026865
29.7562,6.9960,55.84,128.00,0.026619
29.8437,6.9960,55.58,128.00,0.026864
29.9309,6.9960,55.58,128.00,0.026741
30.0182,6.9960,55.58,128.00,0.026769
30.1044,6.9960,55.58,128.00,0.027662
30.1888,6.9960,55.84,128.00,0.025236
30.2719,6.9960,55.84,128.00,0.025573
30.3568,6.9960,55.58,128.00,0.025631
30.4427,6.9275,55.84,128.00,0.027439
30.5302,6.8590,55.31,127.50,0.026920
30.6156,6.8590,55.84,128.00,0.026477
30.7020,6.8590,55.31,128.00,0.026127
30.7863,6.8590,55.84,128.00,0.025773
30.8717,6.8590,55.84,128.00,0.026014
30.9560,6.8590,55.58,128.00,0.026300
31.0436,6.8590,55.04,127.50,0.026720
31.1276,6.8590,55.84,127.00,0.025233
31.2118,6.8590,55.58,127.50,0.025071
31.2951,6.8590,55.84,127.50,0.025272
31.3808,6.8590,55.58,127.00,0.025321
31.4649,6.8590,55.84,127.00,0.025974
31.5522,6.8590,55.84,127.50,0.027121
31.6404,6.8590,55.84,127.50,0.027009
31.7299,6.8590,55.84,128.00,0.026914
31.8192,6.8590,55.84,127.50,0.027523
31.9100,6.8590,55.31,128.00,0.028142
32.0003,6.8590,55.84,128.00,0.027003
32.0911,6.8590,55.58,128.00,0.027769
32.1801,6.8590,55.84,127.50,0.027487
32.2716,6.8590,55.84,126.00,0.028867
32.3603,6.8590,55.58,124.00,0.027157
32.4524,6.8590,55.84,124.00,0.026816
32.5427,6.8590,55.58,124.00,0.028198
32.6345,6.8590,55.58,124.00,0.027223
32.7229,6.8590,55.84,124.00,0.027576
32.8137,6.9240,55.84,124.00,0.027929
32.9019,6.9240,56.11,124.00,0.027449
32.9936,6.9240,55.58,124.00,0.026812
33.0849,6.9240,55.58,124.00,0.027578
33.1748,6.9240,55.84,124.00,0.026943
33.2639,6.8470,55.31,124.00,0.026800
33.3570,6.8470,55.84,124.00,0.027252
33.4455,6.8470,55.84,124.00,0.027550
33.5314,6.8470,55.84,124.00,0.025474
33.6154,6.8470,55.58,124.00,0.025295
33.7012,6.8470,55.84,124.00,0.025630
33.7889,6.8470,56.11,124.00,0.027101
33.8788,6.8470,55.84,124.50,0.026690
33.9685,6.8470,56.11,125.00,0.027485
34.0597,6.8470,55.84,125.00,0.027926
34.1489,6.8470,55.84,125.00,0.027690
34.2425,6.8860,55.84,125.00,0.027685
34.3319,6.8860,55.84,125.00,0.028131
34.4224,6.8860,55.58,125.00,0.027837
34.5121,6.8860,55.58,125.00,0.027225
34.6032,6.8860,55.84,125.00,0.027495
34.6930,6.8860,55.58,125.00,0.027390
34.7840,6.8860,55.84,125.00,0.027415
34.8726,6.8860,55.84,125.00,0.027026
34.9635,6.8860,55.58,125.00,0.027982
35.0515,6.8860,55.84,125.00,0.027568
35.1418,6.8860,55.58,125.00,0.027742
35.2325,6.9240,55.58,125.00,0.027283
35.3217,6.9240,55.84,125.00,0.027423
35.4058,6.9240,55.58,125.00,0.025515
35.4904,6.9240,55.84,126.00,0.025447
35.5756,6.9240,55.58,126.00,0.026309
35.6638,6.9240,55.84,126.00,0.026590
35.7510,6.9240,55.84,126.00,0.025409
35.8369,6.9240,55.84,126.00,0.025622
35.9242,6.9240,55.84,126.00,0.026562
36.0110,6.9240,56.11,126.00,0.025234
36.0937,6.9240,55.84,126.00,0.025522
36.1793,6.9240,55.84,126.00,0.026223
36.2666,6.9905,55.84,126.00,0.027614
36.3535,7.0570,55.84,126.00,0.025475
36.4365,7.0570,56.11,126.00,0.025107
36.5241,7.0570,55.84,126.00,0.025385
36.6074,7.0570,55.84,126.00,0.025743
36.6935,7.0570,55.58,126.00,0.026179
36.7791,7.0570,56.11,126.00,0.026622
36.8662,7.0570,55.84,126.00,0.026591
36.9507,7.0570,55.84,126.00,0.026295
37.0358,7.0570,56.11,126.00,0.025577
37.1198,7.0570,56.11,126.00,0.025936
37.2073,6.9885,56.11,126.00,0.027088
37.2928,6.9200,55.84,126.00,0.025934
37.3780,6.9200,55.84,126.00,0.025584
37.4618,6.9200,55.84,126.00,0.025692
37.5490,6.9200,55.84,126.00,0.027243
37.6353,6.9200,56.11,126.00,0.026873
37.7241,6.9200,55.84,126.00,0.026295
37.8095,6.9200,55.84,126.00,0.026430
37.8961,6.9200,55.58,126.00,0.026852
37.9808,6.9200,55.58,126.00,0.026105
38.0670,6.9200,55.58,126.00,0.026147
38.1496,6.9200,55.84,126.00,0.025100
38.2344,6.9200,56.11,126.00,0.025371
38.3171,6.9200,56.11,126.00,0.025637
38.4042,6.8970,55.84,127.00,0.026454
38.4895,6.8740,56.11,127.00,0.025822
38.5764,6.8740,55.84,127.00,0.026360
38.6647,6.8740,55.84,127.00,0.026864
38.7514,6.8740,55.84,127.00,0.026949
38.8363,6.8740,55.58,127.00,0.026791
38.9230,6.8740,55.84,127.00,0.027092
39.0078,6.8740,55.84,127.00,0.026585
39.0953,6.8740,55.84,127.00,0.026519
39.1800,6.9790,55.84,127.00,0.026328
39.2671,7.0840,55.84,127.00,0.026420
39.3525,7.0840,55.84,127.00,0.026623
39.4394,7.0840,56.11,127.00,0.026064
39.5258,7.0840,55.84,127.00,0.026608
39.6132,7.0840,55.84,127.00,0.026396
39.7001,7.0840,56.11,127.00,0.026856
39.7848,7.0840,55.84,127.00,0.025164
39.8706,7.0840,56.11,127.00,0.025466
39.9559,7.0840,55.84,127.00,0.025684
40.0408,7.0840,56.11,127.00,0.026461
40.1283,7.0840,56.11,127.00,0.026144
40.2152,6.9235,56.11,127.00,0.027159
40.3039,6.7630,56.11,127.00,0.027215
40.3922,6.7630,55.84,127.00,0.027155
40.4800,6.7630,55.84,127.00,0.026907
40.5639,6.7630,56.11,127.00,0.025331
40.6487,6.7630,56.11,127.00,0.025459
40.7335,6.7630,56.11,127.00,0.025592
40.8192,6.7630,56.11,127.00,0.026154
40.9060,6.7630,55.84,127.00,0.027363
40.9923,6.7630,55.84,127.00,0.026816
41.0769,6.7630,55.84,127.00,0.026659
41.1635,6.7630,56.11,127.00,0.026974
41.2483,6.9310,56.11,127.00,0.026257
41.3340,6.9310,55.84,127.00,0.025831
41.4180,6.9310,56.11,127.00,0.026240
41.5039,6.9310,55.84,127.00,0.026547
41.5884,6.9310,55.84,127.00,0.026505
41.6754,6.9310,56.38,127.00,0.027066
41.7597,6.9310,56.38,127.00,0.026257
41.8457,6.9310,55.84,127.00,0.026232
41.9304,6.9310,55.84,127.00,0.026383
42.0171,6.9310,55.84,127.00,0.027185
42.1040,6.9310,55.84,127.00,0.026692
42.1902,6.9120,55.84,127.00,0.026716
42.2753,6.8930,56.38,127.00,0.026509
42.3613,6.8930,56.11,127.00,0.026402
42.4457,6.8930,55.84,127.00,0.026120
42.5318,6.8930,56.11,127.00,0.026423
42.6166,6.8930,55.84,127.50,0.026291
42.7019,6.8930,56.11,128.00,0.025326
42.7863,6.8930,56.11,128.00,0.025247
42.8700,6.8930,55.84,128.00,0.025285
42.9536,6.8930,56.38,128.00,0.026115
43.0394,6.8930,56.38,128.00,0.026523
43.1240,6.8930,56.11,128.00,0.027118
43.2096,6.8720,55.84,128.00,0.026284
43.2950,6.8510,56.11,128.00,0.025377
43.3787,6.8510,55.84,128.00,0.025381
43.4626,6.8510,56.11,128.00,0.026743
43.5490,6.8510,55.84,128.00,0.026752
43.6336,6.8510,56.38,128.00,0.026550
43.7195,6.8510,56.11,128.00,0.026288
43.8038,6.8510,55.84,128.00,0.026239
43.8896,6.8510,56.11,128.00,0.026506
43.9764,6.8510,56.38,128.00,0.026660
44.0602,6.8510,56.11,128.00,0.025084
44.1428,6.8510,56.65,128.00,0.025404
44.2271,6.8510,56.11,127.50,0.025669
44.3101,6.8510,56.38,127.50,0.025378
44.3947,6.8510,56.11,127.50,0.025952
44.4798,6.9280,55.84,128.00,0.026665
44.5667,6.9280,56.11,128.00,0.027258
44.6507,6.9280,56.11,128.00,0.026407
44.7369,6.9280,56.38,128.00,0.026269
44.8213,6.9280,55.84,128.00,0.026236
44.9074,6.9280,56.65,128.00,0.026706
44.9924,6.9280,56.11,128.00,0.026988
45.0768,6.9280,56.38,128.00,0.025108
45.1594,6.9280,56.11,128.00,0.025570
45.2434,6.9280,56.11,128.00,0.025552
45.3277,7.0195,56.38,128.00,0.026712
45.4142,7.1110,55.84,128.00,0.026526
45.4991,7.1110,56.38,128.00,0.026920
45.5855,7.1110,56.38,128.00,0.026534
45.6695,7.1110,56.11,128.00,0.026037
45.7552,7.1110,55.84,128.00,0.026015
45.8411,7.1110,56.11,128.00,0.026963
45.9272,7.1110,56.11,128.00,0.026538
46.0110,7.1110,56.11,128.00,0.026544
46.0974,7.1110,56.38,128.00,0.026577
46.1823,7.1035,56.38,128.00,0.026849
46.2677,7.0960,56.11,128.00,0.025383
46.3505,7.0960,56.38,127.50,0.025428
46.4349,7.0960,56.11,127.00,0.025761
46.5201,7.0960,56.38,127.50,0.027551
46.6053,7.0960,56.65,127.00,0.026232
46.6893,7.0960,56.11,128.00,0.026493
46.7751,7.0960,56.38,128.00,0.026115
46.8591,7.0960,56.11,128.00,0.025984
46.9475,7.0960,56.65,128.00,0.026470
47.0321,7.0960,56.11,128.00,0.027249
47.1179,7.0960,56.38,128.00,0.026410
47.2041,7.0175,56.11,128.00,0.026216
47.2910,6.9390,56.11,128.00,0.026330
47.3756,6.9390,56.38,128.00,0.026526
47.4618,6.9390,56.11,128.00,0.026875
47.5459,6.9390,56.38,128.00,0.026626
47.6326,6.9390,56.11,128.00,0.026902
47.7166,6.9390,55.84,128.00,0.026241
47.8022,6.9390,56.11,128.00,0.026230
47.8875,6.9390,56.38,128.00,0.027073
47.9744,6.9390,55.84,128.00,0.027213
48.0579,6.9390,56.65,128.00,0.026472
48.1441,6.9390,56.11,128.00,0.027180
48.2265,6.9390,56.38,128.00,0.025719
48.3105,6.9390,56.65,128.00,0.025633
48.3932,6.9390,56.38,128.00,0.025608
48.4797,6.9390,56.38,128.00,0.027147
48.5654,6.9390,56.38,128.00,0.027053
48.6515,6.9390,56.38,128.00,0.026767
48.7356,6.9390,56.38,128.00,0.026120
48.8216,6.9390,56.38,128.00,0.026466
48.9058,6.9390,56.38,128.00,0.026098
48.9920,6.9390,56.11,128.00,0.026731
49.0765,6.9390,56.38,128.00,0.026907
49.1632,6.9390,56.65,128.00,0.027211
49.2477,6.9390,56.38,128.00,0.026360
49.3335,6.9715,56.92,128.00,0.026423
49.4188,7.0040,56.65,128.00,0.026273
49.5054,7.0040,56.38,128.00,0.027041
49.5904,7.0040,56.65,128.00,0.026994
49.6770,7.0040,56.65,128.00,0.027134
49.7615,7.0040,56.38,128.00,0.026665
49.8480,7.0040,56.38,128.00,0.026155
49.9318,7.0040,56.65,128.00,0.025561
50.0157,7.0040,56.92,128.00,0.025183
50.0990,7.0040,56.38,128.00,0.026184
50.1844,7.0670,56.11,128.00,0.026120
50.2718,7.1300,56.65,128.00,0.026829
50.3577,7.1300,56.65,128.00,0.025854
50.4406,7.1300,56.38,128.00,0.025607
50.5274,7.1300,56.11,128.00,0.025913
50.6123,7.1300,56.38,128.00,0.027218
50.6993,7.1300,56.65,128.00,0.027363
50.7836,7.1300,56.11,128.00,0.026571
50.8697,7.1300,56.92,128.00,0.026539
50.9553,7.1300,56.38,128.00,0.027108
51.0407,7.1300,56.65,128.00,0.025807
51.1230,7.1300,56.38,128.00,0.025450
51.2072,7.1300,56.38,128.00,0.025737
51.2907,7.1300,56.65,128.00,0.025994
51.3806,7.0920,56.11,128.00,0.026753
51.4674,7.0920,56.11,128.00,0.026756
51.5566,7.0920,56.65,128.00,0.027223
51.6397,7.0920,56.38,128.00,0.025405
51.7243,7.0920,56.92,128.00,0.025499
51.8100,7.0920,56.92,128.00,0.027488
51.8998,7.0920,56.38,128.00,0.027175
51.9868,7.0920,56.65,128.00,0.026668
52.0764,7.0920,56.92,128.00,0.027409
52.1663,7.0920,56.65,128.00,0.027745
52.2564,6.8360,56.65,128.00,0.027885
52.3448,6.8360,56.65,128.00,0.027713
52.4356,6.8360,56.65,128.00,0.026890
52.5272,6.8360,56.92,128.00,0.027261
52.6178,6.8360,56.65,128.00,0.027055
52.7032,6.8360,56.65,128.00,0.026353
52.7886,6.8360,56.38,128.00,0.025620
52.8722,6.8360,56.65,128.00,0.025501
52.9606,6.8360,56.11,128.00,0.026272
53.0435,6.8360,56.38,128.00,0.025474
53.1303,6.8360,56.38,128.00,0.025868
53.2206,6.8190,56.11,128.00,0.027416
53.3120,6.8020,56.65,128.00,0.027807
53.3996,6.8020,56.11,128.00,0.026318
53.4891,6.8020,56.65,128.00,0.027809
53.5775,6.8020,56.65,128.00,0.027948
53.6668,6.8020,56.38,128.00,0.026733
53.7547,6.8020,56.92,128.00,0.026723
53.8448,6.8020,56.38,128.00,0.026908
53.9367,6.8020,56.92,128.00,0.027299
54.0268,6.8020,56.38,128.00,0.027437
54.1163,6.8020,56.65,128.00,0.027657
54.2087,6.8420,56.65,128.00,0.027767
54.2983,6.8820,56.38,128.00,0.027849
54.3883,6.8820,56.92,128.00,0.027925
54.4769,6.8820,56.65,128.00,0.027303
54.5675,6.8820,56.65,128.00,0.026647
54.6587,6.8820,56.92,128.00,0.026801
54.7439,6.8820,56.65,128.00,0.025353
54.8282,6.8820,56.65,128.00,0.025456
54.9154,6.8820,56.92,128.00,0.026248
55.0028,6.8820,56.65,128.00,0.027899
55.0928,6.8820,56.38,128.00,0.027214
55.1777,6.8820,56.65,128.00,0.025154
55.2652,6.8820,56.65,129.00,0.026693
55.3552,6.8610,56.38,129.00,0.027750
55.4418,6.8400,56.65,129.00,0.025412
55.5260,6.8400,56.11,129.00,0.025981
55.6139,6.8400,56.65,129.00,0.025973
55.7040,6.8400,56.92,129.00,0.026832
55.7936,6.8400,56.92,129.00,0.026520
55.8828,6.8400,56.65,129.00,0.027285
55.9729,6.8400,56.92,129.00,0.027468
56.0647,6.8400,56.92,129.00,0.027764
56.1558,6.8400,56.65,129.00,0.027369
56.2461,6.8630,56.65,129.00,0.027821
56.3411,6.8630,56.11,129.00,0.027486
56.4324,6.8630,56.38,129.00,0.027222
56.5238,6.8630,56.38,129.00,0.026616
56.6093,6.8630,56.65,129.00,0.026081
56.6966,6.8630,56.65,129.00,0.026304
56.7828,6.8630,55.84,129.00,0.026880
56.8706,6.8630,56.65,129.00,0.026576
56.9559,6.8630,56.38,129.00,0.026859
57.0442,6.8630,56.65,129.00,0.026428
57.1310,6.8630,56.92,129.00,0.026790
57.2186,6.9715,56.65,129.00,0.026513
57.3056,7.0800,56.92,129.00,0.026886
57.3928,7.0800,56.65,129.00,0.026295
57.4780,7.0800,56.92,129.00,0.026397
57.5653,7.0800,56.65,129.00,0.026830
57.6513,7.0800,56.65,129.00,0.026498
57.7387,7.0800,56.65,129.00,0.026757
57.8243,7.0800,56.65,129.00,0.026373
57.9114,7.0800,56.38,129.00,0.026254
57.9963,7.0800,56.92,129.00,0.026671
58.0842,7.0800,56.65,129.00,0.026926
58.1696,7.0800,56.92,129.00,0.026097
58.2586,7.0840,56.65,129.00,0.027844
58.3476,7.0840,56.92,129.00,0.027139
58.4371,7.0840,56.65,129.00,0.026349
58.5211,7.0840,56.92,129.00,0.026227
58.6068,7.0840,56.92,129.00,0.025826
58.6904,7.0840,56.92,129.00,0.025648
58.7814,7.0840,56.92,129.00,0.027699
58.8699,7.0840,56.92,129.00,0.026411
58.9561,7.0840,56.38,129.00,0.025434
59.0414,7.0840,56.92,129.00,0.025768
59.1281,7.0840,56.92,129.00,0.026274
59.2177,7.0420,56.65,129.00,0.026800
59.3076,7.0000,56.92,129.00,0.026462
59.3929,7.0000,56.38,129.00,0.026848
59.4798,7.0000,56.92,129.00,0.026146
59.5657,7.0000,57.19,129.00,0.026403
59.6531,7.0000,56.65,129.00,0.026514
59.7391,7.0000,56.92,129.00,0.026745
59.8265,7.0000,56.65,129.00,0.026586
59.9114,7.0000,56.65,129.00,0.026090
59.9987,7.0000,56.92,129.00,0.026214
60.0847,7.0000,56.92,129.00,0.026564
60.1714,7.0000,56.65,129.00,0.025818
60.2596,6.8360,56.92,129.00,0.026699
60.3469,6.8360,56.92,129.00,0.026705
60.4310,6.8360,56.65,129.00,0.025560
60.5165,6.8360,56.65,129.00,0.025811
60.6004,6.8360,56.92,129.00,0.025561
60.6877,6.8360,56.92,129.00,0.026415
60.7730,6.8360,56.92,129.00,0.026411
60.8607,6.8360,56.92,129.00,0.026819
60.9486,6.8360,56.92,129.00,0.027353
61.0414,6.8360,56.65,129.00,0.027595
61.1307,6.8360,56.92,129.00,0.027331
61.2209,6.8570,56.92,129.00,0.027033
61.3108,6.8780,56.92,129.00,0.027250
61.4012,6.8780,56.92,129.00,0.026955
61.4926,6.8780,56.38,129.00,0.027477
61.5838,6.8780,56.65,129.00,0.027541
61.6728,6.8780,56.65,129.00,0.027507
61.7649,6.8780,56.65,129.00,0.025945
61.8484,6.8780,56.92,129.00,0.025235
61.9366,6.8780,56.92,129.00,0.025449
62.0229,6.8780,56.38,129.00,0.027081
62.1088,6.8780,56.65,129.00,0.025742
62.1927,6.8780,56.92,129.00,0.025810
62.2796,6.8780,56.92,129.00,0.025340
62.3669,6.8780,57.19,129.00,0.027296
62.4600,6.8780,56.92,129.00,0.026917
62.5496,6.8780,56.92,129.00,0.027409
62.6398,6.8780,56.92,129.00,0.027090
62.7294,6.8780,56.92,129.00,0.027524
62.8200,6.8780,56.92,129.00,0.027074
62.9100,6.8780,56.92,129.00,0.028190
63.0016,6.8780,56.92,129.00,0.027770
63.0937,6.8780,56.92,129.00,0.028185
63.1847,6.8780,56.65,129.00,0.027961
63.2724,6.8780,56.92,129.00,0.026220
63.3598,6.8780,56.65,129.00,0.025904
63.4455,6.8780,56.92,129.00,0.026510
63.5334,6.9050,56.65,129.00,0.026397
63.6196,6.9050,56.92,129.00,0.027328
63.7070,6.9050,56.92,129.00,0.026494
63.7924,6.9050,57.19,129.00,0.026067
63.8798,6.9050,56.65,129.00,0.026134
63.9656,6.9050,56.38,129.00,0.026056
64.0530,6.9050,56.65,129.50,0.026571
64.1391,6.9050,56.92,130.00,0.027186
64.2272,6.9280,56.92,130.00,0.027158
64.3124,6.9510,56.65,130.00,0.025988
64.4005,6.9510,56.92,130.00,0.026361
64.4868,6.9510,56.92,130.00,0.026569
64.5799,6.9510,56.92,130.00,0.027327
64.6686,6.9510,56.92,130.00,0.027221
64.7592,6.9510,56.92,130.00,0.027007
64.8448,6.9510,56.65,130.00,0.026923
64.9326,6.9510,56.92,130.00,0.026730
65.0182,6.9510,57.19,130.00,0.026736
65.1072,6.9510,57.19,130.00,0.025588
65.1926,6.9720,56.65,130.00,0.026906
65.2803,6.9930,56.65,130.00,0.026586
65.3645,6.9930,56.92,130.00,0.025732
65.4498,6.9930,56.92,130.00,0.025677
65.5334,6.9930,56.92,130.00,0.025511
65.6207,6.9930,56.92,130.00,0.026110
65.7065,6.9930,56.92,130.00,0.026468
65.7940,6.9930,56.92,130.00,0.026597
65.8805,6.9930,56.65,130.00,0.027628
65.9677,6.9930,57.46,130.00,0.026529
66.0533,6.9930,56.92,130.00,0.026850
66.1408,6.9930,57.19,130.00,0.026083
66.2266,6.9375,56.92,130.00,0.026415
66.3142,6.8820,56.92,130.00,0.026240
66.4004,6.8820,56.92,130.00,0.027167
66.4875,6.8820,56.92,130.00,0.026493
66.5730,6.8820,57.19,130.00,0.026740
66.6610,6.8820,56.92,130.00,0.026400
66.7464,6.8820,56.92,130.00,0.026014
66.8339,6.8820,56.92,130.00,0.026165
66.9199,6.8820,56.92,130.00,0.026733
67.0072,6.8820,56.65,130.00,0.026704
67.0935,6.8820,57.19,130.00,0.026895
67.1807,6.8820,57.19,130.00,0.026286
67.2677,6.9120,57.19,130.00,0.026306
67.3557,6.9120,56.92,130.00,0.026594
67.4413,6.9120,56.92,130.00,0.026129
67.5282,6.9120,57.19,130.00,0.026234
67.6134,6.9120,56.92,130.00,0.026428
67.7015,6.9120,56.65,130.00,0.026961
67.7882,6.9120,56.92,130.00,0.026638
67.8755,6.9120,56.92,130.00,0.026496
67.9634,6.9120,56.92,130.00,0.026456
68.0510,6.9120,57.19,130.00,0.027003
68.1345,6.9120,56.92,130.00,0.025931
68.2194,6.9120,56.92,130.00,0.025070
68.3036,6.9120,57.19,130.00,0.025719
68.3895,6.9120,57.19,130.00,0.025637
68.4756,6.8740,56.92,130.00,0.026837
68.5637,6.8360,57.19,130.00,0.026467
68.6469,6.8360,57.19,130.00,0.025204
68.7324,6.8360,56.92,130.00,0.025783
68.8185,6.8360,56.92,130.00,0.026861
68.9065,6.8360,56.92,130.00,0.026510
68.9921,6.8360,57.19,130.00,0.026816
69.0798,6.8360,57.46,130.00,0.026374
69.1666,6.8360,57.46,130.00,0.027514
69.2547,7.0990,56.92,130.00,0.026996
69.3402,7.0990,57.46,130.00,0.026612
69.4276,7.0990,56.92,130.00,0.026786
69.5154,7.0990,57.19,130.00,0.026266
69.6027,7.0990,56.92,130.00,0.026895
69.6879,7.0990,57.19,129.50,0.026514
69.7731,7.0990,57.19,129.00,0.025083
69.8572,7.0990,56.92,129.50,0.025852
69.9469,7.0990,56.92,129.50,0.025908
70.0323,7.0990,56.92,129.50,0.026391
70.1200,7.0990,57.46,129.50,0.026401
70.2056,7.0570,56.92,129.00,0.026805
70.2929,7.0150,56.92,129.50,0.026591
70.3782,7.0150,57.19,129.00,0.026734
70.4650,7.0150,56.92,129.50,0.026524
70.5504,7.0150,57.46,129.50,0.026350
70.6375,7.0150,57.46,129.50,0.025928
70.7234,7.0150,56.92,129.50,0.026641
70.8105,7.0150,56.92,129.00,0.026137
70.8958,7.0150,57.19,129.50,0.026891
70.9834,7.0150,57.73,130.00,0.027158
71.0724,7.0150,57.19,130.00,0.026952
71.1598,7.0150,56.92,129.50,0.026600
71.2486,7.0310,57.19,129.50,0.026951
71.3352,7.0310,57.19,129.00,0.026694
71.4213,7.0310,57.19,129.00,0.026551
71.5093,7.0310,56.92,129.50,0.027633
71.5948,7.0310,56.92,129.50,0.026606
71.6812,7.0310,57.19,129.00,0.026444
71.7666,7.0310,56.92,129.00,0.026369
71.8558,7.0310,57.46,129.00,0.026794
71.9417,7.0310,57.19,129.00,0.026541
72.0289,7.0310,56.92,129.00,0.027001
72.1127,7.0310,56.92,129.00,0.025292
72.1976,7.0310,57.46,129.00,0.025501
72.2808,7.0310,57.73,129.00,0.025396
72.3675,7.0480,57.19,129.00,0.026665
72.4533,7.0650,57.19,129.00,0.026608
72.5405,7.0650,57.19,129.00,0.026686
72.6263,7.0650,57.19,129.00,0.026855
72.7123,7.0650,56.92,129.00,0.025781
72.7962,7.0650,57.19,129.00,0.025205
72.8812,7.0650,56.92,129.00,0.025572
72.9655,7.0650,57.46,129.00,0.025813
73.0527,7.0650,56.92,129.00,0.026805
73.1383,7.0650,57.19,129.00,0.026466
73.2256,6.9770,57.19,129.00,0.026667
73.3112,6.8890,57.73,129.00,0.026184
73.3986,6.8890,57.46,129.00,0.026503
73.4844,6.8890,56.92,129.00,0.026904
73.5729,6.8890,57.19,129.00,0.026965
73.6611,6.8890,57.46,129.00,0.027331
73.7483,6.8890,57.19,129.00,0.026683
73.8361,6.8890,57.19,129.00,0.026567
73.9234,6.8890,57.19,129.00,0.026614
74.0102,6.8890,56.92,129.00,0.026925
74.0968,6.8890,56.92,129.00,0.026670
74.1833,6.9200,57.73,129.00,0.027362
74.2710,6.9510,57.46,129.00,0.027020
74.3554,6.9510,57.19,129.00,0.025865
74.4432,6.9510,57.19,129.00,0.026941
74.5280,6.9510,57.19,129.00,0.026143
74.6158,6.9510,57.46,128.50,0.026575
74.7022,6.9510,57.46,128.50,0.026649
74.7888,6.9510,57.46,128.50,0.026966
74.8750,6.9510,57.46,128.50,0.027007
74.9623,6.9510,57.19,128.50,0.026246
75.0457,6.9510,57.19,128.00,0.025019
75.1313,6.9510,56.92,128.00,0.025942
75.2161,6.9450,57.73,128.00,0.026386
75.3038,6.9390,57.19,128.00,0.027071
75.3865,6.9390,57.19,128.50,0.024979
75.4723,6.9390,57.73,128.00,0.025688
75.5593,6.9390,57.73,128.50,0.025918
75.6470,6.9390,58.00,128.00,0.026570
75.7330,6.9390,56.92,128.00,0.027141
75.8178,6.9390,56.92,128.00,0.025392
75.9017,6.9390,57.46,128.00,0.025654
75.9881,6.9390,57.19,128.00,0.025412
76.0731,6.9390,57.73,128.00,0.026141
76.1608,6.9390,57.19,128.00,0.026662
76.2470,6.8360,57.73,128.00,0.026474
76.3349,6.8360,57.46,128.00,0.026911
76.4210,6.8360,57.73,128.00,0.026725
76.5090,6.8360,57.19,128.00,0.027656
76.5949,6.8360,56.92,128.00,0.026959
76.6822,6.8360,56.92,128.00,0.026389
76.7684,6.8360,57.19,128.00,0.026546
76.8544,6.8360,57.46,128.00,0.025854
76.9390,6.8360,56.92,128.00,0.026285
77.0241,6.8360,56.92,128.00,0.025467
77.1077,6.8360,56.92,128.00,0.025419
77.1934,6.8360,57.73,128.00,0.025480
77.2789,6.8360,57.46,128.00,0.026595
77.3675,6.8360,57.19,128.00,0.026052
77.4523,6.8360,57.46,128.00,0.026389
77.5394,6.8360,57.19,128.00,0.026458
77.6247,6.8360,57.46,128.00,0.026096
77.7114,6.8360,57.73,128.00,0.025983
77.7972,6.8360,57.73,128.00,0.026709
77.8841,6.8360,56.92,128.00,0.026423
77.9704,6.8360,57.73,128.00,0.027242
78.0575,6.8360,57.19,128.00,0.026697
78.1413,6.8360,56.92,128.00,0.025002
78.2289,6.8360,57.46,128.00,0.025359
78.3121,6.8360,57.46,128.00,0.025255
78.3982,6.8360,57.73,128.00,0.026639
78.4838,6.8360,57.73,128.00,0.026974
78.5706,6.8360,57.19,127.50,0.026604
78.6566,7.0340,57.73,127.50,0.026565
78.7420,7.0340,57.46,127.00,0.025454
78.8255,7.0340,57.73,127.50,0.025750
78.9111,7.0340,57.46,128.00,0.025914
78.9966,7.0340,57.46,128.00,0.026988
79.0837,7.0340,58.00,128.00,0.026451
79.1692,7.0340,57.19,128.00,0.026562
79.2570,7.1070,57.46,128.00,0.026225
79.3443,7.1070,58.00,128.00,0.025983
79.4310,7.1070,57.46,128.00,0.026344
79.5164,7.1070,58.00,128.00,0.026579
79.6035,7.1070,58.00,128.00,0.026526
79.6895,7.1070,57.73,128.00,0.027046
79.7759,7.1070,56.92,127.50,0.026506
79.8614,7.1070,57.46,127.50,0.026659
79.9487,7.1070,57.46,127.00,0.026411
80.0349,7.1070,58.00,127.00,0.026688
80.1228,7.1070,57.73,127.00,0.026668
80.2079,7.0535,57.46,127.50,0.026434
80.2955,7.0000,57.19,127.00,0.026709
80.3808,7.0000,56.92,127.50,0.026272
80.4679,7.0000,58.00,128.00,0.025803
80.5558,7.0000,57.19,128.00,0.026463
80.6431,7.0000,56.92,128.00,0.026392
80.7274,7.0000,58.00,128.00,0.026577
80.8157,7.0000,57.46,128.00,0.026129
80.9015,7.0000,57.73,127.50,0.026856
80.9882,7.0000,57.73,127.00,0.025505
81.0759,7.0000,57.46,127.50,0.026194
81.1631,7.0000,58.00,127.00,0.026609
81.2506,7.0000,57.46,127.50,0.027116
81.3401,7.0000,57.46,127.50,0.026436
81.4277,7.0000,58.00,127.50,0.026614
81.5146,7.0000,57.73,127.00,0.026780
81.5994,7.0000,58.00,127.50,0.025930
81.6840,7.0000,57.46,127.00,0.025257
81.7675,7.0000,57.46,127.50,0.025609
81.8526,7.0000,57.73,127.00,0.025430
81.9383,7.0000,57.46,127.00,0.027033
82.0270,7.0000,58.00,127.00,0.028102
82.1119,7.0000,57.73,127.00,0.026218
82.1969,7.0000,58.00,127.50,0.026094
82.2814,7.0000,57.19,128.00,0.026312
82.3685,6.9850,57.73,128.00,0.026917
82.4538,6.9850,58.00,128.00,0.026996
82.5403,6.9850,57.73,128.00,0.026683
82.6232,6.9850,57.73,128.00,0.025425
82.7080,6.9850,58.00,128.00,0.025628
82.7913,6.9850,57.73,128.00,0.025964
82.8771,6.9850,58.00,128.00,0.026156
82.9633,6.9850,57.46,128.00,0.027338
83.0486,6.9850,57.73,128.00,0.025660
83.1322,6.9850,57.46,128.00,0.025679
83.2183,6.9850,58.00,128.00,0.026437
83.3041,7.0270,58.00,128.00,0.026378
83.3911,7.0270,57.73,128.00,0.026812
83.4745,7.0270,58.00,128.00,0.025515
83.5591,7.0270,57.73,128.00,0.025277
83.6427,7.0270,57.19,128.00,0.025519
83.7294,7.0270,58.00,128.00,0.026534
83.8148,7.0270,57.19,128.00,0.026929
83.8999,7.0270,57.73,128.00,0.025120
83.9832,7.0270,58.00,128.00,0.025609
84.0686,7.0270,57.46,128.00,0.025499
84.1531,7.0270,57.73,128.00,0.025832
84.2402,6.9930,58.00,128.00,0.026398
84.3257,6.9930,57.46,128.00,0.026413
84.4126,6.9930,57.19,128.00,0.026461
84.4980,6.9930,58.00,128.00,0.026799
84.5857,6.9930,58.00,128.00,0.026388
84.6706,6.9930,57.73,128.00,0.026219
84.7564,6.9930,57.73,128.00,0.025429
84.8405,6.9930,57.73,128.00,0.025700
84.9272,6.9930,58.00,128.00,0.026739
85.0125,6.9930,57.73,128.00,0.026237
85.0979,6.9930,58.00,128.00,0.025318
85.1816,6.9930,57.73,128.00,0.026126
85.2667,6.9930,57.19,128.00,0.025227
85.3525,7.0555,58.27,128.00,0.027511
85.4398,7.1180,57.46,128.00,0.027064
85.5232,7.1180,58.00,128.00,0.025106
85.6104,7.1180,58.00,128.00,0.025448
85.6948,7.1180,58.00,128.00,0.026491
85.7831,7.1180,57.73,128.00,0.026983
85.8680,7.1180,57.46,128.00,0.026342
85.9554,7.1180,58.00,128.00,0.027006
86.0406,7.1180,58.00,128.00,0.026648
86.1275,7.1180,58.00,128.00,0.026664
86.2128,7.1010,57.73,128.00,0.026088
86.2997,7.0840,58.00,128.00,0.026448
86.3848,7.0840,57.73,128.00,0.026459
86.4714,7.0840,58.00,128.00,0.026557
86.5575,7.0840,58.00,128.00,0.027297
86.6445,7.0840,58.00,128.00,0.027075
86.7293,7.0840,58.00,128.00,0.026153
86.8159,7.0840,58.00,128.00,0.025888
86.9014,7.0840,57.73,128.00,0.026105
86.9889,7.0840,58.00,128.00,0.026936
87.0767,7.0840,58.00,128.00,0.027192
87.1644,7.0840,57.46,128.00,0.027161
87.2512,7.0730,57.73,128.00,0.027068
87.3379,7.0730,58.00,128.00,0.026076
87.4230,7.0730,58.00,128.00,0.026145
87.5078,7.0730,57.73,128.00,0.025326
87.5917,7.0730,58.00,128.00,0.026010
87.6804,7.0730,58.00,128.00,0.026837
87.7658,7.0730,57.73,128.00,0.026990
87.8533,7.0730,58.00,128.00,0.026833
87.9387,7.0730,57.73,128.00,0.026433
88.0253,7.0730,58.00,128.00,0.026629
88.1107,7.0730,58.00,128.00,0.026767
88.1977,7.0365,57.46,128.00,0.027197
88.2838,7.0000,58.00,128.00,0.027112
88.3707,7.0000,58.00,128.00,0.026533
88.4537,7.0000,58.00,128.00,0.025148
88.5392,7.0000,57.73,128.00,0.025619
88.6230,7.0000,57.73,128.00,0.026141
88.7095,7.0000,58.00,128.50,0.026098
88.7926,7.0000,58.00,129.00,0.025272
88.8782,7.0000,58.00,129.00,0.025679
88.9625,7.0000,57.73,129.00,0.026233
89.0524,7.0000,57.73,129.00,0.027879
89.1429,7.0000,58.00,129.00,0.027400
89.2333,7.0610,58.00,129.00,0.027966
89.3217,7.0610,58.00,129.00,0.027705
89.4117,7.0610,58.00,129.00,0.027963
89.5002,7.0610,57.46,129.00,0.027380
89.5910,7.0610,58.00,129.00,0.026767
89.6767,7.0610,58.00,129.00,0.026721
89.7633,7.0610,58.00,129.00,0.026468
89.8489,7.0610,58.00,129.00,0.027034
89.9356,7.0610,58.27,129.00,0.026849
90.0205,7.0610,58.00,129.00,0.026765
90.1085,7.0610,57.73,129.00,0.027261
90.1955,7.0420,58.00,129.00,0.026489
90.2824,7.0230,57.73,129.00,0.026614
90.3677,7.0230,58.00,129.00,0.026557
90.4546,7.0230,57.73,129.00,0.026427
90.5403,7.0230,58.00,129.00,0.027020
90.6260,7.0230,58.00,129.00,0.025594
90.7095,7.0230,57.73,129.00,0.025567
90.7946,7.0230,58.00,129.00,0.025745
90.8802,7.0230,58.00,129.00,0.026934
90.9666,7.0230,58.00,129.00,0.026737
91.0522,7.0230,58.00,129.00,0.027007
91.1374,7.0230,58.00,129.00,0.025279
91.2228,7.0230,58.00,129.00,0.025617
91.3074,7.0230,58.00,129.00,0.025757
91.3915,7.0230,57.73,129.00,0.026035
91.4759,7.0230,58.27,129.00,0.025357
91.5586,7.0230,58.00,129.00,0.025209
91.6431,7.0230,58.00,129.00,0.025507
91.7287,7.0230,58.00,129.00,0.026508
91.8166,7.0230,58.00,129.00,0.027302
91.9030,7.0230,57.73,129.00,0.027127
91.9920,7.0230,58.00,129.00,0.026694
92.0778,7.0230,58.00,129.00,0.026731
92.1649,7.0230,58.00,129.00,0.026583
92.2506,7.0230,58.00,129.00,0.025998
92.3392,7.0650,58.00,129.00,0.026280
92.4231,7.1070,57.46,129.00,0.025649
92.5084,7.1070,58.00,129.00,0.025845
92.5932,7.1070,58.00,129.00,0.026177
92.6803,7.1070,58.00,129.00,0.026831
92.7647,7.1070,58.00,129.00,0.025663
92.8506,7.1070,57.73,129.50,0.026198
92.9360,7.1070,58.27,129.00,0.026684
93.0232,7.1070,58.00,129.00,0.027138
93.1091,7.1070,58.00,129.00,0.026973
93.1957,7.0975,58.00,129.00,0.026939
93.2817,7.0880,57.73,129.00,0.026275
93.3680,7.0880,58.00,129.00,0.025654
93.4530,7.0880,58.00,129.00,0.026509
93.5399,7.0880,58.00,129.00,0.027048
93.6252,7.0880,58.00,129.00,0.026801
93.7121,7.0880,57.73,129.00,0.026979
93.7993,7.0880,58.00,129.00,0.026272
93.8854,7.0880,58.00,129.00,0.026147
93.9709,7.0880,58.00,129.00,0.026884
94.0574,7.0880,58.00,129.00,0.026572
94.1427,7.0880,58.00,129.00,0.026965
94.2299,6.9830,58.00,129.00,0.026717
94.3151,6.8780,58.00,129.00,0.026587
94.4016,6.8780,58.00,129.00,0.026231
94.4872,6.8780,58.00,129.00,0.026674
94.5738,6.8780,58.00,129.00,0.026531
94.6600,6.8780,58.00,129.00,0.027124
94.7465,6.8780,58.00,129.00,0.026786
94.8321,6.8780,58.27,129.00,0.026936
94.9177,6.8780,58.27,129.00,0.025739
95.0031,6.8780,58.27,129.00,0.026549
95.0916,6.8780,58.00,129.00,0.026466
95.1768,6.8780,58.00,129.00,0.026839
95.2642,7.1300,58.27,129.00,0.026711
95.3500,7.1300,58.27,129.00,0.026815
95.4372,7.1300,58.00,129.00,0.026495
95.5232,7.1300,58.27,129.00,0.026501
95.6111,7.1300,58.00,129.00,0.027320
95.6968,7.1300,58.27,129.00,0.026983
95.7843,7.1300,58.00,129.00,0.026559
95.8680,7.1300,58.00,129.00,0.025211
95.9527,7.1300,58.00,129.00,0.025770
96.0360,7.1300,58.00,129.00,0.025436
96.1228,7.1300,58.27,129.00,0.026707
96.2089,7.1030,58.00,129.00,0.027395
96.2966,7.0760,58.00,129.00,0.027044
96.3815,7.0760,58.00,129.00,0.025747
96.4665,7.0760,58.00,129.00,0.025578
96.5505,7.0760,58.27,129.00,0.025987
96.6379,7.0760,58.00,129.00,0.026855
96.7234,7.0760,58.00,129.00,0.026389
96.8114,7.0760,58.00,129.00,0.026310
96.8960,7.0760,58.00,129.00,0.025916
96.9831,7.0760,58.27,129.00,0.026779
97.0674,7.0760,58.00,129.00,0.025769
97.1533,7.0760,58.00,129.00,0.025698
97.2387,7.0630,58.00,129.00,0.027120
97.3264,7.0500,58.00,129.00,0.026435
97.4111,7.0500,58.00,129.00,0.025645
97.4959,7.0500,58.00,129.00,0.025666
97.5792,7.0500,58.53,129.00,0.025468
97.6640,7.0500,58.00,129.00,0.025646
97.7488,7.0500,58.00,129.00,0.027131
97.8355,7.0500,58.00,128.50,0.026356
97.9212,7.0500,58.00,128.50,0.027249
98.0075,7.0500,58.00,128.50,0.026662
98.0924,7.0500,58.00,128.00,0.026409
98.1802,7.0555,58.27,128.50,0.027248
98.2658,7.0610,58.53,128.50,0.026611
98.3534,7.0610,58.00,128.50,0.027065
98.4387,7.0610,58.27,128.50,0.027028
98.5263,7.0610,58.27,128.50,0.027478
98.6117,7.0610,58.00,128.50,0.026558
98.6987,7.0610,58.27,128.00,0.026659
98.7833,7.0610,58.00,129.00,0.025562
98.8686,7.0610,58.00,129.00,0.025739
98.9520,7.0610,58.27,129.00,0.025592
99.0380,7.0610,58.00,128.00,0.025856
99.1223,7.0610,58.27,128.50,0.026183
99.2088,7.0420,58.27,129.00,0.027170
99.2951,7.0230,58.27,129.00,0.026772
99.3796,7.0230,58.00,129.00,0.025313
99.4654,7.0230,58.27,129.00,0.027109
99.5529,7.0230,58.27,129.00,0.027120
99.6376,7.0230,58.27,128.50,0.026089
99.7250,7.0230,58.00,128.50,0.026703
99.8095,7.0230,58.27,128.00,0.025984
99.8963,7.0230,58.53,128.00,0.026637
99.9816,7.0230,58.00,128.00,0.026762
100.0677,7.0230,58.00,128.00,0.026317
100.1533,7.0230,58.00,128.00,0.026765
100.2399,7.0990,58.27,128.00,0.026041
100.3249,7.0990,58.80,128.00,0.025986
100.4104,7.0990,58.00,128.00,0.025736
100.4937,7.0990,58.27,128.00,0.025793
100.5794,7.0990,58.27,128.00,0.025968
100.6640,7.0990,58.53,128.00,0.026628
100.7508,7.0990,58.27,128.50,0.026502
100.8361,7.0990,58.53,128.00,0.026368
100.9229,7.0990,58.27,128.00,0.026693
101.0067,7.0990,58.00,128.00,0.025299
101.0910,7.0990,58.00,128.00,0.025201
101.1748,7.0990,58.00,128.00,0.025841
101.2602,7.0475,58.00,128.00,0.026455
101.3458,6.9960,58.27,128.50,0.026475
101.4327,6.9960,57.73,128.00,0.027010
101.5200,6.9960,58.27,128.00,0.026586
101.6072,6.9960,58.27,128.00,0.026767
101.6920,6.9960,58.00,128.00,0.026445
101.7788,6.9960,58.27,128.00,0.026307
101.8638,6.9960,58.00,128.00,0.026242
101.9508,6.9960,58.53,128.00,0.026855
102.0357,6.9960,58.53,128.00,0.026512
102.1220,6.9960,58.27,128.00,0.026618
102.2075,6.9315,58.27,128.00,0.026789
102.2945,6.8670,58.00,128.00,0.026607
102.3795,6.8670,58.53,128.00,0.026324
102.4659,6.8670,58.27,128.00,0.026412
102.5513,6.8670,58.00,128.00,0.027000
102.6375,6.8670,58.27,128.00,0.026410
102.7229,6.8670,58.53,128.00,0.026507
102.8098,6.8670,58.00,128.00,0.026203
102.8950,6.8670,58.00,128.00,0.026019
102.9823,6.8670,58.53,128.00,0.026772
103.0671,6.8670,58.27,128.00,0.026188
103.1540,6.8670,58.27,128.00,0.027079
103.2400,7.1180,58.00,128.00,0.026925
103.3270,7.1180,58.00,128.00,0.027035
103.4118,7.1180,58.27,128.00,0.025629
103.4995,7.1180,58.00,128.00,0.026635
103.5847,7.1180,58.27,128.00,0.026242
103.6719,7.1180,58.00,128.00,0.026683
103.7576,7.1180,58.53,128.00,0.027610
103.8443,7.1180,58.00,128.00,0.026417
103.9293,7.1180,58.27,128.00,0.026229
104.0157,7.1180,58.27,128.00,0.025299
104.0997,7.1180,58.27,128.00,0.026098
104.1844,7.1180,58.00,128.00,0.025250
104.2706,7.0455,58.53,128.00,0.027737
104.3579,6.9730,58.00,128.00,0.026597
104.4430,6.9730,58.53,128.00,0.026264
104.5305,6.9730,58.27,128.00,0.026415
104.6160,6.9730,58.00,128.00,0.026958
104.7029,6.9730,58.53,128.00,0.026819
104.7874,6.9730,58.53,128.00,0.026345
104.8742,6.9730,58.00,128.00,0.026595
104.9579,6.9730,58.27,128.00,0.025106
105.0429,6.9730,58.00,128.00,0.025726
105.1268,6.9730,58.53,128.00,0.026224
105.2137,7.0570,58.27,128.00,0.027021
105.2997,7.1410,58.53,127.50,0.027025
105.3887,7.1410,58.27,128.00,0.026873
105.4732,7.1410,58.80,128.00,0.026042
105.5598,7.1410,58.53,128.00,0.026968
105.6455,7.1410,58.27,128.00,0.026658
105.7330,7.1410,58.00,128.00,0.027326
105.8184,7.1410,58.53,128.00,0.026884
105.9053,7.1410,58.00,128.00,0.026641
105.9908,7.1410,58.53,128.00,0.026662
106.0768,7.1410,58.27,128.00,0.025954
106.1619,7.1410,58.53,128.00,0.026480
106.2486,7.1410,58.27,128.00,0.026849
106.3336,7.1410,58.27,128.00,0.026478
106.4186,7.1410,58.53,128.00,0.025844
106.5027,7.1410,58.80,128.00,0.026286
106.5899,7.1410,58.53,128.00,0.026304
106.6752,7.1410,58.80,128.00,0.026270
106.7619,7.1410,58.53,128.00,0.026816
106.8476,7.1410,58.53,128.00,0.026683
106.9345,7.1410,58.53,127.50,0.026889
107.0191,7.1410,58.27,127.50,0.026502
107.1048,7.1410,58.80,127.00,0.025805
107.1882,7.1410,58.27,127.50,0.025506
107.2730,7.1410,58.80,127.00,0.025573
107.3571,7.1410,58.53,128.00,0.025948
107.4439,7.1410,58.53,128.00,0.026837
107.5291,7.1315,58.27,128.00,0.026385
107.6159,7.1220,58.00,128.00,0.026145
107.7010,7.1220,58.27,128.00,0.026435
107.7876,7.1220,58.80,128.00,0.026700
107.8733,7.1220,58.53,128.00,0.026992
107.9598,7.1220,58.00,128.00,0.026617
108.0453,7.1220,58.27,128.00,0.026723
108.1319,7.1220,58.53,128.00,0.025629
108.2153,7.1220,58.27,128.00,0.025480
108.3018,7.1220,58.53,128.00,0.026990
108.3873,7.1220,58.00,128.00,0.027666
108.4777,7.1300,58.53,128.00,0.027706
108.5663,7.1300,58.27,128.00,0.027986
108.6568,7.1300,58.53,128.00,0.027939
108.7443,7.1300,58.27,128.00,0.027243
108.8364,7.1300,58.53,128.00,0.026990
108.9244,7.1300,58.53,128.00,0.027052
109.0137,7.1300,58.00,128.00,0.026969
109.1025,7.1300,58.80,128.00,0.027851
109.1945,7.0690,58.53,128.00,0.028057
109.2852,7.0080,58.27,128.00,0.027707
109.3773,7.0080,58.27,128.00,0.027927
109.4651,7.0080,58.53,128.00,0.027011
109.5551,7.0080,58.27,128.00,0.026865
109.6423,7.0080,58.80,129.00,0.027217
109.7322,7.0080,58.53,129.00,0.027498
109.8205,7.0080,58.53,129.00,0.027641
109.9105,7.0080,58.53,129.00,0.028098
109.9980,7.0080,58.53,129.00,0.026718
110.0854,7.0080,58.80,129.00,0.027719
110.1755,7.0080,58.53,129.00,0.027380
110.2661,6.9620,58.53,129.00,0.027016
110.3550,6.9620,58.27,129.00,0.027599
110.4396,6.9620,58.27,129.00,0.025203
110.5252,6.9620,58.27,129.00,0.025602
110.6109,6.9620,58.00,129.00,0.025840
110.6968,6.9620,58.27,129.00,0.025686
110.7821,6.9620,58.00,129.00,0.025834
110.8657,6.9620,58.27,129.00,0.025619
110.9514,6.9620,58.27,129.00,0.026431
111.0376,6.9620,58.00,129.00,0.027056
111.1258,6.9620,58.27,129.00,0.028047
111.2149,6.9030,58.53,129.00,0.027780
111.3066,6.8440,58.27,129.00,0.026677
111.3964,6.8440,58.27,129.00,0.026957
111.4886,6.8440,58.00,129.00,0.027235
111.5765,6.8440,58.53,129.00,0.027535
111.6648,6.8440,58.53,129.00,0.027998
111.7485,6.8440,58.53,129.00,0.025651
111.8344,6.8440,58.27,129.00,0.026401
111.9214,6.8440,58.80,129.00,0.027423
112.0095,6.8440,58.53,129.00,0.026561
112.0976,6.8440,58.80,129.00,0.027349
112.1885,6.8650,58.27,129.00,0.028255
112.2776,6.8860,58.80,129.00,0.028231
112.3671,6.8860,58.53,129.00,0.027753
112.4552,6.8860,58.80,129.00,0.027587
112.5465,6.8860,58.80,129.00,0.028705
112.6318,6.8860,58.00,129.00,0.025282
112.7160,6.8860,58.53,129.00,0.025233
112.7999,6.8860,58.53,129.00,0.026121
112.8881,6.8860,58.27,129.00,0.028058
112.9758,6.8860,58.80,129.00,0.027682
113.0634,6.8860,58.53,129.00,0.026799
113.1472,6.8860,58.53,129.00,0.025923
113.2371,6.9910,58.00,129.00,0.027205
113.3282,7.0960,58.27,129.00,0.027205
113.4179,7.0960,58.27,129.00,0.027293
113.5089,7.0960,58.27,129.00,0.027553
113.6013,7.0960,58.27,129.00,0.027580
113.6905,7.0960,58.27,129.00,0.028426
113.7821,7.0960,58.53,129.00,0.028014
113.8702,7.0960,58.00,129.00,0.027186
113.9587,7.0960,59.07,129.00,0.026393
114.0476,7.0960,58.80,129.00,0.026977
114.1373,7.0960,58.00,129.50,0.027545
114.2265,7.0100,58.80,130.00,0.027804
114.3172,6.9240,58.53,130.00,0.028352
114.4090,6.9240,58.80,130.00,0.027951
114.5001,6.9240,58.53,130.00,0.027978
114.5870,6.9240,58.53,130.00,0.025453
114.6715,6.9240,58.27,130.00,0.025053
114.7573,6.9240,58.53,130.00,0.026803
114.8481,6.9240,58.80,130.00,0.027200
114.9382,6.9240,58.53,130.00,0.028207
115.0305,6.9240,58.80,130.00,0.027913
115.1207,6.9240,58.53,130.00,0.028083
115.2085,6.9240,58.80,130.00,0.025368
115.2932,6.9240,58.27,130.00,0.025952
115.3819,6.9275,58.00,130.00,0.027356
115.4739,6.9310,58.80,130.00,0.027507
115.5655,6.9310,58.27,130.00,0.027739
115.6533,6.9310,58.80,130.00,0.025688
115.7390,6.9310,58.53,130.00,0.025861
115.8240,6.9310,58.27,130.00,0.026422
115.9160,6.9310,58.27,130.00,0.027144
116.0019,6.9310,59.07,130.00,0.025371
116.0874,6.9310,58.80,130.00,0.025529
116.1785,6.8665,58.27,130.00,0.028728
116.2715,6.8020,58.00,130.00,0.027353
116.3579,6.8020,58.53,130.00,0.025945
116.4485,6.8020,58.80,130.00,0.027299
116.5370,6.8020,58.80,130.00,0.027259
116.6278,6.8020,58.80,130.00,0.027145
116.7146,6.8020,58.27,130.00,0.026729
116.8054,6.8020,58.27,130.00,0.027276
116.8950,6.8020,58.27,130.00,0.027582
116.9850,6.8020,58.53,130.00,0.027659
117.0737,6.8020,58.80,130.00,0.028387
117.1648,6.8020,58.53,130.00,0.027981
117.2534,6.9510,58.80,130.00,0.027091
117.3443,6.9510,59.07,130.00,0.026697
117.4331,6.9510,58.53,130.00,0.027328
117.5266,6.9510,58.53,130.00,0.027713
117.6158,6.9510,58.80,130.00,0.027636
117.7039,6.9510,58.53,130.00,0.025243
117.7867,6.9510,58.27,130.00,0.025410
117.8734,6.9510,58.27,130.00,0.025612
117.9596,6.9510,58.80,130.00,0.026729
118.0507,6.9510,58.27,130.00,0.026533
118.1368,6.9510,58.53,130.00,0.026179
118.2291,6.9510,58.80,130.00,0.026866
118.3183,6.9510,58.53,130.00,0.027768
118.4083,6.9510,58.80,130.00,0.027829
118.4993,6.9510,58.27,130.00,0.027730
118.5899,6.9510,58.80,130.00,0.027106
118.6805,6.9510,58.80,130.00,0.026889
118.7718,6.9510,58.53,130.00,0.027056
118.8616,6.9510,58.80,130.00,0.027346
118.9509,6.9510,58.53,130.00,0.025563
119.0349,6.9510,58.53,130.00,0.025352
119.1209,6.9510,58.53,130.00,0.025908
119.2111,6.9105,59.07,130.00,0.027923
119.3034,6.8700,58.27,130.00,0.027967
119.3882,6.8700,59.07,130.00,0.025162
119.4746,6.8700,58.80,130.00,0.025707
119.5593,6.8700,58.53,130.00,0.026252
119.6543,6.8700,58.80,130.00,0.029117
119.7448,6.8700,58.80,130.00,0.027437
119.8308,6.8700,58.80,130.00,0.025510
119.9151,6.8700,59.07,130.00,0.025634
120.0041,6.8700,58.53,130.00,0.027141
120.0935,6.8700,58.53,130.00,0.027119
120.1880,6.8205,58.80,130.00,0.028023
120.2774,6.7710,58.53,130.00,0.027073
120.3638,6.7710,58.53,130.00,0.025184
120.4509,6.7710,58.80,130.00,0.026413
120.5400,6.7710,59.07,130.00,0.026212
120.6293,6.7710,58.80,130.00,0.027681
120.7186,6.7710,58.80,130.00,0.026483
120.8099,6.7710,58.53,130.00,0.027315
120.9008,6.7710,59.07,130.00,0.027738
120.9910,6.7710,58.53,130.00,0.027107
121.0826,6.7710,59.07,130.00,0.026878
121.1714,6.7710,59.07,130.00,0.027444
121.2604,6.8970,58.53,130.00,0.027125
121.3458,6.8970,58.80,130.00,0.026197
121.4339,6.8970,58.53,130.00,0.026261
121.5200,6.8970,58.53,130.00,0.026324
121.6075,6.8970,58.80,130.00,0.027175
121.6926,6.8970,59.07,130.00,0.026846
121.7796,6.8970,58.80,130.00,0.026932
121.8644,6.8970,58.80,130.00,0.026547
121.9519,6.8970,58.53,130.00,0.026468
122.0366,6.8970,58.80,130.00,0.025326
122.1216,6.8970,59.07,130.00,0.025697
122.2063,6.8970,59.07,130.00,0.025943
122.2926,6.8970,59.07,130.00,0.026756
122.3785,7.0540,58.80,130.00,0.026411
122.4658,7.0540,58.80,129.50,0.026322
122.5512,7.0540,59.07,129.00,0.026526
122.6388,7.0540,59.07,130.00,0.026670
122.7240,7.0540,59.07,130.00,0.026776
122.8116,7.0540,59.07,130.00,0.026851
122.8972,7.0540,58.80,130.00,0.026549
122.9843,7.0540,58.80,130.00,0.026479
123.0699,7.0540,59.07,130.00,0.026381
123.1565,7.0540,59.07,130.00,0.026249
123.2424,6.8970,59.07,130.00,0.026397
123.3293,6.8970,59.07,130.00,0.026592
123.4148,6.8970,58.80,130.00,0.026904
123.5046,6.8970,58.80,130.00,0.028021
123.5961,6.8970,59.07,130.00,0.027302
123.6879,6.8970,58.80,130.00,0.026356
123.7771,6.8970,59.07,130.00,0.027340
123.8679,6.8970,58.80,130.00,0.027445
123.9565,6.8970,59.07,130.00,0.027129
124.0479,6.8970,58.80,130.00,0.027924
124.1371,6.8970,59.07,129.50,0.028206
124.2293,6.8800,58.00,129.50,0.027682
124.3178,6.8630,59.07,129.00,0.026801
124.4099,6.8630,58.53,129.00,0.027663
124.5013,6.8630,59.07,129.00,0.027768
124.5888,6.8630,58.80,129.50,0.027318
124.6736,6.8630,58.80,129.50,0.026592
124.7616,6.8630,58.80,129.50,0.026879
124.8474,6.8630,58.80,130.00,0.026391
124.9367,6.8630,59.07,130.00,0.027874
125.0253,6.8630,59.07,130.00,0.026614
125.1152,6.8630,58.80,130.00,0.026845
125.2045,6.8630,59.07,129.50,0.027395
125.2968,6.8630,58.80,129.00,0.027690
125.3835,6.8630,59.07,129.00,0.026292
125.4684,6.8630,58.53,129.00,0.025945
125.5522,6.8630,58.53,129.00,0.025588
125.6396,6.8630,58.80,129.00,0.027344
125.7275,6.8630,59.07,129.00,0.026687
125.8176,6.8630,58.80,129.00,0.027050
125.9062,6.8630,59.07,129.00,0.027900
125.9971,6.8630,59.07,129.00,0.028562
126.0855,6.8630,58.27,129.00,0.028048
126.1761,6.8630,59.07,129.00,0.026679
126.2636,6.8630,58.53,129.00,0.027158
126.3539,6.8630,58.80,129.00,0.027075
126.4416,6.8630,59.07,129.00,0.027027
126.5326,6.8630,59.07,129.00,0.027688
126.6228,6.8630,58.80,129.00,0.027126
126.7144,6.8630,59.07,129.00,0.027657
126.8024,6.8630,58.53,129.00,0.028369
126.8898,6.8630,59.07,129.00,0.026505
126.9754,6.8630,59.07,129.00,0.026753
127.0657,6.8630,59.07,129.00,0.026363
127.1553,6.8630,58.80,129.00,0.027108
127.2478,6.8630,59.07,129.00,0.028994
127.3350,6.8630,59.07,129.00,0.026110
127.4218,6.8630,58.80,129.00,0.026252
127.5086,6.8630,59.07,129.00,0.027941
127.6019,6.8630,59.07,129.00,0.027802
127.6894,6.8630,59.07,129.00,0.026698
127.7772,6.8630,59.34,129.00,0.026781
127.8658,6.8630,58.80,129.00,0.027485
127.9560,6.8630,59.07,129.00,0.027731
128.0392,6.8630,59.07,129.00,0.025863
128.1272,6.8630,59.07,129.00,0.025654
128.2109,6.8630,59.07,129.00,0.026356
128.3043,6.8630,59.07,129.00,0.027128
128.3921,6.8630,58.80,129.00,0.026828
128.4850,6.8630,58.80,129.00,0.027483
128.5750,6.8630,59.61,129.00,0.028311
128.6653,6.8630,59.07,129.00,0.027261
128.7548,6.8630,58.80,129.00,0.028513
128.8442,6.8630,59.07,129.00,0.027292
128.9328,6.8630,59.07,129.00,0.027695
129.0254,6.8630,59.07,129.00,0.026932
129.1135,6.8630,59.07,129.00,0.026631
129.2048,6.8935,59.07,129.00,0.026908
129.2938,6.9240,58.80,130.00,0.027790
129.3843,6.9240,58.80,130.00,0.027167
129.4736,6.9240,59.07,130.00,0.028148
129.5636,6.9240,58.80,130.00,0.027569
129.6519,6.9240,59.07,130.00,0.027709
129.7418,6.9240,58.80,130.00,0.027227
129.8271,6.9240,59.34,130.00,0.026510
129.9171,6.9240,59.07,130.00,0.026618
130.0011,6.9240,59.07,130.00,0.026102
130.0853,6.9240,59.07,130.00,0.025243
130.1682,6.9240,58.80,130.00,0.025373
130.2529,7.0310,59.07,130.00,0.025547
130.3387,7.1380,59.07,130.00,0.026445
130.4244,7.1380,59.07,129.50,0.025732
130.5097,7.1380,59.07,129.50,0.026829
130.5961,7.1380,58.80,129.00,0.026786
130.6811,7.1380,59.07,129.50,0.026910
130.7667,7.1380,59.07,129.50,0.025884
130.8509,7.1380,59.07,129.50,0.026094
130.9372,7.1380,59.07,129.00,0.026436
131.0213,7.1380,59.07,129.50,0.025751
131.1056,7.1380,59.07,129.50,0.025313
131.1888,7.1380,59.07,129.00,0.025622
131.2739,7.1380,59.07,129.00,0.025541
131.3594,7.1380,58.80,129.50,0.025602
131.4435,7.1380,59.07,129.00,0.025574
131.5286,7.1380,59.07,129.00,0.026980
131.6145,7.1380,59.34,129.00,0.026489
131.6990,7.1380,59.07,129.00,0.026561
131.7845,7.1380,58.80,129.00,0.025744
131.8691,7.1380,59.34,129.00,0.026242
131.9558,7.1380,58.53,129.00,0.027160
132.0402,7.1380,59.07,129.00,0.026422
132.1256,7.1380,59.07,129.00,0.026312
132.2110,7.1380,59.07,129.00,0.027205
132.2952,7.1380,59.61,129.00,0.025548
132.3779,7.1380,59.34,129.00,0.025470
132.4624,7.1380,59.07,129.00,0.025738
132.5467,7.1380,59.07,129.00,0.026118
132.6331,7.1380,59.07,129.00,0.026325
132.7177,7.1380,59.07,129.00,0.026850
132.8040,7.1380,59.61,129.00,0.026647
132.8891,7.1380,59.07,129.00,0.026431
132.9752,7.1380,58.80,129.00,0.026338
133.0597,7.1380,59.34,129.00,0.026485
133.1451,7.1380,59.34,129.00,0.026189
133.2300,7.1380,59.07,129.00,0.026831
133.3163,7.1380,59.07,129.00,0.026358
133.4044,7.0385,59.34,129.00,0.027146
133.4915,6.9390,59.34,129.00,0.026894
133.5761,6.9390,59.34,128.50,0.026115
133.6632,6.9390,59.07,128.00,0.027304
133.7481,6.9390,59.07,128.50,0.027014
133.8344,6.9390,59.61,128.50,0.026700
133.9184,6.9390,59.07,128.50,0.026064
134.0055,6.9390,59.07,128.50,0.026994
134.0938,6.9390,59.07,128.50,0.030356
134.1884,7.0365,59.07,128.00,0.028163
134.2739,7.1340,59.07,128.50,0.026927
134.3602,7.1340,59.34,128.00,0.026784
134.4444,7.1340,59.07,129.00,0.025855
134.5307,7.1340,59.34,129.00,0.026422
134.6152,7.1340,58.80,129.00,0.026501
134.7025,7.1340,59.07,129.00,0.026759
134.7877,7.1340,59.34,129.00,0.027084
134.8739,7.1340,59.34,129.00,0.026460
134.9589,7.1340,59.07,129.00,0.026682
135.0438,7.1340,58.80,129.00,0.024794
135.1268,7.1340,59.07,129.00,0.025424
135.2113,7.1340,59.07,129.00,0.025585
135.2951,7.1340,59.07,128.50,0.026631
135.3820,7.1220,59.07,128.50,0.026679
135.4668,7.1220,59.34,128.50,0.026572
135.5531,7.1220,59.07,128.00,0.026362
135.6385,7.1220,59.07,128.50,0.026849
135.7230,7.1220,59.07,128.50,0.025687
135.8060,7.1220,59.07,128.00,0.025730
135.8927,7.1220,59.61,128.00,0.027105
135.9774,7.1220,59.07,128.00,0.026307
136.0642,7.1220,59.61,128.00,0.026835
136.1490,7.1220,59.34,128.00,0.026703
136.2390,7.0475,59.07,128.00,0.029206
136.3305,6.9730,59.07,128.00,0.025395
136.4152,6.9730,59.07,128.00,0.025782
136.5010,6.9730,58.80,128.00,0.027076
136.5867,6.9730,59.07,128.00,0.026106
136.6714,6.9730,59.07,128.00,0.026422
136.7574,6.9730,59.07,128.00,0.026446
136.8424,6.9730,59.07,128.00,0.026689
136.9289,6.9730,59.34,128.00,0.026725
137.0145,6.9730,59.34,128.00,0.026804
137.0996,6.9730,59.07,128.00,0.025581
137.1826,6.9730,59.07,128.00,0.025833
137.2668,6.9730,59.07,128.00,0.025283
137.3510,6.9655,59.07,128.00,0.026299
137.4401,6.9580,59.07,128.00,0.026920
137.5253,6.9580,59.34,128.00,0.026446
137.6119,6.9580,59.07,128.00,0.026416
137.6964,6.9580,59.07,128.00,0.026248
137.7829,6.9580,59.07,128.00,0.026714
137.8678,6.9580,59.34,128.00,0.026643
137.9557,6.9580,59.07,128.00,0.026233
138.0405,6.9580,59.07,128.00,0.026178
138.1265,6.9580,59.34,128.00,0.025595
138.2092,6.9580,59.07,128.00,0.025538
138.2937,6.9580,59.07,128.00,0.025624
138.3796,6.9580,59.34,128.00,0.026553
138.4673,6.8780,59.07,128.00,0.027120
138.5519,6.8780,59.07,128.00,0.026100
138.6382,6.8780,59.07,128.00,0.026075
138.7235,6.8780,59.34,128.00,0.026312
138.8095,6.8780,59.07,128.00,0.026470
138.8952,6.8780,59.61,127.50,0.027528
138.9841,6.8780,59.61,127.50,0.027055
139.0691,6.8780,59.34,127.50,0.026860
139.1553,6.8780,59.61,128.00,0.026383
139.2434,7.0990,59.61,128.00,0.026748
139.3315,7.0990,59.07,128.00,0.026258
139.4186,7.0990,59.07,128.00,0.026757
139.5049,7.0990,59.34,128.00,0.026862
139.5894,7.0990,59.07,128.00,0.026225
139.6757,7.0990,59.07,128.00,0.026722
139.7606,7.0990,59.34,128.00,0.026392
139.8470,7.0990,59.34,128.00,0.026767
139.9318,7.0990,59.34,128.00,0.026647
140.0180,7.0990,59.34,128.00,0.026675
140.1038,7.0990,59.34,127.50,0.027407
140.1899,7.0265,59.61,127.00,0.026590
140.2736,6.9540,59.07,127.00,0.025158
140.3584,6.9540,59.61,127.50,0.025656
140.4415,6.9540,59.61,127.50,0.025817
140.5281,6.9540,59.61,127.00,0.026888
140.6125,6.9540,59.07,127.50,0.026381
140.6991,6.9540,59.07,127.50,0.026624
140.7902,6.9540,59.61,127.50,0.030033
140.8841,6.9540,59.07,127.50,0.026200
140.9688,6.9540,59.07,127.00,0.026385
141.0547,6.9540,59.34,127.50,0.026281
141.1397,6.9540,59.07,127.50,0.026676
141.2259,6.7670,59.61,127.00,0.026249
141.3113,6.5800,59.61,127.00,0.026779
141.4024,6.5800,59.61,127.00,0.029745
141.4955,6.5800,59.34,127.00,0.026396
141.5849,6.5800,58.80,127.00,0.027381
141.6713,6.5800,59.07,127.00,0.027526
141.7597,6.5800,59.07,127.00,0.026367
141.8438,6.5800,58.80,127.00,0.026347
141.9304,6.5800,59.07,127.00,0.027044
142.0155,6.5800,59.34,127.00,0.026314
142.1023,6.5800,59.07,127.00,0.026742
142.1879,6.8340,59.34,127.00,0.026788
142.2756,7.0880,59.61,127.00,0.027149
142.3615,7.0880,59.34,127.00,0.027563
142.4478,7.0880,59.34,127.00,0.026538
142.5332,7.0880,59.07,127.00,0.026873
142.6198,7.0880,60.15,127.00,0.026134
142.7027,7.0880,59.07,127.00,0.025679
142.7869,7.0880,59.88,127.00,0.025535
142.8711,7.0880,59.07,127.00,0.026556
142.9669,7.0880,59.34,127.00,0.030348
143.0532,7.0880,59.34,127.00,0.026557
143.1396,7.0880,59.07,127.00,0.026365
143.2307,7.0000,59.07,127.00,0.029336
143.3234,6.9120,59.34,127.00,0.026844
143.4062,6.9120,59.07,127.00,0.025947
143.4909,6.9120,59.07,127.00,0.025981
143.5749,6.9120,59.88,127.00,0.026492
143.6603,6.9120,59.34,127.00,0.025420
143.7434,6.9120,60.15,127.00,0.025818
143.8276,6.9120,59.34,127.00,0.025206
143.9124,6.9120,59.61,127.00,0.026947
143.9991,6.9120,59.07,127.00,0.027184
144.0836,6.9120,59.07,126.50,0.026558
144.1786,7.0135,59.07,126.00,0.030085
144.2660,7.1150,59.61,126.50,0.026166
144.3530,7.1150,59.07,126.00,0.026413
144.4399,7.1150,59.61,126.50,0.026480
144.5278,7.1150,59.88,126.00,0.027819
144.6136,7.1150,59.61,126.00,0.026910
144.7002,7.1150,59.34,126.00,0.026848
144.7978,7.1150,59.61,126.00,0.028814
144.8838,7.1150,59.07,126.00,0.025918
144.9671,7.1150,59.07,126.00,0.025969
145.0523,7.1150,59.07,126.00,0.026145
145.1399,7.1150,59.61,126.50,0.026882
145.2270,7.1280,60.15,126.00,0.026860
145.3123,7.1410,59.61,126.00,0.026821
145.3984,7.1410,59.07,126.00,0.026517
145.4839,7.1410,59.07,126.00,0.026366
145.5706,7.1410,60.15,126.00,0.026497
145.6533,7.1410,59.34,126.00,0.025397
145.7379,7.1410,59.61,126.00,0.025595
145.8234,7.1410,59.07,126.00,0.025952
145.9175,7.1410,59.34,126.00,0.028667
146.0027,7.1410,59.61,126.00,0.026575
146.0889,7.1410,59.07,126.00,0.026645
146.1793,6.8740,59.07,126.00,0.029979
146.2718,6.6070,59.07,126.00,0.026851
146.3551,6.6070,59.61,126.00,0.025492
146.4402,6.6070,58.80,126.00,0.026453
146.5234,6.6070,59.34,126.00,0.025487
146.6102,6.6070,59.34,126.00,0.027003
146.6993,6.6070,59.34,126.00,0.030561
146.7894,6.6070,59.34,126.00,0.026539
146.8745,6.6070,59.07,126.00,0.027156
146.9613,6.6070,59.07,126.00,0.026956
147.0466,6.6070,59.07,126.00,0.026905
147.1317,6.6070,59.34,126.00,0.025916
147.2169,6.8590,59.61,126.00,0.026715
147.3038,7.1110,60.15,126.00,0.026851
147.3887,7.1110,59.61,126.00,0.026302
147.4759,7.1110,59.07,126.00,0.026873
147.5625,7.1110,59.07,126.00,0.028654
147.6585,7.1110,59.07,126.00,0.029407
147.7431,7.1110,59.34,126.00,0.026525
147.8296,7.1110,59.07,126.00,0.026797
147.9145,7.1110,59.07,126.00,0.026676
148.0004,7.1110,59.34,126.00,0.026536
148.0855,7.1110,59.34,126.00,0.026730
148.1715,7.1110,59.34,126.00,0.026040
148.2547,7.1110,59.61,126.00,0.025878
148.3392,7.1110,59.88,126.00,0.026050
148.4228,7.1110,59.61,126.00,0.026198
148.5090,7.1110,59.34,126.00,0.026569
148.5919,7.1110,59.61,126.00,0.025656
148.6774,7.1110,59.34,126.00,0.026269
148.7628,7.1110,59.07,126.00,0.026399
148.8490,7.1110,59.34,126.00,0.026145
148.9340,7.1110,59.88,126.00,0.026633
149.0264,7.1110,59.61,126.00,0.029907
149.1153,7.1110,59.88,126.00,0.026118
149.1994,7.1110,59.61,126.00,0.025314
149.2820,7.1110,59.61,126.00,0.025553
149.3667,7.1110,59.34,126.00,0.025823
149.4511,7.1110,59.88,126.00,0.026772
149.5373,7.0535,59.61,126.00,0.026120
149.6230,6.9960,59.34,126.00,0.026767
149.7160,6.9960,59.88,126.00,0.030209
149.8106,6.9960,59.61,126.00,0.029687
149.9058,6.9960,59.61,126.00,0.026626
149.9907,6.9960,59.07,126.00,0.026474
150.0769,6.9960,59.34,126.00,0.027048
150.1629,6.9960,59.07,126.00,0.027313
150.2593,6.5040,59.88,126.00,0.029992
150.3474,6.5040,59.07,126.00,0.026882
150.4335,6.5040,59.34,126.00,0.026382
150.5186,6.5040,59.07,126.00,0.026163
150.6044,6.5040,59.88,126.00,0.026036
150.6899,6.5040,59.61,126.00,0.026877
150.7763,6.5040,59.07,126.00,0.026827
150.8618,6.5040,59.07,126.00,0.026816
150.9479,6.5040,59.61,126.00,0.026311
151.0316,6.5040,59.07,126.00,0.025485
151.1158,6.5040,59.34,126.00,0.025485
151.1990,6.5040,59.34,126.00,0.025495
151.2943,6.5040,59.88,125.50,0.029678
151.3804,7.0610,59.07,125.00,0.026497
151.4689,7.0610,59.61,125.50,0.027046
151.5538,7.0610,59.07,125.00,0.026685
151.6446,7.0610,59.34,125.00,0.029869
151.7367,7.0610,59.61,125.00,0.026363
151.8236,7.0610,59.07,126.00,0.026946
151.9093,7.0610,59.07,126.00,0.026677
151.9959,7.0610,59.34,126.00,0.026644
152.0812,7.0610,59.61,126.00,0.026875
152.1677,7.0610,59.34,126.00,0.026529
152.2514,7.0610,59.88,125.50,0.025545
152.3359,7.0610,59.61,125.00,0.025394
152.4190,7.0610,59.61,125.50,0.025829
152.5040,7.0610,60.15,125.00,0.025892
152.5880,7.0610,59.61,125.00,0.026187
152.6743,7.0610,59.07,125.00,0.026356
152.7593,7.0610,59.61,125.50,0.026468
152.8452,7.0610,59.88,125.00,0.026407
152.9318,7.0610,59.88,125.00,0.028023
153.0311,7.0610,59.07,125.00,0.029855
153.1165,7.0610,59.34,125.00,0.026785
153.2030,7.0610,59.07,125.00,0.026815
153.2886,7.0610,59.61,125.00,0.026952
153.3754,7.0610,59.61,125.00,0.026356
153.4627,7.0610,60.15,125.00,0.026646
153.5494,6.8990,59.88,125.00,0.026651
153.6353,6.7370,59.88,125.00,0.026925
153.7325,6.7370,59.07,125.00,0.028677
153.8154,6.7370,59.88,125.00,0.025434
153.9002,6.7370,59.61,125.00,0.025488
153.9838,6.7370,59.34,125.50,0.026161
154.0700,6.7370,59.07,126.00,0.026500
154.1554,6.7370,59.61,125.50,0.026898
154.2417,7.1340,59.61,125.50,0.026694
154.3263,7.1340,59.61,125.00,0.026612
154.4125,7.1340,59.61,125.00,0.026501
154.4974,7.1340,59.61,125.00,0.026434
154.5837,7.1340,59.34,125.00,0.026634
154.6687,7.1340,59.07,125.00,0.027009
154.7562,7.1340,59.88,125.00,0.027955
154.8557,7.1340,59.07,125.00,0.030663
154.9545,7.1340,59.07,125.00,0.030595
155.0389,7.1340,59.61,125.00,0.026345
155.1376,7.1340,59.61,125.00,0.029527
155.2241,7.1340,59.34,125.00,0.026204
155.3121,7.1340,59.88,125.00,0.026460
155.3969,7.1340,59.61,125.00,0.026596
155.4833,7.1340,59.34,125.00,0.026548
155.5684,7.1340,59.07,125.00,0.026963
155.6572,7.1340,59.34,125.00,0.027357
155.7517,7.1340,59.61,125.00,0.029878
155.8399,7.1340,59.34,125.00,0.026318
155.9260,7.1340,59.34,125.00,0.026673
156.0133,7.1340,59.61,125.00,0.026963
156.0994,7.1340,59.61,125.00,0.027149
156.1860,7.1340,59.34,125.50,0.026301
156.2714,7.1340,59.61,125.00,0.026596
156.3591,7.1340,60.15,126.00,0.027239
156.4448,7.1340,59.07,125.50,0.026397
156.5404,7.1340,59.34,125.50,0.030834
156.6329,6.9850,59.61,125.00,0.027223
156.7201,6.9850,59.34,125.00,0.026791
156.8080,6.9850,59.34,125.00,0.029339
156.9027,6.9850,59.61,125.00,0.027878
156.9884,6.9850,59.34,125.00,0.026889
157.0749,6.9850,59.61,125.00,0.026473
157.1601,6.9850,59.34,125.00,0.026401
157.2471,6.9850,59.88,125.00,0.026643
157.3382,6.9850,59.61,125.00,0.029287
157.4286,6.9850,59.61,125.00,0.025688
157.5124,6.9850,59.07,125.00,0.025723
157.5978,6.9850,59.61,125.00,0.025948
157.6832,6.9850,59.07,125.00,0.026382
157.7790,6.9850,59.61,125.00,0.029849
157.8671,6.9850,59.61,125.00,0.027086
157.9536,6.9850,59.61,125.00,0.026869
158.0442,6.9850,60.15,125.00,0.030826
158.1376,6.9850,59.61,125.00,0.027402
158.2232,6.9850,59.61,125.00,0.027124
158.3079,6.9850,59.34,125.00,0.025402
158.3923,6.9850,59.61,125.00,0.025968
158.4768,6.9850,59.88,125.50,0.025148
158.5601,6.9850,59.88,125.50,0.025209
158.6442,6.9850,59.61,125.00,0.025122
158.7287,6.7960,59.88,125.00,0.025990
158.8156,6.6070,59.07,125.00,0.026662
158.9002,6.6070,59.34,125.00,0.026129
158.9933,6.6070,59.34,125.00,0.028701
159.0807,6.6070,59.61,125.00,0.025531
159.1653,6.6070,59.88,125.00,0.025685
159.2510,6.6090,59.61,125.00,0.027138
159.3415,6.6110,60.15,125.00,0.027824
159.4296,6.6110,59.07,125.00,0.027748
159.5330,6.6110,59.34,125.00,0.029652
159.6216,6.6110,59.61,125.00,0.027033
159.7119,6.6110,59.34,125.00,0.027397
159.7987,6.6110,59.61,125.00,0.025841
159.8869,6.6110,59.88,125.00,0.025609
159.9755,6.6110,59.07,125.00,0.027865
160.0758,6.6110,60.15,125.00,0.032225
160.1716,6.6110,59.34,125.00,0.027461
160.2604,6.6110,59.34,125.00,0.026025
160.3457,6.6165,59.88,125.00,0.025784
160.4329,6.6220,59.34,125.00,0.026231
160.5195,6.6220,59.88,125.00,0.027696
160.6059,6.6220,60.15,125.00,0.026514
160.6995,6.6220,59.61,125.50,0.030243
160.7913,6.6220,59.34,125.00,0.027113
160.8760,6.6220,59.88,125.00,0.026377
160.9622,6.6220,59.61,125.00,0.026350
161.0476,6.6220,59.88,125.00,0.026623
161.1343,6.6220,59.88,125.00,0.026697
161.2195,6.6755,59.07,125.00,0.026748
161.3147,6.7290,59.34,125.00,0.029506
161.4037,6.7290,59.61,125.00,0.026767
161.4952,6.7290,59.88,125.00,0.030148
161.5905,6.7290,59.34,125.00,0.029690
161.6875,6.7290,59.07,125.00,0.029657
161.7791,6.7290,59.34,125.00,0.026649
161.8658,6.7290,59.61,125.00,0.026272
161.9507,6.7290,59.34,125.00,0.026414
162.0354,6.7290,59.34,125.00,0.025236
162.1186,6.7290,59.34,125.00,0.025749
162.2120,6.8815,59.34,125.00,0.029379
162.3092,7.0340,59.07,125.00,0.029775
162.4038,7.0340,59.34,125.00,0.026575
162.4913,7.0340,59.07,125.00,0.028873
162.5854,7.0340,59.34,125.00,0.027738
162.6705,7.0340,59.61,125.00,0.026873
162.7559,7.0340,59.34,125.00,0.026134
162.8417,7.0340,59.61,125.00,0.027083
162.9365,7.0340,60.15,125.00,0.029812
163.0262,7.0340,59.88,125.50,0.027031
163.1120,7.0340,59.34,125.50,0.025748
163.1971,6.8340,59.61,125.00,0.026618
163.2834,6.6340,59.34,125.00,0.026473
163.3670,6.6340,59.88,125.00,0.025494
163.4515,6.6340,59.88,125.00,0.025719
163.5360,6.6340,59.61,125.00,0.026519
163.6224,6.6340,59.61,125.00,0.026244
163.7075,6.6340,59.61,125.00,0.026634
163.7937,6.6340,59.61,125.00,0.026949
163.8894,6.6340,59.88,125.00,0.030434
163.9756,6.6340,60.15,125.00,0.026656
164.0609,6.6340,59.34,125.00,0.027163
164.1543,6.6340,59.34,125.00,0.030394
164.2508,6.6340,59.34,125.00,0.029753
164.3466,6.6340,59.34,125.00,0.029045
164.4344,6.6340,59.34,125.00,0.025400
164.5212,6.6340,58.80,125.00,0.027910
164.6152,6.6340,59.34,125.00,0.028698
164.7014,6.6340,59.88,125.00,0.026662
164.7867,6.6340,59.88,125.00,0.027363
164.8728,6.6340,59.61,125.00,0.026737
164.9572,6.6340,59.34,125.00,0.025547
165.0458,6.6340,60.15,125.00,0.028955
165.1388,6.6340,59.07,125.00,0.029025
165.2323,6.6340,59.34,125.00,0.027734
165.3173,6.6340,59.07,125.00,0.026631
165.4037,6.6340,59.34,125.00,0.026769
165.4892,6.6340,59.61,125.00,0.027311
165.5847,6.6340,59.34,125.00,0.029723
165.6826,6.7255,59.61,125.00,0.029672
165.7746,6.8170,59.07,125.00,0.026200
165.8604,6.8170,59.61,125.00,0.026633
165.9472,6.8170,60.15,125.00,0.026758
166.0331,6.8170,59.88,125.00,0.027276
166.1200,6.8170,60.15,125.00,0.026728
166.2152,6.8170,59.07,125.00,0.030275
166.3030,6.8170,59.07,125.00,0.026571
166.3974,6.8170,59.61,125.00,0.029867
166.4871,6.8170,59.34,125.00,0.026355
166.5731,6.8170,59.61,125.50,0.026810
166.6595,6.8170,59.34,125.50,0.026693
166.7452,6.8170,59.07,125.50,0.026936
166.8308,6.8170,59.88,125.00,0.025851
166.9229,6.8170,59.61,125.00,0.028639
167.0174,6.8170,59.07,125.00,0.029099
167.1043,6.8170,59.07,125.00,0.026677
167.1929,6.8170,59.61,125.00,0.026990
167.2782,6.8170,59.61,125.00,0.026885
167.3669,6.8170,59.34,125.00,0.029322
167.4625,6.8170,59.07,125.50,0.028631
167.5483,6.8170,59.07,125.00,0.026635
167.6328,6.8170,59.07,125.00,0.026126
167.7199,6.6180,59.07,125.00,0.026400
167.8054,6.6180,59.07,125.00,0.026431
167.8972,6.6180,60.15,125.00,0.030640
167.9942,6.6180,59.07,125.00,0.030234
168.0868,6.6180,59.61,125.00,0.026276
168.1701,6.6180,59.88,125.00,0.025553
168.2547,6.4790,59.61,125.00,0.025553
168.3471,6.3400,59.88,125.00,0.028338
168.4350,6.3400,59.07,125.00,0.026705
168.5194,6.3400,59.61,125.00,0.025980
168.6039,6.3400,59.34,125.50,0.025225
168.6896,6.3400,59.61,125.00,0.028103
168.7848,6.3400,59.88,125.00,0.027715
168.8704,6.3400,60.15,125.00,0.027410
168.9565,6.3400,60.15,125.00,0.026575
169.0524,6.3400,60.15,125.00,0.029808
169.1410,6.3400,59.61,125.00,0.026269
169.2323,6.5135,59.61,125.00,0.029691
169.3253,6.6870,59.34,125.00,0.026205
169.4143,6.6870,59.61,125.00,0.029685
169.5071,6.6870,59.61,125.00,0.026446
169.5922,6.6870,59.07,125.50,0.026848
169.6786,6.6870,59.88,125.00,0.026157
169.7633,6.6870,59.88,125.50,0.026532
169.8514,6.6870,59.88,125.00,0.026343
169.9419,6.6870,60.15,125.00,0.029917
170.0335,6.6870,59.61,125.00,0.026969
170.1181,6.6870,59.34,125.00,0.026592
170.2025,6.6870,59.61,125.00,0.025795
170.2850,6.6870,59.88,125.00,0.025172
170.3703,6.6870,60.42,125.00,0.026473
170.4669,6.7750,60.15,125.00,0.029936
170.5631,6.7750,59.34,125.00,0.029910
170.6532,6.7750,59.88,125.00,0.026402
170.7452,6.7750,59.88,125.00,0.029470
170.8371,6.7750,59.34,125.00,0.026384
170.9233,6.7750,59.61,125.00,0.026367
171.0086,6.7750,59.34,125.50,0.026990
171.1069,6.7750,59.88,125.00,0.029720
171.1919,6.7215,59.34,125.00,0.026654
171.2795,6.6680,60.15,125.00,0.027189
171.3648,6.6680,59.07,125.00,0.027239
171.4510,6.6680,59.61,125.00,0.026528
171.5397,6.6680,60.15,125.00,0.030360
171.6344,6.6680,59.61,125.00,0.028400
171.7194,6.6680,59.88,125.00,0.026870
171.8186,6.6680,60.15,125.50,0.030176
171.9129,6.6680,59.34,125.50,0.029734
171.9997,6.6680,59.88,125.00,0.026723
172.0844,6.6680,59.88,125.00,0.026423
172.1768,6.6680,59.61,125.00,0.030095
172.2671,6.6800,59.61,125.00,0.026536
172.3533,6.6800,59.61,125.00,0.026706
172.4384,6.6800,59.61,125.00,0.026984
172.5238,6.6800,59.34,125.00,0.025872
172.6086,6.6800,59.07,125.50,0.026624
172.6927,6.6800,59.07,125.00,0.025393
172.7809,6.6800,59.61,125.00,0.029016
172.8713,6.6800,59.88,125.00,0.025874
172.9557,6.6800,59.34,125.00,0.026266
173.0422,6.6800,59.61,125.00,0.026334
173.1271,6.6800,59.34,125.00,0.026504
173.2227,6.6455,59.88,125.00,0.029941
173.3116,6.6110,59.88,125.50,0.026309
173.4041,6.6110,59.34,125.50,0.029941
173.5037,6.6110,59.61,125.00,0.030316
173.5951,6.6110,59.34,125.00,0.027082
173.6797,6.6110,59.88,125.00,0.026610
173.7646,6.6110,59.34,125.00,0.025443
173.8479,6.6110,60.15,125.00,0.025453
173.9422,6.6110,59.34,125.00,0.029055
174.0278,6.6110,60.15,125.00,0.026433
174.1238,6.6110,59.88,125.00,0.030316
174.2124,6.6280,60.15,125.00,0.026874
174.2990,6.6450,59.88,125.00,0.026527
174.3873,6.6450,59.88,125.00,0.029784
174.4833,6.6450,59.34,125.00,0.027084
174.5683,6.6450,59.61,125.00,0.026883
174.6667,6.6450,59.61,125.50,0.029569
174.7492,6.6450,59.34,125.50,0.025495
174.8335,6.6450,60.15,125.50,0.025403
174.9170,6.6450,60.15,125.50,0.025614
175.0067,6.6450,59.61,125.00,0.029962
175.1028,6.6450,59.34,125.00,0.029505
175.1998,6.6450,59.88,125.00,0.026619
175.2848,6.6450,59.61,125.00,0.026363
175.3708,6.6450,59.61,125.50,0.026436
175.4540,6.6450,59.07,125.50,0.025370
175.5386,6.6450,60.42,125.00,0.025659
175.6267,6.6450,60.15,125.00,0.028913
175.7248,6.6450,59.88,125.00,0.029784
175.8175,6.6450,59.34,125.00,0.026680
175.9055,6.6450,60.15,125.00,0.028394
175.9999,6.6450,60.15,125.00,0.029571
176.0991,6.6450,59.88,125.00,0.028701
176.1842,6.6450,59.88,125.00,0.027102
176.2705,6.6450,59.88,125.00,0.027202
176.3622,6.6450,59.34,125.00,0.029555
176.4519,6.6450,59.88,125.00,0.026906
176.5417,6.6450,59.88,125.50,0.029746
176.6380,6.6450,59.07,125.00,0.029748
176.7315,6.3280,59.07,125.00,0.026350
176.8181,6.3280,59.07,125.50,0.026623
176.9037,6.3280,59.34,125.50,0.026825
176.9899,6.3280,59.88,125.00,0.026868
177.0747,6.3280,60.15,125.00,0.026657
177.1664,6.3280,59.88,125.00,0.029115
177.2614,6.3280,59.61,125.00,0.028928
177.3536,6.6775,59.61,125.00,0.026734
177.4434,7.0270,59.61,125.00,0.030352
177.5393,7.0270,59.34,125.00,0.026736
177.6239,7.0270,59.88,125.00,0.026627
177.7195,7.0270,59.34,125.00,0.029511
177.8047,7.0270,60.15,125.00,0.027197
177.9006,7.0270,60.15,125.00,0.029944
177.9879,7.0270,59.61,125.00,0.026871
178.0752,7.0270,59.88,125.00,0.027227
178.1677,7.0270,59.88,125.00,0.030313
178.2630,6.7710,59.07,125.00,0.026671
178.3516,6.7710,59.61,125.00,0.029924
178.4443,6.7710,59.88,125.00,0.026908
178.5282,6.7710,59.61,125.00,0.025662
178.6127,6.7710,59.88,125.00,0.025361
178.7075,6.7710,59.34,125.00,0.030510
178.7973,6.7710,59.88,125.00,0.026711
178.8820,6.7710,59.61,125.00,0.025931
178.9704,6.7710,59.88,125.00,0.028783
179.0632,6.7710,59.61,125.00,0.028956
179.1560,6.7710,59.61,125.00,0.027373
179.2406,6.7615,59.61,125.00,0.027057
179.3268,6.7520,59.88,125.50,0.026647
179.4101,6.7520,60.15,125.00,0.025498
179.5005,6.7520,59.61,125.00,0.028581
179.5933,6.7520,60.15,125.00,0.028659
179.6851,6.7520,59.88,125.00,0.026398
179.7705,6.7520,59.34,125.00,0.026846
179.8573,6.7520,60.15,125.00,0.027193
179.9561,6.7520,59.34,125.00,0.030347
180.0418,6.7520,60.15,125.00,0.026253
180.1273,6.7520,59.61,125.50,0.027067
180.2206,6.6740,59.34,125.00,0.029846
180.3116,6.5960,59.61,125.00,0.025942
180.4008,6.5960,60.15,125.00,0.029218
180.4928,6.5960,60.15,125.00,0.025774
180.5809,6.5960,59.34,125.00,0.028138
180.6767,6.5960,59.61,125.00,0.028685
180.7612,6.5960,59.88,125.00,0.025544
180.8448,6.5960,59.88,125.50,0.025815
180.9307,6.5960,60.15,125.00,0.026496
181.0240,6.5960,59.88,125.00,0.030301
181.1204,6.5960,59.88,125.00,0.027529
181.2119,6.5960,59.61,125.00,0.030919
181.3165,6.4770,59.34,125.50,0.030248
181.4140,6.4770,59.88,126.00,0.027517
181.5043,6.4770,59.88,126.00,0.027773
181.5945,6.4770,60.15,126.00,0.029225
181.6986,6.4770,59.34,126.00,0.030040
181.7897,6.4770,59.34,126.00,0.028292
181.8939,6.4770,59.34,126.00,0.031168
181.9818,6.4770,59.34,126.00,0.027864
182.0861,6.4770,59.88,126.00,0.031145
182.1797,6.4770,59.61,126.00,0.028813
182.2674,6.4770,59.61,126.00,0.025108
182.3511,6.4770,59.61,126.00,0.025586
182.4416,6.4485,59.61,126.00,0.026103
182.5279,6.4200,59.61,126.00,0.026909
182.6183,6.4200,59.61,126.00,0.029077
182.7164,6.4200,59.07,126.00,0.030675
182.8148,6.4200,59.34,126.00,0.029149
182.9005,6.4200,59.88,126.00,0.026804
182.9875,6.4200,59.61,126.00,0.026623
183.0739,6.4200,60.15,127.00,0.026366
183.1617,6.4200,59.34,127.00,0.026720
183.2472,6.9280,60.15,127.00,0.026821
183.3342,6.9280,60.15,127.00,0.026815
183.4204,6.9280,60.15,127.00,0.027096
183.5065,6.9280,59.61,127.00,0.025774
183.6004,6.9280,59.88,127.00,0.028580
183.6992,6.9280,59.88,127.00,0.029297
183.7943,6.9280,60.15,127.00,0.029400
183.8833,6.9280,60.15,127.00,0.026397
183.9688,6.9280,59.88,127.00,0.026816
184.0580,6.9280,59.61,127.00,0.028358
184.1543,6.9280,60.15,127.00,0.029073
184.2514,6.9280,59.88,127.00,0.026193
184.3373,6.7925,59.34,127.00,0.027533
184.4355,6.6570,59.07,127.00,0.028980
184.5236,6.6570,59.61,127.00,0.026392
184.6206,6.6570,59.88,127.00,0.029911
184.7069,6.6570,60.15,127.00,0.026733
184.7932,6.6570,59.34,127.00,0.026423
184.8793,6.6570,59.61,127.00,0.026629
184.9663,6.6570,59.88,127.00,0.026494
185.0536,6.6570,59.88,127.00,0.028485
185.1500,6.6570,60.15,127.00,0.028987
185.2398,7.1450,60.15,127.50,0.028875
185.3455,7.1450,60.15,128.00,0.030430
185.4374,7.1450,59.61,128.00,0.026989
185.5383,7.1450,59.88,128.00,0.029418
185.6269,7.1450,60.15,128.00,0.026569
185.7263,7.1450,59.34,128.00,0.030261
185.8166,7.1450,59.61,128.00,0.026946
185.9039,7.1450,59.61,128.00,0.026798
185.9894,7.1450,60.15,128.00,0.027298
186.0785,7.1450,59.61,128.00,0.028928
186.1742,7.1450,60.15,128.00,0.029728
186.2711,7.0880,59.07,128.00,0.028467
186.3565,7.0880,59.61,128.00,0.025988
186.4439,7.0880,59.88,128.00,0.027063
186.5401,7.0880,60.15,128.00,0.029774
186.6400,7.0880,59.88,128.00,0.030504
186.7268,7.0880,59.34,128.00,0.025353
186.8173,7.0880,59.34,128.00,0.028717
186.9071,7.0880,59.07,128.00,0.026641
186.9988,7.0880,59.61,128.00,0.029569
187.0922,7.0880,59.88,128.00,0.028097
187.1795,6.8210,59.61,128.00,0.026574
187.2784,6.5540,59.34,128.00,0.029627
187.3652,6.5540,59.61,128.00,0.026356
187.4520,6.5540,59.61,128.00,0.026358
187.5481,6.5540,60.15,128.00,0.030257
187.6628,6.5540,59.61,128.50,0.043538
187.7616,6.5540,60.15,129.00,0.029455
187.8477,6.5540,59.61,129.00,0.026221
187.9388,6.5540,59.88,129.00,0.029577
188.0274,6.5540,59.34,129.00,0.025037
188.1154,6.5540,59.34,129.00,0.028433
188.2080,6.5540,59.07,129.00,0.027363
188.2942,6.4680,59.88,129.00,0.026564
188.3914,6.3820,59.88,129.00,0.029832
188.4924,6.3820,60.15,129.00,0.029445
188.5797,6.3820,59.07,129.00,0.026613
188.6662,6.3820,60.15,129.00,0.026624
188.7602,6.3820,59.88,129.00,0.030801
188.8594,6.3820,59.61,129.00,0.030038
188.9570,6.3820,59.34,129.00,0.030240
189.0561,6.3820,59.07,129.00,0.029845
189.1548,6.3820,59.07,129.00,0.030435
189.2498,5.9620,59.61,129.00,0.026224
189.3347,5.9620,60.15,129.00,0.026644
189.4210,5.9620,60.15,129.00,0.026038
189.5073,5.9620,59.61,129.00,0.026379
189.6031,5.9620,59.61,129.00,0.029772
189.7014,5.9620,59.61,129.00,0.030153
189.7897,5.9620,59.61,129.00,0.026382
189.8740,5.9620,59.34,129.00,0.025434
189.9630,5.9620,59.61,129.00,0.028449
190.0543,5.9620,59.61,129.00,0.026763
190.1411,5.9620,59.34,129.00,0.025818
190.2255,5.9620,59.61,129.00,0.025660
190.3116,6.3095,59.88,129.00,0.026466
190.4081,6.6570,59.88,129.00,0.030457
190.4971,6.6570,59.61,129.00,0.026651
190.5834,6.6570,60.15,129.00,0.027137
190.6744,6.6570,60.15,129.00,0.029504
190.7673,6.6570,60.15,129.00,0.026467
190.8524,6.6570,60.15,129.00,0.025565
190.9358,6.6570,59.61,129.00,0.025146
191.0208,6.6570,60.15,129.00,0.025533
191.1042,6.6570,59.88,129.00,0.025569
191.1984,6.6570,59.61,129.00,0.028935
191.2885,6.6625,60.15,129.00,0.026814
191.3792,6.6680,59.61,129.00,0.029916
191.4751,6.6680,60.15,129.00,0.029660
191.5678,6.6680,59.34,129.00,0.026154
191.6515,6.6680,59.88,129.00,0.025574
191.7468,6.6680,59.88,129.00,0.029114
191.8435,6.6680,60.15,129.00,0.029824
191.9391,6.6680,59.34,129.00,0.029152
192.0244,6.6680,60.15,129.00,0.025949
192.1201,6.6680,60.15,129.00,0.030559
192.2097,6.4505,59.07,129.00,0.026816
192.2974,6.2330,60.15,129.00,0.026207
192.3849,6.2330,60.15,129.00,0.028923
192.4817,6.2330,60.15,129.00,0.028088
192.5681,6.2330,59.61,129.00,0.026566
192.6680,6.2330,59.88,129.00,0.029750
192.7681,6.2330,59.61,129.00,0.030547
192.8680,6.2330,59.61,129.00,0.030417
192.9641,6.2330,59.34,129.00,0.030608
193.0508,6.2330,59.88,129.00,0.026547
193.1360,6.2330,60.15,129.00,0.026614
193.2239,6.3760,59.61,129.00,0.026315
193.3089,6.5190,60.15,129.00,0.026436
193.3976,6.5190,60.15,129.00,0.028868
193.4962,6.5190,59.88,129.00,0.030126
193.5967,6.5190,59.34,129.00,0.030215
193.6935,6.5190,59.34,129.00,0.028623
193.7805,6.5190,59.88,129.00,0.026788
193.8751,6.5190,59.61,129.00,0.029728
193.9633,6.5190,59.61,129.00,0.026420
194.0479,6.5190,60.15,129.00,0.026335
194.1346,6.5190,59.61,129.00,0.026266
194.2226,6.5650,59.88,129.00,0.029732
194.3171,6.6110,59.88,129.00,0.028300
194.4123,6.6110,60.15,129.00,0.029138
194.5109,6.6110,59.88,129.00,0.027910
194.5972,6.6110,60.15,129.00,0.027092
194.6846,6.6110,59.61,129.00,0.026618
194.7792,6.6110,60.15,129.00,0.030282
194.8750,6.6110,59.34,129.00,0.029032
194.9708,6.6110,59.34,129.00,0.029974
195.0601,6.6110,59.88,129.00,0.025583
195.1465,6.6110,59.88,129.00,0.026544
195.2326,6.1300,59.34,129.00,0.025672
195.3168,6.1300,60.15,129.50,0.026326
195.4018,6.1300,59.88,129.00,0.025412
195.4993,6.1300,60.15,129.00,0.030097
195.5995,6.1300,59.34,129.00,0.030029
195.6932,6.1300,60.15,129.00,0.028533
195.7802,6.1300,60.15,129.00,0.025652
195.8639,6.1300,59.61,129.00,0.025917
195.9548,6.1300,59.88,129.00,0.029927
196.0515,6.1300,59.88,129.00,0.030525
196.1516,6.1300,60.15,129.00,0.030291
196.2480,6.2250,59.34,129.00,0.030193
196.3479,6.2250,59.07,129.00,0.030774
196.4434,6.2250,59.07,129.00,0.027638
196.5301,6.2250,59.07,129.00,0.026458
196.6152,6.2250,59.88,129.00,0.026725
196.7119,6.2250,59.07,129.00,0.029897
196.7988,6.2250,59.88,129.00,0.026278
196.8924,6.2250,59.61,129.00,0.029651
196.9885,6.2250,59.61,129.00,0.030763
197.0802,6.2250,60.15,129.00,0.026517
197.1718,6.2250,59.88,129.00,0.030368
197.2662,6.3700,59.61,129.00,0.027292
197.3527,6.3700,59.88,129.00,0.027635
197.4505,6.3700,59.61,129.00,0.029270
197.5361,6.3700,59.61,129.00,0.026946
197.6212,6.3700,59.61,129.00,0.025542
197.7128,6.3700,59.61,129.00,0.028683
197.8030,6.3700,59.61,129.00,0.025637
197.8905,6.3700,60.15,129.00,0.028848
197.9886,6.3700,60.15,129.00,0.030307
198.0838,6.3700,59.61,129.00,0.029475
198.1755,6.3700,60.15,129.00,0.025527
198.2588,6.3700,60.15,129.00,0.025513
198.3443,6.3700,59.07,129.00,0.026100
198.4392,6.4160,59.88,129.00,0.030116
198.5394,6.4620,59.88,129.00,0.030206
198.6266,6.4620,59.88,129.00,0.026451
198.7192,6.4620,59.61,129.00,0.029662
198.8194,6.4620,59.61,129.00,0.030191
198.9112,6.4620,59.34,129.00,0.026663
198.9997,6.4620,59.88,128.50,0.030056
199.0988,6.4620,59.61,128.00,0.029831
199.1948,6.4315,59.88,128.50,0.030790
199.2896,6.4010,59.88,128.50,0.028042
199.3750,6.4010,60.15,129.00,0.026401
199.4635,6.4010,59.61,128.50,0.026062
199.5479,6.4010,59.34,128.50,0.025674
199.6421,6.4010,60.15,128.50,0.028903
199.7383,6.4010,59.88,128.00,0.030187
199.8308,6.4010,59.61,128.00,0.026430
199.9222,6.4010,60.15,128.50,0.030158
200.0154,6.4010,59.88,128.00,0.026588
200.1005,6.4010,60.15,128.50,0.026881
200.1959,6.4010,59.61,128.50,0.027591
200.2804,6.3990,59.61,128.00,0.026645
200.3679,6.3970,60.15,128.00,0.026374
200.4532,6.3970,60.15,128.00,0.026732
200.5486,6.3970,59.88,128.00,0.029489
200.6474,6.3970,59.88,128.00,0.031059
200.7390,6.3970,59.88,128.00,0.025744
200.8306,6.3970,59.88,128.00,0.030475
200.9312,6.3970,60.15,128.00,0.030139
201.0305,6.3970,59.34,128.00,0.029142
201.1238,6.3970,60.15,128.00,0.026525
201.2089,6.2080,59.34,128.50,0.026447
201.2989,6.0190,59.88,128.00,0.025925
201.3959,6.0190,59.88,128.00,0.030326
201.4839,6.0190,60.15,128.00,0.026522
201.5761,6.0190,59.88,128.00,0.029779
201.6752,6.0190,59.88,128.00,0.029719
201.7642,6.0190,59.88,128.00,0.027138
201.8591,6.0190,60.15,128.00,0.030765
201.9527,6.0190,60.15,128.00,0.027044
202.0425,6.0190,59.88,128.00,0.029314
202.1431,6.0190,60.15,128.00,0.030526
202.2391,6.2180,59.88,128.00,0.028059
202.3238,6.2180,59.88,128.00,0.025932
202.4128,6.2180,59.61,128.00,0.026626
202.5024,6.2180,60.15,128.00,0.028494
202.6056,6.2180,59.88,128.00,0.031055
202.7075,6.2180,59.88,128.00,0.031252
202.8122,6.2180,59.61,128.00,0.030395
202.9104,6.2180,59.34,128.00,0.030206
202.9998,6.2180,59.61,128.00,0.026499
203.0854,6.2180,59.88,128.00,0.026808
203.1799,6.2180,60.15,128.00,0.030381
203.2713,5.8550,60.15,128.00,0.026566
203.3596,5.8550,59.34,128.00,0.027423
203.4516,5.8550,59.88,128.00,0.027396
203.5363,5.8550,59.61,128.00,0.025747
203.6215,5.8550,60.15,128.00,0.026702
203.7166,5.8550,59.88,128.00,0.030132
203.8144,5.8550,59.34,128.00,0.030938
203.9031,5.8550,59.88,128.00,0.025341
203.9914,5.8550,59.88,128.00,0.029344
204.0876,5.8550,59.34,128.00,0.029717
204.1798,5.8550,60.15,128.00,0.026248
204.2687,6.4200,60.15,128.00,0.027605
204.3636,6.4200,59.88,128.00,0.029160
204.4509,6.4200,59.88,128.00,0.026842
204.5485,6.4200,59.88,128.00,0.029906
204.6372,6.4200,59.88,128.00,0.026820
204.7338,6.4200,60.15,128.00,0.030011
204.8274,6.4200,59.88,128.00,0.028605
204.9137,6.4200,59.61,128.00,0.026774
205.0063,6.4200,59.34,128.00,0.029695
205.1040,6.4200,60.15,128.00,0.030750
205.2039,6.4065,59.61,128.00,0.030086
205.2997,6.3930,59.34,128.00,0.026477
205.3895,6.3930,59.88,128.00,0.028395
205.4856,6.3930,59.34,128.00,0.029516
205.5732,6.3930,59.88,128.00,0.026550
205.6588,6.3930,59.88,128.00,0.026676
205.7560,6.3930,59.88,128.00,0.030197
205.8449,6.3930,60.15,128.00,0.027256
205.9386,6.3930,59.88,128.00,0.029706
206.0296,6.3930,59.88,128.00,0.025295
206.1184,6.3930,59.88,128.00,0.028738
206.2117,6.3930,59.61,128.00,0.026727
206.2971,6.3930,59.88,128.00,0.025720
206.3830,6.3930,60.42,128.00,0.025966
206.4771,6.3930,59.88,128.00,0.028667
206.5749,6.3930,60.15,128.00,0.029751
206.6713,6.3930,59.88,128.00,0.028611
206.7575,6.3930,60.15,128.00,0.025632
206.8427,6.3930,59.88,128.00,0.025372
206.9308,6.3930,60.42,128.00,0.029822
207.0260,6.3930,59.61,128.00,0.027424
207.1123,6.3930,60.15,128.00,0.027484
207.2085,6.3930,60.15,128.00,0.028646
207.2918,6.3930,59.88,128.00,0.025409
207.3768,6.3930,60.15,128.00,0.025606
207.4706,6.4750,59.88,128.00,0.029702
207.5612,6.5570,59.61,128.00,0.025936
207.6468,6.5570,59.88,128.00,0.026146
207.7359,6.5570,59.61,128.00,0.027918
207.8279,6.5570,59.88,128.00,0.027420
207.9128,6.5570,60.15,128.00,0.025490
207.9976,6.5570,59.61,128.00,0.026357
208.0926,6.5570,60.15,128.00,0.030459
208.1888,6.5990,60.15,129.00,0.030347
208.2869,6.6410,59.88,129.00,0.030149
208.3867,6.6410,59.61,129.00,0.029511
208.4779,6.6410,60.15,129.00,0.026323
208.5674,6.6410,59.61,129.00,0.028651
208.6585,6.6410,60.15,129.00,0.025436
208.7417,6.6410,60.15,129.00,0.025600
208.8287,6.6410,60.15,129.00,0.026869
208.9249,6.6410,60.42,129.00,0.028998
209.0116,6.6410,60.15,129.00,0.025712
209.1066,6.6410,59.61,129.00,0.028896
209.2035,6.6585,59.88,129.00,0.029658
209.2997,6.6760,60.15,129.00,0.029841
209.3904,6.6760,59.88,129.00,0.025675
209.4803,6.6760,60.15,129.00,0.030242
209.5798,6.6760,59.88,129.00,0.030178
209.6728,6.6760,60.15,129.00,0.026954
209.7608,6.6760,60.42,129.00,0.027933
209.8564,6.6760,60.15,129.00,0.029881
209.9450,6.6760,59.61,129.00,0.027323
210.0421,6.6760,59.61,129.00,0.030165
210.1321,6.6760,59.61,129.00,0.027845
210.2277,6.6760,59.61,129.00,0.030235
210.3269,6.6760,59.88,129.00,0.029626
210.4227,6.6760,59.88,129.00,0.029496
210.5228,6.6760,59.61,129.00,0.029353
210.6135,6.6760,59.61,129.00,0.026472
210.7046,6.6760,59.61,129.00,0.029618
210.8011,6.6760,60.15,129.00,0.026749
210.8912,6.6760,59.61,129.00,0.028891
210.9894,6.6760,60.15,129.00,0.030632
211.0850,6.6760,59.34,129.00,0.028578
211.1783,6.6760,59.88,129.00,0.028583
211.2633,6.6760,59.61,129.00,0.025587
211.3485,6.6760,59.88,129.00,0.025955
211.4427,6.6760,59.88,129.00,0.030109
211.5368,6.6760,59.61,129.00,0.028657
211.6344,6.6760,59.88,129.00,0.029287
211.7241,6.6760,59.07,129.00,0.026479
211.8118,6.0570,60.15,129.00,0.026689
211.8971,6.0570,59.88,129.00,0.026648
211.9949,6.0570,59.61,129.00,0.029963
212.0921,6.0570,59.61,129.00,0.029602
212.1794,6.4370,60.15,129.00,0.026936
212.2645,6.8170,60.15,129.00,0.025934
212.3574,6.8170,60.15,129.00,0.028771
212.4465,6.8170,59.88,129.00,0.025365
212.5366,6.8170,60.15,129.00,0.029035
212.6327,6.8170,59.61,129.00,0.030459
212.7285,6.8170,60.15,129.00,0.027122
212.8186,6.8170,60.15,129.00,0.029114
212.9137,6.8170,59.61,129.00,0.029003
213.0075,6.8170,60.15,129.00,0.028806
213.0933,6.8170,60.15,129.00,0.026435
213.1771,6.8170,60.15,129.00,0.025446
213.2687,6.8170,60.15,129.00,0.028559
213.3645,6.8170,59.61,129.00,0.028750
213.4611,6.2630,60.15,129.00,0.028633
213.5501,6.2630,59.34,129.00,0.025396
213.6388,6.2630,59.88,129.00,0.028434
213.7374,6.2630,59.88,129.00,0.030537
213.8360,6.2630,60.15,129.00,0.029237
213.9270,6.2630,59.88,129.00,0.028584
214.0323,6.2630,60.15,129.00,0.029272
214.1216,6.2630,60.15,129.00,0.027806
214.2127,6.3910,59.34,129.00,0.026937
214.3162,6.5190,59.88,129.00,0.030652
214.4226,6.5190,60.15,129.00,0.030777
214.5109,6.5190,59.88,129.00,0.026606
214.6148,6.5190,59.61,129.00,0.030060
214.7055,6.5190,59.61,129.00,0.027043
214.7976,6.5190,60.15,129.00,0.028535
214.8921,6.5190,59.88,129.00,0.029320
214.9932,6.5190,59.88,129.00,0.030928
215.0864,6.5190,59.34,129.00,0.025491
215.1782,6.5190,60.15,129.00,0.028767
215.2718,6.5190,59.34,129.00,0.028867
215.3715,6.3475,60.15,129.00,0.027808
215.4599,6.1760,59.61,129.00,0.027442
215.5513,6.1760,59.07,129.00,0.027534
215.6522,6.1760,60.15,129.00,0.029922
215.7428,6.1760,59.61,129.00,0.026870
215.8459,6.1760,60.15,129.00,0.030180
215.9525,6.1760,60.15,129.00,0.030174
216.0546,6.1760,59.88,129.00,0.030580
216.1459,6.1760,59.61,129.00,0.026968
216.2478,5.8130,59.88,129.00,0.030873
216.3525,5.8130,60.15,129.00,0.030265
216.4567,5.8130,59.07,129.00,0.030432
216.5641,5.8130,59.88,129.00,0.030605
216.6553,5.8130,59.34,129.00,0.027002
216.7444,5.8130,59.34,129.00,0.027705
216.8470,5.8130,59.34,129.00,0.031895
216.9490,5.8130,59.61,129.00,0.031612
217.0550,5.8130,59.07,129.00,0.030807
217.1589,5.8130,60.15,128.50,0.031306
217.2512,5.9770,60.15,128.00,0.027197
217.3354,5.9770,59.61,128.50,0.026029
217.4275,5.9770,59.61,128.50,0.029114
217.5189,5.9770,60.15,128.00,0.026785
217.6117,5.9770,59.88,128.00,0.029427
217.7039,5.9770,60.15,128.00,0.026575
217.7928,5.9770,59.88,129.00,0.027166
217.8956,5.9770,60.15,129.00,0.028997
217.9882,5.9770,60.15,129.00,0.026717
218.0926,5.9770,60.15,128.50,0.030319
218.1980,6.1680,59.61,128.00,0.029921
218.3005,6.3590,59.07,128.00,0.029705
218.3990,6.3590,59.34,128.00,0.030825
218.5028,6.3590,59.88,128.00,0.030246
218.5934,6.3590,60.15,128.00,0.027729
218.6829,6.3590,60.15,128.00,0.027851
218.7871,6.3590,59.88,128.00,0.031519
218.8917,6.3590,59.88,128.00,0.031243
218.9843,6.3590,59.88,128.50,0.027428
219.0855,6.3590,59.34,129.00,0.031781
219.1747,6.3590,59.34,129.00,0.025197
219.2572,6.3590,59.61,129.00,0.025355
219.3525,6.3095,59.61,129.00,0.031475
219.4516,6.2600,59.61,129.00,0.030440
219.5494,6.2600,60.15,129.00,0.027124
219.6405,6.2600,60.15,129.00,0.029615
219.7394,6.2600,59.07,129.00,0.027310
219.8259,6.2600,59.07,129.00,0.026025
219.9260,6.2600,60.15,129.00,0.031008
220.0274,6.2600,60.15,129.00,0.031353
220.1319,6.2600,59.88,129.00,0.029111
220.2166,6.2600,59.34,129.50,0.026089
220.3135,6.2600,59.88,129.00,0.029480
220.4146,6.0230,59.07,129.00,0.031408
220.5207,5.7860,59.07,129.00,0.032447
220.6119,5.7860,59.34,129.00,0.027802
220.7036,5.7860,59.61,129.00,0.028838
220.8047,5.7860,59.07,129.00,0.031123
220.9094,5.7860,59.61,129.00,0.031888
221.0013,5.7860,60.15,129.00,0.027919
221.0996,5.7860,59.61,129.00,0.031222
221.1954,5.9960,59.07,129.00,0.027957
221.2918,6.2060,59.88,129.00,0.030922
221.3842,6.2060,59.07,129.00,0.025046
221.4697,6.2060,59.61,129.00,0.025284
221.5565,6.2060,59.88,129.00,0.027038
221.6589,6.2060,59.61,129.00,0.030306
221.7487,6.2060,59.88,129.00,0.027607
221.8411,6.2060,60.15,129.00,0.027343
221.9406,6.2060,59.61,129.00,0.031657
222.0471,6.2060,60.15,129.00,0.031626
222.1368,6.2060,60.15,129.00,0.027778
222.2403,6.2405,60.15,129.00,0.031681
222.3429,6.2750,60.15,129.00,0.031229
222.4364,6.2750,59.88,129.00,0.027696
222.5355,6.2750,59.88,129.00,0.031722
222.6375,6.2750,59.88,129.00,0.031012
222.7408,6.2750,60.15,129.00,0.031759
222.8453,6.2750,59.88,129.00,0.031332
222.9357,6.2750,59.61,129.00,0.026856
223.0335,6.2750,60.15,129.00,0.030798
223.1353,6.2750,59.61,129.00,0.030835
223.2376,6.2750,60.15,129.00,0.030301
223.3329,6.2750,59.34,129.00,0.026995
223.4323,6.2750,59.88,129.00,0.030584
223.5369,6.2750,59.88,129.00,0.030181
223.6392,6.2750,59.07,129.00,0.029488
223.7411,6.2750,59.07,128.50,0.030414
223.8398,6.2750,59.34,128.00,0.026802
223.9290,6.2750,59.34,128.50,0.027252
224.0255,6.2750,60.15,128.00,0.030340
224.1270,6.2750,59.34,128.00,0.030343
224.2316,6.2750,59.61,128.00,0.030782
224.3342,6.2750,60.15,128.50,0.030739
224.4400,6.2750,59.07,129.00,0.030336
224.5430,6.2750,59.07,129.00,0.030370
224.6409,6.3210,59.88,129.00,0.027602
224.7325,6.3670,59.61,129.00,0.027068
224.8291,6.3670,59.88,128.50,0.031542
224.9333,6.3670,59.61,128.00,0.031480
225.0292,6.3670,59.61,128.00,0.028334
225.1214,6.3670,59.88,128.00,0.026892
225.2072,6.3670,59.88,128.50,0.026142
225.3081,6.3670,60.15,128.50,0.032036
225.3999,6.3670,60.15,128.50,0.028205
225.5042,6.3670,59.61,128.00,0.031871
225.5960,6.3670,60.15,128.00,0.027367
225.6839,6.3670,60.15,128.00,0.026532
225.7842,6.3670,59.88,128.00,0.030662
225.8801,6.3670,59.61,128.00,0.026668
225.9715,6.3670,60.15,128.00,0.027184
226.0684,6.3670,59.34,128.00,0.031336
226.1643,6.3670,60.15,128.00,0.027677
226.2602,6.3670,60.15,128.00,0.029582
226.3634,6.3670,60.15,128.00,0.030515
226.4633,6.3670,60.15,128.00,0.030162
226.5627,6.3670,59.61,128.00,0.029930
226.6604,6.3670,59.61,128.00,0.031684
226.7585,6.3670,59.61,128.00,0.025389
226.8432,6.3670,60.15,128.00,0.026187
226.9308,6.3670,59.88,128.00,0.026321
227.0281,6.3670,59.88,128.00,0.030975
227.1328,6.3670,60.15,128.00,0.031301
227.2232,6.3670,59.34,128.00,0.027369
227.3245,6.3670,60.15,128.00,0.030840
227.4171,6.3670,59.88,128.00,0.026600
227.5033,6.3670,60.15,128.00,0.025820
227.5883,6.3670,60.15,128.00,0.026389
227.6791,6.3670,59.61,128.00,0.029758
227.7811,6.3670,59.88,128.00,0.032080
227.8870,6.3670,59.34,128.00,0.031574
227.9892,6.3670,59.88,128.00,0.031953
228.0940,6.3670,59.88,128.00,0.031790
228.1903,6.3670,60.42,128.00,0.028730
228.2849,6.3670,60.15,128.00,0.031286
228.3885,6.3670,59.88,128.00,0.031624
228.4971,6.3670,59.88,128.00,0.033062
228.5925,6.3670,60.15,128.00,0.026377
228.6820,6.3670,59.07,128.00,0.028649
228.7779,6.3670,59.88,128.00,0.029326
228.8698,6.3670,59.34,128.00,0.027546
228.9726,6.3670,60.15,128.00,0.031287
229.0751,6.3670,60.15,128.00,0.030329
229.1682,6.3670,59.88,128.00,0.027130
229.2757,6.1380,59.88,128.00,0.030759
229.3775,6.1380,59.88,128.00,0.030751
229.4680,6.1380,60.15,128.00,0.026258
229.5703,6.1380,60.15,128.00,0.030557
229.6646,6.1380,59.34,128.00,0.027093
229.7660,6.1380,60.15,128.00,0.029784
229.8537,6.1380,59.88,128.00,0.025678
229.9451,6.1380,59.88,128.00,0.029261
230.0441,6.1380,59.34,128.00,0.031409
230.1407,6.1380,60.15,128.00,0.027887
230.2375,6.1380,59.88,127.50,0.032010
230.3465,6.3510,60.15,126.00,0.032760
230.4434,6.3510,60.15,124.00,0.027001
230.5297,6.3510,60.15,124.00,0.026916
230.6229,6.3510,60.15,124.00,0.029988
230.7193,6.3510,59.61,124.00,0.030467
230.8207,6.3510,59.88,124.00,0.029984
230.9185,6.3510,59.61,124.00,0.027751
231.0066,6.3510,59.61,124.00,0.026644
231.1036,6.3510,60.15,124.00,0.030049
231.1908,6.3110,59.88,124.00,0.026305
231.2771,6.2710,60.15,124.00,0.026616
231.3711,6.2710,60.15,124.00,0.029999
231.4609,6.2710,60.15,124.00,0.026656
231.5562,6.2710,60.42,124.00,0.030608
231.6524,6.2710,59.88,124.00,0.030902
231.7523,6.2710,59.61,124.00,0.030216
231.8503,6.2710,59.61,124.00,0.030082
231.9441,6.2710,59.34,124.00,0.026356
232.0314,6.2710,60.15,124.00,0.027586
232.1272,6.2710,59.88,124.00,0.029059
232.2129,6.3415,60.15,124.00,0.026963
232.3012,6.4120,60.15,124.00,0.026949
232.3963,6.4120,60.15,124.00,0.029996
232.4953,6.4120,60.15,124.00,0.030736
232.5937,6.4120,60.15,124.00,0.030136
232.6892,6.4120,60.15,125.00,0.028610
232.7827,6.4120,59.88,125.00,0.028911
232.8730,6.4120,59.61,125.00,0.025770
232.9592,6.4120,60.15,125.00,0.026553
233.0458,6.4120,60.42,125.00,0.026715
233.1425,6.4120,60.15,125.00,0.029252
233.2423,6.4120,59.61,125.00,0.028713
233.3273,6.4120,60.15,125.00,0.026007
233.4223,6.4120,60.15,125.00,0.029634
233.5188,6.4120,59.88,125.00,0.030526
233.6167,6.4120,59.88,125.00,0.030202
233.7053,6.4120,60.15,125.00,0.026513
233.7989,6.4120,60.15,125.00,0.030573
233.8956,6.4120,59.88,125.00,0.030293
233.9951,6.4120,59.61,125.00,0.029675
234.0916,6.4120,60.15,125.00,0.030326
234.1912,6.4120,59.61,125.00,0.029675
234.2903,6.2040,59.61,125.00,0.030330
234.3846,5.9960,60.15,125.00,0.026197
234.4720,5.9960,59.88,125.00,0.027996
234.5710,5.9960,59.61,125.00,0.029086
234.6571,5.9960,59.88,125.00,0.026599
234.7568,5.9960,60.15,125.00,0.030010
234.8542,5.9960,59.88,125.00,0.029152
234.9504,5.9960,60.15,125.00,0.029212
235.0469,5.9960,60.15,125.00,0.029304
235.1363,5.9960,60.15,125.00,0.027061
235.2323,6.1050,59.88,125.00,0.030504
235.3330,6.2140,60.15,125.00,0.030410
235.4220,6.2140,59.88,125.00,0.025605
235.5116,6.2140,60.15,125.00,0.028966
235.6079,6.2140,59.61,125.00,0.030175
235.7049,6.2140,60.15,125.00,0.026188
235.7911,6.2140,59.88,125.00,0.026800
235.8788,6.2140,60.42,125.00,0.026689
235.9771,6.2140,59.88,125.00,0.030252
236.0654,6.2140,60.15,125.00,0.026891
236.1650,6.2140,60.15,125.00,0.030077
236.2644,6.6300,59.88,125.00,0.030960
236.3608,6.6300,60.15,125.00,0.030288
236.4587,6.6300,59.61,125.00,0.030314
236.5599,6.6300,59.61,125.00,0.030816
236.6532,6.6300,59.61,125.00,0.026783
236.7472,6.6300,60.15,125.00,0.029917
236.8480,6.6300,59.61,125.00,0.030268
236.9469,6.6300,60.15,125.00,0.029920
237.0394,6.6300,60.15,125.00,0.026236
237.1276,6.6300,60.15,125.00,0.028759
237.2236,6.6300,59.61,126.00,0.028736
237.3169,6.6300,60.15,126.00,0.027844
237.4047,6.3665,60.15,126.00,0.027452
237.5019,6.1030,60.15,126.00,0.031155
237.6039,6.1030,60.15,126.00,0.030172
237.6908,6.1030,60.15,126.00,0.026900
237.7785,6.1030,60.15,126.00,0.026504
237.8727,6.1030,60.15,126.00,0.030017
237.9749,6.1030,60.15,126.00,0.029619
238.0713,6.1030,59.61,126.00,0.029790
238.1677,6.1030,59.88,126.00,0.029003
238.2624,6.1030,60.15,126.00,0.029088
238.3544,6.1030,60.15,126.00,0.025835
238.4444,5.9580,60.15,126.00,0.029516
238.5476,5.9580,59.61,126.00,0.030646
238.6452,5.9580,60.15,126.00,0.027489
238.7342,5.9580,60.15,126.00,0.027932
238.8297,5.9580,59.61,126.00,0.030146
238.9169,5.9580,59.61,126.00,0.025206
239.0013,5.9580,60.15,126.00,0.025391
239.0931,5.9580,59.34,126.00,0.028683
239.1906,6.3110,60.15,126.00,0.030217
239.2824,6.6640,60.15,126.00,0.026901
239.3716,6.6640,60.15,126.00,0.029941
239.4699,6.6640,60.42,126.00,0.030767
239.5637,6.6640,60.15,126.00,0.029016
239.6609,6.6640,60.15,126.00,0.028714
239.7579,6.6640,60.15,126.00,0.029752
239.8551,6.6640,60.15,126.00,0.029949
239.9516,6.6640,59.61,126.00,0.030338
240.0493,6.6640,60.15,126.00,0.030385
240.1476,6.6640,60.15,126.00,0.030360
240.2443,6.0000,59.61,126.00,0.029292
240.3386,6.0000,59.61,126.00,0.028727
240.4336,6.0000,59.88,126.00,0.028881
240.5280,6.0000,60.15,126.00,0.029252
240.6236,6.0000,59.61,126.00,0.028764
240.7101,6.0000,59.61,126.00,0.025481
240.8036,6.0000,60.15,126.00,0.030031
240.9032,6.0000,59.88,126.00,0.028581
240.9943,6.0000,59.88,126.00,0.025510
241.0806,6.0000,59.61,126.00,0.027889
241.1805,6.0000,59.88,126.00,0.030193
241.2794,6.3280,59.61,126.00,0.030212
241.3798,6.3280,59.61,127.00,0.030259
241.4782,6.3280,59.61,126.50,0.028626
241.5652,6.3280,59.61,126.00,0.026122
241.6633,6.3280,59.34,126.00,0.029965
241.7607,6.3280,59.61,126.00,0.030214
241.8473,6.3280,59.61,126.00,0.026051
241.9350,6.3280,59.61,127.00,0.026592
242.0251,6.3280,60.15,126.50,0.028859
242.1227,6.3280,60.15,126.00,0.029238
242.2187,6.4830,60.15,126.50,0.030061
242.3144,6.6380,60.15,127.00,0.028785
242.4121,6.6380,60.15,127.00,0.030770
242.5082,6.6380,60.15,126.50,0.026882
242.5947,6.6380,59.61,126.00,0.027475
242.6922,6.6380,60.15,126.00,0.029431
242.7902,6.6380,59.61,126.00,0.029814
242.8886,6.6380,60.15,126.00,0.029336
242.9744,6.6380,60.15,126.00,0.026314
243.0613,6.6380,60.15,126.50,0.026595
243.1474,6.6380,59.34,126.00,0.026684
243.2423,6.5540,60.42,127.00,0.029743
243.3383,6.5540,60.42,126.50,0.030467
243.4363,6.5540,60.15,126.50,0.030568
243.5306,6.5540,59.88,126.00,0.026956
243.6187,6.5540,60.15,126.50,0.027976
243.7130,6.5540,60.15,126.00,0.027464
243.7987,6.5540,60.15,126.50,0.025567
243.8933,6.5540,59.88,126.00,0.029781
243.9925,6.5540,60.42,126.00,0.029802
244.0911,6.5540,60.15,126.00,0.030431
244.1914,6.2790,60.15,126.00,0.030622
244.2898,6.0040,59.61,126.00,0.029947
244.3792,6.0040,60.15,126.00,0.026706
244.4743,6.0040,60.15,126.00,0.030674
244.5745,6.0040,59.61,126.00,0.030332
244.6707,6.0040,59.88,126.00,0.029078
244.7679,6.0040,60.15,126.00,0.028862
244.8648,6.0040,60.15,126.00,0.029713
244.9569,6.0040,59.34,126.00,0.025889
245.0429,6.0040,60.15,126.00,0.027624
245.1381,6.0040,59.61,126.50,0.028921
245.2325,6.0040,59.61,126.00,0.028763
245.3304,6.0920,59.88,126.00,0.029856
245.4305,6.0920,60.15,126.50,0.029428
245.5198,6.0920,59.88,126.00,0.026748
245.6144,6.0920,60.15,126.00,0.030220
245.7117,6.0920,60.15,126.00,0.029990
245.8070,6.0920,59.34,126.00,0.029928
245.8960,6.0920,60.15,126.00,0.026209
245.9879,6.0920,60.15,126.00,0.030191
246.0901,6.0920,60.15,126.00,0.030520
246.1874,6.0920,59.88,126.00,0.030599
246.2862,6.4090,60.15,126.00,0.029922
246.3787,6.4090,59.88,126.00,0.026867
246.4658,6.4090,59.88,126.00,0.026156
246.5532,6.4090,60.42,126.00,0.027526
246.6561,6.4090,60.15,126.00,0.030169
246.7547,6.4090,59.88,126.00,0.029447
246.8433,6.4090,60.15,126.00,0.027105
246.9401,6.4090,60.15,126.00,0.030451
247.0403,6.4090,59.88,126.00,0.029488
247.1399,6.4090,60.15,126.00,0.030581
247.2296,6.2215,59.61,126.00,0.026890
247.3240,6.0340,59.61,126.00,0.030473
247.4244,6.0340,60.15,126.00,0.030126
247.5229,6.0340,59.61,126.00,0.029943
247.6152,6.0340,60.15,126.00,0.026558
247.7068,6.0340,59.61,126.00,0.030215
247.8039,6.0340,59.88,126.00,0.026404
247.8915,6.0340,60.15,126.50,0.028625
247.9900,6.0340,60.15,126.00,0.028977
248.0836,6.0340,59.61,126.00,0.028734
248.1791,6.0340,60.15,126.00,0.028889
248.2761,6.2405,60.42,126.00,0.030241
248.3749,6.4470,60.15,126.00,0.028994
248.4679,6.4470,59.61,126.00,0.028730
248.5636,6.4470,60.15,126.00,0.028786
248.6603,6.4470,60.15,126.00,0.030463
248.7598,6.4470,59.88,126.00,0.029977
248.8472,6.4470,59.61,126.00,0.026602
248.9402,6.4470,60.15,126.00,0.029705
249.0380,6.4470,60.15,126.00,0.029763
249.1353,6.4470,60.15,126.00,0.030034
249.2311,6.4050,59.88,126.00,0.029394
249.3307,6.3630,59.34,126.00,0.029668
249.4266,6.3630,59.88,126.00,0.029978
249.5260,6.3630,60.15,126.00,0.029759
249.6220,6.3630,59.88,126.00,0.029790
249.7200,6.3630,59.34,126.00,0.030451
249.8152,6.3630,60.15,126.00,0.027457
249.9036,6.3630,60.15,126.00,0.027511
250.0006,6.3630,59.34,126.00,0.030617
250.1007,6.3630,60.15,126.50,0.030072
250.1970,6.2425,60.15,126.00,0.030287
250.2950,6.1220,59.61,126.00,0.030088
250.3931,6.1220,60.15,126.00,0.029894
250.4924,6.1220,59.88,126.00,0.029903
250.5912,6.1220,59.88,126.00,0.030590
250.6922,6.1220,59.61,126.00,0.030387
250.7910,6.1220,60.15,126.00,0.030542
250.8809,6.1220,60.15,126.00,0.026705
250.9677,6.1220,60.15,126.00,0.026526
251.0631,6.1220,60.15,126.00,0.030069
251.1620,6.1220,60.15,126.00,0.029986
251.2578,6.4120,60.15,126.00,0.027029
251.3481,6.4120,60.15,126.00,0.030530
251.4451,6.4120,60.15,126.00,0.026633
251.5327,6.4120,59.88,126.00,0.027817
251.6298,6.4120,60.15,126.00,0.029286
251.7253,6.4120,59.61,126.00,0.028937
251.8129,6.4120,60.15,126.00,0.026565
251.9078,6.4120,60.15,126.00,0.030129
252.0084,6.4120,60.15,126.00,0.029763
252.1076,6.4120,59.88,126.00,0.030104
252.2104,6.2995,60.15,126.00,0.030118
252.3087,6.1870,59.88,126.50,0.029700
252.4109,6.1870,60.15,126.00,0.029757
252.5077,6.1870,60.15,126.00,0.030598
252.6080,6.1870,59.88,126.00,0.030154
252.7081,6.1870,60.15,126.00,0.029650
252.7995,6.1870,60.15,126.00,0.026845
252.8893,6.1870,59.61,126.00,0.029082
252.9876,6.1870,60.15,126.00,0.028842
253.0830,6.1870,60.15,126.00,0.030366
253.1843,6.0895,60.15,126.00,0.031257
253.2842,5.9920,60.15,126.00,0.030913
253.3847,5.9920,60.15,126.00,0.027695
253.4739,5.9920,60.15,126.00,0.028128
253.5696,5.9920,59.61,126.00,0.030165
253.6683,5.9920,60.15,126.00,0.030360
253.7745,5.9920,60.15,126.00,0.031635
253.8794,5.9920,60.15,126.00,0.031707
253.9836,5.9920,60.15,126.00,0.030202
254.0792,5.9920,60.15,126.00,0.030031
254.1778,5.9920,59.61,126.00,0.028361
254.2645,5.9430,59.88,126.00,0.027150
254.3663,5.9430,60.15,126.00,0.028804
254.4631,5.9430,60.15,126.00,0.029383
254.5605,5.9430,60.15,126.50,0.029846
254.6590,5.9430,59.61,126.00,0.030110
254.7587,5.9430,59.61,126.00,0.029815
254.8458,5.9430,59.88,126.00,0.026346
254.9438,5.9430,59.88,126.00,0.030210
255.0327,5.9430,60.15,126.00,0.026781
255.1269,5.9430,59.88,126.00,0.030618
255.2179,6.2920,59.88,126.00,0.026328
255.3063,6.6410,59.88,126.00,0.027323
255.3939,6.6410,59.88,126.00,0.028280
255.4907,6.6410,60.15,126.00,0.028681
255.5771,6.6410,60.15,126.00,0.026639
255.6758,6.6410,60.15,126.00,0.029055
255.7697,6.6410,60.15,126.00,0.028957
255.8662,6.6410,60.15,126.00,0.029188
255.9624,6.6410,59.88,126.00,0.030728
256.0590,6.6410,60.15,126.00,0.029048
256.1469,6.6410,60.15,126.00,0.025993
256.2386,6.6410,60.42,126.00,0.029343
256.3359,6.3490,60.15,126.00,0.031525
256.4362,6.0570,60.15,126.00,0.029338
256.5354,6.0570,60.15,126.00,0.030813
256.6330,6.0570,59.88,126.00,0.030018
256.7268,6.0570,59.88,126.00,0.026952
256.8178,6.0570,60.15,126.50,0.027815
256.9138,6.0570,60.15,126.50,0.028414
256.9999,6.0570,59.34,126.50,0.026049
257.0863,6.0570,59.61,126.50,0.027370
257.1829,6.2500,60.15,126.00,0.030800
257.2778,6.4430,60.15,126.00,0.028726
257.3742,6.4430,59.88,126.00,0.029069
257.4709,6.4430,60.15,126.00,0.030666
257.5694,6.4430,60.15,126.00,0.030593
257.6666,6.4430,60.15,126.00,0.031200
257.7650,6.4430,60.15,126.00,0.030648
257.8634,6.4430,59.88,126.00,0.030030
257.9566,6.4430,60.15,126.00,0.026413
258.0467,6.4430,60.15,126.00,0.029794
258.1433,6.4430,59.88,126.00,0.028844
258.2359,6.4430,59.88,126.00,0.027530
258.3215,6.4430,59.61,126.00,0.025870
258.4193,6.3630,60.15,126.00,0.030171
258.5210,6.2830,60.15,126.00,0.030206
258.6199,6.2830,59.88,126.00,0.030222
258.7202,6.2830,60.15,126.00,0.030337
258.8203,6.2830,59.88,126.00,0.029971
258.9224,6.2830,59.61,126.00,0.030615
259.0236,6.2830,59.88,126.00,0.030529
259.1236,6.2830,59.88,126.00,0.030293
259.2203,6.2830,59.61,126.00,0.030739
259.3089,6.2830,60.15,126.50,0.026163
259.4089,6.2830,59.88,126.00,0.029915
259.5010,6.2830,60.15,126.00,0.027285
259.5925,6.2830,59.88,126.00,0.030050
259.6906,6.2830,60.15,126.50,0.029871
259.7865,6.2830,59.88,126.00,0.029584
259.8836,6.2830,59.88,126.00,0.029847
259.9768,6.2830,59.61,126.00,0.027105
260.0636,6.2830,59.88,126.00,0.026537
260.1580,6.2830,60.15,126.00,0.028899
260.2573,6.2830,60.42,126.00,0.030121
260.3540,6.2830,59.88,126.00,0.030175
260.4413,6.2830,59.07,126.00,0.026289
260.5376,6.2830,59.88,126.00,0.029745
260.6328,6.2830,60.15,126.00,0.028698
260.7265,6.2830,60.15,126.00,0.028598
260.8215,6.2830,60.42,126.00,0.028544
260.9173,6.2830,60.15,126.00,0.028306
261.0113,6.2830,60.15,126.00,0.026131
261.1034,6.2830,59.88,126.00,0.029760
261.2006,6.2830,60.15,126.00,0.029652
261.2992,6.2830,59.61,126.00,0.030258
261.3971,6.2830,60.15,126.00,0.030577
261.4951,6.2830,60.15,126.00,0.030443
261.5927,6.2830,60.15,126.00,0.030246
261.6908,6.2830,60.15,126.00,0.030260
261.7880,6.2830,59.61,126.00,0.029569
261.8822,6.2830,60.42,126.00,0.029042
261.9771,6.2830,59.88,126.00,0.028701
262.0617,6.2830,59.61,126.00,0.026027
262.1596,6.2830,60.15,126.00,0.030145
262.2598,6.3210,60.15,126.00,0.030371
262.3504,6.3210,60.15,126.00,0.027328
262.4427,6.3210,60.15,126.00,0.029620
262.5423,6.3210,59.61,126.00,0.029465
262.6326,6.3210,60.15,126.00,0.026037
262.7236,6.3210,60.15,126.00,0.029965
262.8201,6.3210,59.61,126.00,0.029930
262.9198,6.3210,60.15,126.00,0.029967
263.0186,6.3210,60.15,126.00,0.030922
263.1210,6.3210,60.15,126.00,0.033769
263.2172,6.1815,59.88,126.00,0.027800
263.3059,6.0420,59.88,126.00,0.027726
263.4008,6.0420,60.15,126.00,0.029205
263.4989,6.0420,60.15,126.00,0.028946
263.5940,6.0420,59.88,126.00,0.028813
263.6918,6.0420,59.34,126.00,0.030053
263.7873,6.0420,59.88,126.00,0.029734
263.8865,6.0420,59.34,126.00,0.028623
263.9717,6.0420,59.61,126.00,0.025152
264.0636,6.0420,60.42,126.00,0.028861
264.1621,6.0420,60.15,126.00,0.030279
264.2598,6.2710,59.88,126.00,0.030102
264.3590,6.2710,59.61,126.00,0.030467
264.4525,6.2710,60.15,126.00,0.026559
264.5410,6.2710,60.15,126.50,0.029151
264.6388,6.2710,60.15,126.00,0.030031
264.7345,6.2710,60.15,126.00,0.030137
264.8347,6.2710,59.88,126.00,0.030693
264.9283,6.2710,60.15,126.00,0.029106
265.0271,6.2710,60.15,126.00,0.029224
265.1113,6.2710,59.61,126.00,0.025621
265.2055,6.2710,60.15,126.00,0.028547
265.3033,6.2710,60.15,126.00,0.029401
265.3997,6.2710,60.15,126.00,0.029125
265.4963,6.2710,60.15,126.00,0.030030
265.5969,6.2710,60.15,126.00,0.030319
265.6936,6.2710,60.15,126.00,0.030639
265.7910,6.2710,59.61,126.00,0.029732
265.8895,6.2710,60.15,126.00,0.030226
265.9878,6.2710,59.88,126.00,0.030267
266.0776,6.2710,60.15,126.00,0.025570
266.1653,6.2710,60.42,126.00,0.028116
266.2597,6.2710,60.15,126.00,0.028962
266.3563,6.2710,59.88,126.00,0.029703
266.4540,6.2710,59.88,126.00,0.029840
266.5544,6.2710,59.88,126.00,0.030172
266.6502,6.2710,59.61,126.50,0.029319
266.7504,6.2710,59.88,126.00,0.030257
266.8470,6.2710,60.15,126.00,0.030077
266.9456,6.2710,59.88,126.00,0.028540
267.0424,6.2710,59.61,126.00,0.029062
267.1379,6.2710,59.61,126.00,0.028786
267.2352,6.2710,60.15,126.00,0.030261
267.3367,6.2710,59.61,126.00,0.030426
267.4358,6.2710,59.88,126.00,0.030090
267.5248,6.2710,59.61,126.50,0.026207
267.6096,6.2710,60.15,126.00,0.026130
267.7037,6.2710,60.15,126.00,0.029189
267.7993,6.2710,59.88,126.00,0.029697
267.8963,6.2710,60.15,126.00,0.029550
267.9938,6.2710,59.61,126.00,0.026632
268.0831,6.2710,59.88,126.00,0.028255
268.1839,6.2710,60.15,126.00,0.029993
268.2865,6.2370,60.15,126.00,0.028866
268.3733,6.2370,59.88,126.00,0.026837
268.4716,6.2370,60.15,126.00,0.029776
268.5708,6.2370,60.15,126.00,0.029936
268.6710,6.2370,59.61,126.00,0.029723
268.7679,6.2370,60.15,126.00,0.030435
268.8690,6.2370,59.88,126.00,0.030187
268.9665,6.2370,60.15,126.00,0.030409
269.0646,6.2370,59.07,126.00,0.030350
269.1631,6.2370,60.15,126.00,0.030102
269.2534,5.9430,59.88,126.00,0.026789
269.3378,5.9430,60.15,126.00,0.026049
269.4313,5.9430,60.15,126.00,0.029526
269.5271,5.9430,59.88,126.00,0.030216
269.6245,5.9430,60.42,126.00,0.029830
269.7226,5.9430,60.15,126.00,0.030441
269.8163,5.9430,60.15,126.00,0.026388
269.9036,5.9430,60.15,126.00,0.027459
270.0035,5.9430,60.42,126.00,0.030177
270.0992,5.9430,59.88,126.00,0.030199
270.1885,6.1565,60.15,126.00,0.026950
270.2888,6.3700,60.15,126.00,0.031522
270.3928,6.3700,59.61,126.00,0.031702
270.4832,6.3700,60.15,126.00,0.027717
270.5841,6.3700,60.15,126.00,0.031692
270.6889,6.3700,59.88,126.00,0.031235
270.7928,6.3700,59.61,126.00,0.031366
270.8930,6.3700,60.15,126.00,0.031728
270.9953,6.3700,60.15,126.00,0.031616
271.0927,6.3700,60.42,126.00,0.028346
271.1810,6.3700,59.88,126.00,0.025599
271.2723,6.3700,59.88,126.00,0.029861
271.3733,6.2440,60.15,126.00,0.031093
271.4762,6.1180,59.88,127.00,0.031741
271.5773,6.1180,60.15,126.50,0.028381
271.6713,6.1180,59.88,126.00,0.028891
271.7700,6.1180,60.15,126.00,0.028774
271.8669,6.1180,60.15,126.50,0.028632
271.9731,6.1180,60.15,126.00,0.030721
272.0730,6.1180,60.15,126.00,0.030141
272.1718,6.1180,59.61,126.00,0.026697
272.2700,5.8170,60.15,126.00,0.030260
272.3752,5.8170,60.15,126.00,0.029581
272.4772,5.8170,59.88,126.00,0.030504
272.5783,5.8170,60.15,126.00,0.029762
272.6717,5.8170,60.15,126.00,0.026139
272.7637,5.8170,60.15,126.00,0.029897
272.8606,5.8170,60.15,126.00,0.030420
272.9618,5.8170,60.15,126.00,0.030769
273.0585,5.8170,60.15,126.00,0.030045
273.1565,5.8170,59.88,126.00,0.029879
273.2532,5.9280,59.61,126.00,0.028574
273.3494,5.9280,60.15,126.00,0.029003
273.4359,5.9280,59.88,126.00,0.026357
273.5343,5.9280,60.15,126.00,0.029942
273.6309,5.9280,60.15,126.00,0.030191
273.7315,5.9280,59.61,126.00,0.030231
273.8271,5.9280,59.88,126.00,0.029748
273.9177,5.9280,60.15,126.50,0.026580
274.0042,5.9280,60.42,126.50,0.026628
274.0987,5.9280,60.15,126.50,0.029405
274.1966,6.3420,60.42,126.00,0.030059
274.2992,6.7560,60.15,126.00,0.030269
274.3951,6.7560,59.88,126.00,0.030185
274.4944,6.7560,60.15,126.00,0.029401
274.5904,6.7560,60.42,126.00,0.028699
274.6849,6.7560,60.15,126.00,0.027810
274.7710,6.7560,60.15,126.00,0.027239
274.8714,6.7560,60.42,126.00,0.030162
274.9664,6.7560,60.15,126.00,0.029251
275.0643,6.7560,60.15,126.00,0.030563
275.1628,6.7560,59.88,126.00,0.030368
275.2606,6.3050,59.88,126.00,0.029896
275.3551,6.3050,60.15,126.00,0.028784
275.4547,6.3050,60.15,126.00,0.028920
275.5496,6.3050,60.15,126.00,0.029374
275.6405,6.3050,60.15,126.00,0.026840
275.7288,6.3050,60.15,126.00,0.028289
275.8268,6.3050,60.15,126.00,0.028513
275.9210,6.3050,60.42,126.00,0.028641
276.0185,6.3050,60.15,126.00,0.030359
276.1149,6.3050,60.15,126.00,0.030530
276.2124,6.1260,60.15,126.00,0.027487
276.3000,5.9470,60.15,126.50,0.028313
276.4023,5.9470,59.61,126.00,0.030411
276.5008,5.9470,60.15,126.00,0.030450
276.6004,5.9470,59.88,126.00,0.030726
276.7001,5.9470,60.15,126.00,0.030720
276.8001,5.9470,59.88,126.00,0.029416
276.8987,5.9470,60.42,126.00,0.029956
277.0026,5.9470,60.15,126.00,0.031547
277.1052,5.9470,59.61,126.00,0.031285
277.2074,5.9470,60.15,126.00,0.028812
277.3068,5.9470,60.42,126.00,0.029136
277.4071,5.9470,59.61,126.00,0.029657
277.5043,5.8020,59.88,126.50,0.028949
277.6043,5.8020,59.88,126.00,0.029648
277.7046,5.8020,60.15,126.00,0.030388
277.8119,5.8020,59.88,126.00,0.030851
277.9156,5.8020,60.15,126.00,0.030134
278.0191,5.8020,59.88,126.00,0.029797
278.1132,5.8020,60.15,126.00,0.027311
278.2127,5.8630,59.88,126.00,0.030284
278.3149,5.9240,60.42,126.00,0.030643
278.4206,5.9240,59.61,126.00,0.029981
278.5270,5.9240,59.88,126.00,0.031180
278.6295,5.9240,60.15,126.00,0.029048
278.7212,5.9240,60.15,126.00,0.027195
278.8256,5.9240,59.61,126.00,0.030487
278.9291,5.9240,59.88,126.00,0.030631
279.0320,5.9240,60.15,126.00,0.031106
279.1349,5.9240,60.15,126.00,0.030401
279.2410,5.8090,59.88,126.50,0.029101
279.3319,5.8090,59.88,127.00,0.026720
279.4220,5.8090,60.15,126.50,0.027680
279.5136,5.8090,60.15,126.50,0.027855
279.6159,5.8090,60.15,126.00,0.031657
279.7208,5.8090,60.15,126.00,0.031560
279.8251,5.8090,60.42,126.00,0.031332
279.9229,5.8090,60.15,126.00,0.028552
280.0240,5.8090,60.15,126.00,0.031584
280.1319,5.8090,60.15,126.00,0.032577
280.2370,5.8510,59.88,126.00,0.030001
280.3401,5.8930,60.15,126.00,0.029363
280.4242,5.8930,60.15,126.00,0.025467
280.5206,5.8930,60.15,126.00,0.029107
280.6210,5.8930,60.15,126.00,0.030465
280.7235,5.8930,60.15,126.00,0.029731
280.8204,5.8930,60.15,126.00,0.030632
280.9135,5.8930,60.15,126.00,0.026968
281.0049,5.8930,59.61,126.00,0.030008
281.1047,5.8930,59.61,126.00,0.030050
281.2009,6.1240,60.15,126.00,0.030040
281.3029,6.3550,60.15,126.00,0.030406
281.3979,6.3550,60.15,126.00,0.028772
281.4945,6.3550,59.61,127.00,0.029245
281.5905,6.3550,60.15,127.00,0.030307
281.6884,6.3550,59.88,126.50,0.027124
281.7773,6.3550,60.15,126.50,0.027766
281.8753,6.3550,60.15,126.00,0.030376
281.9740,6.3550,59.61,126.00,0.030344
282.0747,6.3550,60.15,126.00,0.030321
282.1712,6.3550,60.15,126.00,0.030218
282.2712,5.9960,60.15,126.00,0.029623
282.3671,5.9960,60.15,126.00,0.030479
282.4648,5.9960,60.15,126.00,0.030280
282.5640,5.9960,60.15,126.00,0.031099
282.6633,5.9960,60.15,126.00,0.029548
282.7593,5.9960,59.61,126.00,0.030606
282.8489,5.9960,60.15,126.00,0.027213
282.9439,5.9960,60.15,126.00,0.030487
283.0439,5.9960,60.15,126.00,0.030630
283.1420,5.9960,60.15,126.00,0.029495
283.2399,6.0345,60.15,126.00,0.029667
283.3325,6.0730,60.15,126.00,0.026119
283.4232,6.0730,59.88,126.00,0.029623
283.5207,6.0730,60.15,126.50,0.029456
283.6192,6.0730,60.42,126.00,0.030124
283.7146,6.0730,60.15,126.00,0.029838
283.8119,6.0730,60.15,126.00,0.027590
283.8973,6.0730,60.42,126.00,0.026537
283.9973,6.0730,60.42,126.00,0.030121
284.0957,6.0730,60.15,126.00,0.030522
284.1962,6.2275,60.15,126.50,0.030518
284.2948,6.3820,59.88,126.00,0.030528
284.3830,6.3820,60.15,126.50,0.026673
284.4766,6.3820,60.15,126.00,0.030087
284.5753,6.3820,60.15,126.00,0.030488
284.6729,6.3820,60.15,126.00,0.029509
284.7726,6.3820,60.15,126.50,0.029674
284.8637,6.3820,60.15,126.00,0.026214
284.9554,6.3820,60.15,126.00,0.029357
285.0490,6.3820,60.15,126.00,0.028801
285.1465,6.3820,60.15,126.00,0.028766
285.2445,6.3935,60.15,126.00,0.030181
285.3424,6.4050,60.42,126.00,0.028608
285.4383,6.4050,60.15,126.00,0.029192
285.5343,6.4050,60.15,126.00,0.029711
285.6315,6.4050,60.15,126.00,0.030811
285.7281,6.4050,59.61,126.00,0.029844
285.8269,6.4050,60.15,126.00,0.030347
285.9245,6.4050,60.15,126.00,0.029928
286.0206,6.4050,60.42,126.00,0.030349
286.1186,6.4050,59.88,126.00,0.030183
286.2146,6.1950,60.15,126.00,0.029931
286.3123,5.9850,59.61,126.00,0.029580
286.3993,5.9850,60.15,126.50,0.026531
286.4923,5.9850,60.15,126.00,0.029440
286.5898,5.9850,60.15,127.00,0.029337
286.6874,5.9850,60.15,127.00,0.030062
286.7853,5.9850,60.15,126.50,0.030160
286.8845,5.9850,59.88,126.00,0.029619
286.9834,5.9850,60.42,126.00,0.030844
287.0807,5.9850,60.15,126.50,0.029965
287.1767,5.9850,60.15,126.50,0.030268
287.2720,5.9540,60.15,126.00,0.026786
287.3600,5.9540,60.15,126.00,0.028662
287.4606,5.9540,60.15,126.00,0.030373
287.5617,5.9540,60.15,126.00,0.030411
287.6641,5.9540,60.15,126.00,0.030390
287.7630,5.9540,60.15,126.00,0.030395
287.8607,5.9540,60.15,126.00,0.029935
287.9565,5.9540,59.88,126.00,0.029611
288.0523,5.9540,60.15,126.00,0.028790
288.1362,5.9540,60.15,126.00,0.025438
288.2317,5.9960,60.15,126.00,0.029790
288.3340,6.0380,60.15,126.00,0.030636
288.4371,6.0380,60.15,126.00,0.030390
288.5395,6.0380,59.61,126.00,0.031527
288.6394,6.0380,60.42,126.00,0.030154
288.7365,6.0380,59.88,126.00,0.030765
288.8337,6.0380,60.15,126.00,0.029804
288.9230,6.0380,60.15,126.50,0.027107
289.0168,6.0380,60.15,127.00,0.030999
289.1156,6.0380,60.15,126.50,0.030234
289.2148,6.2270,60.15,126.00,0.029618
289.3113,6.4160,60.15,126.50,0.030205
289.4115,6.4160,60.15,126.00,0.029934
289.5091,6.4160,60.15,126.00,0.028849
289.6047,6.4160,60.15,126.00,0.028370
289.7032,6.4160,60.15,126.00,0.028443
289.8006,6.4160,59.88,126.00,0.029832
289.8969,6.4160,60.42,126.00,0.027493
289.9849,6.4160,60.15,126.00,0.026780
290.0831,6.4160,60.15,126.00,0.029282
290.1836,6.3475,60.15,126.00,0.030429
290.2798,6.2790,60.15,126.00,0.029636
290.3790,6.2790,60.42,127.00,0.029860
290.4747,6.2790,59.61,127.00,0.029734
290.5632,6.2790,60.42,127.00,0.026517
290.6565,6.2790,60.15,127.00,0.030671
290.7495,6.2790,60.42,127.00,0.026705
290.8404,6.2790,60.42,127.00,0.030641
290.9406,6.2790,60.15,127.00,0.030290
291.0394,6.2790,60.15,127.00,0.030216
291.1354,6.2790,60.15,127.00,0.029018
291.2291,6.2790,60.42,127.00,0.028798
291.3276,6.1970,60.15,127.00,0.030365
291.4262,6.1150,60.15,127.00,0.029802
291.5275,6.1150,60.15,127.00,0.029866
291.6262,6.1150,60.15,127.00,0.029922
291.7257,6.1150,59.61,127.00,0.029894
291.8235,6.1150,60.15,127.00,0.029642
291.9239,6.1150,60.15,127.00,0.029937
292.0209,6.1150,60.15,127.00,0.028394
292.1095,6.1150,60.42,127.00,0.026906
292.2086,6.2275,60.15,127.00,0.031138
292.3160,6.3400,60.15,127.00,0.031921
292.4209,6.3400,60.42,127.00,0.031501
292.5274,6.3400,60.15,127.50,0.030701
292.6311,6.3400,60.15,128.00,0.030435
292.7293,6.3400,60.15,128.00,0.029181
292.8242,6.3400,60.15,128.00,0.029416
292.9283,6.3400,60.15,128.00,0.031058
293.0313,6.3400,60.15,128.00,0.032056
293.1362,6.3400,60.42,128.00,0.031516
293.2433,5.9050,60.15,128.00,0.031340
293.3474,5.9050,60.15,128.00,0.029626
293.4438,5.9050,59.88,128.00,0.027140
293.5317,5.9050,60.15,128.00,0.026313
293.6343,5.9050,60.42,128.00,0.031350
293.7366,5.9050,60.42,128.00,0.031544
293.8407,5.9050,60.42,128.00,0.031730
293.9470,5.9050,60.15,128.00,0.031080
294.0541,5.9050,59.88,128.00,0.031203
294.1568,5.9050,59.88,128.00,0.031360
294.2610,5.8590,60.15,128.00,0.031114
294.3656,5.8590,59.61,128.00,0.031630
294.4719,5.8590,59.88,128.00,0.031435
294.5692,5.8590,60.42,128.00,0.028139
294.6620,5.8590,60.15,128.00,0.027560
294.7487,5.8590,60.15,128.00,0.025990
294.8502,5.8590,60.15,128.00,0.031653
294.9470,5.8590,60.15,128.00,0.028933
295.0316,5.8590,60.15,128.00,0.025302
295.1253,5.8590,60.42,128.00,0.028770
295.2276,6.0820,60.15,128.00,0.031080
295.3327,6.3050,60.15,128.00,0.031286
295.4333,6.3050,59.88,128.00,0.029148
295.5304,6.3050,60.15,128.00,0.029619
295.6303,6.3050,60.42,128.00,0.031188
295.7322,6.3050,59.88,128.00,0.030995
295.8355,6.3050,60.42,128.00,0.030776
295.9372,6.3050,59.88,128.00,0.030473
296.0362,6.3050,59.88,128.00,0.030323
296.1397,6.3050,60.15,128.00,0.028206
296.2265,6.3050,60.15,128.00,0.025688
296.3182,6.1525,60.42,128.00,0.029645
296.4119,6.0000,60.15,128.00,0.027379
296.5084,6.0000,60.15,128.00,0.031202
296.6111,6.0000,60.15,128.00,0.030933
296.7128,6.0000,60.15,128.00,0.032042
296.8088,6.0000,60.15,128.50,0.027089
296.9017,6.0000,60.15,129.00,0.030129
297.0051,6.0000,60.42,129.00,0.030884
297.1086,6.0000,60.42,129.00,0.031271
297.2108,6.0975,60.15,129.00,0.031781
297.3165,6.1950,60.15,129.00,0.030853
297.4147,6.1950,60.42,129.00,0.030478
297.5146,6.1950,59.61,129.00,0.030441
297.6120,6.1950,60.42,129.00,0.030183
297.7102,6.1950,60.15,129.00,0.028265
297.7958,6.1950,60.42,129.00,0.027347
297.8936,6.1950,60.42,129.00,0.030301
297.9885,6.1950,60.15,129.00,0.029943
298.0884,6.1950,60.15,129.00,0.029722
298.1868,6.1950,60.15,129.00,0.029552
298.2870,6.1950,60.15,129.00,0.029889
298.3826,6.1950,60.15,129.00,0.029270
298.4827,6.1950,60.15,129.00,0.029974
298.5784,6.1950,59.88,129.00,0.029399
298.6781,6.1950,60.15,129.00,0.030017
298.7757,6.1950,59.88,129.00,0.029912
298.8736,6.1950,60.15,129.00,0.029844
298.9678,6.1950,60.15,129.00,0.029448
299.0633,6.1950,59.88,129.00,0.028639
299.1589,6.1950,60.15,128.50,0.030371
299.2590,6.1950,60.15,128.50,0.030059
299.3545,6.1950,60.15,129.00,0.030195
299.4487,6.0880,60.15,129.00,0.026925
299.5353,5.9810,60.15,129.00,0.026953
299.6244,5.9810,60.42,129.00,0.027876
299.7217,5.9810,60.15,129.00,0.029770
299.8084,5.9810,60.15,129.00,0.025623
299.9035,5.9810,60.69,129.00,0.030346
300.0036,5.9810,60.42,129.00,0.030020
300.0998,5.9810,60.42,129.00,0.030120
300.2003,6.0420,60.42,129.00,0.030727
300.2953,6.1030,60.42,129.00,0.027596
300.3874,6.1030,60.15,129.00,0.029122
300.4829,6.1030,60.15,129.00,0.028441
300.5793,6.1030,60.15,129.00,0.029098
300.6749,6.1030,60.15,129.00,0.029778
300.7729,6.1030,60.15,129.00,0.030207
300.8708,6.1030,60.15,129.00,0.030116
300.9676,6.1030,60.15,129.00,0.029894
301.0629,6.1030,60.15,129.00,0.029436
301.1601,6.1030,60.15,129.00,0.030316
301.2588,5.9960,60.15,129.00,0.030078
301.3563,5.9960,60.15,129.00,0.029871
301.4534,5.9960,60.15,129.00,0.029038
301.5522,5.9960,60.15,129.00,0.028480
301.6381,5.9960,60.15,128.50,0.026920
301.7364,5.9960,59.88,128.50,0.030483
301.8343,5.9960,60.15,129.00,0.030253
301.9332,5.9960,60.15,128.50,0.029994
302.0296,5.9960,60.15,128.50,0.029144
302.1318,5.9960,60.15,129.00,0.030166
302.2284,5.9980,59.88,129.00,0.030548
302.3277,6.0000,60.15,129.00,0.030879
302.4257,6.0000,60.15,129.00,0.030263
302.5248,6.0000,60.15,128.50,0.029982
302.6230,6.0000,60.15,128.50,0.030055
302.7120,6.0000,60.69,128.00,0.025098
302.8002,6.0000,60.15,128.50,0.029064
302.8957,6.0000,60.42,128.00,0.029072
302.9914,6.0000,60.15,128.50,0.029737
303.0908,6.0000,60.15,128.00,0.029651
303.1880,5.9980,60.15,128.00,0.029557
303.2854,5.9960,59.88,128.50,0.029491
303.3833,5.9960,59.61,128.00,0.030095
303.4825,5.9960,60.15,128.00,0.030283
303.5771,5.9960,60.15,128.00,0.029133
303.6737,5.9960,60.15,128.00,0.028903
303.7725,5.9960,60.15,128.00,0.029622
303.8700,5.9960,60.15,128.00,0.029807
303.9673,5.9960,60.42,128.00,0.030043
304.0645,5.9960,60.15,128.00,0.029608
304.1648,5.9960,59.88,128.00,0.031081
304.2631,5.9580,60.15,128.00,0.030101
304.3492,5.9580,60.15,128.50,0.025785
304.4412,5.9580,60.15,128.00,0.028988
304.5388,5.9580,59.88,129.00,0.030396
304.6360,5.9580,60.15,129.00,0.029421
304.7318,5.9580,60.15,129.00,0.029842
304.8270,5.9580,60.15,128.50,0.028685
304.9202,5.9580,60.42,128.50,0.028597
305.0153,5.9580,60.15,128.00,0.028749
305.1110,5.9580,60.15,128.00,0.030385
305.2082,5.9865,60.15,128.00,0.029762
305.3019,6.0150,59.88,128.00,0.028679
305.3870,6.0150,60.15,128.50,0.025527
305.4840,6.0150,60.15,128.50,0.030479
305.5834,6.0150,60.15,128.00,0.029371
305.6788,6.0150,60.15,128.00,0.029928
305.7792,6.0150,60.15,128.00,0.029929
305.8795,6.0150,60.15,128.00,0.030181
305.9793,6.0150,60.15,128.00,0.030271
306.0750,6.0150,60.15,128.00,0.029981
306.1729,6.0150,60.15,128.00,0.030221
306.2697,5.9390,60.15,128.00,0.029515
306.3677,5.9390,60.42,128.00,0.030009
306.4636,5.9390,60.15,128.00,0.029705
306.5635,5.9390,60.42,128.00,0.029611
306.6642,5.9390,60.42,128.00,0.029877
306.7544,5.9390,59.88,128.00,0.025767
306.8403,5.9390,59.61,128.50,0.028508
306.9385,5.9390,60.42,128.00,0.029390
307.0346,5.9390,60.15,128.00,0.030261
307.1323,5.9390,60.15,128.00,0.030118
307.2307,5.9450,60.15,128.00,0.030609
307.3281,5.9510,59.88,128.00,0.029628
307.4295,5.9510,60.15,128.00,0.031845
307.5334,5.9510,60.42,128.00,0.031628
307.6347,5.9510,60.15,128.00,0.031387
307.7407,5.9510,60.42,128.00,0.031669
307.8449,5.9510,60.15,128.00,0.031905
307.9499,5.9510,60.15,128.00,0.031405
308.0494,5.9510,60.15,128.00,0.028795
308.1468,5.9510,59.88,128.00,0.029403
308.2474,5.8555,60.15,128.00,0.030426
308.3509,5.7600,60.15,128.00,0.028517
308.4362,5.7600,60.42,128.00,0.026538
308.5363,5.7600,60.15,128.00,0.030256
308.6343,5.7600,60.42,128.00,0.029689
308.7306,5.7600,60.69,128.00,0.029711
308.8269,5.7600,60.15,128.00,0.029634
308.9244,5.7600,60.15,128.00,0.029710
309.0244,5.7600,60.15,128.00,0.029533
309.1244,5.7600,60.15,128.00,0.030293
309.2235,5.8840,59.88,128.00,0.030238
309.3144,6.0080,60.15,128.00,0.026830
309.4062,6.0080,60.15,128.00,0.029752
309.5042,6.0080,60.15,128.00,0.030618
309.6066,6.0080,60.15,128.00,0.031737
309.7047,6.0080,60.15,128.00,0.029936
309.8030,6.0080,59.88,129.00,0.030480
309.9011,6.0080,59.88,129.00,0.030651
309.9985,6.0080,59.88,129.00,0.029454
310.0936,6.0080,60.42,129.00,0.026216
310.1823,6.1355,59.88,129.00,0.028931
310.2798,6.2630,60.15,129.00,0.029520
310.3786,6.2630,60.15,129.00,0.030284
310.4763,6.2630,60.42,129.00,0.029675
310.5678,6.2630,60.42,129.00,0.026211
310.6681,6.2630,60.42,129.00,0.029579
310.7669,6.2630,60.15,129.00,0.029186
310.8688,6.2630,60.15,129.00,0.030080
310.9646,6.2630,59.88,129.00,0.028317
311.0594,6.2630,60.15,129.00,0.028791
311.1547,6.2630,60.15,129.00,0.028821
311.2563,6.1390,60.15,129.00,0.029868
311.3517,6.0150,60.15,129.00,0.029618
311.4482,6.0150,60.15,129.00,0.029336
311.5456,6.0150,60.15,129.00,0.029874
311.6430,6.0150,59.88,129.00,0.030337
311.7383,6.0150,60.15,129.00,0.030038
311.8364,6.0150,59.61,129.00,0.030593
311.9352,6.0150,60.15,129.00,0.030133
312.0330,6.0150,60.15,129.00,0.030096
312.1287,6.0150,60.42,129.00,0.030272
312.2282,5.9770,60.42,129.00,0.030067
312.3240,5.9390,60.15,129.00,0.029832
312.4232,5.9390,59.88,129.00,0.029927
312.5187,5.9390,60.15,129.00,0.030127
312.6158,5.9390,60.15,129.00,0.030013
312.7114,5.9390,60.15,129.00,0.030104
312.8106,5.9390,60.15,129.00,0.029752
312.9079,5.9390,60.15,129.00,0.030350
313.0067,5.9390,60.69,129.00,0.029772
313.1014,5.9390,60.42,129.00,0.029415
313.1987,5.9560,60.15,129.00,0.029772
313.2967,5.9730,60.15,129.00,0.030352
313.3958,5.9730,60.15,129.00,0.029522
313.4914,5.9730,60.15,129.00,0.030850
313.5910,5.9730,60.15,129.00,0.030168
313.6778,5.9730,60.15,129.00,0.026637
313.7726,5.9730,60.15,129.00,0.030662
313.8726,5.9730,60.42,129.00,0.030048
313.9682,5.9730,60.15,129.00,0.026581
314.0592,5.9730,60.15,129.00,0.030301
314.1551,5.9730,60.15,129.00,0.029277
314.2490,5.9730,60.15,129.00,0.029106
314.3500,6.1105,60.15,129.00,0.029982
314.4456,6.2480,60.42,129.00,0.029078
314.5408,6.2480,60.15,129.00,0.028615
314.6347,6.2480,60.15,129.00,0.029382
314.7308,6.2480,60.42,129.00,0.029634
314.8302,6.2480,60.15,129.00,0.030214
314.9276,6.2480,60.42,129.00,0.030791
315.0226,6.2480,60.69,129.00,0.030811
315.1191,6.2480,60.15,129.00,0.029667
315.2146,6.1145,60.42,129.00,0.030471
315.3142,5.9810,60.15,129.00,0.028659
315.4071,5.9810,60.15,129.00,0.029222
315.5062,5.9810,60.15,129.00,0.028743
315.6044,5.9810,60.15,129.00,0.030715
315.7019,5.9810,60.42,129.00,0.028237
315.7955,5.9810,60.15,129.00,0.028615
315.8906,5.9810,60.15,130.00,0.028883
315.9875,5.9810,60.15,130.00,0.029524
316.0839,5.9810,60.15,130.00,0.029491
316.1818,5.9865,60.15,130.00,0.030285
316.2791,5.9920,60.42,130.00,0.030310
316.3762,5.9920,60.15,130.00,0.029775
316.4752,5.9920,60.15,130.00,0.029699
316.5709,5.9920,60.69,130.00,0.029910
316.6682,5.9920,60.15,130.00,0.030717
316.7656,5.9920,60.15,130.00,0.029756
316.8625,5.9920,60.15,130.00,0.029947
316.9592,5.9920,60.15,130.00,0.029954
317.0543,5.9920,59.88,130.00,0.028986
317.1471,5.9920,60.42,130.00,0.028888
317.2428,5.9905,59.88,130.00,0.029457
317.3383,5.9890,60.15,130.00,0.029732
317.4351,5.9890,60.15,130.00,0.029535
317.5320,5.9890,60.15,130.00,0.029269
317.6306,5.9890,60.15,130.00,0.030076
317.7257,5.9890,60.42,130.00,0.029829
317.8251,5.9890,60.15,130.00,0.030110
317.9257,5.9890,60.15,130.00,0.030110
318.0163,5.9890,60.15,130.00,0.026350
318.1059,5.9890,60.15,130.00,0.029647
318.2015,5.9890,60.15,130.00,0.029064
318.2963,5.9890,60.15,130.00,0.029922
318.3959,6.1530,60.15,130.00,0.030122
318.4962,6.3170,60.15,130.00,0.030442
318.5938,6.3170,60.15,130.00,0.028916
318.6876,6.3170,60.15,130.00,0.029165
318.7845,6.3170,60.42,130.00,0.030262
318.8825,6.3170,59.61,130.00,0.030056
318.9837,6.3170,60.15,130.00,0.029977
319.0837,6.3170,60.69,130.00,0.029897
319.1845,6.1545,60.15,130.00,0.030870
319.2848,5.9920,60.15,130.00,0.029979
319.3829,5.9920,60.15,130.00,0.030248
319.4782,5.9920,59.61,130.00,0.029690
319.5750,5.9920,60.15,130.00,0.029601
319.6718,5.9920,59.61,130.00,0.030380
319.7591,5.9920,60.15,130.00,0.025573
319.8495,5.9920,60.42,130.00,0.028833
319.9452,5.9920,60.15,130.00,0.029149
320.0426,5.9920,60.42,130.00,0.030559
320.1399,5.9920,60.15,130.00,0.031153
320.2380,6.3700,60.15,130.00,0.029983
320.3346,6.3700,60.15,130.00,0.028885
320.4286,6.3700,59.61,130.00,0.029844
320.5272,6.3700,60.15,130.00,0.029823
320.6207,6.3700,60.15,130.00,0.028588
320.7169,6.3700,60.15,130.00,0.028676
320.8065,6.3700,60.15,130.00,0.026627
320.9033,6.3700,60.42,130.00,0.030075
320.9976,6.3700,60.15,130.00,0.029615
321.0937,6.3700,60.15,130.00,0.029554
321.1913,6.2500,60.15,130.00,0.030117
321.2870,6.1300,59.88,130.00,0.028650
321.3800,6.1300,60.42,130.00,0.028696
321.4753,6.1300,59.61,130.00,0.029324
321.5719,6.1300,60.15,130.00,0.030133
321.6688,6.1300,60.42,130.00,0.030298
321.7656,6.1300,60.15,130.00,0.029767
321.8639,6.1300,59.88,130.00,0.031249
321.9591,6.1300,60.15,130.00,0.030409
322.0556,6.1300,60.15,130.00,0.029780
322.1468,6.1300,60.15,130.00,0.026055
322.2345,6.1050,60.15,130.00,0.027799
322.3321,6.0800,60.15,130.00,0.029663
322.4305,6.0800,60.42,130.00,0.029985
322.5275,6.0800,60.15,130.00,0.029980
322.6240,6.0800,60.15,130.00,0.029594
322.7188,6.0800,59.88,130.00,0.029869
322.8160,6.0800,60.15,130.00,0.030485
322.9090,6.0800,60.42,130.00,0.028841
323.0062,6.0800,60.15,130.00,0.028721
323.0996,6.0800,60.15,130.00,0.029377
323.1964,6.0555,60.15,130.00,0.030246
323.2947,6.0310,60.42,130.00,0.030405
323.3901,6.0310,60.15,130.00,0.028624
323.4828,6.0310,59.61,130.00,0.029073
323.5736,6.0310,60.15,130.00,0.026031
323.6611,6.0310,60.42,130.00,0.028797
323.7602,6.0310,60.42,130.00,0.030202
323.8596,6.0310,60.69,130.00,0.029720
323.9551,6.0310,60.15,130.00,0.028636
324.0480,6.0310,60.15,130.00,0.028968
324.1451,6.0310,60.15,130.00,0.029150
324.2422,6.0270,60.15,130.00,0.030420
324.3407,6.0230,60.15,130.00,0.029696
324.4387,6.0230,60.42,129.50,0.030649
324.5401,6.0230,60.15,129.00,0.030371
324.6353,6.0230,59.88,129.50,0.030360
324.7324,6.0230,60.15,129.50,0.030417
324.8297,6.0230,60.15,129.50,0.030274
324.9254,6.0230,59.88,129.00,0.028848
325.0222,6.0230,60.15,129.00,0.028728
325.1189,6.0230,60.15,129.00,0.028978
325.2179,5.9925,60.42,129.00,0.030249
325.3176,5.9620,59.61,129.00,0.029622
325.4074,5.9620,60.42,129.50,0.026332
325.4978,5.9620,60.69,129.50,0.029899
325.5952,5.9620,60.15,129.00,0.030169
325.6924,5.9620,60.69,129.00,0.030060
325.7876,5.9620,60.15,129.00,0.030205
325.8869,5.9620,60.15,129.00,0.030119
325.9820,5.9620,60.15,129.00,0.030266
326.0787,5.9620,60.42,129.00,0.030115
326.1758,5.9620,60.42,129.00,0.030150
326.2749,6.0190,60.15,129.00,0.029778
326.3721,6.0190,60.15,129.00,0.030167
326.4709,6.0190,59.88,129.00,0.029901
326.5658,6.0190,60.15,129.00,0.029986
326.6639,6.0190,60.42,129.00,0.029394
326.7594,6.0190,60.42,129.00,0.030010
326.8561,6.0190,60.15,129.00,0.030126
326.9513,6.0190,60.15,129.00,0.029505
327.0474,6.0190,60.15,129.00,0.029439
327.1416,6.0190,60.15,129.00,0.029160
327.2397,6.0190,60.15,129.00,0.029985
327.3363,6.0270,60.15,129.00,0.030797
327.4278,6.0270,60.15,129.00,0.026343
327.5146,6.0270,60.15,129.00,0.028653
327.6100,6.0270,60.15,129.00,0.029590
327.7072,6.0270,59.88,129.00,0.030310
327.8060,6.0270,60.15,129.00,0.029845
327.9013,6.0270,60.42,129.00,0.030482
328.0003,6.0270,60.15,129.00,0.030542
328.0990,6.0270,60.42,129.00,0.029686
328.1958,6.0175,60.15,129.00,0.030169
328.2918,6.0080,60.15,129.00,0.029988
328.3881,6.0080,60.15,129.00,0.029387
328.4873,6.0080,60.15,129.00,0.029471
328.5840,6.0080,60.15,129.00,0.028485
328.6801,6.0080,60.69,129.00,0.028974
328.7751,6.0080,60.15,129.00,0.029119
328.8707,6.0080,60.15,129.00,0.030377
328.9676,6.0080,60.15,129.00,0.030104
329.0637,6.0080,60.69,128.50,0.029455
329.1586,6.0080,60.15,128.00,0.028741
329.2505,6.0080,60.15,128.50,0.028208
329.3469,5.9920,60.42,128.00,0.029211
329.4439,5.9920,60.42,128.00,0.030028
329.5430,5.9920,60.15,128.00,0.030459
329.6395,5.9920,59.88,128.50,0.029976
329.7360,5.9920,60.42,129.00,0.029996
329.8319,5.9920,60.69,128.50,0.028730
329.9273,5.9920,60.42,128.50,0.029440
330.0230,5.9920,60.15,128.50,0.029233
330.1198,5.9920,60.15,128.00,0.029934
330.2174,5.9790,60.15,128.00,0.029160
330.3170,5.9660,60.15,128.00,0.029487
330.4147,5.9660,60.15,128.00,0.030018
330.5152,5.9660,60.15,128.00,0.029646
330.6080,5.9660,60.15,128.00,0.028912
330.7037,5.9660,59.88,128.00,0.029711
330.8013,5.9660,60.15,128.00,0.030172
330.8997,5.9660,60.15,128.00,0.029965
330.9952,5.9660,59.61,128.00,0.028768
331.0899,5.9660,59.88,128.00,0.029008
331.1837,5.9660,60.15,128.00,0.029773
331.2796,5.9850,60.15,128.00,0.029860
331.3780,6.0040,60.15,128.00,0.029839
331.4750,6.0040,60.15,128.00,0.030169
331.5699,6.0040,60.15,128.00,0.029398
331.6660,6.0040,60.42,128.00,0.029575
331.7599,6.0040,60.15,128.00,0.026501
331.8448,6.0040,60.42,128.00,0.025729
331.9390,6.0040,60.42,128.00,0.029536
332.0339,6.0040,60.15,128.00,0.028294
332.1274,6.0040,60.15,128.00,0.028912
332.2234,6.0040,60.15,128.00,0.029282
332.3228,6.3400,60.69,128.00,0.029789
332.4194,6.3400,60.15,128.00,0.030204
332.5154,6.3400,60.15,128.00,0.030801
332.6151,6.3400,60.42,128.00,0.030583
332.7107,6.3400,60.15,128.00,0.030201
332.8127,6.3400,60.15,128.00,0.030324
332.9094,6.3400,60.15,128.00,0.029798
333.0080,6.3400,60.15,128.00,0.029701
333.1056,6.3400,60.15,128.00,0.029498
333.2043,6.1550,60.42,128.00,0.030630
333.3020,5.9700,60.15,128.00,0.029730
333.3980,5.9700,60.15,128.00,0.028982
333.4956,5.9700,60.15,128.00,0.029870
333.5943,5.9700,60.15,128.00,0.029660
333.6916,5.9700,59.88,128.00,0.029980
333.7880,5.9700,60.15,128.00,0.027734
333.8732,5.9700,60.15,128.00,0.026637
333.9691,5.9700,60.42,127.50,0.028661
334.0669,5.9700,60.69,127.00,0.029284
334.1612,5.9700,60.15,127.00,0.028695
334.2603,5.9700,60.15,127.00,0.030518
334.3581,5.9700,60.15,127.00,0.030180
334.4558,5.9700,60.15,127.00,0.030162
334.5539,5.9700,59.61,127.00,0.029157
334.6399,5.9700,60.15,127.00,0.025175
334.7321,5.9700,60.42,127.50,0.029100
334.8257,5.9700,60.15,127.50,0.029397
334.9209,5.9700,60.42,127.00,0.028557
335.0158,5.9700,60.15,127.50,0.028724
335.1116,5.9700,59.88,127.00,0.029390
335.2065,5.9850,60.15,127.00,0.030037
335.3064,6.0000,60.15,127.00,0.030372
335.4034,6.0000,60.15,127.00,0.030442
335.5003,6.0000,60.42,127.00,0.030033
335.5994,6.0000,60.42,127.00,0.029594
335.6985,6.0000,60.15,127.00,0.030312
335.7960,6.0000,60.42,127.00,0.030205
335.8928,6.0000,60.15,127.00,0.030156
335.9875,6.0000,60.15,127.00,0.029624
336.0752,6.0000,60.42,127.50,0.025445
336.1656,6.0000,60.42,127.00,0.028980
336.2634,6.0000,60.15,127.00,0.029694
336.3631,6.1800,60.15,127.00,0.029474
336.4621,6.1800,60.15,127.00,0.030128
336.5583,6.1800,60.42,127.00,0.030534
336.6553,6.1800,60.15,127.00,0.030198
336.7507,6.1800,60.42,127.00,0.030365
336.8505,6.1800,60.15,127.00,0.030393
336.9483,6.1800,60.15,127.00,0.030935
337.0478,6.1800,59.88,127.00,0.030248
337.1418,6.1800,60.15,127.00,0.028775
337.2385,6.1800,60.15,127.00,0.028653
337.3339,6.1800,60.15,127.00,0.028747
337.4300,6.0655,60.15,127.00,0.029309
337.5242,5.9510,60.15,127.00,0.028999
337.6199,5.9510,60.42,127.00,0.029225
337.7160,5.9510,60.15,127.00,0.030400
337.8156,5.9510,59.88,127.00,0.029825
337.9109,5.9510,60.15,127.00,0.029842
338.0084,5.9510,60.15,127.00,0.029894
338.1073,5.9510,60.15,127.00,0.029768
338.2047,5.9640,60.15,127.00,0.029886
338.2937,5.9770,60.42,127.00,0.026616
338.3866,5.9770,60.69,127.00,0.029663
338.4837,5.9770,60.15,127.00,0.030342
338.5881,5.9770,60.15,127.00,0.031185
338.6882,5.9770,60.42,127.00,0.031732
338.7911,5.9770,60.42,127.00,0.030998
338.8921,5.9770,60.15,127.00,0.031391
338.9973,5.9770,60.15,127.00,0.031532
339.0991,5.9770,60.15,127.00,0.031728
339.1935,5.9465,60.15,127.00,0.027649
339.2890,5.9160,60.42,127.00,0.031227
339.3923,5.9160,60.42,127.00,0.031268
339.4916,5.9160,60.69,127.00,0.031927
339.5933,5.9160,60.15,127.00,0.031365
339.6961,5.9160,59.88,127.00,0.032176
339.7964,5.9160,60.42,127.00,0.029567
339.8948,5.9160,60.15,127.00,0.030432
339.9985,5.9160,59.88,127.00,0.031639
340.1009,5.9160,60.15,127.00,0.032530
340.2066,5.8800,60.15,127.00,0.031880
340.3097,5.8440,59.88,127.00,0.031396
340.4133,5.8440,60.15,127.00,0.031654
340.5136,5.8440,60.15,127.00,0.028006
340.6098,5.8440,60.15,127.00,0.031850
340.7135,5.8440,60.15,127.00,0.031414
340.8197,5.8440,59.61,127.00,0.031451
340.9250,5.8440,59.88,127.00,0.031033
341.0269,5.8440,60.15,127.00,0.031277
341.1321,5.8440,60.42,127.00,0.031088
341.2334,5.8725,59.61,127.00,0.031435
341.3389,5.9010,60.15,127.00,0.031177
341.4422,5.9010,59.88,127.00,0.030955
341.5358,5.9010,59.61,127.00,0.027762
341.6330,5.9010,60.42,127.00,0.031653
341.7386,5.9010,60.15,127.00,0.031710
341.8435,5.9010,60.15,127.00,0.031172
341.9480,5.9010,60.15,127.00,0.030860
342.0539,5.9010,60.15,127.00,0.031650
342.1573,5.9010,60.15,127.00,0.031611
342.2630,5.9280,60.42,127.00,0.031456
342.3686,5.9280,59.88,127.00,0.031633
342.4700,5.9280,60.15,127.00,0.031853
342.5735,5.9280,59.88,127.00,0.031565
342.6763,5.9280,60.42,127.00,0.030736
342.7809,5.9280,60.15,127.00,0.031769
342.8849,5.9280,60.42,127.00,0.031836
342.9888,5.9280,60.15,127.00,0.031113
343.0926,5.9280,60.15,127.00,0.031612
343.1966,5.9280,60.15,127.00,0.031529
343.2998,6.0040,60.15,127.00,0.030383
343.3987,6.0040,60.15,127.00,0.029766
343.4948,6.0040,60.15,127.00,0.030573
343.5938,6.0040,59.61,127.00,0.030272
343.6871,6.0040,60.15,127.00,0.028633
343.7817,6.0040,60.15,127.00,0.028631
343.8776,6.0040,60.15,127.00,0.029988
343.9744,6.0040,60.42,127.00,0.029912
344.0696,6.0040,60.15,127.00,0.029590
344.1711,6.0040,60.15,127.00,0.029801
344.2662,5.9920,60.15,127.00,0.029431
344.3638,5.9920,60.42,127.00,0.030261
344.4604,5.9920,60.15,127.00,0.029467
344.5626,5.9920,60.15,127.00,0.030348
344.6564,5.9920,60.15,127.00,0.028925
344.7533,5.9920,60.42,127.00,0.029839
344.8491,5.9920,60.15,127.00,0.030433
344.9482,5.9920,60.42,127.00,0.030183
345.0413,5.9920,60.15,127.00,0.028900
345.1386,5.9920,60.15,127.00,0.029370
345.2351,5.9920,59.61,127.00,0.030036
345.3345,6.0120,60.15,127.00,0.030162
345.4298,6.0120,60.15,127.00,0.030289
345.5271,6.0120,60.15,127.00,0.030670
345.6230,6.0120,60.15,127.00,0.030964
345.7198,6.0120,60.69,127.00,0.029934
345.8151,6.0120,60.15,127.00,0.030421
345.9120,6.0120,60.15,127.00,0.030042
346.0116,6.0120,60.15,127.00,0.029869
346.1082,6.0120,60.42,127.00,0.029835
346.2070,5.9715,60.15,127.00,0.029545
346.3060,5.9310,60.15,127.00,0.029706
346.4048,5.9310,60.15,127.00,0.029334
346.5039,5.9310,60.42,127.00,0.029933
346.6012,5.9310,60.42,127.00,0.029185
346.7022,5.9310,60.15,127.00,0.029630
346.7999,5.9310,59.88,127.00,0.030254
346.8964,5.9310,60.15,127.00,0.030054
346.9944,5.9310,60.42,127.00,0.030201
347.0930,5.9310,60.15,127.00,0.029595
347.1897,5.9540,60.15,127.00,0.031289
347.2877,5.9770,60.15,127.00,0.030406
347.3807,5.9770,60.15,127.00,0.028643
347.4756,5.9770,60.15,127.00,0.029142
347.5719,5.9770,60.15,127.00,0.029601
347.6709,5.9770,60.69,127.00,0.030338
347.7669,5.9770,60.15,127.00,0.030107
347.8669,5.9770,60.15,127.00,0.030653
347.9618,5.9770,60.15,127.00,0.029736
348.0631,5.9770,60.15,127.00,0.029577
348.1573,5.9770,60.15,127.00,0.029440
348.2547,5.9770,60.15,127.00,0.029142
348.3516,5.9770,60.15,127.00,0.029733
348.4483,5.9750,60.42,127.00,0.029697
348.5443,5.9730,60.15,127.00,0.029600
348.6427,5.9730,60.42,127.00,0.029336
348.7387,5.9730,60.15,127.00,0.030601
348.8388,5.9730,60.15,127.00,0.029734
348.9367,5.9730,60.15,127.00,0.030045
349.0340,5.9730,60.15,127.00,0.029992
349.1287,5.9730,60.15,127.00,0.029533
349.2269,5.9730,60.15,127.00,0.029702
349.3248,6.0000,60.15,127.00,0.030329
349.4237,6.0000,60.15,127.00,0.029908
349.5196,6.0000,60.42,127.00,0.028939
349.6150,6.0000,60.15,127.00,0.028860
349.7120,6.0000,60.15,127.00,0.030257
349.8114,6.0000,60.42,127.00,0.030374
349.9110,6.0000,60.42,127.00,0.029914
350.0073,6.0000,60.15,127.00,0.029407
350.1006,6.0000,59.88,127.00,0.027899
350.1885,5.9865,60.15,127.00,0.027251
350.2859,5.9730,60.15,127.00,0.029848
350.3827,5.9730,60.15,127.00,0.030169
350.4795,5.9730,60.15,127.00,0.031328
350.5767,5.9730,60.42,127.00,0.030265
350.6728,5.9730,60.42,127.00,0.030102
350.7719,5.9730,60.42,127.00,0.030044
350.8683,5.9730,60.42,127.00,0.030819
350.9683,5.9730,60.15,127.00,0.030965
351.0612,5.9730,60.42,127.00,0.028529
351.1574,5.9730,60.42,127.00,0.029489
351.2539,6.0230,60.15,127.00,0.030401
351.3508,6.0230,60.15,127.00,0.029297
351.4451,6.0230,60.42,127.00,0.029416
351.5473,6.0230,60.15,127.00,0.030204
351.6478,6.0230,60.15,127.00,0.030287
351.7444,6.0230,60.15,127.00,0.029523
351.8420,6.0230,60.42,127.00,0.029743
351.9396,6.0230,60.15,127.00,0.029647
352.0355,6.0230,60.15,127.00,0.029884
352.1352,6.0230,60.42,127.00,0.029829
352.2329,6.0060,59.88,127.00,0.029461
352.3353,5.9890,60.15,127.00,0.029934
352.4357,5.9890,60.42,127.00,0.030208
352.5356,5.9890,60.15,127.00,0.030240
352.6300,5.9890,60.15,127.00,0.029094
352.7254,5.9890,60.15,127.00,0.029034
352.8214,5.9890,60.15,127.00,0.029231
352.9207,5.9890,60.42,127.00,0.030004
353.0195,5.9890,59.88,127.00,0.030976
353.1194,5.9890,60.15,127.00,0.030206
353.2157,5.9565,60.15,127.00,0.030493
353.3163,5.9240,60.15,127.00,0.030655
353.4147,5.9240,60.42,127.00,0.029201
353.5120,5.9240,60.15,127.00,0.030585
353.6115,5.9240,60.15,127.00,0.030940
353.7000,5.9240,60.42,127.00,0.026246
353.7925,5.9240,60.42,127.00,0.029948
353.8916,5.9240,60.15,127.00,0.029965
353.9872,5.9240,60.15,127.00,0.029845
354.0867,5.9240,60.15,127.00,0.030014
354.1825,5.9240,60.42,127.00,0.029916
354.2794,5.9240,60.42,127.00,0.029954
354.3736,5.9240,60.15,127.00,0.029451
354.4693,5.9240,60.15,127.00,0.029231
354.5641,5.9240,60.42,127.00,0.027580
354.6525,5.9240,60.15,127.00,0.027951
354.7528,5.9240,60.42,127.00,0.029929
354.8521,5.9240,60.15,127.00,0.030472
354.9496,5.9240,60.42,127.00,0.029400
355.0355,5.9240,60.15,127.00,0.026015
355.1305,5.9240,60.15,127.00,0.029472
355.2274,5.9240,60.42,127.00,0.029896
355.3227,5.9240,60.15,127.00,0.029776
355.4184,5.9240,60.15,127.00,0.028749
355.5137,5.9240,60.15,127.00,0.028589
355.6094,5.9240,60.15,127.00,0.029173
355.7058,5.9700,60.42,127.00,0.029788
355.8026,5.9700,60.15,127.00,0.029797
355.9001,5.9700,60.42,127.00,0.030066
356.0018,5.9700,60.15,127.00,0.030421
356.0992,5.9700,60.15,127.00,0.030046
356.1965,5.9700,60.15,127.00,0.030012
356.2943,5.9700,60.15,127.00,0.030233
356.3921,5.9700,60.15,127.00,0.030779
356.4919,5.9700,60.15,127.00,0.030416
356.5930,5.9700,60.42,127.00,0.029567
356.6905,5.9700,60.15,127.00,0.030071
356.7888,5.9700,60.69,127.00,0.031458
356.8844,5.9700,60.15,127.00,0.030742
356.9862,5.9775,60.15,127.00,0.030568
357.0818,5.9850,60.15,127.00,0.030282
357.1790,5.9965,60.15,127.00,0.030213
357.2646,6.0080,60.42,127.00,0.025910
357.3602,6.0080,60.42,127.00,0.030005
357.4576,6.0080,60.15,127.00,0.029513
357.5548,6.0080,60.42,127.00,0.030135
357.6496,6.0080,60.15,127.00,0.029234
357.7467,6.0080,60.69,127.00,0.029240
357.8395,6.0080,60.15,127.00,0.028757
357.9379,6.0080,60.42,127.00,0.029992
358.0330,6.0080,60.15,127.00,0.030092
358.1326,6.0080,60.42,127.00,0.030763
358.2320,5.9945,60.15,127.00,0.030282
358.3314,5.9810,60.15,127.00,0.030034
358.4239,5.9810,60.15,127.00,0.028286
358.5193,5.9810,60.42,127.00,0.028729
358.6154,5.9810,60.15,127.00,0.028757
358.7147,5.9810,60.15,127.00,0.029756
358.8109,5.9810,60.15,127.00,0.030140
358.9061,5.9810,60.42,127.00,0.028965
358.9996,5.9810,60.15,127.00,0.028845
359.0974,5.9810,60.15,127.00,0.029242
359.1912,5.9810,59.61,127.00,0.028905
359.2865,5.9810,60.42,127.00,0.029070
359.3801,5.9810,60.42,127.00,0.028868
359.4801,6.0230,59.61,127.00,0.029741
359.5801,6.0230,60.15,127.00,0.030188
359.6798,6.0230,60.42,127.00,0.030311
359.7797,6.0230,60.15,127.00,0.030322
359.8802,6.0230,60.15,127.00,0.030680
359.9788,6.0230,60.42,127.00,0.030599
360.0761,6.0230,60.69,127.00,0.030094
360.1718,6.0230,60.42,127.00,0.029126
360.2749,5.9510,60.15,127.00,0.030736
360.3693,5.9510,60.15,127.00,0.029004
360.4667,5.9510,60.15,127.00,0.029184
360.5611,5.9510,60.15,127.00,0.028899
360.6579,5.9510,60.15,127.00,0.029567
360.7562,5.9510,60.15,127.00,0.030417
360.8557,5.9510,60.15,127.00,0.029888
360.9561,5.9510,60.15,127.00,0.030284
361.0580,5.9510,60.15,127.00,0.030108
361.1563,5.9510,60.15,127.00,0.030009
361.2587,6.0080,60.15,127.00,0.029563
361.3565,6.0080,60.15,127.00,0.029653
361.4585,6.0080,60.15,127.00,0.030178
361.5516,6.0080,60.15,127.00,0.027074
361.6392,6.0080,60.15,127.00,0.027289
361.7354,6.0080,60.42,127.00,0.030588
361.8338,6.0080,60.15,127.00,0.031033
361.9320,6.0080,60.15,127.00,0.030387
362.0340,6.0080,60.15,127.00,0.030504
362.1322,6.0080,59.88,127.00,0.030346
362.2325,5.9795,60.15,127.00,0.030822
362.3283,5.9510,60.42,127.00,0.029888
362.4285,5.9510,60.69,127.00,0.030637
362.5255,5.9510,60.42,127.00,0.030999
362.6248,5.9510,59.88,127.00,0.029898
362.7223,5.9510,60.15,127.00,0.028688
362.8202,5.9510,60.15,127.00,0.029306
362.9177,5.9510,60.15,127.00,0.029853
363.0147,5.9510,60.15,127.00,0.030110
363.1122,5.9510,60.15,127.00,0.029497
363.2108,5.9525,60.69,127.00,0.029229
363.3056,5.9540,60.42,127.00,0.029376
363.4015,5.9540,60.15,127.00,0.029039
363.4966,5.9540,60.15,127.00,0.029461
363.5983,5.9540,60.42,127.00,0.029837
363.6958,5.9540,60.15,127.00,0.030019
363.7926,5.9540,60.42,127.00,0.030243
363.8915,5.9540,60.15,127.00,0.029602
363.9859,5.9540,60.15,127.00,0.028420
364.0808,5.9540,60.15,127.00,0.028812
364.1750,5.9540,60.15,127.00,0.028334
364.2695,5.9730,60.15,127.00,0.030183
364.3665,5.9920,60.15,127.00,0.029824
364.4623,5.9920,60.15,127.00,0.028892
364.5578,5.9920,60.42,127.00,0.029103
364.6543,5.9920,60.15,127.00,0.029821
364.7535,5.9920,60.42,127.00,0.028462
364.8466,5.9920,60.15,127.00,0.028771
364.9416,5.9920,60.15,127.00,0.029131
365.0370,5.9920,60.42,127.00,0.030018
365.1358,5.9920,60.15,127.00,0.029849
365.2334,6.0115,60.69,127.00,0.029627
365.3313,6.0310,60.42,127.00,0.030417
365.4282,6.0310,60.15,127.00,0.029730
365.5277,6.0310,60.15,127.00,0.030601
365.6233,6.0310,59.88,127.00,0.030522
365.7200,6.0310,60.15,127.00,0.029917
365.8155,6.0310,60.15,127.00,0.030309
365.9147,6.0310,60.15,127.00,0.030182
366.0113,6.0310,60.42,127.00,0.031274
366.1073,6.0310,60.15,127.00,0.029268
366.2041,6.0215,60.15,127.00,0.032158
366.3073,6.0120,60.42,127.00,0.030452
366.4052,6.0120,60.15,127.00,0.030067
366.5030,6.0120,60.42,127.00,0.030593
366.5974,6.0120,60.42,127.00,0.028278
366.6932,6.0120,60.15,127.00,0.028907
366.7879,6.0120,60.15,127.00,0.029845
366.8874,6.0120,60.15,127.00,0.029628
366.9824,6.0120,60.69,127.00,0.029431
367.0798,6.0120,60.15,127.00,0.029835
367.1735,6.0120,60.42,127.00,0.029000
367.2713,5.9920,60.42,127.00,0.029633
367.3693,5.9920,60.42,127.00,0.030674
367.4663,5.9920,60.42,127.00,0.030139
367.5636,5.9920,60.15,127.00,0.030055
367.6608,5.9920,60.15,127.00,0.030453
367.7582,5.9920,60.15,127.00,0.030138
367.8585,5.9920,60.42,127.00,0.031120
367.9562,5.9920,60.15,127.00,0.030371
368.0515,5.9920,60.42,127.00,0.028819
368.1467,5.9920,60.15,127.00,0.029880
368.2448,5.9890,60.42,127.00,0.030046
368.3440,5.9890,60.15,127.00,0.030523
368.4400,5.9890,60.42,127.00,0.029188
368.5378,5.9890,60.15,127.00,0.029907
368.6357,5.9890,60.15,127.00,0.029338
368.7351,5.9890,60.42,127.00,0.029422
368.8335,5.9890,60.69,127.00,0.029132
368.9313,5.9890,60.15,127.00,0.029336
369.0305,5.9890,60.42,126.50,0.029325
369.1259,5.9890,60.15,127.00,0.029922
369.2241,5.9925,60.15,127.00,0.030747
369.3235,5.9960,60.15,127.00,0.030006
369.4208,5.9960,60.15,126.50,0.030212
369.5209,5.9960,60.15,126.50,0.030299
369.6196,5.9960,60.15,127.00,0.029927
369.7129,5.9960,60.15,127.00,0.028600
369.8094,5.9960,60.15,127.00,0.028408
369.8956,5.9960,60.42,127.00,0.025286
369.9871,5.9960,60.15,127.00,0.029874
370.0837,5.9960,60.69,127.00,0.028980
370.1819,5.9960,60.15,127.00,0.029963
370.2799,6.2560,60.15,127.00,0.029795
370.3783,6.2560,60.15,127.00,0.029390
370.4750,6.2560,60.15,127.00,0.029602
370.5721,6.2560,60.42,127.00,0.029938
370.6667,6.2560,60.42,127.00,0.029526
370.7638,6.2560,60.15,127.00,0.029806
370.8590,6.2560,60.15,127.00,0.030453
370.9561,6.2560,60.15,127.00,0.030148
371.0549,6.2560,60.15,127.00,0.030527
371.1520,6.2560,60.42,127.00,0.029733
371.2505,5.9920,60.42,127.00,0.030374
371.3472,5.9920,60.42,127.00,0.030293
371.4428,5.9920,60.15,127.00,0.030617
371.5417,5.9920,60.15,127.00,0.030235
371.6399,5.9920,60.42,127.00,0.030469
371.7363,5.9920,60.15,127.00,0.029676
371.8333,5.9920,60.15,127.00,0.029474
371.9299,5.9920,60.69,127.00,0.029661
372.0272,5.9920,60.42,127.00,0.029984
372.1239,5.9920,60.42,127.00,0.029809
372.2188,5.9960,60.15,127.00,0.029557
372.3179,6.0000,60.15,127.00,0.029547
372.4122,6.0000,60.15,127.00,0.028834
372.5121,6.0000,60.15,127.00,0.030843
372.6074,6.0000,60.15,127.00,0.030063
372.7018,6.0000,60.15,127.00,0.028689
372.7955,6.0000,60.42,127.00,0.028869
372.8908,6.0000,59.88,127.00,0.029148
372.9871,6.0000,60.15,127.00,0.030712
373.0842,6.0000,60.42,127.00,0.030318
373.1838,6.0000,60.42,127.00,0.030083
373.2806,6.0000,60.15,127.00,0.029852
373.3742,6.0000,60.15,127.00,0.028451
373.4691,6.0000,60.42,127.00,0.028966
373.5628,6.0000,60.42,127.00,0.029212
373.6502,6.0000,60.42,127.00,0.025591
373.7433,6.0000,60.69,127.00,0.029863
373.8417,6.0000,60.15,127.00,0.028767
373.9359,6.0000,60.42,127.00,0.029066
374.0317,6.0000,60.42,127.00,0.029470
374.1315,6.0000,59.88,127.00,0.030192
374.2309,6.0000,60.42,127.00,0.029613
374.3274,6.0000,60.42,127.00,0.030702
374.4213,6.0000,60.69,127.00,0.028193
374.5194,6.0000,60.42,127.00,0.029666
374.6175,6.0000,60.15,127.00,0.030100
374.7163,6.0120,60.42,127.00,0.031014
374.8157,6.0120,60.15,127.00,0.030479
374.9111,6.0120,60.15,127.00,0.030216
375.0083,6.0120,60.42,127.00,0.030684
375.1034,6.0120,60.15,127.00,0.030411
375.2026,6.0080,60.42,127.00,0.031976
375.2988,6.0040,60.15,127.00,0.030311
375.3953,6.0040,60.15,127.00,0.029184
375.4910,6.0040,60.15,127.00,0.030133
375.5952,6.0040,60.15,127.00,0.029891
375.6972,6.0040,60.42,127.00,0.029062
375.7939,6.0040,60.42,127.00,0.028855
375.8877,6.0040,60.42,127.00,0.029117
375.9916,6.0040,60.15,127.00,0.031042
376.0949,6.0040,60.69,127.00,0.030590
376.1983,5.9695,60.15,127.00,0.031312
376.3026,5.9350,60.15,127.00,0.030430
376.3946,5.9350,60.69,127.00,0.027033
376.4951,5.9350,60.42,127.00,0.032016
376.6017,5.9350,60.42,125.00,0.031508
376.7012,5.9350,60.42,123.00,0.031301
376.8066,5.9350,60.42,123.00,0.031592
376.9134,5.9350,60.42,123.00,0.030208
377.0163,5.9350,60.15,123.00,0.030337
377.1216,5.9350,60.42,124.00,0.030494
377.2251,5.8875,60.15,124.00,0.031124
377.3295,5.8400,60.15,124.00,0.030388
377.4351,5.8400,60.15,124.00,0.031057
377.5404,5.8400,60.15,124.00,0.030401
377.6435,5.8400,59.61,124.00,0.030526
377.7459,5.8400,60.15,124.00,0.029763
377.8473,5.8400,60.15,124.00,0.029219
377.9441,5.8400,59.88,124.00,0.029015
378.0427,5.8400,60.42,124.00,0.029533
378.1382,5.8400,60.15,124.00,0.029026
378.2342,5.8400,60.15,124.00,0.029911
378.3299,5.9240,60.15,124.00,0.029922
378.4266,5.9240,60.42,124.00,0.030030
378.5237,5.9240,60.15,124.00,0.030154
378.6205,5.9240,60.15,124.00,0.030303
378.7189,5.9240,60.15,124.00,0.031080
378.8179,5.9240,60.15,124.00,0.030456
378.9147,5.9240,60.15,124.00,0.030125
379.0155,5.9240,60.15,124.00,0.029727
379.1133,5.9240,60.15,124.00,0.030676
379.2103,5.9240,60.69,124.00,0.029999
379.3049,5.9240,60.42,124.00,0.029524
379.4043,5.9240,60.15,124.00,0.030043
379.4992,5.9240,60.15,124.00,0.029925
379.5990,5.9240,60.42,124.00,0.030073
379.6926,5.9240,60.15,124.50,0.028425
379.7873,5.9240,60.15,125.00,0.029029
379.8817,5.9240,60.42,125.00,0.029529
379.9801,5.9240,60.42,125.00,0.029460
380.0758,5.9240,60.42,125.00,0.030020
380.1736,5.9240,60.15,125.00,0.029519
380.2725,5.9240,60.42,125.00,0.029741
380.3722,5.9240,60.42,125.00,0.030426
380.4696,5.9240,60.42,125.00,0.030131
380.5660,5.9240,60.15,125.00,0.029427
380.6611,5.9240,60.42,125.00,0.030307
380.7608,5.9920,60.42,125.00,0.030311
380.8569,5.9920,60.15,125.00,0.030207
380.9562,5.9920,60.15,125.00,0.030123
381.0558,5.9920,60.42,125.00,0.030501
381.1529,5.9920,60.15,125.00,0.029904
381.2518,5.9960,60.42,125.00,0.030521
381.3492,5.9960,60.42,125.00,0.030598
381.4444,5.9960,60.42,125.00,0.029616
381.5432,5.9960,60.69,125.00,0.029833
381.6375,5.9960,60.42,125.00,0.028923
381.7346,5.9960,60.15,125.00,0.028695
381.8296,5.9960,60.42,125.00,0.028438
381.9263,5.9960,60.15,125.00,0.028717
382.0234,5.9960,60.42,125.00,0.030238
382.1229,5.9960,60.69,126.00,0.030535
382.2207,5.9750,60.42,126.00,0.031027
382.3179,5.9540,60.15,126.00,0.028409
382.4124,5.9540,60.15,126.00,0.029636
382.5137,5.9540,60.15,126.00,0.030191
382.6087,5.9540,60.42,126.00,0.030234
382.7080,5.9540,60.42,126.00,0.030524
382.8028,5.9540,60.42,126.00,0.029984
382.9005,5.9540,60.42,126.00,0.030774
382.9958,5.9540,60.15,126.00,0.030294
383.0926,5.9540,60.42,126.00,0.030138
383.1898,5.9540,60.42,126.00,0.028752
383.2866,5.9540,60.42,126.00,0.028768
383.3821,5.9540,60.42,126.00,0.029085
383.4792,5.9890,60.15,126.00,0.029649
383.5738,5.9890,60.15,126.00,0.029144
383.6709,5.9890,60.42,126.00,0.029748
383.7643,5.9890,60.15,126.00,0.028477
383.8630,5.9890,60.42,126.00,0.029605
383.9585,5.9890,60.42,126.00,0.029119
384.0564,5.9890,60.15,126.00,0.030636
384.1541,5.9890,60.15,126.00,0.030183
384.2528,5.9430,60.42,126.00,0.029744
384.3498,5.9430,60.15,126.00,0.029691
384.4488,5.9430,60.15,126.00,0.029952
384.5445,5.9430,60.15,126.00,0.030443
384.6451,5.9430,60.15,126.00,0.029734
384.7437,5.9430,60.42,126.00,0.029888
384.8427,5.9430,60.15,126.00,0.030333
384.9389,5.9430,60.15,126.00,0.030500
385.0363,5.9430,60.42,126.00,0.030070
385.1338,5.9430,60.15,126.00,0.029913
385.2314,5.9525,60.69,126.00,0.029911
385.3278,5.9620,60.15,126.00,0.030201
385.4302,5.9620,60.15,126.00,0.030236
385.5254,5.9620,60.15,126.00,0.029782
385.6224,5.9620,60.15,126.00,0.029844
385.7203,5.9620,60.69,126.00,0.030127
385.8198,5.9620,59.34,127.00,0.029997
385.9230,5.9620,60.15,127.00,0.030757
386.0188,5.9620,60.42,127.00,0.028350
386.1124,5.9620,60.42,127.00,0.028597
386.2112,5.9620,60.15,127.00,0.030087
386.3072,5.8930,60.42,127.00,0.030437
386.4051,5.8930,60.15,127.00,0.030640
386.5004,5.8930,60.15,127.00,0.029864
386.5996,5.8930,60.15,127.00,0.030078
386.6950,5.8930,60.15,127.00,0.030097
386.7954,5.8930,60.42,127.00,0.031497
386.8971,5.8930,60.42,127.00,0.031462
387.0010,5.8930,60.42,127.00,0.031822
387.1031,5.8930,60.42,127.00,0.031673
387.2093,5.8815,60.69,127.00,0.031939
387.3157,5.8700,60.15,127.00,0.031694
387.4164,5.8700,60.15,127.00,0.031447
387.5096,5.8700,60.15,127.00,0.028896
387.6089,5.8700,59.88,127.00,0.029718
387.7059,5.8700,60.15,127.00,0.030282
387.8067,5.8700,60.15,127.00,0.030931
387.9122,5.8700,60.42,127.00,0.031854
388.0147,5.8700,60.15,127.00,0.032180
388.1191,5.8700,60.15,127.00,0.031857
388.2223,5.8700,60.42,127.00,0.029253
388.3215,5.9350,60.42,127.00,0.027908
388.4157,6.0000,60.15,127.00,0.031166
388.5204,6.0000,60.42,127.00,0.032137
388.6215,6.0000,60.15,127.00,0.030893
388.7239,6.0000,60.15,127.00,0.030717
388.8233,6.0000,60.15,127.00,0.029030
388.9165,6.0000,60.15,127.00,0.028955
389.0167,6.0000,60.42,127.00,0.030035
389.1153,6.0000,60.69,127.00,0.030109
389.2210,5.9810,60.69,127.00,0.029735
389.3227,5.9620,60.42,127.00,0.030292
389.4259,5.9620,60.42,127.00,0.030572
389.5279,5.9620,60.15,127.00,0.030324
389.6321,5.9620,60.15,127.00,0.030730
389.7359,5.9620,60.15,127.00,0.030712
389.8398,5.9620,60.15,127.00,0.031149
389.9459,5.9620,60.42,127.00,0.030809
390.0495,5.9620,60.42,127.00,0.030896
390.1521,5.9620,60.15,127.00,0.031880
390.2565,5.8250,60.42,127.00,0.031493
390.3620,5.8250,60.42,127.00,0.031243
390.4658,5.8250,60.15,127.00,0.031185
390.5726,5.8250,60.15,127.00,0.031928
390.6769,5.8250,60.15,127.00,0.031907
390.7796,5.8250,60.15,127.00,0.031271
390.8816,5.8250,60.15,127.00,0.031791
390.9836,5.8250,60.42,127.00,0.031144
391.0824,5.8250,60.42,127.00,0.028794
391.1759,5.8250,60.15,127.00,0.029013
391.2760,5.9430,60.15,127.00,0.029395
391.3746,5.9430,60.42,127.00,0.030394
391.4746,5.9430,60.15,127.00,0.030393
391.5696,5.9430,60.42,127.00,0.029292
391.6672,5.9430,60.42,127.00,0.029989
391.7628,5.9430,60.42,127.00,0.030160
391.8608,5.9430,60.15,127.00,0.028647
391.9591,5.9430,60.69,127.50,0.029323
392.0555,5.9430,60.42,127.50,0.029658
392.1520,5.9430,60.42,127.00,0.028946
392.2500,5.9540,60.15,127.50,0.028713
392.3463,5.9540,60.15,127.00,0.029258
392.4445,5.9540,60.15,127.00,0.030812
392.5425,5.9540,60.42,127.00,0.030020
392.6407,5.9540,60.42,127.00,0.030677
392.7389,5.9540,60.42,127.00,0.030568
392.8370,5.9540,60.15,127.00,0.030404
392.9335,5.9540,60.42,127.00,0.029427
393.0300,5.9540,60.15,127.00,0.029394
393.1270,5.9540,60.15,127.00,0.029935
393.2249,5.9865,60.42,127.00,0.030200
393.3239,6.0190,60.15,127.50,0.029976
393.4231,6.0190,60.42,127.00,0.029587
393.5205,6.0190,60.15,127.00,0.029482
393.6191,6.0190,60.15,127.00,0.029593
393.7139,6.0190,60.15,127.00,0.029149
393.8105,6.0190,60.42,127.00,0.029738
393.9063,6.0190,60.15,127.00,0.029989
394.0016,6.0190,60.42,127.00,0.028791
394.0948,6.0190,60.42,127.00,0.028700
394.1898,6.0190,60.42,127.00,0.028888
394.2859,6.0190,60.15,127.00,0.029791
394.3827,6.0190,60.15,128.00,0.029869
394.4802,6.0190,60.15,127.50,0.030626
394.5804,6.0190,60.42,127.00,0.030235
394.6806,6.0190,60.69,127.00,0.030453
394.7805,6.0190,60.42,127.50,0.030536
394.8768,6.0190,60.42,127.50,0.030551
394.9766,6.0190,60.42,127.00,0.030140
395.0744,6.0190,59.61,127.00,0.030405
395.1764,6.0190,60.15,127.00,0.030875
395.2744,6.0190,60.15,127.00,0.030368
395.3709,6.0190,60.95,127.00,0.029741
395.4679,6.0190,60.15,127.00,0.029673
395.5670,6.0190,60.42,127.00,0.029785
395.6645,6.0190,60.42,127.00,0.029603
395.7629,6.0190,60.15,127.00,0.029704
395.8574,6.0190,60.42,127.00,0.029214
395.9546,6.0190,60.15,127.00,0.029984
396.0513,6.0190,60.42,127.00,0.029551
396.1483,6.0190,60.42,127.00,0.030029
396.2479,6.0190,60.15,127.00,0.030013
396.3476,6.0190,60.15,127.00,0.030721
396.4424,6.0190,60.42,127.00,0.029890
396.5398,6.0190,60.15,127.00,0.030378
396.6353,6.0190,60.15,127.00,0.030490
396.7346,6.0190,60.15,127.00,0.030287
396.8345,6.0190,60.15,127.00,0.030296
396.9292,6.0190,60.42,127.50,0.028586
397.0220,6.0190,60.15,127.50,0.028959
397.1187,6.0190,60.15,127.00,0.029850
397.2113,6.0190,60.42,127.00,0.028729
397.3058,6.0190,60.15,127.00,0.028797
397.3993,6.0190,60.42,127.00,0.028463
397.4965,6.0190,60.69,127.00,0.029180
397.5942,6.0190,60.42,127.00,0.028544
397.6910,6.0190,60.15,127.00,0.028998
397.7843,6.0190,60.69,127.00,0.028944
397.8831,6.0190,60.15,127.00,0.029773
397.9799,6.0190,60.42,127.00,0.029989
398.0780,6.0190,60.15,127.00,0.028780
398.1731,6.0190,60.42,127.00,0.029558
398.2691,6.0080,60.15,127.00,0.028669
398.3637,6.0080,60.15,127.00,0.028507
398.4620,6.0080,60.15,127.00,0.029408
398.5597,6.0080,60.15,127.00,0.030158
398.6567,6.0080,60.42,127.00,0.030167
398.7516,6.0080,60.15,127.00,0.029857
398.8507,6.0080,60.42,127.00,0.029542
398.9459,6.0080,60.42,127.00,0.029562
399.0420,6.0080,60.42,127.00,0.029211
399.1385,6.0080,60.69,127.00,0.029292
399.2330,6.0080,60.15,127.00,0.028704
399.3303,6.0080,60.15,127.00,0.029086
399.4295,6.0080,60.42,127.00,0.030742
399.5279,6.0230,60.69,127.00,0.030184
399.6224,6.0230,60.15,127.00,0.028904
399.7153,6.0230,60.42,127.00,0.028554
399.8108,6.0230,60.42,127.00,0.029199
399.9096,6.0230,60.69,127.00,0.029916
400.0085,6.0230,59.88,127.00,0.029583
400.1044,6.0230,60.42,127.00,0.030829
400.2063,6.0135,60.15,127.00,0.030223
400.3023,6.0040,60.69,127.00,0.030323
400.3992,6.0040,60.42,127.00,0.030101
400.4944,6.0040,60.15,127.00,0.029685
400.5888,6.0040,60.42,127.00,0.028376
400.6872,6.0040,60.42,127.00,0.029364
400.7865,6.0040,60.15,127.00,0.029825
400.8814,6.0040,60.69,127.00,0.029405
400.9774,6.0040,60.15,127.00,0.029124
401.0750,6.0040,60.69,127.00,0.029982
401.1720,6.0040,60.42,127.00,0.031008
401.2680,5.9660,60.42,127.00,0.030541
401.3679,5.9660,60.15,127.00,0.030660
401.4630,5.9660,60.15,127.00,0.029914
401.5624,5.9660,60.15,127.00,0.030266
401.6599,5.9660,60.42,127.00,0.030264
401.7569,5.9660,60.15,127.00,0.030526
401.8567,5.9660,60.42,127.00,0.030868
401.9552,5.9660,60.42,127.00,0.029968
402.0513,5.9660,60.69,127.50,0.030791
402.1481,5.9660,60.15,127.00,0.030250
402.2430,5.9660,60.69,127.00,0.029975
402.3388,5.9660,60.15,127.00,0.028494
402.4319,5.9660,60.15,127.50,0.028941
402.5264,5.9660,60.42,127.00,0.028801
402.6233,5.9660,60.42,127.00,0.029896
402.7199,5.9660,60.42,127.00,0.029533
402.8166,5.9660,60.69,127.00,0.029422
402.9151,5.9660,60.42,127.00,0.029911
403.0102,5.9660,60.69,127.00,0.030277
403.1088,5.9660,60.69,127.00,0.029873
403.2029,5.9660,60.15,127.00,0.028773
403.2972,5.9660,60.15,127.00,0.028745
403.3917,5.9660,60.15,127.00,0.029998
403.4889,5.9660,60.95,127.00,0.030474
403.5850,5.9580,60.42,127.00,0.030113
403.6827,5.9580,60.42,127.00,0.030901
403.7801,5.9580,60.42,127.00,0.030416
403.8799,5.9580,60.42,127.00,0.030742
403.9755,5.9580,60.15,127.00,0.030397
404.0744,5.9580,60.42,127.00,0.029675
404.1714,5.9580,60.42,127.00,0.029653
404.2707,5.9920,60.69,127.00,0.029745
404.3674,5.9920,60.42,127.00,0.029891
404.4661,5.9920,60.42,127.00,0.029486
404.5625,5.9920,60.15,127.00,0.030253
404.6589,5.9920,60.15,127.00,0.029831
404.7540,5.9920,60.15,127.00,0.028984
404.8491,5.9920,60.15,127.00,0.029064
404.9475,5.9920,60.42,127.00,0.029845
405.0418,5.9920,60.42,127.00,0.028344
405.1351,5.9920,60.15,127.00,0.028975
405.2306,5.9920,60.15,127.00,0.029636
405.3281,5.9660,60.42,127.50,0.030248
405.4247,5.9660,60.15,127.00,0.029942
405.5232,5.9660,60.42,127.00,0.030405
405.6203,5.9660,60.15,127.00,0.030082
405.7197,5.9660,60.15,127.00,0.030191
405.8168,5.9660,60.42,127.00,0.029999
405.9116,5.9660,60.15,127.00,0.029333
406.0103,5.9660,60.42,127.00,0.029590
406.1075,5.9660,60.15,127.00,0.029569
406.2063,5.9850,60.42,127.00,0.029701
406.3055,6.0040,60.15,127.00,0.029715
406.4014,6.0040,60.42,127.50,0.029370
406.4989,6.0040,59.88,127.00,0.029972
406.5961,6.0040,60.69,127.00,0.030462
406.6916,6.0040,60.42,127.00,0.030540
406.7905,6.0040,60.15,127.00,0.030184
406.8858,6.0040,60.69,127.00,0.030132
406.9833,6.0040,60.42,127.00,0.030545
407.0788,6.0040,60.15,127.00,0.030077
407.1757,6.0040,60.42,127.00,0.030200
407.2719,5.9770,60.15,127.00,0.030311
407.3689,5.9770,60.42,128.00,0.028428
407.4618,5.9770,60.69,127.50,0.028800
407.5570,5.9770,60.42,127.50,0.028954
407.6517,5.9770,60.42,127.50,0.029367
407.7507,5.9770,60.42,127.00,0.029565
407.8453,5.9770,60.42,127.00,0.029431
407.9445,5.9770,60.69,127.00,0.029827
408.0398,5.9770,60.42,127.00,0.029678
408.1345,5.9770,60.69,127.00,0.028861
408.2299,5.9770,60.42,127.00,0.028934
408.3262,5.9810,60.15,127.00,0.029867
408.4244,5.9850,60.15,127.00,0.030091
408.5222,5.9850,60.42,127.00,0.030691
408.6201,5.9850,60.42,127.00,0.030377
408.7203,5.9850,60.15,127.00,0.030773
408.8209,5.9850,60.69,127.00,0.030544
408.9205,5.9850,60.15,127.00,0.030228
409.0187,5.9850,60.42,127.00,0.030196
409.1162,5.9850,60.42,127.00,0.030300
409.2160,5.9660,60.69,127.00,0.030156
409.3162,5.9470,60.15,127.00,0.030588
409.4114,5.9470,60.15,127.00,0.030171
409.5082,5.9470,60.15,127.00,0.030248
409.6079,5.9470,60.69,127.50,0.030274
409.7071,5.9470,60.42,127.00,0.029833
409.8020,5.9470,60.15,127.00,0.029155
409.8995,5.9470,60.15,127.00,0.029724
409.9946,5.9470,60.42,127.50,0.029875
410.0893,5.9470,60.69,127.00,0.028663
410.1840,5.9470,60.69,127.50,0.030103
410.2801,5.9470,60.15,127.00,0.029728
410.3797,5.9850,60.42,127.00,0.029233
410.4761,5.9850,60.15,127.00,0.030421
410.5735,5.9850,60.15,127.00,0.030041
410.6704,5.9850,60.42,127.00,0.029932
410.7674,5.9850,60.15,127.00,0.030408
410.8641,5.9850,60.42,127.00,0.029904
410.9617,5.9850,60.42,127.50,0.030237
411.0611,5.9850,60.42,127.00,0.030466
411.1584,5.9850,60.69,127.50,0.030241
411.2561,5.9890,60.15,127.00,0.030122
411.3514,5.9890,60.69,127.00,0.030201
411.4483,5.9890,60.69,127.00,0.029439
411.5459,5.9890,60.15,127.00,0.029530
411.6472,5.9890,60.15,127.00,0.029809
411.7435,5.9890,60.42,127.00,0.030028
411.8430,5.9890,60.69,127.50,0.029856
411.9402,5.9890,60.42,127.00,0.029286
412.0417,5.9890,60.15,127.00,0.029976
412.1388,5.9890,60.42,127.00,0.029494
412.2388,5.9315,60.69,127.00,0.030277
412.3332,5.8740,60.15,127.00,0.029260
412.4308,5.8740,60.42,127.00,0.029145
412.5270,5.8740,60.42,127.50,0.029480
412.6239,5.8740,60.42,127.50,0.030467
412.7197,5.8740,60.42,127.00,0.028933
412.8154,5.8740,60.42,127.00,0.029292
412.9110,5.8740,60.42,127.00,0.030420
413.0113,5.8740,60.42,127.00,0.030272
413.1072,5.8740,60.69,127.00,0.030245
413.2046,5.9445,60.42,127.00,0.030080
413.3009,6.0150,60.15,127.00,0.029966
413.4005,6.0150,60.69,127.00,0.030161
413.4983,6.0150,60.15,127.00,0.028941
413.5941,6.0150,60.42,127.00,0.029124
413.6905,6.0150,60.42,127.00,0.029007
413.7902,6.0150,60.42,127.00,0.029897
413.8910,6.0150,60.42,127.00,0.029956
413.9953,6.0150,60.69,127.00,0.028624
414.0891,6.0150,60.42,127.00,0.028659
414.1935,5.9830,60.42,127.00,0.030634
414.2950,5.9510,60.42,127.00,0.030155
414.3959,5.9510,60.69,127.00,0.030143
414.4962,5.9510,60.69,127.00,0.030754
414.5951,5.9510,60.42,127.00,0.029722
414.6938,5.9510,60.15,127.00,0.028658
414.7906,5.9510,60.42,127.00,0.028744
414.8866,5.9510,60.15,127.00,0.029115
414.9892,5.9510,60.42,127.00,0.030460
415.0867,5.9510,60.42,127.00,0.029352
415.1877,5.9145,60.42,127.00,0.031098
415.2855,5.8780,60.42,127.00,0.028438
415.3826,5.8780,60.42,127.00,0.028884
415.4795,5.8780,60.42,127.00,0.029549
415.5833,5.8780,60.42,127.00,0.031723
415.6793,5.8780,60.69,127.00,0.030432
415.7803,5.8780,60.15,127.00,0.030771
415.8789,5.8780,60.15,127.00,0.030431
415.9781,5.8780,60.42,127.00,0.031625
416.0764,5.8780,60.42,127.50,0.030735
416.1774,5.8780,60.42,127.00,0.030995
416.2756,5.9310,60.15,127.00,0.030165
416.3762,5.9310,60.42,127.00,0.030510
416.4711,5.9310,60.15,127.00,0.029716
416.5686,5.9310,60.42,127.00,0.029937
416.6670,5.9310,60.42,127.00,0.030669
416.7706,5.9310,60.15,127.00,0.030799
416.8717,5.9310,60.42,127.00,0.030099
416.9760,5.9310,60.15,127.00,0.031082
417.0794,5.9310,60.15,127.50,0.030326
417.1831,5.9505,60.15,127.00,0.030357
417.2876,5.9700,60.69,127.00,0.030943
417.3893,5.9700,60.42,127.00,0.031412
417.4928,5.9700,60.69,127.00,0.031005
417.5965,5.9700,60.42,127.00,0.030900
417.6992,5.9700,60.42,127.00,0.031066
417.8051,5.9700,60.15,127.50,0.031349
417.9082,5.9700,60.42,127.00,0.030817
418.0115,5.9700,60.15,127.00,0.031192
418.1171,5.9700,60.15,127.00,0.031394
418.2210,5.9430,60.95,127.00,0.031312
418.3294,5.9160,60.42,127.00,0.034593
418.4363,5.9160,60.42,127.00,0.031744
418.5404,5.9160,60.15,127.00,0.031904
418.6444,5.9160,60.69,127.50,0.031732
418.7483,5.9160,60.42,127.50,0.031579
418.8517,5.9160,60.15,127.00,0.031306
418.9498,5.9160,60.42,127.00,0.029241
419.0477,5.9160,60.69,127.50,0.030493
419.1524,5.9160,60.15,127.00,0.031579
419.2584,5.9730,60.15,127.00,0.031242
419.3610,5.9730,60.42,127.00,0.030678
419.4597,5.9730,60.15,127.00,0.030419
419.5659,5.9730,60.95,125.00,0.031503
419.6719,5.9730,60.15,123.00,0.031657
419.7726,5.9730,60.15,123.00,0.031277
419.8792,5.9730,60.15,123.00,0.032064
419.9848,5.9730,59.88,123.00,0.031501
420.0883,5.9730,60.42,124.00,0.031966
420.1953,5.8990,60.15,124.00,0.033087
420.2989,5.8250,60.42,124.00,0.031422
420.3948,5.8250,60.15,124.00,0.028719
420.4888,5.8250,60.69,124.00,0.029144
420.5893,5.8250,60.42,124.00,0.030191
420.6933,5.8250,60.15,124.00,0.030274
420.7968,5.8250,60.15,124.00,0.031611
420.8997,5.8250,60.15,124.00,0.031083
421.0030,5.8250,60.15,124.00,0.030919
421.1072,5.8250,60.42,124.00,0.030407
421.2129,5.8860,60.42,124.00,0.031656
421.3174,5.9470,60.15,124.00,0.031527
421.4203,5.9470,60.42,124.00,0.030882
421.5210,5.9470,60.15,124.00,0.031272
421.6247,5.9470,60.42,124.00,0.031360
421.7307,5.9470,60.42,124.00,0.030947
421.8297,5.9470,60.69,124.00,0.028775
421.9231,5.9470,60.15,124.00,0.029212
422.0179,5.9470,60.69,124.00,0.028793
422.1163,5.9470,60.42,124.00,0.030965
422.2134,5.9470,60.42,124.00,0.028865
422.3072,5.9470,60.69,124.00,0.028769
422.4052,5.9545,60.15,124.00,0.031890
422.5072,5.9620,60.15,124.00,0.030204
422.6090,5.9620,60.42,124.00,0.029907
422.7086,5.9620,60.69,124.00,0.030333
422.8106,5.9620,60.15,124.00,0.030082
422.9148,5.9620,60.15,124.00,0.030658
423.0171,5.9620,60.42,124.00,0.030236
423.1210,5.9620,60.69,124.00,0.030380
423.2209,5.9355,60.69,124.00,0.030047
423.3233,5.9090,60.42,124.00,0.030621
423.4273,5.9090,60.15,124.00,0.030161
423.5325,5.9090,60.15,124.00,0.030295
423.6358,5.9090,60.69,124.00,0.030749
423.7385,5.9090,60.15,124.00,0.030268
423.8419,5.9090,60.15,124.00,0.030817
423.9431,5.9090,60.42,125.00,0.031249
424.0463,5.9090,60.15,125.00,0.030817
424.1489,5.9090,60.15,125.00,0.030467
424.2521,5.9090,60.15,125.00,0.030879
424.3558,5.9090,60.42,125.00,0.031417
424.4596,5.9090,60.15,125.00,0.031377
424.5633,5.9090,60.42,125.00,0.030053
424.6580,5.9090,60.95,125.00,0.029621
424.7546,5.9090,60.15,125.00,0.029745
424.8491,5.9090,60.42,125.00,0.029270
424.9477,5.9090,60.69,125.00,0.029724
425.0469,5.9090,60.15,125.00,0.029298
425.1437,5.9090,60.42,125.00,0.029858
425.2389,5.9090,60.15,125.00,0.029883
425.3350,5.9090,60.69,125.00,0.029639
425.4320,5.9090,60.15,125.00,0.030197
425.5370,5.9090,60.69,125.00,0.031705
425.6407,5.9090,60.15,125.00,0.031294
425.7421,5.9090,60.69,125.00,0.029988
425.8402,5.9810,60.15,125.00,0.029785
425.9391,5.9810,60.69,125.00,0.029976
426.0340,5.9810,60.69,125.00,0.029451
426.1309,5.9810,60.15,125.00,0.029827
426.2280,5.9810,60.95,125.00,0.030261
426.3258,5.9810,60.69,126.00,0.029189
426.4231,5.9810,60.15,126.00,0.030091
426.5197,5.9810,60.69,126.00,0.029846
426.6140,5.9810,60.15,126.00,0.029698
426.7107,5.9810,60.15,126.00,0.030148
426.8058,5.9810,60.69,126.00,0.029910
426.9027,5.9810,60.69,126.00,0.029892
426.9992,5.9810,60.69,126.00,0.029453
427.0980,5.9810,60.69,126.00,0.029903
427.1938,5.9810,60.69,126.00,0.029778
427.2905,5.9885,60.69,126.00,0.030035
427.3868,5.9960,60.42,126.00,0.030399
427.4856,5.9960,60.15,126.00,0.030061
427.5804,5.9960,60.69,126.00,0.029489
427.6787,5.9960,60.15,126.00,0.030819
427.7765,5.9960,60.15,126.00,0.030949
427.8756,5.9960,60.42,126.00,0.030235
427.9706,5.9960,60.15,126.00,0.030100
428.0653,5.9960,60.15,126.00,0.028534
428.1585,5.9960,60.42,126.00,0.028937
428.2535,5.9960,60.42,126.00,0.028880
428.3509,5.9470,60.15,126.00,0.030034
428.4487,5.9470,60.42,126.00,0.030072
428.5470,5.9470,60.42,126.00,0.029991
428.6431,5.9470,60.69,126.00,0.029323
428.7374,5.9470,60.69,126.00,0.029280
428.8358,5.9470,60.42,126.00,0.029079
428.9353,5.9470,60.15,126.00,0.029712
429.0321,5.9470,60.15,126.00,0.029618
429.1263,5.9470,60.69,126.00,0.029124
429.2236,5.9450,60.15,126.00,0.030315
429.3197,5.9430,60.95,126.50,0.030184
429.4143,5.9430,60.95,127.00,0.028819
429.5080,5.9430,60.69,127.00,0.029492
429.6044,5.9430,60.42,127.00,0.030043
429.7022,5.9430,60.42,127.00,0.029000
429.7979,5.9430,60.15,127.00,0.029441
429.8954,5.9430,60.42,127.00,0.030180
429.9916,5.9430,60.15,127.00,0.028792
430.0856,5.9430,60.69,127.00,0.029269
430.1839,5.9430,60.15,127.00,0.030122
430.2829,5.9580,60.15,127.00,0.029405
430.3826,5.9730,60.42,127.00,0.029530
430.4780,5.9730,60.15,127.00,0.029494
430.5754,5.9730,60.42,127.00,0.029847
430.6715,5.9730,60.42,127.00,0.030178
430.7682,5.9730,60.69,127.00,0.029513
430.8663,5.9730,60.69,127.00,0.030555
430.9627,5.9730,60.69,127.00,0.029192
431.0582,5.9730,60.15,127.00,0.028607
431.1552,5.9730,60.15,127.00,0.030240
431.2521,5.9960,60.42,127.00,0.030801
431.3508,5.9960,60.15,127.00,0.029798
431.4482,5.9960,60.42,127.00,0.029962
431.5459,5.9960,60.15,127.00,0.028807
431.6399,5.9960,60.69,127.00,0.029309
431.7353,5.9960,60.42,127.00,0.028911
431.8325,5.9960,60.42,127.00,0.029694
431.9293,5.9960,60.42,127.00,0.028834
432.0246,5.9960,60.42,127.00,0.028595
432.1222,5.9960,60.42,127.00,0.029030
432.2193,5.9865,60.15,127.00,0.029948
432.3195,5.9770,60.15,127.00,0.030223
432.4148,5.9770,60.15,127.00,0.029641
432.5145,5.9770,60.42,127.00,0.030424
432.6107,5.9770,60.15,127.00,0.030134
432.7071,5.9770,60.42,127.00,0.028877
432.8007,5.9770,60.15,127.00,0.028608
432.8974,5.9770,60.69,127.00,0.028548
432.9950,5.9770,60.15,127.00,0.030127
433.0927,5.9770,60.69,127.00,0.030993
433.1905,5.9750,60.42,127.00,0.030531
433.2878,5.9730,60.42,127.00,0.029608
433.3871,5.9730,60.69,127.00,0.029970
433.4864,5.9730,60.15,127.00,0.030348
433.5824,5.9730,60.42,127.00,0.030056
433.6799,5.9730,60.69,127.00,0.030282
433.7748,5.9730,60.42,127.00,0.029764
433.8721,5.9730,60.95,127.00,0.029686
433.9667,5.9730,60.42,127.00,0.028949
434.0612,5.9730,60.15,127.00,0.028565
434.1561,5.9730,60.42,127.00,0.028442
434.2523,5.9730,60.42,127.00,0.029824
434.3482,6.0150,60.42,127.00,0.029821
434.4507,6.0150,60.69,127.00,0.030772
434.5464,6.0150,60.42,127.00,0.029909
434.6432,6.0150,60.42,127.00,0.029788
434.7407,6.0150,60.42,127.00,0.030021
434.8403,6.0150,60.15,127.00,0.030109
434.9387,6.0150,60.42,127.00,0.031000
435.0405,6.0150,60.15,127.00,0.030139
435.1377,6.0150,60.15,127.00,0.030139
435.2355,5.9600,60.69,127.00,0.030331
435.3308,5.9050,60.69,127.00,0.029909
435.4286,5.9050,60.42,127.00,0.030167
435.5281,5.9050,60.15,127.00,0.030092
435.6277,5.9050,60.42,127.00,0.030384
435.7214,5.9050,60.42,127.00,0.028266
435.8179,5.9050,60.15,127.00,0.028442
435.9113,5.9050,60.42,127.00,0.028865
436.0070,5.9050,60.42,127.00,0.029214
436.1060,5.9050,60.42,127.00,0.028852
436.2071,5.9470,60.15,127.00,0.029980
436.3050,5.9890,60.42,127.00,0.029509
436.4036,5.9890,60.15,127.00,0.029626
436.5046,5.9890,60.69,127.00,0.031038
436.6045,5.9890,60.95,127.00,0.030369
436.7041,5.9890,60.95,127.00,0.030140
436.8035,5.9890,60.95,127.00,0.030090
436.8975,5.9890,60.69,127.00,0.029183
436.9955,5.9890,60.15,127.00,0.029012
437.0904,5.9890,60.42,127.00,0.030276
437.1880,5.9715,60.69,127.00,0.030658
437.2836,5.9540,60.15,127.00,0.030351
437.3814,5.9540,60.95,127.00,0.030492
437.4766,5.9540,60.69,127.00,0.030285
437.5759,5.9540,60.69,127.00,0.030284
437.6715,5.9540,60.69,127.00,0.029960
437.7682,5.9540,60.69,127.00,0.029574
437.8675,5.9540,60.42,127.00,0.029714
437.9666,5.9540,60.69,127.00,0.029543
438.0609,5.9540,60.15,127.00,0.028596
438.1575,5.9540,60.42,127.00,0.028541
438.2515,5.9540,60.42,127.00,0.029367
438.3508,5.9200,60.69,127.00,0.029286
438.4476,5.9200,60.42,127.00,0.029407
438.5462,5.9200,60.69,127.00,0.029544
438.6441,5.9200,60.15,127.00,0.030580
438.7428,5.9200,60.69,127.00,0.029908
438.8406,5.9200,60.15,127.00,0.030294
438.9393,5.9200,60.95,127.00,0.029803
439.0371,5.9200,60.15,127.00,0.030342
439.1337,5.9200,60.42,127.00,0.030246
439.2317,5.9370,60.42,127.00,0.029992
439.3292,5.9540,60.69,127.00,0.030046
439.4251,5.9540,60.69,127.00,0.030224
439.5225,5.9540,61.22,127.00,0.030443
439.6191,5.9540,60.42,127.00,0.029536
439.7164,5.9540,60.69,127.00,0.030311
439.8132,5.9540,60.42,127.00,0.029668
439.9099,5.9540,60.69,127.00,0.029549
440.0043,5.9540,60.69,127.00,0.029029
440.1032,5.9540,60.15,127.00,0.029359
440.1994,5.9540,60.42,127.00,0.029624
440.2937,5.9540,60.15,127.00,0.028707
440.3878,5.9540,60.42,127.00,0.029088
440.4847,5.9540,60.42,127.00,0.030136
440.5807,5.9540,60.15,127.00,0.030253
440.6782,5.9540,60.42,127.00,0.028764
440.7710,5.9540,60.42,127.00,0.028730
440.8655,5.9540,60.42,127.00,0.028818
440.9595,5.9540,60.15,127.00,0.029152
441.0566,5.9540,60.42,127.00,0.030200
441.1504,5.9540,60.15,127.00,0.028800
441.2444,5.9540,60.42,127.00,0.028479
441.3372,5.9540,60.69,127.00,0.028431
441.4362,5.9770,60.69,127.00,0.030565
441.5317,6.0000,60.69,127.00,0.029037
441.6266,6.0000,60.42,127.00,0.029191
441.7231,6.0000,60.95,127.00,0.029687
441.8219,6.0000,60.69,127.00,0.029927
441.9190,6.0000,60.95,127.00,0.029823
442.0173,6.0000,60.69,127.00,0.029223
442.1150,6.0000,60.42,127.00,0.030433
442.2127,6.0000,60.15,127.00,0.030528
442.3081,6.0000,60.42,127.00,0.029627
442.4045,6.0000,60.42,127.00,0.029462
442.5007,6.0000,60.69,127.00,0.030312
442.6003,6.0000,60.95,127.00,0.030599
442.7001,6.0000,60.69,127.50,0.030328
442.7949,6.0000,60.42,127.00,0.028722
442.8899,6.0000,60.15,127.00,0.028761
442.9861,6.0000,60.42,127.00,0.030031
443.0807,6.0000,60.69,127.00,0.029521
443.1799,6.0000,60.15,127.00,0.030004
443.2792,5.9660,60.42,127.00,0.029120
443.3765,5.9660,60.69,127.00,0.028440
443.4694,5.9660,60.15,127.00,0.028657
443.5669,5.9660,60.69,127.00,0.029024
443.6614,5.9660,60.69,127.00,0.029313
443.7558,5.9660,60.15,127.00,0.028333
443.8517,5.9660,60.42,127.00,0.028724
443.9483,5.9660,60.69,127.00,0.029796
444.0452,5.9660,60.69,127.00,0.029680
444.1437,5.9660,60.69,127.00,0.029458
444.2410,5.9695,60.95,127.00,0.029875
444.3386,5.9730,60.42,127.00,0.030413
444.4353,5.9730,60.69,127.00,0.029732
444.5324,5.9730,60.69,127.00,0.030197
444.6294,5.9730,60.69,127.00,0.029734
444.7264,5.9730,60.69,127.00,0.029694
444.8217,5.9730,60.42,127.00,0.029505
444.9204,5.9730,60.69,127.00,0.029509
445.0193,5.9730,60.69,127.00,0.029486
445.1145,5.9730,60.42,127.00,0.028710
445.2109,5.9730,60.42,127.50,0.029445
445.3067,5.9770,60.42,127.50,0.028570
445.4018,5.9770,60.42,127.00,0.028486
445.4973,5.9770,60.42,127.00,0.028876
445.5953,5.9770,60.15,127.00,0.030523
445.6925,5.9770,60.69,127.00,0.030387
445.7924,5.9770,60.69,127.00,0.030713
445.8917,5.9770,60.69,127.00,0.029896
445.9918,5.9770,60.15,127.00,0.030391
446.0887,5.9770,60.69,127.00,0.029745
446.1853,5.9770,60.15,127.00,0.030643
446.2812,5.9810,60.69,127.00,0.028573
446.3782,5.9810,60.15,127.00,0.028728
446.4769,5.9810,60.42,127.00,0.029641
446.5749,5.9810,60.42,127.00,0.030403
446.6724,5.9810,60.42,127.00,0.030272
446.7653,5.9810,60.69,127.00,0.028885
446.8630,5.9810,60.42,127.00,0.029520
446.9573,5.9810,60.69,127.00,0.029404
447.0538,5.9810,60.69,127.00,0.030033
447.1510,5.9810,60.69,127.00,0.030314
447.2488,6.0190,60.69,127.00,0.030622
447.3468,6.0190,60.42,127.00,0.030411
447.4434,6.0190,60.42,127.00,0.029979
447.5396,6.0190,60.42,127.50,0.029302
447.6349,6.0190,60.42,127.00,0.029172
447.7307,6.0190,60.69,127.50,0.030597
447.8279,6.0190,60.69,127.50,0.030374
447.9241,6.0190,60.15,127.50,0.030689
448.0232,6.0190,60.69,127.00,0.030235
448.1209,6.0190,60.42,127.00,0.030237
448.2178,6.0155,60.42,127.00,0.029716
448.3161,6.0120,60.69,127.00,0.030350
448.4122,6.0120,60.95,127.00,0.029408
448.5105,6.0120,60.15,127.00,0.030360
448.6059,6.0120,60.69,127.00,0.028596
448.6991,6.0120,60.42,127.00,0.028672
448.7948,6.0120,60.42,127.00,0.029679
448.8920,6.0120,60.42,127.00,0.030446
448.9909,6.0120,60.42,127.00,0.029950
449.0856,6.0120,60.15,127.00,0.029683
449.1854,6.0040,60.42,127.00,0.030640
449.2807,5.9960,60.42,127.00,0.030014
449.3811,5.9960,60.15,127.00,0.029695
449.4808,5.9960,60.69,127.00,0.030260
449.5797,5.9960,60.15,127.00,0.030386
449.6750,5.9960,60.42,127.00,0.030384
449.7756,5.9960,60.69,127.00,0.030040
449.8734,5.9960,60.42,127.00,0.030446
449.9726,5.9960,60.69,127.50,0.030195
450.0705,5.9960,60.42,127.50,0.030474
450.1672,5.9960,60.69,127.50,0.029721
450.2627,5.9280,60.42,127.00,0.029785
450.3634,5.9280,60.69,127.50,0.029902
450.4605,5.9280,60.69,127.00,0.029695
450.5596,5.9280,60.69,127.00,0.030189
450.6548,5.9280,60.69,127.00,0.029681
450.7517,5.9280,60.42,127.00,0.029528
450.8464,5.9280,60.69,127.00,0.029556
450.9411,5.9280,60.69,127.00,0.029004
451.0346,5.9280,60.42,127.00,0.029050
451.1326,5.9280,60.15,127.00,0.030112
451.2269,5.9280,60.42,127.00,0.029586
451.3276,5.9280,60.69,127.00,0.029890
451.4226,5.9280,60.15,127.00,0.029977
451.5190,5.9280,60.42,127.00,0.030060
451.6148,5.9280,60.69,127.00,0.030838
451.7119,5.9280,60.42,127.00,0.030354
451.8112,5.9280,60.15,127.00,0.029966
451.9102,5.9280,60.42,127.00,0.030292
452.0079,5.9280,60.42,127.00,0.030007
452.1071,5.9280,60.42,127.00,0.030243
452.2049,5.9280,60.42,127.00,0.030305
452.2993,5.9280,60.69,127.00,0.028309
452.3944,5.9280,60.69,127.00,0.028873
452.4898,5.9280,60.15,127.00,0.029523
452.5856,5.9280,60.69,127.00,0.029360
452.6871,5.9280,60.15,127.00,0.029930
452.7823,5.9280,60.42,127.00,0.029930
452.8815,5.9280,60.15,127.00,0.030510
452.9798,5.9280,60.69,127.00,0.030613
453.0798,5.9280,60.15,127.00,0.030676
453.1779,5.9280,60.69,127.00,0.030307
453.2757,5.9850,60.69,127.00,0.029902
453.3713,5.9850,60.42,127.00,0.030090
453.4691,5.9850,60.95,127.00,0.030414
453.5653,5.9850,60.42,127.00,0.030502
453.6625,5.9850,60.15,127.00,0.030027
453.7585,5.9850,60.69,127.00,0.030318
453.8561,5.9850,60.42,127.00,0.030421
453.9546,5.9850,60.69,127.00,0.030535
454.0546,5.9850,60.95,127.00,0.030373
454.1507,5.9850,60.42,127.00,0.030112
454.2506,6.0120,60.42,127.00,0.029965
454.3459,6.0120,61.22,127.00,0.029268
454.4418,6.0120,60.42,127.00,0.028820
454.5359,6.0120,60.42,127.00,0.029393
454.6318,6.0120,60.42,127.00,0.029366
454.7320,6.0120,60.69,127.00,0.029702
454.8337,6.0120,60.95,127.00,0.030053
454.9326,6.0120,60.95,127.00,0.031059
455.0325,6.0120,60.42,127.00,0.030031
455.1311,6.0120,60.42,127.00,0.030593
455.2285,5.9715,60.42,127.00,0.029918
455.3270,5.9310,60.69,127.00,0.030015
455.4245,5.9310,60.42,127.00,0.029827
455.5238,5.9310,60.95,127.00,0.030933
455.6211,5.9310,60.69,127.00,0.030981
455.7161,5.9310,60.42,127.00,0.030121
455.8112,5.9310,60.42,127.00,0.029207
455.9067,5.9310,60.15,127.00,0.029078
456.0025,5.9310,60.42,127.00,0.030027
456.0979,5.9310,60.42,127.00,0.029748
456.1997,5.9485,60.69,127.00,0.030138
456.2974,5.9660,60.42,127.00,0.029861
456.3928,5.9660,60.69,127.00,0.028755
456.4898,5.9660,60.95,127.00,0.028691
456.5861,5.9660,60.42,127.00,0.029717
456.6832,5.9660,60.42,127.00,0.029478
456.7793,5.9660,60.69,127.00,0.029470
456.8747,5.9660,60.42,127.00,0.030122
456.9715,5.9660,60.95,127.00,0.029830
457.0669,5.9660,60.95,127.00,0.030109
457.1639,5.9660,60.42,127.00,0.030229
457.2587,5.9660,60.42,127.00,0.030100
457.3530,5.9660,60.69,127.00,0.028512
457.4505,5.9660,60.42,127.00,0.028642
457.5458,5.9660,60.42,127.00,0.029454
457.6435,5.9660,60.15,127.00,0.030229
457.7424,5.9660,60.69,127.00,0.030121
457.8393,5.9660,60.69,127.00,0.029823
457.9382,5.9660,60.15,127.00,0.029956
458.0329,5.9660,60.42,127.00,0.029335
458.1293,5.9660,60.42,127.00,0.029137
458.2271,5.9660,60.42,127.00,0.030304
458.3318,5.9660,60.69,127.00,0.030220
458.4355,5.9660,60.69,127.00,0.030252
458.5413,5.9660,60.15,127.00,0.030833
458.6439,5.9850,60.42,127.00,0.030357
458.7491,6.0040,60.42,127.00,0.029799
458.8520,6.0040,60.42,127.00,0.029616
458.9550,6.0040,60.69,127.00,0.030307
459.0590,6.0040,60.69,127.00,0.029677
459.1618,6.0040,60.15,127.00,0.029923
459.2640,5.8210,60.69,127.00,0.030160
459.3626,5.8210,60.42,127.00,0.028382
459.4561,5.8210,60.15,127.00,0.028792
459.5545,5.8210,60.69,127.00,0.030514
459.6570,5.8210,60.69,127.00,0.030524
459.7518,5.8210,60.15,127.00,0.028705
459.8485,5.8210,60.15,127.00,0.029583
459.9534,5.8210,60.95,127.00,0.029973
460.0472,5.8210,60.42,127.00,0.028582
460.1424,5.8210,60.42,127.00,0.028985
460.2380,5.8210,60.69,127.00,0.028787
460.3436,5.9730,60.69,127.00,0.031150
460.4475,5.9730,60.69,127.00,0.031569
460.5444,5.9730,60.15,127.00,0.028590
460.6381,5.9730,60.42,127.00,0.029212
460.7348,5.9730,60.42,127.00,0.029580
460.8283,5.9730,60.42,127.00,0.028887
460.9293,5.9730,60.69,127.00,0.031341
461.0321,5.9730,60.42,125.00,0.031111
461.1371,5.9730,60.42,123.00,0.030917
461.2377,5.9730,60.69,123.00,0.031462
461.3411,5.9730,60.15,123.00,0.031691
461.4403,5.9730,60.69,123.00,0.030400
461.5430,5.9730,60.69,123.50,0.029512
461.6402,5.9730,60.42,124.00,0.031037
461.7393,5.9730,60.42,124.00,0.030247
461.8352,5.9730,60.69,124.00,0.030571
461.9347,5.9730,60.15,124.00,0.030527
462.0305,5.9730,60.69,124.00,0.030331
462.1285,5.9730,60.69,124.00,0.029864
462.2263,5.9730,60.42,124.00,0.029428
462.3240,5.9730,60.42,124.00,0.030207
462.4215,5.9730,60.42,124.00,0.029545
462.5194,5.9730,60.42,124.00,0.029936
462.6150,5.9730,60.15,124.00,0.030165
462.7131,5.9730,60.42,124.00,0.030399
462.8117,5.9730,59.88,124.00,0.030242
462.9114,5.9730,60.95,124.00,0.030088
463.0096,5.9730,61.22,124.00,0.030738
463.1069,5.9730,60.42,124.00,0.030082
463.2035,5.9730,60.42,124.00,0.031181
463.3038,5.9865,60.69,124.00,0.030571
463.4027,6.0000,60.42,124.00,0.030507
463.5004,6.0000,60.42,124.00,0.030024
463.5987,6.0000,60.69,124.00,0.029085
463.6945,6.0000,60.95,124.00,0.029610
463.7906,6.0000,60.69,124.00,0.030444
463.8885,6.0000,60.69,124.00,0.030670
463.9880,6.0000,60.42,124.50,0.030331
464.0838,6.0000,60.42,125.00,0.029018
464.1809,6.0000,60.42,125.00,0.029591
464.2789,5.9540,60.69,125.00,0.029930
464.3790,5.9540,60.42,125.00,0.029705
464.4786,5.9540,60.42,125.00,0.029681
464.5749,5.9540,60.69,125.00,0.029661
464.6724,5.9540,60.42,125.00,0.029933
464.7700,5.9540,60.95,125.00,0.029680
464.8676,5.9540,60.69,125.00,0.030750
464.9641,5.9540,60.95,125.00,0.030756
465.0615,5.9540,60.42,125.00,0.028879
465.1556,5.9540,60.42,125.00,0.029078
465.2527,5.9620,60.42,125.00,0.030533
465.3487,5.9700,60.42,125.00,0.030063
465.4478,5.9700,60.42,125.00,0.030202
465.5478,5.9700,60.15,125.00,0.030169
465.6478,5.9700,60.69,125.00,0.030570
465.7476,5.9700,60.69,125.00,0.030020
465.8476,5.9700,60.69,125.00,0.030646
465.9439,5.9700,60.69,125.00,0.030887
466.0442,5.9700,60.15,125.00,0.031097
466.1424,5.9700,60.42,125.00,0.030488
466.2402,5.9850,60.42,125.00,0.030426
466.3362,6.0000,60.15,125.00,0.029685
466.4352,6.0000,60.95,125.00,0.029427
466.5307,6.0000,60.15,125.00,0.029640
466.6271,6.0000,60.95,125.00,0.029393
466.7271,6.0000,60.69,125.00,0.030003
466.8228,6.0000,60.95,125.00,0.029115
466.9187,6.0000,60.69,125.00,0.029134
467.0139,6.0000,60.15,125.00,0.029196
467.1117,6.0000,60.42,125.00,0.029966
467.2107,5.9830,60.69,125.00,0.029652
467.3080,5.9660,61.22,125.00,0.029493
467.4096,5.9660,60.69,126.00,0.030005
467.5046,5.9660,60.42,126.00,0.030136
467.6044,5.9660,60.42,126.00,0.030504
467.6993,5.9660,60.69,126.00,0.030043
467.7960,5.9660,60.69,126.00,0.030344
467.8929,5.9660,60.42,126.00,0.029873
467.9901,5.9660,60.69,126.00,0.029766
468.0831,5.9660,61.22,126.00,0.028827
468.1783,5.9660,60.69,126.00,0.029049
468.2759,5.9790,60.15,126.00,0.029396
468.3746,5.9920,60.95,126.00,0.029657
468.4715,5.9920,60.69,126.00,0.029302
468.5707,5.9920,60.69,126.00,0.029578
468.6654,5.9920,60.42,126.00,0.029286
468.7668,5.9920,60.69,126.00,0.029758
468.8623,5.9920,60.69,126.00,0.029928
468.9590,5.9920,60.69,126.00,0.029860
469.0547,5.9920,60.69,126.00,0.030601
469.1513,5.9920,60.69,126.00,0.029761
469.2472,5.9920,60.69,126.00,0.030734
469.3444,5.9920,60.42,126.00,0.030015
469.4400,5.9920,60.69,126.00,0.030167
469.5389,5.9920,60.69,126.00,0.030002
469.6364,5.9920,60.69,126.00,0.030163
469.7360,5.9920,60.42,126.00,0.030301
469.8355,5.9920,60.42,126.00,0.030199
469.9333,5.9920,60.69,127.00,0.030427
470.0288,5.9920,60.69,127.00,0.030026
470.1281,5.9920,60.69,127.00,0.029819
470.2258,5.9920,60.95,127.00,0.029331
470.3234,5.9675,60.69,127.00,0.029550
470.4207,5.9430,60.69,127.00,0.029142
470.5193,5.9430,60.69,127.00,0.029685
470.6143,5.9430,60.42,127.00,0.029535
470.7085,5.9430,60.42,127.00,0.028246
470.8035,5.9430,60.95,127.00,0.028599
470.8988,5.9430,60.69,127.00,0.029241
470.9962,5.9430,60.69,127.00,0.030051
471.0956,5.9430,60.15,127.00,0.029957
471.1912,5.9525,60.15,127.00,0.030573
471.2888,5.9620,60.69,127.00,0.030082
471.3816,5.9620,60.42,127.00,0.028131
471.4789,5.9620,60.69,127.00,0.029016
471.5747,5.9620,60.42,127.00,0.029227
471.6720,5.9620,60.69,127.00,0.030504
471.7669,5.9620,60.69,127.00,0.029874
471.8635,5.9620,60.69,127.00,0.029123
471.9586,5.9620,60.42,127.00,0.029529
472.0553,5.9620,60.69,127.00,0.029799
472.1502,5.9620,60.42,127.00,0.029154
472.2470,6.0040,60.42,127.00,0.029314
472.3429,6.0040,60.95,127.00,0.030534
472.4398,6.0040,60.69,127.00,0.029991
472.5382,6.0040,60.15,127.00,0.030410
472.6356,6.0040,60.69,127.50,0.030128
472.7286,6.0040,60.69,127.00,0.028665
472.8258,6.0040,60.69,127.00,0.028739
472.9196,6.0040,60.42,127.00,0.029405
473.0185,6.0040,60.69,127.00,0.029926
473.1156,6.0040,60.42,127.00,0.030148
473.2128,5.9925,60.69,127.00,0.030122
473.3106,5.9810,60.42,127.00,0.030167
473.4121,5.9810,60.69,127.00,0.030514
473.5072,5.9810,60.69,127.00,0.030190
473.6066,5.9810,60.69,128.00,0.029600
473.7039,5.9810,60.95,128.00,0.029595
473.8010,5.9810,60.95,128.00,0.029410
473.8976,5.9810,60.42,127.50,0.029439
473.9986,5.9810,60.69,127.50,0.029346
474.0958,5.9810,60.69,127.50,0.029387
474.1961,5.9660,60.69,127.00,0.030426
474.2934,5.9510,60.42,127.00,0.029224
474.3923,5.9510,60.69,127.00,0.029336
474.4874,5.9510,60.95,127.00,0.030142
474.5844,5.9510,60.42,127.00,0.029986
474.6818,5.9510,60.69,127.00,0.029938
474.7768,5.9510,60.69,128.00,0.028611
474.8711,5.9510,61.22,127.50,0.029563
474.9686,5.9510,60.69,127.50,0.029336
475.0658,5.9510,60.69,127.00,0.028689
475.1628,5.9510,60.15,127.00,0.028535
475.2585,5.9300,60.69,127.50,0.030365
475.3559,5.9090,60.42,127.00,0.030468
475.4491,5.9090,60.42,127.00,0.028449
475.5442,5.9090,60.15,127.00,0.028539
475.6380,5.9090,60.69,127.00,0.029117
475.7332,5.9090,60.15,127.00,0.028952
475.8310,5.9090,60.69,127.00,0.030018
475.9302,5.9090,60.69,128.00,0.030070
476.0271,5.9090,60.42,128.00,0.029608
476.1270,5.9090,60.42,128.00,0.030556
476.2228,5.9090,60.42,128.00,0.030359
476.3203,5.9090,60.95,127.50,0.030009
476.4176,5.9090,60.69,127.50,0.029444
476.5179,5.9090,60.42,127.00,0.030944
476.6151,5.9090,60.69,128.00,0.029974
476.7171,5.9090,60.42,127.50,0.030448
476.8132,5.9090,60.69,127.50,0.030634
476.9105,5.9090,60.69,127.00,0.029820
477.0056,5.9090,60.69,127.00,0.028386
477.1027,5.9090,60.95,127.00,0.029275
477.1992,5.9090,60.42,127.00,0.029967
477.3001,5.9090,60.69,127.00,0.030360
477.3976,5.9090,60.69,128.00,0.029978
477.4949,5.9090,60.42,128.00,0.029295
477.5911,5.9700,60.42,128.00,0.029453
477.6890,5.9700,60.42,128.00,0.029112
477.7866,5.9700,60.69,128.00,0.029552
477.8866,5.9700,60.95,128.00,0.029179
477.9816,5.9700,60.42,127.50,0.029466
478.0785,5.9700,60.69,127.00,0.030123
478.1755,5.9700,60.95,127.50,0.030153
478.2729,6.0190,60.69,127.00,0.029868
478.3707,6.0190,60.95,127.00,0.030448
478.4676,6.0190,60.69,127.00,0.030152
478.5627,6.0190,60.69,127.50,0.030118
478.6597,6.0190,60.69,127.00,0.030115
478.7552,6.0190,60.69,127.00,0.030210
478.8523,6.0190,60.42,127.00,0.030159
478.9497,6.0190,60.69,127.00,0.028392
479.0446,6.0190,60.69,127.50,0.028955
479.1378,6.0190,60.95,127.50,0.029045
479.2388,5.9810,60.42,128.00,0.029661
479.3342,5.9430,60.69,128.00,0.029398
479.4287,5.9430,60.69,128.00,0.028594
479.5260,5.9430,60.69,128.00,0.028658
479.6234,5.9430,60.69,128.00,0.029591
479.7185,5.9430,60.95,127.50,0.030044
479.8149,5.9430,60.42,127.00,0.029800
479.9122,5.9430,60.42,127.00,0.030361
480.0138,5.9430,60.42,128.00,0.030544
480.1135,5.9430,60.42,128.00,0.030210
480.2102,5.9335,61.22,128.00,0.029559
480.3048,5.9240,60.69,127.50,0.029169
480.4011,5.9240,60.95,127.00,0.028441
480.4945,5.9240,60.69,127.00,0.028733
480.5915,5.9240,60.42,128.00,0.030353
480.6867,5.9240,60.69,128.00,0.030125
480.7838,5.9240,60.42,128.00,0.030281
480.8786,5.9240,60.69,128.00,0.029820
480.9755,5.9240,60.42,128.00,0.029932
481.0702,5.9240,60.42,128.00,0.029553
481.1672,5.9240,60.42,128.00,0.029629
481.2620,6.0150,60.95,127.50,0.029256
481.3565,6.0150,60.42,127.50,0.028479
481.4498,6.0150,60.95,127.50,0.028845
481.5471,6.0150,60.42,127.00,0.030005
481.6424,6.0150,60.69,127.50,0.030074
481.7395,6.0150,60.69,127.00,0.030033
481.8351,6.0150,60.42,127.50,0.030733
481.9339,6.0150,60.42,128.00,0.030211
482.0314,6.0150,60.42,128.00,0.030369
482.1287,6.0150,60.42,128.00,0.030280
482.2291,6.0055,60.69,127.50,0.030442
482.3266,5.9960,60.69,127.00,0.030694
482.4228,5.9960,60.69,127.50,0.030450
482.5210,5.9960,60.69,128.00,0.030227
482.6195,5.9960,60.69,128.00,0.030313
482.7192,5.9960,60.42,128.00,0.029965
482.8151,5.9960,60.69,128.00,0.029635
482.9123,5.9960,60.95,128.00,0.029586
483.0092,5.9960,60.42,128.00,0.028912
483.1052,5.9960,60.69,128.00,0.029254
483.1997,5.9960,60.69,128.00,0.029336
483.2991,5.9700,60.69,128.00,0.029656
483.3957,5.9700,60.69,128.00,0.030350
483.4952,5.9700,60.95,128.00,0.030166
483.5911,5.9700,60.69,128.00,0.029969
483.6888,5.9700,60.95,128.00,0.030292
483.7870,5.9700,60.95,127.50,0.029968
483.8848,5.9700,60.95,127.00,0.030638
483.9834,5.9700,60.95,127.50,0.030747
484.0805,5.9700,60.95,127.00,0.029846
484.1767,5.9700,60.69,127.00,0.029986
484.2756,5.9700,60.95,127.50,0.030648
484.3736,5.9700,60.42,127.50,0.030390
484.4764,5.9700,60.69,127.00,0.030679
484.5729,5.9700,60.69,127.00,0.030265
484.6752,5.9700,60.95,127.00,0.029955
484.7705,5.9700,60.69,127.50,0.030178
484.8675,5.9700,60.95,127.00,0.029844
484.9634,5.9700,60.42,128.00,0.029930
485.0603,5.9700,60.42,128.00,0.029652
485.1559,5.9700,60.69,128.00,0.028488
485.2508,5.9700,60.95,128.00,0.028804
485.3454,5.9700,60.42,128.00,0.028323
485.4422,5.9985,60.69,128.00,0.029963
485.5398,6.0270,60.69,128.00,0.029968
485.6364,6.0270,60.69,128.00,0.030050
485.7303,6.0270,60.42,128.00,0.029290
485.8280,6.0270,60.69,128.00,0.030934
485.9268,6.0270,60.42,128.00,0.030546
486.0243,6.0270,60.95,128.00,0.030478
486.1235,6.0270,60.95,128.00,0.030008
486.2238,5.9925,60.42,128.00,0.030346
486.3217,5.9580,60.95,128.00,0.030272
486.4200,5.9580,60.95,128.00,0.030686
486.5202,5.9580,60.42,128.00,0.030479
486.6169,5.9580,60.95,127.50,0.029755
486.7125,5.9580,60.69,127.50,0.029758
486.8091,5.9580,60.95,127.00,0.029052
486.9060,5.9580,60.69,127.00,0.029297
487.0027,5.9580,60.42,127.00,0.029328
487.0977,5.9580,60.69,127.00,0.029281
487.1993,5.9715,60.69,127.50,0.029897
487.2949,5.9850,60.69,128.00,0.030011
487.3905,5.9850,61.22,128.00,0.029385
487.4858,5.9850,60.69,128.00,0.030010
487.5826,5.9850,60.42,128.00,0.028783
487.6753,5.9850,60.95,128.00,0.028569
487.7708,5.9850,60.69,128.00,0.029783
487.8685,5.9850,60.42,127.50,0.029947
487.9682,5.9850,60.69,127.00,0.029981
488.0610,5.9850,60.69,127.00,0.028406
488.1581,5.9850,60.42,128.00,0.028544
488.2506,5.9850,60.95,128.00,0.028180
488.3459,5.9850,60.69,128.00,0.028882
488.4413,5.9310,60.69,128.00,0.029261
488.5406,5.9310,60.69,128.00,0.029387
488.6361,5.9310,60.42,128.00,0.029736
488.7348,5.9310,60.69,128.00,0.029522
488.8304,5.9310,60.69,128.00,0.030031
488.9319,5.9310,60.69,128.00,0.030379
489.0307,5.9310,60.69,127.50,0.030225
489.1290,5.9310,60.95,127.50,0.030703
489.2279,5.9330,60.42,127.00,0.030443
489.3283,5.9350,60.69,127.00,0.030073
489.4268,5.9350,60.69,127.00,0.030239
489.5248,5.9350,60.95,127.50,0.030287
489.6198,5.9350,60.69,128.00,0.030160
489.7188,5.9350,60.95,128.00,0.029608
489.8139,5.9350,60.69,128.00,0.029696
489.9114,5.9350,60.42,128.00,0.030456
490.0045,5.9350,60.95,128.00,0.028613
490.0993,5.9350,60.69,128.00,0.028822
490.1950,5.9350,60.95,127.50,0.029401
490.2917,5.9445,60.95,127.00,0.029874
490.3865,5.9540,60.95,127.00,0.029305
490.4830,5.9540,60.95,127.50,0.029609
490.5772,5.9540,60.42,128.00,0.028839
490.6752,5.9540,60.95,128.00,0.029416
490.7721,5.9540,61.22,128.00,0.030453
490.8746,5.9540,60.95,128.00,0.031066
490.9718,5.9540,61.22,128.00,0.030151
491.0686,5.9540,60.95,128.00,0.029754
491.1663,5.9540,60.69,128.00,0.030089
491.2630,5.9090,60.95,127.50,0.029424
491.3589,5.9090,60.69,127.50,0.030497
491.4561,5.9090,60.42,127.00,0.030378
491.5532,5.9090,60.69,127.00,0.029386
491.6506,5.9090,60.69,127.00,0.030458
491.7438,5.9090,61.22,127.00,0.028935
491.8387,5.9090,60.42,127.00,0.029076
491.9353,5.9090,60.69,128.00,0.029604
492.0323,5.9090,60.15,128.00,0.029544
492.1294,5.9090,60.95,128.00,0.029421
492.2275,5.9585,60.69,128.00,0.028956
492.3228,6.0080,60.69,128.00,0.029351
492.4194,6.0080,60.69,128.00,0.029542
492.5153,6.0080,60.69,128.00,0.030658
492.6105,6.0080,60.69,128.00,0.028208
492.7041,6.0080,60.69,128.00,0.029263
492.8021,6.0080,60.95,128.00,0.029087
492.8990,6.0080,61.22,128.00,0.029787
492.9962,6.0080,60.42,128.00,0.030028
493.0961,6.0080,60.95,128.00,0.030063
493.1969,6.0100,60.95,128.00,0.030011
493.2953,6.0120,60.95,128.00,0.030334
493.3967,6.0120,60.95,128.00,0.029993
493.4945,6.0120,60.95,128.00,0.029906
493.5935,6.0120,60.42,128.00,0.030129
493.6889,6.0120,60.42,127.50,0.030127
493.7879,6.0120,60.69,127.00,0.030388
493.8828,6.0120,60.69,127.00,0.029631
493.9789,6.0120,60.69,127.00,0.028383
494.0735,6.0120,60.95,127.50,0.028319
494.1719,6.0120,60.95,127.50,0.029381
494.2674,6.0000,60.69,127.00,0.029710
494.3663,6.0000,60.95,127.50,0.029752
494.4633,6.0000,60.95,127.00,0.029865
494.5602,6.0000,60.42,128.00,0.029999
494.6553,6.0000,60.69,128.00,0.029860
494.7545,6.0000,60.69,128.00,0.030519
494.8520,6.0000,60.69,128.00,0.030152
494.9472,6.0000,60.95,128.00,0.028798
495.0427,6.0000,60.69,128.00,0.029079
495.1383,6.0000,60.69,128.00,0.029325
495.2359,6.0040,60.69,128.00,0.030584
495.3361,6.0080,60.95,128.00,0.030614
495.4356,6.0080,60.95,128.00,0.030012
495.5349,6.0080,60.95,128.00,0.030335
495.6300,6.0080,60.42,128.00,0.029934
495.7251,6.0080,60.42,128.00,0.028480
495.8222,6.0080,60.42,128.00,0.028709
495.9165,6.0080,60.42,128.00,0.028605
496.0100,6.0080,60.15,127.50,0.029121
496.1065,6.0080,60.95,127.00,0.029867
496.2024,6.0135,60.15,127.50,0.030441
496.2988,6.0190,60.42,127.00,0.029742
496.3960,6.0190,60.69,127.00,0.030022
496.4984,6.0190,60.69,127.00,0.031213
496.5960,6.0190,61.22,127.00,0.030286
496.6906,6.0190,60.69,127.00,0.028405
496.7860,6.0190,60.95,127.50,0.028910
496.8815,6.0190,60.95,127.00,0.029192
496.9787,6.0190,60.42,127.50,0.029742
497.0752,6.0190,60.69,128.00,0.029802
497.1756,6.0190,60.42,127.50,0.030337
497.2785,5.9660,60.69,127.00,0.030723
497.3759,5.9660,60.15,128.00,0.030391
497.4727,5.9660,60.95,128.00,0.029718
497.5676,5.9660,60.69,128.00,0.029941
497.6664,5.9660,60.95,128.00,0.029762
497.7617,5.9660,60.95,128.00,0.029702
497.8585,5.9660,60.95,128.00,0.029847
497.9530,5.9660,60.69,128.00,0.029158
498.0505,5.9660,60.42,127.50,0.028993
498.1431,5.9660,61.22,127.00,0.028336
498.2386,5.9660,60.42,127.00,0.029259
498.3353,5.9715,60.69,127.00,0.029346
498.4301,5.9770,60.69,127.00,0.028601
498.5244,5.9770,60.42,127.00,0.029901
498.6240,5.9770,60.69,127.00,0.030560
498.7228,5.9770,60.69,127.50,0.029785
498.8201,5.9770,60.42,128.00,0.030468
498.9201,5.9770,60.95,128.00,0.030469
499.0196,5.9770,60.69,128.00,0.030321
499.1174,5.9770,60.69,128.00,0.030187
499.2144,5.9580,60.15,128.00,0.030007
499.3095,5.9390,60.69,128.00,0.029409
499.4070,5.9390,60.69,128.00,0.029882
499.5043,5.9390,60.95,128.00,0.029680
499.6023,5.9390,60.95,128.00,0.028588
499.6954,5.9390,60.69,128.00,0.028472
499.7897,5.9390,60.42,128.00,0.028435
499.8874,5.9390,60.95,128.00,0.030114
499.9844,5.9390,60.69,128.00,0.029671
500.0807,5.9390,60.95,128.00,0.030349
500.1802,5.9390,60.69,128.00,0.030127
500.2759,5.9730,60.69,128.00,0.029943
500.3728,5.9730,60.69,128.00,0.030032
500.4696,5.9730,60.95,128.00,0.029845
500.5653,5.9730,60.69,128.00,0.028770
500.6582,5.9730,60.69,128.00,0.028742
500.7540,5.9730,60.42,128.00,0.029503
500.8496,5.9730,60.42,127.50,0.030251
500.9468,5.9730,60.95,127.00,0.030181
501.0419,5.9730,60.95,127.50,0.029513
501.1415,5.9730,60.95,127.00,0.029899
501.2393,5.9980,60.69,128.00,0.029699
501.3388,6.0230,60.42,128.00,0.029695
501.4365,6.0230,60.95,128.00,0.029689
501.5386,6.0230,60.69,128.00,0.030056
501.6348,6.0230,60.95,127.50,0.030145
501.7346,6.0230,60.69,127.50,0.029984
501.8327,6.0230,60.69,127.50,0.029798
501.9304,6.0230,60.42,128.00,0.030153
502.0267,6.0230,60.69,128.00,0.030386
502.1240,6.0230,61.22,128.00,0.030184
502.2227,5.9965,60.42,128.00,0.030416
502.3183,5.9700,60.69,128.00,0.028676
502.4118,5.9700,60.95,128.00,0.028992
502.5074,5.9700,60.42,128.00,0.029006
502.6030,5.9700,60.69,128.00,0.029962
502.7008,5.9700,60.69,128.00,0.030254
502.7968,5.9700,60.95,128.00,0.030292
502.8961,5.9700,60.69,128.00,0.029787
502.9945,5.9700,60.69,128.00,0.030134
503.0930,5.9700,60.15,128.00,0.029096
503.1875,5.9700,60.69,128.00,0.029085
503.2845,5.9700,60.42,127.50,0.029989
503.3841,5.9700,60.69,127.00,0.029463
503.4825,5.9700,60.95,128.00,0.029075
503.5777,5.9700,60.42,128.00,0.028617
503.6747,5.9700,60.42,128.00,0.030241
503.7696,5.9700,60.95,128.00,0.029857
503.8660,5.9700,60.69,128.00,0.029451
503.9591,5.9700,60.42,128.00,0.028984
504.0546,5.9700,60.69,128.00,0.028868
504.1509,5.9700,60.95,128.00,0.029333
504.2500,5.9700,60.69,127.50,0.030054
504.3478,5.9700,60.95,127.00,0.030649
504.4447,5.9700,60.95,128.00,0.029971
504.5412,5.9700,61.22,128.00,0.030619
504.6389,5.9945,61.22,128.00,0.030657
504.7340,6.0190,60.95,128.00,0.029470
504.8324,6.0190,60.69,128.00,0.029201
504.9296,6.0190,61.22,128.00,0.029622
505.0256,6.0190,60.69,128.00,0.029162
505.1189,6.0190,60.42,128.00,0.028998
505.2178,6.0190,60.42,128.00,0.028692
505.3131,6.0040,60.69,128.00,0.030618
505.4101,5.9890,60.42,128.00,0.030032
505.5066,5.9890,60.69,127.50,0.030780
505.6055,5.9890,61.22,127.00,0.029981
505.7008,5.9890,60.69,127.00,0.030263
505.7998,5.9890,60.42,127.00,0.029907
505.8945,5.9890,60.69,127.50,0.029971
505.9892,5.9890,60.95,128.00,0.028260
506.0823,5.9890,60.69,128.00,0.028651
506.1777,5.9890,60.95,128.00,0.029329
506.2742,5.9890,60.42,128.00,0.029236
506.3697,5.9890,60.95,128.00,0.029132
506.4676,5.9890,60.95,127.50,0.030110
506.5658,5.9890,60.69,128.00,0.029293
506.6636,5.9890,60.69,128.00,0.029749
506.7616,5.9890,60.69,128.00,0.028582
506.8597,5.9890,60.69,128.00,0.029799
506.9598,5.9890,61.22,128.00,0.030430
507.0625,5.9890,60.69,128.00,0.030768
507.1680,5.9890,60.95,128.00,0.030639
507.2698,5.9890,60.69,128.00,0.029260
507.3648,5.9890,60.69,128.00,0.028493
507.4589,5.9890,60.95,128.00,0.029534
507.5611,5.9200,60.15,128.00,0.031602
507.6646,5.9200,60.69,128.00,0.031243
507.7683,5.9200,60.42,128.00,0.031782
507.8694,5.9200,60.42,128.00,0.031100
507.9674,5.9200,60.69,128.00,0.030188
508.0646,5.9200,60.69,128.00,0.029668
508.1628,5.9200,60.69,128.00,0.029524
508.2614,5.9850,60.95,128.00,0.030816
508.3591,5.9850,60.95,128.00,0.030362
508.4577,5.9850,60.69,128.00,0.031265
508.5582,5.9850,60.69,128.00,0.029960
508.6536,5.9850,60.42,128.00,0.030252
508.7513,5.9850,60.95,128.00,0.030883
508.8468,5.9850,60.95,128.00,0.030282
508.9430,5.9850,60.69,128.00,0.028916
509.0406,5.9850,60.95,128.00,0.029236
509.1388,5.9850,60.95,128.00,0.029527
509.2363,5.9905,60.69,128.00,0.029206
509.3314,5.9960,60.95,128.00,0.028641
509.4258,5.9960,60.15,127.50,0.028253
509.5204,5.9960,60.95,127.00,0.028613
509.6179,5.9960,60.95,128.00,0.029875
509.7174,5.9960,60.95,128.00,0.030075
509.8151,5.9960,60.42,127.50,0.030185
509.9126,5.9960,60.69,127.00,0.030345
510.0104,5.9960,60.69,127.00,0.028863
510.1070,5.9960,60.95,127.00,0.029086
510.2017,5.9960,60.95,127.50,0.029890
510.3010,5.9830,60.69,127.00,0.030155
510.3967,5.9700,60.69,128.00,0.029904
510.4955,5.9700,60.95,128.00,0.029699
510.5926,5.9700,61.22,128.00,0.029921
510.6924,5.9700,60.69,128.00,0.030322
510.7907,5.9700,60.95,128.00,0.030391
510.8865,5.9700,60.95,128.00,0.028938
510.9825,5.9700,60.69,127.50,0.028988
511.0787,5.9700,60.69,127.00,0.029418
511.1748,5.9700,60.69,127.50,0.029129
511.2703,5.9700,60.69,127.50,0.029181
511.3667,5.9470,60.42,127.00,0.029169
511.4689,5.9240,60.95,127.00,0.029813
511.5652,5.9240,60.95,127.50,0.028756
511.6627,5.9240,60.95,128.00,0.029061
511.7583,5.9240,60.69,128.00,0.028965
511.8563,5.9240,61.22,128.00,0.030635
511.9552,5.9240,60.69,128.00,0.030650
512.0529,5.9240,60.69,128.00,0.030380
512.1484,5.9240,60.42,128.00,0.029778
512.2491,5.9660,60.42,128.00,0.030457
512.3449,5.9660,60.69,128.00,0.030147
512.4425,5.9660,60.69,128.00,0.029918
512.5391,5.9660,60.95,128.00,0.030970
512.6366,5.9660,60.69,128.00,0.029747
512.7344,5.9660,60.69,128.00,0.030493
512.8338,5.9660,60.42,128.00,0.030332
512.9298,5.9660,60.69,128.00,0.028686
513.0270,5.9660,60.95,128.00,0.030025
513.1228,5.9660,60.69,128.00,0.029496
513.2191,5.9810,60.95,128.00,0.029537
513.3186,5.9960,60.69,128.00,0.029470
513.4155,5.9960,60.42,128.00,0.030304
513.5125,5.9960,60.95,128.00,0.029416
513.6114,5.9960,60.69,128.00,0.029502
513.7090,5.9960,60.95,128.00,0.029743
513.8059,5.9960,60.95,127.50,0.029925
513.9045,5.9960,60.95,127.50,0.030830
514.0038,5.9960,60.69,127.00,0.029992
514.0992,5.9960,60.69,127.50,0.030359
514.1964,5.9810,60.69,127.50,0.030176
514.2936,5.9660,60.95,127.50,0.029388
514.3906,5.9660,60.95,127.50,0.030244
514.4866,5.9660,61.22,128.00,0.030752
514.5888,5.9660,60.69,128.00,0.031378
514.6843,5.9660,60.69,128.00,0.030641
514.7836,5.9660,60.69,128.00,0.030379
514.8809,5.9660,60.95,128.00,0.029995
514.9784,5.9660,60.69,128.00,0.030305
515.0738,5.9660,60.69,128.00,0.029956
515.1704,5.9660,60.42,128.00,0.029886
515.2659,5.9850,60.95,128.00,0.028499
515.3614,5.9850,60.95,128.00,0.029526
515.4568,5.9850,60.42,128.00,0.029801
515.5564,5.9850,60.69,128.00,0.030485
515.6562,5.9850,61.22,128.00,0.030681
515.7534,5.9850,60.42,128.00,0.028520
515.8475,5.9850,60.95,128.00,0.029452
515.9470,5.9850,60.95,128.00,0.030644
516.0447,5.9850,61.22,128.00,0.030363
516.1427,5.9850,61.22,128.00,0.030773
516.2392,5.9620,60.69,128.00,0.030620
516.3368,5.9620,60.69,127.50,0.030239
516.4346,5.9620,60.69,127.50,0.030651
516.5347,5.9620,60.69,127.00,0.031395
516.6282,5.9620,60.69,128.00,0.029014
516.7223,5.9620,60.69,128.00,0.028555
516.8159,5.9620,60.69,128.00,0.029230
516.9160,5.9620,60.69,128.00,0.030374
517.0113,5.9620,60.69,128.00,0.029519
517.1096,5.9620,60.69,128.00,0.029240
517.2054,5.9620,60.69,128.00,0.028978
517.3026,5.9620,60.69,128.00,0.029279
517.3957,5.9620,60.69,128.00,0.029335
517.4909,5.9620,60.42,128.00,0.029154
517.5882,5.9620,60.69,128.00,0.030759
517.6849,5.9620,60.95,128.00,0.030141
517.7802,5.9620,60.95,128.00,0.028176
517.8778,5.9620,60.69,128.00,0.029058
517.9722,5.9620,60.42,128.00,0.028892
518.0718,5.9620,60.42,128.00,0.031737
518.1764,5.9620,60.69,128.00,0.032308
518.2808,5.9620,60.69,128.00,0.031276
518.3831,5.9510,60.95,128.00,0.031448
518.4886,5.9510,60.95,128.00,0.031624
518.5823,5.9510,60.95,128.00,0.029043
518.6785,5.9510,60.95,128.00,0.029161
518.7779,5.9510,61.22,128.00,0.031873
518.8768,5.9510,60.42,127.50,0.028834
518.9708,5.9510,60.95,127.50,0.029305
519.0665,5.9510,60.95,127.00,0.028815
519.1666,5.9510,60.95,127.50,0.029572
519.2719,5.9240,60.69,127.00,0.030102
519.3739,5.9240,60.95,127.00,0.030360
519.4748,5.9240,60.69,127.00,0.030276
519.5784,5.9240,60.69,128.00,0.030264
519.6790,5.9240,60.69,127.50,0.030257
519.7850,5.9240,60.69,127.50,0.030145
519.8878,5.9240,60.69,128.00,0.030669
519.9910,5.9240,60.69,128.00,0.030045
520.0905,5.9240,60.69,128.00,0.028888
520.1860,5.9240,60.95,128.00,0.030025
520.2924,5.8550,60.69,128.00,0.030488
520.3957,5.8550,60.69,128.00,0.030871
520.5019,5.8550,60.69,128.00,0.030832
520.6039,5.8550,60.69,128.00,0.030460
520.7013,5.8550,60.95,128.00,0.028871
520.7960,5.8550,60.69,128.00,0.029171
520.8996,5.8550,60.42,128.00,0.030435
521.0045,5.8550,60.69,128.00,0.029521
521.1082,5.8550,60.69,128.00,0.029976
521.2102,5.8550,60.69,128.00,0.028773
521.3042,5.8550,60.42,128.00,0.028857
521.4006,5.8550,60.42,128.00,0.028975
521.5007,5.8550,61.22,128.00,0.031149
521.6063,5.8550,60.69,127.50,0.030933
521.7016,5.8550,60.95,127.50,0.028922
521.7960,5.8550,60.95,127.50,0.029149
521.9017,5.8550,60.95,128.00,0.031904
522.0055,5.8550,60.95,128.00,0.031487
522.1082,5.8550,60.69,128.00,0.030348
522.2077,5.8550,60.69,128.00,0.029976
522.3038,5.8550,60.95,128.00,0.030533
522.4004,5.8110,60.42,128.00,0.029841
522.4978,5.7670,60.69,128.00,0.029749
522.5951,5.7670,60.95,128.00,0.030095
522.6905,5.7670,61.22,128.00,0.030271
522.7899,5.7670,60.42,128.00,0.030457
522.8871,5.7670,60.95,128.00,0.029952
522.9842,5.7670,60.69,128.00,0.030390
523.0844,5.7670,60.69,128.00,0.030677
523.1866,5.7670,60.69,128.00,0.030617
523.2827,6.0310,60.69,128.00,0.030322
523.3796,6.0310,60.95,128.00,0.030039
523.4767,6.0310,60.69,128.00,0.029580
523.5771,6.0310,60.69,128.00,0.028487
523.6698,6.0310,60.95,128.00,0.028408
523.7649,6.0310,60.95,128.00,0.028754
523.8629,6.0310,61.22,128.00,0.029078
523.9598,6.0310,61.22,128.00,0.029834
524.0564,6.0310,60.95,127.50,0.029520
524.1554,6.0310,60.69,127.00,0.029950
524.2515,5.9960,60.69,127.00,0.030607
524.3485,5.9960,60.69,128.00,0.029832
524.4472,5.9960,60.69,128.00,0.029785
524.5445,5.9960,60.42,128.00,0.029911
524.6404,5.9960,60.95,128.00,0.030489
524.7402,5.9960,60.95,128.00,0.030520
524.8381,5.9960,60.69,128.00,0.030174
524.9349,5.9960,60.95,128.00,0.030411
525.0285,5.9960,60.69,128.00,0.028563
525.1253,5.9960,60.69,128.00,0.028914
525.2210,5.9960,60.69,128.00,0.028970
525.3182,5.9960,61.22,128.00,0.029769
525.4113,5.9960,60.69,128.00,0.028640
525.5105,5.9960,61.22,128.00,0.029165
525.6069,5.9960,60.95,128.00,0.029459
525.7012,5.9960,60.69,128.00,0.028486
525.7943,5.9960,60.69,128.00,0.028905
525.8898,5.9960,60.95,128.00,0.029413
525.9879,5.9960,60.69,128.00,0.030290
526.0829,5.9960,61.22,128.00,0.029004
526.1788,5.9960,60.69,128.00,0.029538
526.2741,5.9960,60.69,128.00,0.029790
526.3697,5.9960,60.69,128.00,0.029026
526.4650,5.9960,61.22,128.00,0.029183
526.5611,5.9960,60.69,127.50,0.029059
526.6583,5.9960,60.69,128.00,0.029588
526.7548,6.0040,60.95,128.00,0.030091
526.8515,6.0040,61.22,128.00,0.029785
526.9468,6.0040,60.69,128.00,0.029653
527.0432,6.0040,60.95,128.00,0.029672
527.1389,6.0040,61.22,128.00,0.029997
527.2391,6.0080,60.95,128.00,0.029891
527.3363,6.0120,60.95,128.00,0.029601
527.4356,6.0120,60.42,128.00,0.029770
527.5319,6.0120,60.69,128.00,0.030405
527.6288,6.0120,60.95,128.00,0.029618
527.7242,6.0120,61.22,128.00,0.029898
527.8237,6.0120,60.95,128.00,0.030106
527.9188,6.0120,60.95,128.00,0.030416
528.0163,6.0120,60.69,128.00,0.030586
528.1115,6.0120,60.69,128.00,0.028501
528.2064,6.0120,61.22,128.00,0.028780
528.3021,6.0120,61.22,128.00,0.028964
528.3994,5.9960,60.42,128.00,0.029785
528.4946,5.9960,61.22,128.00,0.029668
528.5935,5.9960,60.95,128.00,0.028540
528.6864,5.9960,60.42,128.00,0.028956
528.7833,5.9960,60.95,128.00,0.028826
528.8794,5.9960,60.95,128.00,0.029591
528.9758,5.9960,61.22,128.00,0.029216
529.0722,5.9960,60.69,128.00,0.030835
529.1686,5.9960,60.95,128.00,0.029554
529.2673,5.9540,61.22,128.00,0.030625
529.3643,5.9540,60.95,128.00,0.030173
529.4598,5.9540,61.22,128.00,0.030571
529.5569,5.9540,60.95,128.00,0.030014
529.6563,5.9540,60.69,128.00,0.029805
529.7582,5.9540,60.95,128.00,0.030484
529.8562,5.9540,60.95,128.00,0.030537
529.9548,5.9540,60.69,128.00,0.029918
530.0502,5.9540,60.69,128.00,0.030306
530.1470,5.9540,60.95,128.00,0.030369
530.2430,5.9425,60.69,128.00,0.030212
530.3406,5.9310,60.69,128.00,0.030171
530.4377,5.9310,60.95,128.00,0.029721
530.5345,5.9310,61.22,128.00,0.029694
530.6319,5.9310,60.69,128.00,0.029357
530.7300,5.9310,61.22,128.00,0.029175
530.8266,5.9310,60.69,128.00,0.029443
530.9227,5.9310,60.95,128.00,0.029080
531.0203,5.9310,60.95,128.00,0.029722
531.1191,5.9310,61.22,128.00,0.029756
531.2169,5.9310,60.42,128.00,0.030262
531.3159,5.9310,60.95,128.00,0.030041
531.4143,5.9310,60.95,127.50,0.030502
531.5106,5.9310,60.69,127.50,0.029963
531.6080,5.9310,60.95,127.50,0.030394
531.7075,5.9310,60.42,127.00,0.030170
531.8051,5.9310,60.69,128.00,0.030252
531.9033,5.9310,60.42,128.00,0.029636
532.0026,5.9310,61.22,128.00,0.029605
532.1037,5.9310,60.69,128.00,0.030253
532.1992,5.9310,60.95,128.00,0.030272
532.2960,5.9310,60.69,128.00,0.030135
532.3968,5.9310,60.95,128.00,0.030958
532.4939,5.9410,60.95,128.00,0.029921
532.5904,5.9510,60.95,128.00,0.029893
532.6856,5.9510,60.95,128.00,0.028524
532.7833,5.9510,60.95,128.00,0.028955
532.8776,5.9510,60.95,128.00,0.028405
532.9751,5.9510,60.95,127.50,0.029794
533.0716,5.9510,60.69,127.00,0.029417
533.1666,5.9510,60.69,127.00,0.029588
533.2659,5.9770,60.69,127.00,0.029802
533.3632,5.9770,61.22,127.00,0.029578
533.4600,5.9770,60.95,127.50,0.029970
533.5552,5.9770,60.95,127.00,0.030108
533.6521,5.9770,60.69,127.00,0.029872
533.7498,5.9770,60.42,128.00,0.030358
533.8466,5.9770,60.95,128.00,0.029844
533.9443,5.9770,60.69,127.50,0.029999
534.0451,5.9770,60.95,128.00,0.029855
534.1404,5.9770,61.22,128.00,0.030078
534.2390,5.9845,60.69,128.00,0.029653
534.3352,5.9920,60.95,128.00,0.030501
534.4340,5.9920,60.69,128.00,0.029695
534.5295,5.9920,60.69,128.00,0.029844
534.6285,5.9920,60.95,128.00,0.029778
534.7259,5.9920,60.69,128.00,0.029736
534.8265,5.9920,60.95,128.00,0.029428
534.9213,5.9920,60.69,128.00,0.029746
535.0186,5.9920,60.95,128.00,0.030286
535.1143,5.9920,60.95,128.00,0.028973
535.2089,5.9920,60.69,128.00,0.028826
535.3063,5.9920,60.95,128.00,0.030690
535.4036,5.9890,60.95,128.00,0.029804
535.4987,5.9890,60.69,128.00,0.028928
535.5938,5.9890,60.42,128.00,0.028773
535.6891,5.9890,60.95,128.00,0.029909
535.7880,5.9890,60.69,128.00,0.030058
535.8838,5.9890,60.95,127.50,0.030825
535.9813,5.9890,60.69,127.50,0.030535
536.0765,5.9890,60.95,127.50,0.029852
536.1752,5.9890,60.95,127.00,0.029773
536.2714,5.9700,60.42,127.00,0.029490
536.3679,5.9700,60.69,128.00,0.029585
536.4623,5.9700,60.95,128.00,0.029216
536.5596,5.9700,60.69,128.00,0.029700
536.6558,5.9700,60.69,128.00,0.029995
536.7544,5.9700,60.69,128.00,0.029392
536.8519,5.9700,60.42,128.00,0.030285
536.9491,5.9700,61.22,128.00,0.030103
537.0451,5.9700,60.95,128.00,0.028563
537.1398,5.9700,60.95,128.00,0.028833
537.2338,5.9700,60.42,128.00,0.029708
537.3319,5.9810,60.95,128.00,0.030875
537.4294,5.9810,60.95,128.00,0.030241
537.5317,5.9810,60.69,128.00,0.030372
537.6316,5.9810,60.95,128.00,0.030342
537.7285,5.9810,61.22,128.00,0.030407
537.8212,5.9810,60.95,128.00,0.028334
537.9163,5.9810,60.95,128.00,0.028879
538.0108,5.9810,60.95,128.00,0.029926
538.1077,5.9810,61.22,128.00,0.029830
538.2051,5.9945,60.95,128.00,0.029817
538.3036,6.0080,60.69,127.50,0.028693
538.3971,6.0080,60.69,127.50,0.029091
538.4936,6.0080,61.22,127.00,0.028609
538.5905,6.0080,61.22,127.00,0.030182
538.6873,6.0080,60.42,127.00,0.030135
538.7828,6.0080,60.95,128.00,0.030206
538.8796,6.0080,60.69,128.00,0.030112
538.9734,6.0080,60.69,128.00,0.028930
539.0701,6.0080,60.69,128.00,0.028546
539.1633,6.0080,60.69,128.00,0.028762
539.2639,6.0040,60.69,128.00,0.030638
539.3571,6.0040,60.95,128.00,0.028695
539.4545,6.0040,60.95,128.00,0.029085
539.5513,6.0040,60.95,128.00,0.029956
539.6484,6.0040,60.95,128.00,0.029691
539.7456,6.0040,60.69,128.00,0.029303
539.8401,6.0040,60.95,128.00,0.028470
539.9331,6.0040,60.69,128.00,0.028639
540.0301,6.0040,60.95,128.00,0.028957
540.1234,6.0040,60.69,128.00,0.028863
540.2239,6.0095,60.95,128.00,0.031334
540.3239,6.0150,61.22,128.00,0.030273
540.4190,6.0150,61.22,128.00,0.028677
540.5152,6.0150,60.95,128.00,0.029772
540.6113,6.0150,60.69,127.50,0.029691
540.7064,6.0150,60.69,127.00,0.029689
540.8037,6.0150,60.95,127.00,0.030585
540.9035,6.0150,60.69,127.00,0.030161
541.0013,6.0150,60.95,128.00,0.030726
541.0995,6.0150,60.95,128.00,0.030258
541.1967,5.9940,60.95,128.00,0.030462
541.2939,5.9730,60.95,128.00,0.029678
541.3911,5.9730,60.69,128.00,0.029785
541.4854,5.9730,60.95,128.00,0.028806
541.5816,5.9730,60.69,128.00,0.028288
541.6753,5.9730,61.22,128.00,0.028783
541.7715,5.9730,60.95,128.00,0.029988
541.8670,5.9730,60.95,128.00,0.029967
541.9663,5.9730,60.69,128.00,0.030368
542.0636,5.9730,61.22,128.00,0.030131
542.1608,5.9730,61.22,128.00,0.029972
542.2595,5.9770,60.42,128.00,0.030196
542.3559,5.9770,60.95,128.00,0.029994
542.4515,5.9770,60.69,128.00,0.030078
542.5510,5.9770,60.95,128.00,0.030148
542.6460,5.9770,60.69,128.00,0.029988
542.7413,5.9770,61.22,128.00,0.028718
542.8376,5.9770,60.69,128.00,0.029480
542.9362,5.9770,60.69,127.50,0.029520
543.0311,5.9770,60.69,127.50,0.029739
543.1280,5.9770,60.42,127.00,0.029446
543.2226,5.9770,60.95,127.00,0.029355
543.3197,5.9770,60.95,127.00,0.029509
543.4192,5.9770,60.95,128.00,0.029501
543.5162,5.9770,60.95,128.00,0.029910
543.6145,5.9770,60.95,128.00,0.030233
543.7139,5.9770,60.69,128.00,0.030293
543.8122,5.9770,60.95,128.00,0.030533
543.9087,5.9770,60.69,128.00,0.029561
544.0078,5.9770,60.95,128.00,0.030028
544.1045,5.9770,60.69,128.00,0.029532
544.2030,5.9945,61.22,128.00,0.030893
544.3006,6.0120,61.22,128.00,0.029922
544.3997,6.0120,60.69,128.00,0.029889
544.4983,6.0120,60.95,128.00,0.031612
544.5951,6.0120,60.95,127.50,0.029447
544.6950,6.0120,60.69,127.00,0.030113
544.7902,6.0120,60.95,127.00,0.030391
544.8914,6.0120,60.95,127.00,0.030166
544.9865,6.0120,60.95,127.00,0.030055
545.0847,6.0120,60.95,127.00,0.028611
545.1787,6.0120,60.42,127.00,0.029202
545.2749,6.0120,60.95,127.00,0.029819
545.3709,6.0040,60.95,127.00,0.029928
545.4709,5.9960,60.95,127.00,0.029625
545.5672,5.9960,60.95,127.00,0.030051
545.6640,5.9960,60.69,127.00,0.029363
545.7599,5.9960,60.95,128.00,0.030555
545.8579,5.9960,60.69,128.00,0.030578
545.9564,5.9960,60.69,128.00,0.030755
546.0570,5.9960,60.69,128.00,0.030837
546.1545,5.9960,60.69,128.00,0.029974
546.2555,5.9390,60.69,128.00,0.030327
546.3516,5.9390,61.22,128.00,0.030725
546.4521,5.9390,60.69,128.00,0.030507
546.5522,5.9390,60.95,128.00,0.030288
546.6542,5.9390,60.95,128.00,0.030653
546.7522,5.9390,60.69,127.50,0.030416
546.8536,5.9390,60.95,127.50,0.029935
546.9514,5.9390,60.69,127.50,0.030139
547.0513,5.9390,60.69,127.00,0.030452
547.1513,5.9390,60.42,127.50,0.030424
547.2491,5.9240,60.95,127.00,0.028041
547.3425,5.9240,60.69,127.50,0.029064
547.4378,5.9240,61.22,127.00,0.029429
547.5348,5.9240,60.69,127.50,0.029341
547.6317,5.9240,60.95,127.00,0.029539
547.7272,5.9240,60.69,127.00,0.029759
547.8242,5.9240,60.95,127.00,0.029886
547.9171,5.9240,60.95,127.50,0.028591
548.0117,5.9240,61.22,127.50,0.028671
548.1086,5.9240,60.95,128.00,0.030359
548.2030,5.9240,60.69,128.00,0.028330
548.2970,5.9240,60.95,128.00,0.029231
548.3922,5.9525,60.95,128.00,0.029470
548.4902,5.9810,60.95,128.00,0.030096
548.5856,5.9810,60.95,128.00,0.028335
548.6789,5.9810,60.69,128.00,0.028839
548.7735,5.9810,60.95,128.00,0.028680
548.8705,5.9810,60.69,128.00,0.029807
548.9685,5.9810,60.69,128.00,0.029457
549.0643,5.9810,60.95,128.00,0.028492
549.1605,5.9810,60.69,128.00,0.028460
549.2539,5.9810,60.95,128.00,0.029233
549.3526,5.9715,61.22,128.00,0.029413
549.4508,5.9620,60.42,128.00,0.030405
549.5479,5.9620,60.95,128.00,0.030164
549.6430,5.9620,60.69,128.00,0.030006
549.7426,5.9620,60.95,128.00,0.030364
549.8423,5.9620,60.69,128.00,0.030743
549.9387,5.9620,61.22,128.00,0.029870
550.0354,5.9620,61.22,128.00,0.029840
550.1327,5.9620,60.95,127.50,0.030219
550.2284,5.9545,60.95,127.50,0.030402
550.3289,5.9470,60.69,127.00,0.030230
550.4266,5.9470,60.69,127.50,0.030457
550.5265,5.9470,60.95,128.00,0.030124
550.6242,5.9470,61.22,128.00,0.030660
550.7240,5.9470,60.69,128.00,0.030614
550.8237,5.9470,60.69,128.00,0.030362
550.9206,5.9470,60.69,128.00,0.029687
551.0153,5.9470,60.69,128.00,0.029610
551.1115,5.9470,60.69,128.00,0.029037
551.2073,5.9715,60.69,128.00,0.030385
551.3064,5.9960,60.95,128.00,0.029327
551.4035,5.9960,61.22,128.00,0.029813
551.5003,5.9960,60.95,128.00,0.029515
551.5979,5.9960,60.95,128.00,0.029790
551.6955,5.9960,61.22,128.00,0.030431
551.7912,5.9960,60.95,128.00,0.030515
551.8882,5.9960,61.22,128.00,0.029865
551.9858,5.9960,60.95,128.00,0.030788
552.0857,5.9960,60.95,128.00,0.030149
552.1801,5.9960,60.69,128.00,0.029100
552.2753,5.9960,60.95,128.00,0.028938
552.3693,5.9960,60.95,128.00,0.028913
552.4660,5.9960,60.95,128.00,0.030119
552.5630,5.9960,60.95,128.00,0.029764
552.6607,5.9960,60.95,127.50,0.029774
552.7560,5.9960,60.69,127.50,0.029821
552.8551,5.9960,61.22,127.00,0.029686
552.9504,5.9960,60.95,128.00,0.029548
553.0471,5.9960,60.95,128.00,0.029394
553.1445,5.9960,60.95,128.00,0.029460
553.2451,5.9960,60.95,128.00,0.029384
553.3424,5.9960,60.69,128.00,0.029370
553.4370,5.9960,60.69,128.00,0.028530
553.5313,5.9960,61.22,128.00,0.028986
553.6276,5.9960,60.95,128.00,0.030093
553.7227,5.9960,60.69,128.00,0.030254
553.8204,5.9810,61.49,128.00,0.030207
553.9187,5.9810,60.95,128.00,0.031063
554.0149,5.9810,61.22,128.00,0.029771
554.1121,5.9810,61.22,128.00,0.030259
554.2092,5.9810,60.95,128.00,0.028497
554.3033,5.9810,60.95,128.00,0.029026
554.3986,5.9810,61.22,128.00,0.028835
554.4946,5.9830,60.95,128.00,0.030161
554.5942,5.9850,60.69,128.00,0.029574
554.6910,5.9850,60.69,128.00,0.029375
554.7898,5.9850,60.95,128.00,0.029584
554.8870,5.9850,60.69,128.00,0.029710
554.9836,5.9850,60.95,127.50,0.029628
555.0787,5.9850,61.22,127.00,0.029931
555.1753,5.9850,61.22,127.00,0.030140
555.2714,6.0000,60.95,127.00,0.029901
555.3680,6.0000,60.95,128.00,0.030103
555.4649,6.0000,60.42,128.00,0.029193
555.5631,6.0000,60.69,128.00,0.031005
555.6569,6.0000,61.22,128.00,0.028792
555.7538,6.0000,60.69,128.00,0.028893
555.8486,6.0000,60.95,128.00,0.030034
555.9456,6.0000,61.22,128.00,0.029248
556.0391,6.0000,60.95,128.00,0.028831
556.1379,6.0000,60.95,128.00,0.029685
556.2332,5.9865,60.95,128.00,0.029709
556.3304,5.9730,60.95,128.00,0.029620
556.4285,5.9730,61.22,128.00,0.029874
556.5270,5.9730,60.95,128.00,0.029470
556.6226,5.9730,60.69,128.00,0.029979
556.7172,5.9730,60.95,128.00,0.028566
556.8127,5.9730,61.22,128.00,0.029051
556.9107,5.9730,60.69,128.00,0.029627
557.0058,5.9730,60.95,127.50,0.028663
557.1029,5.9730,60.69,127.50,0.029465
557.1984,5.9730,61.22,127.50,0.030628
557.2946,5.9730,60.69,127.50,0.029747
557.3920,5.9730,60.95,127.00,0.030495
557.4931,5.9730,60.69,127.00,0.029756
557.5912,5.9730,61.22,127.50,0.030553
557.6881,5.9730,60.95,128.00,0.030193
557.7826,5.9730,60.95,128.00,0.029491
557.8840,5.9730,60.95,127.50,0.030273
557.9811,5.9730,60.95,128.00,0.029435
558.0787,5.9730,60.42,128.00,0.029108
558.1746,5.9730,60.95,128.00,0.029099
558.2746,5.9730,60.95,128.00,0.029206
558.3703,5.9750,60.95,128.00,0.029802
558.4683,5.9770,61.49,128.00,0.029495
558.5672,5.9770,60.95,128.00,0.030414
558.6645,5.9770,60.69,128.00,0.029864
558.7601,5.9770,60.95,128.00,0.028805
558.8554,5.9770,60.95,128.00,0.028676
558.9504,5.9770,60.69,128.00,0.030258
559.0483,5.9770,61.22,128.00,0.030708
559.1464,5.9770,61.22,128.00,0.030908
559.2446,5.9580,60.95,128.00,0.030030
559.3428,5.9580,60.95,128.00,0.029759
559.4410,5.9580,61.22,128.00,0.030602
559.5396,5.9580,60.69,128.00,0.030294
559.6377,5.9580,60.69,128.00,0.030467
559.7358,5.9580,60.95,127.50,0.030330
559.8360,5.9580,60.69,127.00,0.030640
559.9321,5.9580,61.22,128.00,0.030678
560.0313,5.9580,60.95,128.00,0.029624
560.1300,5.9580,60.95,128.00,0.029948
560.2342,5.9735,60.69,128.00,0.032023
560.3367,5.9890,60.95,128.00,0.030790
560.4392,5.9890,60.95,128.00,0.030905
560.5404,5.9890,60.42,128.00,0.030138
560.6389,5.9890,60.95,128.00,0.029618
560.7351,5.9890,61.22,128.00,0.030012
560.8346,5.9890,60.69,128.00,0.029670
560.9312,5.9890,60.69,128.00,0.030146
561.0283,5.9890,61.22,128.00,0.029442
561.1270,5.9890,60.95,128.00,0.030052
561.2272,6.0005,61.22,128.00,0.029847
561.3262,6.0120,60.69,128.00,0.030272
561.4242,6.0120,61.22,128.00,0.030498
561.5235,6.0120,60.69,128.00,0.030775
561.6238,6.0120,60.69,128.00,0.030525
561.7225,6.0120,60.95,128.00,0.030408
561.8203,6.0120,61.22,128.00,0.030361
561.9187,6.0120,60.95,128.00,0.030254
562.0159,6.0120,60.42,128.00,0.030195
562.1143,6.0120,60.95,128.00,0.030359
562.2120,5.9890,60.69,128.00,0.030025
562.3107,5.9660,61.22,128.00,0.030513
562.4083,5.9660,60.95,128.00,0.029994
562.5088,5.9660,60.95,128.00,0.030239
562.6073,5.9660,60.95,128.00,0.030474
562.7036,5.9660,60.95,128.00,0.030403
562.8036,5.9660,60.95,128.00,0.030285
562.8992,5.9660,60.69,128.00,0.029709
562.9987,5.9660,60.95,128.00,0.029748
563.0965,5.9660,60.95,128.00,0.029672
563.1962,5.9640,60.69,128.00,0.030353
563.2947,5.9620,60.69,128.00,0.029887
563.3905,5.9620,60.95,128.00,0.028790
563.4868,5.9620,61.22,128.00,0.029329
563.5836,5.9620,61.22,128.00,0.030128
563.6793,5.9620,60.69,128.00,0.030157
563.7794,5.9620,61.22,128.00,0.030386
563.8755,5.9620,60.42,128.00,0.029911
563.9705,5.9620,60.69,128.00,0.028800
564.0667,5.9620,60.95,128.00,0.029044
564.1636,5.9620,61.22,128.00,0.030059
564.2596,5.9770,60.69,128.00,0.030084
564.3545,5.9770,60.69,128.00,0.028494
564.4473,5.9770,61.22,128.00,0.028781
564.5423,5.9770,60.95,128.00,0.028866
564.6379,5.9770,60.95,128.00,0.028926
564.7349,5.9770,61.22,128.00,0.029929
564.8294,5.9770,60.69,128.00,0.029129
564.9281,5.9770,60.95,128.00,0.029175
565.0238,5.9770,61.22,128.00,0.029617
565.1225,5.9770,61.22,128.00,0.029953
565.2182,5.9655,60.95,128.00,0.029677
565.3182,5.9540,61.22,128.00,0.030402
565.4136,5.9540,60.95,128.00,0.030036
565.5113,5.9540,60.69,128.00,0.029997
565.6053,5.9540,60.69,128.00,0.028999
565.7025,5.9540,60.42,128.00,0.028846
565.7988,5.9540,60.95,128.00,0.029617
565.8980,5.9540,60.95,128.00,0.030116
565.9922,5.9540,60.95,128.00,0.028472
566.0870,5.9540,60.69,128.00,0.028677
566.1812,5.9540,60.69,127.50,0.028827
566.2806,5.9470,60.95,127.00,0.029919
566.3787,5.9470,60.95,128.00,0.029832
566.4758,5.9470,60.69,128.00,0.029848
566.5749,5.9470,60.69,127.50,0.029098
566.6719,5.9470,60.69,127.50,0.030123
566.7714,5.9470,60.95,128.00,0.029558
566.8699,5.9470,60.69,128.00,0.029217
566.9653,5.9470,61.22,128.00,0.029504
567.0624,5.9470,60.95,128.00,0.029760
567.1589,5.9470,60.95,128.00,0.029446
567.2560,5.9730,60.95,128.00,0.029612
567.3529,5.9730,60.95,128.00,0.030214
567.4482,5.9730,61.22,128.00,0.028308
567.5423,5.9730,60.95,128.00,0.029243
567.6379,5.9730,61.22,128.00,0.029352
567.7359,5.9730,60.95,128.00,0.030479
567.8347,5.9730,61.22,128.00,0.030292
567.9309,5.9730,61.22,128.00,0.030289
568.0281,5.9730,60.69,128.00,0.030643
568.1265,5.9730,60.95,128.00,0.030651
568.2269,5.9750,60.95,128.00,0.029734
568.3245,5.9770,61.49,128.00,0.029840
568.4221,5.9770,60.69,128.00,0.028548
568.5160,5.9770,61.22,128.00,0.029386
568.6107,5.9770,60.95,128.00,0.028625
568.7060,5.9770,60.95,128.00,0.030031
568.8029,5.9770,61.22,128.00,0.030081
568.9032,5.9770,60.69,128.00,0.030102
569.0007,5.9770,60.95,128.00,0.030705
569.0979,5.9770,61.49,128.00,0.029948
569.1984,5.9600,60.95,128.00,0.030785
569.2958,5.9430,60.95,128.00,0.030150
569.3950,5.9430,61.22,128.00,0.030018
569.4910,5.9430,61.22,128.00,0.030131
569.5883,5.9430,61.22,128.00,0.030289
569.6845,5.9430,60.69,128.00,0.030663
569.7838,5.9430,61.22,128.00,0.030205
569.8801,5.9430,60.95,128.00,0.030919
569.9801,5.9430,60.95,128.00,0.030739
570.0798,5.9430,60.95,128.00,0.030090
570.1773,5.9430,60.69,128.00,0.030198
570.2749,5.9430,60.95,128.00,0.029661
570.3710,5.9430,61.22,128.00,0.028594
570.4648,5.9430,60.95,128.00,0.028764
570.5627,5.9430,61.22,128.00,0.029371
570.6576,5.9430,60.95,128.00,0.029505
570.7569,5.9430,60.69,128.00,0.030116
570.8528,5.9430,61.22,128.00,0.030219
570.9522,5.9430,61.22,128.00,0.029979
571.0497,5.9430,60.69,128.00,0.029698
571.1445,5.9430,60.95,128.00,0.028236
571.2419,5.9430,60.95,128.00,0.028681
571.3388,5.9430,60.69,128.00,0.030640
571.4342,5.9430,60.69,127.50,0.030076
571.5311,5.9640,61.22,127.50,0.030101
571.6262,5.9850,61.22,128.00,0.029651
571.7243,5.9850,60.69,128.00,0.031050
571.8216,5.9850,60.95,128.00,0.029501
571.9186,5.9850,60.95,128.00,0.030062
572.0219,5.9850,60.95,128.00,0.031795
572.1243,5.9850,60.95,128.00,0.031747
572.2276,5.9545,61.22,128.00,0.030528
572.3262,5.9240,60.69,128.00,0.028869
572.4221,5.9240,60.95,128.00,0.028727
572.5209,5.9240,60.95,128.00,0.030863
572.6213,5.9240,60.42,128.00,0.030554
572.7234,5.9240,61.22,128.00,0.029627
572.8252,5.9240,61.22,128.00,0.030224
572.9266,5.9240,61.22,128.00,0.029578
573.0307,5.9240,61.49,128.00,0.030412
573.1353,5.9240,60.15,128.00,0.030890
573.2390,5.9050,60.42,128.00,0.030858
573.3419,5.8860,60.95,128.00,0.030911
573.4433,5.8860,60.95,128.00,0.030347
573.5454,5.8860,61.22,128.00,0.030896
573.6483,5.8860,60.69,128.00,0.031021
573.7509,5.8860,60.95,128.00,0.029793
573.8519,5.8860,60.69,128.00,0.030383
573.9547,5.8860,60.95,128.00,0.030557
574.0576,5.8860,61.22,128.00,0.030587
574.1588,5.8860,60.69,128.00,0.030684
574.2627,5.9770,61.22,128.00,0.030482
574.3681,5.9770,60.69,128.00,0.030659
574.4738,5.9770,60.95,128.00,0.030976
574.5743,5.9770,60.69,128.00,0.030233
574.6776,5.9770,60.95,128.00,0.030610
574.7809,5.9770,60.95,128.00,0.031361
574.8832,5.9770,60.42,128.00,0.030431
574.9859,5.9770,60.69,128.00,0.030451
575.0865,5.9770,60.69,128.00,0.030755
575.1896,5.9200,60.69,128.00,0.031033
575.2940,5.8630,60.95,128.00,0.031250
575.3911,5.8630,61.22,128.00,0.029270
575.4843,5.8630,61.22,128.00,0.028293
575.5823,5.8630,60.95,128.00,0.028909
575.6832,5.8630,60.69,128.00,0.029922
575.7875,5.8630,61.22,128.00,0.030092
575.8898,5.8630,60.69,128.00,0.029184
575.9913,5.8630,60.95,128.00,0.029730
576.0893,5.8630,60.69,128.00,0.028996
576.1829,5.8630,61.22,128.00,0.028383
576.2785,5.8630,60.69,128.00,0.029375
576.3746,5.8630,61.22,128.00,0.031139
576.4740,5.8630,60.69,128.00,0.029693
576.5699,5.8630,60.69,128.00,0.029718
576.6671,5.8630,60.95,128.00,0.030266
576.7629,5.8630,61.22,128.00,0.030752
576.8595,5.8630,60.95,128.00,0.029856
576.9551,5.8630,60.95,128.00,0.030416
577.0518,5.8630,60.42,128.00,0.029967
577.1488,5.8630,60.95,128.00,0.030035
577.2512,6.0230,60.69,128.00,0.029973
577.3447,6.0230,60.69,128.00,0.028463
577.4411,6.0230,60.69,128.00,0.028646
577.5382,6.0230,60.95,128.00,0.028367
577.6339,6.0230,60.95,128.00,0.029008
577.7315,6.0230,60.95,128.00,0.029847
577.8308,6.0230,60.69,128.00,0.029479
577.9304,6.0230,60.95,128.00,0.029318
578.0300,6.0230,60.95,128.00,0.029661
578.1259,6.0230,60.95,128.00,0.029920
578.2255,5.9790,60.69,128.00,0.029511
578.3226,5.9350,60.95,128.00,0.030159
578.4229,5.9350,60.95,128.00,0.030615
578.5191,5.9350,61.22,128.00,0.029762
578.6176,5.9350,60.69,128.00,0.028971
578.7120,5.9350,60.69,128.00,0.029173
578.8120,5.9350,60.69,128.00,0.030391
578.9125,5.9350,60.95,128.00,0.029952
579.0128,5.9350,60.69,128.00,0.030609
579.1084,5.9350,60.42,128.00,0.030191
579.2082,5.9370,60.69,128.00,0.030316
579.3068,5.9390,60.95,128.00,0.030517
579.4074,5.9390,60.69,128.00,0.029705
579.5037,5.9390,60.95,128.00,0.030482
579.6034,5.9390,60.95,128.00,0.030421
579.7023,5.9390,60.69,128.00,0.030587
579.7992,5.9390,61.22,128.00,0.029514
579.8950,5.9390,60.69,128.00,0.029910
579.9947,5.9390,60.95,128.00,0.029513
580.0902,5.9390,61.22,128.00,0.029898
580.1871,5.9790,61.22,128.00,0.029643
580.2829,6.0190,60.95,128.00,0.029550
580.3810,6.0190,60.95,128.00,0.029276
580.4767,6.0190,60.95,128.00,0.029614
580.5768,6.0190,60.95,128.00,0.030293
580.6731,6.0190,61.22,128.00,0.030212
580.7720,6.0190,60.69,128.00,0.030079
580.8703,6.0190,61.22,128.00,0.030468
580.9666,6.0190,60.95,128.00,0.029574
581.0627,6.0190,61.22,128.00,0.030263
581.1599,6.0190,60.95,128.00,0.030546
581.2582,5.9660,60.95,128.00,0.030192
581.3596,5.9660,60.95,128.00,0.030247
581.4581,5.9660,60.95,128.00,0.030806
581.5554,5.9660,61.22,128.00,0.030305
581.6533,5.9660,61.22,128.00,0.030204
581.7516,5.9660,60.42,128.00,0.030842
581.8455,5.9660,60.69,128.00,0.028363
581.9411,5.9660,60.95,128.00,0.028924
582.0375,5.9660,60.95,128.00,0.029166
582.1338,5.9660,61.22,128.00,0.029147
582.2314,5.9715,61.22,128.00,0.029223
582.3286,5.9770,61.22,128.00,0.029271
582.4228,5.9770,60.95,128.00,0.029045
582.5181,5.9770,60.95,128.00,0.029434
582.6125,5.9770,61.49,128.00,0.029714
582.7115,5.9770,60.95,128.00,0.029730
582.8080,5.9770,60.95,128.00,0.030897
582.9044,5.9770,61.22,128.00,0.029744
583.0024,5.9770,60.95,128.00,0.030429
583.0993,5.9770,60.95,128.00,0.030254
583.1946,5.9810,61.22,128.00,0.030028
583.2926,5.9850,60.95,128.00,0.030853
583.3884,5.9850,60.95,128.00,0.030404
583.4886,5.9850,60.95,128.00,0.031197
583.5856,5.9850,60.95,128.00,0.029863
583.6826,5.9850,61.22,128.00,0.029769
583.7777,5.9850,60.95,128.00,0.029314
583.8727,5.9850,61.22,128.00,0.028805
583.9663,5.9850,60.69,128.00,0.028903
584.0615,5.9850,60.95,128.00,0.029149
584.1596,5.9850,61.22,128.00,0.030254
584.2622,6.0150,61.22,128.00,0.030590
584.3595,6.0150,61.22,128.00,0.030073
584.4586,6.0150,60.69,128.00,0.029644
584.5551,6.0150,61.22,128.00,0.030155
584.6525,6.0150,60.95,128.00,0.030557
584.7504,6.0150,60.69,128.00,0.030229
584.8497,6.0150,60.95,128.00,0.030071
584.9454,6.0150,60.69,128.00,0.030038
585.0405,6.0150,61.22,128.00,0.028333
585.1364,6.0150,61.22,128.00,0.028888
585.2346,6.0150,60.95,128.00,0.029724
585.3307,6.0080,60.95,128.00,0.029604
585.4256,6.0080,61.22,128.00,0.028785
585.5195,6.0080,60.69,128.00,0.028708
585.6149,6.0080,60.95,128.00,0.029017
585.7099,6.0080,60.69,128.00,0.029155
585.8080,6.0080,60.95,128.00,0.030641
585.9044,6.0080,61.22,128.00,0.028772
585.9991,6.0080,60.95,128.00,0.028611
586.0964,6.0080,60.69,128.00,0.030139
586.1965,6.0100,61.22,128.00,0.031138
586.2952,6.0120,60.95,128.00,0.030778
586.3922,6.0120,60.69,128.00,0.030048
586.4899,6.0120,61.22,128.00,0.030063
586.5855,6.0120,61.49,128.00,0.028573
586.6789,6.0120,61.22,128.00,0.028835
586.7735,6.0120,60.69,128.00,0.028691
586.8710,6.0120,60.69,128.00,0.030453
586.9686,6.0120,61.22,128.00,0.030001
587.0660,6.0120,60.95,128.00,0.029471
587.1635,6.0120,60.95,128.00,0.029648
587.2616,5.9540,60.69,128.00,0.028968
587.3600,5.9540,61.22,128.00,0.029179
587.4601,5.9540,61.22,128.00,0.029711
587.5594,5.9540,60.95,128.00,0.029897
587.6584,5.9540,60.95,128.00,0.029116
587.7552,5.9540,60.42,128.00,0.029544
587.8500,5.9540,60.69,127.50,0.029633
587.9477,5.9540,60.95,128.00,0.030763
588.0426,5.9540,60.95,128.00,0.029709
588.1377,5.9540,60.69,127.50,0.029091
588.2313,5.9540,60.95,128.00,0.028905
588.3284,6.0380,60.95,128.00,0.029904
588.4275,6.0380,60.69,128.00,0.029757
588.5283,6.0380,60.69,128.00,0.031252
588.6276,6.0380,61.22,128.00,0.031068
588.7322,6.0380,61.22,128.00,0.030241
588.8322,6.0380,60.42,128.00,0.031553
588.9367,6.0380,60.69,128.00,0.031020
589.0367,6.0380,61.22,128.00,0.031353
589.1422,6.0380,60.69,128.00,0.031741
589.2489,5.8050,60.95,128.00,0.031893
589.3540,5.8050,60.69,128.00,0.031722
589.4577,5.8050,61.22,128.00,0.031271
589.5539,5.8050,60.69,128.00,0.028361
589.6500,5.8050,60.69,128.00,0.028659
589.7454,5.8050,60.95,128.00,0.029000
589.8451,5.8050,60.95,128.00,0.030002
589.9486,5.8050,60.95,128.00,0.031767
590.0474,5.8050,61.22,128.00,0.029230
590.1508,5.8050,60.95,128.00,0.030400
590.2560,6.0190,60.95,128.00,0.031431
590.3594,6.0190,60.95,128.00,0.031432
590.4657,6.0190,60.69,128.00,0.031967
590.5685,6.0190,60.95,128.00,0.030857
590.6731,6.0190,60.69,128.00,0.031804
590.7785,6.0190,60.95,128.00,0.031340
590.8849,6.0190,60.95,128.00,0.031509
590.9878,6.0190,60.95,128.00,0.031630
591.0928,6.0190,60.95,128.00,0.031707
591.1948,6.0190,60.95,128.00,0.028584
591.2887,6.0190,60.69,128.00,0.028666
591.3850,6.0190,61.22,128.00,0.029112
591.4849,6.0190,60.95,128.00,0.030504
591.5880,6.0190,61.22,128.00,0.031657
591.6942,6.0190,60.95,128.00,0.031422
591.8004,6.0190,60.95,128.00,0.031340
591.9055,6.0190,60.69,128.00,0.031572
592.0091,6.0190,60.69,128.00,0.031486
592.1130,6.0190,61.22,128.00,0.031515
592.2194,6.0190,60.95,128.00,0.031277
592.3242,6.0190,60.69,128.00,0.031477
592.4277,6.0190,60.95,128.00,0.031247
592.5322,6.0190,60.42,128.00,0.031348
592.6362,6.0190,60.95,128.00,0.031851
592.7333,5.7790,60.69,128.00,0.029001
592.8297,5.7790,60.69,128.00,0.029356
592.9307,5.7790,60.95,128.00,0.030829
593.0336,5.7790,60.95,128.00,0.030602
593.1390,5.7790,60.95,128.00,0.031068
593.2434,5.8840,61.22,128.00,0.031616
593.3508,5.9890,60.69,128.00,0.032097
593.4551,5.9890,60.95,128.00,0.032089
593.5617,5.9890,60.69,128.00,0.031878
593.6653,5.9890,61.22,128.00,0.030430
593.7694,5.9890,60.42,128.00,0.030757
593.8728,5.9890,60.95,128.00,0.030572
593.9778,5.9890,60.69,128.00,0.031544
594.0838,5.9890,60.95,128.00,0.031327
594.1834,5.9890,60.95,128.00,0.028398
594.2770,5.9890,60.69,128.00,0.028689
594.3731,5.9890,60.95,128.00,0.029207
594.4751,5.8050,60.69,128.00,0.031011
594.5797,5.8050,61.22,128.00,0.031774
594.6854,5.8050,60.95,128.00,0.030435
594.7877,5.8050,60.95,128.00,0.031782
594.8934,5.8050,60.42,128.00,0.030797
594.9982,5.8050,60.69,128.00,0.031551
595.0985,5.8050,60.95,128.00,0.028940
595.1957,5.8050,60.69,128.00,0.029996
595.3012,5.9390,60.69,128.00,0.031285
595.4037,5.9390,60.95,128.00,0.029944
595.4996,5.9390,60.42,128.00,0.028970
595.5972,5.9390,61.22,128.00,0.029362
595.7016,5.9390,60.69,128.00,0.030386
595.7979,5.9390,60.95,128.00,0.028913
595.8926,5.9390,60.95,128.00,0.028870
595.9921,5.9390,60.69,128.00,0.031316
596.0935,5.9390,60.69,128.00,0.031399
596.1996,5.9350,60.95,128.00,0.032219
596.3055,5.9310,60.69,128.00,0.031163
596.4093,5.9310,60.95,128.00,0.031533
596.5151,5.9310,61.22,128.00,0.032176
596.6169,5.9310,60.69,128.00,0.032134
596.7206,5.9310,61.22,128.00,0.030839
596.8249,5.9310,60.95,128.00,0.031710
596.9300,5.9310,60.95,128.00,0.031252
597.0257,5.9310,60.95,128.00,0.028409
597.1236,5.9310,61.22,128.00,0.029665
597.2269,5.8990,60.95,128.00,0.031579
597.3317,5.8670,60.95,128.00,0.031789
597.4366,5.8670,60.95,128.00,0.031488
597.5401,5.8670,60.95,128.00,0.031299
597.6437,5.8670,60.95,128.00,0.030988
597.7470,5.8670,61.22,128.00,0.029262
597.8431,5.8670,60.95,128.00,0.028655
597.9397,5.8670,60.95,128.00,0.029628
598.0396,5.8670,61.22,128.00,0.031473
598.1444,5.8670,60.42,129.00,0.030684
598.2449,5.8470,61.22,129.00,0.029790
598.3408,5.8470,60.95,129.00,0.029894
598.4405,5.8470,60.69,129.00,0.030005
598.5394,5.8470,60.69,129.00,0.029550
598.6397,5.8470,60.95,129.00,0.030091
598.7382,5.8470,60.95,129.00,0.030079
598.8340,5.8470,60.69,129.00,0.029733
598.9292,5.8470,61.22,129.00,0.028715
599.0259,5.8470,61.22,129.00,0.028689
599.1229,5.8470,60.69,129.00,0.030212
599.2190,5.9085,60.42,129.00,0.029519
599.3194,5.9700,61.22,129.00,0.030235
599.4159,5.9700,60.69,129.00,0.030478
599.5139,5.9700,60.42,129.00,0.030306
599.6118,5.9700,60.69,129.00,0.029587
599.7120,5.9700,60.95,129.00,0.030298
599.8120,5.9700,60.95,129.00,0.029458
599.9099,5.9700,60.95,129.00,0.030370
600.0062,5.9700,60.95,129.00,0.030127
600.1046,5.9700,60.69,129.00,0.030360
600.2037,5.9910,60.95,129.50,0.029940
600.3021,6.0120,61.22,130.00,0.028423
600.3977,6.0120,60.69,130.00,0.028314
600.4933,6.0120,60.95,130.00,0.028730
600.5898,6.0120,61.22,130.00,0.028355
600.6918,6.0120,60.95,130.00,0.031216
600.7964,6.0120,60.95,130.00,0.031465
600.9011,6.0120,61.22,130.00,0.031571
601.0019,6.0120,60.69,130.00,0.031371
601.1070,6.0120,60.42,130.00,0.029483
601.2070,6.0120,60.95,130.00,0.030376
601.3108,5.9240,60.69,130.00,0.031949
601.4156,5.8360,60.95,130.00,0.031425
601.5199,5.8360,60.69,130.00,0.032045
601.6266,5.8360,61.22,130.00,0.031321
601.7334,5.8360,60.69,130.00,0.031780
601.8291,5.8360,60.95,130.00,0.028695
601.9259,5.8360,61.22,130.00,0.028804
602.0244,5.8360,61.22,130.00,0.030768
602.1279,5.8360,60.69,130.00,0.031015
602.2322,5.8360,60.95,130.00,0.031697
602.3339,5.8360,60.69,130.00,0.031142
602.4383,5.8360,60.95,130.00,0.031425
602.5423,5.8360,60.95,130.00,0.031291
602.6472,5.8360,61.22,130.00,0.031209
602.7521,5.8360,60.69,130.00,0.030296
602.8590,5.8360,60.69,130.00,0.031794
602.9635,5.8360,61.22,130.00,0.031608
603.0596,5.8360,60.69,130.00,0.028788
603.1600,5.8360,61.49,130.00,0.031785
603.2666,5.8360,60.95,130.00,0.031801
603.3740,5.8700,60.95,130.00,0.031531
603.4775,5.8700,61.22,130.00,0.031617
603.5835,5.8700,60.69,130.00,0.031170
603.6828,5.8700,60.42,130.00,0.029168
603.7808,5.8700,60.95,130.00,0.030841
603.8872,5.8700,60.95,130.00,0.031061
603.9927,5.8700,60.95,130.00,0.031368
604.0994,5.8700,60.69,130.00,0.031831
604.2026,5.8700,61.22,130.00,0.032277
604.3080,5.8700,60.95,130.00,0.031729
604.4122,5.8700,60.95,130.00,0.031065
604.5167,5.8700,60.95,130.00,0.031496
604.6165,5.8700,60.95,130.00,0.030079
604.7136,5.8700,61.22,130.00,0.029139
604.8086,5.8700,60.69,130.00,0.028288
604.9053,5.8700,60.95,130.00,0.029396
605.0038,5.8700,60.69,130.00,0.030683
605.1001,5.8700,61.22,130.00,0.030313
605.2003,5.9105,60.69,130.00,0.030540
605.2965,5.9510,61.22,130.00,0.028273
605.3943,5.9510,60.42,131.00,0.028850
605.4899,5.9510,60.95,131.00,0.029768
605.5868,5.9510,60.95,131.00,0.029300
605.6857,5.9510,60.69,131.00,0.029819
605.7872,5.9510,60.95,131.00,0.030701
605.8913,5.9510,61.22,131.00,0.030366
605.9983,5.9510,60.69,131.00,0.030554
606.1050,5.9510,60.95,130.50,0.030514
606.2092,5.8745,60.95,130.00,0.030057
606.3119,5.7980,60.95,130.50,0.030258
606.4111,5.7980,61.22,131.00,0.028388
606.5052,5.7980,60.69,131.00,0.028646
606.6013,5.7980,60.69,131.00,0.028896
606.6992,5.7980,60.95,131.00,0.030460
606.8033,5.7980,61.22,131.00,0.030123
606.9090,5.7980,61.22,130.50,0.029959
607.0056,5.7980,60.69,130.00,0.028445
607.1012,5.7980,60.69,130.00,0.028071
607.1969,5.7980,61.22,130.00,0.028449
607.2956,5.7980,60.95,130.00,0.030277
607.3967,5.7980,60.95,130.00,0.030767
607.4950,5.7980,60.69,130.50,0.030690
607.5959,5.7980,60.95,130.50,0.029621
607.6946,5.7980,61.22,131.00,0.029626
607.7929,5.7980,61.22,131.00,0.030436
607.8909,5.7980,60.69,131.00,0.029632
607.9887,5.7980,60.95,131.00,0.029738
608.0854,5.7980,61.22,131.00,0.028262
608.1812,5.7980,60.95,131.00,0.028781
608.2759,5.7980,61.22,131.00,0.028852
608.3791,5.8760,61.49,131.00,0.030219
608.4769,5.9540,61.22,131.00,0.030245
608.5773,5.9540,61.22,130.50,0.030919
608.6800,5.9540,60.42,130.50,0.031670
608.7854,5.9540,60.69,130.00,0.031832
608.8887,5.9540,60.95,130.00,0.031804
608.9927,5.9540,61.22,131.00,0.032399
609.0978,5.9540,60.95,131.00,0.031946
609.2058,5.9695,60.42,131.00,0.032257
609.3126,5.9850,61.22,130.50,0.031862
609.4187,5.9850,61.22,130.00,0.031146
609.5262,5.9850,61.22,130.00,0.032189
609.6310,5.9850,60.95,130.00,0.031728
609.7384,5.9850,61.22,130.00,0.031871
609.8411,5.9850,60.95,130.00,0.031399
609.9455,5.9850,61.22,131.00,0.031178
610.0499,5.9850,60.69,130.50,0.031400
610.1505,5.9850,60.15,130.50,0.029124
610.2591,5.8890,60.95,130.00,0.031588
610.3626,5.8890,61.22,130.00,0.030629
610.4594,5.8890,60.69,130.00,0.029473
610.5540,5.8890,60.69,130.00,0.029006
610.6538,5.8890,61.22,130.00,0.031591
610.7570,5.8890,60.95,130.00,0.032160
610.8599,5.8890,60.69,130.00,0.031369
610.9642,5.8890,60.95,130.00,0.031133
611.0691,5.8890,60.95,130.00,0.031929
611.1663,5.8890,60.95,130.00,0.028609
611.2613,5.8890,61.22,130.00,0.028757
611.3580,5.8890,60.69,130.00,0.028853
611.4557,5.8970,60.95,130.00,0.028769
611.5547,5.8970,61.22,130.00,0.029118
611.6531,5.8970,61.22,130.00,0.031172
611.7544,5.8970,60.42,130.00,0.030260
611.8571,5.8970,60.95,130.00,0.031373
611.9634,5.8970,60.42,130.00,0.031500
612.0620,5.8970,60.69,130.00,0.028324
612.1574,5.8970,60.95,130.00,0.028991
612.2604,5.8835,60.95,130.00,0.029247
612.3573,5.8700,60.42,130.00,0.028845
612.4529,5.8700,60.69,130.00,0.029354
612.5595,5.8700,60.95,130.00,0.030399
612.6624,5.8700,60.95,130.00,0.030290
612.7642,5.8700,61.22,130.00,0.030806
612.8676,5.8700,60.42,130.00,0.030330
612.9717,5.8700,60.95,130.00,0.030422
613.0762,5.8700,60.95,130.00,0.030705
613.1807,5.8780,61.22,130.00,0.031481
613.2857,5.8860,60.69,130.00,0.031734
613.3922,5.8860,61.22,130.00,0.031760
613.4989,5.8860,60.69,130.00,0.031657
613.6035,5.8860,60.69,130.00,0.031546
613.7069,5.8860,60.95,130.00,0.030752
613.8131,5.8860,60.69,130.00,0.031433
613.9195,5.8860,60.69,130.00,0.031832
614.0236,5.8860,60.69,130.00,0.031775
614.1285,5.8860,60.95,130.00,0.031147
614.2358,5.8955,60.69,130.00,0.031914
614.3407,5.9050,61.22,130.00,0.031035
614.4448,5.9050,60.95,130.00,0.030398
614.5439,5.9050,61.22,130.00,0.028867
614.6422,5.9050,61.22,130.00,0.029529
614.7461,5.9050,60.95,130.00,0.032349
614.8437,5.9050,60.95,130.00,0.028618
614.9412,5.9050,60.69,130.00,0.029111
615.0432,5.9050,60.95,130.00,0.029429
615.1497,5.9050,61.22,130.00,0.032735
615.2578,5.9810,60.95,130.00,0.032202
615.3635,5.9810,61.22,130.00,0.032073
615.4656,5.9810,61.22,130.00,0.031250
615.5745,5.9810,60.69,130.00,0.032163
615.6785,5.9810,60.95,130.00,0.030998
615.7777,5.9810,60.69,130.00,0.028491
615.8732,5.9810,60.95,130.00,0.029203
615.9699,5.9810,61.22,130.00,0.028695
616.0643,5.9810,61.22,130.00,0.028252
616.1632,5.9810,60.95,130.00,0.028447
616.2576,5.9810,60.69,130.00,0.028518
616.3583,5.9810,60.95,130.00,0.028807
616.4583,5.9545,60.95,130.00,0.029872
616.5663,5.9280,61.22,130.00,0.031291
616.6689,5.9280,60.69,130.00,0.030987
616.7755,5.9280,61.22,130.00,0.031614
616.8809,5.9280,60.95,130.00,0.031775
616.9875,5.9280,60.95,130.00,0.031609
617.0944,5.9280,60.69,130.00,0.031565
617.2007,5.8935,60.42,130.00,0.031438
617.3067,5.8590,60.42,130.00,0.030924
617.4127,5.8590,60.69,130.00,0.030854
617.5172,5.8590,60.95,130.00,0.030950
617.6221,5.8590,60.95,130.00,0.031474
617.7249,5.8590,60.95,130.00,0.031567
617.8317,5.8590,61.22,130.00,0.031542
617.9357,5.8590,60.69,130.00,0.030738
618.0374,5.8590,60.69,130.00,0.028981
618.1349,5.8590,60.69,130.00,0.029156
618.2312,5.8590,60.42,130.00,0.029050
618.3281,5.8760,60.95,130.00,0.030640
618.4251,5.8930,60.69,130.00,0.028981
618.5203,5.8930,61.22,129.50,0.029392
618.6199,5.8930,60.69,129.00,0.030479
618.7138,5.8930,60.69,129.00,0.028344
618.8100,5.8930,61.22,129.00,0.029190
618.9059,5.8930,60.42,129.00,0.029431
619.0041,5.8930,60.95,129.00,0.029858
619.1022,5.8930,60.95,130.00,0.029260
619.2023,5.8930,60.95,130.00,0.029900
619.2987,5.8930,60.95,130.00,0.029567
619.3986,5.8930,60.69,130.00,0.029588
619.4965,5.8930,60.95,130.00,0.029737
619.5943,5.8930,61.22,130.00,0.029862
619.6952,5.8930,61.22,130.00,0.029942
619.7950,5.8930,60.95,130.00,0.029788
619.8921,5.8930,60.69,130.00,0.031092
619.9907,5.8930,60.95,130.00,0.028776
620.0842,5.8930,60.69,129.50,0.028547
620.1839,5.8930,60.95,129.50,0.030593
620.2827,5.8930,60.69,129.00,0.029650
620.3814,5.8930,60.69,129.00,0.030630
620.4783,5.9275,61.22,129.00,0.030829
620.5753,5.9620,60.69,129.00,0.028721
620.6696,5.9620,60.69,129.00,0.028624
620.7715,5.9620,60.69,129.00,0.030248
620.8684,5.9620,60.95,129.00,0.030388
620.9686,5.9620,60.69,129.00,0.030117
621.0673,5.9620,60.95,129.00,0.030579
621.1666,5.9620,61.22,129.00,0.029805
621.2642,5.9580,60.95,129.00,0.030149
621.3624,5.9580,60.42,129.00,0.029988
621.4583,5.9580,61.22,129.00,0.029094
621.5563,5.9580,61.22,129.00,0.029506
621.6548,5.9580,61.22,129.50,0.029880
621.7511,5.9580,60.95,129.50,0.028892
621.8451,5.9580,61.22,129.00,0.028642
621.9418,5.9580,60.69,129.50,0.029316
622.0390,5.9580,60.95,129.00,0.030759
622.1371,5.9580,60.95,129.00,0.030341
622.2344,5.9620,60.95,130.00,0.029923
622.3312,5.9660,60.69,130.00,0.029924
622.4259,5.9660,60.42,130.00,0.029793
622.5247,5.9660,60.69,130.00,0.029452
622.6203,5.9660,60.95,130.00,0.030031
622.7175,5.9660,61.22,130.00,0.028270
622.8105,5.9660,60.42,130.00,0.028557
622.9056,5.9660,60.95,130.00,0.028849
623.0006,5.9660,60.95,130.00,0.028770
623.1018,5.9660,61.22,130.00,0.029423
623.1999,5.9905,60.95,130.00,0.030002
623.2994,6.0150,60.95,130.00,0.029279
623.3957,6.0150,60.95,130.00,0.029041
623.4909,6.0150,60.95,130.00,0.028816
623.5865,6.0150,60.69,130.00,0.028695
623.6807,6.0150,60.95,130.00,0.028329
623.7764,6.0150,61.22,130.00,0.028939
623.8714,6.0150,60.95,130.00,0.028438
623.9642,6.0150,61.22,130.00,0.028773
624.0631,6.0150,61.22,130.00,0.029952
624.1593,6.0150,60.95,130.00,0.030861
624.2613,6.0040,61.22,130.00,0.030370
624.3568,6.0040,60.69,130.00,0.030108
624.4567,6.0040,60.95,130.00,0.030601
624.5525,6.0040,60.95,130.00,0.030223
624.6517,6.0040,61.22,130.00,0.030071
624.7490,6.0040,60.69,130.00,0.029513
624.8484,6.0040,61.22,130.00,0.030174
624.9444,6.0040,60.95,130.00,0.030274
625.0434,6.0040,60.69,130.00,0.029573
625.1373,6.0040,61.22,130.00,0.028757
625.2334,5.9715,60.95,130.00,0.029561
625.3320,5.9390,60.95,130.00,0.030153
625.4308,5.9390,60.95,130.00,0.029675
625.5272,5.9390,60.95,130.00,0.031020
625.6267,5.9390,61.22,130.00,0.029883
625.7228,5.9390,60.95,130.00,0.030783
625.8198,5.9390,60.95,130.00,0.029015
625.9137,5.9390,60.95,130.00,0.029175
626.0095,5.9390,60.95,130.00,0.029181
626.1037,5.9390,61.49,130.00,0.028941
626.2042,5.9580,60.95,130.00,0.030750
626.3025,5.9770,60.95,130.50,0.029936
626.4006,5.9770,61.22,131.00,0.029997
626.4993,5.9770,61.22,131.00,0.030613
626.5998,5.9770,60.95,131.00,0.030637
626.6983,5.9770,60.95,131.00,0.029924
626.7960,5.9770,60.95,131.00,0.029219
626.8938,5.9770,61.22,131.00,0.029684
626.9912,5.9770,61.22,131.00,0.030215
627.0876,5.9770,60.69,131.00,0.030241
627.1877,5.9865,60.95,131.00,0.030519
627.2866,5.9960,60.95,131.00,0.030066
627.3830,5.9960,61.22,131.00,0.028999
627.4773,5.9960,60.95,131.00,0.028851
627.5739,5.9960,61.22,131.00,0.029289
627.6685,5.9960,61.22,131.00,0.028381
627.7654,5.9960,61.22,131.00,0.028423
627.8588,5.9960,61.49,131.00,0.028623
627.9577,5.9960,60.69,131.00,0.030292
628.0557,5.9960,61.22,131.00,0.030222
628.1559,5.9960,60.42,131.00,0.030595
628.2539,5.9700,60.95,131.00,0.030387
628.3513,5.9700,60.95,131.00,0.030427
628.4512,5.9700,61.22,131.00,0.029727
628.5526,5.9700,60.69,131.00,0.031057
628.6503,5.9700,60.95,131.00,0.028586
628.7474,5.9700,60.95,131.00,0.030373
628.8419,5.9700,60.69,131.00,0.028629
628.9373,5.9700,60.69,131.00,0.028919
629.0325,5.9700,60.69,131.00,0.029625
629.1337,5.9700,61.22,131.00,0.029699
629.2318,5.9795,61.22,131.00,0.029517
629.3276,5.9890,60.69,131.00,0.029085
629.4207,5.9890,61.22,131.00,0.028695
629.5202,5.9890,60.69,131.00,0.030060
629.6181,5.9890,61.22,131.00,0.030236
629.7159,5.9890,61.22,131.00,0.030198
629.8152,5.9890,61.22,131.00,0.029680
629.9128,5.9890,61.22,131.00,0.030102
630.0082,5.9890,60.69,131.00,0.030236
630.1090,5.9890,60.95,131.00,0.031283
630.2043,5.9810,60.95,131.00,0.029510
630.3065,5.9730,60.69,131.00,0.030653
630.4023,5.9730,61.22,131.00,0.030674
630.5010,5.9730,61.22,131.00,0.031510
630.5957,5.9730,60.95,131.00,0.029343
630.6923,5.9730,61.22,131.00,0.029302
630.7905,5.9730,61.22,131.00,0.030250
630.8886,5.9730,60.95,131.00,0.030551
630.9839,5.9730,61.22,131.00,0.029452
631.0822,5.9730,60.95,131.00,0.028886
631.1757,5.9730,61.22,131.00,0.028894
631.2718,5.9730,61.22,131.00,0.029750
631.3674,5.9905,60.95,131.00,0.030485
631.4676,6.0080,61.22,131.00,0.030511
631.5639,6.0080,61.22,131.00,0.030187
631.6640,6.0080,60.95,131.00,0.030245
631.7631,6.0080,60.69,131.00,0.029492
631.8628,6.0080,60.95,131.00,0.029932
631.9605,6.0080,61.22,131.00,0.030439
632.0607,6.0080,60.95,131.00,0.030913
632.1602,6.0080,60.95,131.00,0.030024
632.2626,5.9730,61.22,131.00,0.029897
632.3589,5.9730,60.69,131.00,0.030045
632.4564,5.9730,61.22,131.00,0.030203
632.5557,5.9730,60.95,131.00,0.030193
632.6532,5.9730,60.69,131.00,0.030055
632.7497,5.9730,60.69,131.00,0.028642
632.8458,5.9730,61.22,131.00,0.029164
632.9407,5.9730,60.95,131.00,0.030124
633.0403,5.9730,61.22,131.00,0.030151
633.1378,5.9730,60.95,131.00,0.029289
633.2344,5.9905,61.22,131.00,0.029005
633.3322,6.0080,61.22,130.50,0.029603
633.4310,6.0080,61.22,130.50,0.029492
633.5268,6.0080,61.22,130.50,0.030002
633.6255,6.0080,61.22,131.00,0.029536
633.7210,6.0080,60.95,131.00,0.030133
633.8201,6.0080,60.95,131.00,0.029758
633.9185,6.0080,60.69,131.00,0.030144
634.0159,6.0080,60.95,130.50,0.030117
634.1117,6.0080,60.95,130.50,0.030687
634.2108,5.9755,60.95,131.00,0.029605
634.3072,5.9430,61.22,131.00,0.030249
634.4040,5.9430,60.95,131.00,0.030175
634.5018,5.9430,60.69,131.00,0.028656
634.5973,5.9430,60.95,131.00,0.029092
634.6914,5.9430,61.22,131.00,0.029438
634.7911,5.9430,60.95,130.50,0.030020
634.8865,5.9430,61.22,130.50,0.029549
634.9853,5.9430,60.69,130.50,0.029325
635.0804,5.9430,61.22,130.00,0.029420
635.1790,5.9430,60.69,130.00,0.029320
635.2776,5.9730,60.95,130.00,0.028653
635.3750,5.9730,60.69,130.00,0.029197
635.4698,5.9730,60.95,130.00,0.029602
635.5666,5.9730,61.22,130.00,0.030029
635.6634,5.9730,60.69,130.00,0.029770
635.7582,5.9730,60.95,130.00,0.028501
635.8515,5.9730,60.69,130.00,0.028765
635.9467,5.9730,61.22,130.00,0.028992
636.0422,5.9730,61.22,130.00,0.029773
636.1394,5.9730,61.22,130.50,0.030062
636.2333,5.9825,60.95,131.00,0.028833
636.3293,5.9920,60.69,130.50,0.029377
636.4247,5.9920,60.95,130.50,0.030152
636.5245,5.9920,60.95,130.00,0.029945
636.6217,5.9920,60.95,130.00,0.029510
636.7187,5.9920,61.22,130.00,0.029595
636.8133,5.9920,61.22,130.00,0.029096
636.9106,5.9920,61.22,130.00,0.029795
637.0078,5.9920,60.69,130.00,0.029952
637.1069,5.9920,61.22,130.00,0.029850
637.2025,6.0035,60.95,130.00,0.030077
637.2988,6.0150,60.95,130.00,0.028842
637.3915,6.0150,60.95,130.00,0.028549
637.4897,6.0150,61.22,130.00,0.029401
637.5872,6.0150,61.22,130.00,0.029768
637.6844,6.0150,60.95,130.00,0.029954
637.7797,6.0150,61.22,130.00,0.029885
637.8794,6.0150,61.22,130.00,0.030271
637.9746,6.0150,60.95,130.00,0.030043
638.0712,6.0150,61.22,130.00,0.029002
638.1644,6.0150,61.22,130.00,0.028464
638.2602,6.0150,60.95,130.00,0.029436
638.3585,6.0035,60.69,130.00,0.028720
638.4534,5.9920,61.22,130.00,0.028735
638.5466,5.9920,60.95,130.00,0.028656
638.6413,5.9920,61.22,130.00,0.028833
638.7363,5.9920,60.95,130.00,0.029552
638.8361,5.9920,60.95,130.00,0.030699
638.9345,5.9920,61.49,130.00,0.030583
639.0295,5.9920,61.22,130.00,0.028333
639.1234,5.9920,60.95,130.00,0.029383
639.2194,5.9920,60.95,130.00,0.029216
639.3174,5.9620,61.22,130.00,0.030185
639.4169,5.9620,60.95,130.00,0.030081
639.5166,5.9620,60.95,130.00,0.029938
639.6166,5.9620,60.95,130.00,0.030912
639.7142,5.9620,61.22,130.00,0.030102
639.8114,5.9620,61.22,130.00,0.030411
639.9068,5.9620,61.22,130.00,0.029855
640.0037,5.9620,61.49,130.00,0.029790
640.0993,5.9620,60.95,130.00,0.029487
640.1995,5.9735,60.69,130.00,0.030199
640.3002,5.9850,60.95,130.00,0.029776
640.4003,5.9850,60.95,130.00,0.029747
640.4983,5.9850,60.69,130.00,0.029567
640.6003,5.9850,60.69,130.00,0.029566
640.6988,5.9850,61.22,130.00,0.029685
640.7964,5.9850,60.95,130.00,0.029892
640.8960,5.9850,60.69,130.00,0.029560
640.9953,5.9850,61.22,130.00,0.029742
641.0909,5.9850,60.95,130.00,0.030046
641.1882,5.9470,60.95,130.00,0.030251
641.2843,5.9090,60.69,130.00,0.029924
641.3797,5.9090,60.95,130.00,0.029203
641.4734,5.9090,60.95,130.00,0.028794
641.5705,5.9090,61.22,130.00,0.030146
641.6666,5.9090,60.95,130.00,0.030660
641.7640,5.9090,60.42,130.00,0.030219
641.8641,5.9090,60.95,130.00,0.030440
641.9632,5.9090,61.22,130.00,0.030280
642.0589,5.9090,61.22,130.00,0.030251
642.1561,5.9090,61.22,130.00,0.030249
642.2547,5.9350,61.22,130.00,0.029741
642.3521,5.9350,61.22,130.00,0.029447
642.4484,5.9350,60.95,130.00,0.029654
642.5474,5.9350,61.22,130.00,0.029681
642.6475,5.9350,60.95,130.00,0.029169
642.7470,5.9350,60.95,129.50,0.029633
642.8432,5.9350,60.69,129.50,0.030069
642.9437,5.9350,60.95,129.00,0.028907
643.0419,5.9350,60.95,129.50,0.030274
643.1392,5.9350,60.42,130.00,0.029996
643.2356,5.9445,60.69,130.00,0.030764
643.3350,5.9540,61.22,130.00,0.029812
643.4305,5.9540,60.95,130.00,0.030118
643.5290,5.9540,60.95,130.00,0.031228
643.6243,5.9540,60.95,130.00,0.029412
643.7238,5.9540,60.69,130.00,0.030222
643.8214,5.9540,60.95,130.00,0.029802
643.9190,5.9540,61.22,130.00,0.030458
644.0148,5.9540,61.22,130.00,0.030063
644.1117,5.9540,61.22,130.00,0.030141
644.2078,5.9540,61.22,130.00,0.029743
644.3069,5.9540,60.95,129.50,0.029782
644.4028,5.9540,60.95,129.50,0.029921
644.5000,5.9540,61.22,129.50,0.029994
644.5992,5.9540,60.95,129.50,0.029359
644.6958,5.9540,60.95,129.00,0.029528
644.7915,5.9540,61.22,129.00,0.029776
644.8888,5.9540,61.22,129.00,0.029929
644.9865,5.9540,61.22,129.00,0.030332
645.0809,5.9540,61.22,129.00,0.028447
645.1749,5.9540,61.22,130.00,0.029400
645.2716,5.9540,61.22,129.50,0.030128
645.3674,5.9540,60.95,129.50,0.030429
645.4621,5.9540,60.95,129.00,0.028529
645.5557,5.9540,61.49,129.50,0.029002
645.6509,5.9540,60.69,129.00,0.029173
645.7472,5.9850,60.69,129.00,0.030322
645.8467,5.9850,60.42,129.00,0.030521
645.9420,5.9850,61.22,129.00,0.029681
646.0388,5.9850,60.69,129.00,0.029577
646.1335,5.9850,61.22,129.50,0.029136
646.2307,5.9945,60.95,129.00,0.029425
646.3269,6.0040,61.49,129.50,0.030198
646.4238,6.0040,60.69,129.00,0.029607
646.5200,6.0040,61.22,129.00,0.030375
646.6192,6.0040,60.95,129.00,0.029961
646.7150,6.0040,61.49,129.00,0.030099
646.8123,6.0040,60.95,129.00,0.030238
646.9118,6.0040,60.69,129.00,0.030140
647.0106,6.0040,60.95,129.00,0.029642
647.1049,6.0040,61.22,129.00,0.029617
647.2026,5.9580,61.22,129.00,0.030474
647.2990,5.9120,60.95,129.00,0.030683
647.3994,5.9120,61.49,129.00,0.030285
647.4951,5.9120,61.22,129.00,0.030265
647.5925,5.9120,61.22,129.00,0.029924
647.6893,5.9120,61.22,129.00,0.029827
647.7869,5.9120,60.95,129.00,0.029913
647.8819,5.9120,61.22,129.00,0.029403
647.9787,5.9120,61.22,129.00,0.029572
648.0742,5.9120,60.95,129.00,0.029911
648.1707,5.9120,60.95,129.00,0.029531
648.2666,5.9120,61.22,129.00,0.030397
648.3640,5.9120,61.22,129.00,0.030451
648.4601,5.9120,60.95,129.00,0.030836
648.5576,5.9120,61.22,129.00,0.030658
648.6536,5.9120,61.22,129.00,0.028558
648.7491,5.9120,60.69,129.00,0.029053
648.8469,5.9120,61.22,129.00,0.030153
648.9438,5.9120,60.95,129.00,0.029884
649.0397,5.9120,60.69,129.00,0.030038
649.1418,5.9120,60.95,129.00,0.030469
649.2391,5.9120,61.22,129.00,0.029801
649.3343,5.9120,61.22,129.00,0.029067
649.4274,5.9120,60.95,129.00,0.028790
649.5233,5.9485,61.22,129.00,0.028755
649.6173,5.9850,61.22,129.00,0.028230
649.7139,5.9850,61.22,129.00,0.028474
649.8071,5.9850,61.49,129.00,0.028749
649.9037,5.9850,61.22,129.00,0.030169
649.9987,5.9850,61.22,129.00,0.030143
650.0949,5.9850,60.95,129.00,0.029115
650.1929,6.0000,60.95,129.00,0.030697
650.2918,6.0150,60.95,129.00,0.029929
650.3876,6.0150,61.22,129.00,0.030303
650.4873,6.0150,61.22,129.00,0.030340
650.5878,6.0150,60.95,129.00,0.030846
650.6828,6.0150,60.95,129.00,0.028460
650.7765,6.0150,61.22,129.00,0.029318
650.8731,6.0150,60.69,129.00,0.030194
650.9686,6.0150,61.22,129.00,0.030038
651.0677,6.0150,60.95,129.00,0.029916
651.1628,6.0150,60.95,129.00,0.029519
651.2607,6.0000,61.22,129.00,0.030088
651.3572,6.0000,61.22,129.00,0.029282
651.4547,6.0000,60.95,129.00,0.029552
651.5499,6.0000,61.22,129.00,0.029501
651.6512,6.0000,61.22,129.00,0.030024
651.7472,6.0000,61.22,129.00,0.030781
651.8481,6.0000,61.22,129.00,0.029826
651.9439,6.0000,60.95,129.00,0.030212
652.0440,6.0000,60.95,129.00,0.030449
652.1397,6.0000,61.22,129.00,0.030095
652.2391,6.0115,60.95,129.00,0.029798
652.3371,6.0230,61.22,129.00,0.030457
652.4369,6.0230,60.95,129.00,0.030781
652.5331,6.0230,61.22,129.00,0.029058
652.6293,6.0230,61.22,129.00,0.028368
652.7233,6.0230,61.22,128.50,0.028739
652.8183,6.0230,61.22,128.50,0.029098
652.9134,6.0230,61.22,128.00,0.028461
653.0109,6.0230,60.95,128.00,0.030024
653.1057,6.0230,60.95,128.50,0.029234
653.2016,6.0020,60.69,128.50,0.028624
653.2974,5.9810,61.22,129.00,0.029290
653.3945,5.9810,61.22,129.00,0.030016
653.4898,5.9810,60.95,129.00,0.029980
653.5874,5.9810,61.22,129.00,0.030244
653.6816,5.9810,61.22,129.00,0.029237
653.7792,5.9810,60.95,129.00,0.030062
653.8756,5.9810,60.95,129.00,0.030588
653.9752,5.9810,60.95,129.00,0.030216
654.0696,5.9810,60.95,129.00,0.029203
654.1676,5.9810,61.22,129.00,0.028826
654.2638,5.9965,61.22,128.50,0.030451
654.3630,6.0120,60.95,128.50,0.028969
654.4575,6.0120,60.69,128.00,0.029630
654.5557,6.0120,61.22,128.00,0.030702
654.6547,6.0120,61.22,128.00,0.030657
654.7531,6.0120,61.49,128.00,0.030399
654.8515,6.0120,61.22,128.50,0.029914
654.9521,6.0120,61.22,129.00,0.030487
655.0499,6.0120,61.22,129.00,0.029472
655.1485,6.0120,61.49,129.00,0.029011
655.2464,5.9925,61.22,129.00,0.029746
655.3440,5.9730,60.95,129.00,0.029567
655.4412,5.9730,61.22,129.00,0.028830
655.5391,5.9730,61.22,129.00,0.029458
655.6351,5.9730,61.49,129.00,0.030611
655.7331,5.9730,60.69,129.00,0.030308
655.8310,5.9730,60.95,129.00,0.030005
655.9287,5.9730,61.22,129.00,0.029931
656.0246,5.9730,61.22,129.00,0.030324
656.1196,5.9730,61.22,129.00,0.028699
656.2131,5.9730,61.22,128.50,0.028969
656.3121,5.9920,61.22,128.00,0.029825
656.4111,5.9920,60.95,128.00,0.029838
656.5129,5.9920,60.69,128.00,0.030983
656.6105,5.9920,60.95,128.00,0.030660
656.7072,5.9920,61.22,128.00,0.029877
656.8031,5.9920,61.49,128.50,0.030530
656.9020,5.9920,61.22,128.00,0.029658
656.9995,5.9920,61.22,128.00,0.029816
657.0984,5.9920,61.22,128.00,0.029604
657.1939,5.9810,60.95,128.50,0.030244
657.2910,5.9700,60.95,129.00,0.029215
657.3862,5.9700,61.22,129.00,0.028571
657.4808,5.9700,60.95,129.00,0.028531
657.5768,5.9700,61.22,129.00,0.030001
657.6766,5.9700,61.22,129.00,0.029865
657.7725,5.9700,61.22,129.00,0.030560
657.8694,5.9700,61.22,129.00,0.029516
657.9654,5.9700,61.22,129.00,0.029768
658.0643,5.9700,61.22,129.00,0.029186
658.1645,5.9700,60.95,129.00,0.030175
658.2661,6.0000,61.22,129.00,0.029869
658.3626,6.0000,61.22,128.50,0.030371
658.4620,6.0000,60.95,128.50,0.030495
658.5606,6.0000,61.22,128.50,0.030093
658.6604,6.0000,60.95,128.00,0.030618
658.7581,6.0000,61.22,128.00,0.030133
658.8560,6.0000,60.69,128.00,0.030450
658.9518,6.0000,61.22,128.00,0.028326
659.0464,6.0000,61.22,128.00,0.028620
659.1418,6.0000,61.22,128.50,0.028778
659.2409,6.0155,60.95,128.00,0.029585
659.3362,6.0310,60.95,128.00,0.029367
659.4349,6.0310,60.95,128.00,0.029610
659.5345,6.0310,60.95,128.00,0.029928
659.6319,6.0310,61.22,128.50,0.030247
659.7260,6.0310,60.69,129.00,0.028554
659.8204,6.0310,61.22,129.00,0.028479
659.9144,6.0310,60.95,129.00,0.028803
660.0110,6.0310,61.22,129.00,0.030341
660.1066,6.0310,61.22,129.00,0.030401
660.2048,6.0100,60.95,129.00,0.030964
660.3015,5.9890,61.22,129.00,0.030835
660.3974,5.9890,60.95,129.00,0.028702
660.4907,5.9890,61.49,128.50,0.028848
660.5862,5.9890,61.22,128.00,0.028813
660.6813,5.9890,61.22,129.00,0.029762
660.7806,5.9890,60.95,129.00,0.029693
660.8782,5.9890,60.95,129.00,0.029966
660.9763,5.9890,60.95,129.00,0.030372
661.0744,5.9890,60.95,129.00,0.030239
661.1736,5.9890,61.22,129.00,0.029852
661.2695,5.9850,61.22,129.00,0.029403
661.3697,5.9850,61.22,128.00,0.030770
661.4658,5.9850,60.95,128.00,0.030453
661.5685,5.9850,60.95,128.50,0.031594
661.6721,5.9850,60.95,128.00,0.031122
661.7757,5.9850,60.95,128.00,0.031379
661.8689,5.9850,61.22,128.50,0.028863
661.9646,5.9850,61.22,128.50,0.028583
662.0609,5.9850,61.22,128.50,0.030322
662.1653,5.9850,61.22,128.00,0.029845
662.2612,5.9850,61.49,129.00,0.028558
662.3570,5.9850,61.22,129.00,0.028722
662.4591,5.9850,61.22,129.00,0.031425
662.5634,5.9850,60.95,128.50,0.031551
662.6593,5.9850,60.95,128.50,0.028567
662.7553,5.9850,61.22,129.00,0.029101
662.8501,5.9850,61.49,129.00,0.029247
662.9531,5.9850,61.49,129.00,0.031289
663.0576,5.9850,60.69,129.00,0.032346
663.1627,5.9850,60.69,129.00,0.031361
663.2658,5.9850,61.22,129.00,0.030394
663.3688,5.9850,60.95,129.00,0.031476
663.4732,5.9850,60.69,129.00,0.031717
663.5802,5.9450,60.95,129.00,0.032554
663.6844,5.9050,60.95,129.00,0.031544
663.7914,5.9050,61.22,126.50,0.032422
663.8892,5.9050,60.95,125.00,0.029157
663.9879,5.9050,60.69,125.00,0.030353
664.0918,5.9050,60.69,125.00,0.031458
664.1958,5.8840,61.22,125.00,0.032388
664.3013,5.8630,60.95,125.00,0.031468
664.4059,5.8630,60.95,125.00,0.030822
664.5114,5.8630,60.95,125.00,0.031974
664.6167,5.8630,60.69,125.00,0.031527
664.7137,5.8630,60.69,125.00,0.028521
664.8076,5.8630,61.22,125.00,0.029063
664.9068,5.8630,60.95,125.00,0.031601
665.0095,5.8630,61.22,125.00,0.031187
665.1101,5.8630,61.49,125.00,0.031125
665.2158,5.9275,60.95,125.00,0.031736
665.3225,5.9920,60.69,125.00,0.031657
665.4258,5.9920,61.22,125.00,0.031301
665.5316,5.9920,60.95,125.00,0.031659
665.6368,5.9920,61.22,125.00,0.031239
665.7404,5.9920,61.22,125.00,0.031535
665.8466,5.9920,61.22,126.00,0.031602
665.9526,5.9920,60.69,126.00,0.031138
666.0512,5.9920,60.95,126.00,0.030342
666.1483,5.9920,61.22,126.00,0.030436
666.2550,5.9770,60.95,126.00,0.031399
666.3546,5.9770,61.22,126.00,0.029989
666.4554,5.9770,60.95,126.00,0.031172
666.5617,5.9770,60.69,126.00,0.030949
666.6657,5.9770,60.69,126.00,0.030973
666.7712,5.9770,60.95,126.00,0.032333
666.8768,5.9770,61.22,126.00,0.030354
666.9805,5.9770,60.95,126.00,0.031085
667.0853,5.9770,61.22,126.00,0.031854
667.1872,5.9770,60.69,126.00,0.031189
667.2931,5.9770,61.22,126.00,0.030665
667.3968,5.9770,60.95,126.00,0.031172
667.5005,5.9770,60.95,126.00,0.030862
667.6065,5.9770,61.22,126.00,0.031472
667.7102,5.9770,61.22,126.00,0.031570
667.8129,5.9770,61.22,126.00,0.030900
667.9172,5.9770,60.95,126.00,0.031803
668.0228,5.9770,61.22,126.00,0.031540
668.1205,5.9770,60.95,126.00,0.029081
668.2185,5.9770,61.22,126.00,0.030787
668.3165,5.9770,60.95,126.00,0.028439
668.4137,5.9770,61.22,126.00,0.028223
668.5125,5.9770,60.95,126.00,0.031921
668.6134,5.9770,60.95,127.00,0.030448
668.7148,5.9770,60.95,127.00,0.031234
668.8197,5.9770,60.95,127.00,0.030642
668.9259,5.9770,60.95,127.00,0.031521
669.0294,5.9770,60.95,127.00,0.031227
669.1333,5.9770,61.22,127.00,0.031437
669.2372,5.8930,60.69,127.00,0.030932
669.3438,5.8090,61.22,127.00,0.031212
669.4491,5.8090,60.95,127.00,0.030704
669.5532,5.8090,60.95,127.00,0.031747
669.6601,5.8090,60.95,127.00,0.032020
669.7644,5.8090,61.22,127.00,0.031577
669.8688,5.8090,60.95,127.00,0.031428
669.9750,5.8090,61.22,127.00,0.031831
670.0811,5.8090,61.22,127.00,0.031679
670.1862,5.8090,60.95,127.00,0.030795
670.2897,5.8090,60.95,127.00,0.030873
670.3933,5.8090,60.95,127.00,0.031030
670.4968,5.8090,60.69,127.00,0.031035
670.6000,5.8090,61.22,127.00,0.030561
670.7047,5.8090,61.22,127.00,0.030262
670.8087,5.8090,61.22,127.00,0.030033
670.9128,5.8090,60.95,127.00,0.030095
671.0185,5.8090,60.95,127.00,0.030446
671.1239,5.8090,61.22,127.00,0.030399
671.2224,5.8090,61.22,127.00,0.028619
671.3149,5.8090,60.95,127.00,0.028323
671.4105,5.8090,61.22,127.00,0.029008
671.5079,5.8090,61.22,127.00,0.030435
671.6077,5.8090,60.69,127.00,0.030443
671.7043,5.8860,61.22,127.00,0.028674
671.7998,5.8860,60.95,127.00,0.028860
671.8939,5.8860,61.22,127.00,0.029074
671.9968,5.8860,61.22,127.00,0.031359
672.0982,5.8860,61.49,127.00,0.031583
672.2023,5.9185,60.95,127.00,0.031492
672.3035,5.9510,60.95,127.50,0.031127
672.4077,5.9510,60.95,128.00,0.031110
672.5105,5.9510,60.69,128.00,0.031928
672.6167,5.9510,60.95,128.00,0.030739
672.7227,5.9510,60.95,128.00,0.030999
672.8294,5.9510,61.22,128.00,0.031338
672.9322,5.9510,60.95,128.00,0.030981
673.0357,5.9510,61.22,128.00,0.031140
673.1384,5.9510,61.22,128.00,0.031091
673.2408,5.8685,61.22,128.00,0.031515
673.3466,5.7860,60.95,128.00,0.030771
673.4477,5.7860,60.95,128.00,0.031439
673.5512,5.7860,61.22,128.00,0.030941
673.6546,5.7860,60.95,128.00,0.031591
673.7567,5.7860,61.22,128.00,0.030874
673.8591,5.7860,61.22,128.00,0.030691
673.9553,5.7860,61.22,128.00,0.029705
674.0607,5.7860,61.22,128.00,0.031324
674.1619,5.7860,61.22,128.00,0.028912
674.2600,5.9025,61.22,128.00,0.029606
674.3598,6.0190,60.95,128.00,0.029563
674.4657,6.0190,60.95,128.00,0.031066
674.5724,6.0190,61.22,128.00,0.032387
674.6726,6.0190,60.69,128.00,0.030032
674.7766,6.0190,60.95,128.00,0.031686
674.8791,6.0190,61.22,128.00,0.030636
674.9849,6.0190,60.95,128.00,0.031523
675.0887,6.0190,60.95,128.00,0.031816
675.1950,5.9960,61.22,128.00,0.031811
675.3009,5.9730,60.95,128.00,0.030986
675.4097,5.9730,60.69,129.00,0.034901
675.5129,5.9730,60.95,129.00,0.030439
675.6177,5.9730,60.95,128.50,0.030928
675.7223,5.9730,60.95,128.00,0.030529
675.8172,5.9730,60.69,128.00,0.028925
675.9115,5.9730,61.22,128.00,0.029035
676.0155,5.9730,60.95,128.00,0.032095
676.1206,5.9730,61.22,128.00,0.031268
676.2257,5.9580,60.69,128.00,0.031545
676.3224,5.9430,61.22,128.00,0.028431
676.4163,5.9430,61.49,128.00,0.028583
676.5156,5.9430,60.95,128.00,0.030151
676.6204,5.9430,61.22,128.00,0.030965
676.7241,5.9430,61.22,128.00,0.031667
676.8282,5.9430,61.22,128.00,0.031369
676.9325,5.9430,60.95,128.00,0.031482
677.0370,5.9430,60.69,127.00,0.032231
677.1428,5.9430,61.22,125.00,0.031431
677.2488,5.8820,60.95,125.00,0.031045
677.3533,5.8820,60.69,125.00,0.031155
677.4593,5.8820,60.95,125.00,0.030594
677.5658,5.8820,61.22,125.00,0.030470
677.6616,5.8820,61.22,125.00,0.028821
677.7585,5.8820,60.95,125.00,0.029294
677.8552,5.8820,60.95,125.00,0.030070
677.9508,5.8820,61.22,125.00,0.030096
678.0468,5.8820,60.69,125.00,0.028933
678.1427,5.8820,61.22,125.00,0.029011
678.2387,5.8820,61.22,125.00,0.029269
678.3367,6.0420,61.22,125.00,0.029929
678.4390,6.0420,60.95,125.00,0.030964
678.5361,6.0420,61.49,125.00,0.031022
678.6378,6.0420,61.22,125.00,0.030284
678.7346,6.0420,61.22,125.00,0.029018
678.8299,6.0420,60.95,125.00,0.028932
678.9257,6.0420,61.22,125.00,0.029987
679.0243,6.0420,61.22,125.00,0.029716
679.1185,6.0420,61.22,125.00,0.028540
679.2131,6.0420,60.95,125.50,0.028188
679.3074,6.0420,61.22,126.00,0.028656
679.4039,6.0095,61.22,126.00,0.029972
679.5035,5.9770,60.95,126.00,0.029637
679.6026,5.9770,60.95,126.00,0.029394
679.6982,5.9770,61.22,126.00,0.030044
679.7952,5.9770,61.22,126.00,0.029767
679.8902,5.9770,60.95,126.00,0.029970
679.9893,5.9770,61.22,126.00,0.030199
680.0878,5.9770,60.95,126.00,0.030726
680.1873,5.9770,61.22,126.00,0.030275
680.2853,5.9770,61.22,126.00,0.029869
680.3824,5.9770,61.22,126.00,0.029972
680.4781,5.9770,61.22,126.00,0.030680
680.5753,5.9770,61.22,126.00,0.029823
680.6711,5.9770,61.49,126.00,0.030525
680.7704,5.9770,61.22,126.00,0.030017
680.8682,5.9770,61.22,126.00,0.030561
680.9683,5.9770,61.22,126.00,0.030451
681.0641,5.9770,60.95,126.00,0.030027
681.1626,5.9770,61.22,126.00,0.029102
681.2578,6.0120,60.69,126.00,0.029537
681.3577,6.0120,60.95,126.00,0.028425
681.4512,6.0120,60.95,126.00,0.028477
681.5466,6.0120,61.22,126.00,0.028973
681.6422,6.0120,61.22,126.00,0.028964
681.7388,6.0120,60.69,126.00,0.030138
681.8347,6.0120,61.22,126.00,0.029675
681.9314,6.0120,61.22,126.00,0.029796
682.0271,6.0120,61.22,126.00,0.030606
682.1245,6.0120,61.22,126.00,0.030068
682.2241,6.0020,61.22,126.00,0.030340
682.3242,5.9920,60.95,126.00,0.030455
682.4228,5.9920,60.95,126.00,0.031038
682.5228,5.9920,60.69,126.00,0.030560
682.6186,5.9920,61.22,126.00,0.030384
682.7160,5.9920,61.22,126.00,0.030113
682.8106,5.9920,60.95,127.00,0.029283
682.9079,5.9920,61.22,127.00,0.030045
683.0061,5.9920,61.22,127.00,0.028439
683.1031,5.9920,60.95,127.00,0.028825
683.1970,5.9920,61.22,127.00,0.028653
683.2917,5.9920,61.22,127.00,0.028592
683.3854,5.9920,61.22,127.00,0.029389
683.4827,5.9920,60.95,127.00,0.028726
683.5795,5.9920,60.95,127.00,0.030712
683.6745,5.9920,61.22,127.00,0.028537
683.7723,5.9920,61.22,127.00,0.030850
683.8728,5.9920,61.22,127.00,0.029380
683.9698,5.9920,61.49,127.00,0.028657
684.0652,5.9920,60.95,127.00,0.029288
684.1587,5.9920,61.22,127.00,0.028397
684.2533,5.9920,61.22,127.00,0.028554
684.3468,5.9920,61.22,127.00,0.028726
684.4442,5.9580,61.22,127.00,0.029664
684.5407,5.9240,61.76,127.00,0.029682
684.6393,5.9240,61.22,127.00,0.029473
684.7326,5.9240,61.22,127.00,0.028663
684.8275,5.9240,60.95,127.00,0.028938
684.9212,5.9240,61.22,127.00,0.029133
685.0180,5.9240,61.49,127.00,0.029516
685.1118,5.9240,61.22,127.00,0.028752
685.2068,5.9240,61.22,127.50,0.028863
685.3032,6.0120,61.22,128.00,0.030538
685.3998,6.0120,60.95,128.00,0.029492
685.4951,6.0120,60.95,128.00,0.030014
685.5927,6.0120,61.22,128.00,0.030163
685.6896,6.0120,61.22,128.00,0.029912
685.7870,6.0120,60.95,128.00,0.029953
685.8847,6.0120,60.95,128.00,0.029955
685.9831,6.0120,61.22,128.00,0.029297
686.0781,6.0120,61.22,128.00,0.029517
686.1768,6.0120,61.22,128.00,0.029348
686.2802,5.9470,61.22,128.00,0.030378
686.3836,5.9470,61.22,128.00,0.030721
686.4853,5.9470,61.22,128.00,0.030492
686.5879,5.9470,61.22,128.00,0.030242
686.6915,5.9470,60.95,128.00,0.030011
686.7964,5.9470,60.95,128.00,0.029534
686.8998,5.9470,60.69,128.00,0.030607
687.0056,5.9470,60.95,128.00,0.030295
687.1076,5.9470,61.22,128.00,0.030928
687.2098,5.9470,60.95,128.00,0.030939
687.3169,5.9470,61.49,128.00,0.030636
687.4124,5.9470,61.22,128.00,0.028327
687.5078,5.9470,61.49,128.00,0.029749
687.6076,5.9470,60.95,128.00,0.030163
687.7122,5.9470,60.95,128.00,0.030364
687.8154,5.9470,60.95,128.00,0.030172
687.9192,5.9470,61.22,128.00,0.030187
688.0249,5.9470,61.22,128.00,0.029912
688.1298,5.9470,60.95,128.00,0.030050
688.2334,5.8820,61.22,128.00,0.030078
688.3376,5.8170,60.95,128.00,0.030647
688.4380,5.8170,61.22,128.00,0.029469
688.5412,5.8170,60.95,128.00,0.030400
688.6431,5.8170,60.95,126.00,0.031044
688.7450,5.8170,61.22,125.00,0.030406
688.8424,5.8170,60.95,125.00,0.028500
688.9381,5.8170,60.95,125.00,0.028947
689.0343,5.8170,61.22,125.00,0.028866
689.1353,5.8170,60.69,125.00,0.030126
689.2390,5.8935,60.95,125.00,0.030278
689.3456,5.9700,61.22,125.00,0.030841
689.4555,5.9700,60.69,125.00,0.031451
689.5642,5.9700,60.95,125.00,0.031740
689.6694,5.9700,61.22,125.00,0.030803
689.7742,5.9700,61.22,125.00,0.031596
689.8799,5.9700,60.95,125.00,0.030838
689.9838,5.9700,60.95,125.00,0.031243
690.0872,5.9700,61.22,125.00,0.031080
690.1918,5.9700,60.95,125.00,0.029866
690.2894,5.9700,60.95,125.00,0.028697
690.3859,5.9120,60.95,125.00,0.028863
690.4841,5.9120,60.95,125.00,0.030206
690.5882,5.9120,60.95,125.00,0.030437
690.6908,5.9120,60.95,126.00,0.029381
690.7890,5.9120,60.69,126.00,0.030607
690.8938,5.9120,60.95,126.00,0.030364
690.9960,5.9120,61.49,126.00,0.030535
691.0979,5.9120,60.95,126.00,0.029026
691.1936,5.9120,61.22,126.00,0.028708
691.2904,5.9120,61.22,126.00,0.029621
691.3879,5.9045,61.22,126.00,0.030150
691.4923,5.8970,60.95,126.00,0.030532
691.5921,5.8970,61.22,126.00,0.030663
691.6946,5.8970,61.22,126.00,0.029494
691.7994,5.8970,61.22,126.00,0.030073
691.9030,5.8970,61.22,126.00,0.029894
692.0086,5.8970,60.95,126.00,0.029651
692.1158,5.8970,61.49,126.00,0.030750
692.2192,5.8360,60.95,126.00,0.029370
692.3194,5.7750,61.22,126.00,0.029718
692.4196,5.7750,61.22,126.00,0.029903
692.5190,5.7750,61.22,126.00,0.029590
692.6195,5.7750,61.22,126.00,0.030159
692.7205,5.7750,60.69,126.00,0.030531
692.8222,5.7750,61.22,126.00,0.029166
692.9180,5.7750,60.69,127.00,0.028496
693.0132,5.7750,60.95,127.00,0.028566
693.1084,5.7750,60.95,127.00,0.029705
693.2124,5.8740,61.22,127.00,0.030482
693.3108,5.9730,60.95,127.00,0.029851
693.4128,5.9730,60.95,127.00,0.030282
693.5109,5.9730,60.69,127.00,0.030224
693.6087,5.9730,60.95,127.00,0.029943
693.7047,5.9730,61.49,127.00,0.029968
693.8045,5.9730,61.22,127.00,0.030141
693.9025,5.9730,60.95,127.00,0.030123
693.9982,5.9730,60.95,127.00,0.028639
694.0916,5.9730,60.95,127.00,0.028745
694.1888,5.9730,60.95,127.00,0.030451
694.2870,6.0040,61.22,127.00,0.030420
694.3850,6.0040,60.95,127.00,0.030281
694.4827,6.0040,61.49,127.00,0.029539
694.5830,6.0040,60.95,127.00,0.030072
694.6806,6.0040,61.22,127.00,0.029287
694.7834,6.0040,60.95,127.00,0.030314
694.8807,6.0040,60.95,127.00,0.029456
694.9789,6.0040,61.22,127.00,0.029969
695.0743,6.0040,61.22,127.00,0.029226
695.1702,6.0040,61.22,127.00,0.028741
695.2660,6.0040,61.22,127.00,0.028674
695.3648,5.9695,60.95,127.00,0.029470
695.4625,5.9350,60.95,127.00,0.029805
695.5605,5.9350,60.69,127.00,0.030558
695.6597,5.9350,61.22,127.00,0.029986
695.7579,5.9350,61.22,127.00,0.030296
695.8510,5.9350,60.95,127.00,0.028566
695.9468,5.9350,60.69,127.00,0.029054
696.0424,5.9350,61.22,127.00,0.030342
696.1403,5.9350,61.22,127.00,0.030520
696.2380,5.9735,61.22,127.00,0.030031
696.3358,6.0120,60.69,127.00,0.030190
696.4343,6.0120,61.22,127.00,0.030413
696.5321,6.0120,61.22,127.00,0.030336
696.6302,6.0120,61.22,128.00,0.029723
696.7284,6.0120,61.22,128.00,0.030383
696.8235,6.0120,61.49,128.00,0.029546
696.9202,6.0120,60.95,128.00,0.029426
697.0175,6.0120,61.22,128.00,0.029162
697.1156,6.0120,61.22,128.00,0.029967
697.2119,6.0120,61.22,128.00,0.030562
697.3098,6.0120,61.22,128.00,0.028584
697.4063,6.0120,61.22,128.00,0.029134
697.5017,6.0120,60.69,128.00,0.028280
697.5957,6.0120,61.22,128.00,0.028794
697.6925,6.0120,61.22,128.00,0.029480
697.7904,6.0120,60.95,128.00,0.030243
697.8881,6.0120,61.22,128.00,0.029967
697.9880,6.0120,60.95,128.00,0.030134
698.0906,6.0120,61.49,128.00,0.030688
698.1859,6.0120,60.95,128.00,0.030223
698.2817,6.0120,60.69,128.00,0.028242
698.3752,6.0120,60.95,128.00,0.028735
698.4727,6.0120,60.95,128.00,0.030070
698.5712,6.0120,60.95,128.00,0.029893
698.6708,6.0120,61.22,128.00,0.029751
698.7667,6.0120,60.95,128.00,0.029894
698.8631,6.0120,60.95,128.00,0.029145
698.9587,6.0120,61.22,128.00,0.029942
699.0581,6.0120,61.22,128.00,0.029903
699.1576,6.0120,60.95,128.00,0.029839
699.2591,6.0120,60.95,128.00,0.029656
699.3527,6.0120,61.22,128.00,0.028287
699.4495,6.0120,60.95,128.00,0.028586
699.5437,6.0120,60.95,128.00,0.028939
699.6410,6.0120,60.95,128.00,0.030220
699.7381,6.0120,61.49,128.00,0.029624
699.8354,6.0120,60.95,128.00,0.029876
699.9303,6.0120,61.49,129.00,0.029804
700.0259,6.0120,61.22,129.00,0.028947
700.1199,6.0120,61.22,129.00,0.029280
700.2183,6.0120,60.95,129.00,0.029161
700.3138,6.0120,61.22,129.00,0.029234
700.4117,6.0120,60.95,128.50,0.029737
700.5104,6.0120,61.49,128.00,0.030291
700.6109,6.0120,61.49,128.00,0.030463
700.7083,6.0120,61.22,128.00,0.029505
700.8079,6.0120,60.95,128.00,0.029767
700.9028,6.0120,61.22,128.00,0.029533
701.0001,6.0120,60.95,128.00,0.030266
701.0977,6.0120,61.22,128.00,0.029696
701.2000,6.0120,61.22,128.00,0.030479
701.2999,6.0120,61.22,128.00,0.030021
701.4017,6.0120,61.22,128.00,0.030034
701.4991,6.0120,60.95,128.50,0.030156
701.5988,6.0120,61.22,129.00,0.029726
701.6950,6.0120,61.49,129.00,0.030849
701.7930,6.0120,60.95,129.00,0.030727
701.8886,6.0120,61.22,129.00,0.030627
701.9880,6.0120,60.95,129.00,0.029845
702.0837,6.0120,60.95,129.00,0.030879
702.1808,6.0120,61.22,129.00,0.030930
702.2768,6.0120,61.22,129.00,0.030095
702.3744,6.0120,61.49,129.00,0.029816
702.4709,6.0120,61.49,129.00,0.030067
702.5697,6.0120,60.95,129.00,0.029941
702.6655,6.0120,61.22,129.00,0.029500
702.7620,6.0120,60.69,129.00,0.028729
702.8571,6.0120,61.22,129.00,0.029515
702.9545,6.0120,60.95,129.00,0.029798
703.0523,6.0120,60.95,129.00,0.029566
703.1523,6.0120,61.76,129.00,0.029950
703.2527,6.0120,60.69,129.00,0.029671
703.3531,6.0120,60.95,129.00,0.030623
703.4475,6.0120,61.22,129.00,0.028843
703.5434,6.0120,61.22,129.00,0.028800
703.6401,6.0120,61.22,129.00,0.030432
703.7402,6.0120,61.22,129.00,0.030421
703.8386,6.0120,61.49,129.00,0.030274
703.9388,6.0000,60.95,129.00,0.030031
704.0353,6.0000,60.69,129.00,0.030728
704.1362,6.0000,60.95,129.00,0.030715
704.2352,5.9620,61.22,129.00,0.030569
704.3344,5.9240,61.22,129.50,0.029240
704.4325,5.9240,61.22,129.50,0.030366
704.5305,5.9240,61.22,129.00,0.029702
704.6254,5.9240,61.76,129.00,0.028857
704.7216,5.9240,61.22,129.00,0.028759
704.8175,5.9240,61.49,129.00,0.029392
704.9159,5.9240,61.22,129.00,0.029600
705.0172,5.9240,61.49,129.00,0.029419
705.1138,5.9240,61.22,129.00,0.028896
705.2092,5.9240,60.95,129.00,0.029179
705.3104,5.9260,61.49,129.00,0.030306
705.4103,5.9280,60.95,129.00,0.030172
705.5084,5.9280,60.69,129.00,0.029615
705.6080,5.9280,60.69,129.00,0.030269
705.7120,5.9280,61.22,129.00,0.030971
705.8136,5.9280,60.69,129.00,0.029953
705.9127,5.9280,60.69,129.00,0.030123
706.0103,5.9280,61.22,129.00,0.030329
706.1115,5.9280,60.95,129.00,0.030311
706.2131,5.8745,61.22,129.00,0.030164
706.3124,5.8210,60.95,129.00,0.030529
706.4100,5.8210,60.95,129.00,0.029205
706.5070,5.8210,61.22,129.00,0.029288
706.6032,5.8210,61.22,129.00,0.029448
706.7047,5.8210,60.95,129.00,0.030852
706.8044,5.8210,61.22,129.00,0.029872
706.9078,5.8210,61.22,129.00,0.030469
707.0071,5.8210,61.22,129.00,0.030077
707.1081,5.8210,61.22,129.00,0.029851
707.2068,5.8285,61.22,129.00,0.031173
707.3082,5.8360,61.49,129.00,0.030364
707.4077,5.8360,61.49,129.00,0.030377
707.5091,5.8360,60.95,129.00,0.030669
707.6123,5.8360,61.22,129.00,0.030483
707.7145,5.8360,60.95,129.00,0.029522
707.8094,5.8360,60.95,129.00,0.028844
707.9065,5.8360,60.95,129.00,0.029364
708.0032,5.8360,61.22,129.00,0.030633
708.1042,5.8360,60.95,129.00,0.030581
708.2040,5.9045,61.49,129.00,0.030415
708.3033,5.9730,61.22,129.00,0.030003
708.4046,5.9730,60.69,129.00,0.029675
708.5080,5.9730,60.95,129.00,0.030678
708.6112,5.9730,61.22,129.00,0.030275
708.7117,5.9730,60.69,129.00,0.030384
708.8136,5.9730,61.22,129.00,0.029636
708.9156,5.9730,61.22,129.00,0.029651
709.0189,5.9730,61.22,129.00,0.029987
709.1185,5.9730,60.95,129.00,0.029644
709.2189,5.9025,61.22,129.00,0.029351
709.3194,5.8320,61.49,129.00,0.030007
709.4175,5.8320,61.22,129.00,0.029845
709.5201,5.8320,60.95,129.00,0.029961
709.6225,5.8320,61.22,129.00,0.029545
709.7183,5.8320,61.49,129.00,0.029309
709.8162,5.8320,61.22,129.00,0.029636
709.9182,5.8320,61.22,129.00,0.029333
710.0187,5.8320,61.22,129.00,0.029927
710.1152,5.8320,60.95,129.00,0.030091
710.2161,5.9045,61.22,129.00,0.030535
710.3159,5.9770,61.22,129.00,0.030247
710.4159,5.9770,61.22,129.00,0.030380
710.5103,5.9770,61.22,129.00,0.028981
710.6063,5.9770,61.22,129.00,0.028791
710.7029,5.9770,61.22,129.00,0.030476
710.8034,5.9770,60.95,129.00,0.030241
710.9000,5.9770,61.22,129.00,0.030102
711.0008,5.9770,61.22,129.00,0.030139
711.1001,5.9770,60.95,129.00,0.030301
711.2007,5.9640,61.22,129.00,0.030109
711.2979,5.9510,61.22,129.00,0.029883
711.3955,5.9510,61.22,129.00,0.028900
711.4935,5.9510,61.22,129.00,0.029058
711.5929,5.9510,61.22,129.00,0.030613
711.6931,5.9510,60.95,129.00,0.030523
711.7945,5.9510,61.49,129.00,0.030162
711.8909,5.9510,60.95,129.00,0.029084
711.9902,5.9510,61.22,129.00,0.029181
712.0862,5.9510,61.22,129.00,0.029582
712.1867,5.9510,61.22,129.00,0.029890
712.2859,5.9510,61.22,129.00,0.029377
712.3877,5.9510,60.69,129.00,0.030253
712.4878,5.9510,60.69,129.00,0.030416
712.5881,5.9510,61.49,129.00,0.028706
712.6858,5.9510,61.49,129.00,0.029052
712.7837,5.9510,61.22,129.00,0.029673
712.8827,5.9510,61.22,129.00,0.030024
712.9823,5.9510,61.22,129.00,0.029256
713.0790,5.9510,61.22,129.00,0.030026
713.1797,5.9510,61.22,129.00,0.030061
713.2739,5.9510,60.69,129.00,0.028461
713.3706,5.9510,61.22,129.00,0.028949
713.4690,5.9510,61.22,129.00,0.030188
713.5691,5.9525,61.22,129.00,0.030184
713.6662,5.9540,61.49,129.00,0.030326
713.7667,5.9540,60.95,129.00,0.030232
713.8662,5.9540,61.49,129.00,0.030468
713.9662,5.9540,60.95,129.00,0.031393
714.0665,5.9540,61.49,129.00,0.030097
714.1650,5.9540,61.22,129.00,0.029860
714.2654,5.9390,61.22,129.00,0.030595
714.3630,5.9390,61.22,129.00,0.029728
714.4595,5.9390,61.49,129.00,0.029699
714.5579,5.9390,60.95,129.00,0.028488
714.6539,5.9390,60.95,129.00,0.029322
714.7529,5.9390,60.95,129.00,0.030090
714.8518,5.9390,60.95,129.00,0.030204
714.9549,5.9390,61.49,129.00,0.029876
715.0545,5.9390,61.22,129.00,0.030233
715.1551,5.9390,61.49,129.00,0.029362
715.2504,5.9390,61.22,129.00,0.029258
715.3469,5.9390,60.95,129.00,0.029190
715.4440,5.9390,61.22,129.00,0.030470
715.5431,5.9390,61.22,129.00,0.028945
715.6379,5.9390,61.22,129.00,0.028824
715.7367,5.9390,61.22,129.00,0.030676
715.8363,5.9390,60.95,129.00,0.030557
715.9384,5.9390,61.22,129.00,0.029010
716.0334,5.9390,61.22,129.00,0.028888
716.1325,5.9390,61.22,129.00,0.030229
716.2314,5.9390,61.22,129.00,0.030263
716.3346,5.9390,60.95,129.00,0.030520
716.4320,5.9390,61.22,129.00,0.030128
716.5360,5.9390,60.95,129.00,0.030898
716.6345,5.9120,61.22,129.00,0.030218
716.7331,5.9120,61.22,129.00,0.030109
716.8282,5.9120,61.22,129.00,0.028702
716.9268,5.9120,60.69,129.00,0.028915
717.0222,5.9120,61.22,129.00,0.029352
717.1208,5.9120,61.22,129.00,0.030522
717.2176,5.9370,61.22,129.00,0.029844
717.3167,5.9620,61.49,129.00,0.029708
717.4147,5.9620,61.22,129.00,0.029526
717.5126,5.9620,61.22,129.00,0.029604
717.6110,5.9620,61.22,129.00,0.029307
717.7091,5.9620,61.22,129.00,0.028473
717.8037,5.9620,61.22,129.00,0.028890
717.9018,5.9620,61.22,129.00,0.028771
718.0009,5.9620,60.95,129.00,0.030037
718.1001,5.9620,61.22,129.00,0.030636
718.2011,5.9450,61.22,129.00,0.031144
718.3009,5.9280,61.22,129.00,0.030655
718.4005,5.9280,61.22,129.00,0.030344
718.4992,5.9280,61.22,129.00,0.029750
718.5991,5.9280,60.95,129.00,0.030183
718.7003,5.9280,61.22,129.00,0.030854
718.7971,5.9280,61.22,129.00,0.028708
718.8936,5.9280,61.22,129.00,0.029016
718.9893,5.9280,61.76,129.00,0.029647
719.0859,5.9280,60.69,129.00,0.029186
719.1813,5.9280,61.22,129.00,0.029629
719.2828,5.9920,61.22,129.00,0.030094
719.3799,5.9920,61.22,129.00,0.030258
719.4811,5.9920,61.22,129.00,0.030331
719.5783,5.9920,60.69,129.00,0.030731
719.6766,5.9920,61.22,129.00,0.029706
719.7755,5.9920,61.22,129.00,0.029773
719.8759,5.9920,61.22,129.00,0.029763
719.9753,5.9920,61.22,129.00,0.030226
720.0758,5.9920,61.49,129.00,0.029618
720.1722,5.9920,61.49,129.00,0.029515
720.2721,5.9580,61.22,129.00,0.031269
720.3681,5.9580,60.95,129.00,0.028098
720.4659,5.9580,61.49,129.00,0.028583
720.5604,5.9580,61.22,129.00,0.028569
720.6645,5.9580,61.49,129.00,0.031685
720.7689,5.9580,61.76,129.00,0.031329
720.8711,5.9580,60.95,129.00,0.030897
720.9750,5.9580,61.22,129.00,0.030183
721.0808,5.9580,60.95,129.00,0.030544
721.1839,5.9025,60.95,129.00,0.030635
721.2890,5.8470,61.49,129.00,0.029902
721.3929,5.8470,61.49,129.00,0.030632
721.4965,5.8470,61.49,129.00,0.029340
721.5993,5.8470,61.22,129.00,0.029489
721.6999,5.8470,60.95,129.00,0.029404
721.8003,5.8470,61.22,129.00,0.029578
721.8994,5.8470,61.22,129.00,0.030004
722.0017,5.8470,60.95,129.00,0.029469
722.0988,5.8470,60.95,129.00,0.030204
722.1995,5.9100,61.49,129.00,0.030443
722.3025,5.9730,61.22,129.00,0.030234
722.3989,5.9730,61.22,129.00,0.030328
722.4990,5.9730,61.22,129.00,0.029820
722.5996,5.9730,61.22,129.00,0.030480
722.6960,5.9730,61.22,129.00,0.030260
722.7955,5.9730,61.22,129.00,0.029491
722.8938,5.9730,61.49,129.00,0.029883
722.9905,5.9730,60.69,129.00,0.028359
723.0847,5.9730,61.22,129.00,0.028759
723.1812,5.9730,60.95,129.00,0.028974
723.2788,5.9620,61.22,129.00,0.030370
723.3795,5.9620,61.22,129.00,0.030428
723.4762,5.9620,61.22,129.00,0.030329
723.5743,5.9620,61.22,128.50,0.029786
723.6707,5.9620,61.22,128.50,0.029707
723.7710,5.9620,61.22,128.50,0.029762
723.8677,5.9620,61.22,129.00,0.029826
723.9673,5.9620,61.22,129.00,0.029673
724.0659,5.9620,61.22,129.00,0.029516
724.1659,5.9620,61.22,129.00,0.029392
724.2623,5.9810,61.22,129.00,0.029111
724.3596,5.9810,61.22,129.00,0.029609
724.4584,5.9810,61.49,129.00,0.029705
724.5596,5.9810,61.22,129.00,0.029902
724.6580,5.9810,60.95,129.00,0.029814
724.7589,5.9810,61.22,129.00,0.030407
724.8557,5.9810,61.22,129.00,0.030245
724.9548,5.9810,60.95,129.00,0.030630
725.0510,5.9810,61.22,129.00,0.029964
725.1496,5.9810,61.22,129.00,0.029704
725.2492,5.9730,61.22,129.00,0.030011
725.3466,5.9730,61.22,129.00,0.029426
725.4426,5.9730,61.22,129.00,0.029551
725.5417,5.9730,61.22,129.00,0.028802
725.6382,5.9730,61.49,129.00,0.028817
725.7344,5.9730,61.22,129.00,0.029234
725.8339,5.9730,60.95,129.00,0.030397
725.9376,5.9730,61.22,129.00,0.032298
726.0398,5.9730,61.49,129.00,0.031170
726.1451,5.9730,61.22,129.00,0.030064
726.2441,5.9445,60.95,129.00,0.030238
726.3435,5.9160,61.49,129.00,0.028831
726.4377,5.9160,61.22,129.00,0.028475
726.5345,5.9160,60.95,129.00,0.029294
726.6307,5.9160,61.22,129.00,0.029915
726.7307,5.9160,60.95,129.00,0.029325
726.8313,5.9160,61.22,129.00,0.029676
726.9289,5.9160,61.22,129.00,0.029696
727.0246,5.9160,61.22,129.00,0.029443
727.1225,5.9160,61.22,129.00,0.030026
727.2206,5.9160,60.95,129.00,0.029694
727.3198,5.9160,61.49,129.00,0.030540
727.4205,5.9160,61.22,129.00,0.029782
727.5186,5.9160,60.95,129.00,0.029871
727.6177,5.9160,61.22,129.00,0.030010
727.7168,5.9160,61.22,129.00,0.030338
727.8153,5.9160,61.22,129.00,0.029901
727.9160,5.9160,61.22,129.00,0.030397
728.0125,5.9160,61.22,129.00,0.029935
728.1108,5.9160,61.22,129.00,0.028620
728.2056,5.9160,61.22,129.00,0.028523
728.3031,5.9160,61.22,129.00,0.029906
728.4034,6.0270,61.22,129.00,0.030440
728.5053,6.0270,61.22,129.00,0.031430
728.6042,6.0270,61.22,129.00,0.029791
728.7048,6.0270,60.95,129.00,0.030235
728.8025,6.0270,61.22,129.00,0.030583
728.9028,6.0270,60.95,129.00,0.029869
728.9983,6.0270,61.22,129.00,0.028871
729.0953,6.0270,61.22,129.00,0.029263
729.1912,6.0270,61.22,129.00,0.029337
729.2911,5.9965,61.22,129.00,0.029665
729.3873,5.9660,61.22,129.00,0.029490
729.4876,5.9660,61.49,129.00,0.030104
729.5886,5.9660,61.22,129.00,0.029532
729.6860,5.9660,60.95,129.00,0.028810
729.7816,5.9660,61.49,129.00,0.029204
729.8821,5.9660,61.49,129.00,0.030020
729.9789,5.9660,61.22,129.00,0.029920
730.0797,5.9660,61.49,129.00,0.030550
730.1749,5.9660,61.22,129.00,0.028909
730.2731,5.9660,60.95,129.00,0.030641
730.3707,5.9730,61.49,129.00,0.029705
730.4694,5.9730,61.49,129.00,0.030514
730.5667,5.9730,61.22,129.00,0.030514
730.6679,5.9730,60.95,129.00,0.031314
730.7643,5.9730,61.22,129.00,0.030082
730.8631,5.9730,61.22,129.00,0.030338
730.9589,5.9730,61.22,129.00,0.029768
731.0594,5.9730,61.22,129.00,0.030367
731.1587,5.9730,61.22,129.00,0.030440
731.2595,6.0080,61.22,129.00,0.030047
731.3559,6.0080,61.49,129.00,0.030313
731.4538,6.0080,60.95,129.00,0.029892
731.5524,6.0080,61.22,129.00,0.029344
731.6503,6.0080,60.95,129.00,0.029755
731.7467,6.0080,61.22,129.00,0.029437
731.8464,6.0080,61.49,129.00,0.029255
731.9429,6.0080,61.22,129.00,0.029596
732.0429,6.0080,61.22,129.00,0.029503
732.1408,6.0080,60.95,129.00,0.029294
732.2395,6.0060,61.22,129.00,0.030250
732.3401,6.0040,60.95,129.00,0.029280
732.4382,6.0040,61.49,129.00,0.030242
732.5373,6.0040,61.22,129.00,0.030235
732.6370,6.0040,61.49,129.00,0.030381
732.7341,6.0040,61.22,129.00,0.030220
732.8353,6.0040,60.95,129.00,0.030608
732.9318,6.0040,61.22,129.00,0.030395
733.0316,6.0040,61.22,129.00,0.030067
733.1299,6.0040,61.49,129.00,0.030159
733.2282,5.9695,60.95,129.00,0.029904
733.3256,5.9350,60.95,129.00,0.030087
733.4246,5.9350,61.22,129.00,0.030943
733.5236,5.9350,61.49,129.00,0.029920
733.6244,5.9350,61.22,129.00,0.030231
733.7249,5.9350,61.49,129.00,0.031094
733.8286,5.9350,60.95,129.00,0.030790
733.9265,5.9350,61.22,129.00,0.030813
734.0274,5.9350,61.22,129.00,0.030365
734.1274,5.9350,61.49,129.00,0.031047
734.2291,5.9010,60.95,129.00,0.030697
734.3268,5.8670,61.22,129.00,0.030205
734.4264,5.8670,60.95,129.00,0.030925
734.5231,5.8670,61.22,129.00,0.030093
734.6223,5.8670,61.49,129.00,0.030374
734.7202,5.8670,61.22,129.00,0.030612
734.8228,5.8670,61.49,129.00,0.029707
734.9198,5.8670,61.22,129.00,0.029970
735.0235,5.8670,61.22,129.00,0.030205
735.1229,5.8670,61.22,129.00,0.029878
735.2220,5.8670,61.49,129.00,0.028940
735.3200,5.8670,61.22,129.00,0.029202
735.4196,5.9580,61.76,129.00,0.029904
735.5183,5.9580,60.95,129.00,0.029910
735.6189,5.9580,60.95,129.00,0.030191
735.7168,5.9580,61.22,129.00,0.029485
735.8138,5.9580,61.22,129.00,0.028244
735.9087,5.9580,61.22,129.00,0.028733
736.0085,5.9580,61.22,129.00,0.030323
736.1078,5.9580,60.95,129.00,0.030017
736.2071,5.9600,61.22,129.00,0.031012
736.3040,5.9620,61.49,129.00,0.030439
736.4042,5.9620,60.95,129.00,0.030387
736.5032,5.9620,61.49,129.00,0.030609
736.6044,5.9620,61.22,129.00,0.030681
736.7036,5.9620,61.22,129.00,0.030311
736.8076,5.9620,61.22,129.00,0.031432
736.9022,5.9620,61.49,129.00,0.029096
736.9991,5.9620,61.22,129.00,0.029171
737.0955,5.9620,61.22,129.00,0.029997
737.1947,5.9620,60.95,129.00,0.029195
737.2909,5.9545,61.49,129.00,0.030237
737.3927,5.9470,61.49,129.00,0.030181
737.4896,5.9470,61.49,129.00,0.029706
737.5870,5.9470,60.95,129.00,0.029513
737.6838,5.9470,61.22,129.00,0.030056
737.7868,5.9470,60.95,129.00,0.030188
737.8853,5.9470,61.22,129.00,0.029053
737.9873,5.9470,61.22,129.00,0.029016
738.0822,5.9470,60.95,129.00,0.029099
738.1789,5.9470,61.22,129.00,0.029159
738.2778,5.9335,61.22,129.00,0.030243
738.3785,5.9200,61.22,129.00,0.029850
738.4752,5.9200,61.22,129.00,0.030317
738.5751,5.9200,61.22,129.00,0.030713
738.6748,5.9200,61.49,129.00,0.030365
738.7762,5.9200,61.49,129.00,0.030303
738.8773,5.9200,61.49,129.00,0.030387
738.9764,5.9200,61.22,129.00,0.030292
739.0759,5.9200,60.95,129.00,0.030517
739.1797,5.9200,61.49,129.00,0.030651
739.2796,5.9620,60.95,129.00,0.030380
739.3801,5.9620,61.22,129.00,0.030420
739.4812,5.9620,61.22,129.00,0.030437
739.5780,5.9620,61.22,129.00,0.030211
739.6766,5.9620,61.49,129.00,0.030348
739.7756,5.9620,61.22,129.00,0.030557
739.8786,5.9620,61.22,129.00,0.030049
739.9757,5.9620,61.22,129.00,0.030751
740.0760,5.9620,61.22,129.00,0.030083
740.1744,5.9620,61.22,129.00,0.030124
740.2746,5.9200,61.49,129.00,0.031792
740.3715,5.9200,61.22,129.00,0.030644
740.4709,5.9200,61.49,129.00,0.029054
740.5658,5.9200,61.22,129.00,0.029098
740.6619,5.9200,61.76,129.00,0.028733
740.7578,5.9200,60.95,129.00,0.029552
740.8555,5.9200,61.22,129.00,0.029259
740.9535,5.9200,61.49,129.00,0.029019
741.0498,5.9200,61.22,129.00,0.029334
741.1457,5.9200,61.49,129.00,0.029554
741.2446,5.9510,61.22,129.00,0.030627
741.3433,5.9510,61.22,129.00,0.030116
741.4408,5.9510,61.49,129.00,0.029985
741.5406,5.9510,61.22,129.00,0.030932
741.6385,5.9510,61.22,129.00,0.030259
741.7354,5.9510,61.22,129.00,0.030524
741.8334,5.9510,61.22,129.00,0.030069
741.9298,5.9510,61.22,129.00,0.029876
742.0286,5.9510,61.22,129.00,0.029199
742.1251,5.9510,60.95,129.00,0.030022
742.2249,5.9510,61.22,129.00,0.030072
742.3196,5.9510,61.76,129.00,0.028708
742.4152,5.9510,61.22,129.00,0.028525
742.5090,5.9510,61.22,129.00,0.028570
742.6077,5.9510,61.22,129.00,0.029812
742.7070,5.9510,61.49,129.00,0.029643
742.8079,5.9510,61.22,129.00,0.030028
742.9060,5.9510,61.22,129.00,0.029364
743.0042,5.9510,61.49,129.00,0.029578
743.1027,5.9510,61.22,129.00,0.029582
743.2036,5.9510,60.95,129.00,0.029739
743.3024,5.9510,60.69,129.00,0.030037
743.4002,5.9510,60.69,129.00,0.029290
743.4972,5.9510,60.95,129.00,0.028986
743.5945,5.9510,61.22,129.00,0.029408
743.6912,5.9510,61.49,129.00,0.030667
743.7896,5.9510,61.22,129.00,0.028491
743.8867,5.9510,61.22,129.00,0.029128
743.9838,5.9510,61.49,129.00,0.030119
744.0822,5.9510,61.22,129.00,0.030166
744.1800,5.9510,61.22,129.00,0.029635
744.2791,5.9770,60.95,129.00,0.030085
744.3795,5.9770,61.49,129.00,0.030185
744.4791,5.9770,61.22,129.00,0.030522
744.5799,5.9770,61.22,129.00,0.029743
744.6767,5.9770,61.49,129.00,0.028792
744.7797,5.9770,60.95,129.00,0.030384
744.8790,5.9770,61.22,129.00,0.030157
744.9801,5.9770,61.22,129.00,0.030637
745.0798,5.9770,61.22,129.00,0.030798
745.1795,5.9770,61.22,129.00,0.028903
745.2735,5.9770,61.22,129.00,0.028879
745.3696,5.9770,61.22,129.00,0.029101
745.4674,5.9980,60.95,129.00,0.030121
745.5644,6.0190,61.49,129.00,0.028569
745.6630,6.0190,61.22,129.00,0.028533
745.7608,6.0190,61.22,129.00,0.028972
745.8587,6.0190,61.22,129.00,0.029902
745.9541,6.0190,60.95,129.00,0.028625
746.0506,6.0190,61.22,129.00,0.028989
746.1478,6.0190,61.22,129.00,0.030069
746.2473,5.9540,61.49,129.00,0.030310
746.3476,5.9540,60.95,129.00,0.030409
746.4440,5.9540,61.22,129.00,0.030580
746.5423,5.9540,61.22,129.00,0.030368
746.6382,5.9540,60.95,129.00,0.030312
746.7356,5.9540,61.49,129.00,0.029492
746.8346,5.9540,60.95,129.00,0.029921
746.9356,5.9540,61.49,129.00,0.030267
747.0337,5.9540,61.22,129.00,0.029399
747.1346,5.9540,61.22,129.00,0.030551
747.2311,5.9160,60.95,129.00,0.030056
747.3344,5.8780,61.22,129.00,0.029888
747.4322,5.8780,61.49,129.00,0.029235
747.5304,5.8780,60.95,129.00,0.028798
747.6250,5.8780,61.22,129.00,0.028886
747.7216,5.8780,61.22,129.00,0.028786
747.8180,5.8780,61.22,129.00,0.028379
747.9143,5.8780,62.03,129.00,0.029302
748.0106,5.8780,61.22,129.00,0.029988
748.1083,5.8780,61.49,129.00,0.029620
748.2058,5.8780,61.22,129.00,0.029816
748.3039,5.9240,61.49,129.00,0.030271
748.4031,5.9700,61.49,129.00,0.030309
748.5039,5.9700,61.22,129.00,0.030864
748.6010,5.9700,61.22,129.00,0.030371
748.6992,5.9700,61.22,129.00,0.030274
748.7983,5.9700,61.22,129.00,0.030540
748.8956,5.9700,61.22,129.00,0.029626
748.9949,5.9700,61.22,129.00,0.030383
749.0918,5.9700,61.22,129.00,0.029333
749.1886,5.9700,61.49,129.00,0.030812
749.2918,5.9580,61.22,129.00,0.030109
749.3925,5.9580,61.76,129.00,0.030259
749.4913,5.9580,61.22,129.00,0.030354
749.5893,5.9580,61.22,129.00,0.029680
749.6851,5.9580,61.22,129.00,0.028656
749.7820,5.9580,61.22,129.00,0.029148
749.8790,5.9580,61.22,129.00,0.029753
749.9769,5.9580,61.22,129.00,0.029581
750.0787,5.9580,61.49,129.00,0.029550
750.1750,5.9580,61.22,129.00,0.029178
750.2767,6.0190,61.22,129.00,0.030623
750.3747,6.0190,61.49,129.00,0.029364
750.4723,6.0190,61.22,129.00,0.029598
750.5710,6.0190,61.22,129.00,0.030042
750.6702,6.0190,61.22,129.00,0.029021
750.7681,6.0190,60.95,129.00,0.029460
750.8643,6.0190,60.69,129.00,0.029172
750.9581,6.0190,61.49,129.00,0.029053
751.0596,6.0190,61.22,129.00,0.032099
751.1540,6.0190,61.49,129.00,0.028764
751.2492,6.0190,61.22,129.00,0.028612
751.3476,6.0190,61.49,129.00,0.029729
751.4532,5.9430,60.95,129.00,0.030691
751.5579,5.9430,60.95,129.00,0.031585
751.6610,5.9430,60.95,129.00,0.032056
751.7630,5.9430,61.22,129.00,0.031810
751.8625,5.9430,61.49,129.00,0.028717
751.9566,5.9430,60.95,129.00,0.028752
752.0553,5.9430,61.49,129.00,0.029322
752.1484,5.9430,61.49,129.00,0.028191
752.2535,5.9390,61.22,129.00,0.032037
752.3583,5.9350,61.22,129.00,0.031786
752.4657,5.9350,61.22,129.00,0.031242
752.5722,5.9350,61.22,129.00,0.031296
752.6760,5.9350,61.22,129.00,0.031199
752.7782,5.9350,61.22,129.00,0.031293
752.8825,5.9350,61.22,129.00,0.031448
752.9882,5.9350,61.22,129.00,0.031157
753.0899,5.9350,61.49,129.00,0.030911
753.1932,5.8645,61.22,129.00,0.032024
753.2979,5.7940,61.22,129.00,0.031531
753.3975,5.7940,61.49,129.00,0.028592
753.4927,5.7940,61.22,129.00,0.030019
753.5903,5.7940,61.49,129.00,0.029820
753.6969,5.7940,61.22,129.00,0.031632
753.8006,5.7940,61.22,129.00,0.031761
753.9049,5.7940,61.49,129.00,0.031571
754.0092,5.7940,61.49,129.00,0.031466
754.1138,5.7940,61.49,129.50,0.030414
754.2171,5.8760,61.22,130.00,0.032696
754.3214,5.9580,60.95,130.00,0.031033
754.4253,5.9580,61.22,130.00,0.031417
754.5288,5.9580,60.95,130.00,0.031259
754.6354,5.9580,61.22,130.00,0.031188
754.7397,5.9580,60.95,130.00,0.031096
754.8433,5.9580,61.22,130.00,0.031000
754.9429,5.9580,61.22,130.00,0.028929
755.0376,5.9580,60.95,130.00,0.028911
755.1366,5.9580,61.22,130.00,0.030153
755.2432,5.9390,61.22,130.00,0.031583
755.3487,5.9200,61.22,130.00,0.031666
755.4548,5.9200,61.49,130.00,0.030523
755.5555,5.9200,61.22,130.00,0.030558
755.6521,5.9200,61.22,130.00,0.030546
755.7520,5.9200,61.22,130.00,0.030208
755.8525,5.9200,60.95,130.00,0.029994
755.9490,5.9200,60.95,130.00,0.030363
756.0512,5.9200,61.22,130.00,0.030095
756.1516,5.9200,60.95,130.00,0.030580
756.2519,5.9580,61.22,130.00,0.030363
756.3458,5.9580,61.49,130.00,0.028641
756.4408,5.9580,61.22,130.00,0.028459
756.5350,5.9580,61.49,130.00,0.029716
756.6322,5.9580,61.22,130.00,0.029456
756.7292,5.9580,61.22,130.00,0.028925
756.8265,5.9580,61.22,130.00,0.029682
756.9219,5.9580,61.22,130.00,0.029559
757.0199,5.9580,61.22,130.00,0.030058
757.1178,5.9580,61.22,130.00,0.029797
757.2136,5.9580,61.22,130.00,0.028365
757.3069,5.9580,60.95,130.00,0.028736
757.4026,5.9580,61.22,130.00,0.029258
757.4972,6.0120,61.49,130.00,0.028595
757.5943,6.0120,61.22,130.00,0.028961
757.6908,6.0120,61.22,130.00,0.029536
757.7915,6.0120,61.22,130.00,0.029699
757.8892,6.0120,61.49,130.00,0.029943
757.9885,6.0120,61.22,130.00,0.029728
758.0862,6.0120,61.76,130.00,0.030253
758.1833,5.9870,61.49,130.00,0.030272
758.2838,5.9620,61.49,130.00,0.030235
758.3839,5.9620,61.22,130.00,0.030255
758.4798,5.9620,61.22,130.00,0.030080
758.5792,5.9620,61.49,130.00,0.029546
758.6742,5.9620,61.22,130.00,0.029322
758.7735,5.9620,61.49,130.00,0.029495
758.8711,5.9620,61.22,130.00,0.029583
758.9671,5.9620,60.95,130.00,0.028535
759.0630,5.9620,61.22,130.50,0.029448
759.1591,5.9620,61.49,131.00,0.029528
759.2579,6.0420,61.22,131.00,0.030065
759.3551,6.0420,60.95,131.00,0.029993
759.4507,6.0420,61.22,131.00,0.030517
759.5487,6.0420,61.22,131.00,0.030395
759.6443,6.0420,61.22,131.00,0.030187
759.7437,6.0420,61.22,131.00,0.029876
759.8390,6.0420,61.49,131.00,0.030111
759.9367,6.0420,61.22,131.00,0.029802
760.0324,6.0420,61.22,131.00,0.030404
760.1321,6.0420,61.49,131.00,0.029621
760.2297,6.0420,61.22,131.00,0.028500
760.3266,6.0420,61.22,131.00,0.028679
760.4249,6.0420,61.49,131.00,0.028885
760.5248,6.0420,61.49,131.00,0.029984
760.6226,6.0420,61.22,131.00,0.030050
760.7217,6.0420,61.22,131.00,0.029572
760.8189,6.0420,61.22,131.00,0.029249
760.9169,6.0420,60.95,131.00,0.028747
761.0094,6.0420,61.22,131.00,0.028666
761.1042,6.0420,61.22,131.00,0.028600
761.2048,6.0420,61.22,131.00,0.030065
761.3025,6.0420,60.95,131.00,0.029021
761.3968,6.0420,61.22,131.00,0.029155
761.4952,6.0420,61.22,131.00,0.030311
761.5899,6.0420,61.22,131.00,0.028659
761.6869,6.0420,61.22,131.00,0.029262
761.7824,6.0420,61.22,131.00,0.029570
761.8836,6.0000,61.22,131.00,0.029901
761.9817,6.0000,61.49,131.00,0.029613
762.0851,6.0000,61.22,131.00,0.032000
762.1890,6.0000,61.22,131.00,0.031496
762.2945,5.9430,61.49,131.00,0.031546
762.3909,5.9430,61.22,131.00,0.029428
762.4903,5.9430,61.76,131.00,0.029375
762.5858,5.9430,61.22,131.00,0.029510
762.6923,5.9430,61.22,131.00,0.031506
762.7952,5.9430,61.76,131.00,0.031344
762.9000,5.9430,60.95,131.00,0.031128
763.0081,5.9430,61.22,131.00,0.031896
763.1128,5.9430,61.49,131.00,0.031621
763.2164,5.9525,61.22,131.00,0.031818
763.3236,5.9620,61.22,131.00,0.031018
763.4283,5.9620,60.95,131.00,0.031208
763.5312,5.9620,61.49,131.00,0.031750
763.6379,5.9620,61.22,131.00,0.031019
763.7393,5.9620,61.49,131.00,0.029862
763.8397,5.9620,60.95,131.00,0.029773
763.9387,5.9620,60.69,131.00,0.028623
764.0327,5.9620,60.95,131.00,0.028464
764.1288,5.9620,61.22,131.00,0.028499
764.2278,5.9790,61.22,131.50,0.030253
764.3262,5.9960,61.22,132.00,0.029580
764.4229,5.9960,61.22,132.00,0.029866
764.5237,5.9960,61.22,132.00,0.030306
764.6223,5.9960,61.22,132.00,0.029435
764.7229,5.9960,61.22,132.00,0.029861
764.8188,5.9960,61.22,132.00,0.029450
764.9188,5.9960,61.22,132.00,0.029460
765.0139,5.9960,61.22,132.00,0.028458
765.1098,5.9960,61.22,132.00,0.028614
765.2052,5.9960,61.49,132.00,0.029510
765.3042,5.9830,61.49,132.00,0.030352
765.4033,5.9700,61.49,132.00,0.030395
765.5037,5.9700,61.22,132.00,0.030363
765.6005,5.9700,61.22,132.00,0.030047
765.7031,5.9700,61.22,132.00,0.030098
765.8014,5.9700,60.95,132.00,0.029997
765.9003,5.9700,61.49,132.00,0.030462
765.9962,5.9700,61.22,132.00,0.029615
766.0961,5.9700,61.22,132.00,0.029341
766.1948,5.9565,61.49,132.00,0.029923
766.2942,5.9430,61.22,132.00,0.030333
766.3909,5.9430,61.22,132.00,0.030118
766.4913,5.9430,61.22,132.00,0.029982
766.5912,5.9430,61.22,132.00,0.030883
766.6913,5.9430,60.69,132.00,0.029982
766.7872,5.9430,61.22,132.00,0.029820
766.8882,5.9430,61.22,132.00,0.030211
766.9869,5.9430,61.49,132.00,0.030060
767.0871,5.9430,61.22,132.00,0.029927
767.1836,5.9735,61.22,132.00,0.029976
767.2844,6.0040,61.49,132.00,0.029715
767.3829,6.0040,61.49,132.00,0.029622
767.4814,6.0040,61.22,132.00,0.029541
767.5779,6.0040,61.49,132.00,0.029364
767.6792,6.0040,61.22,132.00,0.030160
767.7777,6.0040,61.49,132.00,0.029366
767.8759,6.0040,61.22,132.00,0.029726
767.9748,6.0040,60.95,132.00,0.029868
768.0702,6.0040,61.22,132.00,0.028543
768.1659,6.0040,61.22,132.00,0.028313
768.2639,6.0040,61.49,132.00,0.030979
768.3615,5.9660,61.22,130.00,0.030468
768.4593,5.9660,61.22,128.00,0.029122
768.5560,5.9660,61.22,128.00,0.030689
768.6565,5.9660,61.49,128.00,0.029575
768.7559,5.9660,61.22,129.00,0.030725
768.8591,5.9660,61.22,129.00,0.029961
768.9563,5.9660,61.76,129.00,0.030345
769.0553,5.9660,61.49,129.00,0.028982
769.1509,5.9660,61.22,129.00,0.029444
769.2482,5.9660,61.22,129.00,0.029718
769.3483,5.8780,61.22,129.00,0.030489
769.4460,5.8780,60.95,129.00,0.029654
769.5429,5.8780,61.49,129.00,0.030296
769.6432,5.8780,61.22,129.00,0.029882
769.7398,5.8780,61.22,129.00,0.029708
769.8418,5.8780,61.22,129.00,0.029765
769.9376,5.8780,60.95,129.00,0.029487
770.0353,5.8780,61.22,129.00,0.029518
770.1313,5.8780,61.49,129.00,0.029337
770.2294,5.9220,61.22,129.00,0.029843
770.3273,5.9660,61.22,129.00,0.030631
770.4286,5.9660,61.49,129.00,0.030226
770.5279,5.9660,61.22,129.00,0.030503
770.6311,5.9660,60.95,129.00,0.030024
770.7285,5.9660,61.22,129.00,0.030202
770.8316,5.9660,61.22,129.00,0.030184
770.9289,5.9660,61.22,129.00,0.030463
771.0273,5.9660,61.22,129.00,0.028557
771.1230,5.9660,61.76,129.00,0.029390
771.2233,5.9660,61.22,129.00,0.030235
771.3233,5.9660,61.49,129.00,0.030840
771.4217,5.9660,61.22,129.00,0.028404
771.5184,5.9660,61.49,129.00,0.028889
771.6145,5.9660,61.49,129.00,0.028917
771.7104,5.9660,61.22,129.00,0.030282
771.8088,5.9660,61.22,129.00,0.030171
771.9082,5.9660,61.22,129.00,0.030327
772.0086,5.9660,61.22,129.00,0.030088
772.1072,5.9660,61.22,129.00,0.030235
772.2057,5.9640,61.49,129.00,0.029821
772.3019,5.9620,61.22,129.00,0.029404
772.4024,5.9620,61.22,129.00,0.029762
772.4994,5.9620,61.76,129.00,0.030182
772.5999,5.9620,61.22,129.00,0.029525
772.6977,5.9620,61.49,129.00,0.028749
772.7931,5.9620,61.22,129.00,0.028470
772.8896,5.9620,61.49,129.00,0.028516
772.9896,5.9620,60.95,129.00,0.030036
773.0864,5.9620,61.22,129.00,0.030269
773.1870,5.9695,61.76,129.00,0.030285
773.2843,5.9770,61.49,129.00,0.030530
773.3826,5.9770,61.49,129.00,0.030085
773.4808,5.9770,61.22,129.00,0.029610
773.5799,5.9770,61.22,129.00,0.030613
773.6787,5.9770,60.95,129.00,0.030583
773.7750,5.9770,61.22,129.00,0.028835
773.8700,5.9770,61.22,129.00,0.029335
773.9695,5.9770,60.95,129.00,0.029866
774.0688,5.9770,61.76,129.00,0.030814
774.1651,5.9770,61.22,129.00,0.028565
774.2596,5.9770,61.49,129.00,0.028922
774.3600,5.9695,61.22,129.00,0.030782
774.4598,5.9620,61.22,129.00,0.030405
774.5584,5.9620,60.95,129.00,0.029730
774.6569,5.9620,61.22,129.00,0.029551
774.7553,5.9620,61.22,129.00,0.029713
774.8523,5.9620,61.22,129.00,0.029820
774.9514,5.9620,60.95,129.00,0.029970
775.0506,5.9620,61.22,129.00,0.030054
775.1492,5.9620,61.22,129.00,0.029664
775.2472,6.0230,61.49,129.00,0.029968
775.3485,6.0230,61.22,129.00,0.030085
775.4460,6.0230,61.22,129.00,0.028558
775.5433,6.0230,61.22,129.00,0.029650
775.6386,6.0230,61.49,129.00,0.029294
775.7375,6.0230,61.49,129.00,0.028847
775.8349,6.0230,61.49,129.00,0.030436
775.9340,6.0230,61.22,129.00,0.028949
776.0295,6.0230,61.22,129.00,0.029529
776.1280,6.0230,61.22,129.00,0.030011
776.2272,5.9850,61.49,129.00,0.030306
776.3265,5.9470,61.22,129.00,0.030485
776.4267,5.9470,61.22,129.00,0.030923
776.5279,5.9470,61.22,129.00,0.030502
776.6266,5.9470,61.22,129.00,0.029556
776.7235,5.9470,61.22,129.00,0.028946
776.8191,5.9470,61.22,129.00,0.029334
776.9198,5.9470,61.22,129.00,0.030083
777.0187,5.9470,61.22,129.00,0.029772
777.1196,5.9470,61.22,129.00,0.029997
777.2188,5.9470,61.49,129.00,0.029903
777.3179,5.9470,60.95,129.00,0.029803
777.4165,5.9470,61.22,129.00,0.029310
777.5149,5.9470,61.22,129.00,0.029649
777.6138,5.9470,61.22,129.00,0.029239
777.7122,5.9470,61.22,129.00,0.029540
777.8116,5.9470,61.22,129.00,0.029721
777.9132,5.9470,61.22,129.00,0.030347
778.0106,5.9470,61.76,129.00,0.029897
778.1115,5.9470,61.49,129.00,0.030156
778.2113,5.9490,61.22,129.00,0.030803
778.3096,5.9510,61.22,129.00,0.029726
778.4068,5.9510,61.22,129.00,0.029886
778.5060,5.9510,61.49,129.00,0.028693
778.6029,5.9510,61.49,129.00,0.029316
778.7007,5.9510,61.22,129.00,0.029881
778.7999,5.9510,61.22,129.00,0.030614
778.8986,5.9510,61.76,129.00,0.028845
778.9965,5.9510,61.22,129.00,0.029976
779.0970,5.9510,61.22,129.00,0.030022
779.1934,5.9220,61.22,129.00,0.030348
779.2922,5.8930,61.22,129.00,0.030338
779.3903,5.8930,61.76,129.00,0.030141
779.4888,5.8930,61.22,129.00,0.030345
779.5880,5.8930,61.49,129.00,0.030377
779.6886,5.8930,61.49,129.00,0.029723
779.7866,5.8930,60.95,129.00,0.030432
779.8829,5.8930,61.22,129.00,0.029489
779.9801,5.8930,60.95,129.00,0.029321
780.0794,5.8930,60.95,129.00,0.029986
780.1814,5.8930,60.95,129.00,0.030171
780.2882,5.9960,61.49,129.00,0.030325
780.3853,5.9960,60.95,129.00,0.028175
780.4818,5.9960,60.95,129.00,0.029224
780.5789,5.9960,61.49,129.00,0.029392
780.6842,5.9960,61.22,129.00,0.029073
780.7840,5.9960,61.22,129.00,0.029336
780.8859,5.9960,61.49,129.00,0.029515
780.9840,5.9960,61.49,129.00,0.029703
781.0859,5.9960,61.22,129.00,0.029660
781.1817,5.9960,61.22,130.00,0.028305
781.2771,5.9960,61.49,130.00,0.028808
781.3702,5.9960,61.22,130.00,0.028643
781.4660,5.9960,61.49,130.00,0.029526
781.5622,5.9960,61.22,130.00,0.030777
781.6601,5.9960,61.22,130.00,0.030362
781.7598,5.9960,61.22,130.00,0.030184
781.8600,5.9960,61.22,130.00,0.030097
781.9560,5.9960,61.22,130.00,0.029576
782.0562,5.9960,60.95,130.00,0.029855
782.1561,5.9960,61.22,130.00,0.030344
782.2594,5.9960,61.22,130.00,0.030206
782.3593,5.9960,61.49,130.00,0.030657
782.4565,5.9735,61.49,130.00,0.030775
782.5570,5.9510,61.22,130.00,0.029982
782.6566,5.9510,61.22,130.00,0.029682
782.7543,5.9510,61.22,130.00,0.030003
782.8519,5.9510,61.22,130.00,0.029950
782.9494,5.9510,60.95,130.00,0.029635
783.0466,5.9510,61.22,130.00,0.029561
783.1441,5.9510,61.22,130.00,0.029443
783.2463,5.9565,61.22,130.00,0.029122
783.3444,5.9620,60.95,130.00,0.029381
783.4438,5.9620,60.95,130.00,0.029823
783.5400,5.9620,61.22,130.00,0.030225
783.6376,5.9620,61.22,130.00,0.030077
783.7340,5.9620,61.22,130.00,0.030381
783.8326,5.9620,60.95,130.00,0.030908
783.9325,5.9620,61.49,130.00,0.030159
784.0327,5.9620,61.49,130.00,0.030680
784.1290,5.9620,61.22,130.00,0.029047
784.2259,5.9620,61.49,130.00,0.028604
784.3208,5.9810,61.22,130.00,0.030180
784.4217,6.0000,61.49,130.00,0.029678
784.5200,6.0000,61.22,130.00,0.030868
784.6191,6.0000,61.22,130.00,0.030046
784.7153,6.0000,61.22,130.00,0.030502
784.8129,6.0000,60.95,130.00,0.030265
784.9067,6.0000,61.22,130.00,0.029231
785.0021,6.0000,61.22,130.00,0.028904
785.0952,6.0000,61.22,130.00,0.028569
785.1921,5.9980,61.22,130.00,0.029701
785.2905,5.9960,61.22,130.00,0.029114
785.3920,5.9960,61.22,130.00,0.029336
785.4899,5.9960,61.22,130.00,0.028520
785.5848,5.9960,61.49,130.00,0.028566
785.6790,5.9960,61.22,130.00,0.028939
785.7785,5.9960,61.49,130.00,0.030369
785.8747,5.9960,61.49,130.00,0.028932
785.9698,5.9960,61.22,130.00,0.028848
786.0680,5.9960,61.76,130.00,0.030344
786.1663,5.9960,61.49,130.00,0.029118
786.2647,6.0080,61.22,130.00,0.029790
786.3652,6.0080,61.22,130.00,0.030501
786.4611,6.0080,61.76,130.00,0.030258
786.5589,6.0080,61.49,130.00,0.030358
786.6536,6.0080,61.49,130.00,0.028773
786.7493,6.0080,61.22,130.00,0.028786
786.8469,6.0080,61.49,130.00,0.029578
786.9445,6.0080,60.69,130.00,0.029880
787.0428,6.0080,61.22,130.00,0.029545
787.1446,6.0080,61.22,130.00,0.029531
787.2432,6.0040,61.49,130.00,0.029734
787.3429,6.0000,61.49,130.00,0.029473
787.4384,6.0000,61.22,130.00,0.029858
787.5342,6.0000,61.22,130.00,0.028616
787.6302,6.0000,61.49,130.00,0.029346
787.7263,6.0000,61.22,130.00,0.029824
787.8242,6.0000,61.22,130.00,0.030638
787.9235,6.0000,61.22,130.00,0.030167
788.0202,6.0000,60.95,130.00,0.030893
788.1152,6.0000,61.22,130.00,0.028580
788.2085,6.0000,61.22,130.00,0.028613
788.3062,6.0000,61.76,130.00,0.028826
788.4039,6.0190,61.22,130.00,0.030120
788.5017,6.0190,61.22,130.00,0.030089
788.5976,6.0190,61.22,130.00,0.029662
788.6953,6.0190,61.22,130.00,0.029950
788.7908,6.0190,60.95,130.00,0.029643
788.8891,6.0190,61.76,130.00,0.030139
788.9887,6.0190,61.22,130.00,0.030472
789.0856,6.0190,61.22,130.00,0.028372
789.1798,6.0190,61.49,130.00,0.028338
789.2831,5.9925,61.22,130.00,0.031358
789.3870,5.9660,61.22,130.00,0.030001
789.4921,5.9660,61.22,130.00,0.029808
789.5961,5.9660,61.49,130.00,0.030410
789.7033,5.9660,61.49,130.00,0.030980
789.8069,5.9660,60.95,130.00,0.030120
789.9116,5.9660,61.76,130.00,0.030411
790.0170,5.9660,61.22,130.00,0.030958
790.1191,5.9660,61.22,130.00,0.028775
790.2217,5.9660,61.22,130.00,0.028714
790.3228,5.9660,61.22,130.00,0.030401
790.4282,5.8820,61.49,130.00,0.030947
790.5331,5.8820,61.22,130.00,0.031488
790.6411,5.8820,61.22,130.00,0.031760
790.7465,5.8820,61.22,130.00,0.031839
790.8529,5.8820,60.95,130.00,0.030694
790.9505,5.8820,61.76,130.00,0.028984
791.0456,5.8820,61.22,130.00,0.028908
791.1431,5.8820,61.22,130.00,0.029835
791.2460,5.8820,61.22,130.00,0.030171
791.3512,5.8820,60.95,130.00,0.030805
791.4562,5.8820,61.49,130.00,0.030782
791.5605,5.8820,61.22,130.00,0.030998
791.6634,5.8820,61.22,130.00,0.031407
791.7656,5.8820,61.22,130.00,0.030619
791.8701,5.8820,61.22,130.00,0.030799
791.9754,5.8820,61.49,130.00,0.029987
792.0708,5.8820,61.76,130.00,0.028796
792.1676,5.8820,61.22,130.00,0.031209
792.2740,5.8820,61.49,130.00,0.030984
792.3806,5.8820,61.49,130.00,0.031872
792.4844,5.9125,61.22,130.00,0.031806
792.5932,5.9430,61.49,130.00,0.031614
792.6969,5.9430,61.49,130.00,0.031633
792.8011,5.9430,61.22,130.00,0.031891
792.9031,5.9430,61.22,129.00,0.031592
793.0103,5.9430,61.49,129.00,0.031858
793.1156,5.9430,61.22,129.50,0.031456
793.2220,5.9390,61.22,130.00,0.031667
793.3276,5.9350,61.76,130.00,0.031280
793.4312,5.9350,61.22,130.00,0.031607
793.5350,5.9350,60.95,130.00,0.031378
793.6403,5.9350,61.22,130.00,0.031281
793.7430,5.9350,61.22,130.00,0.030766
793.8475,5.9350,61.22,130.00,0.032384
793.9504,5.9350,61.49,130.00,0.031566
794.0578,5.9350,61.49,130.00,0.031816
794.1612,5.9350,61.22,130.00,0.031610
794.2640,5.8630,60.95,129.00,0.031422
794.3673,5.8630,61.49,129.00,0.030533
794.4706,5.8630,61.49,129.00,0.029290
794.5670,5.8630,60.95,129.50,0.029051
794.6627,5.8630,60.95,129.00,0.028720
794.7629,5.8630,61.22,129.00,0.030828
794.8687,5.8630,61.22,129.00,0.031567
794.9727,5.8630,61.49,129.00,0.031440
795.0791,5.8630,61.22,129.00,0.031295
795.1855,5.8630,61.22,129.00,0.031501
795.2899,5.8930,61.22,129.00,0.031027
795.3942,5.8930,61.22,129.00,0.031629
795.4977,5.8930,61.49,129.00,0.031464
795.6018,5.8930,61.22,129.00,0.030848
795.7059,5.8930,61.22,129.00,0.030962
795.8025,5.8930,61.22,129.00,0.028892
795.8985,5.8930,61.22,129.00,0.029197
795.9955,5.8930,61.49,129.50,0.029561
796.0974,5.8930,61.22,129.50,0.031771
796.2018,5.9275,61.49,129.50,0.032078
796.3071,5.9620,61.22,127.50,0.032849
796.4138,5.9620,61.22,125.00,0.031342
796.5175,5.9620,61.22,125.00,0.031338
796.6212,5.9620,61.22,126.00,0.031949
796.7255,5.9620,60.95,126.00,0.031373
796.8292,5.9620,61.22,126.00,0.030915
796.9332,5.9620,60.95,126.00,0.031914
797.0370,5.9620,61.22,126.00,0.031371
797.1404,5.9620,60.95,126.00,0.031635
797.2378,5.9620,61.76,126.00,0.028546
797.3342,5.9620,61.22,126.00,0.028888
797.4352,5.9620,61.22,126.00,0.030392
797.5412,5.9620,61.22,126.00,0.030749
797.6454,5.9620,61.22,126.00,0.031060
797.7507,5.9620,61.76,126.00,0.031369
797.8560,5.9620,61.22,126.00,0.030960
797.9584,5.9620,61.22,126.00,0.030709
798.0564,5.9620,61.22,126.00,0.028874
798.1518,5.9620,60.95,126.00,0.029460
798.2536,5.9620,61.22,126.00,0.030917
798.3575,5.9620,61.22,126.00,0.031007
798.4605,5.9620,61.22,126.00,0.031876
798.5655,5.9355,61.22,126.00,0.031826
798.6724,5.9090,61.22,126.50,0.033506
798.7707,5.9090,61.49,127.00,0.028723
798.8658,5.9090,60.95,127.00,0.029350
798.9681,5.9090,61.22,127.00,0.031707
799.0671,5.9090,60.95,127.00,0.029587
799.1621,5.9090,61.49,127.00,0.029128
799.2641,5.9090,61.22,127.00,0.030681
799.3708,5.9050,61.49,127.00,0.030411
799.4728,5.9050,61.22,127.00,0.031524
799.5775,5.9050,61.49,127.00,0.031301
799.6733,5.9050,61.22,127.00,0.028539
799.7698,5.9050,60.95,127.00,0.028578
799.8728,5.9050,61.22,127.00,0.031785
799.9775,5.9050,61.22,127.00,0.031518
800.0820,5.9050,60.95,127.00,0.030956
800.1816,5.9050,61.22,127.00,0.028243
800.2786,5.9050,61.22,127.00,0.029322
800.3755,5.9050,61.22,127.00,0.029074
800.4775,5.8740,61.22,127.00,0.030972
800.5818,5.8740,61.22,127.00,0.031460
800.6880,5.8740,61.22,127.00,0.031883
800.7890,5.8740,61.22,127.00,0.030871
800.8934,5.8740,61.22,127.00,0.031000
801.0009,5.8740,61.22,127.00,0.031487
801.1052,5.8740,61.22,127.00,0.030844
801.2104,5.8625,61.49,127.00,0.032125
801.3173,5.8510,61.22,127.00,0.031322
801.4228,5.8510,61.49,127.00,0.030956
801.5293,5.8510,61.22,127.00,0.031631
801.6314,5.8510,61.22,127.00,0.031002
801.7336,5.8510,61.22,127.00,0.031250
801.8367,5.8510,61.22,127.00,0.031786
801.9369,5.8510,61.22,127.00,0.030337
802.0415,5.8510,61.22,127.00,0.030918
802.1485,5.8510,60.69,127.00,0.031341
802.2469,5.8510,61.76,127.00,0.028554
802.3458,5.8990,61.22,127.00,0.029416
802.4474,5.9470,61.22,127.00,0.030520
802.5529,5.9470,61.22,127.00,0.031393
802.6558,5.9470,61.22,127.00,0.031591
802.7583,5.9470,61.22,127.00,0.031173
802.8606,5.9470,61.22,127.00,0.031192
802.9638,5.9470,61.22,127.00,0.031195
803.0688,5.9470,61.22,128.00,0.031858
803.1744,5.9470,60.95,128.00,0.032033
803.2772,5.9920,61.76,128.00,0.031491
803.3806,5.9920,61.22,128.00,0.031709
803.4779,5.9920,61.49,128.00,0.028654
803.5748,5.9920,60.69,128.00,0.030327
803.6748,5.9920,60.95,128.00,0.030987
803.7803,5.9920,60.95,128.00,0.030409
803.8786,5.9920,61.49,128.00,0.028898
803.9719,5.9920,60.95,128.00,0.028407
804.0707,5.9920,61.22,128.00,0.030527
804.1765,5.9920,61.22,128.00,0.031019
804.2836,6.0120,61.22,128.00,0.031150
804.3904,6.0120,61.22,128.00,0.031653
804.4972,6.0120,61.49,128.00,0.032679
804.5958,6.0120,61.22,128.00,0.030571
804.6960,6.0120,60.95,128.00,0.029879
804.7920,6.0120,60.95,128.00,0.030258
804.8921,6.0120,61.22,128.00,0.030112
804.9921,6.0120,61.76,128.00,0.029950
805.0904,6.0120,61.49,128.00,0.030199
805.1889,6.0135,61.22,128.00,0.030479
805.2834,6.0150,61.22,128.00,0.028797
805.3813,6.0150,61.49,128.00,0.028442
805.4760,6.0150,61.76,128.00,0.029184
805.5746,6.0150,61.22,128.00,0.028800
805.6709,6.0150,61.22,128.00,0.029042
805.7677,6.0150,61.22,128.00,0.029851
805.8663,6.0150,61.49,128.00,0.029864
805.9617,6.0150,61.49,128.00,0.028494
806.0558,6.0150,61.22,128.00,0.028425
806.1541,6.0150,61.22,128.00,0.030595
806.2508,5.9700,61.22,128.00,0.030319
806.3521,5.9700,60.95,128.00,0.030600
806.4482,5.9700,61.22,128.00,0.029786
806.5471,5.9700,61.22,128.00,0.030383
806.6432,5.9700,61.22,128.00,0.030184
806.7432,5.9700,61.22,128.00,0.030207
806.8415,5.9700,61.22,128.00,0.029836
806.9379,5.9700,61.22,128.00,0.028577
807.0336,5.9700,61.22,128.00,0.028327
807.1292,5.9700,61.22,128.00,0.028533
807.2256,5.9700,61.49,128.00,0.028473
807.3217,5.9700,61.22,128.00,0.028916
807.4200,5.9700,61.22,128.00,0.030037
807.5194,5.9700,61.49,128.00,0.029275
807.6144,5.9700,61.22,128.00,0.028784
807.7099,5.9700,61.22,128.00,0.028508
807.8085,5.9700,61.22,128.00,0.030340
807.9069,5.9700,60.95,128.00,0.028520
808.0017,5.9700,61.22,128.00,0.029379
808.0979,5.9700,61.22,128.00,0.028681
808.1947,5.9700,61.22,128.00,0.030589
808.2952,5.9700,61.49,128.00,0.030091
808.3917,5.9700,61.49,128.00,0.030385
808.4910,5.9700,61.49,128.00,0.029717
808.5905,5.9700,61.22,128.00,0.030694
808.6907,5.9640,61.76,128.00,0.030251
808.7885,5.9580,61.49,128.00,0.030494
808.8913,5.9580,61.49,128.00,0.030636
808.9867,5.9580,61.49,128.00,0.028992
809.0825,5.9580,61.22,128.00,0.028738
809.1766,5.9580,61.22,128.00,0.028180
809.2722,5.9580,61.22,128.00,0.028706
809.3667,5.9580,61.49,128.00,0.029147
809.4664,5.9525,61.22,128.00,0.030054
809.5632,5.9470,61.22,128.00,0.029424
809.6591,5.9470,61.49,128.00,0.028534
809.7529,5.9470,61.22,127.50,0.028401
809.8503,5.9470,61.22,128.00,0.028732
809.9468,5.9470,61.76,128.00,0.030817
810.0446,5.9470,61.22,128.00,0.030066
810.1431,5.9470,61.49,128.00,0.030279
810.2402,5.9640,61.22,128.00,0.029595
810.3368,5.9810,61.49,128.00,0.029118
810.4350,5.9810,61.22,128.00,0.028872
810.5323,5.9810,61.49,128.00,0.029721
810.6304,5.9810,60.95,128.00,0.030004
810.7242,5.9810,61.49,128.00,0.028200
810.8219,5.9810,61.49,128.00,0.028746
810.9183,5.9810,61.22,128.00,0.029010
811.0187,5.9810,61.22,128.00,0.030657
811.1144,5.9810,61.22,128.00,0.029776
811.2130,5.9905,61.22,128.00,0.031466
811.3109,6.0000,61.49,128.00,0.029152
811.4083,6.0000,61.22,128.00,0.029505
811.5057,6.0000,61.49,128.00,0.029160
811.6112,6.0000,61.22,128.00,0.029937
811.7158,6.0000,61.49,128.00,0.030365
811.8218,6.0000,61.22,128.00,0.030297
811.9258,6.0000,61.22,128.00,0.030092
812.0304,6.0000,61.49,128.00,0.029364
812.1309,6.0000,60.95,128.00,0.030170
812.2383,5.8970,61.49,128.00,0.029945
812.3439,5.7940,60.69,128.00,0.031032
812.4458,5.7940,61.22,128.00,0.030189
812.5545,5.7940,61.49,128.00,0.032005
812.6594,5.7940,61.49,128.00,0.030944
812.7652,5.7940,60.95,128.00,0.030193
812.8705,5.7940,60.95,128.00,0.032219
812.9809,5.7940,61.22,128.00,0.033681
813.0921,5.7940,61.22,128.00,0.032892
813.2020,5.8170,61.49,128.00,0.033641
813.3123,5.8400,61.22,128.00,0.031388
813.4107,5.8400,61.49,128.00,0.029298
813.5083,5.8400,61.22,128.00,0.028912
813.6134,5.8400,61.49,128.00,0.032072
813.7212,5.8400,61.22,128.00,0.031812
813.8220,5.8400,61.22,128.00,0.028718
813.9177,5.8400,60.95,128.00,0.029354
814.0165,5.8400,61.22,128.00,0.029830
814.1208,5.8400,61.22,128.00,0.031484
814.2250,5.8875,60.95,128.00,0.030828
814.3311,5.9350,61.22,128.00,0.030746
814.4380,5.9350,61.22,127.50,0.031346
814.5427,5.9350,61.22,127.00,0.031235
814.6489,5.9350,60.95,127.00,0.031058
814.7531,5.9350,61.22,127.00,0.031282
814.8581,5.9350,61.22,127.00,0.031368
814.9648,5.9350,61.22,127.00,0.031484
815.0696,5.9350,61.22,127.00,0.031853
815.1763,5.9350,61.22,128.00,0.031163
815.2829,5.8550,61.22,128.00,0.031027
815.3881,5.8550,61.49,128.00,0.030985
815.4923,5.8550,61.49,127.50,0.030786
815.5986,5.8550,61.22,127.50,0.030855
815.7050,5.8550,61.49,127.00,0.030076
815.8091,5.8550,61.22,127.50,0.030439
815.9153,5.8550,61.22,127.50,0.030233
816.0193,5.8550,61.22,127.00,0.030070
816.1231,5.8550,61.22,127.50,0.029901
816.2292,5.8610,61.22,127.00,0.029912
816.3347,5.8670,61.22,127.00,0.029689
816.4390,5.8670,61.22,127.00,0.030526
816.5433,5.8670,61.22,127.00,0.030557
816.6480,5.8670,61.22,127.50,0.030439
816.7522,5.8670,61.49,127.00,0.030912
816.8561,5.8670,61.22,127.00,0.030696
816.9604,5.8670,61.49,127.00,0.031354
817.0642,5.8670,61.22,127.00,0.030901
817.1690,5.8670,61.22,127.00,0.031763
817.2705,5.9240,61.49,127.00,0.029541
817.3644,5.9240,61.49,127.00,0.028438
817.4624,5.9240,61.22,127.00,0.028597
817.5591,5.9240,61.22,127.00,0.030638
817.6678,5.9240,60.95,127.00,0.032519
817.7707,5.9240,61.22,127.00,0.030398
817.8730,5.9240,61.22,127.00,0.030650
817.9758,5.9240,61.22,128.00,0.030306
818.0812,5.9240,61.76,127.50,0.029316
818.1850,5.8855,61.22,128.00,0.031353
818.2927,5.8470,61.22,128.00,0.031191
818.3977,5.8470,61.22,128.00,0.031295
818.5009,5.8470,60.95,128.00,0.030116
818.6079,5.8470,61.22,128.00,0.031456
818.7126,5.8470,61.22,128.00,0.032058
818.8179,5.8470,61.22,128.00,0.031716
818.9247,5.8470,61.22,128.00,0.031333
819.0254,5.8470,61.22,127.50,0.028866
819.1199,5.8470,61.22,127.50,0.028872
819.2213,5.8470,61.22,127.00,0.031518
819.3240,5.9045,61.22,127.00,0.030409
819.4279,5.9620,61.22,127.00,0.031638
819.5330,5.9620,61.22,127.00,0.032338
819.6396,5.9620,61.22,127.00,0.031229
819.7415,5.9620,61.22,127.00,0.031435
819.8480,5.9620,61.22,127.00,0.031790
819.9474,5.9620,60.95,127.00,0.028947
820.0430,5.9620,61.76,127.00,0.028224
820.1400,5.9620,61.22,127.00,0.029020
820.2371,5.9450,61.22,127.50,0.029664
820.3420,5.9280,61.22,127.00,0.031292
820.4477,5.9280,61.22,127.00,0.031434
820.5536,5.9280,61.49,127.00,0.032820
820.6644,5.9280,61.49,127.00,0.033675
820.7738,5.9280,61.22,128.00,0.032676
820.8839,5.9280,61.22,128.00,0.033166
820.9933,5.9280,60.95,128.00,0.031647
821.0972,5.9280,61.22,128.00,0.031242
821.2024,5.8840,61.49,128.00,0.031449
821.3068,5.8400,61.22,127.50,0.031224
821.4105,5.8400,61.22,127.50,0.032183
821.5185,5.8400,61.49,127.50,0.031573
821.6188,5.8400,61.22,127.50,0.030127
821.7151,5.8400,61.22,127.50,0.030348
821.8126,5.8400,61.22,127.50,0.030011
821.9085,5.8400,61.22,127.00,0.029358
822.0081,5.8400,61.22,127.50,0.029794
822.1065,5.8400,60.95,127.00,0.030038
822.2075,5.9260,60.95,127.00,0.030397
822.3082,6.0120,61.49,127.00,0.029603
822.4113,6.0120,61.22,127.00,0.030887
822.5149,6.0120,60.95,127.00,0.031860
822.6219,6.0120,61.49,127.00,0.031976
822.7260,6.0120,61.22,127.00,0.030609
822.8275,6.0120,61.49,127.50,0.030933
822.9290,6.0120,61.22,127.00,0.030809
823.0337,6.0120,61.49,127.50,0.031452
823.1362,6.0120,61.22,127.00,0.031999
823.2427,6.0020,60.95,127.00,0.030661
823.3478,5.9920,61.49,127.00,0.031588
823.4515,5.9920,60.95,127.00,0.031120
823.5554,5.9920,61.22,127.50,0.030968
823.6618,5.9920,61.22,127.50,0.031497
823.7688,5.9920,60.95,128.00,0.031680
823.8743,5.9920,61.22,128.00,0.031354
823.9820,5.9920,61.22,128.00,0.031401
824.0864,5.9920,61.22,128.00,0.030394
824.1888,5.9100,61.22,128.00,0.030970
824.2869,5.8280,61.22,128.00,0.028910
824.3819,5.8280,60.95,128.00,0.029055
824.4803,5.8280,61.22,127.50,0.030512
824.5867,5.8280,61.49,128.00,0.031558
824.6899,5.8280,61.22,127.50,0.029727
824.7869,5.8280,61.49,127.50,0.029014
824.8825,5.8280,61.22,127.50,0.029084
824.9843,5.8280,61.22,128.00,0.031301
825.0819,5.8280,61.49,128.00,0.028865
825.1766,5.8280,61.49,128.00,0.029377
825.2787,5.8280,60.95,128.00,0.030860
825.3775,5.8890,61.22,128.00,0.028584
825.4740,5.8890,61.22,128.00,0.028955
825.5727,5.8890,61.22,127.50,0.029977
825.6772,5.8890,61.49,127.50,0.031293
825.7792,5.8890,61.22,127.50,0.031568
825.8856,5.8890,61.22,127.00,0.030971
825.9877,5.8890,61.49,127.50,0.031571
826.0939,5.8890,61.22,128.00,0.031178
826.1967,5.8550,61.49,128.00,0.031555
826.3020,5.8210,60.95,128.00,0.031168
826.4048,5.8210,60.95,128.00,0.031122
826.5088,5.8210,61.49,128.00,0.030929
826.6131,5.8210,60.95,128.00,0.030904
826.7153,5.8210,60.69,128.00,0.030800
826.8177,5.8210,61.22,128.00,0.030818
826.9206,5.8210,61.22,128.00,0.031215
827.0243,5.8210,61.22,128.00,0.030894
827.1288,5.8210,60.95,128.00,0.031008
827.2323,5.8725,61.49,128.00,0.029020
827.3300,5.9240,61.22,128.00,0.029226
827.4243,5.9240,60.95,128.00,0.028821
827.5275,5.9240,61.22,128.00,0.031699
827.6334,5.9240,61.22,128.00,0.031193
827.7376,5.9240,61.22,128.00,0.031695
827.8446,5.9240,61.22,128.00,0.030818
827.9481,5.9240,61.22,128.00,0.031484
828.0475,5.9240,61.22,128.00,0.029014
828.1445,5.9240,61.22,128.00,0.028987
828.2444,5.9240,61.22,128.00,0.030133
828.3503,5.8550,61.22,128.00,0.031564
828.4570,5.8550,61.22,128.00,0.031682
828.5639,5.8550,61.49,128.00,0.030267
828.6641,5.8550,60.95,128.00,0.029736
828.7673,5.8550,61.22,129.00,0.030328
828.8659,5.8550,61.22,129.00,0.028868
828.9647,5.8550,61.49,129.00,0.028943
829.0633,5.8550,61.22,129.00,0.030522
829.1615,5.8550,61.22,129.00,0.030213
829.2677,5.8250,61.49,129.00,0.030882
829.3727,5.8250,61.76,129.00,0.031255
829.4694,5.8250,61.22,129.00,0.029051
829.5680,5.8250,61.49,129.00,0.028782
829.6658,5.8250,61.22,129.00,0.029767
829.7619,5.8250,61.22,129.00,0.028709
829.8590,5.8250,61.22,129.00,0.028455
829.9614,5.8250,61.22,129.00,0.030301
830.0570,5.8250,61.22,129.00,0.028867
830.1521,5.8250,60.95,129.00,0.029368
830.2505,5.8400,61.22,129.00,0.030276
830.3512,5.8550,61.22,129.00,0.029311
830.4515,5.8550,61.49,129.00,0.029673
830.5546,5.8550,61.22,129.00,0.030042
830.6597,5.8550,61.22,129.00,0.029758
830.7642,5.8550,61.76,129.00,0.029017
830.8629,5.8550,61.49,129.00,0.030752
830.9677,5.8550,61.22,129.00,0.030017
831.0722,5.8550,60.95,129.00,0.029775
831.1776,5.8550,61.22,129.00,0.030516
831.2829,5.8590,61.76,129.00,0.029844
831.3881,5.8590,61.49,129.00,0.030285
831.4920,5.8590,61.22,129.00,0.030485
831.5950,5.8590,61.22,129.00,0.030206
831.6968,5.8590,61.22,129.00,0.030220
831.8008,5.8590,61.22,129.00,0.030521
831.9069,5.8590,61.49,129.00,0.030799
832.0099,5.8590,60.95,129.00,0.030833
832.1113,5.8590,61.22,129.00,0.030625
832.2138,5.8455,60.95,130.00,0.030919
832.3157,5.8320,61.22,130.00,0.030505
832.4169,5.8320,61.22,130.00,0.030616
832.5194,5.8320,61.49,130.00,0.031263
832.6236,5.8320,61.49,130.00,0.030920
832.7262,5.8320,61.49,130.00,0.028411
832.8205,5.8320,61.49,130.00,0.028940
832.9212,5.8320,61.49,130.00,0.029195
833.0263,5.8320,61.49,130.00,0.030530
833.1314,5.8320,61.49,130.00,0.030211
833.2374,5.8510,60.95,130.00,0.030247
833.3396,5.8700,61.22,130.00,0.030782
833.4432,5.8700,61.49,130.00,0.030790
833.5462,5.8700,61.22,130.00,0.030878
833.6477,5.8700,61.22,130.00,0.030965
833.7504,5.8700,61.76,130.00,0.030334
833.8514,5.8700,61.22,130.00,0.030505
833.9549,5.8700,61.22,130.00,0.030643
834.0601,5.8700,61.22,130.00,0.030823
834.1627,5.8700,61.22,130.00,0.030136
834.2671,5.9540,61.49,130.00,0.030808
834.3723,5.9540,61.22,130.00,0.031248
834.4766,5.9540,61.22,130.00,0.031720
834.5833,5.9540,60.95,130.00,0.031415
834.6898,5.9540,61.22,130.00,0.032037
834.7960,5.9540,61.22,130.00,0.031701
834.9006,5.9540,61.49,130.00,0.031404
835.0038,5.9540,61.22,130.00,0.030315
835.1043,5.9540,61.49,130.00,0.030730
835.2049,5.9560,61.49,130.00,0.030929
835.3019,5.9580,60.95,130.00,0.028769
835.3975,5.9580,61.22,130.00,0.028683
835.4918,5.9580,61.22,130.00,0.028943
835.5898,5.9580,61.22,130.00,0.028904
835.6874,5.9580,61.22,130.00,0.029551
835.7873,5.9580,61.49,130.00,0.029868
835.8820,5.9580,61.22,130.00,0.028756
835.9782,5.9580,61.22,130.00,0.029036
836.0743,5.9580,61.22,130.00,0.028832
836.1718,5.9580,61.22,130.00,0.030346
836.2688,6.0040,61.22,130.00,0.030497
836.3688,6.0040,61.22,130.00,0.030128
836.4676,6.0040,61.49,130.00,0.030424
836.5727,6.0040,61.76,128.00,0.032614
836.6760,6.0040,61.76,126.00,0.031761
836.7793,6.0040,60.95,126.00,0.030833
836.8831,6.0040,61.76,126.00,0.030286
836.9815,6.0040,61.22,126.00,0.030057
837.0799,6.0040,61.22,126.00,0.030509
837.1754,6.0040,61.22,126.00,0.028619
837.2701,6.0040,61.22,126.00,0.029385
837.3667,5.9925,61.22,127.00,0.029584
837.4626,5.9810,61.22,127.00,0.029722
837.5609,5.9810,61.22,127.00,0.030659
837.6603,5.9810,61.49,127.00,0.029845
837.7580,5.9810,61.22,127.00,0.028621
837.8519,5.9810,61.22,127.00,0.028760
837.9512,5.9810,61.49,127.00,0.029805
838.0461,5.9810,60.95,127.00,0.029191
838.1442,5.9810,61.22,127.00,0.030229
838.2398,5.9770,61.22,127.00,0.029081
838.3400,5.9730,61.22,127.00,0.029753
838.4374,5.9730,61.49,127.00,0.029193
838.5354,5.9730,61.49,127.00,0.030055
838.6291,5.9730,61.22,127.00,0.028453
838.7264,5.9730,61.76,127.00,0.028746
838.8210,5.9730,61.76,127.00,0.029372
838.9206,5.9730,61.22,127.00,0.030324
839.0186,5.9730,61.22,127.00,0.029851
839.1144,5.9730,61.22,127.00,0.028623
839.2081,5.9730,61.22,127.00,0.028735
839.3062,5.9730,61.22,127.00,0.028976
839.4018,5.9825,61.22,127.00,0.030163
839.5006,5.9920,61.49,127.00,0.030548
839.5974,5.9920,61.49,127.00,0.030793
839.6977,5.9920,61.49,127.00,0.030642
839.7943,5.9920,61.22,127.00,0.030462
839.8927,5.9920,61.49,127.00,0.029855
839.9883,5.9920,61.22,127.00,0.029374
840.0879,5.9920,61.22,127.00,0.029790
840.1865,5.9905,61.49,127.00,0.030192
840.2869,5.9890,61.49,127.00,0.030486
840.3826,5.9890,61.22,127.00,0.029800
840.4784,5.9890,61.22,127.00,0.029151
840.5755,5.9890,61.22,127.00,0.030138
840.6738,5.9890,61.22,127.00,0.028907
840.7704,5.9890,61.49,127.00,0.029087
840.8667,5.9890,60.95,127.00,0.029472
840.9631,5.9890,61.22,127.00,0.030454
841.0627,5.9890,61.76,127.00,0.030275
841.1582,5.9890,60.95,127.00,0.030330
841.2563,6.0120,61.49,127.00,0.030172
841.3547,6.0120,61.22,127.00,0.030593
841.4523,6.0120,61.22,127.00,0.030437
841.5502,6.0120,61.22,127.00,0.028606
841.6453,6.0120,61.22,127.00,0.028824
841.7415,6.0120,61.22,127.00,0.028588
841.8387,6.0120,61.76,127.00,0.028556
841.9323,6.0120,61.22,127.00,0.028651
842.0308,6.0120,61.49,127.00,0.029344
842.1253,6.0120,61.22,127.00,0.028629
842.2226,5.9680,61.22,127.00,0.029890
842.3183,5.9240,61.49,127.50,0.029855
842.4159,5.9240,61.49,128.00,0.030242
842.5125,5.9240,61.22,128.00,0.030882
842.6126,5.9240,61.22,128.00,0.030320
842.7085,5.9240,61.22,128.00,0.030126
842.8083,5.9240,61.22,128.00,0.030200
842.9082,5.9240,61.22,128.00,0.029915
843.0082,5.9240,61.49,128.00,0.030328
843.1066,5.9240,61.49,128.00,0.030036
843.2037,5.9755,61.22,128.00,0.029934
843.2994,6.0270,61.22,128.00,0.029938
843.3994,6.0270,61.22,128.00,0.030361
843.4992,6.0270,61.22,128.00,0.029389
843.6015,6.0270,61.22,128.00,0.030553
843.6979,6.0270,61.49,128.00,0.030506
843.7960,6.0270,61.22,128.00,0.030662
843.8942,6.0270,61.49,128.00,0.029980
843.9916,6.0270,61.22,128.00,0.030056
844.0867,6.0270,61.49,128.00,0.029322
844.1844,6.0270,61.76,128.00,0.029934
844.2851,6.0270,61.49,128.00,0.030282
844.3880,6.0270,61.49,128.00,0.028627
844.4866,6.0270,61.22,128.00,0.029782
844.5886,6.0270,61.49,128.00,0.029803
844.6908,6.0270,61.22,128.00,0.030263
844.7945,6.0270,61.22,128.00,0.030517
844.8991,6.0270,61.49,128.00,0.030155
845.0052,6.0270,61.22,129.00,0.030499
845.1111,6.0270,61.49,129.00,0.030700
845.2171,5.9850,62.03,129.00,0.030337
845.3211,5.9430,61.22,130.00,0.030341
845.4229,5.9430,61.22,130.00,0.030674
845.5197,5.9430,60.95,130.00,0.028999
845.6151,5.9430,61.49,130.00,0.028882
845.7198,5.9430,61.49,130.00,0.029920
845.8264,5.9430,61.49,130.00,0.030509
845.9310,5.9430,61.22,130.00,0.030396
846.0373,5.9430,61.49,130.00,0.030385
846.1397,5.9430,61.22,130.00,0.030628
846.2433,5.8705,61.22,130.00,0.031060
846.3491,5.7980,61.22,130.00,0.031420
846.4553,5.7980,61.49,130.00,0.031868
846.5615,5.7980,61.22,130.00,0.031835
846.6679,5.7980,61.49,130.00,0.032089
846.7735,5.7980,61.22,130.00,0.031944
846.8795,5.7980,61.22,130.00,0.031434
846.9839,5.7980,61.22,130.00,0.031061
847.0886,5.7980,61.22,130.00,0.031352
847.1933,5.8360,61.22,130.00,0.031699
847.2994,5.8740,61.22,130.00,0.030713
847.4040,5.8740,61.22,130.00,0.030964
847.5068,5.8740,60.95,130.00,0.031322
847.6127,5.8740,61.22,130.00,0.031297
847.7183,5.8740,61.49,130.00,0.031275
847.8231,5.8740,61.22,130.00,0.031730
847.9282,5.8740,60.95,130.00,0.031225
848.0321,5.8740,61.22,130.00,0.030586
848.1298,5.8740,61.49,130.00,0.029307
848.2240,5.8740,61.22,130.00,0.028763
848.3224,5.8740,61.22,130.00,0.028696
848.4252,5.8380,61.22,130.00,0.031520
848.5287,5.8020,60.95,130.00,0.032199
848.6349,5.8020,61.49,130.00,0.032221
848.7347,5.8020,61.49,130.00,0.030051
848.8346,5.8020,61.49,130.00,0.029857
848.9313,5.8020,61.49,130.00,0.030142
849.0357,5.8020,61.49,130.00,0.030935
849.1400,5.8020,61.49,130.00,0.031467
849.2472,5.8130,61.22,130.00,0.030916
849.3507,5.8130,61.22,130.00,0.032035
849.4574,5.8130,61.49,130.00,0.030996
849.5618,5.8130,61.22,130.00,0.030926
849.6666,5.8130,61.49,130.00,0.031361
849.7736,5.8130,61.22,130.00,0.031290
849.8784,5.8130,61.22,130.00,0.030624
849.9844,5.8130,61.22,130.00,0.031272
850.0892,5.8130,61.22,130.00,0.031474
850.1939,5.8300,61.22,130.00,0.031365
850.3007,5.8470,61.49,130.00,0.031052
850.4078,5.8470,61.22,130.00,0.031440
850.5145,5.8470,61.49,130.00,0.031191
850.6186,5.8470,60.95,130.00,0.030504
850.7236,5.8470,61.22,130.00,0.030690
850.8305,5.8470,61.22,130.00,0.030408
850.9366,5.8470,61.22,130.00,0.029998
851.0407,5.8470,61.22,130.00,0.030196
851.1443,5.8470,61.22,130.00,0.030101
851.2518,5.8740,60.95,130.00,0.030576
851.3588,5.8740,60.95,130.00,0.030881
851.4647,5.8740,61.22,130.00,0.031071
851.5680,5.8740,60.69,130.00,0.030115
851.6688,5.8740,61.22,130.00,0.030010
851.7668,5.8740,61.49,130.00,0.029445
851.8672,5.8740,61.49,130.00,0.029610
851.9654,5.8740,61.22,130.00,0.029009
852.0615,5.8740,61.49,130.00,0.029752
852.1626,5.8740,61.22,130.00,0.029953
852.2590,5.9730,61.22,130.00,0.029538
852.3587,5.9730,61.49,130.00,0.029447
852.4556,5.9730,61.22,130.00,0.029617
852.5545,5.9730,61.22,130.00,0.030133
852.6513,5.9730,60.95,130.00,0.030786
852.7519,5.9730,61.22,130.50,0.030125
852.8483,5.9730,61.22,131.00,0.029971
852.9466,5.9730,61.22,131.00,0.028836
853.0416,5.9730,61.76,131.00,0.029263
853.1395,5.9730,61.22,131.00,0.029951
853.2402,5.9730,61.22,131.00,0.029992
853.3406,5.9730,61.22,131.00,0.029836
853.4369,5.9730,61.49,131.00,0.029998
853.5353,5.9730,61.22,131.00,0.030333
853.6323,5.9730,61.22,131.00,0.030912
853.7321,5.9730,61.22,131.00,0.029562
853.8332,5.9730,61.49,131.00,0.030361
853.9322,5.9730,60.95,131.00,0.030921
854.0302,5.9730,61.22,131.00,0.029885
854.1266,5.9730,61.22,131.00,0.029237
854.2209,5.9730,60.69,131.00,0.028593
854.3184,5.9540,61.76,131.00,0.030175
854.4197,5.9350,61.22,131.00,0.029839
854.5198,5.9350,61.49,131.00,0.029553
854.6185,5.9350,61.49,131.00,0.029194
854.7164,5.9350,61.49,131.00,0.029675
854.8149,5.9350,61.22,131.00,0.029605
854.9146,5.9350,61.22,131.00,0.029627
855.0097,5.9350,61.22,131.00,0.028710
855.1050,5.9350,61.22,131.00,0.028329
855.2017,5.9445,61.49,131.00,0.031440
855.3001,5.9540,61.49,131.00,0.030056
855.3995,5.9540,61.22,131.00,0.030677
855.4972,5.9540,61.49,131.00,0.029217
855.5959,5.9540,61.49,131.00,0.030704
855.6957,5.9540,61.49,131.00,0.029852
855.7899,5.9540,61.49,131.00,0.028532
855.8856,5.9540,61.22,131.00,0.028701
855.9826,5.9540,61.22,131.00,0.029114
856.0809,5.9540,61.22,131.00,0.030514
856.1794,5.9540,61.22,131.00,0.030025
856.2796,5.9540,61.22,131.00,0.029652
856.3778,5.9540,61.49,131.00,0.029714
856.4762,5.9540,61.76,131.00,0.029701
856.5752,5.9540,61.76,131.00,0.029573
856.6748,5.9540,61.76,131.00,0.029273
856.7715,5.9540,61.22,131.00,0.029527
856.8758,5.9540,61.49,131.00,0.029547
856.9756,5.9540,61.76,131.00,0.030332
857.0811,5.9540,61.49,131.00,0.029867
857.1839,5.9540,61.49,131.00,0.030645
857.2890,5.9540,61.22,131.00,0.030871
857.3967,5.9540,61.76,131.00,0.030288
857.5028,5.9540,61.22,131.00,0.029804
857.6097,5.8930,61.22,131.00,0.031047
857.7121,5.8930,61.76,131.00,0.030746
857.8146,5.8930,61.49,131.00,0.030541
857.9107,5.8930,60.95,131.00,0.028916
858.0052,5.8930,61.22,131.00,0.029171
858.1071,5.8930,61.49,131.00,0.030349
858.2115,5.9105,61.22,131.00,0.030861
858.3176,5.9280,61.22,131.00,0.029727
858.4179,5.9280,61.22,131.00,0.028398
858.5156,5.9280,61.22,131.00,0.028940
858.6136,5.9280,61.22,131.00,0.028625
858.7090,5.9280,61.22,131.00,0.028955
858.8071,5.9280,61.22,131.00,0.030697
858.9091,5.9280,61.22,131.00,0.030463
859.0127,5.9280,61.49,131.00,0.031182
859.1164,5.9280,61.49,131.00,0.030297
859.2215,5.9280,61.49,131.00,0.030636
859.3279,5.9280,61.49,131.00,0.030106
859.4341,5.9280,61.22,131.00,0.030078
859.5402,5.9280,61.22,131.00,0.030514
859.6453,5.9280,61.22,130.50,0.029543
859.7432,5.9280,61.22,130.00,0.029547
859.8393,5.9280,61.22,130.00,0.029238
859.9380,5.9280,61.22,130.00,0.029680
860.0319,5.9280,60.95,130.50,0.028668
860.1288,5.9280,61.22,131.00,0.029470
860.2281,5.9565,61.49,131.00,0.030294
860.3298,5.9850,61.22,131.00,0.030006
860.4262,5.9850,61.22,131.00,0.030062
860.5289,5.9850,61.22,131.00,0.030118
860.6281,5.9850,61.49,131.00,0.030451
860.7284,5.9850,61.49,131.00,0.030050
860.8283,5.9850,61.22,131.00,0.030951
860.9290,5.9850,61.22,131.00,0.030047
861.0265,5.9850,61.22,131.00,0.030424
861.1269,5.9850,61.49,131.00,0.029730
861.2243,5.9885,61.22,131.00,0.030418
861.3236,5.9920,61.22,131.00,0.030288
861.4251,5.9920,61.22,131.00,0.030044
861.5246,5.9920,61.49,131.00,0.030679
861.6242,5.9920,61.22,131.00,0.030534
861.7279,5.9920,61.76,130.50,0.030786
861.8271,5.9920,61.22,130.50,0.030426
861.9286,5.9920,61.49,130.00,0.030740
862.0286,5.9920,61.22,130.50,0.030889
862.1321,5.9920,61.22,130.50,0.030491
862.2316,5.9845,61.22,130.00,0.030613
862.3331,5.9770,61.76,130.00,0.030797
862.4305,5.9770,61.49,130.00,0.028979
862.5280,5.9770,61.22,130.00,0.029404
862.6247,5.9770,61.22,130.00,0.030111
862.7242,5.9770,61.22,130.00,0.030698
862.8238,5.9770,61.49,130.00,0.029925
862.9257,5.9770,61.49,130.00,0.030900
863.0287,5.9770,61.49,130.00,0.029759
863.1339,5.9770,61.22,130.00,0.028666
863.2308,5.9770,61.22,130.00,0.029034
863.3259,5.9770,61.49,130.00,0.028572
863.4278,5.9430,61.49,130.00,0.029058
863.5234,5.9090,60.95,130.00,0.028924
863.6231,5.9090,61.22,130.00,0.029123
863.7249,5.9090,61.49,130.00,0.030478
863.8279,5.9090,61.22,130.00,0.029665
863.9243,5.9090,61.22,130.00,0.028366
864.0220,5.9090,61.49,130.00,0.029021
864.1229,5.9090,61.76,130.00,0.030761
864.2279,5.9070,61.22,130.00,0.031223
864.3337,5.9050,61.22,130.00,0.031308
864.4404,5.9050,61.22,130.00,0.030875
864.5445,5.9050,61.49,130.00,0.031275
864.6483,5.9050,61.22,130.00,0.030256
864.7540,5.9050,61.22,130.00,0.030120
864.8588,5.9050,61.49,130.00,0.030507
864.9655,5.9050,61.22,130.00,0.030053
865.0724,5.9050,61.22,130.00,0.030179
865.1782,5.9050,61.49,130.00,0.029933
865.2819,5.7790,61.22,130.00,0.028793
865.3800,5.7790,61.49,130.00,0.029187
865.4828,5.7790,61.49,130.00,0.030621
865.5894,5.7790,61.22,130.00,0.030077
865.6962,5.7790,61.22,130.00,0.030730
865.8008,5.7790,61.49,130.00,0.031034
865.9050,5.7790,61.22,130.00,0.030924
866.0067,5.7790,61.22,130.00,0.030240
866.1072,5.7790,61.22,130.00,0.028535
866.2023,5.7790,61.22,130.00,0.029629
866.3004,5.7790,61.22,130.00,0.030246
866.4021,5.9960,61.22,130.00,0.029326
866.4987,5.9960,60.95,130.00,0.028730
866.5956,5.9960,61.22,130.00,0.028855
866.6982,5.9960,60.95,130.00,0.030305
866.8074,5.9960,61.22,130.00,0.032528
866.9111,5.9960,61.22,130.00,0.029951
867.0137,5.9960,61.49,130.00,0.029031
867.1114,5.9960,60.95,130.00,0.029245
867.2119,5.9885,61.22,130.00,0.030532
867.3112,5.9810,61.22,130.00,0.029633
867.4068,5.9810,61.22,130.00,0.029665
867.5069,5.9810,61.49,130.00,0.029759
867.6096,5.9810,60.95,130.00,0.030030
867.7104,5.9810,61.49,130.00,0.030197
867.8091,5.9810,62.03,130.00,0.030540
867.9104,5.9810,61.49,131.00,0.030694
868.0078,5.9810,61.49,131.00,0.030143
868.1065,5.9810,61.49,131.00,0.028624
868.2008,5.9810,60.95,131.00,0.028723
868.2991,5.9810,61.49,131.00,0.029164
868.3964,5.9240,61.22,131.00,0.030165
868.4947,5.9240,61.22,131.00,0.030403
868.5918,5.9240,61.22,131.00,0.030317
868.6933,5.9240,60.95,131.00,0.030931
868.7924,5.9240,61.22,131.00,0.030616
868.8931,5.9240,61.49,131.00,0.030325
868.9904,5.9240,61.22,131.00,0.030407
869.0914,5.9240,61.22,131.00,0.030029
869.1858,5.9240,61.22,131.00,0.028428
869.3011,5.9240,61.49,131.00,0.043408
869.4226,5.9640,61.49,131.00,0.054844
869.5372,6.0040,60.95,131.00,0.029725
869.6432,6.0040,61.49,131.00,0.031146
869.7434,6.0040,61.22,131.00,0.030101
869.8401,6.0040,61.22,131.00,0.029918
869.9404,6.0040,61.22,131.00,0.030486
870.0401,6.0040,61.22,131.00,0.030574
870.1358,6.0040,61.22,131.00,0.029945
870.2352,5.9850,61.49,131.00,0.029632
870.3328,5.9660,61.22,131.00,0.030881
870.4328,5.9660,61.49,131.00,0.030328
870.5313,5.9660,61.49,131.00,0.030252
870.6296,5.9660,61.22,131.00,0.028685
870.7260,5.9660,61.22,131.00,0.028637
870.8253,5.9660,61.76,131.00,0.029372
870.9249,5.9660,61.22,132.00,0.030127
871.0229,5.9660,61.49,132.00,0.029359
871.1190,5.9660,61.22,132.00,0.028315
871.2182,5.9660,61.49,132.00,0.028890
871.3146,5.9660,61.49,132.00,0.029249
871.4158,5.9450,61.49,132.00,0.030327
871.5152,5.9240,61.22,132.00,0.029984
871.6153,5.9240,61.49,132.00,0.029427
871.7105,5.9240,61.22,132.00,0.029521
871.8053,5.9240,61.49,132.00,0.028384
871.9016,5.9240,61.22,132.00,0.028524
871.9981,5.9240,61.49,132.00,0.028637
872.0914,5.9240,60.95,132.00,0.028990
872.1872,5.9240,61.49,132.00,0.028347
872.2856,5.9470,61.49,132.00,0.029950
872.3840,5.9700,61.76,132.00,0.030097
872.4803,5.9700,61.22,132.00,0.030687
872.5794,5.9700,61.22,132.00,0.028989
872.6742,5.9700,61.22,132.00,0.028786
872.7717,5.9700,62.03,132.00,0.029609
872.8679,5.9700,61.22,132.00,0.030931
872.9686,5.9700,61.49,132.00,0.030392
873.0646,5.9700,60.95,132.00,0.029289
873.1640,5.9700,61.22,132.00,0.029374
873.2625,5.9660,61.22,132.00,0.028924
873.3623,5.9660,61.49,132.00,0.028949
873.4580,5.9660,61.49,132.00,0.029298
873.5552,5.9660,61.76,132.00,0.029415
873.6545,5.9660,61.49,132.00,0.029687
873.7493,5.9660,61.22,132.00,0.028567
873.8443,5.9660,61.22,132.00,0.028510
873.9423,5.9660,61.49,132.00,0.029244
874.0382,5.9660,61.49,132.00,0.028732
874.1337,5.9660,60.95,132.00,0.029117
874.2293,5.9545,61.22,132.00,0.030383
874.3279,5.9430,61.22,132.00,0.030230
874.4269,5.9430,61.22,132.00,0.029848
874.5276,5.9430,61.22,132.00,0.030339
874.6234,5.9430,61.22,132.00,0.030424
874.7239,5.9430,61.22,132.00,0.030280
874.8202,5.9430,61.49,132.00,0.029473
874.9184,5.9430,61.22,132.00,0.030478
875.0143,5.9430,61.49,132.00,0.029915
875.1114,5.9430,60.95,132.00,0.028969
875.2105,5.9870,61.22,132.00,0.030403
875.3085,6.0310,61.22,132.00,0.029572
875.4058,6.0310,60.95,132.00,0.029231
875.5040,6.0310,61.22,132.50,0.029294
875.6018,6.0310,61.76,133.00,0.029654
875.6976,6.0310,61.49,133.00,0.028637
875.7912,6.0310,61.22,133.00,0.028595
875.8866,6.0310,61.49,133.00,0.028809
875.9859,6.0310,61.49,133.00,0.030522
876.0840,6.0310,61.49,133.00,0.030298
876.1791,6.0310,61.49,133.00,0.029776
876.2785,5.9850,61.76,133.00,0.028861
876.3737,5.9850,61.22,133.00,0.029904
876.4716,5.9850,61.49,133.00,0.030010
876.5690,5.9850,61.76,133.00,0.030227
876.6682,5.9850,61.49,133.00,0.030769
876.7686,5.9850,61.22,133.00,0.030151
876.8662,5.9850,61.76,133.00,0.029374
876.9671,5.9850,61.49,133.00,0.029721
877.0667,5.9850,61.22,133.00,0.029314
877.1635,5.9850,61.22,133.00,0.029763
877.2612,5.9850,61.22,133.00,0.029063
877.3562,5.9850,61.22,133.00,0.028446
877.4538,5.9850,61.22,133.00,0.028624
877.5513,5.9850,61.22,127.00,0.029497
877.6546,5.9850,61.49,127.00,0.029175
877.7506,5.9850,61.22,127.00,0.029720
877.8454,5.9850,60.95,127.00,0.028455
877.9402,5.9850,61.49,127.00,0.028380
878.0377,5.9850,61.22,127.00,0.028585
878.1339,5.9850,61.22,128.00,0.029933
878.2303,5.9790,61.22,128.00,0.028486
878.3266,5.9730,61.49,128.00,0.029035
878.4243,5.9730,61.49,128.00,0.029633
878.5228,5.9730,61.49,128.00,0.030870
878.6203,5.9730,61.49,128.00,0.030356
878.7213,5.9730,61.22,128.00,0.030251
878.8189,5.9730,61.49,128.00,0.030452
878.9174,5.9730,61.49,128.00,0.030026
879.0151,5.9730,61.22,128.00,0.030007
879.1115,5.9730,61.22,128.00,0.030520
879.2134,5.9845,61.22,128.00,0.028735
879.3104,5.9960,61.22,128.00,0.028923
879.4077,5.9960,61.22,128.00,0.029322
879.5039,5.9960,61.22,128.00,0.030137
879.6039,5.9960,61.22,128.00,0.029413
879.7009,5.9960,60.95,128.00,0.028874
879.7973,5.9960,61.49,128.00,0.028664
879.8936,5.9960,61.49,128.00,0.029271
879.9927,5.9960,61.22,128.00,0.030282
880.0920,5.9960,61.22,128.00,0.030755
880.1911,5.9960,61.76,128.00,0.031036
880.2881,5.9960,61.22,128.00,0.030390
880.3868,5.9960,61.22,128.00,0.030415
880.4833,5.9960,61.76,128.00,0.030017
880.5823,5.9960,61.22,128.00,0.030291
880.6789,5.9960,61.22,128.00,0.030168
880.7785,5.9960,61.49,128.00,0.029779
880.8784,5.9960,61.22,128.50,0.030198
880.9749,5.9960,61.22,129.00,0.028991
881.0704,5.9960,61.22,129.00,0.028802
881.1673,5.9960,61.22,129.00,0.029826
881.2681,5.9430,61.22,129.00,0.030351
881.3667,5.9430,61.76,129.00,0.030072
881.4623,5.9430,61.22,129.00,0.029544
881.5614,5.9430,61.22,129.00,0.029307
881.6589,5.9430,61.76,129.00,0.029510
881.7587,5.9430,61.49,129.00,0.029734
881.8581,5.9430,61.49,129.00,0.029378
881.9601,5.9430,61.22,129.00,0.029468
882.0626,5.9430,61.49,129.50,0.031693
882.1637,5.9430,61.49,130.00,0.029445
882.2621,5.8780,61.22,130.00,0.028929
882.3601,5.8780,61.22,130.00,0.029723
882.4595,5.8780,61.49,130.00,0.029834
882.5599,5.8780,61.49,130.00,0.029957
882.6583,5.8780,61.22,130.50,0.029763
882.8464,5.8780,61.49,134.00,0.081563
883.0338,5.8780,61.76,134.00,0.080197
883.1587,5.8780,61.49,134.00,0.030710
883.2687,5.8820,61.22,134.00,0.035544
883.4140,5.8820,61.49,134.00,0.054218
883.5334,5.8820,61.22,134.00,0.047300
883.6401,5.8820,61.49,134.50,0.034610
883.7509,5.8820,61.76,135.00,0.032485
883.8574,5.8820,61.49,135.00,0.032634
883.9647,5.8820,61.22,135.00,0.031568
884.0714,5.8820,61.49,135.00,0.031043
884.1829,5.8820,60.95,135.00,0.031449
884.2978,5.8280,61.22,135.00,0.032046
884.4197,5.8280,61.76,135.00,0.039884
884.5273,5.8280,61.22,135.00,0.030008
884.6275,5.8280,61.76,135.00,0.029839
884.7269,5.8280,61.22,135.00,0.029181
884.8247,5.8280,61.49,135.00,0.029454
884.9392,5.8280,61.22,135.00,0.035000
885.0560,5.8280,61.49,135.00,0.030712
885.1676,5.8280,61.76,135.00,0.033095
885.3059,5.9620,61.22,135.00,0.045484
885.4372,5.9620,61.22,135.00,0.040872
885.5601,5.9620,61.76,135.00,0.034082
885.6892,5.9620,61.76,135.00,0.038915
885.8191,5.9620,61.49,135.00,0.039294
885.9510,5.9620,61.49,135.00,0.042332
886.0841,5.9620,61.76,135.00,0.042548
886.2120,5.9640,61.76,135.00,0.043374
886.3438,5.9660,61.49,135.00,0.037891
886.4802,5.9660,61.49,135.00,0.039950
886.5899,5.9660,61.49,135.00,0.031620
886.6866,5.9660,61.22,135.00,0.030817
886.7978,5.9660,61.22,135.00,0.035944
886.9173,5.9660,61.22,135.00,0.035015
887.0430,5.9660,61.49,135.00,0.035931
887.2081,5.9260,61.22,135.00,0.063038
887.3318,5.8860,61.49,135.50,0.045717
887.4520,5.8860,61.49,137.00,0.038071
887.5732,5.8860,60.95,137.00,0.039252
887.6968,5.8860,61.22,137.00,0.035070
887.8335,5.8860,61.76,136.50,0.039899
887.9797,5.8860,61.22,136.50,0.038990
888.1232,5.8860,61.22,136.00,0.036766
888.2636,5.6030,61.22,136.50,0.036885
888.3707,5.6030,60.95,136.00,0.033989
888.4812,5.6030,61.22,136.50,0.034792
888.5933,5.6030,61.22,136.00,0.034756
888.7005,5.6030,61.22,136.00,0.030452
888.7991,5.6030,61.22,136.00,0.029710
888.8990,5.6030,61.22,136.00,0.032459
889.0059,5.6030,61.22,136.50,0.035337
889.1208,5.6030,61.22,136.00,0.034628
889.2368,5.8185,61.22,136.50,0.037553
889.3774,6.0340,61.22,136.00,0.037958
889.5042,6.0340,61.76,136.00,0.033640
889.6155,6.0340,61.22,136.00,0.034263
889.7290,6.0340,61.22,136.50,0.035039
889.8404,6.0340,61.22,136.00,0.034629
889.9572,6.0340,61.22,136.50,0.036477
890.0702,6.0340,62.03,137.00,0.034082
890.1795,6.0340,61.22,137.00,0.030161
890.2833,6.0880,61.22,137.00,0.031059
890.3911,6.0880,61.22,136.50,0.032151
890.5010,6.0880,60.95,137.00,0.035572
890.6126,6.0880,61.76,137.00,0.035589
890.7277,6.0880,61.22,137.00,0.038022
890.8445,6.0880,61.22,137.00,0.037346
890.9552,6.0880,61.49,137.00,0.033875
891.0708,6.0880,61.76,137.00,0.038035
891.1878,6.0880,61.76,137.00,0.038021
891.3012,6.1030,61.49,137.00,0.034712
891.4070,6.1030,61.22,137.00,0.033895
891.5199,6.1030,61.49,137.00,0.036064
891.6331,6.1030,61.22,137.00,0.034364
891.7475,6.1030,61.22,137.00,0.036220
891.8641,6.1030,62.03,137.00,0.037323
891.9790,6.1030,61.76,137.00,0.037863
892.0897,6.1030,61.49,137.00,0.036167
892.2025,6.0820,61.22,137.00,0.038310
892.3123,6.0610,61.22,136.00,0.030942
892.4140,6.0610,60.95,136.00,0.031199
892.5205,6.0610,61.22,136.50,0.033540
892.6287,6.0610,61.49,137.00,0.035046
892.7365,6.0610,61.22,137.00,0.032967
892.8453,6.0610,61.49,137.00,0.033382
892.9535,6.0610,61.22,137.00,0.035959
893.0644,6.0610,61.76,137.00,0.036077
893.1768,6.0610,61.49,137.00,0.035778
893.2799,6.1410,61.22,133.50,0.033192
893.3997,6.1410,61.76,130.00,0.029240
893.5000,6.1410,61.22,130.00,0.030155
893.6035,6.1410,60.95,130.00,0.030381
893.7045,6.1410,61.22,130.00,0.029929
893.8024,6.1410,60.95,130.00,0.030249
893.9035,6.1410,61.49,130.00,0.030469
894.0050,6.1410,61.49,130.00,0.030122
894.1037,6.1410,61.76,130.00,0.030547
894.2031,6.0400,61.49,130.00,0.031438
894.3016,5.9390,61.76,130.00,0.029991
894.3998,5.9390,61.22,130.00,0.030145
894.4978,5.9390,61.76,130.00,0.030075
894.5962,5.9390,61.49,130.00,0.030474
894.6958,5.9390,61.49,130.00,0.029290
894.7907,5.9390,61.22,130.00,0.029005
894.8884,5.9390,61.49,130.00,0.029562
894.9856,5.9390,61.76,130.00,0.030220
895.0827,5.9390,61.22,130.00,0.029506
895.1809,5.9580,61.22,130.00,0.029560
895.2833,5.9770,61.76,130.00,0.029892
895.3773,5.9770,61.76,130.00,0.028474
895.4745,5.9770,61.49,130.00,0.028513
895.5708,5.9770,61.76,130.00,0.028918
895.6670,5.9770,61.22,130.00,0.029392
895.7633,5.9770,61.49,130.00,0.029855
895.8640,5.9770,61.49,130.00,0.030492
895.9627,5.9770,61.76,130.00,0.030154
896.0611,5.9770,61.22,130.00,0.030382
896.1574,5.9770,61.22,130.00,0.029750
896.2561,5.9890,61.76,130.00,0.030416
896.3544,5.9890,61.49,130.00,0.028778
896.4501,5.9890,61.76,130.00,0.028775
896.5476,5.9890,61.76,130.00,0.030025
896.6479,5.9890,61.49,130.00,0.030578
896.7468,5.9890,61.49,130.00,0.030407
896.8448,5.9890,61.22,130.00,0.030457
896.9430,5.9890,61.22,130.00,0.029979
897.0459,5.9890,61.22,130.00,0.030211
897.1475,5.9890,61.49,130.00,0.030555
897.2460,5.9030,61.22,130.00,0.028788
897.3468,5.8170,61.49,130.00,0.029814
897.4478,5.8170,61.76,130.00,0.030180
897.5468,5.8170,61.22,130.00,0.030349
897.6479,5.8170,61.22,130.00,0.030201
897.7467,5.8170,61.22,129.50,0.029712
897.8479,5.8170,61.49,129.00,0.030373
897.9465,5.8170,61.49,129.00,0.029774
898.0467,5.8170,61.49,129.00,0.029739
898.1480,5.8170,61.49,129.00,0.030222
898.2508,5.9090,61.49,129.50,0.029586
898.3512,5.9090,61.49,130.00,0.029514
898.4482,5.9090,61.22,129.50,0.029922
898.5511,5.9090,61.49,129.00,0.029966
898.6518,5.9090,61.49,129.50,0.029429
898.7542,5.9090,61.49,129.50,0.029334
898.8529,5.9090,61.49,129.50,0.029071
898.9489,5.9090,61.49,129.50,0.028773
899.0466,5.9090,61.76,129.50,0.028698
899.1420,5.9090,61.22,129.50,0.029880
899.2403,5.9355,61.22,129.00,0.030185
899.3408,5.9620,61.22,129.50,0.030047
899.4411,5.9620,60.95,129.00,0.030458
899.5395,5.9620,61.22,129.00,0.029919
899.6398,5.9620,62.03,129.00,0.030052
899.7405,5.9620,61.22,129.00,0.030093
899.8405,5.9620,61.22,129.00,0.029742
899.9364,5.9620,61.49,129.00,0.029971
900.0365,5.9620,61.76,129.00,0.029833
900.1345,5.9620,61.22,129.00,0.029868
900.2355,5.9620,61.22,129.00,0.029003
900.3327,5.9810,61.22,129.00,0.030194
900.4295,6.0000,61.49,129.00,0.028677
900.5258,6.0000,60.95,129.00,0.028578
900.6223,6.0000,61.49,129.00,0.028769
900.7190,6.0000,61.49,129.00,0.029995
900.8195,6.0000,61.76,129.00,0.030010
900.9160,6.0000,61.49,129.00,0.029681
901.0152,6.0000,61.22,129.00,0.029170
901.1133,6.0000,61.22,129.00,0.029418
901.2111,6.0075,61.22,129.00,0.029498
901.3076,6.0150,61.22,129.00,0.029674
901.4081,6.0150,61.49,129.00,0.029819
901.5071,6.0150,62.03,129.00,0.029966
901.6033,6.0150,61.22,129.00,0.028532
901.6975,6.0150,61.49,129.00,0.028890
901.7932,6.0150,61.49,129.00,0.028766
901.8910,6.0150,61.49,129.00,0.029802
901.9888,6.0150,61.22,129.00,0.029959
902.0844,6.0150,61.22,129.00,0.029414
902.1849,6.0000,61.49,129.00,0.030827
902.2841,5.9850,61.76,129.00,0.030613
902.3843,5.9850,61.49,129.00,0.030514
902.4811,5.9850,61.49,129.00,0.030651
902.5790,5.9850,61.49,129.00,0.029939
902.6759,5.9850,61.49,129.00,0.030198
902.7763,5.9850,61.22,129.00,0.029655
902.8746,5.9850,61.49,129.00,0.029755
902.9708,5.9850,61.76,129.00,0.028323
903.0655,5.9850,61.49,129.00,0.029184
903.1613,5.9850,61.76,129.00,0.028717
903.2595,5.9755,61.22,129.00,0.029047
903.3594,5.9660,62.03,129.00,0.029237
903.4577,5.9660,61.76,129.00,0.029677
903.5561,5.9660,61.76,129.00,0.030406
903.6550,5.9660,61.22,129.00,0.030087
903.7554,5.9660,61.76,129.00,0.030234
903.8517,5.9660,61.22,129.00,0.029998
903.9497,5.9660,61.76,129.00,0.029850
904.0469,5.9660,61.22,129.00,0.030544
904.1450,5.9660,61.22,129.00,0.030317
904.2439,5.9755,61.76,129.00,0.030105
904.3438,5.9850,61.22,129.00,0.029060
904.4389,5.9850,61.49,129.00,0.029561
904.5347,5.9850,61.22,129.00,0.028560
904.6292,5.9850,61.22,129.00,0.028739
904.7251,5.9850,61.49,129.00,0.028954
904.8240,5.9850,61.22,129.00,0.030216
904.9238,5.9850,61.49,129.00,0.029798
905.0200,5.9850,61.49,129.00,0.029865
905.1190,5.9850,61.22,129.00,0.028447
905.2130,5.9850,61.76,129.00,0.028439
905.3110,5.9850,61.49,129.00,0.029218
905.4073,5.9850,61.49,129.00,0.029453
905.5040,5.9850,61.22,129.00,0.028590
905.5984,5.9850,61.49,129.00,0.028913
905.6933,5.9850,61.76,129.00,0.028333
905.7919,5.9850,61.22,129.00,0.030303
905.8919,5.9850,61.49,129.00,0.030362
905.9930,5.9850,61.22,129.00,0.030463
906.0919,5.9850,61.49,129.00,0.030783
906.1921,5.9850,61.22,129.00,0.029646
906.2928,5.9850,61.49,129.00,0.030322
906.3893,5.9850,61.76,129.00,0.030586
906.4886,5.9680,61.22,129.00,0.029783
906.5875,5.9510,61.22,129.00,0.030075
906.6834,5.9510,61.49,129.00,0.028581
906.7774,5.9510,61.22,129.00,0.028651
906.8733,5.9510,61.22,129.00,0.028726
906.9699,5.9510,61.49,129.00,0.030339
907.0699,5.9510,61.76,129.00,0.029935
907.1697,5.9510,61.22,129.00,0.029321
907.2687,5.9810,61.49,129.00,0.029807
907.3666,5.9810,61.76,129.00,0.029484
907.4640,5.9810,61.49,129.00,0.029494
907.5627,5.9810,61.49,129.00,0.029675
907.6615,5.9810,61.76,129.00,0.029188
907.7591,5.9810,61.22,129.00,0.029000
907.8549,5.9810,61.22,129.00,0.028650
907.9519,5.9810,61.76,129.00,0.029102
908.0524,5.9810,61.49,129.00,0.030251
908.1491,5.9810,61.76,129.00,0.028693
908.2452,5.9810,61.22,129.00,0.028696
908.3443,5.9620,61.49,129.00,0.030555
908.4429,5.9430,61.22,129.00,0.029975
908.5407,5.9430,61.22,129.00,0.031499
908.6388,5.9430,61.49,128.50,0.029860
908.7349,5.9430,61.76,128.50,0.029819
908.8333,5.9430,61.22,128.00,0.030547
908.9301,5.9430,61.49,128.50,0.030507
909.0282,5.9430,61.76,129.00,0.030477
909.1269,5.9430,61.49,129.00,0.030035
909.2284,5.9640,61.49,129.00,0.031134
909.3271,5.9850,61.49,129.00,0.030180
909.4247,5.9850,61.22,129.00,0.029705
909.5209,5.9850,61.49,129.00,0.029738
909.6188,5.9850,61.49,129.00,0.029517
909.7152,5.9850,61.49,129.00,0.029603
909.8151,5.9850,62.30,129.00,0.029700
909.9146,5.9850,61.49,129.00,0.029176
910.0125,5.9850,61.76,129.00,0.029837
910.1118,5.9850,61.49,129.00,0.030886
910.2165,5.9565,61.76,129.00,0.029824
910.3129,5.9280,61.22,128.50,0.028597
910.4150,5.9280,61.22,128.00,0.029523
910.5148,5.9280,61.22,128.00,0.030362
910.6206,5.9280,61.49,128.00,0.030284
910.7253,5.9280,61.49,128.00,0.030696
910.8310,5.9280,61.49,128.00,0.030487
910.9377,5.9280,61.22,128.00,0.030334
911.0447,5.9280,61.22,128.00,0.030268
911.1508,5.9280,61.76,128.00,0.031151
911.2587,5.7980,61.22,128.00,0.030408
911.3638,5.7980,62.03,128.50,0.030286
911.4655,5.7980,61.76,129.00,0.029666
911.5680,5.7980,61.22,129.00,0.030326
911.6707,5.7980,61.76,129.00,0.030314
911.7753,5.7980,61.22,129.00,0.030587
911.8798,5.7980,61.49,129.00,0.030338
911.9846,5.7980,61.49,128.50,0.030870
912.0877,5.7980,61.22,128.00,0.030996
912.1928,5.8590,61.49,128.00,0.031684
912.2974,5.9200,62.30,128.00,0.031502
912.4023,5.9200,61.22,128.00,0.031234
912.5056,5.9200,61.49,128.00,0.032234
912.6124,5.9200,61.76,128.00,0.031316
912.7194,5.9200,61.22,128.00,0.031274
912.8183,5.9200,61.49,128.00,0.029636
912.9253,5.9200,61.22,128.00,0.031981
913.0299,5.9200,61.22,128.00,0.032238
913.1355,5.9200,61.49,128.00,0.031607
913.2399,5.9200,61.49,128.00,0.031711
913.3444,5.9200,61.22,128.00,0.031170
913.4465,5.9200,61.49,128.00,0.031293
913.5528,5.9200,61.49,128.00,0.031022
913.6588,5.9200,61.22,128.00,0.031513
913.7586,5.9200,61.76,128.00,0.029669
913.8594,5.9200,61.76,128.00,0.030014
913.9593,5.9200,61.49,128.00,0.032729
914.0589,5.9200,61.49,128.00,0.030554
914.1550,5.9200,61.49,128.00,0.030302
914.2564,5.9200,61.76,128.00,0.030726
914.3526,5.9200,61.49,128.50,0.030047
914.4516,5.9200,61.49,128.00,0.030610
914.5496,5.9200,61.76,128.00,0.030898
914.6554,5.9870,61.49,128.00,0.031106
914.7553,6.0540,61.49,128.00,0.029863
914.8615,6.0540,61.22,128.00,0.030222
914.9652,6.0540,61.76,128.00,0.031440
915.0678,6.0540,61.22,128.00,0.031720
915.1726,6.0540,61.49,128.00,0.032029
915.2725,5.8090,61.22,128.00,0.029510
915.3728,5.8090,61.49,128.00,0.029991
915.4733,5.8090,61.49,128.00,0.030573
915.5749,5.8090,61.49,128.00,0.031559
915.6812,5.8090,61.49,128.00,0.030952
915.7818,5.8090,61.22,128.00,0.028529
915.8770,5.8090,61.76,128.00,0.028788
915.9738,5.8090,61.22,128.00,0.029027
916.0746,5.8090,61.49,128.00,0.030643
916.1751,5.8090,61.49,128.00,0.028459
916.2759,5.8090,61.22,128.00,0.029415
916.3782,5.8700,61.49,128.00,0.030289
916.4812,5.9310,61.49,128.00,0.029925
916.5828,5.9310,61.49,129.00,0.028974
916.6765,5.9310,61.49,129.00,0.028758
916.7730,5.9310,61.49,129.00,0.028548
916.8731,5.9310,61.49,129.00,0.030169
916.9772,5.9310,61.22,129.00,0.030303
917.0791,5.9310,61.22,129.00,0.030231
917.1830,5.8720,61.49,129.00,0.030435
917.2894,5.8130,61.22,129.00,0.029623
917.3929,5.8130,61.22,129.00,0.030134
917.4966,5.8130,61.22,129.00,0.030349
917.6010,5.8130,61.22,129.00,0.030459
917.7081,5.8130,61.22,129.00,0.030334
917.8128,5.8130,61.22,129.00,0.030191
917.9154,5.8130,61.22,129.00,0.030538
918.0147,5.8130,61.76,129.00,0.029046
918.1092,5.8130,61.22,129.00,0.028800
918.2082,5.8130,61.49,129.00,0.028988
918.3065,5.8130,61.49,129.00,0.028877
918.4111,5.8930,61.76,129.00,0.030342
918.5166,5.8930,61.49,129.00,0.029740
918.6186,5.8930,61.22,129.00,0.030145
918.7202,5.8930,61.22,129.00,0.030005
918.8257,5.8930,61.49,129.00,0.029795
918.9320,5.8930,61.49,129.00,0.029820
919.0458,5.8930,61.49,129.00,0.037617
919.1477,5.8930,61.76,129.00,0.030549
919.2524,5.9160,61.22,129.00,0.030605
919.3637,5.9160,61.49,129.00,0.040889
919.4721,5.9160,61.22,129.00,0.032331
919.5769,5.9160,61.76,129.00,0.030987
919.6850,5.9160,60.95,129.00,0.031018
919.7890,5.9160,61.49,129.00,0.031205
919.8932,5.9160,61.49,129.00,0.031927
919.9953,5.9160,61.49,129.00,0.030742
920.0931,5.9160,61.22,129.00,0.029753
920.1955,5.9160,61.49,129.00,0.030285
920.2967,6.0690,61.22,129.00,0.030343
920.3972,6.0690,61.76,129.00,0.030332
920.4975,6.0690,61.49,129.00,0.031971
920.6000,6.0690,61.76,129.00,0.031566
920.7067,6.0690,61.22,129.00,0.031422
920.8124,6.0690,61.49,129.00,0.031060
920.9189,6.0690,61.49,129.00,0.031333
921.0244,6.0690,61.76,129.00,0.030958
921.1287,6.0690,61.49,130.00,0.031859
921.2349,6.0020,61.22,130.00,0.031291
921.3370,5.9350,61.49,130.00,0.030748
921.4389,5.9350,61.49,130.00,0.030545
921.5412,5.9350,61.49,130.00,0.030615
921.6468,5.9350,61.49,130.00,0.031980
921.7532,5.9350,61.22,130.00,0.030794
921.8530,5.9350,61.76,130.00,0.028653
921.9504,5.9350,61.49,130.00,0.029187
922.0526,5.9350,61.76,130.00,0.030118
922.1554,5.9350,61.22,130.00,0.029903
922.2520,5.8670,61.22,130.00,0.030361
922.3526,5.8670,61.49,130.00,0.030797
922.4551,5.8670,61.22,130.00,0.030118
922.5536,5.8670,61.22,130.00,0.030447
922.6523,5.8670,61.22,130.00,0.030702
922.7525,5.8670,61.22,130.00,0.029805
922.8511,5.8670,61.49,130.00,0.030613
922.9517,5.8670,61.22,130.00,0.030366
923.0505,5.8670,61.76,130.00,0.030158
923.1508,5.8670,61.76,130.00,0.030509
923.2464,5.9280,61.76,130.00,0.029538
923.3443,5.9890,61.22,130.00,0.029611
923.4427,5.9890,62.03,130.00,0.028603
923.5382,5.9890,61.49,130.00,0.028744
923.6344,5.9890,61.22,130.00,0.028673
923.7336,5.9890,61.49,130.00,0.029696
923.8316,5.9890,61.22,130.00,0.029724
923.9313,5.9890,62.03,130.00,0.029821
924.0253,5.9890,61.22,130.00,0.028824
924.1209,5.9890,61.49,130.00,0.028878
924.2186,5.9755,61.22,130.00,0.030941
924.3164,5.9620,61.49,130.50,0.029634
924.4177,5.9620,61.76,132.00,0.034951
924.5227,5.9620,61.49,132.00,0.031057
924.6274,5.9620,61.49,132.00,0.030904
924.7353,5.9620,61.76,132.00,0.033126
924.8408,5.9620,61.22,132.00,0.030890
924.9447,5.9620,61.49,132.00,0.031300
925.0499,5.9620,62.30,132.00,0.030929
925.1553,5.9620,61.22,132.00,0.031193
925.2608,6.0690,61.49,132.00,0.031303
925.3672,6.0690,61.49,132.00,0.030401
925.4711,6.0690,61.49,132.00,0.029875
925.5727,6.0690,61.76,132.00,0.029771
925.6788,6.0690,62.03,132.00,0.030828
925.7861,6.0690,61.22,132.00,0.030114
925.8888,6.0690,61.49,132.00,0.030071
925.9948,6.0690,61.22,132.00,0.029735
926.0992,6.0690,61.49,132.00,0.030201
926.1975,6.0690,61.49,132.00,0.028385
926.2953,6.0690,61.49,132.00,0.029424
926.3956,5.9620,61.76,132.00,0.030850
926.5028,5.8550,61.22,132.00,0.029768
926.6023,5.8550,61.49,132.00,0.028929
926.7069,5.8550,61.49,132.00,0.030000
926.8125,5.8550,61.22,132.00,0.029527
926.9159,5.8550,61.49,132.00,0.029775
927.0215,5.8550,61.22,132.00,0.029694
927.1285,5.8550,61.22,132.00,0.030162
927.2315,5.8570,61.49,132.00,0.029868
927.3371,5.8590,61.49,132.00,0.030121
927.4342,5.8590,61.22,132.00,0.028826
927.5345,5.8590,61.76,132.00,0.029380
927.6340,5.8590,61.22,132.00,0.028863
927.7314,5.8590,61.22,132.00,0.028698
927.8298,5.8590,60.95,132.00,0.029169
927.9331,5.8590,61.22,132.00,0.029907
928.0396,5.8590,61.76,132.00,0.029658
928.1460,5.8590,61.22,132.00,0.029935
928.2509,5.8670,61.49,132.00,0.029862
928.3545,5.8670,61.49,132.00,0.029848
928.4577,5.8670,61.22,132.00,0.029496
928.5546,5.8670,61.22,132.00,0.028696
928.6543,5.8670,61.22,132.00,0.028862
928.7548,5.8670,61.22,132.00,0.030148
928.8595,5.8670,61.22,132.00,0.030127
928.9667,5.8670,61.22,132.00,0.030259
929.0705,5.8670,60.95,132.00,0.029537
929.1708,5.8670,62.03,132.00,0.029505
929.2681,5.8550,61.49,132.00,0.029644
929.3707,5.8550,61.22,132.00,0.029130
929.4711,5.8550,60.95,132.00,0.029307
929.5708,5.8550,60.95,132.00,0.029494
929.6718,5.8550,61.76,132.00,0.029838
929.7711,5.8550,61.49,132.00,0.029723
929.8703,5.8550,61.22,132.00,0.029789
929.9668,5.8550,61.22,132.00,0.029766
930.0676,5.8550,61.76,132.00,0.030071
930.1671,5.8550,61.49,133.00,0.030203
930.2674,5.8550,62.03,133.00,0.030716
930.3669,5.8550,61.22,133.00,0.030143
930.4683,5.8550,61.49,133.00,0.030136
930.5678,5.8550,61.22,133.00,0.029487
930.6714,5.8550,61.76,133.00,0.030063
930.7705,5.8550,61.76,133.00,0.029766
930.8681,5.8550,61.22,133.00,0.030203
930.9679,5.8550,61.22,133.00,0.029873
931.0716,5.8550,61.49,133.00,0.030388
931.1712,5.8550,61.22,133.00,0.029047
931.2654,5.8550,61.22,133.00,0.028887
931.3625,5.8550,61.22,133.00,0.028811
931.4624,5.9700,61.22,133.00,0.030385
931.5638,5.9700,61.22,133.00,0.030441
931.6613,5.9700,61.49,133.00,0.029784
931.7623,5.9700,61.22,133.00,0.030274
931.8595,5.9700,61.49,133.00,0.030286
931.9589,5.9700,61.22,133.00,0.030162
932.0599,5.9700,61.22,133.00,0.030174
932.1601,5.9700,61.49,133.00,0.030012
932.2587,5.9240,61.49,133.00,0.029950
932.3585,5.9240,61.22,133.00,0.029587
932.4558,5.9240,61.76,133.00,0.029753
932.5597,5.9240,61.49,133.00,0.029118
932.6587,5.9240,60.95,133.00,0.029111
932.7578,5.9240,61.49,133.00,0.029287
932.8583,5.9240,61.76,133.00,0.029847
932.9593,5.9240,61.49,133.00,0.029531
933.0600,5.9240,61.49,133.00,0.029376
933.1585,5.9240,60.95,133.00,0.029133
933.2564,6.0000,61.22,133.00,0.029527
933.3562,6.0000,61.76,133.00,0.029889
933.4560,6.0000,61.76,133.00,0.030314
933.5585,6.0000,61.49,133.00,0.029894
933.6526,6.0000,61.22,133.00,0.029171
933.7518,6.0000,61.49,133.00,0.030028
933.8490,6.0000,61.49,133.00,0.030711
933.9513,6.0000,61.49,133.00,0.030183
934.0482,6.0000,61.76,133.00,0.030570
934.1485,6.0000,61.49,133.00,0.030285
934.2474,5.9090,61.22,133.00,0.030047
934.3479,5.9090,61.49,133.00,0.030514
934.4473,5.9090,61.22,133.00,0.030899
934.5477,5.9090,61.49,133.00,0.030432
934.6465,5.9090,61.49,133.00,0.030578
934.7447,5.9090,61.49,133.00,0.030274
934.8454,5.9090,61.49,133.00,0.030485
934.9438,5.9090,61.49,133.00,0.030286
935.0379,5.9090,61.76,133.00,0.028813
935.1356,5.9090,61.49,133.00,0.030219
935.2324,5.9300,61.22,133.00,0.030049
935.3323,5.9510,61.49,133.00,0.029508
935.4319,5.9510,61.49,133.00,0.028502
935.5309,5.9510,61.76,133.00,0.029391
935.6280,5.9510,61.22,133.00,0.029193
935.7273,5.9510,61.22,133.00,0.029714
935.8229,5.9510,61.76,133.00,0.029219
935.9186,5.9510,61.76,133.00,0.028746
936.0136,5.9510,61.49,133.00,0.029086
936.1110,5.9510,61.49,133.00,0.029698
936.2098,5.9755,61.76,133.00,0.030572
936.3105,6.0000,61.76,133.00,0.029812
936.4069,6.0000,61.49,133.00,0.030014
936.5066,6.0000,61.76,133.00,0.029542
936.6079,6.0000,61.49,133.00,0.030277
936.7092,6.0000,61.22,133.00,0.029086
936.8059,6.0000,61.49,133.00,0.028854
936.9019,6.0000,61.49,133.00,0.028827
937.0003,6.0000,60.95,133.00,0.030656
937.0996,6.0000,61.76,133.00,0.029350
937.1969,5.9960,61.49,133.00,0.030624
937.2949,5.9920,61.22,133.00,0.029312
937.3894,5.9920,61.49,133.00,0.029253
937.4855,5.9920,61.49,133.00,0.028880
937.5829,5.9920,61.76,133.00,0.029415
937.6801,5.9920,61.49,133.00,0.029402
937.7797,5.9920,61.49,133.00,0.029252
937.8793,5.9920,61.22,133.00,0.029652
937.9772,5.9920,62.30,133.00,0.029604
938.0740,5.9920,61.76,133.00,0.028907
938.1676,5.9920,61.22,133.00,0.028801
938.2630,5.9920,61.22,133.00,0.028741
938.3588,5.9920,61.49,133.00,0.030360
938.4569,5.9390,61.49,133.00,0.030475
938.5529,5.9390,61.49,133.00,0.030014
938.6521,5.9390,61.49,133.00,0.029340
938.7482,5.9390,61.49,133.00,0.030560
938.8468,5.9390,61.22,133.00,0.029467
938.9474,5.9390,61.22,133.00,0.030310
939.0445,5.9390,62.03,133.00,0.029801
939.1433,5.9390,61.22,133.00,0.030953
939.2447,5.9660,61.49,133.00,0.030603
939.3427,5.9660,61.76,133.00,0.030080
939.4404,5.9660,61.76,133.00,0.030467
939.5387,5.9660,61.22,133.00,0.029931
939.6363,5.9660,61.76,133.00,0.030029
939.7345,5.9660,62.03,133.00,0.030055
939.8320,5.9660,62.03,133.00,0.029675
939.9307,5.9660,61.76,132.50,0.029988
940.0280,5.9660,61.22,132.00,0.029612
940.1278,5.9660,61.49,132.50,0.029137
940.2258,5.9660,61.49,132.00,0.028526
940.3195,5.9660,61.22,133.00,0.028658
940.4162,5.9660,61.49,133.00,0.029757
940.5154,5.9890,61.22,132.50,0.030001
940.6131,5.9890,62.30,132.00,0.029822
940.7117,5.9890,61.49,132.50,0.030315
940.8114,5.9890,61.49,132.00,0.030311
940.9122,5.9890,61.49,132.50,0.030648
941.0121,5.9890,61.49,132.00,0.030318
941.1089,5.9890,61.22,132.00,0.030751
941.2091,5.9660,62.03,132.00,0.030340
941.3057,5.9430,61.49,132.00,0.028498
941.4008,5.9430,61.22,132.00,0.028427
941.4967,5.9430,61.76,132.00,0.028775
941.5962,5.9430,61.76,132.00,0.029922
941.6924,5.9430,61.22,132.00,0.029991
941.7922,5.9430,61.76,132.00,0.030416
941.8899,5.9430,61.76,132.00,0.029731
941.9880,5.9430,61.76,132.00,0.029743
942.0858,5.9430,61.22,132.00,0.029853
942.1828,5.9430,61.49,132.00,0.029261
942.2796,5.9770,61.22,132.00,0.029727
942.3777,5.9770,61.22,132.00,0.029461
942.4741,5.9770,61.49,132.00,0.029406
942.5762,5.9770,61.49,132.00,0.029517
942.6742,5.9770,61.49,132.00,0.029259
942.7722,5.9770,62.03,132.00,0.029992
942.8705,5.9770,61.76,132.00,0.030357
942.9690,5.9770,61.49,132.00,0.030501
943.0632,5.9770,61.49,132.00,0.028642
943.1586,5.9770,61.22,132.00,0.028914
943.2533,5.9770,61.76,132.00,0.029460
943.3521,5.9700,61.22,132.00,0.029838
943.4494,5.9700,61.76,132.00,0.030827
943.5521,5.9700,61.22,132.00,0.030534
943.6506,5.9700,61.76,132.00,0.029919
943.7487,5.9700,61.76,132.00,0.030071
943.8477,5.9700,62.30,132.00,0.030461
943.9470,5.9700,61.49,131.50,0.029815
944.0454,5.9700,61.22,132.00,0.030039
944.1426,5.9700,61.76,132.00,0.029953
944.2404,5.9585,61.76,132.00,0.029672
944.3395,5.9470,61.76,132.00,0.028917
944.4335,5.9470,61.22,132.00,0.028800
944.5307,5.9470,61.49,132.00,0.029781
944.6266,5.9470,61.22,132.00,0.029727
944.7239,5.9470,61.49,132.00,0.029380
944.8201,5.9470,62.03,132.00,0.029908
944.9183,5.9470,61.49,132.00,0.030465
945.0149,5.9470,61.22,132.00,0.030329
945.1110,5.9470,61.49,131.50,0.028922
945.2065,5.9470,61.49,131.50,0.029965
945.3024,5.9470,61.49,131.00,0.029031
945.3992,6.0150,61.49,131.00,0.030693
945.4990,6.0150,61.22,131.00,0.029814
945.5955,6.0150,62.03,131.00,0.030696
945.6944,6.0150,61.49,131.00,0.030747
945.7908,6.0150,61.49,131.00,0.030277
945.8880,6.0150,61.76,131.00,0.029886
945.9844,6.0150,61.76,131.00,0.030142
946.0843,6.0150,61.22,131.00,0.030122
946.1832,6.0075,62.03,131.00,0.030377
946.2826,6.0000,61.76,131.00,0.028779
946.3806,6.0000,62.03,131.00,0.028871
946.4786,6.0000,61.76,131.00,0.029782
946.5748,6.0000,61.49,131.00,0.029205
946.6727,6.0000,61.76,131.00,0.029791
946.7784,6.0000,61.76,132.00,0.030170
946.8860,6.0000,61.22,132.00,0.030205
946.9895,6.0000,61.76,132.00,0.030270
947.0951,6.0000,61.22,132.00,0.030375
947.2043,5.9735,61.76,132.00,0.031075
947.3108,5.9470,61.49,132.00,0.030611
947.4154,5.9470,61.49,132.00,0.030826
947.5202,5.9470,61.49,132.00,0.030616
947.6262,5.9470,61.22,132.00,0.031289
947.7295,5.9470,61.22,132.00,0.028480
947.8252,5.9470,61.22,132.00,0.028649
947.9228,5.9470,61.22,132.00,0.028797
948.0238,5.9470,61.76,132.00,0.030035
948.1279,5.9470,61.22,132.00,0.030602
948.2326,5.9600,61.76,132.00,0.031067
948.3389,5.9730,61.49,132.00,0.031210
948.4437,5.9730,61.22,132.00,0.030796
948.5489,5.9730,61.49,132.00,0.030073
948.6488,5.9730,61.22,132.00,0.030218
948.7524,5.9730,61.49,132.00,0.030976
948.8587,5.9730,61.76,132.00,0.030156
948.9634,5.9730,61.22,132.00,0.031144
949.0716,5.9730,61.22,132.00,0.031438
949.1793,5.9730,61.49,132.00,0.031180
949.2789,5.8170,61.49,132.00,0.028846
949.3759,5.8170,61.22,132.00,0.028486
949.4756,5.8170,61.22,132.00,0.029091
949.5813,5.8170,61.49,132.00,0.031687
949.6906,5.8170,61.76,132.00,0.031790
949.7971,5.8170,61.76,132.00,0.030761
949.9041,5.8170,61.22,132.00,0.032861
950.0115,5.8170,61.49,132.00,0.032793
950.1225,5.8170,61.76,132.00,0.033187
950.2317,5.8170,61.76,132.00,0.032849
950.3317,5.8170,61.22,132.00,0.030085
950.4331,5.8170,61.22,132.00,0.030426
950.5417,5.8170,61.22,132.00,0.031801
950.6447,5.8170,61.22,132.00,0.028629
950.7401,5.8170,61.49,132.00,0.028746
950.8384,5.8170,61.22,132.00,0.028670
950.9412,5.8170,61.76,132.00,0.031236
951.0432,5.8170,61.49,132.00,0.029529
951.1419,5.8170,61.49,132.00,0.028541
951.2378,5.8170,61.49,132.00,0.028859
951.3399,5.8170,61.22,132.00,0.030891
951.4440,5.8935,61.22,132.00,0.031204
951.5531,5.9700,61.49,132.00,0.031968
951.6589,5.9700,61.49,132.00,0.031123
951.7583,5.9700,61.49,132.00,0.029923
951.8555,5.9700,61.22,132.00,0.030043
951.9617,5.9700,61.22,132.00,0.031342
952.0674,5.9700,61.22,132.00,0.031121
952.1733,5.9700,61.49,132.00,0.031212
952.2800,5.8970,61.49,132.00,0.031289
952.3838,5.8970,61.49,132.00,0.029515
952.4844,5.8970,61.22,132.00,0.029551
952.5913,5.8970,61.22,132.00,0.031541
952.6972,5.8970,61.76,132.00,0.031423
952.7957,5.8970,61.49,132.00,0.029034
952.8915,5.8970,61.22,132.00,0.029035
952.9922,5.8970,61.76,132.00,0.030834
953.0963,5.8970,61.22,132.00,0.031046
953.2035,5.8970,61.76,132.00,0.030378
953.3045,5.8970,61.76,132.00,0.029790
953.4090,5.8970,61.76,132.00,0.031204
953.5133,5.8970,61.22,132.00,0.031628
953.6188,5.8970,61.22,132.00,0.029459
953.7262,5.8970,61.76,132.00,0.031092
953.8290,5.8970,61.22,132.00,0.031474
953.9363,5.8970,61.22,132.00,0.031351
954.0413,5.8970,61.22,132.00,0.030713
954.1479,5.8970,61.49,132.00,0.030479
954.2565,5.8970,61.22,132.00,0.030201
954.3637,5.8970,61.22,132.00,0.029791
954.4711,5.8625,61.22,132.00,0.030128
954.5787,5.8280,61.49,132.00,0.030199
954.6773,5.8280,61.22,132.00,0.028281
954.7734,5.8280,61.22,132.00,0.028673
954.8729,5.8280,61.49,132.00,0.029450
954.9800,5.8280,61.22,132.00,0.030235
955.0863,5.8280,61.22,131.50,0.029311
955.1859,5.8280,61.49,131.50,0.028877
955.2836,5.8280,61.22,131.00,0.028688
955.3883,5.8280,61.49,131.50,0.030289
955.4871,5.8280,61.49,131.50,0.028833
955.5874,5.8280,61.76,131.50,0.030120
955.6936,5.8280,61.49,131.50,0.029820
955.7986,5.8280,61.49,131.50,0.029974
955.8988,5.8280,61.22,131.50,0.028771
956.0004,5.8280,61.49,131.50,0.029380
956.1016,5.8280,62.03,131.00,0.030285
956.2076,5.8280,61.22,131.00,0.030708
956.3116,5.8280,61.22,131.00,0.029194
956.4119,5.8280,61.49,131.00,0.029127
956.5110,5.8970,61.22,131.50,0.029717
956.6146,5.8970,61.22,131.00,0.030017
956.7161,5.8970,61.22,131.00,0.029377
956.8154,5.8970,61.22,131.00,0.029713
956.9186,5.8970,61.49,131.00,0.029285
957.0184,5.8970,62.03,131.50,0.029203
957.1229,5.8970,61.49,131.00,0.029712
957.2229,5.8415,61.49,131.00,0.030158
957.3219,5.7860,61.76,131.00,0.028641
957.4213,5.7860,61.49,131.00,0.029208
957.5203,5.7860,61.49,131.00,0.030416
957.6184,5.7860,62.03,131.00,0.030183
957.7183,5.7860,61.22,131.00,0.030935
957.8157,5.7860,61.49,131.00,0.030226
957.9170,5.7860,61.49,131.00,0.030571
958.0151,5.7860,62.03,131.00,0.030981
958.1153,5.7860,61.49,131.00,0.030781
958.2153,5.9005,61.49,131.00,0.030315
958.3169,6.0150,61.49,131.00,0.030139
958.4127,6.0150,61.22,131.00,0.029109
958.5123,6.0150,61.49,131.00,0.029413
958.6112,6.0150,61.49,131.00,0.030662
958.7085,6.0150,62.30,131.00,0.028296
958.8062,6.0150,61.49,131.00,0.028925
958.9034,6.0150,61.76,131.00,0.028750
959.0031,6.0150,61.22,131.00,0.030218
959.1047,6.0150,61.22,131.00,0.030886
959.2033,6.0150,61.22,131.00,0.031186
959.3087,6.0150,61.49,131.00,0.031394
959.4137,6.0150,61.76,131.00,0.031468
959.5211,6.0150,61.22,131.00,0.031795
959.6264,6.0150,61.22,131.00,0.031354
959.7307,6.0150,61.76,131.00,0.030428
959.8389,6.0150,61.49,131.00,0.031333
959.9447,6.0150,61.49,131.00,0.031229
960.0506,6.0150,61.76,131.00,0.030576
960.1558,6.0150,61.76,131.00,0.030339
960.2550,6.0150,61.49,131.00,0.028805
960.3540,6.0150,61.22,131.00,0.029321
960.4588,5.9445,61.22,131.00,0.030593
